# Energy Research Warehouse (ERW): EIA-860M generators retired in the vintage year and the year before, vintage 2026-08
# Shape: entities (docs/datastandard.md v0). One row per generator; entity_id eia860:<plant id>:<generator id>; capacity_mw is EIA nameplate capacity (MW).
# Retrieved: 20260926T000340Z (UTC) by warehouse/connectors/eia860.py
# Run log: warehouse/output/logs/eia860_20260926T000340Z.log
# Raw files: warehouse/raw/eia860/20260926T000340Z/ (not in git)
# Source: eia:860m EIA-860M Monthly Update to the Annual Electric Generator Report, sheets Retired, Retired_PR (Inventory of Retired Generators as of August 2026; Inventory of Retired Generators as of August 2026 - Puerto Rico), https://www.eia.gov/electricity/data/eia860m/xls/august_generator2026.xlsx
#   document list: https://www.eia.gov/electricity/data/eia860m/
# Labels: prime_mover_label and energy_source_label from the EIA-860 instructions, https://www.eia.gov/survey/form/eia_860/instructions.pdf; technology_group is an ERW grouping of EIA's technology text.
# Snapshot: the table holds one vintage; a new vintage replaces its rows. Earlier vintages are in git history. Dates are EIA months, written as the first of the month.
# License: public (EIA-PD).
# File holds 249 rows, one snapshot; the previous file held 0 rows. Per row, source, source_url and retrieved_at say where it came from.
entity_id,entity_type,name,geo,lat,lon,capacity_mw,status,status_date,operator,source,source_url,retrieved_at,vintage,plant_id,generator_id,utility_id,state,county,balancing_authority,sector,technology,technology_group,prime_mover,prime_mover_label,energy_source,energy_source_label,nameplate_mw,net_summer_mw,net_winter_mw,eia_status,eia_status_label,retirement_date,operating_year,operating_month
eia860:10004:TG1,generator,Mosaic South Pierce Operations,US-FL,27.76522,-81.93879,7.5,retired,2025-12-01,Mosaic Fertilizer LLC,eia:860m,https://www.eia.gov/electricity/data/eia860m/xls/august_generator2026.xlsx,2026-09-26T00:04:26Z,2026-08,10004,TG1,9383,FL,Polk,TEC,Industrial CHP,All Other,other,ST,Steam turbine,WH,Waste heat,7.5,4,4,RE,Retired,2025-12-01,1978,1
eia860:1073:1,generator,Prairie Creek,US-IA,41.944039,-91.63917,14.6,retired,2025-12-01,Interstate Power and Light Co,eia:860m,https://www.eia.gov/electricity/data/eia860m/xls/august_generator2026.xlsx,2026-09-26T00:04:26Z,2026-08,1073,1,9417,IA,Linn,MISO,Electric Utility,Conventional Steam Coal,coal,ST,Steam turbine,SUB,Subbituminous coal,14.6,,0,RE,Retired,2025-12-01,1997,4
eia860:113:1,generator,Cholla,US-AZ,34.9394,-110.3033,113.6,retired,2025-03-01,Arizona Public Service Co,eia:860m,https://www.eia.gov/electricity/data/eia860m/xls/august_generator2026.xlsx,2026-09-26T00:04:26Z,2026-08,113,1,803,AZ,Navajo,AZPS,Electric Utility,Conventional Steam Coal,coal,ST,Steam turbine,SUB,Subbituminous coal,113.6,112,112,RE,Retired,2025-03-01,1962,5
eia860:113:3,generator,Cholla,US-AZ,34.9394,-110.3033,312.3,retired,2025-03-01,Arizona Public Service Co,eia:860m,https://www.eia.gov/electricity/data/eia860m/xls/august_generator2026.xlsx,2026-09-26T00:04:26Z,2026-08,113,3,803,AZ,Navajo,AZPS,Electric Utility,Conventional Steam Coal,coal,ST,Steam turbine,SUB,Subbituminous coal,312.3,271,271,RE,Retired,2025-03-01,1980,5
eia860:1157:3,generator,Laurens,US-IA,42.8486,-94.8506,0.8,retired,2025-10-01,City of Laurens - (IA),eia:860m,https://www.eia.gov/electricity/data/eia860m/xls/august_generator2026.xlsx,2026-09-26T00:04:26Z,2026-08,1157,3,10769,IA,Pocahontas,SWPP,Electric Utility,Petroleum Liquids,petroleum,IC,Internal combustion engine,DFO,Distillate fuel oil,0.8,0.7,0.7,RE,Retired,2025-10-01,1952,7
eia860:1157:4,generator,Laurens,US-IA,42.8486,-94.8506,0.8,retired,2025-10-01,City of Laurens - (IA),eia:860m,https://www.eia.gov/electricity/data/eia860m/xls/august_generator2026.xlsx,2026-09-26T00:04:26Z,2026-08,1157,4,10769,IA,Pocahontas,SWPP,Electric Utility,Petroleum Liquids,petroleum,IC,Internal combustion engine,DFO,Distillate fuel oil,0.8,0.7,0.7,RE,Retired,2025-10-01,1951,7
eia860:1239:10,generator,Riverton,US-KS,37.072616,-94.6987,16.3,retired,2026-08-01,Empire District Electric Co,eia:860m,https://www.eia.gov/electricity/data/eia860m/xls/august_generator2026.xlsx,2026-09-26T00:04:26Z,2026-08,1239,10,5860,KS,Cherokee,SWPP,Electric Utility,Natural Gas Fired Combustion Turbine,natural_gas,GT,Combustion (gas) turbine,NG,Natural gas,16.3,13,16,RE,Retired,2026-08-01,1988,12
eia860:1239:11,generator,Riverton,US-KS,37.072616,-94.6987,16.3,retired,2026-08-01,Empire District Electric Co,eia:860m,https://www.eia.gov/electricity/data/eia860m/xls/august_generator2026.xlsx,2026-09-26T00:04:26Z,2026-08,1239,11,5860,KS,Cherokee,SWPP,Electric Utility,Natural Gas Fired Combustion Turbine,natural_gas,GT,Combustion (gas) turbine,NG,Natural gas,16.3,14,16,RE,Retired,2026-08-01,1988,11
eia860:1263:7,generator,Belleville,US-KS,39.832769,-97.63204,5.1,retired,2025-01-01,City of Belleville - (KS),eia:860m,https://www.eia.gov/electricity/data/eia860m/xls/august_generator2026.xlsx,2026-09-26T00:04:26Z,2026-08,1263,7,1512,KS,Republic,SWPP,Electric Utility,Natural Gas Internal Combustion Engine,natural_gas,IC,Internal combustion engine,NG,Natural gas,5.1,5.1,5.1,RE,Retired,2025-01-01,1971,1
eia860:1554:1,generator,Herbert A Wagner,US-MD,39.1781,-76.5268,132.8,retired,2025-06-01,H.A. Wagner LLC,eia:860m,https://www.eia.gov/electricity/data/eia860m/xls/august_generator2026.xlsx,2026-09-26T00:04:26Z,2026-08,1554,1,60422,MD,Anne Arundel,PJM,IPP Non-CHP,Petroleum Liquids,petroleum,ST,Steam turbine,DFO,Distillate fuel oil,132.8,126,126,RE,Retired,2025-06-01,1956,2
eia860:1554:GT1,generator,Herbert A Wagner,US-MD,39.1781,-76.5268,16,retired,2025-06-01,H.A. Wagner LLC,eia:860m,https://www.eia.gov/electricity/data/eia860m/xls/august_generator2026.xlsx,2026-09-26T00:04:26Z,2026-08,1554,GT1,60422,MD,Anne Arundel,PJM,IPP Non-CHP,Petroleum Liquids,petroleum,GT,Combustion (gas) turbine,DFO,Distillate fuel oil,16,12.9,12.9,RE,Retired,2025-06-01,1967,8
eia860:1597:UN1,generator,Oak Bluffs Diesel Generating Facility,US-MA,41.425786,-70.60827,2.7,retired,2025-09-01,Vineyard Reliability LLC,eia:860m,https://www.eia.gov/electricity/data/eia860m/xls/august_generator2026.xlsx,2026-09-26T00:04:26Z,2026-08,1597,UN1,64488,MA,Dukes,ISNE,IPP Non-CHP,Petroleum Liquids,petroleum,IC,Internal combustion engine,DFO,Distillate fuel oil,2.7,2.8,2.8,RE,Retired,2025-09-01,1969,1
eia860:1597:UN2,generator,Oak Bluffs Diesel Generating Facility,US-MA,41.425786,-70.60827,2.7,retired,2025-09-01,Vineyard Reliability LLC,eia:860m,https://www.eia.gov/electricity/data/eia860m/xls/august_generator2026.xlsx,2026-09-26T00:04:26Z,2026-08,1597,UN2,64488,MA,Dukes,ISNE,IPP Non-CHP,Petroleum Liquids,petroleum,IC,Internal combustion engine,DFO,Distillate fuel oil,2.7,2.8,2.8,RE,Retired,2025-09-01,1969,1
eia860:1597:UN3,generator,Oak Bluffs Diesel Generating Facility,US-MA,41.425786,-70.60827,2.7,retired,2025-09-01,Vineyard Reliability LLC,eia:860m,https://www.eia.gov/electricity/data/eia860m/xls/august_generator2026.xlsx,2026-09-26T00:04:26Z,2026-08,1597,UN3,64488,MA,Dukes,ISNE,IPP Non-CHP,Petroleum Liquids,petroleum,IC,Internal combustion engine,DFO,Distillate fuel oil,2.7,2.8,2.8,RE,Retired,2025-09-01,1972,1
eia860:1678:1,generator,Waters River,US-MA,42.542949,-70.92831,21.3,retired,2026-06-01,City of Peabody - (MA),eia:860m,https://www.eia.gov/electricity/data/eia860m/xls/august_generator2026.xlsx,2026-09-26T00:04:26Z,2026-08,1678,1,14605,MA,Essex,ISNE,Electric Utility,Natural Gas Fired Combustion Turbine,natural_gas,GT,Combustion (gas) turbine,NG,Natural gas,21.3,16,22,RE,Retired,2026-06-01,1971,12
eia860:1866:4,generator,Wyandotte,US-MI,42.2081,-83.1453,11.5,retired,2026-06-01,Wyandotte Municipal Serv Comm - (MI),eia:860m,https://www.eia.gov/electricity/data/eia860m/xls/august_generator2026.xlsx,2026-09-26T00:04:26Z,2026-08,1866,4,21048,MI,Wayne,MISO,Electric Utility,Natural Gas Steam Turbine,natural_gas,ST,Steam turbine,NG,Natural gas,11.5,10.5,11.5,RE,Retired,2026-06-01,1948,1
eia860:1866:7,generator,Wyandotte,US-MI,42.2081,-83.1453,32,retired,2026-06-01,Wyandotte Municipal Serv Comm - (MI),eia:860m,https://www.eia.gov/electricity/data/eia860m/xls/august_generator2026.xlsx,2026-09-26T00:04:26Z,2026-08,1866,7,21048,MI,Wayne,MISO,Electric Utility,Natural Gas Steam Turbine,natural_gas,ST,Steam turbine,NG,Natural gas,32,32,32,RE,Retired,2026-06-01,1986,7
eia860:1998:2,generator,Mountain Lake,US-MN,43.9405,-94.9434,1.1,retired,2026-01-01,City of Mountain Lake - (MN),eia:860m,https://www.eia.gov/electricity/data/eia860m/xls/august_generator2026.xlsx,2026-09-26T00:04:26Z,2026-08,1998,2,13048,MN,Cottonwood,MISO,Electric Utility,Natural Gas Internal Combustion Engine,natural_gas,IC,Internal combustion engine,NG,Natural gas,1.1,0.9,1.1,RE,Retired,2026-01-01,1954,5
eia860:2185:HAU6,generator,Hauser,US-MT,46.765941,-111.8873,3,retired,2025-07-01,NorthWestern Energy (MT Hydro),eia:860m,https://www.eia.gov/electricity/data/eia860m/xls/august_generator2026.xlsx,2026-09-26T00:04:26Z,2026-08,2185,HAU6,13902,MT,Lewis and Clark,NWMT,Electric Utility,Conventional Hydroelectric,hydro,HY,Hydraulic turbine (conventional hydro),WAT,Water,3,3,3,RE,Retired,2025-07-01,1915,9
eia860:2217:1,generator,Beaver City,US-NE,40.130304,-99.82777,0.5,retired,2025-01-01,City of Beaver City - (NE),eia:860m,https://www.eia.gov/electricity/data/eia860m/xls/august_generator2026.xlsx,2026-09-26T00:04:26Z,2026-08,2217,1,1435,NE,Furnas,SWPP,Electric Utility,Petroleum Liquids,petroleum,IC,Internal combustion engine,DFO,Distillate fuel oil,0.5,0.4,0.4,RE,Retired,2025-01-01,1957,10
eia860:2217:2,generator,Beaver City,US-NE,40.130304,-99.82777,0.3,retired,2025-01-01,City of Beaver City - (NE),eia:860m,https://www.eia.gov/electricity/data/eia860m/xls/august_generator2026.xlsx,2026-09-26T00:04:26Z,2026-08,2217,2,1435,NE,Furnas,SWPP,Electric Utility,Natural Gas Internal Combustion Engine,natural_gas,IC,Internal combustion engine,NG,Natural gas,0.3,0.3,0.3,RE,Retired,2025-01-01,1963,9
eia860:2217:3,generator,Beaver City,US-NE,40.130304,-99.82777,0.3,retired,2025-01-01,City of Beaver City - (NE),eia:860m,https://www.eia.gov/electricity/data/eia860m/xls/august_generator2026.xlsx,2026-09-26T00:04:26Z,2026-08,2217,3,1435,NE,Furnas,SWPP,Electric Utility,Petroleum Liquids,petroleum,IC,Internal combustion engine,DFO,Distillate fuel oil,0.3,0.2,0.2,RE,Retired,2025-01-01,1947,10
eia860:2217:4,generator,Beaver City,US-NE,40.130304,-99.82777,0.9,retired,2025-01-01,City of Beaver City - (NE),eia:860m,https://www.eia.gov/electricity/data/eia860m/xls/august_generator2026.xlsx,2026-09-26T00:04:26Z,2026-08,2217,4,1435,NE,Furnas,SWPP,Electric Utility,Natural Gas Internal Combustion Engine,natural_gas,IC,Internal combustion engine,NG,Natural gas,0.9,0.8,0.9,RE,Retired,2025-01-01,1967,9
eia860:2302:1,generator,Sidney (NE),US-NE,41.145634,-102.9778,1.2,retired,2025-01-01,City of Sidney - (NE),eia:860m,https://www.eia.gov/electricity/data/eia860m/xls/august_generator2026.xlsx,2026-09-26T00:04:26Z,2026-08,2302,1,17149,NE,Cheyenne,SWPP,Electric Utility,Natural Gas Internal Combustion Engine,natural_gas,IC,Internal combustion engine,NG,Natural gas,1.2,1,1.1,RE,Retired,2025-01-01,1949,1
eia860:2302:3,generator,Sidney (NE),US-NE,41.145634,-102.9778,0.8,retired,2025-01-01,City of Sidney - (NE),eia:860m,https://www.eia.gov/electricity/data/eia860m/xls/august_generator2026.xlsx,2026-09-26T00:04:26Z,2026-08,2302,3,17149,NE,Cheyenne,SWPP,Electric Utility,Petroleum Liquids,petroleum,IC,Internal combustion engine,DFO,Distillate fuel oil,0.8,0.6,0.6,RE,Retired,2025-01-01,1931,1
eia860:2302:5,generator,Sidney (NE),US-NE,41.145634,-102.9778,3.1,retired,2025-01-01,City of Sidney - (NE),eia:860m,https://www.eia.gov/electricity/data/eia860m/xls/august_generator2026.xlsx,2026-09-26T00:04:26Z,2026-08,2302,5,17149,NE,Cheyenne,SWPP,Electric Utility,Natural Gas Internal Combustion Engine,natural_gas,IC,Internal combustion engine,NG,Natural gas,3.1,2.5,2.5,RE,Retired,2025-01-01,1955,1
eia860:2316:3,generator,Wisner,US-NE,41.988069,-96.91599,0.8,retired,2025-06-01,City of Wisner (NE),eia:860m,https://www.eia.gov/electricity/data/eia860m/xls/august_generator2026.xlsx,2026-09-26T00:04:26Z,2026-08,2316,3,20880,NE,Cuming,SWPP,Electric Utility,Petroleum Liquids,petroleum,IC,Internal combustion engine,DFO,Distillate fuel oil,0.8,0.8,0.8,RE,Retired,2025-06-01,1969,5
eia860:2367:4,generator,Schiller,US-NH,43.0978,-70.7842,50,retired,2025-10-01,Granite Shore Power,eia:860m,https://www.eia.gov/electricity/data/eia860m/xls/august_generator2026.xlsx,2026-09-26T00:04:26Z,2026-08,2367,4,62032,NH,Rockingham,ISNE,IPP Non-CHP,Conventional Steam Coal,coal,ST,Steam turbine,BIT,Bituminous coal,50,47.5,48,RE,Retired,2025-10-01,1952,10
eia860:2367:5,generator,Schiller,US-NH,43.0978,-70.7842,50,retired,2025-10-01,Granite Shore Power,eia:860m,https://www.eia.gov/electricity/data/eia860m/xls/august_generator2026.xlsx,2026-09-26T00:04:26Z,2026-08,2367,5,62032,NH,Rockingham,ISNE,IPP Non-CHP,Wood/Wood Waste Biomass,biomass,ST,Steam turbine,WDS,Wood/wood waste solids,50,43.1,42.6,RE,Retired,2025-10-01,1955,5
eia860:2367:6,generator,Schiller,US-NH,43.0978,-70.7842,50,retired,2025-10-01,Granite Shore Power,eia:860m,https://www.eia.gov/electricity/data/eia860m/xls/august_generator2026.xlsx,2026-09-26T00:04:26Z,2026-08,2367,6,62032,NH,Rockingham,ISNE,IPP Non-CHP,Conventional Steam Coal,coal,ST,Steam turbine,BIT,Bituminous coal,50,47.9,48.6,RE,Retired,2025-10-01,1957,7
eia860:2444:6,generator,Rio Grande,US-NM,31.8047,-106.5472,50,retired,2025-09-01,El Paso Electric Co,eia:860m,https://www.eia.gov/electricity/data/eia860m/xls/august_generator2026.xlsx,2026-09-26T00:04:26Z,2026-08,2444,6,5701,NM,Dona Ana,EPE,Electric Utility,Natural Gas Steam Turbine,natural_gas,ST,Steam turbine,NG,Natural gas,50,43,43,RE,Retired,2025-09-01,1957,6
eia860:2490:GT1,generator,Arthur Kill Generating Station,US-NY,40.591564,-74.20004,18,retired,2025-05-01,"Arthur Kill Power, LLC",eia:860m,https://www.eia.gov/electricity/data/eia860m/xls/august_generator2026.xlsx,2026-09-26T00:04:26Z,2026-08,2490,GT1,13192,NY,Richmond,NYIS,IPP Non-CHP,Natural Gas Fired Combustion Turbine,natural_gas,GT,Combustion (gas) turbine,NG,Natural gas,18,0,0,RE,Retired,2025-05-01,1970,1
eia860:260:BAT1,generator,Dynegy Moss Landing Power Plant Hybrid,US-CA,36.804837,-121.7822,300,retired,2025-01-01,Dynegy -Moss Landing LLC,eia:860m,https://www.eia.gov/electricity/data/eia860m/xls/august_generator2026.xlsx,2026-09-26T00:04:26Z,2026-08,260,BAT1,54802,CA,Monterey,CISO,IPP Non-CHP,Batteries,storage,BA,"Energy storage, battery",MWH,Electricity used for energy storage,300,300,300,RE,Retired,2025-01-01,2021,5
eia860:2991:1,generator,Mangum,US-OK,34.8836,-99.5022,1.1,retired,2025-10-01,City of Mangum - (OK),eia:860m,https://www.eia.gov/electricity/data/eia860m/xls/august_generator2026.xlsx,2026-09-26T00:04:26Z,2026-08,2991,1,11566,OK,Greer,SWPP,Electric Utility,Natural Gas Internal Combustion Engine,natural_gas,IC,Internal combustion engine,NG,Natural gas,1.1,0.9,0.9,RE,Retired,2025-10-01,1946,1
eia860:2991:4,generator,Mangum,US-OK,34.8836,-99.5022,1.5,retired,2025-10-01,City of Mangum - (OK),eia:860m,https://www.eia.gov/electricity/data/eia860m/xls/august_generator2026.xlsx,2026-09-26T00:04:26Z,2026-08,2991,4,11566,OK,Greer,SWPP,Electric Utility,Natural Gas Internal Combustion Engine,natural_gas,IC,Internal combustion engine,NG,Natural gas,1.5,1.2,1.2,RE,Retired,2025-10-01,1956,1
eia860:2991:5,generator,Mangum,US-OK,34.8836,-99.5022,2,retired,2025-10-01,City of Mangum - (OK),eia:860m,https://www.eia.gov/electricity/data/eia860m/xls/august_generator2026.xlsx,2026-09-26T00:04:26Z,2026-08,2991,5,11566,OK,Greer,SWPP,Electric Utility,Natural Gas Internal Combustion Engine,natural_gas,IC,Internal combustion engine,NG,Natural gas,2,1.7,1.7,RE,Retired,2025-10-01,1963,7
eia860:2991:6,generator,Mangum,US-OK,34.8836,-99.5022,2.1,retired,2025-10-01,City of Mangum - (OK),eia:860m,https://www.eia.gov/electricity/data/eia860m/xls/august_generator2026.xlsx,2026-09-26T00:04:26Z,2026-08,2991,6,11566,OK,Greer,SWPP,Electric Utility,Natural Gas Internal Combustion Engine,natural_gas,IC,Internal combustion engine,NG,Natural gas,2.1,1.6,1.6,RE,Retired,2025-10-01,1969,11
eia860:3258:3,generator,Gaston Shoals,US-SC,35.1381,-81.5975,1.4,retired,2025-07-01,"Northbrook Carolina Hydro II, LLC",eia:860m,https://www.eia.gov/electricity/data/eia860m/xls/august_generator2026.xlsx,2026-09-26T00:04:26Z,2026-08,3258,3,63010,SC,Cherokee,DUK,IPP Non-CHP,Conventional Hydroelectric,hydro,HY,Hydraulic turbine (conventional hydro),WAT,Water,1.4,1,1,RE,Retired,2025-07-01,1908,8
eia860:3281:1,generator,Coit GT,US-SC,33.980254,-81.04067,19.6,retired,2025-12-01,"Dominion Energy South Carolina, Inc",eia:860m,https://www.eia.gov/electricity/data/eia860m/xls/august_generator2026.xlsx,2026-09-26T00:04:26Z,2026-08,3281,1,17539,SC,Richland,SCEG,Electric Utility,Petroleum Liquids,petroleum,GT,Combustion (gas) turbine,DFO,Distillate fuel oil,19.6,14,18,RE,Retired,2025-12-01,1969,7
eia860:3281:2,generator,Coit GT,US-SC,33.980254,-81.04067,19.6,retired,2025-12-01,"Dominion Energy South Carolina, Inc",eia:860m,https://www.eia.gov/electricity/data/eia860m/xls/august_generator2026.xlsx,2026-09-26T00:04:26Z,2026-08,3281,2,17539,SC,Richland,SCEG,Electric Utility,Petroleum Liquids,petroleum,GT,Combustion (gas) turbine,DFO,Distillate fuel oil,19.6,12,18,RE,Retired,2025-12-01,1969,5
eia860:3393:G10,generator,Allen,US-TN,35.074087,-90.14868,23.9,retired,2025-05-01,Tennessee Valley Authority,eia:860m,https://www.eia.gov/electricity/data/eia860m/xls/august_generator2026.xlsx,2026-09-26T00:04:26Z,2026-08,3393,G10,18642,TN,Shelby,TVA,Electric Utility,Petroleum Liquids,petroleum,GT,Combustion (gas) turbine,DFO,Distillate fuel oil,23.9,15.1,20.4,RE,Retired,2025-05-01,1971,6
eia860:3393:G11,generator,Allen,US-TN,35.074087,-90.14868,23.9,retired,2025-05-01,Tennessee Valley Authority,eia:860m,https://www.eia.gov/electricity/data/eia860m/xls/august_generator2026.xlsx,2026-09-26T00:04:26Z,2026-08,3393,G11,18642,TN,Shelby,TVA,Electric Utility,Petroleum Liquids,petroleum,GT,Combustion (gas) turbine,DFO,Distillate fuel oil,23.9,15.1,20.4,RE,Retired,2025-05-01,1971,6
eia860:3393:G12,generator,Allen,US-TN,35.074087,-90.14868,23.9,retired,2025-05-01,Tennessee Valley Authority,eia:860m,https://www.eia.gov/electricity/data/eia860m/xls/august_generator2026.xlsx,2026-09-26T00:04:26Z,2026-08,3393,G12,18642,TN,Shelby,TVA,Electric Utility,Petroleum Liquids,petroleum,GT,Combustion (gas) turbine,DFO,Distillate fuel oil,23.9,15.1,20.4,RE,Retired,2025-05-01,1971,6
eia860:3393:G13,generator,Allen,US-TN,35.074087,-90.14868,23.9,retired,2025-05-01,Tennessee Valley Authority,eia:860m,https://www.eia.gov/electricity/data/eia860m/xls/august_generator2026.xlsx,2026-09-26T00:04:26Z,2026-08,3393,G13,18642,TN,Shelby,TVA,Electric Utility,Petroleum Liquids,petroleum,GT,Combustion (gas) turbine,DFO,Distillate fuel oil,23.9,15.1,20.4,RE,Retired,2025-05-01,1971,6
eia860:3393:G14,generator,Allen,US-TN,35.074087,-90.14868,23.9,retired,2025-05-01,Tennessee Valley Authority,eia:860m,https://www.eia.gov/electricity/data/eia860m/xls/august_generator2026.xlsx,2026-09-26T00:04:26Z,2026-08,3393,G14,18642,TN,Shelby,TVA,Electric Utility,Petroleum Liquids,petroleum,GT,Combustion (gas) turbine,DFO,Distillate fuel oil,23.9,15.1,20.4,RE,Retired,2025-05-01,1971,6
eia860:3393:G15,generator,Allen,US-TN,35.074087,-90.14868,23.9,retired,2025-05-01,Tennessee Valley Authority,eia:860m,https://www.eia.gov/electricity/data/eia860m/xls/august_generator2026.xlsx,2026-09-26T00:04:26Z,2026-08,3393,G15,18642,TN,Shelby,TVA,Electric Utility,Petroleum Liquids,petroleum,GT,Combustion (gas) turbine,DFO,Distillate fuel oil,23.9,15.1,20.4,RE,Retired,2025-05-01,1971,6
eia860:3393:G16,generator,Allen,US-TN,35.074087,-90.14868,23.9,retired,2025-05-01,Tennessee Valley Authority,eia:860m,https://www.eia.gov/electricity/data/eia860m/xls/august_generator2026.xlsx,2026-09-26T00:04:26Z,2026-08,3393,G16,18642,TN,Shelby,TVA,Electric Utility,Petroleum Liquids,petroleum,GT,Combustion (gas) turbine,DFO,Distillate fuel oil,23.9,15.1,20.4,RE,Retired,2025-05-01,1971,6
eia860:3393:G17,generator,Allen,US-TN,35.074087,-90.14868,59.6,retired,2025-05-01,Tennessee Valley Authority,eia:860m,https://www.eia.gov/electricity/data/eia860m/xls/august_generator2026.xlsx,2026-09-26T00:04:26Z,2026-08,3393,G17,18642,TN,Shelby,TVA,Electric Utility,Petroleum Liquids,petroleum,GT,Combustion (gas) turbine,DFO,Distillate fuel oil,59.6,46.4,62.2,RE,Retired,2025-05-01,1972,9
eia860:3393:G18,generator,Allen,US-TN,35.074087,-90.14868,59.6,retired,2025-05-01,Tennessee Valley Authority,eia:860m,https://www.eia.gov/electricity/data/eia860m/xls/august_generator2026.xlsx,2026-09-26T00:04:26Z,2026-08,3393,G18,18642,TN,Shelby,TVA,Electric Utility,Petroleum Liquids,petroleum,GT,Combustion (gas) turbine,DFO,Distillate fuel oil,59.6,46.4,62.2,RE,Retired,2025-05-01,1972,9
eia860:3393:GT1,generator,Allen,US-TN,35.074087,-90.14868,23.9,retired,2025-05-01,Tennessee Valley Authority,eia:860m,https://www.eia.gov/electricity/data/eia860m/xls/august_generator2026.xlsx,2026-09-26T00:04:26Z,2026-08,3393,GT1,18642,TN,Shelby,TVA,Electric Utility,Petroleum Liquids,petroleum,GT,Combustion (gas) turbine,DFO,Distillate fuel oil,23.9,15.1,20.4,RE,Retired,2025-05-01,1971,6
eia860:3393:GT2,generator,Allen,US-TN,35.074087,-90.14868,23.9,retired,2025-05-01,Tennessee Valley Authority,eia:860m,https://www.eia.gov/electricity/data/eia860m/xls/august_generator2026.xlsx,2026-09-26T00:04:26Z,2026-08,3393,GT2,18642,TN,Shelby,TVA,Electric Utility,Petroleum Liquids,petroleum,GT,Combustion (gas) turbine,DFO,Distillate fuel oil,23.9,15.1,20.4,RE,Retired,2025-05-01,1971,6
eia860:3393:GT3,generator,Allen,US-TN,35.074087,-90.14868,23.9,retired,2025-05-01,Tennessee Valley Authority,eia:860m,https://www.eia.gov/electricity/data/eia860m/xls/august_generator2026.xlsx,2026-09-26T00:04:26Z,2026-08,3393,GT3,18642,TN,Shelby,TVA,Electric Utility,Petroleum Liquids,petroleum,GT,Combustion (gas) turbine,DFO,Distillate fuel oil,23.9,15.1,20.4,RE,Retired,2025-05-01,1971,6
eia860:3393:GT4,generator,Allen,US-TN,35.074087,-90.14868,23.9,retired,2025-05-01,Tennessee Valley Authority,eia:860m,https://www.eia.gov/electricity/data/eia860m/xls/august_generator2026.xlsx,2026-09-26T00:04:26Z,2026-08,3393,GT4,18642,TN,Shelby,TVA,Electric Utility,Petroleum Liquids,petroleum,GT,Combustion (gas) turbine,DFO,Distillate fuel oil,23.9,15.1,20.4,RE,Retired,2025-05-01,1971,6
eia860:3393:GT5,generator,Allen,US-TN,35.074087,-90.14868,23.9,retired,2025-05-01,Tennessee Valley Authority,eia:860m,https://www.eia.gov/electricity/data/eia860m/xls/august_generator2026.xlsx,2026-09-26T00:04:26Z,2026-08,3393,GT5,18642,TN,Shelby,TVA,Electric Utility,Petroleum Liquids,petroleum,GT,Combustion (gas) turbine,DFO,Distillate fuel oil,23.9,15.1,20.4,RE,Retired,2025-05-01,1971,6
eia860:3393:GT6,generator,Allen,US-TN,35.074087,-90.14868,23.9,retired,2025-05-01,Tennessee Valley Authority,eia:860m,https://www.eia.gov/electricity/data/eia860m/xls/august_generator2026.xlsx,2026-09-26T00:04:26Z,2026-08,3393,GT6,18642,TN,Shelby,TVA,Electric Utility,Petroleum Liquids,petroleum,GT,Combustion (gas) turbine,DFO,Distillate fuel oil,23.9,15.1,20.4,RE,Retired,2025-05-01,1971,6
eia860:3393:GT7,generator,Allen,US-TN,35.074087,-90.14868,23.9,retired,2025-05-01,Tennessee Valley Authority,eia:860m,https://www.eia.gov/electricity/data/eia860m/xls/august_generator2026.xlsx,2026-09-26T00:04:26Z,2026-08,3393,GT7,18642,TN,Shelby,TVA,Electric Utility,Petroleum Liquids,petroleum,GT,Combustion (gas) turbine,DFO,Distillate fuel oil,23.9,15.1,20.4,RE,Retired,2025-05-01,1971,6
eia860:3393:GT8,generator,Allen,US-TN,35.074087,-90.14868,23.9,retired,2025-05-01,Tennessee Valley Authority,eia:860m,https://www.eia.gov/electricity/data/eia860m/xls/august_generator2026.xlsx,2026-09-26T00:04:26Z,2026-08,3393,GT8,18642,TN,Shelby,TVA,Electric Utility,Petroleum Liquids,petroleum,GT,Combustion (gas) turbine,DFO,Distillate fuel oil,23.9,15.1,20.4,RE,Retired,2025-05-01,1971,6
eia860:3393:GT9,generator,Allen,US-TN,35.074087,-90.14868,23.9,retired,2025-05-01,Tennessee Valley Authority,eia:860m,https://www.eia.gov/electricity/data/eia860m/xls/august_generator2026.xlsx,2026-09-26T00:04:26Z,2026-08,3393,GT9,18642,TN,Shelby,TVA,Electric Utility,Petroleum Liquids,petroleum,GT,Combustion (gas) turbine,DFO,Distillate fuel oil,23.9,15.1,20.4,RE,Retired,2025-05-01,1971,6
eia860:3406:GT4,generator,Johnsonville,US-TN,36.0278,-87.9861,68,retired,2025-03-01,Tennessee Valley Authority,eia:860m,https://www.eia.gov/electricity/data/eia860m/xls/august_generator2026.xlsx,2026-09-26T00:04:26Z,2026-08,3406,GT4,18642,TN,Humphreys,TVA,Electric Utility,Natural Gas Fired Combustion Turbine,natural_gas,GT,Combustion (gas) turbine,NG,Natural gas,68,47.1,62.5,RE,Retired,2025-03-01,1975,6
eia860:3406:GT5,generator,Johnsonville,US-TN,36.0278,-87.9861,68,retired,2025-03-01,Tennessee Valley Authority,eia:860m,https://www.eia.gov/electricity/data/eia860m/xls/august_generator2026.xlsx,2026-09-26T00:04:26Z,2026-08,3406,GT5,18642,TN,Humphreys,TVA,Electric Utility,Natural Gas Fired Combustion Turbine,natural_gas,GT,Combustion (gas) turbine,NG,Natural gas,68,47.1,62.5,RE,Retired,2025-03-01,1975,6
eia860:3406:GT6,generator,Johnsonville,US-TN,36.0278,-87.9861,68,retired,2025-03-01,Tennessee Valley Authority,eia:860m,https://www.eia.gov/electricity/data/eia860m/xls/august_generator2026.xlsx,2026-09-26T00:04:26Z,2026-08,3406,GT6,18642,TN,Humphreys,TVA,Electric Utility,Natural Gas Fired Combustion Turbine,natural_gas,GT,Combustion (gas) turbine,NG,Natural gas,68,47.1,62.5,RE,Retired,2025-03-01,1975,6
eia860:3406:GT7,generator,Johnsonville,US-TN,36.0278,-87.9861,68,retired,2025-03-01,Tennessee Valley Authority,eia:860m,https://www.eia.gov/electricity/data/eia860m/xls/august_generator2026.xlsx,2026-09-26T00:04:26Z,2026-08,3406,GT7,18642,TN,Humphreys,TVA,Electric Utility,Natural Gas Fired Combustion Turbine,natural_gas,GT,Combustion (gas) turbine,NG,Natural gas,68,47.1,62.5,RE,Retired,2025-03-01,1975,6
eia860:3406:GT8,generator,Johnsonville,US-TN,36.0278,-87.9861,68,retired,2025-03-01,Tennessee Valley Authority,eia:860m,https://www.eia.gov/electricity/data/eia860m/xls/august_generator2026.xlsx,2026-09-26T00:04:26Z,2026-08,3406,GT8,18642,TN,Humphreys,TVA,Electric Utility,Natural Gas Fired Combustion Turbine,natural_gas,GT,Combustion (gas) turbine,NG,Natural gas,68,47.1,62.5,RE,Retired,2025-03-01,1975,6
eia860:3406:GT9,generator,Johnsonville,US-TN,36.0278,-87.9861,68,retired,2025-03-01,Tennessee Valley Authority,eia:860m,https://www.eia.gov/electricity/data/eia860m/xls/august_generator2026.xlsx,2026-09-26T00:04:26Z,2026-08,3406,GT9,18642,TN,Humphreys,TVA,Electric Utility,Natural Gas Fired Combustion Turbine,natural_gas,GT,Combustion (gas) turbine,NG,Natural gas,68,47.1,62.5,RE,Retired,2025-03-01,1975,6
eia860:3723:GT5,generator,Rutland,US-VT,43.603,-72.9923,13.2,retired,2025-04-01,Green Mountain Power Corp,eia:860m,https://www.eia.gov/electricity/data/eia860m/xls/august_generator2026.xlsx,2026-09-26T00:04:26Z,2026-08,3723,GT5,7601,VT,Rutland,ISNE,Electric Utility,Petroleum Liquids,petroleum,IC,Internal combustion engine,DFO,Distillate fuel oil,13.2,8.4,12.8,RE,Retired,2025-04-01,1962,12
eia860:4014:1,generator,Wheaton,US-WI,44.885416,-91.51583,48.5,retired,2025-05-01,Northern States Power Co - Minnesota,eia:860m,https://www.eia.gov/electricity/data/eia860m/xls/august_generator2026.xlsx,2026-09-26T00:04:26Z,2026-08,4014,1,13781,WI,Chippewa,MISO,Electric Utility,Natural Gas Fired Combustion Turbine,natural_gas,GT,Combustion (gas) turbine,NG,Natural gas,48.5,44,56,RE,Retired,2025-05-01,1973,1
eia860:4014:2,generator,Wheaton,US-WI,44.885416,-91.51583,48.5,retired,2025-05-01,Northern States Power Co - Minnesota,eia:860m,https://www.eia.gov/electricity/data/eia860m/xls/august_generator2026.xlsx,2026-09-26T00:04:26Z,2026-08,4014,2,13781,WI,Chippewa,MISO,Electric Utility,Natural Gas Fired Combustion Turbine,natural_gas,GT,Combustion (gas) turbine,NG,Natural gas,48.5,51,66,RE,Retired,2025-05-01,1973,4
eia860:4014:3,generator,Wheaton,US-WI,44.885416,-91.51583,48.5,retired,2025-05-01,Northern States Power Co - Minnesota,eia:860m,https://www.eia.gov/electricity/data/eia860m/xls/august_generator2026.xlsx,2026-09-26T00:04:26Z,2026-08,4014,3,13781,WI,Chippewa,MISO,Electric Utility,Natural Gas Fired Combustion Turbine,natural_gas,GT,Combustion (gas) turbine,NG,Natural gas,48.5,44,56,RE,Retired,2025-05-01,1973,4
eia860:4014:4,generator,Wheaton,US-WI,44.885416,-91.51583,48.5,retired,2025-05-01,Northern States Power Co - Minnesota,eia:860m,https://www.eia.gov/electricity/data/eia860m/xls/august_generator2026.xlsx,2026-09-26T00:04:26Z,2026-08,4014,4,13781,WI,Chippewa,MISO,Electric Utility,Natural Gas Fired Combustion Turbine,natural_gas,GT,Combustion (gas) turbine,NG,Natural gas,48.5,47,61,RE,Retired,2025-05-01,1973,4
eia860:435:H4,generator,White Rock/Slab Creek,US-CA,38.765336,-120.7874,0.5,retired,2025-10-01,Sacramento Municipal Util Dist,eia:860m,https://www.eia.gov/electricity/data/eia860m/xls/august_generator2026.xlsx,2026-09-26T00:04:26Z,2026-08,435,H4,16534,CA,El Dorado,BANC,Electric Utility,Conventional Hydroelectric,hydro,HY,Hydraulic turbine (conventional hydro),WAT,Water,0.5,0.5,0.5,RE,Retired,2025-10-01,1983,6
eia860:460:IC1,generator,Pueblo,US-CO,38.2667,-104.6144,2,retired,2025-12-01,"Black Hills Colorado Electric, LLC",eia:860m,https://www.eia.gov/electricity/data/eia860m/xls/august_generator2026.xlsx,2026-09-26T00:04:26Z,2026-08,460,IC1,56146,CO,Pueblo,PSCO,Electric Utility,Petroleum Liquids,petroleum,IC,Internal combustion engine,DFO,Distillate fuel oil,2,2,2,RE,Retired,2025-12-01,1964,2
eia860:460:IC3,generator,Pueblo,US-CO,38.2667,-104.6144,2,retired,2025-12-01,"Black Hills Colorado Electric, LLC",eia:860m,https://www.eia.gov/electricity/data/eia860m/xls/august_generator2026.xlsx,2026-09-26T00:04:26Z,2026-08,460,IC3,56146,CO,Pueblo,PSCO,Electric Utility,Petroleum Liquids,petroleum,IC,Internal combustion engine,DFO,Distillate fuel oil,2,2,2,RE,Retired,2025-12-01,1964,2
eia860:460:IC4,generator,Pueblo,US-CO,38.2667,-104.6144,2,retired,2025-12-01,"Black Hills Colorado Electric, LLC",eia:860m,https://www.eia.gov/electricity/data/eia860m/xls/august_generator2026.xlsx,2026-09-26T00:04:26Z,2026-08,460,IC4,56146,CO,Pueblo,PSCO,Electric Utility,Petroleum Liquids,petroleum,IC,Internal combustion engine,DFO,Distillate fuel oil,2,2,2,RE,Retired,2025-12-01,1964,2
eia860:460:IC5,generator,Pueblo,US-CO,38.2667,-104.6144,2,retired,2025-12-01,"Black Hills Colorado Electric, LLC",eia:860m,https://www.eia.gov/electricity/data/eia860m/xls/august_generator2026.xlsx,2026-09-26T00:04:26Z,2026-08,460,IC5,56146,CO,Pueblo,PSCO,Electric Utility,Petroleum Liquids,petroleum,IC,Internal combustion engine,DFO,Distillate fuel oil,2,2,2,RE,Retired,2025-12-01,1964,2
eia860:493:1,generator,George Birdsall,US-CO,38.881389,-104.8169,17.3,retired,2025-12-01,City of Colorado Springs - (CO),eia:860m,https://www.eia.gov/electricity/data/eia860m/xls/august_generator2026.xlsx,2026-09-26T00:04:26Z,2026-08,493,1,3989,CO,El Paso,WACM,Electric Utility,Natural Gas Steam Turbine,natural_gas,ST,Steam turbine,NG,Natural gas,17.3,16,16,RE,Retired,2025-12-01,1953,8
eia860:493:2,generator,George Birdsall,US-CO,38.881389,-104.8169,18.8,retired,2025-12-01,City of Colorado Springs - (CO),eia:860m,https://www.eia.gov/electricity/data/eia860m/xls/august_generator2026.xlsx,2026-09-26T00:04:26Z,2026-08,493,2,3989,CO,El Paso,WACM,Electric Utility,Natural Gas Steam Turbine,natural_gas,ST,Steam turbine,NG,Natural gas,18.8,16,16,RE,Retired,2025-12-01,1954,3
eia860:493:3,generator,George Birdsall,US-CO,38.881389,-104.8169,25,retired,2025-12-01,City of Colorado Springs - (CO),eia:860m,https://www.eia.gov/electricity/data/eia860m/xls/august_generator2026.xlsx,2026-09-26T00:04:26Z,2026-08,493,3,3989,CO,El Paso,WACM,Electric Utility,Natural Gas Steam Turbine,natural_gas,ST,Steam turbine,NG,Natural gas,25,22,22,RE,Retired,2025-12-01,1957,3
eia860:50191:TG1,generator,IP Springfield Oregon,US-OR,44.0569,-122.9555,7.5,retired,2025-12-01,International Paper Corporation - Springfield,eia:860m,https://www.eia.gov/electricity/data/eia860m/xls/august_generator2026.xlsx,2026-09-26T00:04:26Z,2026-08,50191,TG1,56289,OR,Lane,BPAT,Industrial CHP,Wood/Wood Waste Biomass,biomass,ST,Steam turbine,BLQ,Black liquor,7.5,7.5,7.5,RE,Retired,2025-12-01,1949,1
eia860:50191:TG2,generator,IP Springfield Oregon,US-OR,44.0569,-122.9555,5,retired,2025-12-01,International Paper Corporation - Springfield,eia:860m,https://www.eia.gov/electricity/data/eia860m/xls/august_generator2026.xlsx,2026-09-26T00:04:26Z,2026-08,50191,TG2,56289,OR,Lane,BPAT,Industrial CHP,Wood/Wood Waste Biomass,biomass,ST,Steam turbine,BLQ,Black liquor,5,5,5,RE,Retired,2025-12-01,1949,1
eia860:50191:TG3,generator,IP Springfield Oregon,US-OR,44.0569,-122.9555,12.5,retired,2025-12-01,International Paper Corporation - Springfield,eia:860m,https://www.eia.gov/electricity/data/eia860m/xls/august_generator2026.xlsx,2026-09-26T00:04:26Z,2026-08,50191,TG3,56289,OR,Lane,BPAT,Industrial CHP,Wood/Wood Waste Biomass,biomass,ST,Steam turbine,BLQ,Black liquor,12.5,12.5,12.5,RE,Retired,2025-12-01,1953,1
eia860:50200:GEN1,generator,B Braun Medical,US-CA,33.688721,-117.8348,2.8,retired,2025-03-01,B Braun Medical Inc,eia:860m,https://www.eia.gov/electricity/data/eia860m/xls/august_generator2026.xlsx,2026-09-26T00:04:26Z,2026-08,50200,GEN1,1058,CA,Orange,CISO,Industrial CHP,Natural Gas Fired Combustion Turbine,natural_gas,GT,Combustion (gas) turbine,NG,Natural gas,2.8,2.7,2.6,RE,Retired,2025-03-01,1982,11
eia860:50200:GEN2,generator,B Braun Medical,US-CA,33.688721,-117.8348,3.3,retired,2025-03-01,B Braun Medical Inc,eia:860m,https://www.eia.gov/electricity/data/eia860m/xls/august_generator2026.xlsx,2026-09-26T00:04:26Z,2026-08,50200,GEN2,1058,CA,Orange,CISO,Industrial CHP,Natural Gas Fired Combustion Turbine,natural_gas,GT,Combustion (gas) turbine,NG,Natural gas,3.3,3,2.9,RE,Retired,2025-03-01,1995,1
eia860:50201:ST2,generator,"Multitrade Rabun Gap, LLC",US-GA,34.9536,-83.3786,17.9,retired,2025-04-01,Multitrade Rabun Gap LLC,eia:860m,https://www.eia.gov/electricity/data/eia860m/xls/august_generator2026.xlsx,2026-09-26T00:04:26Z,2026-08,50201,ST2,56216,GA,RABUN,SOCO,IPP Non-CHP,Wood/Wood Waste Biomass,biomass,ST,Steam turbine,WDS,Wood/wood waste solids,17.9,18,18,RE,Retired,2025-04-01,2010,1
eia860:50316:3516,generator,Bunge North America East LLC,US-IN,40.846525,-84.93326,2,retired,2025-07-01,Bunge North America East LLC,eia:860m,https://www.eia.gov/electricity/data/eia860m/xls/august_generator2026.xlsx,2026-09-26T00:04:26Z,2026-08,50316,3516,3283,IN,Adams,PJM,Industrial CHP,Natural Gas Steam Turbine,natural_gas,ST,Steam turbine,NG,Natural gas,2,2.2,2.2,RE,Retired,2025-07-01,1950,12
eia860:50398:GE10,generator,International Paper Savanna Mill,US-GA,32.100354,-81.12425,82.8,retired,2025-09-01,International Paper Co,eia:860m,https://www.eia.gov/electricity/data/eia860m/xls/august_generator2026.xlsx,2026-09-26T00:04:26Z,2026-08,50398,GE10,30002,GA,Chatham,SOCO,Industrial CHP,Wood/Wood Waste Biomass,biomass,ST,Steam turbine,BLQ,Black liquor,82.8,82.7,82.8,RE,Retired,2025-09-01,1998,4
eia860:50530:GEN1,generator,Equilon Los Angeles Refining,US-CA,33.791667,-118.2347,30,retired,2025-11-01,Tesoro Refining and Marketing Company,eia:860m,https://www.eia.gov/electricity/data/eia860m/xls/august_generator2026.xlsx,2026-09-26T00:04:26Z,2026-08,50530,GEN1,55985,CA,Los Angeles,LDWP,Industrial CHP,Other Gases,other,GT,Combustion (gas) turbine,OG,Other gas,30,24.1,23.6,RE,Retired,2025-11-01,1982,12
eia860:50530:GEN2,generator,Equilon Los Angeles Refining,US-CA,33.791667,-118.2347,30,retired,2025-06-01,Tesoro Refining and Marketing Company,eia:860m,https://www.eia.gov/electricity/data/eia860m/xls/august_generator2026.xlsx,2026-09-26T00:04:26Z,2026-08,50530,GEN2,55985,CA,Los Angeles,LDWP,Industrial CHP,Other Gases,other,GT,Combustion (gas) turbine,OG,Other gas,30,25.4,26.2,RE,Retired,2025-06-01,1982,12
eia860:50530:GEN3,generator,Equilon Los Angeles Refining,US-CA,33.791667,-118.2347,23,retired,2025-11-01,Tesoro Refining and Marketing Company,eia:860m,https://www.eia.gov/electricity/data/eia860m/xls/august_generator2026.xlsx,2026-09-26T00:04:26Z,2026-08,50530,GEN3,55985,CA,Los Angeles,LDWP,Industrial CHP,Other Gases,other,ST,Steam turbine,OG,Other gas,23,9.9,11,RE,Retired,2025-11-01,1991,4
eia860:50766:ITLU2,generator,Ormesa I,US-CA,32.8156,-115.2568,12,retired,2025-01-01,Ormat Nevada Inc,eia:860m,https://www.eia.gov/electricity/data/eia860m/xls/august_generator2026.xlsx,2026-09-26T00:04:26Z,2026-08,50766,ITLU2,34691,CA,Imperial,IID,IPP Non-CHP,Geothermal,geothermal,BT,Turbines used in a binary cycle (geothermal),GEO,Geothermal,12,8,12,RE,Retired,2025-01-01,2003,7
eia860:50806:GEN1,generator,Florence Mill,US-SC,34.1497,-79.5606,12.3,retired,2025-12-01,WestRock-Florence,eia:860m,https://www.eia.gov/electricity/data/eia860m/xls/august_generator2026.xlsx,2026-09-26T00:04:26Z,2026-08,50806,GEN1,18162,SC,Florence,CPLE,Industrial CHP,Wood/Wood Waste Biomass,biomass,ST,Steam turbine,BLQ,Black liquor,12.3,12.3,12.3,RE,Retired,2025-12-01,1963,11
eia860:50935:ET2,generator,Caterpillar,US-IN,40.4175,-86.8447,2,retired,2025-02-01,Caterpillar Inc,eia:860m,https://www.eia.gov/electricity/data/eia860m/xls/august_generator2026.xlsx,2026-09-26T00:04:26Z,2026-08,50935,ET2,3179,IN,Tippecanoe,MISO,Industrial Non-CHP,Natural Gas Internal Combustion Engine,natural_gas,IC,Internal combustion engine,NG,Natural gas,2,2,2,RE,Retired,2025-02-01,2011,4
eia860:52073:GEN2,generator,UCLA So Campus Cogen Project,US-CA,34.0692,-118.4439,14.5,retired,2025-03-01,University of California-LA,eia:860m,https://www.eia.gov/electricity/data/eia860m/xls/august_generator2026.xlsx,2026-09-26T00:04:26Z,2026-08,52073,GEN2,19524,CA,Los Angeles,LDWP,Commercial CHP,Natural Gas Fired Combined Cycle,natural_gas,CT,Combined cycle combustion turbine part,NG,Natural gas,14.5,12.5,13.5,RE,Retired,2025-03-01,1993,10
eia860:52127:GEN1,generator,Elk Basin Gasoline Plant,US-WY,44.9806,-108.8428,1,retired,2026-01-01,Contango Oil and Gas,eia:860m,https://www.eia.gov/electricity/data/eia860m/xls/august_generator2026.xlsx,2026-09-26T00:04:26Z,2026-08,52127,GEN1,64954,WY,Park,PACE,Industrial CHP,Other Gases,other,ST,Steam turbine,OG,Other gas,1,0.8,0.8,RE,Retired,2026-01-01,1948,1
eia860:54101:GEN1,generator,Georgia-Pacific Cedar Springs,US-GA,31.166,-85.0951,50,retired,2025-07-01,Georgia-Pacific Cedar Springs LLC,eia:860m,https://www.eia.gov/electricity/data/eia860m/xls/august_generator2026.xlsx,2026-09-26T00:04:26Z,2026-08,54101,GEN1,7172,GA,Early,SOCO,Industrial CHP,Wood/Wood Waste Biomass,biomass,ST,Steam turbine,BLQ,Black liquor,50,45,50,RE,Retired,2025-07-01,1963,10
eia860:54101:GEN2,generator,Georgia-Pacific Cedar Springs,US-GA,31.166,-85.0951,51.2,retired,2025-07-01,Georgia-Pacific Cedar Springs LLC,eia:860m,https://www.eia.gov/electricity/data/eia860m/xls/august_generator2026.xlsx,2026-09-26T00:04:26Z,2026-08,54101,GEN2,7172,GA,Early,SOCO,Industrial CHP,Wood/Wood Waste Biomass,biomass,ST,Steam turbine,BLQ,Black liquor,51.2,45,50,RE,Retired,2025-07-01,1965,8
eia860:54281:577A,generator,Interstate Paper LLC Riceboro,US-GA,31.741629,-81.40786,14.5,retired,2025-09-01,Interstate Paper LLC,eia:860m,https://www.eia.gov/electricity/data/eia860m/xls/august_generator2026.xlsx,2026-09-26T00:04:26Z,2026-08,54281,577A,9394,GA,Liberty,SOCO,Industrial CHP,Wood/Wood Waste Biomass,biomass,ST,Steam turbine,BLQ,Black liquor,14.5,14.5,14.5,RE,Retired,2025-09-01,1968,3
eia860:54457:B1GN1,generator,Hewlett Packard Enterprise,US-GA,34.0864,-84.2677,1.5,retired,2025-08-01,"SWVP Alpharetta Owners, LLC",eia:860m,https://www.eia.gov/electricity/data/eia860m/xls/august_generator2026.xlsx,2026-09-26T00:04:26Z,2026-08,54457,B1GN1,64432,GA,Fulton,SOCO,Commercial Non-CHP,Petroleum Liquids,petroleum,IC,Internal combustion engine,DFO,Distillate fuel oil,1.5,1.4,1.5,RE,Retired,2025-08-01,2005,5
eia860:54457:B1GN2,generator,Hewlett Packard Enterprise,US-GA,34.0864,-84.2677,1.5,retired,2025-08-01,"SWVP Alpharetta Owners, LLC",eia:860m,https://www.eia.gov/electricity/data/eia860m/xls/august_generator2026.xlsx,2026-09-26T00:04:26Z,2026-08,54457,B1GN2,64432,GA,Fulton,SOCO,Commercial Non-CHP,Petroleum Liquids,petroleum,IC,Internal combustion engine,DFO,Distillate fuel oil,1.5,1.4,1.5,RE,Retired,2025-08-01,2005,5
eia860:54464:0002,generator,Graphic Packaging Intl Macon Mill,US-GA,32.7714,-83.6281,5,retired,2026-01-01,Riverwood Intl USA Inc,eia:860m,https://www.eia.gov/electricity/data/eia860m/xls/august_generator2026.xlsx,2026-09-26T00:04:26Z,2026-08,54464,0002,16024,GA,Bibb,SOCO,Industrial CHP,Wood/Wood Waste Biomass,biomass,ST,Steam turbine,BLQ,Black liquor,5,4.7,4.7,RE,Retired,2026-01-01,1948,6
eia860:54731:GEO1,generator,Hendricks Regional Health,US-IN,39.761513,-86.50159,0.5,retired,2025-03-01,Hendricks Regional Health,eia:860m,https://www.eia.gov/electricity/data/eia860m/xls/august_generator2026.xlsx,2026-09-26T00:04:26Z,2026-08,54731,GEO1,8453,IN,Hendricks,MISO,Commercial Non-CHP,Petroleum Liquids,petroleum,IC,Internal combustion engine,DFO,Distillate fuel oil,0.5,0.5,0.5,RE,Retired,2025-03-01,1992,9
eia860:54731:GEO2,generator,Hendricks Regional Health,US-IN,39.761513,-86.50159,0.5,retired,2025-03-01,Hendricks Regional Health,eia:860m,https://www.eia.gov/electricity/data/eia860m/xls/august_generator2026.xlsx,2026-09-26T00:04:26Z,2026-08,54731,GEO2,8453,IN,Hendricks,MISO,Commercial Non-CHP,Petroleum Liquids,petroleum,IC,Internal combustion engine,DFO,Distillate fuel oil,0.5,0.5,0.5,RE,Retired,2025-03-01,1992,9
eia860:54731:GEO3,generator,Hendricks Regional Health,US-IN,39.761513,-86.50159,0.3,retired,2025-03-01,Hendricks Regional Health,eia:860m,https://www.eia.gov/electricity/data/eia860m/xls/august_generator2026.xlsx,2026-09-26T00:04:26Z,2026-08,54731,GEO3,8453,IN,Hendricks,MISO,Commercial Non-CHP,Petroleum Liquids,petroleum,IC,Internal combustion engine,DFO,Distillate fuel oil,0.3,0.3,0.3,RE,Retired,2025-03-01,1992,9
eia860:54734:1,generator,Freeport McMoRan,US-NM,32.66176,-108.3628,3,retired,2025-02-01,Freeport McMoRan Inc,eia:860m,https://www.eia.gov/electricity/data/eia860m/xls/august_generator2026.xlsx,2026-09-26T00:04:26Z,2026-08,54734,1,14989,NM,Grant,PNM,Industrial Non-CHP,Petroleum Liquids,petroleum,IC,Internal combustion engine,DFO,Distillate fuel oil,3,2.9,2.9,RE,Retired,2025-02-01,1967,12
eia860:54734:11,generator,Freeport McMoRan,US-NM,32.66176,-108.3628,3,retired,2025-02-01,Freeport McMoRan Inc,eia:860m,https://www.eia.gov/electricity/data/eia860m/xls/august_generator2026.xlsx,2026-09-26T00:04:26Z,2026-08,54734,11,14989,NM,Grant,PNM,Industrial Non-CHP,Petroleum Liquids,petroleum,IC,Internal combustion engine,DFO,Distillate fuel oil,3,2.9,2.9,RE,Retired,2025-02-01,1971,2
eia860:54734:12,generator,Freeport McMoRan,US-NM,32.66176,-108.3628,3,retired,2025-02-01,Freeport McMoRan Inc,eia:860m,https://www.eia.gov/electricity/data/eia860m/xls/august_generator2026.xlsx,2026-09-26T00:04:26Z,2026-08,54734,12,14989,NM,Grant,PNM,Industrial Non-CHP,Petroleum Liquids,petroleum,IC,Internal combustion engine,DFO,Distillate fuel oil,3,2.9,2.9,RE,Retired,2025-02-01,1972,7
eia860:54734:13,generator,Freeport McMoRan,US-NM,32.66176,-108.3628,3,retired,2025-02-01,Freeport McMoRan Inc,eia:860m,https://www.eia.gov/electricity/data/eia860m/xls/august_generator2026.xlsx,2026-09-26T00:04:26Z,2026-08,54734,13,14989,NM,Grant,PNM,Industrial Non-CHP,Petroleum Liquids,petroleum,IC,Internal combustion engine,DFO,Distillate fuel oil,3,2.9,2.9,RE,Retired,2025-02-01,1972,7
eia860:54734:14,generator,Freeport McMoRan,US-NM,32.66176,-108.3628,3,retired,2025-02-01,Freeport McMoRan Inc,eia:860m,https://www.eia.gov/electricity/data/eia860m/xls/august_generator2026.xlsx,2026-09-26T00:04:26Z,2026-08,54734,14,14989,NM,Grant,PNM,Industrial Non-CHP,Petroleum Liquids,petroleum,IC,Internal combustion engine,DFO,Distillate fuel oil,3,2.9,2.9,RE,Retired,2025-02-01,1972,7
eia860:54734:15,generator,Freeport McMoRan,US-NM,32.66176,-108.3628,3.1,retired,2025-02-01,Freeport McMoRan Inc,eia:860m,https://www.eia.gov/electricity/data/eia860m/xls/august_generator2026.xlsx,2026-09-26T00:04:26Z,2026-08,54734,15,14989,NM,Grant,PNM,Industrial Non-CHP,Petroleum Liquids,petroleum,IC,Internal combustion engine,DFO,Distillate fuel oil,3.1,2.9,2.9,RE,Retired,2025-02-01,1972,8
eia860:54734:3,generator,Freeport McMoRan,US-NM,32.66176,-108.3628,3.1,retired,2025-02-01,Freeport McMoRan Inc,eia:860m,https://www.eia.gov/electricity/data/eia860m/xls/august_generator2026.xlsx,2026-09-26T00:04:26Z,2026-08,54734,3,14989,NM,Grant,PNM,Industrial Non-CHP,Petroleum Liquids,petroleum,IC,Internal combustion engine,DFO,Distillate fuel oil,3.1,2.9,2.9,RE,Retired,2025-02-01,1967,12
eia860:54734:4,generator,Freeport McMoRan,US-NM,32.66176,-108.3628,3.1,retired,2025-02-01,Freeport McMoRan Inc,eia:860m,https://www.eia.gov/electricity/data/eia860m/xls/august_generator2026.xlsx,2026-09-26T00:04:26Z,2026-08,54734,4,14989,NM,Grant,PNM,Industrial Non-CHP,Petroleum Liquids,petroleum,IC,Internal combustion engine,DFO,Distillate fuel oil,3.1,2.9,2.9,RE,Retired,2025-02-01,1967,12
eia860:54734:7,generator,Freeport McMoRan,US-NM,32.66176,-108.3628,3.1,retired,2025-02-01,Freeport McMoRan Inc,eia:860m,https://www.eia.gov/electricity/data/eia860m/xls/august_generator2026.xlsx,2026-09-26T00:04:26Z,2026-08,54734,7,14989,NM,Grant,PNM,Industrial Non-CHP,Petroleum Liquids,petroleum,IC,Internal combustion engine,DFO,Distillate fuel oil,3.1,2.9,2.9,RE,Retired,2025-02-01,1967,12
eia860:54734:8,generator,Freeport McMoRan,US-NM,32.66176,-108.3628,3,retired,2025-02-01,Freeport McMoRan Inc,eia:860m,https://www.eia.gov/electricity/data/eia860m/xls/august_generator2026.xlsx,2026-09-26T00:04:26Z,2026-08,54734,8,14989,NM,Grant,PNM,Industrial Non-CHP,Petroleum Liquids,petroleum,IC,Internal combustion engine,DFO,Distillate fuel oil,3,2.9,2.9,RE,Retired,2025-02-01,1967,12
eia860:54886:GEN8,generator,Presence Saint Mary of Nazareth Hospital,US-IL,41.9031,-87.6831,1.4,retired,2025-01-01,Presence Health,eia:860m,https://www.eia.gov/electricity/data/eia860m/xls/august_generator2026.xlsx,2026-09-26T00:04:26Z,2026-08,54886,GEN8,15917,IL,Cook,PJM,Commercial Non-CHP,Petroleum Liquids,petroleum,IC,Internal combustion engine,DFO,Distillate fuel oil,1.4,1.4,1.4,RE,Retired,2025-01-01,2024,6
eia860:54968:0385,generator,"Phoenix Investors, LLC",US-IA,42.83815,-93.60325,1.8,retired,2025-11-01,Industrial Energy Applications Inc,eia:860m,https://www.eia.gov/electricity/data/eia860m/xls/august_generator2026.xlsx,2026-09-26T00:04:26Z,2026-08,54968,0385,361,IA,Wright,MISO,IPP Non-CHP,Petroleum Liquids,petroleum,IC,Internal combustion engine,DFO,Distillate fuel oil,1.8,1.8,1.8,RE,Retired,2025-11-01,1995,12
eia860:54968:0386,generator,"Phoenix Investors, LLC",US-IA,42.83815,-93.60325,1.8,retired,2025-11-01,Industrial Energy Applications Inc,eia:860m,https://www.eia.gov/electricity/data/eia860m/xls/august_generator2026.xlsx,2026-09-26T00:04:26Z,2026-08,54968,0386,361,IA,Wright,MISO,IPP Non-CHP,Petroleum Liquids,petroleum,IC,Internal combustion engine,DFO,Distillate fuel oil,1.8,1.8,1.8,RE,Retired,2025-11-01,1995,12
eia860:54968:5824,generator,"Phoenix Investors, LLC",US-IA,42.83815,-93.60325,1.8,retired,2025-11-01,Industrial Energy Applications Inc,eia:860m,https://www.eia.gov/electricity/data/eia860m/xls/august_generator2026.xlsx,2026-09-26T00:04:26Z,2026-08,54968,5824,361,IA,Wright,MISO,IPP Non-CHP,Petroleum Liquids,petroleum,IC,Internal combustion engine,DFO,Distillate fuel oil,1.8,1.8,1.8,RE,Retired,2025-11-01,2000,5
eia860:54974:UNT1,generator,Sauder Power Plant,US-OH,41.515211,-84.29355,3.6,retired,2025-12-01,Sauder Woodworking Co,eia:860m,https://www.eia.gov/electricity/data/eia860m/xls/august_generator2026.xlsx,2026-09-26T00:04:26Z,2026-08,54974,UNT1,16694,OH,Fulton,PJM,IPP CHP,Wood/Wood Waste Biomass,biomass,ST,Steam turbine,WDS,Wood/wood waste solids,3.6,3.6,3.6,RE,Retired,2025-12-01,1993,10
eia860:54974:UNT2,generator,Sauder Power Plant,US-OH,41.515211,-84.29355,3.6,retired,2025-12-01,Sauder Woodworking Co,eia:860m,https://www.eia.gov/electricity/data/eia860m/xls/august_generator2026.xlsx,2026-09-26T00:04:26Z,2026-08,54974,UNT2,16694,OH,Fulton,PJM,IPP CHP,Wood/Wood Waste Biomass,biomass,ST,Steam turbine,WDS,Wood/wood waste solids,3.6,3.6,3.6,RE,Retired,2025-12-01,1993,10
eia860:55027:951,generator,Papillion Creek Wastewater,US-NE,41.0772,-95.87,0.5,retired,2026-08-01,City of Omaha - (NE),eia:860m,https://www.eia.gov/electricity/data/eia860m/xls/august_generator2026.xlsx,2026-09-26T00:04:26Z,2026-08,55027,951,13157,NE,Sarpy,SWPP,Commercial CHP,Other Waste Biomass,biomass,IC,Internal combustion engine,OBG,Other biomass gas,0.5,0.5,0.5,RE,Retired,2026-08-01,1987,5
eia860:55027:952,generator,Papillion Creek Wastewater,US-NE,41.0772,-95.87,0.5,retired,2026-08-01,City of Omaha - (NE),eia:860m,https://www.eia.gov/electricity/data/eia860m/xls/august_generator2026.xlsx,2026-09-26T00:04:26Z,2026-08,55027,952,13157,NE,Sarpy,SWPP,Commercial CHP,Other Waste Biomass,biomass,IC,Internal combustion engine,OBG,Other biomass gas,0.5,0.5,0.5,RE,Retired,2026-08-01,1987,5
eia860:55027:953,generator,Papillion Creek Wastewater,US-NE,41.0772,-95.87,0.5,retired,2026-08-01,City of Omaha - (NE),eia:860m,https://www.eia.gov/electricity/data/eia860m/xls/august_generator2026.xlsx,2026-09-26T00:04:26Z,2026-08,55027,953,13157,NE,Sarpy,SWPP,Commercial CHP,Other Waste Biomass,biomass,IC,Internal combustion engine,OBG,Other biomass gas,0.5,0.5,0.5,RE,Retired,2026-08-01,1987,5
eia860:55031:CT01,generator,Androscoggin Energy Center,US-ME,44.506315,-70.24231,54.5,retired,2025-10-01,JGT2 Energy LLC,eia:860m,https://www.eia.gov/electricity/data/eia860m/xls/august_generator2026.xlsx,2026-09-26T00:04:26Z,2026-08,55031,CT01,66314,ME,Franklin,ISNE,Industrial CHP,Natural Gas Fired Combustion Turbine,natural_gas,GT,Combustion (gas) turbine,NG,Natural gas,54.5,48.9,55.5,RE,Retired,2025-10-01,1999,10
eia860:55031:CT02,generator,Androscoggin Energy Center,US-ME,44.506315,-70.24231,54.5,retired,2025-10-01,JGT2 Energy LLC,eia:860m,https://www.eia.gov/electricity/data/eia860m/xls/august_generator2026.xlsx,2026-09-26T00:04:26Z,2026-08,55031,CT02,66314,ME,Franklin,ISNE,Industrial CHP,Natural Gas Fired Combustion Turbine,natural_gas,GT,Combustion (gas) turbine,NG,Natural gas,54.5,40.7,55.1,RE,Retired,2025-10-01,1999,11
eia860:55031:CT03,generator,Androscoggin Energy Center,US-ME,44.506315,-70.24231,54.5,retired,2025-10-01,JGT2 Energy LLC,eia:860m,https://www.eia.gov/electricity/data/eia860m/xls/august_generator2026.xlsx,2026-09-26T00:04:26Z,2026-08,55031,CT03,66314,ME,Franklin,ISNE,Industrial CHP,Natural Gas Fired Combustion Turbine,natural_gas,GT,Combustion (gas) turbine,NG,Natural gas,54.5,40.6,54,RE,Retired,2025-10-01,2000,7
eia860:55093:UNT1,generator,MM Taunton Energy,US-MA,41.923068,-71.08641,0.9,retired,2025-12-01,MM Taunton Energy LLC,eia:860m,https://www.eia.gov/electricity/data/eia860m/xls/august_generator2026.xlsx,2026-09-26T00:04:26Z,2026-08,55093,UNT1,57226,MA,Bristol,ISNE,IPP Non-CHP,Landfill Gas,biomass,IC,Internal combustion engine,LFG,Landfill gas,0.9,0.9,0.9,RE,Retired,2025-12-01,1997,9
eia860:55093:UNT2,generator,MM Taunton Energy,US-MA,41.923068,-71.08641,0.9,retired,2025-12-01,MM Taunton Energy LLC,eia:860m,https://www.eia.gov/electricity/data/eia860m/xls/august_generator2026.xlsx,2026-09-26T00:04:26Z,2026-08,55093,UNT2,57226,MA,Bristol,ISNE,IPP Non-CHP,Landfill Gas,biomass,IC,Internal combustion engine,LFG,Landfill gas,0.9,0.9,0.9,RE,Retired,2025-12-01,1997,9
eia860:55093:UNT3,generator,MM Taunton Energy,US-MA,41.923068,-71.08641,0.9,retired,2025-12-01,MM Taunton Energy LLC,eia:860m,https://www.eia.gov/electricity/data/eia860m/xls/august_generator2026.xlsx,2026-09-26T00:04:26Z,2026-08,55093,UNT3,57226,MA,Bristol,ISNE,IPP Non-CHP,Landfill Gas,biomass,IC,Internal combustion engine,LFG,Landfill gas,0.9,0.9,0.9,RE,Retired,2025-12-01,2011,5
eia860:55093:UNT4,generator,MM Taunton Energy,US-MA,41.923068,-71.08641,0.9,retired,2025-12-01,MM Taunton Energy LLC,eia:860m,https://www.eia.gov/electricity/data/eia860m/xls/august_generator2026.xlsx,2026-09-26T00:04:26Z,2026-08,55093,UNT4,57226,MA,Bristol,ISNE,IPP Non-CHP,Landfill Gas,biomass,IC,Internal combustion engine,LFG,Landfill gas,0.9,0.9,0.9,RE,Retired,2025-12-01,2011,5
eia860:55184:UN-A,generator,Aera San Ardo Cogen Facility,US-CA,35.953293,-120.86,3,retired,2025-01-01,Aera Energy LLC-San Ardo,eia:860m,https://www.eia.gov/electricity/data/eia860m/xls/august_generator2026.xlsx,2026-09-26T00:04:26Z,2026-08,55184,UN-A,24536,CA,Monterey,CISO,Industrial CHP,Natural Gas Fired Combustion Turbine,natural_gas,GT,Combustion (gas) turbine,NG,Natural gas,3,2.8,3,RE,Retired,2025-01-01,1989,7
eia860:55782:WH01,generator,Noble Ridge LLC,US-MN,43.754739,-95.85345,1.5,retired,2025-12-01,RENEW Energy Inc,eia:860m,https://www.eia.gov/electricity/data/eia860m/xls/august_generator2026.xlsx,2026-09-26T00:04:26Z,2026-08,55782,WH01,56689,MN,Nobles,MISO,IPP Non-CHP,Onshore Wind Turbine,wind,WT,"Wind turbine, onshore",WND,Wind,1.5,1.5,1.5,RE,Retired,2025-12-01,2001,12
eia860:56038:1,generator,UMCP CHP Plant,US-MD,38.985844,-76.93548,11,retired,2025-03-01,Trigen-Cinergy Solutions College Park,eia:860m,https://www.eia.gov/electricity/data/eia860m/xls/august_generator2026.xlsx,2026-09-26T00:04:26Z,2026-08,56038,1,19165,MD,Prince Georges,PJM,IPP CHP,Natural Gas Fired Combustion Turbine,natural_gas,GT,Combustion (gas) turbine,NG,Natural gas,11,9.4,10.8,RE,Retired,2025-03-01,2003,6
eia860:56038:2,generator,UMCP CHP Plant,US-MD,38.985844,-76.93548,11,retired,2025-03-01,Trigen-Cinergy Solutions College Park,eia:860m,https://www.eia.gov/electricity/data/eia860m/xls/august_generator2026.xlsx,2026-09-26T00:04:26Z,2026-08,56038,2,19165,MD,Prince Georges,PJM,IPP CHP,Natural Gas Fired Combustion Turbine,natural_gas,GT,Combustion (gas) turbine,NG,Natural gas,11,9.4,10.8,RE,Retired,2025-03-01,2003,6
eia860:56038:3,generator,UMCP CHP Plant,US-MD,38.985844,-76.93548,5.4,retired,2025-03-01,Trigen-Cinergy Solutions College Park,eia:860m,https://www.eia.gov/electricity/data/eia860m/xls/august_generator2026.xlsx,2026-09-26T00:04:26Z,2026-08,56038,3,19165,MD,Prince Georges,PJM,IPP CHP,Natural Gas Steam Turbine,natural_gas,ST,Steam turbine,NG,Natural gas,5.4,2,5.1,RE,Retired,2025-03-01,2003,7
eia860:56073:01,generator,Alliant SBG 9802 Toyota,US-IA,42.02771,-91.7111,1,retired,2025-10-01,Industrial Energy Applications Inc,eia:860m,https://www.eia.gov/electricity/data/eia860m/xls/august_generator2026.xlsx,2026-09-26T00:04:26Z,2026-08,56073,01,361,IA,Linn,MISO,IPP Non-CHP,Natural Gas Internal Combustion Engine,natural_gas,IC,Internal combustion engine,NG,Natural gas,1,1,1,RE,Retired,2025-10-01,1998,12
eia860:56120:L4,generator,Lee County Landfill,US-SC,34.181042,-80.26778,5.5,retired,2025-12-01,South Carolina Public Service Authority,eia:860m,https://www.eia.gov/electricity/data/eia860m/xls/august_generator2026.xlsx,2026-09-26T00:04:26Z,2026-08,56120,L4,17543,SC,Lee,SC,Electric Utility,Landfill Gas,biomass,GT,Combustion (gas) turbine,LFG,Landfill gas,5.5,5.2,5.2,RE,Retired,2025-12-01,2006,9
eia860:56226:1,generator,Bowling Green Wind,US-OH,41.3786,-83.7383,1.8,retired,2025-03-01,"American Mun Power-Ohio, Inc",eia:860m,https://www.eia.gov/electricity/data/eia860m/xls/august_generator2026.xlsx,2026-09-26T00:04:26Z,2026-08,56226,1,40577,OH,Wood,PJM,Electric Utility,Onshore Wind Turbine,wind,WT,"Wind turbine, onshore",WND,Wind,1.8,1.8,1.8,RE,Retired,2025-03-01,2004,12
eia860:56226:2,generator,Bowling Green Wind,US-OH,41.3786,-83.7383,1.8,retired,2025-03-01,"American Mun Power-Ohio, Inc",eia:860m,https://www.eia.gov/electricity/data/eia860m/xls/august_generator2026.xlsx,2026-09-26T00:04:26Z,2026-08,56226,2,40577,OH,Wood,PJM,Electric Utility,Onshore Wind Turbine,wind,WT,"Wind turbine, onshore",WND,Wind,1.8,1.8,1.8,RE,Retired,2025-03-01,2003,11
eia860:56226:3,generator,Bowling Green Wind,US-OH,41.3786,-83.7383,1.8,retired,2025-03-01,"American Mun Power-Ohio, Inc",eia:860m,https://www.eia.gov/electricity/data/eia860m/xls/august_generator2026.xlsx,2026-09-26T00:04:26Z,2026-08,56226,3,40577,OH,Wood,PJM,Electric Utility,Onshore Wind Turbine,wind,WT,"Wind turbine, onshore",WND,Wind,1.8,1.8,1.8,RE,Retired,2025-03-01,2003,11
eia860:56226:4,generator,Bowling Green Wind,US-OH,41.3786,-83.7383,1.8,retired,2025-03-01,"American Mun Power-Ohio, Inc",eia:860m,https://www.eia.gov/electricity/data/eia860m/xls/august_generator2026.xlsx,2026-09-26T00:04:26Z,2026-08,56226,4,40577,OH,Wood,PJM,Electric Utility,Onshore Wind Turbine,wind,WT,"Wind turbine, onshore",WND,Wind,1.8,1.8,1.8,RE,Retired,2025-03-01,2004,11
eia860:56317:1,generator,Raft River Geothermal Power Plant,US-ID,42.099417,-113.3825,18,retired,2025-03-01,US Geothermal Inc.,eia:860m,https://www.eia.gov/electricity/data/eia860m/xls/august_generator2026.xlsx,2026-09-26T00:04:26Z,2026-08,56317,1,50147,ID,Cassia,BPAT,IPP Non-CHP,Geothermal,geothermal,BT,Turbines used in a binary cycle (geothermal),GEO,Geothermal,18,10,12.2,RE,Retired,2025-03-01,2008,4
eia860:56376:WTG1,generator,Pike County Wind Power,US-IL,39.6189,-90.8461,1.7,retired,2025-11-01,Illinois Rural Electric Coop,eia:860m,https://www.eia.gov/electricity/data/eia860m/xls/august_generator2026.xlsx,2026-09-26T00:04:26Z,2026-08,56376,WTG1,9209,IL,Pike,MISO,Electric Utility,Onshore Wind Turbine,wind,WT,"Wind turbine, onshore",WND,Wind,1.7,1.7,1.7,RE,Retired,2025-11-01,2005,5
eia860:56461:DC1,generator,Dry Creek LFG to Energy Project,US-OR,42.3844,-122.7718,1.6,retired,2026-07-01,Oregon Environmental Industries LLC,eia:860m,https://www.eia.gov/electricity/data/eia860m/xls/august_generator2026.xlsx,2026-09-26T00:04:26Z,2026-08,56461,DC1,54878,OR,Jackson,PACW,Commercial Non-CHP,Landfill Gas,biomass,IC,Internal combustion engine,LFG,Landfill gas,1.6,1.5,1.5,RE,Retired,2026-07-01,2007,7
eia860:56461:DC2,generator,Dry Creek LFG to Energy Project,US-OR,42.3844,-122.7718,1.6,retired,2026-07-01,Oregon Environmental Industries LLC,eia:860m,https://www.eia.gov/electricity/data/eia860m/xls/august_generator2026.xlsx,2026-09-26T00:04:26Z,2026-08,56461,DC2,54878,OR,Jackson,PACW,Commercial Non-CHP,Landfill Gas,biomass,IC,Internal combustion engine,LFG,Landfill gas,1.6,1.5,1.5,RE,Retired,2026-07-01,2007,7
eia860:56800:HW2,generator,Hull Wind II,US-MA,42.261111,-70.85639,1.8,retired,2025-12-01,Hull Municipal Light Plant - (MA),eia:860m,https://www.eia.gov/electricity/data/eia860m/xls/august_generator2026.xlsx,2026-09-26T00:04:26Z,2026-08,56800,HW2,8797,MA,Plymouth,ISNE,Electric Utility,Onshore Wind Turbine,wind,WT,"Wind turbine, onshore",WND,Wind,1.8,1.8,1.8,RE,Retired,2025-12-01,2006,5
eia860:56915:1,generator,SAS Solar Farm,US-NC,35.8136,-78.7503,0.5,retired,2025-12-01,SAS Institute Inc,eia:860m,https://www.eia.gov/electricity/data/eia860m/xls/august_generator2026.xlsx,2026-09-26T00:04:26Z,2026-08,56915,1,56128,NC,Wake,CPLE,IPP Non-CHP,Solar Photovoltaic,solar,PV,Photovoltaic,SUN,Solar,0.5,0.5,0.5,RE,Retired,2025-12-01,2008,12
eia860:56915:2,generator,SAS Solar Farm,US-NC,35.8136,-78.7503,0.5,retired,2025-12-01,SAS Institute Inc,eia:860m,https://www.eia.gov/electricity/data/eia860m/xls/august_generator2026.xlsx,2026-09-26T00:04:26Z,2026-08,56915,2,56128,NC,Wake,CPLE,IPP Non-CHP,Solar Photovoltaic,solar,PV,Photovoltaic,SUN,Solar,0.5,0.5,0.5,RE,Retired,2025-12-01,2008,12
eia860:56987:GEN1,generator,Hyland LFGTE Facility,US-NY,42.2853,-78.0061,1.6,retired,2025-06-01,Casella Waste Systems,eia:860m,https://www.eia.gov/electricity/data/eia860m/xls/august_generator2026.xlsx,2026-09-26T00:04:26Z,2026-08,56987,GEN1,34466,NY,Allegany,NYIS,IPP Non-CHP,Landfill Gas,biomass,IC,Internal combustion engine,LFG,Landfill gas,1.6,1.6,1.6,RE,Retired,2025-06-01,2008,8
eia860:56987:GEN2,generator,Hyland LFGTE Facility,US-NY,42.2853,-78.0061,1.6,retired,2025-06-01,Casella Waste Systems,eia:860m,https://www.eia.gov/electricity/data/eia860m/xls/august_generator2026.xlsx,2026-09-26T00:04:26Z,2026-08,56987,GEN2,34466,NY,Allegany,NYIS,IPP Non-CHP,Landfill Gas,biomass,IC,Internal combustion engine,LFG,Landfill gas,1.6,1.6,1.6,RE,Retired,2025-06-01,2008,8
eia860:56987:GEN3,generator,Hyland LFGTE Facility,US-NY,42.2853,-78.0061,1.6,retired,2025-06-01,Casella Waste Systems,eia:860m,https://www.eia.gov/electricity/data/eia860m/xls/august_generator2026.xlsx,2026-09-26T00:04:26Z,2026-08,56987,GEN3,34466,NY,Allegany,NYIS,IPP Non-CHP,Landfill Gas,biomass,IC,Internal combustion engine,LFG,Landfill gas,1.6,1.6,1.6,RE,Retired,2025-06-01,2008,8
eia860:57128:357,generator,G2 Energy Marion LLC,US-FL,29.122882,-82.05545,1.6,retired,2026-03-01,G2 Energy LLC,eia:860m,https://www.eia.gov/electricity/data/eia860m/xls/august_generator2026.xlsx,2026-09-26T00:04:26Z,2026-08,57128,357,56440,FL,Marion,FPC,IPP Non-CHP,Landfill Gas,biomass,IC,Internal combustion engine,LFG,Landfill gas,1.6,1.5,1.5,RE,Retired,2026-03-01,2009,1
eia860:57172:1,generator,Glen Ullin Station 6,US-ND,46.8214,-101.7564,5.3,retired,2026-06-01,Montana-Dakota Utilities Co,eia:860m,https://www.eia.gov/electricity/data/eia860m/xls/august_generator2026.xlsx,2026-09-26T00:04:26Z,2026-08,57172,1,12199,ND,Morton,MISO,Electric Utility,All Other,other,ST,Steam turbine,WH,Waste heat,5.3,5.3,5.3,RE,Retired,2026-06-01,2009,7
eia860:57334:PV01,generator,DE Solar 10240 Old Dowd Rd,US-NC,35.2458,-80.9967,1.9,retired,2026-06-01,"Duke Energy Carolinas, LLC",eia:860m,https://www.eia.gov/electricity/data/eia860m/xls/august_generator2026.xlsx,2026-09-26T00:04:26Z,2026-08,57334,PV01,5416,NC,Mecklenburg,DUK,Electric Utility,Solar Photovoltaic,solar,PV,Photovoltaic,SUN,Solar,1.9,1.9,1.9,RE,Retired,2026-06-01,2010,9
eia860:57335:PV01,generator,DE Solar 657 Brigham Rd,US-NC,36.1053,-79.9692,1.3,retired,2026-06-01,"Duke Energy Carolinas, LLC",eia:860m,https://www.eia.gov/electricity/data/eia860m/xls/august_generator2026.xlsx,2026-09-26T00:04:26Z,2026-08,57335,PV01,5416,NC,Guilford,DUK,Electric Utility,Solar Photovoltaic,solar,PV,Photovoltaic,SUN,Solar,1.3,1.3,1.3,RE,Retired,2026-06-01,2010,4
eia860:57336:PV01,generator,DE Solar 1725 Drywall Dr,US-NC,35.3261,-80.9967,1,retired,2025-07-01,"Duke Energy Carolinas, LLC",eia:860m,https://www.eia.gov/electricity/data/eia860m/xls/august_generator2026.xlsx,2026-09-26T00:04:26Z,2026-08,57336,PV01,5416,NC,Gaston,DUK,Electric Utility,Solar Photovoltaic,solar,PV,Photovoltaic,SUN,Solar,1,1,1,RE,Retired,2025-07-01,2010,1
eia860:57447:2,generator,Laurel Mountain Hybrid,US-WV,39.0072,-79.8866,16,retired,2025-07-01,AES Distributed Energy,eia:860m,https://www.eia.gov/electricity/data/eia860m/xls/august_generator2026.xlsx,2026-09-26T00:04:26Z,2026-08,57447,2,61012,WV,Barbour,PJM,IPP Non-CHP,Batteries,storage,BA,"Energy storage, battery",MWH,Electricity used for energy storage,16,16,16,RE,Retired,2025-07-01,2011,10
eia860:57584:BS1,generator,University of California San Diego Hybri,US-CA,32.8747,-117.2392,2.5,retired,2025-06-01,University of California San Diego,eia:860m,https://www.eia.gov/electricity/data/eia860m/xls/august_generator2026.xlsx,2026-09-26T00:04:26Z,2026-08,57584,BS1,56918,CA,San Diego,CISO,Commercial CHP,Batteries,storage,BA,"Energy storage, battery",MWH,Electricity used for energy storage,2.5,2.5,2.5,RE,Retired,2025-06-01,2015,12
eia860:57625:BOS4,generator,"Bos Dairy, LLC",US-IN,41.1153,-87.2328,1,retired,2026-07-01,"Bos Dairy, LLC",eia:860m,https://www.eia.gov/electricity/data/eia860m/xls/august_generator2026.xlsx,2026-09-26T00:04:26Z,2026-08,57625,BOS4,56953,IN,Jasper,MISO,Industrial Non-CHP,Natural Gas Internal Combustion Engine,natural_gas,IC,Internal combustion engine,NG,Natural gas,1,0.9,0.9,RE,Retired,2026-07-01,2020,3
eia860:57689:NORD1,generator,Norden 1-3,US-CT,41.1117,-73.3928,2,retired,2025-05-01,Third Taxing District of Norwalk,eia:860m,https://www.eia.gov/electricity/data/eia860m/xls/august_generator2026.xlsx,2026-09-26T00:04:26Z,2026-08,57689,NORD1,57015,CT,Fairfield,ISNE,Electric Utility,Petroleum Liquids,petroleum,IC,Internal combustion engine,DFO,Distillate fuel oil,2,2,2,RE,Retired,2025-05-01,2004,6
eia860:57689:NORD2,generator,Norden 1-3,US-CT,41.1117,-73.3928,2,retired,2025-05-01,Third Taxing District of Norwalk,eia:860m,https://www.eia.gov/electricity/data/eia860m/xls/august_generator2026.xlsx,2026-09-26T00:04:26Z,2026-08,57689,NORD2,57015,CT,Fairfield,ISNE,Electric Utility,Petroleum Liquids,petroleum,IC,Internal combustion engine,DFO,Distillate fuel oil,2,2,2,RE,Retired,2025-05-01,2004,6
eia860:57689:NORD3,generator,Norden 1-3,US-CT,41.1117,-73.3928,2,retired,2025-05-01,Third Taxing District of Norwalk,eia:860m,https://www.eia.gov/electricity/data/eia860m/xls/august_generator2026.xlsx,2026-09-26T00:04:26Z,2026-08,57689,NORD3,57015,CT,Fairfield,ISNE,Electric Utility,Petroleum Liquids,petroleum,IC,Internal combustion engine,DFO,Distillate fuel oil,2,2,2,RE,Retired,2025-05-01,2004,6
eia860:57863:UNIT1,generator,McKee City Solar Phase 2,US-NJ,39.421944,-74.63917,2.4,retired,2025-01-01,MN8 Energy LLC,eia:860m,https://www.eia.gov/electricity/data/eia860m/xls/august_generator2026.xlsx,2026-09-26T00:04:26Z,2026-08,57863,UNIT1,61944,NJ,Atlantic,PJM,IPP Non-CHP,Solar Photovoltaic,solar,PV,Photovoltaic,SUN,Solar,2.4,2.4,2.4,RE,Retired,2025-01-01,2011,12
eia860:58044:GEN1,generator,"Anchor Wind, LLC",US-IA,41.850833,-91.23417,6,retired,2025-01-01,"Acciona Energy USA Global, LLC",eia:860m,https://www.eia.gov/electricity/data/eia860m/xls/august_generator2026.xlsx,2026-09-26T00:04:26Z,2026-08,58044,GEN1,57416,IA,Cedar,MISO,IPP Non-CHP,Onshore Wind Turbine,wind,WT,"Wind turbine, onshore",WND,Wind,6,5.9,5.9,RE,Retired,2025-01-01,2012,10
eia860:58056:PV,generator,"Irwindale Brew Yard, LLC",US-CA,34.121667,-117.9383,2.5,retired,2025-04-01,"Irwindale Brew Yard, LLC",eia:860m,https://www.eia.gov/electricity/data/eia860m/xls/august_generator2026.xlsx,2026-09-26T00:04:26Z,2026-08,58056,PV,63952,CA,Los Angeles,CISO,Industrial Non-CHP,Solar Photovoltaic,solar,PV,Photovoltaic,SUN,Solar,2.5,0.8,0.8,RE,Retired,2025-04-01,2015,3
eia860:58191:GT1,generator,US Magnesium,US-UT,40.913333,-112.7339,16,retired,2025-12-01,US Magnesium,eia:860m,https://www.eia.gov/electricity/data/eia860m/xls/august_generator2026.xlsx,2026-09-26T00:04:26Z,2026-08,58191,GT1,58153,UT,Tooele,PACE,Industrial CHP,Natural Gas Fired Combustion Turbine,natural_gas,GT,Combustion (gas) turbine,NG,Natural gas,16,11,13,RE,Retired,2025-12-01,1972,1
eia860:58191:GT2,generator,US Magnesium,US-UT,40.913333,-112.7339,16,retired,2025-12-01,US Magnesium,eia:860m,https://www.eia.gov/electricity/data/eia860m/xls/august_generator2026.xlsx,2026-09-26T00:04:26Z,2026-08,58191,GT2,58153,UT,Tooele,PACE,Industrial CHP,Natural Gas Fired Combustion Turbine,natural_gas,GT,Combustion (gas) turbine,NG,Natural gas,16,11,13,RE,Retired,2025-12-01,1972,1
eia860:58191:GT3,generator,US Magnesium,US-UT,40.913333,-112.7339,16,retired,2025-12-01,US Magnesium,eia:860m,https://www.eia.gov/electricity/data/eia860m/xls/august_generator2026.xlsx,2026-09-26T00:04:26Z,2026-08,58191,GT3,58153,UT,Tooele,PACE,Industrial CHP,Natural Gas Fired Combustion Turbine,natural_gas,GT,Combustion (gas) turbine,NG,Natural gas,16,11,13,RE,Retired,2025-12-01,1972,1
eia860:58196:ST1,generator,Cargill Salt Hersey,US-MI,43.834167,-85.35583,2.1,retired,2025-05-01,Cargill Salt Hersey,eia:860m,https://www.eia.gov/electricity/data/eia860m/xls/august_generator2026.xlsx,2026-09-26T00:04:26Z,2026-08,58196,ST1,58170,MI,Osceola,MISO,Industrial CHP,Natural Gas Steam Turbine,natural_gas,ST,Steam turbine,NG,Natural gas,2.1,2.1,2.1,RE,Retired,2025-05-01,1998,9
eia860:58382:GEN1,generator,Threemile Digester,US-OR,45.71,-119.9011,1.6,retired,2026-03-01,"TMF-RIG, LLC",eia:860m,https://www.eia.gov/electricity/data/eia860m/xls/august_generator2026.xlsx,2026-09-26T00:04:26Z,2026-08,58382,GEN1,66969,OR,Morrow,PACW,IPP CHP,Natural Gas Internal Combustion Engine,natural_gas,IC,Internal combustion engine,NG,Natural gas,1.6,1.6,1.6,RE,Retired,2026-03-01,2012,12
eia860:58382:GEN2,generator,Threemile Digester,US-OR,45.71,-119.9011,1.6,retired,2026-03-01,"TMF-RIG, LLC",eia:860m,https://www.eia.gov/electricity/data/eia860m/xls/august_generator2026.xlsx,2026-09-26T00:04:26Z,2026-08,58382,GEN2,66969,OR,Morrow,PACW,IPP CHP,Natural Gas Internal Combustion Engine,natural_gas,IC,Internal combustion engine,NG,Natural gas,1.6,1.6,1.6,RE,Retired,2026-03-01,2012,12
eia860:58382:GEN3,generator,Threemile Digester,US-OR,45.71,-119.9011,1.6,retired,2026-01-01,"TMF-RIG, LLC",eia:860m,https://www.eia.gov/electricity/data/eia860m/xls/august_generator2026.xlsx,2026-09-26T00:04:26Z,2026-08,58382,GEN3,66969,OR,Morrow,PACW,IPP CHP,Natural Gas Internal Combustion Engine,natural_gas,IC,Internal combustion engine,NG,Natural gas,1.6,1.6,1.6,RE,Retired,2026-01-01,2012,12
eia860:594:4,generator,Indian River Generating Station,US-DE,38.5857,-75.2341,445.5,retired,2025-02-01,Indian River Operations Inc,eia:860m,https://www.eia.gov/electricity/data/eia860m/xls/august_generator2026.xlsx,2026-09-26T00:04:26Z,2026-08,594,4,9332,DE,Sussex,PJM,IPP Non-CHP,Conventional Steam Coal,coal,ST,Steam turbine,BIT,Bituminous coal,445.5,410,410,RE,Retired,2025-02-01,1980,10
eia860:59683:12345,generator,Foxconn Ohio,US-OH,41.148019,-80.88375,2.2,retired,2025-11-01,Foxconn,eia:860m,https://www.eia.gov/electricity/data/eia860m/xls/august_generator2026.xlsx,2026-09-26T00:04:26Z,2026-08,59683,12345,63438,OH,Trumbull,PJM,Industrial Non-CHP,Solar Photovoltaic,solar,PV,Photovoltaic,SUN,Solar,2.2,1.7,0.6,RE,Retired,2025-11-01,2015,1
eia860:59735:KCC01,generator,Kirkwood Wind Turbine,US-IA,41.916558,-91.6509,2.5,retired,2025-06-01,Kirkwood Community College,eia:860m,https://www.eia.gov/electricity/data/eia860m/xls/august_generator2026.xlsx,2026-09-26T00:04:26Z,2026-08,59735,KCC01,59504,IA,Linn,MISO,IPP Non-CHP,Onshore Wind Turbine,wind,WT,"Wind turbine, onshore",WND,Wind,2.5,0.7,2.3,RE,Retired,2025-06-01,2012,2
eia860:59759:CAT1,generator,Glades Pike Generation Plant,US-PA,40.00665,-79.04104,1.6,retired,2026-05-01,State Correctnl Inst Laurel Highlands,eia:860m,https://www.eia.gov/electricity/data/eia860m/xls/august_generator2026.xlsx,2026-09-26T00:04:26Z,2026-08,59759,CAT1,59526,PA,Somerset,PJM,Commercial Non-CHP,Landfill Gas,biomass,IC,Internal combustion engine,LFG,Landfill gas,1.6,1.6,1.6,RE,Retired,2026-05-01,2011,10
eia860:59759:CAT2,generator,Glades Pike Generation Plant,US-PA,40.00665,-79.04104,1.6,retired,2026-05-01,State Correctnl Inst Laurel Highlands,eia:860m,https://www.eia.gov/electricity/data/eia860m/xls/august_generator2026.xlsx,2026-09-26T00:04:26Z,2026-08,59759,CAT2,59526,PA,Somerset,PJM,Commercial Non-CHP,Landfill Gas,biomass,IC,Internal combustion engine,LFG,Landfill gas,1.6,1.6,1.6,RE,Retired,2026-05-01,2011,10
eia860:60016:A,generator,MESA 1,US-WA,47.936194,-122.2469,1,retired,2025-08-01,PUD No 1 of Snohomish County - (WA),eia:860m,https://www.eia.gov/electricity/data/eia860m/xls/august_generator2026.xlsx,2026-09-26T00:04:26Z,2026-08,60016,A,17470,WA,Snohomish,BPAT,Electric Utility,Batteries,storage,BA,"Energy storage, battery",MWH,Electricity used for energy storage,1,1,1,RE,Retired,2025-08-01,2015,7
eia860:60016:B,generator,MESA 1,US-WA,47.936194,-122.2469,1,retired,2025-08-01,PUD No 1 of Snohomish County - (WA),eia:860m,https://www.eia.gov/electricity/data/eia860m/xls/august_generator2026.xlsx,2026-09-26T00:04:26Z,2026-08,60016,B,17470,WA,Snohomish,BPAT,Electric Utility,Batteries,storage,BA,"Energy storage, battery",MWH,Electricity used for energy storage,1,1,1,RE,Retired,2025-08-01,2016,2
eia860:60297:1,generator,Clinton Battery,US-OH,39.295883,-83.96078,10,retired,2026-02-01,"Clinton Battery Utility, LLC",eia:860m,https://www.eia.gov/electricity/data/eia860m/xls/august_generator2026.xlsx,2026-09-26T00:04:26Z,2026-08,60297,1,60094,OH,Clinton,PJM,IPP Non-CHP,Batteries,storage,BA,"Energy storage, battery",MWH,Electricity used for energy storage,10,5,5,RE,Retired,2026-02-01,2016,10
eia860:60349:LFGG1,generator,"Hill AFB LFG Facility, Bldg #737",US-UT,41.12902,-111.9641,0.6,retired,2025-01-01,Ameresco Federal Solutions,eia:860m,https://www.eia.gov/electricity/data/eia860m/xls/august_generator2026.xlsx,2026-09-26T00:04:26Z,2026-08,60349,LFGG1,60146,UT,Davis,PACE,Commercial Non-CHP,Landfill Gas,biomass,IC,Internal combustion engine,LFG,Landfill gas,0.6,0.6,0.6,RE,Retired,2025-01-01,2005,1
eia860:60349:LFGG2,generator,"Hill AFB LFG Facility, Bldg #737",US-UT,41.12902,-111.9641,0.7,retired,2025-01-01,Ameresco Federal Solutions,eia:860m,https://www.eia.gov/electricity/data/eia860m/xls/august_generator2026.xlsx,2026-09-26T00:04:26Z,2026-08,60349,LFGG2,60146,UT,Davis,PACE,Commercial Non-CHP,Landfill Gas,biomass,IC,Internal combustion engine,LFG,Landfill gas,0.7,0.7,0.7,RE,Retired,2025-01-01,2005,1
eia860:60349:LFGG3,generator,"Hill AFB LFG Facility, Bldg #737",US-UT,41.12902,-111.9641,1,retired,2025-01-01,Ameresco Federal Solutions,eia:860m,https://www.eia.gov/electricity/data/eia860m/xls/august_generator2026.xlsx,2026-09-26T00:04:26Z,2026-08,60349,LFGG3,60146,UT,Davis,PACE,Commercial Non-CHP,Landfill Gas,biomass,IC,Internal combustion engine,LFG,Landfill gas,1,0.9,1,RE,Retired,2025-01-01,2008,5
eia860:6049:UN1,generator,West Tisbury Generating Facility,US-MA,41.392486,-70.62009,2.7,retired,2025-09-01,Vineyard Reliability LLC,eia:860m,https://www.eia.gov/electricity/data/eia860m/xls/august_generator2026.xlsx,2026-09-26T00:04:26Z,2026-08,6049,UN1,64488,MA,Dukes,ISNE,IPP Non-CHP,Petroleum Liquids,petroleum,IC,Internal combustion engine,DFO,Distillate fuel oil,2.7,2.8,2.8,RE,Retired,2025-09-01,1975,1
eia860:6049:UN2,generator,West Tisbury Generating Facility,US-MA,41.392486,-70.62009,2.7,retired,2025-09-01,Vineyard Reliability LLC,eia:860m,https://www.eia.gov/electricity/data/eia860m/xls/august_generator2026.xlsx,2026-09-26T00:04:26Z,2026-08,6049,UN2,64488,MA,Dukes,ISNE,IPP Non-CHP,Petroleum Liquids,petroleum,IC,Internal combustion engine,DFO,Distillate fuel oil,2.7,2.8,2.8,RE,Retired,2025-09-01,1975,1
eia860:60660:WBU,generator,Willey Battery Utility,US-OH,39.287747,-84.68031,6,retired,2025-09-01,"Willey Battery Utility, LLC",eia:860m,https://www.eia.gov/electricity/data/eia860m/xls/august_generator2026.xlsx,2026-09-26T00:04:26Z,2026-08,60660,WBU,60394,OH,Hamilton,PJM,IPP Non-CHP,Batteries,storage,BA,"Energy storage, battery",MWH,Electricity used for energy storage,6,6,6,RE,Retired,2025-09-01,2016,1
eia860:60696:1,generator,Nodal Power,US-NM,31.811078,-106.5933,1.6,retired,2025-02-01,"ENERGYneering Solutions, Inc",eia:860m,https://www.eia.gov/electricity/data/eia860m/xls/august_generator2026.xlsx,2026-09-26T00:04:26Z,2026-08,60696,1,59370,NM,Dona Ana,EPE,IPP Non-CHP,Landfill Gas,biomass,IC,Internal combustion engine,LFG,Landfill gas,1.6,1.6,1.6,RE,Retired,2025-02-01,2008,4
eia860:60696:2,generator,Nodal Power,US-NM,31.811078,-106.5933,1.6,retired,2025-02-01,"ENERGYneering Solutions, Inc",eia:860m,https://www.eia.gov/electricity/data/eia860m/xls/august_generator2026.xlsx,2026-09-26T00:04:26Z,2026-08,60696,2,59370,NM,Dona Ana,EPE,IPP Non-CHP,Landfill Gas,biomass,IC,Internal combustion engine,LFG,Landfill gas,1.6,1.6,1.6,RE,Retired,2025-02-01,2008,4
eia860:60760:PE101,generator,PPA Grand,US-CA,33.691,-117.833,2,retired,2025-09-01,esVolta LP,eia:860m,https://www.eia.gov/electricity/data/eia860m/xls/august_generator2026.xlsx,2026-09-26T00:04:26Z,2026-08,60760,PE101,61198,CA,Orange,CISO,IPP Non-CHP,Batteries,storage,BA,"Energy storage, battery",MWH,Electricity used for energy storage,2,2,2,RE,Retired,2025-09-01,2016,12
eia860:61355:HY1,generator,Arlington Outlet Hydroelectric Generator,US-TX,32.639069,-97.24291,1.3,retired,2025-07-01,Tarrant Regional Water District,eia:860m,https://www.eia.gov/electricity/data/eia860m/xls/august_generator2026.xlsx,2026-09-26T00:04:26Z,2026-08,61355,HY1,60995,TX,Tarrant,ERCO,Commercial Non-CHP,Conventional Hydroelectric,hydro,HY,Hydraulic turbine (conventional hydro),WAT,Water,1.3,1.3,1.3,RE,Retired,2025-07-01,2015,9
eia860:61493:SEALY,generator,E-Volve Energy Holdings LLC,US-TX,29.740788,-96.15994,1.2,retired,2025-12-01,E-Volve Energy Holdings LLC,eia:860m,https://www.eia.gov/electricity/data/eia860m/xls/august_generator2026.xlsx,2026-09-26T00:04:26Z,2026-08,61493,SEALY,61100,TX,Austin,ERCO,IPP Non-CHP,Solar Photovoltaic,solar,PV,Photovoltaic,SUN,Solar,1.2,1.2,1.2,RE,Retired,2025-12-01,2015,12
eia860:61779:ENG1,generator,Hernando,US-FL,28.66898,-82.48573,1.6,retired,2025-10-01,Hernando Energy,eia:860m,https://www.eia.gov/electricity/data/eia860m/xls/august_generator2026.xlsx,2026-09-26T00:04:26Z,2026-08,61779,ENG1,61402,FL,Hernando,SEC,IPP Non-CHP,Landfill Gas,biomass,IC,Internal combustion engine,LFG,Landfill gas,1.6,1.6,1.6,RE,Retired,2025-10-01,2010,2
eia860:62270:CAT04,generator,Westchester County Medical Center,US-NY,41.08921,-73.80443,0.7,retired,2025-03-01,Westchester County Medical Center - (NY),eia:860m,https://www.eia.gov/electricity/data/eia860m/xls/august_generator2026.xlsx,2026-09-26T00:04:26Z,2026-08,62270,CAT04,61802,NY,Westchester,NYIS,Commercial Non-CHP,Petroleum Liquids,petroleum,IC,Internal combustion engine,DFO,Distillate fuel oil,0.7,0.7,0.7,RE,Retired,2025-03-01,2000,1
eia860:62270:CATN1,generator,Westchester County Medical Center,US-NY,41.08921,-73.80443,0.7,retired,2025-03-01,Westchester County Medical Center - (NY),eia:860m,https://www.eia.gov/electricity/data/eia860m/xls/august_generator2026.xlsx,2026-09-26T00:04:26Z,2026-08,62270,CATN1,61802,NY,Westchester,NYIS,Commercial Non-CHP,Petroleum Liquids,petroleum,IC,Internal combustion engine,DFO,Distillate fuel oil,0.7,0.7,0.7,RE,Retired,2025-03-01,1974,1
eia860:62270:CATN2,generator,Westchester County Medical Center,US-NY,41.08921,-73.80443,0.7,retired,2025-03-01,Westchester County Medical Center - (NY),eia:860m,https://www.eia.gov/electricity/data/eia860m/xls/august_generator2026.xlsx,2026-09-26T00:04:26Z,2026-08,62270,CATN2,61802,NY,Westchester,NYIS,Commercial Non-CHP,Petroleum Liquids,petroleum,IC,Internal combustion engine,DFO,Distillate fuel oil,0.7,0.7,0.7,RE,Retired,2025-03-01,1974,1
eia860:62270:CATN3,generator,Westchester County Medical Center,US-NY,41.08921,-73.80443,0.7,retired,2025-03-01,Westchester County Medical Center - (NY),eia:860m,https://www.eia.gov/electricity/data/eia860m/xls/august_generator2026.xlsx,2026-09-26T00:04:26Z,2026-08,62270,CATN3,61802,NY,Westchester,NYIS,Commercial Non-CHP,Petroleum Liquids,petroleum,IC,Internal combustion engine,DFO,Distillate fuel oil,0.7,0.7,0.7,RE,Retired,2025-03-01,1996,1
eia860:62453:EG1,generator,Mt. Sinai- Morningside,US-NY,40.928827,-73.89802,0.2,retired,2025-01-01,Mt. Sinai- Morningside,eia:860m,https://www.eia.gov/electricity/data/eia860m/xls/august_generator2026.xlsx,2026-09-26T00:04:26Z,2026-08,62453,EG1,61971,NY,Westchester,NYIS,Commercial Non-CHP,Petroleum Liquids,petroleum,IC,Internal combustion engine,DFO,Distillate fuel oil,0.2,0.3,0.3,RE,Retired,2025-01-01,1995,1
eia860:62453:EG2,generator,Mt. Sinai- Morningside,US-NY,40.928827,-73.89802,0.3,retired,2025-01-01,Mt. Sinai- Morningside,eia:860m,https://www.eia.gov/electricity/data/eia860m/xls/august_generator2026.xlsx,2026-09-26T00:04:26Z,2026-08,62453,EG2,61971,NY,Westchester,NYIS,Commercial Non-CHP,Petroleum Liquids,petroleum,IC,Internal combustion engine,DFO,Distillate fuel oil,0.3,0.3,0.3,RE,Retired,2025-01-01,2010,1
eia860:62736:250KW,generator,Harbec Energy,US-NY,43.22731,-77.36409,0.3,retired,2025-11-01,Harbec Energy,eia:860m,https://www.eia.gov/electricity/data/eia860m/xls/august_generator2026.xlsx,2026-09-26T00:04:26Z,2026-08,62736,250KW,62657,NY,Wayne,NYIS,Industrial CHP,Onshore Wind Turbine,wind,WT,"Wind turbine, onshore",WND,Wind,0.3,0.3,0.3,RE,Retired,2025-11-01,2001,12
eia860:62736:850KW,generator,Harbec Energy,US-NY,43.22731,-77.36409,0.9,retired,2025-11-01,Harbec Energy,eia:860m,https://www.eia.gov/electricity/data/eia860m/xls/august_generator2026.xlsx,2026-09-26T00:04:26Z,2026-08,62736,850KW,62657,NY,Wayne,NYIS,Industrial CHP,Onshore Wind Turbine,wind,WT,"Wind turbine, onshore",WND,Wind,0.9,0.9,0.9,RE,Retired,2025-11-01,2011,12
eia860:62736:CPH,generator,Harbec Energy,US-NY,43.22731,-77.36409,0.5,retired,2025-11-01,Harbec Energy,eia:860m,https://www.eia.gov/electricity/data/eia860m/xls/august_generator2026.xlsx,2026-09-26T00:04:26Z,2026-08,62736,CPH,62657,NY,Wayne,NYIS,Industrial CHP,Natural Gas Fired Combustion Turbine,natural_gas,GT,Combustion (gas) turbine,NG,Natural gas,0.5,0.5,0.5,RE,Retired,2025-11-01,2015,12
eia860:627:P3,generator,Bayboro,US-FL,27.758056,-82.63528,56.7,retired,2025-06-01,"Duke Energy Florida, LLC",eia:860m,https://www.eia.gov/electricity/data/eia860m/xls/august_generator2026.xlsx,2026-09-26T00:04:26Z,2026-08,627,P3,6455,FL,Pinellas,FPC,Electric Utility,Petroleum Liquids,petroleum,GT,Combustion (gas) turbine,DFO,Distillate fuel oil,56.7,40,54,RE,Retired,2025-06-01,1973,4
eia860:6283:5,generator,Seldovia,US-AK,59.439542,-151.7134,1.2,retired,2025-07-01,Homer Electric Assn Inc,eia:860m,https://www.eia.gov/electricity/data/eia860m/xls/august_generator2026.xlsx,2026-09-26T00:04:26Z,2026-08,6283,5,19558,AK,Kenai Peninsula,,Electric Utility,Petroleum Liquids,petroleum,IC,Internal combustion engine,DFO,Distillate fuel oil,1.2,1.2,1.2,RE,Retired,2025-07-01,2004,12
eia860:6304:11wt,generator,Kotzebue Hybrid,US-AK,66.837778,-162.5569,0.1,retired,2026-06-01,Kotzebue Electric Assn Inc,eia:860m,https://www.eia.gov/electricity/data/eia860m/xls/august_generator2026.xlsx,2026-09-26T00:04:26Z,2026-08,6304,11wt,10451,AK,NORTHWEST ARCTIC,,Electric Utility,Onshore Wind Turbine,wind,WT,"Wind turbine, onshore",WND,Wind,0.1,0.1,0.1,RE,Retired,2026-06-01,2005,5
eia860:6304:13WT,generator,Kotzebue Hybrid,US-AK,66.837778,-162.5569,0.1,retired,2026-05-01,Kotzebue Electric Assn Inc,eia:860m,https://www.eia.gov/electricity/data/eia860m/xls/august_generator2026.xlsx,2026-09-26T00:04:26Z,2026-08,6304,13WT,10451,AK,NORTHWEST ARCTIC,,Electric Utility,Onshore Wind Turbine,wind,WT,"Wind turbine, onshore",WND,Wind,0.1,0.1,0.1,RE,Retired,2026-05-01,2006,5
eia860:6304:14wt,generator,Kotzebue Hybrid,US-AK,66.837778,-162.5569,0.1,retired,2026-05-01,Kotzebue Electric Assn Inc,eia:860m,https://www.eia.gov/electricity/data/eia860m/xls/august_generator2026.xlsx,2026-09-26T00:04:26Z,2026-08,6304,14wt,10451,AK,NORTHWEST ARCTIC,,Electric Utility,Onshore Wind Turbine,wind,WT,"Wind turbine, onshore",WND,Wind,0.1,0.1,0.1,RE,Retired,2026-05-01,2002,5
eia860:6304:15WT,generator,Kotzebue Hybrid,US-AK,66.837778,-162.5569,0.1,retired,2026-05-01,Kotzebue Electric Assn Inc,eia:860m,https://www.eia.gov/electricity/data/eia860m/xls/august_generator2026.xlsx,2026-09-26T00:04:26Z,2026-08,6304,15WT,10451,AK,NORTHWEST ARCTIC,,Electric Utility,Onshore Wind Turbine,wind,WT,"Wind turbine, onshore",WND,Wind,0.1,0.1,0.1,RE,Retired,2026-05-01,2006,5
eia860:6304:16WT,generator,Kotzebue Hybrid,US-AK,66.837778,-162.5569,0.1,retired,2026-05-01,Kotzebue Electric Assn Inc,eia:860m,https://www.eia.gov/electricity/data/eia860m/xls/august_generator2026.xlsx,2026-09-26T00:04:26Z,2026-08,6304,16WT,10451,AK,NORTHWEST ARCTIC,,Electric Utility,Onshore Wind Turbine,wind,WT,"Wind turbine, onshore",WND,Wind,0.1,0.1,0.1,RE,Retired,2026-05-01,2006,5
eia860:6304:17WT,generator,Kotzebue Hybrid,US-AK,66.837778,-162.5569,0.1,retired,2026-05-01,Kotzebue Electric Assn Inc,eia:860m,https://www.eia.gov/electricity/data/eia860m/xls/august_generator2026.xlsx,2026-09-26T00:04:26Z,2026-08,6304,17WT,10451,AK,NORTHWEST ARCTIC,,Electric Utility,Onshore Wind Turbine,wind,WT,"Wind turbine, onshore",WND,Wind,0.1,0.1,0.1,RE,Retired,2026-05-01,2006,5
eia860:6304:1WT,generator,Kotzebue Hybrid,US-AK,66.837778,-162.5569,0.6,retired,2026-05-01,Kotzebue Electric Assn Inc,eia:860m,https://www.eia.gov/electricity/data/eia860m/xls/august_generator2026.xlsx,2026-09-26T00:04:26Z,2026-08,6304,1WT,10451,AK,NORTHWEST ARCTIC,,Electric Utility,Onshore Wind Turbine,wind,WT,"Wind turbine, onshore",WND,Wind,0.6,0.6,0.6,RE,Retired,2026-05-01,1999,5
eia860:6304:2WT,generator,Kotzebue Hybrid,US-AK,66.837778,-162.5569,0.1,retired,2026-05-01,Kotzebue Electric Assn Inc,eia:860m,https://www.eia.gov/electricity/data/eia860m/xls/august_generator2026.xlsx,2026-09-26T00:04:26Z,2026-08,6304,2WT,10451,AK,NORTHWEST ARCTIC,,Electric Utility,Onshore Wind Turbine,wind,WT,"Wind turbine, onshore",WND,Wind,0.1,0.1,0.1,RE,Retired,2026-05-01,1999,5
eia860:6304:3WT,generator,Kotzebue Hybrid,US-AK,66.837778,-162.5569,0.2,retired,2026-05-01,Kotzebue Electric Assn Inc,eia:860m,https://www.eia.gov/electricity/data/eia860m/xls/august_generator2026.xlsx,2026-09-26T00:04:26Z,2026-08,6304,3WT,10451,AK,NORTHWEST ARCTIC,,Electric Utility,Onshore Wind Turbine,wind,WT,"Wind turbine, onshore",WND,Wind,0.2,0.2,0.2,RE,Retired,2026-05-01,1997,1
eia860:6329:1,generator,Mountain Village,US-AK,62.085569,-163.7291,0.3,retired,2026-05-01,"Alaska Village Elec Coop, Inc",eia:860m,https://www.eia.gov/electricity/data/eia860m/xls/august_generator2026.xlsx,2026-09-26T00:04:26Z,2026-08,6329,1,221,AK,Bethel,,Electric Utility,Petroleum Liquids,petroleum,IC,Internal combustion engine,DFO,Distillate fuel oil,0.3,0.3,0.3,RE,Retired,2026-05-01,1984,4
eia860:6329:4A,generator,Mountain Village,US-AK,62.085569,-163.7291,0.8,retired,2026-05-01,"Alaska Village Elec Coop, Inc",eia:860m,https://www.eia.gov/electricity/data/eia860m/xls/august_generator2026.xlsx,2026-09-26T00:04:26Z,2026-08,6329,4A,221,AK,Bethel,,Electric Utility,Petroleum Liquids,petroleum,IC,Internal combustion engine,DFO,Distillate fuel oil,0.8,0.8,0.8,RE,Retired,2026-05-01,2015,12
eia860:63673:EU-12,generator,Norwalk Hospital Plant,US-CT,41.110861,-73.42197,3,retired,2025-01-01,Norwalk Hospital,eia:860m,https://www.eia.gov/electricity/data/eia860m/xls/august_generator2026.xlsx,2026-09-26T00:04:26Z,2026-08,63673,EU-12,63392,CT,Fairfield,ISNE,Commercial CHP,Natural Gas Internal Combustion Engine,natural_gas,IC,Internal combustion engine,NG,Natural gas,3,2.5,2.5,RE,Retired,2025-01-01,2015,1
eia860:64291:B2,generator,Lincoln Medical and Mental Health Center,US-NY,40.816971,-73.92411,1,retired,2026-02-01,Lincoln Medical and Mental Health Center,eia:860m,https://www.eia.gov/electricity/data/eia860m/xls/august_generator2026.xlsx,2026-09-26T00:04:26Z,2026-08,64291,B2,63873,NY,Bronx,NYIS,Commercial Non-CHP,Petroleum Liquids,petroleum,IC,Internal combustion engine,DFO,Distillate fuel oil,1,1,1,RE,Retired,2026-02-01,1970,6
eia860:6481:1,generator,Intermountain Power Project,US-UT,39.509731,-112.5802,820,retired,2025-10-01,Los Angeles Department of Water & Power,eia:860m,https://www.eia.gov/electricity/data/eia860m/xls/august_generator2026.xlsx,2026-09-26T00:04:26Z,2026-08,6481,1,11208,UT,Millard,LDWP,Electric Utility,Conventional Steam Coal,coal,ST,Steam turbine,BIT,Bituminous coal,820,900,900,RE,Retired,2025-10-01,1986,6
eia860:6481:2,generator,Intermountain Power Project,US-UT,39.509731,-112.5802,820,retired,2025-11-01,Los Angeles Department of Water & Power,eia:860m,https://www.eia.gov/electricity/data/eia860m/xls/august_generator2026.xlsx,2026-09-26T00:04:26Z,2026-08,6481,2,11208,UT,Millard,LDWP,Electric Utility,Conventional Steam Coal,coal,ST,Steam turbine,BIT,Bituminous coal,820,900,900,RE,Retired,2025-11-01,1987,5
eia860:65494:HER2,generator,Herrema Dairy,US-IN,41.086356,-87.2568,1.5,retired,2025-01-01,"Herrema Dairy, LLC",eia:860m,https://www.eia.gov/electricity/data/eia860m/xls/august_generator2026.xlsx,2026-09-26T00:04:26Z,2026-08,65494,HER2,64807,IN,Jasper,MISO,Industrial Non-CHP,Natural Gas Internal Combustion Engine,natural_gas,IC,Internal combustion engine,NG,Natural gas,1.5,0.8,0.8,RE,Retired,2025-01-01,2023,12
eia860:66096:67P1,generator,Bacardi Catano Plant,US-PR,18.454087,-66.14353,0.2,retired,2025-04-01,Bacardi Corporation,eia:860m,https://www.eia.gov/electricity/data/eia860m/xls/august_generator2026.xlsx,2026-09-26T00:04:26Z,2026-08,66096,67P1,65229,PR,Catano,,Industrial CHP,Petroleum Liquids,petroleum,IC,Internal combustion engine,DFO,Distillate fuel oil,0.2,0.2,0.2,RE,Retired,2025-04-01,1995,9
eia860:66096:67P2,generator,Bacardi Catano Plant,US-PR,18.454087,-66.14353,0.3,retired,2025-04-01,Bacardi Corporation,eia:860m,https://www.eia.gov/electricity/data/eia860m/xls/august_generator2026.xlsx,2026-09-26T00:04:26Z,2026-08,66096,67P2,65229,PR,Catano,,Industrial CHP,Petroleum Liquids,petroleum,IC,Internal combustion engine,DFO,Distillate fuel oil,0.3,0.3,0.3,RE,Retired,2025-04-01,1996,9
eia860:66096:67P4,generator,Bacardi Catano Plant,US-PR,18.454087,-66.14353,0.3,retired,2025-04-01,Bacardi Corporation,eia:860m,https://www.eia.gov/electricity/data/eia860m/xls/august_generator2026.xlsx,2026-09-26T00:04:26Z,2026-08,66096,67P4,65229,PR,Catano,,Industrial CHP,Petroleum Liquids,petroleum,IC,Internal combustion engine,DFO,Distillate fuel oil,0.3,0.3,0.3,RE,Retired,2025-04-01,1998,9
eia860:6702:IC6,generator,Pelican,US-AK,57.957197,-136.2201,0.4,retired,2025-11-01,Pelican Utility,eia:860m,https://www.eia.gov/electricity/data/eia860m/xls/august_generator2026.xlsx,2026-09-26T00:04:26Z,2026-08,6702,IC6,29297,AK,Skagway Hoonah Angoon,,Electric Utility,Petroleum Liquids,petroleum,IC,Internal combustion engine,DFO,Distillate fuel oil,0.4,0.4,0.4,RE,Retired,2025-11-01,2008,9
eia860:696:10,generator,Marathon Generating Plant,US-FL,24.710833,-81.0927,3.5,retired,2025-05-01,"Florida Keys El Coop Assn, Inc",eia:860m,https://www.eia.gov/electricity/data/eia860m/xls/august_generator2026.xlsx,2026-09-26T00:04:26Z,2026-08,696,10,6443,FL,Monroe,FPL,Electric Utility,Petroleum Liquids,petroleum,IC,Internal combustion engine,DFO,Distillate fuel oil,3.5,3.5,3.5,RE,Retired,2025-05-01,1998,1
eia860:696:11,generator,Marathon Generating Plant,US-FL,24.710833,-81.0927,3.5,retired,2025-05-01,"Florida Keys El Coop Assn, Inc",eia:860m,https://www.eia.gov/electricity/data/eia860m/xls/august_generator2026.xlsx,2026-09-26T00:04:26Z,2026-08,696,11,6443,FL,Monroe,FPL,Electric Utility,Petroleum Liquids,petroleum,IC,Internal combustion engine,DFO,Distillate fuel oil,3.5,3.5,3.5,RE,Retired,2025-05-01,2001,1
eia860:696:8,generator,Marathon Generating Plant,US-FL,24.710833,-81.0927,2,retired,2025-05-01,"Florida Keys El Coop Assn, Inc",eia:860m,https://www.eia.gov/electricity/data/eia860m/xls/august_generator2026.xlsx,2026-09-26T00:04:26Z,2026-08,696,8,6443,FL,Monroe,FPL,Electric Utility,Petroleum Liquids,petroleum,IC,Internal combustion engine,DFO,Distillate fuel oil,2,2,2,RE,Retired,2025-05-01,1989,5
eia860:696:9,generator,Marathon Generating Plant,US-FL,24.710833,-81.0927,2,retired,2025-05-01,"Florida Keys El Coop Assn, Inc",eia:860m,https://www.eia.gov/electricity/data/eia860m/xls/august_generator2026.xlsx,2026-09-26T00:04:26Z,2026-08,696,9,6443,FL,Monroe,FPL,Electric Utility,Petroleum Liquids,petroleum,IC,Internal combustion engine,DFO,Distillate fuel oil,2,2,2,RE,Retired,2025-05-01,1989,5
eia860:69979:GT1,generator,MPH Elwood,US-IL,41.437032,-88.12234,192,retired,2026-06-01,"MPH Elwood, LLC",eia:860m,https://www.eia.gov/electricity/data/eia860m/xls/august_generator2026.xlsx,2026-09-26T00:04:26Z,2026-08,69979,GT1,67818,IL,Will,PJM,IPP Non-CHP,Natural Gas Fired Combustion Turbine,natural_gas,GT,Combustion (gas) turbine,NG,Natural gas,192,150,174.9,RE,Retired,2026-06-01,1999,7
eia860:69979:GT2,generator,MPH Elwood,US-IL,41.437032,-88.12234,192,retired,2026-06-01,"MPH Elwood, LLC",eia:860m,https://www.eia.gov/electricity/data/eia860m/xls/august_generator2026.xlsx,2026-09-26T00:04:26Z,2026-08,69979,GT2,67818,IL,Will,PJM,IPP Non-CHP,Natural Gas Fired Combustion Turbine,natural_gas,GT,Combustion (gas) turbine,NG,Natural gas,192,150,175.7,RE,Retired,2026-06-01,1999,7
eia860:69979:GT3,generator,MPH Elwood,US-IL,41.437032,-88.12234,192,retired,2026-05-01,"MPH Elwood, LLC",eia:860m,https://www.eia.gov/electricity/data/eia860m/xls/august_generator2026.xlsx,2026-09-26T00:04:26Z,2026-08,69979,GT3,67818,IL,Will,PJM,IPP Non-CHP,Natural Gas Fired Combustion Turbine,natural_gas,GT,Combustion (gas) turbine,NG,Natural gas,192,150,174.6,RE,Retired,2026-05-01,1999,7
eia860:69979:GT4,generator,MPH Elwood,US-IL,41.437032,-88.12234,192,retired,2026-05-01,"MPH Elwood, LLC",eia:860m,https://www.eia.gov/electricity/data/eia860m/xls/august_generator2026.xlsx,2026-09-26T00:04:26Z,2026-08,69979,GT4,67818,IL,Will,PJM,IPP Non-CHP,Natural Gas Fired Combustion Turbine,natural_gas,GT,Combustion (gas) turbine,NG,Natural gas,192,150,175.5,RE,Retired,2026-05-01,1999,7
eia860:7113:1,generator,PEC Headworks,US-WA,47.159553,-119.8963,6.6,retired,2025-12-01,Columbia Basin Hydropower,eia:860m,https://www.eia.gov/electricity/data/eia860m/xls/august_generator2026.xlsx,2026-09-26T00:04:26Z,2026-08,7113,1,55939,WA,Grant,GCPD,Electric Utility,Conventional Hydroelectric,hydro,HY,Hydraulic turbine (conventional hydro),WAT,Water,6.6,6.6,6.6,RE,Retired,2025-12-01,1990,9
eia860:7242:1CA,generator,Polk,US-FL,27.7286,-81.9897,133.4,retired,2025-03-01,Tampa Electric Co,eia:860m,https://www.eia.gov/electricity/data/eia860m/xls/august_generator2026.xlsx,2026-09-26T00:04:26Z,2026-08,7242,1CA,18454,FL,Polk,TEC,Electric Utility,Natural Gas Fired Combined Cycle,natural_gas,CA,Combined cycle steam part,NG,Natural gas,133.4,59,59,RE,Retired,2025-03-01,1996,9
eia860:7279:1,generator,O'Shaughnessy Hydro,US-OH,40.153328,-83.12672,1.3,retired,2025-08-01,City of Columbus - (OH),eia:860m,https://www.eia.gov/electricity/data/eia860m/xls/august_generator2026.xlsx,2026-09-26T00:04:26Z,2026-08,7279,1,4065,OH,Delaware,PJM,Electric Utility,Conventional Hydroelectric,hydro,HY,Hydraulic turbine (conventional hydro),WAT,Water,1.3,1.3,1.3,RE,Retired,2025-08-01,1988,9
eia860:7279:2,generator,O'Shaughnessy Hydro,US-OH,40.153328,-83.12672,3.9,retired,2025-08-01,City of Columbus - (OH),eia:860m,https://www.eia.gov/electricity/data/eia860m/xls/august_generator2026.xlsx,2026-09-26T00:04:26Z,2026-08,7279,2,4065,OH,Delaware,PJM,Electric Utility,Conventional Hydroelectric,hydro,HY,Hydraulic turbine (conventional hydro),WAT,Water,3.9,3.9,3.9,RE,Retired,2025-08-01,1988,9
eia860:7437:2A,generator,Galena Electric Utility,US-AK,64.74417,-156.8736,0.5,retired,2025-12-01,Galena Electric Utility,eia:860m,https://www.eia.gov/electricity/data/eia860m/xls/august_generator2026.xlsx,2026-09-26T00:04:26Z,2026-08,7437,2A,6915,AK,Yukon Koyukuk,,Electric Utility,Petroleum Liquids,petroleum,IC,Internal combustion engine,DFO,Distillate fuel oil,0.5,0.5,0.5,RE,Retired,2025-12-01,2015,8
eia860:7955:1,generator,Elk City Station,US-NE,41.383889,-96.25444,0.8,retired,2025-10-01,Omaha Public Power District,eia:860m,https://www.eia.gov/electricity/data/eia860m/xls/august_generator2026.xlsx,2026-09-26T00:04:26Z,2026-08,7955,1,14127,NE,Douglas,SWPP,Electric Utility,Landfill Gas,biomass,IC,Internal combustion engine,LFG,Landfill gas,0.8,0.8,0.8,RE,Retired,2025-10-01,2002,4
eia860:7955:2,generator,Elk City Station,US-NE,41.383889,-96.25444,0.8,retired,2025-10-01,Omaha Public Power District,eia:860m,https://www.eia.gov/electricity/data/eia860m/xls/august_generator2026.xlsx,2026-09-26T00:04:26Z,2026-08,7955,2,14127,NE,Douglas,SWPP,Electric Utility,Landfill Gas,biomass,IC,Internal combustion engine,LFG,Landfill gas,0.8,0.8,0.8,RE,Retired,2025-10-01,2002,4
eia860:7955:3,generator,Elk City Station,US-NE,41.383889,-96.25444,0.8,retired,2025-10-01,Omaha Public Power District,eia:860m,https://www.eia.gov/electricity/data/eia860m/xls/august_generator2026.xlsx,2026-09-26T00:04:26Z,2026-08,7955,3,14127,NE,Douglas,SWPP,Electric Utility,Landfill Gas,biomass,IC,Internal combustion engine,LFG,Landfill gas,0.8,0.8,0.8,RE,Retired,2025-10-01,2002,4
eia860:7955:4,generator,Elk City Station,US-NE,41.383889,-96.25444,0.8,retired,2025-10-01,Omaha Public Power District,eia:860m,https://www.eia.gov/electricity/data/eia860m/xls/august_generator2026.xlsx,2026-09-26T00:04:26Z,2026-08,7955,4,14127,NE,Douglas,SWPP,Electric Utility,Landfill Gas,biomass,IC,Internal combustion engine,LFG,Landfill gas,0.8,0.7,0.7,RE,Retired,2025-10-01,2002,4
eia860:7955:5,generator,Elk City Station,US-NE,41.383889,-96.25444,0.8,retired,2025-10-01,Omaha Public Power District,eia:860m,https://www.eia.gov/electricity/data/eia860m/xls/august_generator2026.xlsx,2026-09-26T00:04:26Z,2026-08,7955,5,14127,NE,Douglas,SWPP,Electric Utility,Landfill Gas,biomass,IC,Internal combustion engine,LFG,Landfill gas,0.8,0.8,0.8,RE,Retired,2025-10-01,2006,6
eia860:7955:6,generator,Elk City Station,US-NE,41.383889,-96.25444,0.8,retired,2025-10-01,Omaha Public Power District,eia:860m,https://www.eia.gov/electricity/data/eia860m/xls/august_generator2026.xlsx,2026-09-26T00:04:26Z,2026-08,7955,6,14127,NE,Douglas,SWPP,Electric Utility,Landfill Gas,biomass,IC,Internal combustion engine,LFG,Landfill gas,0.8,0,0,RE,Retired,2025-10-01,2006,6
eia860:7955:7,generator,Elk City Station,US-NE,41.383889,-96.25444,0.8,retired,2025-10-01,Omaha Public Power District,eia:860m,https://www.eia.gov/electricity/data/eia860m/xls/august_generator2026.xlsx,2026-09-26T00:04:26Z,2026-08,7955,7,14127,NE,Douglas,SWPP,Electric Utility,Landfill Gas,biomass,IC,Internal combustion engine,LFG,Landfill gas,0.8,0.8,0.8,RE,Retired,2025-10-01,2006,8
eia860:7955:8,generator,Elk City Station,US-NE,41.383889,-96.25444,0.8,retired,2025-10-01,Omaha Public Power District,eia:860m,https://www.eia.gov/electricity/data/eia860m/xls/august_generator2026.xlsx,2026-09-26T00:04:26Z,2026-08,7955,8,14127,NE,Douglas,SWPP,Electric Utility,Landfill Gas,biomass,IC,Internal combustion engine,LFG,Landfill gas,0.8,0.8,0.8,RE,Retired,2025-10-01,2006,8
eia860:8027:1,generator,Blue Lake,US-MN,44.7855,-93.4315,56.7,retired,2025-05-01,Northern States Power Co - Minnesota,eia:860m,https://www.eia.gov/electricity/data/eia860m/xls/august_generator2026.xlsx,2026-09-26T00:04:26Z,2026-08,8027,1,13781,MN,Scott,MISO,Electric Utility,Petroleum Liquids,petroleum,GT,Combustion (gas) turbine,DFO,Distillate fuel oil,56.7,36,46,RE,Retired,2025-05-01,1974,3
eia860:8027:2,generator,Blue Lake,US-MN,44.7855,-93.4315,56.7,retired,2025-05-01,Northern States Power Co - Minnesota,eia:860m,https://www.eia.gov/electricity/data/eia860m/xls/august_generator2026.xlsx,2026-09-26T00:04:26Z,2026-08,8027,2,13781,MN,Scott,MISO,Electric Utility,Petroleum Liquids,petroleum,GT,Combustion (gas) turbine,DFO,Distillate fuel oil,56.7,36,46,RE,Retired,2025-05-01,1974,3
eia860:8027:3,generator,Blue Lake,US-MN,44.7855,-93.4315,56.7,retired,2025-05-01,Northern States Power Co - Minnesota,eia:860m,https://www.eia.gov/electricity/data/eia860m/xls/august_generator2026.xlsx,2026-09-26T00:04:26Z,2026-08,8027,3,13781,MN,Scott,MISO,Electric Utility,Petroleum Liquids,petroleum,GT,Combustion (gas) turbine,DFO,Distillate fuel oil,56.7,36,46,RE,Retired,2025-05-01,1974,3
eia860:8027:4,generator,Blue Lake,US-MN,44.7855,-93.4315,56.7,retired,2025-05-01,Northern States Power Co - Minnesota,eia:860m,https://www.eia.gov/electricity/data/eia860m/xls/august_generator2026.xlsx,2026-09-26T00:04:26Z,2026-08,8027,4,13781,MN,Scott,MISO,Electric Utility,Petroleum Liquids,petroleum,GT,Combustion (gas) turbine,DFO,Distillate fuel oil,56.7,39,54,RE,Retired,2025-05-01,1974,4
eia860:9038:10,generator,Cherry Street,US-MA,42.388611,-71.56,2.2,retired,2025-06-01,Town of Hudson - (MA),eia:860m,https://www.eia.gov/electricity/data/eia860m/xls/august_generator2026.xlsx,2026-09-26T00:04:26Z,2026-08,9038,10,8973,MA,Middlesex,ISNE,Electric Utility,Natural Gas Internal Combustion Engine,natural_gas,IC,Internal combustion engine,NG,Natural gas,2.2,1.9,1.9,RE,Retired,2025-06-01,1962,12
eia860:9038:11,generator,Cherry Street,US-MA,42.388611,-71.56,2.2,retired,2025-06-01,Town of Hudson - (MA),eia:860m,https://www.eia.gov/electricity/data/eia860m/xls/august_generator2026.xlsx,2026-09-26T00:04:26Z,2026-08,9038,11,8973,MA,Middlesex,ISNE,Electric Utility,Natural Gas Internal Combustion Engine,natural_gas,IC,Internal combustion engine,NG,Natural gas,2.2,1.9,1.9,RE,Retired,2025-06-01,1962,12
eia860:917:1,generator,Quincy Chute,US-WA,46.982514,-119.2578,9.4,retired,2025-12-01,Columbia Basin Hydropower,eia:860m,https://www.eia.gov/electricity/data/eia860m/xls/august_generator2026.xlsx,2026-09-26T00:04:26Z,2026-08,917,1,55939,WA,Grant,GCPD,Electric Utility,Conventional Hydroelectric,hydro,HY,Hydraulic turbine (conventional hydro),WAT,Water,9.4,9.4,9.4,RE,Retired,2025-12-01,1985,10
