# Energy Research Warehouse (ERW): EIA-860M planned generators, vintage 2026-08
# Shape: entities (docs/datastandard.md v0). One row per generator; entity_id eia860:<plant id>:<generator id>; capacity_mw is EIA nameplate capacity (MW).
# Retrieved: 20260926T000340Z (UTC) by warehouse/connectors/eia860.py
# Run log: warehouse/output/logs/eia860_20260926T000340Z.log
# Raw files: warehouse/raw/eia860/20260926T000340Z/ (not in git)
# Source: eia:860m EIA-860M Monthly Update to the Annual Electric Generator Report, sheets Planned, Planned_PR (Inventory of Planned Generators as of August 2026; Inventory of Planned Generators as of August 2026 - Puerto Rico), https://www.eia.gov/electricity/data/eia860m/xls/august_generator2026.xlsx
#   document list: https://www.eia.gov/electricity/data/eia860m/
# Labels: prime_mover_label and energy_source_label from the EIA-860 instructions, https://www.eia.gov/survey/form/eia_860/instructions.pdf; technology_group is an ERW grouping of EIA's technology text.
# Snapshot: the table holds one vintage; a new vintage replaces its rows. Earlier vintages are in git history. Dates are EIA months, written as the first of the month.
# License: public (EIA-PD).
# File holds 2316 rows, one snapshot; the previous file held 0 rows. Per row, source, source_url and retrieved_at say where it came from.
entity_id,entity_type,name,geo,lat,lon,capacity_mw,status,status_date,operator,source,source_url,retrieved_at,vintage,plant_id,generator_id,utility_id,state,county,balancing_authority,sector,technology,technology_group,prime_mover,prime_mover_label,energy_source,energy_source_label,nameplate_mw,net_summer_mw,net_winter_mw,eia_status,eia_status_label,planned_operation_date
eia860:1024:8,generator,Crawfordsville Power Plant,US-IN,40.048889,-86.8992,16.3,planned,,Crawfordsville Energy LLC,eia:860m,https://www.eia.gov/electricity/data/eia860m/xls/august_generator2026.xlsx,2026-09-26T00:04:26Z,2026-08,1024,8,59774,IN,Montgomery,MISO,IPP Non-CHP,Natural Gas Fired Combined Cycle,natural_gas,CS,Combined cycle single shaft,NG,Natural gas,16.3,16.3,16.3,T,Regulatory approvals received. Not under construction,2027-03-01
eia860:10328:GEN11,generator,T B Simon Power Plant,US-MI,42.7178,-84.4836,15,under_construction,,Michigan State University,eia:860m,https://www.eia.gov/electricity/data/eia860m/xls/august_generator2026.xlsx,2026-09-26T00:04:26Z,2026-08,10328,GEN11,12436,MI,Ingham,MISO,Commercial CHP,Natural Gas Fired Combustion Turbine,natural_gas,GT,Combustion (gas) turbine,NG,Natural gas,15,15,15,U,"Under construction, less than or equal to 50 percent complete",2028-01-01
eia860:10748:FUTR1,generator,Marina Landfill Gas,US-CA,36.7131,-121.7686,1.6,planned,,Monterey Regional Waste Mgmt,eia:860m,https://www.eia.gov/electricity/data/eia860m/xls/august_generator2026.xlsx,2026-09-26T00:04:26Z,2026-08,10748,FUTR1,12869,CA,Monterey,CISO,Commercial Non-CHP,Landfill Gas,biomass,IC,Internal combustion engine,LFG,Landfill gas,1.6,1.6,1.6,P,"Planned for installation, but regulatory approvals not initiated",2027-12-01
eia860:10748:FUTR2,generator,Marina Landfill Gas,US-CA,36.7131,-121.7686,1.6,planned,,Monterey Regional Waste Mgmt,eia:860m,https://www.eia.gov/electricity/data/eia860m/xls/august_generator2026.xlsx,2026-09-26T00:04:26Z,2026-08,10748,FUTR2,12869,CA,Monterey,CISO,Commercial Non-CHP,Landfill Gas,biomass,IC,Internal combustion engine,LFG,Landfill gas,1.6,1.6,1.6,P,"Planned for installation, but regulatory approvals not initiated",2027-12-01
eia860:10748:FUTR3,generator,Marina Landfill Gas,US-CA,36.7131,-121.7686,1.6,planned,,Monterey Regional Waste Mgmt,eia:860m,https://www.eia.gov/electricity/data/eia860m/xls/august_generator2026.xlsx,2026-09-26T00:04:26Z,2026-08,10748,FUTR3,12869,CA,Monterey,CISO,Commercial Non-CHP,Landfill Gas,biomass,IC,Internal combustion engine,LFG,Landfill gas,1.6,1.6,1.6,P,"Planned for installation, but regulatory approvals not initiated",2027-12-01
eia860:10748:FUTR4,generator,Marina Landfill Gas,US-CA,36.7131,-121.7686,1.6,planned,,Monterey Regional Waste Mgmt,eia:860m,https://www.eia.gov/electricity/data/eia860m/xls/august_generator2026.xlsx,2026-09-26T00:04:26Z,2026-08,10748,FUTR4,12869,CA,Monterey,CISO,Commercial Non-CHP,Landfill Gas,biomass,IC,Internal combustion engine,LFG,Landfill gas,1.6,1.6,1.6,P,"Planned for installation, but regulatory approvals not initiated",2027-12-01
eia860:1167:10,generator,Muscatine Plant #1,US-IA,41.3917,-91.0569,35,planned,,Board of Water Electric & Communications,eia:860m,https://www.eia.gov/electricity/data/eia860m/xls/august_generator2026.xlsx,2026-09-26T00:04:26Z,2026-08,1167,10,13143,IA,Muscatine,MISO,Electric Utility,Natural Gas Fired Combustion Turbine,natural_gas,GT,Combustion (gas) turbine,NG,Natural gas,35,32.6,40,T,Regulatory approvals received. Not under construction,2027-09-01
eia860:1239:13,generator,Riverton,US-KS,37.072616,-94.6987,13.5,under_construction,,Empire District Electric Co,eia:860m,https://www.eia.gov/electricity/data/eia860m/xls/august_generator2026.xlsx,2026-09-26T00:04:26Z,2026-08,1239,13,5860,KS,Cherokee,SWPP,Electric Utility,Natural Gas Fired Combustion Turbine,natural_gas,GT,Combustion (gas) turbine,NG,Natural gas,13.5,13.6,13.6,TS,"Construction complete, but not yet in commercial operation",2026-09-01
eia860:1239:14,generator,Riverton,US-KS,37.072616,-94.6987,13.5,under_construction,,Empire District Electric Co,eia:860m,https://www.eia.gov/electricity/data/eia860m/xls/august_generator2026.xlsx,2026-09-26T00:04:26Z,2026-08,1239,14,5860,KS,Cherokee,SWPP,Electric Utility,Natural Gas Fired Combustion Turbine,natural_gas,GT,Combustion (gas) turbine,NG,Natural gas,13.5,13.6,13.6,TS,"Construction complete, but not yet in commercial operation",2026-09-01
eia860:1263:7A,generator,Belleville,US-KS,39.832769,-97.63204,3,planned,,City of Belleville - (KS),eia:860m,https://www.eia.gov/electricity/data/eia860m/xls/august_generator2026.xlsx,2026-09-26T00:04:26Z,2026-08,1263,7A,1512,KS,Republic,SWPP,Electric Utility,Petroleum Liquids,petroleum,IC,Internal combustion engine,DFO,Distillate fuel oil,3,3,3,P,"Planned for installation, but regulatory approvals not initiated",2028-01-01
eia860:1263:9,generator,Belleville,US-KS,39.832769,-97.63204,3,under_construction,,City of Belleville - (KS),eia:860m,https://www.eia.gov/electricity/data/eia860m/xls/august_generator2026.xlsx,2026-09-26T00:04:26Z,2026-08,1263,9,1512,KS,Republic,SWPP,Electric Utility,Petroleum Liquids,petroleum,IC,Internal combustion engine,DFO,Distillate fuel oil,3,3,3,V,"Under construction, more than 50 percent complete",2027-03-01
eia860:1267:15,generator,Chanute 1,US-KS,37.683333,-95.45472,2.2,under_construction,,City of Chanute (KS),eia:860m,https://www.eia.gov/electricity/data/eia860m/xls/august_generator2026.xlsx,2026-09-26T00:04:26Z,2026-08,1267,15,3355,KS,Neosho,SWPP,Electric Utility,Petroleum Liquids,petroleum,IC,Internal combustion engine,DFO,Distillate fuel oil,2.2,2,2,V,"Under construction, more than 50 percent complete",2026-11-01
eia860:1267:16,generator,Chanute 1,US-KS,37.683333,-95.45472,2.2,under_construction,,City of Chanute (KS),eia:860m,https://www.eia.gov/electricity/data/eia860m/xls/august_generator2026.xlsx,2026-09-26T00:04:26Z,2026-08,1267,16,3355,KS,Neosho,SWPP,Electric Utility,Petroleum Liquids,petroleum,IC,Internal combustion engine,DFO,Distillate fuel oil,2.2,2,2,V,"Under construction, more than 50 percent complete",2026-11-01
eia860:1267:17,generator,Chanute 1,US-KS,37.683333,-95.45472,2.2,under_construction,,City of Chanute (KS),eia:860m,https://www.eia.gov/electricity/data/eia860m/xls/august_generator2026.xlsx,2026-09-26T00:04:26Z,2026-08,1267,17,3355,KS,Neosho,SWPP,Electric Utility,Petroleum Liquids,petroleum,IC,Internal combustion engine,DFO,Distillate fuel oil,2.2,2,2,V,"Under construction, more than 50 percent complete",2026-11-01
eia860:1291:17,generator,Iola,US-KS,37.923076,-95.42557,2,under_construction,,City of Iola - (KS),eia:860m,https://www.eia.gov/electricity/data/eia860m/xls/august_generator2026.xlsx,2026-09-26T00:04:26Z,2026-08,1291,17,9418,KS,Allen,SWPP,Electric Utility,Petroleum Liquids,petroleum,IC,Internal combustion engine,DFO,Distillate fuel oil,2,2,2,U,"Under construction, less than or equal to 50 percent complete",2026-10-01
eia860:1291:18,generator,Iola,US-KS,37.923076,-95.42557,2,under_construction,,City of Iola - (KS),eia:860m,https://www.eia.gov/electricity/data/eia860m/xls/august_generator2026.xlsx,2026-09-26T00:04:26Z,2026-08,1291,18,9418,KS,Allen,SWPP,Electric Utility,Petroleum Liquids,petroleum,IC,Internal combustion engine,DFO,Distillate fuel oil,2,2,2,U,"Under construction, less than or equal to 50 percent complete",2026-10-01
eia860:1291:19,generator,Iola,US-KS,37.923076,-95.42557,2,under_construction,,City of Iola - (KS),eia:860m,https://www.eia.gov/electricity/data/eia860m/xls/august_generator2026.xlsx,2026-09-26T00:04:26Z,2026-08,1291,19,9418,KS,Allen,SWPP,Electric Utility,Petroleum Liquids,petroleum,IC,Internal combustion engine,DFO,Distillate fuel oil,2,2,2,U,"Under construction, less than or equal to 50 percent complete",2026-10-01
eia860:1291:20,generator,Iola,US-KS,37.923076,-95.42557,2,under_construction,,City of Iola - (KS),eia:860m,https://www.eia.gov/electricity/data/eia860m/xls/august_generator2026.xlsx,2026-09-26T00:04:26Z,2026-08,1291,20,9418,KS,Allen,SWPP,Electric Utility,Petroleum Liquids,petroleum,IC,Internal combustion engine,DFO,Distillate fuel oil,2,2,2,U,"Under construction, less than or equal to 50 percent complete",2026-10-01
eia860:1355:BESS,generator,E W Brown,US-KY,37.78831,-84.71257,125,under_construction,,Kentucky Utilities Co,eia:860m,https://www.eia.gov/electricity/data/eia860m/xls/august_generator2026.xlsx,2026-09-26T00:04:26Z,2026-08,1355,BESS,10171,KY,Mercer,LGEE,Electric Utility,Batteries,storage,BA,"Energy storage, battery",MWH,Electricity used for energy storage,125,125,125,V,"Under construction, more than 50 percent complete",2027-05-01
eia860:1364:5,generator,Mill Creek (KY),US-KY,38.0525,-85.9103,740,under_construction,,Louisville Gas & Electric Co,eia:860m,https://www.eia.gov/electricity/data/eia860m/xls/august_generator2026.xlsx,2026-09-26T00:04:26Z,2026-08,1364,5,11249,KY,Jefferson,LGEE,Electric Utility,Natural Gas Fired Combined Cycle,natural_gas,CS,Combined cycle single shaft,NG,Natural gas,740,645,660,V,"Under construction, more than 50 percent complete",2027-06-01
eia860:165:4,generator,GREC,US-OK,36.190278,-95.2894,594,under_construction,,Grand River Dam Authority,eia:860m,https://www.eia.gov/electricity/data/eia860m/xls/august_generator2026.xlsx,2026-09-26T00:04:26Z,2026-08,165,4,7490,OK,Mayes,SWPP,Electric Utility,Natural Gas Fired Combustion Turbine,natural_gas,GT,Combustion (gas) turbine,NG,Natural gas,594,416,436,TS,"Construction complete, but not yet in commercial operation",2026-09-01
eia860:201:4,generator,Thomas Fitzhugh,US-AR,35.462382,-93.80493,69.3,under_construction,,Arkansas Electric Coop Corp,eia:860m,https://www.eia.gov/electricity/data/eia860m/xls/august_generator2026.xlsx,2026-09-26T00:04:26Z,2026-08,201,4,807,AR,Franklin,SWPP,Electric Utility,Natural Gas Fired Combustion Turbine,natural_gas,GT,Combustion (gas) turbine,NG,Natural gas,69.3,46.5,46.5,TS,"Construction complete, but not yet in commercial operation",2026-10-01
eia860:2038:BA1,generator,Cambridge CT Hybrid,US-MN,45.601,-93.2081,1,under_construction,,Great River Energy,eia:860m,https://www.eia.gov/electricity/data/eia860m/xls/august_generator2026.xlsx,2026-09-26T00:04:26Z,2026-08,2038,BA1,7570,MN,Isanti,MISO,Electric Utility,Batteries,storage,BA,"Energy storage, battery",MWH,Electricity used for energy storage,1,0.8,0.8,U,"Under construction, less than or equal to 50 percent complete",2027-12-01
eia860:2161:BAT1,generator,James River Power Station,US-MO,37.108611,-93.26194,31,under_construction,,City Utilities of Springfield - (MO),eia:860m,https://www.eia.gov/electricity/data/eia860m/xls/august_generator2026.xlsx,2026-09-26T00:04:26Z,2026-08,2161,BAT1,17833,MO,Greene,SWPP,Electric Utility,Batteries,storage,BA,"Energy storage, battery",MWH,Electricity used for energy storage,31,31,31,U,"Under construction, less than or equal to 50 percent complete",2027-01-01
eia860:2185:HAU12,generator,Hauser,US-MT,46.765941,-111.8873,3.5,planned,,NorthWestern Energy (MT Hydro),eia:860m,https://www.eia.gov/electricity/data/eia860m/xls/august_generator2026.xlsx,2026-09-26T00:04:26Z,2026-08,2185,HAU12,13902,MT,Lewis and Clark,NWMT,Electric Utility,Conventional Hydroelectric,hydro,HY,Hydraulic turbine (conventional hydro),WAT,Water,3.5,3.5,3.5,P,"Planned for installation, but regulatory approvals not initiated",2029-12-01
eia860:2185:HAU9,generator,Hauser,US-MT,46.765941,-111.8873,3.5,planned,,NorthWestern Energy (MT Hydro),eia:860m,https://www.eia.gov/electricity/data/eia860m/xls/august_generator2026.xlsx,2026-09-26T00:04:26Z,2026-08,2185,HAU9,13902,MT,Lewis and Clark,NWMT,Electric Utility,Conventional Hydroelectric,hydro,HY,Hydraulic turbine (conventional hydro),WAT,Water,3.5,3.5,3.5,P,"Planned for installation, but regulatory approvals not initiated",2028-06-01
eia860:2308:6,generator,Tecumseh,US-NE,40.3664,-96.19,2.1,under_construction,,City of Tecumseh - (NE),eia:860m,https://www.eia.gov/electricity/data/eia860m/xls/august_generator2026.xlsx,2026-09-26T00:04:26Z,2026-08,2308,6,18525,NE,Johnson,SWPP,Electric Utility,Petroleum Liquids,petroleum,IC,Internal combustion engine,DFO,Distillate fuel oil,2.1,2.1,2.1,U,"Under construction, less than or equal to 50 percent complete",2027-08-01
eia860:2308:7,generator,Tecumseh,US-NE,40.3664,-96.19,2.1,under_construction,,City of Tecumseh - (NE),eia:860m,https://www.eia.gov/electricity/data/eia860m/xls/august_generator2026.xlsx,2026-09-26T00:04:26Z,2026-08,2308,7,18525,NE,Johnson,SWPP,Electric Utility,Petroleum Liquids,petroleum,IC,Internal combustion engine,DFO,Distillate fuel oil,2.1,2.1,2.1,U,"Under construction, less than or equal to 50 percent complete",2027-08-01
eia860:2316:6,generator,Wisner,US-NE,41.988069,-96.91599,1.5,under_construction,,City of Wisner (NE),eia:860m,https://www.eia.gov/electricity/data/eia860m/xls/august_generator2026.xlsx,2026-09-26T00:04:26Z,2026-08,2316,6,20880,NE,Cuming,SWPP,Electric Utility,Petroleum Liquids,petroleum,IC,Internal combustion engine,DFO,Distillate fuel oil,1.5,1.5,1.5,TS,"Construction complete, but not yet in commercial operation",2026-12-01
eia860:2678:ENG13,generator,Plant No 1 Freeport,US-NY,40.6561,-73.5922,3,under_construction,,Village of Freeport - (NY),eia:860m,https://www.eia.gov/electricity/data/eia860m/xls/august_generator2026.xlsx,2026-09-26T00:04:26Z,2026-08,2678,ENG13,6775,NY,Nassau,NYIS,Electric Utility,Landfill Gas,biomass,IC,Internal combustion engine,LFG,Landfill gas,3,3,3,U,"Under construction, less than or equal to 50 percent complete",2026-12-01
eia860:2951:11,generator,Horseshoe Lake,US-OK,35.50866,-97.17969,224,under_construction,,Oklahoma Gas & Electric Co,eia:860m,https://www.eia.gov/electricity/data/eia860m/xls/august_generator2026.xlsx,2026-09-26T00:04:26Z,2026-08,2951,11,14063,OK,Oklahoma,SWPP,Electric Utility,Natural Gas Fired Combustion Turbine,natural_gas,GT,Combustion (gas) turbine,NG,Natural gas,224,224,224,TS,"Construction complete, but not yet in commercial operation",2026-10-01
eia860:2951:12,generator,Horseshoe Lake,US-OK,35.50866,-97.17969,224,under_construction,,Oklahoma Gas & Electric Co,eia:860m,https://www.eia.gov/electricity/data/eia860m/xls/august_generator2026.xlsx,2026-09-26T00:04:26Z,2026-08,2951,12,14063,OK,Oklahoma,SWPP,Electric Utility,Natural Gas Fired Combustion Turbine,natural_gas,GT,Combustion (gas) turbine,NG,Natural gas,224,224,224,TS,"Construction complete, but not yet in commercial operation",2026-10-01
eia860:2951:13,generator,Horseshoe Lake,US-OK,35.50866,-97.17969,224,planned,,Oklahoma Gas & Electric Co,eia:860m,https://www.eia.gov/electricity/data/eia860m/xls/august_generator2026.xlsx,2026-09-26T00:04:26Z,2026-08,2951,13,14063,OK,Oklahoma,SWPP,Electric Utility,Natural Gas Fired Combustion Turbine,natural_gas,GT,Combustion (gas) turbine,NG,Natural gas,224,224,224,T,Regulatory approvals received. Not under construction,2029-02-01
eia860:2951:14,generator,Horseshoe Lake,US-OK,35.50866,-97.17969,224,planned,,Oklahoma Gas & Electric Co,eia:860m,https://www.eia.gov/electricity/data/eia860m/xls/august_generator2026.xlsx,2026-09-26T00:04:26Z,2026-08,2951,14,14063,OK,Oklahoma,SWPP,Electric Utility,Natural Gas Fired Combustion Turbine,natural_gas,GT,Combustion (gas) turbine,NG,Natural gas,224,224,224,T,Regulatory approvals received. Not under construction,2029-02-01
eia860:3122:CA1,generator,Homer City Generating Station,US-PA,40.512825,-79.19611,268,planned,,"Homer City Generation, L.P.",eia:860m,https://www.eia.gov/electricity/data/eia860m/xls/august_generator2026.xlsx,2026-09-26T00:04:26Z,2026-08,3122,CA1,58615,PA,Indiana,PJM,IPP Non-CHP,Natural Gas Fired Combined Cycle,natural_gas,CA,Combined cycle steam part,NG,Natural gas,268,268,268,P,"Planned for installation, but regulatory approvals not initiated",2029-11-01
eia860:3122:CA2,generator,Homer City Generating Station,US-PA,40.512825,-79.19611,268,planned,,"Homer City Generation, L.P.",eia:860m,https://www.eia.gov/electricity/data/eia860m/xls/august_generator2026.xlsx,2026-09-26T00:04:26Z,2026-08,3122,CA2,58615,PA,Indiana,PJM,IPP Non-CHP,Natural Gas Fired Combined Cycle,natural_gas,CA,Combined cycle steam part,NG,Natural gas,268,268,268,P,"Planned for installation, but regulatory approvals not initiated",2028-11-01
eia860:3122:CA3,generator,Homer City Generating Station,US-PA,40.512825,-79.19611,268,planned,,"Homer City Generation, L.P.",eia:860m,https://www.eia.gov/electricity/data/eia860m/xls/august_generator2026.xlsx,2026-09-26T00:04:26Z,2026-08,3122,CA3,58615,PA,Indiana,PJM,IPP Non-CHP,Natural Gas Fired Combined Cycle,natural_gas,CA,Combined cycle steam part,NG,Natural gas,268,268,268,P,"Planned for installation, but regulatory approvals not initiated",2028-11-01
eia860:3122:CA4,generator,Homer City Generating Station,US-PA,40.512825,-79.19611,268,planned,,"Homer City Generation, L.P.",eia:860m,https://www.eia.gov/electricity/data/eia860m/xls/august_generator2026.xlsx,2026-09-26T00:04:26Z,2026-08,3122,CA4,58615,PA,Indiana,PJM,IPP Non-CHP,Natural Gas Fired Combined Cycle,natural_gas,CA,Combined cycle steam part,NG,Natural gas,268,268,268,P,"Planned for installation, but regulatory approvals not initiated",2029-07-01
eia860:3122:CA5,generator,Homer City Generating Station,US-PA,40.512825,-79.19611,268,planned,,"Homer City Generation, L.P.",eia:860m,https://www.eia.gov/electricity/data/eia860m/xls/august_generator2026.xlsx,2026-09-26T00:04:26Z,2026-08,3122,CA5,58615,PA,Indiana,PJM,IPP Non-CHP,Natural Gas Fired Combined Cycle,natural_gas,CA,Combined cycle steam part,NG,Natural gas,268,268,268,P,"Planned for installation, but regulatory approvals not initiated",2028-07-01
eia860:3122:CA6,generator,Homer City Generating Station,US-PA,40.512825,-79.19611,268,planned,,"Homer City Generation, L.P.",eia:860m,https://www.eia.gov/electricity/data/eia860m/xls/august_generator2026.xlsx,2026-09-26T00:04:26Z,2026-08,3122,CA6,58615,PA,Indiana,PJM,IPP Non-CHP,Natural Gas Fired Combined Cycle,natural_gas,CA,Combined cycle steam part,NG,Natural gas,268,268,268,P,"Planned for installation, but regulatory approvals not initiated",2028-07-01
eia860:3122:CA7,generator,Homer City Generating Station,US-PA,40.512825,-79.19611,268,planned,,"Homer City Generation, L.P.",eia:860m,https://www.eia.gov/electricity/data/eia860m/xls/august_generator2026.xlsx,2026-09-26T00:04:26Z,2026-08,3122,CA7,58615,PA,Indiana,PJM,IPP Non-CHP,Natural Gas Fired Combined Cycle,natural_gas,CA,Combined cycle steam part,NG,Natural gas,268,268,268,P,"Planned for installation, but regulatory approvals not initiated",2029-03-01
eia860:3122:CT1,generator,Homer City Generating Station,US-PA,40.512825,-79.19611,360,planned,,"Homer City Generation, L.P.",eia:860m,https://www.eia.gov/electricity/data/eia860m/xls/august_generator2026.xlsx,2026-09-26T00:04:26Z,2026-08,3122,CT1,58615,PA,Indiana,PJM,IPP Non-CHP,Natural Gas Fired Combined Cycle,natural_gas,CT,Combined cycle combustion turbine part,NG,Natural gas,360,360,360,P,"Planned for installation, but regulatory approvals not initiated",2029-11-01
eia860:3122:CT2,generator,Homer City Generating Station,US-PA,40.512825,-79.19611,360,planned,,"Homer City Generation, L.P.",eia:860m,https://www.eia.gov/electricity/data/eia860m/xls/august_generator2026.xlsx,2026-09-26T00:04:26Z,2026-08,3122,CT2,58615,PA,Indiana,PJM,IPP Non-CHP,Natural Gas Fired Combined Cycle,natural_gas,CT,Combined cycle combustion turbine part,NG,Natural gas,360,360,360,P,"Planned for installation, but regulatory approvals not initiated",2028-11-01
eia860:3122:CT3,generator,Homer City Generating Station,US-PA,40.512825,-79.19611,360,planned,,"Homer City Generation, L.P.",eia:860m,https://www.eia.gov/electricity/data/eia860m/xls/august_generator2026.xlsx,2026-09-26T00:04:26Z,2026-08,3122,CT3,58615,PA,Indiana,PJM,IPP Non-CHP,Natural Gas Fired Combined Cycle,natural_gas,CT,Combined cycle combustion turbine part,NG,Natural gas,360,360,360,P,"Planned for installation, but regulatory approvals not initiated",2028-11-01
eia860:3122:CT4,generator,Homer City Generating Station,US-PA,40.512825,-79.19611,360,planned,,"Homer City Generation, L.P.",eia:860m,https://www.eia.gov/electricity/data/eia860m/xls/august_generator2026.xlsx,2026-09-26T00:04:26Z,2026-08,3122,CT4,58615,PA,Indiana,PJM,IPP Non-CHP,Natural Gas Fired Combined Cycle,natural_gas,CT,Combined cycle combustion turbine part,NG,Natural gas,360,360,360,P,"Planned for installation, but regulatory approvals not initiated",2029-07-01
eia860:3122:CT5,generator,Homer City Generating Station,US-PA,40.512825,-79.19611,360,planned,,"Homer City Generation, L.P.",eia:860m,https://www.eia.gov/electricity/data/eia860m/xls/august_generator2026.xlsx,2026-09-26T00:04:26Z,2026-08,3122,CT5,58615,PA,Indiana,PJM,IPP Non-CHP,Natural Gas Fired Combined Cycle,natural_gas,CT,Combined cycle combustion turbine part,NG,Natural gas,360,360,360,P,"Planned for installation, but regulatory approvals not initiated",2028-07-01
eia860:3122:CT6,generator,Homer City Generating Station,US-PA,40.512825,-79.19611,360,planned,,"Homer City Generation, L.P.",eia:860m,https://www.eia.gov/electricity/data/eia860m/xls/august_generator2026.xlsx,2026-09-26T00:04:26Z,2026-08,3122,CT6,58615,PA,Indiana,PJM,IPP Non-CHP,Natural Gas Fired Combined Cycle,natural_gas,CT,Combined cycle combustion turbine part,NG,Natural gas,360,360,360,P,"Planned for installation, but regulatory approvals not initiated",2028-07-01
eia860:3122:CT7,generator,Homer City Generating Station,US-PA,40.512825,-79.19611,360,planned,,"Homer City Generation, L.P.",eia:860m,https://www.eia.gov/electricity/data/eia860m/xls/august_generator2026.xlsx,2026-09-26T00:04:26Z,2026-08,3122,CT7,58615,PA,Indiana,PJM,IPP Non-CHP,Natural Gas Fired Combined Cycle,natural_gas,CT,Combined cycle combustion turbine part,NG,Natural gas,360,360,360,P,"Planned for installation, but regulatory approvals not initiated",2029-03-01
eia860:3338:3,generator,Aberdeen CT,US-SD,45.429884,-98.49396,16,under_construction,,NorthWestern Energy - (SD),eia:860m,https://www.eia.gov/electricity/data/eia860m/xls/august_generator2026.xlsx,2026-09-26T00:04:26Z,2026-08,3338,3,13809,SD,Brown,SWPP,Electric Utility,Natural Gas Fired Combustion Turbine,natural_gas,GT,Combustion (gas) turbine,NG,Natural gas,16,15,15,V,"Under construction, more than 50 percent complete",2026-10-01
eia860:3338:4,generator,Aberdeen CT,US-SD,45.429884,-98.49396,16,under_construction,,NorthWestern Energy - (SD),eia:860m,https://www.eia.gov/electricity/data/eia860m/xls/august_generator2026.xlsx,2026-09-26T00:04:26Z,2026-08,3338,4,13809,SD,Brown,SWPP,Electric Utility,Natural Gas Fired Combustion Turbine,natural_gas,GT,Combustion (gas) turbine,NG,Natural gas,16,15,15,V,"Under construction, more than 50 percent complete",2026-10-01
eia860:3399:CTG1,generator,Cumberland (TN),US-TN,36.3903,-87.6539,454.8,under_construction,,Tennessee Valley Authority,eia:860m,https://www.eia.gov/electricity/data/eia860m/xls/august_generator2026.xlsx,2026-09-26T00:04:26Z,2026-08,3399,CTG1,18642,TN,Stewart,TVA,Electric Utility,Natural Gas Fired Combined Cycle,natural_gas,CT,Combined cycle combustion turbine part,NG,Natural gas,454.8,372.9,409.3,U,"Under construction, less than or equal to 50 percent complete",2034-12-01
eia860:3399:CTG2,generator,Cumberland (TN),US-TN,36.3903,-87.6539,454.8,planned,,Tennessee Valley Authority,eia:860m,https://www.eia.gov/electricity/data/eia860m/xls/august_generator2026.xlsx,2026-09-26T00:04:26Z,2026-08,3399,CTG2,18642,TN,Stewart,TVA,Electric Utility,Natural Gas Fired Combined Cycle,natural_gas,CT,Combined cycle combustion turbine part,NG,Natural gas,454.8,372.9,409.3,P,"Planned for installation, but regulatory approvals not initiated",2029-01-01
eia860:3399:STG1,generator,Cumberland (TN),US-TN,36.3903,-87.6539,323,under_construction,,Tennessee Valley Authority,eia:860m,https://www.eia.gov/electricity/data/eia860m/xls/august_generator2026.xlsx,2026-09-26T00:04:26Z,2026-08,3399,STG1,18642,TN,Stewart,TVA,Electric Utility,Natural Gas Fired Combined Cycle,natural_gas,CA,Combined cycle steam part,NG,Natural gas,323,296.6,305.2,U,"Under construction, less than or equal to 50 percent complete",2034-12-01
eia860:3399:STG2,generator,Cumberland (TN),US-TN,36.3903,-87.6539,323,planned,,Tennessee Valley Authority,eia:860m,https://www.eia.gov/electricity/data/eia860m/xls/august_generator2026.xlsx,2026-09-26T00:04:26Z,2026-08,3399,STG2,18642,TN,Stewart,TVA,Electric Utility,Natural Gas Fired Combined Cycle,natural_gas,CA,Combined cycle steam part,NG,Natural gas,323,296.6,305.2,P,"Planned for installation, but regulatory approvals not initiated",2029-01-01
eia860:3407:CTG1,generator,Kingston,US-TN,35.8992,-84.5194,454.8,planned,,Tennessee Valley Authority,eia:860m,https://www.eia.gov/electricity/data/eia860m/xls/august_generator2026.xlsx,2026-09-26T00:04:26Z,2026-08,3407,CTG1,18642,TN,Roane,TVA,Electric Utility,Natural Gas Fired Combined Cycle,natural_gas,CT,Combined cycle combustion turbine part,NG,Natural gas,454.8,372.9,409.3,P,"Planned for installation, but regulatory approvals not initiated",2027-12-01
eia860:3407:G1,generator,Kingston,US-TN,35.8992,-84.5194,65.8,planned,,Tennessee Valley Authority,eia:860m,https://www.eia.gov/electricity/data/eia860m/xls/august_generator2026.xlsx,2026-09-26T00:04:26Z,2026-08,3407,G1,18642,TN,Roane,TVA,Electric Utility,Natural Gas Fired Combustion Turbine,natural_gas,GT,Combustion (gas) turbine,NG,Natural gas,65.8,45,60,P,"Planned for installation, but regulatory approvals not initiated",2027-12-01
eia860:3407:G10,generator,Kingston,US-TN,35.8992,-84.5194,65.8,planned,,Tennessee Valley Authority,eia:860m,https://www.eia.gov/electricity/data/eia860m/xls/august_generator2026.xlsx,2026-09-26T00:04:26Z,2026-08,3407,G10,18642,TN,Roane,TVA,Electric Utility,Natural Gas Fired Combustion Turbine,natural_gas,GT,Combustion (gas) turbine,NG,Natural gas,65.8,45,60,P,"Planned for installation, but regulatory approvals not initiated",2027-12-01
eia860:3407:G11,generator,Kingston,US-TN,35.8992,-84.5194,65.8,planned,,Tennessee Valley Authority,eia:860m,https://www.eia.gov/electricity/data/eia860m/xls/august_generator2026.xlsx,2026-09-26T00:04:26Z,2026-08,3407,G11,18642,TN,Roane,TVA,Electric Utility,Natural Gas Fired Combustion Turbine,natural_gas,GT,Combustion (gas) turbine,NG,Natural gas,65.8,45,60,P,"Planned for installation, but regulatory approvals not initiated",2027-12-01
eia860:3407:G12,generator,Kingston,US-TN,35.8992,-84.5194,65.8,planned,,Tennessee Valley Authority,eia:860m,https://www.eia.gov/electricity/data/eia860m/xls/august_generator2026.xlsx,2026-09-26T00:04:26Z,2026-08,3407,G12,18642,TN,Roane,TVA,Electric Utility,Natural Gas Fired Combustion Turbine,natural_gas,GT,Combustion (gas) turbine,NG,Natural gas,65.8,45,60,P,"Planned for installation, but regulatory approvals not initiated",2027-12-01
eia860:3407:G13,generator,Kingston,US-TN,35.8992,-84.5194,65.8,planned,,Tennessee Valley Authority,eia:860m,https://www.eia.gov/electricity/data/eia860m/xls/august_generator2026.xlsx,2026-09-26T00:04:26Z,2026-08,3407,G13,18642,TN,Roane,TVA,Electric Utility,Natural Gas Fired Combustion Turbine,natural_gas,GT,Combustion (gas) turbine,NG,Natural gas,65.8,45,60,P,"Planned for installation, but regulatory approvals not initiated",2027-12-01
eia860:3407:G14,generator,Kingston,US-TN,35.8992,-84.5194,65.8,planned,,Tennessee Valley Authority,eia:860m,https://www.eia.gov/electricity/data/eia860m/xls/august_generator2026.xlsx,2026-09-26T00:04:26Z,2026-08,3407,G14,18642,TN,Roane,TVA,Electric Utility,Natural Gas Fired Combustion Turbine,natural_gas,GT,Combustion (gas) turbine,NG,Natural gas,65.8,45,60,P,"Planned for installation, but regulatory approvals not initiated",2027-12-01
eia860:3407:G15,generator,Kingston,US-TN,35.8992,-84.5194,65.8,planned,,Tennessee Valley Authority,eia:860m,https://www.eia.gov/electricity/data/eia860m/xls/august_generator2026.xlsx,2026-09-26T00:04:26Z,2026-08,3407,G15,18642,TN,Roane,TVA,Electric Utility,Natural Gas Fired Combustion Turbine,natural_gas,GT,Combustion (gas) turbine,NG,Natural gas,65.8,45,60,P,"Planned for installation, but regulatory approvals not initiated",2027-12-01
eia860:3407:G16,generator,Kingston,US-TN,35.8992,-84.5194,65.8,planned,,Tennessee Valley Authority,eia:860m,https://www.eia.gov/electricity/data/eia860m/xls/august_generator2026.xlsx,2026-09-26T00:04:26Z,2026-08,3407,G16,18642,TN,Roane,TVA,Electric Utility,Natural Gas Fired Combustion Turbine,natural_gas,GT,Combustion (gas) turbine,NG,Natural gas,65.8,45,60,P,"Planned for installation, but regulatory approvals not initiated",2027-12-01
eia860:3407:G2,generator,Kingston,US-TN,35.8992,-84.5194,65.8,planned,,Tennessee Valley Authority,eia:860m,https://www.eia.gov/electricity/data/eia860m/xls/august_generator2026.xlsx,2026-09-26T00:04:26Z,2026-08,3407,G2,18642,TN,Roane,TVA,Electric Utility,Natural Gas Fired Combustion Turbine,natural_gas,GT,Combustion (gas) turbine,NG,Natural gas,65.8,45,60,P,"Planned for installation, but regulatory approvals not initiated",2027-12-01
eia860:3407:G3,generator,Kingston,US-TN,35.8992,-84.5194,65.8,planned,,Tennessee Valley Authority,eia:860m,https://www.eia.gov/electricity/data/eia860m/xls/august_generator2026.xlsx,2026-09-26T00:04:26Z,2026-08,3407,G3,18642,TN,Roane,TVA,Electric Utility,Natural Gas Fired Combustion Turbine,natural_gas,GT,Combustion (gas) turbine,NG,Natural gas,65.8,45,60,P,"Planned for installation, but regulatory approvals not initiated",2027-12-01
eia860:3407:G4,generator,Kingston,US-TN,35.8992,-84.5194,65.8,planned,,Tennessee Valley Authority,eia:860m,https://www.eia.gov/electricity/data/eia860m/xls/august_generator2026.xlsx,2026-09-26T00:04:26Z,2026-08,3407,G4,18642,TN,Roane,TVA,Electric Utility,Natural Gas Fired Combustion Turbine,natural_gas,GT,Combustion (gas) turbine,NG,Natural gas,65.8,45,60,P,"Planned for installation, but regulatory approvals not initiated",2027-12-01
eia860:3407:G5,generator,Kingston,US-TN,35.8992,-84.5194,65.8,planned,,Tennessee Valley Authority,eia:860m,https://www.eia.gov/electricity/data/eia860m/xls/august_generator2026.xlsx,2026-09-26T00:04:26Z,2026-08,3407,G5,18642,TN,Roane,TVA,Electric Utility,Natural Gas Fired Combustion Turbine,natural_gas,GT,Combustion (gas) turbine,NG,Natural gas,65.8,45,60,P,"Planned for installation, but regulatory approvals not initiated",2027-12-01
eia860:3407:G6,generator,Kingston,US-TN,35.8992,-84.5194,65.8,planned,,Tennessee Valley Authority,eia:860m,https://www.eia.gov/electricity/data/eia860m/xls/august_generator2026.xlsx,2026-09-26T00:04:26Z,2026-08,3407,G6,18642,TN,Roane,TVA,Electric Utility,Natural Gas Fired Combustion Turbine,natural_gas,GT,Combustion (gas) turbine,NG,Natural gas,65.8,45,60,P,"Planned for installation, but regulatory approvals not initiated",2027-12-01
eia860:3407:G7,generator,Kingston,US-TN,35.8992,-84.5194,65.8,planned,,Tennessee Valley Authority,eia:860m,https://www.eia.gov/electricity/data/eia860m/xls/august_generator2026.xlsx,2026-09-26T00:04:26Z,2026-08,3407,G7,18642,TN,Roane,TVA,Electric Utility,Natural Gas Fired Combustion Turbine,natural_gas,GT,Combustion (gas) turbine,NG,Natural gas,65.8,45,60,P,"Planned for installation, but regulatory approvals not initiated",2027-12-01
eia860:3407:G8,generator,Kingston,US-TN,35.8992,-84.5194,65.8,planned,,Tennessee Valley Authority,eia:860m,https://www.eia.gov/electricity/data/eia860m/xls/august_generator2026.xlsx,2026-09-26T00:04:26Z,2026-08,3407,G8,18642,TN,Roane,TVA,Electric Utility,Natural Gas Fired Combustion Turbine,natural_gas,GT,Combustion (gas) turbine,NG,Natural gas,65.8,45,60,P,"Planned for installation, but regulatory approvals not initiated",2027-12-01
eia860:3407:G9,generator,Kingston,US-TN,35.8992,-84.5194,65.8,planned,,Tennessee Valley Authority,eia:860m,https://www.eia.gov/electricity/data/eia860m/xls/august_generator2026.xlsx,2026-09-26T00:04:26Z,2026-08,3407,G9,18642,TN,Roane,TVA,Electric Utility,Natural Gas Fired Combustion Turbine,natural_gas,GT,Combustion (gas) turbine,NG,Natural gas,65.8,45,60,P,"Planned for installation, but regulatory approvals not initiated",2027-12-01
eia860:3407:STG1,generator,Kingston,US-TN,35.8992,-84.5194,323,planned,,Tennessee Valley Authority,eia:860m,https://www.eia.gov/electricity/data/eia860m/xls/august_generator2026.xlsx,2026-09-26T00:04:26Z,2026-08,3407,STG1,18642,TN,Roane,TVA,Electric Utility,Natural Gas Fired Combined Cycle,natural_gas,CA,Combined cycle steam part,NG,Natural gas,323,296.6,305.2,P,"Planned for installation, but regulatory approvals not initiated",2027-12-01
eia860:3797:CERC1,generator,Chesterfield,US-VA,37.3822,-77.3833,250,planned,,Virginia Electric & Power Co,eia:860m,https://www.eia.gov/electricity/data/eia860m/xls/august_generator2026.xlsx,2026-09-26T00:04:26Z,2026-08,3797,CERC1,19876,VA,Chesterfield,PJM,Electric Utility,Natural Gas Fired Combustion Turbine,natural_gas,GT,Combustion (gas) turbine,NG,Natural gas,250,233.9,243.8,L,Regulatory approvals pending. Not under construction,2029-06-01
eia860:3797:CERC2,generator,Chesterfield,US-VA,37.3822,-77.3833,250,planned,,Virginia Electric & Power Co,eia:860m,https://www.eia.gov/electricity/data/eia860m/xls/august_generator2026.xlsx,2026-09-26T00:04:26Z,2026-08,3797,CERC2,19876,VA,Chesterfield,PJM,Electric Utility,Natural Gas Fired Combustion Turbine,natural_gas,GT,Combustion (gas) turbine,NG,Natural gas,250,233.9,243.8,L,Regulatory approvals pending. Not under construction,2029-06-01
eia860:3797:CERC3,generator,Chesterfield,US-VA,37.3822,-77.3833,250,planned,,Virginia Electric & Power Co,eia:860m,https://www.eia.gov/electricity/data/eia860m/xls/august_generator2026.xlsx,2026-09-26T00:04:26Z,2026-08,3797,CERC3,19876,VA,Chesterfield,PJM,Electric Utility,Natural Gas Fired Combustion Turbine,natural_gas,GT,Combustion (gas) turbine,NG,Natural gas,250,233.9,243.8,L,Regulatory approvals pending. Not under construction,2029-06-01
eia860:3797:CERC4,generator,Chesterfield,US-VA,37.3822,-77.3833,250,planned,,Virginia Electric & Power Co,eia:860m,https://www.eia.gov/electricity/data/eia860m/xls/august_generator2026.xlsx,2026-09-26T00:04:26Z,2026-08,3797,CERC4,19876,VA,Chesterfield,PJM,Electric Utility,Natural Gas Fired Combustion Turbine,natural_gas,GT,Combustion (gas) turbine,NG,Natural gas,250,233.9,243.8,L,Regulatory approvals pending. Not under construction,2029-06-01
eia860:389:RICE1,generator,El Centro Hybrid,US-CA,32.802222,-115.54,18.8,planned,,Imperial Irrigation District,eia:860m,https://www.eia.gov/electricity/data/eia860m/xls/august_generator2026.xlsx,2026-09-26T00:04:26Z,2026-08,389,RICE1,9216,CA,Imperial,IID,Electric Utility,Natural Gas Internal Combustion Engine,natural_gas,IC,Internal combustion engine,NG,Natural gas,18.8,18.6,18.8,P,"Planned for installation, but regulatory approvals not initiated",2029-09-01
eia860:389:RICE2,generator,El Centro Hybrid,US-CA,32.802222,-115.54,18.8,planned,,Imperial Irrigation District,eia:860m,https://www.eia.gov/electricity/data/eia860m/xls/august_generator2026.xlsx,2026-09-26T00:04:26Z,2026-08,389,RICE2,9216,CA,Imperial,IID,Electric Utility,Natural Gas Internal Combustion Engine,natural_gas,IC,Internal combustion engine,NG,Natural gas,18.8,18.6,18.8,P,"Planned for installation, but regulatory approvals not initiated",2029-09-01
eia860:389:RICE3,generator,El Centro Hybrid,US-CA,32.802222,-115.54,18.8,planned,,Imperial Irrigation District,eia:860m,https://www.eia.gov/electricity/data/eia860m/xls/august_generator2026.xlsx,2026-09-26T00:04:26Z,2026-08,389,RICE3,9216,CA,Imperial,IID,Electric Utility,Natural Gas Internal Combustion Engine,natural_gas,IC,Internal combustion engine,NG,Natural gas,18.8,18.6,18.8,P,"Planned for installation, but regulatory approvals not initiated",2029-09-01
eia860:389:RICE4,generator,El Centro Hybrid,US-CA,32.802222,-115.54,18.8,planned,,Imperial Irrigation District,eia:860m,https://www.eia.gov/electricity/data/eia860m/xls/august_generator2026.xlsx,2026-09-26T00:04:26Z,2026-08,389,RICE4,9216,CA,Imperial,IID,Electric Utility,Natural Gas Internal Combustion Engine,natural_gas,IC,Internal combustion engine,NG,Natural gas,18.8,18.6,18.8,P,"Planned for installation, but regulatory approvals not initiated",2029-09-01
eia860:389:RICE5,generator,El Centro Hybrid,US-CA,32.802222,-115.54,18.8,planned,,Imperial Irrigation District,eia:860m,https://www.eia.gov/electricity/data/eia860m/xls/august_generator2026.xlsx,2026-09-26T00:04:26Z,2026-08,389,RICE5,9216,CA,Imperial,IID,Electric Utility,Natural Gas Internal Combustion Engine,natural_gas,IC,Internal combustion engine,NG,Natural gas,18.8,18.6,18.8,P,"Planned for installation, but regulatory approvals not initiated",2029-09-01
eia860:389:RICE6,generator,El Centro Hybrid,US-CA,32.802222,-115.54,18.8,planned,,Imperial Irrigation District,eia:860m,https://www.eia.gov/electricity/data/eia860m/xls/august_generator2026.xlsx,2026-09-26T00:04:26Z,2026-08,389,RICE6,9216,CA,Imperial,IID,Electric Utility,Natural Gas Internal Combustion Engine,natural_gas,IC,Internal combustion engine,NG,Natural gas,18.8,18.6,18.8,P,"Planned for installation, but regulatory approvals not initiated",2029-09-01
eia860:4041:11,generator,South Oak Creek,US-WI,42.8457,-87.8294,236.3,planned,,Wisconsin Electric Power Co,eia:860m,https://www.eia.gov/electricity/data/eia860m/xls/august_generator2026.xlsx,2026-09-26T00:04:26Z,2026-08,4041,11,20847,WI,Milwaukee,MISO,Electric Utility,Natural Gas Fired Combustion Turbine,natural_gas,GT,Combustion (gas) turbine,NG,Natural gas,236.3,227.6,227.6,L,Regulatory approvals pending. Not under construction,2028-02-01
eia860:4041:12,generator,South Oak Creek,US-WI,42.8457,-87.8294,236.3,planned,,Wisconsin Electric Power Co,eia:860m,https://www.eia.gov/electricity/data/eia860m/xls/august_generator2026.xlsx,2026-09-26T00:04:26Z,2026-08,4041,12,20847,WI,Milwaukee,MISO,Electric Utility,Natural Gas Fired Combustion Turbine,natural_gas,GT,Combustion (gas) turbine,NG,Natural gas,236.3,227.6,227.6,L,Regulatory approvals pending. Not under construction,2028-02-01
eia860:4041:13,generator,South Oak Creek,US-WI,42.8457,-87.8294,236.3,planned,,Wisconsin Electric Power Co,eia:860m,https://www.eia.gov/electricity/data/eia860m/xls/august_generator2026.xlsx,2026-09-26T00:04:26Z,2026-08,4041,13,20847,WI,Milwaukee,MISO,Electric Utility,Natural Gas Fired Combustion Turbine,natural_gas,GT,Combustion (gas) turbine,NG,Natural gas,236.3,227.6,227.6,L,Regulatory approvals pending. Not under construction,2028-02-01
eia860:4041:14,generator,South Oak Creek,US-WI,42.8457,-87.8294,236.3,planned,,Wisconsin Electric Power Co,eia:860m,https://www.eia.gov/electricity/data/eia860m/xls/august_generator2026.xlsx,2026-09-26T00:04:26Z,2026-08,4041,14,20847,WI,Milwaukee,MISO,Electric Utility,Natural Gas Fired Combustion Turbine,natural_gas,GT,Combustion (gas) turbine,NG,Natural gas,236.3,227.6,227.6,L,Regulatory approvals pending. Not under construction,2028-02-01
eia860:4041:15,generator,South Oak Creek,US-WI,42.8457,-87.8294,236.3,planned,,Wisconsin Electric Power Co,eia:860m,https://www.eia.gov/electricity/data/eia860m/xls/august_generator2026.xlsx,2026-09-26T00:04:26Z,2026-08,4041,15,20847,WI,Milwaukee,MISO,Electric Utility,Natural Gas Fired Combustion Turbine,natural_gas,GT,Combustion (gas) turbine,NG,Natural gas,236.3,227.6,227.6,L,Regulatory approvals pending. Not under construction,2028-02-01
eia860:4050:BESS1,generator,Edgewater,US-WI,43.715142,-87.70586,99,under_construction,,Wisconsin Power & Light Co,eia:860m,https://www.eia.gov/electricity/data/eia860m/xls/august_generator2026.xlsx,2026-09-26T00:04:26Z,2026-08,4050,BESS1,20856,WI,Sheboygan,MISO,Electric Utility,Batteries,storage,BA,"Energy storage, battery",MWH,Electricity used for energy storage,99,99,99,U,"Under construction, less than or equal to 50 percent complete",2027-04-01
eia860:50666:GEN2,generator,Pasco Cnty Solid Waste Resource Recovery,US-FL,28.3681,-82.5583,17,under_construction,,Pasco County - (FL),eia:860m,https://www.eia.gov/electricity/data/eia860m/xls/august_generator2026.xlsx,2026-09-26T00:04:26Z,2026-08,50666,GEN2,14519,FL,Pasco,FPC,IPP Non-CHP,Municipal Solid Waste,biomass,ST,Steam turbine,MSW,Municipal solid waste,17,15,15,U,"Under construction, less than or equal to 50 percent complete",2027-04-01
eia860:50736:FSS13,generator,Pure Hedge LLC,US-CT,41.712448,-71.82225,20,under_construction,,Pure Hedge LLC,eia:860m,https://www.eia.gov/electricity/data/eia860m/xls/august_generator2026.xlsx,2026-09-26T00:04:26Z,2026-08,50736,FSS13,63599,CT,Windham,ISNE,IPP Non-CHP,Batteries,storage,BA,"Energy storage, battery",MWH,Electricity used for energy storage,20,20,20,U,"Under construction, less than or equal to 50 percent complete",2027-10-01
eia860:50736:FSS17,generator,Pure Hedge LLC,US-CT,41.712448,-71.82225,70,under_construction,,Pure Hedge LLC,eia:860m,https://www.eia.gov/electricity/data/eia860m/xls/august_generator2026.xlsx,2026-09-26T00:04:26Z,2026-08,50736,FSS17,63599,CT,Windham,ISNE,IPP Non-CHP,Solar Photovoltaic,solar,PV,Photovoltaic,SUN,Solar,70,70,70,U,"Under construction, less than or equal to 50 percent complete",2027-10-01
eia860:50969:GEN10,generator,MU Combined Heat and Power Plant,US-MO,38.9461,-92.3328,9,under_construction,,Curators of the University of Missouri,eia:860m,https://www.eia.gov/electricity/data/eia860m/xls/august_generator2026.xlsx,2026-09-26T00:04:26Z,2026-08,50969,GEN10,34359,MO,Boone,MISO,Commercial CHP,Natural Gas Steam Turbine,natural_gas,ST,Steam turbine,NG,Natural gas,9,8,8,V,"Under construction, more than 50 percent complete",2026-11-01
eia860:52021:GEN3,generator,ITT Cogen Facility,US-IL,41.83442,-87.62847,4.1,planned,,"ITT Energy Tech Partners, LLC",eia:860m,https://www.eia.gov/electricity/data/eia860m/xls/august_generator2026.xlsx,2026-09-26T00:04:26Z,2026-08,52021,GEN3,65792,IL,Cook,PJM,Commercial CHP,Natural Gas Internal Combustion Engine,natural_gas,IC,Internal combustion engine,NG,Natural gas,4.1,4.1,4.1,T,Regulatory approvals received. Not under construction,2027-03-01
eia860:52021:GEN4,generator,ITT Cogen Facility,US-IL,41.83442,-87.62847,4.1,planned,,"ITT Energy Tech Partners, LLC",eia:860m,https://www.eia.gov/electricity/data/eia860m/xls/august_generator2026.xlsx,2026-09-26T00:04:26Z,2026-08,52021,GEN4,65792,IL,Cook,PJM,Commercial CHP,Natural Gas Internal Combustion Engine,natural_gas,IC,Internal combustion engine,NG,Natural gas,4.1,4.1,4.1,T,Regulatory approvals received. Not under construction,2027-03-01
eia860:52149:GEN21,generator,West Point (PA),US-PA,40.217963,-75.29882,2.5,under_construction,,Merck & Co Inc-West Point,eia:860m,https://www.eia.gov/electricity/data/eia860m/xls/august_generator2026.xlsx,2026-09-26T00:04:26Z,2026-08,52149,GEN21,12303,PA,Montgomery,PJM,Industrial CHP,Natural Gas Internal Combustion Engine,natural_gas,IC,Internal combustion engine,NG,Natural gas,2.5,2.5,2.5,V,"Under construction, more than 50 percent complete",2026-10-01
eia860:54224:CTG1,generator,Franklin Heating Station,US-MN,44.020576,-92.4656,7.5,under_construction,,Franklin Heating Station,eia:860m,https://www.eia.gov/electricity/data/eia860m/xls/august_generator2026.xlsx,2026-09-26T00:04:26Z,2026-08,54224,CTG1,6738,MN,Olmsted,MISO,Commercial CHP,Natural Gas Fired Combined Cycle,natural_gas,CT,Combined cycle combustion turbine part,NG,Natural gas,7.5,7.3,7.3,U,"Under construction, less than or equal to 50 percent complete",2027-05-01
eia860:54224:DG9,generator,Franklin Heating Station,US-MN,44.020576,-92.4656,3.1,planned,,Franklin Heating Station,eia:860m,https://www.eia.gov/electricity/data/eia860m/xls/august_generator2026.xlsx,2026-09-26T00:04:26Z,2026-08,54224,DG9,6738,MN,Olmsted,MISO,Commercial CHP,Petroleum Liquids,petroleum,IC,Internal combustion engine,DFO,Distillate fuel oil,3.1,3.1,3.1,T,Regulatory approvals received. Not under construction,2028-01-01
eia860:54224:EG11,generator,Franklin Heating Station,US-MN,44.020576,-92.4656,3.4,under_construction,,Franklin Heating Station,eia:860m,https://www.eia.gov/electricity/data/eia860m/xls/august_generator2026.xlsx,2026-09-26T00:04:26Z,2026-08,54224,EG11,6738,MN,Olmsted,MISO,Commercial CHP,Petroleum Liquids,petroleum,IC,Internal combustion engine,DFO,Distillate fuel oil,3.4,3.4,3.4,U,"Under construction, less than or equal to 50 percent complete",2027-05-01
eia860:54224:EG12,generator,Franklin Heating Station,US-MN,44.020576,-92.4656,3.4,under_construction,,Franklin Heating Station,eia:860m,https://www.eia.gov/electricity/data/eia860m/xls/august_generator2026.xlsx,2026-09-26T00:04:26Z,2026-08,54224,EG12,6738,MN,Olmsted,MISO,Commercial CHP,Petroleum Liquids,petroleum,IC,Internal combustion engine,DFO,Distillate fuel oil,3.4,3.4,3.4,U,"Under construction, less than or equal to 50 percent complete",2027-05-01
eia860:54224:EG13,generator,Franklin Heating Station,US-MN,44.020576,-92.4656,3.4,under_construction,,Franklin Heating Station,eia:860m,https://www.eia.gov/electricity/data/eia860m/xls/august_generator2026.xlsx,2026-09-26T00:04:26Z,2026-08,54224,EG13,6738,MN,Olmsted,MISO,Commercial CHP,Petroleum Liquids,petroleum,IC,Internal combustion engine,DFO,Distillate fuel oil,3.4,3.4,3.4,U,"Under construction, less than or equal to 50 percent complete",2027-05-01
eia860:54224:EG14,generator,Franklin Heating Station,US-MN,44.020576,-92.4656,3.4,under_construction,,Franklin Heating Station,eia:860m,https://www.eia.gov/electricity/data/eia860m/xls/august_generator2026.xlsx,2026-09-26T00:04:26Z,2026-08,54224,EG14,6738,MN,Olmsted,MISO,Commercial CHP,Petroleum Liquids,petroleum,IC,Internal combustion engine,DFO,Distillate fuel oil,3.4,3.4,3.4,U,"Under construction, less than or equal to 50 percent complete",2027-05-01
eia860:54224:EG15,generator,Franklin Heating Station,US-MN,44.020576,-92.4656,3.4,under_construction,,Franklin Heating Station,eia:860m,https://www.eia.gov/electricity/data/eia860m/xls/august_generator2026.xlsx,2026-09-26T00:04:26Z,2026-08,54224,EG15,6738,MN,Olmsted,MISO,Commercial CHP,Petroleum Liquids,petroleum,IC,Internal combustion engine,DFO,Distillate fuel oil,3.4,3.4,3.4,U,"Under construction, less than or equal to 50 percent complete",2027-05-01
eia860:54808:GR1,generator,New York University Central Plant,US-NY,40.7899,-73.9233,2.6,under_construction,,New York University,eia:860m,https://www.eia.gov/electricity/data/eia860m/xls/august_generator2026.xlsx,2026-09-26T00:04:26Z,2026-08,54808,GR1,13491,NY,New York,NYIS,Commercial Non-CHP,Natural Gas Internal Combustion Engine,natural_gas,IC,Internal combustion engine,NG,Natural gas,2.6,2.6,2.6,V,"Under construction, more than 50 percent complete",2026-09-01
eia860:54808:STG1,generator,New York University Central Plant,US-NY,40.7899,-73.9233,2.9,planned,,New York University,eia:860m,https://www.eia.gov/electricity/data/eia860m/xls/august_generator2026.xlsx,2026-09-26T00:04:26Z,2026-08,54808,STG1,13491,NY,New York,NYIS,Commercial Non-CHP,Natural Gas Fired Combined Cycle,natural_gas,CA,Combined cycle steam part,NG,Natural gas,2.9,1.8,2.4,P,"Planned for installation, but regulatory approvals not initiated",2027-05-01
eia860:54918:TM02,generator,Ergon Refining Vicksburg,US-MS,32.388271,-90.90834,7.9,under_construction,,Ergon Refining Inc,eia:860m,https://www.eia.gov/electricity/data/eia860m/xls/august_generator2026.xlsx,2026-09-26T00:04:26Z,2026-08,54918,TM02,6667,MS,Warren,MISO,Industrial CHP,Natural Gas Fired Combustion Turbine,natural_gas,GT,Combustion (gas) turbine,NG,Natural gas,7.9,7.9,7.9,U,"Under construction, less than or equal to 50 percent complete",2027-09-01
eia860:54918:TM03,generator,Ergon Refining Vicksburg,US-MS,32.388271,-90.90834,7.9,under_construction,,Ergon Refining Inc,eia:860m,https://www.eia.gov/electricity/data/eia860m/xls/august_generator2026.xlsx,2026-09-26T00:04:26Z,2026-08,54918,TM03,6667,MS,Warren,MISO,Industrial CHP,Natural Gas Fired Combustion Turbine,natural_gas,GT,Combustion (gas) turbine,NG,Natural gas,7.9,7.9,7.9,U,"Under construction, less than or equal to 50 percent complete",2027-09-01
eia860:55027:1600B,generator,Papillion Creek Wastewater,US-NE,41.0772,-95.87,2.5,under_construction,,City of Omaha - (NE),eia:860m,https://www.eia.gov/electricity/data/eia860m/xls/august_generator2026.xlsx,2026-09-26T00:04:26Z,2026-08,55027,1600B,13157,NE,Sarpy,SWPP,Commercial CHP,Natural Gas Internal Combustion Engine,natural_gas,IC,Internal combustion engine,NG,Natural gas,2.5,2.4,2.5,V,"Under construction, more than 50 percent complete",2026-11-01
eia860:55027:1600C,generator,Papillion Creek Wastewater,US-NE,41.0772,-95.87,2.5,under_construction,,City of Omaha - (NE),eia:860m,https://www.eia.gov/electricity/data/eia860m/xls/august_generator2026.xlsx,2026-09-26T00:04:26Z,2026-08,55027,1600C,13157,NE,Sarpy,SWPP,Commercial CHP,Natural Gas Internal Combustion Engine,natural_gas,IC,Internal combustion engine,NG,Natural gas,2.5,2.4,2.5,V,"Under construction, more than 50 percent complete",2026-11-01
eia860:55027:1600D,generator,Papillion Creek Wastewater,US-NE,41.0772,-95.87,2.5,under_construction,,City of Omaha - (NE),eia:860m,https://www.eia.gov/electricity/data/eia860m/xls/august_generator2026.xlsx,2026-09-26T00:04:26Z,2026-08,55027,1600D,13157,NE,Sarpy,SWPP,Commercial CHP,Natural Gas Internal Combustion Engine,natural_gas,IC,Internal combustion engine,NG,Natural gas,2.5,2.4,2.5,V,"Under construction, more than 50 percent complete",2026-11-01
eia860:55369:BESS1,generator,Hamakua Energy Plant,US-HI,20.0939,-155.4711,7.5,planned,,Hamakua Energy LP,eia:860m,https://www.eia.gov/electricity/data/eia860m/xls/august_generator2026.xlsx,2026-09-26T00:04:26Z,2026-08,55369,BESS1,61213,HI,Hawaii,,IPP Non-CHP,Batteries,storage,BA,"Energy storage, battery",MWH,Electricity used for energy storage,7.5,7.5,7.5,P,"Planned for installation, but regulatory approvals not initiated",2030-11-01
eia860:55455:CT10,generator,Red Hawk,US-AZ,33.334562,-112.8406,49,under_construction,,Arizona Public Service Co,eia:860m,https://www.eia.gov/electricity/data/eia860m/xls/august_generator2026.xlsx,2026-09-26T00:04:26Z,2026-08,55455,CT10,803,AZ,Maricopa,SRP,Electric Utility,Natural Gas Fired Combustion Turbine,natural_gas,GT,Combustion (gas) turbine,NG,Natural gas,49,45,49,U,"Under construction, less than or equal to 50 percent complete",2027-10-01
eia860:55455:CT3,generator,Red Hawk,US-AZ,33.334562,-112.8406,49,under_construction,,Arizona Public Service Co,eia:860m,https://www.eia.gov/electricity/data/eia860m/xls/august_generator2026.xlsx,2026-09-26T00:04:26Z,2026-08,55455,CT3,803,AZ,Maricopa,SRP,Electric Utility,Natural Gas Fired Combustion Turbine,natural_gas,GT,Combustion (gas) turbine,NG,Natural gas,49,45,49,U,"Under construction, less than or equal to 50 percent complete",2027-10-01
eia860:55455:CT4,generator,Red Hawk,US-AZ,33.334562,-112.8406,49,under_construction,,Arizona Public Service Co,eia:860m,https://www.eia.gov/electricity/data/eia860m/xls/august_generator2026.xlsx,2026-09-26T00:04:26Z,2026-08,55455,CT4,803,AZ,Maricopa,SRP,Electric Utility,Natural Gas Fired Combustion Turbine,natural_gas,GT,Combustion (gas) turbine,NG,Natural gas,49,45,49,U,"Under construction, less than or equal to 50 percent complete",2027-10-01
eia860:55455:CT5,generator,Red Hawk,US-AZ,33.334562,-112.8406,49,under_construction,,Arizona Public Service Co,eia:860m,https://www.eia.gov/electricity/data/eia860m/xls/august_generator2026.xlsx,2026-09-26T00:04:26Z,2026-08,55455,CT5,803,AZ,Maricopa,SRP,Electric Utility,Natural Gas Fired Combustion Turbine,natural_gas,GT,Combustion (gas) turbine,NG,Natural gas,49,45,49,U,"Under construction, less than or equal to 50 percent complete",2027-10-01
eia860:55455:CT6,generator,Red Hawk,US-AZ,33.334562,-112.8406,49,under_construction,,Arizona Public Service Co,eia:860m,https://www.eia.gov/electricity/data/eia860m/xls/august_generator2026.xlsx,2026-09-26T00:04:26Z,2026-08,55455,CT6,803,AZ,Maricopa,SRP,Electric Utility,Natural Gas Fired Combustion Turbine,natural_gas,GT,Combustion (gas) turbine,NG,Natural gas,49,45,49,U,"Under construction, less than or equal to 50 percent complete",2027-10-01
eia860:55455:CT7,generator,Red Hawk,US-AZ,33.334562,-112.8406,49,under_construction,,Arizona Public Service Co,eia:860m,https://www.eia.gov/electricity/data/eia860m/xls/august_generator2026.xlsx,2026-09-26T00:04:26Z,2026-08,55455,CT7,803,AZ,Maricopa,SRP,Electric Utility,Natural Gas Fired Combustion Turbine,natural_gas,GT,Combustion (gas) turbine,NG,Natural gas,49,45,49,U,"Under construction, less than or equal to 50 percent complete",2027-10-01
eia860:55455:CT8,generator,Red Hawk,US-AZ,33.334562,-112.8406,49,under_construction,,Arizona Public Service Co,eia:860m,https://www.eia.gov/electricity/data/eia860m/xls/august_generator2026.xlsx,2026-09-26T00:04:26Z,2026-08,55455,CT8,803,AZ,Maricopa,SRP,Electric Utility,Natural Gas Fired Combustion Turbine,natural_gas,GT,Combustion (gas) turbine,NG,Natural gas,49,45,49,U,"Under construction, less than or equal to 50 percent complete",2027-10-01
eia860:55455:CT9,generator,Red Hawk,US-AZ,33.334562,-112.8406,49,under_construction,,Arizona Public Service Co,eia:860m,https://www.eia.gov/electricity/data/eia860m/xls/august_generator2026.xlsx,2026-09-26T00:04:26Z,2026-08,55455,CT9,803,AZ,Maricopa,SRP,Electric Utility,Natural Gas Fired Combustion Turbine,natural_gas,GT,Combustion (gas) turbine,NG,Natural gas,49,45,49,U,"Under construction, less than or equal to 50 percent complete",2027-10-01
eia860:55478:IC01,generator,Lange Generating Station,US-SD,44.1218,-103.2641,16.6,under_construction,,"Black Hills Power, Inc.",eia:860m,https://www.eia.gov/electricity/data/eia860m/xls/august_generator2026.xlsx,2026-09-26T00:04:26Z,2026-08,55478,IC01,19545,SD,Pennington,WACM,Electric Utility,Natural Gas Internal Combustion Engine,natural_gas,IC,Internal combustion engine,NG,Natural gas,16.6,16.3,16.3,V,"Under construction, more than 50 percent complete",2026-12-01
eia860:55478:IC02,generator,Lange Generating Station,US-SD,44.1218,-103.2641,16.6,under_construction,,"Black Hills Power, Inc.",eia:860m,https://www.eia.gov/electricity/data/eia860m/xls/august_generator2026.xlsx,2026-09-26T00:04:26Z,2026-08,55478,IC02,19545,SD,Pennington,WACM,Electric Utility,Natural Gas Internal Combustion Engine,natural_gas,IC,Internal combustion engine,NG,Natural gas,16.6,16.3,16.3,V,"Under construction, more than 50 percent complete",2026-12-01
eia860:55478:IC03,generator,Lange Generating Station,US-SD,44.1218,-103.2641,16.6,under_construction,,"Black Hills Power, Inc.",eia:860m,https://www.eia.gov/electricity/data/eia860m/xls/august_generator2026.xlsx,2026-09-26T00:04:26Z,2026-08,55478,IC03,19545,SD,Pennington,WACM,Electric Utility,Natural Gas Internal Combustion Engine,natural_gas,IC,Internal combustion engine,NG,Natural gas,16.6,16.3,16.3,V,"Under construction, more than 50 percent complete",2026-12-01
eia860:55478:IC04,generator,Lange Generating Station,US-SD,44.1218,-103.2641,16.6,under_construction,,"Black Hills Power, Inc.",eia:860m,https://www.eia.gov/electricity/data/eia860m/xls/august_generator2026.xlsx,2026-09-26T00:04:26Z,2026-08,55478,IC04,19545,SD,Pennington,WACM,Electric Utility,Natural Gas Internal Combustion Engine,natural_gas,IC,Internal combustion engine,NG,Natural gas,16.6,16.3,16.3,V,"Under construction, more than 50 percent complete",2026-12-01
eia860:55478:IC05,generator,Lange Generating Station,US-SD,44.1218,-103.2641,16.6,under_construction,,"Black Hills Power, Inc.",eia:860m,https://www.eia.gov/electricity/data/eia860m/xls/august_generator2026.xlsx,2026-09-26T00:04:26Z,2026-08,55478,IC05,19545,SD,Pennington,WACM,Electric Utility,Natural Gas Internal Combustion Engine,natural_gas,IC,Internal combustion engine,NG,Natural gas,16.6,16.3,16.3,V,"Under construction, more than 50 percent complete",2026-12-01
eia860:55478:IC06,generator,Lange Generating Station,US-SD,44.1218,-103.2641,16.6,under_construction,,"Black Hills Power, Inc.",eia:860m,https://www.eia.gov/electricity/data/eia860m/xls/august_generator2026.xlsx,2026-09-26T00:04:26Z,2026-08,55478,IC06,19545,SD,Pennington,WACM,Electric Utility,Natural Gas Internal Combustion Engine,natural_gas,IC,Internal combustion engine,NG,Natural gas,16.6,16.3,16.3,V,"Under construction, more than 50 percent complete",2026-12-01
eia860:55972:CT-3,generator,Cass County,US-NE,40.947913,-95.96403,264,planned,,Omaha Public Power District,eia:860m,https://www.eia.gov/electricity/data/eia860m/xls/august_generator2026.xlsx,2026-09-26T00:04:26Z,2026-08,55972,CT-3,14127,NE,Cass,SWPP,Electric Utility,Natural Gas Fired Combustion Turbine,natural_gas,GT,Combustion (gas) turbine,NG,Natural gas,264,221,221,T,Regulatory approvals received. Not under construction,2029-02-01
eia860:55972:CT-4,generator,Cass County,US-NE,40.947913,-95.96403,264,planned,,Omaha Public Power District,eia:860m,https://www.eia.gov/electricity/data/eia860m/xls/august_generator2026.xlsx,2026-09-26T00:04:26Z,2026-08,55972,CT-4,14127,NE,Cass,SWPP,Electric Utility,Natural Gas Fired Combustion Turbine,natural_gas,GT,Combustion (gas) turbine,NG,Natural gas,264,221,221,T,Regulatory approvals received. Not under construction,2029-02-01
eia860:55972:CT-5,generator,Cass County,US-NE,40.947913,-95.96403,264,planned,,Omaha Public Power District,eia:860m,https://www.eia.gov/electricity/data/eia860m/xls/august_generator2026.xlsx,2026-09-26T00:04:26Z,2026-08,55972,CT-5,14127,NE,Cass,SWPP,Electric Utility,Natural Gas Fired Combustion Turbine,natural_gas,GT,Combustion (gas) turbine,NG,Natural gas,264,221,221,T,Regulatory approvals received. Not under construction,2029-02-01
eia860:56615:G200,generator,Rancho Penasquitos,US-CA,32.93695,-117.1137,4.3,under_construction,,San Diego County Water Auth,eia:860m,https://www.eia.gov/electricity/data/eia860m/xls/august_generator2026.xlsx,2026-09-26T00:04:26Z,2026-08,56615,G200,27075,CA,San Diego,CISO,IPP Non-CHP,Conventional Hydroelectric,hydro,HY,Hydraulic turbine (conventional hydro),WAT,Water,4.3,4.1,2.3,U,"Under construction, less than or equal to 50 percent complete",2026-10-01
eia860:56895:7,generator,Ameresco Ox Mountain,US-CA,37.5,-122.4,3,planned,,AMERESCO Ox Mountain Energy LLC,eia:860m,https://www.eia.gov/electricity/data/eia860m/xls/august_generator2026.xlsx,2026-09-26T00:04:26Z,2026-08,56895,7,56101,CA,San Mateo,CISO,IPP Non-CHP,Landfill Gas,biomass,IC,Internal combustion engine,LFG,Landfill gas,3,2.8,2.8,L,Regulatory approvals pending. Not under construction,2027-09-01
eia860:56948:COE19,generator,Coolidge Generation Station,US-AZ,32.917399,-111.5033,49.5,under_construction,,Salt River Project,eia:860m,https://www.eia.gov/electricity/data/eia860m/xls/august_generator2026.xlsx,2026-09-26T00:04:26Z,2026-08,56948,COE19,16572,AZ,Pinal,SRP,Electric Utility,Natural Gas Fired Combustion Turbine,natural_gas,GT,Combustion (gas) turbine,NG,Natural gas,49.5,42,48,U,"Under construction, less than or equal to 50 percent complete",2027-07-01
eia860:56948:COE20,generator,Coolidge Generation Station,US-AZ,32.917399,-111.5033,49.5,under_construction,,Salt River Project,eia:860m,https://www.eia.gov/electricity/data/eia860m/xls/august_generator2026.xlsx,2026-09-26T00:04:26Z,2026-08,56948,COE20,16572,AZ,Pinal,SRP,Electric Utility,Natural Gas Fired Combustion Turbine,natural_gas,GT,Combustion (gas) turbine,NG,Natural gas,49.5,42,48,U,"Under construction, less than or equal to 50 percent complete",2027-07-01
eia860:56948:COE21,generator,Coolidge Generation Station,US-AZ,32.917399,-111.5033,49.5,under_construction,,Salt River Project,eia:860m,https://www.eia.gov/electricity/data/eia860m/xls/august_generator2026.xlsx,2026-09-26T00:04:26Z,2026-08,56948,COE21,16572,AZ,Pinal,SRP,Electric Utility,Natural Gas Fired Combustion Turbine,natural_gas,GT,Combustion (gas) turbine,NG,Natural gas,49.5,42,48,U,"Under construction, less than or equal to 50 percent complete",2027-07-01
eia860:56948:COE22,generator,Coolidge Generation Station,US-AZ,32.917399,-111.5033,49.5,under_construction,,Salt River Project,eia:860m,https://www.eia.gov/electricity/data/eia860m/xls/august_generator2026.xlsx,2026-09-26T00:04:26Z,2026-08,56948,COE22,16572,AZ,Pinal,SRP,Electric Utility,Natural Gas Fired Combustion Turbine,natural_gas,GT,Combustion (gas) turbine,NG,Natural gas,49.5,42,48,U,"Under construction, less than or equal to 50 percent complete",2027-07-01
eia860:56948:COE23,generator,Coolidge Generation Station,US-AZ,32.917399,-111.5033,49.5,under_construction,,Salt River Project,eia:860m,https://www.eia.gov/electricity/data/eia860m/xls/august_generator2026.xlsx,2026-09-26T00:04:26Z,2026-08,56948,COE23,16572,AZ,Pinal,SRP,Electric Utility,Natural Gas Fired Combustion Turbine,natural_gas,GT,Combustion (gas) turbine,NG,Natural gas,49.5,42,48,U,"Under construction, less than or equal to 50 percent complete",2027-07-01
eia860:56948:COE24,generator,Coolidge Generation Station,US-AZ,32.917399,-111.5033,49.5,under_construction,,Salt River Project,eia:860m,https://www.eia.gov/electricity/data/eia860m/xls/august_generator2026.xlsx,2026-09-26T00:04:26Z,2026-08,56948,COE24,16572,AZ,Pinal,SRP,Electric Utility,Natural Gas Fired Combustion Turbine,natural_gas,GT,Combustion (gas) turbine,NG,Natural gas,49.5,42,48,U,"Under construction, less than or equal to 50 percent complete",2027-07-01
eia860:56998:BA7,generator,Pueblo Airport Generating Station,US-CO,38.320833,-104.5264,50,planned,,Black Hills Service Company LLC,eia:860m,https://www.eia.gov/electricity/data/eia860m/xls/august_generator2026.xlsx,2026-09-26T00:04:26Z,2026-08,56998,BA7,56771,CO,Pueblo,PSCO,IPP Non-CHP,Batteries,storage,BA,"Energy storage, battery",MWH,Electricity used for energy storage,50,50,50,L,Regulatory approvals pending. Not under construction,2027-12-01
eia860:56:LEC3,generator,Lowman Energy Center,US-AL,31.488019,-87.91075,438,planned,,PowerSouth Energy Cooperative,eia:860m,https://www.eia.gov/electricity/data/eia860m/xls/august_generator2026.xlsx,2026-09-26T00:04:26Z,2026-08,56,LEC3,189,AL,Washington,SOCO,Electric Utility,Natural Gas Fired Combustion Turbine,natural_gas,GT,Combustion (gas) turbine,NG,Natural gas,438,409,448,L,Regulatory approvals pending. Not under construction,2029-11-01
eia860:57472:CTG,generator,TBE-Montgomery LLC,US-NY,41.4885,-74.2262,12,under_construction,,TBE Montgomery LLC,eia:860m,https://www.eia.gov/electricity/data/eia860m/xls/august_generator2026.xlsx,2026-09-26T00:04:26Z,2026-08,57472,CTG,56789,NY,Orange,NYIS,IPP Non-CHP,Other Waste Biomass,biomass,CT,Combined cycle combustion turbine part,OBG,Other biomass gas,12,11.6,12,U,"Under construction, less than or equal to 50 percent complete",2039-12-01
eia860:57472:STG,generator,TBE-Montgomery LLC,US-NY,41.4885,-74.2262,9,under_construction,,TBE Montgomery LLC,eia:860m,https://www.eia.gov/electricity/data/eia860m/xls/august_generator2026.xlsx,2026-09-26T00:04:26Z,2026-08,57472,STG,56789,NY,Orange,NYIS,IPP Non-CHP,Other Waste Biomass,biomass,CA,Combined cycle steam part,OBG,Other biomass gas,9,7.4,8.1,U,"Under construction, less than or equal to 50 percent complete",2039-12-01
eia860:57703:02B,generator,Cheyenne Prairie Generating Station,US-WY,41.123611,-104.72,40,planned,,Black Hills Service Company LLC,eia:860m,https://www.eia.gov/electricity/data/eia860m/xls/august_generator2026.xlsx,2026-09-26T00:04:26Z,2026-08,57703,02B,56771,WY,Laramie,WACM,Electric Utility,Natural Gas Fired Combustion Turbine,natural_gas,GT,Combustion (gas) turbine,NG,Natural gas,40,40,40,P,"Planned for installation, but regulatory approvals not initiated",2028-12-01
eia860:57703:03A,generator,Cheyenne Prairie Generating Station,US-WY,41.123611,-104.72,40,planned,,Black Hills Service Company LLC,eia:860m,https://www.eia.gov/electricity/data/eia860m/xls/august_generator2026.xlsx,2026-09-26T00:04:26Z,2026-08,57703,03A,56771,WY,Laramie,WACM,Electric Utility,Natural Gas Fired Combustion Turbine,natural_gas,GT,Combustion (gas) turbine,NG,Natural gas,40,40,40,P,"Planned for installation, but regulatory approvals not initiated",2028-12-01
eia860:57703:03B,generator,Cheyenne Prairie Generating Station,US-WY,41.123611,-104.72,40,planned,,Black Hills Service Company LLC,eia:860m,https://www.eia.gov/electricity/data/eia860m/xls/august_generator2026.xlsx,2026-09-26T00:04:26Z,2026-08,57703,03B,56771,WY,Laramie,WACM,Electric Utility,Natural Gas Fired Combustion Turbine,natural_gas,GT,Combustion (gas) turbine,NG,Natural gas,40,40,40,P,"Planned for installation, but regulatory approvals not initiated",2028-12-01
eia860:58151:STG03,generator,Central Utility Plant - Texas A&M,US-TX,30.617778,-96.34333,5,planned,,"Texas A&M, Utilities & Energy Services",eia:860m,https://www.eia.gov/electricity/data/eia860m/xls/august_generator2026.xlsx,2026-09-26T00:04:26Z,2026-08,58151,STG03,58113,TX,Brazos,ERCO,Commercial CHP,Natural Gas Fired Combined Cycle,natural_gas,CA,Combined cycle steam part,NG,Natural gas,5,5,5,P,"Planned for installation, but regulatory approvals not initiated",2027-12-01
eia860:58168:TURB4,generator,Energy Center,US-CA,34.063056,-117.1639,0.3,planned,,University of Redlands,eia:860m,https://www.eia.gov/electricity/data/eia860m/xls/august_generator2026.xlsx,2026-09-26T00:04:26Z,2026-08,58168,TURB4,58105,CA,San Bernardino,CISO,Commercial CHP,Natural Gas Fired Combustion Turbine,natural_gas,GT,Combustion (gas) turbine,NG,Natural gas,0.3,0.3,0.3,P,"Planned for installation, but regulatory approvals not initiated",2030-12-01
eia860:58168:TURB5,generator,Energy Center,US-CA,34.063056,-117.1639,0.3,planned,,University of Redlands,eia:860m,https://www.eia.gov/electricity/data/eia860m/xls/august_generator2026.xlsx,2026-09-26T00:04:26Z,2026-08,58168,TURB5,58105,CA,San Bernardino,CISO,Commercial CHP,Natural Gas Fired Combustion Turbine,natural_gas,GT,Combustion (gas) turbine,NG,Natural gas,0.3,0.3,0.3,P,"Planned for installation, but regulatory approvals not initiated",2030-12-01
eia860:58168:TURB6,generator,Energy Center,US-CA,34.063056,-117.1639,0.3,planned,,University of Redlands,eia:860m,https://www.eia.gov/electricity/data/eia860m/xls/august_generator2026.xlsx,2026-09-26T00:04:26Z,2026-08,58168,TURB6,58105,CA,San Bernardino,CISO,Commercial CHP,Natural Gas Fired Combustion Turbine,natural_gas,GT,Combustion (gas) turbine,NG,Natural gas,0.3,0.3,0.3,P,"Planned for installation, but regulatory approvals not initiated",2030-12-01
eia860:58175:JWPI,generator,Jawbone Wind Project,US-MT,46.508056,-109.7278,80,under_construction,,Triple Oak Power LLC,eia:860m,https://www.eia.gov/electricity/data/eia860m/xls/august_generator2026.xlsx,2026-09-26T00:04:26Z,2026-08,58175,JWPI,63759,MT,Wheatland,NWMT,IPP Non-CHP,Onshore Wind Turbine,wind,WT,"Wind turbine, onshore",WND,Wind,80,80,80,U,"Under construction, less than or equal to 50 percent complete",2029-12-01
eia860:58639:BESS8,generator,KRS I Anahola Solar Hybrid,US-HI,22.131667,-159.3031,12,planned,,Kauai Island Utility Cooperative,eia:860m,https://www.eia.gov/electricity/data/eia860m/xls/august_generator2026.xlsx,2026-09-26T00:04:26Z,2026-08,58639,BESS8,10071,HI,Kauai,,Electric Utility,Batteries,storage,BA,"Energy storage, battery",MWH,Electricity used for energy storage,12,12,12,P,"Planned for installation, but regulatory approvals not initiated",2027-07-01
eia860:58640:BESS7,generator,KRS II Koloa Solar,US-HI,21.900833,-159.45,12,planned,,Kauai Island Utility Cooperative,eia:860m,https://www.eia.gov/electricity/data/eia860m/xls/august_generator2026.xlsx,2026-09-26T00:04:26Z,2026-08,58640,BESS7,10071,HI,Kauai,,Electric Utility,Batteries,storage,BA,"Energy storage, battery",MWH,Electricity used for energy storage,12,12,12,P,"Planned for installation, but regulatory approvals not initiated",2027-07-01
eia860:58652:1,generator,La Paz Solar Tower,US-AZ,33.917222,-114.2675,200,planned,,"Enviromission, Inc",eia:860m,https://www.eia.gov/electricity/data/eia860m/xls/august_generator2026.xlsx,2026-09-26T00:04:26Z,2026-08,58652,1,58597,AZ,La Paz,WALC,IPP Non-CHP,Solar Thermal without Energy Storage,solar,OT,Other,SUN,Solar,200,200,200,P,"Planned for installation, but regulatory approvals not initiated",2030-06-01
eia860:58835:ELK4,generator,Elk Station,US-TX,33.865,-101.8433,199.8,under_construction,,"Golden Spread Electric Cooperative, Inc",eia:860m,https://www.eia.gov/electricity/data/eia860m/xls/august_generator2026.xlsx,2026-09-26T00:04:26Z,2026-08,58835,ELK4,7349,TX,Hale,SWPP,Electric Utility,Natural Gas Fired Combustion Turbine,natural_gas,GT,Combustion (gas) turbine,NG,Natural gas,199.8,201,210,U,"Under construction, less than or equal to 50 percent complete",2027-03-01
eia860:58903:UNIT1,generator,Marseilles Lock and Dam Hydro,US-IL,41.327778,-88.70111,2.6,under_construction,,Marseilles Land and Water Company,eia:860m,https://www.eia.gov/electricity/data/eia860m/xls/august_generator2026.xlsx,2026-09-26T00:04:26Z,2026-08,58903,UNIT1,58783,IL,LaSalle,MISO,IPP Non-CHP,Conventional Hydroelectric,hydro,HY,Hydraulic turbine (conventional hydro),WAT,Water,2.6,2.6,2.6,U,"Under construction, less than or equal to 50 percent complete",2027-12-01
eia860:58903:UNIT2,generator,Marseilles Lock and Dam Hydro,US-IL,41.327778,-88.70111,2.6,under_construction,,Marseilles Land and Water Company,eia:860m,https://www.eia.gov/electricity/data/eia860m/xls/august_generator2026.xlsx,2026-09-26T00:04:26Z,2026-08,58903,UNIT2,58783,IL,LaSalle,MISO,IPP Non-CHP,Conventional Hydroelectric,hydro,HY,Hydraulic turbine (conventional hydro),WAT,Water,2.6,2.6,2.6,U,"Under construction, less than or equal to 50 percent complete",2027-12-01
eia860:58903:UNIT3,generator,Marseilles Lock and Dam Hydro,US-IL,41.327778,-88.70111,2.6,under_construction,,Marseilles Land and Water Company,eia:860m,https://www.eia.gov/electricity/data/eia860m/xls/august_generator2026.xlsx,2026-09-26T00:04:26Z,2026-08,58903,UNIT3,58783,IL,LaSalle,MISO,IPP Non-CHP,Conventional Hydroelectric,hydro,HY,Hydraulic turbine (conventional hydro),WAT,Water,2.6,2.6,2.6,U,"Under construction, less than or equal to 50 percent complete",2027-12-01
eia860:58903:UNIT4,generator,Marseilles Lock and Dam Hydro,US-IL,41.327778,-88.70111,2.6,under_construction,,Marseilles Land and Water Company,eia:860m,https://www.eia.gov/electricity/data/eia860m/xls/august_generator2026.xlsx,2026-09-26T00:04:26Z,2026-08,58903,UNIT4,58783,IL,LaSalle,MISO,IPP Non-CHP,Conventional Hydroelectric,hydro,HY,Hydraulic turbine (conventional hydro),WAT,Water,2.6,2.6,2.6,U,"Under construction, less than or equal to 50 percent complete",2027-12-01
eia860:58987:I-A,generator,Chokecherry and Sierra Madre Wind,US-WY,41.683056,-107.2,844.2,under_construction,,Power Company of Wyoming LLC,eia:860m,https://www.eia.gov/electricity/data/eia860m/xls/august_generator2026.xlsx,2026-09-26T00:04:26Z,2026-08,58987,I-A,58842,WY,Carbon,CISO,IPP Non-CHP,Onshore Wind Turbine,wind,WT,"Wind turbine, onshore",WND,Wind,844.2,844.2,844.2,U,"Under construction, less than or equal to 50 percent complete",2031-12-01
eia860:58987:I-B,generator,Chokecherry and Sierra Madre Wind,US-WY,41.683056,-107.2,849.6,under_construction,,Power Company of Wyoming LLC,eia:860m,https://www.eia.gov/electricity/data/eia860m/xls/august_generator2026.xlsx,2026-09-26T00:04:26Z,2026-08,58987,I-B,58842,WY,Carbon,CISO,IPP Non-CHP,Onshore Wind Turbine,wind,WT,"Wind turbine, onshore",WND,Wind,849.6,849.6,849.6,U,"Under construction, less than or equal to 50 percent complete",2031-12-01
eia860:58987:II-A,generator,Chokecherry and Sierra Madre Wind,US-WY,41.683056,-107.2,1303.2,under_construction,,Power Company of Wyoming LLC,eia:860m,https://www.eia.gov/electricity/data/eia860m/xls/august_generator2026.xlsx,2026-09-26T00:04:26Z,2026-08,58987,II-A,58842,WY,Carbon,CISO,IPP Non-CHP,Onshore Wind Turbine,wind,WT,"Wind turbine, onshore",WND,Wind,1303.2,1303.2,1303.2,U,"Under construction, less than or equal to 50 percent complete",2032-12-01
eia860:58987:II-B,generator,Chokecherry and Sierra Madre Wind,US-WY,41.683056,-107.2,553.5,under_construction,,Power Company of Wyoming LLC,eia:860m,https://www.eia.gov/electricity/data/eia860m/xls/august_generator2026.xlsx,2026-09-26T00:04:26Z,2026-08,58987,II-B,58842,WY,Carbon,CISO,IPP Non-CHP,Onshore Wind Turbine,wind,WT,"Wind turbine, onshore",WND,Wind,553.5,553.5,553.5,U,"Under construction, less than or equal to 50 percent complete",2033-12-01
eia860:59027:GEN 1,generator,Mahoney Lake Hydroelectric,US-AK,55.419444,-131.5378,9.6,planned,,Ketchikan Electric Company,eia:860m,https://www.eia.gov/electricity/data/eia860m/xls/august_generator2026.xlsx,2026-09-26T00:04:26Z,2026-08,59027,GEN 1,60223,AK,Ketchikan Gateway,,Electric Utility,Conventional Hydroelectric,hydro,HY,Hydraulic turbine (conventional hydro),WAT,Water,9.6,9.6,9.6,P,"Planned for installation, but regulatory approvals not initiated",2027-12-01
eia860:59047:GEN 1,generator,"Gallegos Wind Farm, Phase 1",US-NM,36.580281,-103.849,190,planned,,Gallegos Wind Farm LLC,eia:860m,https://www.eia.gov/electricity/data/eia860m/xls/august_generator2026.xlsx,2026-09-26T00:04:26Z,2026-08,59047,GEN 1,58880,NM,Union,PNM,IPP Non-CHP,Onshore Wind Turbine,wind,WT,"Wind turbine, onshore",WND,Wind,190,190,190,P,"Planned for installation, but regulatory approvals not initiated",2028-11-01
eia860:59091:GEN1,generator,Braddock Lock and Dam,US-PA,40.388889,-79.85889,5.3,planned,,"Lock+ Hydro Friends Fund XLII, LLC",eia:860m,https://www.eia.gov/electricity/data/eia860m/xls/august_generator2026.xlsx,2026-09-26T00:04:26Z,2026-08,59091,GEN1,65470,PA,Allegheny,PJM,IPP Non-CHP,Conventional Hydroelectric,hydro,HY,Hydraulic turbine (conventional hydro),WAT,Water,5.3,5.3,5.3,L,Regulatory approvals pending. Not under construction,2027-03-01
eia860:59243:CHAN1,generator,Changing Winds,US-TX,34.511944,-102.0519,288,planned,,Invenergy Services LLC,eia:860m,https://www.eia.gov/electricity/data/eia860m/xls/august_generator2026.xlsx,2026-09-26T00:04:26Z,2026-08,59243,CHAN1,49893,TX,Castro,ERCO,IPP Non-CHP,Onshore Wind Turbine,wind,WT,"Wind turbine, onshore",WND,Wind,288,288,288,L,Regulatory approvals pending. Not under construction,2028-03-01
eia860:59572:PV1,generator,Cotton Solar,US-SC,34.455,-79.41028,16,planned,,"Cotton Solar, LLC",eia:860m,https://www.eia.gov/electricity/data/eia860m/xls/august_generator2026.xlsx,2026-09-26T00:04:26Z,2026-08,59572,PV1,59319,SC,Dillon,CPLE,IPP Non-CHP,Solar Photovoltaic,solar,PV,Photovoltaic,SUN,Solar,16,16,16,T,Regulatory approvals received. Not under construction,2027-06-01
eia860:59596:PV1,generator,Rhubarb One SC,US-SC,34.151111,-79.41,9.6,planned,,SolRiver Capital LLC,eia:860m,https://www.eia.gov/electricity/data/eia860m/xls/august_generator2026.xlsx,2026-09-26T00:04:26Z,2026-08,59596,PV1,64994,SC,Marion,CPLE,IPP Non-CHP,Solar Photovoltaic,solar,PV,Photovoltaic,SUN,Solar,9.6,9.6,9.6,L,Regulatory approvals pending. Not under construction,2027-06-01
eia860:59969:GEN01,generator,"Windhub Solar B, LLC",US-CA,35.0133,-118.2698,26.4,under_construction,,"Windhub Solar B, LLC",eia:860m,https://www.eia.gov/electricity/data/eia860m/xls/august_generator2026.xlsx,2026-09-26T00:04:26Z,2026-08,59969,GEN01,59726,CA,Kern,CISO,IPP Non-CHP,Solar Photovoltaic,solar,PV,Photovoltaic,SUN,Solar,26.4,20,20,V,"Under construction, more than 50 percent complete",2026-10-01
eia860:59971:ESTR1,generator,Easter,US-TX,34.668882,-102.3517,152,under_construction,,"Enbridge Wind (Easter), LLC",eia:860m,https://www.eia.gov/electricity/data/eia860m/xls/august_generator2026.xlsx,2026-09-26T00:04:26Z,2026-08,59971,ESTR1,67705,TX,Castro,ERCO,IPP Non-CHP,Onshore Wind Turbine,wind,WT,"Wind turbine, onshore",WND,Wind,152,152,152,V,"Under construction, more than 50 percent complete",2027-03-01
eia860:60070:GEN,generator,Nolin Hills,US-OR,45.55455,-119.1143,300,planned,,"Nolin Hills Wind, LLC",eia:860m,https://www.eia.gov/electricity/data/eia860m/xls/august_generator2026.xlsx,2026-09-26T00:04:26Z,2026-08,60070,GEN,64800,OR,Umatilla,BPAT,IPP Non-CHP,Onshore Wind Turbine,wind,WT,"Wind turbine, onshore",WND,Wind,300,300,300,P,"Planned for installation, but regulatory approvals not initiated",2027-12-01
eia860:60070:GEN2,generator,Nolin Hills,US-OR,45.55455,-119.1143,300,planned,,"Nolin Hills Wind, LLC",eia:860m,https://www.eia.gov/electricity/data/eia860m/xls/august_generator2026.xlsx,2026-09-26T00:04:26Z,2026-08,60070,GEN2,64800,OR,Umatilla,BPAT,IPP Non-CHP,Solar Photovoltaic,solar,PV,Photovoltaic,SUN,Solar,300,300,300,P,"Planned for installation, but regulatory approvals not initiated",2027-12-01
eia860:60206:HCCA1,generator,Wolf Summit Energy,US-WV,39.287039,-80.32287,207.4,planned,,Wolf Summit Energy LLC,eia:860m,https://www.eia.gov/electricity/data/eia860m/xls/august_generator2026.xlsx,2026-09-26T00:04:26Z,2026-08,60206,HCCA1,59966,WV,Harrison,PJM,IPP Non-CHP,Natural Gas Fired Combined Cycle,natural_gas,CA,Combined cycle steam part,NG,Natural gas,207.4,205.4,207.4,L,Regulatory approvals pending. Not under construction,2028-12-01
eia860:60206:HCCT1,generator,Wolf Summit Energy,US-WV,39.287039,-80.32287,371.5,planned,,Wolf Summit Energy LLC,eia:860m,https://www.eia.gov/electricity/data/eia860m/xls/august_generator2026.xlsx,2026-09-26T00:04:26Z,2026-08,60206,HCCT1,59966,WV,Harrison,PJM,IPP Non-CHP,Natural Gas Fired Combined Cycle,natural_gas,CT,Combined cycle combustion turbine part,NG,Natural gas,371.5,319.1,343.3,L,Regulatory approvals pending. Not under construction,2028-12-01
eia860:60272:WT1,generator,"Cone Renewable Energy Project, LLC",US-TX,33.8093,-101.3424,150,planned,,"Cone Renewable Energy Project, LLC",eia:860m,https://www.eia.gov/electricity/data/eia860m/xls/august_generator2026.xlsx,2026-09-26T00:04:26Z,2026-08,60272,WT1,67704,TX,Crosby,ERCO,IPP Non-CHP,Onshore Wind Turbine,wind,WT,"Wind turbine, onshore",WND,Wind,150,150,150,L,Regulatory approvals pending. Not under construction,2027-11-01
eia860:60434:PV1,generator,Baxter Creek Solar,US-NC,35.865502,-80.55309,30,under_construction,,"Duke Energy Carolinas, LLC",eia:860m,https://www.eia.gov/electricity/data/eia860m/xls/august_generator2026.xlsx,2026-09-26T00:04:26Z,2026-08,60434,PV1,5416,NC,Davie,DUK,IPP Non-CHP,Solar Photovoltaic,solar,PV,Photovoltaic,SUN,Solar,30,30,30,V,"Under construction, more than 50 percent complete",2026-09-01
eia860:60588:JHI01,generator,Sweetheart Lake Hydroelectric Facility,US-AK,57.9449,-133.6867,6.6,planned,,"Juneau Hydropower, Inc",eia:860m,https://www.eia.gov/electricity/data/eia860m/xls/august_generator2026.xlsx,2026-09-26T00:04:26Z,2026-08,60588,JHI01,60349,AK,Juneau,,IPP Non-CHP,Conventional Hydroelectric,hydro,HY,Hydraulic turbine (conventional hydro),WAT,Water,6.6,6.6,6.6,L,Regulatory approvals pending. Not under construction,2028-01-01
eia860:60588:JHI02,generator,Sweetheart Lake Hydroelectric Facility,US-AK,57.9449,-133.6867,6.6,planned,,"Juneau Hydropower, Inc",eia:860m,https://www.eia.gov/electricity/data/eia860m/xls/august_generator2026.xlsx,2026-09-26T00:04:26Z,2026-08,60588,JHI02,60349,AK,Juneau,,IPP Non-CHP,Conventional Hydroelectric,hydro,HY,Hydraulic turbine (conventional hydro),WAT,Water,6.6,6.6,6.6,L,Regulatory approvals pending. Not under construction,2028-01-01
eia860:60588:JHI03,generator,Sweetheart Lake Hydroelectric Facility,US-AK,57.9449,-133.6867,6.6,planned,,"Juneau Hydropower, Inc",eia:860m,https://www.eia.gov/electricity/data/eia860m/xls/august_generator2026.xlsx,2026-09-26T00:04:26Z,2026-08,60588,JHI03,60349,AK,Juneau,,IPP Non-CHP,Conventional Hydroelectric,hydro,HY,Hydraulic turbine (conventional hydro),WAT,Water,6.6,6.6,6.6,L,Regulatory approvals pending. Not under construction,2028-01-01
eia860:60642:1,generator,M&G Resins USA,US-TX,27.833756,-97.49652,14.3,under_construction,,CC Polymers LLC,eia:860m,https://www.eia.gov/electricity/data/eia860m/xls/august_generator2026.xlsx,2026-09-26T00:04:26Z,2026-08,60642,1,61818,TX,Nueces,ERCO,Industrial Non-CHP,All Other,other,OT,Other,WH,Waste heat,14.3,11.7,12.6,U,"Under construction, less than or equal to 50 percent complete",2028-12-01
eia860:60642:2,generator,M&G Resins USA,US-TX,27.833756,-97.49652,14.3,under_construction,,CC Polymers LLC,eia:860m,https://www.eia.gov/electricity/data/eia860m/xls/august_generator2026.xlsx,2026-09-26T00:04:26Z,2026-08,60642,2,61818,TX,Nueces,ERCO,Industrial Non-CHP,All Other,other,OT,Other,WH,Waste heat,14.3,11.7,12.6,U,"Under construction, less than or equal to 50 percent complete",2028-12-01
eia860:60670:1,generator,CE&P Imperial Valley 1,US-CA,32.912778,-115.5183,50,planned,,"California Ethanol Power, LLC",eia:860m,https://www.eia.gov/electricity/data/eia860m/xls/august_generator2026.xlsx,2026-09-26T00:04:26Z,2026-08,60670,1,60395,CA,Imperial,IID,Industrial CHP,All Other,other,CC,Combined cycle total unit,OTH,Other,50,50,50,T,Regulatory approvals received. Not under construction,2029-06-01
eia860:6085:19A,generator,R M Schahfer,US-IN,41.2164,-87.0261,71.5,planned,,Northern Indiana Pub Serv Co,eia:860m,https://www.eia.gov/electricity/data/eia860m/xls/august_generator2026.xlsx,2026-09-26T00:04:26Z,2026-08,6085,19A,13756,IN,Jasper,MISO,Electric Utility,Natural Gas Fired Combustion Turbine,natural_gas,GT,Combustion (gas) turbine,NG,Natural gas,71.5,49.6,54.8,T,Regulatory approvals received. Not under construction,2027-12-01
eia860:6085:19B,generator,R M Schahfer,US-IN,41.2164,-87.0261,71.5,planned,,Northern Indiana Pub Serv Co,eia:860m,https://www.eia.gov/electricity/data/eia860m/xls/august_generator2026.xlsx,2026-09-26T00:04:26Z,2026-08,6085,19B,13756,IN,Jasper,MISO,Electric Utility,Natural Gas Fired Combustion Turbine,natural_gas,GT,Combustion (gas) turbine,NG,Natural gas,71.5,49.6,54.8,T,Regulatory approvals received. Not under construction,2027-12-01
eia860:6085:19C,generator,R M Schahfer,US-IN,41.2164,-87.0261,71.5,planned,,Northern Indiana Pub Serv Co,eia:860m,https://www.eia.gov/electricity/data/eia860m/xls/august_generator2026.xlsx,2026-09-26T00:04:26Z,2026-08,6085,19C,13756,IN,Jasper,MISO,Electric Utility,Natural Gas Fired Combustion Turbine,natural_gas,GT,Combustion (gas) turbine,NG,Natural gas,71.5,49.6,54.8,T,Regulatory approvals received. Not under construction,2027-12-01
eia860:6085:20,generator,R M Schahfer,US-IN,41.2164,-87.0261,233.8,planned,,Northern Indiana Pub Serv Co,eia:860m,https://www.eia.gov/electricity/data/eia860m/xls/august_generator2026.xlsx,2026-09-26T00:04:26Z,2026-08,6085,20,13756,IN,Jasper,MISO,Electric Utility,Natural Gas Fired Combustion Turbine,natural_gas,GT,Combustion (gas) turbine,NG,Natural gas,233.8,234.4,240.9,T,Regulatory approvals received. Not under construction,2027-12-01
eia860:61037:APPL,generator,Apple Hill Solar,US-VT,42.9077,-73.2041,2,under_construction,,Ecos Energy LLC,eia:860m,https://www.eia.gov/electricity/data/eia860m/xls/august_generator2026.xlsx,2026-09-26T00:04:26Z,2026-08,61037,APPL,58135,VT,Bennington,ISNE,IPP Non-CHP,Solar Photovoltaic,solar,PV,Photovoltaic,SUN,Solar,2,2,2,U,"Under construction, less than or equal to 50 percent complete",2026-12-01
eia860:6112:7,generator,Fort St Vrain,US-CO,40.2461,-104.8742,239,under_construction,,Public Service Co of Colorado,eia:860m,https://www.eia.gov/electricity/data/eia860m/xls/august_generator2026.xlsx,2026-09-26T00:04:26Z,2026-08,6112,7,15466,CO,Weld,PSCO,Electric Utility,Natural Gas Fired Combustion Turbine,natural_gas,GT,Combustion (gas) turbine,NG,Natural gas,239,177.9,198.8,U,"Under construction, less than or equal to 50 percent complete",2027-12-01
eia860:6112:8,generator,Fort St Vrain,US-CO,40.2461,-104.8742,239,under_construction,,Public Service Co of Colorado,eia:860m,https://www.eia.gov/electricity/data/eia860m/xls/august_generator2026.xlsx,2026-09-26T00:04:26Z,2026-08,6112,8,15466,CO,Weld,PSCO,Electric Utility,Natural Gas Fired Combustion Turbine,natural_gas,GT,Combustion (gas) turbine,NG,Natural gas,239,177.9,198.8,U,"Under construction, less than or equal to 50 percent complete",2027-12-01
eia860:61133:SSO01,generator,"Humacao Solar Project, LLC",US-PR,18.134597,-65.82234,20,under_construction,,"Fonroche Energy America, Inc.",eia:860m,https://www.eia.gov/electricity/data/eia860m/xls/august_generator2026.xlsx,2026-09-26T00:04:26Z,2026-08,61133,SSO01,60754,PR,Humacao,,IPP Non-CHP,Solar Photovoltaic,solar,PV,Photovoltaic,SUN,Solar,20,20,20,TS,"Construction complete, but not yet in commercial operation",2027-02-01
eia860:61170:33UI8,generator,Gale 1 Solar,US-UT,39.523,-112.546,300,planned,,33UI 8me LLC,eia:860m,https://www.eia.gov/electricity/data/eia860m/xls/august_generator2026.xlsx,2026-09-26T00:04:26Z,2026-08,61170,33UI8,60799,UT,Millard,LDWP,IPP Non-CHP,Solar Photovoltaic,solar,PV,Photovoltaic,SUN,Solar,300,300,300,P,"Planned for installation, but regulatory approvals not initiated",2030-08-01
eia860:61170:33UI9,generator,Gale 1 Solar,US-UT,39.523,-112.546,150,planned,,33UI 8me LLC,eia:860m,https://www.eia.gov/electricity/data/eia860m/xls/august_generator2026.xlsx,2026-09-26T00:04:26Z,2026-08,61170,33UI9,60799,UT,Millard,LDWP,IPP Non-CHP,Batteries,storage,BA,"Energy storage, battery",MWH,Electricity used for energy storage,150,150,150,P,"Planned for installation, but regulatory approvals not initiated",2030-08-01
eia860:61331:BA1,generator,NISA Electric Generation Project,US-NY,40.7065,-73.9702,79.9,planned,,NYC Energy LLC,eia:860m,https://www.eia.gov/electricity/data/eia860m/xls/august_generator2026.xlsx,2026-09-26T00:04:26Z,2026-08,61331,BA1,60971,NY,Kings,NYIS,IPP Non-CHP,Batteries,storage,BA,"Energy storage, battery",MWH,Electricity used for energy storage,79.9,79.9,79.9,T,Regulatory approvals received. Not under construction,2028-10-01
eia860:61331:BA2,generator,NISA Electric Generation Project,US-NY,40.7065,-73.9702,220.1,planned,,NYC Energy LLC,eia:860m,https://www.eia.gov/electricity/data/eia860m/xls/august_generator2026.xlsx,2026-09-26T00:04:26Z,2026-08,61331,BA2,60971,NY,Kings,NYIS,IPP Non-CHP,Batteries,storage,BA,"Energy storage, battery",MWH,Electricity used for energy storage,220.1,220.1,220.1,T,Regulatory approvals received. Not under construction,2028-10-01
eia860:61364:HHB,generator,Hu Honua Bioenergy Facility,US-HI,19.843504,-155.0871,36,under_construction,,"Hu Honua Bioenergy, LLC",eia:860m,https://www.eia.gov/electricity/data/eia860m/xls/august_generator2026.xlsx,2026-09-26T00:04:26Z,2026-08,61364,HHB,61001,HI,Hawaii,HECO,IPP Non-CHP,Other Waste Biomass,biomass,ST,Steam turbine,OBS,Other biomass solids,36,32,32,V,"Under construction, more than 50 percent complete",2027-12-01
eia860:61511:BCNE,generator,Burt County Wind,US-NE,41.886,-96.345,75,planned,,RWE Clean Energy,eia:860m,https://www.eia.gov/electricity/data/eia860m/xls/august_generator2026.xlsx,2026-09-26T00:04:26Z,2026-08,61511,BCNE,67192,NE,Burt,SWPP,IPP Non-CHP,Onshore Wind Turbine,wind,WT,"Wind turbine, onshore",WND,Wind,75,75,75,L,Regulatory approvals pending. Not under construction,2027-07-01
eia860:61592:WT1,generator,Cody Road Wind Farm,US-NY,42.967145,-75.75592,2.4,under_construction,,Green Power Energy LLC,eia:860m,https://www.eia.gov/electricity/data/eia860m/xls/august_generator2026.xlsx,2026-09-26T00:04:26Z,2026-08,61592,WT1,61166,NY,Madison,NYIS,IPP Non-CHP,Onshore Wind Turbine,wind,WT,"Wind turbine, onshore",WND,Wind,2.4,2.4,2.4,U,"Under construction, less than or equal to 50 percent complete",2029-07-01
eia860:61592:WT2,generator,Cody Road Wind Farm,US-NY,42.967145,-75.75592,2.4,under_construction,,Green Power Energy LLC,eia:860m,https://www.eia.gov/electricity/data/eia860m/xls/august_generator2026.xlsx,2026-09-26T00:04:26Z,2026-08,61592,WT2,61166,NY,Madison,NYIS,IPP Non-CHP,Onshore Wind Turbine,wind,WT,"Wind turbine, onshore",WND,Wind,2.4,2.4,2.4,U,"Under construction, less than or equal to 50 percent complete",2029-07-01
eia860:61592:WT3,generator,Cody Road Wind Farm,US-NY,42.967145,-75.75592,2.4,under_construction,,Green Power Energy LLC,eia:860m,https://www.eia.gov/electricity/data/eia860m/xls/august_generator2026.xlsx,2026-09-26T00:04:26Z,2026-08,61592,WT3,61166,NY,Madison,NYIS,IPP Non-CHP,Onshore Wind Turbine,wind,WT,"Wind turbine, onshore",WND,Wind,2.4,2.4,2.4,U,"Under construction, less than or equal to 50 percent complete",2029-07-01
eia860:61687:PLMCK,generator,Plum Creek,US-MN,44.14504,-95.38272,200,planned,,Geronimo Power,eia:860m,https://www.eia.gov/electricity/data/eia860m/xls/august_generator2026.xlsx,2026-09-26T00:04:26Z,2026-08,61687,PLMCK,62759,MN,Cottonwood,MISO,IPP Non-CHP,Onshore Wind Turbine,wind,WT,"Wind turbine, onshore",WND,Wind,200,200,200,L,Regulatory approvals pending. Not under construction,2028-12-01
eia860:61912:MHSOL,generator,McGinness Hills 3,US-NV,39.5963,-116.8942,14,under_construction,,Ormat Nevada Inc,eia:860m,https://www.eia.gov/electricity/data/eia860m/xls/august_generator2026.xlsx,2026-09-26T00:04:26Z,2026-08,61912,MHSOL,34691,NV,Lander,NEVP,IPP Non-CHP,Solar Photovoltaic,solar,PV,Photovoltaic,SUN,Solar,14,14,7,U,"Under construction, less than or equal to 50 percent complete",2027-01-01
eia860:62022:GEN1,generator,Lincoln Land Energy Center,US-IL,39.5788,-89.57984,638.4,planned,,Lincoln Land Energy Center LLC,eia:860m,https://www.eia.gov/electricity/data/eia860m/xls/august_generator2026.xlsx,2026-09-26T00:04:26Z,2026-08,62022,GEN1,61596,IL,Sangamon,MISO,IPP Non-CHP,Natural Gas Fired Combined Cycle,natural_gas,CS,Combined cycle single shaft,NG,Natural gas,638.4,520,520,P,"Planned for installation, but regulatory approvals not initiated",2030-06-01
eia860:62022:GEN2,generator,Lincoln Land Energy Center,US-IL,39.5788,-89.57984,638.4,planned,,Lincoln Land Energy Center LLC,eia:860m,https://www.eia.gov/electricity/data/eia860m/xls/august_generator2026.xlsx,2026-09-26T00:04:26Z,2026-08,62022,GEN2,61596,IL,Sangamon,MISO,IPP Non-CHP,Natural Gas Fired Combined Cycle,natural_gas,CS,Combined cycle single shaft,NG,Natural gas,638.4,520,520,P,"Planned for installation, but regulatory approvals not initiated",2030-06-01
eia860:6211:GEN4,generator,Dynegy Oakland Power Plant,US-CA,37.79675,-122.2819,43.3,planned,,"Dynegy Oakland, LLC",eia:860m,https://www.eia.gov/electricity/data/eia860m/xls/august_generator2026.xlsx,2026-09-26T00:04:26Z,2026-08,6211,GEN4,54803,CA,Alameda,CISO,IPP Non-CHP,Batteries,storage,BA,"Energy storage, battery",MWH,Electricity used for energy storage,43.3,43.3,43.3,P,"Planned for installation, but regulatory approvals not initiated",2028-05-01
eia860:62181:23,generator,B & K Solar,US-SC,34.423425,-80.06213,74.9,under_construction,,B & K Solar,eia:860m,https://www.eia.gov/electricity/data/eia860m/xls/august_generator2026.xlsx,2026-09-26T00:04:26Z,2026-08,62181,23,61713,SC,Darlington,CPLE,IPP Non-CHP,Solar Photovoltaic,solar,PV,Photovoltaic,SUN,Solar,74.9,74.9,74.9,V,"Under construction, more than 50 percent complete",2026-11-01
eia860:62184:26,generator,Big Fork Solar,US-SC,33.135275,-81.23911,74.9,planned,,Big Fork Solar,eia:860m,https://www.eia.gov/electricity/data/eia860m/xls/august_generator2026.xlsx,2026-09-26T00:04:26Z,2026-08,62184,26,61716,SC,Barnwell,SCEG,IPP Non-CHP,Solar Photovoltaic,solar,PV,Photovoltaic,SUN,Solar,74.9,74.9,74.9,T,Regulatory approvals received. Not under construction,2028-11-01
eia860:62184:27,generator,Big Fork Solar,US-SC,33.135275,-81.23911,74.9,planned,,Big Fork Solar,eia:860m,https://www.eia.gov/electricity/data/eia860m/xls/august_generator2026.xlsx,2026-09-26T00:04:26Z,2026-08,62184,27,61716,SC,Barnwell,SCEG,IPP Non-CHP,Batteries,storage,BA,"Energy storage, battery",MWH,Electricity used for energy storage,74.9,74.9,74.9,T,Regulatory approvals received. Not under construction,2027-03-01
eia860:62188:30,generator,Colleton Solar,US-SC,33.123794,-80.84248,74.9,planned,,Colleton Solar,eia:860m,https://www.eia.gov/electricity/data/eia860m/xls/august_generator2026.xlsx,2026-09-26T00:04:26Z,2026-08,62188,30,61720,SC,Colleton,SCEG,IPP Non-CHP,Solar Photovoltaic,solar,PV,Photovoltaic,SUN,Solar,74.9,74.9,74.9,T,Regulatory approvals received. Not under construction,2028-11-01
eia860:62190:32,generator,Crossroads Solar,US-SC,33.368886,-81.36497,50,planned,,Crossroads Solar,eia:860m,https://www.eia.gov/electricity/data/eia860m/xls/august_generator2026.xlsx,2026-09-26T00:04:26Z,2026-08,62190,32,61722,SC,Barnwell,SCEG,IPP Non-CHP,Solar Photovoltaic,solar,PV,Photovoltaic,SUN,Solar,50,50,50,T,Regulatory approvals received. Not under construction,2028-11-01
eia860:62217:40,generator,GEB Solar,US-SC,34.412367,-80.04192,50,planned,,GEB Solar,eia:860m,https://www.eia.gov/electricity/data/eia860m/xls/august_generator2026.xlsx,2026-09-26T00:04:26Z,2026-08,62217,40,61737,SC,Darlington,CPLE,IPP Non-CHP,Solar Photovoltaic,solar,PV,Photovoltaic,SUN,Solar,50,50,50,T,Regulatory approvals received. Not under construction,2028-11-01
eia860:62221:33,generator,Culpepper Solar,US-SC,34.465864,-79.96044,74.9,planned,,Culpepper Solar,eia:860m,https://www.eia.gov/electricity/data/eia860m/xls/august_generator2026.xlsx,2026-09-26T00:04:26Z,2026-08,62221,33,61729,SC,Darlington,CPLE,IPP Non-CHP,Solar Photovoltaic,solar,PV,Photovoltaic,SUN,Solar,74.9,74.9,74.9,T,Regulatory approvals received. Not under construction,2027-11-01
eia860:62229:43,generator,Holliday Solar I,US-SC,34.054128,-79.20663,74,planned,,Holliday Solar I,eia:860m,https://www.eia.gov/electricity/data/eia860m/xls/august_generator2026.xlsx,2026-09-26T00:04:26Z,2026-08,62229,43,61746,SC,Horry,SC,IPP Non-CHP,Solar Photovoltaic,solar,PV,Photovoltaic,SUN,Solar,74,74,74,T,Regulatory approvals received. Not under construction,2028-11-01
eia860:62234:48,generator,Juniper Solar,US-SC,34.638189,-79.86121,74.9,planned,,Juniper Solar,eia:860m,https://www.eia.gov/electricity/data/eia860m/xls/august_generator2026.xlsx,2026-09-26T00:04:26Z,2026-08,62234,48,61751,SC,Chesterfield,CPLE,IPP Non-CHP,Solar Photovoltaic,solar,PV,Photovoltaic,SUN,Solar,74.9,74.9,74.9,T,Regulatory approvals received. Not under construction,2027-03-01
eia860:62262:GEN1,generator,Rolling Upland Wind Farm LLC,US-NY,42.524607,-75.27744,71.4,planned,,Rolling Upland Wind Farm LLC,eia:860m,https://www.eia.gov/electricity/data/eia860m/xls/august_generator2026.xlsx,2026-09-26T00:04:26Z,2026-08,62262,GEN1,61784,NY,Madison,NYIS,IPP Non-CHP,Onshore Wind Turbine,wind,WT,"Wind turbine, onshore",WND,Wind,71.4,71.4,71.4,P,"Planned for installation, but regulatory approvals not initiated",2029-12-01
eia860:62263:GEN1,generator,Saddle Mountain East Wind Farm,US-WA,46.789,-119.346,126,planned,,EDP Renewables North America LLC,eia:860m,https://www.eia.gov/electricity/data/eia860m/xls/august_generator2026.xlsx,2026-09-26T00:04:26Z,2026-08,62263,GEN1,61785,WA,Adams,AVA,IPP Non-CHP,Onshore Wind Turbine,wind,WT,"Wind turbine, onshore",WND,Wind,126,126,126,P,"Planned for installation, but regulatory approvals not initiated",2029-10-01
eia860:62280:58,generator,Melsam Solar,US-SC,34.344878,-79.37456,65,planned,,Melsam Solar,eia:860m,https://www.eia.gov/electricity/data/eia860m/xls/august_generator2026.xlsx,2026-09-26T00:04:26Z,2026-08,62280,58,61791,SC,Dillon,CPLE,IPP Non-CHP,Solar Photovoltaic,solar,PV,Photovoltaic,SUN,Solar,65,65,65,T,Regulatory approvals received. Not under construction,2028-11-01
eia860:62295:67,generator,Rollins Solar,US-SC,34.353572,-80.01618,74.9,planned,,Rollins Solar,eia:860m,https://www.eia.gov/electricity/data/eia860m/xls/august_generator2026.xlsx,2026-09-26T00:04:26Z,2026-08,62295,67,61808,SC,Darlington,CPLE,IPP Non-CHP,Solar Photovoltaic,solar,PV,Photovoltaic,SUN,Solar,74.9,74.9,74.9,T,Regulatory approvals received. Not under construction,2027-11-01
eia860:62296:68,generator,Ross Solar,US-SC,34.444756,-79.85173,74.9,planned,,Ross Solar,eia:860m,https://www.eia.gov/electricity/data/eia860m/xls/august_generator2026.xlsx,2026-09-26T00:04:26Z,2026-08,62296,68,61809,SC,Darlington,CPLE,IPP Non-CHP,Solar Photovoltaic,solar,PV,Photovoltaic,SUN,Solar,74.9,74.9,74.9,T,Regulatory approvals received. Not under construction,2027-11-01
eia860:62299:66,generator,Quest Solar,US-SC,32.976531,-81.22681,50,planned,,Quest Solar,eia:860m,https://www.eia.gov/electricity/data/eia860m/xls/august_generator2026.xlsx,2026-09-26T00:04:26Z,2026-08,62299,66,61807,SC,Allendale,SCEG,IPP Non-CHP,Solar Photovoltaic,solar,PV,Photovoltaic,SUN,Solar,50,50,50,T,Regulatory approvals received. Not under construction,2028-11-01
eia860:62309:73,generator,Shining Sun Solar,US-SC,33.5425,-80.57219,74,planned,,Shining Sun Solar,eia:860m,https://www.eia.gov/electricity/data/eia860m/xls/august_generator2026.xlsx,2026-09-26T00:04:26Z,2026-08,62309,73,61830,SC,Orangeburg,SC,IPP Non-CHP,Solar Photovoltaic,solar,PV,Photovoltaic,SUN,Solar,74,74.4,74,T,Regulatory approvals received. Not under construction,2028-11-01
eia860:62310:74,generator,Shorthorn Solar,US-SC,34.246975,-80.15782,60,planned,,Shorthorn Solar,eia:860m,https://www.eia.gov/electricity/data/eia860m/xls/august_generator2026.xlsx,2026-09-26T00:04:26Z,2026-08,62310,74,61831,SC,Lee,CPLE,IPP Non-CHP,Solar Photovoltaic,solar,PV,Photovoltaic,SUN,Solar,60,60,60,T,Regulatory approvals received. Not under construction,2027-11-01
eia860:62384:NA1,generator,Point Marion L&D Hydroelectric Project,US-PA,39.726855,-79.91013,2.5,planned,,Rye Development,eia:860m,https://www.eia.gov/electricity/data/eia860m/xls/august_generator2026.xlsx,2026-09-26T00:04:26Z,2026-08,62384,NA1,61906,PA,Fayette,PJM,IPP Non-CHP,Conventional Hydroelectric,hydro,HY,Hydraulic turbine (conventional hydro),WAT,Water,2.5,1.5,2.2,P,"Planned for installation, but regulatory approvals not initiated",2028-11-01
eia860:62384:NA2,generator,Point Marion L&D Hydroelectric Project,US-PA,39.726855,-79.91013,2.5,planned,,Rye Development,eia:860m,https://www.eia.gov/electricity/data/eia860m/xls/august_generator2026.xlsx,2026-09-26T00:04:26Z,2026-08,62384,NA2,61906,PA,Fayette,PJM,IPP Non-CHP,Conventional Hydroelectric,hydro,HY,Hydraulic turbine (conventional hydro),WAT,Water,2.5,1.5,2.2,P,"Planned for installation, but regulatory approvals not initiated",2028-12-01
eia860:62385:NA1,generator,Maxwell L&D Hydroelectric Project,US-PA,40.002401,-79.95883,6,planned,,Rye Development,eia:860m,https://www.eia.gov/electricity/data/eia860m/xls/august_generator2026.xlsx,2026-09-26T00:04:26Z,2026-08,62385,NA1,61906,PA,Fayette,PJM,IPP Non-CHP,Conventional Hydroelectric,hydro,HY,Hydraulic turbine (conventional hydro),WAT,Water,6,4.5,5.5,P,"Planned for installation, but regulatory approvals not initiated",2028-11-01
eia860:62385:NA2,generator,Maxwell L&D Hydroelectric Project,US-PA,40.002401,-79.95883,6,planned,,Rye Development,eia:860m,https://www.eia.gov/electricity/data/eia860m/xls/august_generator2026.xlsx,2026-09-26T00:04:26Z,2026-08,62385,NA2,61906,PA,Fayette,PJM,IPP Non-CHP,Conventional Hydroelectric,hydro,HY,Hydraulic turbine (conventional hydro),WAT,Water,6,4.5,5.5,P,"Planned for installation, but regulatory approvals not initiated",2028-12-01
eia860:62386:NA1,generator,Opekiska L&D Hydroelectric Project,US-WV,39.564917,-80.05114,3,planned,,Rye Development,eia:860m,https://www.eia.gov/electricity/data/eia860m/xls/august_generator2026.xlsx,2026-09-26T00:04:26Z,2026-08,62386,NA1,61906,WV,Monongalia,PJM,IPP Non-CHP,Conventional Hydroelectric,hydro,HY,Hydraulic turbine (conventional hydro),WAT,Water,3,2,2.5,P,"Planned for installation, but regulatory approvals not initiated",2028-08-01
eia860:62386:NA2,generator,Opekiska L&D Hydroelectric Project,US-WV,39.564917,-80.05114,3,planned,,Rye Development,eia:860m,https://www.eia.gov/electricity/data/eia860m/xls/august_generator2026.xlsx,2026-09-26T00:04:26Z,2026-08,62386,NA2,61906,WV,Monongalia,PJM,IPP Non-CHP,Conventional Hydroelectric,hydro,HY,Hydraulic turbine (conventional hydro),WAT,Water,3,2,2.5,P,"Planned for installation, but regulatory approvals not initiated",2028-09-01
eia860:62387:NA1,generator,Morgantown L&D Hydroelectric Project,US-WV,39.619589,-79.96811,2.5,planned,,Rye Development,eia:860m,https://www.eia.gov/electricity/data/eia860m/xls/august_generator2026.xlsx,2026-09-26T00:04:26Z,2026-08,62387,NA1,61906,WV,Monongalia,PJM,IPP Non-CHP,Conventional Hydroelectric,hydro,HY,Hydraulic turbine (conventional hydro),WAT,Water,2.5,1.5,2,P,"Planned for installation, but regulatory approvals not initiated",2028-08-01
eia860:62387:NA2,generator,Morgantown L&D Hydroelectric Project,US-WV,39.619589,-79.96811,2.5,planned,,Rye Development,eia:860m,https://www.eia.gov/electricity/data/eia860m/xls/august_generator2026.xlsx,2026-09-26T00:04:26Z,2026-08,62387,NA2,61906,WV,Monongalia,PJM,IPP Non-CHP,Conventional Hydroelectric,hydro,HY,Hydraulic turbine (conventional hydro),WAT,Water,2.5,1.5,2,P,"Planned for installation, but regulatory approvals not initiated",2028-09-01
eia860:62388:NA1,generator,Grays Landing L&D Hydroelectric Project,US-PA,39.823738,-79.92302,6,planned,,Rye Development,eia:860m,https://www.eia.gov/electricity/data/eia860m/xls/august_generator2026.xlsx,2026-09-26T00:04:26Z,2026-08,62388,NA1,61906,PA,Greene,PJM,IPP Non-CHP,Conventional Hydroelectric,hydro,HY,Hydraulic turbine (conventional hydro),WAT,Water,6,4.5,5.5,P,"Planned for installation, but regulatory approvals not initiated",2028-06-01
eia860:62388:NA2,generator,Grays Landing L&D Hydroelectric Project,US-PA,39.823738,-79.92302,6,planned,,Rye Development,eia:860m,https://www.eia.gov/electricity/data/eia860m/xls/august_generator2026.xlsx,2026-09-26T00:04:26Z,2026-08,62388,NA2,61906,PA,Greene,PJM,IPP Non-CHP,Conventional Hydroelectric,hydro,HY,Hydraulic turbine (conventional hydro),WAT,Water,6,4.5,5.5,P,"Planned for installation, but regulatory approvals not initiated",2028-07-01
eia860:62390:6,generator,KY No. 11 L&D Hydroelectric Project,US-KY,37.78401,-84.10329,0.6,planned,,"Lock 11 Hydro Partners, LLC",eia:860m,https://www.eia.gov/electricity/data/eia860m/xls/august_generator2026.xlsx,2026-09-26T00:04:26Z,2026-08,62390,6,67011,KY,Estill,PJM,IPP Non-CHP,Conventional Hydroelectric,hydro,HY,Hydraulic turbine (conventional hydro),WAT,Water,0.6,0.6,0.6,T,Regulatory approvals received. Not under construction,2027-11-01
eia860:62390:NA1,generator,KY No. 11 L&D Hydroelectric Project,US-KY,37.78401,-84.10329,0.6,planned,,"Lock 11 Hydro Partners, LLC",eia:860m,https://www.eia.gov/electricity/data/eia860m/xls/august_generator2026.xlsx,2026-09-26T00:04:26Z,2026-08,62390,NA1,67011,KY,Estill,PJM,IPP Non-CHP,Conventional Hydroelectric,hydro,HY,Hydraulic turbine (conventional hydro),WAT,Water,0.6,0.6,0.6,T,Regulatory approvals received. Not under construction,2027-11-01
eia860:62390:NA2,generator,KY No. 11 L&D Hydroelectric Project,US-KY,37.78401,-84.10329,0.6,planned,,"Lock 11 Hydro Partners, LLC",eia:860m,https://www.eia.gov/electricity/data/eia860m/xls/august_generator2026.xlsx,2026-09-26T00:04:26Z,2026-08,62390,NA2,67011,KY,Estill,PJM,IPP Non-CHP,Conventional Hydroelectric,hydro,HY,Hydraulic turbine (conventional hydro),WAT,Water,0.6,0.6,0.6,T,Regulatory approvals received. Not under construction,2027-11-01
eia860:62390:NA3,generator,KY No. 11 L&D Hydroelectric Project,US-KY,37.78401,-84.10329,0.2,planned,,"Lock 11 Hydro Partners, LLC",eia:860m,https://www.eia.gov/electricity/data/eia860m/xls/august_generator2026.xlsx,2026-09-26T00:04:26Z,2026-08,62390,NA3,67011,KY,Estill,PJM,IPP Non-CHP,Conventional Hydroelectric,hydro,HY,Hydraulic turbine (conventional hydro),WAT,Water,0.2,0.2,0.2,T,Regulatory approvals received. Not under construction,2027-11-01
eia860:62390:NA4,generator,KY No. 11 L&D Hydroelectric Project,US-KY,37.78401,-84.10329,0.2,planned,,"Lock 11 Hydro Partners, LLC",eia:860m,https://www.eia.gov/electricity/data/eia860m/xls/august_generator2026.xlsx,2026-09-26T00:04:26Z,2026-08,62390,NA4,67011,KY,Estill,PJM,IPP Non-CHP,Conventional Hydroelectric,hydro,HY,Hydraulic turbine (conventional hydro),WAT,Water,0.2,0.2,0.2,T,Regulatory approvals received. Not under construction,2027-11-01
eia860:62390:NA5,generator,KY No. 11 L&D Hydroelectric Project,US-KY,37.78401,-84.10329,0.6,planned,,"Lock 11 Hydro Partners, LLC",eia:860m,https://www.eia.gov/electricity/data/eia860m/xls/august_generator2026.xlsx,2026-09-26T00:04:26Z,2026-08,62390,NA5,67011,KY,Estill,PJM,IPP Non-CHP,Conventional Hydroelectric,hydro,HY,Hydraulic turbine (conventional hydro),WAT,Water,0.6,0.6,0.6,T,Regulatory approvals received. Not under construction,2027-11-01
eia860:62391:NA1,generator,Overton Hydroelectric Project,US-LA,31.185978,-92.29309,8.1,planned,,Rye Development,eia:860m,https://www.eia.gov/electricity/data/eia860m/xls/august_generator2026.xlsx,2026-09-26T00:04:26Z,2026-08,62391,NA1,61906,LA,Rapides,MISO,IPP Non-CHP,Conventional Hydroelectric,hydro,HY,Hydraulic turbine (conventional hydro),WAT,Water,8.1,5.5,7.5,P,"Planned for installation, but regulatory approvals not initiated",2028-06-01
eia860:62391:NA2,generator,Overton Hydroelectric Project,US-LA,31.185978,-92.29309,8.1,planned,,Rye Development,eia:860m,https://www.eia.gov/electricity/data/eia860m/xls/august_generator2026.xlsx,2026-09-26T00:04:26Z,2026-08,62391,NA2,61906,LA,Rapides,MISO,IPP Non-CHP,Conventional Hydroelectric,hydro,HY,Hydraulic turbine (conventional hydro),WAT,Water,8.1,5.5,7.5,P,"Planned for installation, but regulatory approvals not initiated",2028-06-01
eia860:62391:NA3,generator,Overton Hydroelectric Project,US-LA,31.185978,-92.29309,8.1,planned,,Rye Development,eia:860m,https://www.eia.gov/electricity/data/eia860m/xls/august_generator2026.xlsx,2026-09-26T00:04:26Z,2026-08,62391,NA3,61906,LA,Rapides,MISO,IPP Non-CHP,Conventional Hydroelectric,hydro,HY,Hydraulic turbine (conventional hydro),WAT,Water,8.1,5.5,7.5,P,"Planned for installation, but regulatory approvals not initiated",2028-07-01
eia860:62391:NA4,generator,Overton Hydroelectric Project,US-LA,31.185978,-92.29309,8.1,planned,,Rye Development,eia:860m,https://www.eia.gov/electricity/data/eia860m/xls/august_generator2026.xlsx,2026-09-26T00:04:26Z,2026-08,62391,NA4,61906,LA,Rapides,MISO,IPP Non-CHP,Conventional Hydroelectric,hydro,HY,Hydraulic turbine (conventional hydro),WAT,Water,8.1,5.5,7.5,P,"Planned for installation, but regulatory approvals not initiated",2028-07-01
eia860:62391:NA5,generator,Overton Hydroelectric Project,US-LA,31.185978,-92.29309,8.1,planned,,Rye Development,eia:860m,https://www.eia.gov/electricity/data/eia860m/xls/august_generator2026.xlsx,2026-09-26T00:04:26Z,2026-08,62391,NA5,61906,LA,Rapides,MISO,IPP Non-CHP,Conventional Hydroelectric,hydro,HY,Hydraulic turbine (conventional hydro),WAT,Water,8.1,5.5,7.5,P,"Planned for installation, but regulatory approvals not initiated",2028-08-01
eia860:62391:NA6,generator,Overton Hydroelectric Project,US-LA,31.185978,-92.29309,8.1,planned,,Rye Development,eia:860m,https://www.eia.gov/electricity/data/eia860m/xls/august_generator2026.xlsx,2026-09-26T00:04:26Z,2026-08,62391,NA6,61906,LA,Rapides,MISO,IPP Non-CHP,Conventional Hydroelectric,hydro,HY,Hydraulic turbine (conventional hydro),WAT,Water,8.1,5.5,7.5,P,"Planned for installation, but regulatory approvals not initiated",2028-08-01
eia860:62400:NA1,generator,Montgomery L&D Hydroelectric Project,US-PA,40.652478,-80.38687,6.8,planned,,Rye Development,eia:860m,https://www.eia.gov/electricity/data/eia860m/xls/august_generator2026.xlsx,2026-09-26T00:04:26Z,2026-08,62400,NA1,61906,PA,Beaver,PJM,IPP Non-CHP,Conventional Hydroelectric,hydro,HY,Hydraulic turbine (conventional hydro),WAT,Water,6.8,5.5,6.3,P,"Planned for installation, but regulatory approvals not initiated",2028-10-01
eia860:62400:NA2,generator,Montgomery L&D Hydroelectric Project,US-PA,40.652478,-80.38687,6.8,planned,,Rye Development,eia:860m,https://www.eia.gov/electricity/data/eia860m/xls/august_generator2026.xlsx,2026-09-26T00:04:26Z,2026-08,62400,NA2,61906,PA,Beaver,PJM,IPP Non-CHP,Conventional Hydroelectric,hydro,HY,Hydraulic turbine (conventional hydro),WAT,Water,6.8,5.5,6.3,P,"Planned for installation, but regulatory approvals not initiated",2028-11-01
eia860:62400:NA3,generator,Montgomery L&D Hydroelectric Project,US-PA,40.652478,-80.38687,6.8,planned,,Rye Development,eia:860m,https://www.eia.gov/electricity/data/eia860m/xls/august_generator2026.xlsx,2026-09-26T00:04:26Z,2026-08,62400,NA3,61906,PA,Beaver,PJM,IPP Non-CHP,Conventional Hydroelectric,hydro,HY,Hydraulic turbine (conventional hydro),WAT,Water,6.8,5.5,6.3,P,"Planned for installation, but regulatory approvals not initiated",2028-12-01
eia860:62401:NA1,generator,Allegheny L&D2 Hydroelectric Project,US-PA,40.89444,-79.91361,4.5,planned,,Rye Development,eia:860m,https://www.eia.gov/electricity/data/eia860m/xls/august_generator2026.xlsx,2026-09-26T00:04:26Z,2026-08,62401,NA1,61906,PA,Allegheny,PJM,IPP Non-CHP,Conventional Hydroelectric,hydro,HY,Hydraulic turbine (conventional hydro),WAT,Water,4.5,2.5,3.5,P,"Planned for installation, but regulatory approvals not initiated",2030-11-01
eia860:62401:NA2,generator,Allegheny L&D2 Hydroelectric Project,US-PA,40.89444,-79.91361,4.5,planned,,Rye Development,eia:860m,https://www.eia.gov/electricity/data/eia860m/xls/august_generator2026.xlsx,2026-09-26T00:04:26Z,2026-08,62401,NA2,61906,PA,Allegheny,PJM,IPP Non-CHP,Conventional Hydroelectric,hydro,HY,Hydraulic turbine (conventional hydro),WAT,Water,4.5,2.5,3.5,P,"Planned for installation, but regulatory approvals not initiated",2030-12-01
eia860:62402:NA1,generator,Arkabutla Lake Hydroelectric Project,US-MS,34.757926,-90.12569,2.5,planned,,Rye Development,eia:860m,https://www.eia.gov/electricity/data/eia860m/xls/august_generator2026.xlsx,2026-09-26T00:04:26Z,2026-08,62402,NA1,61906,MS,DeSoto,TVA,IPP Non-CHP,Conventional Hydroelectric,hydro,HY,Hydraulic turbine (conventional hydro),WAT,Water,2.5,1.5,1.4,P,"Planned for installation, but regulatory approvals not initiated",2028-06-01
eia860:62402:NA2,generator,Arkabutla Lake Hydroelectric Project,US-MS,34.757926,-90.12569,2.5,planned,,Rye Development,eia:860m,https://www.eia.gov/electricity/data/eia860m/xls/august_generator2026.xlsx,2026-09-26T00:04:26Z,2026-08,62402,NA2,61906,MS,DeSoto,TVA,IPP Non-CHP,Conventional Hydroelectric,hydro,HY,Hydraulic turbine (conventional hydro),WAT,Water,2.5,1.5,1.4,P,"Planned for installation, but regulatory approvals not initiated",2028-07-01
eia860:62404:NA1,generator,Monongahela L&D4 Hydroelectric Project,US-PA,40.145943,-79.90095,6,planned,,Rye Development,eia:860m,https://www.eia.gov/electricity/data/eia860m/xls/august_generator2026.xlsx,2026-09-26T00:04:26Z,2026-08,62404,NA1,61906,PA,Washington,PJM,IPP Non-CHP,Conventional Hydroelectric,hydro,HY,Hydraulic turbine (conventional hydro),WAT,Water,6,4.5,5.5,P,"Planned for installation, but regulatory approvals not initiated",2028-10-01
eia860:62404:NA2,generator,Monongahela L&D4 Hydroelectric Project,US-PA,40.145943,-79.90095,6,planned,,Rye Development,eia:860m,https://www.eia.gov/electricity/data/eia860m/xls/august_generator2026.xlsx,2026-09-26T00:04:26Z,2026-08,62404,NA2,61906,PA,Washington,PJM,IPP Non-CHP,Conventional Hydroelectric,hydro,HY,Hydraulic turbine (conventional hydro),WAT,Water,6,4.5,5.5,P,"Planned for installation, but regulatory approvals not initiated",2028-11-01
eia860:62425:NA1,generator,Sardis Lake Hydroelectric Project,US-MS,34.399125,-89.77246,7.5,planned,,Rye Development,eia:860m,https://www.eia.gov/electricity/data/eia860m/xls/august_generator2026.xlsx,2026-09-26T00:04:26Z,2026-08,62425,NA1,61906,MS,Panola,TVA,IPP Non-CHP,Conventional Hydroelectric,hydro,HY,Hydraulic turbine (conventional hydro),WAT,Water,7.5,5.5,4.5,P,"Planned for installation, but regulatory approvals not initiated",2028-10-01
eia860:62425:NA2,generator,Sardis Lake Hydroelectric Project,US-MS,34.399125,-89.77246,7.5,planned,,Rye Development,eia:860m,https://www.eia.gov/electricity/data/eia860m/xls/august_generator2026.xlsx,2026-09-26T00:04:26Z,2026-08,62425,NA2,61906,MS,Panola,TVA,IPP Non-CHP,Conventional Hydroelectric,hydro,HY,Hydraulic turbine (conventional hydro),WAT,Water,7.5,5.5,4.5,P,"Planned for installation, but regulatory approvals not initiated",2028-11-01
eia860:62430:NA1,generator,Grenada Lake Hydroelectric Project,US-MS,33.808842,-89.77246,5,planned,,Rye Development,eia:860m,https://www.eia.gov/electricity/data/eia860m/xls/august_generator2026.xlsx,2026-09-26T00:04:26Z,2026-08,62430,NA1,61906,MS,Grenada,TVA,IPP Non-CHP,Conventional Hydroelectric,hydro,HY,Hydraulic turbine (conventional hydro),WAT,Water,5,4,3,P,"Planned for installation, but regulatory approvals not initiated",2028-04-01
eia860:62430:NA2,generator,Grenada Lake Hydroelectric Project,US-MS,33.808842,-89.77246,5,planned,,Rye Development,eia:860m,https://www.eia.gov/electricity/data/eia860m/xls/august_generator2026.xlsx,2026-09-26T00:04:26Z,2026-08,62430,NA2,61906,MS,Grenada,TVA,IPP Non-CHP,Conventional Hydroelectric,hydro,HY,Hydraulic turbine (conventional hydro),WAT,Water,5,4,3,P,"Planned for installation, but regulatory approvals not initiated",2028-05-01
eia860:62432:NA1,generator,Enid Lake Hydroelectric Project,US-MS,34.158065,-89.90553,2.5,planned,,Rye Development,eia:860m,https://www.eia.gov/electricity/data/eia860m/xls/august_generator2026.xlsx,2026-09-26T00:04:26Z,2026-08,62432,NA1,61906,MS,Panola,TVA,IPP Non-CHP,Conventional Hydroelectric,hydro,HY,Hydraulic turbine (conventional hydro),WAT,Water,2.5,1.5,1.4,P,"Planned for installation, but regulatory approvals not initiated",2028-10-01
eia860:62432:NA2,generator,Enid Lake Hydroelectric Project,US-MS,34.158065,-89.90553,2.5,planned,,Rye Development,eia:860m,https://www.eia.gov/electricity/data/eia860m/xls/august_generator2026.xlsx,2026-09-26T00:04:26Z,2026-08,62432,NA2,61906,MS,Panola,TVA,IPP Non-CHP,Conventional Hydroelectric,hydro,HY,Hydraulic turbine (conventional hydro),WAT,Water,2.5,1.5,1.4,P,"Planned for installation, but regulatory approvals not initiated",2028-11-01
eia860:62433:NA1,generator,Emsworth L&D Hydroelectric Project,US-PA,40.50305,-80.08944,6.8,planned,,Rye Development,eia:860m,https://www.eia.gov/electricity/data/eia860m/xls/august_generator2026.xlsx,2026-09-26T00:04:26Z,2026-08,62433,NA1,61906,PA,Allegheny,PJM,IPP Non-CHP,Conventional Hydroelectric,hydro,HY,Hydraulic turbine (conventional hydro),WAT,Water,6.8,5,6.3,P,"Planned for installation, but regulatory approvals not initiated",2030-10-01
eia860:62433:NA2,generator,Emsworth L&D Hydroelectric Project,US-PA,40.50305,-80.08944,6.8,planned,,Rye Development,eia:860m,https://www.eia.gov/electricity/data/eia860m/xls/august_generator2026.xlsx,2026-09-26T00:04:26Z,2026-08,62433,NA2,61906,PA,Allegheny,PJM,IPP Non-CHP,Conventional Hydroelectric,hydro,HY,Hydraulic turbine (conventional hydro),WAT,Water,6.8,5,6.3,P,"Planned for installation, but regulatory approvals not initiated",2030-11-01
eia860:62433:NA3,generator,Emsworth L&D Hydroelectric Project,US-PA,40.50305,-80.08944,6.8,planned,,Rye Development,eia:860m,https://www.eia.gov/electricity/data/eia860m/xls/august_generator2026.xlsx,2026-09-26T00:04:26Z,2026-08,62433,NA3,61906,PA,Allegheny,PJM,IPP Non-CHP,Conventional Hydroelectric,hydro,HY,Hydraulic turbine (conventional hydro),WAT,Water,6.8,5,6.3,P,"Planned for installation, but regulatory approvals not initiated",2030-12-01
eia860:62434:NA1,generator,Emsworth BC Hydroelectric Project,US-PA,40.50083,-80.10306,6,planned,,Rye Development,eia:860m,https://www.eia.gov/electricity/data/eia860m/xls/august_generator2026.xlsx,2026-09-26T00:04:26Z,2026-08,62434,NA1,61906,PA,Allegheny,PJM,IPP Non-CHP,Conventional Hydroelectric,hydro,HY,Hydraulic turbine (conventional hydro),WAT,Water,6,3,3,P,"Planned for installation, but regulatory approvals not initiated",2030-11-01
eia860:62434:NA2,generator,Emsworth BC Hydroelectric Project,US-PA,40.50083,-80.10306,6,planned,,Rye Development,eia:860m,https://www.eia.gov/electricity/data/eia860m/xls/august_generator2026.xlsx,2026-09-26T00:04:26Z,2026-08,62434,NA2,61906,PA,Allegheny,PJM,IPP Non-CHP,Conventional Hydroelectric,hydro,HY,Hydraulic turbine (conventional hydro),WAT,Water,6,4,4,P,"Planned for installation, but regulatory approvals not initiated",2030-12-01
eia860:62434:NA3,generator,Emsworth BC Hydroelectric Project,US-PA,40.50083,-80.10306,6.8,planned,,Rye Development,eia:860m,https://www.eia.gov/electricity/data/eia860m/xls/august_generator2026.xlsx,2026-09-26T00:04:26Z,2026-08,62434,NA3,61906,PA,Allegheny,PJM,IPP Non-CHP,Conventional Hydroelectric,hydro,HY,Hydraulic turbine (conventional hydro),WAT,Water,6.8,5,6.3,P,"Planned for installation, but regulatory approvals not initiated",2030-12-01
eia860:62437:WT,generator,Dodge County Wind,US-MN,44.005633,-92.95039,228,planned,,"Dodge County Wind, LLC",eia:860m,https://www.eia.gov/electricity/data/eia860m/xls/august_generator2026.xlsx,2026-09-26T00:04:26Z,2026-08,62437,WT,61951,MN,Dodge,MISO,IPP Non-CHP,Onshore Wind Turbine,wind,WT,"Wind turbine, onshore",WND,Wind,228,228,228,T,Regulatory approvals received. Not under construction,2027-12-01
eia860:6249:5,generator,Winyah,US-SC,33.33184,-79.35724,57,planned,,South Carolina Public Service Authority,eia:860m,https://www.eia.gov/electricity/data/eia860m/xls/august_generator2026.xlsx,2026-09-26T00:04:26Z,2026-08,6249,5,17543,SC,Georgetown,SC,Electric Utility,Petroleum Liquids,petroleum,GT,Combustion (gas) turbine,DFO,Distillate fuel oil,57,44,46,P,"Planned for installation, but regulatory approvals not initiated",2027-12-01
eia860:6249:6,generator,Winyah,US-SC,33.33184,-79.35724,57,planned,,South Carolina Public Service Authority,eia:860m,https://www.eia.gov/electricity/data/eia860m/xls/august_generator2026.xlsx,2026-09-26T00:04:26Z,2026-08,6249,6,17543,SC,Georgetown,SC,Electric Utility,Petroleum Liquids,petroleum,GT,Combustion (gas) turbine,DFO,Distillate fuel oil,57,44,46,P,"Planned for installation, but regulatory approvals not initiated",2027-12-01
eia860:62748:1,generator,Evelyn Hydroelectric Project,US-KY,37.601982,-83.83297,0.6,planned,,Lock 13 Hydro Partners,eia:860m,https://www.eia.gov/electricity/data/eia860m/xls/august_generator2026.xlsx,2026-09-26T00:04:26Z,2026-08,62748,1,62663,KY,Lee,PJM,IPP Non-CHP,Conventional Hydroelectric,hydro,HY,Hydraulic turbine (conventional hydro),WAT,Water,0.6,0.6,0.6,T,Regulatory approvals received. Not under construction,2029-12-01
eia860:62748:2,generator,Evelyn Hydroelectric Project,US-KY,37.601982,-83.83297,0.6,planned,,Lock 13 Hydro Partners,eia:860m,https://www.eia.gov/electricity/data/eia860m/xls/august_generator2026.xlsx,2026-09-26T00:04:26Z,2026-08,62748,2,62663,KY,Lee,PJM,IPP Non-CHP,Conventional Hydroelectric,hydro,HY,Hydraulic turbine (conventional hydro),WAT,Water,0.6,0.6,0.6,T,Regulatory approvals received. Not under construction,2029-12-01
eia860:62748:3,generator,Evelyn Hydroelectric Project,US-KY,37.601982,-83.83297,0.2,planned,,Lock 13 Hydro Partners,eia:860m,https://www.eia.gov/electricity/data/eia860m/xls/august_generator2026.xlsx,2026-09-26T00:04:26Z,2026-08,62748,3,62663,KY,Lee,PJM,IPP Non-CHP,Conventional Hydroelectric,hydro,HY,Hydraulic turbine (conventional hydro),WAT,Water,0.2,0.2,0.2,T,Regulatory approvals received. Not under construction,2029-12-01
eia860:62748:4,generator,Evelyn Hydroelectric Project,US-KY,37.601982,-83.83297,0.2,planned,,Lock 13 Hydro Partners,eia:860m,https://www.eia.gov/electricity/data/eia860m/xls/august_generator2026.xlsx,2026-09-26T00:04:26Z,2026-08,62748,4,62663,KY,Lee,PJM,IPP Non-CHP,Conventional Hydroelectric,hydro,HY,Hydraulic turbine (conventional hydro),WAT,Water,0.2,0.2,0.2,T,Regulatory approvals received. Not under construction,2029-12-01
eia860:62748:5,generator,Evelyn Hydroelectric Project,US-KY,37.601982,-83.83297,0.6,planned,,Lock 13 Hydro Partners,eia:860m,https://www.eia.gov/electricity/data/eia860m/xls/august_generator2026.xlsx,2026-09-26T00:04:26Z,2026-08,62748,5,62663,KY,Lee,PJM,IPP Non-CHP,Conventional Hydroelectric,hydro,HY,Hydraulic turbine (conventional hydro),WAT,Water,0.6,0.6,0.6,T,Regulatory approvals received. Not under construction,2029-12-01
eia860:62748:6,generator,Evelyn Hydroelectric Project,US-KY,37.601982,-83.83297,0.6,planned,,Lock 13 Hydro Partners,eia:860m,https://www.eia.gov/electricity/data/eia860m/xls/august_generator2026.xlsx,2026-09-26T00:04:26Z,2026-08,62748,6,62663,KY,Lee,PJM,IPP Non-CHP,Conventional Hydroelectric,hydro,HY,Hydraulic turbine (conventional hydro),WAT,Water,0.6,0.6,0.6,T,Regulatory approvals received. Not under construction,2029-12-01
eia860:62749:1,generator,Heidelberg Hydroelectric Project,US-KY,37.552399,-83.77001,0.6,under_construction,,"Lock 14 Hydro Partners, LLC",eia:860m,https://www.eia.gov/electricity/data/eia860m/xls/august_generator2026.xlsx,2026-09-26T00:04:26Z,2026-08,62749,1,62664,KY,Lee,PJM,IPP Non-CHP,Conventional Hydroelectric,hydro,HY,Hydraulic turbine (conventional hydro),WAT,Water,0.6,0.6,0.6,TS,"Construction complete, but not yet in commercial operation",2026-09-01
eia860:62749:2,generator,Heidelberg Hydroelectric Project,US-KY,37.552399,-83.77001,0.6,under_construction,,"Lock 14 Hydro Partners, LLC",eia:860m,https://www.eia.gov/electricity/data/eia860m/xls/august_generator2026.xlsx,2026-09-26T00:04:26Z,2026-08,62749,2,62664,KY,Lee,PJM,IPP Non-CHP,Conventional Hydroelectric,hydro,HY,Hydraulic turbine (conventional hydro),WAT,Water,0.6,0.6,0.6,TS,"Construction complete, but not yet in commercial operation",2026-09-01
eia860:62749:3,generator,Heidelberg Hydroelectric Project,US-KY,37.552399,-83.77001,0.2,under_construction,,"Lock 14 Hydro Partners, LLC",eia:860m,https://www.eia.gov/electricity/data/eia860m/xls/august_generator2026.xlsx,2026-09-26T00:04:26Z,2026-08,62749,3,62664,KY,Lee,PJM,IPP Non-CHP,Conventional Hydroelectric,hydro,HY,Hydraulic turbine (conventional hydro),WAT,Water,0.2,0.2,0.2,TS,"Construction complete, but not yet in commercial operation",2026-09-01
eia860:62749:4,generator,Heidelberg Hydroelectric Project,US-KY,37.552399,-83.77001,0.2,under_construction,,"Lock 14 Hydro Partners, LLC",eia:860m,https://www.eia.gov/electricity/data/eia860m/xls/august_generator2026.xlsx,2026-09-26T00:04:26Z,2026-08,62749,4,62664,KY,Lee,PJM,IPP Non-CHP,Conventional Hydroelectric,hydro,HY,Hydraulic turbine (conventional hydro),WAT,Water,0.2,0.2,0.2,TS,"Construction complete, but not yet in commercial operation",2026-09-01
eia860:62749:5,generator,Heidelberg Hydroelectric Project,US-KY,37.552399,-83.77001,0.6,under_construction,,"Lock 14 Hydro Partners, LLC",eia:860m,https://www.eia.gov/electricity/data/eia860m/xls/august_generator2026.xlsx,2026-09-26T00:04:26Z,2026-08,62749,5,62664,KY,Lee,PJM,IPP Non-CHP,Conventional Hydroelectric,hydro,HY,Hydraulic turbine (conventional hydro),WAT,Water,0.6,0.6,0.6,TS,"Construction complete, but not yet in commercial operation",2026-09-01
eia860:62749:6,generator,Heidelberg Hydroelectric Project,US-KY,37.552399,-83.77001,0.6,under_construction,,"Lock 14 Hydro Partners, LLC",eia:860m,https://www.eia.gov/electricity/data/eia860m/xls/august_generator2026.xlsx,2026-09-26T00:04:26Z,2026-08,62749,6,62664,KY,Lee,PJM,IPP Non-CHP,Conventional Hydroelectric,hydro,HY,Hydraulic turbine (conventional hydro),WAT,Water,0.6,0.6,0.6,TS,"Construction complete, but not yet in commercial operation",2026-09-01
eia860:62816:Q670,generator,SunEast Skyline Solar Project,US-NY,43.063069,-75.45195,20,planned,,SunEast Skyline Solar LLC,eia:860m,https://www.eia.gov/electricity/data/eia860m/xls/august_generator2026.xlsx,2026-09-26T00:04:26Z,2026-08,62816,Q670,62698,NY,Oneida,NYIS,IPP Non-CHP,Solar Photovoltaic,solar,PV,Photovoltaic,SUN,Solar,20,20,20,P,"Planned for installation, but regulatory approvals not initiated",2027-06-01
eia860:62823:Q584,generator,SunEast Dog Corners Solar Project,US-NY,42.744301,-76.66531,20,under_construction,,"Altus Power America Management, LLC",eia:860m,https://www.eia.gov/electricity/data/eia860m/xls/august_generator2026.xlsx,2026-09-26T00:04:26Z,2026-08,62823,Q584,60281,NY,Cayuga,NYIS,IPP Non-CHP,Solar Photovoltaic,solar,PV,Photovoltaic,SUN,Solar,20,20,20,V,"Under construction, more than 50 percent complete",2027-01-01
eia860:62846:WWE1,generator,Water Valley Wind Energy,US-TX,31.611223,-100.8133,180,planned,,"Tri Global Energy, LLC",eia:860m,https://www.eia.gov/electricity/data/eia860m/xls/august_generator2026.xlsx,2026-09-26T00:04:26Z,2026-08,62846,WWE1,59056,TX,Tom Green,ERCO,IPP Non-CHP,Onshore Wind Turbine,wind,WT,"Wind turbine, onshore",WND,Wind,180,180,180,P,"Planned for installation, but regulatory approvals not initiated",2027-12-01
eia860:62892:SONR2,generator,EDPR CA Solar Park VI LLC (CA) Hybrid,US-CA,36.62543,-120.3789,40,under_construction,,EDPR CA Solar Park VI LLC,eia:860m,https://www.eia.gov/electricity/data/eia860m/xls/august_generator2026.xlsx,2026-09-26T00:04:26Z,2026-08,62892,SONR2,62760,CA,Fresno,CISO,IPP Non-CHP,Batteries,storage,BA,"Energy storage, battery",MWH,Electricity used for energy storage,40,40,40,TS,"Construction complete, but not yet in commercial operation",2026-10-01
eia860:62892:SONRI,generator,EDPR CA Solar Park VI LLC (CA) Hybrid,US-CA,36.62543,-120.3789,201,under_construction,,EDPR CA Solar Park VI LLC,eia:860m,https://www.eia.gov/electricity/data/eia860m/xls/august_generator2026.xlsx,2026-09-26T00:04:26Z,2026-08,62892,SONRI,62760,CA,Fresno,CISO,IPP Non-CHP,Solar Photovoltaic,solar,PV,Photovoltaic,SUN,Solar,201,200,200,TS,"Construction complete, but not yet in commercial operation",2026-10-01
eia860:62894:WT,generator,High Bridge Wind Project,US-NY,42.437923,-75.48056,103.2,planned,,"High Bridge Wind, LLC",eia:860m,https://www.eia.gov/electricity/data/eia860m/xls/august_generator2026.xlsx,2026-09-26T00:04:26Z,2026-08,62894,WT,62765,NY,Chenango,NYIS,IPP Non-CHP,Onshore Wind Turbine,wind,WT,"Wind turbine, onshore",WND,Wind,103.2,103.2,103.2,P,"Planned for installation, but regulatory approvals not initiated",2027-12-01
eia860:62895:Q581,generator,SunEast Hills Solar Project,US-NY,43.068296,-74.84923,20,planned,,Hills Solar NY LLC,eia:860m,https://www.eia.gov/electricity/data/eia860m/xls/august_generator2026.xlsx,2026-09-26T00:04:26Z,2026-08,62895,Q581,66881,NY,Herkimer,NYIS,IPP Non-CHP,Solar Photovoltaic,solar,PV,Photovoltaic,SUN,Solar,20,20,20,T,Regulatory approvals received. Not under construction,2027-10-01
eia860:62896:Q586,generator,SunEast Watkins Road Solar Project,US-NY,43.06127,-75.05584,20,planned,,Watkins Road Solar NY LLC,eia:860m,https://www.eia.gov/electricity/data/eia860m/xls/august_generator2026.xlsx,2026-09-26T00:04:26Z,2026-08,62896,Q586,66886,NY,Herkimer,NYIS,IPP Non-CHP,Solar Photovoltaic,solar,PV,Photovoltaic,SUN,Solar,20,20,20,T,Regulatory approvals received. Not under construction,2027-11-01
eia860:62954:GEN1,generator,Alle-Catt Wind Energy LLC,US-NY,42.262038,-78.20154,340,under_construction,,Invenergy Services LLC,eia:860m,https://www.eia.gov/electricity/data/eia860m/xls/august_generator2026.xlsx,2026-09-26T00:04:26Z,2026-08,62954,GEN1,49893,NY,Allegany,NYIS,IPP Non-CHP,Onshore Wind Turbine,wind,WT,"Wind turbine, onshore",WND,Wind,340,340,340,V,"Under construction, more than 50 percent complete",2026-12-01
eia860:63028:GEN1,generator,Tip Top Solar Energy Center LLC,US-NM,32.133136,-103.3235,220,under_construction,,Invenergy Services LLC,eia:860m,https://www.eia.gov/electricity/data/eia860m/xls/august_generator2026.xlsx,2026-09-26T00:04:26Z,2026-08,63028,GEN1,49893,NM,Lea,SWPP,IPP Non-CHP,Solar Photovoltaic,solar,PV,Photovoltaic,SUN,Solar,220,220,220,V,"Under construction, more than 50 percent complete",2026-12-01
eia860:63088:ROONR,generator,Rooney Ranch,US-CA,37.737366,-121.6521,21,planned,,Viracocha Wind LLC,eia:860m,https://www.eia.gov/electricity/data/eia860m/xls/august_generator2026.xlsx,2026-09-26T00:04:26Z,2026-08,63088,ROONR,65396,CA,Alameda,CISO,IPP Non-CHP,Onshore Wind Turbine,wind,WT,"Wind turbine, onshore",WND,Wind,21,21,21,L,Regulatory approvals pending. Not under construction,2027-12-01
eia860:63096:GEN1,generator,Horseshoe Solar Energy,US-NY,42.570762,-77.45296,180,planned,,Invenergy Services LLC,eia:860m,https://www.eia.gov/electricity/data/eia860m/xls/august_generator2026.xlsx,2026-09-26T00:04:26Z,2026-08,63096,GEN1,49893,NY,Livingston,NYIS,IPP Non-CHP,Solar Photovoltaic,solar,PV,Photovoltaic,SUN,Solar,180,180,180,L,Regulatory approvals pending. Not under construction,2028-11-01
eia860:63113:BESS,generator,Southern Bighorn Solar Hybrid,US-NV,36.304793,-114.4728,300,planned,,300MS 8me LLC,eia:860m,https://www.eia.gov/electricity/data/eia860m/xls/august_generator2026.xlsx,2026-09-26T00:04:26Z,2026-08,63113,BESS,62910,NV,Clark,NEVP,IPP Non-CHP,Batteries,storage,BA,"Energy storage, battery",MWH,Electricity used for energy storage,300,300,300,P,"Planned for installation, but regulatory approvals not initiated",2028-07-01
eia860:63113:SBS,generator,Southern Bighorn Solar Hybrid,US-NV,36.304793,-114.4728,300,planned,,300MS 8me LLC,eia:860m,https://www.eia.gov/electricity/data/eia860m/xls/august_generator2026.xlsx,2026-09-26T00:04:26Z,2026-08,63113,SBS,62910,NV,Clark,NEVP,IPP Non-CHP,Solar Photovoltaic,solar,PV,Photovoltaic,SUN,Solar,300,300,300,P,"Planned for installation, but regulatory approvals not initiated",2028-07-01
eia860:63126:SNDHA,generator,Sand Hill A,US-CA,37.743809,-121.6078,13.5,planned,,Viracocha Wind LLC,eia:860m,https://www.eia.gov/electricity/data/eia860m/xls/august_generator2026.xlsx,2026-09-26T00:04:26Z,2026-08,63126,SNDHA,65396,CA,Alameda,CISO,IPP Non-CHP,Onshore Wind Turbine,wind,WT,"Wind turbine, onshore",WND,Wind,13.5,13.5,13.5,L,Regulatory approvals pending. Not under construction,2027-12-01
eia860:63193:UNIT1,generator,Alira,US-TX,32.347392,-102.9677,222.8,planned,,Luminant Generation Company LLC,eia:860m,https://www.eia.gov/electricity/data/eia860m/xls/august_generator2026.xlsx,2026-09-26T00:04:26Z,2026-08,63193,UNIT1,55983,TX,Andrews,ERCO,IPP Non-CHP,Solar Photovoltaic,solar,PV,Photovoltaic,SUN,Solar,222.8,222.8,222.8,L,Regulatory approvals pending. Not under construction,2030-01-01
eia860:63202:701,generator,TREX US Red Holly,US-TX,32.952,-101.737,250,planned,,TREX US Red Holly LLC,eia:860m,https://www.eia.gov/electricity/data/eia860m/xls/august_generator2026.xlsx,2026-09-26T00:04:26Z,2026-08,63202,701,62936,TX,Lynn,ERCO,IPP Non-CHP,Solar Photovoltaic,solar,PV,Photovoltaic,SUN,Solar,250,250,250,L,Regulatory approvals pending. Not under construction,2027-12-01
eia860:63202:701-S,generator,TREX US Red Holly,US-TX,32.952,-101.737,50,planned,,TREX US Red Holly LLC,eia:860m,https://www.eia.gov/electricity/data/eia860m/xls/august_generator2026.xlsx,2026-09-26T00:04:26Z,2026-08,63202,701-S,62936,TX,Lynn,ERCO,IPP Non-CHP,Batteries,storage,BA,"Energy storage, battery",MWH,Electricity used for energy storage,50,50,50,L,Regulatory approvals pending. Not under construction,2027-12-01
eia860:63342:BKII,generator,McCrae Wind Energy II,US-TX,31.754037,-101.6752,162.1,under_construction,,"McCrae Wind Energy II, LLC",eia:860m,https://www.eia.gov/electricity/data/eia860m/xls/august_generator2026.xlsx,2026-09-26T00:04:26Z,2026-08,63342,BKII,66777,TX,Glasscock,ERCO,IPP Non-CHP,Onshore Wind Turbine,wind,WT,"Wind turbine, onshore",WND,Wind,162.1,162.1,162.1,TS,"Construction complete, but not yet in commercial operation",2026-12-01
eia860:63386:3RIVS,generator,"Three Rivers Solar Power, LLC",US-ME,44.711644,-68.11,100,under_construction,,"Three Rivers Solar Power, LLC",eia:860m,https://www.eia.gov/electricity/data/eia860m/xls/august_generator2026.xlsx,2026-09-26T00:04:26Z,2026-08,63386,3RIVS,63140,ME,Hancock,ISNE,IPP Non-CHP,Solar Photovoltaic,solar,PV,Photovoltaic,SUN,Solar,100,100,100,V,"Under construction, more than 50 percent complete",2026-12-01
eia860:63488:OBSLR,generator,Obsidian Solar Center,US-OR,43.312167,-120.8218,400,planned,,Obsidian Solar Center LLC,eia:860m,https://www.eia.gov/electricity/data/eia860m/xls/august_generator2026.xlsx,2026-09-26T00:04:26Z,2026-08,63488,OBSLR,63217,OR,Lake,BPAT,IPP Non-CHP,Solar Photovoltaic,solar,PV,Photovoltaic,SUN,Solar,400,400,400,L,Regulatory approvals pending. Not under construction,2028-12-01
eia860:63506:BCRV3,generator,Solar Carver 3 Hybrid,US-MA,41.84206,-70.7699,1,under_construction,,"Solar Carver 3, LLC",eia:860m,https://www.eia.gov/electricity/data/eia860m/xls/august_generator2026.xlsx,2026-09-26T00:04:26Z,2026-08,63506,BCRV3,63243,MA,Plymouth,ISNE,IPP Non-CHP,Batteries,storage,BA,"Energy storage, battery",MWH,Electricity used for energy storage,1,1,1,V,"Under construction, more than 50 percent complete",2026-10-01
eia860:63506:SCRV3,generator,Solar Carver 3 Hybrid,US-MA,41.84206,-70.7699,1,under_construction,,"Solar Carver 3, LLC",eia:860m,https://www.eia.gov/electricity/data/eia860m/xls/august_generator2026.xlsx,2026-09-26T00:04:26Z,2026-08,63506,SCRV3,63243,MA,Plymouth,ISNE,IPP Non-CHP,Solar Photovoltaic,solar,PV,Photovoltaic,SUN,Solar,1,1,1,V,"Under construction, more than 50 percent complete",2026-10-01
eia860:63535:GEN02,generator,Solar BESS Hybrid,US-GA,33.979348,-84.55613,2,under_construction,,Cobb Electric Membership Corporation,eia:860m,https://www.eia.gov/electricity/data/eia860m/xls/august_generator2026.xlsx,2026-09-26T00:04:26Z,2026-08,63535,GEN02,63260,GA,Cobb,SOCO,Electric Utility,Natural Gas Fired Combustion Turbine,natural_gas,GT,Combustion (gas) turbine,NG,Natural gas,2,2,2,V,"Under construction, more than 50 percent complete",2027-05-01
eia860:63535:GEN03,generator,Solar BESS Hybrid,US-GA,33.979348,-84.55613,2,under_construction,,Cobb Electric Membership Corporation,eia:860m,https://www.eia.gov/electricity/data/eia860m/xls/august_generator2026.xlsx,2026-09-26T00:04:26Z,2026-08,63535,GEN03,63260,GA,Cobb,SOCO,Electric Utility,Natural Gas Fired Combustion Turbine,natural_gas,GT,Combustion (gas) turbine,NG,Natural gas,2,2,2,V,"Under construction, more than 50 percent complete",2027-05-01
eia860:63535:GEN04,generator,Solar BESS Hybrid,US-GA,33.979348,-84.55613,2,under_construction,,Cobb Electric Membership Corporation,eia:860m,https://www.eia.gov/electricity/data/eia860m/xls/august_generator2026.xlsx,2026-09-26T00:04:26Z,2026-08,63535,GEN04,63260,GA,Cobb,SOCO,Electric Utility,Natural Gas Fired Combustion Turbine,natural_gas,GT,Combustion (gas) turbine,NG,Natural gas,2,2,2,V,"Under construction, more than 50 percent complete",2027-05-01
eia860:63541:BCRV1,generator,Solar Carver 1 Hybrid,US-MA,41.824474,-70.75292,2,under_construction,,"Solar Carver 1, LLC",eia:860m,https://www.eia.gov/electricity/data/eia860m/xls/august_generator2026.xlsx,2026-09-26T00:04:26Z,2026-08,63541,BCRV1,63257,MA,Plymouth,ISNE,IPP Non-CHP,Batteries,storage,BA,"Energy storage, battery",MWH,Electricity used for energy storage,2,2,2,V,"Under construction, more than 50 percent complete",2026-10-01
eia860:63541:SCRV1,generator,Solar Carver 1 Hybrid,US-MA,41.824474,-70.75292,2,under_construction,,"Solar Carver 1, LLC",eia:860m,https://www.eia.gov/electricity/data/eia860m/xls/august_generator2026.xlsx,2026-09-26T00:04:26Z,2026-08,63541,SCRV1,63257,MA,Plymouth,ISNE,IPP Non-CHP,Solar Photovoltaic,solar,PV,Photovoltaic,SUN,Solar,2,2,2,V,"Under construction, more than 50 percent complete",2026-10-01
eia860:63567:WSMTR,generator,Westminister NC,US-NC,35.452,-81.919,60,planned,,"Ecoplexus, Inc",eia:860m,https://www.eia.gov/electricity/data/eia860m/xls/august_generator2026.xlsx,2026-09-26T00:04:26Z,2026-08,63567,WSMTR,58970,NC,Rutherford,DUK,IPP Non-CHP,Solar Photovoltaic,solar,PV,Photovoltaic,SUN,Solar,60,60,60,T,Regulatory approvals received. Not under construction,2028-12-01
eia860:63584:NY2,generator,NY2 Battery,US-NY,41.52667,-74.14226,151.5,planned,,Key Capture Energy,eia:860m,https://www.eia.gov/electricity/data/eia860m/xls/august_generator2026.xlsx,2026-09-26T00:04:26Z,2026-08,63584,NY2,63289,NY,Orange,NYIS,IPP Non-CHP,Batteries,storage,BA,"Energy storage, battery",MWH,Electricity used for energy storage,151.5,151.5,151.5,L,Regulatory approvals pending. Not under construction,2028-07-01
eia860:63622:OES01,generator,OES Biogas Power,US-CA,34.17325,-117.3464,1.3,under_construction,,"Organic Energy Solutions, Inc.",eia:860m,https://www.eia.gov/electricity/data/eia860m/xls/august_generator2026.xlsx,2026-09-26T00:04:26Z,2026-08,63622,OES01,63331,CA,San Bernardino,CISO,IPP CHP,Other Waste Biomass,biomass,IC,Internal combustion engine,OBG,Other biomass gas,1.3,1.3,1.3,TS,"Construction complete, but not yet in commercial operation",2026-11-01
eia860:63622:OES02,generator,OES Biogas Power,US-CA,34.17325,-117.3464,1.3,under_construction,,"Organic Energy Solutions, Inc.",eia:860m,https://www.eia.gov/electricity/data/eia860m/xls/august_generator2026.xlsx,2026-09-26T00:04:26Z,2026-08,63622,OES02,63331,CA,San Bernardino,CISO,IPP CHP,Other Waste Biomass,biomass,IC,Internal combustion engine,OBG,Other biomass gas,1.3,1.3,1.3,TS,"Construction complete, but not yet in commercial operation",2026-11-01
eia860:63652:SNDHB,generator,Sand Hill B,US-CA,37.755007,-121.5968,17,planned,,Viracocha Wind LLC,eia:860m,https://www.eia.gov/electricity/data/eia860m/xls/august_generator2026.xlsx,2026-09-26T00:04:26Z,2026-08,63652,SNDHB,65396,CA,Alameda,CISO,IPP Non-CHP,Onshore Wind Turbine,wind,WT,"Wind turbine, onshore",WND,Wind,17,17,17,L,Regulatory approvals pending. Not under construction,2027-12-01
eia860:63653:SNDHC,generator,Sand Hill C,US-CA,37.769695,-121.5961,80,planned,,Viracocha Wind LLC,eia:860m,https://www.eia.gov/electricity/data/eia860m/xls/august_generator2026.xlsx,2026-09-26T00:04:26Z,2026-08,63653,SNDHC,65396,CA,Alameda,CISO,IPP Non-CHP,Onshore Wind Turbine,wind,WT,"Wind turbine, onshore",WND,Wind,80,80,80,L,Regulatory approvals pending. Not under construction,2027-12-01
eia860:63677:STURB,generator,Sturbridge Road Solar,US-MA,42.174611,-72.01786,5,under_construction,,Madison Energy Investments LLC,eia:860m,https://www.eia.gov/electricity/data/eia860m/xls/august_generator2026.xlsx,2026-09-26T00:04:26Z,2026-08,63677,STURB,65043,MA,Worcester,ISNE,IPP Non-CHP,Solar Photovoltaic,solar,PV,Photovoltaic,SUN,Solar,5,5,5,TS,"Construction complete, but not yet in commercial operation",2026-10-01
eia860:63782:RH1,generator,Rough Hat,US-NV,36.09907,-115.8337,400,planned,,"Candela Renewables, LLC",eia:860m,https://www.eia.gov/electricity/data/eia860m/xls/august_generator2026.xlsx,2026-09-26T00:04:26Z,2026-08,63782,RH1,63465,NV,Clark,CISO,IPP Non-CHP,Solar Photovoltaic,solar,PV,Photovoltaic,SUN,Solar,400,400,400,L,Regulatory approvals pending. Not under construction,2027-12-01
eia860:63784:PLMNO,generator,Palomino Solar,US-OH,39.2158,-83.7771,200,under_construction,,"Palomino Solar, LLC",eia:860m,https://www.eia.gov/electricity/data/eia860m/xls/august_generator2026.xlsx,2026-09-26T00:04:26Z,2026-08,63784,PLMNO,63463,OH,Highland,PJM,IPP Non-CHP,Solar Photovoltaic,solar,PV,Photovoltaic,SUN,Solar,200,200,200,U,"Under construction, less than or equal to 50 percent complete",2027-07-01
eia860:63798:ATL01,generator,Atlas,US-AZ,33.94345,-113.7917,300,under_construction,,174 Power Global Corp.,eia:860m,https://www.eia.gov/electricity/data/eia860m/xls/august_generator2026.xlsx,2026-09-26T00:04:26Z,2026-08,63798,ATL01,61222,AZ,La Paz,AZPS,IPP Non-CHP,Solar Photovoltaic,solar,PV,Photovoltaic,SUN,Solar,300,300,300,V,"Under construction, more than 50 percent complete",2026-08-01
eia860:63802:G001,generator,Shady Hills Combined Cycle Facility,US-FL,28.366667,-82.55833,612,under_construction,,"Shady Hills Energy Center, LLC",eia:860m,https://www.eia.gov/electricity/data/eia860m/xls/august_generator2026.xlsx,2026-09-26T00:04:26Z,2026-08,63802,G001,63488,FL,Pasco,FPC,IPP Non-CHP,Natural Gas Fired Combined Cycle,natural_gas,CS,Combined cycle single shaft,NG,Natural gas,612,538.3,574.5,TS,"Construction complete, but not yet in commercial operation",2026-11-01
eia860:63806:PGR28,generator,"West River Solar, LLC",US-NC,36.043671,-79.64174,40,under_construction,,"West River Solar, LLC",eia:860m,https://www.eia.gov/electricity/data/eia860m/xls/august_generator2026.xlsx,2026-09-26T00:04:26Z,2026-08,63806,PGR28,63492,NC,Guilford,DUK,IPP Non-CHP,Solar Photovoltaic,solar,PV,Photovoltaic,SUN,Solar,40,40,40,U,"Under construction, less than or equal to 50 percent complete",2027-10-01
eia860:63818:78787,generator,"Panther Grove Wind, LLC",US-IL,40.7129,-89.1706,423,under_construction,,"Panther Grove Wind, LLC",eia:860m,https://www.eia.gov/electricity/data/eia860m/xls/august_generator2026.xlsx,2026-09-26T00:04:26Z,2026-08,63818,78787,63501,IL,Woodford,PJM,IPP Non-CHP,Onshore Wind Turbine,wind,WT,"Wind turbine, onshore",WND,Wind,423,423,423,U,"Under construction, less than or equal to 50 percent complete",2026-12-01
eia860:63841:ARIDA,generator,Arida Solar (Hybrid),US-NV,35.092036,-114.6888,370,planned,,326FW 8me LLC,eia:860m,https://www.eia.gov/electricity/data/eia860m/xls/august_generator2026.xlsx,2026-09-26T00:04:26Z,2026-08,63841,ARIDA,63520,NV,Clark,CISO,IPP Non-CHP,Solar Photovoltaic,solar,PV,Photovoltaic,SUN,Solar,370,370,370,P,"Planned for installation, but regulatory approvals not initiated",2029-06-01
eia860:63841:BESS,generator,Arida Solar (Hybrid),US-NV,35.092036,-114.6888,370,planned,,326FW 8me LLC,eia:860m,https://www.eia.gov/electricity/data/eia860m/xls/august_generator2026.xlsx,2026-09-26T00:04:26Z,2026-08,63841,BESS,63520,NV,Clark,CISO,IPP Non-CHP,Batteries,storage,BA,"Energy storage, battery",MWH,Electricity used for energy storage,370,370,370,P,"Planned for installation, but regulatory approvals not initiated",2029-06-01
eia860:63846:RACE,generator,Raceway Solar,US-DE,38.909956,-75.58819,50,under_construction,,Freepoint Commodities LLC,eia:860m,https://www.eia.gov/electricity/data/eia860m/xls/august_generator2026.xlsx,2026-09-26T00:04:26Z,2026-08,63846,RACE,63524,DE,Kent,PJM,IPP Non-CHP,Solar Photovoltaic,solar,PV,Photovoltaic,SUN,Solar,50,50,50,U,"Under construction, less than or equal to 50 percent complete",2027-07-01
eia860:63850:BESS2,generator,Cherry,US-CA,36.122457,-119.9232,110,planned,,"Westlands Cherry, LLC",eia:860m,https://www.eia.gov/electricity/data/eia860m/xls/august_generator2026.xlsx,2026-09-26T00:04:26Z,2026-08,63850,BESS2,63527,CA,Kings,CISO,IPP Non-CHP,Batteries,storage,BA,"Energy storage, battery",MWH,Electricity used for energy storage,110,110,110,T,Regulatory approvals received. Not under construction,2027-07-01
eia860:63850:CHERY,generator,Cherry,US-CA,36.122457,-119.9232,249.7,planned,,"Westlands Cherry, LLC",eia:860m,https://www.eia.gov/electricity/data/eia860m/xls/august_generator2026.xlsx,2026-09-26T00:04:26Z,2026-08,63850,CHERY,63527,CA,Kings,CISO,IPP Non-CHP,Solar Photovoltaic,solar,PV,Photovoltaic,SUN,Solar,249.7,249.7,249.7,T,Regulatory approvals received. Not under construction,2027-07-01
eia860:63851:GRAPE,generator,Grape,US-CA,36.145687,-119.9051,246.4,planned,,"Westlands Grape, LLC",eia:860m,https://www.eia.gov/electricity/data/eia860m/xls/august_generator2026.xlsx,2026-09-26T00:04:26Z,2026-08,63851,GRAPE,63528,CA,Kings,CISO,IPP Non-CHP,Solar Photovoltaic,solar,PV,Photovoltaic,SUN,Solar,246.4,246.4,246.4,T,Regulatory approvals received. Not under construction,2027-03-01
eia860:63862:Q#828,generator,SunEast Valley Solar Project,US-NY,42.083795,-76.2477,20,under_construction,,"Altus Power America Management, LLC",eia:860m,https://www.eia.gov/electricity/data/eia860m/xls/august_generator2026.xlsx,2026-09-26T00:04:26Z,2026-08,63862,Q#828,60281,NY,Tioga,NYIS,IPP Non-CHP,Solar Photovoltaic,solar,PV,Photovoltaic,SUN,Solar,20,20,20,U,"Under construction, less than or equal to 50 percent complete",2027-05-01
eia860:63863:Q#885,generator,SunEast Grassy Knoll Solar Project,US-NY,43.065379,-74.84372,20,planned,,Grassy Knoll Solar NY LLC,eia:860m,https://www.eia.gov/electricity/data/eia860m/xls/august_generator2026.xlsx,2026-09-26T00:04:26Z,2026-08,63863,Q#885,66879,NY,Herkimer,NYIS,IPP Non-CHP,Solar Photovoltaic,solar,PV,Photovoltaic,SUN,Solar,20,20,20,T,Regulatory approvals received. Not under construction,2027-10-01
eia860:63878:HAY,generator,Haymaker Hybrid,US-MT,46.357442,-110.3958,630,planned,,Haymaker Energy Project LLC,eia:860m,https://www.eia.gov/electricity/data/eia860m/xls/august_generator2026.xlsx,2026-09-26T00:04:26Z,2026-08,63878,HAY,63553,MT,Wheatland,NWMT,IPP Non-CHP,Onshore Wind Turbine,wind,WT,"Wind turbine, onshore",WND,Wind,630,630,630,P,"Planned for installation, but regulatory approvals not initiated",2031-10-01
eia860:63901:Q#865,generator,SunEast Flat Hill Solar Project,US-NY,43.044363,-74.79632,20,under_construction,,"Altus Power America Management, LLC",eia:860m,https://www.eia.gov/electricity/data/eia860m/xls/august_generator2026.xlsx,2026-09-26T00:04:26Z,2026-08,63901,Q#865,60281,NY,Herkimer,NYIS,IPP Non-CHP,Solar Photovoltaic,solar,PV,Photovoltaic,SUN,Solar,20,20,20,V,"Under construction, more than 50 percent complete",2027-07-01
eia860:63911:MECN,generator,MEC North,US-MI,42.233559,-84.96234,500,planned,,MEC North,eia:860m,https://www.eia.gov/electricity/data/eia860m/xls/august_generator2026.xlsx,2026-09-26T00:04:26Z,2026-08,63911,MECN,63576,MI,Calhoun,MISO,IPP Non-CHP,Natural Gas Fired Combined Cycle,natural_gas,CS,Combined cycle single shaft,NG,Natural gas,500,500,500,T,Regulatory approvals received. Not under construction,2034-06-01
eia860:63912:MECS,generator,MEC South,US-MI,42.237103,-84.95915,500,planned,,MEC South,eia:860m,https://www.eia.gov/electricity/data/eia860m/xls/august_generator2026.xlsx,2026-09-26T00:04:26Z,2026-08,63912,MECS,63577,MI,Calhoun,MISO,IPP Non-CHP,Natural Gas Fired Combined Cycle,natural_gas,CS,Combined cycle single shaft,NG,Natural gas,500,500,500,L,Regulatory approvals pending. Not under construction,2034-06-01
eia860:63972:TR1,generator,Two Rivers Wind Facility,US-WY,41.97508,-106.1805,6.1,planned,,Two Rivers Wind LLC,eia:860m,https://www.eia.gov/electricity/data/eia860m/xls/august_generator2026.xlsx,2026-09-26T00:04:26Z,2026-08,63972,TR1,63626,WY,Carbon,PACE,IPP Non-CHP,Onshore Wind Turbine,wind,WT,"Wind turbine, onshore",WND,Wind,6.1,6.1,6.1,L,Regulatory approvals pending. Not under construction,2028-10-01
eia860:64036:ENX08,generator,"Caden Energix New Kent, LLC",US-VA,37.49004,-77.0616,20,planned,,"Caden Energix New Kent, LLC",eia:860m,https://www.eia.gov/electricity/data/eia860m/xls/august_generator2026.xlsx,2026-09-26T00:04:26Z,2026-08,64036,ENX08,63677,VA,New Kent,PJM,IPP Non-CHP,Solar Photovoltaic,solar,PV,Photovoltaic,SUN,Solar,20,20,20,L,Regulatory approvals pending. Not under construction,2028-08-01
eia860:64037:Q#913,generator,SunEast Manchester Solar Project,US-NY,42.958318,-77.19503,20,planned,,SunEast Manchester Solar LLC,eia:860m,https://www.eia.gov/electricity/data/eia860m/xls/august_generator2026.xlsx,2026-09-26T00:04:26Z,2026-08,64037,Q#913,63678,NY,Ontario,NYIS,IPP Non-CHP,Solar Photovoltaic,solar,PV,Photovoltaic,SUN,Solar,20,20,20,T,Regulatory approvals received. Not under construction,2027-06-01
eia860:64064:SHAFT,generator,Shaftsbury Solar,US-VT,42.96463,-73.16841,20,planned,,Freepoint Commodities LLC,eia:860m,https://www.eia.gov/electricity/data/eia860m/xls/august_generator2026.xlsx,2026-09-26T00:04:26Z,2026-08,64064,SHAFT,63524,VT,Bennington,ISNE,IPP Non-CHP,Solar Photovoltaic,solar,PV,Photovoltaic,SUN,Solar,20,20,20,L,Regulatory approvals pending. Not under construction,2028-12-01
eia860:64067:AUBPV,generator,Auburn PV - BD Solar Auburn LLC,US-ME,44.05,-70.3,5,planned,,BD Solar Auburn LLC,eia:860m,https://www.eia.gov/electricity/data/eia860m/xls/august_generator2026.xlsx,2026-09-26T00:04:26Z,2026-08,64067,AUBPV,63697,ME,Androscoggin,ISNE,IPP Non-CHP,Solar Photovoltaic,solar,PV,Photovoltaic,SUN,Solar,5,5,5,L,Regulatory approvals pending. Not under construction,2028-03-01
eia860:64071:LJNPV,generator,Lewiston Jn PV - BD Solar Lewiston Jn LL,US-ME,44.05,-70.3,5,planned,,BD Solar Lewiston Junction LLC,eia:860m,https://www.eia.gov/electricity/data/eia860m/xls/august_generator2026.xlsx,2026-09-26T00:04:26Z,2026-08,64071,LJNPV,63701,ME,Androscoggin,ISNE,IPP Non-CHP,Solar Photovoltaic,solar,PV,Photovoltaic,SUN,Solar,5,5,5,L,Regulatory approvals pending. Not under construction,2028-03-01
eia860:64073:GBS,generator,"Great Bear Solar, LLC",US-OH,40.9397,-84.5828,46,planned,,Avangrid Power LLC,eia:860m,https://www.eia.gov/electricity/data/eia860m/xls/august_generator2026.xlsx,2026-09-26T00:04:26Z,2026-08,64073,GBS,15399,OH,Van Wert,PJM,IPP Non-CHP,Solar Photovoltaic,solar,PV,Photovoltaic,SUN,Solar,46,46,46,P,"Planned for installation, but regulatory approvals not initiated",2027-12-01
eia860:64098:3,generator,Tesla Reno GigaFactory,US-NV,39.539511,-119.4392,1,under_construction,,Tesla Inc.,eia:860m,https://www.eia.gov/electricity/data/eia860m/xls/august_generator2026.xlsx,2026-09-26T00:04:26Z,2026-08,64098,3,57313,NV,Storey,NEVP,Industrial Non-CHP,Solar Photovoltaic,solar,PV,Photovoltaic,SUN,Solar,1,1,1,TS,"Construction complete, but not yet in commercial operation",2026-12-01
eia860:64163:11111,generator,Hecate Energy Cider Solar LLC,US-NY,43.097336,-78.23041,557,under_construction,,Greenbacker Renewable Energy Corporation,eia:860m,https://www.eia.gov/electricity/data/eia860m/xls/august_generator2026.xlsx,2026-09-26T00:04:26Z,2026-08,64163,11111,60025,NY,Genesee,NYIS,IPP Non-CHP,Solar Photovoltaic,solar,PV,Photovoltaic,SUN,Solar,557,557,557,U,"Under construction, less than or equal to 50 percent complete",2026-10-01
eia860:64167:GEN,generator,Hornet Solar,US-NC,35.387,-81.029,73,under_construction,,Hornet Solar LLC,eia:860m,https://www.eia.gov/electricity/data/eia860m/xls/august_generator2026.xlsx,2026-09-26T00:04:26Z,2026-08,64167,GEN,63792,NC,Gaston,DUK,IPP Non-CHP,Solar Photovoltaic,solar,PV,Photovoltaic,SUN,Solar,73,73,73,TS,"Construction complete, but not yet in commercial operation",2026-12-01
eia860:64168:GEN,generator,Bear Branch Solar,US-NC,36.340427,-80.12974,34.5,under_construction,,Bear Branch Solar LLC,eia:860m,https://www.eia.gov/electricity/data/eia860m/xls/august_generator2026.xlsx,2026-09-26T00:04:26Z,2026-08,64168,GEN,63793,NC,Stokes,DUK,IPP Non-CHP,Solar Photovoltaic,solar,PV,Photovoltaic,SUN,Solar,34.5,34.5,34.5,TS,"Construction complete, but not yet in commercial operation",2027-01-01
eia860:64171:1,generator,Tygart Hydropower,US-WV,39.279354,-80.00891,10,planned,,"Agilitas Energy, Inc.",eia:860m,https://www.eia.gov/electricity/data/eia860m/xls/august_generator2026.xlsx,2026-09-26T00:04:26Z,2026-08,64171,1,61514,WV,Taylor,PJM,IPP Non-CHP,Conventional Hydroelectric,hydro,HY,Hydraulic turbine (conventional hydro),WAT,Water,10,3,10,L,Regulatory approvals pending. Not under construction,2027-03-01
eia860:64171:2,generator,Tygart Hydropower,US-WV,39.279354,-80.00891,10,planned,,"Agilitas Energy, Inc.",eia:860m,https://www.eia.gov/electricity/data/eia860m/xls/august_generator2026.xlsx,2026-09-26T00:04:26Z,2026-08,64171,2,61514,WV,Taylor,PJM,IPP Non-CHP,Conventional Hydroelectric,hydro,HY,Hydraulic turbine (conventional hydro),WAT,Water,10,3,10,L,Regulatory approvals pending. Not under construction,2027-03-01
eia860:64171:3,generator,Tygart Hydropower,US-WV,39.279354,-80.00891,10,planned,,"Agilitas Energy, Inc.",eia:860m,https://www.eia.gov/electricity/data/eia860m/xls/august_generator2026.xlsx,2026-09-26T00:04:26Z,2026-08,64171,3,61514,WV,Taylor,PJM,IPP Non-CHP,Conventional Hydroelectric,hydro,HY,Hydraulic turbine (conventional hydro),WAT,Water,10,3,10,L,Regulatory approvals pending. Not under construction,2027-03-01
eia860:64188:PV,generator,Shepherd's Run Solar,US-NY,42.16141,-73.57453,42,planned,,Shepherd's Run Solar,eia:860m,https://www.eia.gov/electricity/data/eia860m/xls/august_generator2026.xlsx,2026-09-26T00:04:26Z,2026-08,64188,PV,63954,NY,Columbia,NYIS,IPP Non-CHP,Solar Photovoltaic,solar,PV,Photovoltaic,SUN,Solar,42,42,42,P,"Planned for installation, but regulatory approvals not initiated",2027-11-01
eia860:64202:BGSTB,generator,"Big Star Solar, LLC (Hybrid)",US-TX,29.894053,-97.27054,80,under_construction,,RWE Clean Energy,eia:860m,https://www.eia.gov/electricity/data/eia860m/xls/august_generator2026.xlsx,2026-09-26T00:04:26Z,2026-08,64202,BGSTB,67192,TX,Bastrop,ERCO,IPP Non-CHP,Batteries,storage,BA,"Energy storage, battery",MWH,Electricity used for energy storage,80,80,80,TS,"Construction complete, but not yet in commercial operation",2026-10-01
eia860:64208:30PNA,generator,Red Antelope Solar & Energy Storage Farm,US-AZ,36.7,-111.28,400,planned,,302PN 8me LLC,eia:860m,https://www.eia.gov/electricity/data/eia860m/xls/august_generator2026.xlsx,2026-09-26T00:04:26Z,2026-08,64208,30PNA,63807,AZ,Coconino,AZPS,IPP Non-CHP,Solar Photovoltaic,solar,PV,Photovoltaic,SUN,Solar,400,400,400,P,"Planned for installation, but regulatory approvals not initiated",2028-05-01
eia860:64208:30PNB,generator,Red Antelope Solar & Energy Storage Farm,US-AZ,36.7,-111.28,300,planned,,302PN 8me LLC,eia:860m,https://www.eia.gov/electricity/data/eia860m/xls/august_generator2026.xlsx,2026-09-26T00:04:26Z,2026-08,64208,30PNB,63807,AZ,Coconino,AZPS,IPP Non-CHP,Batteries,storage,BA,"Energy storage, battery",MWH,Electricity used for energy storage,300,300,300,P,"Planned for installation, but regulatory approvals not initiated",2028-05-01
eia860:64209:26SBA,generator,Bellefield 2 Solar & Energy Storage Farm,US-CA,35.017779,-118.0687,500,under_construction,,26SB 8me LLC,eia:860m,https://www.eia.gov/electricity/data/eia860m/xls/august_generator2026.xlsx,2026-09-26T00:04:26Z,2026-08,64209,26SBA,63806,CA,Kern,CISO,IPP Non-CHP,Solar Photovoltaic,solar,PV,Photovoltaic,SUN,Solar,500,500,500,V,"Under construction, more than 50 percent complete",2026-12-01
eia860:64209:26SBB,generator,Bellefield 2 Solar & Energy Storage Farm,US-CA,35.017779,-118.0687,500,under_construction,,26SB 8me LLC,eia:860m,https://www.eia.gov/electricity/data/eia860m/xls/august_generator2026.xlsx,2026-09-26T00:04:26Z,2026-08,64209,26SBB,63806,CA,Kern,CISO,IPP Non-CHP,Batteries,storage,BA,"Energy storage, battery",MWH,Electricity used for energy storage,500,500,500,V,"Under construction, more than 50 percent complete",2026-12-01
eia860:64215:45MGA,generator,Aratina Solar Center 2,US-CA,35.062965,-118.0878,150,under_construction,,45MG 8me LLC,eia:860m,https://www.eia.gov/electricity/data/eia860m/xls/august_generator2026.xlsx,2026-09-26T00:04:26Z,2026-08,64215,45MGA,63825,CA,Kern,CISO,IPP Non-CHP,Solar Photovoltaic,solar,PV,Photovoltaic,SUN,Solar,150,150,150,V,"Under construction, more than 50 percent complete",2026-12-01
eia860:64215:45MGB,generator,Aratina Solar Center 2,US-CA,35.062965,-118.0878,113,under_construction,,45MG 8me LLC,eia:860m,https://www.eia.gov/electricity/data/eia860m/xls/august_generator2026.xlsx,2026-09-26T00:04:26Z,2026-08,64215,45MGB,63825,CA,Kern,CISO,IPP Non-CHP,Batteries,storage,BA,"Energy storage, battery",MWH,Electricity used for energy storage,113,113,113,V,"Under construction, more than 50 percent complete",2026-12-01
eia860:64216:201LC,generator,Rockmont Solar and Storage Project,US-NM,36.776579,-108.3751,100,planned,,201LC 8me LLC,eia:860m,https://www.eia.gov/electricity/data/eia860m/xls/august_generator2026.xlsx,2026-09-26T00:04:26Z,2026-08,64216,201LC,63826,NM,San Juan,PNM,IPP Non-CHP,Solar Photovoltaic,solar,PV,Photovoltaic,SUN,Solar,100,100,100,L,Regulatory approvals pending. Not under construction,2027-12-01
eia860:64216:309SJ,generator,Rockmont Solar and Storage Project,US-NM,36.776579,-108.3751,30,planned,,201LC 8me LLC,eia:860m,https://www.eia.gov/electricity/data/eia860m/xls/august_generator2026.xlsx,2026-09-26T00:04:26Z,2026-08,64216,309SJ,63826,NM,San Juan,PNM,IPP Non-CHP,Batteries,storage,BA,"Energy storage, battery",MWH,Electricity used for energy storage,30,30,30,L,Regulatory approvals pending. Not under construction,2027-12-01
eia860:64234:19936,generator,Hecate Energy Harley Hand Solar LLC,US-TX,32.468537,-100.2164,514,planned,,Hecate Energy Harley Hand Solar LLC,eia:860m,https://www.eia.gov/electricity/data/eia860m/xls/august_generator2026.xlsx,2026-09-26T00:04:26Z,2026-08,64234,19936,63832,TX,Nolan,ERCO,IPP Non-CHP,Solar Photovoltaic,solar,PV,Photovoltaic,SUN,Solar,514,514,514,P,"Planned for installation, but regulatory approvals not initiated",2028-11-01
eia860:64253:S1,generator,Mohawk Solar,US-NY,42.887133,-74.63781,90.5,planned,,Avangrid Power LLC,eia:860m,https://www.eia.gov/electricity/data/eia860m/xls/august_generator2026.xlsx,2026-09-26T00:04:26Z,2026-08,64253,S1,15399,NY,Montgomery,NYIS,IPP Non-CHP,Solar Photovoltaic,solar,PV,Photovoltaic,SUN,Solar,90.5,90.5,90.5,L,Regulatory approvals pending. Not under construction,2027-12-01
eia860:64255:VBESS,generator,Vonore Battery Energy Storage System,US-TN,35.61543,-84.27489,20,under_construction,,Tennessee Valley Authority,eia:860m,https://www.eia.gov/electricity/data/eia860m/xls/august_generator2026.xlsx,2026-09-26T00:04:26Z,2026-08,64255,VBESS,18642,TN,Monroe,TVA,Electric Utility,Batteries,storage,BA,"Energy storage, battery",MWH,Electricity used for energy storage,20,20,20,U,"Under construction, less than or equal to 50 percent complete",2026-12-01
eia860:64290:ATH1N,generator,"SE Athos II, LLC",US-CA,33.751283,-115.355,100,under_construction,,"SE Athos II, LLC",eia:860m,https://www.eia.gov/electricity/data/eia860m/xls/august_generator2026.xlsx,2026-09-26T00:04:26Z,2026-08,64290,ATH1N,63869,CA,Riverside,CISO,IPP Non-CHP,Batteries,storage,BA,"Energy storage, battery",MWH,Electricity used for energy storage,100,100,100,U,"Under construction, less than or equal to 50 percent complete",2027-01-01
eia860:64290:ATH1S,generator,"SE Athos II, LLC",US-CA,33.751283,-115.355,102.3,under_construction,,"SE Athos II, LLC",eia:860m,https://www.eia.gov/electricity/data/eia860m/xls/august_generator2026.xlsx,2026-09-26T00:04:26Z,2026-08,64290,ATH1S,63869,CA,Riverside,CISO,IPP Non-CHP,Batteries,storage,BA,"Energy storage, battery",MWH,Electricity used for energy storage,102.3,102.3,102.3,U,"Under construction, less than or equal to 50 percent complete",2027-01-01
eia860:64290:ATHB2,generator,"SE Athos II, LLC",US-CA,33.751283,-115.355,200,under_construction,,"SE Athos II, LLC",eia:860m,https://www.eia.gov/electricity/data/eia860m/xls/august_generator2026.xlsx,2026-09-26T00:04:26Z,2026-08,64290,ATHB2,63869,CA,Riverside,CISO,IPP Non-CHP,Batteries,storage,BA,"Energy storage, battery",MWH,Electricity used for energy storage,200,200,200,U,"Under construction, less than or equal to 50 percent complete",2027-01-01
eia860:64291:B4,generator,Lincoln Medical and Mental Health Center,US-NY,40.816971,-73.92411,1,under_construction,,Lincoln Medical and Mental Health Center,eia:860m,https://www.eia.gov/electricity/data/eia860m/xls/august_generator2026.xlsx,2026-09-26T00:04:26Z,2026-08,64291,B4,63873,NY,Bronx,NYIS,Commercial Non-CHP,Petroleum Liquids,petroleum,IC,Internal combustion engine,DFO,Distillate fuel oil,1,1,1,U,"Under construction, less than or equal to 50 percent complete",2026-12-01
eia860:64345:1112,generator,Highland Solar North,US-FL,27.2821,-81.4256,74.9,planned,,"Placid Solar II, LLC",eia:860m,https://www.eia.gov/electricity/data/eia860m/xls/august_generator2026.xlsx,2026-09-26T00:04:26Z,2026-08,64345,1112,66347,FL,Highlands,FPC,IPP Non-CHP,Solar Photovoltaic,solar,PV,Photovoltaic,SUN,Solar,74.9,74.9,74.9,L,Regulatory approvals pending. Not under construction,2027-05-01
eia860:64346:9999,generator,Highland Solar South,US-FL,27.2664,-81.4082,74.9,under_construction,,"Placid Solar, LLC",eia:860m,https://www.eia.gov/electricity/data/eia860m/xls/august_generator2026.xlsx,2026-09-26T00:04:26Z,2026-08,64346,9999,63969,FL,Highlands,FPC,IPP Non-CHP,Solar Photovoltaic,solar,PV,Photovoltaic,SUN,Solar,74.9,74.9,74.9,V,"Under construction, more than 50 percent complete",2026-09-01
eia860:64349:6666,generator,Armadillo Solar Center,US-TX,32.00014,-96.2027,175,under_construction,,AES Clean Energy,eia:860m,https://www.eia.gov/electricity/data/eia860m/xls/august_generator2026.xlsx,2026-09-26T00:04:26Z,2026-08,64349,6666,64904,TX,Navarro,ERCO,IPP Non-CHP,Solar Photovoltaic,solar,PV,Photovoltaic,SUN,Solar,175,175,175,U,"Under construction, less than or equal to 50 percent complete",2027-04-01
eia860:64428:JVR1A,generator,JVR Energy Park LLC,US-CA,32.625903,-116.1749,90,planned,,JVR Energy Park LLC,eia:860m,https://www.eia.gov/electricity/data/eia860m/xls/august_generator2026.xlsx,2026-09-26T00:04:26Z,2026-08,64428,JVR1A,64077,CA,San Diego,CISO,IPP Non-CHP,Solar Photovoltaic,solar,PV,Photovoltaic,SUN,Solar,90,90,90,L,Regulatory approvals pending. Not under construction,2027-03-01
eia860:64428:JVR1B,generator,JVR Energy Park LLC,US-CA,32.625903,-116.1749,70,planned,,JVR Energy Park LLC,eia:860m,https://www.eia.gov/electricity/data/eia860m/xls/august_generator2026.xlsx,2026-09-26T00:04:26Z,2026-08,64428,JVR1B,64077,CA,San Diego,CISO,IPP Non-CHP,Batteries,storage,BA,"Energy storage, battery",MWH,Electricity used for energy storage,70,70,70,L,Regulatory approvals pending. Not under construction,2027-03-01
eia860:64531:KOV4A,generator,Noosa Energy Storage LLC,US-CA,37.756292,-121.1481,99,under_construction,,Engie North America,eia:860m,https://www.eia.gov/electricity/data/eia860m/xls/august_generator2026.xlsx,2026-09-26T00:04:26Z,2026-08,64531,KOV4A,56201,CA,San Joaquin,CISO,IPP Non-CHP,Batteries,storage,BA,"Energy storage, battery",MWH,Electricity used for energy storage,99,99,99,U,"Under construction, less than or equal to 50 percent complete",2026-09-01
eia860:64541:1,generator,Potic Solar,US-NY,42.29559,-73.9012,4.9,planned,,FPS Potic Solar LLC,eia:860m,https://www.eia.gov/electricity/data/eia860m/xls/august_generator2026.xlsx,2026-09-26T00:04:26Z,2026-08,64541,1,64176,NY,Greene,NYIS,IPP Non-CHP,Solar Photovoltaic,solar,PV,Photovoltaic,SUN,Solar,4.9,4.9,4.9,L,Regulatory approvals pending. Not under construction,2027-07-01
eia860:64543:1,generator,Cedar Creek Solar,US-DE,39.37259,-75.56455,114,planned,,FPS Cedar Creek Solar LLC,eia:860m,https://www.eia.gov/electricity/data/eia860m/xls/august_generator2026.xlsx,2026-09-26T00:04:26Z,2026-08,64543,1,64174,DE,New Castle,PJM,IPP Non-CHP,Solar Photovoltaic,solar,PV,Photovoltaic,SUN,Solar,114,114,114,L,Regulatory approvals pending. Not under construction,2028-07-01
eia860:64547:3,generator,Turtle Creek,US-NE,41.092238,-96.16831,264,planned,,Omaha Public Power District,eia:860m,https://www.eia.gov/electricity/data/eia860m/xls/august_generator2026.xlsx,2026-09-26T00:04:26Z,2026-08,64547,3,14127,NE,Sarpy,SWPP,Electric Utility,Natural Gas Fired Combustion Turbine,natural_gas,GT,Combustion (gas) turbine,NG,Natural gas,264,221,221,T,Regulatory approvals received. Not under construction,2028-08-01
eia860:64550:CVOWC,generator,Coastal Virginia Offshore Wind (CVOW) Commercial Project,US-VA,36.907956,-75.34907,2640,under_construction,,Dominion Energy Inc.,eia:860m,https://www.eia.gov/electricity/data/eia860m/xls/august_generator2026.xlsx,2026-09-26T00:04:26Z,2026-08,64550,CVOWC,5248,VA,,PJM,Electric Utility,Offshore Wind Turbine,wind,WS,"Wind turbine, offshore",WND,Wind,2640,2640,2640,U,"Under construction, less than or equal to 50 percent complete",2027-01-01
eia860:64615:1,generator,"Sanford ESS, LLC",US-ME,43.407648,-70.71209,5,planned,,"Sanford ESS, LLC",eia:860m,https://www.eia.gov/electricity/data/eia860m/xls/august_generator2026.xlsx,2026-09-26T00:04:26Z,2026-08,64615,1,64230,ME,York,ISNE,IPP Non-CHP,Batteries,storage,BA,"Energy storage, battery",MWH,Electricity used for energy storage,5,5,5,T,Regulatory approvals received. Not under construction,2027-12-01
eia860:64616:1,generator,"South Portland ESS, LLC",US-ME,43.622939,-70.33098,10,planned,,"South Portland ESS, LLC",eia:860m,https://www.eia.gov/electricity/data/eia860m/xls/august_generator2026.xlsx,2026-09-26T00:04:26Z,2026-08,64616,1,64233,ME,Cumberland,ISNE,IPP Non-CHP,Batteries,storage,BA,"Energy storage, battery",MWH,Electricity used for energy storage,10,10,10,T,Regulatory approvals received. Not under construction,2027-12-01
eia860:64632:99MT8,generator,Sienna Solar Farm,US-CA,34.493659,-116.915,200,planned,,"99MT 8me, LLC",eia:860m,https://www.eia.gov/electricity/data/eia860m/xls/august_generator2026.xlsx,2026-09-26T00:04:26Z,2026-08,64632,99MT8,64246,CA,San Bernardino,CISO,IPP Non-CHP,Solar Photovoltaic,solar,PV,Photovoltaic,SUN,Solar,200,200,200,P,"Planned for installation, but regulatory approvals not initiated",2028-12-01
eia860:64632:99MTB,generator,Sienna Solar Farm,US-CA,34.493659,-116.915,200,planned,,"99MT 8me, LLC",eia:860m,https://www.eia.gov/electricity/data/eia860m/xls/august_generator2026.xlsx,2026-09-26T00:04:26Z,2026-08,64632,99MTB,64246,CA,San Bernardino,CISO,IPP Non-CHP,Batteries,storage,BA,"Energy storage, battery",MWH,Electricity used for energy storage,200,200,200,P,"Planned for installation, but regulatory approvals not initiated",2028-12-01
eia860:64634:90FI8,generator,Kingsley Solar Farm,US-CA,32.742036,-115.7354,225,planned,,"90FI 8me, LLC",eia:860m,https://www.eia.gov/electricity/data/eia860m/xls/august_generator2026.xlsx,2026-09-26T00:04:26Z,2026-08,64634,90FI8,64245,CA,Imperial,CISO,IPP Non-CHP,Solar Photovoltaic,solar,PV,Photovoltaic,SUN,Solar,225,225,225,P,"Planned for installation, but regulatory approvals not initiated",2028-12-01
eia860:64634:90FIB,generator,Kingsley Solar Farm,US-CA,32.742036,-115.7354,74,planned,,"90FI 8me, LLC",eia:860m,https://www.eia.gov/electricity/data/eia860m/xls/august_generator2026.xlsx,2026-09-26T00:04:26Z,2026-08,64634,90FIB,64245,CA,Imperial,CISO,IPP Non-CHP,Batteries,storage,BA,"Energy storage, battery",MWH,Electricity used for energy storage,74,74,74,P,"Planned for installation, but regulatory approvals not initiated",2028-12-01
eia860:64658:AFS,generator,"AEUG Fleming Solar, LLC",US-KY,38.429925,-83.77156,188.5,under_construction,,"Acciona Energy USA Global, LLC",eia:860m,https://www.eia.gov/electricity/data/eia860m/xls/august_generator2026.xlsx,2026-09-26T00:04:26Z,2026-08,64658,AFS,57416,KY,Fleming,PJM,IPP Non-CHP,Solar Photovoltaic,solar,PV,Photovoltaic,SUN,Solar,188.5,188.5,188.5,U,"Under construction, less than or equal to 50 percent complete",2027-06-01
eia860:64659:AMS,generator,"AEUG Madison Solar, LLC",US-KY,37.822029,-84.30052,100,under_construction,,"Acciona Energy USA Global, LLC",eia:860m,https://www.eia.gov/electricity/data/eia860m/xls/august_generator2026.xlsx,2026-09-26T00:04:26Z,2026-08,64659,AMS,57416,KY,Madison,PJM,IPP Non-CHP,Solar Photovoltaic,solar,PV,Photovoltaic,SUN,Solar,100,100,100,U,"Under construction, less than or equal to 50 percent complete",2028-09-01
eia860:64669:KOV4A,generator,Notch Peak Solar LLC,US-UT,39.520131,-112.6602,324,planned,,Notch Peak Solar LLC,eia:860m,https://www.eia.gov/electricity/data/eia860m/xls/august_generator2026.xlsx,2026-09-26T00:04:26Z,2026-08,64669,KOV4A,64265,UT,Millard,LDWP,IPP Non-CHP,Solar Photovoltaic,solar,PV,Photovoltaic,SUN,Solar,324,324,324,T,Regulatory approvals received. Not under construction,2028-09-01
eia860:64670:KOV4A,generator,Big Creek Solar LLC,US-AR,34.870404,-117.9656,400,under_construction,,Big Creek Solar LLC,eia:860m,https://www.eia.gov/electricity/data/eia860m/xls/august_generator2026.xlsx,2026-09-26T00:04:26Z,2026-08,64670,KOV4A,64267,AR,Lee,MISO,IPP Non-CHP,Solar Photovoltaic,solar,PV,Photovoltaic,SUN,Solar,400,400,400,U,"Under construction, less than or equal to 50 percent complete",2027-07-01
eia860:64672:BLUJS,generator,"Blue Jay Solar I, LLC",US-TX,30.705329,-96.06983,210,under_construction,,"Blue Jay Solar I, LLC",eia:860m,https://www.eia.gov/electricity/data/eia860m/xls/august_generator2026.xlsx,2026-09-26T00:04:26Z,2026-08,64672,BLUJS,64266,TX,Grimes,ERCO,IPP Non-CHP,Solar Photovoltaic,solar,PV,Photovoltaic,SUN,Solar,210,210,210,TS,"Construction complete, but not yet in commercial operation",2026-09-01
eia860:64744:TC001,generator,Turkey Creek Solar Project,US-CO,38.382137,-104.9141,200,planned,,174 Power Global Corp.,eia:860m,https://www.eia.gov/electricity/data/eia860m/xls/august_generator2026.xlsx,2026-09-26T00:04:26Z,2026-08,64744,TC001,61222,CO,Pueblo,WACM,IPP Non-CHP,Solar Photovoltaic,solar,PV,Photovoltaic,SUN,Solar,200,200,200,P,"Planned for installation, but regulatory approvals not initiated",2027-02-01
eia860:64745:BHS02,generator,Black Hollow Sun,US-CO,40.616742,-104.8489,107,under_construction,,Contour Global,eia:860m,https://www.eia.gov/electricity/data/eia860m/xls/august_generator2026.xlsx,2026-09-26T00:04:26Z,2026-08,64745,BHS02,64967,CO,Weld,PSCO,IPP Non-CHP,Solar Photovoltaic,solar,PV,Photovoltaic,SUN,Solar,107,107,107,V,"Under construction, more than 50 percent complete",2026-09-01
eia860:64758:MAN,generator,Manorville II,US-NY,40.834,-72.7819,0.6,planned,,"Agilitas Energy, Inc.",eia:860m,https://www.eia.gov/electricity/data/eia860m/xls/august_generator2026.xlsx,2026-09-26T00:04:26Z,2026-08,64758,MAN,61514,NY,Suffolk,NYIS,IPP Non-CHP,Solar Photovoltaic,solar,PV,Photovoltaic,SUN,Solar,0.6,0.6,0.6,L,Regulatory approvals pending. Not under construction,2027-12-01
eia860:64758:MANB,generator,Manorville II,US-NY,40.834,-72.7819,0.8,planned,,"Agilitas Energy, Inc.",eia:860m,https://www.eia.gov/electricity/data/eia860m/xls/august_generator2026.xlsx,2026-09-26T00:04:26Z,2026-08,64758,MANB,61514,NY,Suffolk,NYIS,IPP Non-CHP,Batteries,storage,BA,"Energy storage, battery",MWH,Electricity used for energy storage,0.8,0.8,0.8,L,Regulatory approvals pending. Not under construction,2027-12-01
eia860:64767:TC001,generator,Pigeon Run Solar Project,US-VA,37.158473,-79.05564,60,planned,,"Pigeon Run Solar, LLC",eia:860m,https://www.eia.gov/electricity/data/eia860m/xls/august_generator2026.xlsx,2026-09-26T00:04:26Z,2026-08,64767,TC001,66490,VA,Campbell,PJM,IPP Non-CHP,Solar Photovoltaic,solar,PV,Photovoltaic,SUN,Solar,60,60,60,P,"Planned for installation, but regulatory approvals not initiated",2029-07-01
eia860:64768:TC001,generator,Zenith Solar,US-VA,36.817763,-79.23328,60,planned,,"Zenith Solar, LLC",eia:860m,https://www.eia.gov/electricity/data/eia860m/xls/august_generator2026.xlsx,2026-09-26T00:04:26Z,2026-08,64768,TC001,66491,VA,Pittsylvania,PJM,IPP Non-CHP,Solar Photovoltaic,solar,PV,Photovoltaic,SUN,Solar,60,60,60,P,"Planned for installation, but regulatory approvals not initiated",2030-07-01
eia860:64835:,generator,Silver Queen Wind Farm,US-IA,42.002397,-95.1316,252,planned,,"Silver Queen Wind Farm, LLC",eia:860m,https://www.eia.gov/electricity/data/eia860m/xls/august_generator2026.xlsx,2026-09-26T00:04:26Z,2026-08,64835,,64347,IA,Crawford,SWPP,IPP Non-CHP,Onshore Wind Turbine,wind,WT,"Wind turbine, onshore",WND,Wind,252,252,252,L,Regulatory approvals pending. Not under construction,2028-10-01
eia860:64847:CRTW1,generator,Rail Tie Wind,US-WY,41.055833,-105.4942,504,planned,,Repsol Renewables NA,eia:860m,https://www.eia.gov/electricity/data/eia860m/xls/august_generator2026.xlsx,2026-09-26T00:04:26Z,2026-08,64847,CRTW1,65265,WY,Albany,WACM,IPP Non-CHP,Onshore Wind Turbine,wind,WT,"Wind turbine, onshore",WND,Wind,504,504,504,L,Regulatory approvals pending. Not under construction,2029-06-01
eia860:64848:BEF1,generator,"Bedington Energy Facility, LLC",US-WV,39.531839,-77.88709,100,planned,,"Bedington Energy Facility, LLC",eia:860m,https://www.eia.gov/electricity/data/eia860m/xls/august_generator2026.xlsx,2026-09-26T00:04:26Z,2026-08,64848,BEF1,64356,WV,Berkeley,PJM,IPP Non-CHP,Solar Photovoltaic,solar,PV,Photovoltaic,SUN,Solar,100,100,100,L,Regulatory approvals pending. Not under construction,2028-10-01
eia860:64849:ATMWS,generator,Wildcat Solar Power Plant LLC,US-NM,35.580453,-108.9023,50,planned,,"Solariant Capital, LLC",eia:860m,https://www.eia.gov/electricity/data/eia860m/xls/august_generator2026.xlsx,2026-09-26T00:04:26Z,2026-08,64849,ATMWS,64355,NM,McKinley,PNM,IPP Non-CHP,Batteries,storage,BA,"Energy storage, battery",MWH,Electricity used for energy storage,50,50,50,P,"Planned for installation, but regulatory approvals not initiated",2028-12-01
eia860:64849:WILDC,generator,Wildcat Solar Power Plant LLC,US-NM,35.580453,-108.9023,90,planned,,"Solariant Capital, LLC",eia:860m,https://www.eia.gov/electricity/data/eia860m/xls/august_generator2026.xlsx,2026-09-26T00:04:26Z,2026-08,64849,WILDC,64355,NM,McKinley,PNM,IPP Non-CHP,Solar Photovoltaic,solar,PV,Photovoltaic,SUN,Solar,90,90,90,P,"Planned for installation, but regulatory approvals not initiated",2028-12-01
eia860:64857:C0513,generator,Canyonland Solar,US-CO,37.431,-108.724,140,planned,,Canyonland Solar LLC,eia:860m,https://www.eia.gov/electricity/data/eia860m/xls/august_generator2026.xlsx,2026-09-26T00:04:26Z,2026-08,64857,C0513,64369,CO,Montezuma,WACM,IPP Non-CHP,Solar Photovoltaic,solar,PV,Photovoltaic,SUN,Solar,140,140,125,P,"Planned for installation, but regulatory approvals not initiated",2027-12-01
eia860:64865:BLILE,generator,Novel Blilie Solar LLC,US-MN,46.630077,-96.75811,1,under_construction,,"Novel Blilie Solar, LLC",eia:860m,https://www.eia.gov/electricity/data/eia860m/xls/august_generator2026.xlsx,2026-09-26T00:04:26Z,2026-08,64865,BLILE,64377,MN,Wilkin,MISO,IPP Non-CHP,Solar Photovoltaic,solar,PV,Photovoltaic,SUN,Solar,1,1,1,U,"Under construction, less than or equal to 50 percent complete",2027-02-01
eia860:64904:1,generator,Elliot Solar LLC,US-IN,38.316297,-87.42793,200,under_construction,,Elliot Solar LLC,eia:860m,https://www.eia.gov/electricity/data/eia860m/xls/august_generator2026.xlsx,2026-09-26T00:04:26Z,2026-08,64904,1,66560,IN,Gibson,MISO,IPP Non-CHP,Solar Photovoltaic,solar,PV,Photovoltaic,SUN,Solar,200,200,200,U,"Under construction, less than or equal to 50 percent complete",2029-12-01
eia860:64911:CSRB1,generator,South Ripley Solar,US-NY,42.198116,-79.75789,20,planned,,Repsol Renewables NA,eia:860m,https://www.eia.gov/electricity/data/eia860m/xls/august_generator2026.xlsx,2026-09-26T00:04:26Z,2026-08,64911,CSRB1,65265,NY,Chautauqua,NYIS,IPP Non-CHP,Batteries,storage,BA,"Energy storage, battery",MWH,Electricity used for energy storage,20,20,20,L,Regulatory approvals pending. Not under construction,2027-12-01
eia860:64911:CSRS1,generator,South Ripley Solar,US-NY,42.198116,-79.75789,270,planned,,Repsol Renewables NA,eia:860m,https://www.eia.gov/electricity/data/eia860m/xls/august_generator2026.xlsx,2026-09-26T00:04:26Z,2026-08,64911,CSRS1,65265,NY,Chautauqua,NYIS,IPP Non-CHP,Solar Photovoltaic,solar,PV,Photovoltaic,SUN,Solar,270,270,270,L,Regulatory approvals pending. Not under construction,2027-12-01
eia860:64912:CMPS1,generator,Mill Point Solar,US-NY,42.919098,-74.34116,250,planned,,Repsol Renewables NA,eia:860m,https://www.eia.gov/electricity/data/eia860m/xls/august_generator2026.xlsx,2026-09-26T00:04:26Z,2026-08,64912,CMPS1,65265,NY,Montgomery,NYIS,IPP Non-CHP,Solar Photovoltaic,solar,PV,Photovoltaic,SUN,Solar,250,250,250,P,"Planned for installation, but regulatory approvals not initiated",2028-12-01
eia860:64981:CPSS1,generator,Pecan Prairie South Solar,US-TX,31.05001,-96.221,132.9,under_construction,,Repsol Renewables NA,eia:860m,https://www.eia.gov/electricity/data/eia860m/xls/august_generator2026.xlsx,2026-09-26T00:04:26Z,2026-08,64981,CPSS1,65265,TX,Leon,ERCO,IPP Non-CHP,Solar Photovoltaic,solar,PV,Photovoltaic,SUN,Solar,132.9,132.9,132.9,U,"Under construction, less than or equal to 50 percent complete",2027-05-01
eia860:64999:CPNS1,generator,Pecan Prairie North Solar,US-TX,31.13718,-96.26925,324.1,under_construction,,Repsol Renewables NA,eia:860m,https://www.eia.gov/electricity/data/eia860m/xls/august_generator2026.xlsx,2026-09-26T00:04:26Z,2026-08,64999,CPNS1,65265,TX,Leon,ERCO,IPP Non-CHP,Solar Photovoltaic,solar,PV,Photovoltaic,SUN,Solar,324.1,324.1,324.1,U,"Under construction, less than or equal to 50 percent complete",2027-05-01
eia860:65028:ROSES,generator,"Roseland Solar Project, LLC",US-TX,31.461242,-96.82493,500,under_construction,,"Enel Green Power Roseland Solar, LLC",eia:860m,https://www.eia.gov/electricity/data/eia860m/xls/august_generator2026.xlsx,2026-09-26T00:04:26Z,2026-08,65028,ROSES,64438,TX,Falls,ERCO,IPP Non-CHP,Solar Photovoltaic,solar,PV,Photovoltaic,SUN,Solar,500,500,500,TS,"Construction complete, but not yet in commercial operation",2026-09-01
eia860:65043:DUSO,generator,Dulles Solar and Storage,US-VA,38.95,-77.5,100,under_construction,,Dominion Energy Inc.,eia:860m,https://www.eia.gov/electricity/data/eia860m/xls/august_generator2026.xlsx,2026-09-26T00:04:26Z,2026-08,65043,DUSO,5248,VA,Loudoun,PJM,Electric Utility,Solar Photovoltaic,solar,PV,Photovoltaic,SUN,Solar,100,100,100,V,"Under construction, more than 50 percent complete",2026-09-01
eia860:65043:DUST,generator,Dulles Solar and Storage,US-VA,38.95,-77.5,50,under_construction,,Dominion Energy Inc.,eia:860m,https://www.eia.gov/electricity/data/eia860m/xls/august_generator2026.xlsx,2026-09-26T00:04:26Z,2026-08,65043,DUST,5248,VA,Loudoun,PJM,Electric Utility,Batteries,storage,BA,"Energy storage, battery",MWH,Electricity used for energy storage,50,50,50,V,"Under construction, more than 50 percent complete",2026-09-01
eia860:65045:VCP14,generator,Emery Shute Solar One,US-ME,44.535591,-68.86433,1,under_construction,,"VCP Realty, LLC",eia:860m,https://www.eia.gov/electricity/data/eia860m/xls/august_generator2026.xlsx,2026-09-26T00:04:26Z,2026-08,65045,VCP14,64457,ME,Waldo,ISNE,IPP Non-CHP,Solar Photovoltaic,solar,PV,Photovoltaic,SUN,Solar,1,1,1,V,"Under construction, more than 50 percent complete",2026-09-01
eia860:65049:CPCW1,generator,Pike Creek Wind,US-IL,40.059,-89.537,202.5,planned,,Repsol Renewables NA,eia:860m,https://www.eia.gov/electricity/data/eia860m/xls/august_generator2026.xlsx,2026-09-26T00:04:26Z,2026-08,65049,CPCW1,65265,IL,Logan,MISO,IPP Non-CHP,Onshore Wind Turbine,wind,WT,"Wind turbine, onshore",WND,Wind,202.5,202.5,202.5,P,"Planned for installation, but regulatory approvals not initiated",2027-12-01
eia860:65050:MRC1,generator,Mark Center Solar Project,US-OH,41.288044,-84.61132,90,under_construction,,Naturgy Solar Operation USA LLC,eia:860m,https://www.eia.gov/electricity/data/eia860m/xls/august_generator2026.xlsx,2026-09-26T00:04:26Z,2026-08,65050,MRC1,67786,OH,Defiance,PJM,IPP Non-CHP,Solar Photovoltaic,solar,PV,Photovoltaic,SUN,Solar,90,90,90,U,"Under construction, less than or equal to 50 percent complete",2026-09-01
eia860:65051:TSEC,generator,Tracy Solar Energy Center,US-NY,44.175939,-75.98513,119,planned,,"EDF Renewables Development, Inc.",eia:860m,https://www.eia.gov/electricity/data/eia860m/xls/august_generator2026.xlsx,2026-09-26T00:04:26Z,2026-08,65051,TSEC,64452,NY,Jefferson,NYIS,IPP Non-CHP,Solar Photovoltaic,solar,PV,Photovoltaic,SUN,Solar,119,119,119,L,Regulatory approvals pending. Not under construction,2027-11-01
eia860:65052:HSEC,generator,Homer Solar Energy Center,US-NY,42.658652,-76.09993,90,planned,,"EDF Renewables Development, Inc.",eia:860m,https://www.eia.gov/electricity/data/eia860m/xls/august_generator2026.xlsx,2026-09-26T00:04:26Z,2026-08,65052,HSEC,64452,NY,Cortland,NYIS,IPP Non-CHP,Solar Photovoltaic,solar,PV,Photovoltaic,SUN,Solar,90,90,90,L,Regulatory approvals pending. Not under construction,2027-11-01
eia860:65060:VCP02,generator,Hope Solar One,US-RI,41.729285,-71.63759,3.5,planned,,"Hope Solar One, LLC",eia:860m,https://www.eia.gov/electricity/data/eia860m/xls/august_generator2026.xlsx,2026-09-26T00:04:26Z,2026-08,65060,VCP02,64476,RI,Providence,ISNE,IPP Non-CHP,Solar Photovoltaic,solar,PV,Photovoltaic,SUN,Solar,3.5,3.5,3.5,P,"Planned for installation, but regulatory approvals not initiated",2028-07-01
eia860:65070:A04,generator,Austin TX GigaFactory,US-TX,30.22021,-97.61968,2.3,under_construction,,Tesla Inc.,eia:860m,https://www.eia.gov/electricity/data/eia860m/xls/august_generator2026.xlsx,2026-09-26T00:04:26Z,2026-08,65070,A04,57313,TX,Travis,ERCO,Industrial Non-CHP,Solar Photovoltaic,solar,PV,Photovoltaic,SUN,Solar,2.3,2.3,2.3,TS,"Construction complete, but not yet in commercial operation",2026-12-01
eia860:65072:GA3,generator,Fremont CA AutoFactory,US-CA,37.49254,-121.9446,1.5,under_construction,,Tesla Inc.,eia:860m,https://www.eia.gov/electricity/data/eia860m/xls/august_generator2026.xlsx,2026-09-26T00:04:26Z,2026-08,65072,GA3,57313,CA,Alameda,CISO,Industrial Non-CHP,Solar Photovoltaic,solar,PV,Photovoltaic,SUN,Solar,1.5,1.5,1.5,U,"Under construction, less than or equal to 50 percent complete",2026-12-01
eia860:65072:GVSRS,generator,Fremont CA AutoFactory,US-CA,37.49254,-121.9446,0.5,under_construction,,Tesla Inc.,eia:860m,https://www.eia.gov/electricity/data/eia860m/xls/august_generator2026.xlsx,2026-09-26T00:04:26Z,2026-08,65072,GVSRS,57313,CA,Alameda,CISO,Industrial Non-CHP,Solar Photovoltaic,solar,PV,Photovoltaic,SUN,Solar,0.5,0.5,0.5,V,"Under construction, more than 50 percent complete",2026-12-01
eia860:65072:STAMP,generator,Fremont CA AutoFactory,US-CA,37.49254,-121.9446,1.4,under_construction,,Tesla Inc.,eia:860m,https://www.eia.gov/electricity/data/eia860m/xls/august_generator2026.xlsx,2026-09-26T00:04:26Z,2026-08,65072,STAMP,57313,CA,Alameda,CISO,Industrial Non-CHP,Solar Photovoltaic,solar,PV,Photovoltaic,SUN,Solar,1.4,1.4,1.4,TS,"Construction complete, but not yet in commercial operation",2026-12-01
eia860:65072:VSRS,generator,Fremont CA AutoFactory,US-CA,37.49254,-121.9446,0.4,under_construction,,Tesla Inc.,eia:860m,https://www.eia.gov/electricity/data/eia860m/xls/august_generator2026.xlsx,2026-09-26T00:04:26Z,2026-08,65072,VSRS,57313,CA,Alameda,CISO,Industrial Non-CHP,Solar Photovoltaic,solar,PV,Photovoltaic,SUN,Solar,0.4,0.4,0.4,TS,"Construction complete, but not yet in commercial operation",2026-12-01
eia860:65130:PV2,generator,City of Bowie,US-MD,38.904641,-76.68877,2,under_construction,,Tesla Inc.,eia:860m,https://www.eia.gov/electricity/data/eia860m/xls/august_generator2026.xlsx,2026-09-26T00:04:26Z,2026-08,65130,PV2,57313,MD,Prince Georges,PJM,IPP Non-CHP,Solar Photovoltaic,solar,PV,Photovoltaic,SUN,Solar,2,2,2,U,"Under construction, less than or equal to 50 percent complete",2026-12-01
eia860:65141:BS301,generator,Boulder Solar III LLC,US-NV,35.838769,-114.9642,128,planned,,174 Power Global Corp.,eia:860m,https://www.eia.gov/electricity/data/eia860m/xls/august_generator2026.xlsx,2026-09-26T00:04:26Z,2026-08,65141,BS301,61222,NV,Clark,NEVP,IPP Non-CHP,Solar Photovoltaic,solar,PV,Photovoltaic,SUN,Solar,128,128,128,P,"Planned for installation, but regulatory approvals not initiated",2027-06-01
eia860:65141:BS3ES,generator,Boulder Solar III LLC,US-NV,35.838769,-114.9642,128,planned,,174 Power Global Corp.,eia:860m,https://www.eia.gov/electricity/data/eia860m/xls/august_generator2026.xlsx,2026-09-26T00:04:26Z,2026-08,65141,BS3ES,61222,NV,Clark,NEVP,IPP Non-CHP,Batteries,storage,BA,"Energy storage, battery",MWH,Electricity used for energy storage,128,128,128,P,"Planned for installation, but regulatory approvals not initiated",2027-06-01
eia860:65146:VCP16,generator,CT Airport Authority Solar One,US-CT,41.933776,-72.6714,4,planned,,"CAA CT Solar One, LLC",eia:860m,https://www.eia.gov/electricity/data/eia860m/xls/august_generator2026.xlsx,2026-09-26T00:04:26Z,2026-08,65146,VCP16,64522,CT,Hartford,ISNE,IPP Non-CHP,Solar Photovoltaic,solar,PV,Photovoltaic,SUN,Solar,4,4,4,P,"Planned for installation, but regulatory approvals not initiated",2027-12-01
eia860:65286:ENX18,generator,Caden Energix Piney River LLC,US-VA,37.696818,-79.02306,50,planned,,Caden Energix Piney River LLC,eia:860m,https://www.eia.gov/electricity/data/eia860m/xls/august_generator2026.xlsx,2026-09-26T00:04:26Z,2026-08,65286,ENX18,64578,VA,Amherst,PJM,IPP Non-CHP,Solar Photovoltaic,solar,PV,Photovoltaic,SUN,Solar,50,50,50,L,Regulatory approvals pending. Not under construction,2028-12-01
eia860:65293:OEMS4,generator,Covington (MS),US-MS,31.4395,-89.4846,96,planned,,"Origis Energy USA, Inc",eia:860m,https://www.eia.gov/electricity/data/eia860m/xls/august_generator2026.xlsx,2026-09-26T00:04:26Z,2026-08,65293,OEMS4,58764,MS,Covington,MISO,IPP Non-CHP,Solar Photovoltaic,solar,PV,Photovoltaic,SUN,Solar,96,96,96,T,Regulatory approvals received. Not under construction,2028-03-01
eia860:65301:SC1,generator,Steward Creek Solar Phase 1,US-IL,41.814343,-88.98988,1200,planned,,"TerraForm Power Operating, LLC",eia:860m,https://www.eia.gov/electricity/data/eia860m/xls/august_generator2026.xlsx,2026-09-26T00:04:26Z,2026-08,65301,SC1,67725,IL,Lee,PJM,IPP Non-CHP,Solar Photovoltaic,solar,PV,Photovoltaic,SUN,Solar,1200,1200,1200,P,"Planned for installation, but regulatory approvals not initiated",2029-12-01
eia860:65302:BESS,generator,Salt City Solar Project - Hybrid,US-OH,39.41473,-82.96285,12.5,planned,,Salt City Solar LLC,eia:860m,https://www.eia.gov/electricity/data/eia860m/xls/august_generator2026.xlsx,2026-09-26T00:04:26Z,2026-08,65302,BESS,64607,OH,Ross,PJM,IPP Non-CHP,Batteries,storage,BA,"Energy storage, battery",MWH,Electricity used for energy storage,12.5,12.5,12.5,P,"Planned for installation, but regulatory approvals not initiated",2027-06-01
eia860:65304:BESS,generator,ENGIE Solidago Solar Project - Hybrid,US-DE,39.395187,-75.7535,12.5,planned,,ENGIE Solidago Solar LLC,eia:860m,https://www.eia.gov/electricity/data/eia860m/xls/august_generator2026.xlsx,2026-09-26T00:04:26Z,2026-08,65304,BESS,64609,DE,New Castle,PJM,IPP Non-CHP,Batteries,storage,BA,"Energy storage, battery",MWH,Electricity used for energy storage,12.5,12.5,12.5,P,"Planned for installation, but regulatory approvals not initiated",2027-06-01
eia860:65305:BESS,generator,Powells Creek Solar - Hybrid,US-VA,36.55467,-79.0286,17.5,planned,,"Powells Creek Farm Solar, LLC",eia:860m,https://www.eia.gov/electricity/data/eia860m/xls/august_generator2026.xlsx,2026-09-26T00:04:26Z,2026-08,65305,BESS,64610,VA,Halifax,PJM,IPP Non-CHP,Batteries,storage,BA,"Energy storage, battery",MWH,Electricity used for energy storage,17.5,17.5,17.5,P,"Planned for installation, but regulatory approvals not initiated",2027-06-01
eia860:65307:SUNB,generator,Sunnybrook Solar Project - Hybrid,US-VA,36.798717,-78.83961,12.5,planned,,"Sunnybrook Farm Solar, LLC",eia:860m,https://www.eia.gov/electricity/data/eia860m/xls/august_generator2026.xlsx,2026-09-26T00:04:26Z,2026-08,65307,SUNB,64612,VA,Halifax,PJM,IPP Non-CHP,Batteries,storage,BA,"Energy storage, battery",MWH,Electricity used for energy storage,12.5,12.5,12.5,P,"Planned for installation, but regulatory approvals not initiated",2027-06-01
eia860:65310:DAWN1,generator,Renegade Solar Project (Dawn),US-TX,34.913,-102.2706,515,planned,,"Renegade Renewables, LLC",eia:860m,https://www.eia.gov/electricity/data/eia860m/xls/august_generator2026.xlsx,2026-09-26T00:04:26Z,2026-08,65310,DAWN1,64587,TX,Deaf Smith,ERCO,IPP Non-CHP,Solar Photovoltaic,solar,PV,Photovoltaic,SUN,Solar,515,515,515,T,Regulatory approvals received. Not under construction,2027-12-01
eia860:65312:SV,generator,Shenvalee Solar,US-VA,38.0249,-79.0335,3,planned,,Antares Group Inc,eia:860m,https://www.eia.gov/electricity/data/eia860m/xls/august_generator2026.xlsx,2026-09-26T00:04:26Z,2026-08,65312,SV,64615,VA,Augusta,PJM,IPP Non-CHP,Solar Photovoltaic,solar,PV,Photovoltaic,SUN,Solar,3,3,3,P,"Planned for installation, but regulatory approvals not initiated",2029-12-01
eia860:65313:ES,generator,Elm Spring Solar 1,US-VA,38.0945,-78.9595,3,planned,,Antares Group Inc,eia:860m,https://www.eia.gov/electricity/data/eia860m/xls/august_generator2026.xlsx,2026-09-26T00:04:26Z,2026-08,65313,ES,64615,VA,Augusta,PJM,IPP Non-CHP,Solar Photovoltaic,solar,PV,Photovoltaic,SUN,Solar,3,3,3,P,"Planned for installation, but regulatory approvals not initiated",2028-12-01
eia860:65325:98936,generator,High Top Solar,US-WA,46.522974,-119.9586,80,planned,,Cypress Creek Renewables,eia:860m,https://www.eia.gov/electricity/data/eia860m/xls/august_generator2026.xlsx,2026-09-26T00:04:26Z,2026-08,65325,98936,61060,WA,Yakima,PACW,IPP Non-CHP,Solar Photovoltaic,solar,PV,Photovoltaic,SUN,Solar,80,80,80,T,Regulatory approvals received. Not under construction,2029-01-01
eia860:65326:SS1,generator,Sunset Solar,US-OR,45.165062,-120.8804,103,planned,,Avangrid Power LLC,eia:860m,https://www.eia.gov/electricity/data/eia860m/xls/august_generator2026.xlsx,2026-09-26T00:04:26Z,2026-08,65326,SS1,15399,OR,Wasco,BPAT,IPP Non-CHP,Solar Photovoltaic,solar,PV,Photovoltaic,SUN,Solar,103,103,103,T,Regulatory approvals received. Not under construction,2028-12-01
eia860:65338:UNIS1,generator,Union Ridge Solar,US-OH,39.984126,-82.6413,108,under_construction,,RWE Clean Energy,eia:860m,https://www.eia.gov/electricity/data/eia860m/xls/august_generator2026.xlsx,2026-09-26T00:04:26Z,2026-08,65338,UNIS1,67192,OH,Montgomery,PJM,IPP Non-CHP,Solar Photovoltaic,solar,PV,Photovoltaic,SUN,Solar,108,108,108,TS,"Construction complete, but not yet in commercial operation",2026-10-01
eia860:65344:66148,generator,Noria Hondo Solar (Hybrid),US-TX,27.553355,-97.67528,145,planned,,"Nexus Renewable Power, LLC",eia:860m,https://www.eia.gov/electricity/data/eia860m/xls/august_generator2026.xlsx,2026-09-26T00:04:26Z,2026-08,65344,66148,67466,TX,Kleberg,ERCO,IPP Non-CHP,Solar Photovoltaic,solar,PV,Photovoltaic,SUN,Solar,145,145,145,L,Regulatory approvals pending. Not under construction,2027-12-01
eia860:65344:66149,generator,Noria Hondo Solar (Hybrid),US-TX,27.553355,-97.67528,75,planned,,"Nexus Renewable Power, LLC",eia:860m,https://www.eia.gov/electricity/data/eia860m/xls/august_generator2026.xlsx,2026-09-26T00:04:26Z,2026-08,65344,66149,67466,TX,Kleberg,ERCO,IPP Non-CHP,Batteries,storage,BA,"Energy storage, battery",MWH,Electricity used for energy storage,75,75,75,L,Regulatory approvals pending. Not under construction,2027-12-01
eia860:65366:EMSS,generator,Emery Meadow Solar Station,US-ME,43.643433,-70.55837,16.4,planned,,"Emery Meadow Solar Station, LLC",eia:860m,https://www.eia.gov/electricity/data/eia860m/xls/august_generator2026.xlsx,2026-09-26T00:04:26Z,2026-08,65366,EMSS,64689,ME,York,ISNE,IPP Non-CHP,Solar Photovoltaic,solar,PV,Photovoltaic,SUN,Solar,16.4,16.4,16.4,T,Regulatory approvals received. Not under construction,2027-12-01
eia860:65369:TMSS,generator,Topsham Meadow Solar Station,US-ME,43.975183,-70.0113,17.2,planned,,Topsham Meadow Solar Station LLC,eia:860m,https://www.eia.gov/electricity/data/eia860m/xls/august_generator2026.xlsx,2026-09-26T00:04:26Z,2026-08,65369,TMSS,64690,ME,Sagadahoc,ISNE,IPP Non-CHP,Solar Photovoltaic,solar,PV,Photovoltaic,SUN,Solar,17.2,17.2,17.2,L,Regulatory approvals pending. Not under construction,2028-10-01
eia860:65371:WBSS,generator,West Baldwin Solar Station,US-ME,43.867403,-70.7866,17.1,planned,,West Baldwin Solar Station LLC,eia:860m,https://www.eia.gov/electricity/data/eia860m/xls/august_generator2026.xlsx,2026-09-26T00:04:26Z,2026-08,65371,WBSS,64691,ME,Cumberland,ISNE,IPP Non-CHP,Solar Photovoltaic,solar,PV,Photovoltaic,SUN,Solar,17.1,17.1,17.1,T,Regulatory approvals received. Not under construction,2028-12-01
eia860:65407:BEAR1,generator,Beartooth Energy Storage LLC,US-MT,45.7843,-108.7178,50,planned,,"Beartooth Energy Storage, LLC",eia:860m,https://www.eia.gov/electricity/data/eia860m/xls/august_generator2026.xlsx,2026-09-26T00:04:26Z,2026-08,65407,BEAR1,64736,MT,Yellowstone,NWMT,IPP Non-CHP,Batteries,storage,BA,"Energy storage, battery",MWH,Electricity used for energy storage,50,50,50,L,Regulatory approvals pending. Not under construction,2027-12-01
eia860:65425:KWOOD,generator,Kingwood Solar,US-OH,39.782,-83.83,175,planned,,Vesper Energy Development LLC,eia:860m,https://www.eia.gov/electricity/data/eia860m/xls/august_generator2026.xlsx,2026-09-26T00:04:26Z,2026-08,65425,KWOOD,64545,OH,Greene,PJM,IPP Non-CHP,Solar Photovoltaic,solar,PV,Photovoltaic,SUN,Solar,175,175,175,P,"Planned for installation, but regulatory approvals not initiated",2027-12-01
eia860:65445:RBESS,generator,Ridgely Energy Farm,US-TN,36.306319,-89.46202,50,planned,,"Leeward Asset Management, LLC",eia:860m,https://www.eia.gov/electricity/data/eia860m/xls/august_generator2026.xlsx,2026-09-26T00:04:26Z,2026-08,65445,RBESS,50123,TN,Lake,TVA,IPP Non-CHP,Batteries,storage,BA,"Energy storage, battery",MWH,Electricity used for energy storage,50,50,50,P,"Planned for installation, but regulatory approvals not initiated",2029-12-01
eia860:65458:ANOD1,generator,Anode (Springville) BESS,US-CA,36.107903,-118.9409,112.5,under_construction,,Southern California Edison Co,eia:860m,https://www.eia.gov/electricity/data/eia860m/xls/august_generator2026.xlsx,2026-09-26T00:04:26Z,2026-08,65458,ANOD1,17609,CA,Tulare,CISO,Electric Utility,Batteries,storage,BA,"Energy storage, battery",MWH,Electricity used for energy storage,112.5,112.5,112.5,TS,"Construction complete, but not yet in commercial operation",2026-12-01
eia860:65458:ANOD2,generator,Anode (Springville) BESS,US-CA,36.107903,-118.9409,112.5,under_construction,,Southern California Edison Co,eia:860m,https://www.eia.gov/electricity/data/eia860m/xls/august_generator2026.xlsx,2026-09-26T00:04:26Z,2026-08,65458,ANOD2,17609,CA,Tulare,CISO,Electric Utility,Batteries,storage,BA,"Energy storage, battery",MWH,Electricity used for energy storage,112.5,112.5,112.5,TS,"Construction complete, but not yet in commercial operation",2026-12-01
eia860:65462:AXTON,generator,Axton Solar,US-VA,36.671684,-79.68606,201.1,planned,,Vesper Energy Development LLC,eia:860m,https://www.eia.gov/electricity/data/eia860m/xls/august_generator2026.xlsx,2026-09-26T00:04:26Z,2026-08,65462,AXTON,64545,VA,Henry,PJM,IPP Non-CHP,Solar Photovoltaic,solar,PV,Photovoltaic,SUN,Solar,201.1,201.1,201.1,L,Regulatory approvals pending. Not under construction,2028-09-01
eia860:65471:RGS23,generator,Rose Gold Solar,US-IN,40.404357,-85.19716,100,planned,,"Leeward Asset Management, LLC",eia:860m,https://www.eia.gov/electricity/data/eia860m/xls/august_generator2026.xlsx,2026-09-26T00:04:26Z,2026-08,65471,RGS23,50123,IN,Jay,PJM,IPP Non-CHP,Solar Photovoltaic,solar,PV,Photovoltaic,SUN,Solar,100,100,100,P,"Planned for installation, but regulatory approvals not initiated",2027-12-01
eia860:65500:REVWD,generator,Revolution Wind,US-RI,41.15217,-71.07783,715,under_construction,,Orsted Wind Power North America LLC,eia:860m,https://www.eia.gov/electricity/data/eia860m/xls/august_generator2026.xlsx,2026-09-26T00:04:26Z,2026-08,65500,REVWD,66027,RI,Washington,ISNE,IPP Non-CHP,Offshore Wind Turbine,wind,WS,"Wind turbine, offshore",WND,Wind,715,715,715,V,"Under construction, more than 50 percent complete",2026-11-01
eia860:65590:OCTNS,generator,Octans,US-TX,31.000575,-102.6799,125,under_construction,,Engie North America,eia:860m,https://www.eia.gov/electricity/data/eia860m/xls/august_generator2026.xlsx,2026-09-26T00:04:26Z,2026-08,65590,OCTNS,56201,TX,Pecos,ERCO,IPP Non-CHP,Batteries,storage,BA,"Energy storage, battery",MWH,Electricity used for energy storage,125,125,125,U,"Under construction, less than or equal to 50 percent complete",2028-12-01
eia860:65665:HEPU1,generator,Hecate Energy Pulaski 1,US-VA,37.139595,-80.68741,150,planned,,AES Clean Energy,eia:860m,https://www.eia.gov/electricity/data/eia860m/xls/august_generator2026.xlsx,2026-09-26T00:04:26Z,2026-08,65665,HEPU1,64904,VA,Pulaski,PJM,IPP Non-CHP,Solar Photovoltaic,solar,PV,Photovoltaic,SUN,Solar,150,150,150,L,Regulatory approvals pending. Not under construction,2028-04-01
eia860:65703:HEHUM,generator,Humidor Storage I,US-CA,34.29116,-118.7518,300,planned,,Hecate Grid Humidor Storage 1 LLC,eia:860m,https://www.eia.gov/electricity/data/eia860m/xls/august_generator2026.xlsx,2026-09-26T00:04:26Z,2026-08,65703,HEHUM,64970,CA,Los Angeles,CISO,IPP Non-CHP,Batteries,storage,BA,"Energy storage, battery",MWH,Electricity used for energy storage,300,300,300,P,"Planned for installation, but regulatory approvals not initiated",2029-09-01
eia860:65708:WMSS,generator,Warren Meadow Solar Station,US-ME,44.16061,-69.22341,74.5,planned,,"Warren Meadow Solar Station, LLC",eia:860m,https://www.eia.gov/electricity/data/eia860m/xls/august_generator2026.xlsx,2026-09-26T00:04:26Z,2026-08,65708,WMSS,64951,ME,Knox,ISNE,IPP Non-CHP,Solar Photovoltaic,solar,PV,Photovoltaic,SUN,Solar,74.5,74.5,74.5,T,Regulatory approvals received. Not under construction,2028-03-01
eia860:65709:TRNR,generator,Turner Meadow Solar Station,US-ME,44.229478,-70.28027,19.8,planned,,"Turner Meadow Solar Station, LLC",eia:860m,https://www.eia.gov/electricity/data/eia860m/xls/august_generator2026.xlsx,2026-09-26T00:04:26Z,2026-08,65709,TRNR,64952,ME,Androscoggin,ISNE,IPP Non-CHP,Solar Photovoltaic,solar,PV,Photovoltaic,SUN,Solar,19.8,19.8,19.8,T,Regulatory approvals received. Not under construction,2027-09-01
eia860:65710:PTNM,generator,Putnam Meadow Solar Station,US-CT,41.902261,-71.91154,4,planned,,"Putnam Meadow Solar Station, LLC",eia:860m,https://www.eia.gov/electricity/data/eia860m/xls/august_generator2026.xlsx,2026-09-26T00:04:26Z,2026-08,65710,PTNM,64953,CT,Windham,ISNE,IPP Non-CHP,Solar Photovoltaic,solar,PV,Photovoltaic,SUN,Solar,4,4,4,L,Regulatory approvals pending. Not under construction,2027-03-01
eia860:65808:BSVEC,generator,"Sacramento Valley Energy Center, LLC",US-CA,38.57147,-121.1845,100,under_construction,,"Sacramento Valley Energy Center, LLC",eia:860m,https://www.eia.gov/electricity/data/eia860m/xls/august_generator2026.xlsx,2026-09-26T00:04:26Z,2026-08,65808,BSVEC,65072,CA,Sacramento,BANC,IPP Non-CHP,Batteries,storage,BA,"Energy storage, battery",MWH,Electricity used for energy storage,100,100,100,U,"Under construction, less than or equal to 50 percent complete",2029-12-01
eia860:65808:SVEC,generator,"Sacramento Valley Energy Center, LLC",US-CA,38.57147,-121.1845,200,under_construction,,"Sacramento Valley Energy Center, LLC",eia:860m,https://www.eia.gov/electricity/data/eia860m/xls/august_generator2026.xlsx,2026-09-26T00:04:26Z,2026-08,65808,SVEC,65072,CA,Sacramento,BANC,IPP Non-CHP,Solar Photovoltaic,solar,PV,Photovoltaic,SUN,Solar,200,200,200,U,"Under construction, less than or equal to 50 percent complete",2029-12-01
eia860:65811:CYSTD,generator,Coyote Springs (TX),US-TX,31.39471,-103.6303,9.9,planned,,"HEN Infrastructure, L.L.C.",eia:860m,https://www.eia.gov/electricity/data/eia860m/xls/august_generator2026.xlsx,2026-09-26T00:04:26Z,2026-08,65811,CYSTD,65076,TX,Reeves,ERCO,IPP Non-CHP,Petroleum Liquids,petroleum,IC,Internal combustion engine,DFO,Distillate fuel oil,9.9,9.9,9.9,T,Regulatory approvals received. Not under construction,2027-02-01
eia860:65821:HNYBA,generator,Honey Creek Solar,US-IN,40.7971,-86.8572,20,planned,,"Leeward Asset Management, LLC",eia:860m,https://www.eia.gov/electricity/data/eia860m/xls/august_generator2026.xlsx,2026-09-26T00:04:26Z,2026-08,65821,HNYBA,50123,IN,White,PJM,IPP Non-CHP,Batteries,storage,BA,"Energy storage, battery",MWH,Electricity used for energy storage,20,20,20,P,"Planned for installation, but regulatory approvals not initiated",2027-12-01
eia860:65821:HNYSR,generator,Honey Creek Solar,US-IN,40.7971,-86.8572,200,planned,,"Leeward Asset Management, LLC",eia:860m,https://www.eia.gov/electricity/data/eia860m/xls/august_generator2026.xlsx,2026-09-26T00:04:26Z,2026-08,65821,HNYSR,50123,IN,White,PJM,IPP Non-CHP,Solar Photovoltaic,solar,PV,Photovoltaic,SUN,Solar,200,200,200,P,"Planned for installation, but regulatory approvals not initiated",2027-12-01
eia860:65823:PARB,generator,Parowan Solar,US-UT,37.875795,-112.8885,58,planned,,"Leeward Asset Management, LLC",eia:860m,https://www.eia.gov/electricity/data/eia860m/xls/august_generator2026.xlsx,2026-09-26T00:04:26Z,2026-08,65823,PARB,50123,UT,Iron,PACE,IPP Non-CHP,Batteries,storage,BA,"Energy storage, battery",MWH,Electricity used for energy storage,58,58,58,P,"Planned for installation, but regulatory approvals not initiated",2028-02-01
eia860:65823:PARS0,generator,Parowan Solar,US-UT,37.875795,-112.8885,58,planned,,"Leeward Asset Management, LLC",eia:860m,https://www.eia.gov/electricity/data/eia860m/xls/august_generator2026.xlsx,2026-09-26T00:04:26Z,2026-08,65823,PARS0,50123,UT,Iron,PACE,IPP Non-CHP,Solar Photovoltaic,solar,PV,Photovoltaic,SUN,Solar,58,58,58,P,"Planned for installation, but regulatory approvals not initiated",2028-02-01
eia860:65828:1666,generator,Chidsey Hill Road Solar,US-NY,42.573062,-77.16598,3,under_construction,,"NY Pulteney I, LLC",eia:860m,https://www.eia.gov/electricity/data/eia860m/xls/august_generator2026.xlsx,2026-09-26T00:04:26Z,2026-08,65828,1666,66007,NY,Steuben,NYIS,IPP Non-CHP,Solar Photovoltaic,solar,PV,Photovoltaic,SUN,Solar,3,3,3,V,"Under construction, more than 50 percent complete",2027-04-01
eia860:65834:SDBTD,generator,Saddleback BESS2,US-TX,31.332883,-103.4984,9.9,under_construction,,"HEN Infrastructure, L.L.C.",eia:860m,https://www.eia.gov/electricity/data/eia860m/xls/august_generator2026.xlsx,2026-09-26T00:04:26Z,2026-08,65834,SDBTD,65076,TX,Reeves,ERCO,IPP Non-CHP,All Other,other,IC,Internal combustion engine,OTH,Other,9.9,9.9,9.9,TS,"Construction complete, but not yet in commercial operation",2026-10-01
eia860:65842:CFCBS,generator,Clear Fork Creek Solar and BESS SLF,US-TX,29.263568,-97.78055,600,under_construction,,Clear Fork,eia:860m,https://www.eia.gov/electricity/data/eia860m/xls/august_generator2026.xlsx,2026-09-26T00:04:26Z,2026-08,65842,CFCBS,67189,TX,Wilson,ERCO,IPP Non-CHP,Batteries,storage,BA,"Energy storage, battery",MWH,Electricity used for energy storage,600,600,600,U,"Under construction, less than or equal to 50 percent complete",2027-03-01
eia860:65842:CFCPV,generator,Clear Fork Creek Solar and BESS SLF,US-TX,29.263568,-97.78055,600,under_construction,,Clear Fork,eia:860m,https://www.eia.gov/electricity/data/eia860m/xls/august_generator2026.xlsx,2026-09-26T00:04:26Z,2026-08,65842,CFCPV,67189,TX,Wilson,ERCO,IPP Non-CHP,Solar Photovoltaic,solar,PV,Photovoltaic,SUN,Solar,600,600,600,U,"Under construction, less than or equal to 50 percent complete",2027-03-01
eia860:65847:ELDBS,generator,Eldora Energy LLC,US-TX,28.865989,-96.12169,200,planned,,Eldora Energy LLC,eia:860m,https://www.eia.gov/electricity/data/eia860m/xls/august_generator2026.xlsx,2026-09-26T00:04:26Z,2026-08,65847,ELDBS,65084,TX,Matagorda,ERCO,IPP Non-CHP,Batteries,storage,BA,"Energy storage, battery",MWH,Electricity used for energy storage,200,200,200,P,"Planned for installation, but regulatory approvals not initiated",2028-07-01
eia860:65847:ELDPV,generator,Eldora Energy LLC,US-TX,28.865989,-96.12169,200,planned,,Eldora Energy LLC,eia:860m,https://www.eia.gov/electricity/data/eia860m/xls/august_generator2026.xlsx,2026-09-26T00:04:26Z,2026-08,65847,ELDPV,65084,TX,Matagorda,ERCO,IPP Non-CHP,Solar Photovoltaic,solar,PV,Photovoltaic,SUN,Solar,200,200,200,P,"Planned for installation, but regulatory approvals not initiated",2028-07-01
eia860:65850:ELIBS,generator,Elio Energy LLC,US-TX,29.247678,-95.68546,300,planned,,Elio Energy LLC,eia:860m,https://www.eia.gov/electricity/data/eia860m/xls/august_generator2026.xlsx,2026-09-26T00:04:26Z,2026-08,65850,ELIBS,65080,TX,Brazoria,ERCO,IPP Non-CHP,Batteries,storage,BA,"Energy storage, battery",MWH,Electricity used for energy storage,300,300,300,P,"Planned for installation, but regulatory approvals not initiated",2027-12-01
eia860:65851:HB2PV,generator,Hollow Branch Creek,US-TX,31.061726,-96.05606,460,planned,,Parliament Energy Holdings LLC,eia:860m,https://www.eia.gov/electricity/data/eia860m/xls/august_generator2026.xlsx,2026-09-26T00:04:26Z,2026-08,65851,HB2PV,67957,TX,Madison,ERCO,IPP Non-CHP,Solar Photovoltaic,solar,PV,Photovoltaic,SUN,Solar,460,460,460,L,Regulatory approvals pending. Not under construction,2027-08-01
eia860:65853:MIDBS,generator,Banita Creek- Spindlepop Solar,US-TX,31.5552,-94.7919,302.9,planned,,Parliament Energy Holdings LLC,eia:860m,https://www.eia.gov/electricity/data/eia860m/xls/august_generator2026.xlsx,2026-09-26T00:04:26Z,2026-08,65853,MIDBS,67957,TX,Nacogdoches,ERCO,IPP Non-CHP,Batteries,storage,BA,"Energy storage, battery",MWH,Electricity used for energy storage,302.9,302.9,302.9,L,Regulatory approvals pending. Not under construction,2027-04-01
eia860:65853:MIDPV,generator,Banita Creek- Spindlepop Solar,US-TX,31.5552,-94.7919,371,under_construction,,Parliament Energy Holdings LLC,eia:860m,https://www.eia.gov/electricity/data/eia860m/xls/august_generator2026.xlsx,2026-09-26T00:04:26Z,2026-08,65853,MIDPV,67957,TX,Nacogdoches,ERCO,IPP Non-CHP,Solar Photovoltaic,solar,PV,Photovoltaic,SUN,Solar,371,371,371,U,"Under construction, less than or equal to 50 percent complete",2028-06-01
eia860:65854:RDYBS,generator,Rowdy Creek Solar and BESS,US-TX,33.75694,-95.6458,350,planned,,Parliament Energy Holdings LLC,eia:860m,https://www.eia.gov/electricity/data/eia860m/xls/august_generator2026.xlsx,2026-09-26T00:04:26Z,2026-08,65854,RDYBS,67957,TX,Lamar,ERCO,IPP Non-CHP,Batteries,storage,BA,"Energy storage, battery",MWH,Electricity used for energy storage,350,350,350,L,Regulatory approvals pending. Not under construction,2027-05-01
eia860:65854:RDYPV,generator,Rowdy Creek Solar and BESS,US-TX,33.75694,-95.6458,455,under_construction,,Parliament Energy Holdings LLC,eia:860m,https://www.eia.gov/electricity/data/eia860m/xls/august_generator2026.xlsx,2026-09-26T00:04:26Z,2026-08,65854,RDYPV,67957,TX,Lamar,ERCO,IPP Non-CHP,Solar Photovoltaic,solar,PV,Photovoltaic,SUN,Solar,455,455,455,U,"Under construction, less than or equal to 50 percent complete",2028-06-01
eia860:65855:TE1BS,generator,Tehuacana Creek Solar,US-TX,31.914062,-96.41347,418,under_construction,,Parliament Energy Holdings LLC,eia:860m,https://www.eia.gov/electricity/data/eia860m/xls/august_generator2026.xlsx,2026-09-26T00:04:26Z,2026-08,65855,TE1BS,67957,TX,Navarro,ERCO,IPP Non-CHP,Batteries,storage,BA,"Energy storage, battery",MWH,Electricity used for energy storage,418,418,418,V,"Under construction, more than 50 percent complete",2026-12-01
eia860:65855:TE1PV,generator,Tehuacana Creek Solar,US-TX,31.914062,-96.41347,644.8,under_construction,,Parliament Energy Holdings LLC,eia:860m,https://www.eia.gov/electricity/data/eia860m/xls/august_generator2026.xlsx,2026-09-26T00:04:26Z,2026-08,65855,TE1PV,67957,TX,Navarro,ERCO,IPP Non-CHP,Solar Photovoltaic,solar,PV,Photovoltaic,SUN,Solar,644.8,644.8,644.8,V,"Under construction, more than 50 percent complete",2027-05-01
eia860:65870:CASTR,generator,Castor,US-TX,29.150279,-95.65118,200,under_construction,,Engie North America,eia:860m,https://www.eia.gov/electricity/data/eia860m/xls/august_generator2026.xlsx,2026-09-26T00:04:26Z,2026-08,65870,CASTR,56201,TX,Brazoria,ERCO,IPP Non-CHP,Batteries,storage,BA,"Energy storage, battery",MWH,Electricity used for energy storage,200,200,200,U,"Under construction, less than or equal to 50 percent complete",2026-09-01
eia860:65880:ZEYA,generator,Zeya,US-TX,29.388758,-94.94793,250,under_construction,,Engie North America,eia:860m,https://www.eia.gov/electricity/data/eia860m/xls/august_generator2026.xlsx,2026-09-26T00:04:26Z,2026-08,65880,ZEYA,56201,TX,Galveston,ERCO,IPP Non-CHP,Batteries,storage,BA,"Energy storage, battery",MWH,Electricity used for energy storage,250,250,250,U,"Under construction, less than or equal to 50 percent complete",2026-09-01
eia860:65893:OCIRO,generator,OCI SunRoper,US-TX,29.240399,-96.01154,260,planned,,OCI Energy LLC,eia:860m,https://www.eia.gov/electricity/data/eia860m/xls/august_generator2026.xlsx,2026-09-26T00:04:26Z,2026-08,65893,OCIRO,58489,TX,Wharton,ERCO,IPP Non-CHP,Solar Photovoltaic,solar,PV,Photovoltaic,SUN,Solar,260,260,260,L,Regulatory approvals pending. Not under construction,2027-12-01
eia860:65897:INPKY,generator,Industrial Parkway Storage,US-CA,34.907345,-120.4465,9.8,under_construction,,"RPCA Storage 1, LLC",eia:860m,https://www.eia.gov/electricity/data/eia860m/xls/august_generator2026.xlsx,2026-09-26T00:04:26Z,2026-08,65897,INPKY,65093,CA,Santa Barbara,CISO,IPP Non-CHP,Batteries,storage,BA,"Energy storage, battery",MWH,Electricity used for energy storage,9.8,9.8,9.8,TS,"Construction complete, but not yet in commercial operation",2026-09-01
eia860:65900:SPRIN,generator,"Springwater Solar, LLC",US-OH,39.82972,-83.2498,155,under_construction,,"Springwater Solar, LLC",eia:860m,https://www.eia.gov/electricity/data/eia860m/xls/august_generator2026.xlsx,2026-09-26T00:04:26Z,2026-08,65900,SPRIN,65092,OH,Madison,PJM,IPP Non-CHP,Solar Photovoltaic,solar,PV,Photovoltaic,SUN,Solar,155,155,155,U,"Under construction, less than or equal to 50 percent complete",2027-04-01
eia860:65901:6,generator,Hatchery Solar,US-NY,42.976583,-77.76974,20,planned,,"Hatchery Solar, LLC",eia:860m,https://www.eia.gov/electricity/data/eia860m/xls/august_generator2026.xlsx,2026-09-26T00:04:26Z,2026-08,65901,6,65096,NY,Livingston,NYIS,IPP Non-CHP,Solar Photovoltaic,solar,PV,Photovoltaic,SUN,Solar,20,20,20,T,Regulatory approvals received. Not under construction,2027-11-01
eia860:65930:10,generator,Redbud Run Solar,US-VA,39.21157,-78.08417,30,planned,,Dominion Renewable Energy,eia:860m,https://www.eia.gov/electricity/data/eia860m/xls/august_generator2026.xlsx,2026-09-26T00:04:26Z,2026-08,65930,10,58468,VA,Frederick,PJM,Electric Utility,Solar Photovoltaic,solar,PV,Photovoltaic,SUN,Solar,30,30,30,P,"Planned for installation, but regulatory approvals not initiated",2028-10-01
eia860:65931:3,generator,Clear View Solar,US-NY,42.57062,-77.46378,20,planned,,"Clear View Solar, LLC",eia:860m,https://www.eia.gov/electricity/data/eia860m/xls/august_generator2026.xlsx,2026-09-26T00:04:26Z,2026-08,65931,3,65102,NY,Steuben,NYIS,IPP Non-CHP,Solar Photovoltaic,solar,PV,Photovoltaic,SUN,Solar,20,20,20,L,Regulatory approvals pending. Not under construction,2027-12-01
eia860:65934:7,generator,Highbanks Solar,US-NY,42.737227,-77.91431,20,planned,,"Highbanks Solar, LLC",eia:860m,https://www.eia.gov/electricity/data/eia860m/xls/august_generator2026.xlsx,2026-09-26T00:04:26Z,2026-08,65934,7,65103,NY,Livingston,NYIS,IPP Non-CHP,Solar Photovoltaic,solar,PV,Photovoltaic,SUN,Solar,20,20,20,P,"Planned for installation, but regulatory approvals not initiated",2029-09-01
eia860:65935:14,generator,Vermillion Rise Solar,US-IN,39.83182,-87.42895,185,planned,,"Vermillion Rise Solar, LLC",eia:860m,https://www.eia.gov/electricity/data/eia860m/xls/august_generator2026.xlsx,2026-09-26T00:04:26Z,2026-08,65935,14,65104,IN,Vermillion,MISO,IPP Non-CHP,Solar Photovoltaic,solar,PV,Photovoltaic,SUN,Solar,185,185,185,P,"Planned for installation, but regulatory approvals not initiated",2027-12-01
eia860:65948:PNW01,generator,Plum Nellie Wind Farm LLC,US-KS,39.376786,-97.55649,201.6,planned,,Plum Nellie Wind Farm LLC,eia:860m,https://www.eia.gov/electricity/data/eia860m/xls/august_generator2026.xlsx,2026-09-26T00:04:26Z,2026-08,65948,PNW01,65124,KS,Cloud,SWPP,IPP Non-CHP,Onshore Wind Turbine,wind,WT,"Wind turbine, onshore",WND,Wind,201.6,201.6,201.6,P,"Planned for installation, but regulatory approvals not initiated",2027-10-01
eia860:65964:URSA,generator,"Ursa Solar, LLC",US-WI,43.504285,-89.11314,200,planned,,"Samsung C&T Renewables, LLC",eia:860m,https://www.eia.gov/electricity/data/eia860m/xls/august_generator2026.xlsx,2026-09-26T00:04:26Z,2026-08,65964,URSA,65144,WI,Columbia,MISO,IPP Non-CHP,Solar Photovoltaic,solar,PV,Photovoltaic,SUN,Solar,200,200,200,P,"Planned for installation, but regulatory approvals not initiated",2027-06-01
eia860:65975:TXSD2,generator,Starr Solar Ranch,US-TX,26.523359,-99.01711,180,planned,,"Lightsource Renewable Energy Asset Management, LLC",eia:860m,https://www.eia.gov/electricity/data/eia860m/xls/august_generator2026.xlsx,2026-09-26T00:04:26Z,2026-08,65975,TXSD2,62842,TX,Starr,ERCO,IPP Non-CHP,Batteries,storage,BA,"Energy storage, battery",MWH,Electricity used for energy storage,180,180,180,L,Regulatory approvals pending. Not under construction,2031-12-01
eia860:65977:BF1PV,generator,Boulder Flats Solar,US-NV,35.878865,-114.9833,113,under_construction,,"Boulder Flats Solar, LLC",eia:860m,https://www.eia.gov/electricity/data/eia860m/xls/august_generator2026.xlsx,2026-09-26T00:04:26Z,2026-08,65977,BF1PV,67928,NV,Clark,NEVP,IPP Non-CHP,Solar Photovoltaic,solar,PV,Photovoltaic,SUN,Solar,113,113,113,V,"Under construction, more than 50 percent complete",2028-12-01
eia860:65981:TXSD2,generator,Second Division Solar,US-TX,29.170545,-95.74157,30,planned,,"Lightsource Renewable Energy Asset Management, LLC",eia:860m,https://www.eia.gov/electricity/data/eia860m/xls/august_generator2026.xlsx,2026-09-26T00:04:26Z,2026-08,65981,TXSD2,62842,TX,Brazoria,ERCO,IPP Non-CHP,Batteries,storage,BA,"Energy storage, battery",MWH,Electricity used for energy storage,30,30,30,L,Regulatory approvals pending. Not under construction,2031-12-01
eia860:66002:MVSBA,generator,AES Mountain View Solar,US-HI,21.45799,-158.1767,7,under_construction,,AES Distributed Energy,eia:860m,https://www.eia.gov/electricity/data/eia860m/xls/august_generator2026.xlsx,2026-09-26T00:04:26Z,2026-08,66002,MVSBA,61012,HI,Honolulu,HECO,IPP Non-CHP,Batteries,storage,BA,"Energy storage, battery",MWH,Electricity used for energy storage,7,7,7,V,"Under construction, more than 50 percent complete",2026-11-01
eia860:66002:MVSPV,generator,AES Mountain View Solar,US-HI,21.45799,-158.1767,7,under_construction,,AES Distributed Energy,eia:860m,https://www.eia.gov/electricity/data/eia860m/xls/august_generator2026.xlsx,2026-09-26T00:04:26Z,2026-08,66002,MVSPV,61012,HI,Honolulu,HECO,IPP Non-CHP,Solar Photovoltaic,solar,PV,Photovoltaic,SUN,Solar,7,7,7,V,"Under construction, more than 50 percent complete",2026-11-01
eia860:66011:PV1,generator,Cedar Island Solar LLC,US-OR,45.233717,-120.8985,800,planned,,Cedar Island Solar LLC,eia:860m,https://www.eia.gov/electricity/data/eia860m/xls/august_generator2026.xlsx,2026-09-26T00:04:26Z,2026-08,66011,PV1,65180,OR,Sherman,BPAT,IPP Non-CHP,Solar Photovoltaic,solar,PV,Photovoltaic,SUN,Solar,800,800,800,L,Regulatory approvals pending. Not under construction,2031-12-01
eia860:66066:WAIBA,generator,AES Waiawa Phase 2 Solar,US-HI,21.43026,-157.9779,30,under_construction,,AES Distributed Energy,eia:860m,https://www.eia.gov/electricity/data/eia860m/xls/august_generator2026.xlsx,2026-09-26T00:04:26Z,2026-08,66066,WAIBA,61012,HI,Honolulu,HECO,IPP Non-CHP,Batteries,storage,BA,"Energy storage, battery",MWH,Electricity used for energy storage,30,30,30,V,"Under construction, more than 50 percent complete",2026-09-01
eia860:66066:WAIPV,generator,AES Waiawa Phase 2 Solar,US-HI,21.43026,-157.9779,30,under_construction,,AES Distributed Energy,eia:860m,https://www.eia.gov/electricity/data/eia860m/xls/august_generator2026.xlsx,2026-09-26T00:04:26Z,2026-08,66066,WAIPV,61012,HI,Honolulu,HECO,IPP Non-CHP,Solar Photovoltaic,solar,PV,Photovoltaic,SUN,Solar,30,30,30,V,"Under construction, more than 50 percent complete",2026-09-01
eia860:66113:NEBE1,generator,Big Elk Solar,US-NE,41.475678,-96.29309,100,planned,,"Lightsource Renewable Energy Asset Management, LLC",eia:860m,https://www.eia.gov/electricity/data/eia860m/xls/august_generator2026.xlsx,2026-09-26T00:04:26Z,2026-08,66113,NEBE1,62842,NE,Washington,SWPP,IPP Non-CHP,Solar Photovoltaic,solar,PV,Photovoltaic,SUN,Solar,100,100,100,L,Regulatory approvals pending. Not under construction,2027-12-01
eia860:66114:INRD1,generator,Merrillville Solar,US-IN,41.462794,-87.27285,100,planned,,"Lightsource Renewable Energy Asset Management, LLC",eia:860m,https://www.eia.gov/electricity/data/eia860m/xls/august_generator2026.xlsx,2026-09-26T00:04:26Z,2026-08,66114,INRD1,62842,IN,Lake,MISO,IPP Non-CHP,Solar Photovoltaic,solar,PV,Photovoltaic,SUN,Solar,100,100,100,P,"Planned for installation, but regulatory approvals not initiated",2028-11-01
eia860:66124:SSPV,generator,"Switchgrass Solar, LLC",US-VA,36.676484,-76.58588,70,planned,,RWE Clean Energy,eia:860m,https://www.eia.gov/electricity/data/eia860m/xls/august_generator2026.xlsx,2026-09-26T00:04:26Z,2026-08,66124,SSPV,67192,VA,Suffolk City,PJM,IPP Non-CHP,Solar Photovoltaic,solar,PV,Photovoltaic,SUN,Solar,70,70,70,P,"Planned for installation, but regulatory approvals not initiated",2028-10-01
eia860:66132:TXTR1,generator,Trinity River Solar 1,US-TX,30.010255,-94.48631,150,planned,,"Lightsource Renewable Energy Asset Management, LLC",eia:860m,https://www.eia.gov/electricity/data/eia860m/xls/august_generator2026.xlsx,2026-09-26T00:04:26Z,2026-08,66132,TXTR1,62842,TX,Liberty,ERCO,IPP Non-CHP,Solar Photovoltaic,solar,PV,Photovoltaic,SUN,Solar,150,150,150,L,Regulatory approvals pending. Not under construction,2028-07-01
eia860:66138:INMA1,generator,Mayapple Solar 1,US-IN,41.055223,-86.71323,224,planned,,"Lightsource Renewable Energy Asset Management, LLC",eia:860m,https://www.eia.gov/electricity/data/eia860m/xls/august_generator2026.xlsx,2026-09-26T00:04:26Z,2026-08,66138,INMA1,62842,IN,Pulaski,PJM,IPP Non-CHP,Solar Photovoltaic,solar,PV,Photovoltaic,SUN,Solar,224,224,224,T,Regulatory approvals received. Not under construction,2029-03-01
eia860:66168:GEN01,generator,Cattlemen Solar Park,US-TX,31.045676,-96.85863,240,under_construction,,Cattlemen Solar Park LLC,eia:860m,https://www.eia.gov/electricity/data/eia860m/xls/august_generator2026.xlsx,2026-09-26T00:04:26Z,2026-08,66168,GEN01,65308,TX,Milam,ERCO,IPP Non-CHP,Solar Photovoltaic,solar,PV,Photovoltaic,SUN,Solar,240,240,240,TS,"Construction complete, but not yet in commercial operation",2026-10-01
eia860:66216:BESS,generator,Yaupon Solar Project (Hybrid),US-TX,31.0444,-96.8514,100,planned,,"Yaupon Solar, LLC",eia:860m,https://www.eia.gov/electricity/data/eia860m/xls/august_generator2026.xlsx,2026-09-26T00:04:26Z,2026-08,66216,BESS,65329,TX,Milam,ERCO,IPP Non-CHP,Batteries,storage,BA,"Energy storage, battery",MWH,Electricity used for energy storage,100,100,100,P,"Planned for installation, but regulatory approvals not initiated",2027-12-01
eia860:66216:SOL,generator,Yaupon Solar Project (Hybrid),US-TX,31.0444,-96.8514,200,under_construction,,"Yaupon Solar, LLC",eia:860m,https://www.eia.gov/electricity/data/eia860m/xls/august_generator2026.xlsx,2026-09-26T00:04:26Z,2026-08,66216,SOL,65329,TX,Milam,ERCO,IPP Non-CHP,Solar Photovoltaic,solar,PV,Photovoltaic,SUN,Solar,200,200,200,TS,"Construction complete, but not yet in commercial operation",2026-09-01
eia860:66238:1SPS,generator,Sculpin Solar,US-IN,41.364556,-84.84381,180,planned,,RWE Clean Energy,eia:860m,https://www.eia.gov/electricity/data/eia860m/xls/august_generator2026.xlsx,2026-09-26T00:04:26Z,2026-08,66238,1SPS,67192,IN,DeKalb,PJM,IPP Non-CHP,Solar Photovoltaic,solar,PV,Photovoltaic,SUN,Solar,180,180,180,P,"Planned for installation, but regulatory approvals not initiated",2028-12-01
eia860:66309:UVPV2,generator,Uvalde Solar 2,US-TX,29.225768,-99.69913,300,planned,,RWE Clean Energy,eia:860m,https://www.eia.gov/electricity/data/eia860m/xls/august_generator2026.xlsx,2026-09-26T00:04:26Z,2026-08,66309,UVPV2,67192,TX,Uvalde,ERCO,IPP Non-CHP,Solar Photovoltaic,solar,PV,Photovoltaic,SUN,Solar,300,300,300,P,"Planned for installation, but regulatory approvals not initiated",2027-12-01
eia860:66312:CHSL,generator,Courthouse Solar,US-VA,37.04,-78.58,167,under_construction,,Dominion Energy Inc.,eia:860m,https://www.eia.gov/electricity/data/eia860m/xls/august_generator2026.xlsx,2026-09-26T00:04:26Z,2026-08,66312,CHSL,5248,VA,Charlotte,PJM,Electric Utility,Solar Photovoltaic,solar,PV,Photovoltaic,SUN,Solar,167,167,167,U,"Under construction, less than or equal to 50 percent complete",2030-10-01
eia860:66313:MOCO,generator,Moon Corner Solar,US-VA,37.89,-76.54,60,under_construction,,Dominion Energy Inc.,eia:860m,https://www.eia.gov/electricity/data/eia860m/xls/august_generator2026.xlsx,2026-09-26T00:04:26Z,2026-08,66313,MOCO,5248,VA,Richmond,PJM,Electric Utility,Solar Photovoltaic,solar,PV,Photovoltaic,SUN,Solar,60,60,60,U,"Under construction, less than or equal to 50 percent complete",2026-09-01
eia860:66315:CCSO,generator,Clover Creek Solar,US-VA,36.816641,-78.69262,77.2,under_construction,,Dominion Energy Inc.,eia:860m,https://www.eia.gov/electricity/data/eia860m/xls/august_generator2026.xlsx,2026-09-26T00:04:26Z,2026-08,66315,CCSO,5248,VA,Halifax,PJM,Electric Utility,Solar Photovoltaic,solar,PV,Photovoltaic,SUN,Solar,77.2,77.2,77.2,U,"Under construction, less than or equal to 50 percent complete",2027-06-01
eia860:66340:PV1,generator,Canyonville Solar LLC (CSG),US-OR,42.956886,-123.2618,2.5,planned,,SolRiver Capital LLC,eia:860m,https://www.eia.gov/electricity/data/eia860m/xls/august_generator2026.xlsx,2026-09-26T00:04:26Z,2026-08,66340,PV1,64994,OR,Douglas,PACW,IPP Non-CHP,Solar Photovoltaic,solar,PV,Photovoltaic,SUN,Solar,2.5,2.5,2.5,L,Regulatory approvals pending. Not under construction,2027-12-01
eia860:66341:EGSB,generator,Eagle Springs Hybrid,US-TX,33.433264,-95.57444,55.1,under_construction,,Sunraycer Assets I LLC,eia:860m,https://www.eia.gov/electricity/data/eia860m/xls/august_generator2026.xlsx,2026-09-26T00:04:26Z,2026-08,66341,EGSB,65815,TX,Delta,ERCO,IPP Non-CHP,Batteries,storage,BA,"Energy storage, battery",MWH,Electricity used for energy storage,55.1,55.1,55.1,V,"Under construction, more than 50 percent complete",2026-12-01
eia860:66341:EGSS,generator,Eagle Springs Hybrid,US-TX,33.433264,-95.57444,110.1,under_construction,,Sunraycer Assets I LLC,eia:860m,https://www.eia.gov/electricity/data/eia860m/xls/august_generator2026.xlsx,2026-09-26T00:04:26Z,2026-08,66341,EGSS,65815,TX,Delta,ERCO,IPP Non-CHP,Solar Photovoltaic,solar,PV,Photovoltaic,SUN,Solar,110.1,110.1,110.1,V,"Under construction, more than 50 percent complete",2026-12-01
eia860:66363:GEN1,generator,"Black Walnut Solar, LLC",US-NC,35.050032,-77.15218,80,planned,,Cypress Creek Renewables,eia:860m,https://www.eia.gov/electricity/data/eia860m/xls/august_generator2026.xlsx,2026-09-26T00:04:26Z,2026-08,66363,GEN1,61060,NC,Jones,DUK,IPP Non-CHP,Solar Photovoltaic,solar,PV,Photovoltaic,SUN,Solar,80,80,80,L,Regulatory approvals pending. Not under construction,2027-11-01
eia860:66363:GEN1B,generator,"Black Walnut Solar, LLC",US-NC,35.050032,-77.15218,32,planned,,Cypress Creek Renewables,eia:860m,https://www.eia.gov/electricity/data/eia860m/xls/august_generator2026.xlsx,2026-09-26T00:04:26Z,2026-08,66363,GEN1B,61060,NC,Jones,DUK,IPP Non-CHP,Batteries,storage,BA,"Energy storage, battery",MWH,Electricity used for energy storage,32,32,32,P,"Planned for installation, but regulatory approvals not initiated",2028-12-01
eia860:66382:GEN1,generator,"Healing Springs Solar, LLC",US-NC,35.623627,-80.15972,55,planned,,Cypress Creek Renewables,eia:860m,https://www.eia.gov/electricity/data/eia860m/xls/august_generator2026.xlsx,2026-09-26T00:04:26Z,2026-08,66382,GEN1,61060,NC,Davidson,DUK,IPP Non-CHP,Solar Photovoltaic,solar,PV,Photovoltaic,SUN,Solar,55,55,55,L,Regulatory approvals pending. Not under construction,2027-12-01
eia860:66383:GEN1,generator,Hyco Solar LLC,US-NC,36.484574,-79.13311,80,planned,,Cypress Creek Renewables,eia:860m,https://www.eia.gov/electricity/data/eia860m/xls/august_generator2026.xlsx,2026-09-26T00:04:26Z,2026-08,66383,GEN1,61060,NC,Person,DUK,IPP Non-CHP,Solar Photovoltaic,solar,PV,Photovoltaic,SUN,Solar,80,80,80,L,Regulatory approvals pending. Not under construction,2027-11-01
eia860:66385:GEN1,generator,"Panther Branch Solar, LLC",US-NC,35.145344,-78.15963,80,planned,,Cypress Creek Renewables,eia:860m,https://www.eia.gov/electricity/data/eia860m/xls/august_generator2026.xlsx,2026-09-26T00:04:26Z,2026-08,66385,GEN1,61060,NC,Duplin,DUK,IPP Non-CHP,Solar Photovoltaic,solar,PV,Photovoltaic,SUN,Solar,80,80,80,L,Regulatory approvals pending. Not under construction,2028-08-01
eia860:66385:GEN1B,generator,"Panther Branch Solar, LLC",US-NC,35.145344,-78.15963,32,planned,,Cypress Creek Renewables,eia:860m,https://www.eia.gov/electricity/data/eia860m/xls/august_generator2026.xlsx,2026-09-26T00:04:26Z,2026-08,66385,GEN1B,61060,NC,Duplin,DUK,IPP Non-CHP,Batteries,storage,BA,"Energy storage, battery",MWH,Electricity used for energy storage,32,32,32,P,"Planned for installation, but regulatory approvals not initiated",2029-12-01
eia860:66390:GDYES,generator,MRG Goody Solar Project Hybrid,US-TX,33.639193,-95.62905,50.4,under_construction,,"Nexus Renewable Power, LLC",eia:860m,https://www.eia.gov/electricity/data/eia860m/xls/august_generator2026.xlsx,2026-09-26T00:04:26Z,2026-08,66390,GDYES,67466,TX,Lamar,ERCO,IPP Non-CHP,Batteries,storage,BA,"Energy storage, battery",MWH,Electricity used for energy storage,50.4,50.4,50.4,V,"Under construction, more than 50 percent complete",2026-09-01
eia860:66390:GDYPV,generator,MRG Goody Solar Project Hybrid,US-TX,33.639193,-95.62905,170.8,under_construction,,"Nexus Renewable Power, LLC",eia:860m,https://www.eia.gov/electricity/data/eia860m/xls/august_generator2026.xlsx,2026-09-26T00:04:26Z,2026-08,66390,GDYPV,67466,TX,Lamar,ERCO,IPP Non-CHP,Solar Photovoltaic,solar,PV,Photovoltaic,SUN,Solar,170.8,170.8,170.8,V,"Under construction, more than 50 percent complete",2026-09-01
eia860:66391:BESS,generator,Ash Creek BESS,US-TX,31.900218,-97.01642,306,planned,,ACTX BESS Project LLC,eia:860m,https://www.eia.gov/electricity/data/eia860m/xls/august_generator2026.xlsx,2026-09-26T00:04:26Z,2026-08,66391,BESS,65410,TX,Hill,ERCO,IPP Non-CHP,Batteries,storage,BA,"Energy storage, battery",MWH,Electricity used for energy storage,306,306,306,P,"Planned for installation, but regulatory approvals not initiated",2028-03-01
eia860:66396:NDUAH,generator,Naduah Solar,US-TX,31.521467,-96.67385,102.3,planned,,"Gransolar Texas Fifteen, LLC",eia:860m,https://www.eia.gov/electricity/data/eia860m/xls/august_generator2026.xlsx,2026-09-26T00:04:26Z,2026-08,66396,NDUAH,65475,TX,Limestone,ERCO,IPP Non-CHP,Solar Photovoltaic,solar,PV,Photovoltaic,SUN,Solar,102.3,77.6,77.6,P,"Planned for installation, but regulatory approvals not initiated",2027-10-01
eia860:66397:TOKIO,generator,Tokio Solar,US-TX,31.427419,-97.31086,170.4,planned,,"Gransolar Texas Eight, LLC",eia:860m,https://www.eia.gov/electricity/data/eia860m/xls/august_generator2026.xlsx,2026-09-26T00:04:26Z,2026-08,66397,TOKIO,65476,TX,McLennan,ERCO,IPP Non-CHP,Solar Photovoltaic,solar,PV,Photovoltaic,SUN,Solar,170.4,168,168,P,"Planned for installation, but regulatory approvals not initiated",2027-08-01
eia860:66398:EYTCH,generator,Eytcheson Solar,US-TX,31.872617,-96.7,76.4,planned,,"Gransolar Texas Fourteen, LLC",eia:860m,https://www.eia.gov/electricity/data/eia860m/xls/august_generator2026.xlsx,2026-09-26T00:04:26Z,2026-08,66398,EYTCH,65478,TX,Navarro,ERCO,IPP Non-CHP,Solar Photovoltaic,solar,PV,Photovoltaic,SUN,Solar,76.4,76.2,76.2,P,"Planned for installation, but regulatory approvals not initiated",2028-01-01
eia860:66401:OHLBS,generator,OCI Hillsboro,US-TX,31.941,-97.021,200,planned,,HEC Renewable Energy America LLC,eia:860m,https://www.eia.gov/electricity/data/eia860m/xls/august_generator2026.xlsx,2026-09-26T00:04:26Z,2026-08,66401,OHLBS,66905,TX,Hill,ERCO,IPP Non-CHP,Batteries,storage,BA,"Energy storage, battery",MWH,Electricity used for energy storage,200,200,200,P,"Planned for installation, but regulatory approvals not initiated",2027-12-01
eia860:66401:OHLPV,generator,OCI Hillsboro,US-TX,31.941,-97.021,200,planned,,HEC Renewable Energy America LLC,eia:860m,https://www.eia.gov/electricity/data/eia860m/xls/august_generator2026.xlsx,2026-09-26T00:04:26Z,2026-08,66401,OHLPV,66905,TX,Hill,ERCO,IPP Non-CHP,Solar Photovoltaic,solar,PV,Photovoltaic,SUN,Solar,200,200,200,P,"Planned for installation, but regulatory approvals not initiated",2027-10-01
eia860:66409:GWNT,generator,Hecate Grid Gwent Storage 1,US-CA,34.28093,-118.903,135,planned,,"Hecate Grid Gwent Storage 1, LLC",eia:860m,https://www.eia.gov/electricity/data/eia860m/xls/august_generator2026.xlsx,2026-09-26T00:04:26Z,2026-08,66409,GWNT,65481,CA,Ventura,CISO,IPP Non-CHP,Batteries,storage,BA,"Energy storage, battery",MWH,Electricity used for energy storage,135,135,135,P,"Planned for installation, but regulatory approvals not initiated",2028-12-01
eia860:66410:596,generator,Grizzly Ridge Solar,US-TX,31.738177,-98.21374,10,under_construction,,Grizzly Ridge Solar LLC,eia:860m,https://www.eia.gov/electricity/data/eia860m/xls/august_generator2026.xlsx,2026-09-26T00:04:26Z,2026-08,66410,596,65451,TX,Hamilton,ERCO,IPP Non-CHP,Batteries,storage,BA,"Energy storage, battery",MWH,Electricity used for energy storage,10,10,10,TS,"Construction complete, but not yet in commercial operation",2026-09-01
eia860:66411:RMSY,generator,Hecate Grid East Valley Storage,US-TX,25.94113,-97.53276,255,planned,,"Hecate Grid East Valley Storage, LLC",eia:860m,https://www.eia.gov/electricity/data/eia860m/xls/august_generator2026.xlsx,2026-09-26T00:04:26Z,2026-08,66411,RMSY,65485,TX,Cameron,ERCO,IPP Non-CHP,Batteries,storage,BA,"Energy storage, battery",MWH,Electricity used for energy storage,255,255,255,P,"Planned for installation, but regulatory approvals not initiated",2027-12-01
eia860:66414:RMSY,generator,Hecate Energy Ramsey Storage,US-TX,29.02939,-96.2362,500,planned,,"Hecate Energy Ramsey Storage, LLC",eia:860m,https://www.eia.gov/electricity/data/eia860m/xls/august_generator2026.xlsx,2026-09-26T00:04:26Z,2026-08,66414,RMSY,65483,TX,Wharton,ERCO,IPP Non-CHP,Batteries,storage,BA,"Energy storage, battery",MWH,Electricity used for energy storage,500,500,500,P,"Planned for installation, but regulatory approvals not initiated",2027-12-01
eia860:66421:GRS13,generator,Despain Solar,US-TX,29.282259,-100.2098,236.2,planned,,"Gransolar Texas Thirteen, LLC",eia:860m,https://www.eia.gov/electricity/data/eia860m/xls/august_generator2026.xlsx,2026-09-26T00:04:26Z,2026-08,66421,GRS13,65482,TX,Kinney,ERCO,IPP Non-CHP,Solar Photovoltaic,solar,PV,Photovoltaic,SUN,Solar,236.2,236,236,L,Regulatory approvals pending. Not under construction,2027-12-01
eia860:66426:1EUS,generator,Utah Solar 1,US-UT,39.504761,-112.5077,300,planned,,"ECG Utah Solar1, LLC",eia:860m,https://www.eia.gov/electricity/data/eia860m/xls/august_generator2026.xlsx,2026-09-26T00:04:26Z,2026-08,66426,1EUS,65516,UT,Millard,LDWP,IPP Non-CHP,Solar Photovoltaic,solar,PV,Photovoltaic,SUN,Solar,300,300,300,P,"Planned for installation, but regulatory approvals not initiated",2027-12-01
eia860:66441:INCV1,generator,Crossvine Solar,US-IN,38.264271,-87.00189,100,under_construction,,Crossvine Solar 1 LLC,eia:860m,https://www.eia.gov/electricity/data/eia860m/xls/august_generator2026.xlsx,2026-09-26T00:04:26Z,2026-08,66441,INCV1,67721,IN,Dubois,MISO,IPP Non-CHP,Solar Photovoltaic,solar,PV,Photovoltaic,SUN,Solar,100,100,100,U,"Under construction, less than or equal to 50 percent complete",2027-03-01
eia860:66475:18263,generator,CA Bloomington 2551 S Lilac Avenue Micro,US-CA,34.05523,-117.3778,1.5,under_construction,,Catalyze Bloomington 2551 S Lilac Avenue Microgrid LLC,eia:860m,https://www.eia.gov/electricity/data/eia860m/xls/august_generator2026.xlsx,2026-09-26T00:04:26Z,2026-08,66475,18263,65512,CA,San Bernardino,CISO,IPP Non-CHP,Solar Photovoltaic,solar,PV,Photovoltaic,SUN,Solar,1.5,1.5,1.5,V,"Under construction, more than 50 percent complete",2026-11-01
eia860:66475:B8263,generator,CA Bloomington 2551 S Lilac Avenue Micro,US-CA,34.05523,-117.3778,1.5,under_construction,,Catalyze Bloomington 2551 S Lilac Avenue Microgrid LLC,eia:860m,https://www.eia.gov/electricity/data/eia860m/xls/august_generator2026.xlsx,2026-09-26T00:04:26Z,2026-08,66475,B8263,65512,CA,San Bernardino,CISO,IPP Non-CHP,Batteries,storage,BA,"Energy storage, battery",MWH,Electricity used for energy storage,1.5,1.5,1.5,V,"Under construction, more than 50 percent complete",2026-11-01
eia860:66478:GEN1,generator,NTEC Gas Plant,US-NM,36.682944,-108.4502,60.5,planned,,Navajo Transitional Energy Company,eia:860m,https://www.eia.gov/electricity/data/eia860m/xls/august_generator2026.xlsx,2026-09-26T00:04:26Z,2026-08,66478,GEN1,65493,NM,San Juan,PNM,Electric Utility,Natural Gas Fired Combustion Turbine,natural_gas,GT,Combustion (gas) turbine,NG,Natural gas,60.5,37.6,41.4,L,Regulatory approvals pending. Not under construction,2028-06-01
eia860:66478:GEN10,generator,NTEC Gas Plant,US-NM,36.682944,-108.4502,60.5,planned,,Navajo Transitional Energy Company,eia:860m,https://www.eia.gov/electricity/data/eia860m/xls/august_generator2026.xlsx,2026-09-26T00:04:26Z,2026-08,66478,GEN10,65493,NM,San Juan,PNM,Electric Utility,Natural Gas Fired Combustion Turbine,natural_gas,GT,Combustion (gas) turbine,NG,Natural gas,60.5,37.6,41.4,L,Regulatory approvals pending. Not under construction,2028-06-01
eia860:66478:GEN11,generator,NTEC Gas Plant,US-NM,36.682944,-108.4502,60.5,planned,,Navajo Transitional Energy Company,eia:860m,https://www.eia.gov/electricity/data/eia860m/xls/august_generator2026.xlsx,2026-09-26T00:04:26Z,2026-08,66478,GEN11,65493,NM,San Juan,PNM,Electric Utility,Natural Gas Fired Combustion Turbine,natural_gas,GT,Combustion (gas) turbine,NG,Natural gas,60.5,37.6,41.4,L,Regulatory approvals pending. Not under construction,2028-06-01
eia860:66478:GEN12,generator,NTEC Gas Plant,US-NM,36.682944,-108.4502,60.5,planned,,Navajo Transitional Energy Company,eia:860m,https://www.eia.gov/electricity/data/eia860m/xls/august_generator2026.xlsx,2026-09-26T00:04:26Z,2026-08,66478,GEN12,65493,NM,San Juan,PNM,Electric Utility,Natural Gas Fired Combustion Turbine,natural_gas,GT,Combustion (gas) turbine,NG,Natural gas,60.5,37.6,41.4,L,Regulatory approvals pending. Not under construction,2028-06-01
eia860:66478:GEN13,generator,NTEC Gas Plant,US-NM,36.682944,-108.4502,60.5,planned,,Navajo Transitional Energy Company,eia:860m,https://www.eia.gov/electricity/data/eia860m/xls/august_generator2026.xlsx,2026-09-26T00:04:26Z,2026-08,66478,GEN13,65493,NM,San Juan,PNM,Electric Utility,Natural Gas Fired Combustion Turbine,natural_gas,GT,Combustion (gas) turbine,NG,Natural gas,60.5,37.6,41.4,L,Regulatory approvals pending. Not under construction,2028-06-01
eia860:66478:GEN14,generator,NTEC Gas Plant,US-NM,36.682944,-108.4502,60.5,planned,,Navajo Transitional Energy Company,eia:860m,https://www.eia.gov/electricity/data/eia860m/xls/august_generator2026.xlsx,2026-09-26T00:04:26Z,2026-08,66478,GEN14,65493,NM,San Juan,PNM,Electric Utility,Natural Gas Fired Combustion Turbine,natural_gas,GT,Combustion (gas) turbine,NG,Natural gas,60.5,37.6,41.4,L,Regulatory approvals pending. Not under construction,2028-06-01
eia860:66478:GEN15,generator,NTEC Gas Plant,US-NM,36.682944,-108.4502,60.5,planned,,Navajo Transitional Energy Company,eia:860m,https://www.eia.gov/electricity/data/eia860m/xls/august_generator2026.xlsx,2026-09-26T00:04:26Z,2026-08,66478,GEN15,65493,NM,San Juan,PNM,Electric Utility,Natural Gas Fired Combustion Turbine,natural_gas,GT,Combustion (gas) turbine,NG,Natural gas,60.5,37.6,41.4,L,Regulatory approvals pending. Not under construction,2028-06-01
eia860:66478:GEN16,generator,NTEC Gas Plant,US-NM,36.682944,-108.4502,60.5,planned,,Navajo Transitional Energy Company,eia:860m,https://www.eia.gov/electricity/data/eia860m/xls/august_generator2026.xlsx,2026-09-26T00:04:26Z,2026-08,66478,GEN16,65493,NM,San Juan,PNM,Electric Utility,Natural Gas Fired Combustion Turbine,natural_gas,GT,Combustion (gas) turbine,NG,Natural gas,60.5,37.6,41.4,L,Regulatory approvals pending. Not under construction,2028-06-01
eia860:66478:GEN17,generator,NTEC Gas Plant,US-NM,36.682944,-108.4502,60.5,planned,,Navajo Transitional Energy Company,eia:860m,https://www.eia.gov/electricity/data/eia860m/xls/august_generator2026.xlsx,2026-09-26T00:04:26Z,2026-08,66478,GEN17,65493,NM,San Juan,PNM,Electric Utility,Natural Gas Fired Combustion Turbine,natural_gas,GT,Combustion (gas) turbine,NG,Natural gas,60.5,37.6,41.4,L,Regulatory approvals pending. Not under construction,2028-06-01
eia860:66478:GEN18,generator,NTEC Gas Plant,US-NM,36.682944,-108.4502,60.5,planned,,Navajo Transitional Energy Company,eia:860m,https://www.eia.gov/electricity/data/eia860m/xls/august_generator2026.xlsx,2026-09-26T00:04:26Z,2026-08,66478,GEN18,65493,NM,San Juan,PNM,Electric Utility,Natural Gas Fired Combustion Turbine,natural_gas,GT,Combustion (gas) turbine,NG,Natural gas,60.5,37.6,41.4,L,Regulatory approvals pending. Not under construction,2028-06-01
eia860:66478:GEN2,generator,NTEC Gas Plant,US-NM,36.682944,-108.4502,60.5,planned,,Navajo Transitional Energy Company,eia:860m,https://www.eia.gov/electricity/data/eia860m/xls/august_generator2026.xlsx,2026-09-26T00:04:26Z,2026-08,66478,GEN2,65493,NM,San Juan,PNM,Electric Utility,Natural Gas Fired Combustion Turbine,natural_gas,GT,Combustion (gas) turbine,NG,Natural gas,60.5,37.6,41.4,L,Regulatory approvals pending. Not under construction,2028-06-01
eia860:66478:GEN3,generator,NTEC Gas Plant,US-NM,36.682944,-108.4502,60.5,planned,,Navajo Transitional Energy Company,eia:860m,https://www.eia.gov/electricity/data/eia860m/xls/august_generator2026.xlsx,2026-09-26T00:04:26Z,2026-08,66478,GEN3,65493,NM,San Juan,PNM,Electric Utility,Natural Gas Fired Combustion Turbine,natural_gas,GT,Combustion (gas) turbine,NG,Natural gas,60.5,37.6,41.4,L,Regulatory approvals pending. Not under construction,2028-06-01
eia860:66478:GEN4,generator,NTEC Gas Plant,US-NM,36.682944,-108.4502,60.5,planned,,Navajo Transitional Energy Company,eia:860m,https://www.eia.gov/electricity/data/eia860m/xls/august_generator2026.xlsx,2026-09-26T00:04:26Z,2026-08,66478,GEN4,65493,NM,San Juan,PNM,Electric Utility,Natural Gas Fired Combustion Turbine,natural_gas,GT,Combustion (gas) turbine,NG,Natural gas,60.5,37.6,41.4,L,Regulatory approvals pending. Not under construction,2028-06-01
eia860:66478:GEN5,generator,NTEC Gas Plant,US-NM,36.682944,-108.4502,60.5,planned,,Navajo Transitional Energy Company,eia:860m,https://www.eia.gov/electricity/data/eia860m/xls/august_generator2026.xlsx,2026-09-26T00:04:26Z,2026-08,66478,GEN5,65493,NM,San Juan,PNM,Electric Utility,Natural Gas Fired Combustion Turbine,natural_gas,GT,Combustion (gas) turbine,NG,Natural gas,60.5,37.6,41.4,L,Regulatory approvals pending. Not under construction,2028-06-01
eia860:66478:GEN6,generator,NTEC Gas Plant,US-NM,36.682944,-108.4502,60.5,planned,,Navajo Transitional Energy Company,eia:860m,https://www.eia.gov/electricity/data/eia860m/xls/august_generator2026.xlsx,2026-09-26T00:04:26Z,2026-08,66478,GEN6,65493,NM,San Juan,PNM,Electric Utility,Natural Gas Fired Combustion Turbine,natural_gas,GT,Combustion (gas) turbine,NG,Natural gas,60.5,37.6,41.4,L,Regulatory approvals pending. Not under construction,2028-06-01
eia860:66478:GEN7,generator,NTEC Gas Plant,US-NM,36.682944,-108.4502,60.5,planned,,Navajo Transitional Energy Company,eia:860m,https://www.eia.gov/electricity/data/eia860m/xls/august_generator2026.xlsx,2026-09-26T00:04:26Z,2026-08,66478,GEN7,65493,NM,San Juan,PNM,Electric Utility,Natural Gas Fired Combustion Turbine,natural_gas,GT,Combustion (gas) turbine,NG,Natural gas,60.5,37.6,41.4,L,Regulatory approvals pending. Not under construction,2028-06-01
eia860:66478:GEN8,generator,NTEC Gas Plant,US-NM,36.682944,-108.4502,60.5,planned,,Navajo Transitional Energy Company,eia:860m,https://www.eia.gov/electricity/data/eia860m/xls/august_generator2026.xlsx,2026-09-26T00:04:26Z,2026-08,66478,GEN8,65493,NM,San Juan,PNM,Electric Utility,Natural Gas Fired Combustion Turbine,natural_gas,GT,Combustion (gas) turbine,NG,Natural gas,60.5,37.6,41.4,L,Regulatory approvals pending. Not under construction,2028-06-01
eia860:66478:GEN9,generator,NTEC Gas Plant,US-NM,36.682944,-108.4502,60.5,planned,,Navajo Transitional Energy Company,eia:860m,https://www.eia.gov/electricity/data/eia860m/xls/august_generator2026.xlsx,2026-09-26T00:04:26Z,2026-08,66478,GEN9,65493,NM,San Juan,PNM,Electric Utility,Natural Gas Fired Combustion Turbine,natural_gas,GT,Combustion (gas) turbine,NG,Natural gas,60.5,37.6,41.4,L,Regulatory approvals pending. Not under construction,2028-06-01
eia860:66484:GCA,generator,"Glen Canyon Solar A, LLC",US-UT,37.091539,-111.7255,95,under_construction,,AES Distributed Energy,eia:860m,https://www.eia.gov/electricity/data/eia860m/xls/august_generator2026.xlsx,2026-09-26T00:04:26Z,2026-08,66484,GCA,61012,UT,Kane,PACE,IPP Non-CHP,Solar Photovoltaic,solar,PV,Photovoltaic,SUN,Solar,95,95,95,U,"Under construction, less than or equal to 50 percent complete",2028-12-01
eia860:66497:BHBA1,generator,Bensonhurst Energy Storage 1 LLC,US-NY,40.636787,-73.93435,5,under_construction,,Convergent Energy and Power LP,eia:860m,https://www.eia.gov/electricity/data/eia860m/xls/august_generator2026.xlsx,2026-09-26T00:04:26Z,2026-08,66497,BHBA1,61978,NY,Kings,ISNE,IPP Non-CHP,Batteries,storage,BA,"Energy storage, battery",MWH,Electricity used for energy storage,5,5,5,U,"Under construction, less than or equal to 50 percent complete",2026-09-01
eia860:66511:18262,generator,CA Riverside 2356 Fleetwood Dr.,US-CA,34.012142,-117.3811,2,under_construction,,Catalyze Riverside 2356 Fleetwood Drive Microgrid LLC,eia:860m,https://www.eia.gov/electricity/data/eia860m/xls/august_generator2026.xlsx,2026-09-26T00:04:26Z,2026-08,66511,18262,65559,CA,Riverside,CISO,IPP Non-CHP,Solar Photovoltaic,solar,PV,Photovoltaic,SUN,Solar,2,2,2,V,"Under construction, more than 50 percent complete",2026-11-01
eia860:66511:B8262,generator,CA Riverside 2356 Fleetwood Dr.,US-CA,34.012142,-117.3811,2,under_construction,,Catalyze Riverside 2356 Fleetwood Drive Microgrid LLC,eia:860m,https://www.eia.gov/electricity/data/eia860m/xls/august_generator2026.xlsx,2026-09-26T00:04:26Z,2026-08,66511,B8262,65559,CA,Riverside,CISO,IPP Non-CHP,Batteries,storage,BA,"Energy storage, battery",MWH,Electricity used for energy storage,2,2,2,V,"Under construction, more than 50 percent complete",2026-11-01
eia860:66513:18229,generator,MA Acushnet 540R Main St,US-MA,41.702987,-70.8888,4,planned,,"TJA 540R Main St. Acushnet, LLC",eia:860m,https://www.eia.gov/electricity/data/eia860m/xls/august_generator2026.xlsx,2026-09-26T00:04:26Z,2026-08,66513,18229,65561,MA,Bristol,ISNE,IPP Non-CHP,Solar Photovoltaic,solar,PV,Photovoltaic,SUN,Solar,4,4,4,L,Regulatory approvals pending. Not under construction,2027-03-01
eia860:66513:B8229,generator,MA Acushnet 540R Main St,US-MA,41.702987,-70.8888,2,planned,,"TJA 540R Main St. Acushnet, LLC",eia:860m,https://www.eia.gov/electricity/data/eia860m/xls/august_generator2026.xlsx,2026-09-26T00:04:26Z,2026-08,66513,B8229,65561,MA,Bristol,ISNE,IPP Non-CHP,Batteries,storage,BA,"Energy storage, battery",MWH,Electricity used for energy storage,2,2,2,L,Regulatory approvals pending. Not under construction,2027-03-01
eia860:66515:19639,generator,PR Bayamon Ave Zaya Verde,US-PR,18.399464,-66.18029,2,under_construction,,"SRI Solar 4, LLC",eia:860m,https://www.eia.gov/electricity/data/eia860m/xls/august_generator2026.xlsx,2026-09-26T00:04:26Z,2026-08,66515,19639,65563,PR,,,IPP Non-CHP,Solar Photovoltaic,solar,PV,Photovoltaic,SUN,Solar,2,2,2,V,"Under construction, more than 50 percent complete",2026-11-01
eia860:66515:B9639,generator,PR Bayamon Ave Zaya Verde,US-PR,18.399464,-66.18029,0.2,under_construction,,"SRI Solar 4, LLC",eia:860m,https://www.eia.gov/electricity/data/eia860m/xls/august_generator2026.xlsx,2026-09-26T00:04:26Z,2026-08,66515,B9639,65563,PR,,,IPP Non-CHP,Batteries,storage,BA,"Energy storage, battery",MWH,Electricity used for energy storage,0.2,0.2,0.2,V,"Under construction, more than 50 percent complete",2026-11-01
eia860:66516:19500,generator,TX Dallas 7750 Dynasty Drive,US-TX,32.652269,-96.75577,2.3,under_construction,,"Catalyze Dallas 7750 Dynasty Drive Microgrid, LLC",eia:860m,https://www.eia.gov/electricity/data/eia860m/xls/august_generator2026.xlsx,2026-09-26T00:04:26Z,2026-08,66516,19500,65564,TX,Dallas,ERCO,IPP Non-CHP,Solar Photovoltaic,solar,PV,Photovoltaic,SUN,Solar,2.3,2.3,2.3,TS,"Construction complete, but not yet in commercial operation",2026-09-01
eia860:66545:MMTHS,generator,Mammoth South Solar Project,US-IN,41.095334,-86.69157,300,under_construction,,Mammoth South LLC,eia:860m,https://www.eia.gov/electricity/data/eia860m/xls/august_generator2026.xlsx,2026-09-26T00:04:26Z,2026-08,66545,MMTHS,65588,IN,Pulaski,PJM,IPP Non-CHP,Solar Photovoltaic,solar,PV,Photovoltaic,SUN,Solar,300,300,300,V,"Under construction, more than 50 percent complete",2026-10-01
eia860:66546:MMTHC,generator,Mammoth Central Solar Project,US-IN,41.090899,-86.71283,300,under_construction,,Mammoth Central LLC,eia:860m,https://www.eia.gov/electricity/data/eia860m/xls/august_generator2026.xlsx,2026-09-26T00:04:26Z,2026-08,66546,MMTHC,65587,IN,Pulaski,PJM,IPP Non-CHP,Solar Photovoltaic,solar,PV,Photovoltaic,SUN,Solar,300,300,300,U,"Under construction, less than or equal to 50 percent complete",2026-11-01
eia860:66552:MH162,generator,EnerSmart Mesa Heights Sub Station,US-CA,32.82412,-117.1513,3,under_construction,,EnerSmart Storage,eia:860m,https://www.eia.gov/electricity/data/eia860m/xls/august_generator2026.xlsx,2026-09-26T00:04:26Z,2026-08,66552,MH162,65594,CA,San Diego,CISO,IPP Non-CHP,Batteries,storage,BA,"Energy storage, battery",MWH,Electricity used for energy storage,3,3,3,U,"Under construction, less than or equal to 50 percent complete",2026-12-01
eia860:66558:LAMO1,generator,Mowata Solar,US-LA,30.3918,-92.4044,150,planned,,"Lightsource Renewable Energy Asset Management, LLC",eia:860m,https://www.eia.gov/electricity/data/eia860m/xls/august_generator2026.xlsx,2026-09-26T00:04:26Z,2026-08,66558,LAMO1,62842,LA,Acadia,MISO,IPP Non-CHP,Solar Photovoltaic,solar,PV,Photovoltaic,SUN,Solar,150,150,150,L,Regulatory approvals pending. Not under construction,2027-12-01
eia860:66559:TXJC1,generator,Jones City 1 Solar,US-TX,32.781168,-100.0065,215,under_construction,,"Lightsource Renewable Energy Asset Management, LLC",eia:860m,https://www.eia.gov/electricity/data/eia860m/xls/august_generator2026.xlsx,2026-09-26T00:04:26Z,2026-08,66559,TXJC1,62842,TX,Jones,ERCO,IPP Non-CHP,Solar Photovoltaic,solar,PV,Photovoltaic,SUN,Solar,215,215,215,TS,"Construction complete, but not yet in commercial operation",2026-10-01
eia860:66618:FL1,generator,Fish Lake Geothermal,US-NV,37.860925,-118.0341,3.3,planned,,Fish Lake Geothermal LLC,eia:860m,https://www.eia.gov/electricity/data/eia860m/xls/august_generator2026.xlsx,2026-09-26T00:04:26Z,2026-08,66618,FL1,65644,NV,Esmeralda,NEVP,IPP Non-CHP,Geothermal,geothermal,ST,Steam turbine,GEO,Geothermal,3.3,2.1,2.3,P,"Planned for installation, but regulatory approvals not initiated",2027-09-01
eia860:66618:FL2,generator,Fish Lake Geothermal,US-NV,37.860925,-118.0341,3.3,planned,,Fish Lake Geothermal LLC,eia:860m,https://www.eia.gov/electricity/data/eia860m/xls/august_generator2026.xlsx,2026-09-26T00:04:26Z,2026-08,66618,FL2,65644,NV,Esmeralda,NEVP,IPP Non-CHP,Geothermal,geothermal,ST,Steam turbine,GEO,Geothermal,3.3,2.9,3.1,P,"Planned for installation, but regulatory approvals not initiated",2027-09-01
eia860:66618:FL3,generator,Fish Lake Geothermal,US-NV,37.860925,-118.0341,4.7,planned,,Fish Lake Geothermal LLC,eia:860m,https://www.eia.gov/electricity/data/eia860m/xls/august_generator2026.xlsx,2026-09-26T00:04:26Z,2026-08,66618,FL3,65644,NV,Esmeralda,NEVP,IPP Non-CHP,Geothermal,geothermal,ST,Steam turbine,GEO,Geothermal,4.7,3.4,3.6,P,"Planned for installation, but regulatory approvals not initiated",2027-09-01
eia860:66618:FL4,generator,Fish Lake Geothermal,US-NV,37.860925,-118.0341,6.2,planned,,Fish Lake Geothermal LLC,eia:860m,https://www.eia.gov/electricity/data/eia860m/xls/august_generator2026.xlsx,2026-09-26T00:04:26Z,2026-08,66618,FL4,65644,NV,Esmeralda,NEVP,IPP Non-CHP,Geothermal,geothermal,ST,Steam turbine,GEO,Geothermal,6.2,4.3,4.5,P,"Planned for installation, but regulatory approvals not initiated",2027-09-01
eia860:66618:FL5,generator,Fish Lake Geothermal,US-NV,37.860925,-118.0341,9,planned,,Fish Lake Geothermal LLC,eia:860m,https://www.eia.gov/electricity/data/eia860m/xls/august_generator2026.xlsx,2026-09-26T00:04:26Z,2026-08,66618,FL5,65644,NV,Esmeralda,NEVP,IPP Non-CHP,Geothermal,geothermal,ST,Steam turbine,GEO,Geothermal,9,6.8,7,P,"Planned for installation, but regulatory approvals not initiated",2027-09-01
eia860:66621:1A,generator,Orange County Advanced Power Station,US-TX,30.025251,-93.87134,453,under_construction,,Entergy Texas Inc.,eia:860m,https://www.eia.gov/electricity/data/eia860m/xls/august_generator2026.xlsx,2026-09-26T00:04:26Z,2026-08,66621,1A,55937,TX,Orange,MISO,Electric Utility,Natural Gas Fired Combined Cycle,natural_gas,CT,Combined cycle combustion turbine part,NG,Natural gas,453,396.6,428.3,TS,"Construction complete, but not yet in commercial operation",2026-09-01
eia860:66621:1B,generator,Orange County Advanced Power Station,US-TX,30.025251,-93.87134,453,under_construction,,Entergy Texas Inc.,eia:860m,https://www.eia.gov/electricity/data/eia860m/xls/august_generator2026.xlsx,2026-09-26T00:04:26Z,2026-08,66621,1B,55937,TX,Orange,MISO,Electric Utility,Natural Gas Fired Combined Cycle,natural_gas,CT,Combined cycle combustion turbine part,NG,Natural gas,453,396.6,428.3,TS,"Construction complete, but not yet in commercial operation",2026-09-01
eia860:66621:1C,generator,Orange County Advanced Power Station,US-TX,30.025251,-93.87134,400,under_construction,,Entergy Texas Inc.,eia:860m,https://www.eia.gov/electricity/data/eia860m/xls/august_generator2026.xlsx,2026-09-26T00:04:26Z,2026-08,66621,1C,55937,TX,Orange,MISO,Electric Utility,Natural Gas Fired Combined Cycle,natural_gas,CA,Combined cycle steam part,NG,Natural gas,400,365,360.6,TS,"Construction complete, but not yet in commercial operation",2026-09-01
eia860:66644:COBA1,generator,Convergent Coamo Energy Storage 1 LLC,US-PR,18.053141,-66.37983,55,planned,,Convergent Energy and Power LP,eia:860m,https://www.eia.gov/electricity/data/eia860m/xls/august_generator2026.xlsx,2026-09-26T00:04:26Z,2026-08,66644,COBA1,61978,PR,,,IPP Non-CHP,Batteries,storage,BA,"Energy storage, battery",MWH,Electricity used for energy storage,55,55,55,P,"Planned for installation, but regulatory approvals not initiated",2027-03-01
eia860:66644:COPV1,generator,Convergent Coamo Energy Storage 1 LLC,US-PR,18.053141,-66.37983,100,planned,,Convergent Energy and Power LP,eia:860m,https://www.eia.gov/electricity/data/eia860m/xls/august_generator2026.xlsx,2026-09-26T00:04:26Z,2026-08,66644,COPV1,61978,PR,,,IPP Non-CHP,Solar Photovoltaic,solar,PV,Photovoltaic,SUN,Solar,100,100,100,P,"Planned for installation, but regulatory approvals not initiated",2027-03-01
eia860:66651:37565,generator,Arco Wind and Solar Project,US-ID,43.557,-112.4415,153,planned,,PacifiCorp,eia:860m,https://www.eia.gov/electricity/data/eia860m/xls/august_generator2026.xlsx,2026-09-26T00:04:26Z,2026-08,66651,37565,14354,ID,Bonneville,PACE,Electric Utility,Onshore Wind Turbine,wind,WT,"Wind turbine, onshore",WND,Wind,153,153,153,T,Regulatory approvals received. Not under construction,2027-12-01
eia860:66651:C2-92,generator,Arco Wind and Solar Project,US-ID,43.557,-112.4415,206,planned,,PacifiCorp,eia:860m,https://www.eia.gov/electricity/data/eia860m/xls/august_generator2026.xlsx,2026-09-26T00:04:26Z,2026-08,66651,C2-92,14354,ID,Bonneville,PACE,Electric Utility,Onshore Wind Turbine,wind,WT,"Wind turbine, onshore",WND,Wind,206,206,206,T,Regulatory approvals received. Not under construction,2028-12-01
eia860:66657:STEUB,generator,Steubenville Solar,US-OH,40.351722,-80.67036,43,planned,,BQ Energy Development,eia:860m,https://www.eia.gov/electricity/data/eia860m/xls/august_generator2026.xlsx,2026-09-26T00:04:26Z,2026-08,66657,STEUB,66061,OH,Jefferson,PJM,IPP Non-CHP,Solar Photovoltaic,solar,PV,Photovoltaic,SUN,Solar,43,43,43,P,"Planned for installation, but regulatory approvals not initiated",2027-03-01
eia860:66658:NOTT,generator,Nottingham Solar,US-OH,40.189455,-81.04111,100,under_construction,,BQ Energy Development,eia:860m,https://www.eia.gov/electricity/data/eia860m/xls/august_generator2026.xlsx,2026-09-26T00:04:26Z,2026-08,66658,NOTT,66061,OH,Harrison,PJM,IPP Non-CHP,Solar Photovoltaic,solar,PV,Photovoltaic,SUN,Solar,100,100,100,U,"Under construction, less than or equal to 50 percent complete",2026-12-01
eia860:66663:EMPIR,generator,Empire Solar (NY),US-NY,42.2596,-79.6142,125,planned,,AES Clean Energy,eia:860m,https://www.eia.gov/electricity/data/eia860m/xls/august_generator2026.xlsx,2026-09-26T00:04:26Z,2026-08,66663,EMPIR,64904,NY,Chautauqua,NYIS,IPP Non-CHP,Solar Photovoltaic,solar,PV,Photovoltaic,SUN,Solar,125,125,125,P,"Planned for installation, but regulatory approvals not initiated",2027-12-01
eia860:66671:CONEZ,generator,"Conez Solar, LLC",US-GA,32.458353,-82.39457,150,planned,,"Samsung C&T Renewables, LLC",eia:860m,https://www.eia.gov/electricity/data/eia860m/xls/august_generator2026.xlsx,2026-09-26T00:04:26Z,2026-08,66671,CONEZ,65144,GA,Emanuel,SOCO,IPP Non-CHP,Solar Photovoltaic,solar,PV,Photovoltaic,SUN,Solar,150,150,150,P,"Planned for installation, but regulatory approvals not initiated",2027-06-01
eia860:66672:AG239,generator,"Stark Solar, LLC",US-OH,40.852661,-81.15701,150,planned,,"Samsung C&T Renewables, LLC",eia:860m,https://www.eia.gov/electricity/data/eia860m/xls/august_generator2026.xlsx,2026-09-26T00:04:26Z,2026-08,66672,AG239,65144,OH,Stark,PJM,IPP Non-CHP,Solar Photovoltaic,solar,PV,Photovoltaic,SUN,Solar,150,150,150,P,"Planned for installation, but regulatory approvals not initiated",2027-03-01
eia860:66673:66666,generator,"Accalia Point Solar, LLC",US-TX,26.098075,-97.83752,190.5,planned,,"Accalia Point Solar, LLC",eia:860m,https://www.eia.gov/electricity/data/eia860m/xls/august_generator2026.xlsx,2026-09-26T00:04:26Z,2026-08,66673,66666,65687,TX,Cameron,ERCO,IPP Non-CHP,Solar Photovoltaic,solar,PV,Photovoltaic,SUN,Solar,190.5,190.5,190.5,P,"Planned for installation, but regulatory approvals not initiated",2028-05-01
eia860:66675:ALOAK,generator,"Alfred Oaks Solar, LLC",US-NY,42.21,-77.82,115.2,planned,,"Alfred Oaks Solar, LLC",eia:860m,https://www.eia.gov/electricity/data/eia860m/xls/august_generator2026.xlsx,2026-09-26T00:04:26Z,2026-08,66675,ALOAK,65689,NY,Allegany,NYIS,IPP Non-CHP,Solar Photovoltaic,solar,PV,Photovoltaic,SUN,Solar,115.2,115.2,115.2,P,"Planned for installation, but regulatory approvals not initiated",2029-12-01
eia860:66678:IPAR1,generator,Aramis I Solar Project,US-CA,37.749678,-121.7661,100,under_construction,,"IP Aramis, LLC",eia:860m,https://www.eia.gov/electricity/data/eia860m/xls/august_generator2026.xlsx,2026-09-26T00:04:26Z,2026-08,66678,IPAR1,65682,CA,Alameda,CISO,IPP Non-CHP,Solar Photovoltaic,solar,PV,Photovoltaic,SUN,Solar,100,100,100,U,"Under construction, less than or equal to 50 percent complete",2026-09-01
eia860:66678:IPARB,generator,Aramis I Solar Project,US-CA,37.749678,-121.7661,100,under_construction,,"IP Aramis, LLC",eia:860m,https://www.eia.gov/electricity/data/eia860m/xls/august_generator2026.xlsx,2026-09-26T00:04:26Z,2026-08,66678,IPARB,65682,CA,Alameda,CISO,IPP Non-CHP,Batteries,storage,BA,"Energy storage, battery",MWH,Electricity used for energy storage,100,100,100,U,"Under construction, less than or equal to 50 percent complete",2026-09-01
eia860:66682:NY10,generator,"KCE NY 10, LLC",US-NY,42.907908,-78.66011,20,planned,,Key Capture Energy,eia:860m,https://www.eia.gov/electricity/data/eia860m/xls/august_generator2026.xlsx,2026-09-26T00:04:26Z,2026-08,66682,NY10,63289,NY,Erie,NYIS,IPP Non-CHP,Batteries,storage,BA,"Energy storage, battery",MWH,Electricity used for energy storage,20,20,20,P,"Planned for installation, but regulatory approvals not initiated",2028-10-01
eia860:66684:HL001,generator,Intermountain Pumped Storage Project,US-UT,39.414705,-112.4404,250,planned,,Premium Energy Holdings,eia:860m,https://www.eia.gov/electricity/data/eia860m/xls/august_generator2026.xlsx,2026-09-26T00:04:26Z,2026-08,66684,HL001,65690,UT,Millard,LDWP,IPP Non-CHP,Hydroelectric Pumped Storage,storage,PS,"Energy storage, reversible hydraulic turbine (pumped storage)",WAT,Water,250,250,250,P,"Planned for installation, but regulatory approvals not initiated",2028-07-01
eia860:66684:HL002,generator,Intermountain Pumped Storage Project,US-UT,39.414705,-112.4404,250,planned,,Premium Energy Holdings,eia:860m,https://www.eia.gov/electricity/data/eia860m/xls/august_generator2026.xlsx,2026-09-26T00:04:26Z,2026-08,66684,HL002,65690,UT,Millard,LDWP,IPP Non-CHP,Hydroelectric Pumped Storage,storage,PS,"Energy storage, reversible hydraulic turbine (pumped storage)",WAT,Water,250,250,250,P,"Planned for installation, but regulatory approvals not initiated",2028-07-01
eia860:66684:HL003,generator,Intermountain Pumped Storage Project,US-UT,39.414705,-112.4404,250,planned,,Premium Energy Holdings,eia:860m,https://www.eia.gov/electricity/data/eia860m/xls/august_generator2026.xlsx,2026-09-26T00:04:26Z,2026-08,66684,HL003,65690,UT,Millard,LDWP,IPP Non-CHP,Hydroelectric Pumped Storage,storage,PS,"Energy storage, reversible hydraulic turbine (pumped storage)",WAT,Water,250,250,250,P,"Planned for installation, but regulatory approvals not initiated",2028-07-01
eia860:66684:HL004,generator,Intermountain Pumped Storage Project,US-UT,39.414705,-112.4404,250,planned,,Premium Energy Holdings,eia:860m,https://www.eia.gov/electricity/data/eia860m/xls/august_generator2026.xlsx,2026-09-26T00:04:26Z,2026-08,66684,HL004,65690,UT,Millard,LDWP,IPP Non-CHP,Hydroelectric Pumped Storage,storage,PS,"Energy storage, reversible hydraulic turbine (pumped storage)",WAT,Water,250,250,250,P,"Planned for installation, but regulatory approvals not initiated",2028-07-01
eia860:66685:WH001,generator,Whale Rock Pumped Storage Hydro Project,US-CA,35.454196,-120.8671,200,planned,,Premium Energy Holdings,eia:860m,https://www.eia.gov/electricity/data/eia860m/xls/august_generator2026.xlsx,2026-09-26T00:04:26Z,2026-08,66685,WH001,65690,CA,San Luis Obispo,CISO,IPP Non-CHP,Hydroelectric Pumped Storage,storage,PS,"Energy storage, reversible hydraulic turbine (pumped storage)",WAT,Water,200,200,200,P,"Planned for installation, but regulatory approvals not initiated",2027-07-01
eia860:66685:WH002,generator,Whale Rock Pumped Storage Hydro Project,US-CA,35.454196,-120.8671,200,planned,,Premium Energy Holdings,eia:860m,https://www.eia.gov/electricity/data/eia860m/xls/august_generator2026.xlsx,2026-09-26T00:04:26Z,2026-08,66685,WH002,65690,CA,San Luis Obispo,CISO,IPP Non-CHP,Hydroelectric Pumped Storage,storage,PS,"Energy storage, reversible hydraulic turbine (pumped storage)",WAT,Water,200,200,200,P,"Planned for installation, but regulatory approvals not initiated",2027-07-01
eia860:66685:WH003,generator,Whale Rock Pumped Storage Hydro Project,US-CA,35.454196,-120.8671,200,planned,,Premium Energy Holdings,eia:860m,https://www.eia.gov/electricity/data/eia860m/xls/august_generator2026.xlsx,2026-09-26T00:04:26Z,2026-08,66685,WH003,65690,CA,San Luis Obispo,CISO,IPP Non-CHP,Hydroelectric Pumped Storage,storage,PS,"Energy storage, reversible hydraulic turbine (pumped storage)",WAT,Water,200,200,200,P,"Planned for installation, but regulatory approvals not initiated",2027-07-01
eia860:66686:HL001,generator,Haiwee Pumped Storage Project,US-CA,36.233105,-117.9625,250,planned,,Premium Energy Holdings,eia:860m,https://www.eia.gov/electricity/data/eia860m/xls/august_generator2026.xlsx,2026-09-26T00:04:26Z,2026-08,66686,HL001,65690,CA,Inyo,LDWP,IPP Non-CHP,Hydroelectric Pumped Storage,storage,PS,"Energy storage, reversible hydraulic turbine (pumped storage)",WAT,Water,250,250,250,P,"Planned for installation, but regulatory approvals not initiated",2028-07-01
eia860:66686:HL002,generator,Haiwee Pumped Storage Project,US-CA,36.233105,-117.9625,250,planned,,Premium Energy Holdings,eia:860m,https://www.eia.gov/electricity/data/eia860m/xls/august_generator2026.xlsx,2026-09-26T00:04:26Z,2026-08,66686,HL002,65690,CA,Inyo,LDWP,IPP Non-CHP,Hydroelectric Pumped Storage,storage,PS,"Energy storage, reversible hydraulic turbine (pumped storage)",WAT,Water,250,250,250,P,"Planned for installation, but regulatory approvals not initiated",2028-07-01
eia860:66686:HL003,generator,Haiwee Pumped Storage Project,US-CA,36.233105,-117.9625,250,planned,,Premium Energy Holdings,eia:860m,https://www.eia.gov/electricity/data/eia860m/xls/august_generator2026.xlsx,2026-09-26T00:04:26Z,2026-08,66686,HL003,65690,CA,Inyo,LDWP,IPP Non-CHP,Hydroelectric Pumped Storage,storage,PS,"Energy storage, reversible hydraulic turbine (pumped storage)",WAT,Water,250,250,250,P,"Planned for installation, but regulatory approvals not initiated",2028-07-01
eia860:66686:HL004,generator,Haiwee Pumped Storage Project,US-CA,36.233105,-117.9625,250,planned,,Premium Energy Holdings,eia:860m,https://www.eia.gov/electricity/data/eia860m/xls/august_generator2026.xlsx,2026-09-26T00:04:26Z,2026-08,66686,HL004,65690,CA,Inyo,LDWP,IPP Non-CHP,Hydroelectric Pumped Storage,storage,PS,"Energy storage, reversible hydraulic turbine (pumped storage)",WAT,Water,250,250,250,P,"Planned for installation, but regulatory approvals not initiated",2028-07-01
eia860:66691:BRIGG,generator,"Briggs Solar, LLC",US-TX,33.144326,-99.55977,305,planned,,"Intersect USA, LLC",eia:860m,https://www.eia.gov/electricity/data/eia860m/xls/august_generator2026.xlsx,2026-09-26T00:04:26Z,2026-08,66691,BRIGG,67582,TX,Haskell,ERCO,IPP Non-CHP,Solar Photovoltaic,solar,PV,Photovoltaic,SUN,Solar,305,305,305,L,Regulatory approvals pending. Not under construction,2027-12-01
eia860:66691:BRUGG,generator,"Briggs Solar, LLC",US-TX,33.144326,-99.55977,70.5,planned,,"Intersect USA, LLC",eia:860m,https://www.eia.gov/electricity/data/eia860m/xls/august_generator2026.xlsx,2026-09-26T00:04:26Z,2026-08,66691,BRUGG,67582,TX,Haskell,ERCO,IPP Non-CHP,Batteries,storage,BA,"Energy storage, battery",MWH,Electricity used for energy storage,70.5,70.5,70.5,L,Regulatory approvals pending. Not under construction,2027-12-01
eia860:66695:HRSPN,generator,Horsepen Branch Solar,US-VA,37.961,-77.792,25,planned,,Horsepen Branch Solar,eia:860m,https://www.eia.gov/electricity/data/eia860m/xls/august_generator2026.xlsx,2026-09-26T00:04:26Z,2026-08,66695,HRSPN,65701,VA,Louisa,PJM,IPP Non-CHP,Solar Photovoltaic,solar,PV,Photovoltaic,SUN,Solar,25,25,25,P,"Planned for installation, but regulatory approvals not initiated",2028-12-01
eia860:66701:BB1,generator,Buffalo Branch Wind and Solar LLC,US-MO,37.38332,-93.92999,247,planned,,Buffalo Branch Wind and Solar LLC,eia:860m,https://www.eia.gov/electricity/data/eia860m/xls/august_generator2026.xlsx,2026-09-26T00:04:26Z,2026-08,66701,BB1,65708,MO,Dade,AECI,IPP Non-CHP,Onshore Wind Turbine,wind,WT,"Wind turbine, onshore",WND,Wind,247,247,247,P,"Planned for installation, but regulatory approvals not initiated",2029-12-01
eia860:66703:11103,generator,Austin Creek Solar,US-IL,39.790103,-91.31508,140,planned,,Strata Clean Energy,eia:860m,https://www.eia.gov/electricity/data/eia860m/xls/august_generator2026.xlsx,2026-09-26T00:04:26Z,2026-08,66703,11103,65715,IL,Adams,MISO,IPP Non-CHP,Solar Photovoltaic,solar,PV,Photovoltaic,SUN,Solar,140,140,140,P,"Planned for installation, but regulatory approvals not initiated",2027-09-01
eia860:66706:11101,generator,Patoka Solar,US-IN,38.14033,-87.77567,250,planned,,Strata Clean Energy,eia:860m,https://www.eia.gov/electricity/data/eia860m/xls/august_generator2026.xlsx,2026-09-26T00:04:26Z,2026-08,66706,11101,65715,IN,Posey,MISO,IPP Non-CHP,Solar Photovoltaic,solar,PV,Photovoltaic,SUN,Solar,250,250,250,P,"Planned for installation, but regulatory approvals not initiated",2027-09-01
eia860:66707:11102,generator,Prairie Oak Solar,US-IL,39.542799,-89.03153,250,planned,,Strata Clean Energy,eia:860m,https://www.eia.gov/electricity/data/eia860m/xls/august_generator2026.xlsx,2026-09-26T00:04:26Z,2026-08,66707,11102,65715,IL,Shelby,MISO,IPP Non-CHP,Solar Photovoltaic,solar,PV,Photovoltaic,SUN,Solar,250,250,250,P,"Planned for installation, but regulatory approvals not initiated",2027-09-01
eia860:66768:694,generator,Hogs Bay,US-ME,44.57579,-68.19965,2,under_construction,,Greenbacker Renewable Energy Corporation,eia:860m,https://www.eia.gov/electricity/data/eia860m/xls/august_generator2026.xlsx,2026-09-26T00:04:26Z,2026-08,66768,694,60025,ME,Hancock,ISNE,IPP Non-CHP,Solar Photovoltaic,solar,PV,Photovoltaic,SUN,Solar,2,2,2,V,"Under construction, more than 50 percent complete",2026-11-01
eia860:66778:HS1,generator,Hart Solar Project,US-MI,43.692866,-86.32097,120,under_construction,,"Hart Solar Partners, LLC",eia:860m,https://www.eia.gov/electricity/data/eia860m/xls/august_generator2026.xlsx,2026-09-26T00:04:26Z,2026-08,66778,HS1,65741,MI,Oceana,MISO,IPP Non-CHP,Solar Photovoltaic,solar,PV,Photovoltaic,SUN,Solar,120,120,120,U,"Under construction, less than or equal to 50 percent complete",2026-09-01
eia860:66785:ELVAK,generator,Elevate Arthur Kill,US-NY,40.590066,-74.19836,15.1,under_construction,,"Lighthouse Arthur Kill, LLC",eia:860m,https://www.eia.gov/electricity/data/eia860m/xls/august_generator2026.xlsx,2026-09-26T00:04:26Z,2026-08,66785,ELVAK,65761,NY,Richmond,NYIS,IPP Non-CHP,Batteries,storage,BA,"Energy storage, battery",MWH,Electricity used for energy storage,15.1,15.1,15.1,TS,"Construction complete, but not yet in commercial operation",2026-09-01
eia860:66786:ELVMT,generator,Elevate Middletown,US-CT,41.554321,-72.57832,275,planned,,"Lighthouse Middletown, LLC",eia:860m,https://www.eia.gov/electricity/data/eia860m/xls/august_generator2026.xlsx,2026-09-26T00:04:26Z,2026-08,66786,ELVMT,65762,CT,Middlesex,ISNE,IPP Non-CHP,Batteries,storage,BA,"Energy storage, battery",MWH,Electricity used for energy storage,275,275,275,P,"Planned for installation, but regulatory approvals not initiated",2027-12-01
eia860:66787:ELVPS,generator,Elevate Pier S,US-CA,33.764993,-118.2237,70,planned,,"Lighthouse Pier S, LLC",eia:860m,https://www.eia.gov/electricity/data/eia860m/xls/august_generator2026.xlsx,2026-09-26T00:04:26Z,2026-08,66787,ELVPS,65764,CA,Los Angeles,CISO,IPP Non-CHP,Batteries,storage,BA,"Energy storage, battery",MWH,Electricity used for energy storage,70,70,70,L,Regulatory approvals pending. Not under construction,2026-12-01
eia860:66805:LYCAN,generator,Lycan Solar Project,US-CA,33.621326,-115.0959,400,planned,,"EDF Renewables Development, Inc.",eia:860m,https://www.eia.gov/electricity/data/eia860m/xls/august_generator2026.xlsx,2026-09-26T00:04:26Z,2026-08,66805,LYCAN,64452,CA,Riverside,CISO,IPP Non-CHP,Solar Photovoltaic,solar,PV,Photovoltaic,SUN,Solar,400,400,400,L,Regulatory approvals pending. Not under construction,2027-12-01
eia860:66805:LYCN2,generator,Lycan Solar Project,US-CA,33.621326,-115.0959,400,planned,,"EDF Renewables Development, Inc.",eia:860m,https://www.eia.gov/electricity/data/eia860m/xls/august_generator2026.xlsx,2026-09-26T00:04:26Z,2026-08,66805,LYCN2,64452,CA,Riverside,CISO,IPP Non-CHP,Batteries,storage,BA,"Energy storage, battery",MWH,Electricity used for energy storage,400,400,400,P,"Planned for installation, but regulatory approvals not initiated",2030-04-01
eia860:66830:P5376,generator,Harrah's Atlantic City - POI 1 (Meeting,US-NJ,39.384389,-74.42627,2.3,under_construction,,"Distributed Solar Development, LLC",eia:860m,https://www.eia.gov/electricity/data/eia860m/xls/august_generator2026.xlsx,2026-09-26T00:04:26Z,2026-08,66830,P5376,64872,NJ,Atlantic,PJM,IPP Non-CHP,Solar Photovoltaic,solar,PV,Photovoltaic,SUN,Solar,2.3,2.3,2.3,U,"Under construction, less than or equal to 50 percent complete",2026-12-01
eia860:66850:BEAC1,generator,Beaver Creek Solar,US-PA,40.086625,-77.66283,34.2,planned,,Urban Grid Solar,eia:860m,https://www.eia.gov/electricity/data/eia860m/xls/august_generator2026.xlsx,2026-09-26T00:04:26Z,2026-08,66850,BEAC1,65777,PA,Franklin,PJM,IPP Non-CHP,Solar Photovoltaic,solar,PV,Photovoltaic,SUN,Solar,34.2,34.2,34.2,L,Regulatory approvals pending. Not under construction,2027-06-01
eia860:66851:FAIR1,generator,Fairview Solar (AR),US-AR,33.342883,-91.89495,75,planned,,Urban Grid Solar,eia:860m,https://www.eia.gov/electricity/data/eia860m/xls/august_generator2026.xlsx,2026-09-26T00:04:26Z,2026-08,66851,FAIR1,65777,AR,Ashley,MISO,IPP Non-CHP,Solar Photovoltaic,solar,PV,Photovoltaic,SUN,Solar,75,75,75,L,Regulatory approvals pending. Not under construction,2027-12-01
eia860:66852:HILL3,generator,Hillsboro Solar 3,US-AL,34.669883,-87.2332,200,planned,,Urban Grid Solar,eia:860m,https://www.eia.gov/electricity/data/eia860m/xls/august_generator2026.xlsx,2026-09-26T00:04:26Z,2026-08,66852,HILL3,65777,AL,Lawrence,TVA,IPP Non-CHP,Solar Photovoltaic,solar,PV,Photovoltaic,SUN,Solar,200,200,200,L,Regulatory approvals pending. Not under construction,2027-05-01
eia860:66858:SPRV2,generator,Spring Valley Solar 2,US-AL,34.674983,-87.66373,200,planned,,Urban Grid Solar,eia:860m,https://www.eia.gov/electricity/data/eia860m/xls/august_generator2026.xlsx,2026-09-26T00:04:26Z,2026-08,66858,SPRV2,65777,AL,Colbert,TVA,IPP Non-CHP,Solar Photovoltaic,solar,PV,Photovoltaic,SUN,Solar,200,200,200,L,Regulatory approvals pending. Not under construction,2028-02-01
eia860:66862:NY29,generator,"KCE NY 29, LLC",US-NY,40.81278,-73.21729,79,planned,,Key Capture Energy,eia:860m,https://www.eia.gov/electricity/data/eia860m/xls/august_generator2026.xlsx,2026-09-26T00:04:26Z,2026-08,66862,NY29,63289,NY,Suffolk,NYIS,IPP Non-CHP,Batteries,storage,BA,"Energy storage, battery",MWH,Electricity used for energy storage,79,79,79,P,"Planned for installation, but regulatory approvals not initiated",2030-03-01
eia860:66870:DAVS,generator,Davis Solar (WV),US-WV,39.155005,-79.44334,11.5,planned,,Monongahela Power Co,eia:860m,https://www.eia.gov/electricity/data/eia860m/xls/august_generator2026.xlsx,2026-09-26T00:04:26Z,2026-08,66870,DAVS,12796,WV,Tucker,PJM,Electric Utility,Solar Photovoltaic,solar,PV,Photovoltaic,SUN,Solar,11.5,11.5,11.5,L,Regulatory approvals pending. Not under construction,2028-12-01
eia860:66871:SOLAR,generator,"GulfStar Power, LLC",US-TX,29.191296,-95.96752,451.6,under_construction,,"GulfStar Power, LLC",eia:860m,https://www.eia.gov/electricity/data/eia860m/xls/august_generator2026.xlsx,2026-09-26T00:04:26Z,2026-08,66871,SOLAR,65805,TX,Wharton,ERCO,IPP Non-CHP,Solar Photovoltaic,solar,PV,Photovoltaic,SUN,Solar,451.6,451.6,451.6,TS,"Construction complete, but not yet in commercial operation",2026-10-01
eia860:66879:CT1,generator,"KCE CT 1, LLC",US-CT,41.882568,-71.89481,45,planned,,Key Capture Energy,eia:860m,https://www.eia.gov/electricity/data/eia860m/xls/august_generator2026.xlsx,2026-09-26T00:04:26Z,2026-08,66879,CT1,63289,CT,Windham,ISNE,IPP Non-CHP,Batteries,storage,BA,"Energy storage, battery",MWH,Electricity used for energy storage,45,45,45,P,"Planned for installation, but regulatory approvals not initiated",2031-04-01
eia860:66891:245BS,generator,Indigo Solar & Storage,US-TX,32.628061,-100.236,180,planned,,Innovative Solar 245 LLC,eia:860m,https://www.eia.gov/electricity/data/eia860m/xls/august_generator2026.xlsx,2026-09-26T00:04:26Z,2026-08,66891,245BS,65814,TX,Fisher,ERCO,IPP Non-CHP,Batteries,storage,BA,"Energy storage, battery",MWH,Electricity used for energy storage,180,180,180,P,"Planned for installation, but regulatory approvals not initiated",2027-05-01
eia860:66891:IS245,generator,Indigo Solar & Storage,US-TX,32.628061,-100.236,150,planned,,Innovative Solar 245 LLC,eia:860m,https://www.eia.gov/electricity/data/eia860m/xls/august_generator2026.xlsx,2026-09-26T00:04:26Z,2026-08,66891,IS245,65814,TX,Fisher,ERCO,IPP Non-CHP,Solar Photovoltaic,solar,PV,Photovoltaic,SUN,Solar,150,150,150,P,"Planned for installation, but regulatory approvals not initiated",2027-05-01
eia860:66893:TXJC2,generator,Jones City 2 Solar,US-TX,32.794928,-99.99293,185,under_construction,,"Lightsource Renewable Energy Asset Management, LLC",eia:860m,https://www.eia.gov/electricity/data/eia860m/xls/august_generator2026.xlsx,2026-09-26T00:04:26Z,2026-08,66893,TXJC2,62842,TX,Jones,ERCO,IPP Non-CHP,Solar Photovoltaic,solar,PV,Photovoltaic,SUN,Solar,185,185,185,TS,"Construction complete, but not yet in commercial operation",2026-10-01
eia860:66893:TXJS2,generator,Jones City 2 Solar,US-TX,32.794928,-99.99293,200,under_construction,,"Lightsource Renewable Energy Asset Management, LLC",eia:860m,https://www.eia.gov/electricity/data/eia860m/xls/august_generator2026.xlsx,2026-09-26T00:04:26Z,2026-08,66893,TXJS2,62842,TX,Jones,ERCO,IPP Non-CHP,Batteries,storage,BA,"Energy storage, battery",MWH,Electricity used for energy storage,200,200,200,U,"Under construction, less than or equal to 50 percent complete",2027-03-01
eia860:66894:ALBBA,generator,"Albatross Solar, LLC",US-TX,31.484342,-97.42239,50.4,planned,,Sunraycer Assets I LLC,eia:860m,https://www.eia.gov/electricity/data/eia860m/xls/august_generator2026.xlsx,2026-09-26T00:04:26Z,2026-08,66894,ALBBA,65815,TX,McLennan,ERCO,IPP Non-CHP,Batteries,storage,BA,"Energy storage, battery",MWH,Electricity used for energy storage,50.4,50.4,50.4,P,"Planned for installation, but regulatory approvals not initiated",2027-12-01
eia860:66894:ALBPV,generator,"Albatross Solar, LLC",US-TX,31.484342,-97.42239,101,planned,,Sunraycer Assets I LLC,eia:860m,https://www.eia.gov/electricity/data/eia860m/xls/august_generator2026.xlsx,2026-09-26T00:04:26Z,2026-08,66894,ALBPV,65815,TX,McLennan,ERCO,IPP Non-CHP,Solar Photovoltaic,solar,PV,Photovoltaic,SUN,Solar,101,101,101,P,"Planned for installation, but regulatory approvals not initiated",2027-12-01
eia860:66895:LP1BA,generator,"Lupinus Solar 1, LLC",US-TX,30.303385,-95.25692,83,planned,,Sunraycer Assets I LLC,eia:860m,https://www.eia.gov/electricity/data/eia860m/xls/august_generator2026.xlsx,2026-09-26T00:04:26Z,2026-08,66895,LP1BA,65815,TX,Franklin,ERCO,IPP Non-CHP,Batteries,storage,BA,"Energy storage, battery",MWH,Electricity used for energy storage,83,83,83,P,"Planned for installation, but regulatory approvals not initiated",2027-09-01
eia860:66895:LP1PV,generator,"Lupinus Solar 1, LLC",US-TX,30.303385,-95.25692,165,planned,,Sunraycer Assets I LLC,eia:860m,https://www.eia.gov/electricity/data/eia860m/xls/august_generator2026.xlsx,2026-09-26T00:04:26Z,2026-08,66895,LP1PV,65815,TX,Franklin,ERCO,IPP Non-CHP,Solar Photovoltaic,solar,PV,Photovoltaic,SUN,Solar,165,165,165,P,"Planned for installation, but regulatory approvals not initiated",2027-09-01
eia860:66896:LP2BA,generator,"Lupinus Solar 2, LLC",US-TX,30.303385,-95.25692,122.9,planned,,Sunraycer Assets I LLC,eia:860m,https://www.eia.gov/electricity/data/eia860m/xls/august_generator2026.xlsx,2026-09-26T00:04:26Z,2026-08,66896,LP2BA,65815,TX,Franklin,ERCO,IPP Non-CHP,Batteries,storage,BA,"Energy storage, battery",MWH,Electricity used for energy storage,122.9,122.9,122.9,P,"Planned for installation, but regulatory approvals not initiated",2027-12-01
eia860:66896:LP2PV,generator,"Lupinus Solar 2, LLC",US-TX,30.303385,-95.25692,244,planned,,Sunraycer Assets I LLC,eia:860m,https://www.eia.gov/electricity/data/eia860m/xls/august_generator2026.xlsx,2026-09-26T00:04:26Z,2026-08,66896,LP2PV,65815,TX,Franklin,ERCO,IPP Non-CHP,Solar Photovoltaic,solar,PV,Photovoltaic,SUN,Solar,244,244,244,P,"Planned for installation, but regulatory approvals not initiated",2027-12-01
eia860:66901:WRS,generator,Wylie Ridge Solar,US-WV,40.452683,-80.57255,8.4,planned,,Monongahela Power Co,eia:860m,https://www.eia.gov/electricity/data/eia860m/xls/august_generator2026.xlsx,2026-09-26T00:04:26Z,2026-08,66901,WRS,12796,WV,Hancock,PJM,Electric Utility,Solar Photovoltaic,solar,PV,Photovoltaic,SUN,Solar,8.4,8.4,8.4,L,Regulatory approvals pending. Not under construction,2027-12-01
eia860:66904:LBTN,generator,"Lumberton PV I, LLC",US-TX,30.298323,-94.27631,200,planned,,"Lumberton PV I, LLC",eia:860m,https://www.eia.gov/electricity/data/eia860m/xls/august_generator2026.xlsx,2026-09-26T00:04:26Z,2026-08,66904,LBTN,65812,TX,Hardin,MISO,IPP Non-CHP,Solar Photovoltaic,solar,PV,Photovoltaic,SUN,Solar,200,200,200,P,"Planned for installation, but regulatory approvals not initiated",2027-12-01
eia860:66905:SOLAR,generator,Ables Springs Solar & Storage,US-TX,32.819566,-96.18484,151,under_construction,,"Ables Springs Solar, LLC",eia:860m,https://www.eia.gov/electricity/data/eia860m/xls/august_generator2026.xlsx,2026-09-26T00:04:26Z,2026-08,66905,SOLAR,65819,TX,Kaufman,ERCO,IPP Non-CHP,Solar Photovoltaic,solar,PV,Photovoltaic,SUN,Solar,151,151,151,TS,"Construction complete, but not yet in commercial operation",2026-10-01
eia860:66908:BZES,generator,Bonanza Solar and Storage Project,US-NV,36.558,-115.799,195,planned,,"EDF Renewables Development, Inc.",eia:860m,https://www.eia.gov/electricity/data/eia860m/xls/august_generator2026.xlsx,2026-09-26T00:04:26Z,2026-08,66908,BZES,64452,NV,Clark,CISO,IPP Non-CHP,Batteries,storage,BA,"Energy storage, battery",MWH,Electricity used for energy storage,195,195,195,L,Regulatory approvals pending. Not under construction,2027-12-01
eia860:66908:BZPV,generator,Bonanza Solar and Storage Project,US-NV,36.558,-115.799,300,planned,,"EDF Renewables Development, Inc.",eia:860m,https://www.eia.gov/electricity/data/eia860m/xls/august_generator2026.xlsx,2026-09-26T00:04:26Z,2026-08,66908,BZPV,64452,NV,Clark,CISO,IPP Non-CHP,Solar Photovoltaic,solar,PV,Photovoltaic,SUN,Solar,300,300,240,L,Regulatory approvals pending. Not under construction,2027-12-01
eia860:66910:MYR,generator,"Myrtle Solar, LLC",US-TX,29.228486,-95.42744,313,under_construction,,"Myrtle Solar, LLC",eia:860m,https://www.eia.gov/electricity/data/eia860m/xls/august_generator2026.xlsx,2026-09-26T00:04:26Z,2026-08,66910,MYR,65823,TX,Brazoria,ERCO,IPP Non-CHP,Solar Photovoltaic,solar,PV,Photovoltaic,SUN,Solar,313,313,313,TS,"Construction complete, but not yet in commercial operation",2026-10-01
eia860:66912:HS1,generator,Hill Solar 1,US-TX,32.139,-97.06,405,under_construction,,"Hill Solar 1, LLC",eia:860m,https://www.eia.gov/electricity/data/eia860m/xls/august_generator2026.xlsx,2026-09-26T00:04:26Z,2026-08,66912,HS1,65829,TX,Hill,ERCO,IPP Non-CHP,Solar Photovoltaic,solar,PV,Photovoltaic,SUN,Solar,405,405,405,TS,"Construction complete, but not yet in commercial operation",2026-09-01
eia860:66914:DAN,generator,"Danish Fields Solar, LLC",US-TX,29.013637,-96.22054,600,under_construction,,"Danish Fields Solar, LLC",eia:860m,https://www.eia.gov/electricity/data/eia860m/xls/august_generator2026.xlsx,2026-09-26T00:04:26Z,2026-08,66914,DAN,65831,TX,Wharton,ERCO,IPP Non-CHP,Solar Photovoltaic,solar,PV,Photovoltaic,SUN,Solar,600,600,600,TS,"Construction complete, but not yet in commercial operation",2026-09-01
eia860:66915:CTW,generator,Cottonwood Bayou Solar,US-TX,29.263123,-95.258,350,under_construction,,"Cottonwood Bayou Solar, LLC",eia:860m,https://www.eia.gov/electricity/data/eia860m/xls/august_generator2026.xlsx,2026-09-26T00:04:26Z,2026-08,66915,CTW,65832,TX,Brazoria,ERCO,IPP Non-CHP,Solar Photovoltaic,solar,PV,Photovoltaic,SUN,Solar,350,350,350,TS,"Construction complete, but not yet in commercial operation",2026-09-01
eia860:66922:59957,generator,Timber Cove Solar,US-TX,31.870589,-96.15247,100,planned,,Freestone Solar LLC,eia:860m,https://www.eia.gov/electricity/data/eia860m/xls/august_generator2026.xlsx,2026-09-26T00:04:26Z,2026-08,66922,59957,65837,TX,Freestone,ERCO,IPP Non-CHP,Solar Photovoltaic,solar,PV,Photovoltaic,SUN,Solar,100,100,100,P,"Planned for installation, but regulatory approvals not initiated",2028-05-01
eia860:66958:NOPR1,generator,Northern Prairie 1,US-WI,45.131813,-92.31686,101,planned,,"Leeward Asset Management, LLC",eia:860m,https://www.eia.gov/electricity/data/eia860m/xls/august_generator2026.xlsx,2026-09-26T00:04:26Z,2026-08,66958,NOPR1,50123,WI,St Croix,MISO,IPP Non-CHP,Solar Photovoltaic,solar,PV,Photovoltaic,SUN,Solar,101,101,101,T,Regulatory approvals received. Not under construction,2028-12-01
eia860:66960:BLKSL,generator,Blackford Solar,US-IN,40.41608,-85.25979,150,under_construction,,"Leeward Asset Management, LLC",eia:860m,https://www.eia.gov/electricity/data/eia860m/xls/august_generator2026.xlsx,2026-09-26T00:04:26Z,2026-08,66960,BLKSL,50123,IN,Blackford,PJM,IPP Non-CHP,Solar Photovoltaic,solar,PV,Photovoltaic,SUN,Solar,150,150,150,V,"Under construction, more than 50 percent complete",2026-10-01
eia860:66968:BFW00,generator,Blackford Wind,US-IN,40.402078,-85.30058,200,under_construction,,"Leeward Asset Management, LLC",eia:860m,https://www.eia.gov/electricity/data/eia860m/xls/august_generator2026.xlsx,2026-09-26T00:04:26Z,2026-08,66968,BFW00,50123,IN,Blackford,PJM,IPP Non-CHP,Onshore Wind Turbine,wind,WT,"Wind turbine, onshore",WND,Wind,200,200,200,V,"Under construction, more than 50 percent complete",2026-12-01
eia860:66976:WAPPA,generator,"Carol Wind, LLC",US-TX,35.259819,-102.0643,167.8,planned,,"Carol Wind, LLC",eia:860m,https://www.eia.gov/electricity/data/eia860m/xls/august_generator2026.xlsx,2026-09-26T00:04:26Z,2026-08,66976,WAPPA,65870,TX,Potter,ERCO,IPP Non-CHP,Onshore Wind Turbine,wind,WT,"Wind turbine, onshore",WND,Wind,167.8,167.8,167.8,T,Regulatory approvals received. Not under construction,2027-12-01
eia860:66978:MS1,generator,MPW Solar 1,US-IA,41.3849,-91.0964,24,planned,,"MPW Solar 1, LLC",eia:860m,https://www.eia.gov/electricity/data/eia860m/xls/august_generator2026.xlsx,2026-09-26T00:04:26Z,2026-08,66978,MS1,65871,IA,Muscatine,MISO,IPP Non-CHP,Solar Photovoltaic,solar,PV,Photovoltaic,SUN,Solar,24,24,24,T,Regulatory approvals received. Not under construction,2028-01-01
eia860:67059:1,generator,Iron Belt,US-TX,32.5557,-101.6601,400,planned,,"Iron Belt Energy Storage Project, LLC",eia:860m,https://www.eia.gov/electricity/data/eia860m/xls/august_generator2026.xlsx,2026-09-26T00:04:26Z,2026-08,67059,1,65967,TX,Borden,ERCO,IPP Non-CHP,Batteries,storage,BA,"Energy storage, battery",MWH,Electricity used for energy storage,400,400,400,P,"Planned for installation, but regulatory approvals not initiated",2027-06-01
eia860:67078:GRS3,generator,Quarter Ranch Solar,US-TX,27.301064,-99.43041,154.1,planned,,"Gransolar Texas Three, LLC",eia:860m,https://www.eia.gov/electricity/data/eia860m/xls/august_generator2026.xlsx,2026-09-26T00:04:26Z,2026-08,67078,GRS3,65986,TX,Webb,ERCO,IPP Non-CHP,Solar Photovoltaic,solar,PV,Photovoltaic,SUN,Solar,154.1,154,154,L,Regulatory approvals pending. Not under construction,2028-10-01
eia860:67090:FMS,generator,Flint Mine Solar,US-NY,42.313611,-73.84556,100,planned,,"Flint Mine Solar, LLC",eia:860m,https://www.eia.gov/electricity/data/eia860m/xls/august_generator2026.xlsx,2026-09-26T00:04:26Z,2026-08,67090,FMS,65998,NY,Greene,NYIS,IPP Non-CHP,Solar Photovoltaic,solar,PV,Photovoltaic,SUN,Solar,100,100,100,T,Regulatory approvals received. Not under construction,2028-03-01
eia860:67134:MARSH,generator,"SR Marshall, LLC",US-MS,34.959526,-89.58856,4.8,under_construction,,"SR Marshall, LLC",eia:860m,https://www.eia.gov/electricity/data/eia860m/xls/august_generator2026.xlsx,2026-09-26T00:04:26Z,2026-08,67134,MARSH,66012,MS,Marshall,TVA,IPP Non-CHP,Solar Photovoltaic,solar,PV,Photovoltaic,SUN,Solar,4.8,4.8,4.8,TS,"Construction complete, but not yet in commercial operation",2026-12-01
eia860:67157:PV1,generator,Powell Solar,US-OR,44.258414,-120.8895,55.9,planned,,Invenergy Services LLC,eia:860m,https://www.eia.gov/electricity/data/eia860m/xls/august_generator2026.xlsx,2026-09-26T00:04:26Z,2026-08,67157,PV1,49893,OR,Crook,PACW,IPP Non-CHP,Solar Photovoltaic,solar,PV,Photovoltaic,SUN,Solar,55.9,55.9,55.9,T,Regulatory approvals received. Not under construction,2027-12-01
eia860:67173:HLW00,generator,Hoosier Line Solar,US-IN,40.851153,-86.94475,180,planned,,"Leeward Asset Management, LLC",eia:860m,https://www.eia.gov/electricity/data/eia860m/xls/august_generator2026.xlsx,2026-09-26T00:04:26Z,2026-08,67173,HLW00,50123,IN,White,PJM,IPP Non-CHP,Solar Photovoltaic,solar,PV,Photovoltaic,SUN,Solar,180,180,180,P,"Planned for installation, but regulatory approvals not initiated",2027-10-01
eia860:67195:GEN,generator,Maple Leaf Solar,US-NC,35.595,-78.317,73,planned,,Capital Power Corporation,eia:860m,https://www.eia.gov/electricity/data/eia860m/xls/august_generator2026.xlsx,2026-09-26T00:04:26Z,2026-08,67195,GEN,59365,NC,Johnston,DUK,IPP Non-CHP,Solar Photovoltaic,solar,PV,Photovoltaic,SUN,Solar,73,73,73,T,Regulatory approvals received. Not under construction,2027-04-01
eia860:67215:ENX25,generator,Sun Ridge Solar,US-VA,38.314898,-78.74463,50,under_construction,,"Sun Ridge Solar, LLC",eia:860m,https://www.eia.gov/electricity/data/eia860m/xls/august_generator2026.xlsx,2026-09-26T00:04:26Z,2026-08,67215,ENX25,66076,VA,Rockingham,PJM,IPP Non-CHP,Solar Photovoltaic,solar,PV,Photovoltaic,SUN,Solar,50,50,50,V,"Under construction, more than 50 percent complete",2026-11-01
eia860:67221:NY128,generator,Foothills Solar (NY),US-NY,43.113678,-74.24503,40,planned,,Boralex US Operations LLC,eia:860m,https://www.eia.gov/electricity/data/eia860m/xls/august_generator2026.xlsx,2026-09-26T00:04:26Z,2026-08,67221,NY128,66100,NY,Fulton,NYIS,IPP Non-CHP,Solar Photovoltaic,solar,PV,Photovoltaic,SUN,Solar,40,40,40,P,"Planned for installation, but regulatory approvals not initiated",2030-12-01
eia860:67222:1,generator,Yellow Viking Solar,US-TX,32.31664,-97.62889,170,planned,,Lydian Energy,eia:860m,https://www.eia.gov/electricity/data/eia860m/xls/august_generator2026.xlsx,2026-09-26T00:04:26Z,2026-08,67222,1,66950,TX,Somervell,ERCO,IPP Non-CHP,Solar Photovoltaic,solar,PV,Photovoltaic,SUN,Solar,170,170,170,L,Regulatory approvals pending. Not under construction,2027-10-01
eia860:67226:ROCKH,generator,Rock House Solar,US-GA,33.4481,-82.4039,250,planned,,"EDF Renewables Development, Inc.",eia:860m,https://www.eia.gov/electricity/data/eia860m/xls/august_generator2026.xlsx,2026-09-26T00:04:26Z,2026-08,67226,ROCKH,64452,GA,McDuffie,SOCO,IPP Non-CHP,Solar Photovoltaic,solar,PV,Photovoltaic,SUN,Solar,250,250,250,P,"Planned for installation, but regulatory approvals not initiated",2027-11-01
eia860:67231:HS,generator,"Hinds Solar, LLC",US-MS,32.416186,-90.38886,150,under_construction,,"Hinds Solar, LLC",eia:860m,https://www.eia.gov/electricity/data/eia860m/xls/august_generator2026.xlsx,2026-09-26T00:04:26Z,2026-08,67231,HS,66108,MS,Hinds,MISO,IPP Non-CHP,Solar Photovoltaic,solar,PV,Photovoltaic,SUN,Solar,150,150,150,U,"Under construction, less than or equal to 50 percent complete",2027-07-01
eia860:67233:SOL1,generator,Lawrence County Solar,US-AL,34.63928,-87.25098,193,planned,,Tennessee Valley Authority,eia:860m,https://www.eia.gov/electricity/data/eia860m/xls/august_generator2026.xlsx,2026-09-26T00:04:26Z,2026-08,67233,SOL1,18642,AL,Lawrence,TVA,Electric Utility,Solar Photovoltaic,solar,PV,Photovoltaic,SUN,Solar,193,193,193,P,"Planned for installation, but regulatory approvals not initiated",2027-12-01
eia860:67249:RRES,generator,Rock Rose Energy Storage,US-TX,29.395241,-95.73535,200,under_construction,,Rock Rose Energy Storage LLC,eia:860m,https://www.eia.gov/electricity/data/eia860m/xls/august_generator2026.xlsx,2026-09-26T00:04:26Z,2026-08,67249,RRES,66121,TX,Fort Bend,ERCO,IPP Non-CHP,Batteries,storage,BA,"Energy storage, battery",MWH,Electricity used for energy storage,200,200,200,U,"Under construction, less than or equal to 50 percent complete",2027-03-01
eia860:67250:ALIBS,generator,Alina Energy LLC,US-TX,29.161128,-98.08988,200,planned,,Alina Energy LLC,eia:860m,https://www.eia.gov/electricity/data/eia860m/xls/august_generator2026.xlsx,2026-09-26T00:04:26Z,2026-08,67250,ALIBS,66122,TX,Wilson,ERCO,IPP Non-CHP,Batteries,storage,BA,"Energy storage, battery",MWH,Electricity used for energy storage,200,200,200,P,"Planned for installation, but regulatory approvals not initiated",2028-06-01
eia860:67250:ALIPV,generator,Alina Energy LLC,US-TX,29.161128,-98.08988,200,planned,,Alina Energy LLC,eia:860m,https://www.eia.gov/electricity/data/eia860m/xls/august_generator2026.xlsx,2026-09-26T00:04:26Z,2026-08,67250,ALIPV,66122,TX,Wilson,ERCO,IPP Non-CHP,Solar Photovoltaic,solar,PV,Photovoltaic,SUN,Solar,200,200,200,P,"Planned for installation, but regulatory approvals not initiated",2028-06-01
eia860:67253:761,generator,Cherry Valley,US-IL,42.240017,-88.93076,12.5,under_construction,,Greenbacker Renewable Energy Corporation,eia:860m,https://www.eia.gov/electricity/data/eia860m/xls/august_generator2026.xlsx,2026-09-26T00:04:26Z,2026-08,67253,761,60025,IL,Boone,MISO,IPP Non-CHP,Solar Photovoltaic,solar,PV,Photovoltaic,SUN,Solar,12.5,12.5,12.5,U,"Under construction, less than or equal to 50 percent complete",2027-12-01
eia860:67257:BVEB1,generator,Bear Valley Battery Plant,US-CA,34.25,-116.86,5,planned,,Bear Valley Electric Service,eia:860m,https://www.eia.gov/electricity/data/eia860m/xls/august_generator2026.xlsx,2026-09-26T00:04:26Z,2026-08,67257,BVEB1,17612,CA,San Bernardino,CISO,Electric Utility,Batteries,storage,BA,"Energy storage, battery",MWH,Electricity used for energy storage,5,5,5,P,"Planned for installation, but regulatory approvals not initiated",2027-04-01
eia860:67262:RP1,generator,Ripley Energy Center,US-OK,36.116,-96.902,419,under_construction,,"Associated Electric Coop, Inc",eia:860m,https://www.eia.gov/electricity/data/eia860m/xls/august_generator2026.xlsx,2026-09-26T00:04:26Z,2026-08,67262,RP1,924,OK,Payne,AECI,Electric Utility,Natural Gas Fired Combustion Turbine,natural_gas,GT,Combustion (gas) turbine,NG,Natural gas,419,411.4,444.5,V,"Under construction, more than 50 percent complete",2027-03-01
eia860:67263:TN1,generator,Turney Energy Center,US-MO,39.615,-94.351,419,under_construction,,"Associated Electric Coop, Inc",eia:860m,https://www.eia.gov/electricity/data/eia860m/xls/august_generator2026.xlsx,2026-09-26T00:04:26Z,2026-08,67263,TN1,924,MO,Clinton,AECI,Electric Utility,Natural Gas Fired Combustion Turbine,natural_gas,GT,Combustion (gas) turbine,NG,Natural gas,419,411.4,444,U,"Under construction, less than or equal to 50 percent complete",2027-07-01
eia860:67265:CTG-1,generator,CHP Plant,US-DC,38.92033,-77.021,5.7,under_construction,,Howard University,eia:860m,https://www.eia.gov/electricity/data/eia860m/xls/august_generator2026.xlsx,2026-09-26T00:04:26Z,2026-08,67265,CTG-1,66127,DC,District of Columbia,PJM,IPP CHP,Natural Gas Fired Combustion Turbine,natural_gas,GT,Combustion (gas) turbine,NG,Natural gas,5.7,5.3,5.3,V,"Under construction, more than 50 percent complete",2026-10-01
eia860:67279:6572,generator,Borrego - Highland Ave,US-MA,41.661525,-71.05998,5,under_construction,,"Highland Ave Solar 1, LLC",eia:860m,https://www.eia.gov/electricity/data/eia860m/xls/august_generator2026.xlsx,2026-09-26T00:04:26Z,2026-08,67279,6572,66145,MA,Bristol,ISNE,IPP Non-CHP,Solar Photovoltaic,solar,PV,Photovoltaic,SUN,Solar,5,5,5,U,"Under construction, less than or equal to 50 percent complete",2026-11-01
eia860:67279:6572B,generator,Borrego - Highland Ave,US-MA,41.661525,-71.05998,5,under_construction,,"Highland Ave Solar 1, LLC",eia:860m,https://www.eia.gov/electricity/data/eia860m/xls/august_generator2026.xlsx,2026-09-26T00:04:26Z,2026-08,67279,6572B,66145,MA,Bristol,ISNE,IPP Non-CHP,Batteries,storage,BA,"Energy storage, battery",MWH,Electricity used for energy storage,5,5,5,U,"Under construction, less than or equal to 50 percent complete",2026-11-01
eia860:67283:6569,generator,Six Flags Magic Mountain,US-CA,34.428209,-118.5993,10,under_construction,,"Magic Mountain Parkway Solar Project 2023, LLC",eia:860m,https://www.eia.gov/electricity/data/eia860m/xls/august_generator2026.xlsx,2026-09-26T00:04:26Z,2026-08,67283,6569,66149,CA,Los Angeles,CISO,IPP Non-CHP,Solar Photovoltaic,solar,PV,Photovoltaic,SUN,Solar,10,10,10,V,"Under construction, more than 50 percent complete",2026-09-01
eia860:67283:6569B,generator,Six Flags Magic Mountain,US-CA,34.428209,-118.5993,2,under_construction,,"Magic Mountain Parkway Solar Project 2023, LLC",eia:860m,https://www.eia.gov/electricity/data/eia860m/xls/august_generator2026.xlsx,2026-09-26T00:04:26Z,2026-08,67283,6569B,66149,CA,Los Angeles,CISO,IPP Non-CHP,Batteries,storage,BA,"Energy storage, battery",MWH,Electricity used for energy storage,2,2,2,V,"Under construction, more than 50 percent complete",2026-09-01
eia860:67324:NYSOM,generator,Somerset Solar LLC,US-NY,43.352072,-78.61036,100,planned,,AES Clean Energy,eia:860m,https://www.eia.gov/electricity/data/eia860m/xls/august_generator2026.xlsx,2026-09-26T00:04:26Z,2026-08,67324,NYSOM,64904,NY,Niagara,NYIS,IPP Non-CHP,Solar Photovoltaic,solar,PV,Photovoltaic,SUN,Solar,100,125,125,P,"Planned for installation, but regulatory approvals not initiated",2029-10-01
eia860:67325:NYRIV,generator,Riverside Solar LLC,US-NY,44.06585,-76.1222,100,planned,,AES Clean Energy,eia:860m,https://www.eia.gov/electricity/data/eia860m/xls/august_generator2026.xlsx,2026-09-26T00:04:26Z,2026-08,67325,NYRIV,64904,NY,St Lawrence,NYIS,IPP Non-CHP,Solar Photovoltaic,solar,PV,Photovoltaic,SUN,Solar,100,100,100,P,"Planned for installation, but regulatory approvals not initiated",2029-07-01
eia860:67341:NOSES,generator,SGT Hoskins Solar Project Hybrid,US-TX,33.63124,-95.33785,102.1,planned,,"SGT Hoskins Solar Project, LLC",eia:860m,https://www.eia.gov/electricity/data/eia860m/xls/august_generator2026.xlsx,2026-09-26T00:04:26Z,2026-08,67341,NOSES,66171,TX,Lamar,ERCO,IPP Non-CHP,Batteries,storage,BA,"Energy storage, battery",MWH,Electricity used for energy storage,102.1,102.1,102.1,P,"Planned for installation, but regulatory approvals not initiated",2027-12-01
eia860:67341:NOSPV,generator,SGT Hoskins Solar Project Hybrid,US-TX,33.63124,-95.33785,204.1,planned,,"SGT Hoskins Solar Project, LLC",eia:860m,https://www.eia.gov/electricity/data/eia860m/xls/august_generator2026.xlsx,2026-09-26T00:04:26Z,2026-08,67341,NOSPV,66171,TX,Lamar,ERCO,IPP Non-CHP,Solar Photovoltaic,solar,PV,Photovoltaic,SUN,Solar,204.1,204.1,204.1,P,"Planned for installation, but regulatory approvals not initiated",2027-12-01
eia860:67346:Q1335,generator,Hoffman Falls Wind 2,US-NY,42.964628,-75.75371,103.5,planned,,Liberty Renewables Incorporated,eia:860m,https://www.eia.gov/electricity/data/eia860m/xls/august_generator2026.xlsx,2026-09-26T00:04:26Z,2026-08,67346,Q1335,66178,NY,Madison,NYIS,IPP Non-CHP,Onshore Wind Turbine,wind,WT,"Wind turbine, onshore",WND,Wind,103.5,102.5,102.5,P,"Planned for installation, but regulatory approvals not initiated",2029-03-01
eia860:67347:OF1,generator,Osagrove Flats Wind,US-IL,40.941383,-88.97152,150,under_construction,,Avangrid Power LLC,eia:860m,https://www.eia.gov/electricity/data/eia860m/xls/august_generator2026.xlsx,2026-09-26T00:04:26Z,2026-08,67347,OF1,15399,IL,LaSalle,PJM,IPP Non-CHP,Onshore Wind Turbine,wind,WT,"Wind turbine, onshore",WND,Wind,150,150,150,TS,"Construction complete, but not yet in commercial operation",2026-12-01
eia860:67352:CPVCL,generator,"CPV County Line Solar, LLC",US-VA,37.190161,-78.68228,150,planned,,"CPV County Line Solar, LLC",eia:860m,https://www.eia.gov/electricity/data/eia860m/xls/august_generator2026.xlsx,2026-09-26T00:04:26Z,2026-08,67352,CPVCL,66181,VA,Charlotte,PJM,IPP Non-CHP,Solar Photovoltaic,solar,PV,Photovoltaic,SUN,Solar,150,150,150,P,"Planned for installation, but regulatory approvals not initiated",2030-12-01
eia860:67353:4666,generator,Erath County Solar,US-TX,32.089488,-98.17853,204,planned,,Erath County Solar LLC,eia:860m,https://www.eia.gov/electricity/data/eia860m/xls/august_generator2026.xlsx,2026-09-26T00:04:26Z,2026-08,67353,4666,66185,TX,Erath,ERCO,IPP Non-CHP,Solar Photovoltaic,solar,PV,Photovoltaic,SUN,Solar,204,204,204,P,"Planned for installation, but regulatory approvals not initiated",2028-12-01
eia860:67354:5698,generator,Waco Solar II,US-TX,31.71062,-96.7914,200,planned,,"Waco Solar II, LLC",eia:860m,https://www.eia.gov/electricity/data/eia860m/xls/august_generator2026.xlsx,2026-09-26T00:04:26Z,2026-08,67354,5698,66190,TX,Limestone,ERCO,IPP Non-CHP,Solar Photovoltaic,solar,PV,Photovoltaic,SUN,Solar,200,200,200,P,"Planned for installation, but regulatory approvals not initiated",2027-12-01
eia860:67356:6794,generator,Throckmorton Wind,US-TX,33.213466,-99.47612,225.6,under_construction,,"Throckmorton Wind, LLC",eia:860m,https://www.eia.gov/electricity/data/eia860m/xls/august_generator2026.xlsx,2026-09-26T00:04:26Z,2026-08,67356,6794,66189,TX,Haskell,ERCO,IPP Non-CHP,Onshore Wind Turbine,wind,WT,"Wind turbine, onshore",WND,Wind,225.6,225.6,225.6,V,"Under construction, more than 50 percent complete",2026-12-01
eia860:67357:4666,generator,Tiger Solar,US-TX,32.796921,-99.88089,250,under_construction,,"Vaca Del Sol, LLC",eia:860m,https://www.eia.gov/electricity/data/eia860m/xls/august_generator2026.xlsx,2026-09-26T00:04:26Z,2026-08,67357,4666,66188,TX,Jones,ERCO,IPP Non-CHP,Solar Photovoltaic,solar,PV,Photovoltaic,SUN,Solar,250,250,250,V,"Under construction, more than 50 percent complete",2026-12-01
eia860:67358:4670,generator,Lake Whitney Solar,US-TX,31.837644,-97.39844,150,planned,,"Lake Whitney Solar, LLC",eia:860m,https://www.eia.gov/electricity/data/eia860m/xls/august_generator2026.xlsx,2026-09-26T00:04:26Z,2026-08,67358,4670,66187,TX,Bosque,ERCO,IPP Non-CHP,Solar Photovoltaic,solar,PV,Photovoltaic,SUN,Solar,150,150,150,P,"Planned for installation, but regulatory approvals not initiated",2027-12-01
eia860:67359:4666,generator,Funston Solar,US-TX,32.783669,-99.72019,350,under_construction,,"Funston Solar, LLC",eia:860m,https://www.eia.gov/electricity/data/eia860m/xls/august_generator2026.xlsx,2026-09-26T00:04:26Z,2026-08,67359,4666,66186,TX,Jones,ERCO,IPP Non-CHP,Solar Photovoltaic,solar,PV,Photovoltaic,SUN,Solar,350,350,350,V,"Under construction, more than 50 percent complete",2026-12-01
eia860:67378:MB,generator,Mineral Basin Solar Power,US-PA,41.106469,-78.29426,401.6,planned,,"Mineral Basin Solar Power, LLC",eia:860m,https://www.eia.gov/electricity/data/eia860m/xls/august_generator2026.xlsx,2026-09-26T00:04:26Z,2026-08,67378,MB,66191,PA,Clearfield,NYIS,IPP Non-CHP,Solar Photovoltaic,solar,PV,Photovoltaic,SUN,Solar,401.6,401.6,401.6,P,"Planned for installation, but regulatory approvals not initiated",2028-12-01
eia860:67379:1,generator,Whitetail Wind Farm,US-WI,42.951448,-90.4407,67.2,planned,,Invenergy Services LLC,eia:860m,https://www.eia.gov/electricity/data/eia860m/xls/august_generator2026.xlsx,2026-09-26T00:04:26Z,2026-08,67379,1,49893,WI,Grant,MISO,IPP Non-CHP,Onshore Wind Turbine,wind,WT,"Wind turbine, onshore",WND,Wind,67.2,67.2,67.2,T,Regulatory approvals received. Not under construction,2027-12-01
eia860:67435:SRWND,generator,Sunrise Wind,US-NY,40.977859,-71.04454,924,under_construction,,Orsted Wind Power North America LLC,eia:860m,https://www.eia.gov/electricity/data/eia860m/xls/august_generator2026.xlsx,2026-09-26T00:04:26Z,2026-08,67435,SRWND,66027,NY,Suffolk,NYIS,IPP Non-CHP,Offshore Wind Turbine,wind,WS,"Wind turbine, offshore",WND,Wind,924,924,924,U,"Under construction, less than or equal to 50 percent complete",2027-10-01
eia860:67535:ASHU1,generator,Bell Creek BESS LLC,US-TX,29.137519,-95.66797,200.9,planned,,Nexus Renewables U.S. Inc.,eia:860m,https://www.eia.gov/electricity/data/eia860m/xls/august_generator2026.xlsx,2026-09-26T00:04:26Z,2026-08,67535,ASHU1,66234,TX,Brazoria,ERCO,IPP Non-CHP,Batteries,storage,BA,"Energy storage, battery",MWH,Electricity used for energy storage,200.9,200.9,200.9,P,"Planned for installation, but regulatory approvals not initiated",2028-11-01
eia860:67542:BHWP,generator,Blue Hills Wind Project,US-TX,30.233597,-101.3636,276,planned,,"Greenalia Wind Power Blue Hills, LLC",eia:860m,https://www.eia.gov/electricity/data/eia860m/xls/august_generator2026.xlsx,2026-09-26T00:04:26Z,2026-08,67542,BHWP,66252,TX,Val Verde,ERCO,IPP Non-CHP,Onshore Wind Turbine,wind,WT,"Wind turbine, onshore",WND,Wind,276,276,276,L,Regulatory approvals pending. Not under construction,2029-12-01
eia860:67543:DOGSP,generator,Donegal Solar Project,US-TX,33.796247,-100.8728,204.2,planned,,"HE-Cottonwood Solar, LLC",eia:860m,https://www.eia.gov/electricity/data/eia860m/xls/august_generator2026.xlsx,2026-09-26T00:04:26Z,2026-08,67543,DOGSP,67976,TX,Dickens,ERCO,IPP Non-CHP,Solar Photovoltaic,solar,PV,Photovoltaic,SUN,Solar,204.2,204.2,204.2,T,Regulatory approvals received. Not under construction,2028-10-01
eia860:67544:LEGSP,generator,Leitrim Solar Park,US-TX,31.79623,-97.20278,91.2,planned,,"Greenalia Solar Power Leitrim, LLC",eia:860m,https://www.eia.gov/electricity/data/eia860m/xls/august_generator2026.xlsx,2026-09-26T00:04:26Z,2026-08,67544,LEGSP,66254,TX,Hill,ERCO,IPP Non-CHP,Solar Photovoltaic,solar,PV,Photovoltaic,SUN,Solar,91.2,91.2,91.2,T,Regulatory approvals received. Not under construction,2030-10-01
eia860:67551:VISTA,generator,Vista Sands Solar,US-WI,44.446256,-89.57631,1182,planned,,Vista Sands Solar LLC,eia:860m,https://www.eia.gov/electricity/data/eia860m/xls/august_generator2026.xlsx,2026-09-26T00:04:26Z,2026-08,67551,VISTA,66259,WI,Portage,MISO,IPP Non-CHP,Solar Photovoltaic,solar,PV,Photovoltaic,SUN,Solar,1182,1182,1182,L,Regulatory approvals pending. Not under construction,2028-12-01
eia860:67552:ELMBA,generator,Elm Flats Solar,US-TX,32.113579,-96.30476,50,under_construction,,Birch Creek Development,eia:860m,https://www.eia.gov/electricity/data/eia860m/xls/august_generator2026.xlsx,2026-09-26T00:04:26Z,2026-08,67552,ELMBA,65654,TX,Navarro,ERCO,IPP Non-CHP,Batteries,storage,BA,"Energy storage, battery",MWH,Electricity used for energy storage,50,50,50,U,"Under construction, less than or equal to 50 percent complete",2026-09-01
eia860:67552:ELMFL,generator,Elm Flats Solar,US-TX,32.113579,-96.30476,125,under_construction,,Birch Creek Development,eia:860m,https://www.eia.gov/electricity/data/eia860m/xls/august_generator2026.xlsx,2026-09-26T00:04:26Z,2026-08,67552,ELMFL,65654,TX,Navarro,ERCO,IPP Non-CHP,Solar Photovoltaic,solar,PV,Photovoltaic,SUN,Solar,125,125,125,U,"Under construction, less than or equal to 50 percent complete",2026-09-01
eia860:67555:RIC98,generator,Zephyr Storage,US-TX,31.707049,-98.85746,185.6,planned,,"RIC Development, LLC",eia:860m,https://www.eia.gov/electricity/data/eia860m/xls/august_generator2026.xlsx,2026-09-26T00:04:26Z,2026-08,67555,RIC98,66255,TX,Brown,ERCO,IPP Non-CHP,Batteries,storage,BA,"Energy storage, battery",MWH,Electricity used for energy storage,185.6,185.6,185.6,P,"Planned for installation, but regulatory approvals not initiated",2028-03-01
eia860:67556:RIC97,generator,Serrano BESS,US-TX,28.837905,-100.5487,185.6,planned,,"RIC Development, LLC",eia:860m,https://www.eia.gov/electricity/data/eia860m/xls/august_generator2026.xlsx,2026-09-26T00:04:26Z,2026-08,67556,RIC97,66255,TX,Maverick,ERCO,IPP Non-CHP,Batteries,storage,BA,"Energy storage, battery",MWH,Electricity used for energy storage,185.6,185.6,185.6,P,"Planned for installation, but regulatory approvals not initiated",2028-04-01
eia860:67558:RIC96,generator,Blackcat BESS,US-TX,28.974879,-95.99499,200.6,planned,,"RIC Development, LLC",eia:860m,https://www.eia.gov/electricity/data/eia860m/xls/august_generator2026.xlsx,2026-09-26T00:04:26Z,2026-08,67558,RIC96,66255,TX,Matagorda,ERCO,IPP Non-CHP,Batteries,storage,BA,"Energy storage, battery",MWH,Electricity used for energy storage,200.6,200.6,200.6,P,"Planned for installation, but regulatory approvals not initiated",2028-04-01
eia860:67559:RIC95,generator,Dunlay Solar,US-TX,29.314674,-99.09725,180.4,planned,,"RIC Development, LLC",eia:860m,https://www.eia.gov/electricity/data/eia860m/xls/august_generator2026.xlsx,2026-09-26T00:04:26Z,2026-08,67559,RIC95,66255,TX,Medina,ERCO,IPP Non-CHP,Solar Photovoltaic,solar,PV,Photovoltaic,SUN,Solar,180.4,150.5,150.5,P,"Planned for installation, but regulatory approvals not initiated",2030-05-01
eia860:67560:RIC94,generator,Edens Solar,US-TX,32.063132,-97.11104,70,planned,,"RIC Development, LLC",eia:860m,https://www.eia.gov/electricity/data/eia860m/xls/august_generator2026.xlsx,2026-09-26T00:04:26Z,2026-08,67560,RIC94,66255,TX,Hill,ERCO,IPP Non-CHP,Solar Photovoltaic,solar,PV,Photovoltaic,SUN,Solar,70,70,70,P,"Planned for installation, but regulatory approvals not initiated",2028-09-01
eia860:67561:RIC93,generator,Callan Solar,US-TX,30.990928,-99.60118,90,planned,,"RIC Development, LLC",eia:860m,https://www.eia.gov/electricity/data/eia860m/xls/august_generator2026.xlsx,2026-09-26T00:04:26Z,2026-08,67561,RIC93,66255,TX,McCulloch,ERCO,IPP Non-CHP,Solar Photovoltaic,solar,PV,Photovoltaic,SUN,Solar,90,90,90,P,"Planned for installation, but regulatory approvals not initiated",2028-04-01
eia860:67562:RIC92,generator,Stonewall Solar,US-TX,33.174177,-100.2308,60.2,planned,,"RIC Development, LLC",eia:860m,https://www.eia.gov/electricity/data/eia860m/xls/august_generator2026.xlsx,2026-09-26T00:04:26Z,2026-08,67562,RIC92,66255,TX,Stonewall,ERCO,IPP Non-CHP,Solar Photovoltaic,solar,PV,Photovoltaic,SUN,Solar,60.2,60.2,60.2,P,"Planned for installation, but regulatory approvals not initiated",2028-04-01
eia860:67563:RAGSP,generator,Ratcliff Solar Park,US-TX,30.217058,-95.81602,78.8,planned,,"Greenalia Solar Power Ratcliff, LLC",eia:860m,https://www.eia.gov/electricity/data/eia860m/xls/august_generator2026.xlsx,2026-09-26T00:04:26Z,2026-08,67563,RAGSP,66258,TX,Freestone,ERCO,IPP Non-CHP,Solar Photovoltaic,solar,PV,Photovoltaic,SUN,Solar,78.8,78.8,78.8,T,Regulatory approvals received. Not under construction,2029-08-01
eia860:67564:REGSP,generator,Reis Solar Park,US-TX,28.652762,-98.45369,105.5,planned,,"Greenalia Solar Power Reis, LLC",eia:860m,https://www.eia.gov/electricity/data/eia860m/xls/august_generator2026.xlsx,2026-09-26T00:04:26Z,2026-08,67564,REGSP,66260,TX,Atascosa,ERCO,IPP Non-CHP,Solar Photovoltaic,solar,PV,Photovoltaic,SUN,Solar,105.5,105.5,105.5,T,Regulatory approvals received. Not under construction,2029-05-01
eia860:67565:CEC01,generator,East Road Storage Project,US-CA,39.25,-123.196,1,planned,,Form Energy Inc.,eia:860m,https://www.eia.gov/electricity/data/eia860m/xls/august_generator2026.xlsx,2026-09-26T00:04:26Z,2026-08,67565,CEC01,66266,CA,Mendocino,CISO,IPP Non-CHP,Batteries,storage,BA,"Energy storage, battery",MWH,Electricity used for energy storage,1,1,1,T,Regulatory approvals received. Not under construction,2027-06-01
eia860:67566:ROGSP,generator,Roscommon Solar Park,US-TX,33.631719,-95.69587,82.8,planned,,"Greenalia Solar Power Roscommon, LLC",eia:860m,https://www.eia.gov/electricity/data/eia860m/xls/august_generator2026.xlsx,2026-09-26T00:04:26Z,2026-08,67566,ROGSP,66261,TX,Lamar,ERCO,IPP Non-CHP,Solar Photovoltaic,solar,PV,Photovoltaic,SUN,Solar,82.8,82.8,82.8,T,Regulatory approvals received. Not under construction,2029-10-01
eia860:67567:WEGSP,generator,Wensowitch Solar Park,US-TX,32.300261,-96.37123,145.6,planned,,"Greenalia Solar Power Wensowitch, LLC",eia:860m,https://www.eia.gov/electricity/data/eia860m/xls/august_generator2026.xlsx,2026-09-26T00:04:26Z,2026-08,67567,WEGSP,66262,TX,Navarro,ERCO,IPP Non-CHP,Solar Photovoltaic,solar,PV,Photovoltaic,SUN,Solar,145.6,145.6,145.6,T,Regulatory approvals received. Not under construction,2028-11-01
eia860:67568:WIGSP,generator,Wittig Solar Park,US-TX,29.245055,-95.87477,96,planned,,"Greenalia Solar Power Wittig, LLC",eia:860m,https://www.eia.gov/electricity/data/eia860m/xls/august_generator2026.xlsx,2026-09-26T00:04:26Z,2026-08,67568,WIGSP,66263,TX,Wharton,ERCO,IPP Non-CHP,Solar Photovoltaic,solar,PV,Photovoltaic,SUN,Solar,96,96,96,T,Regulatory approvals received. Not under construction,2029-12-01
eia860:67570:3004,generator,Cedar Hill ESS,US-TX,32.612139,-96.92511,10,planned,,"Cedar Hill ESS Assets, LLC",eia:860m,https://www.eia.gov/electricity/data/eia860m/xls/august_generator2026.xlsx,2026-09-26T00:04:26Z,2026-08,67570,3004,66272,TX,Dallas,ERCO,IPP Non-CHP,Batteries,storage,BA,"Energy storage, battery",MWH,Electricity used for energy storage,10,10,10,L,Regulatory approvals pending. Not under construction,2030-06-01
eia860:67575:NZRTH,generator,TX Nazareth Solar,US-TX,34.49,-101.97,201,planned,,Vesper Energy Development LLC,eia:860m,https://www.eia.gov/electricity/data/eia860m/xls/august_generator2026.xlsx,2026-09-26T00:04:26Z,2026-08,67575,NZRTH,64545,TX,Swisher,ERCO,IPP Non-CHP,Solar Photovoltaic,solar,PV,Photovoltaic,SUN,Solar,201,201,201,T,Regulatory approvals received. Not under construction,2027-08-01
eia860:67576:1,generator,Castle Bluff Energy Center,US-MO,38.4017,-90.3358,216,planned,,Union Electric Co - (MO),eia:860m,https://www.eia.gov/electricity/data/eia860m/xls/august_generator2026.xlsx,2026-09-26T00:04:26Z,2026-08,67576,1,19436,MO,St Louis,MISO,Electric Utility,Natural Gas Fired Combustion Turbine,natural_gas,GT,Combustion (gas) turbine,NG,Natural gas,216,175,181,P,"Planned for installation, but regulatory approvals not initiated",2027-10-01
eia860:67576:2,generator,Castle Bluff Energy Center,US-MO,38.4017,-90.3358,216,planned,,Union Electric Co - (MO),eia:860m,https://www.eia.gov/electricity/data/eia860m/xls/august_generator2026.xlsx,2026-09-26T00:04:26Z,2026-08,67576,2,19436,MO,St Louis,MISO,Electric Utility,Natural Gas Fired Combustion Turbine,natural_gas,GT,Combustion (gas) turbine,NG,Natural gas,216,175,181,P,"Planned for installation, but regulatory approvals not initiated",2027-10-01
eia860:67576:3,generator,Castle Bluff Energy Center,US-MO,38.4017,-90.3358,216,planned,,Union Electric Co - (MO),eia:860m,https://www.eia.gov/electricity/data/eia860m/xls/august_generator2026.xlsx,2026-09-26T00:04:26Z,2026-08,67576,3,19436,MO,St Louis,MISO,Electric Utility,Natural Gas Fired Combustion Turbine,natural_gas,GT,Combustion (gas) turbine,NG,Natural gas,216,175,181,P,"Planned for installation, but regulatory approvals not initiated",2027-10-01
eia860:67581:CIRSA,generator,Cairos Solar and Storage,US-TX,29.269974,-100.1975,153.3,planned,,"Samsung C&T Renewables, LLC",eia:860m,https://www.eia.gov/electricity/data/eia860m/xls/august_generator2026.xlsx,2026-09-26T00:04:26Z,2026-08,67581,CIRSA,65144,TX,Kinney,ERCO,IPP Non-CHP,Solar Photovoltaic,solar,PV,Photovoltaic,SUN,Solar,153.3,153.3,153.3,P,"Planned for installation, but regulatory approvals not initiated",2027-06-01
eia860:67581:CIRSB,generator,Cairos Solar and Storage,US-TX,29.269974,-100.1975,77.3,planned,,"Samsung C&T Renewables, LLC",eia:860m,https://www.eia.gov/electricity/data/eia860m/xls/august_generator2026.xlsx,2026-09-26T00:04:26Z,2026-08,67581,CIRSB,65144,TX,Kinney,ERCO,IPP Non-CHP,Batteries,storage,BA,"Energy storage, battery",MWH,Electricity used for energy storage,77.3,77.3,77.3,P,"Planned for installation, but regulatory approvals not initiated",2027-06-01
eia860:67609:21599,generator,NY ELBA 7195 OAK ORCHARD RD - Genesee 1,US-NY,43.064414,-78.18456,5,under_construction,,NY CDG Genesee 1 LLC,eia:860m,https://www.eia.gov/electricity/data/eia860m/xls/august_generator2026.xlsx,2026-09-26T00:04:26Z,2026-08,67609,21599,66300,NY,Genesee,NYIS,IPP Non-CHP,Solar Photovoltaic,solar,PV,Photovoltaic,SUN,Solar,5,5,5,U,"Under construction, less than or equal to 50 percent complete",2026-12-01
eia860:6761:G,generator,Rawhide,US-CO,40.860905,-105.0212,44.6,planned,,Platte River Power Authority,eia:860m,https://www.eia.gov/electricity/data/eia860m/xls/august_generator2026.xlsx,2026-09-26T00:04:26Z,2026-08,6761,G,15143,CO,Larimer,PSCO,Electric Utility,Natural Gas Fired Combustion Turbine,natural_gas,GT,Combustion (gas) turbine,NG,Natural gas,44.6,44.6,44.6,P,"Planned for installation, but regulatory approvals not initiated",2028-03-01
eia860:6761:H,generator,Rawhide,US-CO,40.860905,-105.0212,44.6,planned,,Platte River Power Authority,eia:860m,https://www.eia.gov/electricity/data/eia860m/xls/august_generator2026.xlsx,2026-09-26T00:04:26Z,2026-08,6761,H,15143,CO,Larimer,PSCO,Electric Utility,Natural Gas Fired Combustion Turbine,natural_gas,GT,Combustion (gas) turbine,NG,Natural gas,44.6,44.6,44.6,P,"Planned for installation, but regulatory approvals not initiated",2028-03-01
eia860:6761:LM3,generator,Rawhide,US-CO,40.860905,-105.0212,44.6,planned,,Platte River Power Authority,eia:860m,https://www.eia.gov/electricity/data/eia860m/xls/august_generator2026.xlsx,2026-09-26T00:04:26Z,2026-08,6761,LM3,15143,CO,Larimer,PSCO,Electric Utility,Natural Gas Fired Combustion Turbine,natural_gas,GT,Combustion (gas) turbine,NG,Natural gas,44.6,44.6,44.6,P,"Planned for installation, but regulatory approvals not initiated",2028-03-01
eia860:6761:LM4,generator,Rawhide,US-CO,40.860905,-105.0212,44.6,planned,,Platte River Power Authority,eia:860m,https://www.eia.gov/electricity/data/eia860m/xls/august_generator2026.xlsx,2026-09-26T00:04:26Z,2026-08,6761,LM4,15143,CO,Larimer,PSCO,Electric Utility,Natural Gas Fired Combustion Turbine,natural_gas,GT,Combustion (gas) turbine,NG,Natural gas,44.6,44.6,44.6,P,"Planned for installation, but regulatory approvals not initiated",2028-03-01
eia860:6761:LM5,generator,Rawhide,US-CO,40.860905,-105.0212,44.6,planned,,Platte River Power Authority,eia:860m,https://www.eia.gov/electricity/data/eia860m/xls/august_generator2026.xlsx,2026-09-26T00:04:26Z,2026-08,6761,LM5,15143,CO,Larimer,PSCO,Electric Utility,Natural Gas Fired Combustion Turbine,natural_gas,GT,Combustion (gas) turbine,NG,Natural gas,44.6,44.6,44.6,P,"Planned for installation, but regulatory approvals not initiated",2028-03-01
eia860:67637:GILLD,generator,Gillard,US-IL,41.19401,-88.29454,5,under_construction,,38DN Asset Management LLC,eia:860m,https://www.eia.gov/electricity/data/eia860m/xls/august_generator2026.xlsx,2026-09-26T00:04:26Z,2026-08,67637,GILLD,67549,IL,Grundy,PJM,IPP Non-CHP,Solar Photovoltaic,solar,PV,Photovoltaic,SUN,Solar,5,5,5,U,"Under construction, less than or equal to 50 percent complete",2026-11-01
eia860:67639:LLEAF,generator,Leatherleaf,US-NY,43.048657,-78.03491,5,planned,,Dimension Energy LLC,eia:860m,https://www.eia.gov/electricity/data/eia860m/xls/august_generator2026.xlsx,2026-09-26T00:04:26Z,2026-08,67639,LLEAF,65677,NY,Genesee,NYIS,IPP Non-CHP,Solar Photovoltaic,solar,PV,Photovoltaic,SUN,Solar,5,5,5,L,Regulatory approvals pending. Not under construction,2027-02-01
eia860:67643:SOLIT,generator,Solitude,US-IL,41.130185,-89.04407,5,under_construction,,38DN Asset Management LLC,eia:860m,https://www.eia.gov/electricity/data/eia860m/xls/august_generator2026.xlsx,2026-09-26T00:04:26Z,2026-08,67643,SOLIT,67549,IL,LaSalle,PJM,IPP Non-CHP,Solar Photovoltaic,solar,PV,Photovoltaic,SUN,Solar,5,5,5,U,"Under construction, less than or equal to 50 percent complete",2026-11-01
eia860:67645:TWNDA,generator,Varnsen,US-IL,42.315822,-89.31315,5,planned,,Cypress Creek Renewables,eia:860m,https://www.eia.gov/electricity/data/eia860m/xls/august_generator2026.xlsx,2026-09-26T00:04:26Z,2026-08,67645,TWNDA,61060,IL,Winnebago,MISO,IPP Non-CHP,Solar Photovoltaic,solar,PV,Photovoltaic,SUN,Solar,5,5,5,L,Regulatory approvals pending. Not under construction,2027-07-01
eia860:67647:KINGL,generator,Kinglet,US-VA,38.350511,-77.47619,5,planned,,Cypress Creek Renewables,eia:860m,https://www.eia.gov/electricity/data/eia860m/xls/august_generator2026.xlsx,2026-09-26T00:04:26Z,2026-08,67647,KINGL,61060,VA,Stafford,PJM,IPP Non-CHP,Solar Photovoltaic,solar,PV,Photovoltaic,SUN,Solar,5,5,5,L,Regulatory approvals pending. Not under construction,2027-12-01
eia860:67649:AMERA,generator,Amerada,US-TX,31.861926,-96.11463,300,planned,,Cypress Creek Renewables,eia:860m,https://www.eia.gov/electricity/data/eia860m/xls/august_generator2026.xlsx,2026-09-26T00:04:26Z,2026-08,67649,AMERA,61060,TX,Freestone,ERCO,IPP Non-CHP,Solar Photovoltaic,solar,PV,Photovoltaic,SUN,Solar,300,300,300,L,Regulatory approvals pending. Not under construction,2029-07-01
eia860:67650:BEARR,generator,Bear Ridge,US-NY,43.14244,-78.79106,93,planned,,Cypress Creek Renewables,eia:860m,https://www.eia.gov/electricity/data/eia860m/xls/august_generator2026.xlsx,2026-09-26T00:04:26Z,2026-08,67650,BEARR,61060,NY,Niagara,NYIS,IPP Non-CHP,Solar Photovoltaic,solar,PV,Photovoltaic,SUN,Solar,93,93,93,L,Regulatory approvals pending. Not under construction,2028-05-01
eia860:67652:BHALU,generator,Bhalu,US-TX,32.31219,-101.3378,200,planned,,Cypress Creek Renewables,eia:860m,https://www.eia.gov/electricity/data/eia860m/xls/august_generator2026.xlsx,2026-09-26T00:04:26Z,2026-08,67652,BHALU,61060,TX,Howard,ERCO,IPP Non-CHP,Batteries,storage,BA,"Energy storage, battery",MWH,Electricity used for energy storage,200,200,200,L,Regulatory approvals pending. Not under construction,2027-12-01
eia860:67653:CARRI,generator,Carriger,US-WA,45.8777,-120.8865,160,planned,,Cypress Creek Renewables,eia:860m,https://www.eia.gov/electricity/data/eia860m/xls/august_generator2026.xlsx,2026-09-26T00:04:26Z,2026-08,67653,CARRI,61060,WA,Klickitat,BPAT,IPP Non-CHP,Solar Photovoltaic,solar,PV,Photovoltaic,SUN,Solar,160,160,160,L,Regulatory approvals pending. Not under construction,2028-11-01
eia860:67655:ELKRN,generator,Elk Run,US-CO,37.454588,-104.4887,200,planned,,Cypress Creek Renewables,eia:860m,https://www.eia.gov/electricity/data/eia860m/xls/august_generator2026.xlsx,2026-09-26T00:04:26Z,2026-08,67655,ELKRN,61060,CO,Las Animas,PSCO,IPP Non-CHP,Solar Photovoltaic,solar,PV,Photovoltaic,SUN,Solar,200,200,200,L,Regulatory approvals pending. Not under construction,2029-06-01
eia860:67657:HANSO,generator,Hanson,US-TX,31.690367,-99.51389,396,planned,,Cypress Creek Renewables,eia:860m,https://www.eia.gov/electricity/data/eia860m/xls/august_generator2026.xlsx,2026-09-26T00:04:26Z,2026-08,67657,HANSO,61060,TX,Coleman,ERCO,IPP Non-CHP,Solar Photovoltaic,solar,PV,Photovoltaic,SUN,Solar,396,396,396,L,Regulatory approvals pending. Not under construction,2027-07-01
eia860:67661:OXHIL,generator,Oxbow Hill,US-NY,42.9711,-75.73553,140,planned,,Cypress Creek Renewables,eia:860m,https://www.eia.gov/electricity/data/eia860m/xls/august_generator2026.xlsx,2026-09-26T00:04:26Z,2026-08,67661,OXHIL,61060,NY,Niagara,NYIS,IPP Non-CHP,Solar Photovoltaic,solar,PV,Photovoltaic,SUN,Solar,140,140,140,L,Regulatory approvals pending. Not under construction,2029-05-01
eia860:67663:SGROV,generator,Scotch Grove Solar,US-NC,34.84957,-79.44656,80,planned,,Cypress Creek Renewables,eia:860m,https://www.eia.gov/electricity/data/eia860m/xls/august_generator2026.xlsx,2026-09-26T00:04:26Z,2026-08,67663,SGROV,61060,NC,Scotland,CPLE,IPP Non-CHP,Solar Photovoltaic,solar,PV,Photovoltaic,SUN,Solar,80,80,80,L,Regulatory approvals pending. Not under construction,2027-09-01
eia860:67664:SOLEI,generator,Soleil,US-TX,33.799253,-98.04552,450,planned,,Cypress Creek Renewables,eia:860m,https://www.eia.gov/electricity/data/eia860m/xls/august_generator2026.xlsx,2026-09-26T00:04:26Z,2026-08,67664,SOLEI,61060,TX,Clay,ERCO,IPP Non-CHP,Solar Photovoltaic,solar,PV,Photovoltaic,SUN,Solar,450,450,450,L,Regulatory approvals pending. Not under construction,2028-12-01
eia860:67665:SDAVI,generator,South Davidson,US-NC,35.618203,-80.10797,80,planned,,Cypress Creek Renewables,eia:860m,https://www.eia.gov/electricity/data/eia860m/xls/august_generator2026.xlsx,2026-09-26T00:04:26Z,2026-08,67665,SDAVI,61060,NC,Davidson,DUK,IPP Non-CHP,Solar Photovoltaic,solar,PV,Photovoltaic,SUN,Solar,80,80,80,L,Regulatory approvals pending. Not under construction,2027-10-01
eia860:67666:SUNBA,generator,Sundance (CO),US-CO,39.414779,-104.4481,50,under_construction,,Cypress Creek Renewables,eia:860m,https://www.eia.gov/electricity/data/eia860m/xls/august_generator2026.xlsx,2026-09-26T00:04:26Z,2026-08,67666,SUNBA,61060,CO,Elbert,PSCO,IPP Non-CHP,Batteries,storage,BA,"Energy storage, battery",MWH,Electricity used for energy storage,50,50,50,U,"Under construction, less than or equal to 50 percent complete",2026-09-01
eia860:67666:SUNDN,generator,Sundance (CO),US-CO,39.414779,-104.4481,74.9,under_construction,,Cypress Creek Renewables,eia:860m,https://www.eia.gov/electricity/data/eia860m/xls/august_generator2026.xlsx,2026-09-26T00:04:26Z,2026-08,67666,SUNDN,61060,CO,Elbert,PSCO,IPP Non-CHP,Solar Photovoltaic,solar,PV,Photovoltaic,SUN,Solar,74.9,74.9,74.9,U,"Under construction, less than or equal to 50 percent complete",2026-09-01
eia860:67667:3COAS,generator,"Third Coast BESS, LLC",US-TX,28.852327,-96.55642,100,planned,,Cypress Creek Renewables,eia:860m,https://www.eia.gov/electricity/data/eia860m/xls/august_generator2026.xlsx,2026-09-26T00:04:26Z,2026-08,67667,3COAS,61060,TX,Jackson,ERCO,IPP Non-CHP,Batteries,storage,BA,"Energy storage, battery",MWH,Electricity used for energy storage,100,100,100,T,Regulatory approvals received. Not under construction,2027-11-01
eia860:67669:ABESS,generator,Arlington Battery Energy Storage System,US-WA,48.15617,-122.1437,25,under_construction,,PUD No 1 of Snohomish County - (WA),eia:860m,https://www.eia.gov/electricity/data/eia860m/xls/august_generator2026.xlsx,2026-09-26T00:04:26Z,2026-08,67669,ABESS,17470,WA,Snohomish,BPAT,Electric Utility,Batteries,storage,BA,"Energy storage, battery",MWH,Electricity used for energy storage,25,25,25,U,"Under construction, less than or equal to 50 percent complete",2026-09-01
eia860:67674:LUPE3,generator,Lupinus Storage 3,US-TX,33.3015,-95.2548,50.9,under_construction,,Sunraycer Assets I LLC,eia:860m,https://www.eia.gov/electricity/data/eia860m/xls/august_generator2026.xlsx,2026-09-26T00:04:26Z,2026-08,67674,LUPE3,65815,TX,Franklin,ERCO,IPP Non-CHP,Batteries,storage,BA,"Energy storage, battery",MWH,Electricity used for energy storage,50.9,50.9,50.9,U,"Under construction, less than or equal to 50 percent complete",2027-06-01
eia860:67676:GEN01,generator,Zeta Solar & Storage,US-CA,36.911894,-120.8101,75,under_construction,,"Zeta Solar, LLC",eia:860m,https://www.eia.gov/electricity/data/eia860m/xls/august_generator2026.xlsx,2026-09-26T00:04:26Z,2026-08,67676,GEN01,66318,CA,Merced,CISO,IPP Non-CHP,Solar Photovoltaic,solar,PV,Photovoltaic,SUN,Solar,75,75,75,U,"Under construction, less than or equal to 50 percent complete",2027-06-01
eia860:67676:GEN02,generator,Zeta Solar & Storage,US-CA,36.911894,-120.8101,75,under_construction,,"Zeta Solar, LLC",eia:860m,https://www.eia.gov/electricity/data/eia860m/xls/august_generator2026.xlsx,2026-09-26T00:04:26Z,2026-08,67676,GEN02,66318,CA,Merced,CISO,IPP Non-CHP,Batteries,storage,BA,"Energy storage, battery",MWH,Electricity used for energy storage,75,75,75,U,"Under construction, less than or equal to 50 percent complete",2027-06-01
eia860:67723:SOLAR,generator,Kingstree West 115,US-SC,33.693976,-79.95404,74.9,under_construction,,Kingstree West 115 LLC,eia:860m,https://www.eia.gov/electricity/data/eia860m/xls/august_generator2026.xlsx,2026-09-26T00:04:26Z,2026-08,67723,SOLAR,66344,SC,Williamsburg,CPLE,IPP Non-CHP,Solar Photovoltaic,solar,PV,Photovoltaic,SUN,Solar,74.9,74.9,74.9,TS,"Construction complete, but not yet in commercial operation",2026-10-01
eia860:67741:I,generator,OIT BESS,US-OR,42.259366,-121.7864,2,under_construction,,PacifiCorp,eia:860m,https://www.eia.gov/electricity/data/eia860m/xls/august_generator2026.xlsx,2026-09-26T00:04:26Z,2026-08,67741,I,14354,OR,Klamath,PACW,Electric Utility,Batteries,storage,BA,"Energy storage, battery",MWH,Electricity used for energy storage,2,2,2,U,"Under construction, less than or equal to 50 percent complete",2027-12-01
eia860:67749:TWISS,generator,Pistachio Road 1726-WD,US-CA,35.70789,-119.8917,4.8,under_construction,,Russell Pacific LLC,eia:860m,https://www.eia.gov/electricity/data/eia860m/xls/august_generator2026.xlsx,2026-09-26T00:04:26Z,2026-08,67749,TWISS,66358,CA,Kern,CISO,IPP Non-CHP,Solar Photovoltaic,solar,PV,Photovoltaic,SUN,Solar,4.8,4.8,4.8,V,"Under construction, more than 50 percent complete",2026-09-01
eia860:67755:LTRSP,generator,Little Trout Solar,US-MI,45.334045,-83.75117,150,under_construction,,DTE Electric Company,eia:860m,https://www.eia.gov/electricity/data/eia860m/xls/august_generator2026.xlsx,2026-09-26T00:04:26Z,2026-08,67755,LTRSP,5109,MI,Presque Isle,MISO,Electric Utility,Solar Photovoltaic,solar,PV,Photovoltaic,SUN,Solar,150,150,150,V,"Under construction, more than 50 percent complete",2026-12-01
eia860:67759:TCHEC,generator,Trenton Channel Energy Center,US-MI,42.124423,-83.18571,220,under_construction,,DTE Electric Company,eia:860m,https://www.eia.gov/electricity/data/eia860m/xls/august_generator2026.xlsx,2026-09-26T00:04:26Z,2026-08,67759,TCHEC,5109,MI,Wayne,MISO,Electric Utility,Batteries,storage,BA,"Energy storage, battery",MWH,Electricity used for energy storage,220,220,220,V,"Under construction, more than 50 percent complete",2026-12-01
eia860:67767:BECBA,generator,Bramble Energy Center,US-TX,28.955627,-99.72318,225.1,planned,,Mission Clean Energy Devco LLC,eia:860m,https://www.eia.gov/electricity/data/eia860m/xls/august_generator2026.xlsx,2026-09-26T00:04:26Z,2026-08,67767,BECBA,66369,TX,Zavala,ERCO,IPP Non-CHP,Batteries,storage,BA,"Energy storage, battery",MWH,Electricity used for energy storage,225.1,225.1,225.1,P,"Planned for installation, but regulatory approvals not initiated",2029-04-01
eia860:67768:CECBA,generator,Cumbia Energy Center,US-TX,27.739083,-97.44955,200,planned,,Mission Clean Energy Devco LLC,eia:860m,https://www.eia.gov/electricity/data/eia860m/xls/august_generator2026.xlsx,2026-09-26T00:04:26Z,2026-08,67768,CECBA,66369,TX,Nueces,ERCO,IPP Non-CHP,Batteries,storage,BA,"Energy storage, battery",MWH,Electricity used for energy storage,200,200,200,P,"Planned for installation, but regulatory approvals not initiated",2027-09-01
eia860:67770:30200,generator,Pittsburg RV Solar,US-CA,38.01155,-121.8453,2.8,under_construction,,"Pittsburg RV & Boat Storage, LLC",eia:860m,https://www.eia.gov/electricity/data/eia860m/xls/august_generator2026.xlsx,2026-09-26T00:04:26Z,2026-08,67770,30200,66367,CA,Contra Costa,CISO,Commercial Non-CHP,Solar Photovoltaic,solar,PV,Photovoltaic,SUN,Solar,2.8,2.9,2.9,TS,"Construction complete, but not yet in commercial operation",2026-12-01
eia860:67772:GRS9,generator,Braswell Solar,US-TX,31.34904,-97.21786,44.2,planned,,Gransolar Texas Nine LLC,eia:860m,https://www.eia.gov/electricity/data/eia860m/xls/august_generator2026.xlsx,2026-09-26T00:04:26Z,2026-08,67772,GRS9,66370,TX,McLennan,ERCO,IPP Non-CHP,Solar Photovoltaic,solar,PV,Photovoltaic,SUN,Solar,44.2,42.6,42.6,L,Regulatory approvals pending. Not under construction,2028-03-01
eia860:67773:GRS20,generator,Cosper Solar,US-TX,30.994225,-97.79588,148.2,planned,,Gransolar Texas Twenty LLC,eia:860m,https://www.eia.gov/electricity/data/eia860m/xls/august_generator2026.xlsx,2026-09-26T00:04:26Z,2026-08,67773,GRS20,66371,TX,Bell,ERCO,IPP Non-CHP,Solar Photovoltaic,solar,PV,Photovoltaic,SUN,Solar,148.2,148,148,L,Regulatory approvals pending. Not under construction,2027-11-01
eia860:67774:GRS3,generator,Pecan BESS,US-TX,31.078667,-96.22328,157.1,planned,,"Gransolar Texas Three, LLC",eia:860m,https://www.eia.gov/electricity/data/eia860m/xls/august_generator2026.xlsx,2026-09-26T00:04:26Z,2026-08,67774,GRS3,65986,TX,Leon,ERCO,IPP Non-CHP,Batteries,storage,BA,"Energy storage, battery",MWH,Electricity used for energy storage,157.1,157.1,157.1,L,Regulatory approvals pending. Not under construction,2028-12-01
eia860:67776:GRS2B,generator,Cuchillas PV and BESS,US-TX,27.644178,-99.18445,306.9,planned,,Gransolar Texas Two LLC,eia:860m,https://www.eia.gov/electricity/data/eia860m/xls/august_generator2026.xlsx,2026-09-26T00:04:26Z,2026-08,67776,GRS2B,66373,TX,Webb,ERCO,IPP Non-CHP,Batteries,storage,BA,"Energy storage, battery",MWH,Electricity used for energy storage,306.9,306.9,306.9,L,Regulatory approvals pending. Not under construction,2028-12-01
eia860:67776:GRS2P,generator,Cuchillas PV and BESS,US-TX,27.644178,-99.18445,305.6,planned,,Gransolar Texas Two LLC,eia:860m,https://www.eia.gov/electricity/data/eia860m/xls/august_generator2026.xlsx,2026-09-26T00:04:26Z,2026-08,67776,GRS2P,66373,TX,Webb,ERCO,IPP Non-CHP,Solar Photovoltaic,solar,PV,Photovoltaic,SUN,Solar,305.6,305.6,305.6,L,Regulatory approvals pending. Not under construction,2028-12-01
eia860:67777:GRS4B,generator,Harryoung PV and BESS,US-TX,26.276027,-97.63249,190,planned,,Gransolar Texas Four LLC,eia:860m,https://www.eia.gov/electricity/data/eia860m/xls/august_generator2026.xlsx,2026-09-26T00:04:26Z,2026-08,67777,GRS4B,66374,TX,Cameron,ERCO,IPP Non-CHP,Batteries,storage,BA,"Energy storage, battery",MWH,Electricity used for energy storage,190,190,190,L,Regulatory approvals pending. Not under construction,2028-05-01
eia860:67777:GRS4P,generator,Harryoung PV and BESS,US-TX,26.276027,-97.63249,190,planned,,Gransolar Texas Four LLC,eia:860m,https://www.eia.gov/electricity/data/eia860m/xls/august_generator2026.xlsx,2026-09-26T00:04:26Z,2026-08,67777,GRS4P,66374,TX,Cameron,ERCO,IPP Non-CHP,Solar Photovoltaic,solar,PV,Photovoltaic,SUN,Solar,190,190,190,L,Regulatory approvals pending. Not under construction,2028-05-01
eia860:67778:GR16B,generator,Findley PV and BESS,US-TX,31.643389,-96.77961,50.3,planned,,"Gransolar Texas Sixteen, LLC",eia:860m,https://www.eia.gov/electricity/data/eia860m/xls/august_generator2026.xlsx,2026-09-26T00:04:26Z,2026-08,67778,GR16B,66375,TX,Limestone,ERCO,IPP Non-CHP,Batteries,storage,BA,"Energy storage, battery",MWH,Electricity used for energy storage,50.3,50.3,50.3,L,Regulatory approvals pending. Not under construction,2028-01-01
eia860:67778:GR16P,generator,Findley PV and BESS,US-TX,31.643389,-96.77961,50.3,planned,,"Gransolar Texas Sixteen, LLC",eia:860m,https://www.eia.gov/electricity/data/eia860m/xls/august_generator2026.xlsx,2026-09-26T00:04:26Z,2026-08,67778,GR16P,66375,TX,Limestone,ERCO,IPP Non-CHP,Solar Photovoltaic,solar,PV,Photovoltaic,SUN,Solar,50.3,50.3,50.3,L,Regulatory approvals pending. Not under construction,2028-01-01
eia860:67779:GRS5,generator,Hayrick BESS,US-TX,32.022914,-100.2926,113.9,planned,,Gransolar Texas Five LLC,eia:860m,https://www.eia.gov/electricity/data/eia860m/xls/august_generator2026.xlsx,2026-09-26T00:04:26Z,2026-08,67779,GRS5,66376,TX,Coke,ERCO,IPP Non-CHP,Batteries,storage,BA,"Energy storage, battery",MWH,Electricity used for energy storage,113.9,113.9,113.9,L,Regulatory approvals pending. Not under construction,2028-03-01
eia860:67781:GRS7,generator,Lampe Solar,US-TX,30.310524,-96.47887,60.2,planned,,Gransolar Texas Seven LLC,eia:860m,https://www.eia.gov/electricity/data/eia860m/xls/august_generator2026.xlsx,2026-09-26T00:04:26Z,2026-08,67781,GRS7,66378,TX,Washington,ERCO,IPP Non-CHP,Solar Photovoltaic,solar,PV,Photovoltaic,SUN,Solar,60.2,60.2,60.2,L,Regulatory approvals pending. Not under construction,2027-12-01
eia860:67782:GS22B,generator,RedSun PV and BESS,US-TX,30.784886,-98.20217,84,planned,,Gransolar Texas Twenty Two LLC,eia:860m,https://www.eia.gov/electricity/data/eia860m/xls/august_generator2026.xlsx,2026-09-26T00:04:26Z,2026-08,67782,GS22B,66380,TX,Burnet,ERCO,IPP Non-CHP,Batteries,storage,BA,"Energy storage, battery",MWH,Electricity used for energy storage,84,84,84,L,Regulatory approvals pending. Not under construction,2028-07-01
eia860:67782:GS22P,generator,RedSun PV and BESS,US-TX,30.784886,-98.20217,84,planned,,Gransolar Texas Twenty Two LLC,eia:860m,https://www.eia.gov/electricity/data/eia860m/xls/august_generator2026.xlsx,2026-09-26T00:04:26Z,2026-08,67782,GS22P,66380,TX,Burnet,ERCO,IPP Non-CHP,Solar Photovoltaic,solar,PV,Photovoltaic,SUN,Solar,84,84,84,L,Regulatory approvals pending. Not under construction,2028-07-01
eia860:67783:GRS12,generator,Ventures BESS,US-TX,28.974482,-95.99381,226.8,planned,,Gransolar Texas Twelve LLC,eia:860m,https://www.eia.gov/electricity/data/eia860m/xls/august_generator2026.xlsx,2026-09-26T00:04:26Z,2026-08,67783,GRS12,66381,TX,Matagorda,ERCO,IPP Non-CHP,Batteries,storage,BA,"Energy storage, battery",MWH,Electricity used for energy storage,226.8,226.8,226.8,L,Regulatory approvals pending. Not under construction,2028-09-01
eia860:67784:GRS11,generator,Vial BESS,US-TX,31.953772,-97.06248,141.4,planned,,Gransolar Texas Eleven LLC,eia:860m,https://www.eia.gov/electricity/data/eia860m/xls/august_generator2026.xlsx,2026-09-26T00:04:26Z,2026-08,67784,GRS11,66382,TX,Hill,ERCO,IPP Non-CHP,Batteries,storage,BA,"Energy storage, battery",MWH,Electricity used for energy storage,141.4,141.4,141.4,L,Regulatory approvals pending. Not under construction,2027-09-01
eia860:67785:GRS19,generator,Whistle Solar,US-TX,31.985,-96.43658,56.3,planned,,Gransolar Texas Nineteen LLC,eia:860m,https://www.eia.gov/electricity/data/eia860m/xls/august_generator2026.xlsx,2026-09-26T00:04:26Z,2026-08,67785,GRS19,66383,TX,Navarro,ERCO,IPP Non-CHP,Solar Photovoltaic,solar,PV,Photovoltaic,SUN,Solar,56.3,56.3,56.3,L,Regulatory approvals pending. Not under construction,2028-05-01
eia860:67788:GRS10,generator,Payne Battlecreek Solar,US-TX,31.852503,-96.75536,85,planned,,Gransolar Texas Ten LLC,eia:860m,https://www.eia.gov/electricity/data/eia860m/xls/august_generator2026.xlsx,2026-09-26T00:04:26Z,2026-08,67788,GRS10,66385,TX,Hill,ERCO,IPP Non-CHP,Solar Photovoltaic,solar,PV,Photovoltaic,SUN,Solar,85,85,85,L,Regulatory approvals pending. Not under construction,2027-08-01
eia860:67798:GRS7,generator,Steelhead Energy Storage,US-TX,33.633102,-96.15789,193.7,planned,,"GRS BESS Texas Seven, LLC",eia:860m,https://www.eia.gov/electricity/data/eia860m/xls/august_generator2026.xlsx,2026-09-26T00:04:26Z,2026-08,67798,GRS7,66384,TX,Fannin,ERCO,IPP Non-CHP,Batteries,storage,BA,"Energy storage, battery",MWH,Electricity used for energy storage,193.7,190.1,190.1,L,Regulatory approvals pending. Not under construction,2027-09-01
eia860:67819:CRSB1,generator,Robinson Solar,US-NV,39.298603,-115.2192,300,planned,,Repsol Renewables NA,eia:860m,https://www.eia.gov/electricity/data/eia860m/xls/august_generator2026.xlsx,2026-09-26T00:04:26Z,2026-08,67819,CRSB1,65265,NV,White Pine,NEVP,IPP Non-CHP,Batteries,storage,BA,"Energy storage, battery",MWH,Electricity used for energy storage,300,300,300,P,"Planned for installation, but regulatory approvals not initiated",2029-12-01
eia860:67819:CRSS1,generator,Robinson Solar,US-NV,39.298603,-115.2192,300,planned,,Repsol Renewables NA,eia:860m,https://www.eia.gov/electricity/data/eia860m/xls/august_generator2026.xlsx,2026-09-26T00:04:26Z,2026-08,67819,CRSS1,65265,NV,White Pine,NEVP,IPP Non-CHP,Solar Photovoltaic,solar,PV,Photovoltaic,SUN,Solar,300,300,300,P,"Planned for installation, but regulatory approvals not initiated",2029-12-01
eia860:67836:GSP1,generator,Gibson Solar Project - Hybrid,US-CA,38.678386,-121.9876,13,planned,,"Emeren US, LLC",eia:860m,https://www.eia.gov/electricity/data/eia860m/xls/august_generator2026.xlsx,2026-09-26T00:04:26Z,2026-08,67836,GSP1,66412,CA,Yolo,CISO,IPP Non-CHP,Solar Photovoltaic,solar,PV,Photovoltaic,SUN,Solar,13,13,13,T,Regulatory approvals received. Not under construction,2027-12-01
eia860:67836:GSP2,generator,Gibson Solar Project - Hybrid,US-CA,38.678386,-121.9876,13,planned,,"Emeren US, LLC",eia:860m,https://www.eia.gov/electricity/data/eia860m/xls/august_generator2026.xlsx,2026-09-26T00:04:26Z,2026-08,67836,GSP2,66412,CA,Yolo,CISO,IPP Non-CHP,Batteries,storage,BA,"Energy storage, battery",MWH,Electricity used for energy storage,13,13,13,T,Regulatory approvals received. Not under construction,2027-12-01
eia860:67837:RAYRS,generator,Ray Ranch Solar,US-TX,28.628,-97.724,255.2,under_construction,,Ray Ranch Solar LLC,eia:860m,https://www.eia.gov/electricity/data/eia860m/xls/august_generator2026.xlsx,2026-09-26T00:04:26Z,2026-08,67837,RAYRS,66413,TX,Goliad,ERCO,IPP Non-CHP,Solar Photovoltaic,solar,PV,Photovoltaic,SUN,Solar,255.2,255.2,255.2,TS,"Construction complete, but not yet in commercial operation",2026-09-01
eia860:67838:NY30,generator,"KCE NY 30, LLC",US-NY,40.69477,-73.35182,50,planned,,Key Capture Energy,eia:860m,https://www.eia.gov/electricity/data/eia860m/xls/august_generator2026.xlsx,2026-09-26T00:04:26Z,2026-08,67838,NY30,63289,NY,Suffolk,NYIS,IPP Non-CHP,Batteries,storage,BA,"Energy storage, battery",MWH,Electricity used for energy storage,50,50,50,P,"Planned for installation, but regulatory approvals not initiated",2030-12-01
eia860:67839:NY31,generator,"KCE NY 31, LLC",US-NY,40.9581,-72.86654,50,planned,,Key Capture Energy,eia:860m,https://www.eia.gov/electricity/data/eia860m/xls/august_generator2026.xlsx,2026-09-26T00:04:26Z,2026-08,67839,NY31,63289,NY,Suffolk,NYIS,IPP Non-CHP,Batteries,storage,BA,"Energy storage, battery",MWH,Electricity used for energy storage,50,50,50,P,"Planned for installation, but regulatory approvals not initiated",2031-05-01
eia860:67857:MCDOW,generator,McDowell Creek Solar LLC,US-NC,35.394168,-80.94389,2,under_construction,,McDowell Creek Solar LLC,eia:860m,https://www.eia.gov/electricity/data/eia860m/xls/august_generator2026.xlsx,2026-09-26T00:04:26Z,2026-08,67857,MCDOW,66427,NC,Mecklenburg,DUK,IPP Non-CHP,Solar Photovoltaic,solar,PV,Photovoltaic,SUN,Solar,2,2,2,V,"Under construction, more than 50 percent complete",2026-10-01
eia860:67858:DILL1,generator,Dill Holdings LLC,US-NC,35.966645,-80.71882,10,under_construction,,Dill Holdings LLC,eia:860m,https://www.eia.gov/electricity/data/eia860m/xls/august_generator2026.xlsx,2026-09-26T00:04:26Z,2026-08,67858,DILL1,66426,NC,Iredell,DUK,IPP Non-CHP,Solar Photovoltaic,solar,PV,Photovoltaic,SUN,Solar,10,10,10,U,"Under construction, less than or equal to 50 percent complete",2027-06-01
eia860:67862:SOLAR,generator,Kingstree East 230 Solar Project,US-SC,33.563633,-79.46326,249,planned,,Kingstree East 230 LLC,eia:860m,https://www.eia.gov/electricity/data/eia860m/xls/august_generator2026.xlsx,2026-09-26T00:04:26Z,2026-08,67862,SOLAR,66430,SC,Georgetown,SC,IPP Non-CHP,Solar Photovoltaic,solar,PV,Photovoltaic,SUN,Solar,249,249,249,T,Regulatory approvals received. Not under construction,2029-12-01
eia860:67870:ENX34,generator,Clermont Solar,US-PA,41.656025,-78.56731,120,under_construction,,"Clermont Solar, LLC",eia:860m,https://www.eia.gov/electricity/data/eia860m/xls/august_generator2026.xlsx,2026-09-26T00:04:26Z,2026-08,67870,ENX34,66446,PA,McKean,PJM,IPP Non-CHP,Solar Photovoltaic,solar,PV,Photovoltaic,SUN,Solar,120,120,120,U,"Under construction, less than or equal to 50 percent complete",2026-11-01
eia860:67871:ENX29,generator,Gladys Solar LLC,US-VA,37.143719,-79.14207,60.4,planned,,Gladys Solar LLC,eia:860m,https://www.eia.gov/electricity/data/eia860m/xls/august_generator2026.xlsx,2026-09-26T00:04:26Z,2026-08,67871,ENX29,66447,VA,Campbell,PJM,IPP Non-CHP,Solar Photovoltaic,solar,PV,Photovoltaic,SUN,Solar,60.4,60.4,60.4,P,"Planned for installation, but regulatory approvals not initiated",2027-10-01
eia860:67874:ENX32,generator,Parks Valley Energy LLC,US-WV,39.288816,-78.47481,150,planned,,Parks Valley Energy LLC,eia:860m,https://www.eia.gov/electricity/data/eia860m/xls/august_generator2026.xlsx,2026-09-26T00:04:26Z,2026-08,67874,ENX32,66448,WV,Hampshire,PJM,IPP Non-CHP,Batteries,storage,BA,"Energy storage, battery",MWH,Electricity used for energy storage,150,150,150,P,"Planned for installation, but regulatory approvals not initiated",2027-12-01
eia860:67879:ENX26,generator,Stony Creek Solar,US-PA,40.222386,-78.8812,15,planned,,"Stony Creek Solar, LLC",eia:860m,https://www.eia.gov/electricity/data/eia860m/xls/august_generator2026.xlsx,2026-09-26T00:04:26Z,2026-08,67879,ENX26,66451,PA,Somerset,PJM,IPP Non-CHP,Solar Photovoltaic,solar,PV,Photovoltaic,SUN,Solar,15,15,15,T,Regulatory approvals received. Not under construction,2028-10-01
eia860:67884:ENX27,generator,Two Oaks Solar and Storage LLC,US-VA,38.013053,-77.93117,118,planned,,Two Oaks Solar and Storage,eia:860m,https://www.eia.gov/electricity/data/eia860m/xls/august_generator2026.xlsx,2026-09-26T00:04:26Z,2026-08,67884,ENX27,66461,VA,Louisa,PJM,IPP Non-CHP,Solar Photovoltaic,solar,PV,Photovoltaic,SUN,Solar,118,118,118,P,"Planned for installation, but regulatory approvals not initiated",2029-11-01
eia860:67884:ENX28,generator,Two Oaks Solar and Storage LLC,US-VA,38.013053,-77.93117,50,planned,,Two Oaks Solar and Storage,eia:860m,https://www.eia.gov/electricity/data/eia860m/xls/august_generator2026.xlsx,2026-09-26T00:04:26Z,2026-08,67884,ENX28,66461,VA,Louisa,PJM,IPP Non-CHP,Batteries,storage,BA,"Energy storage, battery",MWH,Electricity used for energy storage,50,50,50,P,"Planned for installation, but regulatory approvals not initiated",2027-11-01
eia860:67894:51LVA,generator,Bellefield 3 Solar and Battery Storage,US-CA,35.029153,-117.9926,150,planned,,"51LV 8me, LLC",eia:860m,https://www.eia.gov/electricity/data/eia860m/xls/august_generator2026.xlsx,2026-09-26T00:04:26Z,2026-08,67894,51LVA,66463,CA,Kern,CISO,IPP Non-CHP,Solar Photovoltaic,solar,PV,Photovoltaic,SUN,Solar,150,150,150,P,"Planned for installation, but regulatory approvals not initiated",2030-05-01
eia860:67894:51LVB,generator,Bellefield 3 Solar and Battery Storage,US-CA,35.029153,-117.9926,150,planned,,"51LV 8me, LLC",eia:860m,https://www.eia.gov/electricity/data/eia860m/xls/august_generator2026.xlsx,2026-09-26T00:04:26Z,2026-08,67894,51LVB,66463,CA,Kern,CISO,IPP Non-CHP,Batteries,storage,BA,"Energy storage, battery",MWH,Electricity used for energy storage,150,150,150,P,"Planned for installation, but regulatory approvals not initiated",2030-05-01
eia860:67896:229HD,generator,Holstein 2 Battery Storage,US-TX,32.081901,-100.159,100,planned,,"229HD 8me, LLC",eia:860m,https://www.eia.gov/electricity/data/eia860m/xls/august_generator2026.xlsx,2026-09-26T00:04:26Z,2026-08,67896,229HD,66465,TX,Nolan,ERCO,IPP Non-CHP,Batteries,storage,BA,"Energy storage, battery",MWH,Electricity used for energy storage,100,100,100,P,"Planned for installation, but regulatory approvals not initiated",2029-05-01
eia860:67914:1A,generator,Delta Blues Advanced Power Station,US-MS,33.330476,-91.13058,477,planned,,Entergy Mississippi LLC,eia:860m,https://www.eia.gov/electricity/data/eia860m/xls/august_generator2026.xlsx,2026-09-26T00:04:26Z,2026-08,67914,1A,12685,MS,Washington,MISO,Electric Utility,Natural Gas Fired Combined Cycle,natural_gas,CT,Combined cycle combustion turbine part,NG,Natural gas,477,422.2,457.4,L,Regulatory approvals pending. Not under construction,2028-05-01
eia860:67914:1C,generator,Delta Blues Advanced Power Station,US-MS,33.330476,-91.13058,341.7,planned,,Entergy Mississippi LLC,eia:860m,https://www.eia.gov/electricity/data/eia860m/xls/august_generator2026.xlsx,2026-09-26T00:04:26Z,2026-08,67914,1C,12685,MS,Washington,MISO,Electric Utility,Natural Gas Fired Combined Cycle,natural_gas,CA,Combined cycle steam part,NG,Natural gas,341.7,291.5,291.8,L,Regulatory approvals pending. Not under construction,2028-05-01
eia860:67917:CHMPN,generator,"Champaign BESS, LLC",US-TX,31.871567,-101.7384,202.7,planned,,"Samsung C&T Renewables, LLC",eia:860m,https://www.eia.gov/electricity/data/eia860m/xls/august_generator2026.xlsx,2026-09-26T00:04:26Z,2026-08,67917,CHMPN,65144,TX,Glasscock,ERCO,IPP Non-CHP,Batteries,storage,BA,"Energy storage, battery",MWH,Electricity used for energy storage,202.7,202.7,202.7,P,"Planned for installation, but regulatory approvals not initiated",2027-06-01
eia860:67918:DIOS,generator,"Dios BESS, LLC",US-TX,29.012998,-96.5051,201.6,planned,,"Samsung C&T Renewables, LLC",eia:860m,https://www.eia.gov/electricity/data/eia860m/xls/august_generator2026.xlsx,2026-09-26T00:04:26Z,2026-08,67918,DIOS,65144,TX,Jackson,ERCO,IPP Non-CHP,Batteries,storage,BA,"Energy storage, battery",MWH,Electricity used for energy storage,201.6,201.6,201.6,P,"Planned for installation, but regulatory approvals not initiated",2027-03-01
eia860:67919:DOLCE,generator,"Dolce BESS, LLC",US-TX,32.484063,-100.9018,101.4,planned,,"Samsung C&T Renewables, LLC",eia:860m,https://www.eia.gov/electricity/data/eia860m/xls/august_generator2026.xlsx,2026-09-26T00:04:26Z,2026-08,67919,DOLCE,65144,TX,Mitchell,ERCO,IPP Non-CHP,Batteries,storage,BA,"Energy storage, battery",MWH,Electricity used for energy storage,101.4,101.4,101.4,P,"Planned for installation, but regulatory approvals not initiated",2028-04-01
eia860:67936:GS1,generator,Goshen Solar,US-WY,41.853445,-104.5032,163,planned,,"Goshen Solar, LLC",eia:860m,https://www.eia.gov/electricity/data/eia860m/xls/august_generator2026.xlsx,2026-09-26T00:04:26Z,2026-08,67936,GS1,66487,WY,Goshen,WACM,IPP Non-CHP,Solar Photovoltaic,solar,PV,Photovoltaic,SUN,Solar,163,163,163,T,Regulatory approvals received. Not under construction,2030-12-01
eia860:67937:FLOSO,generator,Flora Solar,US-IL,38.648852,-88.51444,125,planned,,"Flora Solar, LLC",eia:860m,https://www.eia.gov/electricity/data/eia860m/xls/august_generator2026.xlsx,2026-09-26T00:04:26Z,2026-08,67937,FLOSO,66488,IL,Clay,PJM,IPP Non-CHP,Solar Photovoltaic,solar,PV,Photovoltaic,SUN,Solar,125,125,125,P,"Planned for installation, but regulatory approvals not initiated",2027-12-01
eia860:67945:JCSIB,generator,Juniper Creek Storage,US-CA,38.554073,-121.2066,200,planned,,Vesper Energy Development LLC,eia:860m,https://www.eia.gov/electricity/data/eia860m/xls/august_generator2026.xlsx,2026-09-26T00:04:26Z,2026-08,67945,JCSIB,64545,CA,Sacramento,CISO,IPP Non-CHP,Batteries,storage,BA,"Energy storage, battery",MWH,Electricity used for energy storage,200,200,200,T,Regulatory approvals received. Not under construction,2028-03-01
eia860:67950:MFS1,generator,Moonlight Flats Solar Power 1,US-PA,41.092288,-78.17989,250,planned,,"Moonlight Flats Solar Power, LLC",eia:860m,https://www.eia.gov/electricity/data/eia860m/xls/august_generator2026.xlsx,2026-09-26T00:04:26Z,2026-08,67950,MFS1,66508,PA,Clearfield,NYIS,IPP Non-CHP,Solar Photovoltaic,solar,PV,Photovoltaic,SUN,Solar,250,250,250,P,"Planned for installation, but regulatory approvals not initiated",2030-12-01
eia860:67954:BRPV1,generator,BAI-Boyles Run-Phase I,US-PA,40.771847,-76.78119,15.9,planned,,"Boyles Run Solar I, LLC",eia:860m,https://www.eia.gov/electricity/data/eia860m/xls/august_generator2026.xlsx,2026-09-26T00:04:26Z,2026-08,67954,BRPV1,66511,PA,Northumberland,PJM,IPP Non-CHP,Solar Photovoltaic,solar,PV,Photovoltaic,SUN,Solar,15.9,15.9,15.9,P,"Planned for installation, but regulatory approvals not initiated",2028-09-01
eia860:67955:BRPV2,generator,BAI-Boyles Run-Phase 2,US-PA,40.771847,-76.78119,15.9,planned,,"Boyles Run Solar II, LLC",eia:860m,https://www.eia.gov/electricity/data/eia860m/xls/august_generator2026.xlsx,2026-09-26T00:04:26Z,2026-08,67955,BRPV2,66512,PA,Northumberland,PJM,IPP Non-CHP,Solar Photovoltaic,solar,PV,Photovoltaic,SUN,Solar,15.9,15.9,15.9,P,"Planned for installation, but regulatory approvals not initiated",2028-09-01
eia860:67956:CONBS,generator,Concho Pearl Solar and Storage,US-TX,31.465492,-99.93435,162.4,planned,,Red River Clean Energy,eia:860m,https://www.eia.gov/electricity/data/eia860m/xls/august_generator2026.xlsx,2026-09-26T00:04:26Z,2026-08,67956,CONBS,66509,TX,Concho,ERCO,IPP Non-CHP,Batteries,storage,BA,"Energy storage, battery",MWH,Electricity used for energy storage,162.4,162.4,162.4,T,Regulatory approvals received. Not under construction,2027-10-01
eia860:67956:CONPV,generator,Concho Pearl Solar and Storage,US-TX,31.465492,-99.93435,171.9,planned,,Red River Clean Energy,eia:860m,https://www.eia.gov/electricity/data/eia860m/xls/august_generator2026.xlsx,2026-09-26T00:04:26Z,2026-08,67956,CONPV,66509,TX,Concho,ERCO,IPP Non-CHP,Solar Photovoltaic,solar,PV,Photovoltaic,SUN,Solar,171.9,171.9,171.9,T,Regulatory approvals received. Not under construction,2027-10-01
eia860:67964:A400M,generator,Agave,US-AZ,33.32389,-112.8397,150,under_construction,,Arizona Public Service Co,eia:860m,https://www.eia.gov/electricity/data/eia860m/xls/august_generator2026.xlsx,2026-09-26T00:04:26Z,2026-08,67964,A400M,803,AZ,Maricopa,AZPS,Electric Utility,Batteries,storage,BA,"Energy storage, battery",MWH,Electricity used for energy storage,150,150,150,TS,"Construction complete, but not yet in commercial operation",2026-10-01
eia860:67966:NEWJ1,generator,New Jay PV & BESS,US-IN,40.369376,-85.18392,39,planned,,Hodson Greendefine Jay Desoto LLC,eia:860m,https://www.eia.gov/electricity/data/eia860m/xls/august_generator2026.xlsx,2026-09-26T00:04:26Z,2026-08,67966,NEWJ1,66521,IN,Jay,PJM,IPP Non-CHP,Solar Photovoltaic,solar,PV,Photovoltaic,SUN,Solar,39,39,39,P,"Planned for installation, but regulatory approvals not initiated",2028-09-01
eia860:67976:GEN01,generator,Cattlemen Solar II,US-TX,31.083559,-96.85732,200,under_construction,,Cattlemen Solar Park II LLC,eia:860m,https://www.eia.gov/electricity/data/eia860m/xls/august_generator2026.xlsx,2026-09-26T00:04:26Z,2026-08,67976,GEN01,66524,TX,Milam,ERCO,IPP Non-CHP,Solar Photovoltaic,solar,PV,Photovoltaic,SUN,Solar,200,200,200,TS,"Construction complete, but not yet in commercial operation",2026-10-01
eia860:67977:QUACR,generator,Quaker Creek Farm Solar,US-NC,36.156688,-79.32292,34.9,under_construction,,"Quaker Creek Farm Solar, LLC",eia:860m,https://www.eia.gov/electricity/data/eia860m/xls/august_generator2026.xlsx,2026-09-26T00:04:26Z,2026-08,67977,QUACR,66525,NC,Alamance,DUK,IPP Non-CHP,Solar Photovoltaic,solar,PV,Photovoltaic,SUN,Solar,34.9,34.9,34.9,U,"Under construction, less than or equal to 50 percent complete",2027-01-01
eia860:67978:SSPV1,generator,Sierra Solar Hybrid,US-NV,39.8536,-119.0394,400,under_construction,,Sierra Pacific Power Co,eia:860m,https://www.eia.gov/electricity/data/eia860m/xls/august_generator2026.xlsx,2026-09-26T00:04:26Z,2026-08,67978,SSPV1,17166,NV,Churchill,NEVP,Electric Utility,Solar Photovoltaic,solar,PV,Photovoltaic,SUN,Solar,400,400,400,TS,"Construction complete, but not yet in commercial operation",2026-12-01
eia860:67982:ATHS1,generator,Athens Solar I (Hybrid),US-CA,35.754889,-121.4071,250,planned,,Vesper Energy Development LLC,eia:860m,https://www.eia.gov/electricity/data/eia860m/xls/august_generator2026.xlsx,2026-09-26T00:04:26Z,2026-08,67982,ATHS1,64545,CA,Placer,CISO,IPP Non-CHP,Solar Photovoltaic,solar,PV,Photovoltaic,SUN,Solar,250,250,250,P,"Planned for installation, but regulatory approvals not initiated",2028-06-01
eia860:67982:ATHSB,generator,Athens Solar I (Hybrid),US-CA,35.754889,-121.4071,250,planned,,Vesper Energy Development LLC,eia:860m,https://www.eia.gov/electricity/data/eia860m/xls/august_generator2026.xlsx,2026-09-26T00:04:26Z,2026-08,67982,ATHSB,64545,CA,Placer,CISO,IPP Non-CHP,Batteries,storage,BA,"Energy storage, battery",MWH,Electricity used for energy storage,250,250,250,P,"Planned for installation, but regulatory approvals not initiated",2028-06-01
eia860:67983:AURRB,generator,Aurora Renewable Energy (Hybrid),US-CA,37.628805,-121.0714,50,planned,,Vesper Energy Development LLC,eia:860m,https://www.eia.gov/electricity/data/eia860m/xls/august_generator2026.xlsx,2026-09-26T00:04:26Z,2026-08,67983,AURRB,64545,CA,Stanislaus,BANC,IPP Non-CHP,Batteries,storage,BA,"Energy storage, battery",MWH,Electricity used for energy storage,50,50,50,P,"Planned for installation, but regulatory approvals not initiated",2028-04-01
eia860:67983:AURRE,generator,Aurora Renewable Energy (Hybrid),US-CA,37.628805,-121.0714,50,planned,,Vesper Energy Development LLC,eia:860m,https://www.eia.gov/electricity/data/eia860m/xls/august_generator2026.xlsx,2026-09-26T00:04:26Z,2026-08,67983,AURRE,64545,CA,Stanislaus,BANC,IPP Non-CHP,Solar Photovoltaic,solar,PV,Photovoltaic,SUN,Solar,50,50,50,P,"Planned for installation, but regulatory approvals not initiated",2028-04-01
eia860:67984:FFLPA,generator,Firefly Solar PA,US-PA,40.930281,-80.43244,401.6,planned,,Vesper Energy Development LLC,eia:860m,https://www.eia.gov/electricity/data/eia860m/xls/august_generator2026.xlsx,2026-09-26T00:04:26Z,2026-08,67984,FFLPA,64545,PA,Lawrence,PJM,IPP Non-CHP,Solar Photovoltaic,solar,PV,Photovoltaic,SUN,Solar,401.6,401.6,401.6,L,Regulatory approvals pending. Not under construction,2027-12-01
eia860:67985:HRNT2,generator,Hornet Solar II (TX) (Hybrid),US-TX,34.483406,-101.9699,200,planned,,Vesper Energy Development LLC,eia:860m,https://www.eia.gov/electricity/data/eia860m/xls/august_generator2026.xlsx,2026-09-26T00:04:26Z,2026-08,67985,HRNT2,64545,TX,Swisher,ERCO,IPP Non-CHP,Solar Photovoltaic,solar,PV,Photovoltaic,SUN,Solar,200,200,200,L,Regulatory approvals pending. Not under construction,2028-03-01
eia860:67985:HRT2B,generator,Hornet Solar II (TX) (Hybrid),US-TX,34.483406,-101.9699,200,planned,,Vesper Energy Development LLC,eia:860m,https://www.eia.gov/electricity/data/eia860m/xls/august_generator2026.xlsx,2026-09-26T00:04:26Z,2026-08,67985,HRT2B,64545,TX,Swisher,ERCO,IPP Non-CHP,Batteries,storage,BA,"Energy storage, battery",MWH,Electricity used for energy storage,200,200,200,L,Regulatory approvals pending. Not under construction,2028-03-01
eia860:67986:MSPRB,generator,Meadow Springs Renewable Energy (Hybrid),US-IL,38.029,-88.284,150,planned,,Vesper Energy Development LLC,eia:860m,https://www.eia.gov/electricity/data/eia860m/xls/august_generator2026.xlsx,2026-09-26T00:04:26Z,2026-08,67986,MSPRB,64545,IL,White,MISO,IPP Non-CHP,Batteries,storage,BA,"Energy storage, battery",MWH,Electricity used for energy storage,150,150,150,P,"Planned for installation, but regulatory approvals not initiated",2028-06-01
eia860:67986:MSPRE,generator,Meadow Springs Renewable Energy (Hybrid),US-IL,38.029,-88.284,150,planned,,Vesper Energy Development LLC,eia:860m,https://www.eia.gov/electricity/data/eia860m/xls/august_generator2026.xlsx,2026-09-26T00:04:26Z,2026-08,67986,MSPRE,64545,IL,White,MISO,IPP Non-CHP,Solar Photovoltaic,solar,PV,Photovoltaic,SUN,Solar,150,150,150,P,"Planned for installation, but regulatory approvals not initiated",2028-06-01
eia860:67987:MYSPB,generator,Mystic Springs Renewable Energy (Hybrid),US-TX,32.821255,-96.19042,250,planned,,Vesper Energy Development LLC,eia:860m,https://www.eia.gov/electricity/data/eia860m/xls/august_generator2026.xlsx,2026-09-26T00:04:26Z,2026-08,67987,MYSPB,64545,TX,Kaufman,ERCO,IPP Non-CHP,Batteries,storage,BA,"Energy storage, battery",MWH,Electricity used for energy storage,250,250,250,P,"Planned for installation, but regulatory approvals not initiated",2028-03-01
eia860:67987:MYSPS,generator,Mystic Springs Renewable Energy (Hybrid),US-TX,32.821255,-96.19042,250,planned,,Vesper Energy Development LLC,eia:860m,https://www.eia.gov/electricity/data/eia860m/xls/august_generator2026.xlsx,2026-09-26T00:04:26Z,2026-08,67987,MYSPS,64545,TX,Kaufman,ERCO,IPP Non-CHP,Solar Photovoltaic,solar,PV,Photovoltaic,SUN,Solar,250,250,250,P,"Planned for installation, but regulatory approvals not initiated",2028-03-01
eia860:67988:PGR28,generator,Sandersville Solar,US-GA,32.987105,-82.75254,50,planned,,"Sandersville Solar, LLC",eia:860m,https://www.eia.gov/electricity/data/eia860m/xls/august_generator2026.xlsx,2026-09-26T00:04:26Z,2026-08,67988,PGR28,66530,GA,Washington,SOCO,IPP Non-CHP,Solar Photovoltaic,solar,PV,Photovoltaic,SUN,Solar,50,50,50,L,Regulatory approvals pending. Not under construction,2027-10-01
eia860:67989:PGR28,generator,Drawhorn Solar,US-GA,33.214449,-83.04206,80,planned,,"Drawhorn Solar, LLC",eia:860m,https://www.eia.gov/electricity/data/eia860m/xls/august_generator2026.xlsx,2026-09-26T00:04:26Z,2026-08,67989,PGR28,66531,GA,Hancock,SOCO,IPP Non-CHP,Solar Photovoltaic,solar,PV,Photovoltaic,SUN,Solar,80,80,80,L,Regulatory approvals pending. Not under construction,2027-11-01
eia860:67990:BM1,generator,Bright Mountain Solar,US-KY,37.29003,-83.28286,80,planned,,Avangrid Power LLC,eia:860m,https://www.eia.gov/electricity/data/eia860m/xls/august_generator2026.xlsx,2026-09-26T00:04:26Z,2026-08,67990,BM1,15399,KY,Perry,PJM,IPP Non-CHP,Solar Photovoltaic,solar,PV,Photovoltaic,SUN,Solar,80,80,80,P,"Planned for installation, but regulatory approvals not initiated",2027-12-01
eia860:67995:PWS,generator,Piney Woods Solar,US-TX,30.718683,-95.66965,150,under_construction,,"Piney Woods Solar, LLC",eia:860m,https://www.eia.gov/electricity/data/eia860m/xls/august_generator2026.xlsx,2026-09-26T00:04:26Z,2026-08,67995,PWS,66542,TX,Walker,MISO,IPP Non-CHP,Solar Photovoltaic,solar,PV,Photovoltaic,SUN,Solar,150,150,150,V,"Under construction, more than 50 percent complete",2027-02-01
eia860:67996:SEPAS,generator,Leuven Solar LLC,US-TX,32.49301,-100.2463,217,planned,,Belgian Renewable Energy Group (BREG),eia:860m,https://www.eia.gov/electricity/data/eia860m/xls/august_generator2026.xlsx,2026-09-26T00:04:26Z,2026-08,67996,SEPAS,66535,TX,Nolan,ERCO,IPP Non-CHP,Solar Photovoltaic,solar,PV,Photovoltaic,SUN,Solar,217,217,217,P,"Planned for installation, but regulatory approvals not initiated",2029-12-01
eia860:67998:KSEC,generator,Karn Solar Energy Center,US-MI,43.644996,-83.84007,80,under_construction,,Consumers Energy Co - (MI),eia:860m,https://www.eia.gov/electricity/data/eia860m/xls/august_generator2026.xlsx,2026-09-26T00:04:26Z,2026-08,67998,KSEC,4254,MI,Bay,MISO,Electric Utility,Solar Photovoltaic,solar,PV,Photovoltaic,SUN,Solar,80,80,80,U,"Under construction, less than or equal to 50 percent complete",2026-12-01
eia860:67999:SCAEC,generator,Spring Creek Agri-Energy Center,US-MI,42.2024,-85.23803,140,under_construction,,Consumers Energy Co - (MI),eia:860m,https://www.eia.gov/electricity/data/eia860m/xls/august_generator2026.xlsx,2026-09-26T00:04:26Z,2026-08,67999,SCAEC,4254,MI,Calhoun,MISO,Electric Utility,Solar Photovoltaic,solar,PV,Photovoltaic,SUN,Solar,140,140,140,U,"Under construction, less than or equal to 50 percent complete",2026-12-01
eia860:68000:BLUMN,generator,Blue Moon,US-KY,38.37118,-84.2578,70,under_construction,,Blue Moon Energy LLC,eia:860m,https://www.eia.gov/electricity/data/eia860m/xls/august_generator2026.xlsx,2026-09-26T00:04:26Z,2026-08,68000,BLUMN,66552,KY,Harrison,PJM,IPP Non-CHP,Solar Photovoltaic,solar,PV,Photovoltaic,SUN,Solar,70,70,70,V,"Under construction, more than 50 percent complete",2026-09-01
eia860:68002:FOLEY,generator,"Foley Solar, LLC",US-AL,30.377488,-87.72751,80,under_construction,,"Foley Solar, LLC",eia:860m,https://www.eia.gov/electricity/data/eia860m/xls/august_generator2026.xlsx,2026-09-26T00:04:26Z,2026-08,68002,FOLEY,66544,AL,Baldwin,SOCO,IPP Non-CHP,Solar Photovoltaic,solar,PV,Photovoltaic,SUN,Solar,80,80,80,TS,"Construction complete, but not yet in commercial operation",2026-10-01
eia860:68014:BRDFS,generator,Bradford Solar PA,US-PA,41.721657,-76.53663,100.5,planned,,Vesper Energy Development LLC,eia:860m,https://www.eia.gov/electricity/data/eia860m/xls/august_generator2026.xlsx,2026-09-26T00:04:26Z,2026-08,68014,BRDFS,64545,PA,Bradford,PJM,IPP Non-CHP,Solar Photovoltaic,solar,PV,Photovoltaic,SUN,Solar,100.5,100.5,100.5,L,Regulatory approvals pending. Not under construction,2027-12-01
eia860:68018:MRCDB,generator,Merced BESS,US-CA,36.989396,-120.8775,3,under_construction,,ZGlobal Inc,eia:860m,https://www.eia.gov/electricity/data/eia860m/xls/august_generator2026.xlsx,2026-09-26T00:04:26Z,2026-08,68018,MRCDB,60059,CA,Merced,CISO,IPP Non-CHP,Batteries,storage,BA,"Energy storage, battery",MWH,Electricity used for energy storage,3,3,3,TS,"Construction complete, but not yet in commercial operation",2026-09-01
eia860:68019:RICBA,generator,Richwood Solar and Storage,US-OH,40.353175,-83.33117,50,planned,,"Samsung C&T Renewables, LLC",eia:860m,https://www.eia.gov/electricity/data/eia860m/xls/august_generator2026.xlsx,2026-09-26T00:04:26Z,2026-08,68019,RICBA,65144,OH,Union,PJM,IPP Non-CHP,Batteries,storage,BA,"Energy storage, battery",MWH,Electricity used for energy storage,50,50,50,P,"Planned for installation, but regulatory approvals not initiated",2028-12-01
eia860:68022:CLP20,generator,Cowboy Solar I,US-WY,41.032968,-104.3816,400,planned,,Cowboy Solar I,eia:860m,https://www.eia.gov/electricity/data/eia860m/xls/august_generator2026.xlsx,2026-09-26T00:04:26Z,2026-08,68022,CLP20,66554,WY,Laramie,WACM,IPP Non-CHP,Solar Photovoltaic,solar,PV,Photovoltaic,SUN,Solar,400,400,400,P,"Planned for installation, but regulatory approvals not initiated",2028-03-01
eia860:68022:CLPBS,generator,Cowboy Solar I,US-WY,41.032968,-104.3816,400,planned,,Cowboy Solar I,eia:860m,https://www.eia.gov/electricity/data/eia860m/xls/august_generator2026.xlsx,2026-09-26T00:04:26Z,2026-08,68022,CLPBS,66554,WY,Laramie,WACM,IPP Non-CHP,Batteries,storage,BA,"Energy storage, battery",MWH,Electricity used for energy storage,400,400,400,P,"Planned for installation, but regulatory approvals not initiated",2028-12-01
eia860:68028:DSP,generator,Delta Solar Plant,US-LA,33.794007,-90.71392,80,planned,,Entergy Mississippi LLC,eia:860m,https://www.eia.gov/electricity/data/eia860m/xls/august_generator2026.xlsx,2026-09-26T00:04:26Z,2026-08,68028,DSP,12685,LA,Bolivar,MISO,Electric Utility,Solar Photovoltaic,solar,PV,Photovoltaic,SUN,Solar,80,80,80,P,"Planned for installation, but regulatory approvals not initiated",2027-11-01
eia860:68029:PSP,generator,Penton Solar Plant,US-MS,34.861567,-90.263,190,planned,,Entergy Mississippi LLC,eia:860m,https://www.eia.gov/electricity/data/eia860m/xls/august_generator2026.xlsx,2026-09-26T00:04:26Z,2026-08,68029,PSP,12685,MS,DeSoto,MISO,Electric Utility,Solar Photovoltaic,solar,PV,Photovoltaic,SUN,Solar,190,190,190,P,"Planned for installation, but regulatory approvals not initiated",2028-03-01
eia860:68030:RDHLW,generator,Red Hollow Renewable Energy,US-TX,33.564936,-98.612,300,planned,,Vesper Energy Development LLC,eia:860m,https://www.eia.gov/electricity/data/eia860m/xls/august_generator2026.xlsx,2026-09-26T00:04:26Z,2026-08,68030,RDHLW,64545,TX,Archer,ERCO,IPP Non-CHP,Solar Photovoltaic,solar,PV,Photovoltaic,SUN,Solar,300,300,300,P,"Planned for installation, but regulatory approvals not initiated",2027-10-01
eia860:68030:RHLWB,generator,Red Hollow Renewable Energy,US-TX,33.564936,-98.612,300,planned,,Vesper Energy Development LLC,eia:860m,https://www.eia.gov/electricity/data/eia860m/xls/august_generator2026.xlsx,2026-09-26T00:04:26Z,2026-08,68030,RHLWB,64545,TX,Archer,ERCO,IPP Non-CHP,Batteries,storage,BA,"Energy storage, battery",MWH,Electricity used for energy storage,300,300,300,P,"Planned for installation, but regulatory approvals not initiated",2027-10-01
eia860:68031:SCPSB,generator,Scopus Solar,US-MO,37.392178,-89.89929,200,planned,,Vesper Energy Development LLC,eia:860m,https://www.eia.gov/electricity/data/eia860m/xls/august_generator2026.xlsx,2026-09-26T00:04:26Z,2026-08,68031,SCPSB,64545,MO,Bollinger,MISO,IPP Non-CHP,Batteries,storage,BA,"Energy storage, battery",MWH,Electricity used for energy storage,200,200,200,P,"Planned for installation, but regulatory approvals not initiated",2027-12-01
eia860:68031:SCPSR,generator,Scopus Solar,US-MO,37.392178,-89.89929,200,planned,,Vesper Energy Development LLC,eia:860m,https://www.eia.gov/electricity/data/eia860m/xls/august_generator2026.xlsx,2026-09-26T00:04:26Z,2026-08,68031,SCPSR,64545,MO,Bollinger,MISO,IPP Non-CHP,Solar Photovoltaic,solar,PV,Photovoltaic,SUN,Solar,200,200,200,P,"Planned for installation, but regulatory approvals not initiated",2027-12-01
eia860:68032:SKLRE,generator,Skylight Renewable Energy,US-CA,38.947494,-121.4792,100,planned,,Vesper Energy Development LLC,eia:860m,https://www.eia.gov/electricity/data/eia860m/xls/august_generator2026.xlsx,2026-09-26T00:04:26Z,2026-08,68032,SKLRE,64545,CA,Sutter,WALC,IPP Non-CHP,Solar Photovoltaic,solar,PV,Photovoltaic,SUN,Solar,100,100,100,P,"Planned for installation, but regulatory approvals not initiated",2028-06-01
eia860:68032:SKREB,generator,Skylight Renewable Energy,US-CA,38.947494,-121.4792,100,planned,,Vesper Energy Development LLC,eia:860m,https://www.eia.gov/electricity/data/eia860m/xls/august_generator2026.xlsx,2026-09-26T00:04:26Z,2026-08,68032,SKREB,64545,CA,Sutter,WALC,IPP Non-CHP,Batteries,storage,BA,"Energy storage, battery",MWH,Electricity used for energy storage,100,100,100,P,"Planned for installation, but regulatory approvals not initiated",2028-06-01
eia860:68033:SNRSE,generator,Sunrose Renewable Energy,US-TX,29.674226,-96.12137,300,planned,,Vesper Energy Development LLC,eia:860m,https://www.eia.gov/electricity/data/eia860m/xls/august_generator2026.xlsx,2026-09-26T00:04:26Z,2026-08,68033,SNRSE,64545,TX,Austin,ERCO,IPP Non-CHP,Solar Photovoltaic,solar,PV,Photovoltaic,SUN,Solar,300,300,300,P,"Planned for installation, but regulatory approvals not initiated",2027-12-01
eia860:68033:SRSEB,generator,Sunrose Renewable Energy,US-TX,29.674226,-96.12137,300,planned,,Vesper Energy Development LLC,eia:860m,https://www.eia.gov/electricity/data/eia860m/xls/august_generator2026.xlsx,2026-09-26T00:04:26Z,2026-08,68033,SRSEB,64545,TX,Austin,ERCO,IPP Non-CHP,Batteries,storage,BA,"Energy storage, battery",MWH,Electricity used for energy storage,300,300,300,P,"Planned for installation, but regulatory approvals not initiated",2027-12-01
eia860:68034:SNSCB,generator,Sunscape Renewable Energy,US-TX,27.819197,-97.79994,500,planned,,Vesper Energy Development LLC,eia:860m,https://www.eia.gov/electricity/data/eia860m/xls/august_generator2026.xlsx,2026-09-26T00:04:26Z,2026-08,68034,SNSCB,64545,TX,Nueces,ERCO,IPP Non-CHP,Batteries,storage,BA,"Energy storage, battery",MWH,Electricity used for energy storage,500,500,500,P,"Planned for installation, but regulatory approvals not initiated",2028-10-01
eia860:68034:SNSCP,generator,Sunscape Renewable Energy,US-TX,27.819197,-97.79994,500,planned,,Vesper Energy Development LLC,eia:860m,https://www.eia.gov/electricity/data/eia860m/xls/august_generator2026.xlsx,2026-09-26T00:04:26Z,2026-08,68034,SNSCP,64545,TX,Nueces,ERCO,IPP Non-CHP,Solar Photovoltaic,solar,PV,Photovoltaic,SUN,Solar,500,500,500,P,"Planned for installation, but regulatory approvals not initiated",2028-10-01
eia860:68035:SYTOB,generator,Syracuse and Tours Renewable Energy,US-CA,34.951078,-118.3083,40,planned,,Vesper Energy Development LLC,eia:860m,https://www.eia.gov/electricity/data/eia860m/xls/august_generator2026.xlsx,2026-09-26T00:04:26Z,2026-08,68035,SYTOB,64545,CA,Kern,CISO,IPP Non-CHP,Batteries,storage,BA,"Energy storage, battery",MWH,Electricity used for energy storage,40,40,40,T,Regulatory approvals received. Not under construction,2027-11-01
eia860:68035:SYTOR,generator,Syracuse and Tours Renewable Energy,US-CA,34.951078,-118.3083,40,planned,,Vesper Energy Development LLC,eia:860m,https://www.eia.gov/electricity/data/eia860m/xls/august_generator2026.xlsx,2026-09-26T00:04:26Z,2026-08,68035,SYTOR,64545,CA,Kern,CISO,IPP Non-CHP,Solar Photovoltaic,solar,PV,Photovoltaic,SUN,Solar,40,40,40,T,Regulatory approvals received. Not under construction,2027-11-01
eia860:68036:VCHSB,generator,Vichy Solar,US-MO,38.167934,-91.82552,200,planned,,Vesper Energy Development LLC,eia:860m,https://www.eia.gov/electricity/data/eia860m/xls/august_generator2026.xlsx,2026-09-26T00:04:26Z,2026-08,68036,VCHSB,64545,MO,Maries,MISO,IPP Non-CHP,Batteries,storage,BA,"Energy storage, battery",MWH,Electricity used for energy storage,200,200,200,P,"Planned for installation, but regulatory approvals not initiated",2027-12-01
eia860:68036:VCHSR,generator,Vichy Solar,US-MO,38.167934,-91.82552,200,planned,,Vesper Energy Development LLC,eia:860m,https://www.eia.gov/electricity/data/eia860m/xls/august_generator2026.xlsx,2026-09-26T00:04:26Z,2026-08,68036,VCHSR,64545,MO,Maries,MISO,IPP Non-CHP,Solar Photovoltaic,solar,PV,Photovoltaic,SUN,Solar,200,200,200,P,"Planned for installation, but regulatory approvals not initiated",2027-12-01
eia860:68039:ELISA,generator,Elisabeth Solar,US-AZ,32.95453,-113.4954,350,planned,,"Leeward Asset Management, LLC",eia:860m,https://www.eia.gov/electricity/data/eia860m/xls/august_generator2026.xlsx,2026-09-26T00:04:26Z,2026-08,68039,ELISA,50123,AZ,Yuma,CISO,IPP Non-CHP,Solar Photovoltaic,solar,PV,Photovoltaic,SUN,Solar,350,350,350,L,Regulatory approvals pending. Not under construction,2028-09-01
eia860:68040:SYCAM,generator,Sycamore Cross Solar,US-VA,37.017425,-76.74399,208.2,planned,,AES Clean Energy,eia:860m,https://www.eia.gov/electricity/data/eia860m/xls/august_generator2026.xlsx,2026-09-26T00:04:26Z,2026-08,68040,SYCAM,64904,VA,Isle of Wight,PJM,IPP Non-CHP,Solar Photovoltaic,solar,PV,Photovoltaic,SUN,Solar,208.2,208.2,208.2,P,"Planned for installation, but regulatory approvals not initiated",2029-06-01
eia860:68043:ROBES,generator,Robeson Solar I,US-NC,34.614574,-78.93468,80,planned,,AES Clean Energy,eia:860m,https://www.eia.gov/electricity/data/eia860m/xls/august_generator2026.xlsx,2026-09-26T00:04:26Z,2026-08,68043,ROBES,64904,NC,Robeson,CPLE,IPP Non-CHP,Solar Photovoltaic,solar,PV,Photovoltaic,SUN,Solar,80,80,80,P,"Planned for installation, but regulatory approvals not initiated",2028-12-01
eia860:68043:ROBSS,generator,Robeson Solar I,US-NC,34.614574,-78.93468,28,planned,,AES Clean Energy,eia:860m,https://www.eia.gov/electricity/data/eia860m/xls/august_generator2026.xlsx,2026-09-26T00:04:26Z,2026-08,68043,ROBSS,64904,NC,Robeson,CPLE,IPP Non-CHP,Batteries,storage,BA,"Energy storage, battery",MWH,Electricity used for energy storage,28,28,28,P,"Planned for installation, but regulatory approvals not initiated",2028-12-01
eia860:68044:RODA1,generator,Rodatherm Milford 1,US-UT,38.572873,-112.9786,1.8,under_construction,,Rodatherm Energy Corporation,eia:860m,https://www.eia.gov/electricity/data/eia860m/xls/august_generator2026.xlsx,2026-09-26T00:04:26Z,2026-08,68044,RODA1,66564,UT,Beaver,PACE,IPP Non-CHP,Geothermal,geothermal,BT,Turbines used in a binary cycle (geothermal),GEO,Geothermal,1.8,1.2,1.8,U,"Under construction, less than or equal to 50 percent complete",2028-01-01
eia860:68052:PV1,generator,Bailey Mill Solar,US-FL,30.409127,-83.93336,74.9,under_construction,,"Duke Energy Florida, LLC",eia:860m,https://www.eia.gov/electricity/data/eia860m/xls/august_generator2026.xlsx,2026-09-26T00:04:26Z,2026-08,68052,PV1,6455,FL,Jefferson,FPC,Electric Utility,Solar Photovoltaic,solar,PV,Photovoltaic,SUN,Solar,74.9,74.9,74.9,V,"Under construction, more than 50 percent complete",2026-09-01
eia860:68053:LEG,generator,Legend Power Station,US-TX,29.880219,-93.99573,754,planned,,Entergy Texas Inc.,eia:860m,https://www.eia.gov/electricity/data/eia860m/xls/august_generator2026.xlsx,2026-09-26T00:04:26Z,2026-08,68053,LEG,55937,TX,Jefferson,ERCO,Electric Utility,Natural Gas Fired Combined Cycle,natural_gas,CC,Combined cycle total unit,NG,Natural gas,754,723,754,L,Regulatory approvals pending. Not under construction,2028-07-01
eia860:68054:SNSB,generator,Sunnyside Solar Energy Center,US-WI,42.985244,-89.43607,40,under_construction,,Madison Gas & Electric Co,eia:860m,https://www.eia.gov/electricity/data/eia860m/xls/august_generator2026.xlsx,2026-09-26T00:04:26Z,2026-08,68054,SNSB,11479,WI,Dane,MISO,Electric Utility,Batteries,storage,BA,"Energy storage, battery",MWH,Electricity used for energy storage,40,40,40,V,"Under construction, more than 50 percent complete",2026-11-01
eia860:68054:SNSS,generator,Sunnyside Solar Energy Center,US-WI,42.985244,-89.43607,20,under_construction,,Madison Gas & Electric Co,eia:860m,https://www.eia.gov/electricity/data/eia860m/xls/august_generator2026.xlsx,2026-09-26T00:04:26Z,2026-08,68054,SNSS,11479,WI,Dane,MISO,Electric Utility,Solar Photovoltaic,solar,PV,Photovoltaic,SUN,Solar,20,20,20,V,"Under construction, more than 50 percent complete",2026-11-01
eia860:68057:BAMA1,generator,Alabama Creek Solar,US-AL,32.315548,-87.22312,80,planned,,"Alabama Creek Solar, LLC",eia:860m,https://www.eia.gov/electricity/data/eia860m/xls/august_generator2026.xlsx,2026-09-26T00:04:26Z,2026-08,68057,BAMA1,66568,AL,Dallas,SOCO,IPP Non-CHP,Solar Photovoltaic,solar,PV,Photovoltaic,SUN,Solar,80,80,80,T,Regulatory approvals received. Not under construction,2027-10-01
eia860:68061:GEMPV,generator,Gemstone Solar LLC,US-MI,41.896754,-86.0488,150,planned,,Clenera DevCo LLC,eia:860m,https://www.eia.gov/electricity/data/eia860m/xls/august_generator2026.xlsx,2026-09-26T00:04:26Z,2026-08,68061,GEMPV,66571,MI,Cass,PJM,IPP Non-CHP,Solar Photovoltaic,solar,PV,Photovoltaic,SUN,Solar,150,150,150,T,Regulatory approvals received. Not under construction,2028-10-01
eia860:68065:CHILS,generator,Chillingham Solar,US-TX,31.006,-97.262,350,under_construction,,Chillingham Solar LLC,eia:860m,https://www.eia.gov/electricity/data/eia860m/xls/august_generator2026.xlsx,2026-09-26T00:04:26Z,2026-08,68065,CHILS,66576,TX,Bell,ERCO,IPP Non-CHP,Solar Photovoltaic,solar,PV,Photovoltaic,SUN,Solar,350,350,350,TS,"Construction complete, but not yet in commercial operation",2026-09-01
eia860:68068:CP1G1,generator,Cape Generating Station,US-UT,38.506706,-112.9175,43,under_construction,,Cape HoldCo LLC,eia:860m,https://www.eia.gov/electricity/data/eia860m/xls/august_generator2026.xlsx,2026-09-26T00:04:26Z,2026-08,68068,CP1G1,66579,UT,Beaver,LDWP,IPP Non-CHP,Geothermal,geothermal,BT,Turbines used in a binary cycle (geothermal),GEO,Geothermal,43,30,33,TS,"Construction complete, but not yet in commercial operation",2026-10-01
eia860:68068:CP1G2,generator,Cape Generating Station,US-UT,38.506706,-112.9175,43,under_construction,,Cape HoldCo LLC,eia:860m,https://www.eia.gov/electricity/data/eia860m/xls/august_generator2026.xlsx,2026-09-26T00:04:26Z,2026-08,68068,CP1G2,66579,UT,Beaver,LDWP,IPP Non-CHP,Geothermal,geothermal,BT,Turbines used in a binary cycle (geothermal),GEO,Geothermal,43,30,33,TS,"Construction complete, but not yet in commercial operation",2027-01-01
eia860:68068:CP1G3,generator,Cape Generating Station,US-UT,38.506706,-112.9175,43,under_construction,,Cape HoldCo LLC,eia:860m,https://www.eia.gov/electricity/data/eia860m/xls/august_generator2026.xlsx,2026-09-26T00:04:26Z,2026-08,68068,CP1G3,66579,UT,Beaver,LDWP,IPP Non-CHP,Geothermal,geothermal,BT,Turbines used in a binary cycle (geothermal),GEO,Geothermal,43,30,33,V,"Under construction, more than 50 percent complete",2027-01-01
eia860:68070:ALBER,generator,Alberta Solar,US-VA,36.841728,-77.91051,3,under_construction,,Dominion Renewable Energy,eia:860m,https://www.eia.gov/electricity/data/eia860m/xls/august_generator2026.xlsx,2026-09-26T00:04:26Z,2026-08,68070,ALBER,58468,VA,Brunswick,PJM,Electric Utility,Solar Photovoltaic,solar,PV,Photovoltaic,SUN,Solar,3,3,3,U,"Under construction, less than or equal to 50 percent complete",2026-09-01
eia860:68071:BELLF,generator,Bellflower Solar (VA),US-VA,37.0,-78.0,600,planned,,Dominion Renewable Energy,eia:860m,https://www.eia.gov/electricity/data/eia860m/xls/august_generator2026.xlsx,2026-09-26T00:04:26Z,2026-08,68071,BELLF,58468,VA,Brunswick,PJM,Electric Utility,Solar Photovoltaic,solar,PV,Photovoltaic,SUN,Solar,600,600,600,P,"Planned for installation, but regulatory approvals not initiated",2030-01-01
eia860:68072:BRIDL,generator,Bridleton Solar,US-VA,37.46,-77.27,20,planned,,Dominion Renewable Energy,eia:860m,https://www.eia.gov/electricity/data/eia860m/xls/august_generator2026.xlsx,2026-09-26T00:04:26Z,2026-08,68072,BRIDL,58468,VA,Henrico,PJM,Electric Utility,Solar Photovoltaic,solar,PV,Photovoltaic,SUN,Solar,20,20,20,L,Regulatory approvals pending. Not under construction,2028-10-01
eia860:68073:BLUER,generator,Blue Ridge Solar,US-VA,36.790101,-79.42875,95,under_construction,,Dominion Renewable Energy,eia:860m,https://www.eia.gov/electricity/data/eia860m/xls/august_generator2026.xlsx,2026-09-26T00:04:26Z,2026-08,68073,BLUER,58468,VA,Pittsylvania,PJM,Electric Utility,Solar Photovoltaic,solar,PV,Photovoltaic,SUN,Solar,95,95,95,U,"Under construction, less than or equal to 50 percent complete",2027-03-01
eia860:68074:CERUL,generator,Cerulean Solar,US-VA,37.867194,-76.58987,62,under_construction,,Dominion Renewable Energy,eia:860m,https://www.eia.gov/electricity/data/eia860m/xls/august_generator2026.xlsx,2026-09-26T00:04:26Z,2026-08,68074,CERUL,58468,VA,Richmond,PJM,Electric Utility,Solar Photovoltaic,solar,PV,Photovoltaic,SUN,Solar,62,62,62,V,"Under construction, more than 50 percent complete",2026-09-01
eia860:68075:PINES,generator,Pineside Solar,US-VA,37.5,-78.5,74.9,planned,,Dominion Renewable Energy,eia:860m,https://www.eia.gov/electricity/data/eia860m/xls/august_generator2026.xlsx,2026-09-26T00:04:26Z,2026-08,68075,PINES,58468,VA,Buckingham,PJM,Electric Utility,Solar Photovoltaic,solar,PV,Photovoltaic,SUN,Solar,74.9,74.9,74.9,P,"Planned for installation, but regulatory approvals not initiated",2030-01-01
eia860:68076:ROCKY,generator,Rocky Run Solar,US-VA,37.0,-78.0,300,planned,,Dominion Renewable Energy,eia:860m,https://www.eia.gov/electricity/data/eia860m/xls/august_generator2026.xlsx,2026-09-26T00:04:26Z,2026-08,68076,ROCKY,58468,VA,Brunswick,PJM,Electric Utility,Solar Photovoltaic,solar,PV,Photovoltaic,SUN,Solar,300,300,300,P,"Planned for installation, but regulatory approvals not initiated",2028-01-01
eia860:68078:CHIBS,generator,Chisme Solar and Storage,US-TX,31.568929,-98.82195,146,under_construction,,Red River Clean Energy,eia:860m,https://www.eia.gov/electricity/data/eia860m/xls/august_generator2026.xlsx,2026-09-26T00:04:26Z,2026-08,68078,CHIBS,66509,TX,Brown,ERCO,IPP Non-CHP,Batteries,storage,BA,"Energy storage, battery",MWH,Electricity used for energy storage,146,146,146,U,"Under construction, less than or equal to 50 percent complete",2027-05-01
eia860:68078:CHIPV,generator,Chisme Solar and Storage,US-TX,31.568929,-98.82195,147,under_construction,,Red River Clean Energy,eia:860m,https://www.eia.gov/electricity/data/eia860m/xls/august_generator2026.xlsx,2026-09-26T00:04:26Z,2026-08,68078,CHIPV,66509,TX,Brown,ERCO,IPP Non-CHP,Solar Photovoltaic,solar,PV,Photovoltaic,SUN,Solar,147,147,147,U,"Under construction, less than or equal to 50 percent complete",2027-05-01
eia860:68079:STAS1,generator,Stagecoach LRE,US-CO,38.17739,-104.5012,230,planned,,"Leeward Asset Management, LLC",eia:860m,https://www.eia.gov/electricity/data/eia860m/xls/august_generator2026.xlsx,2026-09-26T00:04:26Z,2026-08,68079,STAS1,50123,CO,Pueblo,PSCO,IPP Non-CHP,Solar Photovoltaic,solar,PV,Photovoltaic,SUN,Solar,230,230,230,T,Regulatory approvals received. Not under construction,2029-12-01
eia860:68080:GRS8B,generator,Marcos PV and BESS,US-TX,28.904979,-97.71017,115.9,planned,,GRS BESS Texas Eight LLC,eia:860m,https://www.eia.gov/electricity/data/eia860m/xls/august_generator2026.xlsx,2026-09-26T00:04:26Z,2026-08,68080,GRS8B,66581,TX,Victoria,ERCO,IPP Non-CHP,Batteries,storage,BA,"Energy storage, battery",MWH,Electricity used for energy storage,115.9,115,115,L,Regulatory approvals pending. Not under construction,2029-08-01
eia860:68080:GRS8P,generator,Marcos PV and BESS,US-TX,28.904979,-97.71017,115.9,planned,,GRS BESS Texas Eight LLC,eia:860m,https://www.eia.gov/electricity/data/eia860m/xls/august_generator2026.xlsx,2026-09-26T00:04:26Z,2026-08,68080,GRS8P,66581,TX,Victoria,ERCO,IPP Non-CHP,Solar Photovoltaic,solar,PV,Photovoltaic,SUN,Solar,115.9,115,115,L,Regulatory approvals pending. Not under construction,2029-08-01
eia860:68082:BBP,generator,Bluebonnet Prairie Wind,US-TX,32.143863,-96.30097,170,under_construction,,"Leeward Asset Management, LLC",eia:860m,https://www.eia.gov/electricity/data/eia860m/xls/august_generator2026.xlsx,2026-09-26T00:04:26Z,2026-08,68082,BBP,50123,TX,Navarro,ERCO,IPP Non-CHP,Onshore Wind Turbine,wind,WT,"Wind turbine, onshore",WND,Wind,170,170,170,U,"Under construction, less than or equal to 50 percent complete",2027-12-01
eia860:68084:MLB,generator,Morrow Lake BESS,US-TX,28.936239,-99.08318,200,planned,,"Leeward Asset Management, LLC",eia:860m,https://www.eia.gov/electricity/data/eia860m/xls/august_generator2026.xlsx,2026-09-26T00:04:26Z,2026-08,68084,MLB,50123,TX,Frio,ERCO,IPP Non-CHP,Batteries,storage,BA,"Energy storage, battery",MWH,Electricity used for energy storage,200,200,200,P,"Planned for installation, but regulatory approvals not initiated",2029-12-01
eia860:68085:RMS1,generator,Red Maple LRE,US-IL,41.886064,-88.72725,95,planned,,"Leeward Asset Management, LLC",eia:860m,https://www.eia.gov/electricity/data/eia860m/xls/august_generator2026.xlsx,2026-09-26T00:04:26Z,2026-08,68085,RMS1,50123,IL,DeKalb,PJM,IPP Non-CHP,Solar Photovoltaic,solar,PV,Photovoltaic,SUN,Solar,95,95,95,L,Regulatory approvals pending. Not under construction,2028-09-01
eia860:68086:SBS,generator,South Branch Solar,US-OH,41.128477,-83.51517,115,planned,,"Leeward Asset Management, LLC",eia:860m,https://www.eia.gov/electricity/data/eia860m/xls/august_generator2026.xlsx,2026-09-26T00:04:26Z,2026-08,68086,SBS,50123,OH,Hancock,PJM,IPP Non-CHP,Solar Photovoltaic,solar,PV,Photovoltaic,SUN,Solar,115,115,115,L,Regulatory approvals pending. Not under construction,2027-06-01
eia860:68089:TS03,generator,Twelvemile Solar 3,US-OK,36.331569,-95.22931,200,under_construction,,"Leeward Asset Management, LLC",eia:860m,https://www.eia.gov/electricity/data/eia860m/xls/august_generator2026.xlsx,2026-09-26T00:04:26Z,2026-08,68089,TS03,50123,OK,Mayes,SWPP,IPP Non-CHP,Solar Photovoltaic,solar,PV,Photovoltaic,SUN,Solar,200,200,200,V,"Under construction, more than 50 percent complete",2026-12-01
eia860:68090:WILLO,generator,Willow Beach Wind,US-TX,29.249522,-95.13416,200,planned,,AES Clean Energy,eia:860m,https://www.eia.gov/electricity/data/eia860m/xls/august_generator2026.xlsx,2026-09-26T00:04:26Z,2026-08,68090,WILLO,64904,TX,Brazoria,ERCO,IPP Non-CHP,Onshore Wind Turbine,wind,WT,"Wind turbine, onshore",WND,Wind,200,200,200,L,Regulatory approvals pending. Not under construction,2029-02-01
eia860:68097:CHERR,generator,SR Cherry Valley,US-AR,35.372893,-90.7708,4.8,under_construction,,"SR Cherry Valley, LLC",eia:860m,https://www.eia.gov/electricity/data/eia860m/xls/august_generator2026.xlsx,2026-09-26T00:04:26Z,2026-08,68097,CHERR,66586,AR,Cross,MISO,IPP Non-CHP,Solar Photovoltaic,solar,PV,Photovoltaic,SUN,Solar,4.8,4.8,4.8,TS,"Construction complete, but not yet in commercial operation",2026-09-01
eia860:68099:COPE,generator,SR Copeland,US-TN,36.035453,-85.10991,110,planned,,"SR Copeland, LLC",eia:860m,https://www.eia.gov/electricity/data/eia860m/xls/august_generator2026.xlsx,2026-09-26T00:04:26Z,2026-08,68099,COPE,66588,TN,Cumberland,TVA,IPP Non-CHP,Solar Photovoltaic,solar,PV,Photovoltaic,SUN,Solar,110,110,110,T,Regulatory approvals received. Not under construction,2027-12-01
eia860:68104:HPHUL,generator,SR Hope Hull,US-AL,32.2555,-86.3194,80,planned,,"SR Hope Hull, LLC",eia:860m,https://www.eia.gov/electricity/data/eia860m/xls/august_generator2026.xlsx,2026-09-26T00:04:26Z,2026-08,68104,HPHUL,66602,AL,Montgomery,SOCO,IPP Non-CHP,Solar Photovoltaic,solar,PV,Photovoltaic,SUN,Solar,80,80,80,T,Regulatory approvals received. Not under construction,2027-12-01
eia860:68105:JASP,generator,SR Jasper,US-MS,32.048427,-88.94419,150,planned,,"SR Jasper, LLC",eia:860m,https://www.eia.gov/electricity/data/eia860m/xls/august_generator2026.xlsx,2026-09-26T00:04:26Z,2026-08,68105,JASP,66593,MS,Jasper,SOCO,IPP Non-CHP,Solar Photovoltaic,solar,PV,Photovoltaic,SUN,Solar,150,150,150,T,Regulatory approvals received. Not under construction,2029-12-01
eia860:68110:MILAN,generator,SR Milan,US-TN,35.945285,-88.75989,2.8,planned,,"SR Milan, LLC",eia:860m,https://www.eia.gov/electricity/data/eia860m/xls/august_generator2026.xlsx,2026-09-26T00:04:26Z,2026-08,68110,MILAN,66596,TN,Gibson,TVA,IPP Non-CHP,Solar Photovoltaic,solar,PV,Photovoltaic,SUN,Solar,2.8,2.8,2.8,T,Regulatory approvals received. Not under construction,2028-07-01
eia860:68118:CH404,generator,Addison 11-SLCHI404,US-IL,41.930327,-88.04848,1.6,under_construction,,Prologis Logistics Services Incorporated,eia:860m,https://www.eia.gov/electricity/data/eia860m/xls/august_generator2026.xlsx,2026-09-26T00:04:26Z,2026-08,68118,CH404,65869,IL,DuPage,PJM,IPP Non-CHP,Solar Photovoltaic,solar,PV,Photovoltaic,SUN,Solar,1.6,1.6,1.6,TS,"Construction complete, but not yet in commercial operation",2026-09-01
eia860:68119:CH307,generator,Aurora 7-SLCHI307,US-IL,41.79698,-88.26809,1.9,under_construction,,Prologis Logistics Services Incorporated,eia:860m,https://www.eia.gov/electricity/data/eia860m/xls/august_generator2026.xlsx,2026-09-26T00:04:26Z,2026-08,68119,CH307,65869,IL,Kane,PJM,IPP Non-CHP,Solar Photovoltaic,solar,PV,Photovoltaic,SUN,Solar,1.9,1.9,1.9,U,"Under construction, less than or equal to 50 percent complete",2027-04-01
eia860:68120:CH513,generator,Bensenville 13-SLCHI513,US-IL,41.987884,-87.95258,1.4,under_construction,,Prologis Logistics Services Incorporated,eia:860m,https://www.eia.gov/electricity/data/eia860m/xls/august_generator2026.xlsx,2026-09-26T00:04:26Z,2026-08,68120,CH513,65869,IL,DuPage,PJM,IPP Non-CHP,Solar Photovoltaic,solar,PV,Photovoltaic,SUN,Solar,1.4,1.4,1.4,U,"Under construction, less than or equal to 50 percent complete",2026-10-01
eia860:68121:CH414,generator,Bensenville 14-SLCHI414,US-IL,41.982829,-87.94589,1.3,under_construction,,Prologis Logistics Services Incorporated,eia:860m,https://www.eia.gov/electricity/data/eia860m/xls/august_generator2026.xlsx,2026-09-26T00:04:26Z,2026-08,68121,CH414,65869,IL,DuPage,PJM,IPP Non-CHP,Solar Photovoltaic,solar,PV,Photovoltaic,SUN,Solar,1.3,1.3,1.3,V,"Under construction, more than 50 percent complete",2027-04-01
eia860:68122:CH526,generator,Bensenville 2-SLCHI526,US-IL,41.971289,-87.95462,1.9,under_construction,,Prologis Logistics Services Incorporated,eia:860m,https://www.eia.gov/electricity/data/eia860m/xls/august_generator2026.xlsx,2026-09-26T00:04:26Z,2026-08,68122,CH526,65869,IL,DuPage,PJM,IPP Non-CHP,Solar Photovoltaic,solar,PV,Photovoltaic,SUN,Solar,1.9,1.9,1.9,U,"Under construction, less than or equal to 50 percent complete",2026-10-01
eia860:68123:CH410,generator,Bensenville Ind Park 10-SLCHI410,US-IL,41.984507,-87.94587,1.2,under_construction,,Prologis Logistics Services Incorporated,eia:860m,https://www.eia.gov/electricity/data/eia860m/xls/august_generator2026.xlsx,2026-09-26T00:04:26Z,2026-08,68123,CH410,65869,IL,DuPage,PJM,IPP Non-CHP,Solar Photovoltaic,solar,PV,Photovoltaic,SUN,Solar,1.2,1.2,1.2,V,"Under construction, more than 50 percent complete",2027-01-01
eia860:68124:CH411,generator,Bensenville Ind Park 11,US-IL,41.986194,-87.94525,1.2,under_construction,,Prologis Logistics Services Incorporated,eia:860m,https://www.eia.gov/electricity/data/eia860m/xls/august_generator2026.xlsx,2026-09-26T00:04:26Z,2026-08,68124,CH411,65869,IL,DuPage,PJM,IPP Non-CHP,Solar Photovoltaic,solar,PV,Photovoltaic,SUN,Solar,1.2,1.2,1.2,U,"Under construction, less than or equal to 50 percent complete",2026-12-01
eia860:68126:CH402,generator,Bensenville Ind Park 2-SLCHI402,US-IL,41.983957,-87.95383,1.1,under_construction,,Prologis Logistics Services Incorporated,eia:860m,https://www.eia.gov/electricity/data/eia860m/xls/august_generator2026.xlsx,2026-09-26T00:04:26Z,2026-08,68126,CH402,65869,IL,DuPage,PJM,IPP Non-CHP,Solar Photovoltaic,solar,PV,Photovoltaic,SUN,Solar,1.1,1.1,1.1,U,"Under construction, less than or equal to 50 percent complete",2027-01-01
eia860:68127:CH424,generator,Bensenville Ind Park 4-SLCHI424,US-IL,41.983893,-87.95172,1.7,under_construction,,Prologis Logistics Services Incorporated,eia:860m,https://www.eia.gov/electricity/data/eia860m/xls/august_generator2026.xlsx,2026-09-26T00:04:26Z,2026-08,68127,CH424,65869,IL,Cook,PJM,IPP Non-CHP,Solar Photovoltaic,solar,PV,Photovoltaic,SUN,Solar,1.7,1.7,1.7,V,"Under construction, more than 50 percent complete",2027-01-01
eia860:68129:CH603,generator,Cicero 3-SLCHI603,US-IL,41.86464,-87.75757,1.9,under_construction,,Prologis Logistics Services Incorporated,eia:860m,https://www.eia.gov/electricity/data/eia860m/xls/august_generator2026.xlsx,2026-09-26T00:04:26Z,2026-08,68129,CH603,65869,IL,Cook,PJM,IPP Non-CHP,Solar Photovoltaic,solar,PV,Photovoltaic,SUN,Solar,1.9,1.9,1.9,U,"Under construction, less than or equal to 50 percent complete",2027-07-01
eia860:68130:CH211,generator,Des Plaines 11-SLCHI211,US-IL,42.015,-87.915,1.6,under_construction,,Prologis Logistics Services Incorporated,eia:860m,https://www.eia.gov/electricity/data/eia860m/xls/august_generator2026.xlsx,2026-09-26T00:04:26Z,2026-08,68130,CH211,65869,IL,Cook,PJM,IPP Non-CHP,Solar Photovoltaic,solar,PV,Photovoltaic,SUN,Solar,1.6,1.6,1.6,TS,"Construction complete, but not yet in commercial operation",2026-10-01
eia860:68132:CH701,generator,Elk Grove 1-SLCHI701,US-IL,42.010416,-87.958,1.7,under_construction,,Prologis Logistics Services Incorporated,eia:860m,https://www.eia.gov/electricity/data/eia860m/xls/august_generator2026.xlsx,2026-09-26T00:04:26Z,2026-08,68132,CH701,65869,IL,Cook,PJM,IPP Non-CHP,Solar Photovoltaic,solar,PV,Photovoltaic,SUN,Solar,1.7,1.7,1.7,V,"Under construction, more than 50 percent complete",2026-10-01
eia860:68133:CH151,generator,Elk Grove 51-SLCHI151,US-IL,42.00096,-87.95782,1.4,under_construction,,Prologis Logistics Services Incorporated,eia:860m,https://www.eia.gov/electricity/data/eia860m/xls/august_generator2026.xlsx,2026-09-26T00:04:26Z,2026-08,68133,CH151,65869,IL,DuPage,PJM,IPP Non-CHP,Solar Photovoltaic,solar,PV,Photovoltaic,SUN,Solar,1.4,1.4,1.4,U,"Under construction, less than or equal to 50 percent complete",2027-03-01
eia860:68135:CH802,generator,Franklin Park 2-SLCHI802,US-IL,41.946509,-87.85944,1.2,under_construction,,Prologis Logistics Services Incorporated,eia:860m,https://www.eia.gov/electricity/data/eia860m/xls/august_generator2026.xlsx,2026-09-26T00:04:26Z,2026-08,68135,CH802,65869,IL,Cook,PJM,IPP Non-CHP,Solar Photovoltaic,solar,PV,Photovoltaic,SUN,Solar,1.2,1.2,1.2,V,"Under construction, more than 50 percent complete",2026-12-01
eia860:68137:CH910,generator,Glendale Heights 10-SLCHI910,US-IL,41.929422,-88.07008,1.3,under_construction,,Prologis Logistics Services Incorporated,eia:860m,https://www.eia.gov/electricity/data/eia860m/xls/august_generator2026.xlsx,2026-09-26T00:04:26Z,2026-08,68137,CH910,65869,IL,DuPage,PJM,IPP Non-CHP,Solar Photovoltaic,solar,PV,Photovoltaic,SUN,Solar,1.3,1.3,1.3,U,"Under construction, less than or equal to 50 percent complete",2027-02-01
eia860:68138:CH321,generator,Internationale Ctr 11-SLCHI321,US-IL,41.70053,-88.02744,1.8,under_construction,,Prologis Logistics Services Incorporated,eia:860m,https://www.eia.gov/electricity/data/eia860m/xls/august_generator2026.xlsx,2026-09-26T00:04:26Z,2026-08,68138,CH321,65869,IL,DuPage,PJM,IPP Non-CHP,Solar Photovoltaic,solar,PV,Photovoltaic,SUN,Solar,1.8,1.8,1.8,U,"Under construction, less than or equal to 50 percent complete",2027-04-01
eia860:68139:CH102,generator,McCook 2-SLCHI102,US-IL,41.803083,-87.81935,2,under_construction,,Prologis Logistics Services Incorporated,eia:860m,https://www.eia.gov/electricity/data/eia860m/xls/august_generator2026.xlsx,2026-09-26T00:04:26Z,2026-08,68139,CH102,65869,IL,Cook,PJM,IPP Non-CHP,Solar Photovoltaic,solar,PV,Photovoltaic,SUN,Solar,2,2,2,TS,"Construction complete, but not yet in commercial operation",2026-10-01
eia860:68140:CH547,generator,Melrose Park 2-SLCHI547,US-IL,41.9809,-87.8633,3,under_construction,,Prologis Logistics Services Incorporated,eia:860m,https://www.eia.gov/electricity/data/eia860m/xls/august_generator2026.xlsx,2026-09-26T00:04:26Z,2026-08,68140,CH547,65869,IL,Cook,PJM,IPP Non-CHP,Solar Photovoltaic,solar,PV,Photovoltaic,SUN,Solar,3,3,3,U,"Under construction, less than or equal to 50 percent complete",2027-01-01
eia860:68141:CH302,generator,Northlake 2-SLCHI302,US-IL,41.9118,-87.9081,1.6,under_construction,,Prologis Logistics Services Incorporated,eia:860m,https://www.eia.gov/electricity/data/eia860m/xls/august_generator2026.xlsx,2026-09-26T00:04:26Z,2026-08,68141,CH302,65869,IL,Cook,PJM,IPP Non-CHP,Solar Photovoltaic,solar,PV,Photovoltaic,SUN,Solar,1.6,1.6,1.6,U,"Under construction, less than or equal to 50 percent complete",2026-11-01
eia860:68142:CH303,generator,Northlake 3-SLCHI303,US-IL,41.918532,-87.9093,1.6,under_construction,,Prologis Logistics Services Incorporated,eia:860m,https://www.eia.gov/electricity/data/eia860m/xls/august_generator2026.xlsx,2026-09-26T00:04:26Z,2026-08,68142,CH303,65869,IL,Cook,PJM,IPP Non-CHP,Solar Photovoltaic,solar,PV,Photovoltaic,SUN,Solar,1.6,1.6,1.6,U,"Under construction, less than or equal to 50 percent complete",2026-09-01
eia860:68143:CH304,generator,Northlake 4-SLCHI304,US-IL,41.92302,-87.91646,1.4,under_construction,,Prologis Logistics Services Incorporated,eia:860m,https://www.eia.gov/electricity/data/eia860m/xls/august_generator2026.xlsx,2026-09-26T00:04:26Z,2026-08,68143,CH304,65869,IL,Cook,PJM,IPP Non-CHP,Solar Photovoltaic,solar,PV,Photovoltaic,SUN,Solar,1.4,1.4,1.4,U,"Under construction, less than or equal to 50 percent complete",2026-12-01
eia860:68144:CH305,generator,Northlake 5-SLCHI305,US-IL,41.929004,-87.91716,2.5,under_construction,,Prologis Logistics Services Incorporated,eia:860m,https://www.eia.gov/electricity/data/eia860m/xls/august_generator2026.xlsx,2026-09-26T00:04:26Z,2026-08,68144,CH305,65869,IL,Cook,PJM,IPP Non-CHP,Solar Photovoltaic,solar,PV,Photovoltaic,SUN,Solar,2.5,2.5,2.5,V,"Under construction, more than 50 percent complete",2027-04-01
eia860:68149:RAVEB,generator,Raven Storage,US-TX,29.575617,-96.08872,100,under_construction,,"Raven Storage, LLC",eia:860m,https://www.eia.gov/electricity/data/eia860m/xls/august_generator2026.xlsx,2026-09-26T00:04:26Z,2026-08,68149,RAVEB,65803,TX,Wharton,ERCO,IPP Non-CHP,Batteries,storage,BA,"Energy storage, battery",MWH,Electricity used for energy storage,100,100,100,V,"Under construction, more than 50 percent complete",2026-11-01
eia860:68153:BA1,generator,Fremont Solar,US-UT,37.9789,-112.7761,198,under_construction,,"Fremont Solar, LLC",eia:860m,https://www.eia.gov/electricity/data/eia860m/xls/august_generator2026.xlsx,2026-09-26T00:04:26Z,2026-08,68153,BA1,66616,UT,Iron,PACE,IPP Non-CHP,Batteries,storage,BA,"Energy storage, battery",MWH,Electricity used for energy storage,198,198,198,U,"Under construction, less than or equal to 50 percent complete",2027-12-01
eia860:68153:PV1,generator,Fremont Solar,US-UT,37.9789,-112.7761,99,under_construction,,"Fremont Solar, LLC",eia:860m,https://www.eia.gov/electricity/data/eia860m/xls/august_generator2026.xlsx,2026-09-26T00:04:26Z,2026-08,68153,PV1,66616,UT,Iron,PACE,IPP Non-CHP,Solar Photovoltaic,solar,PV,Photovoltaic,SUN,Solar,99,99,99,U,"Under construction, less than or equal to 50 percent complete",2027-12-01
eia860:68155:RIOLA,generator,Rio Lago Solar,US-TX,29.756134,-99.09524,123,under_construction,,"Rio Lago Solar, LLC",eia:860m,https://www.eia.gov/electricity/data/eia860m/xls/august_generator2026.xlsx,2026-09-26T00:04:26Z,2026-08,68155,RIOLA,66635,TX,Bandera,ERCO,IPP Non-CHP,Solar Photovoltaic,solar,PV,Photovoltaic,SUN,Solar,123,123,123,TS,"Construction complete, but not yet in commercial operation",2026-09-01
eia860:68165:BROBA,generator,Brotherton Storage,US-TX,31.687913,-95.73988,176.1,planned,,"Belltown Power Texas 2, LLC",eia:860m,https://www.eia.gov/electricity/data/eia860m/xls/august_generator2026.xlsx,2026-09-26T00:04:26Z,2026-08,68165,BROBA,66607,TX,Anderson,ERCO,IPP Non-CHP,Batteries,storage,BA,"Energy storage, battery",MWH,Electricity used for energy storage,176.1,176.1,176.1,L,Regulatory approvals pending. Not under construction,2027-12-01
eia860:68166:DOLBA,generator,Dolomite Storage,US-TX,32.456144,-96.73774,125.7,planned,,"Belltown Power Texas 2, LLC",eia:860m,https://www.eia.gov/electricity/data/eia860m/xls/august_generator2026.xlsx,2026-09-26T00:04:26Z,2026-08,68166,DOLBA,66607,TX,Ellis,ERCO,IPP Non-CHP,Batteries,storage,BA,"Energy storage, battery",MWH,Electricity used for energy storage,125.7,125.7,125.7,L,Regulatory approvals pending. Not under construction,2028-07-01
eia860:68168:KAHBA,generator,Kahla Storage,US-TX,31.325705,-96.26071,200.9,planned,,"Belltown Power Texas 2, LLC",eia:860m,https://www.eia.gov/electricity/data/eia860m/xls/august_generator2026.xlsx,2026-09-26T00:04:26Z,2026-08,68168,KAHBA,66607,TX,Leon,ERCO,IPP Non-CHP,Batteries,storage,BA,"Energy storage, battery",MWH,Electricity used for energy storage,200.9,200.9,200.9,L,Regulatory approvals pending. Not under construction,2028-12-01
eia860:68171:MCMBA,generator,Mcmurtre Storage,US-TX,33.179664,-95.80922,176.1,planned,,"Belltown Power Texas 2, LLC",eia:860m,https://www.eia.gov/electricity/data/eia860m/xls/august_generator2026.xlsx,2026-09-26T00:04:26Z,2026-08,68171,MCMBA,66607,TX,Hunt,ERCO,IPP Non-CHP,Batteries,storage,BA,"Energy storage, battery",MWH,Electricity used for energy storage,176.1,176.1,176.1,L,Regulatory approvals pending. Not under construction,2027-12-01
eia860:68172:MYEBT,generator,Myers Solar and Storage,US-TX,28.420043,-97.70934,75.7,planned,,"Belltown Power Texas 2, LLC",eia:860m,https://www.eia.gov/electricity/data/eia860m/xls/august_generator2026.xlsx,2026-09-26T00:04:26Z,2026-08,68172,MYEBT,66607,TX,Goliad,ERCO,IPP Non-CHP,Batteries,storage,BA,"Energy storage, battery",MWH,Electricity used for energy storage,75.7,75.7,75.7,L,Regulatory approvals pending. Not under construction,2028-08-01
eia860:68172:MYEPV,generator,Myers Solar and Storage,US-TX,28.420043,-97.70934,100.9,planned,,"Belltown Power Texas 2, LLC",eia:860m,https://www.eia.gov/electricity/data/eia860m/xls/august_generator2026.xlsx,2026-09-26T00:04:26Z,2026-08,68172,MYEPV,66607,TX,Goliad,ERCO,IPP Non-CHP,Solar Photovoltaic,solar,PV,Photovoltaic,SUN,Solar,100.9,100.9,100.9,L,Regulatory approvals pending. Not under construction,2028-08-01
eia860:68173:SANBT,generator,Sandford Solar and Storage,US-TX,33.30726,-97.52777,100.9,planned,,"Belltown Power Texas 2, LLC",eia:860m,https://www.eia.gov/electricity/data/eia860m/xls/august_generator2026.xlsx,2026-09-26T00:04:26Z,2026-08,68173,SANBT,66607,TX,Wise,ERCO,IPP Non-CHP,Batteries,storage,BA,"Energy storage, battery",MWH,Electricity used for energy storage,100.9,100.9,100.9,L,Regulatory approvals pending. Not under construction,2028-12-01
eia860:68173:SANPV,generator,Sandford Solar and Storage,US-TX,33.30726,-97.52777,126.2,planned,,"Belltown Power Texas 2, LLC",eia:860m,https://www.eia.gov/electricity/data/eia860m/xls/august_generator2026.xlsx,2026-09-26T00:04:26Z,2026-08,68173,SANPV,66607,TX,Wise,ERCO,IPP Non-CHP,Solar Photovoltaic,solar,PV,Photovoltaic,SUN,Solar,126.2,126.2,126.2,L,Regulatory approvals pending. Not under construction,2028-12-01
eia860:68175:SYMPV,generator,Symank Solar,US-TX,31.626039,-97.64211,66.6,planned,,"Belltown Power Texas 2, LLC",eia:860m,https://www.eia.gov/electricity/data/eia860m/xls/august_generator2026.xlsx,2026-09-26T00:04:26Z,2026-08,68175,SYMPV,66607,TX,Bosque,ERCO,IPP Non-CHP,Solar Photovoltaic,solar,PV,Photovoltaic,SUN,Solar,66.6,66.6,66.6,L,Regulatory approvals pending. Not under construction,2027-12-01
eia860:68176:WILBA,generator,Willis Storage,US-TX,32.870406,-95.74785,176.1,planned,,"Belltown Power Texas 2, LLC",eia:860m,https://www.eia.gov/electricity/data/eia860m/xls/august_generator2026.xlsx,2026-09-26T00:04:26Z,2026-08,68176,WILBA,66607,TX,Rains,ERCO,IPP Non-CHP,Batteries,storage,BA,"Energy storage, battery",MWH,Electricity used for energy storage,176.1,176.1,176.1,L,Regulatory approvals pending. Not under construction,2027-09-01
eia860:68178:YOOBA,generator,Yooperlite Storage,US-TX,33.033186,-97.88031,175.7,planned,,"Belltown Power Texas 2, LLC",eia:860m,https://www.eia.gov/electricity/data/eia860m/xls/august_generator2026.xlsx,2026-09-26T00:04:26Z,2026-08,68178,YOOBA,66607,TX,Wise,ERCO,IPP Non-CHP,Batteries,storage,BA,"Energy storage, battery",MWH,Electricity used for energy storage,175.7,175.7,175.7,L,Regulatory approvals pending. Not under construction,2027-12-01
eia860:68179:TEMPW,generator,Templeton Wind,US-IN,40.519676,-87.15039,200.2,planned,,"Templeton Wind Energy Center, LLC",eia:860m,https://www.eia.gov/electricity/data/eia860m/xls/august_generator2026.xlsx,2026-09-26T00:04:26Z,2026-08,68179,TEMPW,66606,IN,Benton,MISO,Electric Utility,Onshore Wind Turbine,wind,WT,"Wind turbine, onshore",WND,Wind,200.2,200.2,200.2,T,Regulatory approvals received. Not under construction,2027-06-01
eia860:68184:COLES,generator,Coles Wind,US-IL,39.605953,-88.18026,300,under_construction,,"Coles Wind, LLC",eia:860m,https://www.eia.gov/electricity/data/eia860m/xls/august_generator2026.xlsx,2026-09-26T00:04:26Z,2026-08,68184,COLES,66620,IL,Coles,MISO,IPP Non-CHP,Onshore Wind Turbine,wind,WT,"Wind turbine, onshore",WND,Wind,300,300,300,U,"Under construction, less than or equal to 50 percent complete",2027-05-01
eia860:68186:FIRE,generator,Firelands Wind,US-OH,41.210325,-82.77908,297,under_construction,,"Firelands Wind, LLC",eia:860m,https://www.eia.gov/electricity/data/eia860m/xls/august_generator2026.xlsx,2026-09-26T00:04:26Z,2026-08,68186,FIRE,66622,OH,Huron,PJM,IPP Non-CHP,Onshore Wind Turbine,wind,WT,"Wind turbine, onshore",WND,Wind,297,297,297,U,"Under construction, less than or equal to 50 percent complete",2027-05-01
eia860:68191:HRTG,generator,Heritage Wind,US-NY,43.170976,-78.17454,126,planned,,"Heritage Wind, LLC",eia:860m,https://www.eia.gov/electricity/data/eia860m/xls/august_generator2026.xlsx,2026-09-26T00:04:26Z,2026-08,68191,HRTG,66624,NY,Orleans,NYIS,IPP Non-CHP,Onshore Wind Turbine,wind,WT,"Wind turbine, onshore",WND,Wind,126,126,126,P,"Planned for installation, but regulatory approvals not initiated",2028-06-01
eia860:68194:RIVER,generator,Riverstone Solar,US-VA,37.72839,-78.45188,149.5,planned,,"Riverstone Solar, LLC",eia:860m,https://www.eia.gov/electricity/data/eia860m/xls/august_generator2026.xlsx,2026-09-26T00:04:26Z,2026-08,68194,RIVER,66630,VA,Buckingham,PJM,IPP Non-CHP,Solar Photovoltaic,solar,PV,Photovoltaic,SUN,Solar,149.5,149.5,149.5,T,Regulatory approvals received. Not under construction,2027-10-01
eia860:68195:DEAVE,generator,Delaware Ave Solar,US-DE,38.930578,-75.57075,4,under_construction,,"Delaware Ave Solar, LLC",eia:860m,https://www.eia.gov/electricity/data/eia860m/xls/august_generator2026.xlsx,2026-09-26T00:04:26Z,2026-08,68195,DEAVE,66870,DE,Kent,PJM,IPP Non-CHP,Solar Photovoltaic,solar,PV,Photovoltaic,SUN,Solar,4,4,4,V,"Under construction, more than 50 percent complete",2026-10-01
eia860:68196:RIFPV,generator,Rifle Range Road Solar,US-DE,38.725699,-75.57144,4,under_construction,,"Rifle Range Road Solar, LLC",eia:860m,https://www.eia.gov/electricity/data/eia860m/xls/august_generator2026.xlsx,2026-09-26T00:04:26Z,2026-08,68196,RIFPV,66869,DE,Sussex,PJM,IPP Non-CHP,Solar Photovoltaic,solar,PV,Photovoltaic,SUN,Solar,4,4,4,U,"Under construction, less than or equal to 50 percent complete",2026-12-01
eia860:68197:ROCKY,generator,Rocky Forge Wind,US-VA,37.710827,-79.7196,78,under_construction,,"Rocky Forge Wind, LLC",eia:860m,https://www.eia.gov/electricity/data/eia860m/xls/august_generator2026.xlsx,2026-09-26T00:04:26Z,2026-08,68197,ROCKY,66631,VA,Botetourt,PJM,IPP Non-CHP,Onshore Wind Turbine,wind,WT,"Wind turbine, onshore",WND,Wind,78,78,78,V,"Under construction, more than 50 percent complete",2026-09-01
eia860:68201:ROMS,generator,IP Roman Solar,US-TX,34.990891,-102.6076,500,planned,,"Intersect USA, LLC",eia:860m,https://www.eia.gov/electricity/data/eia860m/xls/august_generator2026.xlsx,2026-09-26T00:04:26Z,2026-08,68201,ROMS,67582,TX,Deaf Smith,ERCO,IPP Non-CHP,Solar Photovoltaic,solar,PV,Photovoltaic,SUN,Solar,500,500,500,L,Regulatory approvals pending. Not under construction,2028-06-01
eia860:68202:ROMW,generator,IP Roman Wind,US-TX,34.990891,-102.6076,670.5,planned,,"Intersect USA, LLC",eia:860m,https://www.eia.gov/electricity/data/eia860m/xls/august_generator2026.xlsx,2026-09-26T00:04:26Z,2026-08,68202,ROMW,67582,TX,Deaf Smith,ERCO,IPP Non-CHP,Onshore Wind Turbine,wind,WT,"Wind turbine, onshore",WND,Wind,670.5,670.5,670.5,L,Regulatory approvals pending. Not under construction,2028-09-01
eia860:68203:MEITS,generator,IP Meitner Solar,US-TX,35.562222,-100.6941,500,planned,,"Intersect USA, LLC",eia:860m,https://www.eia.gov/electricity/data/eia860m/xls/august_generator2026.xlsx,2026-09-26T00:04:26Z,2026-08,68203,MEITS,67582,TX,Gray,ERCO,IPP Non-CHP,Solar Photovoltaic,solar,PV,Photovoltaic,SUN,Solar,500,214,142,L,Regulatory approvals pending. Not under construction,2028-04-01
eia860:68204:MEITW,generator,IP Meitner Wind,US-TX,35.696972,-100.8213,500,planned,,"Intersect USA, LLC",eia:860m,https://www.eia.gov/electricity/data/eia860m/xls/august_generator2026.xlsx,2026-09-26T00:04:26Z,2026-08,68204,MEITW,67582,TX,Roberts,ERCO,IPP Non-CHP,Onshore Wind Turbine,wind,WT,"Wind turbine, onshore",WND,Wind,500,258,292,L,Regulatory approvals pending. Not under construction,2028-02-01
eia860:68205:GRNWD,generator,Greenwood Solar I,US-VA,38.427261,-77.90787,100,planned,,"Greenwood Solar I, LLC",eia:860m,https://www.eia.gov/electricity/data/eia860m/xls/august_generator2026.xlsx,2026-09-26T00:04:26Z,2026-08,68205,GRNWD,66641,VA,Culpeper,PJM,IPP Non-CHP,Solar Photovoltaic,solar,PV,Photovoltaic,SUN,Solar,100,100,100,T,Regulatory approvals received. Not under construction,2028-06-01
eia860:68208:LRZBR,generator,City of Little Rock Solar Array,US-AR,34.69761,-92.21437,4.9,under_construction,,City of Little Rock - (AR),eia:860m,https://www.eia.gov/electricity/data/eia860m/xls/august_generator2026.xlsx,2026-09-26T00:04:26Z,2026-08,68208,LRZBR,66642,AR,Pulaski,MISO,Electric Utility,Solar Photovoltaic,solar,PV,Photovoltaic,SUN,Solar,4.9,4.9,3.7,U,"Under construction, less than or equal to 50 percent complete",2026-11-01
eia860:68209:PSGBS,generator,Purple Sage Energy Center,US-NV,36.029139,-115.8062,400,planned,,Noble Solar LLC,eia:860m,https://www.eia.gov/electricity/data/eia860m/xls/august_generator2026.xlsx,2026-09-26T00:04:26Z,2026-08,68209,PSGBS,66650,NV,Clark,CISO,IPP Non-CHP,Batteries,storage,BA,"Energy storage, battery",MWH,Electricity used for energy storage,400,400,400,P,"Planned for installation, but regulatory approvals not initiated",2028-11-01
eia860:68209:PSGPV,generator,Purple Sage Energy Center,US-NV,36.029139,-115.8062,400,planned,,Noble Solar LLC,eia:860m,https://www.eia.gov/electricity/data/eia860m/xls/august_generator2026.xlsx,2026-09-26T00:04:26Z,2026-08,68209,PSGPV,66650,NV,Clark,CISO,IPP Non-CHP,Solar Photovoltaic,solar,PV,Photovoltaic,SUN,Solar,400,400,400,P,"Planned for installation, but regulatory approvals not initiated",2028-11-01
eia860:68211:GRER,generator,Grears Corner Solar,US-DE,39.380083,-75.70611,4,planned,,"Grears Corner Solar, LLC",eia:860m,https://www.eia.gov/electricity/data/eia860m/xls/august_generator2026.xlsx,2026-09-26T00:04:26Z,2026-08,68211,GRER,67927,DE,New Castle,PJM,IPP Non-CHP,Solar Photovoltaic,solar,PV,Photovoltaic,SUN,Solar,4,4,4,L,Regulatory approvals pending. Not under construction,2027-03-01
eia860:68212:MDLN,generator,Maryland Line Road Solar,US-DE,39.372,-75.763,2.5,planned,,"Maryland Line Road Solar, LLC",eia:860m,https://www.eia.gov/electricity/data/eia860m/xls/august_generator2026.xlsx,2026-09-26T00:04:26Z,2026-08,68212,MDLN,67926,DE,New Castle,PJM,IPP Non-CHP,Solar Photovoltaic,solar,PV,Photovoltaic,SUN,Solar,2.5,2.5,2.5,L,Regulatory approvals pending. Not under construction,2027-03-01
eia860:68213:1,generator,Panton,US-VT,44.1328,-73.31151,50,planned,,Viridis Solar,eia:860m,https://www.eia.gov/electricity/data/eia860m/xls/august_generator2026.xlsx,2026-09-26T00:04:26Z,2026-08,68213,1,66649,VT,Addison,ISNE,IPP Non-CHP,Solar Photovoltaic,solar,PV,Photovoltaic,SUN,Solar,50,50,50,L,Regulatory approvals pending. Not under construction,2028-12-01
eia860:68214:1A,generator,Franklin Farms 1&2,US-LA,32.53246,-91.62767,469.3,planned,,Entergy Louisiana LLC,eia:860m,https://www.eia.gov/electricity/data/eia860m/xls/august_generator2026.xlsx,2026-09-26T00:04:26Z,2026-08,68214,1A,11241,LA,Richland,MISO,Electric Utility,Natural Gas Fired Combined Cycle,natural_gas,CT,Combined cycle combustion turbine part,NG,Natural gas,469.3,435.4,469.3,L,Regulatory approvals pending. Not under construction,2028-12-01
eia860:68214:1B,generator,Franklin Farms 1&2,US-LA,32.53246,-91.62767,311,planned,,Entergy Louisiana LLC,eia:860m,https://www.eia.gov/electricity/data/eia860m/xls/august_generator2026.xlsx,2026-09-26T00:04:26Z,2026-08,68214,1B,11241,LA,Richland,MISO,Electric Utility,Natural Gas Fired Combined Cycle,natural_gas,CA,Combined cycle steam part,NG,Natural gas,311,302.8,303,L,Regulatory approvals pending. Not under construction,2028-12-01
eia860:68214:2A,generator,Franklin Farms 1&2,US-LA,32.53246,-91.62767,469.3,planned,,Entergy Louisiana LLC,eia:860m,https://www.eia.gov/electricity/data/eia860m/xls/august_generator2026.xlsx,2026-09-26T00:04:26Z,2026-08,68214,2A,11241,LA,Richland,MISO,Electric Utility,Natural Gas Fired Combined Cycle,natural_gas,CT,Combined cycle combustion turbine part,NG,Natural gas,469.3,435.4,469.3,L,Regulatory approvals pending. Not under construction,2028-12-01
eia860:68214:2B,generator,Franklin Farms 1&2,US-LA,32.53246,-91.62767,311,planned,,Entergy Louisiana LLC,eia:860m,https://www.eia.gov/electricity/data/eia860m/xls/august_generator2026.xlsx,2026-09-26T00:04:26Z,2026-08,68214,2B,11241,LA,Richland,MISO,Electric Utility,Natural Gas Fired Combined Cycle,natural_gas,CA,Combined cycle steam part,NG,Natural gas,311,302.8,303,L,Regulatory approvals pending. Not under construction,2028-12-01
eia860:68215:BRAES,generator,Braley Hill North Solar,US-MA,41.776,-70.904,5,planned,,"Agilitas Energy, Inc.",eia:860m,https://www.eia.gov/electricity/data/eia860m/xls/august_generator2026.xlsx,2026-09-26T00:04:26Z,2026-08,68215,BRAES,61514,MA,Plymouth,ISNE,IPP Non-CHP,Batteries,storage,BA,"Energy storage, battery",MWH,Electricity used for energy storage,5,5,5,L,Regulatory approvals pending. Not under construction,2027-03-01
eia860:68215:BRAPV,generator,Braley Hill North Solar,US-MA,41.776,-70.904,5,planned,,"Agilitas Energy, Inc.",eia:860m,https://www.eia.gov/electricity/data/eia860m/xls/august_generator2026.xlsx,2026-09-26T00:04:26Z,2026-08,68215,BRAPV,61514,MA,Plymouth,ISNE,IPP Non-CHP,Solar Photovoltaic,solar,PV,Photovoltaic,SUN,Solar,5,5,5,L,Regulatory approvals pending. Not under construction,2027-03-01
eia860:68216:CUSES,generator,Cushman Road Solar,US-MA,41.732,-70.875,3,planned,,"ReWild Renewables, LLC",eia:860m,https://www.eia.gov/electricity/data/eia860m/xls/august_generator2026.xlsx,2026-09-26T00:04:26Z,2026-08,68216,CUSES,66646,MA,Plymouth,ISNE,IPP Non-CHP,Batteries,storage,BA,"Energy storage, battery",MWH,Electricity used for energy storage,3,3,3,L,Regulatory approvals pending. Not under construction,2027-05-01
eia860:68216:CUSPV,generator,Cushman Road Solar,US-MA,41.732,-70.875,3,planned,,"ReWild Renewables, LLC",eia:860m,https://www.eia.gov/electricity/data/eia860m/xls/august_generator2026.xlsx,2026-09-26T00:04:26Z,2026-08,68216,CUSPV,66646,MA,Plymouth,ISNE,IPP Non-CHP,Solar Photovoltaic,solar,PV,Photovoltaic,SUN,Solar,3,3,3,L,Regulatory approvals pending. Not under construction,2027-05-01
eia860:68217:FEAES,generator,Featherbed Lane South Solar,US-MA,41.761,-70.896,1,planned,,"ReWild Renewables, LLC",eia:860m,https://www.eia.gov/electricity/data/eia860m/xls/august_generator2026.xlsx,2026-09-26T00:04:26Z,2026-08,68217,FEAES,66646,MA,Plymouth,ISNE,IPP Non-CHP,Batteries,storage,BA,"Energy storage, battery",MWH,Electricity used for energy storage,1,1,1,L,Regulatory approvals pending. Not under construction,2027-03-01
eia860:68217:FEAPV,generator,Featherbed Lane South Solar,US-MA,41.761,-70.896,1,planned,,"ReWild Renewables, LLC",eia:860m,https://www.eia.gov/electricity/data/eia860m/xls/august_generator2026.xlsx,2026-09-26T00:04:26Z,2026-08,68217,FEAPV,66646,MA,Plymouth,ISNE,IPP Non-CHP,Solar Photovoltaic,solar,PV,Photovoltaic,SUN,Solar,1,1,1,L,Regulatory approvals pending. Not under construction,2027-03-01
eia860:68218:RANES,generator,Randall Lane Solar,US-MA,41.663,-70.844,5,planned,,"ReWild Renewables, LLC",eia:860m,https://www.eia.gov/electricity/data/eia860m/xls/august_generator2026.xlsx,2026-09-26T00:04:26Z,2026-08,68218,RANES,66646,MA,Plymouth,ISNE,IPP Non-CHP,Batteries,storage,BA,"Energy storage, battery",MWH,Electricity used for energy storage,5,5,5,L,Regulatory approvals pending. Not under construction,2027-03-01
eia860:68218:RANPV,generator,Randall Lane Solar,US-MA,41.663,-70.844,5,planned,,"ReWild Renewables, LLC",eia:860m,https://www.eia.gov/electricity/data/eia860m/xls/august_generator2026.xlsx,2026-09-26T00:04:26Z,2026-08,68218,RANPV,66646,MA,Plymouth,ISNE,IPP Non-CHP,Solar Photovoltaic,solar,PV,Photovoltaic,SUN,Solar,5,5,5,L,Regulatory approvals pending. Not under construction,2027-03-01
eia860:68219:SNIES,generator,Snipatuit Road Solar,US-MA,41.768,-70.882,4,planned,,"Agilitas Energy, Inc.",eia:860m,https://www.eia.gov/electricity/data/eia860m/xls/august_generator2026.xlsx,2026-09-26T00:04:26Z,2026-08,68219,SNIES,61514,MA,Plymouth,ISNE,IPP Non-CHP,Batteries,storage,BA,"Energy storage, battery",MWH,Electricity used for energy storage,4,4,4,L,Regulatory approvals pending. Not under construction,2027-03-01
eia860:68219:SNIPV,generator,Snipatuit Road Solar,US-MA,41.768,-70.882,4,planned,,"Agilitas Energy, Inc.",eia:860m,https://www.eia.gov/electricity/data/eia860m/xls/august_generator2026.xlsx,2026-09-26T00:04:26Z,2026-08,68219,SNIPV,61514,MA,Plymouth,ISNE,IPP Non-CHP,Solar Photovoltaic,solar,PV,Photovoltaic,SUN,Solar,4,4,4,L,Regulatory approvals pending. Not under construction,2027-03-01
eia860:68226:BACON,generator,SR Bacon,US-GA,31.511392,-82.33683,85,under_construction,,"SR Bacon, LLC",eia:860m,https://www.eia.gov/electricity/data/eia860m/xls/august_generator2026.xlsx,2026-09-26T00:04:26Z,2026-08,68226,BACON,66655,GA,Bacon,SOCO,IPP Non-CHP,Solar Photovoltaic,solar,PV,Photovoltaic,SUN,Solar,85,85,85,V,"Under construction, more than 50 percent complete",2026-12-01
eia860:68228:Q1448,generator,Agricola Wind,US-NY,42.755287,-76.53902,99,planned,,Liberty Renewables Incorporated,eia:860m,https://www.eia.gov/electricity/data/eia860m/xls/august_generator2026.xlsx,2026-09-26T00:04:26Z,2026-08,68228,Q1448,66178,NY,Cayuga,NYIS,IPP Non-CHP,Onshore Wind Turbine,wind,WT,"Wind turbine, onshore",WND,Wind,99,97,97,P,"Planned for installation, but regulatory approvals not initiated",2029-04-01
eia860:68229:DEMRK,generator,SR Denmark,US-TN,35.563633,-88.93254,42,under_construction,,"SR Denmark, LLC",eia:860m,https://www.eia.gov/electricity/data/eia860m/xls/august_generator2026.xlsx,2026-09-26T00:04:26Z,2026-08,68229,DEMRK,66657,TN,Madison,TVA,IPP Non-CHP,Solar Photovoltaic,solar,PV,Photovoltaic,SUN,Solar,42,42,42,V,"Under construction, more than 50 percent complete",2026-12-01
eia860:68230:DESAR,generator,SR Des Arc,US-AR,34.977439,-91.52516,4.8,under_construction,,"SR Des Arc, LLC",eia:860m,https://www.eia.gov/electricity/data/eia860m/xls/august_generator2026.xlsx,2026-09-26T00:04:26Z,2026-08,68230,DESAR,66658,AR,Prairie,MISO,IPP Non-CHP,Solar Photovoltaic,solar,PV,Photovoltaic,SUN,Solar,4.8,4.8,4.8,V,"Under construction, more than 50 percent complete",2026-12-01
eia860:68235:C34BB,generator,Romeoville 34 - SLCHI234 - BSCHI234,US-IL,41.597,-88.11,0.5,under_construction,,Prologis Logistics Services Incorporated,eia:860m,https://www.eia.gov/electricity/data/eia860m/xls/august_generator2026.xlsx,2026-09-26T00:04:26Z,2026-08,68235,C34BB,65869,IL,Will,PJM,IPP Non-CHP,Batteries,storage,BA,"Energy storage, battery",MWH,Electricity used for energy storage,0.5,0.5,0.5,U,"Under construction, less than or equal to 50 percent complete",2027-05-01
eia860:68236:LA680,generator,South Bay Dis Ctr 6-SLLAX680,US-CA,33.8439,-118.2242,1.3,under_construction,,Prologis Logistics Services Incorporated,eia:860m,https://www.eia.gov/electricity/data/eia860m/xls/august_generator2026.xlsx,2026-09-26T00:04:26Z,2026-08,68236,LA680,65869,CA,Los Angeles,CISO,IPP Non-CHP,Solar Photovoltaic,solar,PV,Photovoltaic,SUN,Solar,1.3,1.3,1.3,U,"Under construction, less than or equal to 50 percent complete",2027-05-01
eia860:68240:SS3BT,generator,Solar Star 3,US-CA,34.84166,-118.4551,23,under_construction,,"Solar Star 3, LLC",eia:860m,https://www.eia.gov/electricity/data/eia860m/xls/august_generator2026.xlsx,2026-09-26T00:04:26Z,2026-08,68240,SS3BT,66669,CA,Kern,CISO,IPP Non-CHP,Batteries,storage,BA,"Energy storage, battery",MWH,Electricity used for energy storage,23,23,23,V,"Under construction, more than 50 percent complete",2026-11-01
eia860:68240:SS3PV,generator,Solar Star 3,US-CA,34.84166,-118.4551,24,under_construction,,"Solar Star 3, LLC",eia:860m,https://www.eia.gov/electricity/data/eia860m/xls/august_generator2026.xlsx,2026-09-26T00:04:26Z,2026-08,68240,SS3PV,66669,CA,Kern,CISO,IPP Non-CHP,Solar Photovoltaic,solar,PV,Photovoltaic,SUN,Solar,24,24,24,V,"Under construction, more than 50 percent complete",2026-09-01
eia860:68241:SS4BT,generator,Solar Star 4,US-CA,34.84166,-118.4551,23,under_construction,,"Solar Star 4, LLC",eia:860m,https://www.eia.gov/electricity/data/eia860m/xls/august_generator2026.xlsx,2026-09-26T00:04:26Z,2026-08,68241,SS4BT,66670,CA,Kern,CISO,IPP Non-CHP,Batteries,storage,BA,"Energy storage, battery",MWH,Electricity used for energy storage,23,23,23,V,"Under construction, more than 50 percent complete",2026-11-01
eia860:68241:SS4PV,generator,Solar Star 4,US-CA,34.84166,-118.4551,24,under_construction,,"Solar Star 4, LLC",eia:860m,https://www.eia.gov/electricity/data/eia860m/xls/august_generator2026.xlsx,2026-09-26T00:04:26Z,2026-08,68241,SS4PV,66670,CA,Kern,CISO,IPP Non-CHP,Solar Photovoltaic,solar,PV,Photovoltaic,SUN,Solar,24,24,24,V,"Under construction, more than 50 percent complete",2026-10-01
eia860:68243:BEAR,generator,SR Bear Creek,US-AL,34.275559,-87.70564,4.5,planned,,"SR Bear Creek, LLC",eia:860m,https://www.eia.gov/electricity/data/eia860m/xls/august_generator2026.xlsx,2026-09-26T00:04:26Z,2026-08,68243,BEAR,66660,AL,Marion,SOCO,IPP Non-CHP,Solar Photovoltaic,solar,PV,Photovoltaic,SUN,Solar,4.5,4.5,4.5,T,Regulatory approvals received. Not under construction,2027-12-01
eia860:68247:GRGTN,generator,SR Georgetown,US-SC,33.333354,-79.51325,50,under_construction,,SR Georgetown. LLC,eia:860m,https://www.eia.gov/electricity/data/eia860m/xls/august_generator2026.xlsx,2026-09-26T00:04:26Z,2026-08,68247,GRGTN,66661,SC,Georgetown,DUK,IPP Non-CHP,Solar Photovoltaic,solar,PV,Photovoltaic,SUN,Solar,50,50,50,V,"Under construction, more than 50 percent complete",2026-12-01
eia860:68249:METTR,generator,SR Horus,US-KY,36.661,-86.534,79.7,under_construction,,"SR Horus, LLC",eia:860m,https://www.eia.gov/electricity/data/eia860m/xls/august_generator2026.xlsx,2026-09-26T00:04:26Z,2026-08,68249,METTR,66663,KY,Simpson,TVA,IPP Non-CHP,Solar Photovoltaic,solar,PV,Photovoltaic,SUN,Solar,79.7,79.7,79.7,U,"Under construction, less than or equal to 50 percent complete",2027-09-01
eia860:68252:QUVAL,generator,SR Quincy Valley,US-WA,47.27998,-119.7046,130,under_construction,,"SR Quincy Valley, LLC",eia:860m,https://www.eia.gov/electricity/data/eia860m/xls/august_generator2026.xlsx,2026-09-26T00:04:26Z,2026-08,68252,QUVAL,66665,WA,Grant,GCPD,IPP Non-CHP,Solar Photovoltaic,solar,PV,Photovoltaic,SUN,Solar,130,130,130,V,"Under construction, more than 50 percent complete",2026-12-01
eia860:68253:ROCH1,generator,SR Rochelle I,US-GA,31.923234,-83.45427,90,under_construction,,"SR Rochelle I, LLC",eia:860m,https://www.eia.gov/electricity/data/eia860m/xls/august_generator2026.xlsx,2026-09-26T00:04:26Z,2026-08,68253,ROCH1,66666,GA,Wilcox,SOCO,IPP Non-CHP,Solar Photovoltaic,solar,PV,Photovoltaic,SUN,Solar,90,90,90,V,"Under construction, more than 50 percent complete",2026-12-01
eia860:68255:SHELB,generator,SR Shelby,US-TN,35.353292,-89.81498,9.8,planned,,"SR Shelby, LLC",eia:860m,https://www.eia.gov/electricity/data/eia860m/xls/august_generator2026.xlsx,2026-09-26T00:04:26Z,2026-08,68255,SHELB,66671,TN,Shelby,TVA,IPP Non-CHP,Solar Photovoltaic,solar,PV,Photovoltaic,SUN,Solar,9.8,9.8,9.8,T,Regulatory approvals received. Not under construction,2027-12-01
eia860:68256:SBAST,generator,SR South Bastrop,US-LA,32.747456,-91.91091,4.8,under_construction,,"SR South Bastrop, LLC",eia:860m,https://www.eia.gov/electricity/data/eia860m/xls/august_generator2026.xlsx,2026-09-26T00:04:26Z,2026-08,68256,SBAST,66672,LA,Morehouse,MISO,IPP Non-CHP,Solar Photovoltaic,solar,PV,Photovoltaic,SUN,Solar,4.8,4.8,4.8,U,"Under construction, less than or equal to 50 percent complete",2026-12-01
eia860:68257:WINN,generator,SR Winnsboro,US-LA,32.159745,-91.67586,4.8,under_construction,,"SR Winnsboro, LLC",eia:860m,https://www.eia.gov/electricity/data/eia860m/xls/august_generator2026.xlsx,2026-09-26T00:04:26Z,2026-08,68257,WINN,66673,LA,Franklin,MISO,IPP Non-CHP,Solar Photovoltaic,solar,PV,Photovoltaic,SUN,Solar,4.8,4.8,4.8,U,"Under construction, less than or equal to 50 percent complete",2026-12-01
eia860:68264:12345,generator,Rich Road Solar Energy Center,US-NY,44.567518,-75.19654,240,planned,,Rich Road Solar Energy Center,eia:860m,https://www.eia.gov/electricity/data/eia860m/xls/august_generator2026.xlsx,2026-09-26T00:04:26Z,2026-08,68264,12345,66688,NY,St Lawrence,NYIS,IPP Non-CHP,Solar Photovoltaic,solar,PV,Photovoltaic,SUN,Solar,240,240,240,L,Regulatory approvals pending. Not under construction,2028-05-01
eia860:68271:SWLS1,generator,Sweetleaf Solar LLC,US-NC,36.220711,-77.68863,93,planned,,CleanChoice Energy,eia:860m,https://www.eia.gov/electricity/data/eia860m/xls/august_generator2026.xlsx,2026-09-26T00:04:26Z,2026-08,68271,SWLS1,67344,NC,Halifax,PJM,IPP Non-CHP,Solar Photovoltaic,solar,PV,Photovoltaic,SUN,Solar,93,93,93,T,Regulatory approvals received. Not under construction,2027-12-01
eia860:68273:1,generator,Naples Power Plant,US-TX,33.21964,-94.70564,450,planned,,Arkansas Electric Coop Corp,eia:860m,https://www.eia.gov/electricity/data/eia860m/xls/august_generator2026.xlsx,2026-09-26T00:04:26Z,2026-08,68273,1,807,TX,Morris,SWPP,Electric Utility,Natural Gas Fired Combustion Turbine,natural_gas,GT,Combustion (gas) turbine,NG,Natural gas,450,450,450,P,"Planned for installation, but regulatory approvals not initiated",2028-12-01
eia860:68273:2,generator,Naples Power Plant,US-TX,33.21964,-94.70564,450,planned,,Arkansas Electric Coop Corp,eia:860m,https://www.eia.gov/electricity/data/eia860m/xls/august_generator2026.xlsx,2026-09-26T00:04:26Z,2026-08,68273,2,807,TX,Morris,SWPP,Electric Utility,Natural Gas Fired Combustion Turbine,natural_gas,GT,Combustion (gas) turbine,NG,Natural gas,450,450,450,P,"Planned for installation, but regulatory approvals not initiated",2028-12-01
eia860:68275:1,generator,Erin,US-TX,29.163,-96.013,202,planned,,Erin Solar LLC,eia:860m,https://www.eia.gov/electricity/data/eia860m/xls/august_generator2026.xlsx,2026-09-26T00:04:26Z,2026-08,68275,1,66691,TX,Wharton,ERCO,IPP Non-CHP,Solar Photovoltaic,solar,PV,Photovoltaic,SUN,Solar,202,202,202,P,"Planned for installation, but regulatory approvals not initiated",2029-10-01
eia860:68277:1,generator,Brookings Solar,US-SD,44.340596,-96.72945,4.9,under_construction,,Western Minnesota Mun Pwr Agny,eia:860m,https://www.eia.gov/electricity/data/eia860m/xls/august_generator2026.xlsx,2026-09-26T00:04:26Z,2026-08,68277,1,20421,SD,Brookings,SWPP,Electric Utility,Solar Photovoltaic,solar,PV,Photovoltaic,SUN,Solar,4.9,4.9,4.9,TS,"Construction complete, but not yet in commercial operation",2026-10-01
eia860:68278:21066,generator,Greater Wise Solar Project,US-VA,36.932469,-82.6769,20,planned,,BQ Energy Development,eia:860m,https://www.eia.gov/electricity/data/eia860m/xls/august_generator2026.xlsx,2026-09-26T00:04:26Z,2026-08,68278,21066,66061,VA,Wise,LGEE,IPP Non-CHP,Solar Photovoltaic,solar,PV,Photovoltaic,SUN,Solar,20,20,20,P,"Planned for installation, but regulatory approvals not initiated",2027-12-01
eia860:68282:CENT,generator,Centralia Battery Energy Storage System,US-WA,46.779823,-122.8848,200,planned,,"CENT bn, LLC",eia:860m,https://www.eia.gov/electricity/data/eia860m/xls/august_generator2026.xlsx,2026-09-26T00:04:26Z,2026-08,68282,CENT,66701,WA,Thurston,PSEI,IPP Non-CHP,Batteries,storage,BA,"Energy storage, battery",MWH,Electricity used for energy storage,200,200,200,L,Regulatory approvals pending. Not under construction,2028-12-01
eia860:68283:DESA,generator,Desert Sand BESS,US-AZ,33.497049,-113.0514,300,planned,,"DESA bn, LLC",eia:860m,https://www.eia.gov/electricity/data/eia860m/xls/august_generator2026.xlsx,2026-09-26T00:04:26Z,2026-08,68283,DESA,66702,AZ,Maricopa,AZPS,IPP Non-CHP,Batteries,storage,BA,"Energy storage, battery",MWH,Electricity used for energy storage,300,300,300,L,Regulatory approvals pending. Not under construction,2028-12-01
eia860:68283:DESA1,generator,Desert Sand BESS,US-AZ,33.497049,-113.0514,300,planned,,"DESA bn, LLC",eia:860m,https://www.eia.gov/electricity/data/eia860m/xls/august_generator2026.xlsx,2026-09-26T00:04:26Z,2026-08,68283,DESA1,66702,AZ,Maricopa,AZPS,IPP Non-CHP,Solar Photovoltaic,solar,PV,Photovoltaic,SUN,Solar,300,300,300,L,Regulatory approvals pending. Not under construction,2028-12-01
eia860:68284:PE-1,generator,Puuloa Energy,US-HI,21.347833,-157.9506,9.4,planned,,Puuloa Energy LLC,eia:860m,https://www.eia.gov/electricity/data/eia860m/xls/august_generator2026.xlsx,2026-09-26T00:04:26Z,2026-08,68284,PE-1,66707,HI,Honolulu,HECO,IPP Non-CHP,Other Waste Biomass,biomass,IC,Internal combustion engine,OBL,Other biomass liquids,9.4,9.4,9.4,P,"Planned for installation, but regulatory approvals not initiated",2029-04-01
eia860:68284:PE-10,generator,Puuloa Energy,US-HI,21.347833,-157.9506,9.4,planned,,Puuloa Energy LLC,eia:860m,https://www.eia.gov/electricity/data/eia860m/xls/august_generator2026.xlsx,2026-09-26T00:04:26Z,2026-08,68284,PE-10,66707,HI,Honolulu,HECO,IPP Non-CHP,Other Waste Biomass,biomass,IC,Internal combustion engine,OBL,Other biomass liquids,9.4,9.4,9.4,P,"Planned for installation, but regulatory approvals not initiated",2029-04-01
eia860:68284:PE-11,generator,Puuloa Energy,US-HI,21.347833,-157.9506,9.4,planned,,Puuloa Energy LLC,eia:860m,https://www.eia.gov/electricity/data/eia860m/xls/august_generator2026.xlsx,2026-09-26T00:04:26Z,2026-08,68284,PE-11,66707,HI,Honolulu,HECO,IPP Non-CHP,Other Waste Biomass,biomass,IC,Internal combustion engine,OBL,Other biomass liquids,9.4,9.4,9.4,P,"Planned for installation, but regulatory approvals not initiated",2029-04-01
eia860:68284:PE-2,generator,Puuloa Energy,US-HI,21.347833,-157.9506,9.4,planned,,Puuloa Energy LLC,eia:860m,https://www.eia.gov/electricity/data/eia860m/xls/august_generator2026.xlsx,2026-09-26T00:04:26Z,2026-08,68284,PE-2,66707,HI,Honolulu,HECO,IPP Non-CHP,Other Waste Biomass,biomass,IC,Internal combustion engine,OBL,Other biomass liquids,9.4,9.4,9.4,P,"Planned for installation, but regulatory approvals not initiated",2029-04-01
eia860:68284:PE-3,generator,Puuloa Energy,US-HI,21.347833,-157.9506,9.4,planned,,Puuloa Energy LLC,eia:860m,https://www.eia.gov/electricity/data/eia860m/xls/august_generator2026.xlsx,2026-09-26T00:04:26Z,2026-08,68284,PE-3,66707,HI,Honolulu,HECO,IPP Non-CHP,Other Waste Biomass,biomass,IC,Internal combustion engine,OBL,Other biomass liquids,9.4,9.4,9.4,P,"Planned for installation, but regulatory approvals not initiated",2029-04-01
eia860:68284:PE-4,generator,Puuloa Energy,US-HI,21.347833,-157.9506,9.4,planned,,Puuloa Energy LLC,eia:860m,https://www.eia.gov/electricity/data/eia860m/xls/august_generator2026.xlsx,2026-09-26T00:04:26Z,2026-08,68284,PE-4,66707,HI,Honolulu,HECO,IPP Non-CHP,Other Waste Biomass,biomass,IC,Internal combustion engine,OBL,Other biomass liquids,9.4,9.4,9.4,P,"Planned for installation, but regulatory approvals not initiated",2029-04-01
eia860:68284:PE-5,generator,Puuloa Energy,US-HI,21.347833,-157.9506,9.4,planned,,Puuloa Energy LLC,eia:860m,https://www.eia.gov/electricity/data/eia860m/xls/august_generator2026.xlsx,2026-09-26T00:04:26Z,2026-08,68284,PE-5,66707,HI,Honolulu,HECO,IPP Non-CHP,Other Waste Biomass,biomass,IC,Internal combustion engine,OBL,Other biomass liquids,9.4,9.4,9.4,P,"Planned for installation, but regulatory approvals not initiated",2029-04-01
eia860:68284:PE-6,generator,Puuloa Energy,US-HI,21.347833,-157.9506,9.4,planned,,Puuloa Energy LLC,eia:860m,https://www.eia.gov/electricity/data/eia860m/xls/august_generator2026.xlsx,2026-09-26T00:04:26Z,2026-08,68284,PE-6,66707,HI,Honolulu,HECO,IPP Non-CHP,Other Waste Biomass,biomass,IC,Internal combustion engine,OBL,Other biomass liquids,9.4,9.4,9.4,P,"Planned for installation, but regulatory approvals not initiated",2029-04-01
eia860:68284:PE-7,generator,Puuloa Energy,US-HI,21.347833,-157.9506,9.4,planned,,Puuloa Energy LLC,eia:860m,https://www.eia.gov/electricity/data/eia860m/xls/august_generator2026.xlsx,2026-09-26T00:04:26Z,2026-08,68284,PE-7,66707,HI,Honolulu,HECO,IPP Non-CHP,Other Waste Biomass,biomass,IC,Internal combustion engine,OBL,Other biomass liquids,9.4,9.4,9.4,P,"Planned for installation, but regulatory approvals not initiated",2029-04-01
eia860:68284:PE-8,generator,Puuloa Energy,US-HI,21.347833,-157.9506,9.4,planned,,Puuloa Energy LLC,eia:860m,https://www.eia.gov/electricity/data/eia860m/xls/august_generator2026.xlsx,2026-09-26T00:04:26Z,2026-08,68284,PE-8,66707,HI,Honolulu,HECO,IPP Non-CHP,Other Waste Biomass,biomass,IC,Internal combustion engine,OBL,Other biomass liquids,9.4,9.4,9.4,P,"Planned for installation, but regulatory approvals not initiated",2029-04-01
eia860:68284:PE-9,generator,Puuloa Energy,US-HI,21.347833,-157.9506,9.4,planned,,Puuloa Energy LLC,eia:860m,https://www.eia.gov/electricity/data/eia860m/xls/august_generator2026.xlsx,2026-09-26T00:04:26Z,2026-08,68284,PE-9,66707,HI,Honolulu,HECO,IPP Non-CHP,Other Waste Biomass,biomass,IC,Internal combustion engine,OBL,Other biomass liquids,9.4,9.4,9.4,P,"Planned for installation, but regulatory approvals not initiated",2029-04-01
eia860:68285:PS-1,generator,Puuloa Solar,US-HI,21.351522,-157.9269,6.4,planned,,Puuloa Solar LLC,eia:860m,https://www.eia.gov/electricity/data/eia860m/xls/august_generator2026.xlsx,2026-09-26T00:04:26Z,2026-08,68285,PS-1,66708,HI,Honolulu,HECO,IPP Non-CHP,Solar Photovoltaic,solar,PV,Photovoltaic,SUN,Solar,6.4,6.4,6.4,P,"Planned for installation, but regulatory approvals not initiated",2027-11-01
eia860:68285:PS-2,generator,Puuloa Solar,US-HI,21.351522,-157.9269,6,planned,,Puuloa Solar LLC,eia:860m,https://www.eia.gov/electricity/data/eia860m/xls/august_generator2026.xlsx,2026-09-26T00:04:26Z,2026-08,68285,PS-2,66708,HI,Honolulu,HECO,IPP Non-CHP,Batteries,storage,BA,"Energy storage, battery",MWH,Electricity used for energy storage,6,6,6,P,"Planned for installation, but regulatory approvals not initiated",2027-11-01
eia860:68287:EAGL1,generator,Eagle Eye Solar and Storage,US-AZ,33.727,-112.881,400,planned,,"EAGL bn, LLC",eia:860m,https://www.eia.gov/electricity/data/eia860m/xls/august_generator2026.xlsx,2026-09-26T00:04:26Z,2026-08,68287,EAGL1,66681,AZ,La Paz,WALC,IPP Non-CHP,Solar Photovoltaic,solar,PV,Photovoltaic,SUN,Solar,400,400,400,L,Regulatory approvals pending. Not under construction,2028-05-01
eia860:68287:EAGL2,generator,Eagle Eye Solar and Storage,US-AZ,33.727,-112.881,400,planned,,"EAGL bn, LLC",eia:860m,https://www.eia.gov/electricity/data/eia860m/xls/august_generator2026.xlsx,2026-09-26T00:04:26Z,2026-08,68287,EAGL2,66681,AZ,La Paz,WALC,IPP Non-CHP,Batteries,storage,BA,"Energy storage, battery",MWH,Electricity used for energy storage,400,400,400,L,Regulatory approvals pending. Not under construction,2028-05-01
eia860:68288:MAHI,generator,Flag Run Solar,US-IN,38.556,-85.201,200,planned,,"MAHI bn, LLC",eia:860m,https://www.eia.gov/electricity/data/eia860m/xls/august_generator2026.xlsx,2026-09-26T00:04:26Z,2026-08,68288,MAHI,66682,IN,Clark,MISO,IPP Non-CHP,Solar Photovoltaic,solar,PV,Photovoltaic,SUN,Solar,200,200,200,L,Regulatory approvals pending. Not under construction,2029-12-01
eia860:68290:DYSP,generator,Dyers Spring Solar,US-KY,37.688411,-86.26927,200,planned,,"DYSP, LLC",eia:860m,https://www.eia.gov/electricity/data/eia860m/xls/august_generator2026.xlsx,2026-09-26T00:04:26Z,2026-08,68290,DYSP,66683,KY,Breckinridge,LGEE,IPP Non-CHP,Solar Photovoltaic,solar,PV,Photovoltaic,SUN,Solar,200,200,200,L,Regulatory approvals pending. Not under construction,2029-12-01
eia860:68292:GGSO,generator,Gage Solar,US-KY,37.0967,-88.7791,200,planned,,"GGSO, LLC",eia:860m,https://www.eia.gov/electricity/data/eia860m/xls/august_generator2026.xlsx,2026-09-26T00:04:26Z,2026-08,68292,GGSO,66685,KY,McCracken,LGEE,IPP Non-CHP,Solar Photovoltaic,solar,PV,Photovoltaic,SUN,Solar,200,200,200,L,Regulatory approvals pending. Not under construction,2029-06-01
eia860:68293:FRON,generator,Frontier Solar,US-KY,37.605063,-85.24822,120,planned,,"FRON bn, LLC",eia:860m,https://www.eia.gov/electricity/data/eia860m/xls/august_generator2026.xlsx,2026-09-26T00:04:26Z,2026-08,68293,FRON,66686,KY,Washington,LGEE,IPP Non-CHP,Solar Photovoltaic,solar,PV,Photovoltaic,SUN,Solar,120,120,120,T,Regulatory approvals received. Not under construction,2027-10-01
eia860:68294:VIO1,generator,Viola Generating Station,US-KS,37.331481,-97.67,765,planned,,"Evergy Kansas Central, Inc",eia:860m,https://www.eia.gov/electricity/data/eia860m/xls/august_generator2026.xlsx,2026-09-26T00:04:26Z,2026-08,68294,VIO1,22500,KS,Sumner,SWPP,Electric Utility,Natural Gas Fired Combined Cycle,natural_gas,CS,Combined cycle single shaft,NG,Natural gas,765,693.2,721.1,T,Regulatory approvals received. Not under construction,2029-01-01
eia860:68295:MCN1,generator,McNew Generating Station,US-KS,38.00595,-97.92166,765,planned,,"Evergy Kansas Central, Inc",eia:860m,https://www.eia.gov/electricity/data/eia860m/xls/august_generator2026.xlsx,2026-09-26T00:04:26Z,2026-08,68295,MCN1,22500,KS,Reno,SWPP,Electric Utility,Natural Gas Fired Combined Cycle,natural_gas,CS,Combined cycle single shaft,NG,Natural gas,765,690.4,717.8,T,Regulatory approvals received. Not under construction,2030-01-01
eia860:68296:MC1,generator,Mullin Creek #1 Generating Station,US-MO,38.00595,-97.92166,489.7,planned,,Evergy Missouri West,eia:860m,https://www.eia.gov/electricity/data/eia860m/xls/august_generator2026.xlsx,2026-09-26T00:04:26Z,2026-08,68296,MC1,12698,MO,Nodaway,SWPP,Electric Utility,Natural Gas Fired Combustion Turbine,natural_gas,GT,Combustion (gas) turbine,NG,Natural gas,489.7,425.1,450.6,T,Regulatory approvals received. Not under construction,2030-01-01
eia860:68298:THSI1,generator,THREE SISTERS Solar Generation and BESS,US-AZ,32.053732,-109.823,300,planned,,"THSI bn, LLC",eia:860m,https://www.eia.gov/electricity/data/eia860m/xls/august_generator2026.xlsx,2026-09-26T00:04:26Z,2026-08,68298,THSI1,66704,AZ,Pinal,AZPS,IPP Non-CHP,Batteries,storage,BA,"Energy storage, battery",MWH,Electricity used for energy storage,300,300,300,L,Regulatory approvals pending. Not under construction,2029-04-01
eia860:68298:THSI2,generator,THREE SISTERS Solar Generation and BESS,US-AZ,32.053732,-109.823,300,planned,,"THSI bn, LLC",eia:860m,https://www.eia.gov/electricity/data/eia860m/xls/august_generator2026.xlsx,2026-09-26T00:04:26Z,2026-08,68298,THSI2,66704,AZ,Pinal,AZPS,IPP Non-CHP,Solar Photovoltaic,solar,PV,Photovoltaic,SUN,Solar,300,300,300,L,Regulatory approvals pending. Not under construction,2029-04-01
eia860:68299:TUAL,generator,Tualatin Battery Energy Storage System,US-OR,45.0,-122.0,200,planned,,"TUAL bn, LLC",eia:860m,https://www.eia.gov/electricity/data/eia860m/xls/august_generator2026.xlsx,2026-09-26T00:04:26Z,2026-08,68299,TUAL,66705,OR,Washington,PGE,IPP Non-CHP,Batteries,storage,BA,"Energy storage, battery",MWH,Electricity used for energy storage,200,200,200,L,Regulatory approvals pending. Not under construction,2027-12-01
eia860:68302:LAKET,generator,Lake Trout Solar,US-IN,40.524925,-85.30333,245,planned,,Lake Trout Solar,eia:860m,https://www.eia.gov/electricity/data/eia860m/xls/august_generator2026.xlsx,2026-09-26T00:04:26Z,2026-08,68302,LAKET,66714,IN,Blackford,PJM,IPP Non-CHP,Solar Photovoltaic,solar,PV,Photovoltaic,SUN,Solar,245,245,245,P,"Planned for installation, but regulatory approvals not initiated",2027-12-01
eia860:68305:GWT1,generator,Gigawatt Solar,US-TX,32.547389,-97.59792,429,planned,,Gigawatt Solar LLC,eia:860m,https://www.eia.gov/electricity/data/eia860m/xls/august_generator2026.xlsx,2026-09-26T00:04:26Z,2026-08,68305,GWT1,66695,TX,Parker,ERCO,IPP Non-CHP,Solar Photovoltaic,solar,PV,Photovoltaic,SUN,Solar,429,429,429,P,"Planned for installation, but regulatory approvals not initiated",2028-08-01
eia860:68305:GWT2,generator,Gigawatt Solar,US-TX,32.547389,-97.59792,344,planned,,Gigawatt Solar LLC,eia:860m,https://www.eia.gov/electricity/data/eia860m/xls/august_generator2026.xlsx,2026-09-26T00:04:26Z,2026-08,68305,GWT2,66695,TX,Parker,ERCO,IPP Non-CHP,Solar Photovoltaic,solar,PV,Photovoltaic,SUN,Solar,344,344,344,P,"Planned for installation, but regulatory approvals not initiated",2028-08-01
eia860:68315:ARFL1,generator,Anthelope Hills Solar Generation BESS,US-MT,45.05029,-113.0588,200,planned,,"ARFL bn, LLC",eia:860m,https://www.eia.gov/electricity/data/eia860m/xls/august_generator2026.xlsx,2026-09-26T00:04:26Z,2026-08,68315,ARFL1,66711,MT,Beaverhead,NWMT,IPP Non-CHP,Solar Photovoltaic,solar,PV,Photovoltaic,SUN,Solar,200,200,200,L,Regulatory approvals pending. Not under construction,2027-12-01
eia860:68315:ARFL2,generator,Anthelope Hills Solar Generation BESS,US-MT,45.05029,-113.0588,200,planned,,"ARFL bn, LLC",eia:860m,https://www.eia.gov/electricity/data/eia860m/xls/august_generator2026.xlsx,2026-09-26T00:04:26Z,2026-08,68315,ARFL2,66711,MT,Beaverhead,NWMT,IPP Non-CHP,Batteries,storage,BA,"Energy storage, battery",MWH,Electricity used for energy storage,200,200,200,L,Regulatory approvals pending. Not under construction,2027-12-01
eia860:68316:BIGL1,generator,Biglow Solar Generation and BESS,US-OR,45.606,-120.625,125,planned,,"BIGL bn, LLC",eia:860m,https://www.eia.gov/electricity/data/eia860m/xls/august_generator2026.xlsx,2026-09-26T00:04:26Z,2026-08,68316,BIGL1,66712,OR,Sherman,PGE,IPP Non-CHP,Solar Photovoltaic,solar,PV,Photovoltaic,SUN,Solar,125,125,125,L,Regulatory approvals pending. Not under construction,2027-12-01
eia860:68316:BIGL2,generator,Biglow Solar Generation and BESS,US-OR,45.606,-120.625,125,planned,,"BIGL bn, LLC",eia:860m,https://www.eia.gov/electricity/data/eia860m/xls/august_generator2026.xlsx,2026-09-26T00:04:26Z,2026-08,68316,BIGL2,66712,OR,Sherman,PGE,IPP Non-CHP,Batteries,storage,BA,"Energy storage, battery",MWH,Electricity used for energy storage,125,125,125,L,Regulatory approvals pending. Not under construction,2027-12-01
eia860:68317:DUTC1,generator,Dutchman Solar generation and BESS,US-WY,42.871644,-105.8176,499,planned,,"DUTC bn, LLC",eia:860m,https://www.eia.gov/electricity/data/eia860m/xls/august_generator2026.xlsx,2026-09-26T00:04:26Z,2026-08,68317,DUTC1,66713,WY,Converse,WACM,IPP Non-CHP,Solar Photovoltaic,solar,PV,Photovoltaic,SUN,Solar,499,499,499,L,Regulatory approvals pending. Not under construction,2029-06-01
eia860:68317:DUTC2,generator,Dutchman Solar generation and BESS,US-WY,42.871644,-105.8176,499,planned,,"DUTC bn, LLC",eia:860m,https://www.eia.gov/electricity/data/eia860m/xls/august_generator2026.xlsx,2026-09-26T00:04:26Z,2026-08,68317,DUTC2,66713,WY,Converse,WACM,IPP Non-CHP,Batteries,storage,BA,"Energy storage, battery",MWH,Electricity used for energy storage,499,499,499,L,Regulatory approvals pending. Not under construction,2029-06-01
eia860:68319:NIM,generator,Nimbus Wind Farm,US-AR,36.27118,-93.40682,183,under_construction,,Nimbus Wind Farm LLC,eia:860m,https://www.eia.gov/electricity/data/eia860m/xls/august_generator2026.xlsx,2026-09-26T00:04:26Z,2026-08,68319,NIM,66726,AR,Carroll,MISO,IPP Non-CHP,Onshore Wind Turbine,wind,WT,"Wind turbine, onshore",WND,Wind,183,183,183,TS,"Construction complete, but not yet in commercial operation",2026-10-01
eia860:68321:ALT4,generator,Atlas BESS IV LLC,US-AZ,33.582903,-113.5769,150,under_construction,,"ATLAS BESS IV, LLC",eia:860m,https://www.eia.gov/electricity/data/eia860m/xls/august_generator2026.xlsx,2026-09-26T00:04:26Z,2026-08,68321,ALT4,66716,AZ,La Paz,CISO,IPP Non-CHP,Batteries,storage,BA,"Energy storage, battery",MWH,Electricity used for energy storage,150,150,150,V,"Under construction, more than 50 percent complete",2027-03-01
eia860:68323:ALT8A,generator,Atlas VIII,US-AZ,33.582903,-113.5769,210,under_construction,,Atlas VIII LLC,eia:860m,https://www.eia.gov/electricity/data/eia860m/xls/august_generator2026.xlsx,2026-09-26T00:04:26Z,2026-08,68323,ALT8A,66718,AZ,La Paz,CISO,IPP Non-CHP,Batteries,storage,BA,"Energy storage, battery",MWH,Electricity used for energy storage,210,210,210,V,"Under construction, more than 50 percent complete",2026-12-01
eia860:68323:ALT8B,generator,Atlas VIII,US-AZ,33.582903,-113.5769,172.4,under_construction,,Atlas VIII LLC,eia:860m,https://www.eia.gov/electricity/data/eia860m/xls/august_generator2026.xlsx,2026-09-26T00:04:26Z,2026-08,68323,ALT8B,66718,AZ,La Paz,CISO,IPP Non-CHP,Batteries,storage,BA,"Energy storage, battery",MWH,Electricity used for energy storage,172.4,172.4,172.4,V,"Under construction, more than 50 percent complete",2027-01-01
eia860:68325:SMS,generator,Show Me State Solar,US-MO,38.958702,-91.94479,250,under_construction,,"Show Me State Solar, LLC",eia:860m,https://www.eia.gov/electricity/data/eia860m/xls/august_generator2026.xlsx,2026-09-26T00:04:26Z,2026-08,68325,SMS,66728,MO,Callaway,MISO,IPP Non-CHP,Solar Photovoltaic,solar,PV,Photovoltaic,SUN,Solar,250,250,250,TS,"Construction complete, but not yet in commercial operation",2026-10-01
eia860:68328:ORCH1,generator,Pioneer Clean Energy Center,US-AZ,32.549081,-114.5974,300,under_construction,,"Yuma bn, LLC",eia:860m,https://www.eia.gov/electricity/data/eia860m/xls/august_generator2026.xlsx,2026-09-26T00:04:26Z,2026-08,68328,ORCH1,66715,AZ,Yuma,AZPS,IPP Non-CHP,Solar Photovoltaic,solar,PV,Photovoltaic,SUN,Solar,300,300,300,U,"Under construction, less than or equal to 50 percent complete",2027-04-01
eia860:68328:ORCH2,generator,Pioneer Clean Energy Center,US-AZ,32.549081,-114.5974,300,under_construction,,"Yuma bn, LLC",eia:860m,https://www.eia.gov/electricity/data/eia860m/xls/august_generator2026.xlsx,2026-09-26T00:04:26Z,2026-08,68328,ORCH2,66715,AZ,Yuma,AZPS,IPP Non-CHP,Batteries,storage,BA,"Energy storage, battery",MWH,Electricity used for energy storage,300,300,300,U,"Under construction, less than or equal to 50 percent complete",2027-04-01
eia860:68331:CVSO,generator,Caverns Solar,US-FL,30.871983,-85.29425,75,planned,,"CVSO, LLC",eia:860m,https://www.eia.gov/electricity/data/eia860m/xls/august_generator2026.xlsx,2026-09-26T00:04:26Z,2026-08,68331,CVSO,66734,FL,Jackson,FPL,IPP Non-CHP,Solar Photovoltaic,solar,PV,Photovoltaic,SUN,Solar,75,75,75,L,Regulatory approvals pending. Not under construction,2029-12-01
eia860:68332:DEGA1,generator,Dega Solar and Storage,US-AL,33.537201,-86.0855,200,planned,,"DEGA bn, LLC",eia:860m,https://www.eia.gov/electricity/data/eia860m/xls/august_generator2026.xlsx,2026-09-26T00:04:26Z,2026-08,68332,DEGA1,66735,AL,Talladega,SOCO,IPP Non-CHP,Solar Photovoltaic,solar,PV,Photovoltaic,SUN,Solar,200,200,200,L,Regulatory approvals pending. Not under construction,2029-12-01
eia860:68332:DEGA2,generator,Dega Solar and Storage,US-AL,33.537201,-86.0855,200,planned,,"DEGA bn, LLC",eia:860m,https://www.eia.gov/electricity/data/eia860m/xls/august_generator2026.xlsx,2026-09-26T00:04:26Z,2026-08,68332,DEGA2,66735,AL,Talladega,SOCO,IPP Non-CHP,Batteries,storage,BA,"Energy storage, battery",MWH,Electricity used for energy storage,200,200,200,L,Regulatory approvals pending. Not under construction,2029-12-01
eia860:68333:CROS,generator,Crossroads Solar - GA,US-GA,31.71,-81.66,150,planned,,"Crossroads bn, LLC",eia:860m,https://www.eia.gov/electricity/data/eia860m/xls/august_generator2026.xlsx,2026-09-26T00:04:26Z,2026-08,68333,CROS,66733,GA,Liberty,SOCO,IPP Non-CHP,Solar Photovoltaic,solar,PV,Photovoltaic,SUN,Solar,150,150,150,L,Regulatory approvals pending. Not under construction,2029-07-01
eia860:68337:LOTUS,generator,Lotus Solar,US-SC,34.447832,-80.10356,75,planned,,Lotus Solar LLC,eia:860m,https://www.eia.gov/electricity/data/eia860m/xls/august_generator2026.xlsx,2026-09-26T00:04:26Z,2026-08,68337,LOTUS,66741,SC,Darlington,CPLE,IPP Non-CHP,Solar Photovoltaic,solar,PV,Photovoltaic,SUN,Solar,75,75,75,T,Regulatory approvals received. Not under construction,2027-10-01
eia860:68339:1,generator,Abercrombie Solar,US-ND,46.4277,-96.8259,295.1,planned,,Otter Tail Power Co,eia:860m,https://www.eia.gov/electricity/data/eia860m/xls/august_generator2026.xlsx,2026-09-26T00:04:26Z,2026-08,68339,1,14232,ND,Richland,MISO,Electric Utility,Solar Photovoltaic,solar,PV,Photovoltaic,SUN,Solar,295.1,295.1,295.1,L,Regulatory approvals pending. Not under construction,2028-08-01
eia860:68340:1,generator,Solway Solar,US-MN,47.546501,-95.13,50,under_construction,,Otter Tail Power Co,eia:860m,https://www.eia.gov/electricity/data/eia860m/xls/august_generator2026.xlsx,2026-09-26T00:04:26Z,2026-08,68340,1,14232,MN,Beltrami,MISO,Electric Utility,Solar Photovoltaic,solar,PV,Photovoltaic,SUN,Solar,50,50,50,U,"Under construction, less than or equal to 50 percent complete",2026-12-01
eia860:68341:GREE,generator,Greenwater BESS,US-WA,47.236485,-122.2271,200,under_construction,,"GREE bn, LLC",eia:860m,https://www.eia.gov/electricity/data/eia860m/xls/august_generator2026.xlsx,2026-09-26T00:04:26Z,2026-08,68341,GREE,66736,WA,Pierce,PSEI,IPP Non-CHP,Batteries,storage,BA,"Energy storage, battery",MWH,Electricity used for energy storage,200,200,200,V,"Under construction, more than 50 percent complete",2026-12-01
eia860:68342:HOHI,generator,Hop Hill Solar Generation and BESS,US-WA,46.324,-119.822,200,planned,,"HOHI bn, LLC",eia:860m,https://www.eia.gov/electricity/data/eia860m/xls/august_generator2026.xlsx,2026-09-26T00:04:26Z,2026-08,68342,HOHI,66737,WA,Benton,BPAT,IPP Non-CHP,Onshore Wind Turbine,wind,WT,"Wind turbine, onshore",WND,Wind,200,200,200,L,Regulatory approvals pending. Not under construction,2031-09-01
eia860:68342:HOHI1,generator,Hop Hill Solar Generation and BESS,US-WA,46.324,-119.822,500,planned,,"HOHI bn, LLC",eia:860m,https://www.eia.gov/electricity/data/eia860m/xls/august_generator2026.xlsx,2026-09-26T00:04:26Z,2026-08,68342,HOHI1,66737,WA,Benton,BPAT,IPP Non-CHP,Solar Photovoltaic,solar,PV,Photovoltaic,SUN,Solar,500,500,500,L,Regulatory approvals pending. Not under construction,2031-09-01
eia860:68342:HOHI2,generator,Hop Hill Solar Generation and BESS,US-WA,46.324,-119.822,500,planned,,"HOHI bn, LLC",eia:860m,https://www.eia.gov/electricity/data/eia860m/xls/august_generator2026.xlsx,2026-09-26T00:04:26Z,2026-08,68342,HOHI2,66737,WA,Benton,BPAT,IPP Non-CHP,Batteries,storage,BA,"Energy storage, battery",MWH,Electricity used for energy storage,500,500,500,L,Regulatory approvals pending. Not under construction,2031-09-01
eia860:68343:GRVA1,generator,Grand Valley Solar Generation and BESS,US-CO,39.1987,-108.782,100,planned,,"GRVA bn, LLC",eia:860m,https://www.eia.gov/electricity/data/eia860m/xls/august_generator2026.xlsx,2026-09-26T00:04:26Z,2026-08,68343,GRVA1,66738,CO,Mesa,PSCO,IPP Non-CHP,Solar Photovoltaic,solar,PV,Photovoltaic,SUN,Solar,100,100,100,L,Regulatory approvals pending. Not under construction,2029-10-01
eia860:68343:GRVA2,generator,Grand Valley Solar Generation and BESS,US-CO,39.1987,-108.782,100,planned,,"GRVA bn, LLC",eia:860m,https://www.eia.gov/electricity/data/eia860m/xls/august_generator2026.xlsx,2026-09-26T00:04:26Z,2026-08,68343,GRVA2,66738,CO,Mesa,PSCO,IPP Non-CHP,Batteries,storage,BA,"Energy storage, battery",MWH,Electricity used for energy storage,100,100,100,L,Regulatory approvals pending. Not under construction,2029-10-01
eia860:68344:LOSN1,generator,Lower Snake Solar Generation BESS,US-WA,46.502392,-117.8263,300,planned,,"LOSN, LLC",eia:860m,https://www.eia.gov/electricity/data/eia860m/xls/august_generator2026.xlsx,2026-09-26T00:04:26Z,2026-08,68344,LOSN1,66739,WA,Garfield,BPAT,IPP Non-CHP,Solar Photovoltaic,solar,PV,Photovoltaic,SUN,Solar,300,300,300,L,Regulatory approvals pending. Not under construction,2029-10-01
eia860:68344:LOSN2,generator,Lower Snake Solar Generation BESS,US-WA,46.502392,-117.8263,300,planned,,"LOSN, LLC",eia:860m,https://www.eia.gov/electricity/data/eia860m/xls/august_generator2026.xlsx,2026-09-26T00:04:26Z,2026-08,68344,LOSN2,66739,WA,Garfield,BPAT,IPP Non-CHP,Batteries,storage,BA,"Energy storage, battery",MWH,Electricity used for energy storage,300,300,300,L,Regulatory approvals pending. Not under construction,2029-10-01
eia860:68347:ABPV1,generator,Abeja Solar Farm,US-TX,28.288244,-97.84019,200,planned,,Abeja Solar Farm LLC,eia:860m,https://www.eia.gov/electricity/data/eia860m/xls/august_generator2026.xlsx,2026-09-26T00:04:26Z,2026-08,68347,ABPV1,66750,TX,Bee,ERCO,IPP Non-CHP,Solar Photovoltaic,solar,PV,Photovoltaic,SUN,Solar,200,200,200,P,"Planned for installation, but regulatory approvals not initiated",2028-07-01
eia860:68348:ACESS,generator,Alamo City ESS,US-TX,29.345305,-98.31948,200,planned,,Alamo City ESS LLC,eia:860m,https://www.eia.gov/electricity/data/eia860m/xls/august_generator2026.xlsx,2026-09-26T00:04:26Z,2026-08,68348,ACESS,66751,TX,Bexar,ERCO,IPP Non-CHP,Batteries,storage,BA,"Energy storage, battery",MWH,Electricity used for energy storage,200,200,200,P,"Planned for installation, but regulatory approvals not initiated",2027-07-01
eia860:68349:AVBS1,generator,Avant Prairie ESS,US-TX,31.625891,-96.12222,200,planned,,Avant Prairie ESS LLC,eia:860m,https://www.eia.gov/electricity/data/eia860m/xls/august_generator2026.xlsx,2026-09-26T00:04:26Z,2026-08,68349,AVBS1,66752,TX,Freestone,ERCO,IPP Non-CHP,Batteries,storage,BA,"Energy storage, battery",MWH,Electricity used for energy storage,200,200,200,P,"Planned for installation, but regulatory approvals not initiated",2029-07-01
eia860:68350:BESS1,generator,Bravo ESS,US-TX,27.285037,-99.41187,200,planned,,Bravo ESS LLC,eia:860m,https://www.eia.gov/electricity/data/eia860m/xls/august_generator2026.xlsx,2026-09-26T00:04:26Z,2026-08,68350,BESS1,66754,TX,Zapata,ERCO,IPP Non-CHP,Batteries,storage,BA,"Energy storage, battery",MWH,Electricity used for energy storage,200,200,200,P,"Planned for installation, but regulatory approvals not initiated",2029-07-01
eia860:68351:CLAPV,generator,Clairemont Solar,US-TX,33.371565,-100.9758,250,planned,,Clairemont Solar LLC,eia:860m,https://www.eia.gov/electricity/data/eia860m/xls/august_generator2026.xlsx,2026-09-26T00:04:26Z,2026-08,68351,CLAPV,66755,TX,Kent,ERCO,IPP Non-CHP,Solar Photovoltaic,solar,PV,Photovoltaic,SUN,Solar,250,250,250,P,"Planned for installation, but regulatory approvals not initiated",2029-07-01
eia860:68352:GIPV1,generator,Girasol Solar Farm,US-MS,33.676092,-90.64287,100,planned,,Girasol Solar Farm LLC,eia:860m,https://www.eia.gov/electricity/data/eia860m/xls/august_generator2026.xlsx,2026-09-26T00:04:26Z,2026-08,68352,GIPV1,66756,MS,Sunflower,MISO,IPP Non-CHP,Solar Photovoltaic,solar,PV,Photovoltaic,SUN,Solar,100,100,100,P,"Planned for installation, but regulatory approvals not initiated",2028-12-01
eia860:68353:LSBS1,generator,La Salle ESS,US-TX,28.094701,-99.05554,500,planned,,La Salle ESS LLC,eia:860m,https://www.eia.gov/electricity/data/eia860m/xls/august_generator2026.xlsx,2026-09-26T00:04:26Z,2026-08,68353,LSBS1,66757,TX,LaSalle,ERCO,IPP Non-CHP,Batteries,storage,BA,"Energy storage, battery",MWH,Electricity used for energy storage,500,500,500,P,"Planned for installation, but regulatory approvals not initiated",2029-07-01
eia860:68354:LSPV1,generator,La Salle Solar,US-TX,28.092519,-99.05701,500,planned,,La Salle Solar LLC,eia:860m,https://www.eia.gov/electricity/data/eia860m/xls/august_generator2026.xlsx,2026-09-26T00:04:26Z,2026-08,68354,LSPV1,66758,TX,LaSalle,ERCO,IPP Non-CHP,Solar Photovoltaic,solar,PV,Photovoltaic,SUN,Solar,500,500,500,P,"Planned for installation, but regulatory approvals not initiated",2028-09-01
eia860:68355:LUBA1,generator,Lazy U ESS 1,US-TX,34.265496,-99.87214,250,planned,,Lazy U ESS 1 LLC,eia:860m,https://www.eia.gov/electricity/data/eia860m/xls/august_generator2026.xlsx,2026-09-26T00:04:26Z,2026-08,68355,LUBA1,66759,TX,Hardeman,ERCO,IPP Non-CHP,Batteries,storage,BA,"Energy storage, battery",MWH,Electricity used for energy storage,250,250,250,P,"Planned for installation, but regulatory approvals not initiated",2030-07-01
eia860:68356:LUBA2,generator,Lazy U ESS 2,US-TX,34.265496,-99.87214,250,planned,,Lazy U ESS 2 LLC,eia:860m,https://www.eia.gov/electricity/data/eia860m/xls/august_generator2026.xlsx,2026-09-26T00:04:26Z,2026-08,68356,LUBA2,66760,TX,Hardeman,ERCO,IPP Non-CHP,Batteries,storage,BA,"Energy storage, battery",MWH,Electricity used for energy storage,250,250,250,P,"Planned for installation, but regulatory approvals not initiated",2029-07-01
eia860:68357:LUPV1,generator,Lazy U Solar 1,US-TX,34.265496,-99.87214,250,planned,,Lazy U Solar 1 LLC,eia:860m,https://www.eia.gov/electricity/data/eia860m/xls/august_generator2026.xlsx,2026-09-26T00:04:26Z,2026-08,68357,LUPV1,66761,TX,Hardeman,ERCO,IPP Non-CHP,Solar Photovoltaic,solar,PV,Photovoltaic,SUN,Solar,250,250,250,P,"Planned for installation, but regulatory approvals not initiated",2029-07-01
eia860:68358:LUPV2,generator,Lazy U Solar 2,US-TX,34.265496,-99.87214,250,planned,,Lazy U Solar 2 LLC,eia:860m,https://www.eia.gov/electricity/data/eia860m/xls/august_generator2026.xlsx,2026-09-26T00:04:26Z,2026-08,68358,LUPV2,66762,TX,Hardeman,ERCO,IPP Non-CHP,Solar Photovoltaic,solar,PV,Photovoltaic,SUN,Solar,250,250,250,P,"Planned for installation, but regulatory approvals not initiated",2029-07-01
eia860:68359:OCPSF,generator,Pepper Solar Farm,US-TX,31.678359,-97.04595,120,planned,,"Pepper Solar Farm, LLC",eia:860m,https://www.eia.gov/electricity/data/eia860m/xls/august_generator2026.xlsx,2026-09-26T00:04:26Z,2026-08,68359,OCPSF,67700,TX,McLennan,ERCO,IPP Non-CHP,Solar Photovoltaic,solar,PV,Photovoltaic,SUN,Solar,120,120,120,P,"Planned for installation, but regulatory approvals not initiated",2027-08-01
eia860:68360:PRESS,generator,Prost ESS,US-TX,29.957853,-96.53331,200,planned,,Prost ESS LLC,eia:860m,https://www.eia.gov/electricity/data/eia860m/xls/august_generator2026.xlsx,2026-09-26T00:04:26Z,2026-08,68360,PRESS,66764,TX,Austin,ERCO,IPP Non-CHP,Batteries,storage,BA,"Energy storage, battery",MWH,Electricity used for energy storage,200,200,200,P,"Planned for installation, but regulatory approvals not initiated",2029-07-01
eia860:68361:RUESS,generator,Rush ESS,US-TX,29.307639,-98.29673,200,planned,,Rush ESS LLC,eia:860m,https://www.eia.gov/electricity/data/eia860m/xls/august_generator2026.xlsx,2026-09-26T00:04:26Z,2026-08,68361,RUESS,66765,TX,Bexar,ERCO,IPP Non-CHP,Batteries,storage,BA,"Energy storage, battery",MWH,Electricity used for energy storage,200,200,200,P,"Planned for installation, but regulatory approvals not initiated",2031-12-01
eia860:68362:SABS1,generator,Sun Angel ESS,US-TX,31.345947,-94.66785,200,planned,,Sun Angel ESS LLC,eia:860m,https://www.eia.gov/electricity/data/eia860m/xls/august_generator2026.xlsx,2026-09-26T00:04:26Z,2026-08,68362,SABS1,66766,TX,Angelina,ERCO,IPP Non-CHP,Batteries,storage,BA,"Energy storage, battery",MWH,Electricity used for energy storage,200,200,200,P,"Planned for installation, but regulatory approvals not initiated",2028-07-01
eia860:68363:SSESS,generator,SunShiner ESS,US-TX,28.937123,-99.83407,200,planned,,SunShiner ESS LLC,eia:860m,https://www.eia.gov/electricity/data/eia860m/xls/august_generator2026.xlsx,2026-09-26T00:04:26Z,2026-08,68363,SSESS,66767,TX,Zavala,ERCO,IPP Non-CHP,Batteries,storage,BA,"Energy storage, battery",MWH,Electricity used for energy storage,200,200,200,P,"Planned for installation, but regulatory approvals not initiated",2029-07-01
eia860:68364:TBESS,generator,Tex-Bar ESS,US-TX,30.930573,-96.03037,200,planned,,Tex-Bar ESS LLC,eia:860m,https://www.eia.gov/electricity/data/eia860m/xls/august_generator2026.xlsx,2026-09-26T00:04:26Z,2026-08,68364,TBESS,66768,TX,Madison,ERCO,IPP Non-CHP,Batteries,storage,BA,"Energy storage, battery",MWH,Electricity used for energy storage,200,200,200,P,"Planned for installation, but regulatory approvals not initiated",2029-07-01
eia860:68366:AGAT,generator,AGATE BESS,US-WA,47.76879,-122.6078,170,planned,,BrightNight Power,eia:860m,https://www.eia.gov/electricity/data/eia860m/xls/august_generator2026.xlsx,2026-09-26T00:04:26Z,2026-08,68366,AGAT,66731,WA,Kitsap,PSEI,IPP Non-CHP,Batteries,storage,BA,"Energy storage, battery",MWH,Electricity used for energy storage,170,170,170,L,Regulatory approvals pending. Not under construction,2029-02-01
eia860:68367:PEHA,generator,Pepper Hammock Solar and Storage,US-GA,31.331,-81.759,900,planned,,BrightNight Power,eia:860m,https://www.eia.gov/electricity/data/eia860m/xls/august_generator2026.xlsx,2026-09-26T00:04:26Z,2026-08,68367,PEHA,66731,GA,Wayne,SOCO,IPP Non-CHP,Solar Photovoltaic,solar,PV,Photovoltaic,SUN,Solar,900,900,900,L,Regulatory approvals pending. Not under construction,2029-09-01
eia860:68367:PEHA1,generator,Pepper Hammock Solar and Storage,US-GA,31.331,-81.759,1200,planned,,BrightNight Power,eia:860m,https://www.eia.gov/electricity/data/eia860m/xls/august_generator2026.xlsx,2026-09-26T00:04:26Z,2026-08,68367,PEHA1,66731,GA,Wayne,SOCO,IPP Non-CHP,Solar Photovoltaic,solar,PV,Photovoltaic,SUN,Solar,1200,1200,1200,L,Regulatory approvals pending. Not under construction,2029-09-01
eia860:68367:PEHA2,generator,Pepper Hammock Solar and Storage,US-GA,31.331,-81.759,400,planned,,BrightNight Power,eia:860m,https://www.eia.gov/electricity/data/eia860m/xls/august_generator2026.xlsx,2026-09-26T00:04:26Z,2026-08,68367,PEHA2,66731,GA,Wayne,SOCO,IPP Non-CHP,Batteries,storage,BA,"Energy storage, battery",MWH,Electricity used for energy storage,400,400,400,L,Regulatory approvals pending. Not under construction,2029-09-01
eia860:68368:MYSO,generator,Mayfield Solar and Storage,US-KY,36.8864,-88.659,200,planned,,BrightNight Power,eia:860m,https://www.eia.gov/electricity/data/eia860m/xls/august_generator2026.xlsx,2026-09-26T00:04:26Z,2026-08,68368,MYSO,66731,KY,McCracken,MISO,IPP Non-CHP,Solar Photovoltaic,solar,PV,Photovoltaic,SUN,Solar,200,200,200,L,Regulatory approvals pending. Not under construction,2029-10-01
eia860:68369:STMO,generator,Starfire Mountain Solar,US-KY,37.4119,-83.1206,410,planned,,BrightNight Power,eia:860m,https://www.eia.gov/electricity/data/eia860m/xls/august_generator2026.xlsx,2026-09-26T00:04:26Z,2026-08,68369,STMO,66731,KY,Perry,PJM,IPP Non-CHP,Solar Photovoltaic,solar,PV,Photovoltaic,SUN,Solar,410,410,410,L,Regulatory approvals pending. Not under construction,2029-09-01
eia860:68370:SALM,generator,Salmonfly Solar and Storage,US-OR,44.6157,-121.3436,247,planned,,BrightNight Power,eia:860m,https://www.eia.gov/electricity/data/eia860m/xls/august_generator2026.xlsx,2026-09-26T00:04:26Z,2026-08,68370,SALM,66731,OR,Jefferson,PGE,IPP Non-CHP,Solar Photovoltaic,solar,PV,Photovoltaic,SUN,Solar,247,247,247,L,Regulatory approvals pending. Not under construction,2029-02-01
eia860:68370:SALM2,generator,Salmonfly Solar and Storage,US-OR,44.6157,-121.3436,247,planned,,BrightNight Power,eia:860m,https://www.eia.gov/electricity/data/eia860m/xls/august_generator2026.xlsx,2026-09-26T00:04:26Z,2026-08,68370,SALM2,66731,OR,Jefferson,PGE,IPP Non-CHP,Batteries,storage,BA,"Energy storage, battery",MWH,Electricity used for energy storage,247,247,247,L,Regulatory approvals pending. Not under construction,2029-02-01
eia860:68371:REBU,generator,Red Butte Solar and Storage,US-UT,37.6134,-113.644,300,planned,,BrightNight Power,eia:860m,https://www.eia.gov/electricity/data/eia860m/xls/august_generator2026.xlsx,2026-09-26T00:04:26Z,2026-08,68371,REBU,66731,UT,Iron,PACE,IPP Non-CHP,Solar Photovoltaic,solar,PV,Photovoltaic,SUN,Solar,300,300,300,L,Regulatory approvals pending. Not under construction,2029-04-01
eia860:68371:REBU2,generator,Red Butte Solar and Storage,US-UT,37.6134,-113.644,300,planned,,BrightNight Power,eia:860m,https://www.eia.gov/electricity/data/eia860m/xls/august_generator2026.xlsx,2026-09-26T00:04:26Z,2026-08,68371,REBU2,66731,UT,Iron,PACE,IPP Non-CHP,Batteries,storage,BA,"Energy storage, battery",MWH,Electricity used for energy storage,300,300,300,L,Regulatory approvals pending. Not under construction,2029-04-01
eia860:68380:ISCPV,generator,Isaac Solar,US-TX,28.797223,-95.93717,51.4,under_construction,,"Industrial Bravo Project, LLC",eia:860m,https://www.eia.gov/electricity/data/eia860m/xls/august_generator2026.xlsx,2026-09-26T00:04:26Z,2026-08,68380,ISCPV,66729,TX,Matagorda,ERCO,IPP Non-CHP,Solar Photovoltaic,solar,PV,Photovoltaic,SUN,Solar,51.4,50,50,U,"Under construction, less than or equal to 50 percent complete",2026-12-01
eia860:68388:RT5SS,generator,AES Rt 5 Solar CSG,US-NY,42.97347,-78.01527,5,under_construction,,AES Clean Energy,eia:860m,https://www.eia.gov/electricity/data/eia860m/xls/august_generator2026.xlsx,2026-09-26T00:04:26Z,2026-08,68388,RT5SS,64904,NY,Genesee,NYIS,IPP Non-CHP,Solar Photovoltaic,solar,PV,Photovoltaic,SUN,Solar,5,4.9,1,V,"Under construction, more than 50 percent complete",2026-09-01
eia860:68389:GLENG,generator,AES Glengarry Farms Solar CSG,US-NY,44.9183,-74.1477,5,under_construction,,AES Clean Energy,eia:860m,https://www.eia.gov/electricity/data/eia860m/xls/august_generator2026.xlsx,2026-09-26T00:04:26Z,2026-08,68389,GLENG,64904,NY,Franklin,NYIS,IPP Non-CHP,Solar Photovoltaic,solar,PV,Photovoltaic,SUN,Solar,5,4.9,1,V,"Under construction, more than 50 percent complete",2026-09-01
eia860:68392:IL2PV,generator,IL2 - W109,US-IL,41.470454,-88.02366,4.9,under_construction,,Madison Energy Investments LLC,eia:860m,https://www.eia.gov/electricity/data/eia860m/xls/august_generator2026.xlsx,2026-09-26T00:04:26Z,2026-08,68392,IL2PV,65043,IL,Will,PJM,IPP Non-CHP,Solar Photovoltaic,solar,PV,Photovoltaic,SUN,Solar,4.9,4.9,4.9,TS,"Construction complete, but not yet in commercial operation",2026-09-01
eia860:68396:PGB45,generator,Sunstone Solar,US-OR,45.605916,-119.563,1200,planned,,"Sunstone Solar, LLC",eia:860m,https://www.eia.gov/electricity/data/eia860m/xls/august_generator2026.xlsx,2026-09-26T00:04:26Z,2026-08,68396,PGB45,66778,OR,Morrow,BPAT,IPP Non-CHP,Batteries,storage,BA,"Energy storage, battery",MWH,Electricity used for energy storage,1200,1200,1200,L,Regulatory approvals pending. Not under construction,2027-12-01
eia860:68396:PGR45,generator,Sunstone Solar,US-OR,45.605916,-119.563,1200,planned,,"Sunstone Solar, LLC",eia:860m,https://www.eia.gov/electricity/data/eia860m/xls/august_generator2026.xlsx,2026-09-26T00:04:26Z,2026-08,68396,PGR45,66778,OR,Morrow,BPAT,IPP Non-CHP,Solar Photovoltaic,solar,PV,Photovoltaic,SUN,Solar,1200,1200,1200,L,Regulatory approvals pending. Not under construction,2027-12-01
eia860:68397:I168M,generator,Ironwood Solar,US-AZ,32.915556,-113.5778,168,under_construction,,Arizona Public Service Co,eia:860m,https://www.eia.gov/electricity/data/eia860m/xls/august_generator2026.xlsx,2026-09-26T00:04:26Z,2026-08,68397,I168M,803,AZ,Yuma,AZPS,Electric Utility,Solar Photovoltaic,solar,PV,Photovoltaic,SUN,Solar,168,168,168,TS,"Construction complete, but not yet in commercial operation",2026-11-01
eia860:68410:BRAZ,generator,Brazoria Solar I,US-TX,29.138777,-95.37108,125,under_construction,,"Brazoria Solar i, LLC",eia:860m,https://www.eia.gov/electricity/data/eia860m/xls/august_generator2026.xlsx,2026-09-26T00:04:26Z,2026-08,68410,BRAZ,66782,TX,Brazoria,ERCO,IPP Non-CHP,Solar Photovoltaic,solar,PV,Photovoltaic,SUN,Solar,125,125,125,TS,"Construction complete, but not yet in commercial operation",2026-09-01
eia860:68410:BRAZ2,generator,Brazoria Solar I,US-TX,29.138777,-95.37108,125,under_construction,,"Brazoria Solar i, LLC",eia:860m,https://www.eia.gov/electricity/data/eia860m/xls/august_generator2026.xlsx,2026-09-26T00:04:26Z,2026-08,68410,BRAZ2,66782,TX,Brazoria,ERCO,IPP Non-CHP,Solar Photovoltaic,solar,PV,Photovoltaic,SUN,Solar,125,125,125,TS,"Construction complete, but not yet in commercial operation",2026-09-01
eia860:68411:NORPV,generator,Noor Solar,US-TX,29.909115,-94.96756,188.2,planned,,"Industrial Kilo Project, LLC",eia:860m,https://www.eia.gov/electricity/data/eia860m/xls/august_generator2026.xlsx,2026-09-26T00:04:26Z,2026-08,68411,NORPV,66710,TX,Chambers,ERCO,IPP Non-CHP,Solar Photovoltaic,solar,PV,Photovoltaic,SUN,Solar,188.2,185,185,L,Regulatory approvals pending. Not under construction,2028-03-01
eia860:68413:OT,generator,Old Town Wind,US-IL,40.988976,-89.17326,178,planned,,Old Town Wind LLC,eia:860m,https://www.eia.gov/electricity/data/eia860m/xls/august_generator2026.xlsx,2026-09-26T00:04:26Z,2026-08,68413,OT,66774,IL,Marshall,MISO,IPP Non-CHP,Onshore Wind Turbine,wind,WT,"Wind turbine, onshore",WND,Wind,178,178,178,P,"Planned for installation, but regulatory approvals not initiated",2029-10-01
eia860:68416:CTS1,generator,Crooked Trail Solar,US-ME,45.144194,-68.58603,68,planned,,"VCP Realty, LLC",eia:860m,https://www.eia.gov/electricity/data/eia860m/xls/august_generator2026.xlsx,2026-09-26T00:04:26Z,2026-08,68416,CTS1,64457,ME,Penobscot,ISNE,IPP Non-CHP,Solar Photovoltaic,solar,PV,Photovoltaic,SUN,Solar,68,68,68,P,"Planned for installation, but regulatory approvals not initiated",2029-10-01
eia860:68417:1,generator,Hallsville,US-TX,32.4607,-94.4852,225,planned,,Southwestern Electric Power Co,eia:860m,https://www.eia.gov/electricity/data/eia860m/xls/august_generator2026.xlsx,2026-09-26T00:04:26Z,2026-08,68417,1,17698,TX,Harrison,SWPP,Electric Utility,Natural Gas Fired Combustion Turbine,natural_gas,GT,Combustion (gas) turbine,NG,Natural gas,225,200,225,P,"Planned for installation, but regulatory approvals not initiated",2027-12-01
eia860:68417:2,generator,Hallsville,US-TX,32.4607,-94.4852,225,planned,,Southwestern Electric Power Co,eia:860m,https://www.eia.gov/electricity/data/eia860m/xls/august_generator2026.xlsx,2026-09-26T00:04:26Z,2026-08,68417,2,17698,TX,Harrison,SWPP,Electric Utility,Natural Gas Fired Combustion Turbine,natural_gas,GT,Combustion (gas) turbine,NG,Natural gas,225,200,225,P,"Planned for installation, but regulatory approvals not initiated",2027-12-01
eia860:68422:CALII,generator,Callisto II Energy Center,US-TX,29.645345,-95.45025,400,under_construction,,Callisto II Energy Center LLC,eia:860m,https://www.eia.gov/electricity/data/eia860m/xls/august_generator2026.xlsx,2026-09-26T00:04:26Z,2026-08,68422,CALII,66812,TX,Harris,ERCO,IPP Non-CHP,Batteries,storage,BA,"Energy storage, battery",MWH,Electricity used for energy storage,400,400,400,V,"Under construction, more than 50 percent complete",2026-11-01
eia860:68425:TWPII,generator,Tidwell Prairie II,US-TX,31.103064,-96.66494,200,under_construction,,Tidwell Prairie IIA LLC,eia:860m,https://www.eia.gov/electricity/data/eia860m/xls/august_generator2026.xlsx,2026-09-26T00:04:26Z,2026-08,68425,TWPII,66815,TX,Robertson,ERCO,IPP Non-CHP,Batteries,storage,BA,"Energy storage, battery",MWH,Electricity used for energy storage,200,200,200,V,"Under construction, more than 50 percent complete",2026-10-01
eia860:68426:VOYGR,generator,Voyager Energy Storage,US-MI,42.153167,-83.8333,100,under_construction,,Voyager Energy Storage LLC,eia:860m,https://www.eia.gov/electricity/data/eia860m/xls/august_generator2026.xlsx,2026-09-26T00:04:26Z,2026-08,68426,VOYGR,66816,MI,Washtenaw,MISO,IPP Non-CHP,Batteries,storage,BA,"Energy storage, battery",MWH,Electricity used for energy storage,100,100,100,V,"Under construction, more than 50 percent complete",2027-01-01
eia860:68428:GTSBY,generator,Gatsby Energy Storage Project,US-TX,30.664176,-101.7801,103.4,under_construction,,Gatsby Energy Storage LLC,eia:860m,https://www.eia.gov/electricity/data/eia860m/xls/august_generator2026.xlsx,2026-09-26T00:04:26Z,2026-08,68428,GTSBY,66786,TX,Pecos,ERCO,IPP Non-CHP,Batteries,storage,BA,"Energy storage, battery",MWH,Electricity used for energy storage,103.4,103.4,103.4,U,"Under construction, less than or equal to 50 percent complete",2027-03-01
eia860:68439:17184,generator,NorCal FPV 1,US-CA,37.6778,-121.8275,10,under_construction,,Madison Energy Investments LLC,eia:860m,https://www.eia.gov/electricity/data/eia860m/xls/august_generator2026.xlsx,2026-09-26T00:04:26Z,2026-08,68439,17184,65043,CA,Alameda,CISO,Industrial Non-CHP,Solar Photovoltaic,solar,PV,Photovoltaic,SUN,Solar,10,10,7,TS,"Construction complete, but not yet in commercial operation",2026-10-01
eia860:68443:EMP01,generator,Empire Wind 1,US-NY,40.32,-73.42,810,under_construction,,Empire Offshore Wind LLC,eia:860m,https://www.eia.gov/electricity/data/eia860m/xls/august_generator2026.xlsx,2026-09-26T00:04:26Z,2026-08,68443,EMP01,66796,NY,Kings,NYIS,IPP Non-CHP,Offshore Wind Turbine,wind,WS,"Wind turbine, offshore",WND,Wind,810,810,810,V,"Under construction, more than 50 percent complete",2027-09-01
eia860:68452:KITTB,generator,Kitt Solar,US-AZ,32.73353,-111.5691,100,under_construction,,301AK 8me LLC,eia:860m,https://www.eia.gov/electricity/data/eia860m/xls/august_generator2026.xlsx,2026-09-26T00:04:26Z,2026-08,68452,KITTB,66818,AZ,Pinal,AZPS,IPP Non-CHP,Batteries,storage,BA,"Energy storage, battery",MWH,Electricity used for energy storage,100,100,100,V,"Under construction, more than 50 percent complete",2026-12-01
eia860:68452:KITTS,generator,Kitt Solar,US-AZ,32.73353,-111.5691,100,under_construction,,301AK 8me LLC,eia:860m,https://www.eia.gov/electricity/data/eia860m/xls/august_generator2026.xlsx,2026-09-26T00:04:26Z,2026-08,68452,KITTS,66818,AZ,Pinal,AZPS,IPP Non-CHP,Solar Photovoltaic,solar,PV,Photovoltaic,SUN,Solar,100,100,100,V,"Under construction, more than 50 percent complete",2026-12-01
eia860:68453:1,generator,KYMEA Energy Center I,US-KY,37.319733,-87.55111,18.8,under_construction,,Kentucky Municipal Energy Agency,eia:860m,https://www.eia.gov/electricity/data/eia860m/xls/august_generator2026.xlsx,2026-09-26T00:04:26Z,2026-08,68453,1,66819,KY,Hopkins,LGEE,Electric Utility,Natural Gas Internal Combustion Engine,natural_gas,IC,Internal combustion engine,NG,Natural gas,18.8,18.8,18.8,U,"Under construction, less than or equal to 50 percent complete",2027-06-01
eia860:68453:2,generator,KYMEA Energy Center I,US-KY,37.319733,-87.55111,18.8,under_construction,,Kentucky Municipal Energy Agency,eia:860m,https://www.eia.gov/electricity/data/eia860m/xls/august_generator2026.xlsx,2026-09-26T00:04:26Z,2026-08,68453,2,66819,KY,Hopkins,LGEE,Electric Utility,Natural Gas Internal Combustion Engine,natural_gas,IC,Internal combustion engine,NG,Natural gas,18.8,18.8,18.8,U,"Under construction, less than or equal to 50 percent complete",2027-06-01
eia860:68453:3,generator,KYMEA Energy Center I,US-KY,37.319733,-87.55111,18.8,under_construction,,Kentucky Municipal Energy Agency,eia:860m,https://www.eia.gov/electricity/data/eia860m/xls/august_generator2026.xlsx,2026-09-26T00:04:26Z,2026-08,68453,3,66819,KY,Hopkins,LGEE,Electric Utility,Natural Gas Internal Combustion Engine,natural_gas,IC,Internal combustion engine,NG,Natural gas,18.8,18.8,18.8,U,"Under construction, less than or equal to 50 percent complete",2027-06-01
eia860:68453:4,generator,KYMEA Energy Center I,US-KY,37.319733,-87.55111,18.8,under_construction,,Kentucky Municipal Energy Agency,eia:860m,https://www.eia.gov/electricity/data/eia860m/xls/august_generator2026.xlsx,2026-09-26T00:04:26Z,2026-08,68453,4,66819,KY,Hopkins,LGEE,Electric Utility,Natural Gas Internal Combustion Engine,natural_gas,IC,Internal combustion engine,NG,Natural gas,18.8,18.8,18.8,U,"Under construction, less than or equal to 50 percent complete",2027-06-01
eia860:68459:5961,generator,"Bob Creek Wind, LLC",US-TX,31.868813,-101.2275,175,planned,,"Bob Creek Wind, LLC",eia:860m,https://www.eia.gov/electricity/data/eia860m/xls/august_generator2026.xlsx,2026-09-26T00:04:26Z,2026-08,68459,5961,66822,TX,Sterling,ERCO,IPP Non-CHP,Onshore Wind Turbine,wind,WT,"Wind turbine, onshore",WND,Wind,175,175,175,P,"Planned for installation, but regulatory approvals not initiated",2028-04-01
eia860:68461:KEYBA,generator,Key Energy Storage,US-CA,36.13681,-120.1312,75,under_construction,,Key Energy Storage LLC,eia:860m,https://www.eia.gov/electricity/data/eia860m/xls/august_generator2026.xlsx,2026-09-26T00:04:26Z,2026-08,68461,KEYBA,66831,CA,Fresno,CISO,IPP Non-CHP,Batteries,storage,BA,"Energy storage, battery",MWH,Electricity used for energy storage,75,75,75,U,"Under construction, less than or equal to 50 percent complete",2026-12-01
eia860:68461:KEYBB,generator,Key Energy Storage,US-CA,36.13681,-120.1312,190,planned,,Key Energy Storage LLC,eia:860m,https://www.eia.gov/electricity/data/eia860m/xls/august_generator2026.xlsx,2026-09-26T00:04:26Z,2026-08,68461,KEYBB,66831,CA,Fresno,CISO,IPP Non-CHP,Batteries,storage,BA,"Energy storage, battery",MWH,Electricity used for energy storage,190,190,190,T,Regulatory approvals received. Not under construction,2027-04-01
eia860:68461:KEYBC,generator,Key Energy Storage,US-CA,36.13681,-120.1312,35,planned,,Key Energy Storage LLC,eia:860m,https://www.eia.gov/electricity/data/eia860m/xls/august_generator2026.xlsx,2026-09-26T00:04:26Z,2026-08,68461,KEYBC,66831,CA,Fresno,CISO,IPP Non-CHP,Batteries,storage,BA,"Energy storage, battery",MWH,Electricity used for energy storage,35,35,35,T,Regulatory approvals received. Not under construction,2027-04-01
eia860:68465:22324,generator,Imperator Solar,US-CA,35.4932,-119.1659,2,under_construction,,"Imperator Solar, LLC",eia:860m,https://www.eia.gov/electricity/data/eia860m/xls/august_generator2026.xlsx,2026-09-26T00:04:26Z,2026-08,68465,22324,66798,CA,Kern,CISO,Industrial Non-CHP,Solar Photovoltaic,solar,PV,Photovoltaic,SUN,Solar,2,2,1.3,TS,"Construction complete, but not yet in commercial operation",2026-10-01
eia860:68466:CFB3,generator,Centennial Flats,US-AZ,33.588334,-113.5283,89,under_construction,,Copia Power,eia:860m,https://www.eia.gov/electricity/data/eia860m/xls/august_generator2026.xlsx,2026-09-26T00:04:26Z,2026-08,68466,CFB3,66217,AZ,La Paz,AZPS,IPP Non-CHP,Batteries,storage,BA,"Energy storage, battery",MWH,Electricity used for energy storage,89,89,89,U,"Under construction, less than or equal to 50 percent complete",2026-09-01
eia860:68466:CFPV3,generator,Centennial Flats,US-AZ,33.588334,-113.5283,166.7,under_construction,,Copia Power,eia:860m,https://www.eia.gov/electricity/data/eia860m/xls/august_generator2026.xlsx,2026-09-26T00:04:26Z,2026-08,68466,CFPV3,66217,AZ,La Paz,AZPS,IPP Non-CHP,Solar Photovoltaic,solar,PV,Photovoltaic,SUN,Solar,166.7,166.7,166.7,U,"Under construction, less than or equal to 50 percent complete",2026-09-01
eia860:68473:BROOK,generator,Brookside Solar,US-NY,44.932,-74.1302,100,planned,,AES Clean Energy,eia:860m,https://www.eia.gov/electricity/data/eia860m/xls/august_generator2026.xlsx,2026-09-26T00:04:26Z,2026-08,68473,BROOK,64904,NY,Franklin,NYIS,IPP Non-CHP,Solar Photovoltaic,solar,PV,Photovoltaic,SUN,Solar,100,100,100,L,Regulatory approvals pending. Not under construction,2027-09-01
eia860:68478:DRK,generator,Darkwood Solar,US-TX,31.928528,-98.4241,150.7,planned,,"Mustang Creek Solar I, LLC",eia:860m,https://www.eia.gov/electricity/data/eia860m/xls/august_generator2026.xlsx,2026-09-26T00:04:26Z,2026-08,68478,DRK,66836,TX,Comanche,ERCO,IPP Non-CHP,Solar Photovoltaic,solar,PV,Photovoltaic,SUN,Solar,150.7,150.7,150.7,L,Regulatory approvals pending. Not under construction,2027-10-01
eia860:68479:SHRT,generator,Short Creek Solar,US-TX,34.017622,-98.8013,606.4,planned,,"Wichita Solar I, LLC",eia:860m,https://www.eia.gov/electricity/data/eia860m/xls/august_generator2026.xlsx,2026-09-26T00:04:26Z,2026-08,68479,SHRT,66827,TX,Wichita,ERCO,IPP Non-CHP,Solar Photovoltaic,solar,PV,Photovoltaic,SUN,Solar,606.4,605,605,L,Regulatory approvals pending. Not under construction,2028-03-01
eia860:68480:LS1,generator,Laurens Solar,US-GA,32.577504,-83.11216,150,planned,,"Laurens Solar I, LLC",eia:860m,https://www.eia.gov/electricity/data/eia860m/xls/august_generator2026.xlsx,2026-09-26T00:04:26Z,2026-08,68480,LS1,66828,GA,Laurens,SOCO,IPP Non-CHP,Solar Photovoltaic,solar,PV,Photovoltaic,SUN,Solar,150,150,150,L,Regulatory approvals pending. Not under construction,2028-06-01
eia860:68481:HS2,generator,Hill Solar II,US-TX,32.115203,-97.06783,200,under_construction,,"Hill Solar II, LLC",eia:860m,https://www.eia.gov/electricity/data/eia860m/xls/august_generator2026.xlsx,2026-09-26T00:04:26Z,2026-08,68481,HS2,66829,TX,Hill,ERCO,IPP Non-CHP,Solar Photovoltaic,solar,PV,Photovoltaic,SUN,Solar,200,200,200,TS,"Construction complete, but not yet in commercial operation",2026-10-01
eia860:68485:22SVA,generator,Rexford 2 Solar Farm,US-CA,35.893525,-119.0805,200,planned,,22SV 8ME LLC,eia:860m,https://www.eia.gov/electricity/data/eia860m/xls/august_generator2026.xlsx,2026-09-26T00:04:26Z,2026-08,68485,22SVA,66856,CA,Tulare,CISO,IPP Non-CHP,Solar Photovoltaic,solar,PV,Photovoltaic,SUN,Solar,200,200,200,P,"Planned for installation, but regulatory approvals not initiated",2028-12-01
eia860:68485:22SVB,generator,Rexford 2 Solar Farm,US-CA,35.893525,-119.0805,200,planned,,22SV 8ME LLC,eia:860m,https://www.eia.gov/electricity/data/eia860m/xls/august_generator2026.xlsx,2026-09-26T00:04:26Z,2026-08,68485,22SVB,66856,CA,Tulare,CISO,IPP Non-CHP,Batteries,storage,BA,"Energy storage, battery",MWH,Electricity used for energy storage,200,200,200,P,"Planned for installation, but regulatory approvals not initiated",2028-12-01
eia860:68486:44STA,generator,Sienna 2 Solar and Storage Project,US-CA,34.506711,-116.8901,55,planned,,44ST 8ME LLC,eia:860m,https://www.eia.gov/electricity/data/eia860m/xls/august_generator2026.xlsx,2026-09-26T00:04:26Z,2026-08,68486,44STA,66857,CA,San Bernardino,CISO,IPP Non-CHP,Solar Photovoltaic,solar,PV,Photovoltaic,SUN,Solar,55,55,55,P,"Planned for installation, but regulatory approvals not initiated",2029-03-01
eia860:68486:44STB,generator,Sienna 2 Solar and Storage Project,US-CA,34.506711,-116.8901,55,planned,,44ST 8ME LLC,eia:860m,https://www.eia.gov/electricity/data/eia860m/xls/august_generator2026.xlsx,2026-09-26T00:04:26Z,2026-08,68486,44STB,66857,CA,San Bernardino,CISO,IPP Non-CHP,Batteries,storage,BA,"Energy storage, battery",MWH,Electricity used for energy storage,55,55,55,P,"Planned for installation, but regulatory approvals not initiated",2029-03-01
eia860:68490:BLS,generator,Broadleaf Solar,US-CT,41.9241,-72.7824,200,planned,,"Broadleaf Solar, LLC",eia:860m,https://www.eia.gov/electricity/data/eia860m/xls/august_generator2026.xlsx,2026-09-26T00:04:26Z,2026-08,68490,BLS,66864,CT,Hartford,ISNE,IPP Non-CHP,Solar Photovoltaic,solar,PV,Photovoltaic,SUN,Solar,200,200,200,L,Regulatory approvals pending. Not under construction,2028-04-01
eia860:68491:FPS,generator,Freedom Pine Solar,US-ME,43.34779,-70.8974,250,planned,,"Freedom Pine Solar, LLC",eia:860m,https://www.eia.gov/electricity/data/eia860m/xls/august_generator2026.xlsx,2026-09-26T00:04:26Z,2026-08,68491,FPS,66865,ME,York,ISNE,IPP Non-CHP,Solar Photovoltaic,solar,PV,Photovoltaic,SUN,Solar,250,250,250,P,"Planned for installation, but regulatory approvals not initiated",2029-01-01
eia860:68495:BDOG1,generator,Bird Dog Energy Storage,US-TX,28.158672,-97.86231,60,under_construction,,VESI 37 LLC,eia:860m,https://www.eia.gov/electricity/data/eia860m/xls/august_generator2026.xlsx,2026-09-26T00:04:26Z,2026-08,68495,BDOG1,66849,TX,San Patricio,ERCO,IPP Non-CHP,Batteries,storage,BA,"Energy storage, battery",MWH,Electricity used for energy storage,60,60,60,V,"Under construction, more than 50 percent complete",2026-12-01
eia860:68500:CWH2,generator,"Crowned Heron 2 - Storage, LLC",US-TX,29.482673,-95.61996,150,under_construction,,RWE Clean Energy,eia:860m,https://www.eia.gov/electricity/data/eia860m/xls/august_generator2026.xlsx,2026-09-26T00:04:26Z,2026-08,68500,CWH2,67192,TX,Fort Bend,ERCO,IPP Non-CHP,Batteries,storage,BA,"Energy storage, battery",MWH,Electricity used for energy storage,150,150,150,TS,"Construction complete, but not yet in commercial operation",2026-10-01
eia860:68502:PV1,generator,Vienna Walbec Customer Hosted,US-WI,43.208435,-89.41019,1.4,under_construction,,Wisconsin Power & Light Co,eia:860m,https://www.eia.gov/electricity/data/eia860m/xls/august_generator2026.xlsx,2026-09-26T00:04:26Z,2026-08,68502,PV1,20856,WI,Dane,MISO,Electric Utility,Solar Photovoltaic,solar,PV,Photovoltaic,SUN,Solar,1.4,1.4,1.4,V,"Under construction, more than 50 percent complete",2026-11-01
eia860:68504:SLES1,generator,Sandow Lakes Energy Station,US-TX,30.419441,-97.19124,645,planned,,"SL Energy Power Plant I, LLC",eia:860m,https://www.eia.gov/electricity/data/eia860m/xls/august_generator2026.xlsx,2026-09-26T00:04:26Z,2026-08,68504,SLES1,66841,TX,Lee,ERCO,IPP Non-CHP,Natural Gas Fired Combined Cycle,natural_gas,CS,Combined cycle single shaft,NG,Natural gas,645,590,637,P,"Planned for installation, but regulatory approvals not initiated",2028-10-01
eia860:68504:SLES2,generator,Sandow Lakes Energy Station,US-TX,30.419441,-97.19124,645,planned,,"SL Energy Power Plant I, LLC",eia:860m,https://www.eia.gov/electricity/data/eia860m/xls/august_generator2026.xlsx,2026-09-26T00:04:26Z,2026-08,68504,SLES2,66841,TX,Lee,ERCO,IPP Non-CHP,Natural Gas Fired Combined Cycle,natural_gas,CS,Combined cycle single shaft,NG,Natural gas,645,590,637,P,"Planned for installation, but regulatory approvals not initiated",2028-12-01
eia860:68507:EEC,generator,Excelsior Energy Center,US-NY,43.064852,-78.07681,280,under_construction,,"Excelsior Energy Center, LLC",eia:860m,https://www.eia.gov/electricity/data/eia860m/xls/august_generator2026.xlsx,2026-09-26T00:04:26Z,2026-08,68507,EEC,66874,NY,Genesee,NYIS,IPP Non-CHP,Solar Photovoltaic,solar,PV,Photovoltaic,SUN,Solar,280,280,280,U,"Under construction, less than or equal to 50 percent complete",2026-11-01
eia860:68510:CFC1,generator,Ritter Solar,US-OH,41.694902,-84.31682,199,planned,,Repsol Renewables NA,eia:860m,https://www.eia.gov/electricity/data/eia860m/xls/august_generator2026.xlsx,2026-09-26T00:04:26Z,2026-08,68510,CFC1,65265,OH,Fulton,PJM,IPP Non-CHP,Solar Photovoltaic,solar,PV,Photovoltaic,SUN,Solar,199,199,199,P,"Planned for installation, but regulatory approvals not initiated",2027-12-01
eia860:68511:CHC1,generator,Henry Solar,US-OH,41.474421,-84.11271,206,planned,,Repsol Renewables NA,eia:860m,https://www.eia.gov/electricity/data/eia860m/xls/august_generator2026.xlsx,2026-09-26T00:04:26Z,2026-08,68511,CHC1,65265,OH,Henry,PJM,IPP Non-CHP,Solar Photovoltaic,solar,PV,Photovoltaic,SUN,Solar,206,206,206,P,"Planned for installation, but regulatory approvals not initiated",2028-12-01
eia860:68514:MC201,generator,Mammoth Central II Solar Facility,US-IN,41.090053,-86.69398,300,under_construction,,Mammoth Central II LLC,eia:860m,https://www.eia.gov/electricity/data/eia860m/xls/august_generator2026.xlsx,2026-09-26T00:04:26Z,2026-08,68514,MC201,66781,IN,Pulaski,PJM,IPP Non-CHP,Solar Photovoltaic,solar,PV,Photovoltaic,SUN,Solar,300,300,300,U,"Under construction, less than or equal to 50 percent complete",2026-10-01
eia860:68515:GREER,generator,Greer Solar Plant,US-MS,33.115544,-90.83077,200,under_construction,,"Greer Solar, LLC",eia:860m,https://www.eia.gov/electricity/data/eia860m/xls/august_generator2026.xlsx,2026-09-26T00:04:26Z,2026-08,68515,GREER,66901,MS,Washington,MISO,IPP Non-CHP,Solar Photovoltaic,solar,PV,Photovoltaic,SUN,Solar,200,200,200,U,"Under construction, less than or equal to 50 percent complete",2026-12-01
eia860:68518:MRC2B,generator,Merced 2 BESS,US-CA,37.000929,-120.6648,2,under_construction,,ZGlobal Inc,eia:860m,https://www.eia.gov/electricity/data/eia860m/xls/august_generator2026.xlsx,2026-09-26T00:04:26Z,2026-08,68518,MRC2B,60059,CA,Merced,CISO,IPP Non-CHP,Batteries,storage,BA,"Energy storage, battery",MWH,Electricity used for energy storage,2,2,2,TS,"Construction complete, but not yet in commercial operation",2026-09-01
eia860:68519:MDNA3,generator,Madena 3,US-CA,39.026009,-121.5441,3.9,under_construction,,ZGlobal Inc,eia:860m,https://www.eia.gov/electricity/data/eia860m/xls/august_generator2026.xlsx,2026-09-26T00:04:26Z,2026-08,68519,MDNA3,60059,CA,Yuba,CISO,IPP Non-CHP,Batteries,storage,BA,"Energy storage, battery",MWH,Electricity used for energy storage,3.9,3.9,3.9,V,"Under construction, more than 50 percent complete",2027-01-01
eia860:68520:MNDA4,generator,Madena 4,US-CA,38.977582,-121.3765,5,planned,,ZGlobal Inc,eia:860m,https://www.eia.gov/electricity/data/eia860m/xls/august_generator2026.xlsx,2026-09-26T00:04:26Z,2026-08,68520,MNDA4,60059,CA,Placer,CISO,IPP Non-CHP,Batteries,storage,BA,"Energy storage, battery",MWH,Electricity used for energy storage,5,5,5,L,Regulatory approvals pending. Not under construction,2027-04-01
eia860:68528:77,generator,Dynamo Solar LLC,US-CA,38.229106,-122.2937,24.5,planned,,Laketricity USA Inc.,eia:860m,https://www.eia.gov/electricity/data/eia860m/xls/august_generator2026.xlsx,2026-09-26T00:04:26Z,2026-08,68528,77,66907,CA,Napa,CISO,IPP Non-CHP,Solar Photovoltaic,solar,PV,Photovoltaic,SUN,Solar,24.5,24.5,24.5,L,Regulatory approvals pending. Not under construction,2027-12-01
eia860:68541:7169,generator,Palmdale Water District HQ,US-CA,34.587916,-118.0931,1.7,under_construction,,"East Avenue Q Solar Project 2022, LLC",eia:860m,https://www.eia.gov/electricity/data/eia860m/xls/august_generator2026.xlsx,2026-09-26T00:04:26Z,2026-08,68541,7169,66917,CA,Los Angeles,CISO,IPP Non-CHP,Solar Photovoltaic,solar,PV,Photovoltaic,SUN,Solar,1.7,1.7,1.7,V,"Under construction, more than 50 percent complete",2026-10-01
eia860:68542:7170B,generator,Palmdale Water District 6MG Tank,US-CA,34.558047,-118.1187,0.3,under_construction,,"East Avenue South Solar Project 2022, LLC",eia:860m,https://www.eia.gov/electricity/data/eia860m/xls/august_generator2026.xlsx,2026-09-26T00:04:26Z,2026-08,68542,7170B,66919,CA,Los Angeles,CISO,IPP Non-CHP,Batteries,storage,BA,"Energy storage, battery",MWH,Electricity used for energy storage,0.3,0.3,0.3,V,"Under construction, more than 50 percent complete",2026-11-01
eia860:68542:7170G,generator,Palmdale Water District 6MG Tank,US-CA,34.558047,-118.1187,1,under_construction,,"East Avenue South Solar Project 2022, LLC",eia:860m,https://www.eia.gov/electricity/data/eia860m/xls/august_generator2026.xlsx,2026-09-26T00:04:26Z,2026-08,68542,7170G,66919,CA,Los Angeles,CISO,IPP Non-CHP,Solar Photovoltaic,solar,PV,Photovoltaic,SUN,Solar,1,1,1,V,"Under construction, more than 50 percent complete",2026-11-01
eia860:68543:3850B,generator,Town of Sharon Portfolio -Mt St Landfill,US-MA,42.102685,-71.15906,5.7,under_construction,,"Mountain Street Solar Project 2019, LLC",eia:860m,https://www.eia.gov/electricity/data/eia860m/xls/august_generator2026.xlsx,2026-09-26T00:04:26Z,2026-08,68543,3850B,66918,MA,Norfolk,ISNE,IPP Non-CHP,Batteries,storage,BA,"Energy storage, battery",MWH,Electricity used for energy storage,5.7,5.7,5.7,V,"Under construction, more than 50 percent complete",2027-01-01
eia860:68543:3850G,generator,Town of Sharon Portfolio -Mt St Landfill,US-MA,42.102685,-71.15906,5,under_construction,,"Mountain Street Solar Project 2019, LLC",eia:860m,https://www.eia.gov/electricity/data/eia860m/xls/august_generator2026.xlsx,2026-09-26T00:04:26Z,2026-08,68543,3850G,66918,MA,Norfolk,ISNE,IPP Non-CHP,Solar Photovoltaic,solar,PV,Photovoltaic,SUN,Solar,5,5,5,V,"Under construction, more than 50 percent complete",2027-01-01
eia860:68546:1,generator,Smarr Combined Cycle Energy Facility,US-GA,32.975936,-83.84369,459,planned,,Oglethorpe Power Corporation,eia:860m,https://www.eia.gov/electricity/data/eia860m/xls/august_generator2026.xlsx,2026-09-26T00:04:26Z,2026-08,68546,1,13994,GA,Monroe,SOCO,Electric Utility,Natural Gas Fired Combined Cycle,natural_gas,CC,Combined cycle total unit,NG,Natural gas,459,407,432,P,"Planned for installation, but regulatory approvals not initiated",2029-06-01
eia860:68546:2,generator,Smarr Combined Cycle Energy Facility,US-GA,32.975936,-83.84369,345,planned,,Oglethorpe Power Corporation,eia:860m,https://www.eia.gov/electricity/data/eia860m/xls/august_generator2026.xlsx,2026-09-26T00:04:26Z,2026-08,68546,2,13994,GA,Monroe,SOCO,Electric Utility,Natural Gas Fired Combined Cycle,natural_gas,CC,Combined cycle total unit,NG,Natural gas,345,304,309,P,"Planned for installation, but regulatory approvals not initiated",2029-06-01
eia860:68553:BACN2,generator,SR Bacon II,US-GA,31.511392,-82.33683,115,planned,,"SR Bacon II, LLC",eia:860m,https://www.eia.gov/electricity/data/eia860m/xls/august_generator2026.xlsx,2026-09-26T00:04:26Z,2026-08,68553,BACN2,66927,GA,Bacon,SOCO,IPP Non-CHP,Solar Photovoltaic,solar,PV,Photovoltaic,SUN,Solar,115,115,115,T,Regulatory approvals received. Not under construction,2027-12-01
eia860:68554:BACN3,generator,SR Bacon III,US-GA,31.511392,-82.33683,100,planned,,"SR Bacon III, LLC",eia:860m,https://www.eia.gov/electricity/data/eia860m/xls/august_generator2026.xlsx,2026-09-26T00:04:26Z,2026-08,68554,BACN3,66928,GA,Bacon,SOCO,IPP Non-CHP,Solar Photovoltaic,solar,PV,Photovoltaic,SUN,Solar,100,100,100,T,Regulatory approvals received. Not under construction,2027-12-01
eia860:68555:CORDV,generator,SR Cordova,US-SC,33.45963,-80.88897,100,planned,,"SR Cordova, LLC",eia:860m,https://www.eia.gov/electricity/data/eia860m/xls/august_generator2026.xlsx,2026-09-26T00:04:26Z,2026-08,68555,CORDV,66929,SC,Orangeburg,SCEG,IPP Non-CHP,Solar Photovoltaic,solar,PV,Photovoltaic,SUN,Solar,100,100,100,T,Regulatory approvals received. Not under construction,2027-12-01
eia860:68556:DURHM,generator,SR Durhamville,US-TN,35.626611,-89.46162,66,planned,,"SR Durhamville, LLC",eia:860m,https://www.eia.gov/electricity/data/eia860m/xls/august_generator2026.xlsx,2026-09-26T00:04:26Z,2026-08,68556,DURHM,66930,TN,Haywood,TVA,IPP Non-CHP,Solar Photovoltaic,solar,PV,Photovoltaic,SUN,Solar,66,66,66,T,Regulatory approvals received. Not under construction,2027-12-01
eia860:68557:FORRC,generator,SR Forrest City,US-AR,34.984256,-90.78602,4.8,planned,,"SR Forrest City, LLC",eia:860m,https://www.eia.gov/electricity/data/eia860m/xls/august_generator2026.xlsx,2026-09-26T00:04:26Z,2026-08,68557,FORRC,66931,AR,St Francis,MISO,IPP Non-CHP,Solar Photovoltaic,solar,PV,Photovoltaic,SUN,Solar,4.8,4.8,4.8,T,Regulatory approvals received. Not under construction,2027-12-01
eia860:68558:LOTT,generator,SR Lott,US-AL,30.940181,-88.29926,8.3,planned,,"SR Lott, LLC",eia:860m,https://www.eia.gov/electricity/data/eia860m/xls/august_generator2026.xlsx,2026-09-26T00:04:26Z,2026-08,68558,LOTT,66932,AL,Mobile,SOCO,IPP Non-CHP,Solar Photovoltaic,solar,PV,Photovoltaic,SUN,Solar,8.3,8.3,8.3,T,Regulatory approvals received. Not under construction,2027-12-01
eia860:68559:MAGNA,generator,SR Magnolia,US-MS,33.856467,-88.67488,160,under_construction,,"SR Magnolia, LLC",eia:860m,https://www.eia.gov/electricity/data/eia860m/xls/august_generator2026.xlsx,2026-09-26T00:04:26Z,2026-08,68559,MAGNA,66933,MS,Monroe,TVA,IPP Non-CHP,Solar Photovoltaic,solar,PV,Photovoltaic,SUN,Solar,160,160,160,V,"Under construction, more than 50 percent complete",2027-06-01
eia860:68560:MARJT,generator,SR Marion Junction,US-AL,32.418685,-87.36171,15,planned,,"SR Marion Junction, LLC",eia:860m,https://www.eia.gov/electricity/data/eia860m/xls/august_generator2026.xlsx,2026-09-26T00:04:26Z,2026-08,68560,MARJT,66934,AL,Dallas,TVA,IPP Non-CHP,Solar Photovoltaic,solar,PV,Photovoltaic,SUN,Solar,15,15,15,T,Regulatory approvals received. Not under construction,2027-12-01
eia860:68561:MIDDN,generator,SR Middleton,US-TN,35.176939,-88.87867,55,under_construction,,"SR Middleton, LLC",eia:860m,https://www.eia.gov/electricity/data/eia860m/xls/august_generator2026.xlsx,2026-09-26T00:04:26Z,2026-08,68561,MIDDN,66935,TN,Hardeman,TVA,IPP Non-CHP,Solar Photovoltaic,solar,PV,Photovoltaic,SUN,Solar,55,55,55,V,"Under construction, more than 50 percent complete",2027-07-01
eia860:68562:MTPLT,generator,SR Mount Pleasant,US-MS,34.951675,-89.58282,50,planned,,"SR Mount Pleasant, LLC",eia:860m,https://www.eia.gov/electricity/data/eia860m/xls/august_generator2026.xlsx,2026-09-26T00:04:26Z,2026-08,68562,MTPLT,66936,MS,Marshall,TVA,IPP Non-CHP,Solar Photovoltaic,solar,PV,Photovoltaic,SUN,Solar,50,50,50,T,Regulatory approvals received. Not under construction,2027-12-01
eia860:68563:NORWD,generator,SR Norwood,US-GA,33.435993,-82.76361,107,planned,,"SR Norwood, LLC",eia:860m,https://www.eia.gov/electricity/data/eia860m/xls/august_generator2026.xlsx,2026-09-26T00:04:26Z,2026-08,68563,NORWD,66937,GA,Warren,TVA,IPP Non-CHP,Solar Photovoltaic,solar,PV,Photovoltaic,SUN,Solar,107,107,107,T,Regulatory approvals received. Not under construction,2027-12-01
eia860:68564:PURYR,generator,SR Puryear,US-TN,36.449856,-88.30107,50,under_construction,,"SR Puryear, LLC",eia:860m,https://www.eia.gov/electricity/data/eia860m/xls/august_generator2026.xlsx,2026-09-26T00:04:26Z,2026-08,68564,PURYR,66938,TN,Henry,TVA,IPP Non-CHP,Solar Photovoltaic,solar,PV,Photovoltaic,SUN,Solar,50,50,50,U,"Under construction, less than or equal to 50 percent complete",2027-08-01
eia860:68565:ROCH2,generator,SR Rochelle II,US-GA,32.030665,-83.506,50,planned,,"SR Rochelle II, LLC",eia:860m,https://www.eia.gov/electricity/data/eia860m/xls/august_generator2026.xlsx,2026-09-26T00:04:26Z,2026-08,68565,ROCH2,66939,GA,Wilcox,TVA,IPP Non-CHP,Solar Photovoltaic,solar,PV,Photovoltaic,SUN,Solar,50,50,50,T,Regulatory approvals received. Not under construction,2027-12-01
eia860:68566:SIPSY,generator,SR Sipsey,US-AL,33.694556,-87.81805,10,planned,,"SR Sipsey, LLC",eia:860m,https://www.eia.gov/electricity/data/eia860m/xls/august_generator2026.xlsx,2026-09-26T00:04:26Z,2026-08,68566,SIPSY,66940,AL,Fayette,TVA,IPP Non-CHP,Solar Photovoltaic,solar,PV,Photovoltaic,SUN,Solar,10,10,10,T,Regulatory approvals received. Not under construction,2027-12-01
eia860:68567:SUNST,generator,SR Sunset,US-LA,30.421588,-92.07507,4.3,planned,,"SR Sunset, LLC",eia:860m,https://www.eia.gov/electricity/data/eia860m/xls/august_generator2026.xlsx,2026-09-26T00:04:26Z,2026-08,68567,SUNST,66941,LA,St Landry,MISO,IPP Non-CHP,Solar Photovoltaic,solar,PV,Photovoltaic,SUN,Solar,4.3,4.3,4.3,T,Regulatory approvals received. Not under construction,2027-12-01
eia860:68568:TULLA,generator,SR Tullahoma,US-TN,35.360002,-86.27532,200,under_construction,,"SR Tullahoma, LLC",eia:860m,https://www.eia.gov/electricity/data/eia860m/xls/august_generator2026.xlsx,2026-09-26T00:04:26Z,2026-08,68568,TULLA,66942,TN,Moore,TVA,IPP Non-CHP,Solar Photovoltaic,solar,PV,Photovoltaic,SUN,Solar,200,200,200,V,"Under construction, more than 50 percent complete",2027-04-01
eia860:68569:ULM,generator,SR Ulm,US-AR,34.577902,-91.45184,4.8,planned,,"SR Ulm, LLC",eia:860m,https://www.eia.gov/electricity/data/eia860m/xls/august_generator2026.xlsx,2026-09-26T00:04:26Z,2026-08,68569,ULM,66943,AR,Prairie,MISO,IPP Non-CHP,Solar Photovoltaic,solar,PV,Photovoltaic,SUN,Solar,4.8,4.8,4.8,T,Regulatory approvals received. Not under construction,2027-12-01
eia860:68570:WHELN,generator,SR West Helena,US-AR,34.552639,-90.68421,4.8,planned,,"SR West Helena, LLC",eia:860m,https://www.eia.gov/electricity/data/eia860m/xls/august_generator2026.xlsx,2026-09-26T00:04:26Z,2026-08,68570,WHELN,66944,AR,Phillips,MISO,IPP Non-CHP,Solar Photovoltaic,solar,PV,Photovoltaic,SUN,Solar,4.8,4.8,4.8,T,Regulatory approvals received. Not under construction,2027-12-01
eia860:68571:7481,generator,"Lowe's - 1440 - Rockford, IL RDC (POI 1)",US-IL,42.239075,-89.13187,2.3,under_construction,,"South Springfield Avenue Solar Project 2022, LLC",eia:860m,https://www.eia.gov/electricity/data/eia860m/xls/august_generator2026.xlsx,2026-09-26T00:04:26Z,2026-08,68571,7481,66945,IL,Winnebago,MISO,IPP Non-CHP,Solar Photovoltaic,solar,PV,Photovoltaic,SUN,Solar,2.3,2.3,2.3,V,"Under construction, more than 50 percent complete",2026-10-01
eia860:68572:7824,generator,"Lowe's - 1440 - Rockford, IL RDC (POI 2)",US-IL,42.239075,-89.13187,2.3,under_construction,,"South Springfield Avenue II Solar Project 2022, LLC",eia:860m,https://www.eia.gov/electricity/data/eia860m/xls/august_generator2026.xlsx,2026-09-26T00:04:26Z,2026-08,68572,7824,66946,IL,Winnebago,MISO,IPP Non-CHP,Solar Photovoltaic,solar,PV,Photovoltaic,SUN,Solar,2.3,2.3,2.3,V,"Under construction, more than 50 percent complete",2026-10-01
eia860:68578:AC1S,generator,AC Ranch I,US-NM,32.732263,-103.2748,75,under_construction,,Lydian Energy,eia:860m,https://www.eia.gov/electricity/data/eia860m/xls/august_generator2026.xlsx,2026-09-26T00:04:26Z,2026-08,68578,AC1S,66950,NM,Lea,SWPP,IPP Non-CHP,Solar Photovoltaic,solar,PV,Photovoltaic,SUN,Solar,75,75,75,U,"Under construction, less than or equal to 50 percent complete",2027-05-01
eia860:68579:AC2S,generator,AC Ranch II,US-NM,32.732263,-103.2748,230,planned,,Lydian Energy,eia:860m,https://www.eia.gov/electricity/data/eia860m/xls/august_generator2026.xlsx,2026-09-26T00:04:26Z,2026-08,68579,AC2S,66950,NM,Lea,SWPP,IPP Non-CHP,Solar Photovoltaic,solar,PV,Photovoltaic,SUN,Solar,230,230,230,L,Regulatory approvals pending. Not under construction,2029-06-01
eia860:68581:MTB,generator,Mendoza Trail BESS,US-TX,31.19371,-102.3159,200,under_construction,,Lydian Energy,eia:860m,https://www.eia.gov/electricity/data/eia860m/xls/august_generator2026.xlsx,2026-09-26T00:04:26Z,2026-08,68581,MTB,66950,TX,Crane,ERCO,IPP Non-CHP,Batteries,storage,BA,"Energy storage, battery",MWH,Electricity used for energy storage,200,200,200,TS,"Construction complete, but not yet in commercial operation",2026-09-01
eia860:68582:PPB,generator,Pintail BESS,US-TX,28.04268,-97.44014,200,under_construction,,Lydian Energy,eia:860m,https://www.eia.gov/electricity/data/eia860m/xls/august_generator2026.xlsx,2026-09-26T00:04:26Z,2026-08,68582,PPB,66950,TX,San Patricio,ERCO,IPP Non-CHP,Batteries,storage,BA,"Energy storage, battery",MWH,Electricity used for energy storage,200,200,200,TS,"Construction complete, but not yet in commercial operation",2026-09-01
eia860:68583:RRB,generator,Rock N' Roll,US-TX,29.299371,-95.42218,250,planned,,Lydian Energy,eia:860m,https://www.eia.gov/electricity/data/eia860m/xls/august_generator2026.xlsx,2026-09-26T00:04:26Z,2026-08,68583,RRB,66950,TX,Brazoria,ERCO,IPP Non-CHP,Batteries,storage,BA,"Energy storage, battery",MWH,Electricity used for energy storage,250,250,250,L,Regulatory approvals pending. Not under construction,2027-10-01
eia860:68584:YBS,generator,Yellow Barn Solar,US-NY,42.56495,-76.43907,160,planned,,Lydian Energy,eia:860m,https://www.eia.gov/electricity/data/eia860m/xls/august_generator2026.xlsx,2026-09-26T00:04:26Z,2026-08,68584,YBS,66950,NY,Tompkins,NYIS,IPP Non-CHP,Solar Photovoltaic,solar,PV,Photovoltaic,SUN,Solar,160,160,160,P,"Planned for installation, but regulatory approvals not initiated",2028-09-01
eia860:68585:YRS,generator,York Run Solar,US-NY,42.011319,-79.2243,90,planned,,Lydian Energy,eia:860m,https://www.eia.gov/electricity/data/eia860m/xls/august_generator2026.xlsx,2026-09-26T00:04:26Z,2026-08,68585,YRS,66950,NY,Chautauqua,NYIS,IPP Non-CHP,Solar Photovoltaic,solar,PV,Photovoltaic,SUN,Solar,90,90,90,L,Regulatory approvals pending. Not under construction,2028-09-01
eia860:68592:OERHA,generator,Rockhound A,US-TX,31.723088,-102.5196,245,under_construction,,"Origis Energy USA, Inc",eia:860m,https://www.eia.gov/electricity/data/eia860m/xls/august_generator2026.xlsx,2026-09-26T00:04:26Z,2026-08,68592,OERHA,58764,TX,Ector,ERCO,IPP Non-CHP,Solar Photovoltaic,solar,PV,Photovoltaic,SUN,Solar,245,245,245,TS,"Construction complete, but not yet in commercial operation",2026-09-01
eia860:68593:OERHC,generator,Rockhound C,US-TX,31.723088,-102.5196,61,under_construction,,"Origis Energy USA, Inc",eia:860m,https://www.eia.gov/electricity/data/eia860m/xls/august_generator2026.xlsx,2026-09-26T00:04:26Z,2026-08,68593,OERHC,58764,TX,Ector,ERCO,IPP Non-CHP,Solar Photovoltaic,solar,PV,Photovoltaic,SUN,Solar,61,61,61,TS,"Construction complete, but not yet in commercial operation",2026-09-01
eia860:68594:OERHD,generator,Rockhound D,US-TX,31.6859,-102.518,28,under_construction,,"Origis Energy USA, Inc",eia:860m,https://www.eia.gov/electricity/data/eia860m/xls/august_generator2026.xlsx,2026-09-26T00:04:26Z,2026-08,68594,OERHD,58764,TX,Ector,ERCO,IPP Non-CHP,Solar Photovoltaic,solar,PV,Photovoltaic,SUN,Solar,28,28,28,TS,"Construction complete, but not yet in commercial operation",2026-09-01
eia860:68600:7236B,generator,Las Virgenes MWD - Composting Plant,US-CA,34.126481,-118.6981,0.5,under_construction,,"Las Virgenes Road Solar Project 2022, LLC",eia:860m,https://www.eia.gov/electricity/data/eia860m/xls/august_generator2026.xlsx,2026-09-26T00:04:26Z,2026-08,68600,7236B,66977,CA,Los Angeles,CISO,IPP Non-CHP,Batteries,storage,BA,"Energy storage, battery",MWH,Electricity used for energy storage,0.5,0.5,0.5,V,"Under construction, more than 50 percent complete",2026-10-01
eia860:68600:7236G,generator,Las Virgenes MWD - Composting Plant,US-CA,34.126481,-118.6981,0.9,under_construction,,"Las Virgenes Road Solar Project 2022, LLC",eia:860m,https://www.eia.gov/electricity/data/eia860m/xls/august_generator2026.xlsx,2026-09-26T00:04:26Z,2026-08,68600,7236G,66977,CA,Los Angeles,CISO,IPP Non-CHP,Solar Photovoltaic,solar,PV,Photovoltaic,SUN,Solar,0.9,0.9,0.9,V,"Under construction, more than 50 percent complete",2026-10-01
eia860:68604:DALBS,generator,Dahlia Energy,US-TX,28.369598,-98.96762,100,planned,,Dahlia Energy LLC,eia:860m,https://www.eia.gov/electricity/data/eia860m/xls/august_generator2026.xlsx,2026-09-26T00:04:26Z,2026-08,68604,DALBS,66980,TX,La Salle,ERCO,IPP Non-CHP,Batteries,storage,BA,"Energy storage, battery",MWH,Electricity used for energy storage,100,100,100,P,"Planned for installation, but regulatory approvals not initiated",2028-06-01
eia860:68604:DALPV,generator,Dahlia Energy,US-TX,28.369598,-98.96762,200,planned,,Dahlia Energy LLC,eia:860m,https://www.eia.gov/electricity/data/eia860m/xls/august_generator2026.xlsx,2026-09-26T00:04:26Z,2026-08,68604,DALPV,66980,TX,La Salle,ERCO,IPP Non-CHP,Solar Photovoltaic,solar,PV,Photovoltaic,SUN,Solar,200,200,200,P,"Planned for installation, but regulatory approvals not initiated",2028-06-01
eia860:68606:5,generator,Cedar Bayou 5,US-TX,29.751132,-94.92114,721,under_construction,,Cedar Bayou 5 LLC,eia:860m,https://www.eia.gov/electricity/data/eia860m/xls/august_generator2026.xlsx,2026-09-26T00:04:26Z,2026-08,68606,5,66975,TX,Chambers,ERCO,IPP Non-CHP,Natural Gas Fired Combined Cycle,natural_gas,CS,Combined cycle single shaft,NG,Natural gas,721,674,697,U,"Under construction, less than or equal to 50 percent complete",2028-08-01
eia860:68607:PJBS1,generator,Pelicans Jaw Hybrid Solar,US-CA,35.765183,-119.7436,238.5,under_construction,,Pelicans Jaw Solar LLC,eia:860m,https://www.eia.gov/electricity/data/eia860m/xls/august_generator2026.xlsx,2026-09-26T00:04:26Z,2026-08,68607,PJBS1,66976,CA,Kern,CISO,IPP Non-CHP,Batteries,storage,BA,"Energy storage, battery",MWH,Electricity used for energy storage,238.5,238.5,238.5,TS,"Construction complete, but not yet in commercial operation",2027-04-01
eia860:68607:PLJW1,generator,Pelicans Jaw Hybrid Solar,US-CA,35.765183,-119.7436,440,under_construction,,Pelicans Jaw Solar LLC,eia:860m,https://www.eia.gov/electricity/data/eia860m/xls/august_generator2026.xlsx,2026-09-26T00:04:26Z,2026-08,68607,PLJW1,66976,CA,Kern,CISO,IPP Non-CHP,Solar Photovoltaic,solar,PV,Photovoltaic,SUN,Solar,440,440,440,TS,"Construction complete, but not yet in commercial operation",2027-04-01
eia860:68635:KU1,generator,Kemmerer Unit 1,US-WY,41.705993,-110.5603,500,planned,,US SFR Owner LLC,eia:860m,https://www.eia.gov/electricity/data/eia860m/xls/august_generator2026.xlsx,2026-09-26T00:04:26Z,2026-08,68635,KU1,67013,WY,Lincoln,PACE,IPP Non-CHP,Nuclear,nuclear,ST,Steam turbine,NUC,Nuclear,500,342.1,344.9,L,Regulatory approvals pending. Not under construction,2030-12-01
eia860:68665:RIC87,generator,Summerhill BESS,US-TX,32.51289,-99.79563,143,planned,,"RIC Development, LLC",eia:860m,https://www.eia.gov/electricity/data/eia860m/xls/august_generator2026.xlsx,2026-09-26T00:04:26Z,2026-08,68665,RIC87,66255,TX,Taylor,ERCO,IPP Non-CHP,Batteries,storage,BA,"Energy storage, battery",MWH,Electricity used for energy storage,143,143,143,P,"Planned for installation, but regulatory approvals not initiated",2028-12-01
eia860:68666:RIC88,generator,Stonewall BESS,US-TX,33.2466,-100.3982,135,planned,,"RIC Development, LLC",eia:860m,https://www.eia.gov/electricity/data/eia860m/xls/august_generator2026.xlsx,2026-09-26T00:04:26Z,2026-08,68666,RIC88,66255,TX,Stonewall,ERCO,IPP Non-CHP,Batteries,storage,BA,"Energy storage, battery",MWH,Electricity used for energy storage,135,135,135,P,"Planned for installation, but regulatory approvals not initiated",2029-12-01
eia860:68667:RIC89,generator,Chimney Rock BESS,US-TX,32.387494,-99.84846,156,planned,,"RIC Development, LLC",eia:860m,https://www.eia.gov/electricity/data/eia860m/xls/august_generator2026.xlsx,2026-09-26T00:04:26Z,2026-08,68667,RIC89,66255,TX,Taylor,ERCO,IPP Non-CHP,Batteries,storage,BA,"Energy storage, battery",MWH,Electricity used for energy storage,156,156,156,P,"Planned for installation, but regulatory approvals not initiated",2028-04-01
eia860:68668:RIC90,generator,Coke BESS,US-TX,31.862499,-100.7638,220,planned,,"RIC Development, LLC",eia:860m,https://www.eia.gov/electricity/data/eia860m/xls/august_generator2026.xlsx,2026-09-26T00:04:26Z,2026-08,68668,RIC90,66255,TX,Coke,ERCO,IPP Non-CHP,Batteries,storage,BA,"Energy storage, battery",MWH,Electricity used for energy storage,220,220,220,P,"Planned for installation, but regulatory approvals not initiated",2028-04-01
eia860:68671:RIC91,generator,Houston County BESS,US-TX,31.239009,-95.57699,125,planned,,"RIC Development, LLC",eia:860m,https://www.eia.gov/electricity/data/eia860m/xls/august_generator2026.xlsx,2026-09-26T00:04:26Z,2026-08,68671,RIC91,66255,TX,Houston,ERCO,IPP Non-CHP,Batteries,storage,BA,"Energy storage, battery",MWH,Electricity used for energy storage,125,125,125,P,"Planned for installation, but regulatory approvals not initiated",2029-04-01
eia860:68672:CHA_B,generator,Chalan,US-CA,35.7803,-119.911,25,under_construction,,"Origis Energy USA, Inc",eia:860m,https://www.eia.gov/electricity/data/eia860m/xls/august_generator2026.xlsx,2026-09-26T00:04:26Z,2026-08,68672,CHA_B,58764,CA,Kern,CISO,IPP Non-CHP,Batteries,storage,BA,"Energy storage, battery",MWH,Electricity used for energy storage,25,25,25,V,"Under construction, more than 50 percent complete",2026-12-01
eia860:68672:OECHA,generator,Chalan,US-CA,35.7803,-119.911,64.9,under_construction,,"Origis Energy USA, Inc",eia:860m,https://www.eia.gov/electricity/data/eia860m/xls/august_generator2026.xlsx,2026-09-26T00:04:26Z,2026-08,68672,OECHA,58764,CA,Kern,CISO,IPP Non-CHP,Solar Photovoltaic,solar,PV,Photovoltaic,SUN,Solar,64.9,64.9,64.9,V,"Under construction, more than 50 percent complete",2026-12-01
eia860:68673:OESLW,generator,Sand Luis West,US-CA,36.1676,-120.054,125,planned,,"Origis Energy USA, Inc",eia:860m,https://www.eia.gov/electricity/data/eia860m/xls/august_generator2026.xlsx,2026-09-26T00:04:26Z,2026-08,68673,OESLW,58764,CA,Fresno,CISO,IPP Non-CHP,Solar Photovoltaic,solar,PV,Photovoltaic,SUN,Solar,125,125,125,T,Regulatory approvals received. Not under construction,2028-11-01
eia860:68673:SLW_S,generator,Sand Luis West,US-CA,36.1676,-120.054,31.3,planned,,"Origis Energy USA, Inc",eia:860m,https://www.eia.gov/electricity/data/eia860m/xls/august_generator2026.xlsx,2026-09-26T00:04:26Z,2026-08,68673,SLW_S,58764,CA,Fresno,CISO,IPP Non-CHP,Batteries,storage,BA,"Energy storage, battery",MWH,Electricity used for energy storage,31.3,31.3,31.3,T,Regulatory approvals received. Not under construction,2028-11-01
eia860:68705:H01,generator,Horizon,US-CO,38.775,-104.6668,48,planned,,City of Colorado Springs - (CO),eia:860m,https://www.eia.gov/electricity/data/eia860m/xls/august_generator2026.xlsx,2026-09-26T00:04:26Z,2026-08,68705,H01,3989,CO,El Paso,WACM,Electric Utility,Natural Gas Fired Combustion Turbine,natural_gas,GT,Combustion (gas) turbine,NG,Natural gas,48,37,41,P,"Planned for installation, but regulatory approvals not initiated",2028-07-01
eia860:68705:H02,generator,Horizon,US-CO,38.775,-104.6668,48,planned,,City of Colorado Springs - (CO),eia:860m,https://www.eia.gov/electricity/data/eia860m/xls/august_generator2026.xlsx,2026-09-26T00:04:26Z,2026-08,68705,H02,3989,CO,El Paso,WACM,Electric Utility,Natural Gas Fired Combustion Turbine,natural_gas,GT,Combustion (gas) turbine,NG,Natural gas,48,37,41,P,"Planned for installation, but regulatory approvals not initiated",2028-07-01
eia860:68705:H03,generator,Horizon,US-CO,38.775,-104.6668,48,planned,,City of Colorado Springs - (CO),eia:860m,https://www.eia.gov/electricity/data/eia860m/xls/august_generator2026.xlsx,2026-09-26T00:04:26Z,2026-08,68705,H03,3989,CO,El Paso,WACM,Electric Utility,Natural Gas Fired Combustion Turbine,natural_gas,GT,Combustion (gas) turbine,NG,Natural gas,48,37,41,P,"Planned for installation, but regulatory approvals not initiated",2028-07-01
eia860:68705:H04,generator,Horizon,US-CO,38.775,-104.6668,48,planned,,City of Colorado Springs - (CO),eia:860m,https://www.eia.gov/electricity/data/eia860m/xls/august_generator2026.xlsx,2026-09-26T00:04:26Z,2026-08,68705,H04,3989,CO,El Paso,WACM,Electric Utility,Natural Gas Fired Combustion Turbine,natural_gas,GT,Combustion (gas) turbine,NG,Natural gas,48,37,41,P,"Planned for installation, but regulatory approvals not initiated",2028-07-01
eia860:68705:H05,generator,Horizon,US-CO,38.775,-104.6668,48,planned,,City of Colorado Springs - (CO),eia:860m,https://www.eia.gov/electricity/data/eia860m/xls/august_generator2026.xlsx,2026-09-26T00:04:26Z,2026-08,68705,H05,3989,CO,El Paso,WACM,Electric Utility,Natural Gas Fired Combustion Turbine,natural_gas,GT,Combustion (gas) turbine,NG,Natural gas,48,37,41,P,"Planned for installation, but regulatory approvals not initiated",2028-07-01
eia860:68705:H06,generator,Horizon,US-CO,38.775,-104.6668,48,planned,,City of Colorado Springs - (CO),eia:860m,https://www.eia.gov/electricity/data/eia860m/xls/august_generator2026.xlsx,2026-09-26T00:04:26Z,2026-08,68705,H06,3989,CO,El Paso,WACM,Electric Utility,Natural Gas Fired Combustion Turbine,natural_gas,GT,Combustion (gas) turbine,NG,Natural gas,48,37,41,P,"Planned for installation, but regulatory approvals not initiated",2028-07-01
eia860:68705:H07,generator,Horizon,US-CO,38.775,-104.6668,48,planned,,City of Colorado Springs - (CO),eia:860m,https://www.eia.gov/electricity/data/eia860m/xls/august_generator2026.xlsx,2026-09-26T00:04:26Z,2026-08,68705,H07,3989,CO,El Paso,WACM,Electric Utility,Natural Gas Fired Combustion Turbine,natural_gas,GT,Combustion (gas) turbine,NG,Natural gas,48,37,41,P,"Planned for installation, but regulatory approvals not initiated",2028-07-01
eia860:68705:H08,generator,Horizon,US-CO,38.775,-104.6668,48,planned,,City of Colorado Springs - (CO),eia:860m,https://www.eia.gov/electricity/data/eia860m/xls/august_generator2026.xlsx,2026-09-26T00:04:26Z,2026-08,68705,H08,3989,CO,El Paso,WACM,Electric Utility,Natural Gas Fired Combustion Turbine,natural_gas,GT,Combustion (gas) turbine,NG,Natural gas,48,37,41,P,"Planned for installation, but regulatory approvals not initiated",2028-07-01
eia860:68705:H09,generator,Horizon,US-CO,38.775,-104.6668,48,planned,,City of Colorado Springs - (CO),eia:860m,https://www.eia.gov/electricity/data/eia860m/xls/august_generator2026.xlsx,2026-09-26T00:04:26Z,2026-08,68705,H09,3989,CO,El Paso,WACM,Electric Utility,Natural Gas Fired Combustion Turbine,natural_gas,GT,Combustion (gas) turbine,NG,Natural gas,48,37,41,P,"Planned for installation, but regulatory approvals not initiated",2028-07-01
eia860:68705:H10,generator,Horizon,US-CO,38.775,-104.6668,48,planned,,City of Colorado Springs - (CO),eia:860m,https://www.eia.gov/electricity/data/eia860m/xls/august_generator2026.xlsx,2026-09-26T00:04:26Z,2026-08,68705,H10,3989,CO,El Paso,WACM,Electric Utility,Natural Gas Fired Combustion Turbine,natural_gas,GT,Combustion (gas) turbine,NG,Natural gas,48,37,41,P,"Planned for installation, but regulatory approvals not initiated",2028-07-01
eia860:68738:CANBS,generator,Cannibal Draw Solar and Storage,US-TX,32.023861,-101.284,98.6,planned,,Red River Clean Energy,eia:860m,https://www.eia.gov/electricity/data/eia860m/xls/august_generator2026.xlsx,2026-09-26T00:04:26Z,2026-08,68738,CANBS,66509,TX,Glasscock,ERCO,IPP Non-CHP,Batteries,storage,BA,"Energy storage, battery",MWH,Electricity used for energy storage,98.6,98.6,98.6,T,Regulatory approvals received. Not under construction,2028-04-01
eia860:68738:CANPV,generator,Cannibal Draw Solar and Storage,US-TX,32.023861,-101.284,149.5,planned,,Red River Clean Energy,eia:860m,https://www.eia.gov/electricity/data/eia860m/xls/august_generator2026.xlsx,2026-09-26T00:04:26Z,2026-08,68738,CANPV,66509,TX,Glasscock,ERCO,IPP Non-CHP,Solar Photovoltaic,solar,PV,Photovoltaic,SUN,Solar,149.5,149.5,149.5,T,Regulatory approvals received. Not under construction,2028-04-01
eia860:68739:UVAPV,generator,Uva Creek Solar,US-TX,32.679762,-101.5044,301,planned,,Red River Clean Energy,eia:860m,https://www.eia.gov/electricity/data/eia860m/xls/august_generator2026.xlsx,2026-09-26T00:04:26Z,2026-08,68739,UVAPV,66509,TX,Borden,ERCO,IPP Non-CHP,Solar Photovoltaic,solar,PV,Photovoltaic,SUN,Solar,301,301,301,T,Regulatory approvals received. Not under construction,2028-08-01
eia860:68744:LSEC,generator,Liberty Solar Energy Center,US-MI,42.3631,-85.474,220,under_construction,,Consumers Energy Co - (MI),eia:860m,https://www.eia.gov/electricity/data/eia860m/xls/august_generator2026.xlsx,2026-09-26T00:04:26Z,2026-08,68744,LSEC,4254,MI,Kalamazoo,MISO,Electric Utility,Solar Photovoltaic,solar,PV,Photovoltaic,SUN,Solar,220,220,220,U,"Under construction, less than or equal to 50 percent complete",2027-12-01
eia860:68745:SS2,generator,Sunfish Solar 2,US-MI,42.24653,-85.00559,360,under_construction,,Consumers Energy Co - (MI),eia:860m,https://www.eia.gov/electricity/data/eia860m/xls/august_generator2026.xlsx,2026-09-26T00:04:26Z,2026-08,68745,SS2,4254,MI,Calhoun,MISO,Electric Utility,Solar Photovoltaic,solar,PV,Photovoltaic,SUN,Solar,360,360,360,U,"Under construction, less than or equal to 50 percent complete",2026-12-01
eia860:68758:IPEA1,generator,Easley Solar,US-CA,33.722655,-115.326,290,under_construction,,"IP Easley, LLC",eia:860m,https://www.eia.gov/electricity/data/eia860m/xls/august_generator2026.xlsx,2026-09-26T00:04:26Z,2026-08,68758,IPEA1,67038,CA,Riverside,CISO,IPP Non-CHP,Solar Photovoltaic,solar,PV,Photovoltaic,SUN,Solar,290,290,290,TS,"Construction complete, but not yet in commercial operation",2026-09-01
eia860:68758:IPEA3,generator,Easley Solar,US-CA,33.722655,-115.326,300,planned,,"IP Easley, LLC",eia:860m,https://www.eia.gov/electricity/data/eia860m/xls/august_generator2026.xlsx,2026-09-26T00:04:26Z,2026-08,68758,IPEA3,67038,CA,Riverside,CISO,IPP Non-CHP,Batteries,storage,BA,"Energy storage, battery",MWH,Electricity used for energy storage,300,300,300,T,Regulatory approvals received. Not under construction,2028-03-01
eia860:68759:IPQ1B,generator,Quantum BESS,US-TX,33.0121,-99.5604,422.4,under_construction,,"Intersect USA, LLC",eia:860m,https://www.eia.gov/electricity/data/eia860m/xls/august_generator2026.xlsx,2026-09-26T00:04:26Z,2026-08,68759,IPQ1B,67582,TX,Haskell,ERCO,IPP Non-CHP,Batteries,storage,BA,"Energy storage, battery",MWH,Electricity used for energy storage,422.4,323.6,323.6,TS,"Construction complete, but not yet in commercial operation",2026-11-01
eia860:68760:IPQ1S,generator,Quantum Solar,US-TX,33.0129,-99.5604,362.8,under_construction,,"Intersect USA, LLC",eia:860m,https://www.eia.gov/electricity/data/eia860m/xls/august_generator2026.xlsx,2026-09-26T00:04:26Z,2026-08,68760,IPQ1S,67582,TX,Haskell,ERCO,IPP Non-CHP,Solar Photovoltaic,solar,PV,Photovoltaic,SUN,Solar,362.8,320.6,320.6,TS,"Construction complete, but not yet in commercial operation",2026-11-01
eia860:68761:IPQ2B,generator,Quantum II BESS,US-TX,33.135,-99.5719,422.4,under_construction,,"Intersect USA, LLC",eia:860m,https://www.eia.gov/electricity/data/eia860m/xls/august_generator2026.xlsx,2026-09-26T00:04:26Z,2026-08,68761,IPQ2B,67582,TX,Haskell,ERCO,IPP Non-CHP,Batteries,storage,BA,"Energy storage, battery",MWH,Electricity used for energy storage,422.4,323.6,323.6,TS,"Construction complete, but not yet in commercial operation",2026-11-01
eia860:68762:IPQ2S,generator,Quantum II Solar,US-TX,33.1377,-99.57,362.8,under_construction,,"Intersect USA, LLC",eia:860m,https://www.eia.gov/electricity/data/eia860m/xls/august_generator2026.xlsx,2026-09-26T00:04:26Z,2026-08,68762,IPQ2S,67582,TX,Haskell,ERCO,IPP Non-CHP,Solar Photovoltaic,solar,PV,Photovoltaic,SUN,Solar,362.8,320.6,320.6,TS,"Construction complete, but not yet in commercial operation",2026-11-01
eia860:68763:DECH1,generator,Deschutes Solar and BESS,US-OR,45.157,-121.136,1000,planned,,"DECH bn, LLC",eia:860m,https://www.eia.gov/electricity/data/eia860m/xls/august_generator2026.xlsx,2026-09-26T00:04:26Z,2026-08,68763,DECH1,67058,OR,Wasco,BPAT,IPP Non-CHP,Solar Photovoltaic,solar,PV,Photovoltaic,SUN,Solar,1000,1000,1000,L,Regulatory approvals pending. Not under construction,2029-11-01
eia860:68763:DECH2,generator,Deschutes Solar and BESS,US-OR,45.157,-121.136,1000,planned,,"DECH bn, LLC",eia:860m,https://www.eia.gov/electricity/data/eia860m/xls/august_generator2026.xlsx,2026-09-26T00:04:26Z,2026-08,68763,DECH2,67058,OR,Wasco,BPAT,IPP Non-CHP,Batteries,storage,BA,"Energy storage, battery",MWH,Electricity used for energy storage,1000,1000,1000,L,Regulatory approvals pending. Not under construction,2029-11-01
eia860:68765:HUGSP,generator,Hutcherson Solar,US-TX,34.02533,-99.26568,123.3,planned,,"Greenalia Solar Power Hutcherson, LLC",eia:860m,https://www.eia.gov/electricity/data/eia860m/xls/august_generator2026.xlsx,2026-09-26T00:04:26Z,2026-08,68765,HUGSP,67044,TX,Wilbarger,ERCO,IPP Non-CHP,Solar Photovoltaic,solar,PV,Photovoltaic,SUN,Solar,123.3,123.3,123.3,P,"Planned for installation, but regulatory approvals not initiated",2030-01-01
eia860:68766:PFGWP,generator,Pioneer Field Wind Power,US-TX,31.19494,-100.2118,136.2,planned,,"Greenalia Wind Power Pioneer Field, LLC",eia:860m,https://www.eia.gov/electricity/data/eia860m/xls/august_generator2026.xlsx,2026-09-26T00:04:26Z,2026-08,68766,PFGWP,67045,TX,Tom Green,ERCO,IPP Non-CHP,Onshore Wind Turbine,wind,WT,"Wind turbine, onshore",WND,Wind,136.2,163.2,163.2,P,"Planned for installation, but regulatory approvals not initiated",2030-11-01
eia860:68767:BRGSP,generator,Greenalia Solar Power Blackwelder Ranch,US-TX,30.81256,-102.1865,199.7,planned,,"Greenalia Solar Power Blackwelder Ranch, LLC",eia:860m,https://www.eia.gov/electricity/data/eia860m/xls/august_generator2026.xlsx,2026-09-26T00:04:26Z,2026-08,68767,BRGSP,67047,TX,Pecos,ERCO,IPP Non-CHP,Solar Photovoltaic,solar,PV,Photovoltaic,SUN,Solar,199.7,199.7,199.7,P,"Planned for installation, but regulatory approvals not initiated",2030-06-01
eia860:68768:BRGWP,generator,Blackwelder Ranch Wind,US-TX,30.81256,-102.1865,110.4,planned,,"Greenalia Wind Power Blackwelder Ranch, LLC",eia:860m,https://www.eia.gov/electricity/data/eia860m/xls/august_generator2026.xlsx,2026-09-26T00:04:26Z,2026-08,68768,BRGWP,67046,TX,Pecos,ERCO,IPP Non-CHP,Onshore Wind Turbine,wind,WT,"Wind turbine, onshore",WND,Wind,110.4,110.4,110.4,P,"Planned for installation, but regulatory approvals not initiated",2030-06-01
eia860:68769:M3GSP,generator,Greenalia Solar Power Misae III,US-TX,34.343755,-100.0668,169.6,planned,,"Greenlia Solar Power Misae III, LLC",eia:860m,https://www.eia.gov/electricity/data/eia860m/xls/august_generator2026.xlsx,2026-09-26T00:04:26Z,2026-08,68769,M3GSP,67048,TX,Childress,ERCO,IPP Non-CHP,Solar Photovoltaic,solar,PV,Photovoltaic,SUN,Solar,169.6,169.6,169.6,T,Regulatory approvals received. Not under construction,2027-09-01
eia860:68772:CHALK,generator,Chalk Bluff Solar,US-AR,35.051606,-90.43254,450,under_construction,,Chalk Bluff Solar Energy LLC,eia:860m,https://www.eia.gov/electricity/data/eia860m/xls/august_generator2026.xlsx,2026-09-26T00:04:26Z,2026-08,68772,CHALK,67057,AR,St Francis,MISO,IPP Non-CHP,Solar Photovoltaic,solar,PV,Photovoltaic,SUN,Solar,450,450,450,U,"Under construction, less than or equal to 50 percent complete",2027-06-01
eia860:68783:NY009,generator,NY CDG 009,US-NY,40.808538,-72.95773,1,under_construction,,NY CDG 009 LLC,eia:860m,https://www.eia.gov/electricity/data/eia860m/xls/august_generator2026.xlsx,2026-09-26T00:04:26Z,2026-08,68783,NY009,67069,NY,Suffolk,NYIS,IPP Non-CHP,Solar Photovoltaic,solar,PV,Photovoltaic,SUN,Solar,1,1,0.5,TS,"Construction complete, but not yet in commercial operation",2026-09-01
eia860:68785:DHS1,generator,Dolet Hills Solar,US-LA,31.95595,-93.62641,240,under_construction,,Dolet Hills Solar,eia:860m,https://www.eia.gov/electricity/data/eia860m/xls/august_generator2026.xlsx,2026-09-26T00:04:26Z,2026-08,68785,DHS1,67517,LA,DeSoto,MISO,IPP Non-CHP,Solar Photovoltaic,solar,PV,Photovoltaic,SUN,Solar,240,240,240,V,"Under construction, more than 50 percent complete",2026-12-01
eia860:68787:23889,generator,NorCal FPV 1 (Pond 2),US-CA,37.6779,-121.8276,1.8,under_construction,,"NorCal FPV 1, LLC",eia:860m,https://www.eia.gov/electricity/data/eia860m/xls/august_generator2026.xlsx,2026-09-26T00:04:26Z,2026-08,68787,23889,66800,CA,Alameda,CISO,IPP Non-CHP,Solar Photovoltaic,solar,PV,Photovoltaic,SUN,Solar,1.8,1.8,1.3,V,"Under construction, more than 50 percent complete",2026-12-01
eia860:68789:LA104,generator,South Bay Dis Ctr 12 - SLLAX104,US-CA,33.842873,-118.2245,1.2,under_construction,,Prologis Logistics Services Incorporated,eia:860m,https://www.eia.gov/electricity/data/eia860m/xls/august_generator2026.xlsx,2026-09-26T00:04:26Z,2026-08,68789,LA104,65869,CA,Los Angeles,CISO,IPP Non-CHP,Solar Photovoltaic,solar,PV,Photovoltaic,SUN,Solar,1.2,1.2,1.2,U,"Under construction, less than or equal to 50 percent complete",2026-09-01
eia860:68790:LA512,generator,Dominguez - SLLAX512,US-CA,33.84038,-118.2287,1.3,under_construction,,Prologis Logistics Services Incorporated,eia:860m,https://www.eia.gov/electricity/data/eia860m/xls/august_generator2026.xlsx,2026-09-26T00:04:26Z,2026-08,68790,LA512,65869,CA,Los Angeles,CISO,IPP Non-CHP,Solar Photovoltaic,solar,PV,Photovoltaic,SUN,Solar,1.3,1.3,1.3,TS,"Construction complete, but not yet in commercial operation",2026-09-01
eia860:68792:LA680,generator,Fordyce - SLLAX680,US-CA,33.8439,-118.2242,1.3,under_construction,,Prologis Logistics Services Incorporated,eia:860m,https://www.eia.gov/electricity/data/eia860m/xls/august_generator2026.xlsx,2026-09-26T00:04:26Z,2026-08,68792,LA680,65869,CA,Los Angeles,CISO,IPP Non-CHP,Solar Photovoltaic,solar,PV,Photovoltaic,SUN,Solar,1.3,1.3,1.3,U,"Under construction, less than or equal to 50 percent complete",2027-06-01
eia860:68793:LA710,generator,Bandini - SLLAX710,US-CA,33.983566,-118.1348,1.3,under_construction,,Prologis Logistics Services Incorporated,eia:860m,https://www.eia.gov/electricity/data/eia860m/xls/august_generator2026.xlsx,2026-09-26T00:04:26Z,2026-08,68793,LA710,65869,CA,Los Angeles,CISO,IPP Non-CHP,Solar Photovoltaic,solar,PV,Photovoltaic,SUN,Solar,1.3,1.3,1.3,TS,"Construction complete, but not yet in commercial operation",2026-09-01
eia860:68810:MORA,generator,Mora Solar,US-PA,41.062982,-75.63435,60,planned,,Cypress Creek Renewables,eia:860m,https://www.eia.gov/electricity/data/eia860m/xls/august_generator2026.xlsx,2026-09-26T00:04:26Z,2026-08,68810,MORA,61060,PA,Carbon,PJM,IPP Non-CHP,Solar Photovoltaic,solar,PV,Photovoltaic,SUN,Solar,60,60,60,P,"Planned for installation, but regulatory approvals not initiated",2027-12-01
eia860:68812:STVML,generator,Stevens Mill Solar,US-NC,35.35546,-78.1192,80,planned,,Cypress Creek Renewables,eia:860m,https://www.eia.gov/electricity/data/eia860m/xls/august_generator2026.xlsx,2026-09-26T00:04:26Z,2026-08,68812,STVML,61060,NC,Wayne,CPLE,IPP Non-CHP,Solar Photovoltaic,solar,PV,Photovoltaic,SUN,Solar,80,80,80,L,Regulatory approvals pending. Not under construction,2027-05-01
eia860:68813:VITEX,generator,Vitex Storage,US-NV,36.382286,-114.9102,300,planned,,Cypress Creek Renewables,eia:860m,https://www.eia.gov/electricity/data/eia860m/xls/august_generator2026.xlsx,2026-09-26T00:04:26Z,2026-08,68813,VITEX,61060,NV,Clark,NEVP,IPP Non-CHP,Batteries,storage,BA,"Energy storage, battery",MWH,Electricity used for energy storage,300,300,300,L,Regulatory approvals pending. Not under construction,2028-06-01
eia860:68814:ASHU2,generator,Brazos River BESS LLC,US-TX,29.150409,-95.62124,180,planned,,Nexus Renewables U.S. Inc.,eia:860m,https://www.eia.gov/electricity/data/eia860m/xls/august_generator2026.xlsx,2026-09-26T00:04:26Z,2026-08,68814,ASHU2,66234,TX,Brazoria,ERCO,IPP Non-CHP,Batteries,storage,BA,"Energy storage, battery",MWH,Electricity used for energy storage,180,180,180,P,"Planned for installation, but regulatory approvals not initiated",2028-11-01
eia860:68824:1,generator,Middle Lake,US-FL,30.380511,-83.34074,74.5,under_construction,,Florida Power & Light Co,eia:860m,https://www.eia.gov/electricity/data/eia860m/xls/august_generator2026.xlsx,2026-09-26T00:04:26Z,2026-08,68824,1,6452,FL,Madison,FPL,Electric Utility,Solar Photovoltaic,solar,PV,Photovoltaic,SUN,Solar,74.5,74.5,74.5,U,"Under construction, less than or equal to 50 percent complete",2027-04-01
eia860:68825:1,generator,Pinecone,US-FL,30.439415,-85.25499,74.5,under_construction,,Florida Power & Light Co,eia:860m,https://www.eia.gov/electricity/data/eia860m/xls/august_generator2026.xlsx,2026-09-26T00:04:26Z,2026-08,68825,1,6452,FL,Calhoun,FPL,Electric Utility,Solar Photovoltaic,solar,PV,Photovoltaic,SUN,Solar,74.5,74.5,74.5,U,"Under construction, less than or equal to 50 percent complete",2027-10-01
eia860:68826:1,generator,Saddle,US-FL,30.439415,-85.25499,74.5,under_construction,,Florida Power & Light Co,eia:860m,https://www.eia.gov/electricity/data/eia860m/xls/august_generator2026.xlsx,2026-09-26T00:04:26Z,2026-08,68826,1,6452,FL,Calhoun,FPL,Electric Utility,Solar Photovoltaic,solar,PV,Photovoltaic,SUN,Solar,74.5,74.5,74.5,U,"Under construction, less than or equal to 50 percent complete",2027-10-01
eia860:68827:1,generator,Spanish Moss,US-FL,27.509782,-80.56447,74.5,under_construction,,Florida Power & Light Co,eia:860m,https://www.eia.gov/electricity/data/eia860m/xls/august_generator2026.xlsx,2026-09-26T00:04:26Z,2026-08,68827,1,6452,FL,St Lucie,FPL,Electric Utility,Solar Photovoltaic,solar,PV,Photovoltaic,SUN,Solar,74.5,74.5,74.5,U,"Under construction, less than or equal to 50 percent complete",2027-10-01
eia860:68828:1,generator,Tangelo,US-FL,27.507993,-80.73651,74.5,under_construction,,Florida Power & Light Co,eia:860m,https://www.eia.gov/electricity/data/eia860m/xls/august_generator2026.xlsx,2026-09-26T00:04:26Z,2026-08,68828,1,6452,FL,Okeechobee,FPL,Electric Utility,Solar Photovoltaic,solar,PV,Photovoltaic,SUN,Solar,74.5,74.5,74.5,U,"Under construction, less than or equal to 50 percent complete",2027-01-01
eia860:68829:1,generator,Ambersweet,US-FL,27.567468,-80.62782,74.5,under_construction,,Florida Power & Light Co,eia:860m,https://www.eia.gov/electricity/data/eia860m/xls/august_generator2026.xlsx,2026-09-26T00:04:26Z,2026-08,68829,1,6452,FL,Indian River,FPL,Electric Utility,Solar Photovoltaic,solar,PV,Photovoltaic,SUN,Solar,74.5,74.5,74.5,U,"Under construction, less than or equal to 50 percent complete",2027-04-01
eia860:68830:1,generator,Catfish,US-FL,27.277731,-80.78854,74.5,under_construction,,Florida Power & Light Co,eia:860m,https://www.eia.gov/electricity/data/eia860m/xls/august_generator2026.xlsx,2026-09-26T00:04:26Z,2026-08,68830,1,6452,FL,Okeechobee,FPL,Electric Utility,Solar Photovoltaic,solar,PV,Photovoltaic,SUN,Solar,74.5,74.5,74.5,U,"Under construction, less than or equal to 50 percent complete",2027-07-01
eia860:68831:1,generator,Cocoplum,US-FL,26.762027,-81.1907,74.5,under_construction,,Florida Power & Light Co,eia:860m,https://www.eia.gov/electricity/data/eia860m/xls/august_generator2026.xlsx,2026-09-26T00:04:26Z,2026-08,68831,1,6452,FL,Hendry,FPL,Electric Utility,Solar Photovoltaic,solar,PV,Photovoltaic,SUN,Solar,74.5,74.5,74.5,U,"Under construction, less than or equal to 50 percent complete",2027-07-01
eia860:68832:1,generator,County Line,US-FL,27.110556,-81.80083,74.5,under_construction,,Florida Power & Light Co,eia:860m,https://www.eia.gov/electricity/data/eia860m/xls/august_generator2026.xlsx,2026-09-26T00:04:26Z,2026-08,68832,1,6452,FL,DeSoto,FPL,Electric Utility,Solar Photovoltaic,solar,PV,Photovoltaic,SUN,Solar,74.5,74.5,74.5,U,"Under construction, less than or equal to 50 percent complete",2027-04-01
eia860:68833:1,generator,Hardwood Hammock,US-FL,27.282662,-81.77522,74.5,under_construction,,Florida Power & Light Co,eia:860m,https://www.eia.gov/electricity/data/eia860m/xls/august_generator2026.xlsx,2026-09-26T00:04:26Z,2026-08,68833,1,6452,FL,Walton,FPL,Electric Utility,Solar Photovoltaic,solar,PV,Photovoltaic,SUN,Solar,74.5,74.5,74.5,U,"Under construction, less than or equal to 50 percent complete",2027-07-01
eia860:68834:1,generator,Hendry,US-FL,26.410345,-81.03189,74.5,under_construction,,Florida Power & Light Co,eia:860m,https://www.eia.gov/electricity/data/eia860m/xls/august_generator2026.xlsx,2026-09-26T00:04:26Z,2026-08,68834,1,6452,FL,Hendry,FPL,Electric Utility,Solar Photovoltaic,solar,PV,Photovoltaic,SUN,Solar,74.5,74.5,74.5,U,"Under construction, less than or equal to 50 percent complete",2027-01-01
eia860:68835:1,generator,Joshua Creek,US-FL,27.282662,-81.77522,74.5,under_construction,,Florida Power & Light Co,eia:860m,https://www.eia.gov/electricity/data/eia860m/xls/august_generator2026.xlsx,2026-09-26T00:04:26Z,2026-08,68835,1,6452,FL,DeSoto,FPL,Electric Utility,Solar Photovoltaic,solar,PV,Photovoltaic,SUN,Solar,74.5,74.5,74.5,U,"Under construction, less than or equal to 50 percent complete",2027-10-01
eia860:68836:1,generator,Maple Trail,US-FL,30.314392,-82.18501,74.5,under_construction,,Florida Power & Light Co,eia:860m,https://www.eia.gov/electricity/data/eia860m/xls/august_generator2026.xlsx,2026-09-26T00:04:26Z,2026-08,68836,1,6452,FL,Baker,FPL,Electric Utility,Solar Photovoltaic,solar,PV,Photovoltaic,SUN,Solar,74.5,74.5,74.5,U,"Under construction, less than or equal to 50 percent complete",2027-07-01
eia860:68843:TLCP,generator,Tupper Lake Wind,US-MI,42.829,-85.138,200,planned,,Tupper Lake,eia:860m,https://www.eia.gov/electricity/data/eia860m/xls/august_generator2026.xlsx,2026-09-26T00:04:26Z,2026-08,68843,TLCP,67090,MI,Ionia,MISO,IPP Non-CHP,Onshore Wind Turbine,wind,WT,"Wind turbine, onshore",WND,Wind,200,198,198,L,Regulatory approvals pending. Not under construction,2029-12-01
eia860:68847:PV1,generator,1000 Mile Solar,US-TX,33.02248,-102.7089,300,under_construction,,"1000 Mile Solar, LLC",eia:860m,https://www.eia.gov/electricity/data/eia860m/xls/august_generator2026.xlsx,2026-09-26T00:04:26Z,2026-08,68847,PV1,67083,TX,Yoakum,SWPP,IPP Non-CHP,Solar Photovoltaic,solar,PV,Photovoltaic,SUN,Solar,300,300,300,TS,"Construction complete, but not yet in commercial operation",2026-09-01
eia860:68850:GRTSP,generator,Gratiot Solar Park,US-MI,43.436999,-84.49845,50,under_construction,,DTE Electric Company,eia:860m,https://www.eia.gov/electricity/data/eia860m/xls/august_generator2026.xlsx,2026-09-26T00:04:26Z,2026-08,68850,GRTSP,5109,MI,Gratiot,MISO,Electric Utility,Solar Photovoltaic,solar,PV,Photovoltaic,SUN,Solar,50,50,50,TS,"Construction complete, but not yet in commercial operation",2026-10-01
eia860:68851:HSPV1,generator,Hermes Solar PV,US-TX,30.989842,-97.14982,100.4,under_construction,,"Bell 1 Solar, LLC",eia:860m,https://www.eia.gov/electricity/data/eia860m/xls/august_generator2026.xlsx,2026-09-26T00:04:26Z,2026-08,68851,HSPV1,67095,TX,Bell,ERCO,IPP Non-CHP,Solar Photovoltaic,solar,PV,Photovoltaic,SUN,Solar,100.4,100,100,V,"Under construction, more than 50 percent complete",2026-09-01
eia860:68852:HSBE1,generator,Hermes Storage BESS,US-TX,30.981595,-97.1429,100.4,under_construction,,"Bell 1 Storage, LLC",eia:860m,https://www.eia.gov/electricity/data/eia860m/xls/august_generator2026.xlsx,2026-09-26T00:04:26Z,2026-08,68852,HSBE1,67096,TX,Bell,ERCO,IPP Non-CHP,Batteries,storage,BA,"Energy storage, battery",MWH,Electricity used for energy storage,100.4,100,100,V,"Under construction, more than 50 percent complete",2026-10-01
eia860:68853:LMWOD,generator,Limewood Bell Renewables Solar,US-TX,31.129365,-97.26139,204,under_construction,,Limewood Bell Renewables LLC,eia:860m,https://www.eia.gov/electricity/data/eia860m/xls/august_generator2026.xlsx,2026-09-26T00:04:26Z,2026-08,68853,LMWOD,67097,TX,Bell,ERCO,IPP Non-CHP,Solar Photovoltaic,solar,PV,Photovoltaic,SUN,Solar,204,204,204,TS,"Construction complete, but not yet in commercial operation",2026-10-01
eia860:68855:TRP01,generator,Tracy Renewable Power Plant,US-CA,37.77158,-121.4251,5,under_construction,,"Tracy Renewable Energy, LLC",eia:860m,https://www.eia.gov/electricity/data/eia860m/xls/august_generator2026.xlsx,2026-09-26T00:04:26Z,2026-08,68855,TRP01,67110,CA,San Joaquin,CISO,IPP Non-CHP,Other Waste Biomass,biomass,ST,Steam turbine,AB,Agricultural by-products,5,3,3,U,"Under construction, less than or equal to 50 percent complete",2027-02-01
eia860:68858:PV1,generator,Cavern,US-NY,44.711557,-73.54126,2,planned,,"Cavern Solar, LLC",eia:860m,https://www.eia.gov/electricity/data/eia860m/xls/august_generator2026.xlsx,2026-09-26T00:04:26Z,2026-08,68858,PV1,67107,NY,Clinton,NYIS,IPP Non-CHP,Solar Photovoltaic,solar,PV,Photovoltaic,SUN,Solar,2,2,2,P,"Planned for installation, but regulatory approvals not initiated",2027-12-01
eia860:68859:PV1,generator,Endicott,US-NY,42.139575,-76.09664,5,planned,,"Endicott NY Solar Farm, LLC",eia:860m,https://www.eia.gov/electricity/data/eia860m/xls/august_generator2026.xlsx,2026-09-26T00:04:26Z,2026-08,68859,PV1,67106,NY,Broome,NYIS,IPP Non-CHP,Solar Photovoltaic,solar,PV,Photovoltaic,SUN,Solar,5,5,5,P,"Planned for installation, but regulatory approvals not initiated",2027-12-01
eia860:68860:PV1,generator,Tully 5,US-NY,42.810918,-76.12014,2,planned,,CP Tully Five LLC,eia:860m,https://www.eia.gov/electricity/data/eia860m/xls/august_generator2026.xlsx,2026-09-26T00:04:26Z,2026-08,68860,PV1,67105,NY,Onondaga,NYIS,IPP Non-CHP,Solar Photovoltaic,solar,PV,Photovoltaic,SUN,Solar,2,2,2,P,"Planned for installation, but regulatory approvals not initiated",2027-12-01
eia860:68861:PV1,generator,Tully 4,US-NY,42.810918,-76.12014,5,planned,,CP Tully Four LLC,eia:860m,https://www.eia.gov/electricity/data/eia860m/xls/august_generator2026.xlsx,2026-09-26T00:04:26Z,2026-08,68861,PV1,67104,NY,Onondaga,NYIS,IPP Non-CHP,Solar Photovoltaic,solar,PV,Photovoltaic,SUN,Solar,5,5,5,P,"Planned for installation, but regulatory approvals not initiated",2027-12-01
eia860:68862:PV1,generator,Emerson NY,US-NY,42.275414,-73.73512,5,planned,,"Emerson Solar, LLC",eia:860m,https://www.eia.gov/electricity/data/eia860m/xls/august_generator2026.xlsx,2026-09-26T00:04:26Z,2026-08,68862,PV1,67103,NY,Columbia,NYIS,IPP Non-CHP,Solar Photovoltaic,solar,PV,Photovoltaic,SUN,Solar,5,5,5,P,"Planned for installation, but regulatory approvals not initiated",2027-12-01
eia860:68863:PV1,generator,Bloomfield Solar,US-NY,42.989691,-73.88121,5,planned,,"Bloomfield Solar, LLC",eia:860m,https://www.eia.gov/electricity/data/eia860m/xls/august_generator2026.xlsx,2026-09-26T00:04:26Z,2026-08,68863,PV1,67102,NY,Saratoga,NYIS,IPP Non-CHP,Solar Photovoltaic,solar,PV,Photovoltaic,SUN,Solar,5,5,5,P,"Planned for installation, but regulatory approvals not initiated",2027-05-01
eia860:68864:PV1,generator,Bridgewater 2,US-NY,42.831613,-73.67479,5,planned,,"Bridgewater Solar 2, LLC",eia:860m,https://www.eia.gov/electricity/data/eia860m/xls/august_generator2026.xlsx,2026-09-26T00:04:26Z,2026-08,68864,PV1,67101,NY,Saratoga,NYIS,IPP Non-CHP,Solar Photovoltaic,solar,PV,Photovoltaic,SUN,Solar,5,5,5,P,"Planned for installation, but regulatory approvals not initiated",2030-12-01
eia860:68865:PV1,generator,Bridgewater 1,US-NY,42.831613,-73.67479,5,planned,,"Bridgewater Solar, LLC",eia:860m,https://www.eia.gov/electricity/data/eia860m/xls/august_generator2026.xlsx,2026-09-26T00:04:26Z,2026-08,68865,PV1,67100,NY,Saratoga,NYIS,IPP Non-CHP,Solar Photovoltaic,solar,PV,Photovoltaic,SUN,Solar,5,5,5,P,"Planned for installation, but regulatory approvals not initiated",2030-12-01
eia860:68866:SAN,generator,Santa Teresa Solar,US-NM,31.805525,-106.6989,150,under_construction,,Santa Teresa Solar,eia:860m,https://www.eia.gov/electricity/data/eia860m/xls/august_generator2026.xlsx,2026-09-26T00:04:26Z,2026-08,68866,SAN,67114,NM,Dona Ana,EPE,IPP Non-CHP,Batteries,storage,BA,"Energy storage, battery",MWH,Electricity used for energy storage,150,150,150,V,"Under construction, more than 50 percent complete",2026-09-01
eia860:68869:PV1,generator,Watson 1,US-NY,42.124945,-75.99177,4.8,under_construction,,"NY Union I, LLC",eia:860m,https://www.eia.gov/electricity/data/eia860m/xls/august_generator2026.xlsx,2026-09-26T00:04:26Z,2026-08,68869,PV1,67123,NY,Broome,NYIS,IPP Non-CHP,Solar Photovoltaic,solar,PV,Photovoltaic,SUN,Solar,4.8,4.8,4.8,U,"Under construction, less than or equal to 50 percent complete",2027-04-01
eia860:68870:PV1,generator,Watson 2,US-NY,42.124945,-75.99177,4.9,under_construction,,"NY Union II, LLC",eia:860m,https://www.eia.gov/electricity/data/eia860m/xls/august_generator2026.xlsx,2026-09-26T00:04:26Z,2026-08,68870,PV1,67124,NY,Broome,NYIS,IPP Non-CHP,Solar Photovoltaic,solar,PV,Photovoltaic,SUN,Solar,4.9,4.9,4.9,U,"Under construction, less than or equal to 50 percent complete",2027-03-01
eia860:68871:TIMIB,generator,Timber Mill Solar,US-NC,34.96634,-77.21299,32,planned,,Cypress Creek Renewables,eia:860m,https://www.eia.gov/electricity/data/eia860m/xls/august_generator2026.xlsx,2026-09-26T00:04:26Z,2026-08,68871,TIMIB,61060,NC,Jones,CPLE,IPP Non-CHP,Batteries,storage,BA,"Energy storage, battery",MWH,Electricity used for energy storage,32,32,32,P,"Planned for installation, but regulatory approvals not initiated",2028-12-01
eia860:68871:TIMIL,generator,Timber Mill Solar,US-NC,34.96634,-77.21299,80,planned,,Cypress Creek Renewables,eia:860m,https://www.eia.gov/electricity/data/eia860m/xls/august_generator2026.xlsx,2026-09-26T00:04:26Z,2026-08,68871,TIMIL,61060,NC,Jones,CPLE,IPP Non-CHP,Solar Photovoltaic,solar,PV,Photovoltaic,SUN,Solar,80,80,80,P,"Planned for installation, but regulatory approvals not initiated",2028-12-01
eia860:68873:BIGS,generator,Big Sampson Wind,US-TX,30.981883,-101.8505,265,under_construction,,"Big Sampson Wind Project, LLC",eia:860m,https://www.eia.gov/electricity/data/eia860m/xls/august_generator2026.xlsx,2026-09-26T00:04:26Z,2026-08,68873,BIGS,67127,TX,Crockett,ERCO,IPP Non-CHP,Onshore Wind Turbine,wind,WT,"Wind turbine, onshore",WND,Wind,265,265,265,TS,"Construction complete, but not yet in commercial operation",2026-09-01
eia860:68876:6339,generator,Okolona Solar,US-MS,37.693,-87.549,145,planned,,"Okolona Solar, LLC",eia:860m,https://www.eia.gov/electricity/data/eia860m/xls/august_generator2026.xlsx,2026-09-26T00:04:26Z,2026-08,68876,6339,67133,MS,Henderson,MISO,IPP Non-CHP,Solar Photovoltaic,solar,PV,Photovoltaic,SUN,Solar,145,145,145,L,Regulatory approvals pending. Not under construction,2027-12-01
eia860:68876:6340,generator,Okolona Solar,US-MS,37.693,-87.549,145,planned,,"Okolona Solar, LLC",eia:860m,https://www.eia.gov/electricity/data/eia860m/xls/august_generator2026.xlsx,2026-09-26T00:04:26Z,2026-08,68876,6340,67133,MS,Henderson,MISO,IPP Non-CHP,Batteries,storage,BA,"Energy storage, battery",MWH,Electricity used for energy storage,145,145,145,T,Regulatory approvals received. Not under construction,2028-08-01
eia860:68877:WLDC1,generator,Wildcat Ranch Energy Storage,US-TX,33.524176,-102.8773,120,planned,,"Wildcat Ranch Energy Storage, LLC",eia:860m,https://www.eia.gov/electricity/data/eia860m/xls/august_generator2026.xlsx,2026-09-26T00:04:26Z,2026-08,68877,WLDC1,67134,TX,Cochran,PNM,IPP Non-CHP,Batteries,storage,BA,"Energy storage, battery",MWH,Electricity used for energy storage,120,107.5,120,P,"Planned for installation, but regulatory approvals not initiated",2027-11-01
eia860:68883:STBA,generator,Sawtooth Solar,US-AZ,32.728,-111.629,250,planned,,"EDF Renewables Development, Inc.",eia:860m,https://www.eia.gov/electricity/data/eia860m/xls/august_generator2026.xlsx,2026-09-26T00:04:26Z,2026-08,68883,STBA,64452,AZ,Pinal,AZPS,IPP Non-CHP,Batteries,storage,BA,"Energy storage, battery",MWH,Electricity used for energy storage,250,250,250,L,Regulatory approvals pending. Not under construction,2028-06-01
eia860:68883:STPV,generator,Sawtooth Solar,US-AZ,32.728,-111.629,250,planned,,"EDF Renewables Development, Inc.",eia:860m,https://www.eia.gov/electricity/data/eia860m/xls/august_generator2026.xlsx,2026-09-26T00:04:26Z,2026-08,68883,STPV,64452,AZ,Pinal,AZPS,IPP Non-CHP,Solar Photovoltaic,solar,PV,Photovoltaic,SUN,Solar,250,250,250,L,Regulatory approvals pending. Not under construction,2028-06-01
eia860:68884:PV1,generator,Glen Mary,US-NY,42.128604,-76.27895,3.4,planned,,"NY Tioga IV, LLC",eia:860m,https://www.eia.gov/electricity/data/eia860m/xls/august_generator2026.xlsx,2026-09-26T00:04:26Z,2026-08,68884,PV1,67126,NY,Tioga,NYIS,IPP Non-CHP,Solar Photovoltaic,solar,PV,Photovoltaic,SUN,Solar,3.4,3.4,3.4,P,"Planned for installation, but regulatory approvals not initiated",2027-12-01
eia860:68897:PVSI,generator,New Frontiers Solar,US-KY,37.79502,-86.5068,100,planned,,Clover Creek Solar Project LLC d/b/a New Frontiers Solar Park,eia:860m,https://www.eia.gov/electricity/data/eia860m/xls/august_generator2026.xlsx,2026-09-26T00:04:26Z,2026-08,68897,PVSI,67141,KY,Breckinridge,MISO,IPP Non-CHP,Solar Photovoltaic,solar,PV,Photovoltaic,SUN,Solar,100,100,100,L,Regulatory approvals pending. Not under construction,2027-06-01
eia860:68898:ECS1,generator,Eagle Creek Solar Park LLC,US-MI,43.308523,-84.21895,120,planned,,Eagle Creek Solar Park LLC,eia:860m,https://www.eia.gov/electricity/data/eia860m/xls/august_generator2026.xlsx,2026-09-26T00:04:26Z,2026-08,68898,ECS1,67140,MI,Saginaw,MISO,IPP Non-CHP,Solar Photovoltaic,solar,PV,Photovoltaic,SUN,Solar,120,120,120,L,Regulatory approvals pending. Not under construction,2027-03-01
eia860:68900:BSS,generator,Badger State Solar LLC,US-WI,43.012287,-88.86356,149,under_construction,,Badger State Solar LLC,eia:860m,https://www.eia.gov/electricity/data/eia860m/xls/august_generator2026.xlsx,2026-09-26T00:04:26Z,2026-08,68900,BSS,67146,WI,Jefferson,MISO,IPP Non-CHP,Solar Photovoltaic,solar,PV,Photovoltaic,SUN,Solar,149,149,149,V,"Under construction, more than 50 percent complete",2027-10-01
eia860:68901:PVCLA,generator,Cedar Range Solar,US-TX,33.057483,-95.82701,150,planned,,Cedar Range LLC,eia:860m,https://www.eia.gov/electricity/data/eia860m/xls/august_generator2026.xlsx,2026-09-26T00:04:26Z,2026-08,68901,PVCLA,67148,TX,Hopkins,ERCO,IPP Non-CHP,Solar Photovoltaic,solar,PV,Photovoltaic,SUN,Solar,150,150,150,L,Regulatory approvals pending. Not under construction,2027-09-01
eia860:68902:ECHPV,generator,Echols Grove Solar,US-TX,33.616471,-95.45837,201,planned,,Echols Grove LLC,eia:860m,https://www.eia.gov/electricity/data/eia860m/xls/august_generator2026.xlsx,2026-09-26T00:04:26Z,2026-08,68902,ECHPV,67149,TX,Lamar,ERCO,IPP Non-CHP,Solar Photovoltaic,solar,PV,Photovoltaic,SUN,Solar,201,201,201,L,Regulatory approvals pending. Not under construction,2027-12-01
eia860:68903:MUSPV,generator,Solex Ridge Solar,US-TX,32.169946,-95.5803,100,planned,,"Solex Ridge, LLC",eia:860m,https://www.eia.gov/electricity/data/eia860m/xls/august_generator2026.xlsx,2026-09-26T00:04:26Z,2026-08,68903,MUSPV,67150,TX,Henderson,ERCO,IPP Non-CHP,Solar Photovoltaic,solar,PV,Photovoltaic,SUN,Solar,100,100,100,L,Regulatory approvals pending. Not under construction,2027-12-01
eia860:68906:PFBA2,generator,Pine Forest Solar I,US-TX,33.100779,-95.39229,200,under_construction,,"Pine Forest Solar I, LLC",eia:860m,https://www.eia.gov/electricity/data/eia860m/xls/august_generator2026.xlsx,2026-09-26T00:04:26Z,2026-08,68906,PFBA2,67151,TX,Hopkins,DOPD,IPP Non-CHP,Batteries,storage,BA,"Energy storage, battery",MWH,Electricity used for energy storage,200,200,200,U,"Under construction, less than or equal to 50 percent complete",2027-08-01
eia860:68907:1,generator,Vidal Energy Center,US-CA,34.084796,-114.4707,160,under_construction,,CDH Vidal LLC,eia:860m,https://www.eia.gov/electricity/data/eia860m/xls/august_generator2026.xlsx,2026-09-26T00:04:26Z,2026-08,68907,1,67152,CA,San Bernardino,CISO,IPP Non-CHP,Batteries,storage,BA,"Energy storage, battery",MWH,Electricity used for energy storage,160,160,160,V,"Under construction, more than 50 percent complete",2026-12-01
eia860:68907:2,generator,Vidal Energy Center,US-CA,34.084796,-114.4707,160,under_construction,,CDH Vidal LLC,eia:860m,https://www.eia.gov/electricity/data/eia860m/xls/august_generator2026.xlsx,2026-09-26T00:04:26Z,2026-08,68907,2,67152,CA,San Bernardino,CISO,IPP Non-CHP,Solar Photovoltaic,solar,PV,Photovoltaic,SUN,Solar,160,160,160,V,"Under construction, more than 50 percent complete",2026-12-01
eia860:68909:ISSBA,generator,Imperial Sun Solar,US-CA,32.6851,-115.2977,100,planned,,Imperial Sun Solar LLC,eia:860m,https://www.eia.gov/electricity/data/eia860m/xls/august_generator2026.xlsx,2026-09-26T00:04:26Z,2026-08,68909,ISSBA,67154,CA,Imperial,IID,IPP Non-CHP,Batteries,storage,BA,"Energy storage, battery",MWH,Electricity used for energy storage,100,100,100,L,Regulatory approvals pending. Not under construction,2027-07-01
eia860:68909:ISSPV,generator,Imperial Sun Solar,US-CA,32.6851,-115.2977,100,planned,,Imperial Sun Solar LLC,eia:860m,https://www.eia.gov/electricity/data/eia860m/xls/august_generator2026.xlsx,2026-09-26T00:04:26Z,2026-08,68909,ISSPV,67154,CA,Imperial,IID,IPP Non-CHP,Solar Photovoltaic,solar,PV,Photovoltaic,SUN,Solar,100,100,100,L,Regulatory approvals pending. Not under construction,2027-07-01
eia860:68911:27288,generator,Flint,US-OH,40.09639,-82.73361,200,under_construction,,Flint,eia:860m,https://www.eia.gov/electricity/data/eia860m/xls/august_generator2026.xlsx,2026-09-26T00:04:26Z,2026-08,68911,27288,67157,OH,Franklin,PJM,IPP Non-CHP,Batteries,storage,BA,"Energy storage, battery",MWH,Electricity used for energy storage,200,200,200,U,"Under construction, less than or equal to 50 percent complete",2027-07-01
eia860:68914:12343,generator,Padua 3,US-TX,29.325064,-98.32562,200,under_construction,,Padua 3,eia:860m,https://www.eia.gov/electricity/data/eia860m/xls/august_generator2026.xlsx,2026-09-26T00:04:26Z,2026-08,68914,12343,67160,TX,Bexar,ERCO,IPP Non-CHP,Batteries,storage,BA,"Energy storage, battery",MWH,Electricity used for energy storage,200,200,200,TS,"Construction complete, but not yet in commercial operation",2026-10-01
eia860:68917:BS,generator,Beavertail Solar,US-MO,38.311814,-93.93546,400,under_construction,,"Beavertail Solar, LLC",eia:860m,https://www.eia.gov/electricity/data/eia860m/xls/august_generator2026.xlsx,2026-09-26T00:04:26Z,2026-08,68917,BS,67165,MO,Henry,SPA,IPP Non-CHP,Solar Photovoltaic,solar,PV,Photovoltaic,SUN,Solar,400,400,400,U,"Under construction, less than or equal to 50 percent complete",2027-04-01
eia860:68923:ENTB,generator,Enterprise BESS,US-CA,33.12181,-117.1174,54.1,planned,,Enterprise BESS LLC,eia:860m,https://www.eia.gov/electricity/data/eia860m/xls/august_generator2026.xlsx,2026-09-26T00:04:26Z,2026-08,68923,ENTB,67167,CA,San Diego,CISO,IPP Non-CHP,Batteries,storage,BA,"Energy storage, battery",MWH,Electricity used for energy storage,54.1,52,52,T,Regulatory approvals received. Not under construction,2027-12-01
eia860:68924:IROB,generator,Iron BESS,US-CA,36.652653,-120.5783,59.5,under_construction,,Panoche BESS LLC,eia:860m,https://www.eia.gov/electricity/data/eia860m/xls/august_generator2026.xlsx,2026-09-26T00:04:26Z,2026-08,68924,IROB,67168,CA,Fresno,CISO,IPP Non-CHP,Batteries,storage,BA,"Energy storage, battery",MWH,Electricity used for energy storage,59.5,57,57,U,"Under construction, less than or equal to 50 percent complete",2027-04-01
eia860:68925:MIDB,generator,Midway BESS,US-CA,36.652653,-120.5783,124.6,under_construction,,Midway BESS LLC,eia:860m,https://www.eia.gov/electricity/data/eia860m/xls/august_generator2026.xlsx,2026-09-26T00:04:26Z,2026-08,68925,MIDB,67169,CA,Fresno,CISO,IPP Non-CHP,Batteries,storage,BA,"Energy storage, battery",MWH,Electricity used for energy storage,124.6,119.9,119.9,U,"Under construction, less than or equal to 50 percent complete",2027-06-01
eia860:68926:BLUEJ,generator,"Blue Jay Road Solar, LLC",US-MO,39.380782,-91.53206,66,under_construction,,Birch Creek Development,eia:860m,https://www.eia.gov/electricity/data/eia860m/xls/august_generator2026.xlsx,2026-09-26T00:04:26Z,2026-08,68926,BLUEJ,65654,MO,Ralls,MISO,IPP Non-CHP,Solar Photovoltaic,solar,PV,Photovoltaic,SUN,Solar,66,66,66,U,"Under construction, less than or equal to 50 percent complete",2026-11-01
eia860:68929:RUBY,generator,"Ruby Solar, LLC",US-IL,38.595759,-89.16983,50,under_construction,,Birch Creek Development,eia:860m,https://www.eia.gov/electricity/data/eia860m/xls/august_generator2026.xlsx,2026-09-26T00:04:26Z,2026-08,68929,RUBY,65654,IL,Clinton,MISO,IPP Non-CHP,Solar Photovoltaic,solar,PV,Photovoltaic,SUN,Solar,50,50,50,V,"Under construction, more than 50 percent complete",2026-09-01
eia860:68930:ENX36,generator,MC Solar,US-PA,41.412805,-80.43245,50,under_construction,,"MC Solar, LLC",eia:860m,https://www.eia.gov/electricity/data/eia860m/xls/august_generator2026.xlsx,2026-09-26T00:04:26Z,2026-08,68930,ENX36,67166,PA,Mercer,PJM,IPP Non-CHP,Solar Photovoltaic,solar,PV,Photovoltaic,SUN,Solar,50,50,50,U,"Under construction, less than or equal to 50 percent complete",2027-01-01
eia860:68932:OSBA,generator,Overnight Solar,US-CA,35.016197,-117.357,150,under_construction,,Overnight Solar LLC,eia:860m,https://www.eia.gov/electricity/data/eia860m/xls/august_generator2026.xlsx,2026-09-26T00:04:26Z,2026-08,68932,OSBA,67171,CA,San Bernardino,CISO,IPP Non-CHP,Batteries,storage,BA,"Energy storage, battery",MWH,Electricity used for energy storage,150,150,150,V,"Under construction, more than 50 percent complete",2027-01-01
eia860:68932:OSPV,generator,Overnight Solar,US-CA,35.016197,-117.357,150,under_construction,,Overnight Solar LLC,eia:860m,https://www.eia.gov/electricity/data/eia860m/xls/august_generator2026.xlsx,2026-09-26T00:04:26Z,2026-08,68932,OSPV,67171,CA,San Bernardino,CISO,IPP Non-CHP,Solar Photovoltaic,solar,PV,Photovoltaic,SUN,Solar,150,150,150,U,"Under construction, less than or equal to 50 percent complete",2027-01-01
eia860:68933:CORB,generator,SV CSG Corbell,US-IL,37.758343,-89.05748,2,under_construction,,"SV CSG Corbell, LLC",eia:860m,https://www.eia.gov/electricity/data/eia860m/xls/august_generator2026.xlsx,2026-09-26T00:04:26Z,2026-08,68933,CORB,67172,IL,Williamson,MISO,IPP Non-CHP,Solar Photovoltaic,solar,PV,Photovoltaic,SUN,Solar,2,2,2,TS,"Construction complete, but not yet in commercial operation",2026-11-01
eia860:68934:EAST1,generator,SV CSG East St Louis,US-IL,38.6056,-90.0705,5,under_construction,,SV CSG East St Louis LLC,eia:860m,https://www.eia.gov/electricity/data/eia860m/xls/august_generator2026.xlsx,2026-09-26T00:04:26Z,2026-08,68934,EAST1,67173,IL,St Clair,MISO,IPP Non-CHP,Solar Photovoltaic,solar,PV,Photovoltaic,SUN,Solar,5,5,5,U,"Under construction, less than or equal to 50 percent complete",2026-12-01
eia860:68935:ROX1,generator,SV CSG Roxana 1,US-IL,38.836055,-90.03685,2.5,under_construction,,SV CSG Roxana 1 LLC,eia:860m,https://www.eia.gov/electricity/data/eia860m/xls/august_generator2026.xlsx,2026-09-26T00:04:26Z,2026-08,68935,ROX1,67174,IL,Madison,MISO,IPP Non-CHP,Solar Photovoltaic,solar,PV,Photovoltaic,SUN,Solar,2.5,2.5,2.5,V,"Under construction, more than 50 percent complete",2026-11-01
eia860:68936:NAP1,generator,SV CSG Naplate,US-IL,41.332158,-88.88482,3.9,under_construction,,"SV CSG Naplate, LLC",eia:860m,https://www.eia.gov/electricity/data/eia860m/xls/august_generator2026.xlsx,2026-09-26T00:04:26Z,2026-08,68936,NAP1,67175,IL,LaSalle,MISO,IPP Non-CHP,Solar Photovoltaic,solar,PV,Photovoltaic,SUN,Solar,3.9,3.9,3.9,V,"Under construction, more than 50 percent complete",2026-11-01
eia860:68938:OHJE1,generator,"Juliet Energy Project, LLC",US-OH,41.343803,-83.81598,50,under_construction,,"Lightsource Renewable Energy Asset Management, LLC",eia:860m,https://www.eia.gov/electricity/data/eia860m/xls/august_generator2026.xlsx,2026-09-26T00:04:26Z,2026-08,68938,OHJE1,62842,OH,Wood,PJM,IPP Non-CHP,Solar Photovoltaic,solar,PV,Photovoltaic,SUN,Solar,50,50,50,TS,"Construction complete, but not yet in commercial operation",2026-10-01
eia860:68939:COGPV,generator,Coggon Solar LLC,US-IA,42.290594,-91.57266,100,under_construction,,Clenera DevCo LLC,eia:860m,https://www.eia.gov/electricity/data/eia860m/xls/august_generator2026.xlsx,2026-09-26T00:04:26Z,2026-08,68939,COGPV,66571,IA,Linn,MISO,IPP Non-CHP,Solar Photovoltaic,solar,PV,Photovoltaic,SUN,Solar,100,100,100,U,"Under construction, less than or equal to 50 percent complete",2027-12-01
eia860:68940:CABS,generator,Country Acres Clean Power LLC,US-CA,38.751744,-121.4221,172,under_construction,,Clenera DevCo LLC,eia:860m,https://www.eia.gov/electricity/data/eia860m/xls/august_generator2026.xlsx,2026-09-26T00:04:26Z,2026-08,68940,CABS,66571,CA,Placer,BANC,IPP Non-CHP,Batteries,storage,BA,"Energy storage, battery",MWH,Electricity used for energy storage,172,172,172,V,"Under construction, more than 50 percent complete",2026-12-01
eia860:68940:CAPV,generator,Country Acres Clean Power LLC,US-CA,38.751744,-121.4221,344,under_construction,,Clenera DevCo LLC,eia:860m,https://www.eia.gov/electricity/data/eia860m/xls/august_generator2026.xlsx,2026-09-26T00:04:26Z,2026-08,68940,CAPV,66571,CA,Placer,BANC,IPP Non-CHP,Solar Photovoltaic,solar,PV,Photovoltaic,SUN,Solar,344,344,344,U,"Under construction, less than or equal to 50 percent complete",2026-12-01
eia860:68953:KB1,generator,Kifer BESS 1,US-CA,37.376214,-121.952,50,under_construction,,"Kifer Energy Storage, LLC",eia:860m,https://www.eia.gov/electricity/data/eia860m/xls/august_generator2026.xlsx,2026-09-26T00:04:26Z,2026-08,68953,KB1,67176,CA,Santa Clara,CISO,IPP Non-CHP,Batteries,storage,BA,"Energy storage, battery",MWH,Electricity used for energy storage,50,50,50,U,"Under construction, less than or equal to 50 percent complete",2026-11-01
eia860:68968:ENX37,generator,Border Basin Solar,US-OH,41.107431,-83.5722,120,under_construction,,"Border Basin, LLC",eia:860m,https://www.eia.gov/electricity/data/eia860m/xls/august_generator2026.xlsx,2026-09-26T00:04:26Z,2026-08,68968,ENX37,67179,OH,Hancock,PJM,IPP Non-CHP,Solar Photovoltaic,solar,PV,Photovoltaic,SUN,Solar,120,120,120,V,"Under construction, more than 50 percent complete",2026-10-01
eia860:68969:ENX39,generator,Strinestown Solar,US-PA,40.090105,-76.73955,79.6,planned,,"Strinestown Solar, LLC",eia:860m,https://www.eia.gov/electricity/data/eia860m/xls/august_generator2026.xlsx,2026-09-26T00:04:26Z,2026-08,68969,ENX39,67180,PA,York,PJM,IPP Non-CHP,Solar Photovoltaic,solar,PV,Photovoltaic,SUN,Solar,79.6,79.6,79.6,T,Regulatory approvals received. Not under construction,2027-12-01
eia860:68970:HOFEL,generator,Ho-Fel Solar,US-VA,36.673032,-76.88201,50.2,under_construction,,Ho-Fel Solar LLC,eia:860m,https://www.eia.gov/electricity/data/eia860m/xls/august_generator2026.xlsx,2026-09-26T00:04:26Z,2026-08,68970,HOFEL,67182,VA,Isle of Wight,PJM,IPP Non-CHP,Solar Photovoltaic,solar,PV,Photovoltaic,SUN,Solar,50.2,50.2,50.2,TS,"Construction complete, but not yet in commercial operation",2026-11-01
eia860:68972:11253,generator,Gilman Solar LLC,US-IL,40.764392,-87.99916,4.5,under_construction,,Gilman Solar LLC PV,eia:860m,https://www.eia.gov/electricity/data/eia860m/xls/august_generator2026.xlsx,2026-09-26T00:04:26Z,2026-08,68972,11253,67184,IL,Iroquois,MISO,IPP Non-CHP,Solar Photovoltaic,solar,PV,Photovoltaic,SUN,Solar,4.5,4.5,4.3,U,"Under construction, less than or equal to 50 percent complete",2027-09-01
eia860:68975:17340,generator,Washington Street Solar 1 LLC,US-IL,40.477287,-89.04986,5,under_construction,,Washington Street Solar 1 LLC,eia:860m,https://www.eia.gov/electricity/data/eia860m/xls/august_generator2026.xlsx,2026-09-26T00:04:26Z,2026-08,68975,17340,67187,IL,Mclean,MISO,IPP Non-CHP,Solar Photovoltaic,solar,PV,Photovoltaic,SUN,Solar,5,5,4.8,U,"Under construction, less than or equal to 50 percent complete",2026-10-01
eia860:68980:GRBF,generator,Gonzaga Ridge Battery Facility,US-CA,37.065806,-121.1929,51.8,under_construction,,"Gonzaga Ridge Battery Facility, LLC",eia:860m,https://www.eia.gov/electricity/data/eia860m/xls/august_generator2026.xlsx,2026-09-26T00:04:26Z,2026-08,68980,GRBF,67196,CA,Merced,CISO,IPP Non-CHP,Batteries,storage,BA,"Energy storage, battery",MWH,Electricity used for energy storage,51.8,51.8,51.8,V,"Under construction, more than 50 percent complete",2026-09-01
eia860:68981:GRWF1,generator,Gonzaga Ridge Wind Farm,US-CA,37.065806,-121.1294,40.3,under_construction,,"Gonzaga Ridge Wind Farm, LLC",eia:860m,https://www.eia.gov/electricity/data/eia860m/xls/august_generator2026.xlsx,2026-09-26T00:04:26Z,2026-08,68981,GRWF1,67197,CA,Merced,CISO,IPP Non-CHP,Onshore Wind Turbine,wind,WT,"Wind turbine, onshore",WND,Wind,40.3,40.3,40.3,V,"Under construction, more than 50 percent complete",2026-09-01
eia860:68981:GRWF2,generator,Gonzaga Ridge Wind Farm,US-CA,37.065806,-121.1294,34.6,under_construction,,"Gonzaga Ridge Wind Farm, LLC",eia:860m,https://www.eia.gov/electricity/data/eia860m/xls/august_generator2026.xlsx,2026-09-26T00:04:26Z,2026-08,68981,GRWF2,67197,CA,Merced,CISO,IPP Non-CHP,Onshore Wind Turbine,wind,WT,"Wind turbine, onshore",WND,Wind,34.6,34.6,34.6,V,"Under construction, more than 50 percent complete",2026-09-01
eia860:68981:GRWF3,generator,Gonzaga Ridge Wind Farm,US-CA,37.065806,-121.1294,57.9,under_construction,,"Gonzaga Ridge Wind Farm, LLC",eia:860m,https://www.eia.gov/electricity/data/eia860m/xls/august_generator2026.xlsx,2026-09-26T00:04:26Z,2026-08,68981,GRWF3,67197,CA,Merced,CISO,IPP Non-CHP,Onshore Wind Turbine,wind,WT,"Wind turbine, onshore",WND,Wind,57.9,57.9,57.9,V,"Under construction, more than 50 percent complete",2026-09-01
eia860:68982:SGG01,generator,Singing Grass Wind,US-CO,39.201143,-102.8576,603,under_construction,,Public Service Co of Colorado,eia:860m,https://www.eia.gov/electricity/data/eia860m/xls/august_generator2026.xlsx,2026-09-26T00:04:26Z,2026-08,68982,SGG01,15466,CO,Kit Carson,PSCO,Electric Utility,Onshore Wind Turbine,wind,WT,"Wind turbine, onshore",WND,Wind,603,600,600,U,"Under construction, less than or equal to 50 percent complete",2027-09-01
eia860:68988:SHB01,generator,Sherco LDES,US-MN,45.374997,-93.89719,10,planned,,Northern States Power Co - Minnesota,eia:860m,https://www.eia.gov/electricity/data/eia860m/xls/august_generator2026.xlsx,2026-09-26T00:04:26Z,2026-08,68988,SHB01,13781,MN,Sherburne,MISO,Electric Utility,Batteries,storage,BA,"Energy storage, battery",MWH,Electricity used for energy storage,10,10,10,T,Regulatory approvals received. Not under construction,2028-05-01
eia860:68993:ENX40,generator,MPG Solar,US-PA,41.060649,-78.04193,162,planned,,"MPG Solar, LLC",eia:860m,https://www.eia.gov/electricity/data/eia860m/xls/august_generator2026.xlsx,2026-09-26T00:04:26Z,2026-08,68993,ENX40,67181,PA,Centre,PJM,IPP Non-CHP,Solar Photovoltaic,solar,PV,Photovoltaic,SUN,Solar,162,162,162,T,Regulatory approvals received. Not under construction,2028-07-01
eia860:68995:ENX38,generator,Dover Solar (PA),US-PA,40.01169,-76.8234,75,planned,,"Dover Solar, LLC (PA)",eia:860m,https://www.eia.gov/electricity/data/eia860m/xls/august_generator2026.xlsx,2026-09-26T00:04:26Z,2026-08,68995,ENX38,67205,PA,York,PJM,IPP Non-CHP,Solar Photovoltaic,solar,PV,Photovoltaic,SUN,Solar,75,75,75,T,Regulatory approvals received. Not under construction,2027-11-01
eia860:69004:ADELI,generator,Adelite Storage Project LLC,US-TX,30.622383,-97.2105,230,planned,,"Acciona Energy USA Global, LLC",eia:860m,https://www.eia.gov/electricity/data/eia860m/xls/august_generator2026.xlsx,2026-09-26T00:04:26Z,2026-08,69004,ADELI,57416,TX,Milam,ERCO,IPP Non-CHP,Batteries,storage,BA,"Energy storage, battery",MWH,Electricity used for energy storage,230,230,230,T,Regulatory approvals received. Not under construction,2028-03-01
eia860:69021:RH1PV,generator,Rustic Hills Solar I,US-IN,37.96707,-87.30739,100,planned,,Clenera DevCo LLC,eia:860m,https://www.eia.gov/electricity/data/eia860m/xls/august_generator2026.xlsx,2026-09-26T00:04:26Z,2026-08,69021,RH1PV,66571,IN,Warrick,MISO,IPP Non-CHP,Solar Photovoltaic,solar,PV,Photovoltaic,SUN,Solar,100,100,100,T,Regulatory approvals received. Not under construction,2028-10-01
eia860:69022:RH2PV,generator,Rustic Hills Solar II LLC,US-IN,37.974259,-87.32197,100,planned,,Clenera DevCo LLC,eia:860m,https://www.eia.gov/electricity/data/eia860m/xls/august_generator2026.xlsx,2026-09-26T00:04:26Z,2026-08,69022,RH2PV,66571,IN,Warrick,MISO,IPP Non-CHP,Solar Photovoltaic,solar,PV,Photovoltaic,SUN,Solar,100,100,100,T,Regulatory approvals received. Not under construction,2028-10-01
eia860:69024:GLNB1,generator,Glenarm BESS Plant,US-CA,34.12739,-118.1477,25,planned,,Glenarm BESS LLC,eia:860m,https://www.eia.gov/electricity/data/eia860m/xls/august_generator2026.xlsx,2026-09-26T00:04:26Z,2026-08,69024,GLNB1,67223,CA,Los Angeles,CISO,Electric Utility,Batteries,storage,BA,"Energy storage, battery",MWH,Electricity used for energy storage,25,25,25,L,Regulatory approvals pending. Not under construction,2027-06-01
eia860:69025:PLSKI,generator,Pulaski Solar,US-IL,37.264918,-88.9524,417.4,under_construction,,Joppa BESS LLC,eia:860m,https://www.eia.gov/electricity/data/eia860m/xls/august_generator2026.xlsx,2026-09-26T00:04:26Z,2026-08,69025,PLSKI,67221,IL,Pulaski,GLHB,IPP Non-CHP,Solar Photovoltaic,solar,PV,Photovoltaic,SUN,Solar,417.4,405,405,TS,"Construction complete, but not yet in commercial operation",2026-12-01
eia860:69027:SSBA,generator,"Stoneridge Solar, LLC",US-TX,30.569447,-97.11043,100,under_construction,,RWE Clean Energy,eia:860m,https://www.eia.gov/electricity/data/eia860m/xls/august_generator2026.xlsx,2026-09-26T00:04:26Z,2026-08,69027,SSBA,67192,TX,Milam,ERCO,IPP Non-CHP,Batteries,storage,BA,"Energy storage, battery",MWH,Electricity used for energy storage,100,100,100,TS,"Construction complete, but not yet in commercial operation",2026-12-01
eia860:69034:PMI2,generator,Pivot Energy Minnesota Solar 2,US-MN,44.935059,-95.19906,1,under_construction,,Pivot Energy,eia:860m,https://www.eia.gov/electricity/data/eia860m/xls/august_generator2026.xlsx,2026-09-26T00:04:26Z,2026-08,69034,PMI2,65539,MN,Kandiyohi,MISO,IPP Non-CHP,Solar Photovoltaic,solar,PV,Photovoltaic,SUN,Solar,1,1,1,V,"Under construction, more than 50 percent complete",2027-04-01
eia860:69035:PI36,generator,Pivot Solar 36,US-CO,40.346119,-104.7314,5,under_construction,,Pivot Energy,eia:860m,https://www.eia.gov/electricity/data/eia860m/xls/august_generator2026.xlsx,2026-09-26T00:04:26Z,2026-08,69035,PI36,65539,CO,Weld,WACM,IPP Non-CHP,Solar Photovoltaic,solar,PV,Photovoltaic,SUN,Solar,5,5,5,V,"Under construction, more than 50 percent complete",2027-01-01
eia860:69040:ARY1,generator,Arroyo Solar,US-CO,38.161657,-104.5488,335,under_construction,,Public Service Co of Colorado,eia:860m,https://www.eia.gov/electricity/data/eia860m/xls/august_generator2026.xlsx,2026-09-26T00:04:26Z,2026-08,69040,ARY1,15466,CO,Pueblo,PSCO,Electric Utility,Solar Photovoltaic,solar,PV,Photovoltaic,SUN,Solar,335,335,335,U,"Under construction, less than or equal to 50 percent complete",2026-10-01
eia860:69052:MD11,generator,MDD109-NCBP BLDG 11-Manekin,US-MD,38.8739,-76.7342,2.4,under_construction,,Pivot Energy,eia:860m,https://www.eia.gov/electricity/data/eia860m/xls/august_generator2026.xlsx,2026-09-26T00:04:26Z,2026-08,69052,MD11,65539,MD,Prince Georges,PJM,IPP Non-CHP,Solar Photovoltaic,solar,PV,Photovoltaic,SUN,Solar,2.4,2.4,2.4,V,"Under construction, more than 50 percent complete",2026-09-01
eia860:69053:IL60,generator,ILL060-Sangamon-Atchison,US-IL,39.849909,-89.29994,2,under_construction,,Pivot Energy,eia:860m,https://www.eia.gov/electricity/data/eia860m/xls/august_generator2026.xlsx,2026-09-26T00:04:26Z,2026-08,69053,IL60,65539,IL,Sangamon,MISO,IPP Non-CHP,Solar Photovoltaic,solar,PV,Photovoltaic,SUN,Solar,2,2,2,V,"Under construction, more than 50 percent complete",2026-09-01
eia860:69054:ALT2,generator,ATLAS II,US-AZ,33.582903,-113.5769,100,under_construction,,"ATLAS Solar II, LLC",eia:860m,https://www.eia.gov/electricity/data/eia860m/xls/august_generator2026.xlsx,2026-09-26T00:04:26Z,2026-08,69054,ALT2,67217,AZ,La Paz,CISO,IPP Non-CHP,Solar Photovoltaic,solar,PV,Photovoltaic,SUN,Solar,100,100,100,V,"Under construction, more than 50 percent complete",2026-11-01
eia860:69055:ALTS4,generator,ATLAS SOLAR IV,US-AZ,33.582903,-113.5769,300,under_construction,,"ATLAS SOLAR IV, LLC",eia:860m,https://www.eia.gov/electricity/data/eia860m/xls/august_generator2026.xlsx,2026-09-26T00:04:26Z,2026-08,69055,ALTS4,67218,AZ,La Paz,CISO,IPP Non-CHP,Solar Photovoltaic,solar,PV,Photovoltaic,SUN,Solar,300,300,300,V,"Under construction, more than 50 percent complete",2027-03-01
eia860:69056:CBBA,generator,CO Bar Solar and BESS,US-AZ,35.636594,-111.8835,400,planned,,Clenera DevCo LLC,eia:860m,https://www.eia.gov/electricity/data/eia860m/xls/august_generator2026.xlsx,2026-09-26T00:04:26Z,2026-08,69056,CBBA,66571,AZ,Coconino,AZPS,IPP Non-CHP,Batteries,storage,BA,"Energy storage, battery",MWH,Electricity used for energy storage,400,400,400,P,"Planned for installation, but regulatory approvals not initiated",2027-12-01
eia860:69056:CBPV,generator,CO Bar Solar and BESS,US-AZ,35.636594,-111.8835,400,planned,,Clenera DevCo LLC,eia:860m,https://www.eia.gov/electricity/data/eia860m/xls/august_generator2026.xlsx,2026-09-26T00:04:26Z,2026-08,69056,CBPV,66571,AZ,Coconino,AZPS,IPP Non-CHP,Solar Photovoltaic,solar,PV,Photovoltaic,SUN,Solar,400,400,400,P,"Planned for installation, but regulatory approvals not initiated",2027-12-01
eia860:69057:CBDBA,generator,CO Bar D Solar and BESS,US-AZ,35.636594,-111.8835,394,planned,,Clenera DevCo LLC,eia:860m,https://www.eia.gov/electricity/data/eia860m/xls/august_generator2026.xlsx,2026-09-26T00:04:26Z,2026-08,69057,CBDBA,66571,AZ,Coconino,AZPS,IPP Non-CHP,Batteries,storage,BA,"Energy storage, battery",MWH,Electricity used for energy storage,394,394,394,P,"Planned for installation, but regulatory approvals not initiated",2028-05-01
eia860:69057:CBDPV,generator,CO Bar D Solar and BESS,US-AZ,35.636594,-111.8835,394,planned,,Clenera DevCo LLC,eia:860m,https://www.eia.gov/electricity/data/eia860m/xls/august_generator2026.xlsx,2026-09-26T00:04:26Z,2026-08,69057,CBDPV,66571,AZ,Coconino,AZPS,IPP Non-CHP,Solar Photovoltaic,solar,PV,Photovoltaic,SUN,Solar,394,394,394,P,"Planned for installation, but regulatory approvals not initiated",2028-05-01
eia860:69058:CBCBA,generator,CO Bar C Solar and BESS,US-AZ,35.636594,-111.8835,206,planned,,Clenera DevCo LLC,eia:860m,https://www.eia.gov/electricity/data/eia860m/xls/august_generator2026.xlsx,2026-09-26T00:04:26Z,2026-08,69058,CBCBA,66571,AZ,Coconino,AZPS,IPP Non-CHP,Batteries,storage,BA,"Energy storage, battery",MWH,Electricity used for energy storage,206,206,206,P,"Planned for installation, but regulatory approvals not initiated",2027-08-01
eia860:69058:CBCPV,generator,CO Bar C Solar and BESS,US-AZ,35.636594,-111.8835,206,planned,,Clenera DevCo LLC,eia:860m,https://www.eia.gov/electricity/data/eia860m/xls/august_generator2026.xlsx,2026-09-26T00:04:26Z,2026-08,69058,CBCPV,66571,AZ,Coconino,AZPS,IPP Non-CHP,Solar Photovoltaic,solar,PV,Photovoltaic,SUN,Solar,206,206,206,P,"Planned for installation, but regulatory approvals not initiated",2027-08-01
eia860:69059:COBA,generator,Crimson Orchard Solar and BESS,US-ID,43.181239,-115.7465,100,planned,,Clenera DevCo LLC,eia:860m,https://www.eia.gov/electricity/data/eia860m/xls/august_generator2026.xlsx,2026-09-26T00:04:26Z,2026-08,69059,COBA,66571,ID,Elmore,IPCO,IPP Non-CHP,Batteries,storage,BA,"Energy storage, battery",MWH,Electricity used for energy storage,100,100,100,L,Regulatory approvals pending. Not under construction,2027-04-01
eia860:69059:COPV,generator,Crimson Orchard Solar and BESS,US-ID,43.181239,-115.7465,100,planned,,Clenera DevCo LLC,eia:860m,https://www.eia.gov/electricity/data/eia860m/xls/august_generator2026.xlsx,2026-09-26T00:04:26Z,2026-08,69059,COPV,66571,ID,Elmore,IPCO,IPP Non-CHP,Solar Photovoltaic,solar,PV,Photovoltaic,SUN,Solar,100,100,100,L,Regulatory approvals pending. Not under construction,2027-04-01
eia860:69060:SNFA,generator,Snowflake A Solar and BESS,US-AZ,34.998055,-110.1255,475,planned,,Clenera DevCo LLC,eia:860m,https://www.eia.gov/electricity/data/eia860m/xls/august_generator2026.xlsx,2026-09-26T00:04:26Z,2026-08,69060,SNFA,66571,AZ,Navajo,AZPS,IPP Non-CHP,Solar Photovoltaic,solar,PV,Photovoltaic,SUN,Solar,475,475,475,L,Regulatory approvals pending. Not under construction,2027-08-01
eia860:69060:SNFBA,generator,Snowflake A Solar and BESS,US-AZ,34.998055,-110.1255,475,planned,,Clenera DevCo LLC,eia:860m,https://www.eia.gov/electricity/data/eia860m/xls/august_generator2026.xlsx,2026-09-26T00:04:26Z,2026-08,69060,SNFBA,66571,AZ,Navajo,AZPS,IPP Non-CHP,Batteries,storage,BA,"Energy storage, battery",MWH,Electricity used for energy storage,475,475,475,L,Regulatory approvals pending. Not under construction,2027-08-01
eia860:69064:NC12,generator,"NCBP TWELVE, LLC",US-MD,38.8713,-76.7339,1.2,under_construction,,Pivot Energy,eia:860m,https://www.eia.gov/electricity/data/eia860m/xls/august_generator2026.xlsx,2026-09-26T00:04:26Z,2026-08,69064,NC12,65539,MD,Prince Georges,PJM,IPP Non-CHP,Solar Photovoltaic,solar,PV,Photovoltaic,SUN,Solar,1.2,1.2,1.2,V,"Under construction, more than 50 percent complete",2026-09-01
eia860:69071:CA1,generator,Bison Generation Station,US-ND,48.327932,-103.3127,263,planned,,Basin Electric Power Coop,eia:860m,https://www.eia.gov/electricity/data/eia860m/xls/august_generator2026.xlsx,2026-09-26T00:04:26Z,2026-08,69071,CA1,1307,ND,Williams,SWPP,Electric Utility,Natural Gas Fired Combined Cycle,natural_gas,CA,Combined cycle steam part,NG,Natural gas,263,320,325,L,Regulatory approvals pending. Not under construction,2029-02-01
eia860:69071:CA2,generator,Bison Generation Station,US-ND,48.327932,-103.3127,263,planned,,Basin Electric Power Coop,eia:860m,https://www.eia.gov/electricity/data/eia860m/xls/august_generator2026.xlsx,2026-09-26T00:04:26Z,2026-08,69071,CA2,1307,ND,Williams,SWPP,Electric Utility,Natural Gas Fired Combined Cycle,natural_gas,CA,Combined cycle steam part,NG,Natural gas,263,320,325,L,Regulatory approvals pending. Not under construction,2030-03-01
eia860:69071:CT1,generator,Bison Generation Station,US-ND,48.327932,-103.3127,496,planned,,Basin Electric Power Coop,eia:860m,https://www.eia.gov/electricity/data/eia860m/xls/august_generator2026.xlsx,2026-09-26T00:04:26Z,2026-08,69071,CT1,1307,ND,Williams,SWPP,Electric Utility,Natural Gas Fired Combined Cycle,natural_gas,CT,Combined cycle combustion turbine part,NG,Natural gas,496,409,409,L,Regulatory approvals pending. Not under construction,2029-02-01
eia860:69071:CT2,generator,Bison Generation Station,US-ND,48.327932,-103.3127,496,planned,,Basin Electric Power Coop,eia:860m,https://www.eia.gov/electricity/data/eia860m/xls/august_generator2026.xlsx,2026-09-26T00:04:26Z,2026-08,69071,CT2,1307,ND,Williams,SWPP,Electric Utility,Natural Gas Fired Combined Cycle,natural_gas,CT,Combined cycle combustion turbine part,NG,Natural gas,496,409,409,L,Regulatory approvals pending. Not under construction,2030-03-01
eia860:69077:1A,generator,Lone Star Power Station,US-TX,30.414158,-95.01671,467.3,planned,,Entergy Texas Inc.,eia:860m,https://www.eia.gov/electricity/data/eia860m/xls/august_generator2026.xlsx,2026-09-26T00:04:26Z,2026-08,69077,1A,55937,TX,San Jacinto,MISO,Electric Utility,Natural Gas Fired Combustion Turbine,natural_gas,GT,Combustion (gas) turbine,NG,Natural gas,467.3,432,467.3,L,Regulatory approvals pending. Not under construction,2028-07-01
eia860:69099:HEWA1,generator,Orion - Helion,US-WA,47.3368,-120.1043,50,planned,,"Helion Energy, Inc.",eia:860m,https://www.eia.gov/electricity/data/eia860m/xls/august_generator2026.xlsx,2026-09-26T00:04:26Z,2026-08,69099,HEWA1,67250,WA,Chelan,CHPD,IPP Non-CHP,All Other,other,OT,Other,H2,Hydrogen,50,50,50,L,Regulatory approvals pending. Not under construction,2028-12-01
eia860:69101:MLB03,generator,Millers Branch Solar,US-TX,33.22132,-99.58652,132,under_construction,,Southern Power Co,eia:860m,https://www.eia.gov/electricity/data/eia860m/xls/august_generator2026.xlsx,2026-09-26T00:04:26Z,2026-08,69101,MLB03,17650,TX,Haskell,ERCO,IPP Non-CHP,Solar Photovoltaic,solar,PV,Photovoltaic,SUN,Solar,132,132,132,U,"Under construction, less than or equal to 50 percent complete",2026-12-01
eia860:69102:U1,generator,Toronto Power Plant,US-SD,44.594752,-96.62219,36.3,planned,,Western Minnesota Mun Pwr Agny,eia:860m,https://www.eia.gov/electricity/data/eia860m/xls/august_generator2026.xlsx,2026-09-26T00:04:26Z,2026-08,69102,U1,20421,SD,Deuel,MISO,Electric Utility,Natural Gas Fired Combustion Turbine,natural_gas,GT,Combustion (gas) turbine,NG,Natural gas,36.3,35.6,35.6,L,Regulatory approvals pending. Not under construction,2029-12-01
eia860:69102:U2,generator,Toronto Power Plant,US-SD,44.594752,-96.62219,36.3,planned,,Western Minnesota Mun Pwr Agny,eia:860m,https://www.eia.gov/electricity/data/eia860m/xls/august_generator2026.xlsx,2026-09-26T00:04:26Z,2026-08,69102,U2,20421,SD,Deuel,MISO,Electric Utility,Natural Gas Fired Combustion Turbine,natural_gas,GT,Combustion (gas) turbine,NG,Natural gas,36.3,35.6,35.6,L,Regulatory approvals pending. Not under construction,2029-12-01
eia860:69102:U3,generator,Toronto Power Plant,US-SD,44.594752,-96.62219,36.3,planned,,Western Minnesota Mun Pwr Agny,eia:860m,https://www.eia.gov/electricity/data/eia860m/xls/august_generator2026.xlsx,2026-09-26T00:04:26Z,2026-08,69102,U3,20421,SD,Deuel,MISO,Electric Utility,Natural Gas Fired Combustion Turbine,natural_gas,GT,Combustion (gas) turbine,NG,Natural gas,36.3,35.6,35.6,L,Regulatory approvals pending. Not under construction,2029-12-01
eia860:69102:U4,generator,Toronto Power Plant,US-SD,44.594752,-96.62219,36.3,planned,,Western Minnesota Mun Pwr Agny,eia:860m,https://www.eia.gov/electricity/data/eia860m/xls/august_generator2026.xlsx,2026-09-26T00:04:26Z,2026-08,69102,U4,20421,SD,Deuel,MISO,Electric Utility,Natural Gas Fired Combustion Turbine,natural_gas,GT,Combustion (gas) turbine,NG,Natural gas,36.3,35.6,35.6,L,Regulatory approvals pending. Not under construction,2029-12-01
eia860:69105:SLO-2,generator,SLO-2,US-NM,35.363052,-106.631,5,under_construction,,"Affordable Solar Silver City, LLC",eia:860m,https://www.eia.gov/electricity/data/eia860m/xls/august_generator2026.xlsx,2026-09-26T00:04:26Z,2026-08,69105,SLO-2,58509,NM,Sandoval,PNM,IPP Non-CHP,Solar Photovoltaic,solar,PV,Photovoltaic,SUN,Solar,5,5,5,V,"Under construction, more than 50 percent complete",2026-09-01
eia860:69108:COT01,generator,Eastern Cottontail Solar,US-OH,39.844172,-82.49453,220,planned,,"EDF Renewables Development, Inc.",eia:860m,https://www.eia.gov/electricity/data/eia860m/xls/august_generator2026.xlsx,2026-09-26T00:04:26Z,2026-08,69108,COT01,64452,OH,Fairfield,PJM,IPP Non-CHP,Solar Photovoltaic,solar,PV,Photovoltaic,SUN,Solar,220,254.5,118.2,L,Regulatory approvals pending. Not under construction,2028-12-01
eia860:69110:CONEF,generator,Coneflower Storage Project LLC,US-TX,29.8547,-94.9254,170.9,planned,,"Acciona Energy USA Global, LLC",eia:860m,https://www.eia.gov/electricity/data/eia860m/xls/august_generator2026.xlsx,2026-09-26T00:04:26Z,2026-08,69110,CONEF,57416,TX,Chambers,ERCO,IPP Non-CHP,Batteries,storage,BA,"Energy storage, battery",MWH,Electricity used for energy storage,170.9,170.9,170.9,L,Regulatory approvals pending. Not under construction,2027-09-01
eia860:69119:NHBA1,generator,New Hill 1 Battery,US-NC,35.659692,-78.94412,56,under_construction,,Duke Energy Progress - (NC),eia:860m,https://www.eia.gov/electricity/data/eia860m/xls/august_generator2026.xlsx,2026-09-26T00:04:26Z,2026-08,69119,NHBA1,3046,NC,Wake,CPLE,Electric Utility,Batteries,storage,BA,"Energy storage, battery",MWH,Electricity used for energy storage,56,56,56,U,"Under construction, less than or equal to 50 percent complete",2027-09-01
eia860:69120:RESBS,generator,Resaca Oasis Storage,US-TX,25.978783,-97.37263,200.7,planned,,Red River Clean Energy,eia:860m,https://www.eia.gov/electricity/data/eia860m/xls/august_generator2026.xlsx,2026-09-26T00:04:26Z,2026-08,69120,RESBS,66509,TX,Cameron,ERCO,IPP Non-CHP,Batteries,storage,BA,"Energy storage, battery",MWH,Electricity used for energy storage,200.7,200.7,200.7,T,Regulatory approvals received. Not under construction,2027-09-01
eia860:69137:ALP2,generator,Althea Avenue Solar,US-CA,36.893121,-120.6569,3.9,under_construction,,"RPCA Solar 8, LLC",eia:860m,https://www.eia.gov/electricity/data/eia860m/xls/august_generator2026.xlsx,2026-09-26T00:04:26Z,2026-08,69137,ALP2,67272,CA,Fresno,CISO,IPP Non-CHP,Solar Photovoltaic,solar,PV,Photovoltaic,SUN,Solar,3.9,3.9,3.9,TS,"Construction complete, but not yet in commercial operation",2026-12-01
eia860:69144:PV1,generator,Baxter Creek Solar,US-NC,35.865502,-80.55309,30,under_construction,,"Duke Energy Carolinas, LLC",eia:860m,https://www.eia.gov/electricity/data/eia860m/xls/august_generator2026.xlsx,2026-09-26T00:04:26Z,2026-08,69144,PV1,5416,NC,Davie,CPLE,Electric Utility,Solar Photovoltaic,solar,PV,Photovoltaic,SUN,Solar,30,30,30,V,"Under construction, more than 50 percent complete",2026-09-01
eia860:69147:G1,generator,New Caledonia,US-MS,33.649272,-88.3146,84,planned,,Tennessee Valley Authority,eia:860m,https://www.eia.gov/electricity/data/eia860m/xls/august_generator2026.xlsx,2026-09-26T00:04:26Z,2026-08,69147,G1,18642,MS,Lowndes,TVA,Electric Utility,Natural Gas Fired Combustion Turbine,natural_gas,GT,Combustion (gas) turbine,NG,Natural gas,84,81,98,P,"Planned for installation, but regulatory approvals not initiated",2028-12-01
eia860:69147:G2,generator,New Caledonia,US-MS,33.649272,-88.3146,84,planned,,Tennessee Valley Authority,eia:860m,https://www.eia.gov/electricity/data/eia860m/xls/august_generator2026.xlsx,2026-09-26T00:04:26Z,2026-08,69147,G2,18642,MS,Lowndes,TVA,Electric Utility,Natural Gas Fired Combustion Turbine,natural_gas,GT,Combustion (gas) turbine,NG,Natural gas,84,81,98,P,"Planned for installation, but regulatory approvals not initiated",2028-12-01
eia860:69147:G3,generator,New Caledonia,US-MS,33.649272,-88.3146,84,planned,,Tennessee Valley Authority,eia:860m,https://www.eia.gov/electricity/data/eia860m/xls/august_generator2026.xlsx,2026-09-26T00:04:26Z,2026-08,69147,G3,18642,MS,Lowndes,TVA,Electric Utility,Natural Gas Fired Combustion Turbine,natural_gas,GT,Combustion (gas) turbine,NG,Natural gas,84,81,98,P,"Planned for installation, but regulatory approvals not initiated",2028-12-01
eia860:69147:G4,generator,New Caledonia,US-MS,33.649272,-88.3146,84,planned,,Tennessee Valley Authority,eia:860m,https://www.eia.gov/electricity/data/eia860m/xls/august_generator2026.xlsx,2026-09-26T00:04:26Z,2026-08,69147,G4,18642,MS,Lowndes,TVA,Electric Utility,Natural Gas Fired Combustion Turbine,natural_gas,GT,Combustion (gas) turbine,NG,Natural gas,84,81,98,P,"Planned for installation, but regulatory approvals not initiated",2028-12-01
eia860:69147:G5,generator,New Caledonia,US-MS,33.649272,-88.3146,84,planned,,Tennessee Valley Authority,eia:860m,https://www.eia.gov/electricity/data/eia860m/xls/august_generator2026.xlsx,2026-09-26T00:04:26Z,2026-08,69147,G5,18642,MS,Lowndes,TVA,Electric Utility,Natural Gas Fired Combustion Turbine,natural_gas,GT,Combustion (gas) turbine,NG,Natural gas,84,81,98,P,"Planned for installation, but regulatory approvals not initiated",2028-12-01
eia860:69147:G6,generator,New Caledonia,US-MS,33.649272,-88.3146,84,planned,,Tennessee Valley Authority,eia:860m,https://www.eia.gov/electricity/data/eia860m/xls/august_generator2026.xlsx,2026-09-26T00:04:26Z,2026-08,69147,G6,18642,MS,Lowndes,TVA,Electric Utility,Natural Gas Fired Combustion Turbine,natural_gas,GT,Combustion (gas) turbine,NG,Natural gas,84,81,98,P,"Planned for installation, but regulatory approvals not initiated",2028-12-01
eia860:69148:BESS1,generator,Allen 2 BESS,US-NC,35.192096,-81.01013,167,planned,,"Duke Energy Carolinas, LLC",eia:860m,https://www.eia.gov/electricity/data/eia860m/xls/august_generator2026.xlsx,2026-09-26T00:04:26Z,2026-08,69148,BESS1,5416,NC,Gaston,DUK,Electric Utility,Batteries,storage,BA,"Energy storage, battery",MWH,Electricity used for energy storage,167,167,167,P,"Planned for installation, but regulatory approvals not initiated",2027-07-01
eia860:69149:ANSN2,generator,Anson 2 Solar,US-TX,32.805609,-99.91901,218.5,under_construction,,"Anson Solar Center 2, LLC",eia:860m,https://www.eia.gov/electricity/data/eia860m/xls/august_generator2026.xlsx,2026-09-26T00:04:26Z,2026-08,69149,ANSN2,67298,TX,Jones,ERCO,IPP Non-CHP,Solar Photovoltaic,solar,PV,Photovoltaic,SUN,Solar,218.5,200,200,V,"Under construction, more than 50 percent complete",2026-09-01
eia860:69150:SYPRT,generator,Sypert Branch Solar,US-TX,30.877895,-97.1944,293.9,under_construction,,Sypert Branch Solar LLC,eia:860m,https://www.eia.gov/electricity/data/eia860m/xls/august_generator2026.xlsx,2026-09-26T00:04:26Z,2026-08,69150,SYPRT,67299,TX,Milam,ERCO,IPP Non-CHP,Solar Photovoltaic,solar,PV,Photovoltaic,SUN,Solar,293.9,260,260,U,"Under construction, less than or equal to 50 percent complete",2026-09-01
eia860:69151:ARY_B,generator,Arroyo Storage,US-TX,26.264311,-97.61156,180,under_construction,,"BT Cantwell Solar, LLC",eia:860m,https://www.eia.gov/electricity/data/eia860m/xls/august_generator2026.xlsx,2026-09-26T00:04:26Z,2026-08,69151,ARY_B,67304,TX,Cameron,ERCO,IPP Non-CHP,Batteries,storage,BA,"Energy storage, battery",MWH,Electricity used for energy storage,180,180,180,TS,"Construction complete, but not yet in commercial operation",2026-11-01
eia860:69155:AHBA1,generator,Apache Hill Energy Center,US-TX,32.380005,-97.72782,200,under_construction,,Apache Hill Energy Center,eia:860m,https://www.eia.gov/electricity/data/eia860m/xls/august_generator2026.xlsx,2026-09-26T00:04:26Z,2026-08,69155,AHBA1,67302,TX,Hood,ERCO,IPP Non-CHP,Batteries,storage,BA,"Energy storage, battery",MWH,Electricity used for energy storage,200,200,200,V,"Under construction, more than 50 percent complete",2026-11-01
eia860:69156:GEN01,generator,Duff Solar Park,US-IN,38.31341,-87.02063,100,under_construction,,Duff Solar Park LLC,eia:860m,https://www.eia.gov/electricity/data/eia860m/xls/august_generator2026.xlsx,2026-09-26T00:04:26Z,2026-08,69156,GEN01,67271,IN,Dubois,MISO,IPP Non-CHP,Solar Photovoltaic,solar,PV,Photovoltaic,SUN,Solar,100,100,100,V,"Under construction, more than 50 percent complete",2026-10-01
eia860:69158:REEDR,generator,SV CSG Reeder Solar,US-IL,40.92886,-90.49347,5,under_construction,,"SV CSG Reeder Solar, LLC",eia:860m,https://www.eia.gov/electricity/data/eia860m/xls/august_generator2026.xlsx,2026-09-26T00:04:26Z,2026-08,69158,REEDR,67287,IL,Knox,MISO,IPP Non-CHP,Solar Photovoltaic,solar,PV,Photovoltaic,SUN,Solar,5,5,5,U,"Under construction, less than or equal to 50 percent complete",2027-06-01
eia860:69159:DIEL,generator,SV CSG Diel 1,US-IL,38.70762,-88.22238,5,under_construction,,"SV CSG Diel 1, LLC",eia:860m,https://www.eia.gov/electricity/data/eia860m/xls/august_generator2026.xlsx,2026-09-26T00:04:26Z,2026-08,69159,DIEL,67288,IL,Richland,MISO,IPP Non-CHP,Solar Photovoltaic,solar,PV,Photovoltaic,SUN,Solar,5,5,5,V,"Under construction, more than 50 percent complete",2026-12-01
eia860:69160:OTTA1,generator,SV CSG Ottawa 1,US-IL,41.340799,-88.77689,3,planned,,SV CSG Ottawa 1 LLC,eia:860m,https://www.eia.gov/electricity/data/eia860m/xls/august_generator2026.xlsx,2026-09-26T00:04:26Z,2026-08,69160,OTTA1,67289,IL,LaSalle,MISO,IPP Non-CHP,Solar Photovoltaic,solar,PV,Photovoltaic,SUN,Solar,3,3,3,L,Regulatory approvals pending. Not under construction,2027-09-01
eia860:69167:BCKBN,generator,Backbone Creek BESS,US-TX,30.550207,-98.25687,121,under_construction,,Backbone BESS LLC,eia:860m,https://www.eia.gov/electricity/data/eia860m/xls/august_generator2026.xlsx,2026-09-26T00:04:26Z,2026-08,69167,BCKBN,67305,TX,Burnet,ERCO,IPP Non-CHP,Batteries,storage,BA,"Energy storage, battery",MWH,Electricity used for energy storage,121,121,121,V,"Under construction, more than 50 percent complete",2026-12-01
eia860:69169:FWS,generator,"Freshwater Solar, LLC",US-MI,43.338197,-85.04013,200,under_construction,,Freshwater Solar LLC,eia:860m,https://www.eia.gov/electricity/data/eia860m/xls/august_generator2026.xlsx,2026-09-26T00:04:26Z,2026-08,69169,FWS,67307,MI,Montcalm,MISO,IPP Non-CHP,Solar Photovoltaic,solar,PV,Photovoltaic,SUN,Solar,200,200,200,U,"Under construction, less than or equal to 50 percent complete",2027-06-01
eia860:69170:FW2,generator,"Freshwater Solar II, LLC",US-MI,43.310581,-85.05159,100,under_construction,,"Freshwater Solar II, LLC",eia:860m,https://www.eia.gov/electricity/data/eia860m/xls/august_generator2026.xlsx,2026-09-26T00:04:26Z,2026-08,69170,FW2,67308,MI,Montcalm,MISO,IPP Non-CHP,Solar Photovoltaic,solar,PV,Photovoltaic,SUN,Solar,100,100,100,U,"Under construction, less than or equal to 50 percent complete",2027-12-01
eia860:69174:11238,generator,Arlington 1,US-IL,41.454037,-89.29509,4.5,under_construction,,Generate Capital,eia:860m,https://www.eia.gov/electricity/data/eia860m/xls/august_generator2026.xlsx,2026-09-26T00:04:26Z,2026-08,69174,11238,61194,IL,Bureau,MISO,IPP Non-CHP,Solar Photovoltaic,solar,PV,Photovoltaic,SUN,Solar,4.5,4.5,4.5,V,"Under construction, more than 50 percent complete",2026-10-01
eia860:69175:11239,generator,Arlington 2,US-IL,41.454503,-89.29475,4.5,under_construction,,Generate Capital,eia:860m,https://www.eia.gov/electricity/data/eia860m/xls/august_generator2026.xlsx,2026-09-26T00:04:26Z,2026-08,69175,11239,61194,IL,Bureau,MISO,IPP Non-CHP,Solar Photovoltaic,solar,PV,Photovoltaic,SUN,Solar,4.5,4.5,4.5,V,"Under construction, more than 50 percent complete",2026-10-01
eia860:69176:11218,generator,Bonacci 1,US-IL,40.083997,-88.16215,2.5,under_construction,,Generate Capital,eia:860m,https://www.eia.gov/electricity/data/eia860m/xls/august_generator2026.xlsx,2026-09-26T00:04:26Z,2026-08,69176,11218,61194,IL,Champaign,MISO,IPP Non-CHP,Solar Photovoltaic,solar,PV,Photovoltaic,SUN,Solar,2.5,2.5,2.5,V,"Under construction, more than 50 percent complete",2027-02-01
eia860:69177:11218,generator,Bonacci 2,US-IL,40.083997,-88.16215,2.5,under_construction,,Generate Capital,eia:860m,https://www.eia.gov/electricity/data/eia860m/xls/august_generator2026.xlsx,2026-09-26T00:04:26Z,2026-08,69177,11218,61194,IL,Champaign,MISO,IPP Non-CHP,Solar Photovoltaic,solar,PV,Photovoltaic,SUN,Solar,2.5,2.5,2.5,V,"Under construction, more than 50 percent complete",2027-02-01
eia860:69178:11237,generator,Cherry Solar 1,US-IL,41.450314,-89.22483,5,under_construction,,Generate Capital,eia:860m,https://www.eia.gov/electricity/data/eia860m/xls/august_generator2026.xlsx,2026-09-26T00:04:26Z,2026-08,69178,11237,61194,IL,Bureau,MISO,IPP Non-CHP,Solar Photovoltaic,solar,PV,Photovoltaic,SUN,Solar,5,5,5,TS,"Construction complete, but not yet in commercial operation",2026-10-01
eia860:69180:11254,generator,Cold Springs,US-NY,43.137912,-76.27779,5,under_construction,,Generate Capital,eia:860m,https://www.eia.gov/electricity/data/eia860m/xls/august_generator2026.xlsx,2026-09-26T00:04:26Z,2026-08,69180,11254,61194,NY,Onondaga,NYIS,IPP Non-CHP,Solar Photovoltaic,solar,PV,Photovoltaic,SUN,Solar,5,5,5,TS,"Construction complete, but not yet in commercial operation",2026-10-01
eia860:69181:11150,generator,Hillview,US-NY,43.29864,-73.56023,5,under_construction,,Generate Capital,eia:860m,https://www.eia.gov/electricity/data/eia860m/xls/august_generator2026.xlsx,2026-09-26T00:04:26Z,2026-08,69181,11150,61194,NY,Warren,NYIS,IPP Non-CHP,Solar Photovoltaic,solar,PV,Photovoltaic,SUN,Solar,5,5,5,V,"Under construction, more than 50 percent complete",2026-12-01
eia860:69182:11225,generator,KA 340,US-IL,41.245,-87.753,5,under_construction,,Generate Capital,eia:860m,https://www.eia.gov/electricity/data/eia860m/xls/august_generator2026.xlsx,2026-09-26T00:04:26Z,2026-08,69182,11225,61194,IL,Kankakee,PJM,IPP Non-CHP,Solar Photovoltaic,solar,PV,Photovoltaic,SUN,Solar,5,5,5,V,"Under construction, more than 50 percent complete",2026-11-01
eia860:69184:WF5CT,generator,Waterford 5,US-LA,29.988583,-90.48565,478,planned,,Entergy Louisiana LLC,eia:860m,https://www.eia.gov/electricity/data/eia860m/xls/august_generator2026.xlsx,2026-09-26T00:04:26Z,2026-08,69184,WF5CT,11241,LA,St Charles,MISO,Electric Utility,Natural Gas Fired Combined Cycle,natural_gas,CT,Combined cycle combustion turbine part,NG,Natural gas,478,420,455,T,Regulatory approvals received. Not under construction,2029-06-01
eia860:69184:WF5ST,generator,Waterford 5,US-LA,29.988583,-90.48565,342,planned,,Entergy Louisiana LLC,eia:860m,https://www.eia.gov/electricity/data/eia860m/xls/august_generator2026.xlsx,2026-09-26T00:04:26Z,2026-08,69184,WF5ST,11241,LA,St Charles,MISO,Electric Utility,Natural Gas Fired Combined Cycle,natural_gas,CA,Combined cycle steam part,NG,Natural gas,342,310,315,T,Regulatory approvals received. Not under construction,2029-06-01
eia860:69185:JPS1,generator,Jefferson Power Station,US-AR,34.427527,-92.13996,342,planned,,Entergy Arkansas LLC,eia:860m,https://www.eia.gov/electricity/data/eia860m/xls/august_generator2026.xlsx,2026-09-26T00:04:26Z,2026-08,69185,JPS1,814,AR,Jefferson,MISO,Electric Utility,Natural Gas Fired Combined Cycle,natural_gas,CA,Combined cycle steam part,NG,Natural gas,342,310,315,L,Regulatory approvals pending. Not under construction,2029-11-01
eia860:69185:JPSCT,generator,Jefferson Power Station,US-AR,34.427527,-92.13996,478,planned,,Entergy Arkansas LLC,eia:860m,https://www.eia.gov/electricity/data/eia860m/xls/august_generator2026.xlsx,2026-09-26T00:04:26Z,2026-08,69185,JPSCT,814,AR,Jefferson,MISO,Electric Utility,Natural Gas Fired Combined Cycle,natural_gas,CT,Combined cycle combustion turbine part,NG,Natural gas,478,420,455,L,Regulatory approvals pending. Not under construction,2029-11-01
eia860:69189:C2BS,generator,Cowboy Solar II,US-WY,41.032968,-104.3816,200,planned,,"TGE Wyoming 225, LLC",eia:860m,https://www.eia.gov/electricity/data/eia860m/xls/august_generator2026.xlsx,2026-09-26T00:04:26Z,2026-08,69189,C2BS,67329,WY,Laramie,WACM,IPP Non-CHP,Batteries,storage,BA,"Energy storage, battery",MWH,Electricity used for energy storage,200,200,200,P,"Planned for installation, but regulatory approvals not initiated",2027-12-01
eia860:69189:C2PV,generator,Cowboy Solar II,US-WY,41.032968,-104.3816,365,planned,,"TGE Wyoming 225, LLC",eia:860m,https://www.eia.gov/electricity/data/eia860m/xls/august_generator2026.xlsx,2026-09-26T00:04:26Z,2026-08,69189,C2PV,67329,WY,Laramie,WACM,IPP Non-CHP,Solar Photovoltaic,solar,PV,Photovoltaic,SUN,Solar,365,365,365,T,Regulatory approvals received. Not under construction,2027-12-01
eia860:69194:MCBA,generator,Maiden Creek Battery,US-NC,35.613673,-81.18707,50,under_construction,,"Duke Energy Carolinas, LLC",eia:860m,https://www.eia.gov/electricity/data/eia860m/xls/august_generator2026.xlsx,2026-09-26T00:04:26Z,2026-08,69194,MCBA,5416,NC,Catawba,DUK,Electric Utility,Batteries,storage,BA,"Energy storage, battery",MWH,Electricity used for energy storage,50,50,50,U,"Under construction, less than or equal to 50 percent complete",2027-07-01
eia860:69195:LONTB,generator,Longtown Energy Storage,US-SC,34.416433,-80.86814,4.5,under_construction,,"Duke Energy Carolinas, LLC",eia:860m,https://www.eia.gov/electricity/data/eia860m/xls/august_generator2026.xlsx,2026-09-26T00:04:26Z,2026-08,69195,LONTB,5416,SC,Fairfield,DUK,Electric Utility,Batteries,storage,BA,"Energy storage, battery",MWH,Electricity used for energy storage,4.5,4.5,4.5,V,"Under construction, more than 50 percent complete",2026-09-01
eia860:69196:NEBOB,generator,Nebo Energy Storage,US-NC,35.791718,-81.85104,2.7,under_construction,,"Duke Energy Carolinas, LLC",eia:860m,https://www.eia.gov/electricity/data/eia860m/xls/august_generator2026.xlsx,2026-09-26T00:04:26Z,2026-08,69196,NEBOB,5416,NC,Burke,DUK,Electric Utility,Batteries,storage,BA,"Energy storage, battery",MWH,Electricity used for energy storage,2.7,2.7,2.7,U,"Under construction, less than or equal to 50 percent complete",2026-10-01
eia860:69197:HALIF,generator,Halifax County Solar,US-NC,36.2537,-77.6884,80,under_construction,,AES Clean Energy,eia:860m,https://www.eia.gov/electricity/data/eia860m/xls/august_generator2026.xlsx,2026-09-26T00:04:26Z,2026-08,69197,HALIF,64904,NC,Halifax,PJM,IPP Non-CHP,Solar Photovoltaic,solar,PV,Photovoltaic,SUN,Solar,80,80,80,U,"Under construction, less than or equal to 50 percent complete",2026-09-01
eia860:69198:ATL10,generator,"ATLAS Solar X, LLC",US-AZ,33.546706,-113.5562,225,planned,,"ATLAS Solar Manager, LLC",eia:860m,https://www.eia.gov/electricity/data/eia860m/xls/august_generator2026.xlsx,2026-09-26T00:04:26Z,2026-08,69198,ATL10,67335,AZ,La Paz,CISO,IPP Non-CHP,Solar Photovoltaic,solar,PV,Photovoltaic,SUN,Solar,225,225,225,P,"Planned for installation, but regulatory approvals not initiated",2027-12-01
eia860:69199:ATL11,generator,"ATLAS Solar XI, LLC",US-AZ,33.553361,-113.5803,200,planned,,"ATLAS Solar Manager, LLC",eia:860m,https://www.eia.gov/electricity/data/eia860m/xls/august_generator2026.xlsx,2026-09-26T00:04:26Z,2026-08,69199,ATL11,67335,AZ,La Paz,CISO,IPP Non-CHP,Solar Photovoltaic,solar,PV,Photovoltaic,SUN,Solar,200,200,200,P,"Planned for installation, but regulatory approvals not initiated",2027-12-01
eia860:69204:11241,generator,Little Creek,US-IL,40.564286,-90.88035,4,under_construction,,Generate Capital,eia:860m,https://www.eia.gov/electricity/data/eia860m/xls/august_generator2026.xlsx,2026-09-26T00:04:26Z,2026-08,69204,11241,61194,IL,McDonough,MISO,IPP Non-CHP,Solar Photovoltaic,solar,PV,Photovoltaic,SUN,Solar,4,4,4,V,"Under construction, more than 50 percent complete",2026-10-01
eia860:69205:11249,generator,Lodi I,US-NY,42.588337,-76.84425,5,under_construction,,Generate Capital,eia:860m,https://www.eia.gov/electricity/data/eia860m/xls/august_generator2026.xlsx,2026-09-26T00:04:26Z,2026-08,69205,11249,61194,NY,Schuyler,NYIS,IPP Non-CHP,Solar Photovoltaic,solar,PV,Photovoltaic,SUN,Solar,5,5,5,V,"Under construction, more than 50 percent complete",2026-11-01
eia860:69206:11250,generator,Lodi II,US-NY,42.586527,-76.84413,5,under_construction,,Generate Capital,eia:860m,https://www.eia.gov/electricity/data/eia860m/xls/august_generator2026.xlsx,2026-09-26T00:04:26Z,2026-08,69206,11250,61194,NY,Schuyler,NYIS,IPP Non-CHP,Solar Photovoltaic,solar,PV,Photovoltaic,SUN,Solar,5,5,5,V,"Under construction, more than 50 percent complete",2026-11-01
eia860:69207:11215,generator,Osman Trust,US-IL,42.267124,-88.45245,4.5,under_construction,,Generate Capital,eia:860m,https://www.eia.gov/electricity/data/eia860m/xls/august_generator2026.xlsx,2026-09-26T00:04:26Z,2026-08,69207,11215,61194,IL,McHenry,PJM,IPP Non-CHP,Solar Photovoltaic,solar,PV,Photovoltaic,SUN,Solar,4.5,4.5,4.5,V,"Under construction, more than 50 percent complete",2026-10-01
eia860:69211:PV1,generator,San Pedro Public Market (SPPM),US-CA,33.731297,-118.2795,1.2,under_construction,,"SPPM Operating, LLC",eia:860m,https://www.eia.gov/electricity/data/eia860m/xls/august_generator2026.xlsx,2026-09-26T00:04:26Z,2026-08,69211,PV1,67311,CA,Los Angeles,LDWP,IPP Non-CHP,Solar Photovoltaic,solar,PV,Photovoltaic,SUN,Solar,1.2,1.2,1.2,U,"Under construction, less than or equal to 50 percent complete",2027-06-01
eia860:69215:11216,generator,Sommer,US-IL,37.205915,-88.8179,2,under_construction,,Generate Capital,eia:860m,https://www.eia.gov/electricity/data/eia860m/xls/august_generator2026.xlsx,2026-09-26T00:04:26Z,2026-08,69215,11216,61194,IL,Massac,MISO,IPP Non-CHP,Solar Photovoltaic,solar,PV,Photovoltaic,SUN,Solar,2,2,2,U,"Under construction, less than or equal to 50 percent complete",2027-02-01
eia860:69218:11247,generator,Vienna,US-NY,43.23835,-75.69039,5,under_construction,,Generate Capital,eia:860m,https://www.eia.gov/electricity/data/eia860m/xls/august_generator2026.xlsx,2026-09-26T00:04:26Z,2026-08,69218,11247,61194,NY,Oneida,NYIS,IPP Non-CHP,Solar Photovoltaic,solar,PV,Photovoltaic,SUN,Solar,5,5,5,U,"Under construction, less than or equal to 50 percent complete",2026-11-01
eia860:69220:11253,generator,West Genesee,US-NY,43.165134,-76.41876,2.9,under_construction,,Generate Capital,eia:860m,https://www.eia.gov/electricity/data/eia860m/xls/august_generator2026.xlsx,2026-09-26T00:04:26Z,2026-08,69220,11253,61194,NY,Onondaga,NYIS,IPP Non-CHP,Solar Photovoltaic,solar,PV,Photovoltaic,SUN,Solar,2.9,2.9,2.9,V,"Under construction, more than 50 percent complete",2026-09-01
eia860:69222:5381,generator,American Canyon RV Boat Storage,US-CA,38.198033,-122.257,1.9,under_construction,,Napa Junction RV Storage LLC,eia:860m,https://www.eia.gov/electricity/data/eia860m/xls/august_generator2026.xlsx,2026-09-26T00:04:26Z,2026-08,69222,5381,67309,CA,Napa,CISO,Commercial Non-CHP,Solar Photovoltaic,solar,PV,Photovoltaic,SUN,Solar,1.9,1.9,1.9,V,"Under construction, more than 50 percent complete",2026-11-01
eia860:69223:GT1,generator,Vicksburg Advanced Power Station,US-MS,32.28526,-90.92568,477.7,under_construction,,Entergy Mississippi LLC,eia:860m,https://www.eia.gov/electricity/data/eia860m/xls/august_generator2026.xlsx,2026-09-26T00:04:26Z,2026-08,69223,GT1,12685,MS,Warren,MISO,Electric Utility,Natural Gas Fired Combined Cycle,natural_gas,CT,Combined cycle combustion turbine part,NG,Natural gas,477.7,422.8,547.5,U,"Under construction, less than or equal to 50 percent complete",2028-08-01
eia860:69223:ST1,generator,Vicksburg Advanced Power Station,US-MS,32.28526,-90.92568,341.7,under_construction,,Entergy Mississippi LLC,eia:860m,https://www.eia.gov/electricity/data/eia860m/xls/august_generator2026.xlsx,2026-09-26T00:04:26Z,2026-08,69223,ST1,12685,MS,Warren,MISO,Electric Utility,Natural Gas Fired Combined Cycle,natural_gas,CA,Combined cycle steam part,NG,Natural gas,341.7,291.9,292.4,U,"Under construction, less than or equal to 50 percent complete",2028-08-01
eia860:69226:KNBA1,generator,Knapp BESS,US-TX,32.6913,-101.0515,10,under_construction,,GoldenMax Energy Inc,eia:860m,https://www.eia.gov/electricity/data/eia860m/xls/august_generator2026.xlsx,2026-09-26T00:04:26Z,2026-08,69226,KNBA1,67333,TX,Scurry,ERCO,IPP Non-CHP,Batteries,storage,BA,"Energy storage, battery",MWH,Electricity used for energy storage,10,10,10,V,"Under construction, more than 50 percent complete",2026-10-01
eia860:69238:ATL6,generator,"ATLAS Solar VI, LLC",US-AZ,33.579227,-113.5742,100,under_construction,,"ATLAS Solar VI, LLC",eia:860m,https://www.eia.gov/electricity/data/eia860m/xls/august_generator2026.xlsx,2026-09-26T00:04:26Z,2026-08,69238,ATL6,67969,AZ,La Paz,CISO,IPP Non-CHP,Solar Photovoltaic,solar,PV,Photovoltaic,SUN,Solar,100,100,100,V,"Under construction, more than 50 percent complete",2026-09-01
eia860:69239:HSS,generator,High Spring Solar Energy,US-OK,35.576674,-95.65816,400,planned,,High Spring Solar Energy,eia:860m,https://www.eia.gov/electricity/data/eia860m/xls/august_generator2026.xlsx,2026-09-26T00:04:26Z,2026-08,69239,HSS,67326,OK,Muskogee,SWPP,IPP Non-CHP,Solar Photovoltaic,solar,PV,Photovoltaic,SUN,Solar,400,250.4,195.6,P,"Planned for installation, but regulatory approvals not initiated",2027-12-01
eia860:69242:PV1,generator,AB Van Nuys,US-CA,34.220959,-118.4768,1.6,planned,,"Roscoe Boulevard Operating, LLC",eia:860m,https://www.eia.gov/electricity/data/eia860m/xls/august_generator2026.xlsx,2026-09-26T00:04:26Z,2026-08,69242,PV1,67310,CA,Los Angeles,LDWP,IPP Non-CHP,Solar Photovoltaic,solar,PV,Photovoltaic,SUN,Solar,1.6,1.6,1.6,P,"Planned for installation, but regulatory approvals not initiated",2027-12-01
eia860:69245:NTFL,generator,Nightfall Solar,US-TX,29.259299,-99.72513,180,under_construction,,Sol Systems,eia:860m,https://www.eia.gov/electricity/data/eia860m/xls/august_generator2026.xlsx,2026-09-26T00:04:26Z,2026-08,69245,NTFL,61677,TX,Uvalde,ERCO,IPP Non-CHP,Solar Photovoltaic,solar,PV,Photovoltaic,SUN,Solar,180,180,180,U,"Under construction, less than or equal to 50 percent complete",2026-12-01
eia860:69246:BSOU1,generator,BESS TX Camarine - BSHOU001,US-TX,29.86648,-95.43066,9.9,under_construction,,Prologis Logistics Services Incorporated BESS,eia:860m,https://www.eia.gov/electricity/data/eia860m/xls/august_generator2026.xlsx,2026-09-26T00:04:26Z,2026-08,69246,BSOU1,67035,TX,Harris,ERCO,IPP Non-CHP,Batteries,storage,BA,"Energy storage, battery",MWH,Electricity used for energy storage,9.9,9.9,9.9,U,"Under construction, less than or equal to 50 percent complete",2026-11-01
eia860:69252:HABA1,generator,Harlingen #1 BESS 1,US-TX,26.206111,-97.70842,10,under_construction,,Harlingen ESS Assets LLC,eia:860m,https://www.eia.gov/electricity/data/eia860m/xls/august_generator2026.xlsx,2026-09-26T00:04:26Z,2026-08,69252,HABA1,67347,TX,Cameron,ERCO,IPP Non-CHP,Batteries,storage,BA,"Energy storage, battery",MWH,Electricity used for energy storage,10,10,10,V,"Under construction, more than 50 percent complete",2026-11-01
eia860:69253:NEBA1,generator,North Edinburg BESS 1,US-TX,26.347194,-98.18844,10,under_construction,,Edinburg ESS Assets LLC,eia:860m,https://www.eia.gov/electricity/data/eia860m/xls/august_generator2026.xlsx,2026-09-26T00:04:26Z,2026-08,69253,NEBA1,67348,TX,Hidalgo,ERCO,IPP Non-CHP,Batteries,storage,BA,"Energy storage, battery",MWH,Electricity used for energy storage,10,10,10,V,"Under construction, more than 50 percent complete",2026-11-01
eia860:69255:VESP1,generator,Vertus Energy Storage Plant,US-TX,29.392994,-95.03924,200,under_construction,,"Vertus Energy Storage, LLC",eia:860m,https://www.eia.gov/electricity/data/eia860m/xls/august_generator2026.xlsx,2026-09-26T00:04:26Z,2026-08,69255,VESP1,67357,TX,Galveston,ERCO,IPP Non-CHP,Batteries,storage,BA,"Energy storage, battery",MWH,Electricity used for energy storage,200,200,200,U,"Under construction, less than or equal to 50 percent complete",2026-09-01
eia860:69262:HILL1,generator,Hillsboro Solar Project,US-TX,32.029636,-97.14555,5,under_construction,,Ellomay USA Inc,eia:860m,https://www.eia.gov/electricity/data/eia860m/xls/august_generator2026.xlsx,2026-09-26T00:04:26Z,2026-08,69262,HILL1,67313,TX,Hill,ERCO,IPP Non-CHP,Solar Photovoltaic,solar,PV,Photovoltaic,SUN,Solar,5,5,5,V,"Under construction, more than 50 percent complete",2026-09-01
eia860:69262:HILL2,generator,Hillsboro Solar Project,US-TX,32.029636,-97.14555,5,under_construction,,Ellomay USA Inc,eia:860m,https://www.eia.gov/electricity/data/eia860m/xls/august_generator2026.xlsx,2026-09-26T00:04:26Z,2026-08,69262,HILL2,67313,TX,Hill,ERCO,IPP Non-CHP,Solar Photovoltaic,solar,PV,Photovoltaic,SUN,Solar,5,5,5,V,"Under construction, more than 50 percent complete",2026-09-01
eia860:69268:COYA1,generator,Coyanosa Gas,US-TX,31.275177,-103.1126,2.5,under_construction,,"RPC Merchant, LLC",eia:860m,https://www.eia.gov/electricity/data/eia860m/xls/august_generator2026.xlsx,2026-09-26T00:04:26Z,2026-08,69268,COYA1,67356,TX,Pecos,ERCO,IPP Non-CHP,Natural Gas Internal Combustion Engine,natural_gas,IC,Internal combustion engine,NG,Natural gas,2.5,2.5,2.5,U,"Under construction, less than or equal to 50 percent complete",2026-12-01
eia860:69268:COYA2,generator,Coyanosa Gas,US-TX,31.275177,-103.1126,2.5,under_construction,,"RPC Merchant, LLC",eia:860m,https://www.eia.gov/electricity/data/eia860m/xls/august_generator2026.xlsx,2026-09-26T00:04:26Z,2026-08,69268,COYA2,67356,TX,Pecos,ERCO,IPP Non-CHP,Natural Gas Internal Combustion Engine,natural_gas,IC,Internal combustion engine,NG,Natural gas,2.5,2.5,2.5,U,"Under construction, less than or equal to 50 percent complete",2026-12-01
eia860:69268:COYA3,generator,Coyanosa Gas,US-TX,31.275177,-103.1126,2.5,under_construction,,"RPC Merchant, LLC",eia:860m,https://www.eia.gov/electricity/data/eia860m/xls/august_generator2026.xlsx,2026-09-26T00:04:26Z,2026-08,69268,COYA3,67356,TX,Pecos,ERCO,IPP Non-CHP,Natural Gas Internal Combustion Engine,natural_gas,IC,Internal combustion engine,NG,Natural gas,2.5,2.5,2.5,U,"Under construction, less than or equal to 50 percent complete",2026-12-01
eia860:69268:COYA4,generator,Coyanosa Gas,US-TX,31.275177,-103.1126,2.5,under_construction,,"RPC Merchant, LLC",eia:860m,https://www.eia.gov/electricity/data/eia860m/xls/august_generator2026.xlsx,2026-09-26T00:04:26Z,2026-08,69268,COYA4,67356,TX,Pecos,ERCO,IPP Non-CHP,Natural Gas Internal Combustion Engine,natural_gas,IC,Internal combustion engine,NG,Natural gas,2.5,2.5,2.5,U,"Under construction, less than or equal to 50 percent complete",2026-12-01
eia860:69271:STAG1,generator,Staghorn Gas,US-TX,31.457838,-103.0847,3.3,under_construction,,"RPC Merchant, LLC",eia:860m,https://www.eia.gov/electricity/data/eia860m/xls/august_generator2026.xlsx,2026-09-26T00:04:26Z,2026-08,69271,STAG1,67356,TX,Ward,ERCO,IPP Non-CHP,Natural Gas Internal Combustion Engine,natural_gas,IC,Internal combustion engine,NG,Natural gas,3.3,3.3,3.3,TS,"Construction complete, but not yet in commercial operation",2026-10-01
eia860:69271:STAG2,generator,Staghorn Gas,US-TX,31.457838,-103.0847,3.3,under_construction,,"RPC Merchant, LLC",eia:860m,https://www.eia.gov/electricity/data/eia860m/xls/august_generator2026.xlsx,2026-09-26T00:04:26Z,2026-08,69271,STAG2,67356,TX,Ward,ERCO,IPP Non-CHP,Natural Gas Internal Combustion Engine,natural_gas,IC,Internal combustion engine,NG,Natural gas,3.3,3.3,3.3,TS,"Construction complete, but not yet in commercial operation",2026-10-01
eia860:69271:STAG3,generator,Staghorn Gas,US-TX,31.457838,-103.0847,3.3,under_construction,,"RPC Merchant, LLC",eia:860m,https://www.eia.gov/electricity/data/eia860m/xls/august_generator2026.xlsx,2026-09-26T00:04:26Z,2026-08,69271,STAG3,67356,TX,Ward,ERCO,IPP Non-CHP,Natural Gas Internal Combustion Engine,natural_gas,IC,Internal combustion engine,NG,Natural gas,3.3,3.3,3.3,TS,"Construction complete, but not yet in commercial operation",2026-10-01
eia860:69272:SEQII,generator,Enbridge Solar (Sequoia II),US-TX,32.341078,-99.17308,415,under_construction,,"Enbridge Solar (Sequoia II), LLC",eia:860m,https://www.eia.gov/electricity/data/eia860m/xls/august_generator2026.xlsx,2026-09-26T00:04:26Z,2026-08,69272,SEQII,67361,TX,Callahan,ERCO,IPP Non-CHP,Solar Photovoltaic,solar,PV,Photovoltaic,SUN,Solar,415,415,350,V,"Under construction, more than 50 percent complete",2026-12-01
eia860:69275:23210,generator,SL Ashville,US-NY,42.071667,-79.41167,3.8,under_construction,,"SL Ashville, LLC",eia:860m,https://www.eia.gov/electricity/data/eia860m/xls/august_generator2026.xlsx,2026-09-26T00:04:26Z,2026-08,69275,23210,67373,NY,Chautauqua,NYIS,IPP Non-CHP,Solar Photovoltaic,solar,PV,Photovoltaic,SUN,Solar,3.8,3.8,3.8,V,"Under construction, more than 50 percent complete",2026-11-01
eia860:69276:23219,generator,SL Ashville 2,US-NY,42.071667,-79.41167,4.3,under_construction,,"SL Ashville 2, LLC",eia:860m,https://www.eia.gov/electricity/data/eia860m/xls/august_generator2026.xlsx,2026-09-26T00:04:26Z,2026-08,69276,23219,67374,NY,Chautauqua,NYIS,IPP Non-CHP,Solar Photovoltaic,solar,PV,Photovoltaic,SUN,Solar,4.3,4.3,4.3,V,"Under construction, more than 50 percent complete",2026-11-01
eia860:69277:GR001,generator,Gunnar Reliability Project,US-TX,26.315571,-98.14851,150,under_construction,,Gunnar Reliability Project LLC,eia:860m,https://www.eia.gov/electricity/data/eia860m/xls/august_generator2026.xlsx,2026-09-26T00:04:26Z,2026-08,69277,GR001,67370,TX,Hidalgo,ERCO,IPP Non-CHP,Batteries,storage,BA,"Energy storage, battery",MWH,Electricity used for energy storage,150,150,150,U,"Under construction, less than or equal to 50 percent complete",2026-12-01
eia860:69278:1,generator,Fortress 1,US-CO,40.26,-103.57,199,planned,,Fortress Solar 1 LLC,eia:860m,https://www.eia.gov/electricity/data/eia860m/xls/august_generator2026.xlsx,2026-09-26T00:04:26Z,2026-08,69278,1,67371,CO,Morgan,PSCO,IPP Non-CHP,Solar Photovoltaic,solar,PV,Photovoltaic,SUN,Solar,199,199,199,L,Regulatory approvals pending. Not under construction,2028-03-01
eia860:69278:2,generator,Fortress 1,US-CO,40.26,-103.57,150,planned,,Fortress Solar 1 LLC,eia:860m,https://www.eia.gov/electricity/data/eia860m/xls/august_generator2026.xlsx,2026-09-26T00:04:26Z,2026-08,69278,2,67371,CO,Morgan,PSCO,IPP Non-CHP,Batteries,storage,BA,"Energy storage, battery",MWH,Electricity used for energy storage,150,150,150,L,Regulatory approvals pending. Not under construction,2028-03-01
eia860:69278:3,generator,Fortress 1,US-CO,40.26,-103.57,49.9,planned,,Fortress Solar 1 LLC,eia:860m,https://www.eia.gov/electricity/data/eia860m/xls/august_generator2026.xlsx,2026-09-26T00:04:26Z,2026-08,69278,3,67371,CO,Morgan,PSCO,IPP Non-CHP,Batteries,storage,BA,"Energy storage, battery",MWH,Electricity used for energy storage,49.9,49.9,49.9,L,Regulatory approvals pending. Not under construction,2028-03-01
eia860:69283:TWPV1,generator,Three W Solar,US-TX,32.032404,-97.21424,110.9,under_construction,,Three W Solar LLC,eia:860m,https://www.eia.gov/electricity/data/eia860m/xls/august_generator2026.xlsx,2026-09-26T00:04:26Z,2026-08,69283,TWPV1,67381,TX,Hill,ERCO,IPP Non-CHP,Solar Photovoltaic,solar,PV,Photovoltaic,SUN,Solar,110.9,110.9,110.9,TS,"Construction complete, but not yet in commercial operation",2026-10-01
eia860:69290:DSBLM,generator,Desert Bloom,US-AZ,33.70299,-112.3219,150,under_construction,,RE Desert Bloom LLC,eia:860m,https://www.eia.gov/electricity/data/eia860m/xls/august_generator2026.xlsx,2026-09-26T00:04:26Z,2026-08,69290,DSBLM,67365,AZ,Maricopa,DOPD,IPP Non-CHP,Batteries,storage,BA,"Energy storage, battery",MWH,Electricity used for energy storage,150,150,150,TS,"Construction complete, but not yet in commercial operation",2026-09-01
eia860:69293:WTS1,generator,Waterton Solar I,US-CO,39.5,-105.07,4,under_construction,,Public Service Co of Colorado,eia:860m,https://www.eia.gov/electricity/data/eia860m/xls/august_generator2026.xlsx,2026-09-26T00:04:26Z,2026-08,69293,WTS1,15466,CO,Douglas,PSCO,Electric Utility,Solar Photovoltaic,solar,PV,Photovoltaic,SUN,Solar,4,4,4,U,"Under construction, less than or equal to 50 percent complete",2026-09-01
eia860:69294:OTS,generator,Oregon Trail Solar,US-OR,45.553436,-120.1861,41,under_construction,,Avangrid Power LLC,eia:860m,https://www.eia.gov/electricity/data/eia860m/xls/august_generator2026.xlsx,2026-09-26T00:04:26Z,2026-08,69294,OTS,15399,OR,Gilliam,BPAT,IPP Non-CHP,Solar Photovoltaic,solar,PV,Photovoltaic,SUN,Solar,41,41,41,U,"Under construction, less than or equal to 50 percent complete",2027-04-01
eia860:69295:DFBSS,generator,Duffy BESS,US-TX,28.854592,-96.08606,235.9,under_construction,,Duffy Energy Storage LLC,eia:860m,https://www.eia.gov/electricity/data/eia860m/xls/august_generator2026.xlsx,2026-09-26T00:04:26Z,2026-08,69295,DFBSS,67389,TX,Matagorda,ERCO,IPP Non-CHP,Batteries,storage,BA,"Energy storage, battery",MWH,Electricity used for energy storage,235.9,235.9,235.9,V,"Under construction, more than 50 percent complete",2026-12-01
eia860:69299:4519,generator,Singer Solar,US-LA,30.694644,-93.33381,300,planned,,"Singer Solar, LLC",eia:860m,https://www.eia.gov/electricity/data/eia860m/xls/august_generator2026.xlsx,2026-09-26T00:04:26Z,2026-08,69299,4519,67383,LA,Beauregard,MISO,IPP Non-CHP,Solar Photovoltaic,solar,PV,Photovoltaic,SUN,Solar,300,300,300,P,"Planned for installation, but regulatory approvals not initiated",2027-03-01
eia860:69305:FITZH,generator,Enterprise MN - Fitzthum,US-MN,45.644581,-94.22744,1,under_construction,,Standard Solar,eia:860m,https://www.eia.gov/electricity/data/eia860m/xls/august_generator2026.xlsx,2026-09-26T00:04:26Z,2026-08,69305,FITZH,60531,MN,Stearns,MISO,IPP Non-CHP,Solar Photovoltaic,solar,PV,Photovoltaic,SUN,Solar,1,1,1,V,"Under construction, more than 50 percent complete",2026-10-01
eia860:69309:23215,generator,SL Pembroke,US-NY,43.028056,-78.45694,4,under_construction,,"SL Pembroke, LLC",eia:860m,https://www.eia.gov/electricity/data/eia860m/xls/august_generator2026.xlsx,2026-09-26T00:04:26Z,2026-08,69309,23215,67391,NY,Genesee,NYIS,IPP Non-CHP,Solar Photovoltaic,solar,PV,Photovoltaic,SUN,Solar,4,4,4,V,"Under construction, more than 50 percent complete",2026-11-01
eia860:69310:23220,generator,SL Pembroke 2,US-NY,43.028056,-78.45694,5,under_construction,,"SL Pembroke 2, LLC",eia:860m,https://www.eia.gov/electricity/data/eia860m/xls/august_generator2026.xlsx,2026-09-26T00:04:26Z,2026-08,69310,23220,67392,NY,Genesee,NYIS,IPP Non-CHP,Solar Photovoltaic,solar,PV,Photovoltaic,SUN,Solar,5,5,5,V,"Under construction, more than 50 percent complete",2026-11-01
eia860:69318:APPLE,generator,Apple BESS,US-TX,31.675697,-102.3638,9.9,under_construction,,"Apple Infra, LLC",eia:860m,https://www.eia.gov/electricity/data/eia860m/xls/august_generator2026.xlsx,2026-09-26T00:04:26Z,2026-08,69318,APPLE,67411,TX,Ector,ERCO,IPP Non-CHP,Batteries,storage,BA,"Energy storage, battery",MWH,Electricity used for energy storage,9.9,9.9,9.9,TS,"Construction complete, but not yet in commercial operation",2026-09-01
eia860:69338:LEAKY,generator,Regis Leakey,US-TX,29.681012,-99.76172,9.9,under_construction,,Regis Leakey LLC,eia:860m,https://www.eia.gov/electricity/data/eia860m/xls/august_generator2026.xlsx,2026-09-26T00:04:26Z,2026-08,69338,LEAKY,67405,TX,Real,ERCO,IPP Non-CHP,Batteries,storage,BA,"Energy storage, battery",MWH,Electricity used for energy storage,9.9,9.9,9.9,TS,"Construction complete, but not yet in commercial operation",2026-12-01
eia860:69340:MEDIN,generator,Regis Medina,US-TX,29.807877,-99.25467,9.9,under_construction,,Regis Medina LLC,eia:860m,https://www.eia.gov/electricity/data/eia860m/xls/august_generator2026.xlsx,2026-09-26T00:04:26Z,2026-08,69340,MEDIN,67407,TX,Bandera,ERCO,IPP Non-CHP,Batteries,storage,BA,"Energy storage, battery",MWH,Electricity used for energy storage,9.9,9.9,9.9,V,"Under construction, more than 50 percent complete",2026-12-01
eia860:69351:HNYBS,generator,Honeycomb Solar and Storage,US-TX,28.184344,-97.77169,76.5,under_construction,,"Honeycomb Solar Holdco, LLC",eia:860m,https://www.eia.gov/electricity/data/eia860m/xls/august_generator2026.xlsx,2026-09-26T00:04:26Z,2026-08,69351,HNYBS,67448,TX,Bee,ERCO,IPP Non-CHP,Batteries,storage,BA,"Energy storage, battery",MWH,Electricity used for energy storage,76.5,76.5,76.5,V,"Under construction, more than 50 percent complete",2026-11-01
eia860:69351:HNYPV,generator,Honeycomb Solar and Storage,US-TX,28.184344,-97.77169,74.8,under_construction,,"Honeycomb Solar Holdco, LLC",eia:860m,https://www.eia.gov/electricity/data/eia860m/xls/august_generator2026.xlsx,2026-09-26T00:04:26Z,2026-08,69351,HNYPV,67448,TX,Bee,ERCO,IPP Non-CHP,Solar Photovoltaic,solar,PV,Photovoltaic,SUN,Solar,74.8,74.8,74.8,V,"Under construction, more than 50 percent complete",2026-11-01
eia860:69356:PWLNB,generator,Powerline Energy Storage,US-FL,28.96684,-82.61751,100,under_construction,,"Duke Energy Florida, LLC",eia:860m,https://www.eia.gov/electricity/data/eia860m/xls/august_generator2026.xlsx,2026-09-26T00:04:26Z,2026-08,69356,PWLNB,6455,FL,Citrus,FPC,Electric Utility,Batteries,storage,BA,"Energy storage, battery",MWH,Electricity used for energy storage,100,100,100,U,"Under construction, less than or equal to 50 percent complete",2027-03-01
eia860:69357:PV1,generator,Asheville Solar,US-NC,35.470591,-82.54223,9.5,under_construction,,Duke Energy Progress - (NC),eia:860m,https://www.eia.gov/electricity/data/eia860m/xls/august_generator2026.xlsx,2026-09-26T00:04:26Z,2026-08,69357,PV1,3046,NC,Buncombe,CPLW,Electric Utility,Solar Photovoltaic,solar,PV,Photovoltaic,SUN,Solar,9.5,9.5,9.5,V,"Under construction, more than 50 percent complete",2026-12-01
eia860:69364:REDEG,generator,Red Egret,US-TX,29.4229,-95.0049,300,under_construction,,"Red Egret, LLC",eia:860m,https://www.eia.gov/electricity/data/eia860m/xls/august_generator2026.xlsx,2026-09-26T00:04:26Z,2026-08,69364,REDEG,67453,TX,Galveston,ERCO,IPP Non-CHP,Batteries,storage,BA,"Energy storage, battery",MWH,Electricity used for energy storage,300,300,300,U,"Under construction, less than or equal to 50 percent complete",2027-10-01
eia860:69369:BARTE,generator,Bartell South PV I,US-NY,43.208874,-76.12219,3,under_construction,,Bartell South PV I LLC,eia:860m,https://www.eia.gov/electricity/data/eia860m/xls/august_generator2026.xlsx,2026-09-26T00:04:26Z,2026-08,69369,BARTE,67417,NY,Onondaga,NYIS,IPP Non-CHP,Solar Photovoltaic,solar,PV,Photovoltaic,SUN,Solar,3,3,3,V,"Under construction, more than 50 percent complete",2026-10-01
eia860:69371:HALIF,generator,Middle Road Solar Partners,US-PA,40.516,-76.937,2.5,under_construction,,Middle Road Solar Partners LLC,eia:860m,https://www.eia.gov/electricity/data/eia860m/xls/august_generator2026.xlsx,2026-09-26T00:04:26Z,2026-08,69371,HALIF,67419,PA,Dauphin,PJM,IPP Non-CHP,Solar Photovoltaic,solar,PV,Photovoltaic,SUN,Solar,2.5,2.5,2.5,V,"Under construction, more than 50 percent complete",2026-09-01
eia860:69372:KNOXS,generator,Knox II PV,US-NY,42.67591,-74.07563,5,under_construction,,Knox II PV LLC,eia:860m,https://www.eia.gov/electricity/data/eia860m/xls/august_generator2026.xlsx,2026-09-26T00:04:26Z,2026-08,69372,KNOXS,67420,NY,Albany,NYIS,IPP Non-CHP,Solar Photovoltaic,solar,PV,Photovoltaic,SUN,Solar,5,5,5,V,"Under construction, more than 50 percent complete",2026-11-01
eia860:69373:LITTL,generator,Little Falls PV,US-NY,42.98791,-74.86305,2.5,under_construction,,Little Falls PV LLC,eia:860m,https://www.eia.gov/electricity/data/eia860m/xls/august_generator2026.xlsx,2026-09-26T00:04:26Z,2026-08,69373,LITTL,67421,NY,Herkimer,NYIS,IPP Non-CHP,Solar Photovoltaic,solar,PV,Photovoltaic,SUN,Solar,2.5,2.5,2.5,V,"Under construction, more than 50 percent complete",2026-10-01
eia860:69375:LYSAN,generator,Lysander III PV,US-NY,43.219759,-76.38847,2.4,under_construction,,Lysander III PV LLC,eia:860m,https://www.eia.gov/electricity/data/eia860m/xls/august_generator2026.xlsx,2026-09-26T00:04:26Z,2026-08,69375,LYSAN,67423,NY,Onondaga,NYIS,IPP Non-CHP,Solar Photovoltaic,solar,PV,Photovoltaic,SUN,Solar,2.4,2.4,2.4,V,"Under construction, more than 50 percent complete",2026-10-01
eia860:69377:NEWFR,generator,New Freedom Solar Partners,US-PA,39.745,-76.696,2.5,under_construction,,New Freedom Solar Partners LLC,eia:860m,https://www.eia.gov/electricity/data/eia860m/xls/august_generator2026.xlsx,2026-09-26T00:04:26Z,2026-08,69377,NEWFR,67425,PA,York,PJM,IPP Non-CHP,Solar Photovoltaic,solar,PV,Photovoltaic,SUN,Solar,2.5,2.5,2.5,V,"Under construction, more than 50 percent complete",2026-10-01
eia860:69383:MALL1,generator,Mallory South PV I,US-NY,43.2669,-76.137,5,under_construction,,Mallory South PV I LLC,eia:860m,https://www.eia.gov/electricity/data/eia860m/xls/august_generator2026.xlsx,2026-09-26T00:04:26Z,2026-08,69383,MALL1,67433,NY,Oswego,NYIS,IPP Non-CHP,Solar Photovoltaic,solar,PV,Photovoltaic,SUN,Solar,5,5,5,V,"Under construction, more than 50 percent complete",2026-10-01
eia860:69384:MALL2,generator,Mallory South PV II,US-NY,43.2669,-76.137,5,under_construction,,Mallory South PV II LLC,eia:860m,https://www.eia.gov/electricity/data/eia860m/xls/august_generator2026.xlsx,2026-09-26T00:04:26Z,2026-08,69384,MALL2,67434,NY,Oswego,NYIS,IPP Non-CHP,Solar Photovoltaic,solar,PV,Photovoltaic,SUN,Solar,5,5,5,V,"Under construction, more than 50 percent complete",2026-10-01
eia860:69385:GEN1,generator,Hastings Generating Facility,US-MI,42.67856,-85.29629,1.6,planned,,NAPS - Hastings LLC,eia:860m,https://www.eia.gov/electricity/data/eia860m/xls/august_generator2026.xlsx,2026-09-26T00:04:26Z,2026-08,69385,GEN1,67428,MI,Barry,MISO,IPP Non-CHP,Landfill Gas,biomass,IC,Internal combustion engine,LFG,Landfill gas,1.6,1.6,1.6,T,Regulatory approvals received. Not under construction,2027-04-01
eia860:69392:BBIA,generator,Barton Branch IA,US-TX,31.103064,-96.66494,200,under_construction,,Barton Branch IA LLC,eia:860m,https://www.eia.gov/electricity/data/eia860m/xls/august_generator2026.xlsx,2026-09-26T00:04:26Z,2026-08,69392,BBIA,67463,TX,Robertson,ERCO,IPP Non-CHP,Batteries,storage,BA,"Energy storage, battery",MWH,Electricity used for energy storage,200,200,200,U,"Under construction, less than or equal to 50 percent complete",2026-11-01
eia860:69393:PHIEC,generator,Pamela Heights I Energy Center,US-TX,29.645345,-95.45021,100,under_construction,,Pamela Heights I Energy Center LLC,eia:860m,https://www.eia.gov/electricity/data/eia860m/xls/august_generator2026.xlsx,2026-09-26T00:04:26Z,2026-08,69393,PHIEC,67464,TX,Harris,ERCO,IPP Non-CHP,Batteries,storage,BA,"Energy storage, battery",MWH,Electricity used for energy storage,100,100,100,U,"Under construction, less than or equal to 50 percent complete",2027-01-01
eia860:69403:GOOD2,generator,Goodnight Wind II,US-TX,34.937162,-101.4339,265.5,under_construction,,"FGE Goodnight II, LLC",eia:860m,https://www.eia.gov/electricity/data/eia860m/xls/august_generator2026.xlsx,2026-09-26T00:04:26Z,2026-08,69403,GOOD2,67462,TX,Armstrong,ERCO,IPP Non-CHP,Onshore Wind Turbine,wind,WT,"Wind turbine, onshore",WND,Wind,265.5,265.5,265.5,U,"Under construction, less than or equal to 50 percent complete",2027-05-01
eia860:69404:CRAGB,generator,Craggy Energy Storage,US-NC,35.641793,-82.60868,30.5,under_construction,,"Duke Energy Carolinas, LLC",eia:860m,https://www.eia.gov/electricity/data/eia860m/xls/august_generator2026.xlsx,2026-09-26T00:04:26Z,2026-08,69404,CRAGB,5416,NC,Buncombe,CPLW,Electric Utility,Batteries,storage,BA,"Energy storage, battery",MWH,Electricity used for energy storage,30.5,30.5,30.5,V,"Under construction, more than 50 percent complete",2026-09-01
eia860:69423:BCNV2,generator,Bocanova Energy Storage II,US-TX,29.435422,-95.2511,150,under_construction,,Bocanova Power II LLC,eia:860m,https://www.eia.gov/electricity/data/eia860m/xls/august_generator2026.xlsx,2026-09-26T00:04:26Z,2026-08,69423,BCNV2,67488,TX,Brazoria,ERCO,IPP Non-CHP,Batteries,storage,BA,"Energy storage, battery",MWH,Electricity used for energy storage,150,150,150,V,"Under construction, more than 50 percent complete",2026-09-01
eia860:69424:FBS1,generator,Faraday Energy Storage,US-UT,40.082,-112.069,150,under_construction,,Lydian Energy,eia:860m,https://www.eia.gov/electricity/data/eia860m/xls/august_generator2026.xlsx,2026-09-26T00:04:26Z,2026-08,69424,FBS1,66950,UT,Utah,PACE,IPP Non-CHP,Batteries,storage,BA,"Energy storage, battery",MWH,Electricity used for energy storage,150,150,150,U,"Under construction, less than or equal to 50 percent complete",2026-09-01
eia860:69426:CA1,generator,Westlake Power Station,US-LA,30.281105,-93.30189,341.7,planned,,Entergy Louisiana LLC,eia:860m,https://www.eia.gov/electricity/data/eia860m/xls/august_generator2026.xlsx,2026-09-26T00:04:26Z,2026-08,69426,CA1,11241,LA,Calcasieu,MISO,Electric Utility,Natural Gas Fired Combined Cycle,natural_gas,CA,Combined cycle steam part,NG,Natural gas,341.7,341.7,299.6,P,"Planned for installation, but regulatory approvals not initiated",2030-10-01
eia860:69426:CT1,generator,Westlake Power Station,US-LA,30.281105,-93.30189,477.7,planned,,Entergy Louisiana LLC,eia:860m,https://www.eia.gov/electricity/data/eia860m/xls/august_generator2026.xlsx,2026-09-26T00:04:26Z,2026-08,69426,CT1,11241,LA,Calcasieu,MISO,Electric Utility,Natural Gas Fired Combined Cycle,natural_gas,CT,Combined cycle combustion turbine part,NG,Natural gas,477.7,390,443.4,P,"Planned for installation, but regulatory approvals not initiated",2030-10-01
eia860:69427:WAXWI,generator,Waxwing Solar CSG,US-CO,38.2963,-104.5525,3,under_construction,,Waxwing Solar,eia:860m,https://www.eia.gov/electricity/data/eia860m/xls/august_generator2026.xlsx,2026-09-26T00:04:26Z,2026-08,69427,WAXWI,67315,CO,Pueblo,PSCO,IPP Non-CHP,Solar Photovoltaic,solar,PV,Photovoltaic,SUN,Solar,3,3,3,U,"Under construction, less than or equal to 50 percent complete",2027-01-01
eia860:69429:AVLB1,generator,Asheville BESS,US-NC,35.472139,-82.54163,17.3,under_construction,,Duke Energy Progress - (NC),eia:860m,https://www.eia.gov/electricity/data/eia860m/xls/august_generator2026.xlsx,2026-09-26T00:04:26Z,2026-08,69429,AVLB1,3046,NC,Buncombe,CPLW,Electric Utility,Batteries,storage,BA,"Energy storage, battery",MWH,Electricity used for energy storage,17.3,17.3,17.3,U,"Under construction, less than or equal to 50 percent complete",2026-09-01
eia860:69444:ECB1,generator,Elm City BESS,US-NC,35.789717,-77.85501,20,under_construction,,Duke Energy Progress - (NC),eia:860m,https://www.eia.gov/electricity/data/eia860m/xls/august_generator2026.xlsx,2026-09-26T00:04:26Z,2026-08,69444,ECB1,3046,NC,Wilson,CPLE,Electric Utility,Batteries,storage,BA,"Energy storage, battery",MWH,Electricity used for energy storage,20,20,20,V,"Under construction, more than 50 percent complete",2026-09-01
eia860:69445:CT1,generator,Waterford 6,US-LA,29.988583,-90.48565,478,planned,,Entergy Louisiana LLC,eia:860m,https://www.eia.gov/electricity/data/eia860m/xls/august_generator2026.xlsx,2026-09-26T00:04:26Z,2026-08,69445,CT1,11241,LA,St Charles,MISO,Electric Utility,Natural Gas Fired Combined Cycle,natural_gas,CT,Combined cycle combustion turbine part,NG,Natural gas,478,420,455,P,"Planned for installation, but regulatory approvals not initiated",2030-06-01
eia860:69445:ST1,generator,Waterford 6,US-LA,29.988583,-90.48565,342,planned,,Entergy Louisiana LLC,eia:860m,https://www.eia.gov/electricity/data/eia860m/xls/august_generator2026.xlsx,2026-09-26T00:04:26Z,2026-08,69445,ST1,11241,LA,St Charles,MISO,Electric Utility,Natural Gas Fired Combined Cycle,natural_gas,CA,Combined cycle steam part,NG,Natural gas,342,310,315,P,"Planned for installation, but regulatory approvals not initiated",2030-06-01
eia860:69449:1A,generator,Richland Parish Power Station 1&2,US-LA,32.468339,-91.68038,469.3,planned,,Entergy Louisiana LLC,eia:860m,https://www.eia.gov/electricity/data/eia860m/xls/august_generator2026.xlsx,2026-09-26T00:04:26Z,2026-08,69449,1A,11241,LA,Richland,MISO,Electric Utility,Natural Gas Fired Combined Cycle,natural_gas,CT,Combined cycle combustion turbine part,NG,Natural gas,469.3,435.4,469.3,P,"Planned for installation, but regulatory approvals not initiated",2030-03-01
eia860:69449:1B,generator,Richland Parish Power Station 1&2,US-LA,32.468339,-91.68038,311,planned,,Entergy Louisiana LLC,eia:860m,https://www.eia.gov/electricity/data/eia860m/xls/august_generator2026.xlsx,2026-09-26T00:04:26Z,2026-08,69449,1B,11241,LA,Richland,MISO,Electric Utility,Natural Gas Fired Combined Cycle,natural_gas,CA,Combined cycle steam part,NG,Natural gas,311,302.8,303,P,"Planned for installation, but regulatory approvals not initiated",2030-03-01
eia860:69449:2A,generator,Richland Parish Power Station 1&2,US-LA,32.468339,-91.68038,469.3,planned,,Entergy Louisiana LLC,eia:860m,https://www.eia.gov/electricity/data/eia860m/xls/august_generator2026.xlsx,2026-09-26T00:04:26Z,2026-08,69449,2A,11241,LA,Richland,MISO,Electric Utility,Natural Gas Fired Combined Cycle,natural_gas,CT,Combined cycle combustion turbine part,NG,Natural gas,469.3,435.4,469.3,P,"Planned for installation, but regulatory approvals not initiated",2030-03-01
eia860:69449:2B,generator,Richland Parish Power Station 1&2,US-LA,32.468339,-91.68038,311,planned,,Entergy Louisiana LLC,eia:860m,https://www.eia.gov/electricity/data/eia860m/xls/august_generator2026.xlsx,2026-09-26T00:04:26Z,2026-08,69449,2B,11241,LA,Richland,MISO,Electric Utility,Natural Gas Fired Combined Cycle,natural_gas,CA,Combined cycle steam part,NG,Natural gas,311,302.8,303,P,"Planned for installation, but regulatory approvals not initiated",2030-03-01
eia860:69450:GEN01,generator,Emerald Bluffs Solar Park,US-WI,43.764276,-90.01398,225,planned,,Emerald Bluffs Solar Park LLC,eia:860m,https://www.eia.gov/electricity/data/eia860m/xls/august_generator2026.xlsx,2026-09-26T00:04:26Z,2026-08,69450,GEN01,67482,WI,Juneau,MISO,IPP Non-CHP,Solar Photovoltaic,solar,PV,Photovoltaic,SUN,Solar,225,225,225,L,Regulatory approvals pending. Not under construction,2028-12-01
eia860:69457:MEBA1,generator,Mesquite Clean Energy Center (BESS),US-TX,26.098447,-97.82261,10.1,under_construction,,On Energy Storage,eia:860m,https://www.eia.gov/electricity/data/eia860m/xls/august_generator2026.xlsx,2026-09-26T00:04:26Z,2026-08,69457,MEBA1,67494,TX,Cameron,ERCO,IPP Non-CHP,Batteries,storage,BA,"Energy storage, battery",MWH,Electricity used for energy storage,10.1,10.1,10.1,TS,"Construction complete, but not yet in commercial operation",2026-09-01
eia860:69461:1,generator,Keene Branch Solar,US-FL,27.658706,-82.2657,74.5,under_construction,,Tampa Electric Co,eia:860m,https://www.eia.gov/electricity/data/eia860m/xls/august_generator2026.xlsx,2026-09-26T00:04:26Z,2026-08,69461,1,18454,FL,Hillsborough,TEC,Electric Utility,Solar Photovoltaic,solar,PV,Photovoltaic,SUN,Solar,74.5,74.5,74.5,V,"Under construction, more than 50 percent complete",2026-12-01
eia860:69462:AUGSP,generator,Au Gres Solar Park,US-MI,44.118,-83.794,175,under_construction,,DTE Electric Company,eia:860m,https://www.eia.gov/electricity/data/eia860m/xls/august_generator2026.xlsx,2026-09-26T00:04:26Z,2026-08,69462,AUGSP,5109,MI,Arenac,MISO,Electric Utility,Solar Photovoltaic,solar,PV,Photovoltaic,SUN,Solar,175,175,175,U,"Under construction, less than or equal to 50 percent complete",2028-08-01
eia860:69463:BCRSP,generator,Beecher Solar Park,US-MI,41.923,-83.917,80,under_construction,,DTE Electric Company,eia:860m,https://www.eia.gov/electricity/data/eia860m/xls/august_generator2026.xlsx,2026-09-26T00:04:26Z,2026-08,69463,BCRSP,5109,MI,Lenawee,MISO,Electric Utility,Solar Photovoltaic,solar,PV,Photovoltaic,SUN,Solar,80,80,80,V,"Under construction, more than 50 percent complete",2027-06-01
eia860:69464:CDFSP,generator,Cedar Field Solar Park,US-MI,43.95,-84.55,145,under_construction,,DTE Electric Company,eia:860m,https://www.eia.gov/electricity/data/eia860m/xls/august_generator2026.xlsx,2026-09-26T00:04:26Z,2026-08,69464,CDFSP,5109,MI,Gladwin,MISO,Electric Utility,Solar Photovoltaic,solar,PV,Photovoltaic,SUN,Solar,145,145,145,V,"Under construction, more than 50 percent complete",2027-07-01
eia860:69465:CSTSP,generator,City of Detroit Castle Solar,US-MI,42.411333,-83.01867,10,under_construction,,DTE Electric Company,eia:860m,https://www.eia.gov/electricity/data/eia860m/xls/august_generator2026.xlsx,2026-09-26T00:04:26Z,2026-08,69465,CSTSP,5109,MI,Wayne,MISO,Electric Utility,Solar Photovoltaic,solar,PV,Photovoltaic,SUN,Solar,10,10,10,V,"Under construction, more than 50 percent complete",2026-10-01
eia860:69466:GRESP,generator,City of Detroit Greenfield,US-MI,42.420589,-83.09909,7,under_construction,,DTE Electric Company,eia:860m,https://www.eia.gov/electricity/data/eia860m/xls/august_generator2026.xlsx,2026-09-26T00:04:26Z,2026-08,69466,GRESP,5109,MI,Wayne,MISO,Electric Utility,Solar Photovoltaic,solar,PV,Photovoltaic,SUN,Solar,7,7,7,U,"Under construction, less than or equal to 50 percent complete",2027-09-01
eia860:69467:PETSP,generator,Peatville Solar Park,US-MI,43.64,-82.8,185,under_construction,,DTE Electric Company,eia:860m,https://www.eia.gov/electricity/data/eia860m/xls/august_generator2026.xlsx,2026-09-26T00:04:26Z,2026-08,69467,PETSP,5109,MI,Sanilac,MISO,Electric Utility,Solar Photovoltaic,solar,PV,Photovoltaic,SUN,Solar,185,185,185,U,"Under construction, less than or equal to 50 percent complete",2028-07-01
eia860:69468:PSVSP,generator,Poseyville Solar Park,US-MI,43.5178,-84.2254,206.4,under_construction,,DTE Electric Company,eia:860m,https://www.eia.gov/electricity/data/eia860m/xls/august_generator2026.xlsx,2026-09-26T00:04:26Z,2026-08,69468,PSVSP,5109,MI,Midland,MISO,Electric Utility,Solar Photovoltaic,solar,PV,Photovoltaic,SUN,Solar,206.4,117,117,U,"Under construction, less than or equal to 50 percent complete",2028-04-01
eia860:69470:SVCSP,generator,Silver Creek Solar Park,US-MI,43.837206,-83.05481,200,under_construction,,DTE Electric Company,eia:860m,https://www.eia.gov/electricity/data/eia860m/xls/august_generator2026.xlsx,2026-09-26T00:04:26Z,2026-08,69470,SVCSP,5109,MI,Huron,MISO,Electric Utility,Solar Photovoltaic,solar,PV,Photovoltaic,SUN,Solar,200,200,200,U,"Under construction, less than or equal to 50 percent complete",2028-08-01
eia860:69471:CLCSP,generator,Cold Creek Solar Park,US-MI,41.938,-85.003,100,under_construction,,DTE Electric Company,eia:860m,https://www.eia.gov/electricity/data/eia860m/xls/august_generator2026.xlsx,2026-09-26T00:04:26Z,2026-08,69471,CLCSP,5109,MI,Branch,MISO,Electric Utility,Solar Photovoltaic,solar,PV,Photovoltaic,SUN,Solar,100,100,100,TS,"Construction complete, but not yet in commercial operation",2026-09-01
eia860:69472:18198,generator,NYSolar06,US-NY,43.021667,-78.98806,3.5,under_construction,,"NYSolar06, LLC",eia:860m,https://www.eia.gov/electricity/data/eia860m/xls/august_generator2026.xlsx,2026-09-26T00:04:26Z,2026-08,69472,18198,67491,NY,Erie,NYIS,IPP Non-CHP,Solar Photovoltaic,solar,PV,Photovoltaic,SUN,Solar,3.5,3.5,3.5,V,"Under construction, more than 50 percent complete",2026-10-01
eia860:69473:23211,generator,SL Brockport,US-NY,43.201111,-77.89806,4.3,under_construction,,"SL Brockport, LLC",eia:860m,https://www.eia.gov/electricity/data/eia860m/xls/august_generator2026.xlsx,2026-09-26T00:04:26Z,2026-08,69473,23211,67490,NY,Monroe,NYIS,IPP Non-CHP,Solar Photovoltaic,solar,PV,Photovoltaic,SUN,Solar,4.3,4.3,4.3,V,"Under construction, more than 50 percent complete",2026-11-01
eia860:69474:SWTSU,generator,Sweet Sue Solar,US-VA,37.762,-77.191,74.8,under_construction,,Dominion Renewable Energy,eia:860m,https://www.eia.gov/electricity/data/eia860m/xls/august_generator2026.xlsx,2026-09-26T00:04:26Z,2026-08,69474,SWTSU,58468,VA,King William,PJM,IPP Non-CHP,Solar Photovoltaic,solar,PV,Photovoltaic,SUN,Solar,74.8,74.8,74.8,V,"Under construction, more than 50 percent complete",2027-09-01
eia860:69477:PLSNT,generator,Pleasant Prairie Solar Energy LLC,US-OH,39.944801,-83.20397,200,under_construction,,Invenergy Services LLC,eia:860m,https://www.eia.gov/electricity/data/eia860m/xls/august_generator2026.xlsx,2026-09-26T00:04:26Z,2026-08,69477,PLSNT,49893,OH,Franklin,PJM,IPP Non-CHP,Solar Photovoltaic,solar,PV,Photovoltaic,SUN,Solar,200,200,200,V,"Under construction, more than 50 percent complete",2026-12-01
eia860:69479:KSHKS,generator,Koshkonong Solar Energy Center LLC,US-WI,42.976875,-89.07209,300,under_construction,,Invenergy Services LLC,eia:860m,https://www.eia.gov/electricity/data/eia860m/xls/august_generator2026.xlsx,2026-09-26T00:04:26Z,2026-08,69479,KSHKS,49893,WI,Dane,MISO,IPP Non-CHP,Solar Photovoltaic,solar,PV,Photovoltaic,SUN,Solar,300,300,300,V,"Under construction, more than 50 percent complete",2026-12-01
eia860:69480:HGHNN,generator,High Noon Solar Energy LLC,US-WI,43.35326,-89.34738,300,under_construction,,Invenergy Services LLC,eia:860m,https://www.eia.gov/electricity/data/eia860m/xls/august_generator2026.xlsx,2026-09-26T00:04:26Z,2026-08,69480,HGHNN,49893,WI,Columbia,MISO,IPP Non-CHP,Solar Photovoltaic,solar,PV,Photovoltaic,SUN,Solar,300,300,300,U,"Under construction, less than or equal to 50 percent complete",2027-09-01
eia860:69481:FXTRT,generator,Foxtrot Solar Energy LLC,US-MO,37.352,-94.606,108.9,under_construction,,Evergy Missouri West,eia:860m,https://www.eia.gov/electricity/data/eia860m/xls/august_generator2026.xlsx,2026-09-26T00:04:26Z,2026-08,69481,FXTRT,12698,MO,Jasper,SWPP,Electric Utility,Solar Photovoltaic,solar,PV,Photovoltaic,SUN,Solar,108.9,108.9,108.9,U,"Under construction, less than or equal to 50 percent complete",2027-01-01
eia860:69482:BBS1,generator,Bluebird Solar,US-WA,45.896375,-120.3031,140,planned,,Avangrid Power LLC,eia:860m,https://www.eia.gov/electricity/data/eia860m/xls/august_generator2026.xlsx,2026-09-26T00:04:26Z,2026-08,69482,BBS1,15399,WA,Klickitat,BPAT,IPP Non-CHP,Solar Photovoltaic,solar,PV,Photovoltaic,SUN,Solar,140,140,140,T,Regulatory approvals received. Not under construction,2027-12-01
eia860:69496:PDRA,generator,Piedra Solar,US-TX,31.648989,-96.34517,280,under_construction,,"Piedra Solar, LLC",eia:860m,https://www.eia.gov/electricity/data/eia860m/xls/august_generator2026.xlsx,2026-09-26T00:04:26Z,2026-08,69496,PDRA,67487,TX,Freestone,ERCO,IPP Non-CHP,Solar Photovoltaic,solar,PV,Photovoltaic,SUN,Solar,280,280,280,TS,"Construction complete, but not yet in commercial operation",2026-12-01
eia860:69497:SLB,generator,Star Light Energy Center,US-NM,34.739572,-106.7928,100,under_construction,,Star Light Energy Center,eia:860m,https://www.eia.gov/electricity/data/eia860m/xls/august_generator2026.xlsx,2026-09-26T00:04:26Z,2026-08,69497,SLB,67486,NM,Valencia,PNM,IPP Non-CHP,Batteries,storage,BA,"Energy storage, battery",MWH,Electricity used for energy storage,100,100,100,U,"Under construction, less than or equal to 50 percent complete",2026-12-01
eia860:69497:SLS,generator,Star Light Energy Center,US-NM,34.739572,-106.7928,100,under_construction,,Star Light Energy Center,eia:860m,https://www.eia.gov/electricity/data/eia860m/xls/august_generator2026.xlsx,2026-09-26T00:04:26Z,2026-08,69497,SLS,67486,NM,Valencia,PNM,IPP Non-CHP,Solar Photovoltaic,solar,PV,Photovoltaic,SUN,Solar,100,100,100,U,"Under construction, less than or equal to 50 percent complete",2026-12-01
eia860:69506:GAIPV,generator,Gail Mountain Solar,US-TX,32.714612,-101.5274,244.4,planned,,Red River Clean Energy,eia:860m,https://www.eia.gov/electricity/data/eia860m/xls/august_generator2026.xlsx,2026-09-26T00:04:26Z,2026-08,69506,GAIPV,66509,TX,Borden,ERCO,IPP Non-CHP,Solar Photovoltaic,solar,PV,Photovoltaic,SUN,Solar,244.4,244.4,244.4,T,Regulatory approvals received. Not under construction,2028-08-01
eia860:69507:NHKRY,generator,New Hickory Solar,US-TX,29.069747,-96.8782,206,under_construction,,New Hickory Solar LLC,eia:860m,https://www.eia.gov/electricity/data/eia860m/xls/august_generator2026.xlsx,2026-09-26T00:04:26Z,2026-08,69507,NHKRY,67495,TX,Jackson,ERCO,IPP Non-CHP,Solar Photovoltaic,solar,PV,Photovoltaic,SUN,Solar,206,206,206,TS,"Construction complete, but not yet in commercial operation",2026-11-01
eia860:69508:1,generator,Marici,US-CA,34.007751,-117.9462,400,under_construction,,Marici Project LLC,eia:860m,https://www.eia.gov/electricity/data/eia860m/xls/august_generator2026.xlsx,2026-09-26T00:04:26Z,2026-08,69508,1,67498,CA,Los Angeles,CISO,IPP Non-CHP,Batteries,storage,BA,"Energy storage, battery",MWH,Electricity used for energy storage,400,400,400,U,"Under construction, less than or equal to 50 percent complete",2027-06-01
eia860:69509:1,generator,Gabriel,US-CA,34.11,-117.97,400,under_construction,,San Gabriel Project LLC,eia:860m,https://www.eia.gov/electricity/data/eia860m/xls/august_generator2026.xlsx,2026-09-26T00:04:26Z,2026-08,69509,1,67499,CA,Los Angeles,CISO,IPP Non-CHP,Batteries,storage,BA,"Energy storage, battery",MWH,Electricity used for energy storage,400,400,400,U,"Under construction, less than or equal to 50 percent complete",2027-04-01
eia860:69516:HAMM,generator,Hamms Landfill,US-NJ,41.1015,-74.6706,6,under_construction,,NJR Clean Energy Ventures Corporation,eia:860m,https://www.eia.gov/electricity/data/eia860m/xls/august_generator2026.xlsx,2026-09-26T00:04:26Z,2026-08,69516,HAMM,56990,NJ,Sussex,PJM,IPP Non-CHP,Solar Photovoltaic,solar,PV,Photovoltaic,SUN,Solar,6,6,6,V,"Under construction, more than 50 percent complete",2026-09-01
eia860:69517:BV3BA,generator,Buena Vista Energy Center III,US-NM,32.06659,-106.2853,100,under_construction,,"Buena Vista Energy Center III, LLC",eia:860m,https://www.eia.gov/electricity/data/eia860m/xls/august_generator2026.xlsx,2026-09-26T00:04:26Z,2026-08,69517,BV3BA,67485,NM,Otero,EPE,IPP Non-CHP,Batteries,storage,BA,"Energy storage, battery",MWH,Electricity used for energy storage,100,100,100,U,"Under construction, less than or equal to 50 percent complete",2026-12-01
eia860:69517:BV3SO,generator,Buena Vista Energy Center III,US-NM,32.06659,-106.2853,100,under_construction,,"Buena Vista Energy Center III, LLC",eia:860m,https://www.eia.gov/electricity/data/eia860m/xls/august_generator2026.xlsx,2026-09-26T00:04:26Z,2026-08,69517,BV3SO,67485,NM,Otero,EPE,IPP Non-CHP,Solar Photovoltaic,solar,PV,Photovoltaic,SUN,Solar,100,100,100,U,"Under construction, less than or equal to 50 percent complete",2026-12-01
eia860:69520:AMDRB,generator,Amador BESS,US-TX,32.479347,-96.0321,220,under_construction,,BT Amador Storage LLC,eia:860m,https://www.eia.gov/electricity/data/eia860m/xls/august_generator2026.xlsx,2026-09-26T00:04:26Z,2026-08,69520,AMDRB,67500,TX,Van Zandt,ERCO,IPP Non-CHP,Batteries,storage,BA,"Energy storage, battery",MWH,Electricity used for energy storage,220,220,220,V,"Under construction, more than 50 percent complete",2027-04-01
eia860:69522:1,generator,Brewster Solar,US-FL,27.74188,-81.96187,40,under_construction,,Tampa Electric Co,eia:860m,https://www.eia.gov/electricity/data/eia860m/xls/august_generator2026.xlsx,2026-09-26T00:04:26Z,2026-08,69522,1,18454,FL,Polk,TEC,Electric Utility,Solar Photovoltaic,solar,PV,Photovoltaic,SUN,Solar,40,40,40,U,"Under construction, less than or equal to 50 percent complete",2026-12-01
eia860:69523:1,generator,Mattaniah Solar,US-FL,27.893214,-82.04614,52,under_construction,,Tampa Electric Co,eia:860m,https://www.eia.gov/electricity/data/eia860m/xls/august_generator2026.xlsx,2026-09-26T00:04:26Z,2026-08,69523,1,18454,FL,Polk,TEC,Electric Utility,Solar Photovoltaic,solar,PV,Photovoltaic,SUN,Solar,52,52,52,U,"Under construction, less than or equal to 50 percent complete",2026-12-01
eia860:69524:WLB,generator,Windy Lane Energy Center,US-NM,34.587619,-104.0312,68,under_construction,,"Windy Lane Energy Center, LLC",eia:860m,https://www.eia.gov/electricity/data/eia860m/xls/august_generator2026.xlsx,2026-09-26T00:04:26Z,2026-08,69524,WLB,67507,NM,De Baca,PNM,IPP Non-CHP,Batteries,storage,BA,"Energy storage, battery",MWH,Electricity used for energy storage,68,68,68,U,"Under construction, less than or equal to 50 percent complete",2026-12-01
eia860:69524:WLS,generator,Windy Lane Energy Center,US-NM,34.587619,-104.0312,90,under_construction,,"Windy Lane Energy Center, LLC",eia:860m,https://www.eia.gov/electricity/data/eia860m/xls/august_generator2026.xlsx,2026-09-26T00:04:26Z,2026-08,69524,WLS,67507,NM,De Baca,PNM,IPP Non-CHP,Solar Photovoltaic,solar,PV,Photovoltaic,SUN,Solar,90,90,90,U,"Under construction, less than or equal to 50 percent complete",2026-12-01
eia860:69533:21938,generator,CA National City Terminal Ave,US-CA,32.654,-117.119,1.1,under_construction,,"Catalyze National City Terminal Avenue Microgrid, LLC",eia:860m,https://www.eia.gov/electricity/data/eia860m/xls/august_generator2026.xlsx,2026-09-26T00:04:26Z,2026-08,69533,21938,67510,CA,San Diego,CISO,IPP Non-CHP,Solar Photovoltaic,solar,PV,Photovoltaic,SUN,Solar,1.1,1.1,1.1,V,"Under construction, more than 50 percent complete",2026-11-01
eia860:69534:TOR_B,generator,Torrecillas Energy Storage,US-TX,27.618936,-98.83924,9.9,under_construction,,"Torrecillas Energy Storage, LLC",eia:860m,https://www.eia.gov/electricity/data/eia860m/xls/august_generator2026.xlsx,2026-09-26T00:04:26Z,2026-08,69534,TOR_B,67511,TX,Webb,ERCO,IPP Non-CHP,Batteries,storage,BA,"Energy storage, battery",MWH,Electricity used for energy storage,9.9,9.9,9.9,V,"Under construction, more than 50 percent complete",2026-12-01
eia860:69535:NS1,generator,Nutes Solar,US-NH,43.375125,-71.023,20,under_construction,,Walden Renewables Development LLC,eia:860m,https://www.eia.gov/electricity/data/eia860m/xls/august_generator2026.xlsx,2026-09-26T00:04:26Z,2026-08,69535,NS1,67489,NH,Strafford,ISNE,IPP Non-CHP,Solar Photovoltaic,solar,PV,Photovoltaic,SUN,Solar,20,20,20,U,"Under construction, less than or equal to 50 percent complete",2026-10-01
eia860:69537:1,generator,Lyon County Generating Station,US-MN,44.226167,-95.75362,210,planned,,Northern States Power Co - Minnesota,eia:860m,https://www.eia.gov/electricity/data/eia860m/xls/august_generator2026.xlsx,2026-09-26T00:04:26Z,2026-08,69537,1,13781,MN,Lyon,MISO,Electric Utility,Natural Gas Fired Combustion Turbine,natural_gas,GT,Combustion (gas) turbine,NG,Natural gas,210,193.3,222.5,L,Regulatory approvals pending. Not under construction,2028-12-01
eia860:69537:2,generator,Lyon County Generating Station,US-MN,44.226167,-95.75362,210,planned,,Northern States Power Co - Minnesota,eia:860m,https://www.eia.gov/electricity/data/eia860m/xls/august_generator2026.xlsx,2026-09-26T00:04:26Z,2026-08,69537,2,13781,MN,Lyon,MISO,Electric Utility,Natural Gas Fired Combustion Turbine,natural_gas,GT,Combustion (gas) turbine,NG,Natural gas,210,193.3,222.5,L,Regulatory approvals pending. Not under construction,2028-12-01
eia860:69539:TRAB,generator,Tracy BESS,US-CA,37.711459,-121.4895,40,under_construction,,Middle River Power,eia:860m,https://www.eia.gov/electricity/data/eia860m/xls/august_generator2026.xlsx,2026-09-26T00:04:26Z,2026-08,69539,TRAB,67514,CA,San Joaquin,CISO,IPP Non-CHP,Batteries,storage,BA,"Energy storage, battery",MWH,Electricity used for energy storage,40,40,40,U,"Under construction, less than or equal to 50 percent complete",2027-05-01
eia860:69540:RCS01,generator,Rock Creek Solar,US-IA,41.771603,-90.35751,150,under_construction,,Rock Creek Solar LLC,eia:860m,https://www.eia.gov/electricity/data/eia860m/xls/august_generator2026.xlsx,2026-09-26T00:04:26Z,2026-08,69540,RCS01,67515,IA,Clinton,MISO,IPP Non-CHP,Solar Photovoltaic,solar,PV,Photovoltaic,SUN,Solar,150,150,150,TS,"Construction complete, but not yet in commercial operation",2026-10-01
eia860:69541:VACB,generator,Vaca BESS,US-CA,38.398379,-121.924,59.5,planned,,Vaca Dixon BESS LLC,eia:860m,https://www.eia.gov/electricity/data/eia860m/xls/august_generator2026.xlsx,2026-09-26T00:04:26Z,2026-08,69541,VACB,67516,CA,Solano,CISO,IPP Non-CHP,Batteries,storage,BA,"Energy storage, battery",MWH,Electricity used for energy storage,59.5,57,57,L,Regulatory approvals pending. Not under construction,2027-07-01
eia860:69548:SFE,generator,FRP Forest Trail Solar,US-FL,30.440764,-81.83423,50,under_construction,,FRP Forest Trail Solar LLC,eia:860m,https://www.eia.gov/electricity/data/eia860m/xls/august_generator2026.xlsx,2026-09-26T00:04:26Z,2026-08,69548,SFE,67519,FL,Duval,JEA,IPP Non-CHP,Solar Photovoltaic,solar,PV,Photovoltaic,SUN,Solar,50,50,50,U,"Under construction, less than or equal to 50 percent complete",2026-12-01
eia860:69549:DLE1,generator,Dry Lake East Energy Center,US-NV,36.401094,-114.8652,200,under_construction,,Dry Lake East Energy Center,eia:860m,https://www.eia.gov/electricity/data/eia860m/xls/august_generator2026.xlsx,2026-09-26T00:04:26Z,2026-08,69549,DLE1,67520,NV,Clark,NEVP,IPP Non-CHP,Solar Photovoltaic,solar,PV,Photovoltaic,SUN,Solar,200,200,200,V,"Under construction, more than 50 percent complete",2026-12-01
eia860:69551:90915,generator,Holyoke MA BESS 1,US-MA,42.16774,-72.64898,5,under_construction,,Holyoke MA BESS 1 LLC,eia:860m,https://www.eia.gov/electricity/data/eia860m/xls/august_generator2026.xlsx,2026-09-26T00:04:26Z,2026-08,69551,90915,67522,MA,Hampden,ISNE,IPP Non-CHP,Batteries,storage,BA,"Energy storage, battery",MWH,Electricity used for energy storage,5,5,5,U,"Under construction, less than or equal to 50 percent complete",2026-09-01
eia860:69552:90916,generator,Danville VA BESS 2,US-VA,36.6052,-79.4358,11,under_construction,,Danville VA BESS 2 LLC,eia:860m,https://www.eia.gov/electricity/data/eia860m/xls/august_generator2026.xlsx,2026-09-26T00:04:26Z,2026-08,69552,90916,67523,VA,Pittsylvania,PJM,IPP Non-CHP,Batteries,storage,BA,"Energy storage, battery",MWH,Electricity used for energy storage,11,11,11,U,"Under construction, less than or equal to 50 percent complete",2026-10-01
eia860:69553:BCS,generator,Blacks Creek Solar,US-ID,43.499,-116.1918,400,under_construction,,"Blacks Creek Energy Center, LLC",eia:860m,https://www.eia.gov/electricity/data/eia860m/xls/august_generator2026.xlsx,2026-09-26T00:04:26Z,2026-08,69553,BCS,67526,ID,Ada,IPCO,IPP Non-CHP,Solar Photovoltaic,solar,PV,Photovoltaic,SUN,Solar,400,400,400,U,"Under construction, less than or equal to 50 percent complete",2027-06-01
eia860:69554:BELMO,generator,BPL NJ - Belmont,US-NJ,40.530503,-74.54493,1.8,under_construction,,Standard Solar,eia:860m,https://www.eia.gov/electricity/data/eia860m/xls/august_generator2026.xlsx,2026-09-26T00:04:26Z,2026-08,69554,BELMO,60531,NJ,Somerset,PJM,IPP Non-CHP,Solar Photovoltaic,solar,PV,Photovoltaic,SUN,Solar,1.8,1.8,1.8,TS,"Construction complete, but not yet in commercial operation",2026-09-01
eia860:69558:GRANT,generator,Pluma - SLT Grant,US-NM,32.762349,-108.1793,4.8,under_construction,,Standard Solar,eia:860m,https://www.eia.gov/electricity/data/eia860m/xls/august_generator2026.xlsx,2026-09-26T00:04:26Z,2026-08,69558,GRANT,60531,NM,Grant,PNM,IPP Non-CHP,Solar Photovoltaic,solar,PV,Photovoltaic,SUN,Solar,4.8,4.8,4.8,TS,"Construction complete, but not yet in commercial operation",2026-10-01
eia860:69560:MAGNO,generator,Sunrise Magnolia DE,US-DE,39.071366,-75.49303,3,under_construction,,Standard Solar,eia:860m,https://www.eia.gov/electricity/data/eia860m/xls/august_generator2026.xlsx,2026-09-26T00:04:26Z,2026-08,69560,MAGNO,60531,DE,Kent,PJM,IPP Non-CHP,Solar Photovoltaic,solar,PV,Photovoltaic,SUN,Solar,3,3,3,V,"Under construction, more than 50 percent complete",2027-03-01
eia860:69562:MINNE,generator,Minneola Solar,US-CA,34.846914,-116.7698,3,under_construction,,Minneola Solar,eia:860m,https://www.eia.gov/electricity/data/eia860m/xls/august_generator2026.xlsx,2026-09-26T00:04:26Z,2026-08,69562,MINNE,67524,CA,San Bernardino,CISO,IPP Non-CHP,Solar Photovoltaic,solar,PV,Photovoltaic,SUN,Solar,3,3,3,U,"Under construction, less than or equal to 50 percent complete",2026-11-01
eia860:69566:GEN1,generator,CPV Basin Ranch Energy Center,US-TX,31.506094,-103.4875,722.5,under_construction,,CPV Basin Ranch,eia:860m,https://www.eia.gov/electricity/data/eia860m/xls/august_generator2026.xlsx,2026-09-26T00:04:26Z,2026-08,69566,GEN1,67527,TX,Ward,ERCO,IPP Non-CHP,Natural Gas Fired Combined Cycle,natural_gas,CS,Combined cycle single shaft,NG,Natural gas,722.5,672.4,700.1,U,"Under construction, less than or equal to 50 percent complete",2029-02-01
eia860:69566:GEN2,generator,CPV Basin Ranch Energy Center,US-TX,31.506094,-103.4875,722.5,under_construction,,CPV Basin Ranch,eia:860m,https://www.eia.gov/electricity/data/eia860m/xls/august_generator2026.xlsx,2026-09-26T00:04:26Z,2026-08,69566,GEN2,67527,TX,Ward,ERCO,IPP Non-CHP,Natural Gas Fired Combined Cycle,natural_gas,CS,Combined cycle single shaft,NG,Natural gas,722.5,672.4,700.1,U,"Under construction, less than or equal to 50 percent complete",2029-02-01
eia860:69577:SPROR,generator,"Superior Solar Project, LLC",US-MI,46.455,-87.466,150,planned,,Invenergy Services LLC,eia:860m,https://www.eia.gov/electricity/data/eia860m/xls/august_generator2026.xlsx,2026-09-26T00:04:26Z,2026-08,69577,SPROR,49893,MI,Marquette,MISO,IPP Non-CHP,Solar Photovoltaic,solar,PV,Photovoltaic,SUN,Solar,150,100,100,P,"Planned for installation, but regulatory approvals not initiated",2028-12-01
eia860:69578:CFSPV,generator,"Casey Fork Solar, LLC",US-IL,38.452,-88.876,150,under_construction,,RWE Clean Energy,eia:860m,https://www.eia.gov/electricity/data/eia860m/xls/august_generator2026.xlsx,2026-09-26T00:04:26Z,2026-08,69578,CFSPV,67192,IL,Jefferson,MISO,IPP Non-CHP,Solar Photovoltaic,solar,PV,Photovoltaic,SUN,Solar,150,150,150,TS,"Construction complete, but not yet in commercial operation",2026-10-01
eia860:69579:HMWT,generator,"Honey Mesquite Wind, LLC",US-TX,32.030383,-101.1672,180.5,under_construction,,RWE Clean Energy,eia:860m,https://www.eia.gov/electricity/data/eia860m/xls/august_generator2026.xlsx,2026-09-26T00:04:26Z,2026-08,69579,HMWT,67192,TX,Sterling,ERCO,IPP Non-CHP,Onshore Wind Turbine,wind,WT,"Wind turbine, onshore",WND,Wind,180.5,180.5,180.5,TS,"Construction complete, but not yet in commercial operation",2026-12-01
eia860:69582:CSTP,generator,"Chester Solar Technology Park, LLC",US-VA,37.317,-77.466,160,planned,,"Chester Solar Technology Park, LLC",eia:860m,https://www.eia.gov/electricity/data/eia860m/xls/august_generator2026.xlsx,2026-09-26T00:04:26Z,2026-08,69582,CSTP,67532,VA,Chesterfield,PJM,IPP Non-CHP,Solar Photovoltaic,solar,PV,Photovoltaic,SUN,Solar,160,160,160,L,Regulatory approvals pending. Not under construction,2027-10-01
eia860:69584:3572,generator,Rising Star Solar,US-TX,26.382105,-98.61544,500,planned,,"Rising Star Solar, LLC",eia:860m,https://www.eia.gov/electricity/data/eia860m/xls/august_generator2026.xlsx,2026-09-26T00:04:26Z,2026-08,69584,3572,67534,TX,Starr,ERCO,IPP Non-CHP,Solar Photovoltaic,solar,PV,Photovoltaic,SUN,Solar,500,500,500,T,Regulatory approvals received. Not under construction,2028-12-01
eia860:69585:5568,generator,Kaufman Solar,US-TX,32.536696,-96.22112,200,under_construction,,"Kaufman Solar, LLC",eia:860m,https://www.eia.gov/electricity/data/eia860m/xls/august_generator2026.xlsx,2026-09-26T00:04:26Z,2026-08,69585,5568,67535,TX,Kaufman,ERCO,IPP Non-CHP,Solar Photovoltaic,solar,PV,Photovoltaic,SUN,Solar,200,200,200,TS,"Construction complete, but not yet in commercial operation",2026-09-01
eia860:69586:GPS,generator,"Great Plains Solar, LLC",US-IL,38.177944,-89.55289,100,under_construction,,"Great Plains Solar, LLC",eia:860m,https://www.eia.gov/electricity/data/eia860m/xls/august_generator2026.xlsx,2026-09-26T00:04:26Z,2026-08,69586,GPS,67536,IL,Perry,MISO,IPP Non-CHP,Solar Photovoltaic,solar,PV,Photovoltaic,SUN,Solar,100,100,100,V,"Under construction, more than 50 percent complete",2026-12-01
eia860:69588:YCWT,generator,"Yellow Cat Wind, LLC",US-TX,32.07,-96.83,270,under_construction,,RWE Clean Energy,eia:860m,https://www.eia.gov/electricity/data/eia860m/xls/august_generator2026.xlsx,2026-09-26T00:04:26Z,2026-08,69588,YCWT,67192,TX,Navarro,ERCO,IPP Non-CHP,Onshore Wind Turbine,wind,WT,"Wind turbine, onshore",WND,Wind,270,270,270,V,"Under construction, more than 50 percent complete",2026-12-01
eia860:69589:BEEK1,generator,Beekman Solar,US-LA,32.989386,-91.94288,206.8,under_construction,,"Beekman PV I, LLC",eia:860m,https://www.eia.gov/electricity/data/eia860m/xls/august_generator2026.xlsx,2026-09-26T00:04:26Z,2026-08,69589,BEEK1,67538,LA,Morehouse,MISO,IPP Non-CHP,Solar Photovoltaic,solar,PV,Photovoltaic,SUN,Solar,206.8,185,185,V,"Under construction, more than 50 percent complete",2027-02-01
eia860:69590:HC1,generator,Hollis Creek Solar,US-LA,31.661627,-93.47361,220,under_construction,,"Hollis Creek PV I, LLC",eia:860m,https://www.eia.gov/electricity/data/eia860m/xls/august_generator2026.xlsx,2026-09-26T00:04:26Z,2026-08,69590,HC1,67539,LA,Sabine,MISO,IPP Non-CHP,Solar Photovoltaic,solar,PV,Photovoltaic,SUN,Solar,220,200,200,V,"Under construction, more than 50 percent complete",2027-05-01
eia860:69591:20525,generator,20525 Nordhoff PV (North),US-CA,34.235572,-118.5811,1.9,under_construction,,"Amiscope Nordhoff, LP",eia:860m,https://www.eia.gov/electricity/data/eia860m/xls/august_generator2026.xlsx,2026-09-26T00:04:26Z,2026-08,69591,20525,67540,CA,Los Angeles,LDWP,IPP Non-CHP,Solar Photovoltaic,solar,PV,Photovoltaic,SUN,Solar,1.9,1.9,1.9,TS,"Construction complete, but not yet in commercial operation",2026-12-01
eia860:69592:PSKBS,generator,NL NY- Pulaski,US-NY,41.334309,-74.40401,2.5,under_construction,,Standard Solar,eia:860m,https://www.eia.gov/electricity/data/eia860m/xls/august_generator2026.xlsx,2026-09-26T00:04:26Z,2026-08,69592,PSKBS,60531,NY,Orange,NYIS,IPP Non-CHP,Batteries,storage,BA,"Energy storage, battery",MWH,Electricity used for energy storage,2.5,2.5,2.5,TS,"Construction complete, but not yet in commercial operation",2026-09-01
eia860:69592:PSKPV,generator,NL NY- Pulaski,US-NY,41.334309,-74.40401,2.5,under_construction,,Standard Solar,eia:860m,https://www.eia.gov/electricity/data/eia860m/xls/august_generator2026.xlsx,2026-09-26T00:04:26Z,2026-08,69592,PSKPV,60531,NY,Orange,NYIS,IPP Non-CHP,Solar Photovoltaic,solar,PV,Photovoltaic,SUN,Solar,2.5,2.5,2.5,TS,"Construction complete, but not yet in commercial operation",2026-09-01
eia860:69593:1,generator,MCCo BESS Generating Facility,US-OH,41.3026,-81.3604,3.9,under_construction,,The Medical Center Company,eia:860m,https://www.eia.gov/electricity/data/eia860m/xls/august_generator2026.xlsx,2026-09-26T00:04:26Z,2026-08,69593,1,59122,OH,Cuyahoga,PJM,IPP Non-CHP,Batteries,storage,BA,"Energy storage, battery",MWH,Electricity used for energy storage,3.9,3.9,3.9,V,"Under construction, more than 50 percent complete",2026-10-01
eia860:69593:2,generator,MCCo BESS Generating Facility,US-OH,41.3026,-81.3604,3.9,under_construction,,The Medical Center Company,eia:860m,https://www.eia.gov/electricity/data/eia860m/xls/august_generator2026.xlsx,2026-09-26T00:04:26Z,2026-08,69593,2,59122,OH,Cuyahoga,PJM,IPP Non-CHP,Batteries,storage,BA,"Energy storage, battery",MWH,Electricity used for energy storage,3.9,3.9,3.9,V,"Under construction, more than 50 percent complete",2026-10-01
eia860:69593:3,generator,MCCo BESS Generating Facility,US-OH,41.3026,-81.3604,3.9,under_construction,,The Medical Center Company,eia:860m,https://www.eia.gov/electricity/data/eia860m/xls/august_generator2026.xlsx,2026-09-26T00:04:26Z,2026-08,69593,3,59122,OH,Cuyahoga,PJM,IPP Non-CHP,Batteries,storage,BA,"Energy storage, battery",MWH,Electricity used for energy storage,3.9,3.9,3.9,V,"Under construction, more than 50 percent complete",2026-10-01
eia860:69593:4,generator,MCCo BESS Generating Facility,US-OH,41.3026,-81.3604,3.9,under_construction,,The Medical Center Company,eia:860m,https://www.eia.gov/electricity/data/eia860m/xls/august_generator2026.xlsx,2026-09-26T00:04:26Z,2026-08,69593,4,59122,OH,Cuyahoga,PJM,IPP Non-CHP,Batteries,storage,BA,"Energy storage, battery",MWH,Electricity used for energy storage,3.9,3.9,3.9,V,"Under construction, more than 50 percent complete",2026-10-01
eia860:69594:SPS,generator,"Switchgrass Plains Solar, LLC",US-IL,39.172414,-89.05787,100,under_construction,,"Switchgrass Plains Solar, LLC",eia:860m,https://www.eia.gov/electricity/data/eia860m/xls/august_generator2026.xlsx,2026-09-26T00:04:26Z,2026-08,69594,SPS,67537,IL,Fayette,MISO,IPP Non-CHP,Solar Photovoltaic,solar,PV,Photovoltaic,SUN,Solar,100,100,100,V,"Under construction, more than 50 percent complete",2026-12-01
eia860:69595:GTGEN,generator,Saddleback Generation Station,US-AZ,33.410034,-113.1694,375,planned,,Copia Power,eia:860m,https://www.eia.gov/electricity/data/eia860m/xls/august_generator2026.xlsx,2026-09-26T00:04:26Z,2026-08,69595,GTGEN,66217,AZ,Maricopa,AZPS,IPP Non-CHP,Natural Gas Fired Combined Cycle,natural_gas,CT,Combined cycle combustion turbine part,NG,Natural gas,375,345,365,P,"Planned for installation, but regulatory approvals not initiated",2030-12-01
eia860:69595:GTGN2,generator,Saddleback Generation Station,US-AZ,33.410034,-113.1694,375,planned,,Copia Power,eia:860m,https://www.eia.gov/electricity/data/eia860m/xls/august_generator2026.xlsx,2026-09-26T00:04:26Z,2026-08,69595,GTGN2,66217,AZ,Maricopa,AZPS,IPP Non-CHP,Natural Gas Fired Combined Cycle,natural_gas,CT,Combined cycle combustion turbine part,NG,Natural gas,375,345,345,P,"Planned for installation, but regulatory approvals not initiated",2030-12-01
eia860:69595:STGEN,generator,Saddleback Generation Station,US-AZ,33.410034,-113.1694,250,planned,,Copia Power,eia:860m,https://www.eia.gov/electricity/data/eia860m/xls/august_generator2026.xlsx,2026-09-26T00:04:26Z,2026-08,69595,STGEN,66217,AZ,Maricopa,AZPS,IPP Non-CHP,Natural Gas Fired Combined Cycle,natural_gas,CA,Combined cycle steam part,NG,Natural gas,250,230,245,P,"Planned for installation, but regulatory approvals not initiated",2030-12-01
eia860:69595:STGN2,generator,Saddleback Generation Station,US-AZ,33.410034,-113.1694,250,planned,,Copia Power,eia:860m,https://www.eia.gov/electricity/data/eia860m/xls/august_generator2026.xlsx,2026-09-26T00:04:26Z,2026-08,69595,STGN2,66217,AZ,Maricopa,AZPS,IPP Non-CHP,Natural Gas Fired Combined Cycle,natural_gas,CA,Combined cycle steam part,NG,Natural gas,250,230,245,P,"Planned for installation, but regulatory approvals not initiated",2030-12-01
eia860:69602:90918,generator,Essex VT BESS 1,US-VT,44.483701,-73.10717,16,under_construction,,Essex VT BESS 1 LLC,eia:860m,https://www.eia.gov/electricity/data/eia860m/xls/august_generator2026.xlsx,2026-09-26T00:04:26Z,2026-08,69602,90918,67543,VT,Chittenden,ISNE,IPP Non-CHP,Batteries,storage,BA,"Energy storage, battery",MWH,Electricity used for energy storage,16,16,16,U,"Under construction, less than or equal to 50 percent complete",2026-12-01
eia860:69603:90917,generator,Ipswich MA BESS 1,US-MA,42.716353,-70.84202,5,under_construction,,Ipswich MA BESS 1 LLC,eia:860m,https://www.eia.gov/electricity/data/eia860m/xls/august_generator2026.xlsx,2026-09-26T00:04:26Z,2026-08,69603,90917,67542,MA,Essex,ISNE,IPP Non-CHP,Batteries,storage,BA,"Energy storage, battery",MWH,Electricity used for energy storage,5,5,5,U,"Under construction, less than or equal to 50 percent complete",2026-10-01
eia860:69605:TENN,generator,Tennyson Solar,US-TX,31.726229,-100.2771,150,under_construction,,BNB Tennyson Solar LLC,eia:860m,https://www.eia.gov/electricity/data/eia860m/xls/august_generator2026.xlsx,2026-09-26T00:04:26Z,2026-08,69605,TENN,67546,TX,Coke,ERCO,IPP Non-CHP,Solar Photovoltaic,solar,PV,Photovoltaic,SUN,Solar,150,150,150,U,"Under construction, less than or equal to 50 percent complete",2026-12-01
eia860:69606:7496,generator,"Monarch Creek Wind, LLC",US-TX,33.183899,-99.42239,287.6,under_construction,,"Monarch Creek Wind, LLC",eia:860m,https://www.eia.gov/electricity/data/eia860m/xls/august_generator2026.xlsx,2026-09-26T00:04:26Z,2026-08,69606,7496,67547,TX,Throckmorton,ERCO,IPP Non-CHP,Onshore Wind Turbine,wind,WT,"Wind turbine, onshore",WND,Wind,287.6,287.6,287.6,V,"Under construction, more than 50 percent complete",2027-02-01
eia860:69608:SNSPI,generator,Sinnissippi Solar Energy LLC,US-WI,43.12592,-88.67098,100,planned,,Invenergy Services LLC,eia:860m,https://www.eia.gov/electricity/data/eia860m/xls/august_generator2026.xlsx,2026-09-26T00:04:26Z,2026-08,69608,SNSPI,49893,WI,Jefferson,MISO,IPP Non-CHP,Solar Photovoltaic,solar,PV,Photovoltaic,SUN,Solar,100,100,100,P,"Planned for installation, but regulatory approvals not initiated",2028-12-01
eia860:69609:EB702,generator,San Leandro 10 - sleba702,US-CA,37.71422,-122.182,1,under_construction,,Prologis Logistics Services Incorporated,eia:860m,https://www.eia.gov/electricity/data/eia860m/xls/august_generator2026.xlsx,2026-09-26T00:04:26Z,2026-08,69609,EB702,65869,CA,Alameda,CISO,IPP Non-CHP,Solar Photovoltaic,solar,PV,Photovoltaic,SUN,Solar,1,1,1,U,"Under construction, less than or equal to 50 percent complete",2027-05-01
eia860:69616:USLYN,generator,USS Lyndon Solar LLC,US-IL,41.659472,-89.92079,1,under_construction,,United States Solar Corporation,eia:860m,https://www.eia.gov/electricity/data/eia860m/xls/august_generator2026.xlsx,2026-09-26T00:04:26Z,2026-08,69616,USLYN,65173,IL,Whiteside,PJM,IPP Non-CHP,Solar Photovoltaic,solar,PV,Photovoltaic,SUN,Solar,1,1,1,V,"Under construction, more than 50 percent complete",2026-09-01
eia860:69620:WTS2,generator,Waterton Solar II,US-CO,39.5,-105.07,4,under_construction,,Public Service Co of Colorado,eia:860m,https://www.eia.gov/electricity/data/eia860m/xls/august_generator2026.xlsx,2026-09-26T00:04:26Z,2026-08,69620,WTS2,15466,CO,Douglas,PSCO,Electric Utility,Solar Photovoltaic,solar,PV,Photovoltaic,SUN,Solar,4,4,4,U,"Under construction, less than or equal to 50 percent complete",2026-09-01
eia860:69626:BMF,generator,FRP Miller Solar,US-FL,30.320634,-81.91274,50,under_construction,,FRP Miller Solar LLC,eia:860m,https://www.eia.gov/electricity/data/eia860m/xls/august_generator2026.xlsx,2026-09-26T00:04:26Z,2026-08,69626,BMF,67557,FL,Duval,JEA,IPP Non-CHP,Batteries,storage,BA,"Energy storage, battery",MWH,Electricity used for energy storage,50,50,50,U,"Under construction, less than or equal to 50 percent complete",2026-12-01
eia860:69626:SMF,generator,FRP Miller Solar,US-FL,30.320634,-81.91274,74.5,under_construction,,FRP Miller Solar LLC,eia:860m,https://www.eia.gov/electricity/data/eia860m/xls/august_generator2026.xlsx,2026-09-26T00:04:26Z,2026-08,69626,SMF,67557,FL,Duval,JEA,IPP Non-CHP,Solar Photovoltaic,solar,PV,Photovoltaic,SUN,Solar,74.5,74.5,74.5,U,"Under construction, less than or equal to 50 percent complete",2026-12-01
eia860:69628:GBPV1,generator,GBG SOLAR,US-TX,31.92835,-102.1617,22.2,under_construction,,"Greater Bryant G Solar, LLC",eia:860m,https://www.eia.gov/electricity/data/eia860m/xls/august_generator2026.xlsx,2026-09-26T00:04:26Z,2026-08,69628,GBPV1,67558,TX,Midland,ERCO,Industrial Non-CHP,Solar Photovoltaic,solar,PV,Photovoltaic,SUN,Solar,22.2,17.7,17.7,TS,"Construction complete, but not yet in commercial operation",2026-10-01
eia860:69629:BIGM1,generator,Big Muddy Solar,US-IL,37.86,-89.3,95,under_construction,,"Big Muddy Solar Project, LLC",eia:860m,https://www.eia.gov/electricity/data/eia860m/xls/august_generator2026.xlsx,2026-09-26T00:04:26Z,2026-08,69629,BIGM1,67560,IL,Jackson,MISO,IPP Non-CHP,Solar Photovoltaic,solar,PV,Photovoltaic,SUN,Solar,95,95,95,V,"Under construction, more than 50 percent complete",2026-10-01
eia860:69631:SFS01,generator,Sunflower Sky Energy Center,US-KS,37.502223,-95.64868,65,under_construction,,Evergy Missouri West,eia:860m,https://www.eia.gov/electricity/data/eia860m/xls/august_generator2026.xlsx,2026-09-26T00:04:26Z,2026-08,69631,SFS01,12698,KS,Wilson,SWPP,Electric Utility,Solar Photovoltaic,solar,PV,Photovoltaic,SUN,Solar,65,65,65,V,"Under construction, more than 50 percent complete",2027-05-01
eia860:69633:99757,generator,Lion Solar,US-AR,34.324581,-91.9253,200,planned,,Lion Solar LLC,eia:860m,https://www.eia.gov/electricity/data/eia860m/xls/august_generator2026.xlsx,2026-09-26T00:04:26Z,2026-08,69633,99757,67554,AR,Jefferson,MISO,IPP Non-CHP,Solar Photovoltaic,solar,PV,Photovoltaic,SUN,Solar,200,200,200,P,"Planned for installation, but regulatory approvals not initiated",2029-12-01
eia860:69635:74964,generator,Peach Wood Solar,US-GA,31.343419,-84.21269,261,planned,,Peach WoodSolar LLC,eia:860m,https://www.eia.gov/electricity/data/eia860m/xls/august_generator2026.xlsx,2026-09-26T00:04:26Z,2026-08,69635,74964,67563,GA,Mitchell,SOCO,IPP Non-CHP,Solar Photovoltaic,solar,PV,Photovoltaic,SUN,Solar,261,261,261,P,"Planned for installation, but regulatory approvals not initiated",2030-12-01
eia860:69636:69363,generator,Main Horn Solar,US-TX,31.984498,-96.36558,100,planned,,Main Horn Solar LLC,eia:860m,https://www.eia.gov/electricity/data/eia860m/xls/august_generator2026.xlsx,2026-09-26T00:04:26Z,2026-08,69636,69363,67564,TX,Navarro,ERCO,IPP Non-CHP,Solar Photovoltaic,solar,PV,Photovoltaic,SUN,Solar,100,100,100,P,"Planned for installation, but regulatory approvals not initiated",2029-12-01
eia860:69637:28152,generator,Oakley BESS,US-TX,33.41854,-97.18809,200,planned,,Oakley BESS LLC,eia:860m,https://www.eia.gov/electricity/data/eia860m/xls/august_generator2026.xlsx,2026-09-26T00:04:26Z,2026-08,69637,28152,67565,TX,Denton,ERCO,IPP Non-CHP,Batteries,storage,BA,"Energy storage, battery",MWH,Electricity used for energy storage,200,200,200,P,"Planned for installation, but regulatory approvals not initiated",2030-12-01
eia860:69638:11767,generator,Landshark Energy Generation Facility,US-MS,33.898797,-89.14577,160,planned,,Landshark Energy Generation Facility LLC,eia:860m,https://www.eia.gov/electricity/data/eia860m/xls/august_generator2026.xlsx,2026-09-26T00:04:26Z,2026-08,69638,11767,67566,MS,Calhoun,MISO,IPP Non-CHP,Solar Photovoltaic,solar,PV,Photovoltaic,SUN,Solar,160,160,160,P,"Planned for installation, but regulatory approvals not initiated",2030-12-01
eia860:69639:16777,generator,Triune Solar,US-TX,30.996927,-95.12384,100,planned,,Triune Solar LLC,eia:860m,https://www.eia.gov/electricity/data/eia860m/xls/august_generator2026.xlsx,2026-09-26T00:04:26Z,2026-08,69639,16777,67567,TX,Trinity,MISO,IPP Non-CHP,Solar Photovoltaic,solar,PV,Photovoltaic,SUN,Solar,100,100,100,P,"Planned for installation, but regulatory approvals not initiated",2030-12-01
eia860:69640:73509,generator,Cazadores Solar,US-TX,27.392246,-98.50107,300,planned,,Cazadores Solar LLC,eia:860m,https://www.eia.gov/electricity/data/eia860m/xls/august_generator2026.xlsx,2026-09-26T00:04:26Z,2026-08,69640,73509,67568,TX,Duval,ERCO,IPP Non-CHP,Solar Photovoltaic,solar,PV,Photovoltaic,SUN,Solar,300,300,300,P,"Planned for installation, but regulatory approvals not initiated",2029-12-01
eia860:69641:49453,generator,Metro BESS,US-TX,30.003245,-97.67794,200,planned,,Metro BESS LLC,eia:860m,https://www.eia.gov/electricity/data/eia860m/xls/august_generator2026.xlsx,2026-09-26T00:04:26Z,2026-08,69641,49453,67569,TX,Caldwell,ERCO,IPP Non-CHP,Batteries,storage,BA,"Energy storage, battery",MWH,Electricity used for energy storage,200,200,200,P,"Planned for installation, but regulatory approvals not initiated",2030-12-01
eia860:69642:96513,generator,Arkana Solar,US-AR,33.04521,-93.44841,100,planned,,Arkana Solar LLC,eia:860m,https://www.eia.gov/electricity/data/eia860m/xls/august_generator2026.xlsx,2026-09-26T00:04:26Z,2026-08,69642,96513,67570,AR,Columbia,MISO,IPP Non-CHP,Solar Photovoltaic,solar,PV,Photovoltaic,SUN,Solar,100,100,100,P,"Planned for installation, but regulatory approvals not initiated",2029-12-01
eia860:69643:60215,generator,Deep Space Solar,US-CO,38.402141,-103.286,300,planned,,Deep Space Solar LLC,eia:860m,https://www.eia.gov/electricity/data/eia860m/xls/august_generator2026.xlsx,2026-09-26T00:04:26Z,2026-08,69643,60215,67571,CO,Kiowa,PSCO,IPP Non-CHP,Solar Photovoltaic,solar,PV,Photovoltaic,SUN,Solar,300,300,300,P,"Planned for installation, but regulatory approvals not initiated",2030-12-01
eia860:69644:58441,generator,Pease River Solar,US-TX,33.991957,-99.69277,300,planned,,Pease River Solar LLC,eia:860m,https://www.eia.gov/electricity/data/eia860m/xls/august_generator2026.xlsx,2026-09-26T00:04:26Z,2026-08,69644,58441,67572,TX,Foard,ERCO,IPP Non-CHP,Solar Photovoltaic,solar,PV,Photovoltaic,SUN,Solar,300,300,300,P,"Planned for installation, but regulatory approvals not initiated",2030-12-01
eia860:69647:JCKSN,generator,"Jackson County Solar, LLC",US-MI,42.281921,-84.65668,125,under_construction,,Geronimo Power,eia:860m,https://www.eia.gov/electricity/data/eia860m/xls/august_generator2026.xlsx,2026-09-26T00:04:26Z,2026-08,69647,JCKSN,62759,MI,Jackson,MISO,IPP Non-CHP,Solar Photovoltaic,solar,PV,Photovoltaic,SUN,Solar,125,125,125,TS,"Construction complete, but not yet in commercial operation",2026-09-01
eia860:69648:BSBA2,generator,Rosamond South II,US-CA,34.852326,-118.4312,48,under_construction,,"Golden Fields Solar VI, LLC",eia:860m,https://www.eia.gov/electricity/data/eia860m/xls/august_generator2026.xlsx,2026-09-26T00:04:26Z,2026-08,69648,BSBA2,67587,CA,Kern,CISO,IPP Non-CHP,Batteries,storage,BA,"Energy storage, battery",MWH,Electricity used for energy storage,48,48,48,V,"Under construction, more than 50 percent complete",2026-11-01
eia860:69648:RSBA,generator,Rosamond South II,US-CA,34.852326,-118.4312,92,under_construction,,"Golden Fields Solar VI, LLC",eia:860m,https://www.eia.gov/electricity/data/eia860m/xls/august_generator2026.xlsx,2026-09-26T00:04:26Z,2026-08,69648,RSBA,67587,CA,Kern,CISO,IPP Non-CHP,Batteries,storage,BA,"Energy storage, battery",MWH,Electricity used for energy storage,92,92,92,V,"Under construction, more than 50 percent complete",2026-11-01
eia860:69649:3A,generator,Richland Parish Power Station 3,US-LA,32.496716,-91.69867,469.3,planned,,Entergy Louisiana LLC,eia:860m,https://www.eia.gov/electricity/data/eia860m/xls/august_generator2026.xlsx,2026-09-26T00:04:26Z,2026-08,69649,3A,11241,LA,Richland,MISO,Electric Utility,Natural Gas Fired Combined Cycle,natural_gas,CT,Combined cycle combustion turbine part,NG,Natural gas,469.3,435.4,469.3,P,"Planned for installation, but regulatory approvals not initiated",2030-10-01
eia860:69649:3B,generator,Richland Parish Power Station 3,US-LA,32.496716,-91.69867,311,planned,,Entergy Louisiana LLC,eia:860m,https://www.eia.gov/electricity/data/eia860m/xls/august_generator2026.xlsx,2026-09-26T00:04:26Z,2026-08,69649,3B,11241,LA,Richland,MISO,Electric Utility,Natural Gas Fired Combined Cycle,natural_gas,CA,Combined cycle steam part,NG,Natural gas,311,302.8,303,P,"Planned for installation, but regulatory approvals not initiated",2030-10-01
eia860:69650:4A,generator,Richland Parish Power Station 4,US-LA,32.497782,-91.6997,469.3,planned,,Entergy Louisiana LLC,eia:860m,https://www.eia.gov/electricity/data/eia860m/xls/august_generator2026.xlsx,2026-09-26T00:04:26Z,2026-08,69650,4A,11241,LA,Richland,MISO,Electric Utility,Natural Gas Fired Combined Cycle,natural_gas,CT,Combined cycle combustion turbine part,NG,Natural gas,469.3,435.4,469.3,P,"Planned for installation, but regulatory approvals not initiated",2030-10-01
eia860:69650:4B,generator,Richland Parish Power Station 4,US-LA,32.497782,-91.6997,311,planned,,Entergy Louisiana LLC,eia:860m,https://www.eia.gov/electricity/data/eia860m/xls/august_generator2026.xlsx,2026-09-26T00:04:26Z,2026-08,69650,4B,11241,LA,Richland,MISO,Electric Utility,Natural Gas Fired Combined Cycle,natural_gas,CA,Combined cycle steam part,NG,Natural gas,311,302.8,303,P,"Planned for installation, but regulatory approvals not initiated",2030-10-01
eia860:69654:ZEUB,generator,Zeus BESS,US-CA,37.711754,-121.4884,213.6,planned,,Zeus BESS LLC,eia:860m,https://www.eia.gov/electricity/data/eia860m/xls/august_generator2026.xlsx,2026-09-26T00:04:26Z,2026-08,69654,ZEUB,67580,CA,San Joaquin,CISO,IPP Non-CHP,Batteries,storage,BA,"Energy storage, battery",MWH,Electricity used for energy storage,213.6,200,200,P,"Planned for installation, but regulatory approvals not initiated",2031-09-01
eia860:69657:NS1,generator,New Salem Wind I,US-ND,46.730181,-101.3054,200,planned,,New Salem Wind I,eia:860m,https://www.eia.gov/electricity/data/eia860m/xls/august_generator2026.xlsx,2026-09-26T00:04:26Z,2026-08,69657,NS1,67576,ND,Morton,MISO,IPP Non-CHP,Onshore Wind Turbine,wind,WT,"Wind turbine, onshore",WND,Wind,200,83.1,102.6,P,"Planned for installation, but regulatory approvals not initiated",2028-12-01
eia860:69658:NS2,generator,New Salem Wind II,US-ND,46.797929,-101.4344,226,planned,,New Salem Wind II,eia:860m,https://www.eia.gov/electricity/data/eia860m/xls/august_generator2026.xlsx,2026-09-26T00:04:26Z,2026-08,69658,NS2,67577,ND,Morton,MISO,IPP Non-CHP,Onshore Wind Turbine,wind,WT,"Wind turbine, onshore",WND,Wind,226,95.3,117.5,P,"Planned for installation, but regulatory approvals not initiated",2028-12-01
eia860:69659:RBW,generator,Red Butte Wind,US-ND,47.063928,-101.4753,202,planned,,Red Butte Wind,eia:860m,https://www.eia.gov/electricity/data/eia860m/xls/august_generator2026.xlsx,2026-09-26T00:04:26Z,2026-08,69659,RBW,67578,ND,Morton,MISO,IPP Non-CHP,Onshore Wind Turbine,wind,WT,"Wind turbine, onshore",WND,Wind,202,84,108.4,P,"Planned for installation, but regulatory approvals not initiated",2027-12-01
eia860:69660:HS,generator,El Patrimonio,US-TX,29.240499,-98.51006,150,planned,,Heritage Solar LLC,eia:860m,https://www.eia.gov/electricity/data/eia860m/xls/august_generator2026.xlsx,2026-09-26T00:04:26Z,2026-08,69660,HS,67579,TX,Bexar,ERCO,IPP Non-CHP,Solar Photovoltaic,solar,PV,Photovoltaic,SUN,Solar,150,150,150,L,Regulatory approvals pending. Not under construction,2027-09-01
eia860:69661:IPD1B,generator,Darden I Solar,US-CA,36.504106,-120.2167,303.7,planned,,"Intersect USA, LLC",eia:860m,https://www.eia.gov/electricity/data/eia860m/xls/august_generator2026.xlsx,2026-09-26T00:04:26Z,2026-08,69661,IPD1B,67582,CA,Fresno,CISO,IPP Non-CHP,Batteries,storage,BA,"Energy storage, battery",MWH,Electricity used for energy storage,303.7,287.5,287.5,T,Regulatory approvals received. Not under construction,2028-03-01
eia860:69661:IPD1S,generator,Darden I Solar,US-CA,36.504106,-120.2167,342.7,planned,,"Intersect USA, LLC",eia:860m,https://www.eia.gov/electricity/data/eia860m/xls/august_generator2026.xlsx,2026-09-26T00:04:26Z,2026-08,69661,IPD1S,67582,CA,Fresno,CISO,IPP Non-CHP,Solar Photovoltaic,solar,PV,Photovoltaic,SUN,Solar,342.7,287.5,287.5,T,Regulatory approvals received. Not under construction,2028-03-01
eia860:69662:IPD2B,generator,Darden II Solar,US-CA,36.457086,-120.2248,303.7,planned,,"Intersect USA, LLC",eia:860m,https://www.eia.gov/electricity/data/eia860m/xls/august_generator2026.xlsx,2026-09-26T00:04:26Z,2026-08,69662,IPD2B,67582,CA,Fresno,CISO,IPP Non-CHP,Batteries,storage,BA,"Energy storage, battery",MWH,Electricity used for energy storage,303.7,287.5,287.5,T,Regulatory approvals received. Not under construction,2028-03-01
eia860:69662:IPD2S,generator,Darden II Solar,US-CA,36.457086,-120.2248,342.7,planned,,"Intersect USA, LLC",eia:860m,https://www.eia.gov/electricity/data/eia860m/xls/august_generator2026.xlsx,2026-09-26T00:04:26Z,2026-08,69662,IPD2S,67582,CA,Fresno,CISO,IPP Non-CHP,Solar Photovoltaic,solar,PV,Photovoltaic,SUN,Solar,342.7,287.5,287.5,T,Regulatory approvals received. Not under construction,2028-03-01
eia860:69663:IPD3B,generator,Darden III Solar,US-CA,36.499703,-120.1912,303.7,planned,,"Intersect USA, LLC",eia:860m,https://www.eia.gov/electricity/data/eia860m/xls/august_generator2026.xlsx,2026-09-26T00:04:26Z,2026-08,69663,IPD3B,67582,CA,Fresno,CISO,IPP Non-CHP,Batteries,storage,BA,"Energy storage, battery",MWH,Electricity used for energy storage,303.7,287.5,287.5,T,Regulatory approvals received. Not under construction,2028-03-01
eia860:69663:IPD3S,generator,Darden III Solar,US-CA,36.499703,-120.1912,342.7,planned,,"Intersect USA, LLC",eia:860m,https://www.eia.gov/electricity/data/eia860m/xls/august_generator2026.xlsx,2026-09-26T00:04:26Z,2026-08,69663,IPD3S,67582,CA,Fresno,CISO,IPP Non-CHP,Solar Photovoltaic,solar,PV,Photovoltaic,SUN,Solar,342.7,287.5,287.5,T,Regulatory approvals received. Not under construction,2028-03-01
eia860:69664:IPD4B,generator,Darden IV Solar,US-CA,36.464339,-120.1862,303.7,planned,,"Intersect USA, LLC",eia:860m,https://www.eia.gov/electricity/data/eia860m/xls/august_generator2026.xlsx,2026-09-26T00:04:26Z,2026-08,69664,IPD4B,67582,CA,Fresno,CISO,IPP Non-CHP,Batteries,storage,BA,"Energy storage, battery",MWH,Electricity used for energy storage,303.7,287.5,287.5,T,Regulatory approvals received. Not under construction,2028-03-01
eia860:69664:IPD4S,generator,Darden IV Solar,US-CA,36.464339,-120.1862,342.7,planned,,"Intersect USA, LLC",eia:860m,https://www.eia.gov/electricity/data/eia860m/xls/august_generator2026.xlsx,2026-09-26T00:04:26Z,2026-08,69664,IPD4S,67582,CA,Fresno,CISO,IPP Non-CHP,Solar Photovoltaic,solar,PV,Photovoltaic,SUN,Solar,342.7,287.5,287.5,T,Regulatory approvals received. Not under construction,2028-03-01
eia860:69665:ORCH,generator,Orchard BESS,US-TX,29.539579,-95.95732,10,under_construction,,"IEP Tejas Verde, LLC",eia:860m,https://www.eia.gov/electricity/data/eia860m/xls/august_generator2026.xlsx,2026-09-26T00:04:26Z,2026-08,69665,ORCH,67581,TX,Fort Bend,ERCO,IPP Non-CHP,Batteries,storage,BA,"Energy storage, battery",MWH,Electricity used for energy storage,10,10,10,TS,"Construction complete, but not yet in commercial operation",2026-11-01
eia860:69667:FHS1,generator,Fair Haven Solar,US-VT,43.636,-73.279,20,planned,,Freepoint Commodities LLC,eia:860m,https://www.eia.gov/electricity/data/eia860m/xls/august_generator2026.xlsx,2026-09-26T00:04:26Z,2026-08,69667,FHS1,63524,VT,Rutland,ISNE,IPP Non-CHP,Solar Photovoltaic,solar,PV,Photovoltaic,SUN,Solar,20,20,20,T,Regulatory approvals received. Not under construction,2028-03-01
eia860:69668:BCIC1,generator,Brigham City Gas,US-UT,41.507163,-112.0027,2.5,under_construction,,Brigham City Corporation,eia:860m,https://www.eia.gov/electricity/data/eia860m/xls/august_generator2026.xlsx,2026-09-26T00:04:26Z,2026-08,69668,BCIC1,2220,UT,Box Elder,PACE,Electric Utility,Natural Gas Internal Combustion Engine,natural_gas,IC,Internal combustion engine,NG,Natural gas,2.5,2.5,2.5,U,"Under construction, less than or equal to 50 percent complete",2028-08-01
eia860:69668:BCIC2,generator,Brigham City Gas,US-UT,41.507163,-112.0027,2.5,under_construction,,Brigham City Corporation,eia:860m,https://www.eia.gov/electricity/data/eia860m/xls/august_generator2026.xlsx,2026-09-26T00:04:26Z,2026-08,69668,BCIC2,2220,UT,Box Elder,PACE,Electric Utility,Natural Gas Internal Combustion Engine,natural_gas,IC,Internal combustion engine,NG,Natural gas,2.5,2.5,2.5,U,"Under construction, less than or equal to 50 percent complete",2028-08-01
eia860:69668:BCIC3,generator,Brigham City Gas,US-UT,41.507163,-112.0027,2.5,under_construction,,Brigham City Corporation,eia:860m,https://www.eia.gov/electricity/data/eia860m/xls/august_generator2026.xlsx,2026-09-26T00:04:26Z,2026-08,69668,BCIC3,2220,UT,Box Elder,PACE,Electric Utility,Natural Gas Internal Combustion Engine,natural_gas,IC,Internal combustion engine,NG,Natural gas,2.5,2.5,2.5,U,"Under construction, less than or equal to 50 percent complete",2028-08-01
eia860:69681:DRAKE,generator,Mallard Energy Storage,US-TX,33.064274,-96.45051,250,under_construction,,"Mallard Energy Storage, LLC",eia:860m,https://www.eia.gov/electricity/data/eia860m/xls/august_generator2026.xlsx,2026-09-26T00:04:26Z,2026-08,69681,DRAKE,67597,TX,Collin,ERCO,IPP Non-CHP,Batteries,storage,BA,"Energy storage, battery",MWH,Electricity used for energy storage,250,250,250,U,"Under construction, less than or equal to 50 percent complete",2026-10-01
eia860:69684:70125,generator,Maricopa Solar,US-AZ,33.46303,-113.1101,550,under_construction,,Maricopa Solar,eia:860m,https://www.eia.gov/electricity/data/eia860m/xls/august_generator2026.xlsx,2026-09-26T00:04:26Z,2026-08,69684,70125,67585,AZ,Maricopa,AZPS,IPP Non-CHP,Batteries,storage,BA,"Energy storage, battery",MWH,Electricity used for energy storage,550,550,550,U,"Under construction, less than or equal to 50 percent complete",2026-09-01
eia860:69687:L7SF,generator,Lucky 7 Solar Farm LLC,US-TX,33.082,-95.721,100,under_construction,,Lucky 7 Solar Farm LLC,eia:860m,https://www.eia.gov/electricity/data/eia860m/xls/august_generator2026.xlsx,2026-09-26T00:04:26Z,2026-08,69687,L7SF,67592,TX,Hopkins,ERCO,IPP Non-CHP,Solar Photovoltaic,solar,PV,Photovoltaic,SUN,Solar,100,100,100,U,"Under construction, less than or equal to 50 percent complete",2027-10-01
eia860:69689:CT11,generator,Vast Sands Power,US-TX,31.584096,-102.958,440,under_construction,,Permian Power I LLC,eia:860m,https://www.eia.gov/electricity/data/eia860m/xls/august_generator2026.xlsx,2026-09-26T00:04:26Z,2026-08,69689,CT11,67602,TX,Ward,ERCO,IPP Non-CHP,Natural Gas Fired Combustion Turbine,natural_gas,GT,Combustion (gas) turbine,NG,Natural gas,440,440,440,U,"Under construction, less than or equal to 50 percent complete",2027-05-01
eia860:69689:CT12,generator,Vast Sands Power,US-TX,31.584096,-102.958,440,under_construction,,Permian Power I LLC,eia:860m,https://www.eia.gov/electricity/data/eia860m/xls/august_generator2026.xlsx,2026-09-26T00:04:26Z,2026-08,69689,CT12,67602,TX,Ward,ERCO,IPP Non-CHP,Natural Gas Fired Combustion Turbine,natural_gas,GT,Combustion (gas) turbine,NG,Natural gas,440,440,440,U,"Under construction, less than or equal to 50 percent complete",2027-05-01
eia860:69690:PG2,generator,Panther Grove 2,US-IL,40.815283,-88.86191,472.5,under_construction,,Panther Grove 2 LLC,eia:860m,https://www.eia.gov/electricity/data/eia860m/xls/august_generator2026.xlsx,2026-09-26T00:04:26Z,2026-08,69690,PG2,67598,IL,Livingston,PJM,IPP Non-CHP,Onshore Wind Turbine,wind,WT,"Wind turbine, onshore",WND,Wind,472.5,472.5,472.5,U,"Under construction, less than or equal to 50 percent complete",2027-12-01
eia860:69691:06,generator,Greens Bayou 6,US-TX,29.821222,-95.21786,447,under_construction,,NRG Greens Bayou 6 LLC,eia:860m,https://www.eia.gov/electricity/data/eia860m/xls/august_generator2026.xlsx,2026-09-26T00:04:26Z,2026-08,69691,06,67603,TX,Harris,ERCO,IPP Non-CHP,Natural Gas Fired Combustion Turbine,natural_gas,GT,Combustion (gas) turbine,NG,Natural gas,447,411,432,U,"Under construction, less than or equal to 50 percent complete",2028-05-01
eia860:69694:AL4-1,generator,Allegheny Lock and Dam 4,US-PA,40.613718,-79.71829,0.8,planned,,"Allegheny Hydro Group Lock and Dam 4, Inc",eia:860m,https://www.eia.gov/electricity/data/eia860m/xls/august_generator2026.xlsx,2026-09-26T00:04:26Z,2026-08,69694,AL4-1,67606,PA,Allegheny,PJM,IPP Non-CHP,Conventional Hydroelectric,hydro,HY,Hydraulic turbine (conventional hydro),WAT,Water,0.8,0.8,0.8,L,Regulatory approvals pending. Not under construction,2031-02-01
eia860:69694:AL4-2,generator,Allegheny Lock and Dam 4,US-PA,40.613718,-79.71829,0.8,planned,,"Allegheny Hydro Group Lock and Dam 4, Inc",eia:860m,https://www.eia.gov/electricity/data/eia860m/xls/august_generator2026.xlsx,2026-09-26T00:04:26Z,2026-08,69694,AL4-2,67606,PA,Allegheny,PJM,IPP Non-CHP,Conventional Hydroelectric,hydro,HY,Hydraulic turbine (conventional hydro),WAT,Water,0.8,0.8,0.8,L,Regulatory approvals pending. Not under construction,2031-02-01
eia860:69694:AL4-3,generator,Allegheny Lock and Dam 4,US-PA,40.613718,-79.71829,0.8,planned,,"Allegheny Hydro Group Lock and Dam 4, Inc",eia:860m,https://www.eia.gov/electricity/data/eia860m/xls/august_generator2026.xlsx,2026-09-26T00:04:26Z,2026-08,69694,AL4-3,67606,PA,Allegheny,PJM,IPP Non-CHP,Conventional Hydroelectric,hydro,HY,Hydraulic turbine (conventional hydro),WAT,Water,0.8,0.8,0.8,L,Regulatory approvals pending. Not under construction,2031-02-01
eia860:69694:AL4-4,generator,Allegheny Lock and Dam 4,US-PA,40.613718,-79.71829,0.8,planned,,"Allegheny Hydro Group Lock and Dam 4, Inc",eia:860m,https://www.eia.gov/electricity/data/eia860m/xls/august_generator2026.xlsx,2026-09-26T00:04:26Z,2026-08,69694,AL4-4,67606,PA,Allegheny,PJM,IPP Non-CHP,Conventional Hydroelectric,hydro,HY,Hydraulic turbine (conventional hydro),WAT,Water,0.8,0.8,0.8,L,Regulatory approvals pending. Not under construction,2031-02-01
eia860:69694:AL4-5,generator,Allegheny Lock and Dam 4,US-PA,40.613718,-79.71829,0.8,planned,,"Allegheny Hydro Group Lock and Dam 4, Inc",eia:860m,https://www.eia.gov/electricity/data/eia860m/xls/august_generator2026.xlsx,2026-09-26T00:04:26Z,2026-08,69694,AL4-5,67606,PA,Allegheny,PJM,IPP Non-CHP,Conventional Hydroelectric,hydro,HY,Hydraulic turbine (conventional hydro),WAT,Water,0.8,0.8,0.8,L,Regulatory approvals pending. Not under construction,2031-02-01
eia860:69694:AL4-6,generator,Allegheny Lock and Dam 4,US-PA,40.613718,-79.71829,0.8,planned,,"Allegheny Hydro Group Lock and Dam 4, Inc",eia:860m,https://www.eia.gov/electricity/data/eia860m/xls/august_generator2026.xlsx,2026-09-26T00:04:26Z,2026-08,69694,AL4-6,67606,PA,Allegheny,PJM,IPP Non-CHP,Conventional Hydroelectric,hydro,HY,Hydraulic turbine (conventional hydro),WAT,Water,0.8,0.8,0.8,L,Regulatory approvals pending. Not under construction,2031-02-01
eia860:69694:AL4-7,generator,Allegheny Lock and Dam 4,US-PA,40.613718,-79.71829,0.8,planned,,"Allegheny Hydro Group Lock and Dam 4, Inc",eia:860m,https://www.eia.gov/electricity/data/eia860m/xls/august_generator2026.xlsx,2026-09-26T00:04:26Z,2026-08,69694,AL4-7,67606,PA,Allegheny,PJM,IPP Non-CHP,Conventional Hydroelectric,hydro,HY,Hydraulic turbine (conventional hydro),WAT,Water,0.8,0.8,0.8,L,Regulatory approvals pending. Not under construction,2031-02-01
eia860:69694:AL4-8,generator,Allegheny Lock and Dam 4,US-PA,40.613718,-79.71829,0.8,planned,,"Allegheny Hydro Group Lock and Dam 4, Inc",eia:860m,https://www.eia.gov/electricity/data/eia860m/xls/august_generator2026.xlsx,2026-09-26T00:04:26Z,2026-08,69694,AL4-8,67606,PA,Allegheny,PJM,IPP Non-CHP,Conventional Hydroelectric,hydro,HY,Hydraulic turbine (conventional hydro),WAT,Water,0.8,0.8,0.8,L,Regulatory approvals pending. Not under construction,2031-02-01
eia860:69695:CCM-1,generator,Colonel Charles D. Maynard Project,US-AR,34.411873,-92.10319,8.6,planned,,Maynard Hydroelectric LLC,eia:860m,https://www.eia.gov/electricity/data/eia860m/xls/august_generator2026.xlsx,2026-09-26T00:04:26Z,2026-08,69695,CCM-1,67607,AR,Jefferson,MISO,IPP Non-CHP,Conventional Hydroelectric,hydro,HY,Hydraulic turbine (conventional hydro),WAT,Water,8.6,8.6,8.6,L,Regulatory approvals pending. Not under construction,2031-11-01
eia860:69695:CCM-2,generator,Colonel Charles D. Maynard Project,US-AR,34.411873,-92.10319,8.6,planned,,Maynard Hydroelectric LLC,eia:860m,https://www.eia.gov/electricity/data/eia860m/xls/august_generator2026.xlsx,2026-09-26T00:04:26Z,2026-08,69695,CCM-2,67607,AR,Jefferson,MISO,IPP Non-CHP,Conventional Hydroelectric,hydro,HY,Hydraulic turbine (conventional hydro),WAT,Water,8.6,8.6,8.6,L,Regulatory approvals pending. Not under construction,2031-11-01
eia860:69695:CCM-3,generator,Colonel Charles D. Maynard Project,US-AR,34.411873,-92.10319,8.6,planned,,Maynard Hydroelectric LLC,eia:860m,https://www.eia.gov/electricity/data/eia860m/xls/august_generator2026.xlsx,2026-09-26T00:04:26Z,2026-08,69695,CCM-3,67607,AR,Jefferson,MISO,IPP Non-CHP,Conventional Hydroelectric,hydro,HY,Hydraulic turbine (conventional hydro),WAT,Water,8.6,8.6,8.6,L,Regulatory approvals pending. Not under construction,2031-11-01
eia860:69697:CW-1,generator,CW Bill Young Hydropower Project,US-PA,40.54028,-79.81556,1.2,planned,,"C.W. Bill Young Hydropower Group, Inc",eia:860m,https://www.eia.gov/electricity/data/eia860m/xls/august_generator2026.xlsx,2026-09-26T00:04:26Z,2026-08,69697,CW-1,67608,PA,Allegheny,PJM,IPP Non-CHP,Conventional Hydroelectric,hydro,HY,Hydraulic turbine (conventional hydro),WAT,Water,1.2,1.2,1.2,L,Regulatory approvals pending. Not under construction,2031-10-01
eia860:69697:CW-2,generator,CW Bill Young Hydropower Project,US-PA,40.54028,-79.81556,1.2,planned,,"C.W. Bill Young Hydropower Group, Inc",eia:860m,https://www.eia.gov/electricity/data/eia860m/xls/august_generator2026.xlsx,2026-09-26T00:04:26Z,2026-08,69697,CW-2,67608,PA,Allegheny,PJM,IPP Non-CHP,Conventional Hydroelectric,hydro,HY,Hydraulic turbine (conventional hydro),WAT,Water,1.2,1.2,1.2,L,Regulatory approvals pending. Not under construction,2031-10-01
eia860:69697:CW-3,generator,CW Bill Young Hydropower Project,US-PA,40.54028,-79.81556,1.2,planned,,"C.W. Bill Young Hydropower Group, Inc",eia:860m,https://www.eia.gov/electricity/data/eia860m/xls/august_generator2026.xlsx,2026-09-26T00:04:26Z,2026-08,69697,CW-3,67608,PA,Allegheny,PJM,IPP Non-CHP,Conventional Hydroelectric,hydro,HY,Hydraulic turbine (conventional hydro),WAT,Water,1.2,1.2,1.2,L,Regulatory approvals pending. Not under construction,2031-10-01
eia860:69697:CW-4,generator,CW Bill Young Hydropower Project,US-PA,40.54028,-79.81556,1.2,planned,,"C.W. Bill Young Hydropower Group, Inc",eia:860m,https://www.eia.gov/electricity/data/eia860m/xls/august_generator2026.xlsx,2026-09-26T00:04:26Z,2026-08,69697,CW-4,67608,PA,Allegheny,PJM,IPP Non-CHP,Conventional Hydroelectric,hydro,HY,Hydraulic turbine (conventional hydro),WAT,Water,1.2,1.2,1.2,L,Regulatory approvals pending. Not under construction,2031-10-01
eia860:69697:CW-5,generator,CW Bill Young Hydropower Project,US-PA,40.54028,-79.81556,1.2,planned,,"C.W. Bill Young Hydropower Group, Inc",eia:860m,https://www.eia.gov/electricity/data/eia860m/xls/august_generator2026.xlsx,2026-09-26T00:04:26Z,2026-08,69697,CW-5,67608,PA,Allegheny,PJM,IPP Non-CHP,Conventional Hydroelectric,hydro,HY,Hydraulic turbine (conventional hydro),WAT,Water,1.2,1.2,1.2,L,Regulatory approvals pending. Not under construction,2031-10-01
eia860:69697:CW-6,generator,CW Bill Young Hydropower Project,US-PA,40.54028,-79.81556,1.2,planned,,"C.W. Bill Young Hydropower Group, Inc",eia:860m,https://www.eia.gov/electricity/data/eia860m/xls/august_generator2026.xlsx,2026-09-26T00:04:26Z,2026-08,69697,CW-6,67608,PA,Allegheny,PJM,IPP Non-CHP,Conventional Hydroelectric,hydro,HY,Hydraulic turbine (conventional hydro),WAT,Water,1.2,1.2,1.2,L,Regulatory approvals pending. Not under construction,2031-10-01
eia860:69697:CW-7,generator,CW Bill Young Hydropower Project,US-PA,40.54028,-79.81556,1.2,planned,,"C.W. Bill Young Hydropower Group, Inc",eia:860m,https://www.eia.gov/electricity/data/eia860m/xls/august_generator2026.xlsx,2026-09-26T00:04:26Z,2026-08,69697,CW-7,67608,PA,Allegheny,PJM,IPP Non-CHP,Conventional Hydroelectric,hydro,HY,Hydraulic turbine (conventional hydro),WAT,Water,1.2,1.2,1.2,L,Regulatory approvals pending. Not under construction,2031-10-01
eia860:69698:DAS-1,generator,Dashields Hydroelectric Project,US-PA,40.549546,-80.20544,1.1,planned,,Dashields Hydropower Corporations,eia:860m,https://www.eia.gov/electricity/data/eia860m/xls/august_generator2026.xlsx,2026-09-26T00:04:26Z,2026-08,69698,DAS-1,67609,PA,Allegheny,PJM,IPP Non-CHP,Conventional Hydroelectric,hydro,HY,Hydraulic turbine (conventional hydro),WAT,Water,1.1,1.1,1.1,L,Regulatory approvals pending. Not under construction,2030-08-01
eia860:69698:DAS-2,generator,Dashields Hydroelectric Project,US-PA,40.549546,-80.20544,1.1,planned,,Dashields Hydropower Corporations,eia:860m,https://www.eia.gov/electricity/data/eia860m/xls/august_generator2026.xlsx,2026-09-26T00:04:26Z,2026-08,69698,DAS-2,67609,PA,Allegheny,PJM,IPP Non-CHP,Conventional Hydroelectric,hydro,HY,Hydraulic turbine (conventional hydro),WAT,Water,1.1,1.1,1.1,L,Regulatory approvals pending. Not under construction,2030-08-01
eia860:69698:DAS-3,generator,Dashields Hydroelectric Project,US-PA,40.549546,-80.20544,1.1,planned,,Dashields Hydropower Corporations,eia:860m,https://www.eia.gov/electricity/data/eia860m/xls/august_generator2026.xlsx,2026-09-26T00:04:26Z,2026-08,69698,DAS-3,67609,PA,Allegheny,PJM,IPP Non-CHP,Conventional Hydroelectric,hydro,HY,Hydraulic turbine (conventional hydro),WAT,Water,1.1,1.1,1.1,L,Regulatory approvals pending. Not under construction,2030-08-01
eia860:69698:DAS-4,generator,Dashields Hydroelectric Project,US-PA,40.549546,-80.20544,1.1,planned,,Dashields Hydropower Corporations,eia:860m,https://www.eia.gov/electricity/data/eia860m/xls/august_generator2026.xlsx,2026-09-26T00:04:26Z,2026-08,69698,DAS-4,67609,PA,Allegheny,PJM,IPP Non-CHP,Conventional Hydroelectric,hydro,HY,Hydraulic turbine (conventional hydro),WAT,Water,1.1,1.1,1.1,L,Regulatory approvals pending. Not under construction,2030-08-01
eia860:69698:DAS-5,generator,Dashields Hydroelectric Project,US-PA,40.549546,-80.20544,1.1,planned,,Dashields Hydropower Corporations,eia:860m,https://www.eia.gov/electricity/data/eia860m/xls/august_generator2026.xlsx,2026-09-26T00:04:26Z,2026-08,69698,DAS-5,67609,PA,Allegheny,PJM,IPP Non-CHP,Conventional Hydroelectric,hydro,HY,Hydraulic turbine (conventional hydro),WAT,Water,1.1,1.1,1.1,L,Regulatory approvals pending. Not under construction,2030-08-01
eia860:69698:DAS-6,generator,Dashields Hydroelectric Project,US-PA,40.549546,-80.20544,1.1,planned,,Dashields Hydropower Corporations,eia:860m,https://www.eia.gov/electricity/data/eia860m/xls/august_generator2026.xlsx,2026-09-26T00:04:26Z,2026-08,69698,DAS-6,67609,PA,Allegheny,PJM,IPP Non-CHP,Conventional Hydroelectric,hydro,HY,Hydraulic turbine (conventional hydro),WAT,Water,1.1,1.1,1.1,L,Regulatory approvals pending. Not under construction,2030-08-01
eia860:69698:DAS-7,generator,Dashields Hydroelectric Project,US-PA,40.549546,-80.20544,1.1,planned,,Dashields Hydropower Corporations,eia:860m,https://www.eia.gov/electricity/data/eia860m/xls/august_generator2026.xlsx,2026-09-26T00:04:26Z,2026-08,69698,DAS-7,67609,PA,Allegheny,PJM,IPP Non-CHP,Conventional Hydroelectric,hydro,HY,Hydraulic turbine (conventional hydro),WAT,Water,1.1,1.1,1.1,L,Regulatory approvals pending. Not under construction,2030-08-01
eia860:69698:DAS-8,generator,Dashields Hydroelectric Project,US-PA,40.549546,-80.20544,1.1,planned,,Dashields Hydropower Corporations,eia:860m,https://www.eia.gov/electricity/data/eia860m/xls/august_generator2026.xlsx,2026-09-26T00:04:26Z,2026-08,69698,DAS-8,67609,PA,Allegheny,PJM,IPP Non-CHP,Conventional Hydroelectric,hydro,HY,Hydraulic turbine (conventional hydro),WAT,Water,1.1,1.1,1.1,L,Regulatory approvals pending. Not under construction,2030-08-01
eia860:69699:DI-1,generator,Dresden Island Hydroelectric Project,US-IL,41.401926,-88.28172,1,planned,,"Northern Illinois Hydropower, LLC",eia:860m,https://www.eia.gov/electricity/data/eia860m/xls/august_generator2026.xlsx,2026-09-26T00:04:26Z,2026-08,69699,DI-1,67610,IL,Grundy,PJM,IPP Non-CHP,Conventional Hydroelectric,hydro,HY,Hydraulic turbine (conventional hydro),WAT,Water,1,1,1,L,Regulatory approvals pending. Not under construction,2030-12-01
eia860:69699:DI-10,generator,Dresden Island Hydroelectric Project,US-IL,41.401926,-88.28172,1,planned,,"Northern Illinois Hydropower, LLC",eia:860m,https://www.eia.gov/electricity/data/eia860m/xls/august_generator2026.xlsx,2026-09-26T00:04:26Z,2026-08,69699,DI-10,67610,IL,Grundy,PJM,IPP Non-CHP,Conventional Hydroelectric,hydro,HY,Hydraulic turbine (conventional hydro),WAT,Water,1,1,1,L,Regulatory approvals pending. Not under construction,2030-12-01
eia860:69699:DI-2,generator,Dresden Island Hydroelectric Project,US-IL,41.401926,-88.28172,1,planned,,"Northern Illinois Hydropower, LLC",eia:860m,https://www.eia.gov/electricity/data/eia860m/xls/august_generator2026.xlsx,2026-09-26T00:04:26Z,2026-08,69699,DI-2,67610,IL,Grundy,PJM,IPP Non-CHP,Conventional Hydroelectric,hydro,HY,Hydraulic turbine (conventional hydro),WAT,Water,1,1,1,L,Regulatory approvals pending. Not under construction,2030-12-01
eia860:69699:DI-3,generator,Dresden Island Hydroelectric Project,US-IL,41.401926,-88.28172,1,planned,,"Northern Illinois Hydropower, LLC",eia:860m,https://www.eia.gov/electricity/data/eia860m/xls/august_generator2026.xlsx,2026-09-26T00:04:26Z,2026-08,69699,DI-3,67610,IL,Grundy,PJM,IPP Non-CHP,Conventional Hydroelectric,hydro,HY,Hydraulic turbine (conventional hydro),WAT,Water,1,1,1,L,Regulatory approvals pending. Not under construction,2030-12-01
eia860:69699:DI-4,generator,Dresden Island Hydroelectric Project,US-IL,41.401926,-88.28172,1,planned,,"Northern Illinois Hydropower, LLC",eia:860m,https://www.eia.gov/electricity/data/eia860m/xls/august_generator2026.xlsx,2026-09-26T00:04:26Z,2026-08,69699,DI-4,67610,IL,Grundy,PJM,IPP Non-CHP,Conventional Hydroelectric,hydro,HY,Hydraulic turbine (conventional hydro),WAT,Water,1,1,1,L,Regulatory approvals pending. Not under construction,2030-12-01
eia860:69699:DI-5,generator,Dresden Island Hydroelectric Project,US-IL,41.401926,-88.28172,1,planned,,"Northern Illinois Hydropower, LLC",eia:860m,https://www.eia.gov/electricity/data/eia860m/xls/august_generator2026.xlsx,2026-09-26T00:04:26Z,2026-08,69699,DI-5,67610,IL,Grundy,PJM,IPP Non-CHP,Conventional Hydroelectric,hydro,HY,Hydraulic turbine (conventional hydro),WAT,Water,1,1,1,L,Regulatory approvals pending. Not under construction,2030-12-01
eia860:69699:DI-6,generator,Dresden Island Hydroelectric Project,US-IL,41.401926,-88.28172,1,planned,,"Northern Illinois Hydropower, LLC",eia:860m,https://www.eia.gov/electricity/data/eia860m/xls/august_generator2026.xlsx,2026-09-26T00:04:26Z,2026-08,69699,DI-6,67610,IL,Grundy,PJM,IPP Non-CHP,Conventional Hydroelectric,hydro,HY,Hydraulic turbine (conventional hydro),WAT,Water,1,1,1,L,Regulatory approvals pending. Not under construction,2030-12-01
eia860:69699:DI-7,generator,Dresden Island Hydroelectric Project,US-IL,41.401926,-88.28172,1,planned,,"Northern Illinois Hydropower, LLC",eia:860m,https://www.eia.gov/electricity/data/eia860m/xls/august_generator2026.xlsx,2026-09-26T00:04:26Z,2026-08,69699,DI-7,67610,IL,Grundy,PJM,IPP Non-CHP,Conventional Hydroelectric,hydro,HY,Hydraulic turbine (conventional hydro),WAT,Water,1,1,1,L,Regulatory approvals pending. Not under construction,2030-12-01
eia860:69699:DI-8,generator,Dresden Island Hydroelectric Project,US-IL,41.401926,-88.28172,1,planned,,"Northern Illinois Hydropower, LLC",eia:860m,https://www.eia.gov/electricity/data/eia860m/xls/august_generator2026.xlsx,2026-09-26T00:04:26Z,2026-08,69699,DI-8,67610,IL,Grundy,PJM,IPP Non-CHP,Conventional Hydroelectric,hydro,HY,Hydraulic turbine (conventional hydro),WAT,Water,1,1,1,L,Regulatory approvals pending. Not under construction,2030-12-01
eia860:69699:DI-9,generator,Dresden Island Hydroelectric Project,US-IL,41.401926,-88.28172,1,planned,,"Northern Illinois Hydropower, LLC",eia:860m,https://www.eia.gov/electricity/data/eia860m/xls/august_generator2026.xlsx,2026-09-26T00:04:26Z,2026-08,69699,DI-9,67610,IL,Grundy,PJM,IPP Non-CHP,Conventional Hydroelectric,hydro,HY,Hydraulic turbine (conventional hydro),WAT,Water,1,1,1,L,Regulatory approvals pending. Not under construction,2030-12-01
eia860:69701:NC-1,generator,New Cumberland Hydroelectric Project,US-WV,40.52821,-80.62574,10,planned,,"Current Hydro Project 19, LLC",eia:860m,https://www.eia.gov/electricity/data/eia860m/xls/august_generator2026.xlsx,2026-09-26T00:04:26Z,2026-08,69701,NC-1,67611,WV,Hancock,PJM,IPP Non-CHP,Conventional Hydroelectric,hydro,HY,Hydraulic turbine (conventional hydro),WAT,Water,10,10,10,L,Regulatory approvals pending. Not under construction,2029-04-01
eia860:69701:NC-2,generator,New Cumberland Hydroelectric Project,US-WV,40.52821,-80.62574,10,planned,,"Current Hydro Project 19, LLC",eia:860m,https://www.eia.gov/electricity/data/eia860m/xls/august_generator2026.xlsx,2026-09-26T00:04:26Z,2026-08,69701,NC-2,67611,WV,Hancock,PJM,IPP Non-CHP,Conventional Hydroelectric,hydro,HY,Hydraulic turbine (conventional hydro),WAT,Water,10,10,10,L,Regulatory approvals pending. Not under construction,2029-04-01
eia860:69702:PI-1,generator,Pike Island Hydroelectric Project,US-OH,40.151,-80.70569,10,planned,,Pike Island Hydropower Corporation,eia:860m,https://www.eia.gov/electricity/data/eia860m/xls/august_generator2026.xlsx,2026-09-26T00:04:26Z,2026-08,69702,PI-1,67612,OH,Jefferson,PJM,IPP Non-CHP,Conventional Hydroelectric,hydro,HY,Hydraulic turbine (conventional hydro),WAT,Water,10,10,10,L,Regulatory approvals pending. Not under construction,2029-01-01
eia860:69702:PI-2,generator,Pike Island Hydroelectric Project,US-OH,40.151,-80.70569,10,planned,,Pike Island Hydropower Corporation,eia:860m,https://www.eia.gov/electricity/data/eia860m/xls/august_generator2026.xlsx,2026-09-26T00:04:26Z,2026-08,69702,PI-2,67612,OH,Jefferson,PJM,IPP Non-CHP,Conventional Hydroelectric,hydro,HY,Hydraulic turbine (conventional hydro),WAT,Water,10,10,10,L,Regulatory approvals pending. Not under construction,2029-01-01
eia860:69704:RC-1,generator,R.C. Byrd L&D Hydroelectric Project,US-WV,38.68,-82.179,4.8,planned,,Ohio Power and Light LLC,eia:860m,https://www.eia.gov/electricity/data/eia860m/xls/august_generator2026.xlsx,2026-09-26T00:04:26Z,2026-08,69704,RC-1,67613,WV,Mason,PJM,IPP Non-CHP,Conventional Hydroelectric,hydro,HY,Hydraulic turbine (conventional hydro),WAT,Water,4.8,4.8,4.8,L,Regulatory approvals pending. Not under construction,2029-02-01
eia860:69704:RC-2,generator,R.C. Byrd L&D Hydroelectric Project,US-WV,38.68,-82.179,4.8,planned,,Ohio Power and Light LLC,eia:860m,https://www.eia.gov/electricity/data/eia860m/xls/august_generator2026.xlsx,2026-09-26T00:04:26Z,2026-08,69704,RC-2,67613,WV,Mason,PJM,IPP Non-CHP,Conventional Hydroelectric,hydro,HY,Hydraulic turbine (conventional hydro),WAT,Water,4.8,4.8,4.8,L,Regulatory approvals pending. Not under construction,2029-02-01
eia860:69704:RC-3,generator,R.C. Byrd L&D Hydroelectric Project,US-WV,38.68,-82.179,4.8,planned,,Ohio Power and Light LLC,eia:860m,https://www.eia.gov/electricity/data/eia860m/xls/august_generator2026.xlsx,2026-09-26T00:04:26Z,2026-08,69704,RC-3,67613,WV,Mason,PJM,IPP Non-CHP,Conventional Hydroelectric,hydro,HY,Hydraulic turbine (conventional hydro),WAT,Water,4.8,4.8,4.8,L,Regulatory approvals pending. Not under construction,2029-02-01
eia860:69704:RC-4,generator,R.C. Byrd L&D Hydroelectric Project,US-WV,38.68,-82.179,4.8,planned,,Ohio Power and Light LLC,eia:860m,https://www.eia.gov/electricity/data/eia860m/xls/august_generator2026.xlsx,2026-09-26T00:04:26Z,2026-08,69704,RC-4,67613,WV,Mason,PJM,IPP Non-CHP,Conventional Hydroelectric,hydro,HY,Hydraulic turbine (conventional hydro),WAT,Water,4.8,4.8,4.8,L,Regulatory approvals pending. Not under construction,2029-02-01
eia860:69704:RC-5,generator,R.C. Byrd L&D Hydroelectric Project,US-WV,38.68,-82.179,4.8,planned,,Ohio Power and Light LLC,eia:860m,https://www.eia.gov/electricity/data/eia860m/xls/august_generator2026.xlsx,2026-09-26T00:04:26Z,2026-08,69704,RC-5,67613,WV,Mason,PJM,IPP Non-CHP,Conventional Hydroelectric,hydro,HY,Hydraulic turbine (conventional hydro),WAT,Water,4.8,4.8,4.8,L,Regulatory approvals pending. Not under construction,2029-02-01
eia860:69704:RC-6,generator,R.C. Byrd L&D Hydroelectric Project,US-WV,38.68,-82.179,4.8,planned,,Ohio Power and Light LLC,eia:860m,https://www.eia.gov/electricity/data/eia860m/xls/august_generator2026.xlsx,2026-09-26T00:04:26Z,2026-08,69704,RC-6,67613,WV,Mason,PJM,IPP Non-CHP,Conventional Hydroelectric,hydro,HY,Hydraulic turbine (conventional hydro),WAT,Water,4.8,4.8,4.8,L,Regulatory approvals pending. Not under construction,2029-02-01
eia860:69706:4149B,generator,Bishop Ranch - BR 3-GG,US-CA,37.767242,-121.9582,0.6,under_construction,,"Camino Ramon BR 3-GG Solar Project 2020, LLC",eia:860m,https://www.eia.gov/electricity/data/eia860m/xls/august_generator2026.xlsx,2026-09-26T00:04:26Z,2026-08,69706,4149B,67616,CA,Contra Costa,CISO,IPP Non-CHP,Batteries,storage,BA,"Energy storage, battery",MWH,Electricity used for energy storage,0.6,0.6,0.6,V,"Under construction, more than 50 percent complete",2027-07-01
eia860:69706:4149C,generator,Bishop Ranch - BR 3-GG,US-CA,37.767242,-121.9582,1.1,under_construction,,"Camino Ramon BR 3-GG Solar Project 2020, LLC",eia:860m,https://www.eia.gov/electricity/data/eia860m/xls/august_generator2026.xlsx,2026-09-26T00:04:26Z,2026-08,69706,4149C,67616,CA,Contra Costa,CISO,IPP Non-CHP,Solar Photovoltaic,solar,PV,Photovoltaic,SUN,Solar,1.1,1.1,1.1,V,"Under construction, more than 50 percent complete",2027-07-01
eia860:69706:4149R,generator,Bishop Ranch - BR 3-GG,US-CA,37.767242,-121.9582,0.2,under_construction,,"Camino Ramon BR 3-GG Solar Project 2020, LLC",eia:860m,https://www.eia.gov/electricity/data/eia860m/xls/august_generator2026.xlsx,2026-09-26T00:04:26Z,2026-08,69706,4149R,67616,CA,Contra Costa,CISO,IPP Non-CHP,Solar Photovoltaic,solar,PV,Photovoltaic,SUN,Solar,0.2,0.2,0.2,V,"Under construction, more than 50 percent complete",2027-07-01
eia860:69708:4150B,generator,Bishop Ranch - BR 3-HH,US-CA,37.766297,-121.9582,0.6,under_construction,,"Camino Ramon BR 3-HH Solar Project 2020, LLC",eia:860m,https://www.eia.gov/electricity/data/eia860m/xls/august_generator2026.xlsx,2026-09-26T00:04:26Z,2026-08,69708,4150B,67617,CA,Contra Costa,CISO,IPP Non-CHP,Batteries,storage,BA,"Energy storage, battery",MWH,Electricity used for energy storage,0.6,0.6,0.6,V,"Under construction, more than 50 percent complete",2027-07-01
eia860:69708:4150C,generator,Bishop Ranch - BR 3-HH,US-CA,37.766297,-121.9582,0.6,under_construction,,"Camino Ramon BR 3-HH Solar Project 2020, LLC",eia:860m,https://www.eia.gov/electricity/data/eia860m/xls/august_generator2026.xlsx,2026-09-26T00:04:26Z,2026-08,69708,4150C,67617,CA,Contra Costa,CISO,IPP Non-CHP,Solar Photovoltaic,solar,PV,Photovoltaic,SUN,Solar,0.6,0.6,0.6,V,"Under construction, more than 50 percent complete",2027-07-01
eia860:69708:4150R,generator,Bishop Ranch - BR 3-HH,US-CA,37.766297,-121.9582,0.2,under_construction,,"Camino Ramon BR 3-HH Solar Project 2020, LLC",eia:860m,https://www.eia.gov/electricity/data/eia860m/xls/august_generator2026.xlsx,2026-09-26T00:04:26Z,2026-08,69708,4150R,67617,CA,Contra Costa,CISO,IPP Non-CHP,Solar Photovoltaic,solar,PV,Photovoltaic,SUN,Solar,0.2,0.2,0.2,V,"Under construction, more than 50 percent complete",2027-07-01
eia860:69710:4148B,generator,Bishop Ranch - BR 3-FF,US-CA,37.768388,-121.959,0.6,under_construction,,"Camino Ramon BR 3-FF Solar Project 2020, LLC",eia:860m,https://www.eia.gov/electricity/data/eia860m/xls/august_generator2026.xlsx,2026-09-26T00:04:26Z,2026-08,69710,4148B,67618,CA,Contra Costa,CISO,IPP Non-CHP,Batteries,storage,BA,"Energy storage, battery",MWH,Electricity used for energy storage,0.6,0.6,0.6,V,"Under construction, more than 50 percent complete",2027-07-01
eia860:69710:4148C,generator,Bishop Ranch - BR 3-FF,US-CA,37.768388,-121.959,0.6,under_construction,,"Camino Ramon BR 3-FF Solar Project 2020, LLC",eia:860m,https://www.eia.gov/electricity/data/eia860m/xls/august_generator2026.xlsx,2026-09-26T00:04:26Z,2026-08,69710,4148C,67618,CA,Contra Costa,CISO,IPP Non-CHP,Solar Photovoltaic,solar,PV,Photovoltaic,SUN,Solar,0.6,0.6,0.6,V,"Under construction, more than 50 percent complete",2027-07-01
eia860:69710:4148R,generator,Bishop Ranch - BR 3-FF,US-CA,37.768388,-121.959,0.2,under_construction,,"Camino Ramon BR 3-FF Solar Project 2020, LLC",eia:860m,https://www.eia.gov/electricity/data/eia860m/xls/august_generator2026.xlsx,2026-09-26T00:04:26Z,2026-08,69710,4148R,67618,CA,Contra Costa,CISO,IPP Non-CHP,Solar Photovoltaic,solar,PV,Photovoltaic,SUN,Solar,0.2,0.2,0.2,V,"Under construction, more than 50 percent complete",2027-07-01
eia860:69711:6672,generator,L3 Harris San Diego,US-CA,32.822588,-117.1352,1.6,under_construction,,"Balboa Avenue I Solar Project 2023, LLC",eia:860m,https://www.eia.gov/electricity/data/eia860m/xls/august_generator2026.xlsx,2026-09-26T00:04:26Z,2026-08,69711,6672,67619,CA,San Diego,CISO,IPP Non-CHP,Solar Photovoltaic,solar,PV,Photovoltaic,SUN,Solar,1.6,1.6,1.6,V,"Under construction, more than 50 percent complete",2026-10-01
eia860:69713:9985B,generator,Sanger USD - Sanger West HS,US-CA,36.709291,-119.6814,0.5,under_construction,,"South Fowler Avenue Solar Project 2023, LLC",eia:860m,https://www.eia.gov/electricity/data/eia860m/xls/august_generator2026.xlsx,2026-09-26T00:04:26Z,2026-08,69713,9985B,67621,CA,Fresno,CISO,IPP Non-CHP,Batteries,storage,BA,"Energy storage, battery",MWH,Electricity used for energy storage,0.5,0.5,0.5,V,"Under construction, more than 50 percent complete",2026-10-01
eia860:69713:9985C,generator,Sanger USD - Sanger West HS,US-CA,36.709291,-119.6814,0.9,under_construction,,"South Fowler Avenue Solar Project 2023, LLC",eia:860m,https://www.eia.gov/electricity/data/eia860m/xls/august_generator2026.xlsx,2026-09-26T00:04:26Z,2026-08,69713,9985C,67621,CA,Fresno,CISO,IPP Non-CHP,Solar Photovoltaic,solar,PV,Photovoltaic,SUN,Solar,0.9,0.9,0.9,V,"Under construction, more than 50 percent complete",2026-10-01
eia860:69721:BESS1,generator,Energizar BESS,US-MA,42.39556,-71.02218,250,planned,,Energizar Storage LLC,eia:860m,https://www.eia.gov/electricity/data/eia860m/xls/august_generator2026.xlsx,2026-09-26T00:04:26Z,2026-08,69721,BESS1,67630,MA,Suffolk,ISNE,IPP Non-CHP,Batteries,storage,BA,"Energy storage, battery",MWH,Electricity used for energy storage,250,250,250,L,Regulatory approvals pending. Not under construction,2027-09-01
eia860:69722:BESS1,generator,Salt Cod BESS,US-MA,41.73722,-71.1489,168,planned,,"Somerset Energy Storage, LLC",eia:860m,https://www.eia.gov/electricity/data/eia860m/xls/august_generator2026.xlsx,2026-09-26T00:04:26Z,2026-08,69722,BESS1,67631,MA,Bristol,ISNE,IPP Non-CHP,Batteries,storage,BA,"Energy storage, battery",MWH,Electricity used for energy storage,168,168,168,L,Regulatory approvals pending. Not under construction,2028-12-01
eia860:69723:BESS1,generator,Taft BESS,US-MA,42.03383,-71.60374,200,under_construction,,FE Taft LLC,eia:860m,https://www.eia.gov/electricity/data/eia860m/xls/august_generator2026.xlsx,2026-09-26T00:04:26Z,2026-08,69723,BESS1,67632,MA,Worcester,ISNE,IPP Non-CHP,Batteries,storage,BA,"Energy storage, battery",MWH,Electricity used for energy storage,200,200,200,V,"Under construction, more than 50 percent complete",2027-02-01
eia860:69724:PIKE,generator,Pike County Solar,US-IL,39.6189,-90.8461,1,planned,,Illinois Rural Electric Coop,eia:860m,https://www.eia.gov/electricity/data/eia860m/xls/august_generator2026.xlsx,2026-09-26T00:04:26Z,2026-08,69724,PIKE,9209,IL,Pike,MISO,Electric Utility,Solar Photovoltaic,solar,PV,Photovoltaic,SUN,Solar,1,1,1,T,Regulatory approvals received. Not under construction,2027-03-01
eia860:69726:L1,generator,Liberty Station,US-KY,37.369331,-84.95767,18.1,planned,,"East Kentucky Power Coop, Inc",eia:860m,https://www.eia.gov/electricity/data/eia860m/xls/august_generator2026.xlsx,2026-09-26T00:04:26Z,2026-08,69726,L1,5580,KY,Casey,PJM,Electric Utility,Natural Gas Internal Combustion Engine,natural_gas,IC,Internal combustion engine,NG,Natural gas,18.1,17.8,17.8,P,"Planned for installation, but regulatory approvals not initiated",2028-12-01
eia860:69726:L10,generator,Liberty Station,US-KY,37.369331,-84.95767,18.1,planned,,"East Kentucky Power Coop, Inc",eia:860m,https://www.eia.gov/electricity/data/eia860m/xls/august_generator2026.xlsx,2026-09-26T00:04:26Z,2026-08,69726,L10,5580,KY,Casey,PJM,Electric Utility,Natural Gas Internal Combustion Engine,natural_gas,IC,Internal combustion engine,NG,Natural gas,18.1,17.8,17.8,P,"Planned for installation, but regulatory approvals not initiated",2028-12-01
eia860:69726:L11,generator,Liberty Station,US-KY,37.369331,-84.95767,18.1,planned,,"East Kentucky Power Coop, Inc",eia:860m,https://www.eia.gov/electricity/data/eia860m/xls/august_generator2026.xlsx,2026-09-26T00:04:26Z,2026-08,69726,L11,5580,KY,Casey,PJM,Electric Utility,Natural Gas Internal Combustion Engine,natural_gas,IC,Internal combustion engine,NG,Natural gas,18.1,17.8,17.8,P,"Planned for installation, but regulatory approvals not initiated",2028-12-01
eia860:69726:L12,generator,Liberty Station,US-KY,37.369331,-84.95767,18.1,planned,,"East Kentucky Power Coop, Inc",eia:860m,https://www.eia.gov/electricity/data/eia860m/xls/august_generator2026.xlsx,2026-09-26T00:04:26Z,2026-08,69726,L12,5580,KY,Casey,PJM,Electric Utility,Natural Gas Internal Combustion Engine,natural_gas,IC,Internal combustion engine,NG,Natural gas,18.1,17.8,17.8,P,"Planned for installation, but regulatory approvals not initiated",2028-12-01
eia860:69726:L2,generator,Liberty Station,US-KY,37.369331,-84.95767,18.1,planned,,"East Kentucky Power Coop, Inc",eia:860m,https://www.eia.gov/electricity/data/eia860m/xls/august_generator2026.xlsx,2026-09-26T00:04:26Z,2026-08,69726,L2,5580,KY,Casey,PJM,Electric Utility,Natural Gas Internal Combustion Engine,natural_gas,IC,Internal combustion engine,NG,Natural gas,18.1,17.8,17.8,P,"Planned for installation, but regulatory approvals not initiated",2028-12-01
eia860:69726:L3,generator,Liberty Station,US-KY,37.369331,-84.95767,18.1,planned,,"East Kentucky Power Coop, Inc",eia:860m,https://www.eia.gov/electricity/data/eia860m/xls/august_generator2026.xlsx,2026-09-26T00:04:26Z,2026-08,69726,L3,5580,KY,Casey,PJM,Electric Utility,Natural Gas Internal Combustion Engine,natural_gas,IC,Internal combustion engine,NG,Natural gas,18.1,17.8,17.8,P,"Planned for installation, but regulatory approvals not initiated",2028-12-01
eia860:69726:L4,generator,Liberty Station,US-KY,37.369331,-84.95767,18.1,planned,,"East Kentucky Power Coop, Inc",eia:860m,https://www.eia.gov/electricity/data/eia860m/xls/august_generator2026.xlsx,2026-09-26T00:04:26Z,2026-08,69726,L4,5580,KY,Casey,PJM,Electric Utility,Natural Gas Internal Combustion Engine,natural_gas,IC,Internal combustion engine,NG,Natural gas,18.1,17.8,17.8,P,"Planned for installation, but regulatory approvals not initiated",2028-12-01
eia860:69726:L5,generator,Liberty Station,US-KY,37.369331,-84.95767,18.1,planned,,"East Kentucky Power Coop, Inc",eia:860m,https://www.eia.gov/electricity/data/eia860m/xls/august_generator2026.xlsx,2026-09-26T00:04:26Z,2026-08,69726,L5,5580,KY,Casey,PJM,Electric Utility,Natural Gas Internal Combustion Engine,natural_gas,IC,Internal combustion engine,NG,Natural gas,18.1,17.8,17.8,P,"Planned for installation, but regulatory approvals not initiated",2028-12-01
eia860:69726:L6,generator,Liberty Station,US-KY,37.369331,-84.95767,18.1,planned,,"East Kentucky Power Coop, Inc",eia:860m,https://www.eia.gov/electricity/data/eia860m/xls/august_generator2026.xlsx,2026-09-26T00:04:26Z,2026-08,69726,L6,5580,KY,Casey,PJM,Electric Utility,Natural Gas Internal Combustion Engine,natural_gas,IC,Internal combustion engine,NG,Natural gas,18.1,17.8,17.8,P,"Planned for installation, but regulatory approvals not initiated",2028-12-01
eia860:69726:L7,generator,Liberty Station,US-KY,37.369331,-84.95767,18.1,planned,,"East Kentucky Power Coop, Inc",eia:860m,https://www.eia.gov/electricity/data/eia860m/xls/august_generator2026.xlsx,2026-09-26T00:04:26Z,2026-08,69726,L7,5580,KY,Casey,PJM,Electric Utility,Natural Gas Internal Combustion Engine,natural_gas,IC,Internal combustion engine,NG,Natural gas,18.1,17.8,17.8,P,"Planned for installation, but regulatory approvals not initiated",2028-12-01
eia860:69726:L8,generator,Liberty Station,US-KY,37.369331,-84.95767,18.1,planned,,"East Kentucky Power Coop, Inc",eia:860m,https://www.eia.gov/electricity/data/eia860m/xls/august_generator2026.xlsx,2026-09-26T00:04:26Z,2026-08,69726,L8,5580,KY,Casey,PJM,Electric Utility,Natural Gas Internal Combustion Engine,natural_gas,IC,Internal combustion engine,NG,Natural gas,18.1,17.8,17.8,P,"Planned for installation, but regulatory approvals not initiated",2028-12-01
eia860:69726:L9,generator,Liberty Station,US-KY,37.369331,-84.95767,18.1,planned,,"East Kentucky Power Coop, Inc",eia:860m,https://www.eia.gov/electricity/data/eia860m/xls/august_generator2026.xlsx,2026-09-26T00:04:26Z,2026-08,69726,L9,5580,KY,Casey,PJM,Electric Utility,Natural Gas Internal Combustion Engine,natural_gas,IC,Internal combustion engine,NG,Natural gas,18.1,17.8,17.8,P,"Planned for installation, but regulatory approvals not initiated",2028-12-01
eia860:69741:PV2,generator,Cooperative Solar Two-Fayette,US-KY,38.035403,-84.31579,40,under_construction,,"East Kentucky Power Coop, Inc",eia:860m,https://www.eia.gov/electricity/data/eia860m/xls/august_generator2026.xlsx,2026-09-26T00:04:26Z,2026-08,69741,PV2,5580,KY,Fayette,PJM,Electric Utility,Solar Photovoltaic,solar,PV,Photovoltaic,SUN,Solar,40,40,40,U,"Under construction, less than or equal to 50 percent complete",2027-11-01
eia860:69742:PV3,generator,Cooperative Solar Three-Marion,US-KY,37.605113,-85.24824,96,planned,,"East Kentucky Power Coop, Inc",eia:860m,https://www.eia.gov/electricity/data/eia860m/xls/august_generator2026.xlsx,2026-09-26T00:04:26Z,2026-08,69742,PV3,5580,KY,Marion,PJM,Electric Utility,Solar Photovoltaic,solar,PV,Photovoltaic,SUN,Solar,96,96,96,T,Regulatory approvals received. Not under construction,2027-08-01
eia860:69743:KUIHE,generator,Kuihelani Phase 2,US-HI,20.8026,-156.4984,40,planned,,AES Clean Energy,eia:860m,https://www.eia.gov/electricity/data/eia860m/xls/august_generator2026.xlsx,2026-09-26T00:04:26Z,2026-08,69743,KUIHE,64904,HI,Maui,HECO,IPP Non-CHP,Solar Photovoltaic,solar,PV,Photovoltaic,SUN,Solar,40,40,40,L,Regulatory approvals pending. Not under construction,2028-11-01
eia860:69749:U1,generator,Scholl Canyon,US-CA,34.15638,-118.1927,3,under_construction,,City of Glendale - (CA),eia:860m,https://www.eia.gov/electricity/data/eia860m/xls/august_generator2026.xlsx,2026-09-26T00:04:26Z,2026-08,69749,U1,7294,CA,Los Angeles,LDWP,Electric Utility,Landfill Gas,biomass,IC,Internal combustion engine,LFG,Landfill gas,3,2.8,2.8,V,"Under construction, more than 50 percent complete",2027-02-01
eia860:69749:U2,generator,Scholl Canyon,US-CA,34.15638,-118.1927,3,under_construction,,City of Glendale - (CA),eia:860m,https://www.eia.gov/electricity/data/eia860m/xls/august_generator2026.xlsx,2026-09-26T00:04:26Z,2026-08,69749,U2,7294,CA,Los Angeles,LDWP,Electric Utility,Landfill Gas,biomass,IC,Internal combustion engine,LFG,Landfill gas,3,2.8,2.8,V,"Under construction, more than 50 percent complete",2027-02-01
eia860:69749:U3,generator,Scholl Canyon,US-CA,34.15638,-118.1927,3,under_construction,,City of Glendale - (CA),eia:860m,https://www.eia.gov/electricity/data/eia860m/xls/august_generator2026.xlsx,2026-09-26T00:04:26Z,2026-08,69749,U3,7294,CA,Los Angeles,LDWP,Electric Utility,Landfill Gas,biomass,IC,Internal combustion engine,LFG,Landfill gas,3,2.8,2.8,V,"Under construction, more than 50 percent complete",2027-02-01
eia860:69749:U4,generator,Scholl Canyon,US-CA,34.15638,-118.1927,3,under_construction,,City of Glendale - (CA),eia:860m,https://www.eia.gov/electricity/data/eia860m/xls/august_generator2026.xlsx,2026-09-26T00:04:26Z,2026-08,69749,U4,7294,CA,Los Angeles,LDWP,Electric Utility,Landfill Gas,biomass,IC,Internal combustion engine,LFG,Landfill gas,3,2.8,2.8,V,"Under construction, more than 50 percent complete",2027-02-01
eia860:69750:1A,generator,Ironwood Power Station,US-AR,34.433826,-92.9042,467.3,planned,,Entergy Arkansas LLC,eia:860m,https://www.eia.gov/electricity/data/eia860m/xls/august_generator2026.xlsx,2026-09-26T00:04:26Z,2026-08,69750,1A,814,AR,Hot Spring,MISO,Electric Utility,Natural Gas Fired Combustion Turbine,natural_gas,GT,Combustion (gas) turbine,NG,Natural gas,467.3,432,467.3,L,Regulatory approvals pending. Not under construction,2028-07-01
eia860:69753:13790,generator,50 Meister Ave,US-NJ,40.600337,-74.69818,1.5,under_construction,,"Meister Avenue Branchburg Solar Project 2024, LLC",eia:860m,https://www.eia.gov/electricity/data/eia860m/xls/august_generator2026.xlsx,2026-09-26T00:04:26Z,2026-08,69753,13790,67646,NJ,Somerset,PJM,IPP Non-CHP,Solar Photovoltaic,solar,PV,Photovoltaic,SUN,Solar,1.5,1.5,1.5,V,"Under construction, more than 50 percent complete",2026-10-01
eia860:69755:5568,generator,King Mountain Solar,US-TX,31.235934,-102.1229,175,under_construction,,"King Mountain Solar, LLC",eia:860m,https://www.eia.gov/electricity/data/eia860m/xls/august_generator2026.xlsx,2026-09-26T00:04:26Z,2026-08,69755,5568,67628,TX,Upton,ERCO,IPP Non-CHP,Solar Photovoltaic,solar,PV,Photovoltaic,SUN,Solar,175,175,175,TS,"Construction complete, but not yet in commercial operation",2026-09-01
eia860:69756:23212,generator,SL Dunkirk,US-NY,42.463685,-79.34316,5,under_construction,,"SL Dunkirk, LLC",eia:860m,https://www.eia.gov/electricity/data/eia860m/xls/august_generator2026.xlsx,2026-09-26T00:04:26Z,2026-08,69756,23212,67629,NY,Chautauqua,NYIS,IPP Non-CHP,Solar Photovoltaic,solar,PV,Photovoltaic,SUN,Solar,5,5,5,V,"Under construction, more than 50 percent complete",2026-11-01
eia860:69760:RIG1,generator,Rock Island Generation Project,US-TX,29.55068,-96.53675,20.3,planned,,Kerrville Public Utility Board Public Facility Corp,eia:860m,https://www.eia.gov/electricity/data/eia860m/xls/august_generator2026.xlsx,2026-09-26T00:04:26Z,2026-08,69760,RIG1,67625,TX,Colorado,ERCO,Electric Utility,Natural Gas Internal Combustion Engine,natural_gas,IC,Internal combustion engine,NG,Natural gas,20.3,19.9,19.9,L,Regulatory approvals pending. Not under construction,2027-09-01
eia860:69760:RIG2,generator,Rock Island Generation Project,US-TX,29.55068,-96.53675,20.3,planned,,Kerrville Public Utility Board Public Facility Corp,eia:860m,https://www.eia.gov/electricity/data/eia860m/xls/august_generator2026.xlsx,2026-09-26T00:04:26Z,2026-08,69760,RIG2,67625,TX,Colorado,ERCO,Electric Utility,Natural Gas Internal Combustion Engine,natural_gas,IC,Internal combustion engine,NG,Natural gas,20.3,19.9,19.9,L,Regulatory approvals pending. Not under construction,2027-09-01
eia860:69760:RIG3,generator,Rock Island Generation Project,US-TX,29.55068,-96.53675,20.3,planned,,Kerrville Public Utility Board Public Facility Corp,eia:860m,https://www.eia.gov/electricity/data/eia860m/xls/august_generator2026.xlsx,2026-09-26T00:04:26Z,2026-08,69760,RIG3,67625,TX,Colorado,ERCO,Electric Utility,Natural Gas Internal Combustion Engine,natural_gas,IC,Internal combustion engine,NG,Natural gas,20.3,19.9,19.9,L,Regulatory approvals pending. Not under construction,2027-09-01
eia860:69760:RIG4,generator,Rock Island Generation Project,US-TX,29.55068,-96.53675,20.3,planned,,Kerrville Public Utility Board Public Facility Corp,eia:860m,https://www.eia.gov/electricity/data/eia860m/xls/august_generator2026.xlsx,2026-09-26T00:04:26Z,2026-08,69760,RIG4,67625,TX,Colorado,ERCO,Electric Utility,Natural Gas Internal Combustion Engine,natural_gas,IC,Internal combustion engine,NG,Natural gas,20.3,19.9,19.9,L,Regulatory approvals pending. Not under construction,2027-09-01
eia860:69760:RIG5,generator,Rock Island Generation Project,US-TX,29.55068,-96.53675,20.3,planned,,Kerrville Public Utility Board Public Facility Corp,eia:860m,https://www.eia.gov/electricity/data/eia860m/xls/august_generator2026.xlsx,2026-09-26T00:04:26Z,2026-08,69760,RIG5,67625,TX,Colorado,ERCO,Electric Utility,Natural Gas Internal Combustion Engine,natural_gas,IC,Internal combustion engine,NG,Natural gas,20.3,19.9,19.9,L,Regulatory approvals pending. Not under construction,2027-09-01
eia860:69760:RIG6,generator,Rock Island Generation Project,US-TX,29.55068,-96.53675,20.3,planned,,Kerrville Public Utility Board Public Facility Corp,eia:860m,https://www.eia.gov/electricity/data/eia860m/xls/august_generator2026.xlsx,2026-09-26T00:04:26Z,2026-08,69760,RIG6,67625,TX,Colorado,ERCO,Electric Utility,Natural Gas Internal Combustion Engine,natural_gas,IC,Internal combustion engine,NG,Natural gas,20.3,19.9,19.9,L,Regulatory approvals pending. Not under construction,2027-09-01
eia860:69761:DBBES,generator,Dawn Break Solar,US-WI,44.140833,-89.46472,180,planned,,"Dawn Break Solar, LLC",eia:860m,https://www.eia.gov/electricity/data/eia860m/xls/august_generator2026.xlsx,2026-09-26T00:04:26Z,2026-08,69761,DBBES,67689,WI,Waushara,MISO,IPP Non-CHP,Batteries,storage,BA,"Energy storage, battery",MWH,Electricity used for energy storage,180,180,180,L,Regulatory approvals pending. Not under construction,2029-09-01
eia860:69761:DBSOL,generator,Dawn Break Solar,US-WI,44.140833,-89.46472,180,planned,,"Dawn Break Solar, LLC",eia:860m,https://www.eia.gov/electricity/data/eia860m/xls/august_generator2026.xlsx,2026-09-26T00:04:26Z,2026-08,69761,DBSOL,67689,WI,Waushara,MISO,IPP Non-CHP,Solar Photovoltaic,solar,PV,Photovoltaic,SUN,Solar,180,180,180,L,Regulatory approvals pending. Not under construction,2029-09-01
eia860:69762:425LM,generator,Southern Bighorn Solar 2,US-NV,36.56117,-114.7413,100,planned,,425LM 8ME LLC,eia:860m,https://www.eia.gov/electricity/data/eia860m/xls/august_generator2026.xlsx,2026-09-26T00:04:26Z,2026-08,69762,425LM,67694,NV,Clark,NEVP,IPP Non-CHP,Solar Photovoltaic,solar,PV,Photovoltaic,SUN,Solar,100,100,100,L,Regulatory approvals pending. Not under construction,2028-07-01
eia860:69762:BESS2,generator,Southern Bighorn Solar 2,US-NV,36.56117,-114.7413,100,planned,,425LM 8ME LLC,eia:860m,https://www.eia.gov/electricity/data/eia860m/xls/august_generator2026.xlsx,2026-09-26T00:04:26Z,2026-08,69762,BESS2,67694,NV,Clark,NEVP,IPP Non-CHP,Batteries,storage,BA,"Energy storage, battery",MWH,Electricity used for energy storage,100,100,100,L,Regulatory approvals pending. Not under construction,2028-07-01
eia860:69763:HPS,generator,Heritage Prairie Solar LLC,US-IL,41.06713,-88.2497,300,planned,,Pattern Operators LP,eia:860m,https://www.eia.gov/electricity/data/eia860m/xls/august_generator2026.xlsx,2026-09-26T00:04:26Z,2026-08,69763,HPS,56545,IL,Kankakee,PJM,IPP Non-CHP,Solar Photovoltaic,solar,PV,Photovoltaic,SUN,Solar,300,300,300,T,Regulatory approvals received. Not under construction,2028-09-01
eia860:69764:HPW,generator,Illinois Generation LLC,US-IL,41.06713,-88.2497,616.5,planned,,Pattern Operators LP,eia:860m,https://www.eia.gov/electricity/data/eia860m/xls/august_generator2026.xlsx,2026-09-26T00:04:26Z,2026-08,69764,HPW,56545,IL,Livingston,PJM,IPP Non-CHP,Onshore Wind Turbine,wind,WT,"Wind turbine, onshore",WND,Wind,616.5,616.5,616.5,T,Regulatory approvals received. Not under construction,2028-04-01
eia860:69766:KHLS,generator,Kalaeloa Home Lands Solar,US-HI,21.310594,-158.0863,1.7,under_construction,,Pivot Energy,eia:860m,https://www.eia.gov/electricity/data/eia860m/xls/august_generator2026.xlsx,2026-09-26T00:04:26Z,2026-08,69766,KHLS,65539,HI,Honolulu,HECO,IPP Non-CHP,Solar Photovoltaic,solar,PV,Photovoltaic,SUN,Solar,1.7,1.7,1.7,V,"Under construction, more than 50 percent complete",2026-11-01
eia860:69767:NCBP7,generator,NCBP Seven,US-MD,38.8692,-76.7368,2.4,under_construction,,Pivot Energy,eia:860m,https://www.eia.gov/electricity/data/eia860m/xls/august_generator2026.xlsx,2026-09-26T00:04:26Z,2026-08,69767,NCBP7,65539,MD,Prince Georges,PJM,IPP Non-CHP,Solar Photovoltaic,solar,PV,Photovoltaic,SUN,Solar,2.4,2.4,2.4,V,"Under construction, more than 50 percent complete",2026-11-01
eia860:69770:BRS,generator,Ryan Storage,US-TX,31.53576,-97.79874,50,under_construction,,Ryan Storage LLC,eia:860m,https://www.eia.gov/electricity/data/eia860m/xls/august_generator2026.xlsx,2026-09-26T00:04:26Z,2026-08,69770,BRS,67702,TX,Coryell,ERCO,IPP Non-CHP,Batteries,storage,BA,"Energy storage, battery",MWH,Electricity used for energy storage,50,50,50,U,"Under construction, less than or equal to 50 percent complete",2027-02-01
eia860:69771:CCBS1,generator,Clark Creek Solar Plant,US-NC,35.532689,-81.24866,14,planned,,"Duke Energy Carolinas, LLC",eia:860m,https://www.eia.gov/electricity/data/eia860m/xls/august_generator2026.xlsx,2026-09-26T00:04:26Z,2026-08,69771,CCBS1,5416,NC,Lincoln,CPLW,Electric Utility,Batteries,storage,BA,"Energy storage, battery",MWH,Electricity used for energy storage,14,14,14,L,Regulatory approvals pending. Not under construction,2028-02-01
eia860:69771:CCSP1,generator,Clark Creek Solar Plant,US-NC,35.532689,-81.24866,40,planned,,"Duke Energy Carolinas, LLC",eia:860m,https://www.eia.gov/electricity/data/eia860m/xls/august_generator2026.xlsx,2026-09-26T00:04:26Z,2026-08,69771,CCSP1,5416,NC,Lincoln,CPLW,Electric Utility,Solar Photovoltaic,solar,PV,Photovoltaic,SUN,Solar,40,40,40,L,Regulatory approvals pending. Not under construction,2028-02-01
eia860:69772:BRSP1,generator,Bush River Solar Plant,US-SC,34.3861,-81.7944,45,planned,,"Duke Energy Carolinas, LLC",eia:860m,https://www.eia.gov/electricity/data/eia860m/xls/august_generator2026.xlsx,2026-09-26T00:04:26Z,2026-08,69772,BRSP1,5416,SC,Laurens,CPLW,Electric Utility,Solar Photovoltaic,solar,PV,Photovoltaic,SUN,Solar,45,45,45,L,Regulatory approvals pending. Not under construction,2028-01-01
eia860:69773:GT1,generator,Mohave Energy Park,US-AZ,34.932499,-114.548,60.5,planned,,Arizona Electric Pwr Coop Inc,eia:860m,https://www.eia.gov/electricity/data/eia860m/xls/august_generator2026.xlsx,2026-09-26T00:04:26Z,2026-08,69773,GT1,796,AZ,Mohave,WALC,Electric Utility,Natural Gas Fired Combustion Turbine,natural_gas,GT,Combustion (gas) turbine,NG,Natural gas,60.5,43,43,L,Regulatory approvals pending. Not under construction,2027-12-01
eia860:69773:GT2,generator,Mohave Energy Park,US-AZ,34.932499,-114.548,60.5,planned,,Arizona Electric Pwr Coop Inc,eia:860m,https://www.eia.gov/electricity/data/eia860m/xls/august_generator2026.xlsx,2026-09-26T00:04:26Z,2026-08,69773,GT2,796,AZ,Mohave,WALC,Electric Utility,Natural Gas Fired Combustion Turbine,natural_gas,GT,Combustion (gas) turbine,NG,Natural gas,60.5,43,43,L,Regulatory approvals pending. Not under construction,2027-12-01
eia860:69773:GT3,generator,Mohave Energy Park,US-AZ,34.932499,-114.548,60.5,planned,,Arizona Electric Pwr Coop Inc,eia:860m,https://www.eia.gov/electricity/data/eia860m/xls/august_generator2026.xlsx,2026-09-26T00:04:26Z,2026-08,69773,GT3,796,AZ,Mohave,WALC,Electric Utility,Natural Gas Fired Combustion Turbine,natural_gas,GT,Combustion (gas) turbine,NG,Natural gas,60.5,43,43,L,Regulatory approvals pending. Not under construction,2027-12-01
eia860:69773:GT4,generator,Mohave Energy Park,US-AZ,34.932499,-114.548,60.5,planned,,Arizona Electric Pwr Coop Inc,eia:860m,https://www.eia.gov/electricity/data/eia860m/xls/august_generator2026.xlsx,2026-09-26T00:04:26Z,2026-08,69773,GT4,796,AZ,Mohave,WALC,Electric Utility,Natural Gas Fired Combustion Turbine,natural_gas,GT,Combustion (gas) turbine,NG,Natural gas,60.5,43,43,L,Regulatory approvals pending. Not under construction,2027-12-01
eia860:69775:STBSP,generator,Strasburg Solar Park,US-MI,41.971933,-83.45975,100,under_construction,,DTE Electric Company,eia:860m,https://www.eia.gov/electricity/data/eia860m/xls/august_generator2026.xlsx,2026-09-26T00:04:26Z,2026-08,69775,STBSP,5109,MI,Monroe,MISO,Electric Utility,Solar Photovoltaic,solar,PV,Photovoltaic,SUN,Solar,100,100,100,U,"Under construction, less than or equal to 50 percent complete",2028-12-01
eia860:69776:DKVSP,generator,Deckerville Solar Park,US-MI,44.5521,-82.7649,200,under_construction,,DTE Electric Company,eia:860m,https://www.eia.gov/electricity/data/eia860m/xls/august_generator2026.xlsx,2026-09-26T00:04:26Z,2026-08,69776,DKVSP,5109,MI,Sanilac,MISO,Electric Utility,Solar Photovoltaic,solar,PV,Photovoltaic,SUN,Solar,200,200,200,U,"Under construction, less than or equal to 50 percent complete",2028-11-01
eia860:69778:HK1SO,generator,Hashknife Energy Center LLC,US-AZ,34.574259,-110.4946,275,under_construction,,Invenergy Services LLC,eia:860m,https://www.eia.gov/electricity/data/eia860m/xls/august_generator2026.xlsx,2026-09-26T00:04:26Z,2026-08,69778,HK1SO,49893,AZ,Navajo,AZPS,IPP Non-CHP,Solar Photovoltaic,solar,PV,Photovoltaic,SUN,Solar,275,275,275,V,"Under construction, more than 50 percent complete",2026-09-01
eia860:69778:HK1ST,generator,Hashknife Energy Center LLC,US-AZ,34.574259,-110.4946,275,under_construction,,Invenergy Services LLC,eia:860m,https://www.eia.gov/electricity/data/eia860m/xls/august_generator2026.xlsx,2026-09-26T00:04:26Z,2026-08,69778,HK1ST,49893,AZ,Navajo,AZPS,IPP Non-CHP,Batteries,storage,BA,"Energy storage, battery",MWH,Electricity used for energy storage,275,275,275,V,"Under construction, more than 50 percent complete",2026-09-01
eia860:69779:HK2SO,generator,Hashknife Energy Center II LLC,US-AZ,34.574259,-110.4946,200,under_construction,,Invenergy Services LLC,eia:860m,https://www.eia.gov/electricity/data/eia860m/xls/august_generator2026.xlsx,2026-09-26T00:04:26Z,2026-08,69779,HK2SO,49893,AZ,Navajo,AZPS,IPP Non-CHP,Solar Photovoltaic,solar,PV,Photovoltaic,SUN,Solar,200,200,200,V,"Under construction, more than 50 percent complete",2027-03-01
eia860:69779:HK2ST,generator,Hashknife Energy Center II LLC,US-AZ,34.574259,-110.4946,200,under_construction,,Invenergy Services LLC,eia:860m,https://www.eia.gov/electricity/data/eia860m/xls/august_generator2026.xlsx,2026-09-26T00:04:26Z,2026-08,69779,HK2ST,49893,AZ,Navajo,AZPS,IPP Non-CHP,Batteries,storage,BA,"Energy storage, battery",MWH,Electricity used for energy storage,200,200,200,V,"Under construction, more than 50 percent complete",2027-03-01
eia860:69780:OCPV1,generator,Oystercatcher Solar,US-TX,32.192556,-96.91867,197,under_construction,,"Cardinal Investment Company, Inc.",eia:860m,https://www.eia.gov/electricity/data/eia860m/xls/august_generator2026.xlsx,2026-09-26T00:04:26Z,2026-08,69780,OCPV1,67724,TX,Ellis,ERCO,IPP Non-CHP,Solar Photovoltaic,solar,PV,Photovoltaic,SUN,Solar,197,197,197,V,"Under construction, more than 50 percent complete",2027-03-01
eia860:69782:CW216,generator,Cartwright Solar II,US-OR,44.244,-120.938,17.6,under_construction,,Cartwright Solar II LLC,eia:860m,https://www.eia.gov/electricity/data/eia860m/xls/august_generator2026.xlsx,2026-09-26T00:04:26Z,2026-08,69782,CW216,67729,OR,Crook,BPAT,IPP Non-CHP,Solar Photovoltaic,solar,PV,Photovoltaic,SUN,Solar,17.6,17.6,17.6,TS,"Construction complete, but not yet in commercial operation",2026-11-01
eia860:69785:CV801,generator,Stockton 1 - slcva801,US-CA,37.93997,-121.2265,1,under_construction,,Prologis Logistics Services Incorporated,eia:860m,https://www.eia.gov/electricity/data/eia860m/xls/august_generator2026.xlsx,2026-09-26T00:04:26Z,2026-08,69785,CV801,65869,CA,San Joaquin,CISO,IPP Non-CHP,Solar Photovoltaic,solar,PV,Photovoltaic,SUN,Solar,1,1,1,U,"Under construction, less than or equal to 50 percent complete",2027-07-01
eia860:69786:CV209,generator,Stockton 9 - slcva209,US-CA,37.89233,-121.2667,1,under_construction,,Prologis Logistics Services Incorporated,eia:860m,https://www.eia.gov/electricity/data/eia860m/xls/august_generator2026.xlsx,2026-09-26T00:04:26Z,2026-08,69786,CV209,65869,CA,San Joaquin,CISO,IPP Non-CHP,Solar Photovoltaic,solar,PV,Photovoltaic,SUN,Solar,1,1,1,U,"Under construction, less than or equal to 50 percent complete",2027-01-01
eia860:69790:EZMLC,generator,Elizabeth Metropolitan Logistics Center,US-NJ,40.68403,-74.20623,1.2,under_construction,,Standard Solar,eia:860m,https://www.eia.gov/electricity/data/eia860m/xls/august_generator2026.xlsx,2026-09-26T00:04:26Z,2026-08,69790,EZMLC,60531,NJ,Union,PJM,IPP Non-CHP,Solar Photovoltaic,solar,PV,Photovoltaic,SUN,Solar,1.2,1.2,1.2,TS,"Construction complete, but not yet in commercial operation",2026-09-01
eia860:69791:NJUDC,generator,BPL NJ - Union Distribution Center,US-NJ,40.6834,-74.2422,1.5,under_construction,,Standard Solar,eia:860m,https://www.eia.gov/electricity/data/eia860m/xls/august_generator2026.xlsx,2026-09-26T00:04:26Z,2026-08,69791,NJUDC,60531,NJ,Union,PJM,IPP Non-CHP,Solar Photovoltaic,solar,PV,Photovoltaic,SUN,Solar,1.5,1,1,TS,"Construction complete, but not yet in commercial operation",2026-09-01
eia860:69793:HEPV1,generator,Henderson County Solar,US-KY,37.799412,-87.62325,51.1,under_construction,,Stellar Renewable Power,eia:860m,https://www.eia.gov/electricity/data/eia860m/xls/august_generator2026.xlsx,2026-09-26T00:04:26Z,2026-08,69793,HEPV1,67720,KY,Henderson,MISO,IPP Non-CHP,Solar Photovoltaic,solar,PV,Photovoltaic,SUN,Solar,51.1,50,50,U,"Under construction, less than or equal to 50 percent complete",2027-09-01
eia860:69795:KEABE,generator,Keamuku,US-HI,19.8799,-155.7373,86,planned,,AES Clean Energy,eia:860m,https://www.eia.gov/electricity/data/eia860m/xls/august_generator2026.xlsx,2026-09-26T00:04:26Z,2026-08,69795,KEABE,64904,HI,Hawaii,HECO,IPP Non-CHP,Batteries,storage,BA,"Energy storage, battery",MWH,Electricity used for energy storage,86,86,86,L,Regulatory approvals pending. Not under construction,2030-05-01
eia860:69795:KEAMU,generator,Keamuku,US-HI,19.8799,-155.7373,86,planned,,AES Clean Energy,eia:860m,https://www.eia.gov/electricity/data/eia860m/xls/august_generator2026.xlsx,2026-09-26T00:04:26Z,2026-08,69795,KEAMU,64904,HI,Hawaii,HECO,IPP Non-CHP,Solar Photovoltaic,solar,PV,Photovoltaic,SUN,Solar,86,86,86,L,Regulatory approvals pending. Not under construction,2030-05-01
eia860:69796:HARVS,generator,Harvey Solar,US-OH,40.273115,-82.71962,350,planned,,"Leeward Asset Management, LLC",eia:860m,https://www.eia.gov/electricity/data/eia860m/xls/august_generator2026.xlsx,2026-09-26T00:04:26Z,2026-08,69796,HARVS,50123,OH,Licking,PJM,IPP Non-CHP,Solar Photovoltaic,solar,PV,Photovoltaic,SUN,Solar,350,350,350,T,Regulatory approvals received. Not under construction,2028-08-01
eia860:69798:PMN1,generator,Project Matador Nuclear,US-TX,35.283762,-101.569,1117,planned,,Fermi Nuclear,eia:860m,https://www.eia.gov/electricity/data/eia860m/xls/august_generator2026.xlsx,2026-09-26T00:04:26Z,2026-08,69798,PMN1,67737,TX,Carson,ERCO,IPP Non-CHP,Nuclear,nuclear,ST,Steam turbine,NUC,Nuclear,1117,1117,1117,P,"Planned for installation, but regulatory approvals not initiated",2031-12-01
eia860:69798:PMN2,generator,Project Matador Nuclear,US-TX,35.283762,-101.569,1117,planned,,Fermi Nuclear,eia:860m,https://www.eia.gov/electricity/data/eia860m/xls/august_generator2026.xlsx,2026-09-26T00:04:26Z,2026-08,69798,PMN2,67737,TX,Carson,ERCO,IPP Non-CHP,Nuclear,nuclear,ST,Steam turbine,NUC,Nuclear,1117,1117,1117,P,"Planned for installation, but regulatory approvals not initiated",2032-12-01
eia860:69798:PMN3,generator,Project Matador Nuclear,US-TX,35.283762,-101.569,1117,planned,,Fermi Nuclear,eia:860m,https://www.eia.gov/electricity/data/eia860m/xls/august_generator2026.xlsx,2026-09-26T00:04:26Z,2026-08,69798,PMN3,67737,TX,Carson,ERCO,IPP Non-CHP,Nuclear,nuclear,ST,Steam turbine,NUC,Nuclear,1117,1117,1117,P,"Planned for installation, but regulatory approvals not initiated",2031-12-01
eia860:69798:PMN4,generator,Project Matador Nuclear,US-TX,35.283762,-101.569,1117,planned,,Fermi Nuclear,eia:860m,https://www.eia.gov/electricity/data/eia860m/xls/august_generator2026.xlsx,2026-09-26T00:04:26Z,2026-08,69798,PMN4,67737,TX,Carson,ERCO,IPP Non-CHP,Nuclear,nuclear,ST,Steam turbine,NUC,Nuclear,1117,1117,1117,P,"Planned for installation, but regulatory approvals not initiated",2032-12-01
eia860:69799:EG001,generator,Project Matador Gas Plant (PMG),US-TX,35.283762,-101.569,57,planned,,Fermi America,eia:860m,https://www.eia.gov/electricity/data/eia860m/xls/august_generator2026.xlsx,2026-09-26T00:04:26Z,2026-08,69799,EG001,67738,TX,Carson,ERCO,IPP Non-CHP,Natural Gas Fired Combined Cycle,natural_gas,CT,Combined cycle combustion turbine part,NG,Natural gas,57,57,57,P,"Planned for installation, but regulatory approvals not initiated",2030-12-01
eia860:69799:EG002,generator,Project Matador Gas Plant (PMG),US-TX,35.283762,-101.569,57,planned,,Fermi America,eia:860m,https://www.eia.gov/electricity/data/eia860m/xls/august_generator2026.xlsx,2026-09-26T00:04:26Z,2026-08,69799,EG002,67738,TX,Carson,ERCO,IPP Non-CHP,Natural Gas Fired Combined Cycle,natural_gas,CT,Combined cycle combustion turbine part,NG,Natural gas,57,57,57,P,"Planned for installation, but regulatory approvals not initiated",2030-12-01
eia860:69799:EG003,generator,Project Matador Gas Plant (PMG),US-TX,35.283762,-101.569,57,planned,,Fermi America,eia:860m,https://www.eia.gov/electricity/data/eia860m/xls/august_generator2026.xlsx,2026-09-26T00:04:26Z,2026-08,69799,EG003,67738,TX,Carson,ERCO,IPP Non-CHP,Natural Gas Fired Combined Cycle,natural_gas,CT,Combined cycle combustion turbine part,NG,Natural gas,57,57,57,P,"Planned for installation, but regulatory approvals not initiated",2030-12-01
eia860:69799:EG004,generator,Project Matador Gas Plant (PMG),US-TX,35.283762,-101.569,57,planned,,Fermi America,eia:860m,https://www.eia.gov/electricity/data/eia860m/xls/august_generator2026.xlsx,2026-09-26T00:04:26Z,2026-08,69799,EG004,67738,TX,Carson,ERCO,IPP Non-CHP,Natural Gas Fired Combined Cycle,natural_gas,CT,Combined cycle combustion turbine part,NG,Natural gas,57,57,57,P,"Planned for installation, but regulatory approvals not initiated",2030-12-01
eia860:69799:EG005,generator,Project Matador Gas Plant (PMG),US-TX,35.283762,-101.569,57,planned,,Fermi America,eia:860m,https://www.eia.gov/electricity/data/eia860m/xls/august_generator2026.xlsx,2026-09-26T00:04:26Z,2026-08,69799,EG005,67738,TX,Carson,ERCO,IPP Non-CHP,Natural Gas Fired Combined Cycle,natural_gas,CT,Combined cycle combustion turbine part,NG,Natural gas,57,57,57,P,"Planned for installation, but regulatory approvals not initiated",2030-12-01
eia860:69799:EG006,generator,Project Matador Gas Plant (PMG),US-TX,35.283762,-101.569,57,planned,,Fermi America,eia:860m,https://www.eia.gov/electricity/data/eia860m/xls/august_generator2026.xlsx,2026-09-26T00:04:26Z,2026-08,69799,EG006,67738,TX,Carson,ERCO,IPP Non-CHP,Natural Gas Fired Combined Cycle,natural_gas,CT,Combined cycle combustion turbine part,NG,Natural gas,57,57,57,P,"Planned for installation, but regulatory approvals not initiated",2030-12-01
eia860:69799:EG007,generator,Project Matador Gas Plant (PMG),US-TX,35.283762,-101.569,57,planned,,Fermi America,eia:860m,https://www.eia.gov/electricity/data/eia860m/xls/august_generator2026.xlsx,2026-09-26T00:04:26Z,2026-08,69799,EG007,67738,TX,Carson,ERCO,IPP Non-CHP,Natural Gas Fired Combined Cycle,natural_gas,CT,Combined cycle combustion turbine part,NG,Natural gas,57,57,57,P,"Planned for installation, but regulatory approvals not initiated",2030-12-01
eia860:69799:EG008,generator,Project Matador Gas Plant (PMG),US-TX,35.283762,-101.569,57,planned,,Fermi America,eia:860m,https://www.eia.gov/electricity/data/eia860m/xls/august_generator2026.xlsx,2026-09-26T00:04:26Z,2026-08,69799,EG008,67738,TX,Carson,ERCO,IPP Non-CHP,Natural Gas Fired Combined Cycle,natural_gas,CT,Combined cycle combustion turbine part,NG,Natural gas,57,57,57,P,"Planned for installation, but regulatory approvals not initiated",2030-12-01
eia860:69799:EG009,generator,Project Matador Gas Plant (PMG),US-TX,35.283762,-101.569,57,planned,,Fermi America,eia:860m,https://www.eia.gov/electricity/data/eia860m/xls/august_generator2026.xlsx,2026-09-26T00:04:26Z,2026-08,69799,EG009,67738,TX,Carson,ERCO,IPP Non-CHP,Natural Gas Fired Combined Cycle,natural_gas,CT,Combined cycle combustion turbine part,NG,Natural gas,57,57,57,P,"Planned for installation, but regulatory approvals not initiated",2030-12-01
eia860:69799:EG010,generator,Project Matador Gas Plant (PMG),US-TX,35.283762,-101.569,57,planned,,Fermi America,eia:860m,https://www.eia.gov/electricity/data/eia860m/xls/august_generator2026.xlsx,2026-09-26T00:04:26Z,2026-08,69799,EG010,67738,TX,Carson,ERCO,IPP Non-CHP,Natural Gas Fired Combined Cycle,natural_gas,CT,Combined cycle combustion turbine part,NG,Natural gas,57,57,57,P,"Planned for installation, but regulatory approvals not initiated",2030-12-01
eia860:69799:EG011,generator,Project Matador Gas Plant (PMG),US-TX,35.283762,-101.569,57,planned,,Fermi America,eia:860m,https://www.eia.gov/electricity/data/eia860m/xls/august_generator2026.xlsx,2026-09-26T00:04:26Z,2026-08,69799,EG011,67738,TX,Carson,ERCO,IPP Non-CHP,Natural Gas Fired Combined Cycle,natural_gas,CT,Combined cycle combustion turbine part,NG,Natural gas,57,57,57,P,"Planned for installation, but regulatory approvals not initiated",2030-12-01
eia860:69799:EG012,generator,Project Matador Gas Plant (PMG),US-TX,35.283762,-101.569,57,planned,,Fermi America,eia:860m,https://www.eia.gov/electricity/data/eia860m/xls/august_generator2026.xlsx,2026-09-26T00:04:26Z,2026-08,69799,EG012,67738,TX,Carson,ERCO,IPP Non-CHP,Natural Gas Fired Combined Cycle,natural_gas,CT,Combined cycle combustion turbine part,NG,Natural gas,57,57,57,P,"Planned for installation, but regulatory approvals not initiated",2030-12-01
eia860:69799:EG013,generator,Project Matador Gas Plant (PMG),US-TX,35.283762,-101.569,57,planned,,Fermi America,eia:860m,https://www.eia.gov/electricity/data/eia860m/xls/august_generator2026.xlsx,2026-09-26T00:04:26Z,2026-08,69799,EG013,67738,TX,Carson,ERCO,IPP Non-CHP,Natural Gas Fired Combined Cycle,natural_gas,CT,Combined cycle combustion turbine part,NG,Natural gas,57,57,57,P,"Planned for installation, but regulatory approvals not initiated",2030-12-01
eia860:69799:EG014,generator,Project Matador Gas Plant (PMG),US-TX,35.283762,-101.569,57,planned,,Fermi America,eia:860m,https://www.eia.gov/electricity/data/eia860m/xls/august_generator2026.xlsx,2026-09-26T00:04:26Z,2026-08,69799,EG014,67738,TX,Carson,ERCO,IPP Non-CHP,Natural Gas Fired Combined Cycle,natural_gas,CT,Combined cycle combustion turbine part,NG,Natural gas,57,57,57,P,"Planned for installation, but regulatory approvals not initiated",2030-12-01
eia860:69799:EG015,generator,Project Matador Gas Plant (PMG),US-TX,35.283762,-101.569,57,planned,,Fermi America,eia:860m,https://www.eia.gov/electricity/data/eia860m/xls/august_generator2026.xlsx,2026-09-26T00:04:26Z,2026-08,69799,EG015,67738,TX,Carson,ERCO,IPP Non-CHP,Natural Gas Fired Combined Cycle,natural_gas,CT,Combined cycle combustion turbine part,NG,Natural gas,57,57,57,P,"Planned for installation, but regulatory approvals not initiated",2030-12-01
eia860:69799:EG016,generator,Project Matador Gas Plant (PMG),US-TX,35.283762,-101.569,57,planned,,Fermi America,eia:860m,https://www.eia.gov/electricity/data/eia860m/xls/august_generator2026.xlsx,2026-09-26T00:04:26Z,2026-08,69799,EG016,67738,TX,Carson,ERCO,IPP Non-CHP,Natural Gas Fired Combined Cycle,natural_gas,CT,Combined cycle combustion turbine part,NG,Natural gas,57,57,57,P,"Planned for installation, but regulatory approvals not initiated",2030-12-01
eia860:69799:EG017,generator,Project Matador Gas Plant (PMG),US-TX,35.283762,-101.569,57,planned,,Fermi America,eia:860m,https://www.eia.gov/electricity/data/eia860m/xls/august_generator2026.xlsx,2026-09-26T00:04:26Z,2026-08,69799,EG017,67738,TX,Carson,ERCO,IPP Non-CHP,Natural Gas Fired Combined Cycle,natural_gas,CT,Combined cycle combustion turbine part,NG,Natural gas,57,57,57,P,"Planned for installation, but regulatory approvals not initiated",2030-12-01
eia860:69799:EG018,generator,Project Matador Gas Plant (PMG),US-TX,35.283762,-101.569,57,planned,,Fermi America,eia:860m,https://www.eia.gov/electricity/data/eia860m/xls/august_generator2026.xlsx,2026-09-26T00:04:26Z,2026-08,69799,EG018,67738,TX,Carson,ERCO,IPP Non-CHP,Natural Gas Fired Combined Cycle,natural_gas,CT,Combined cycle combustion turbine part,NG,Natural gas,57,57,57,P,"Planned for installation, but regulatory approvals not initiated",2030-12-01
eia860:69799:EG019,generator,Project Matador Gas Plant (PMG),US-TX,35.283762,-101.569,57,planned,,Fermi America,eia:860m,https://www.eia.gov/electricity/data/eia860m/xls/august_generator2026.xlsx,2026-09-26T00:04:26Z,2026-08,69799,EG019,67738,TX,Carson,ERCO,IPP Non-CHP,Natural Gas Fired Combined Cycle,natural_gas,CT,Combined cycle combustion turbine part,NG,Natural gas,57,57,57,P,"Planned for installation, but regulatory approvals not initiated",2030-12-01
eia860:69799:EG020,generator,Project Matador Gas Plant (PMG),US-TX,35.283762,-101.569,57,planned,,Fermi America,eia:860m,https://www.eia.gov/electricity/data/eia860m/xls/august_generator2026.xlsx,2026-09-26T00:04:26Z,2026-08,69799,EG020,67738,TX,Carson,ERCO,IPP Non-CHP,Natural Gas Fired Combined Cycle,natural_gas,CT,Combined cycle combustion turbine part,NG,Natural gas,57,57,57,P,"Planned for installation, but regulatory approvals not initiated",2030-12-01
eia860:69799:EG021,generator,Project Matador Gas Plant (PMG),US-TX,35.283762,-101.569,57,planned,,Fermi America,eia:860m,https://www.eia.gov/electricity/data/eia860m/xls/august_generator2026.xlsx,2026-09-26T00:04:26Z,2026-08,69799,EG021,67738,TX,Carson,ERCO,IPP Non-CHP,Natural Gas Fired Combined Cycle,natural_gas,CT,Combined cycle combustion turbine part,NG,Natural gas,57,57,57,P,"Planned for installation, but regulatory approvals not initiated",2030-12-01
eia860:69799:EG022,generator,Project Matador Gas Plant (PMG),US-TX,35.283762,-101.569,57,planned,,Fermi America,eia:860m,https://www.eia.gov/electricity/data/eia860m/xls/august_generator2026.xlsx,2026-09-26T00:04:26Z,2026-08,69799,EG022,67738,TX,Carson,ERCO,IPP Non-CHP,Natural Gas Fired Combined Cycle,natural_gas,CT,Combined cycle combustion turbine part,NG,Natural gas,57,57,57,P,"Planned for installation, but regulatory approvals not initiated",2030-12-01
eia860:69799:EG023,generator,Project Matador Gas Plant (PMG),US-TX,35.283762,-101.569,57,planned,,Fermi America,eia:860m,https://www.eia.gov/electricity/data/eia860m/xls/august_generator2026.xlsx,2026-09-26T00:04:26Z,2026-08,69799,EG023,67738,TX,Carson,ERCO,IPP Non-CHP,Natural Gas Fired Combined Cycle,natural_gas,CT,Combined cycle combustion turbine part,NG,Natural gas,57,57,57,P,"Planned for installation, but regulatory approvals not initiated",2030-12-01
eia860:69799:EG024,generator,Project Matador Gas Plant (PMG),US-TX,35.283762,-101.569,57,planned,,Fermi America,eia:860m,https://www.eia.gov/electricity/data/eia860m/xls/august_generator2026.xlsx,2026-09-26T00:04:26Z,2026-08,69799,EG024,67738,TX,Carson,ERCO,IPP Non-CHP,Natural Gas Fired Combined Cycle,natural_gas,CT,Combined cycle combustion turbine part,NG,Natural gas,57,57,57,P,"Planned for installation, but regulatory approvals not initiated",2030-12-01
eia860:69799:EG025,generator,Project Matador Gas Plant (PMG),US-TX,35.283762,-101.569,57,planned,,Fermi America,eia:860m,https://www.eia.gov/electricity/data/eia860m/xls/august_generator2026.xlsx,2026-09-26T00:04:26Z,2026-08,69799,EG025,67738,TX,Carson,ERCO,IPP Non-CHP,Natural Gas Fired Combined Cycle,natural_gas,CT,Combined cycle combustion turbine part,NG,Natural gas,57,57,57,P,"Planned for installation, but regulatory approvals not initiated",2030-12-01
eia860:69799:EG026,generator,Project Matador Gas Plant (PMG),US-TX,35.283762,-101.569,57,planned,,Fermi America,eia:860m,https://www.eia.gov/electricity/data/eia860m/xls/august_generator2026.xlsx,2026-09-26T00:04:26Z,2026-08,69799,EG026,67738,TX,Carson,ERCO,IPP Non-CHP,Natural Gas Fired Combined Cycle,natural_gas,CT,Combined cycle combustion turbine part,NG,Natural gas,57,57,57,P,"Planned for installation, but regulatory approvals not initiated",2030-12-01
eia860:69799:EG027,generator,Project Matador Gas Plant (PMG),US-TX,35.283762,-101.569,57,planned,,Fermi America,eia:860m,https://www.eia.gov/electricity/data/eia860m/xls/august_generator2026.xlsx,2026-09-26T00:04:26Z,2026-08,69799,EG027,67738,TX,Carson,ERCO,IPP Non-CHP,Natural Gas Fired Combined Cycle,natural_gas,CT,Combined cycle combustion turbine part,NG,Natural gas,57,57,57,P,"Planned for installation, but regulatory approvals not initiated",2030-12-01
eia860:69799:EG028,generator,Project Matador Gas Plant (PMG),US-TX,35.283762,-101.569,57,planned,,Fermi America,eia:860m,https://www.eia.gov/electricity/data/eia860m/xls/august_generator2026.xlsx,2026-09-26T00:04:26Z,2026-08,69799,EG028,67738,TX,Carson,ERCO,IPP Non-CHP,Natural Gas Fired Combined Cycle,natural_gas,CT,Combined cycle combustion turbine part,NG,Natural gas,57,57,57,P,"Planned for installation, but regulatory approvals not initiated",2030-12-01
eia860:69799:EG029,generator,Project Matador Gas Plant (PMG),US-TX,35.283762,-101.569,57,planned,,Fermi America,eia:860m,https://www.eia.gov/electricity/data/eia860m/xls/august_generator2026.xlsx,2026-09-26T00:04:26Z,2026-08,69799,EG029,67738,TX,Carson,ERCO,IPP Non-CHP,Natural Gas Fired Combined Cycle,natural_gas,CT,Combined cycle combustion turbine part,NG,Natural gas,57,57,57,P,"Planned for installation, but regulatory approvals not initiated",2030-12-01
eia860:69799:EG030,generator,Project Matador Gas Plant (PMG),US-TX,35.283762,-101.569,57,planned,,Fermi America,eia:860m,https://www.eia.gov/electricity/data/eia860m/xls/august_generator2026.xlsx,2026-09-26T00:04:26Z,2026-08,69799,EG030,67738,TX,Carson,ERCO,IPP Non-CHP,Natural Gas Fired Combined Cycle,natural_gas,CT,Combined cycle combustion turbine part,NG,Natural gas,57,57,57,P,"Planned for installation, but regulatory approvals not initiated",2030-12-01
eia860:69799:EG031,generator,Project Matador Gas Plant (PMG),US-TX,35.283762,-101.569,57,planned,,Fermi America,eia:860m,https://www.eia.gov/electricity/data/eia860m/xls/august_generator2026.xlsx,2026-09-26T00:04:26Z,2026-08,69799,EG031,67738,TX,Carson,ERCO,IPP Non-CHP,Natural Gas Fired Combined Cycle,natural_gas,CT,Combined cycle combustion turbine part,NG,Natural gas,57,57,57,P,"Planned for installation, but regulatory approvals not initiated",2030-12-01
eia860:69799:EG032,generator,Project Matador Gas Plant (PMG),US-TX,35.283762,-101.569,57,planned,,Fermi America,eia:860m,https://www.eia.gov/electricity/data/eia860m/xls/august_generator2026.xlsx,2026-09-26T00:04:26Z,2026-08,69799,EG032,67738,TX,Carson,ERCO,IPP Non-CHP,Natural Gas Fired Combined Cycle,natural_gas,CT,Combined cycle combustion turbine part,NG,Natural gas,57,57,57,P,"Planned for installation, but regulatory approvals not initiated",2030-12-01
eia860:69799:EG033,generator,Project Matador Gas Plant (PMG),US-TX,35.283762,-101.569,57,planned,,Fermi America,eia:860m,https://www.eia.gov/electricity/data/eia860m/xls/august_generator2026.xlsx,2026-09-26T00:04:26Z,2026-08,69799,EG033,67738,TX,Carson,ERCO,IPP Non-CHP,Natural Gas Fired Combined Cycle,natural_gas,CT,Combined cycle combustion turbine part,NG,Natural gas,57,57,57,P,"Planned for installation, but regulatory approvals not initiated",2030-12-01
eia860:69799:EG034,generator,Project Matador Gas Plant (PMG),US-TX,35.283762,-101.569,57,planned,,Fermi America,eia:860m,https://www.eia.gov/electricity/data/eia860m/xls/august_generator2026.xlsx,2026-09-26T00:04:26Z,2026-08,69799,EG034,67738,TX,Carson,ERCO,IPP Non-CHP,Natural Gas Fired Combined Cycle,natural_gas,CT,Combined cycle combustion turbine part,NG,Natural gas,57,57,57,P,"Planned for installation, but regulatory approvals not initiated",2030-12-01
eia860:69799:EG035,generator,Project Matador Gas Plant (PMG),US-TX,35.283762,-101.569,57,planned,,Fermi America,eia:860m,https://www.eia.gov/electricity/data/eia860m/xls/august_generator2026.xlsx,2026-09-26T00:04:26Z,2026-08,69799,EG035,67738,TX,Carson,ERCO,IPP Non-CHP,Natural Gas Fired Combined Cycle,natural_gas,CT,Combined cycle combustion turbine part,NG,Natural gas,57,57,57,P,"Planned for installation, but regulatory approvals not initiated",2030-12-01
eia860:69799:EG036,generator,Project Matador Gas Plant (PMG),US-TX,35.283762,-101.569,57,planned,,Fermi America,eia:860m,https://www.eia.gov/electricity/data/eia860m/xls/august_generator2026.xlsx,2026-09-26T00:04:26Z,2026-08,69799,EG036,67738,TX,Carson,ERCO,IPP Non-CHP,Natural Gas Fired Combined Cycle,natural_gas,CT,Combined cycle combustion turbine part,NG,Natural gas,57,57,57,P,"Planned for installation, but regulatory approvals not initiated",2030-12-01
eia860:69799:EG037,generator,Project Matador Gas Plant (PMG),US-TX,35.283762,-101.569,57,planned,,Fermi America,eia:860m,https://www.eia.gov/electricity/data/eia860m/xls/august_generator2026.xlsx,2026-09-26T00:04:26Z,2026-08,69799,EG037,67738,TX,Carson,ERCO,IPP Non-CHP,Natural Gas Fired Combined Cycle,natural_gas,CT,Combined cycle combustion turbine part,NG,Natural gas,57,57,57,P,"Planned for installation, but regulatory approvals not initiated",2030-12-01
eia860:69799:EG038,generator,Project Matador Gas Plant (PMG),US-TX,35.283762,-101.569,57,planned,,Fermi America,eia:860m,https://www.eia.gov/electricity/data/eia860m/xls/august_generator2026.xlsx,2026-09-26T00:04:26Z,2026-08,69799,EG038,67738,TX,Carson,ERCO,IPP Non-CHP,Natural Gas Fired Combined Cycle,natural_gas,CT,Combined cycle combustion turbine part,NG,Natural gas,57,57,57,P,"Planned for installation, but regulatory approvals not initiated",2030-12-01
eia860:69799:EG039,generator,Project Matador Gas Plant (PMG),US-TX,35.283762,-101.569,57,planned,,Fermi America,eia:860m,https://www.eia.gov/electricity/data/eia860m/xls/august_generator2026.xlsx,2026-09-26T00:04:26Z,2026-08,69799,EG039,67738,TX,Carson,ERCO,IPP Non-CHP,Natural Gas Fired Combined Cycle,natural_gas,CT,Combined cycle combustion turbine part,NG,Natural gas,57,57,57,P,"Planned for installation, but regulatory approvals not initiated",2030-12-01
eia860:69799:EG040,generator,Project Matador Gas Plant (PMG),US-TX,35.283762,-101.569,57,planned,,Fermi America,eia:860m,https://www.eia.gov/electricity/data/eia860m/xls/august_generator2026.xlsx,2026-09-26T00:04:26Z,2026-08,69799,EG040,67738,TX,Carson,ERCO,IPP Non-CHP,Natural Gas Fired Combined Cycle,natural_gas,CT,Combined cycle combustion turbine part,NG,Natural gas,57,57,57,P,"Planned for installation, but regulatory approvals not initiated",2030-12-01
eia860:69799:EG041,generator,Project Matador Gas Plant (PMG),US-TX,35.283762,-101.569,57,planned,,Fermi America,eia:860m,https://www.eia.gov/electricity/data/eia860m/xls/august_generator2026.xlsx,2026-09-26T00:04:26Z,2026-08,69799,EG041,67738,TX,Carson,ERCO,IPP Non-CHP,Natural Gas Fired Combined Cycle,natural_gas,CT,Combined cycle combustion turbine part,NG,Natural gas,57,57,57,P,"Planned for installation, but regulatory approvals not initiated",2030-12-01
eia860:69799:EG042,generator,Project Matador Gas Plant (PMG),US-TX,35.283762,-101.569,57,planned,,Fermi America,eia:860m,https://www.eia.gov/electricity/data/eia860m/xls/august_generator2026.xlsx,2026-09-26T00:04:26Z,2026-08,69799,EG042,67738,TX,Carson,ERCO,IPP Non-CHP,Natural Gas Fired Combined Cycle,natural_gas,CT,Combined cycle combustion turbine part,NG,Natural gas,57,57,57,P,"Planned for installation, but regulatory approvals not initiated",2030-12-01
eia860:69799:EG043,generator,Project Matador Gas Plant (PMG),US-TX,35.283762,-101.569,57,planned,,Fermi America,eia:860m,https://www.eia.gov/electricity/data/eia860m/xls/august_generator2026.xlsx,2026-09-26T00:04:26Z,2026-08,69799,EG043,67738,TX,Carson,ERCO,IPP Non-CHP,Natural Gas Fired Combined Cycle,natural_gas,CT,Combined cycle combustion turbine part,NG,Natural gas,57,57,57,P,"Planned for installation, but regulatory approvals not initiated",2030-12-01
eia860:69799:EG044,generator,Project Matador Gas Plant (PMG),US-TX,35.283762,-101.569,57,planned,,Fermi America,eia:860m,https://www.eia.gov/electricity/data/eia860m/xls/august_generator2026.xlsx,2026-09-26T00:04:26Z,2026-08,69799,EG044,67738,TX,Carson,ERCO,IPP Non-CHP,Natural Gas Fired Combined Cycle,natural_gas,CT,Combined cycle combustion turbine part,NG,Natural gas,57,57,57,P,"Planned for installation, but regulatory approvals not initiated",2030-12-01
eia860:69799:EG045,generator,Project Matador Gas Plant (PMG),US-TX,35.283762,-101.569,57,planned,,Fermi America,eia:860m,https://www.eia.gov/electricity/data/eia860m/xls/august_generator2026.xlsx,2026-09-26T00:04:26Z,2026-08,69799,EG045,67738,TX,Carson,ERCO,IPP Non-CHP,Natural Gas Fired Combined Cycle,natural_gas,CT,Combined cycle combustion turbine part,NG,Natural gas,57,57,57,P,"Planned for installation, but regulatory approvals not initiated",2030-12-01
eia860:69799:EG046,generator,Project Matador Gas Plant (PMG),US-TX,35.283762,-101.569,57,planned,,Fermi America,eia:860m,https://www.eia.gov/electricity/data/eia860m/xls/august_generator2026.xlsx,2026-09-26T00:04:26Z,2026-08,69799,EG046,67738,TX,Carson,ERCO,IPP Non-CHP,Natural Gas Fired Combined Cycle,natural_gas,CT,Combined cycle combustion turbine part,NG,Natural gas,57,57,57,P,"Planned for installation, but regulatory approvals not initiated",2030-12-01
eia860:69799:EG047,generator,Project Matador Gas Plant (PMG),US-TX,35.283762,-101.569,57,planned,,Fermi America,eia:860m,https://www.eia.gov/electricity/data/eia860m/xls/august_generator2026.xlsx,2026-09-26T00:04:26Z,2026-08,69799,EG047,67738,TX,Carson,ERCO,IPP Non-CHP,Natural Gas Fired Combined Cycle,natural_gas,CT,Combined cycle combustion turbine part,NG,Natural gas,57,57,57,P,"Planned for installation, but regulatory approvals not initiated",2030-12-01
eia860:69799:EG048,generator,Project Matador Gas Plant (PMG),US-TX,35.283762,-101.569,57,planned,,Fermi America,eia:860m,https://www.eia.gov/electricity/data/eia860m/xls/august_generator2026.xlsx,2026-09-26T00:04:26Z,2026-08,69799,EG048,67738,TX,Carson,ERCO,IPP Non-CHP,Natural Gas Fired Combined Cycle,natural_gas,CT,Combined cycle combustion turbine part,NG,Natural gas,57,57,57,P,"Planned for installation, but regulatory approvals not initiated",2030-12-01
eia860:69799:ES001,generator,Project Matador Gas Plant (PMG),US-TX,35.283762,-101.569,105,planned,,Fermi America,eia:860m,https://www.eia.gov/electricity/data/eia860m/xls/august_generator2026.xlsx,2026-09-26T00:04:26Z,2026-08,69799,ES001,67738,TX,Carson,ERCO,IPP Non-CHP,Natural Gas Fired Combined Cycle,natural_gas,CA,Combined cycle steam part,NG,Natural gas,105,105,105,P,"Planned for installation, but regulatory approvals not initiated",2030-12-01
eia860:69799:ES002,generator,Project Matador Gas Plant (PMG),US-TX,35.283762,-101.569,105,planned,,Fermi America,eia:860m,https://www.eia.gov/electricity/data/eia860m/xls/august_generator2026.xlsx,2026-09-26T00:04:26Z,2026-08,69799,ES002,67738,TX,Carson,ERCO,IPP Non-CHP,Natural Gas Fired Combined Cycle,natural_gas,CA,Combined cycle steam part,NG,Natural gas,105,105,105,P,"Planned for installation, but regulatory approvals not initiated",2030-12-01
eia860:69799:ES003,generator,Project Matador Gas Plant (PMG),US-TX,35.283762,-101.569,105,planned,,Fermi America,eia:860m,https://www.eia.gov/electricity/data/eia860m/xls/august_generator2026.xlsx,2026-09-26T00:04:26Z,2026-08,69799,ES003,67738,TX,Carson,ERCO,IPP Non-CHP,Natural Gas Fired Combined Cycle,natural_gas,CA,Combined cycle steam part,NG,Natural gas,105,105,105,P,"Planned for installation, but regulatory approvals not initiated",2030-12-01
eia860:69799:ES004,generator,Project Matador Gas Plant (PMG),US-TX,35.283762,-101.569,105,planned,,Fermi America,eia:860m,https://www.eia.gov/electricity/data/eia860m/xls/august_generator2026.xlsx,2026-09-26T00:04:26Z,2026-08,69799,ES004,67738,TX,Carson,ERCO,IPP Non-CHP,Natural Gas Fired Combined Cycle,natural_gas,CA,Combined cycle steam part,NG,Natural gas,105,105,105,P,"Planned for installation, but regulatory approvals not initiated",2030-12-01
eia860:69799:ES005,generator,Project Matador Gas Plant (PMG),US-TX,35.283762,-101.569,105,planned,,Fermi America,eia:860m,https://www.eia.gov/electricity/data/eia860m/xls/august_generator2026.xlsx,2026-09-26T00:04:26Z,2026-08,69799,ES005,67738,TX,Carson,ERCO,IPP Non-CHP,Natural Gas Fired Combined Cycle,natural_gas,CA,Combined cycle steam part,NG,Natural gas,105,105,105,P,"Planned for installation, but regulatory approvals not initiated",2030-12-01
eia860:69799:ES006,generator,Project Matador Gas Plant (PMG),US-TX,35.283762,-101.569,105,planned,,Fermi America,eia:860m,https://www.eia.gov/electricity/data/eia860m/xls/august_generator2026.xlsx,2026-09-26T00:04:26Z,2026-08,69799,ES006,67738,TX,Carson,ERCO,IPP Non-CHP,Natural Gas Fired Combined Cycle,natural_gas,CA,Combined cycle steam part,NG,Natural gas,105,105,105,P,"Planned for installation, but regulatory approvals not initiated",2030-12-01
eia860:69799:ES007,generator,Project Matador Gas Plant (PMG),US-TX,35.283762,-101.569,105,planned,,Fermi America,eia:860m,https://www.eia.gov/electricity/data/eia860m/xls/august_generator2026.xlsx,2026-09-26T00:04:26Z,2026-08,69799,ES007,67738,TX,Carson,ERCO,IPP Non-CHP,Natural Gas Fired Combined Cycle,natural_gas,CA,Combined cycle steam part,NG,Natural gas,105,105,105,P,"Planned for installation, but regulatory approvals not initiated",2030-12-01
eia860:69799:ES008,generator,Project Matador Gas Plant (PMG),US-TX,35.283762,-101.569,105,planned,,Fermi America,eia:860m,https://www.eia.gov/electricity/data/eia860m/xls/august_generator2026.xlsx,2026-09-26T00:04:26Z,2026-08,69799,ES008,67738,TX,Carson,ERCO,IPP Non-CHP,Natural Gas Fired Combined Cycle,natural_gas,CA,Combined cycle steam part,NG,Natural gas,105,105,105,P,"Planned for installation, but regulatory approvals not initiated",2030-12-01
eia860:69799:ES009,generator,Project Matador Gas Plant (PMG),US-TX,35.283762,-101.569,105,planned,,Fermi America,eia:860m,https://www.eia.gov/electricity/data/eia860m/xls/august_generator2026.xlsx,2026-09-26T00:04:26Z,2026-08,69799,ES009,67738,TX,Carson,ERCO,IPP Non-CHP,Natural Gas Fired Combined Cycle,natural_gas,CA,Combined cycle steam part,NG,Natural gas,105,105,105,P,"Planned for installation, but regulatory approvals not initiated",2030-12-01
eia860:69799:ES010,generator,Project Matador Gas Plant (PMG),US-TX,35.283762,-101.569,105,planned,,Fermi America,eia:860m,https://www.eia.gov/electricity/data/eia860m/xls/august_generator2026.xlsx,2026-09-26T00:04:26Z,2026-08,69799,ES010,67738,TX,Carson,ERCO,IPP Non-CHP,Natural Gas Fired Combined Cycle,natural_gas,CA,Combined cycle steam part,NG,Natural gas,105,105,105,P,"Planned for installation, but regulatory approvals not initiated",2030-12-01
eia860:69799:ES011,generator,Project Matador Gas Plant (PMG),US-TX,35.283762,-101.569,105,planned,,Fermi America,eia:860m,https://www.eia.gov/electricity/data/eia860m/xls/august_generator2026.xlsx,2026-09-26T00:04:26Z,2026-08,69799,ES011,67738,TX,Carson,ERCO,IPP Non-CHP,Natural Gas Fired Combined Cycle,natural_gas,CA,Combined cycle steam part,NG,Natural gas,105,105,105,P,"Planned for installation, but regulatory approvals not initiated",2030-12-01
eia860:69799:ES012,generator,Project Matador Gas Plant (PMG),US-TX,35.283762,-101.569,105,planned,,Fermi America,eia:860m,https://www.eia.gov/electricity/data/eia860m/xls/august_generator2026.xlsx,2026-09-26T00:04:26Z,2026-08,69799,ES012,67738,TX,Carson,ERCO,IPP Non-CHP,Natural Gas Fired Combined Cycle,natural_gas,CA,Combined cycle steam part,NG,Natural gas,105,105,105,P,"Planned for installation, but regulatory approvals not initiated",2030-12-01
eia860:69799:ES013,generator,Project Matador Gas Plant (PMG),US-TX,35.283762,-101.569,105,planned,,Fermi America,eia:860m,https://www.eia.gov/electricity/data/eia860m/xls/august_generator2026.xlsx,2026-09-26T00:04:26Z,2026-08,69799,ES013,67738,TX,Carson,ERCO,IPP Non-CHP,Natural Gas Fired Combined Cycle,natural_gas,CA,Combined cycle steam part,NG,Natural gas,105,105,105,P,"Planned for installation, but regulatory approvals not initiated",2030-12-01
eia860:69799:ES014,generator,Project Matador Gas Plant (PMG),US-TX,35.283762,-101.569,105,planned,,Fermi America,eia:860m,https://www.eia.gov/electricity/data/eia860m/xls/august_generator2026.xlsx,2026-09-26T00:04:26Z,2026-08,69799,ES014,67738,TX,Carson,ERCO,IPP Non-CHP,Natural Gas Fired Combined Cycle,natural_gas,CA,Combined cycle steam part,NG,Natural gas,105,105,105,P,"Planned for installation, but regulatory approvals not initiated",2030-12-01
eia860:69799:ES015,generator,Project Matador Gas Plant (PMG),US-TX,35.283762,-101.569,105,planned,,Fermi America,eia:860m,https://www.eia.gov/electricity/data/eia860m/xls/august_generator2026.xlsx,2026-09-26T00:04:26Z,2026-08,69799,ES015,67738,TX,Carson,ERCO,IPP Non-CHP,Natural Gas Fired Combined Cycle,natural_gas,CA,Combined cycle steam part,NG,Natural gas,105,105,105,P,"Planned for installation, but regulatory approvals not initiated",2030-12-01
eia860:69799:ES016,generator,Project Matador Gas Plant (PMG),US-TX,35.283762,-101.569,105,planned,,Fermi America,eia:860m,https://www.eia.gov/electricity/data/eia860m/xls/august_generator2026.xlsx,2026-09-26T00:04:26Z,2026-08,69799,ES016,67738,TX,Carson,ERCO,IPP Non-CHP,Natural Gas Fired Combined Cycle,natural_gas,CA,Combined cycle steam part,NG,Natural gas,105,105,105,P,"Planned for installation, but regulatory approvals not initiated",2030-12-01
eia860:69799:F1G01,generator,Project Matador Gas Plant (PMG),US-TX,35.283762,-101.569,260,planned,,Fermi America,eia:860m,https://www.eia.gov/electricity/data/eia860m/xls/august_generator2026.xlsx,2026-09-26T00:04:26Z,2026-08,69799,F1G01,67738,TX,Carson,ERCO,IPP Non-CHP,Natural Gas Fired Combined Cycle,natural_gas,CT,Combined cycle combustion turbine part,NG,Natural gas,260,242.7,242.7,P,"Planned for installation, but regulatory approvals not initiated",2027-09-01
eia860:69799:F1G02,generator,Project Matador Gas Plant (PMG),US-TX,35.283762,-101.569,260,planned,,Fermi America,eia:860m,https://www.eia.gov/electricity/data/eia860m/xls/august_generator2026.xlsx,2026-09-26T00:04:26Z,2026-08,69799,F1G02,67738,TX,Carson,ERCO,IPP Non-CHP,Natural Gas Fired Combined Cycle,natural_gas,CT,Combined cycle combustion turbine part,NG,Natural gas,260,242.7,242.7,P,"Planned for installation, but regulatory approvals not initiated",2027-09-01
eia860:69799:F1G03,generator,Project Matador Gas Plant (PMG),US-TX,35.283762,-101.569,260,planned,,Fermi America,eia:860m,https://www.eia.gov/electricity/data/eia860m/xls/august_generator2026.xlsx,2026-09-26T00:04:26Z,2026-08,69799,F1G03,67738,TX,Carson,ERCO,IPP Non-CHP,Natural Gas Fired Combined Cycle,natural_gas,CT,Combined cycle combustion turbine part,NG,Natural gas,260,242.7,242.7,P,"Planned for installation, but regulatory approvals not initiated",2027-09-01
eia860:69799:F1S01,generator,Project Matador Gas Plant (PMG),US-TX,35.283762,-101.569,105,planned,,Fermi America,eia:860m,https://www.eia.gov/electricity/data/eia860m/xls/august_generator2026.xlsx,2026-09-26T00:04:26Z,2026-08,69799,F1S01,67738,TX,Carson,ERCO,IPP Non-CHP,Natural Gas Fired Combined Cycle,natural_gas,CA,Combined cycle steam part,NG,Natural gas,105,104.6,104.6,P,"Planned for installation, but regulatory approvals not initiated",2027-12-01
eia860:69799:F1S02,generator,Project Matador Gas Plant (PMG),US-TX,35.283762,-101.569,105,planned,,Fermi America,eia:860m,https://www.eia.gov/electricity/data/eia860m/xls/august_generator2026.xlsx,2026-09-26T00:04:26Z,2026-08,69799,F1S02,67738,TX,Carson,ERCO,IPP Non-CHP,Natural Gas Fired Combined Cycle,natural_gas,CA,Combined cycle steam part,NG,Natural gas,105,104.6,104.6,P,"Planned for installation, but regulatory approvals not initiated",2027-12-01
eia860:69799:F1S03,generator,Project Matador Gas Plant (PMG),US-TX,35.283762,-101.569,105,planned,,Fermi America,eia:860m,https://www.eia.gov/electricity/data/eia860m/xls/august_generator2026.xlsx,2026-09-26T00:04:26Z,2026-08,69799,F1S03,67738,TX,Carson,ERCO,IPP Non-CHP,Natural Gas Fired Combined Cycle,natural_gas,CA,Combined cycle steam part,NG,Natural gas,105,104.6,104.6,P,"Planned for installation, but regulatory approvals not initiated",2027-12-01
eia860:69799:F2G01,generator,Project Matador Gas Plant (PMG),US-TX,35.283762,-101.569,260,planned,,Fermi America,eia:860m,https://www.eia.gov/electricity/data/eia860m/xls/august_generator2026.xlsx,2026-09-26T00:04:26Z,2026-08,69799,F2G01,67738,TX,Carson,ERCO,IPP Non-CHP,Natural Gas Fired Combined Cycle,natural_gas,CT,Combined cycle combustion turbine part,NG,Natural gas,260,242.7,242.7,P,"Planned for installation, but regulatory approvals not initiated",2027-09-01
eia860:69799:F2G02,generator,Project Matador Gas Plant (PMG),US-TX,35.283762,-101.569,260,planned,,Fermi America,eia:860m,https://www.eia.gov/electricity/data/eia860m/xls/august_generator2026.xlsx,2026-09-26T00:04:26Z,2026-08,69799,F2G02,67738,TX,Carson,ERCO,IPP Non-CHP,Natural Gas Fired Combined Cycle,natural_gas,CT,Combined cycle combustion turbine part,NG,Natural gas,260,242.7,242.7,P,"Planned for installation, but regulatory approvals not initiated",2027-09-01
eia860:69799:F2G03,generator,Project Matador Gas Plant (PMG),US-TX,35.283762,-101.569,260,planned,,Fermi America,eia:860m,https://www.eia.gov/electricity/data/eia860m/xls/august_generator2026.xlsx,2026-09-26T00:04:26Z,2026-08,69799,F2G03,67738,TX,Carson,ERCO,IPP Non-CHP,Natural Gas Fired Combined Cycle,natural_gas,CT,Combined cycle combustion turbine part,NG,Natural gas,260,242.7,242.7,P,"Planned for installation, but regulatory approvals not initiated",2027-09-01
eia860:69799:F2S01,generator,Project Matador Gas Plant (PMG),US-TX,35.283762,-101.569,105,planned,,Fermi America,eia:860m,https://www.eia.gov/electricity/data/eia860m/xls/august_generator2026.xlsx,2026-09-26T00:04:26Z,2026-08,69799,F2S01,67738,TX,Carson,ERCO,IPP Non-CHP,Natural Gas Fired Combined Cycle,natural_gas,CA,Combined cycle steam part,NG,Natural gas,105,104.6,104.6,P,"Planned for installation, but regulatory approvals not initiated",2027-12-01
eia860:69799:F2S02,generator,Project Matador Gas Plant (PMG),US-TX,35.283762,-101.569,105,planned,,Fermi America,eia:860m,https://www.eia.gov/electricity/data/eia860m/xls/august_generator2026.xlsx,2026-09-26T00:04:26Z,2026-08,69799,F2S02,67738,TX,Carson,ERCO,IPP Non-CHP,Natural Gas Fired Combined Cycle,natural_gas,CA,Combined cycle steam part,NG,Natural gas,105,104.6,104.6,P,"Planned for installation, but regulatory approvals not initiated",2027-12-01
eia860:69799:F2S03,generator,Project Matador Gas Plant (PMG),US-TX,35.283762,-101.569,105,planned,,Fermi America,eia:860m,https://www.eia.gov/electricity/data/eia860m/xls/august_generator2026.xlsx,2026-09-26T00:04:26Z,2026-08,69799,F2S03,67738,TX,Carson,ERCO,IPP Non-CHP,Natural Gas Fired Combined Cycle,natural_gas,CA,Combined cycle steam part,NG,Natural gas,105,104.6,104.6,P,"Planned for installation, but regulatory approvals not initiated",2027-12-01
eia860:69799:FBG01,generator,Project Matador Gas Plant (PMG),US-TX,35.283762,-101.569,50,under_construction,,Fermi America,eia:860m,https://www.eia.gov/electricity/data/eia860m/xls/august_generator2026.xlsx,2026-09-26T00:04:26Z,2026-08,69799,FBG01,67738,TX,Carson,ERCO,IPP Non-CHP,Natural Gas Fired Combined Cycle,natural_gas,CT,Combined cycle combustion turbine part,NG,Natural gas,50,49.4,49.4,U,"Under construction, less than or equal to 50 percent complete",2027-12-01
eia860:69799:FBG02,generator,Project Matador Gas Plant (PMG),US-TX,35.283762,-101.569,50,under_construction,,Fermi America,eia:860m,https://www.eia.gov/electricity/data/eia860m/xls/august_generator2026.xlsx,2026-09-26T00:04:26Z,2026-08,69799,FBG02,67738,TX,Carson,ERCO,IPP Non-CHP,Natural Gas Fired Combined Cycle,natural_gas,CT,Combined cycle combustion turbine part,NG,Natural gas,50,49.4,49.4,U,"Under construction, less than or equal to 50 percent complete",2027-12-01
eia860:69799:FBG03,generator,Project Matador Gas Plant (PMG),US-TX,35.283762,-101.569,50,under_construction,,Fermi America,eia:860m,https://www.eia.gov/electricity/data/eia860m/xls/august_generator2026.xlsx,2026-09-26T00:04:26Z,2026-08,69799,FBG03,67738,TX,Carson,ERCO,IPP Non-CHP,Natural Gas Fired Combined Cycle,natural_gas,CT,Combined cycle combustion turbine part,NG,Natural gas,50,49.4,49.4,U,"Under construction, less than or equal to 50 percent complete",2027-12-01
eia860:69799:FBG04,generator,Project Matador Gas Plant (PMG),US-TX,35.283762,-101.569,50,under_construction,,Fermi America,eia:860m,https://www.eia.gov/electricity/data/eia860m/xls/august_generator2026.xlsx,2026-09-26T00:04:26Z,2026-08,69799,FBG04,67738,TX,Carson,ERCO,IPP Non-CHP,Natural Gas Fired Combined Cycle,natural_gas,CT,Combined cycle combustion turbine part,NG,Natural gas,50,49.4,49.4,U,"Under construction, less than or equal to 50 percent complete",2027-12-01
eia860:69799:FBG05,generator,Project Matador Gas Plant (PMG),US-TX,35.283762,-101.569,50,under_construction,,Fermi America,eia:860m,https://www.eia.gov/electricity/data/eia860m/xls/august_generator2026.xlsx,2026-09-26T00:04:26Z,2026-08,69799,FBG05,67738,TX,Carson,ERCO,IPP Non-CHP,Natural Gas Fired Combined Cycle,natural_gas,CT,Combined cycle combustion turbine part,NG,Natural gas,50,49.4,49.4,U,"Under construction, less than or equal to 50 percent complete",2027-12-01
eia860:69799:FBG06,generator,Project Matador Gas Plant (PMG),US-TX,35.283762,-101.569,50,under_construction,,Fermi America,eia:860m,https://www.eia.gov/electricity/data/eia860m/xls/august_generator2026.xlsx,2026-09-26T00:04:26Z,2026-08,69799,FBG06,67738,TX,Carson,ERCO,IPP Non-CHP,Natural Gas Fired Combined Cycle,natural_gas,CT,Combined cycle combustion turbine part,NG,Natural gas,50,49.4,49.4,U,"Under construction, less than or equal to 50 percent complete",2027-12-01
eia860:69799:FBS01,generator,Project Matador Gas Plant (PMG),US-TX,35.283762,-101.569,105,planned,,Fermi America,eia:860m,https://www.eia.gov/electricity/data/eia860m/xls/august_generator2026.xlsx,2026-09-26T00:04:26Z,2026-08,69799,FBS01,67738,TX,Carson,ERCO,IPP Non-CHP,Natural Gas Fired Combined Cycle,natural_gas,CA,Combined cycle steam part,NG,Natural gas,105,101.8,101.8,P,"Planned for installation, but regulatory approvals not initiated",2027-12-01
eia860:69799:G6B01,generator,Project Matador Gas Plant (PMG),US-TX,35.283762,-101.569,40,planned,,Fermi America,eia:860m,https://www.eia.gov/electricity/data/eia860m/xls/august_generator2026.xlsx,2026-09-26T00:04:26Z,2026-08,69799,G6B01,67738,TX,Carson,ERCO,IPP Non-CHP,Natural Gas Fired Combustion Turbine,natural_gas,GT,Combustion (gas) turbine,NG,Natural gas,40,38.7,38.7,T,Regulatory approvals received. Not under construction,2027-06-01
eia860:69799:G6B02,generator,Project Matador Gas Plant (PMG),US-TX,35.283762,-101.569,40,planned,,Fermi America,eia:860m,https://www.eia.gov/electricity/data/eia860m/xls/august_generator2026.xlsx,2026-09-26T00:04:26Z,2026-08,69799,G6B02,67738,TX,Carson,ERCO,IPP Non-CHP,Natural Gas Fired Combustion Turbine,natural_gas,GT,Combustion (gas) turbine,NG,Natural gas,40,38.7,38.7,T,Regulatory approvals received. Not under construction,2027-06-01
eia860:69799:G6B03,generator,Project Matador Gas Plant (PMG),US-TX,35.283762,-101.569,40,planned,,Fermi America,eia:860m,https://www.eia.gov/electricity/data/eia860m/xls/august_generator2026.xlsx,2026-09-26T00:04:26Z,2026-08,69799,G6B03,67738,TX,Carson,ERCO,IPP Non-CHP,Natural Gas Fired Combustion Turbine,natural_gas,GT,Combustion (gas) turbine,NG,Natural gas,40,38.7,38.7,T,Regulatory approvals received. Not under construction,2027-06-01
eia860:69799:MG001,generator,Project Matador Gas Plant (PMG),US-TX,35.283762,-101.569,57,planned,,Fermi America,eia:860m,https://www.eia.gov/electricity/data/eia860m/xls/august_generator2026.xlsx,2026-09-26T00:04:26Z,2026-08,69799,MG001,67738,TX,Carson,ERCO,IPP Non-CHP,Natural Gas Fired Combined Cycle,natural_gas,CT,Combined cycle combustion turbine part,NG,Natural gas,57,57,57,P,"Planned for installation, but regulatory approvals not initiated",2030-12-01
eia860:69799:MG002,generator,Project Matador Gas Plant (PMG),US-TX,35.283762,-101.569,57,planned,,Fermi America,eia:860m,https://www.eia.gov/electricity/data/eia860m/xls/august_generator2026.xlsx,2026-09-26T00:04:26Z,2026-08,69799,MG002,67738,TX,Carson,ERCO,IPP Non-CHP,Natural Gas Fired Combined Cycle,natural_gas,CT,Combined cycle combustion turbine part,NG,Natural gas,57,57,57,P,"Planned for installation, but regulatory approvals not initiated",2030-12-01
eia860:69799:MG003,generator,Project Matador Gas Plant (PMG),US-TX,35.283762,-101.569,57,planned,,Fermi America,eia:860m,https://www.eia.gov/electricity/data/eia860m/xls/august_generator2026.xlsx,2026-09-26T00:04:26Z,2026-08,69799,MG003,67738,TX,Carson,ERCO,IPP Non-CHP,Natural Gas Fired Combined Cycle,natural_gas,CT,Combined cycle combustion turbine part,NG,Natural gas,57,57,57,P,"Planned for installation, but regulatory approvals not initiated",2030-12-01
eia860:69799:MG004,generator,Project Matador Gas Plant (PMG),US-TX,35.283762,-101.569,57,planned,,Fermi America,eia:860m,https://www.eia.gov/electricity/data/eia860m/xls/august_generator2026.xlsx,2026-09-26T00:04:26Z,2026-08,69799,MG004,67738,TX,Carson,ERCO,IPP Non-CHP,Natural Gas Fired Combined Cycle,natural_gas,CT,Combined cycle combustion turbine part,NG,Natural gas,57,57,57,P,"Planned for installation, but regulatory approvals not initiated",2030-12-01
eia860:69799:MG005,generator,Project Matador Gas Plant (PMG),US-TX,35.283762,-101.569,57,planned,,Fermi America,eia:860m,https://www.eia.gov/electricity/data/eia860m/xls/august_generator2026.xlsx,2026-09-26T00:04:26Z,2026-08,69799,MG005,67738,TX,Carson,ERCO,IPP Non-CHP,Natural Gas Fired Combined Cycle,natural_gas,CT,Combined cycle combustion turbine part,NG,Natural gas,57,57,57,P,"Planned for installation, but regulatory approvals not initiated",2030-12-01
eia860:69799:MG006,generator,Project Matador Gas Plant (PMG),US-TX,35.283762,-101.569,57,planned,,Fermi America,eia:860m,https://www.eia.gov/electricity/data/eia860m/xls/august_generator2026.xlsx,2026-09-26T00:04:26Z,2026-08,69799,MG006,67738,TX,Carson,ERCO,IPP Non-CHP,Natural Gas Fired Combined Cycle,natural_gas,CT,Combined cycle combustion turbine part,NG,Natural gas,57,57,57,P,"Planned for installation, but regulatory approvals not initiated",2030-12-01
eia860:69799:MG007,generator,Project Matador Gas Plant (PMG),US-TX,35.283762,-101.569,57,planned,,Fermi America,eia:860m,https://www.eia.gov/electricity/data/eia860m/xls/august_generator2026.xlsx,2026-09-26T00:04:26Z,2026-08,69799,MG007,67738,TX,Carson,ERCO,IPP Non-CHP,Natural Gas Fired Combined Cycle,natural_gas,CT,Combined cycle combustion turbine part,NG,Natural gas,57,57,57,P,"Planned for installation, but regulatory approvals not initiated",2030-12-01
eia860:69799:MG008,generator,Project Matador Gas Plant (PMG),US-TX,35.283762,-101.569,57,planned,,Fermi America,eia:860m,https://www.eia.gov/electricity/data/eia860m/xls/august_generator2026.xlsx,2026-09-26T00:04:26Z,2026-08,69799,MG008,67738,TX,Carson,ERCO,IPP Non-CHP,Natural Gas Fired Combined Cycle,natural_gas,CT,Combined cycle combustion turbine part,NG,Natural gas,57,57,57,P,"Planned for installation, but regulatory approvals not initiated",2030-12-01
eia860:69799:MG009,generator,Project Matador Gas Plant (PMG),US-TX,35.283762,-101.569,57,planned,,Fermi America,eia:860m,https://www.eia.gov/electricity/data/eia860m/xls/august_generator2026.xlsx,2026-09-26T00:04:26Z,2026-08,69799,MG009,67738,TX,Carson,ERCO,IPP Non-CHP,Natural Gas Fired Combined Cycle,natural_gas,CT,Combined cycle combustion turbine part,NG,Natural gas,57,57,57,P,"Planned for installation, but regulatory approvals not initiated",2030-12-01
eia860:69799:MG010,generator,Project Matador Gas Plant (PMG),US-TX,35.283762,-101.569,57,planned,,Fermi America,eia:860m,https://www.eia.gov/electricity/data/eia860m/xls/august_generator2026.xlsx,2026-09-26T00:04:26Z,2026-08,69799,MG010,67738,TX,Carson,ERCO,IPP Non-CHP,Natural Gas Fired Combined Cycle,natural_gas,CT,Combined cycle combustion turbine part,NG,Natural gas,57,57,57,P,"Planned for installation, but regulatory approvals not initiated",2030-12-01
eia860:69799:MG011,generator,Project Matador Gas Plant (PMG),US-TX,35.283762,-101.569,57,planned,,Fermi America,eia:860m,https://www.eia.gov/electricity/data/eia860m/xls/august_generator2026.xlsx,2026-09-26T00:04:26Z,2026-08,69799,MG011,67738,TX,Carson,ERCO,IPP Non-CHP,Natural Gas Fired Combined Cycle,natural_gas,CT,Combined cycle combustion turbine part,NG,Natural gas,57,57,57,P,"Planned for installation, but regulatory approvals not initiated",2030-12-01
eia860:69799:MG012,generator,Project Matador Gas Plant (PMG),US-TX,35.283762,-101.569,57,planned,,Fermi America,eia:860m,https://www.eia.gov/electricity/data/eia860m/xls/august_generator2026.xlsx,2026-09-26T00:04:26Z,2026-08,69799,MG012,67738,TX,Carson,ERCO,IPP Non-CHP,Natural Gas Fired Combined Cycle,natural_gas,CT,Combined cycle combustion turbine part,NG,Natural gas,57,57,57,P,"Planned for installation, but regulatory approvals not initiated",2030-12-01
eia860:69799:MG013,generator,Project Matador Gas Plant (PMG),US-TX,35.283762,-101.569,57,planned,,Fermi America,eia:860m,https://www.eia.gov/electricity/data/eia860m/xls/august_generator2026.xlsx,2026-09-26T00:04:26Z,2026-08,69799,MG013,67738,TX,Carson,ERCO,IPP Non-CHP,Natural Gas Fired Combined Cycle,natural_gas,CT,Combined cycle combustion turbine part,NG,Natural gas,57,57,57,P,"Planned for installation, but regulatory approvals not initiated",2030-12-01
eia860:69799:MG014,generator,Project Matador Gas Plant (PMG),US-TX,35.283762,-101.569,57,planned,,Fermi America,eia:860m,https://www.eia.gov/electricity/data/eia860m/xls/august_generator2026.xlsx,2026-09-26T00:04:26Z,2026-08,69799,MG014,67738,TX,Carson,ERCO,IPP Non-CHP,Natural Gas Fired Combined Cycle,natural_gas,CT,Combined cycle combustion turbine part,NG,Natural gas,57,57,57,P,"Planned for installation, but regulatory approvals not initiated",2030-12-01
eia860:69799:MG015,generator,Project Matador Gas Plant (PMG),US-TX,35.283762,-101.569,57,planned,,Fermi America,eia:860m,https://www.eia.gov/electricity/data/eia860m/xls/august_generator2026.xlsx,2026-09-26T00:04:26Z,2026-08,69799,MG015,67738,TX,Carson,ERCO,IPP Non-CHP,Natural Gas Fired Combined Cycle,natural_gas,CT,Combined cycle combustion turbine part,NG,Natural gas,57,57,57,P,"Planned for installation, but regulatory approvals not initiated",2030-12-01
eia860:69799:MG016,generator,Project Matador Gas Plant (PMG),US-TX,35.283762,-101.569,57,planned,,Fermi America,eia:860m,https://www.eia.gov/electricity/data/eia860m/xls/august_generator2026.xlsx,2026-09-26T00:04:26Z,2026-08,69799,MG016,67738,TX,Carson,ERCO,IPP Non-CHP,Natural Gas Fired Combined Cycle,natural_gas,CT,Combined cycle combustion turbine part,NG,Natural gas,57,57,57,P,"Planned for installation, but regulatory approvals not initiated",2030-12-01
eia860:69799:MG017,generator,Project Matador Gas Plant (PMG),US-TX,35.283762,-101.569,57,planned,,Fermi America,eia:860m,https://www.eia.gov/electricity/data/eia860m/xls/august_generator2026.xlsx,2026-09-26T00:04:26Z,2026-08,69799,MG017,67738,TX,Carson,ERCO,IPP Non-CHP,Natural Gas Fired Combined Cycle,natural_gas,CT,Combined cycle combustion turbine part,NG,Natural gas,57,57,57,P,"Planned for installation, but regulatory approvals not initiated",2030-12-01
eia860:69799:MG018,generator,Project Matador Gas Plant (PMG),US-TX,35.283762,-101.569,57,planned,,Fermi America,eia:860m,https://www.eia.gov/electricity/data/eia860m/xls/august_generator2026.xlsx,2026-09-26T00:04:26Z,2026-08,69799,MG018,67738,TX,Carson,ERCO,IPP Non-CHP,Natural Gas Fired Combined Cycle,natural_gas,CT,Combined cycle combustion turbine part,NG,Natural gas,57,57,57,P,"Planned for installation, but regulatory approvals not initiated",2030-12-01
eia860:69799:MG019,generator,Project Matador Gas Plant (PMG),US-TX,35.283762,-101.569,57,planned,,Fermi America,eia:860m,https://www.eia.gov/electricity/data/eia860m/xls/august_generator2026.xlsx,2026-09-26T00:04:26Z,2026-08,69799,MG019,67738,TX,Carson,ERCO,IPP Non-CHP,Natural Gas Fired Combined Cycle,natural_gas,CT,Combined cycle combustion turbine part,NG,Natural gas,57,57,57,P,"Planned for installation, but regulatory approvals not initiated",2030-12-01
eia860:69799:MG020,generator,Project Matador Gas Plant (PMG),US-TX,35.283762,-101.569,57,planned,,Fermi America,eia:860m,https://www.eia.gov/electricity/data/eia860m/xls/august_generator2026.xlsx,2026-09-26T00:04:26Z,2026-08,69799,MG020,67738,TX,Carson,ERCO,IPP Non-CHP,Natural Gas Fired Combined Cycle,natural_gas,CT,Combined cycle combustion turbine part,NG,Natural gas,57,57,57,P,"Planned for installation, but regulatory approvals not initiated",2030-12-01
eia860:69799:MG021,generator,Project Matador Gas Plant (PMG),US-TX,35.283762,-101.569,57,planned,,Fermi America,eia:860m,https://www.eia.gov/electricity/data/eia860m/xls/august_generator2026.xlsx,2026-09-26T00:04:26Z,2026-08,69799,MG021,67738,TX,Carson,ERCO,IPP Non-CHP,Natural Gas Fired Combined Cycle,natural_gas,CT,Combined cycle combustion turbine part,NG,Natural gas,57,57,57,P,"Planned for installation, but regulatory approvals not initiated",2030-12-01
eia860:69799:MG022,generator,Project Matador Gas Plant (PMG),US-TX,35.283762,-101.569,57,planned,,Fermi America,eia:860m,https://www.eia.gov/electricity/data/eia860m/xls/august_generator2026.xlsx,2026-09-26T00:04:26Z,2026-08,69799,MG022,67738,TX,Carson,ERCO,IPP Non-CHP,Natural Gas Fired Combined Cycle,natural_gas,CT,Combined cycle combustion turbine part,NG,Natural gas,57,57,57,P,"Planned for installation, but regulatory approvals not initiated",2030-12-01
eia860:69799:MG023,generator,Project Matador Gas Plant (PMG),US-TX,35.283762,-101.569,57,planned,,Fermi America,eia:860m,https://www.eia.gov/electricity/data/eia860m/xls/august_generator2026.xlsx,2026-09-26T00:04:26Z,2026-08,69799,MG023,67738,TX,Carson,ERCO,IPP Non-CHP,Natural Gas Fired Combined Cycle,natural_gas,CT,Combined cycle combustion turbine part,NG,Natural gas,57,57,57,P,"Planned for installation, but regulatory approvals not initiated",2030-12-01
eia860:69799:MG024,generator,Project Matador Gas Plant (PMG),US-TX,35.283762,-101.569,57,planned,,Fermi America,eia:860m,https://www.eia.gov/electricity/data/eia860m/xls/august_generator2026.xlsx,2026-09-26T00:04:26Z,2026-08,69799,MG024,67738,TX,Carson,ERCO,IPP Non-CHP,Natural Gas Fired Combined Cycle,natural_gas,CT,Combined cycle combustion turbine part,NG,Natural gas,57,57,57,P,"Planned for installation, but regulatory approvals not initiated",2030-12-01
eia860:69799:MG025,generator,Project Matador Gas Plant (PMG),US-TX,35.283762,-101.569,57,planned,,Fermi America,eia:860m,https://www.eia.gov/electricity/data/eia860m/xls/august_generator2026.xlsx,2026-09-26T00:04:26Z,2026-08,69799,MG025,67738,TX,Carson,ERCO,IPP Non-CHP,Natural Gas Fired Combined Cycle,natural_gas,CT,Combined cycle combustion turbine part,NG,Natural gas,57,57,57,P,"Planned for installation, but regulatory approvals not initiated",2030-12-01
eia860:69799:MG026,generator,Project Matador Gas Plant (PMG),US-TX,35.283762,-101.569,57,planned,,Fermi America,eia:860m,https://www.eia.gov/electricity/data/eia860m/xls/august_generator2026.xlsx,2026-09-26T00:04:26Z,2026-08,69799,MG026,67738,TX,Carson,ERCO,IPP Non-CHP,Natural Gas Fired Combined Cycle,natural_gas,CT,Combined cycle combustion turbine part,NG,Natural gas,57,57,57,P,"Planned for installation, but regulatory approvals not initiated",2030-12-01
eia860:69799:MG027,generator,Project Matador Gas Plant (PMG),US-TX,35.283762,-101.569,57,planned,,Fermi America,eia:860m,https://www.eia.gov/electricity/data/eia860m/xls/august_generator2026.xlsx,2026-09-26T00:04:26Z,2026-08,69799,MG027,67738,TX,Carson,ERCO,IPP Non-CHP,Natural Gas Fired Combined Cycle,natural_gas,CT,Combined cycle combustion turbine part,NG,Natural gas,57,57,57,P,"Planned for installation, but regulatory approvals not initiated",2030-12-01
eia860:69799:MG028,generator,Project Matador Gas Plant (PMG),US-TX,35.283762,-101.569,57,planned,,Fermi America,eia:860m,https://www.eia.gov/electricity/data/eia860m/xls/august_generator2026.xlsx,2026-09-26T00:04:26Z,2026-08,69799,MG028,67738,TX,Carson,ERCO,IPP Non-CHP,Natural Gas Fired Combined Cycle,natural_gas,CT,Combined cycle combustion turbine part,NG,Natural gas,57,57,57,P,"Planned for installation, but regulatory approvals not initiated",2030-12-01
eia860:69799:MG029,generator,Project Matador Gas Plant (PMG),US-TX,35.283762,-101.569,57,planned,,Fermi America,eia:860m,https://www.eia.gov/electricity/data/eia860m/xls/august_generator2026.xlsx,2026-09-26T00:04:26Z,2026-08,69799,MG029,67738,TX,Carson,ERCO,IPP Non-CHP,Natural Gas Fired Combined Cycle,natural_gas,CT,Combined cycle combustion turbine part,NG,Natural gas,57,57,57,P,"Planned for installation, but regulatory approvals not initiated",2030-12-01
eia860:69799:MG030,generator,Project Matador Gas Plant (PMG),US-TX,35.283762,-101.569,57,planned,,Fermi America,eia:860m,https://www.eia.gov/electricity/data/eia860m/xls/august_generator2026.xlsx,2026-09-26T00:04:26Z,2026-08,69799,MG030,67738,TX,Carson,ERCO,IPP Non-CHP,Natural Gas Fired Combined Cycle,natural_gas,CT,Combined cycle combustion turbine part,NG,Natural gas,57,57,57,P,"Planned for installation, but regulatory approvals not initiated",2030-12-01
eia860:69799:MG031,generator,Project Matador Gas Plant (PMG),US-TX,35.283762,-101.569,57,planned,,Fermi America,eia:860m,https://www.eia.gov/electricity/data/eia860m/xls/august_generator2026.xlsx,2026-09-26T00:04:26Z,2026-08,69799,MG031,67738,TX,Carson,ERCO,IPP Non-CHP,Natural Gas Fired Combined Cycle,natural_gas,CT,Combined cycle combustion turbine part,NG,Natural gas,57,57,57,P,"Planned for installation, but regulatory approvals not initiated",2030-12-01
eia860:69799:MG032,generator,Project Matador Gas Plant (PMG),US-TX,35.283762,-101.569,57,planned,,Fermi America,eia:860m,https://www.eia.gov/electricity/data/eia860m/xls/august_generator2026.xlsx,2026-09-26T00:04:26Z,2026-08,69799,MG032,67738,TX,Carson,ERCO,IPP Non-CHP,Natural Gas Fired Combined Cycle,natural_gas,CT,Combined cycle combustion turbine part,NG,Natural gas,57,57,57,P,"Planned for installation, but regulatory approvals not initiated",2030-12-01
eia860:69799:MG033,generator,Project Matador Gas Plant (PMG),US-TX,35.283762,-101.569,57,planned,,Fermi America,eia:860m,https://www.eia.gov/electricity/data/eia860m/xls/august_generator2026.xlsx,2026-09-26T00:04:26Z,2026-08,69799,MG033,67738,TX,Carson,ERCO,IPP Non-CHP,Natural Gas Fired Combined Cycle,natural_gas,CT,Combined cycle combustion turbine part,NG,Natural gas,57,57,57,P,"Planned for installation, but regulatory approvals not initiated",2030-12-01
eia860:69799:MG034,generator,Project Matador Gas Plant (PMG),US-TX,35.283762,-101.569,57,planned,,Fermi America,eia:860m,https://www.eia.gov/electricity/data/eia860m/xls/august_generator2026.xlsx,2026-09-26T00:04:26Z,2026-08,69799,MG034,67738,TX,Carson,ERCO,IPP Non-CHP,Natural Gas Fired Combined Cycle,natural_gas,CT,Combined cycle combustion turbine part,NG,Natural gas,57,57,57,P,"Planned for installation, but regulatory approvals not initiated",2030-12-01
eia860:69799:MG035,generator,Project Matador Gas Plant (PMG),US-TX,35.283762,-101.569,57,planned,,Fermi America,eia:860m,https://www.eia.gov/electricity/data/eia860m/xls/august_generator2026.xlsx,2026-09-26T00:04:26Z,2026-08,69799,MG035,67738,TX,Carson,ERCO,IPP Non-CHP,Natural Gas Fired Combined Cycle,natural_gas,CT,Combined cycle combustion turbine part,NG,Natural gas,57,57,57,P,"Planned for installation, but regulatory approvals not initiated",2030-12-01
eia860:69799:MG036,generator,Project Matador Gas Plant (PMG),US-TX,35.283762,-101.569,57,planned,,Fermi America,eia:860m,https://www.eia.gov/electricity/data/eia860m/xls/august_generator2026.xlsx,2026-09-26T00:04:26Z,2026-08,69799,MG036,67738,TX,Carson,ERCO,IPP Non-CHP,Natural Gas Fired Combined Cycle,natural_gas,CT,Combined cycle combustion turbine part,NG,Natural gas,57,57,57,P,"Planned for installation, but regulatory approvals not initiated",2030-12-01
eia860:69799:MG037,generator,Project Matador Gas Plant (PMG),US-TX,35.283762,-101.569,57,planned,,Fermi America,eia:860m,https://www.eia.gov/electricity/data/eia860m/xls/august_generator2026.xlsx,2026-09-26T00:04:26Z,2026-08,69799,MG037,67738,TX,Carson,ERCO,IPP Non-CHP,Natural Gas Fired Combined Cycle,natural_gas,CT,Combined cycle combustion turbine part,NG,Natural gas,57,57,57,P,"Planned for installation, but regulatory approvals not initiated",2030-12-01
eia860:69799:MG038,generator,Project Matador Gas Plant (PMG),US-TX,35.283762,-101.569,57,planned,,Fermi America,eia:860m,https://www.eia.gov/electricity/data/eia860m/xls/august_generator2026.xlsx,2026-09-26T00:04:26Z,2026-08,69799,MG038,67738,TX,Carson,ERCO,IPP Non-CHP,Natural Gas Fired Combined Cycle,natural_gas,CT,Combined cycle combustion turbine part,NG,Natural gas,57,57,57,P,"Planned for installation, but regulatory approvals not initiated",2030-12-01
eia860:69799:MG039,generator,Project Matador Gas Plant (PMG),US-TX,35.283762,-101.569,57,planned,,Fermi America,eia:860m,https://www.eia.gov/electricity/data/eia860m/xls/august_generator2026.xlsx,2026-09-26T00:04:26Z,2026-08,69799,MG039,67738,TX,Carson,ERCO,IPP Non-CHP,Natural Gas Fired Combined Cycle,natural_gas,CT,Combined cycle combustion turbine part,NG,Natural gas,57,57,57,P,"Planned for installation, but regulatory approvals not initiated",2030-12-01
eia860:69799:MG040,generator,Project Matador Gas Plant (PMG),US-TX,35.283762,-101.569,57,planned,,Fermi America,eia:860m,https://www.eia.gov/electricity/data/eia860m/xls/august_generator2026.xlsx,2026-09-26T00:04:26Z,2026-08,69799,MG040,67738,TX,Carson,ERCO,IPP Non-CHP,Natural Gas Fired Combined Cycle,natural_gas,CT,Combined cycle combustion turbine part,NG,Natural gas,57,57,57,P,"Planned for installation, but regulatory approvals not initiated",2030-12-01
eia860:69799:MG041,generator,Project Matador Gas Plant (PMG),US-TX,35.283762,-101.569,57,planned,,Fermi America,eia:860m,https://www.eia.gov/electricity/data/eia860m/xls/august_generator2026.xlsx,2026-09-26T00:04:26Z,2026-08,69799,MG041,67738,TX,Carson,ERCO,IPP Non-CHP,Natural Gas Fired Combined Cycle,natural_gas,CT,Combined cycle combustion turbine part,NG,Natural gas,57,57,57,P,"Planned for installation, but regulatory approvals not initiated",2030-12-01
eia860:69799:MG042,generator,Project Matador Gas Plant (PMG),US-TX,35.283762,-101.569,57,planned,,Fermi America,eia:860m,https://www.eia.gov/electricity/data/eia860m/xls/august_generator2026.xlsx,2026-09-26T00:04:26Z,2026-08,69799,MG042,67738,TX,Carson,ERCO,IPP Non-CHP,Natural Gas Fired Combined Cycle,natural_gas,CT,Combined cycle combustion turbine part,NG,Natural gas,57,57,57,P,"Planned for installation, but regulatory approvals not initiated",2030-12-01
eia860:69799:MG043,generator,Project Matador Gas Plant (PMG),US-TX,35.283762,-101.569,57,planned,,Fermi America,eia:860m,https://www.eia.gov/electricity/data/eia860m/xls/august_generator2026.xlsx,2026-09-26T00:04:26Z,2026-08,69799,MG043,67738,TX,Carson,ERCO,IPP Non-CHP,Natural Gas Fired Combined Cycle,natural_gas,CT,Combined cycle combustion turbine part,NG,Natural gas,57,57,57,P,"Planned for installation, but regulatory approvals not initiated",2030-12-01
eia860:69799:MG044,generator,Project Matador Gas Plant (PMG),US-TX,35.283762,-101.569,57,planned,,Fermi America,eia:860m,https://www.eia.gov/electricity/data/eia860m/xls/august_generator2026.xlsx,2026-09-26T00:04:26Z,2026-08,69799,MG044,67738,TX,Carson,ERCO,IPP Non-CHP,Natural Gas Fired Combined Cycle,natural_gas,CT,Combined cycle combustion turbine part,NG,Natural gas,57,57,57,P,"Planned for installation, but regulatory approvals not initiated",2030-12-01
eia860:69799:MG045,generator,Project Matador Gas Plant (PMG),US-TX,35.283762,-101.569,57,planned,,Fermi America,eia:860m,https://www.eia.gov/electricity/data/eia860m/xls/august_generator2026.xlsx,2026-09-26T00:04:26Z,2026-08,69799,MG045,67738,TX,Carson,ERCO,IPP Non-CHP,Natural Gas Fired Combined Cycle,natural_gas,CT,Combined cycle combustion turbine part,NG,Natural gas,57,57,57,P,"Planned for installation, but regulatory approvals not initiated",2030-12-01
eia860:69799:MG046,generator,Project Matador Gas Plant (PMG),US-TX,35.283762,-101.569,57,planned,,Fermi America,eia:860m,https://www.eia.gov/electricity/data/eia860m/xls/august_generator2026.xlsx,2026-09-26T00:04:26Z,2026-08,69799,MG046,67738,TX,Carson,ERCO,IPP Non-CHP,Natural Gas Fired Combined Cycle,natural_gas,CT,Combined cycle combustion turbine part,NG,Natural gas,57,57,57,P,"Planned for installation, but regulatory approvals not initiated",2030-12-01
eia860:69799:MG047,generator,Project Matador Gas Plant (PMG),US-TX,35.283762,-101.569,57,planned,,Fermi America,eia:860m,https://www.eia.gov/electricity/data/eia860m/xls/august_generator2026.xlsx,2026-09-26T00:04:26Z,2026-08,69799,MG047,67738,TX,Carson,ERCO,IPP Non-CHP,Natural Gas Fired Combined Cycle,natural_gas,CT,Combined cycle combustion turbine part,NG,Natural gas,57,57,57,P,"Planned for installation, but regulatory approvals not initiated",2030-12-01
eia860:69799:MG048,generator,Project Matador Gas Plant (PMG),US-TX,35.283762,-101.569,57,planned,,Fermi America,eia:860m,https://www.eia.gov/electricity/data/eia860m/xls/august_generator2026.xlsx,2026-09-26T00:04:26Z,2026-08,69799,MG048,67738,TX,Carson,ERCO,IPP Non-CHP,Natural Gas Fired Combined Cycle,natural_gas,CT,Combined cycle combustion turbine part,NG,Natural gas,57,57,57,P,"Planned for installation, but regulatory approvals not initiated",2030-12-01
eia860:69799:MS001,generator,Project Matador Gas Plant (PMG),US-TX,35.283762,-101.569,105,planned,,Fermi America,eia:860m,https://www.eia.gov/electricity/data/eia860m/xls/august_generator2026.xlsx,2026-09-26T00:04:26Z,2026-08,69799,MS001,67738,TX,Carson,ERCO,IPP Non-CHP,Natural Gas Fired Combined Cycle,natural_gas,CA,Combined cycle steam part,NG,Natural gas,105,105,105,P,"Planned for installation, but regulatory approvals not initiated",2030-12-01
eia860:69799:MS002,generator,Project Matador Gas Plant (PMG),US-TX,35.283762,-101.569,105,planned,,Fermi America,eia:860m,https://www.eia.gov/electricity/data/eia860m/xls/august_generator2026.xlsx,2026-09-26T00:04:26Z,2026-08,69799,MS002,67738,TX,Carson,ERCO,IPP Non-CHP,Natural Gas Fired Combined Cycle,natural_gas,CA,Combined cycle steam part,NG,Natural gas,105,105,105,P,"Planned for installation, but regulatory approvals not initiated",2030-12-01
eia860:69799:MS003,generator,Project Matador Gas Plant (PMG),US-TX,35.283762,-101.569,105,planned,,Fermi America,eia:860m,https://www.eia.gov/electricity/data/eia860m/xls/august_generator2026.xlsx,2026-09-26T00:04:26Z,2026-08,69799,MS003,67738,TX,Carson,ERCO,IPP Non-CHP,Natural Gas Fired Combined Cycle,natural_gas,CA,Combined cycle steam part,NG,Natural gas,105,105,105,P,"Planned for installation, but regulatory approvals not initiated",2030-12-01
eia860:69799:MS004,generator,Project Matador Gas Plant (PMG),US-TX,35.283762,-101.569,105,planned,,Fermi America,eia:860m,https://www.eia.gov/electricity/data/eia860m/xls/august_generator2026.xlsx,2026-09-26T00:04:26Z,2026-08,69799,MS004,67738,TX,Carson,ERCO,IPP Non-CHP,Natural Gas Fired Combined Cycle,natural_gas,CA,Combined cycle steam part,NG,Natural gas,105,105,105,P,"Planned for installation, but regulatory approvals not initiated",2030-12-01
eia860:69799:MS005,generator,Project Matador Gas Plant (PMG),US-TX,35.283762,-101.569,105,planned,,Fermi America,eia:860m,https://www.eia.gov/electricity/data/eia860m/xls/august_generator2026.xlsx,2026-09-26T00:04:26Z,2026-08,69799,MS005,67738,TX,Carson,ERCO,IPP Non-CHP,Natural Gas Fired Combined Cycle,natural_gas,CA,Combined cycle steam part,NG,Natural gas,105,105,105,P,"Planned for installation, but regulatory approvals not initiated",2030-12-01
eia860:69799:MS006,generator,Project Matador Gas Plant (PMG),US-TX,35.283762,-101.569,105,planned,,Fermi America,eia:860m,https://www.eia.gov/electricity/data/eia860m/xls/august_generator2026.xlsx,2026-09-26T00:04:26Z,2026-08,69799,MS006,67738,TX,Carson,ERCO,IPP Non-CHP,Natural Gas Fired Combined Cycle,natural_gas,CA,Combined cycle steam part,NG,Natural gas,105,105,105,P,"Planned for installation, but regulatory approvals not initiated",2030-12-01
eia860:69799:MS007,generator,Project Matador Gas Plant (PMG),US-TX,35.283762,-101.569,105,planned,,Fermi America,eia:860m,https://www.eia.gov/electricity/data/eia860m/xls/august_generator2026.xlsx,2026-09-26T00:04:26Z,2026-08,69799,MS007,67738,TX,Carson,ERCO,IPP Non-CHP,Natural Gas Fired Combined Cycle,natural_gas,CA,Combined cycle steam part,NG,Natural gas,105,105,105,P,"Planned for installation, but regulatory approvals not initiated",2030-12-01
eia860:69799:MS008,generator,Project Matador Gas Plant (PMG),US-TX,35.283762,-101.569,105,planned,,Fermi America,eia:860m,https://www.eia.gov/electricity/data/eia860m/xls/august_generator2026.xlsx,2026-09-26T00:04:26Z,2026-08,69799,MS008,67738,TX,Carson,ERCO,IPP Non-CHP,Natural Gas Fired Combined Cycle,natural_gas,CA,Combined cycle steam part,NG,Natural gas,105,105,105,P,"Planned for installation, but regulatory approvals not initiated",2030-12-01
eia860:69799:MS009,generator,Project Matador Gas Plant (PMG),US-TX,35.283762,-101.569,105,planned,,Fermi America,eia:860m,https://www.eia.gov/electricity/data/eia860m/xls/august_generator2026.xlsx,2026-09-26T00:04:26Z,2026-08,69799,MS009,67738,TX,Carson,ERCO,IPP Non-CHP,Natural Gas Fired Combined Cycle,natural_gas,CA,Combined cycle steam part,NG,Natural gas,105,105,105,P,"Planned for installation, but regulatory approvals not initiated",2030-12-01
eia860:69799:MS010,generator,Project Matador Gas Plant (PMG),US-TX,35.283762,-101.569,105,planned,,Fermi America,eia:860m,https://www.eia.gov/electricity/data/eia860m/xls/august_generator2026.xlsx,2026-09-26T00:04:26Z,2026-08,69799,MS010,67738,TX,Carson,ERCO,IPP Non-CHP,Natural Gas Fired Combined Cycle,natural_gas,CA,Combined cycle steam part,NG,Natural gas,105,105,105,P,"Planned for installation, but regulatory approvals not initiated",2030-12-01
eia860:69799:MS011,generator,Project Matador Gas Plant (PMG),US-TX,35.283762,-101.569,105,planned,,Fermi America,eia:860m,https://www.eia.gov/electricity/data/eia860m/xls/august_generator2026.xlsx,2026-09-26T00:04:26Z,2026-08,69799,MS011,67738,TX,Carson,ERCO,IPP Non-CHP,Natural Gas Fired Combined Cycle,natural_gas,CA,Combined cycle steam part,NG,Natural gas,105,105,105,P,"Planned for installation, but regulatory approvals not initiated",2030-12-01
eia860:69799:MS012,generator,Project Matador Gas Plant (PMG),US-TX,35.283762,-101.569,105,planned,,Fermi America,eia:860m,https://www.eia.gov/electricity/data/eia860m/xls/august_generator2026.xlsx,2026-09-26T00:04:26Z,2026-08,69799,MS012,67738,TX,Carson,ERCO,IPP Non-CHP,Natural Gas Fired Combined Cycle,natural_gas,CA,Combined cycle steam part,NG,Natural gas,105,105,105,P,"Planned for installation, but regulatory approvals not initiated",2030-12-01
eia860:69799:MS013,generator,Project Matador Gas Plant (PMG),US-TX,35.283762,-101.569,105,planned,,Fermi America,eia:860m,https://www.eia.gov/electricity/data/eia860m/xls/august_generator2026.xlsx,2026-09-26T00:04:26Z,2026-08,69799,MS013,67738,TX,Carson,ERCO,IPP Non-CHP,Natural Gas Fired Combined Cycle,natural_gas,CA,Combined cycle steam part,NG,Natural gas,105,105,105,P,"Planned for installation, but regulatory approvals not initiated",2030-12-01
eia860:69799:MS014,generator,Project Matador Gas Plant (PMG),US-TX,35.283762,-101.569,105,planned,,Fermi America,eia:860m,https://www.eia.gov/electricity/data/eia860m/xls/august_generator2026.xlsx,2026-09-26T00:04:26Z,2026-08,69799,MS014,67738,TX,Carson,ERCO,IPP Non-CHP,Natural Gas Fired Combined Cycle,natural_gas,CA,Combined cycle steam part,NG,Natural gas,105,105,105,P,"Planned for installation, but regulatory approvals not initiated",2030-12-01
eia860:69799:MS015,generator,Project Matador Gas Plant (PMG),US-TX,35.283762,-101.569,105,planned,,Fermi America,eia:860m,https://www.eia.gov/electricity/data/eia860m/xls/august_generator2026.xlsx,2026-09-26T00:04:26Z,2026-08,69799,MS015,67738,TX,Carson,ERCO,IPP Non-CHP,Natural Gas Fired Combined Cycle,natural_gas,CA,Combined cycle steam part,NG,Natural gas,105,105,105,P,"Planned for installation, but regulatory approvals not initiated",2030-12-01
eia860:69799:MS016,generator,Project Matador Gas Plant (PMG),US-TX,35.283762,-101.569,105,planned,,Fermi America,eia:860m,https://www.eia.gov/electricity/data/eia860m/xls/august_generator2026.xlsx,2026-09-26T00:04:26Z,2026-08,69799,MS016,67738,TX,Carson,ERCO,IPP Non-CHP,Natural Gas Fired Combined Cycle,natural_gas,CA,Combined cycle steam part,NG,Natural gas,105,105,105,P,"Planned for installation, but regulatory approvals not initiated",2030-12-01
eia860:69799:TM001,generator,Project Matador Gas Plant (PMG),US-TX,35.283762,-101.569,18.9,planned,,Fermi America,eia:860m,https://www.eia.gov/electricity/data/eia860m/xls/august_generator2026.xlsx,2026-09-26T00:04:26Z,2026-08,69799,TM001,67738,TX,Carson,ERCO,IPP Non-CHP,Natural Gas Fired Combustion Turbine,natural_gas,GT,Combustion (gas) turbine,NG,Natural gas,18.9,18,18,P,"Planned for installation, but regulatory approvals not initiated",2027-09-01
eia860:69799:TM002,generator,Project Matador Gas Plant (PMG),US-TX,35.283762,-101.569,18.9,planned,,Fermi America,eia:860m,https://www.eia.gov/electricity/data/eia860m/xls/august_generator2026.xlsx,2026-09-26T00:04:26Z,2026-08,69799,TM002,67738,TX,Carson,ERCO,IPP Non-CHP,Natural Gas Fired Combustion Turbine,natural_gas,GT,Combustion (gas) turbine,NG,Natural gas,18.9,18,18,P,"Planned for installation, but regulatory approvals not initiated",2027-09-01
eia860:69799:TM003,generator,Project Matador Gas Plant (PMG),US-TX,35.283762,-101.569,18.9,planned,,Fermi America,eia:860m,https://www.eia.gov/electricity/data/eia860m/xls/august_generator2026.xlsx,2026-09-26T00:04:26Z,2026-08,69799,TM003,67738,TX,Carson,ERCO,IPP Non-CHP,Natural Gas Fired Combustion Turbine,natural_gas,GT,Combustion (gas) turbine,NG,Natural gas,18.9,18,18,P,"Planned for installation, but regulatory approvals not initiated",2027-09-01
eia860:69799:TM004,generator,Project Matador Gas Plant (PMG),US-TX,35.283762,-101.569,18.9,planned,,Fermi America,eia:860m,https://www.eia.gov/electricity/data/eia860m/xls/august_generator2026.xlsx,2026-09-26T00:04:26Z,2026-08,69799,TM004,67738,TX,Carson,ERCO,IPP Non-CHP,Natural Gas Fired Combustion Turbine,natural_gas,GT,Combustion (gas) turbine,NG,Natural gas,18.9,18,18,P,"Planned for installation, but regulatory approvals not initiated",2027-09-01
eia860:69799:TM005,generator,Project Matador Gas Plant (PMG),US-TX,35.283762,-101.569,18.9,planned,,Fermi America,eia:860m,https://www.eia.gov/electricity/data/eia860m/xls/august_generator2026.xlsx,2026-09-26T00:04:26Z,2026-08,69799,TM005,67738,TX,Carson,ERCO,IPP Non-CHP,Natural Gas Fired Combustion Turbine,natural_gas,GT,Combustion (gas) turbine,NG,Natural gas,18.9,18,18,P,"Planned for installation, but regulatory approvals not initiated",2027-09-01
eia860:69799:TM006,generator,Project Matador Gas Plant (PMG),US-TX,35.283762,-101.569,18.9,planned,,Fermi America,eia:860m,https://www.eia.gov/electricity/data/eia860m/xls/august_generator2026.xlsx,2026-09-26T00:04:26Z,2026-08,69799,TM006,67738,TX,Carson,ERCO,IPP Non-CHP,Natural Gas Fired Combustion Turbine,natural_gas,GT,Combustion (gas) turbine,NG,Natural gas,18.9,18,18,P,"Planned for installation, but regulatory approvals not initiated",2027-09-01
eia860:69799:TM007,generator,Project Matador Gas Plant (PMG),US-TX,35.283762,-101.569,18.9,planned,,Fermi America,eia:860m,https://www.eia.gov/electricity/data/eia860m/xls/august_generator2026.xlsx,2026-09-26T00:04:26Z,2026-08,69799,TM007,67738,TX,Carson,ERCO,IPP Non-CHP,Natural Gas Fired Combustion Turbine,natural_gas,GT,Combustion (gas) turbine,NG,Natural gas,18.9,18,18,P,"Planned for installation, but regulatory approvals not initiated",2027-09-01
eia860:69804:MEPV1,generator,Menard 1,US-IL,40.089,-89.723,2.8,under_construction,,ENGIE Distributed Renewables Development LLC,eia:860m,https://www.eia.gov/electricity/data/eia860m/xls/august_generator2026.xlsx,2026-09-26T00:04:26Z,2026-08,69804,MEPV1,67734,IL,Menard,MISO,IPP Non-CHP,Solar Photovoltaic,solar,PV,Photovoltaic,SUN,Solar,2.8,2.8,2.8,U,"Under construction, less than or equal to 50 percent complete",2027-09-01
eia860:69805:RFRD7,generator,Rockford Plant 7,US-IL,42.232527,-89.02408,1.5,under_construction,,ENGIE Distributed Renewables Development LLC,eia:860m,https://www.eia.gov/electricity/data/eia860m/xls/august_generator2026.xlsx,2026-09-26T00:04:26Z,2026-08,69805,RFRD7,67734,IL,Winnebago,PJM,IPP Non-CHP,Solar Photovoltaic,solar,PV,Photovoltaic,SUN,Solar,1.5,1.5,1.5,U,"Under construction, less than or equal to 50 percent complete",2027-03-01
eia860:69806:GWBS1,generator,"Gaskell West Storage 1, LLC",US-CA,34.833541,-118.5469,21.6,under_construction,,Matrix Renewables,eia:860m,https://www.eia.gov/electricity/data/eia860m/xls/august_generator2026.xlsx,2026-09-26T00:04:26Z,2026-08,69806,GWBS1,67735,CA,Kern,CISO,IPP Non-CHP,Batteries,storage,BA,"Energy storage, battery",MWH,Electricity used for energy storage,21.6,21.6,21.6,TS,"Construction complete, but not yet in commercial operation",2026-09-01
eia860:69807:WNSRL,generator,Windsor Locks,US-CT,41.928086,-72.68693,1.8,under_construction,,ENGIE Distributed Renewables Development LLC,eia:860m,https://www.eia.gov/electricity/data/eia860m/xls/august_generator2026.xlsx,2026-09-26T00:04:26Z,2026-08,69807,WNSRL,67734,CT,Hartford,ISNE,IPP Non-CHP,Solar Photovoltaic,solar,PV,Photovoltaic,SUN,Solar,1.8,1.8,1.8,U,"Under construction, less than or equal to 50 percent complete",2026-11-01
eia860:69808:CT1,generator,Princeton Road Station,US-NE,40.570394,-96.78647,265.4,planned,,Nebraska Public Power District,eia:860m,https://www.eia.gov/electricity/data/eia860m/xls/august_generator2026.xlsx,2026-09-26T00:04:26Z,2026-08,69808,CT1,13337,NE,Lancaster,SWPP,Electric Utility,Natural Gas Fired Combustion Turbine,natural_gas,GT,Combustion (gas) turbine,NG,Natural gas,265.4,239.6,252.9,P,"Planned for installation, but regulatory approvals not initiated",2029-12-01
eia860:69808:CT2,generator,Princeton Road Station,US-NE,40.570394,-96.78647,265.4,planned,,Nebraska Public Power District,eia:860m,https://www.eia.gov/electricity/data/eia860m/xls/august_generator2026.xlsx,2026-09-26T00:04:26Z,2026-08,69808,CT2,13337,NE,Lancaster,SWPP,Electric Utility,Natural Gas Fired Combustion Turbine,natural_gas,GT,Combustion (gas) turbine,NG,Natural gas,265.4,239.6,252.9,P,"Planned for installation, but regulatory approvals not initiated",2029-12-01
eia860:69808:R01,generator,Princeton Road Station,US-NE,40.570394,-96.78647,18.1,planned,,Nebraska Public Power District,eia:860m,https://www.eia.gov/electricity/data/eia860m/xls/august_generator2026.xlsx,2026-09-26T00:04:26Z,2026-08,69808,R01,13337,NE,Lancaster,SWPP,Electric Utility,Natural Gas Internal Combustion Engine,natural_gas,IC,Internal combustion engine,NG,Natural gas,18.1,18.1,18.1,P,"Planned for installation, but regulatory approvals not initiated",2029-06-01
eia860:69808:R02,generator,Princeton Road Station,US-NE,40.570394,-96.78647,18.1,planned,,Nebraska Public Power District,eia:860m,https://www.eia.gov/electricity/data/eia860m/xls/august_generator2026.xlsx,2026-09-26T00:04:26Z,2026-08,69808,R02,13337,NE,Lancaster,SWPP,Electric Utility,Natural Gas Internal Combustion Engine,natural_gas,IC,Internal combustion engine,NG,Natural gas,18.1,18.1,18.1,P,"Planned for installation, but regulatory approvals not initiated",2029-06-01
eia860:69808:R03,generator,Princeton Road Station,US-NE,40.570394,-96.78647,18.1,planned,,Nebraska Public Power District,eia:860m,https://www.eia.gov/electricity/data/eia860m/xls/august_generator2026.xlsx,2026-09-26T00:04:26Z,2026-08,69808,R03,13337,NE,Lancaster,SWPP,Electric Utility,Natural Gas Internal Combustion Engine,natural_gas,IC,Internal combustion engine,NG,Natural gas,18.1,18.1,18.1,P,"Planned for installation, but regulatory approvals not initiated",2029-06-01
eia860:69808:R04,generator,Princeton Road Station,US-NE,40.570394,-96.78647,18.1,planned,,Nebraska Public Power District,eia:860m,https://www.eia.gov/electricity/data/eia860m/xls/august_generator2026.xlsx,2026-09-26T00:04:26Z,2026-08,69808,R04,13337,NE,Lancaster,SWPP,Electric Utility,Natural Gas Internal Combustion Engine,natural_gas,IC,Internal combustion engine,NG,Natural gas,18.1,18.1,18.1,P,"Planned for installation, but regulatory approvals not initiated",2029-06-01
eia860:69808:R05,generator,Princeton Road Station,US-NE,40.570394,-96.78647,18.1,planned,,Nebraska Public Power District,eia:860m,https://www.eia.gov/electricity/data/eia860m/xls/august_generator2026.xlsx,2026-09-26T00:04:26Z,2026-08,69808,R05,13337,NE,Lancaster,SWPP,Electric Utility,Natural Gas Internal Combustion Engine,natural_gas,IC,Internal combustion engine,NG,Natural gas,18.1,18.1,18.1,P,"Planned for installation, but regulatory approvals not initiated",2029-06-01
eia860:69808:R06,generator,Princeton Road Station,US-NE,40.570394,-96.78647,18.1,planned,,Nebraska Public Power District,eia:860m,https://www.eia.gov/electricity/data/eia860m/xls/august_generator2026.xlsx,2026-09-26T00:04:26Z,2026-08,69808,R06,13337,NE,Lancaster,SWPP,Electric Utility,Natural Gas Internal Combustion Engine,natural_gas,IC,Internal combustion engine,NG,Natural gas,18.1,18.1,18.1,P,"Planned for installation, but regulatory approvals not initiated",2029-06-01
eia860:69808:R07,generator,Princeton Road Station,US-NE,40.570394,-96.78647,18.1,planned,,Nebraska Public Power District,eia:860m,https://www.eia.gov/electricity/data/eia860m/xls/august_generator2026.xlsx,2026-09-26T00:04:26Z,2026-08,69808,R07,13337,NE,Lancaster,SWPP,Electric Utility,Natural Gas Internal Combustion Engine,natural_gas,IC,Internal combustion engine,NG,Natural gas,18.1,18.1,18.1,P,"Planned for installation, but regulatory approvals not initiated",2029-06-01
eia860:69808:R08,generator,Princeton Road Station,US-NE,40.570394,-96.78647,18.1,planned,,Nebraska Public Power District,eia:860m,https://www.eia.gov/electricity/data/eia860m/xls/august_generator2026.xlsx,2026-09-26T00:04:26Z,2026-08,69808,R08,13337,NE,Lancaster,SWPP,Electric Utility,Natural Gas Internal Combustion Engine,natural_gas,IC,Internal combustion engine,NG,Natural gas,18.1,18.1,18.1,P,"Planned for installation, but regulatory approvals not initiated",2029-06-01
eia860:69808:R09,generator,Princeton Road Station,US-NE,40.570394,-96.78647,18.1,planned,,Nebraska Public Power District,eia:860m,https://www.eia.gov/electricity/data/eia860m/xls/august_generator2026.xlsx,2026-09-26T00:04:26Z,2026-08,69808,R09,13337,NE,Lancaster,SWPP,Electric Utility,Natural Gas Internal Combustion Engine,natural_gas,IC,Internal combustion engine,NG,Natural gas,18.1,18.1,18.1,P,"Planned for installation, but regulatory approvals not initiated",2029-06-01
eia860:69808:R10,generator,Princeton Road Station,US-NE,40.570394,-96.78647,18.1,planned,,Nebraska Public Power District,eia:860m,https://www.eia.gov/electricity/data/eia860m/xls/august_generator2026.xlsx,2026-09-26T00:04:26Z,2026-08,69808,R10,13337,NE,Lancaster,SWPP,Electric Utility,Natural Gas Internal Combustion Engine,natural_gas,IC,Internal combustion engine,NG,Natural gas,18.1,18.1,18.1,P,"Planned for installation, but regulatory approvals not initiated",2029-06-01
eia860:69808:R11,generator,Princeton Road Station,US-NE,40.570394,-96.78647,18.1,planned,,Nebraska Public Power District,eia:860m,https://www.eia.gov/electricity/data/eia860m/xls/august_generator2026.xlsx,2026-09-26T00:04:26Z,2026-08,69808,R11,13337,NE,Lancaster,SWPP,Electric Utility,Natural Gas Internal Combustion Engine,natural_gas,IC,Internal combustion engine,NG,Natural gas,18.1,18.1,18.1,P,"Planned for installation, but regulatory approvals not initiated",2029-06-01
eia860:69808:R12,generator,Princeton Road Station,US-NE,40.570394,-96.78647,18.1,planned,,Nebraska Public Power District,eia:860m,https://www.eia.gov/electricity/data/eia860m/xls/august_generator2026.xlsx,2026-09-26T00:04:26Z,2026-08,69808,R12,13337,NE,Lancaster,SWPP,Electric Utility,Natural Gas Internal Combustion Engine,natural_gas,IC,Internal combustion engine,NG,Natural gas,18.1,18.1,18.1,P,"Planned for installation, but regulatory approvals not initiated",2029-06-01
eia860:69809:5756,generator,Northern Divide Energy Storage,US-ND,48.769875,-102.7678,100,under_construction,,"Northern Divide Energy Storage, LLC",eia:860m,https://www.eia.gov/electricity/data/eia860m/xls/august_generator2026.xlsx,2026-09-26T00:04:26Z,2026-08,69809,5756,67717,ND,Burke,SWPP,IPP Non-CHP,Batteries,storage,BA,"Energy storage, battery",MWH,Electricity used for energy storage,100,100,100,V,"Under construction, more than 50 percent complete",2026-12-01
eia860:69810:MAHOM,generator,SV CSG Mahomet,US-IL,40.193189,-88.37984,3.5,planned,,"SV CSG Mahomet, LLC",eia:860m,https://www.eia.gov/electricity/data/eia860m/xls/august_generator2026.xlsx,2026-09-26T00:04:26Z,2026-08,69810,MAHOM,67741,IL,Champaign,MISO,IPP Non-CHP,Solar Photovoltaic,solar,PV,Photovoltaic,SUN,Solar,3.5,3.5,3.5,L,Regulatory approvals pending. Not under construction,2027-09-01
eia860:69811:ANGEL,generator,SV CSG Angelly 1,US-IL,37.7164,-88.5303,3.6,under_construction,,"SV CSG Angelly 1, LLC",eia:860m,https://www.eia.gov/electricity/data/eia860m/xls/august_generator2026.xlsx,2026-09-26T00:04:26Z,2026-08,69811,ANGEL,67742,IL,Saline,MISO,IPP Non-CHP,Solar Photovoltaic,solar,PV,Photovoltaic,SUN,Solar,3.6,3.6,3.6,V,"Under construction, more than 50 percent complete",2026-11-01
eia860:69812:BROWN,generator,SV CSG Brownstown 1,US-IL,38.971573,-89.01849,1,under_construction,,"SV CSG Brownstown 1, LLC",eia:860m,https://www.eia.gov/electricity/data/eia860m/xls/august_generator2026.xlsx,2026-09-26T00:04:26Z,2026-08,69812,BROWN,67743,IL,Fayette,MISO,IPP Non-CHP,Solar Photovoltaic,solar,PV,Photovoltaic,SUN,Solar,1,1,1,U,"Under construction, less than or equal to 50 percent complete",2027-02-01
eia860:69813:ARGEN,generator,Argenta Solar,US-IL,39.989915,-88.81196,1.5,under_construction,,"Argenta Solar, LLC",eia:860m,https://www.eia.gov/electricity/data/eia860m/xls/august_generator2026.xlsx,2026-09-26T00:04:26Z,2026-08,69813,ARGEN,67744,IL,Macon,MISO,IPP Non-CHP,Solar Photovoltaic,solar,PV,Photovoltaic,SUN,Solar,1.5,1.5,1.5,U,"Under construction, less than or equal to 50 percent complete",2026-11-01
eia860:69814:SUNSO,generator,SV CSG Sun Trust Solar,US-IL,42.0969,-88.3865,5,under_construction,,"SV CSG Sun Trust Solar, LLC",eia:860m,https://www.eia.gov/electricity/data/eia860m/xls/august_generator2026.xlsx,2026-09-26T00:04:26Z,2026-08,69814,SUNSO,67745,IL,Kane,PJM,IPP Non-CHP,Solar Photovoltaic,solar,PV,Photovoltaic,SUN,Solar,5,5,5,U,"Under construction, less than or equal to 50 percent complete",2027-02-01
eia860:69815:KINGS,generator,SV CSG Kingston Solar 1,US-IL,42.0971,-88.7318,5,under_construction,,"SV CSG Kingston Solar 1, LLC",eia:860m,https://www.eia.gov/electricity/data/eia860m/xls/august_generator2026.xlsx,2026-09-26T00:04:26Z,2026-08,69815,KINGS,67746,IL,DeKalb,PJM,IPP Non-CHP,Solar Photovoltaic,solar,PV,Photovoltaic,SUN,Solar,5,5,5,U,"Under construction, less than or equal to 50 percent complete",2026-12-01
eia860:69816:WILSN,generator,SV CSG Wilson School Solar,US-IL,42.053991,-88.35269,5,planned,,"SV CSG Wilson School Solar, LLC",eia:860m,https://www.eia.gov/electricity/data/eia860m/xls/august_generator2026.xlsx,2026-09-26T00:04:26Z,2026-08,69816,WILSN,67747,IL,Kane,PJM,IPP Non-CHP,Solar Photovoltaic,solar,PV,Photovoltaic,SUN,Solar,5,5,5,T,Regulatory approvals received. Not under construction,2027-04-01
eia860:69817:SANNE,generator,SV CSG St Anne 1,US-IL,41.041,-87.6999,5,planned,,"SV CSG St Anne 1, LLC",eia:860m,https://www.eia.gov/electricity/data/eia860m/xls/august_generator2026.xlsx,2026-09-26T00:04:26Z,2026-08,69817,SANNE,67748,IL,Kankakee,PJM,IPP Non-CHP,Solar Photovoltaic,solar,PV,Photovoltaic,SUN,Solar,5,5,5,T,Regulatory approvals received. Not under construction,2027-07-01
eia860:69818:NCREK,generator,SV CSG North Creek 1,US-IL,40.916213,-88.60821,2.1,planned,,"SV CSG North Creek 1, LLC",eia:860m,https://www.eia.gov/electricity/data/eia860m/xls/august_generator2026.xlsx,2026-09-26T00:04:26Z,2026-08,69818,NCREK,67749,IL,Livingston,PJM,IPP Non-CHP,Solar Photovoltaic,solar,PV,Photovoltaic,SUN,Solar,2.1,2.1,2.1,T,Regulatory approvals received. Not under construction,2027-06-01
eia860:69819:TRNTN,generator,Trenton Solar - (OH),US-OH,39.455321,-84.46788,9.5,under_construction,,ENGIE Distributed Renewables Development LLC,eia:860m,https://www.eia.gov/electricity/data/eia860m/xls/august_generator2026.xlsx,2026-09-26T00:04:26Z,2026-08,69819,TRNTN,67734,OH,Butler,PJM,IPP Non-CHP,Solar Photovoltaic,solar,PV,Photovoltaic,SUN,Solar,9.5,9.5,9.5,U,"Under construction, less than or equal to 50 percent complete",2027-05-01
eia860:69820:GRA1,generator,Grace Energy Center,US-CA,33.653564,-114.696,500,planned,,"Grace Orchard Interconnection, LLC",eia:860m,https://www.eia.gov/electricity/data/eia860m/xls/august_generator2026.xlsx,2026-09-26T00:04:26Z,2026-08,69820,GRA1,67750,CA,Riverside,CISO,IPP Non-CHP,Solar Photovoltaic,solar,PV,Photovoltaic,SUN,Solar,500,500,500,L,Regulatory approvals pending. Not under construction,2027-08-01
eia860:69820:GRA2,generator,Grace Energy Center,US-CA,33.653564,-114.696,500,planned,,"Grace Orchard Interconnection, LLC",eia:860m,https://www.eia.gov/electricity/data/eia860m/xls/august_generator2026.xlsx,2026-09-26T00:04:26Z,2026-08,69820,GRA2,67750,CA,Riverside,CISO,IPP Non-CHP,Batteries,storage,BA,"Energy storage, battery",MWH,Electricity used for energy storage,500,500,500,L,Regulatory approvals pending. Not under construction,2027-10-01
eia860:69821:SROX,generator,SV CSG South Roxana,US-IL,38.811582,-90.0515,5,planned,,"SV CSG South Roxana, LLC",eia:860m,https://www.eia.gov/electricity/data/eia860m/xls/august_generator2026.xlsx,2026-09-26T00:04:26Z,2026-08,69821,SROX,67740,IL,Madison,MISO,IPP Non-CHP,Solar Photovoltaic,solar,PV,Photovoltaic,SUN,Solar,5,5,5,L,Regulatory approvals pending. Not under construction,2027-09-01
eia860:69823:CABOK,generator,Cabokenze Energy Storage,US-GA,33.037636,-82.11924,76,planned,,"Cabokenze Energy Storage, LLC",eia:860m,https://www.eia.gov/electricity/data/eia860m/xls/august_generator2026.xlsx,2026-09-26T00:04:26Z,2026-08,69823,CABOK,67739,GA,Burke,SOCO,IPP Non-CHP,Batteries,storage,BA,"Energy storage, battery",MWH,Electricity used for energy storage,76,76,76,P,"Planned for installation, but regulatory approvals not initiated",2027-11-01
eia860:69825:MADCR,generator,Madden Creek Solar,US-IL,40.201889,-88.46611,5,planned,,"Madden Creek Solar, LLC",eia:860m,https://www.eia.gov/electricity/data/eia860m/xls/august_generator2026.xlsx,2026-09-26T00:04:26Z,2026-08,69825,MADCR,67756,IL,Piatt,MISO,IPP Non-CHP,Solar Photovoltaic,solar,PV,Photovoltaic,SUN,Solar,5,5,5,T,Regulatory approvals received. Not under construction,2027-04-01
eia860:69828:MEXIC,generator,"Mexico PV, LLC",US-NY,43.429675,-76.16547,4.5,under_construction,,Dimension Energy LLC,eia:860m,https://www.eia.gov/electricity/data/eia860m/xls/august_generator2026.xlsx,2026-09-26T00:04:26Z,2026-08,69828,MEXIC,65677,NY,Oswego,NYIS,IPP Non-CHP,Solar Photovoltaic,solar,PV,Photovoltaic,SUN,Solar,4.5,4.5,4.5,V,"Under construction, more than 50 percent complete",2026-09-01
eia860:69834:AVON2,generator,Avon CSG 2 LLC,US-NY,42.885817,-77.71431,4.1,under_construction,,Dimension Energy LLC,eia:860m,https://www.eia.gov/electricity/data/eia860m/xls/august_generator2026.xlsx,2026-09-26T00:04:26Z,2026-08,69834,AVON2,65677,NY,Livingston,NYIS,IPP Non-CHP,Solar Photovoltaic,solar,PV,Photovoltaic,SUN,Solar,4.1,4.1,4.1,TS,"Construction complete, but not yet in commercial operation",2026-08-01
eia860:69837:FALCH,generator,"Falconhead Solar, LLC",US-IL,41.43149,-87.63821,5,under_construction,,Dimension Energy LLC,eia:860m,https://www.eia.gov/electricity/data/eia860m/xls/august_generator2026.xlsx,2026-09-26T00:04:26Z,2026-08,69837,FALCH,65677,IL,Will,PJM,IPP Non-CHP,Solar Photovoltaic,solar,PV,Photovoltaic,SUN,Solar,5,5,5,U,"Under construction, less than or equal to 50 percent complete",2026-10-01
eia860:69841:BLUST,generator,"Bluestar Solar Project, LLC",US-IL,39.150212,-89.45092,5,under_construction,,Dimension Energy LLC,eia:860m,https://www.eia.gov/electricity/data/eia860m/xls/august_generator2026.xlsx,2026-09-26T00:04:26Z,2026-08,69841,BLUST,65677,IL,Montgomery,MISO,IPP Non-CHP,Solar Photovoltaic,solar,PV,Photovoltaic,SUN,Solar,5,5,5,U,"Under construction, less than or equal to 50 percent complete",2026-08-01
eia860:69842:CARN1,generator,Carneys Point Solar 1 LLC,US-NJ,39.685579,-75.41956,3,under_construction,,Dimension Energy LLC,eia:860m,https://www.eia.gov/electricity/data/eia860m/xls/august_generator2026.xlsx,2026-09-26T00:04:26Z,2026-08,69842,CARN1,65677,NJ,Salem,PJM,IPP Non-CHP,Solar Photovoltaic,solar,PV,Photovoltaic,SUN,Solar,3,3,3,U,"Under construction, less than or equal to 50 percent complete",2026-09-01
eia860:69844:HORSE,generator,"Horseshoe Solar Project, LLC",US-IL,39.14706,-89.4426,5,under_construction,,Dimension Energy LLC,eia:860m,https://www.eia.gov/electricity/data/eia860m/xls/august_generator2026.xlsx,2026-09-26T00:04:26Z,2026-08,69844,HORSE,65677,IL,Montgomery,MISO,IPP Non-CHP,Solar Photovoltaic,solar,PV,Photovoltaic,SUN,Solar,5,5,5,V,"Under construction, more than 50 percent complete",2026-08-01
eia860:69847:SPIL2,generator,Spillertown CSG 2 LLC,US-IL,37.771487,-88.91635,5,under_construction,,Dimension Energy LLC,eia:860m,https://www.eia.gov/electricity/data/eia860m/xls/august_generator2026.xlsx,2026-09-26T00:04:26Z,2026-08,69847,SPIL2,65677,IL,Williamson,MISO,IPP Non-CHP,Solar Photovoltaic,solar,PV,Photovoltaic,SUN,Solar,5,5,5,V,"Under construction, more than 50 percent complete",2026-09-01
eia860:69848:SPIL1,generator,Spillertown CSG 1 LLC,US-IL,37.761959,-88.9226,5,under_construction,,Dimension Energy LLC,eia:860m,https://www.eia.gov/electricity/data/eia860m/xls/august_generator2026.xlsx,2026-09-26T00:04:26Z,2026-08,69848,SPIL1,65677,IL,Williamson,MISO,IPP Non-CHP,Solar Photovoltaic,solar,PV,Photovoltaic,SUN,Solar,5,5,5,V,"Under construction, more than 50 percent complete",2026-08-01
eia860:69852:MCCR1,generator,"McCray Solar 1, LLC",US-IL,38.892269,-89.41314,5,under_construction,,Dimension Energy LLC,eia:860m,https://www.eia.gov/electricity/data/eia860m/xls/august_generator2026.xlsx,2026-09-26T00:04:26Z,2026-08,69852,MCCR1,65677,IL,Bond,MISO,IPP Non-CHP,Solar Photovoltaic,solar,PV,Photovoltaic,SUN,Solar,5,5,5,U,"Under construction, less than or equal to 50 percent complete",2026-09-01
eia860:69854:GLWAY,generator,"TJA-NY-1806 Perth Rd Galway, LLC",US-NY,43.017403,-74.05131,3.3,under_construction,,Dimension Energy LLC,eia:860m,https://www.eia.gov/electricity/data/eia860m/xls/august_generator2026.xlsx,2026-09-26T00:04:26Z,2026-08,69854,GLWAY,65677,NY,Saratoga,NYIS,IPP Non-CHP,Solar Photovoltaic,solar,PV,Photovoltaic,SUN,Solar,3.3,3.3,3.3,TS,"Construction complete, but not yet in commercial operation",2026-09-01
eia860:69855:POMFR,generator,"Pomfret PV, LLC",US-NY,42.447083,-79.35516,3,under_construction,,Dimension Energy LLC,eia:860m,https://www.eia.gov/electricity/data/eia860m/xls/august_generator2026.xlsx,2026-09-26T00:04:26Z,2026-08,69855,POMFR,65677,NY,Chautauqua,NYIS,IPP Non-CHP,Solar Photovoltaic,solar,PV,Photovoltaic,SUN,Solar,3,3,3,TS,"Construction complete, but not yet in commercial operation",2026-10-01
eia860:69857:LBRBS,generator,Libra Solar,US-NV,38.902103,-118.9614,700,under_construction,,Libra Solar LLC,eia:860m,https://www.eia.gov/electricity/data/eia860m/xls/august_generator2026.xlsx,2026-09-26T00:04:26Z,2026-08,69857,LBRBS,67760,NV,Lyon,NEVP,IPP Non-CHP,Batteries,storage,BA,"Energy storage, battery",MWH,Electricity used for energy storage,700,700,700,U,"Under construction, less than or equal to 50 percent complete",2027-12-01
eia860:69857:LBRPV,generator,Libra Solar,US-NV,38.902103,-118.9614,700,under_construction,,Libra Solar LLC,eia:860m,https://www.eia.gov/electricity/data/eia860m/xls/august_generator2026.xlsx,2026-09-26T00:04:26Z,2026-08,69857,LBRPV,67760,NV,Lyon,NEVP,IPP Non-CHP,Solar Photovoltaic,solar,PV,Photovoltaic,SUN,Solar,700,700,700,U,"Under construction, less than or equal to 50 percent complete",2027-12-01
eia860:69859:MURP1,generator,Murphysboro 1,US-IL,37.794585,-89.35141,5,planned,,Navisun LLC,eia:860m,https://www.eia.gov/electricity/data/eia860m/xls/august_generator2026.xlsx,2026-09-26T00:04:26Z,2026-08,69859,MURP1,62836,IL,Jackson,PJM,IPP Non-CHP,Solar Photovoltaic,solar,PV,Photovoltaic,SUN,Solar,5,5,5,T,Regulatory approvals received. Not under construction,2027-10-01
eia860:69860:MURP2,generator,Murphysboro 2,US-IL,37.794585,-89.35141,1.3,planned,,Navisun LLC,eia:860m,https://www.eia.gov/electricity/data/eia860m/xls/august_generator2026.xlsx,2026-09-26T00:04:26Z,2026-08,69860,MURP2,62836,IL,Jackson,PJM,IPP Non-CHP,Solar Photovoltaic,solar,PV,Photovoltaic,SUN,Solar,1.3,1.3,1.3,T,Regulatory approvals received. Not under construction,2027-10-01
eia860:69861:NORR2,generator,Norris City 2,US-IL,38.020585,-88.27321,3.2,planned,,Navisun LLC,eia:860m,https://www.eia.gov/electricity/data/eia860m/xls/august_generator2026.xlsx,2026-09-26T00:04:26Z,2026-08,69861,NORR2,62836,IL,White,PJM,IPP Non-CHP,Solar Photovoltaic,solar,PV,Photovoltaic,SUN,Solar,3.2,3.2,3.2,T,Regulatory approvals received. Not under construction,2027-10-01
eia860:69862:GALF,generator,Galva School,US-IL,41.179241,-90.04677,1.5,planned,,Navisun LLC,eia:860m,https://www.eia.gov/electricity/data/eia860m/xls/august_generator2026.xlsx,2026-09-26T00:04:26Z,2026-08,69862,GALF,62836,IL,Henry,PJM,IPP Non-CHP,Solar Photovoltaic,solar,PV,Photovoltaic,SUN,Solar,1.5,1.5,1.5,P,"Planned for installation, but regulatory approvals not initiated",2027-10-01
eia860:69864:COBA1,generator,Colorado Clean Energy Center (BESS),US-TX,29.649,-96.51519,10.1,under_construction,,On Energy Storage,eia:860m,https://www.eia.gov/electricity/data/eia860m/xls/august_generator2026.xlsx,2026-09-26T00:04:26Z,2026-08,69864,COBA1,67494,TX,Colorado,ERCO,IPP Non-CHP,Batteries,storage,BA,"Energy storage, battery",MWH,Electricity used for energy storage,10.1,10.1,10.1,V,"Under construction, more than 50 percent complete",2026-12-01
eia860:69865:CLBA1,generator,Columbus Clean Energy Center (BESS),US-TX,29.6789,-96.53042,10.1,under_construction,,On Energy Storage,eia:860m,https://www.eia.gov/electricity/data/eia860m/xls/august_generator2026.xlsx,2026-09-26T00:04:26Z,2026-08,69865,CLBA1,67494,TX,Colorado,ERCO,IPP Non-CHP,Batteries,storage,BA,"Energy storage, battery",MWH,Electricity used for energy storage,10.1,10.1,10.1,V,"Under construction, more than 50 percent complete",2026-11-01
eia860:69866:MGBA1,generator,Matagorda Clean Energy Center (BESS),US-TX,28.99489,-96.12536,10.1,under_construction,,On Energy Storage,eia:860m,https://www.eia.gov/electricity/data/eia860m/xls/august_generator2026.xlsx,2026-09-26T00:04:26Z,2026-08,69866,MGBA1,67494,TX,Matagorda,ERCO,IPP Non-CHP,Batteries,storage,BA,"Energy storage, battery",MWH,Electricity used for energy storage,10.1,10.1,10.1,V,"Under construction, more than 50 percent complete",2026-12-01
eia860:69867:SHEII,generator,"SR Shelby II, LLC",US-TN,35.353646,-89.8109,6,planned,,"SR Shelby II, LLC",eia:860m,https://www.eia.gov/electricity/data/eia860m/xls/august_generator2026.xlsx,2026-09-26T00:04:26Z,2026-08,69867,SHEII,67722,TN,Shelby,TVA,IPP Non-CHP,Solar Photovoltaic,solar,PV,Photovoltaic,SUN,Solar,6,6,6,T,Regulatory approvals received. Not under construction,2028-02-01
eia860:69868:UNIT1,generator,Fulton Energy Center,US-MO,38.8676,-91.94778,16.5,planned,,Missouri Jnt Muni.Pwr Elec. Ut. Comm.,eia:860m,https://www.eia.gov/electricity/data/eia860m/xls/august_generator2026.xlsx,2026-09-26T00:04:26Z,2026-08,69868,UNIT1,12670,MO,Callaway,MISO,IPP Non-CHP,Natural Gas Fired Combustion Turbine,natural_gas,GT,Combustion (gas) turbine,NG,Natural gas,16.5,15.1,16.5,P,"Planned for installation, but regulatory approvals not initiated",2027-12-01
eia860:69869:UNIT1,generator,Hannibal Energy Center,US-MO,39.70965,-91.44026,38,planned,,Missouri Jnt Muni.Pwr Elec. Ut. Comm.,eia:860m,https://www.eia.gov/electricity/data/eia860m/xls/august_generator2026.xlsx,2026-09-26T00:04:26Z,2026-08,69869,UNIT1,12670,MO,Marion,MISO,IPP Non-CHP,Natural Gas Fired Combustion Turbine,natural_gas,GT,Combustion (gas) turbine,NG,Natural gas,38,32.2,39.1,P,"Planned for installation, but regulatory approvals not initiated",2029-06-01
eia860:69869:UNIT2,generator,Hannibal Energy Center,US-MO,39.70965,-91.44026,38,planned,,Missouri Jnt Muni.Pwr Elec. Ut. Comm.,eia:860m,https://www.eia.gov/electricity/data/eia860m/xls/august_generator2026.xlsx,2026-09-26T00:04:26Z,2026-08,69869,UNIT2,12670,MO,Marion,MISO,IPP Non-CHP,Natural Gas Fired Combustion Turbine,natural_gas,GT,Combustion (gas) turbine,NG,Natural gas,38,32.2,39.1,P,"Planned for installation, but regulatory approvals not initiated",2029-06-01
eia860:69870:BAT1,generator,Parkwood BESS,US-NC,34.891701,-80.63255,11.6,under_construction,,North Carolina El Member Corp,eia:860m,https://www.eia.gov/electricity/data/eia860m/xls/august_generator2026.xlsx,2026-09-26T00:04:26Z,2026-08,69870,BAT1,13683,NC,Union,DUK,Electric Utility,Batteries,storage,BA,"Energy storage, battery",MWH,Electricity used for energy storage,11.6,11.6,11.6,V,"Under construction, more than 50 percent complete",2026-12-01
eia860:69871:BAT1,generator,Tanglewood BESS,US-NC,36.272111,-76.30127,3.9,under_construction,,North Carolina El Member Corp,eia:860m,https://www.eia.gov/electricity/data/eia860m/xls/august_generator2026.xlsx,2026-09-26T00:04:26Z,2026-08,69871,BAT1,13683,NC,Pasquotank,PJM,Electric Utility,Batteries,storage,BA,"Energy storage, battery",MWH,Electricity used for energy storage,3.9,3.9,3.9,V,"Under construction, more than 50 percent complete",2026-12-01
eia860:69872:BAT1,generator,Windsor BESS,US-NC,36.025838,-76.98179,3.9,under_construction,,North Carolina El Member Corp,eia:860m,https://www.eia.gov/electricity/data/eia860m/xls/august_generator2026.xlsx,2026-09-26T00:04:26Z,2026-08,69872,BAT1,13683,NC,Bertie,PJM,Electric Utility,Batteries,storage,BA,"Energy storage, battery",MWH,Electricity used for energy storage,3.9,3.9,3.9,V,"Under construction, more than 50 percent complete",2026-12-01
eia860:69873:CRW02,generator,Cheyenne Ridge II,US-CO,38.997719,-102.3593,438,under_construction,,Public Service Co of Colorado,eia:860m,https://www.eia.gov/electricity/data/eia860m/xls/august_generator2026.xlsx,2026-09-26T00:04:26Z,2026-08,69873,CRW02,15466,CO,Cheyenne,PSCO,Electric Utility,Onshore Wind Turbine,wind,WT,"Wind turbine, onshore",WND,Wind,438,438,438,U,"Under construction, less than or equal to 50 percent complete",2027-06-01
eia860:69874:BHSF,generator,"Bee Hollow Solar, LLC",US-IL,38.323,-89.75,150,under_construction,,Geronimo Power,eia:860m,https://www.eia.gov/electricity/data/eia860m/xls/august_generator2026.xlsx,2026-09-26T00:04:26Z,2026-08,69874,BHSF,62759,IL,St Clair,MISO,IPP Non-CHP,Solar Photovoltaic,solar,PV,Photovoltaic,SUN,Solar,150,150,150,V,"Under construction, more than 50 percent complete",2026-11-01
eia860:69877:CHPV1,generator,Charger Solar,US-TX,28.416661,-97.03519,394.4,under_construction,,AP Solar 4 LLC,eia:860m,https://www.eia.gov/electricity/data/eia860m/xls/august_generator2026.xlsx,2026-09-26T00:04:26Z,2026-08,69877,CHPV1,67764,TX,Refugio,ERCO,IPP Non-CHP,Solar Photovoltaic,solar,PV,Photovoltaic,SUN,Solar,394.4,394.4,394.4,TS,"Construction complete, but not yet in commercial operation",2026-09-01
eia860:69878:5869,generator,Emmons-Logan Energy Storage,US-ND,46.372883,-99.9784,140,under_construction,,"Emmons-Logan Energy Storage, LLC",eia:860m,https://www.eia.gov/electricity/data/eia860m/xls/august_generator2026.xlsx,2026-09-26T00:04:26Z,2026-08,69878,5869,67718,ND,Emmons,MISO,IPP Non-CHP,Batteries,storage,BA,"Energy storage, battery",MWH,Electricity used for energy storage,140,140,140,V,"Under construction, more than 50 percent complete",2026-12-01
eia860:69879:N3884,generator,Ninnescah Flats Solar,US-KS,37.628817,-98.59311,201.6,under_construction,,Nextera Energy Resources,eia:860m,https://www.eia.gov/electricity/data/eia860m/xls/august_generator2026.xlsx,2026-09-26T00:04:26Z,2026-08,69879,N3884,64260,KS,Pratt,SWPP,IPP Non-CHP,Solar Photovoltaic,solar,PV,Photovoltaic,SUN,Solar,201.6,201.6,201.6,TS,"Construction complete, but not yet in commercial operation",2026-12-01
eia860:69881:USHER,generator,USS Hermanas Solar,US-NM,32.210444,-107.8114,3.3,under_construction,,USS Hermanas Solar LLC,eia:860m,https://www.eia.gov/electricity/data/eia860m/xls/august_generator2026.xlsx,2026-09-26T00:04:26Z,2026-08,69881,USHER,67767,NM,Luna,PNM,IPP Non-CHP,Solar Photovoltaic,solar,PV,Photovoltaic,SUN,Solar,3.3,3.3,3.3,U,"Under construction, less than or equal to 50 percent complete",2026-12-01
eia860:69882:USMID,generator,USS Middle Solar,US-IL,41.413923,-88.44451,5,under_construction,,USS Middle Solar LLC,eia:860m,https://www.eia.gov/electricity/data/eia860m/xls/august_generator2026.xlsx,2026-09-26T00:04:26Z,2026-08,69882,USMID,67768,IL,Grundy,PJM,IPP Non-CHP,Solar Photovoltaic,solar,PV,Photovoltaic,SUN,Solar,5,5,5,U,"Under construction, less than or equal to 50 percent complete",2026-12-01
eia860:69883:USJOR,generator,USS Jornada Solar,US-NM,32.431485,-106.6832,5,under_construction,,USS Jornada Solar LLC,eia:860m,https://www.eia.gov/electricity/data/eia860m/xls/august_generator2026.xlsx,2026-09-26T00:04:26Z,2026-08,69883,USJOR,67769,NM,Dona Ana,PNM,IPP Non-CHP,Solar Photovoltaic,solar,PV,Photovoltaic,SUN,Solar,5,5,5,U,"Under construction, less than or equal to 50 percent complete",2026-12-01
eia860:69884:USMED,generator,USS Meadow Lake Solar,US-NM,34.79756,-106.6542,3,under_construction,,USS Meadow Lake Solar LLC,eia:860m,https://www.eia.gov/electricity/data/eia860m/xls/august_generator2026.xlsx,2026-09-26T00:04:26Z,2026-08,69884,USMED,67770,NM,Valencia,PNM,IPP Non-CHP,Solar Photovoltaic,solar,PV,Photovoltaic,SUN,Solar,3,3,3,U,"Under construction, less than or equal to 50 percent complete",2026-12-01
eia860:69885:USMOU,generator,USS Mourning,US-IL,40.160741,-90.59832,2,under_construction,,USS Mourning Lane,eia:860m,https://www.eia.gov/electricity/data/eia860m/xls/august_generator2026.xlsx,2026-09-26T00:04:26Z,2026-08,69885,USMOU,67765,IL,Schuyler,PJM,IPP Non-CHP,Solar Photovoltaic,solar,PV,Photovoltaic,SUN,Solar,2,2,2,U,"Under construction, less than or equal to 50 percent complete",2026-12-01
eia860:69886:USSWA,generator,USS Swank Solar,US-IL,41.1615,-90.0285,1,under_construction,,USS Swank Solar LLC,eia:860m,https://www.eia.gov/electricity/data/eia860m/xls/august_generator2026.xlsx,2026-09-26T00:04:26Z,2026-08,69886,USSWA,67766,IL,Henry,PJM,IPP Non-CHP,Solar Photovoltaic,solar,PV,Photovoltaic,SUN,Solar,1,1,1,V,"Under construction, more than 50 percent complete",2026-10-01
eia860:69887:PRTGS,generator,"Portage Solar, LLC",US-WI,44.456358,-89.54401,250,under_construction,,Geronimo Power,eia:860m,https://www.eia.gov/electricity/data/eia860m/xls/august_generator2026.xlsx,2026-09-26T00:04:26Z,2026-08,69887,PRTGS,62759,WI,Portage,MISO,IPP Non-CHP,Solar Photovoltaic,solar,PV,Photovoltaic,SUN,Solar,250,250,250,U,"Under construction, less than or equal to 50 percent complete",2027-07-01
eia860:69888:USFLE,generator,USS Fletcher Solar,US-NM,32.366814,-108.6934,1.7,under_construction,,USS Fletcher Solar LLC,eia:860m,https://www.eia.gov/electricity/data/eia860m/xls/august_generator2026.xlsx,2026-09-26T00:04:26Z,2026-08,69888,USFLE,67771,NM,Hidalgo,PNM,IPP Non-CHP,Solar Photovoltaic,solar,PV,Photovoltaic,SUN,Solar,1.7,1.7,1.7,U,"Under construction, less than or equal to 50 percent complete",2026-10-01
eia860:69889:USGOL,generator,USS Gold Solar,US-NM,32.26144,-107.7778,4.3,under_construction,,USS Gold Solar LLC,eia:860m,https://www.eia.gov/electricity/data/eia860m/xls/august_generator2026.xlsx,2026-09-26T00:04:26Z,2026-08,69889,USGOL,67772,NM,Luna,PNM,IPP Non-CHP,Solar Photovoltaic,solar,PV,Photovoltaic,SUN,Solar,4.3,4.3,4.3,U,"Under construction, less than or equal to 50 percent complete",2026-12-01
eia860:69890:UNIT1,generator,Marshall Energy Center,US-MO,39.12358,-93.20592,23.1,under_construction,,Missouri Jnt Muni.Pwr Elec. Ut. Comm.,eia:860m,https://www.eia.gov/electricity/data/eia860m/xls/august_generator2026.xlsx,2026-09-26T00:04:26Z,2026-08,69890,UNIT1,12670,MO,Saline,SWPP,IPP Non-CHP,Natural Gas Fired Combustion Turbine,natural_gas,GT,Combustion (gas) turbine,NG,Natural gas,23.1,19.9,22.3,V,"Under construction, more than 50 percent complete",2026-12-01
eia860:69890:UNIT2,generator,Marshall Energy Center,US-MO,39.12358,-93.20592,23.1,under_construction,,Missouri Jnt Muni.Pwr Elec. Ut. Comm.,eia:860m,https://www.eia.gov/electricity/data/eia860m/xls/august_generator2026.xlsx,2026-09-26T00:04:26Z,2026-08,69890,UNIT2,12670,MO,Saline,SWPP,IPP Non-CHP,Natural Gas Fired Combustion Turbine,natural_gas,GT,Combustion (gas) turbine,NG,Natural gas,23.1,19.9,22.3,V,"Under construction, more than 50 percent complete",2026-12-01
eia860:69890:UNIT3,generator,Marshall Energy Center,US-MO,39.12358,-93.20592,38,planned,,Missouri Jnt Muni.Pwr Elec. Ut. Comm.,eia:860m,https://www.eia.gov/electricity/data/eia860m/xls/august_generator2026.xlsx,2026-09-26T00:04:26Z,2026-08,69890,UNIT3,12670,MO,Saline,SWPP,IPP Non-CHP,Natural Gas Fired Combustion Turbine,natural_gas,GT,Combustion (gas) turbine,NG,Natural gas,38,33.7,38.7,T,Regulatory approvals received. Not under construction,2028-12-01
eia860:69890:UNIT4,generator,Marshall Energy Center,US-MO,39.12358,-93.20592,38,planned,,Missouri Jnt Muni.Pwr Elec. Ut. Comm.,eia:860m,https://www.eia.gov/electricity/data/eia860m/xls/august_generator2026.xlsx,2026-09-26T00:04:26Z,2026-08,69890,UNIT4,12670,MO,Saline,SWPP,IPP Non-CHP,Natural Gas Fired Combustion Turbine,natural_gas,GT,Combustion (gas) turbine,NG,Natural gas,38,33.7,38.7,T,Regulatory approvals received. Not under construction,2028-12-01
eia860:69891:LA100,generator,Torrance Dis Ctr 2 - SLLAX100,US-CA,33.84516,-118.3164,1.4,under_construction,,Prologis Logistics Services Incorporated,eia:860m,https://www.eia.gov/electricity/data/eia860m/xls/august_generator2026.xlsx,2026-09-26T00:04:26Z,2026-08,69891,LA100,65869,CA,Los Angeles,CISO,IPP Non-CHP,Solar Photovoltaic,solar,PV,Photovoltaic,SUN,Solar,1.4,1.4,1.4,TS,"Construction complete, but not yet in commercial operation",2026-09-01
eia860:69892:OAK,generator,Oak Valley Solar,US-TX,32.012951,-96.49974,251.3,planned,,Oak Valley Solar LLC,eia:860m,https://www.eia.gov/electricity/data/eia860m/xls/august_generator2026.xlsx,2026-09-26T00:04:26Z,2026-08,69892,OAK,67776,TX,Ellis,ERCO,IPP Non-CHP,Solar Photovoltaic,solar,PV,Photovoltaic,SUN,Solar,251.3,251.3,251.3,P,"Planned for installation, but regulatory approvals not initiated",2029-09-01
eia860:69894:13PV1,generator,E 1300 Street Solar LLC,US-IL,41.310529,-90.18478,5,planned,,"HQCA Energy Solutions, LLC",eia:860m,https://www.eia.gov/electricity/data/eia860m/xls/august_generator2026.xlsx,2026-09-26T00:04:26Z,2026-08,69894,13PV1,67777,IL,Henry,MISO,IPP Non-CHP,Solar Photovoltaic,solar,PV,Photovoltaic,SUN,Solar,5,5,5,L,Regulatory approvals pending. Not under construction,2027-09-01
eia860:69895:Gy1a2,generator,Gateway#1&2 (Newark CA),US-CA,37.540903,-122.0617,1.1,planned,,"Coast Energy Holdings, LLC",eia:860m,https://www.eia.gov/electricity/data/eia860m/xls/august_generator2026.xlsx,2026-09-26T00:04:26Z,2026-08,69895,Gy1a2,67754,CA,Alameda,CISO,IPP Non-CHP,Solar Photovoltaic,solar,PV,Photovoltaic,SUN,Solar,1.1,1.1,1.1,P,"Planned for installation, but regulatory approvals not initiated",2027-04-01
eia860:69896:7999G,generator,7999 Gateway Solar,US-CA,37.5215,-122.0397,4.6,under_construction,,"Coast Energy Holdings, LLC",eia:860m,https://www.eia.gov/electricity/data/eia860m/xls/august_generator2026.xlsx,2026-09-26T00:04:26Z,2026-08,69896,7999G,67754,CA,Alameda,CISO,IPP Non-CHP,Solar Photovoltaic,solar,PV,Photovoltaic,SUN,Solar,4.6,4.6,4.6,U,"Under construction, less than or equal to 50 percent complete",2026-09-01
eia860:69902:HOCKL,generator,Hockley,US-TX,30.021964,-95.84826,9.9,under_construction,,Hockley LLC,eia:860m,https://www.eia.gov/electricity/data/eia860m/xls/august_generator2026.xlsx,2026-09-26T00:04:26Z,2026-08,69902,HOCKL,67781,TX,Harris,ERCO,IPP Non-CHP,Batteries,storage,BA,"Energy storage, battery",MWH,Electricity used for energy storage,9.9,9.9,9.9,V,"Under construction, more than 50 percent complete",2027-02-01
eia860:69903:EBERN,generator,East Bernard,US-TX,29.52854,-96.07052,9.5,under_construction,,East Bernard LLC,eia:860m,https://www.eia.gov/electricity/data/eia860m/xls/august_generator2026.xlsx,2026-09-26T00:04:26Z,2026-08,69903,EBERN,67782,TX,Wharton,ERCO,IPP Non-CHP,Batteries,storage,BA,"Energy storage, battery",MWH,Electricity used for energy storage,9.5,9.5,9.5,V,"Under construction, more than 50 percent complete",2026-11-01
eia860:69904:PLEDG,generator,Pledger,US-TX,29.187719,-95.91223,9.5,under_construction,,Pledger LLC,eia:860m,https://www.eia.gov/electricity/data/eia860m/xls/august_generator2026.xlsx,2026-09-26T00:04:26Z,2026-08,69904,PLEDG,67783,TX,Wharton,ERCO,IPP Non-CHP,Batteries,storage,BA,"Energy storage, battery",MWH,Electricity used for energy storage,9.5,9.5,9.5,V,"Under construction, more than 50 percent complete",2026-11-01
eia860:69925:SWBA1,generator,Stellar Wright BESS,US-CA,37.007998,-120.9637,84.8,under_construction,,Stellar Renewable Power,eia:860m,https://www.eia.gov/electricity/data/eia860m/xls/august_generator2026.xlsx,2026-09-26T00:04:26Z,2026-08,69925,SWBA1,67720,CA,Merced,CISO,IPP Non-CHP,Batteries,storage,BA,"Energy storage, battery",MWH,Electricity used for energy storage,84.8,80,80,V,"Under construction, more than 50 percent complete",2026-10-01
eia860:69929:WC001,generator,Weirs Creek,US-KY,37.423648,-87.69048,150,under_construction,,Weirs Creek Solar LLC,eia:860m,https://www.eia.gov/electricity/data/eia860m/xls/august_generator2026.xlsx,2026-09-26T00:04:26Z,2026-08,69929,WC001,67780,KY,Hopkins,MISO,IPP Non-CHP,Solar Photovoltaic,solar,PV,Photovoltaic,SUN,Solar,150,150,150,U,"Under construction, less than or equal to 50 percent complete",2027-05-01
eia860:69930:MS2,generator,Milford Solar Phase II,US-UT,38.522442,-113.0148,310,under_construction,,"Milford Solar Phase II, LLC",eia:860m,https://www.eia.gov/electricity/data/eia860m/xls/august_generator2026.xlsx,2026-09-26T00:04:26Z,2026-08,69930,MS2,67778,UT,Beaver,LDWP,IPP Non-CHP,Solar Photovoltaic,solar,PV,Photovoltaic,SUN,Solar,310,310,310,U,"Under construction, less than or equal to 50 percent complete",2027-09-01
eia860:69931:BJORN,generator,Bjorn,US-WI,45.395931,-91.881,5,under_construction,,"OneEnergy, Inc.",eia:860m,https://www.eia.gov/electricity/data/eia860m/xls/august_generator2026.xlsx,2026-09-26T00:04:26Z,2026-08,69931,BJORN,66783,WI,Barron,MISO,IPP Non-CHP,Solar Photovoltaic,solar,PV,Photovoltaic,SUN,Solar,5,5,5,V,"Under construction, more than 50 percent complete",2026-11-01
eia860:69932:CSTLO,generator,Castle Rock Lake Solar,US-WI,43.972048,-90.06761,4.5,under_construction,,"OneEnergy, Inc.",eia:860m,https://www.eia.gov/electricity/data/eia860m/xls/august_generator2026.xlsx,2026-09-26T00:04:26Z,2026-08,69932,CSTLO,66783,WI,Juneau,MISO,IPP Non-CHP,Solar Photovoltaic,solar,PV,Photovoltaic,SUN,Solar,4.5,4.5,4.5,V,"Under construction, more than 50 percent complete",2026-10-01
eia860:69933:CLARK,generator,Clark Solar-Longwood,US-WI,44.928616,-90.65894,2.5,under_construction,,"OneEnergy, Inc.",eia:860m,https://www.eia.gov/electricity/data/eia860m/xls/august_generator2026.xlsx,2026-09-26T00:04:26Z,2026-08,69933,CLARK,66783,WI,Clark,MISO,IPP Non-CHP,Solar Photovoltaic,solar,PV,Photovoltaic,SUN,Solar,2.5,2.5,2.5,V,"Under construction, more than 50 percent complete",2026-10-01
eia860:69934:FALUN,generator,Falun,US-WI,45.779061,-92.5306,2.5,under_construction,,"OneEnergy, Inc.",eia:860m,https://www.eia.gov/electricity/data/eia860m/xls/august_generator2026.xlsx,2026-09-26T00:04:26Z,2026-08,69934,FALUN,66783,WI,Burnett,MISO,IPP Non-CHP,Solar Photovoltaic,solar,PV,Photovoltaic,SUN,Solar,2.5,2.5,2.5,U,"Under construction, less than or equal to 50 percent complete",2026-12-01
eia860:69935:GILMN,generator,Gilman,US-WI,45.119204,-90.87405,3.8,under_construction,,"OneEnergy, Inc.",eia:860m,https://www.eia.gov/electricity/data/eia860m/xls/august_generator2026.xlsx,2026-09-26T00:04:26Z,2026-08,69935,GILMN,66783,WI,Chippewa,MISO,IPP Non-CHP,Solar Photovoltaic,solar,PV,Photovoltaic,SUN,Solar,3.8,3.8,3.8,V,"Under construction, more than 50 percent complete",2026-11-01
eia860:69936:KALMR,generator,Kalmar,US-MN,44.024642,-92.578,2.5,under_construction,,"OneEnergy, Inc.",eia:860m,https://www.eia.gov/electricity/data/eia860m/xls/august_generator2026.xlsx,2026-09-26T00:04:26Z,2026-08,69936,KALMR,66783,MN,Olmsted,MISO,IPP Non-CHP,Solar Photovoltaic,solar,PV,Photovoltaic,SUN,Solar,2.5,2.5,2.5,V,"Under construction, more than 50 percent complete",2026-11-01
eia860:69937:MNDVI,generator,Mondovi,US-WI,44.569282,-91.70856,3,under_construction,,"OneEnergy, Inc.",eia:860m,https://www.eia.gov/electricity/data/eia860m/xls/august_generator2026.xlsx,2026-09-26T00:04:26Z,2026-08,69937,MNDVI,66783,WI,Buffalo,MISO,IPP Non-CHP,Solar Photovoltaic,solar,PV,Photovoltaic,SUN,Solar,3,3,3,V,"Under construction, more than 50 percent complete",2026-10-01
eia860:69938:RINGE,generator,Ringe,US-MN,44.107842,-92.40043,2.5,under_construction,,"OneEnergy, Inc.",eia:860m,https://www.eia.gov/electricity/data/eia860m/xls/august_generator2026.xlsx,2026-09-26T00:04:26Z,2026-08,69938,RINGE,66783,MN,Olmsted,MISO,IPP Non-CHP,Solar Photovoltaic,solar,PV,Photovoltaic,SUN,Solar,2.5,2.5,2.5,V,"Under construction, more than 50 percent complete",2026-10-01
eia860:69939:SPOON,generator,Spooner,US-WI,45.84628,-91.8634,2.3,under_construction,,"OneEnergy, Inc.",eia:860m,https://www.eia.gov/electricity/data/eia860m/xls/august_generator2026.xlsx,2026-09-26T00:04:26Z,2026-08,69939,SPOON,66783,WI,Washburn,MISO,IPP Non-CHP,Solar Photovoltaic,solar,PV,Photovoltaic,SUN,Solar,2.3,2.3,2.3,V,"Under construction, more than 50 percent complete",2026-10-01
eia860:69940:TEEPL,generator,Teeple Creek,US-IA,43.234672,-91.50468,2.5,under_construction,,"OneEnergy, Inc.",eia:860m,https://www.eia.gov/electricity/data/eia860m/xls/august_generator2026.xlsx,2026-09-26T00:04:26Z,2026-08,69940,TEEPL,66783,IA,Allamakee,MISO,IPP Non-CHP,Solar Photovoltaic,solar,PV,Photovoltaic,SUN,Solar,2.5,2.5,2.5,U,"Under construction, less than or equal to 50 percent complete",2026-12-01
eia860:69944:PC1A,generator,Pointe Coupee Power Station,US-LA,30.739,-91.377,469.3,planned,,Entergy Louisiana LLC,eia:860m,https://www.eia.gov/electricity/data/eia860m/xls/august_generator2026.xlsx,2026-09-26T00:04:26Z,2026-08,69944,PC1A,11241,LA,Pointe Coupee,MISO,Electric Utility,Natural Gas Fired Combined Cycle,natural_gas,CT,Combined cycle combustion turbine part,NG,Natural gas,469.3,435.4,469.3,P,"Planned for installation, but regulatory approvals not initiated",2031-10-01
eia860:69944:PC1B,generator,Pointe Coupee Power Station,US-LA,30.739,-91.377,311,planned,,Entergy Louisiana LLC,eia:860m,https://www.eia.gov/electricity/data/eia860m/xls/august_generator2026.xlsx,2026-09-26T00:04:26Z,2026-08,69944,PC1B,11241,LA,Pointe Coupee,MISO,Electric Utility,Natural Gas Fired Combined Cycle,natural_gas,CA,Combined cycle steam part,NG,Natural gas,311,302.8,311,P,"Planned for installation, but regulatory approvals not initiated",2031-10-01
eia860:69944:PC2A,generator,Pointe Coupee Power Station,US-LA,30.739,-91.377,469.3,planned,,Entergy Louisiana LLC,eia:860m,https://www.eia.gov/electricity/data/eia860m/xls/august_generator2026.xlsx,2026-09-26T00:04:26Z,2026-08,69944,PC2A,11241,LA,Pointe Coupee,MISO,Electric Utility,Natural Gas Fired Combined Cycle,natural_gas,CT,Combined cycle combustion turbine part,NG,Natural gas,469.3,435.4,469.3,P,"Planned for installation, but regulatory approvals not initiated",2031-11-01
eia860:69944:PC2B,generator,Pointe Coupee Power Station,US-LA,30.739,-91.377,311,planned,,Entergy Louisiana LLC,eia:860m,https://www.eia.gov/electricity/data/eia860m/xls/august_generator2026.xlsx,2026-09-26T00:04:26Z,2026-08,69944,PC2B,11241,LA,Pointe Coupee,MISO,Electric Utility,Natural Gas Fired Combined Cycle,natural_gas,CA,Combined cycle steam part,NG,Natural gas,311,302.8,311,P,"Planned for installation, but regulatory approvals not initiated",2031-11-01
eia860:69944:PC3A,generator,Pointe Coupee Power Station,US-LA,30.739,-91.377,469.3,planned,,Entergy Louisiana LLC,eia:860m,https://www.eia.gov/electricity/data/eia860m/xls/august_generator2026.xlsx,2026-09-26T00:04:26Z,2026-08,69944,PC3A,11241,LA,Pointe Coupee,MISO,Electric Utility,Natural Gas Fired Combined Cycle,natural_gas,CT,Combined cycle combustion turbine part,NG,Natural gas,469.3,435.4,469.3,P,"Planned for installation, but regulatory approvals not initiated",2031-12-01
eia860:69944:PC3B,generator,Pointe Coupee Power Station,US-LA,30.739,-91.377,311,planned,,Entergy Louisiana LLC,eia:860m,https://www.eia.gov/electricity/data/eia860m/xls/august_generator2026.xlsx,2026-09-26T00:04:26Z,2026-08,69944,PC3B,11241,LA,Pointe Coupee,MISO,Electric Utility,Natural Gas Fired Combined Cycle,natural_gas,CA,Combined cycle steam part,NG,Natural gas,311,302.8,311,P,"Planned for installation, but regulatory approvals not initiated",2031-12-01
eia860:69945:WTRTN,generator,Watertown Solar,US-MI,43.399794,-82.81425,154,under_construction,,"Watertown Solar, LLC",eia:860m,https://www.eia.gov/electricity/data/eia860m/xls/august_generator2026.xlsx,2026-09-26T00:04:26Z,2026-08,69945,WTRTN,67802,MI,Sanilac,MISO,IPP Non-CHP,Solar Photovoltaic,solar,PV,Photovoltaic,SUN,Solar,154,154,154,U,"Under construction, less than or equal to 50 percent complete",2027-04-01
eia860:69946:SBA,generator,Spindle BESS,US-CO,40.092401,-104.9012,199,under_construction,,Spindle Battery LLC,eia:860m,https://www.eia.gov/electricity/data/eia860m/xls/august_generator2026.xlsx,2026-09-26T00:04:26Z,2026-08,69946,SBA,67799,CO,Weld,PSCO,IPP Non-CHP,Batteries,storage,BA,"Energy storage, battery",MWH,Electricity used for energy storage,199,199,199,V,"Under construction, more than 50 percent complete",2026-12-01
eia860:69947:GEN05,generator,EDPR Scarlet III,US-CA,36.608742,-120.3511,70,under_construction,,EDPR Scarlet III LLC,eia:860m,https://www.eia.gov/electricity/data/eia860m/xls/august_generator2026.xlsx,2026-09-26T00:04:26Z,2026-08,69947,GEN05,67790,CA,Fresno,CISO,IPP Non-CHP,Batteries,storage,BA,"Energy storage, battery",MWH,Electricity used for energy storage,70,70,70,TS,"Construction complete, but not yet in commercial operation",2026-12-01
eia860:69948:MANTB,generator,SV CSG Manteno,US-IL,41.221257,-87.88186,5,planned,,"SV CSG Manteno, LLC",eia:860m,https://www.eia.gov/electricity/data/eia860m/xls/august_generator2026.xlsx,2026-09-26T00:04:26Z,2026-08,69948,MANTB,67797,IL,Kankakee,PJM,IPP Non-CHP,Batteries,storage,BA,"Energy storage, battery",MWH,Electricity used for energy storage,5,5,5,T,Regulatory approvals received. Not under construction,2027-08-01
eia860:69948:MANTO,generator,SV CSG Manteno,US-IL,41.221257,-87.88186,5,planned,,"SV CSG Manteno, LLC",eia:860m,https://www.eia.gov/electricity/data/eia860m/xls/august_generator2026.xlsx,2026-09-26T00:04:26Z,2026-08,69948,MANTO,67797,IL,Kankakee,PJM,IPP Non-CHP,Solar Photovoltaic,solar,PV,Photovoltaic,SUN,Solar,5,5,5,T,Regulatory approvals received. Not under construction,2027-08-01
eia860:69949:BLOMB,generator,SV CSG Bloomington,US-IL,40.465889,-89.03208,5,planned,,"SV CSG Bloomington, LLC",eia:860m,https://www.eia.gov/electricity/data/eia860m/xls/august_generator2026.xlsx,2026-09-26T00:04:26Z,2026-08,69949,BLOMB,67798,IL,McLean,MISO,IPP Non-CHP,Batteries,storage,BA,"Energy storage, battery",MWH,Electricity used for energy storage,5,5,5,T,Regulatory approvals received. Not under construction,2027-08-01
eia860:69949:BLOOM,generator,SV CSG Bloomington,US-IL,40.465889,-89.03208,5,planned,,"SV CSG Bloomington, LLC",eia:860m,https://www.eia.gov/electricity/data/eia860m/xls/august_generator2026.xlsx,2026-09-26T00:04:26Z,2026-08,69949,BLOOM,67798,IL,McLean,MISO,IPP Non-CHP,Solar Photovoltaic,solar,PV,Photovoltaic,SUN,Solar,5,5,5,T,Regulatory approvals received. Not under construction,2027-08-01
eia860:69952:CH1,generator,Cypress Harvest Solar Station,US-LA,30.237835,-91.26486,200,planned,,Entergy Louisiana LLC,eia:860m,https://www.eia.gov/electricity/data/eia860m/xls/august_generator2026.xlsx,2026-09-26T00:04:26Z,2026-08,69952,CH1,11241,LA,Iberville,MISO,Electric Utility,Solar Photovoltaic,solar,PV,Photovoltaic,SUN,Solar,200,200,200,P,"Planned for installation, but regulatory approvals not initiated",2028-08-01
eia860:69952:CH2,generator,Cypress Harvest Solar Station,US-LA,30.237835,-91.26486,200,planned,,Entergy Louisiana LLC,eia:860m,https://www.eia.gov/electricity/data/eia860m/xls/august_generator2026.xlsx,2026-09-26T00:04:26Z,2026-08,69952,CH2,11241,LA,Iberville,MISO,Electric Utility,Batteries,storage,BA,"Energy storage, battery",MWH,Electricity used for energy storage,200,200,200,P,"Planned for installation, but regulatory approvals not initiated",2029-09-01
eia860:69956:S10BS,generator,Sanborn Hybrid 3,US-CA,34.996,-118.114,210,under_construction,,Terra-Gen Operating Co-Hybrid,eia:860m,https://www.eia.gov/electricity/data/eia860m/xls/august_generator2026.xlsx,2026-09-26T00:04:26Z,2026-08,69956,S10BS,64366,CA,Kern,CISO,IPP Non-CHP,Batteries,storage,BA,"Energy storage, battery",MWH,Electricity used for energy storage,210,210,210,U,"Under construction, less than or equal to 50 percent complete",2026-12-01
eia860:69956:S10PV,generator,Sanborn Hybrid 3,US-CA,34.996,-118.114,210,under_construction,,Terra-Gen Operating Co-Hybrid,eia:860m,https://www.eia.gov/electricity/data/eia860m/xls/august_generator2026.xlsx,2026-09-26T00:04:26Z,2026-08,69956,S10PV,64366,CA,Kern,CISO,IPP Non-CHP,Solar Photovoltaic,solar,PV,Photovoltaic,SUN,Solar,210,210,210,U,"Under construction, less than or equal to 50 percent complete",2026-12-01
eia860:69956:S8,generator,Sanborn Hybrid 3,US-CA,34.996,-118.114,55,under_construction,,Terra-Gen Operating Co-Hybrid,eia:860m,https://www.eia.gov/electricity/data/eia860m/xls/august_generator2026.xlsx,2026-09-26T00:04:26Z,2026-08,69956,S8,64366,CA,Kern,CISO,IPP Non-CHP,Solar Photovoltaic,solar,PV,Photovoltaic,SUN,Solar,55,55,55,V,"Under construction, more than 50 percent complete",2026-10-01
eia860:69956:S9,generator,Sanborn Hybrid 3,US-CA,34.996,-118.114,103,under_construction,,Terra-Gen Operating Co-Hybrid,eia:860m,https://www.eia.gov/electricity/data/eia860m/xls/august_generator2026.xlsx,2026-09-26T00:04:26Z,2026-08,69956,S9,64366,CA,Kern,CISO,IPP Non-CHP,Solar Photovoltaic,solar,PV,Photovoltaic,SUN,Solar,103,103,103,U,"Under construction, less than or equal to 50 percent complete",2026-12-01
eia860:69963:YLWWD,generator,Yellow Wood Solar Energy LLC,US-OH,39.271465,-83.7904,300,under_construction,,Invenergy Services LLC,eia:860m,https://www.eia.gov/electricity/data/eia860m/xls/august_generator2026.xlsx,2026-09-26T00:04:26Z,2026-08,69963,YLWWD,49893,OH,Clinton,PJM,IPP Non-CHP,Solar Photovoltaic,solar,PV,Photovoltaic,SUN,Solar,300,300,300,U,"Under construction, less than or equal to 50 percent complete",2027-12-01
eia860:69964:BALBE,generator,Baldy Mesa Storage,US-CA,34.6029,-117.449,50,under_construction,,AES Clean Energy,eia:860m,https://www.eia.gov/electricity/data/eia860m/xls/august_generator2026.xlsx,2026-09-26T00:04:26Z,2026-08,69964,BALBE,64904,CA,San Bernardino,CISO,IPP Non-CHP,Batteries,storage,BA,"Energy storage, battery",MWH,Electricity used for energy storage,50,50,50,V,"Under construction, more than 50 percent complete",2026-09-01
eia860:69965:RS,generator,Roccasecca BESS LLC,US-NV,35.83,-115.0128,126.5,under_construction,,Roccasecca BESS LLC,eia:860m,https://www.eia.gov/electricity/data/eia860m/xls/august_generator2026.xlsx,2026-09-26T00:04:26Z,2026-08,69965,RS,67775,NV,Clark,CISO,IPP Non-CHP,Batteries,storage,BA,"Energy storage, battery",MWH,Electricity used for energy storage,126.5,126.5,126.5,V,"Under construction, more than 50 percent complete",2027-02-01
eia860:69966:FMM,generator,"Four Mile Mesa Solar, LLC",US-NM,36.8685,-108.277,100,under_construction,,"Four Mile Mesa Solar, LLC",eia:860m,https://www.eia.gov/electricity/data/eia860m/xls/august_generator2026.xlsx,2026-09-26T00:04:26Z,2026-08,69966,FMM,67808,NM,San Juan,PNM,IPP Non-CHP,Solar Photovoltaic,solar,PV,Photovoltaic,SUN,Solar,100,100,100,U,"Under construction, less than or equal to 50 percent complete",2027-07-01
eia860:69966:FMMS,generator,"Four Mile Mesa Solar, LLC",US-NM,36.8685,-108.277,100,under_construction,,"Four Mile Mesa Solar, LLC",eia:860m,https://www.eia.gov/electricity/data/eia860m/xls/august_generator2026.xlsx,2026-09-26T00:04:26Z,2026-08,69966,FMMS,67808,NM,San Juan,PNM,IPP Non-CHP,Batteries,storage,BA,"Energy storage, battery",MWH,Electricity used for energy storage,100,100,100,U,"Under construction, less than or equal to 50 percent complete",2027-07-01
eia860:69967:FTB,generator,"Foxtail Flats Solar, LLC",US-NM,36.8685,-108.277,80,under_construction,,"Foxtail Flats Solar, LLC",eia:860m,https://www.eia.gov/electricity/data/eia860m/xls/august_generator2026.xlsx,2026-09-26T00:04:26Z,2026-08,69967,FTB,67809,NM,San Juan,PNM,IPP Non-CHP,Batteries,storage,BA,"Energy storage, battery",MWH,Electricity used for energy storage,80,80,80,U,"Under construction, less than or equal to 50 percent complete",2027-05-01
eia860:69967:FTS,generator,"Foxtail Flats Solar, LLC",US-NM,36.8685,-108.277,170,under_construction,,"Foxtail Flats Solar, LLC",eia:860m,https://www.eia.gov/electricity/data/eia860m/xls/august_generator2026.xlsx,2026-09-26T00:04:26Z,2026-08,69967,FTS,67809,NM,San Juan,PNM,IPP Non-CHP,Solar Photovoltaic,solar,PV,Photovoltaic,SUN,Solar,170,170,170,U,"Under construction, less than or equal to 50 percent complete",2027-06-01
eia860:69968:RUS,generator,Rumble Solar,US-OK,35.338721,-97.98901,250,under_construction,,"Rumble Solar, LLC",eia:860m,https://www.eia.gov/electricity/data/eia860m/xls/august_generator2026.xlsx,2026-09-26T00:04:26Z,2026-08,69968,RUS,67811,OK,Grady,SWPP,IPP Non-CHP,Solar Photovoltaic,solar,PV,Photovoltaic,SUN,Solar,250,250,250,U,"Under construction, less than or equal to 50 percent complete",2026-10-01
eia860:69969:PAS,generator,Panhandle Solar,US-OK,36.609029,-101.4743,102,under_construction,,"Panhandle Solar, LLC",eia:860m,https://www.eia.gov/electricity/data/eia860m/xls/august_generator2026.xlsx,2026-09-26T00:04:26Z,2026-08,69969,PAS,67812,OK,Texas,SWPP,IPP Non-CHP,Solar Photovoltaic,solar,PV,Photovoltaic,SUN,Solar,102,102,102,U,"Under construction, less than or equal to 50 percent complete",2026-12-01
eia860:69970:MPLRA,generator,Maple Ridge A,US-PA,39.901992,-77.578,3,under_construction,,ENGIE Distributed Renewables Development LLC,eia:860m,https://www.eia.gov/electricity/data/eia860m/xls/august_generator2026.xlsx,2026-09-26T00:04:26Z,2026-08,69970,MPLRA,67734,PA,Franklin,PJM,IPP Non-CHP,Solar Photovoltaic,solar,PV,Photovoltaic,SUN,Solar,3,3,3,U,"Under construction, less than or equal to 50 percent complete",2028-04-01
eia860:69971:MPLRB,generator,Maple Ridge B,US-PA,39.901992,-77.578,3,under_construction,,ENGIE Distributed Renewables Development LLC,eia:860m,https://www.eia.gov/electricity/data/eia860m/xls/august_generator2026.xlsx,2026-09-26T00:04:26Z,2026-08,69971,MPLRB,67734,PA,Franklin,PJM,IPP Non-CHP,Solar Photovoltaic,solar,PV,Photovoltaic,SUN,Solar,3,3,3,U,"Under construction, less than or equal to 50 percent complete",2028-04-01
eia860:69972:SP150,generator,South Platte Solar,US-CO,40.194947,-103.7088,150,under_construction,,South Platte Solar,eia:860m,https://www.eia.gov/electricity/data/eia860m/xls/august_generator2026.xlsx,2026-09-26T00:04:26Z,2026-08,69972,SP150,67816,CO,Morgan,PSCO,IPP Non-CHP,Solar Photovoltaic,solar,PV,Photovoltaic,SUN,Solar,150,150,150,U,"Under construction, less than or equal to 50 percent complete",2027-12-01
eia860:69973:OSON1,generator,Oso Negro,US-NM,35.111657,-106.7205,100,planned,,"Oso Negro, LLC",eia:860m,https://www.eia.gov/electricity/data/eia860m/xls/august_generator2026.xlsx,2026-09-26T00:04:26Z,2026-08,69973,OSON1,67813,NM,Bernalillo,PNM,IPP Non-CHP,Batteries,storage,BA,"Energy storage, battery",MWH,Electricity used for energy storage,100,100,100,T,Regulatory approvals received. Not under construction,2028-05-01
eia860:69974:CRZN1,generator,Corazon Energy Storage,US-NM,35.003482,-106.742,150,planned,,"Corazon Energy Storage, LLC",eia:860m,https://www.eia.gov/electricity/data/eia860m/xls/august_generator2026.xlsx,2026-09-26T00:04:26Z,2026-08,69974,CRZN1,67814,NM,Bernalillo,PNM,IPP Non-CHP,Batteries,storage,BA,"Energy storage, battery",MWH,Electricity used for energy storage,150,150,150,T,Regulatory approvals received. Not under construction,2027-09-01
eia860:69977:BBPV,generator,Blue Branch Solar,US-IL,37.467778,-88.96889,35.9,under_construction,,Birch Creek Development,eia:860m,https://www.eia.gov/electricity/data/eia860m/xls/august_generator2026.xlsx,2026-09-26T00:04:26Z,2026-08,69977,BBPV,65654,IL,Johnson,MISO,IPP Non-CHP,Solar Photovoltaic,solar,PV,Photovoltaic,SUN,Solar,35.9,35.9,35.9,U,"Under construction, less than or equal to 50 percent complete",2027-01-01
eia860:69978:STPV,generator,Station Solar,US-IL,41.0777,-90.55,40,under_construction,,Birch Creek Development,eia:860m,https://www.eia.gov/electricity/data/eia860m/xls/august_generator2026.xlsx,2026-09-26T00:04:26Z,2026-08,69978,STPV,65654,IL,Mercer,MISO,IPP Non-CHP,Solar Photovoltaic,solar,PV,Photovoltaic,SUN,Solar,40,40,40,U,"Under construction, less than or equal to 50 percent complete",2027-08-01
eia860:69981:GRNTS,generator,"Grant Solar, LLC",US-SD,43.550003,-97.26738,99,planned,,Geronimo Power,eia:860m,https://www.eia.gov/electricity/data/eia860m/xls/august_generator2026.xlsx,2026-09-26T00:04:26Z,2026-08,69981,GRNTS,62759,SD,McCook,MISO,IPP Non-CHP,Solar Photovoltaic,solar,PV,Photovoltaic,SUN,Solar,99,99,99,L,Regulatory approvals pending. Not under construction,2027-10-01
eia860:69982:3569,generator,Diamondback Solar,US-TX,26.426684,-98.70102,200,planned,,"Diamondback Solar, LLC",eia:860m,https://www.eia.gov/electricity/data/eia860m/xls/august_generator2026.xlsx,2026-09-26T00:04:26Z,2026-08,69982,3569,67821,TX,Starr,ERCO,IPP Non-CHP,Solar Photovoltaic,solar,PV,Photovoltaic,SUN,Solar,200,200,200,T,Regulatory approvals received. Not under construction,2027-12-01
eia860:69983:GRTKN,generator,Novel Gertken Solar LLC,US-MN,45.618191,-94.4891,1,under_construction,,Novel Gertken Solar LLC,eia:860m,https://www.eia.gov/electricity/data/eia860m/xls/august_generator2026.xlsx,2026-09-26T00:04:26Z,2026-08,69983,GRTKN,67820,MN,Stearns,MISO,IPP Non-CHP,Solar Photovoltaic,solar,PV,Photovoltaic,SUN,Solar,1,1,1,V,"Under construction, more than 50 percent complete",2026-09-01
eia860:69984:6059,generator,Hackberry Creek Solar,US-TX,32.393074,-100.8702,175,planned,,"Hackberry Creek Solar, LLC",eia:860m,https://www.eia.gov/electricity/data/eia860m/xls/august_generator2026.xlsx,2026-09-26T00:04:26Z,2026-08,69984,6059,67822,TX,Mitchell,ERCO,IPP Non-CHP,Solar Photovoltaic,solar,PV,Photovoltaic,SUN,Solar,175,175,175,T,Regulatory approvals received. Not under construction,2028-03-01
eia860:69988:WBA2,generator,Warsaw 2 Energy Storage,US-NC,35.003702,-78.1165,11,under_construction,,Duke Energy Progress - (NC),eia:860m,https://www.eia.gov/electricity/data/eia860m/xls/august_generator2026.xlsx,2026-09-26T00:04:26Z,2026-08,69988,WBA2,3046,NC,Duplin,CPLE,Electric Utility,Batteries,storage,BA,"Energy storage, battery",MWH,Electricity used for energy storage,11,10.1,10.1,V,"Under construction, more than 50 percent complete",2026-09-01
eia860:69989:PB1,generator,Arkansas Cypress Solar Station,US-AR,34.42,-92.08,600,planned,,Entergy Arkansas LLC,eia:860m,https://www.eia.gov/electricity/data/eia860m/xls/august_generator2026.xlsx,2026-09-26T00:04:26Z,2026-08,69989,PB1,814,AR,Jefferson,MISO,Electric Utility,Solar Photovoltaic,solar,PV,Photovoltaic,SUN,Solar,600,600,600,P,"Planned for installation, but regulatory approvals not initiated",2029-01-01
eia860:69989:PB2,generator,Arkansas Cypress Solar Station,US-AR,34.42,-92.08,350,planned,,Entergy Arkansas LLC,eia:860m,https://www.eia.gov/electricity/data/eia860m/xls/august_generator2026.xlsx,2026-09-26T00:04:26Z,2026-08,69989,PB2,814,AR,Jefferson,MISO,Electric Utility,Batteries,storage,BA,"Energy storage, battery",MWH,Electricity used for energy storage,350,350,350,P,"Planned for installation, but regulatory approvals not initiated",2029-01-01
eia860:69990:BW1,generator,Bogalusa West Solar Station,US-LA,30.84,-89.86,200,planned,,Entergy Louisiana LLC,eia:860m,https://www.eia.gov/electricity/data/eia860m/xls/august_generator2026.xlsx,2026-09-26T00:04:26Z,2026-08,69990,BW1,11241,LA,Washington,MISO,Electric Utility,Solar Photovoltaic,solar,PV,Photovoltaic,SUN,Solar,200,200,200,P,"Planned for installation, but regulatory approvals not initiated",2028-12-01
eia860:69991:SN1,generator,Segno Solar Station,US-TX,30.577,-94.686,170,planned,,Entergy Louisiana LLC,eia:860m,https://www.eia.gov/electricity/data/eia860m/xls/august_generator2026.xlsx,2026-09-26T00:04:26Z,2026-08,69991,SN1,11241,TX,Polk,MISO,Electric Utility,Solar Photovoltaic,solar,PV,Photovoltaic,SUN,Solar,170,170,170,P,"Planned for installation, but regulatory approvals not initiated",2029-03-01
eia860:69992:BA1,generator,Sherwood Forest BESS,US-LA,30.01266,-89.94403,7.7,planned,,"Entergy New Orleans, LLC",eia:860m,https://www.eia.gov/electricity/data/eia860m/xls/august_generator2026.xlsx,2026-09-26T00:04:26Z,2026-08,69992,BA1,13478,LA,Orleans,MISO,Electric Utility,Batteries,storage,BA,"Energy storage, battery",MWH,Electricity used for energy storage,7.7,7.7,7.7,P,"Planned for installation, but regulatory approvals not initiated",2027-07-01
eia860:69993:VT1,generator,Votaw Solar Station,US-TX,30.4355,-94.673,141,planned,,Entergy Louisiana LLC,eia:860m,https://www.eia.gov/electricity/data/eia860m/xls/august_generator2026.xlsx,2026-09-26T00:04:26Z,2026-08,69993,VT1,11241,TX,Hardin,MISO,Electric Utility,Solar Photovoltaic,solar,PV,Photovoltaic,SUN,Solar,141,141,141,P,"Planned for installation, but regulatory approvals not initiated",2029-05-01
eia860:69994:MONTR,generator,Montour Tower Drive Solar LLC,US-PA,40.981975,-76.52315,3,planned,,Dimension Energy LLC,eia:860m,https://www.eia.gov/electricity/data/eia860m/xls/august_generator2026.xlsx,2026-09-26T00:04:26Z,2026-08,69994,MONTR,65677,PA,Columbia,PJM,IPP Non-CHP,Solar Photovoltaic,solar,PV,Photovoltaic,SUN,Solar,3,3,3,T,Regulatory approvals received. Not under construction,2027-09-01
eia860:69995:MUNCL,generator,Muncy Creek Lime Bluff Road Solar,US-PA,41.22184,-76.75467,3,planned,,Dimension Energy LLC,eia:860m,https://www.eia.gov/electricity/data/eia860m/xls/august_generator2026.xlsx,2026-09-26T00:04:26Z,2026-08,69995,MUNCL,65677,PA,Lycoming,PJM,IPP Non-CHP,Solar Photovoltaic,solar,PV,Photovoltaic,SUN,Solar,3,3,3,T,Regulatory approvals received. Not under construction,2027-11-01
eia860:69996:HEMLK,generator,Penn Hemlock Solar LLC,US-PA,40.693001,-77.10099,3,under_construction,,Dimension Energy LLC,eia:860m,https://www.eia.gov/electricity/data/eia860m/xls/august_generator2026.xlsx,2026-09-26T00:04:26Z,2026-08,69996,HEMLK,65677,PA,Snyder,PJM,IPP Non-CHP,Solar Photovoltaic,solar,PV,Photovoltaic,SUN,Solar,3,3,3,U,"Under construction, less than or equal to 50 percent complete",2026-12-01
eia860:69997:FASTA,generator,Fast Ave Solar LLC,US-IL,40.534803,-89.28959,5,under_construction,,Dimension Energy LLC,eia:860m,https://www.eia.gov/electricity/data/eia860m/xls/august_generator2026.xlsx,2026-09-26T00:04:26Z,2026-08,69997,FASTA,65677,IL,Tazewell,MISO,IPP Non-CHP,Solar Photovoltaic,solar,PV,Photovoltaic,SUN,Solar,5,5,5,U,"Under construction, less than or equal to 50 percent complete",2026-12-01
eia860:69998:WHTCH,generator,Franklin White Church Road Solar LLC,US-PA,40.780457,-77.08402,3,under_construction,,Dimension Energy LLC,eia:860m,https://www.eia.gov/electricity/data/eia860m/xls/august_generator2026.xlsx,2026-09-26T00:04:26Z,2026-08,69998,WHTCH,65677,PA,Snyder,PJM,IPP Non-CHP,Solar Photovoltaic,solar,PV,Photovoltaic,SUN,Solar,3,3,3,U,"Under construction, less than or equal to 50 percent complete",2027-03-01
eia860:69999:GREEB,generator,Greenwood Bottom Road Solar LLC,US-PA,41.117527,-76.48308,3,under_construction,,Dimension Energy LLC,eia:860m,https://www.eia.gov/electricity/data/eia860m/xls/august_generator2026.xlsx,2026-09-26T00:04:26Z,2026-08,69999,GREEB,65677,PA,Columbia,PJM,IPP Non-CHP,Solar Photovoltaic,solar,PV,Photovoltaic,SUN,Solar,3,3,3,U,"Under construction, less than or equal to 50 percent complete",2027-03-01
eia860:70000:GREER,generator,Greenwood Route 254 Solar LLC,US-PA,41.130477,-76.51152,3,under_construction,,Dimension Energy LLC,eia:860m,https://www.eia.gov/electricity/data/eia860m/xls/august_generator2026.xlsx,2026-09-26T00:04:26Z,2026-08,70000,GREER,65677,PA,Columbia,PJM,IPP Non-CHP,Solar Photovoltaic,solar,PV,Photovoltaic,SUN,Solar,3,3,3,U,"Under construction, less than or equal to 50 percent complete",2027-03-01
eia860:70001:HARPC,generator,"Harper Creek Solar, LLC",US-IL,38.301552,-88.91451,5,under_construction,,Dimension Energy LLC,eia:860m,https://www.eia.gov/electricity/data/eia860m/xls/august_generator2026.xlsx,2026-09-26T00:04:26Z,2026-08,70001,HARPC,65677,IL,Jefferson,MISO,IPP Non-CHP,Solar Photovoltaic,solar,PV,Photovoltaic,SUN,Solar,5,5,5,U,"Under construction, less than or equal to 50 percent complete",2026-12-01
eia860:70002:MACED,generator,Macedon CSG LLC,US-NY,43.083573,-77.26768,5,under_construction,,Dimension Energy LLC,eia:860m,https://www.eia.gov/electricity/data/eia860m/xls/august_generator2026.xlsx,2026-09-26T00:04:26Z,2026-08,70002,MACED,65677,NY,Wayne,NYIS,IPP Non-CHP,Solar Photovoltaic,solar,PV,Photovoltaic,SUN,Solar,5,5,5,U,"Under construction, less than or equal to 50 percent complete",2026-09-01
eia860:70003:TAYLR,generator,Madison Taylor Road Solar LLC,US-PA,41.112516,-76.538,3,under_construction,,Dimension Energy LLC,eia:860m,https://www.eia.gov/electricity/data/eia860m/xls/august_generator2026.xlsx,2026-09-26T00:04:26Z,2026-08,70003,TAYLR,65677,PA,Columbia,PJM,IPP Non-CHP,Solar Photovoltaic,solar,PV,Photovoltaic,SUN,Solar,3,3,3,U,"Under construction, less than or equal to 50 percent complete",2027-03-01
eia860:70004:MONRO,generator,Monroe Route 35 Solar LLC,US-PA,40.685584,-77.13704,3,under_construction,,Dimension Energy LLC,eia:860m,https://www.eia.gov/electricity/data/eia860m/xls/august_generator2026.xlsx,2026-09-26T00:04:26Z,2026-08,70004,MONRO,65677,PA,Juniata,PJM,IPP Non-CHP,Solar Photovoltaic,solar,PV,Photovoltaic,SUN,Solar,3,3,3,U,"Under construction, less than or equal to 50 percent complete",2026-12-01
eia860:70005:SHOOF,generator,Penn Shoofly Solar LLC,US-PA,41.115059,-76.4738,3,planned,,Dimension Energy LLC,eia:860m,https://www.eia.gov/electricity/data/eia860m/xls/august_generator2026.xlsx,2026-09-26T00:04:26Z,2026-08,70005,SHOOF,65677,PA,Columbia,PJM,IPP Non-CHP,Solar Photovoltaic,solar,PV,Photovoltaic,SUN,Solar,3,3,3,T,Regulatory approvals received. Not under construction,2027-05-01
eia860:70006:PERRR,generator,Perry Route 104 Solar LLC,US-PA,40.740172,-77.01011,3,under_construction,,Dimension Energy LLC,eia:860m,https://www.eia.gov/electricity/data/eia860m/xls/august_generator2026.xlsx,2026-09-26T00:04:26Z,2026-08,70006,PERRR,65677,PA,Snyder,PJM,IPP Non-CHP,Solar Photovoltaic,solar,PV,Photovoltaic,SUN,Solar,3,3,3,U,"Under construction, less than or equal to 50 percent complete",2026-12-01
eia860:70007:RICHR,generator,Richmond Road Solar LLC,US-VA,37.39976,-76.82053,5,planned,,Dimension Energy LLC,eia:860m,https://www.eia.gov/electricity/data/eia860m/xls/august_generator2026.xlsx,2026-09-26T00:04:26Z,2026-08,70007,RICHR,65677,VA,James City,PJM,IPP Non-CHP,Solar Photovoltaic,solar,PV,Photovoltaic,SUN,Solar,5,5,5,T,Regulatory approvals received. Not under construction,2027-06-01
eia860:70008:WPERR,generator,West Perry Planing Mill Road Solar LLC,US-PA,40.689203,-77.14223,3,under_construction,,Dimension Energy LLC,eia:860m,https://www.eia.gov/electricity/data/eia860m/xls/august_generator2026.xlsx,2026-09-26T00:04:26Z,2026-08,70008,WPERR,65677,PA,Snyder,PJM,IPP Non-CHP,Solar Photovoltaic,solar,PV,Photovoltaic,SUN,Solar,3,3,3,U,"Under construction, less than or equal to 50 percent complete",2027-02-01
eia860:70009:WILL1,generator,"Willis Solar 1, LLC - (IL)",US-IL,39.118354,-89.84199,5,under_construction,,Dimension Energy LLC,eia:860m,https://www.eia.gov/electricity/data/eia860m/xls/august_generator2026.xlsx,2026-09-26T00:04:26Z,2026-08,70009,WILL1,65677,IL,Macoupin,MISO,IPP Non-CHP,Solar Photovoltaic,solar,PV,Photovoltaic,SUN,Solar,5,5,5,U,"Under construction, less than or equal to 50 percent complete",2027-01-01
eia860:70010:167,generator,Pescara 1,US-NY,43.304517,-78.2196,4.9,under_construction,,Pescara 1 Solar LLC,eia:860m,https://www.eia.gov/electricity/data/eia860m/xls/august_generator2026.xlsx,2026-09-26T00:04:26Z,2026-08,70010,167,67827,NY,Orleans,NYIS,IPP Non-CHP,Solar Photovoltaic,solar,PV,Photovoltaic,SUN,Solar,4.9,4.9,4.9,U,"Under construction, less than or equal to 50 percent complete",2026-09-01
eia860:70011:168,generator,Pescara 2,US-NY,43.30713,-78.22121,4.9,under_construction,,Pescara 2 Solar LLC,eia:860m,https://www.eia.gov/electricity/data/eia860m/xls/august_generator2026.xlsx,2026-09-26T00:04:26Z,2026-08,70011,168,67828,NY,Orleans,NYIS,IPP Non-CHP,Solar Photovoltaic,solar,PV,Photovoltaic,SUN,Solar,4.9,4.9,4.9,U,"Under construction, less than or equal to 50 percent complete",2026-09-01
eia860:70012:BA609,generator,Redlands DC 9 - sline609,US-CA,34.083141,-117.2035,2.4,under_construction,,Prologis Logistics Services Incorporated,eia:860m,https://www.eia.gov/electricity/data/eia860m/xls/august_generator2026.xlsx,2026-09-26T00:04:26Z,2026-08,70012,BA609,65869,CA,San Bernardino,CISO,IPP Non-CHP,Batteries,storage,BA,"Energy storage, battery",MWH,Electricity used for energy storage,2.4,2.4,2.4,U,"Under construction, less than or equal to 50 percent complete",2026-11-01
eia860:70012:IN609,generator,Redlands DC 9 - sline609,US-CA,34.083141,-117.2035,2.6,under_construction,,Prologis Logistics Services Incorporated,eia:860m,https://www.eia.gov/electricity/data/eia860m/xls/august_generator2026.xlsx,2026-09-26T00:04:26Z,2026-08,70012,IN609,65869,CA,San Bernardino,CISO,IPP Non-CHP,Solar Photovoltaic,solar,PV,Photovoltaic,SUN,Solar,2.6,2.6,2.6,U,"Under construction, less than or equal to 50 percent complete",2026-11-01
eia860:70018:23216,generator,"SL Portland Community, LLC",US-NY,42.383832,-79.4718,3.5,under_construction,,"SL Portland Community, LLC",eia:860m,https://www.eia.gov/electricity/data/eia860m/xls/august_generator2026.xlsx,2026-09-26T00:04:26Z,2026-08,70018,23216,67836,NY,Chautauqua,NYIS,IPP Non-CHP,Solar Photovoltaic,solar,PV,Photovoltaic,SUN,Solar,3.5,3.5,3.5,U,"Under construction, less than or equal to 50 percent complete",2027-02-01
eia860:70019:23221,generator,"SL Portland Community 2, LLC",US-NY,42.37773,-79.45972,3.8,under_construction,,"SL Portland Community 2, LLC",eia:860m,https://www.eia.gov/electricity/data/eia860m/xls/august_generator2026.xlsx,2026-09-26T00:04:26Z,2026-08,70019,23221,67837,NY,Chautauqua,NYIS,IPP Non-CHP,Solar Photovoltaic,solar,PV,Photovoltaic,SUN,Solar,3.8,3.8,3.8,U,"Under construction, less than or equal to 50 percent complete",2027-02-01
eia860:70020:1,generator,Pinopolis BESS,US-SC,33.246764,-79.98517,300,planned,,Pinopolis BESS LLC,eia:860m,https://www.eia.gov/electricity/data/eia860m/xls/august_generator2026.xlsx,2026-09-26T00:04:26Z,2026-08,70020,1,67838,SC,Berkeley,SC,IPP Non-CHP,Batteries,storage,BA,"Energy storage, battery",MWH,Electricity used for energy storage,300,300,300,P,"Planned for installation, but regulatory approvals not initiated",2027-09-01
eia860:70021:STACB,generator,Staccato BESS,US-TX,30.053062,-96.92122,200.5,under_construction,,Sunraycer Assets I LLC,eia:860m,https://www.eia.gov/electricity/data/eia860m/xls/august_generator2026.xlsx,2026-09-26T00:04:26Z,2026-08,70021,STACB,65815,TX,Fayette,ERCO,IPP Non-CHP,Batteries,storage,BA,"Energy storage, battery",MWH,Electricity used for energy storage,200.5,200.5,200.5,U,"Under construction, less than or equal to 50 percent complete",2027-04-01
eia860:70022:DCYSO,generator,Decoy Solar Energy LLC,US-AR,34.463496,-91.52053,155,under_construction,,Invenergy Services LLC,eia:860m,https://www.eia.gov/electricity/data/eia860m/xls/august_generator2026.xlsx,2026-09-26T00:04:26Z,2026-08,70022,DCYSO,49893,AR,Arkansas,MISO,IPP Non-CHP,Solar Photovoltaic,solar,PV,Photovoltaic,SUN,Solar,155,155,155,U,"Under construction, less than or equal to 50 percent complete",2027-12-01
eia860:70023:EDGCM,generator,Edgecombe Solar LLC,US-NC,35.949381,-77.65926,75,under_construction,,Invenergy Services LLC,eia:860m,https://www.eia.gov/electricity/data/eia860m/xls/august_generator2026.xlsx,2026-09-26T00:04:26Z,2026-08,70023,EDGCM,49893,NC,Edgecombe,PJM,IPP Non-CHP,Solar Photovoltaic,solar,PV,Photovoltaic,SUN,Solar,75,75,75,U,"Under construction, less than or equal to 50 percent complete",2027-09-01
eia860:70024:BEAVE,generator,Beaver Gross Road Solar LLC,US-PA,40.747397,-77.18922,3,planned,,Dimension Energy LLC,eia:860m,https://www.eia.gov/electricity/data/eia860m/xls/august_generator2026.xlsx,2026-09-26T00:04:26Z,2026-08,70024,BEAVE,65677,PA,Snyder,PJM,IPP Non-CHP,Solar Photovoltaic,solar,PV,Photovoltaic,SUN,Solar,3,3,3,T,Regulatory approvals received. Not under construction,2028-03-01
eia860:70025:CINC1,generator,Cincinnati CSG 1 LLC,US-IL,40.526203,-89.63886,5,under_construction,,Dimension Energy LLC,eia:860m,https://www.eia.gov/electricity/data/eia860m/xls/august_generator2026.xlsx,2026-09-26T00:04:26Z,2026-08,70025,CINC1,65677,IL,Tazewell,MISO,IPP Non-CHP,Solar Photovoltaic,solar,PV,Photovoltaic,SUN,Solar,5,5,5,U,"Under construction, less than or equal to 50 percent complete",2026-10-01
eia860:70026:CINC2,generator,Cincinnati CSG 2 LLC,US-IL,40.526203,-89.63886,5,under_construction,,Dimension Energy LLC,eia:860m,https://www.eia.gov/electricity/data/eia860m/xls/august_generator2026.xlsx,2026-09-26T00:04:26Z,2026-08,70026,CINC2,65677,IL,Tazewell,MISO,IPP Non-CHP,Solar Photovoltaic,solar,PV,Photovoltaic,SUN,Solar,5,5,5,U,"Under construction, less than or equal to 50 percent complete",2026-10-01
eia860:70027:CORT2,generator,Cortland CSG 2 LLC,US-NY,42.54409,-75.99276,5,under_construction,,Dimension Energy LLC,eia:860m,https://www.eia.gov/electricity/data/eia860m/xls/august_generator2026.xlsx,2026-09-26T00:04:26Z,2026-08,70027,CORT2,65677,NY,Cortland,NYIS,IPP Non-CHP,Solar Photovoltaic,solar,PV,Photovoltaic,SUN,Solar,5,5,5,U,"Under construction, less than or equal to 50 percent complete",2026-10-01
eia860:70028:CONRR,generator,Delaware Conrath Road Solar LLC,US-PA,41.113012,-76.85038,3,planned,,Dimension Energy LLC,eia:860m,https://www.eia.gov/electricity/data/eia860m/xls/august_generator2026.xlsx,2026-09-26T00:04:26Z,2026-08,70028,CONRR,65677,PA,Northumberland,PJM,IPP Non-CHP,Solar Photovoltaic,solar,PV,Photovoltaic,SUN,Solar,3,3,3,T,Regulatory approvals received. Not under construction,2028-03-01
eia860:70029:EWIN1,generator,East Windsor Solar 1 LLC,US-NJ,40.274397,-74.50169,1.4,planned,,Dimension Energy LLC,eia:860m,https://www.eia.gov/electricity/data/eia860m/xls/august_generator2026.xlsx,2026-09-26T00:04:26Z,2026-08,70029,EWIN1,65677,NJ,Mercer,PJM,IPP Non-CHP,Solar Photovoltaic,solar,PV,Photovoltaic,SUN,Solar,1.4,1.4,1.4,T,Regulatory approvals received. Not under construction,2027-03-01
eia860:70030:FABIU,generator,Fabius CSG LLC,US-NY,42.830007,-76.06217,5,under_construction,,Dimension Energy LLC,eia:860m,https://www.eia.gov/electricity/data/eia860m/xls/august_generator2026.xlsx,2026-09-26T00:04:26Z,2026-08,70030,FABIU,65677,NY,Onondaga,NYIS,IPP Non-CHP,Solar Photovoltaic,solar,PV,Photovoltaic,SUN,Solar,5,5,5,U,"Under construction, less than or equal to 50 percent complete",2026-11-01
eia860:70031:ZEBRA,generator,"Zebrawood Solar, LLC",US-IL,40.613821,-91.28497,2.5,under_construction,,Dimension Energy LLC,eia:860m,https://www.eia.gov/electricity/data/eia860m/xls/august_generator2026.xlsx,2026-09-26T00:04:26Z,2026-08,70031,ZEBRA,65677,IL,Hancock,MISO,IPP Non-CHP,Solar Photovoltaic,solar,PV,Photovoltaic,SUN,Solar,2.5,2.5,2.5,U,"Under construction, less than or equal to 50 percent complete",2026-10-01
eia860:70032:KEEFE,generator,Liberty Keefer Mill Road Solar LLC,US-PA,41.030468,-76.68827,3,planned,,Dimension Energy LLC,eia:860m,https://www.eia.gov/electricity/data/eia860m/xls/august_generator2026.xlsx,2026-09-26T00:04:26Z,2026-08,70032,KEEFE,65677,PA,Montour,PJM,IPP Non-CHP,Solar Photovoltaic,solar,PV,Photovoltaic,SUN,Solar,3,3,3,T,Regulatory approvals received. Not under construction,2028-06-01
eia860:70033:WT001,generator,White Tank Energy Storage,US-AZ,33.498,-112.3176,100,under_construction,,White Tank Energy Storage LLC,eia:860m,https://www.eia.gov/electricity/data/eia860m/xls/august_generator2026.xlsx,2026-09-26T00:04:26Z,2026-08,70033,WT001,67835,AZ,Maricopa,AZPS,IPP Non-CHP,Batteries,storage,BA,"Energy storage, battery",MWH,Electricity used for energy storage,100,100,100,U,"Under construction, less than or equal to 50 percent complete",2027-03-01
eia860:70034:ES,generator,"Evlou Solar, LLC",US-TX,31.507744,-106.0534,250,under_construction,,"Evlou Solar, LLC",eia:860m,https://www.eia.gov/electricity/data/eia860m/xls/august_generator2026.xlsx,2026-09-26T00:04:26Z,2026-08,70034,ES,67834,TX,El Paso,EPE,IPP Non-CHP,Solar Photovoltaic,solar,PV,Photovoltaic,SUN,Solar,250,250,250,U,"Under construction, less than or equal to 50 percent complete",2028-01-01
eia860:70034:ESS,generator,"Evlou Solar, LLC",US-TX,31.507744,-106.0534,250,under_construction,,"Evlou Solar, LLC",eia:860m,https://www.eia.gov/electricity/data/eia860m/xls/august_generator2026.xlsx,2026-09-26T00:04:26Z,2026-08,70034,ESS,67834,TX,El Paso,EPE,IPP Non-CHP,Batteries,storage,BA,"Energy storage, battery",MWH,Electricity used for energy storage,250,250,250,U,"Under construction, less than or equal to 50 percent complete",2028-01-01
eia860:70035:NSES,generator,"North Star Energy Storage, LLC",US-MN,45.480911,-92.90814,80,under_construction,,"North Star Energy Storage, LLC",eia:860m,https://www.eia.gov/electricity/data/eia860m/xls/august_generator2026.xlsx,2026-09-26T00:04:26Z,2026-08,70035,NSES,67833,MN,Chisago,MISO,IPP Non-CHP,Batteries,storage,BA,"Energy storage, battery",MWH,Electricity used for energy storage,80,80,80,U,"Under construction, less than or equal to 50 percent complete",2027-04-01
eia860:70046:GNDHG,generator,OER IL - Groundhog,US-IL,42.282505,-88.38802,2,under_construction,,Standard Solar,eia:860m,https://www.eia.gov/electricity/data/eia860m/xls/august_generator2026.xlsx,2026-09-26T00:04:26Z,2026-08,70046,GNDHG,60531,IL,McHenry,PJM,IPP Non-CHP,Solar Photovoltaic,solar,PV,Photovoltaic,SUN,Solar,2,2,2,TS,"Construction complete, but not yet in commercial operation",2026-09-01
eia860:70047:SSPV,generator,Selenite Springs Solar,US-TX,30.992503,-103.0571,250,planned,,NextEra Energy Resources - ERCOT,eia:860m,https://www.eia.gov/electricity/data/eia860m/xls/august_generator2026.xlsx,2026-09-26T00:04:26Z,2026-08,70047,SSPV,67843,TX,Pecos,ERCO,IPP Non-CHP,Solar Photovoltaic,solar,PV,Photovoltaic,SUN,Solar,250,250,250,L,Regulatory approvals pending. Not under construction,2027-12-01
eia860:70048:AIREX,generator,City of Milwaukee- Airport Expansion,US-WI,42.930271,-87.88801,4.6,under_construction,,WEC: City of Milwaukee - Airport Expansion,eia:860m,https://www.eia.gov/electricity/data/eia860m/xls/august_generator2026.xlsx,2026-09-26T00:04:26Z,2026-08,70048,AIREX,67844,WI,Milwaukee,MISO,IPP Non-CHP,Solar Photovoltaic,solar,PV,Photovoltaic,SUN,Solar,4.6,4.6,4.6,V,"Under construction, more than 50 percent complete",2026-09-01
eia860:70049:NUCPV,generator,Sierra Solar,US-AZ,35.129649,-114.0803,25,planned,,Sierra Solar LLC,eia:860m,https://www.eia.gov/electricity/data/eia860m/xls/august_generator2026.xlsx,2026-09-26T00:04:26Z,2026-08,70049,NUCPV,67845,AZ,Mohave,WALC,IPP Non-CHP,Solar Photovoltaic,solar,PV,Photovoltaic,SUN,Solar,25,25,25,T,Regulatory approvals received. Not under construction,2027-06-01
eia860:70050:DRENN,generator,Drennan Energy Storage,US-CO,38.772896,-104.6671,100,planned,,Drennan Energy Storage LLC,eia:860m,https://www.eia.gov/electricity/data/eia860m/xls/august_generator2026.xlsx,2026-09-26T00:04:26Z,2026-08,70050,DRENN,67846,CO,El Paso,SWPP,IPP Non-CHP,Batteries,storage,BA,"Energy storage, battery",MWH,Electricity used for energy storage,100,100,100,L,Regulatory approvals pending. Not under construction,2028-03-01
eia860:70051:GRISS,generator,Kearsarge Grissom,US-NH,43.344697,-72.37781,4,under_construction,,Kearsarge Grissom LLC,eia:860m,https://www.eia.gov/electricity/data/eia860m/xls/august_generator2026.xlsx,2026-09-26T00:04:26Z,2026-08,70051,GRISS,67847,NH,Sullivan,ISNE,IPP Non-CHP,Solar Photovoltaic,solar,PV,Photovoltaic,SUN,Solar,4,4,4,TS,"Construction complete, but not yet in commercial operation",2026-09-01
eia860:70053:SP250,generator,South Platte Storage,US-CO,40.12,-103.42,250,under_construction,,"South Platte Storage, LLC",eia:860m,https://www.eia.gov/electricity/data/eia860m/xls/august_generator2026.xlsx,2026-09-26T00:04:26Z,2026-08,70053,SP250,67848,CO,Morgan,PSCO,IPP Non-CHP,Batteries,storage,BA,"Energy storage, battery",MWH,Electricity used for energy storage,250,250,250,U,"Under construction, less than or equal to 50 percent complete",2027-06-01
eia860:70055:AA1,generator,Allen Acres Solar,US-IL,41.11792,-88.64038,150,planned,,Avangrid Power LLC,eia:860m,https://www.eia.gov/electricity/data/eia860m/xls/august_generator2026.xlsx,2026-09-26T00:04:26Z,2026-08,70055,AA1,15399,IL,LaSalle,PJM,IPP Non-CHP,Solar Photovoltaic,solar,PV,Photovoltaic,SUN,Solar,150,150,150,P,"Planned for installation, but regulatory approvals not initiated",2029-05-01
eia860:70075:409,generator,Bigler - PA 0409 (Flango 1),US-PA,40.803436,-78.42275,3,under_construction,,CVE US PA Bigler 409 LLC,eia:860m,https://www.eia.gov/electricity/data/eia860m/xls/august_generator2026.xlsx,2026-09-26T00:04:26Z,2026-08,70075,409,67855,PA,Clearfield,PJM,IPP Non-CHP,Solar Photovoltaic,solar,PV,Photovoltaic,SUN,Solar,3,3,3,U,"Under construction, less than or equal to 50 percent complete",2027-11-01
eia860:70076:436,generator,Bigler - PA 0436 (Flango 2),US-PA,40.80344,-78.42252,3,under_construction,,CVE US PA Bigler 436 LLC,eia:860m,https://www.eia.gov/electricity/data/eia860m/xls/august_generator2026.xlsx,2026-09-26T00:04:26Z,2026-08,70076,436,67856,PA,Clearfield,PJM,IPP Non-CHP,Solar Photovoltaic,solar,PV,Photovoltaic,SUN,Solar,3,3,3,U,"Under construction, less than or equal to 50 percent complete",2028-02-01
eia860:70077:437,generator,Bigler - PA 0437 (Flango 3),US-PA,40.80344,-78.42275,3,under_construction,,CVE US PA Bigler 437 LLC,eia:860m,https://www.eia.gov/electricity/data/eia860m/xls/august_generator2026.xlsx,2026-09-26T00:04:26Z,2026-08,70077,437,67857,PA,Clearfield,PJM,IPP Non-CHP,Solar Photovoltaic,solar,PV,Photovoltaic,SUN,Solar,3,3,3,U,"Under construction, less than or equal to 50 percent complete",2027-12-01
eia860:70078:438,generator,Bigler - PA 0438 (Flango 4),US-PA,40.80344,-78.42275,2,under_construction,,CVE US PA Bigler 438 LLC,eia:860m,https://www.eia.gov/electricity/data/eia860m/xls/august_generator2026.xlsx,2026-09-26T00:04:26Z,2026-08,70078,438,67858,PA,Clearfield,PJM,IPP Non-CHP,Solar Photovoltaic,solar,PV,Photovoltaic,SUN,Solar,2,2,2,U,"Under construction, less than or equal to 50 percent complete",2027-12-01
eia860:70079:151,generator,Buckingham - PA 0151 (Crea),US-PA,41.86605,-78.42275,3,under_construction,,CVE US PA BUCKINGHAM 151 LLC,eia:860m,https://www.eia.gov/electricity/data/eia860m/xls/august_generator2026.xlsx,2026-09-26T00:04:26Z,2026-08,70079,151,67859,PA,Wayne,PJM,IPP Non-CHP,Solar Photovoltaic,solar,PV,Photovoltaic,SUN,Solar,3,3,3,U,"Under construction, less than or equal to 50 percent complete",2027-11-01
eia860:70080:396,generator,Burrell - PA 0396 (Copeland),US-PA,40.65921,-79.43822,3,under_construction,,CVE US PA Burrell 396 LLC,eia:860m,https://www.eia.gov/electricity/data/eia860m/xls/august_generator2026.xlsx,2026-09-26T00:04:26Z,2026-08,70080,396,67860,PA,Armstrong,PJM,IPP Non-CHP,Solar Photovoltaic,solar,PV,Photovoltaic,SUN,Solar,3,3,3,U,"Under construction, less than or equal to 50 percent complete",2027-11-01
eia860:70081:379,generator,CVE US PA Dayton 379,US-PA,40.89056,-79.27027,3,under_construction,,CVE US PA Dayton 379 LLC,eia:860m,https://www.eia.gov/electricity/data/eia860m/xls/august_generator2026.xlsx,2026-09-26T00:04:26Z,2026-08,70081,379,67861,PA,Armstrong,PJM,IPP Non-CHP,Solar Photovoltaic,solar,PV,Photovoltaic,SUN,Solar,3,3,3,U,"Under construction, less than or equal to 50 percent complete",2027-11-01
eia860:70082:404,generator,Dayton - PA 0404 (Good East),US-PA,40.89056,-79.27027,2.5,under_construction,,CVE US PA Dayton 404 LLC,eia:860m,https://www.eia.gov/electricity/data/eia860m/xls/august_generator2026.xlsx,2026-09-26T00:04:26Z,2026-08,70082,404,67862,PA,Armstrong,PJM,IPP Non-CHP,Solar Photovoltaic,solar,PV,Photovoltaic,SUN,Solar,2.5,2.5,2.5,U,"Under construction, less than or equal to 50 percent complete",2027-12-01
eia860:70083:399,generator,Jones - PA 0399 (Rhodes),US-PA,41.564214,-78.69733,3,under_construction,,CVE US PA Jones 399 LLC,eia:860m,https://www.eia.gov/electricity/data/eia860m/xls/august_generator2026.xlsx,2026-09-26T00:04:26Z,2026-08,70083,399,67863,PA,Elk,PJM,IPP Non-CHP,Solar Photovoltaic,solar,PV,Photovoltaic,SUN,Solar,3,3,3,U,"Under construction, less than or equal to 50 percent complete",2027-11-01
eia860:70084:AC,generator,Alligator Creek Solar,US-GA,32.104,-82.844,80,under_construction,,"Alligator Creek Solar, LLC",eia:860m,https://www.eia.gov/electricity/data/eia860m/xls/august_generator2026.xlsx,2026-09-26T00:04:26Z,2026-08,70084,AC,67864,GA,Wheeler,SOCO,IPP Non-CHP,Solar Photovoltaic,solar,PV,Photovoltaic,SUN,Solar,80,80,80,V,"Under construction, more than 50 percent complete",2026-09-01
eia860:70089:MURCH,generator,"Murch Solar, LLC",US-MI,42.401,-86.03,85,under_construction,,"Murch Solar, LLC",eia:860m,https://www.eia.gov/electricity/data/eia860m/xls/august_generator2026.xlsx,2026-09-26T00:04:26Z,2026-08,70089,MURCH,67865,MI,Van Buren,PJM,IPP Non-CHP,Solar Photovoltaic,solar,PV,Photovoltaic,SUN,Solar,85,85,85,V,"Under construction, more than 50 percent complete",2027-01-01
eia860:70090:SNPDR,generator,"Snapdragon Solar, LLC",US-IL,38.1703,-89.5532,28,under_construction,,"Snapdragon Solar, LLC",eia:860m,https://www.eia.gov/electricity/data/eia860m/xls/august_generator2026.xlsx,2026-09-26T00:04:26Z,2026-08,70090,SNPDR,67867,IL,Perry,MISO,IPP Non-CHP,Solar Photovoltaic,solar,PV,Photovoltaic,SUN,Solar,28,28,28,TS,"Construction complete, but not yet in commercial operation",2026-12-01
eia860:70092:2BLUE,generator,"Two Blues Solar, LLC",US-IL,38.1633,-89.37,40,under_construction,,"Two Blues Solar, LLC",eia:860m,https://www.eia.gov/electricity/data/eia860m/xls/august_generator2026.xlsx,2026-09-26T00:04:26Z,2026-08,70092,2BLUE,67868,IL,Perry,MISO,IPP Non-CHP,Solar Photovoltaic,solar,PV,Photovoltaic,SUN,Solar,40,40,40,V,"Under construction, more than 50 percent complete",2027-01-01
eia860:70093:WSPV1,generator,Wallace Solar - (TX),US-TX,31.917641,-104.3148,36,under_construction,,"Delaware Ranch Solar, LLC",eia:860m,https://www.eia.gov/electricity/data/eia860m/xls/august_generator2026.xlsx,2026-09-26T00:04:26Z,2026-08,70093,WSPV1,67869,TX,Culberson,ERCO,Industrial Non-CHP,Solar Photovoltaic,solar,PV,Photovoltaic,SUN,Solar,36,36,36,TS,"Construction complete, but not yet in commercial operation",2026-11-01
eia860:70095:IN015,generator,Perris DC 5 - sline015,US-CA,33.850185,-117.2322,1.6,under_construction,,Prologis Logistics Services Incorporated,eia:860m,https://www.eia.gov/electricity/data/eia860m/xls/august_generator2026.xlsx,2026-09-26T00:04:26Z,2026-08,70095,IN015,65869,CA,Riverside,CISO,IPP Non-CHP,Solar Photovoltaic,solar,PV,Photovoltaic,SUN,Solar,1.6,1.6,1.6,TS,"Construction complete, but not yet in commercial operation",2026-09-01
eia860:70097:SSB,generator,Sherco BESS,US-MN,45.372125,-93.89978,300,under_construction,,Northern States Power Co - Minnesota,eia:860m,https://www.eia.gov/electricity/data/eia860m/xls/august_generator2026.xlsx,2026-09-26T00:04:26Z,2026-08,70097,SSB,13781,MN,Sherburne,MISO,Electric Utility,Batteries,storage,BA,"Energy storage, battery",MWH,Electricity used for energy storage,300,300,300,U,"Under construction, less than or equal to 50 percent complete",2027-12-01
eia860:70097:SWB,generator,Sherco BESS,US-MN,45.372125,-93.89978,300,under_construction,,Northern States Power Co - Minnesota,eia:860m,https://www.eia.gov/electricity/data/eia860m/xls/august_generator2026.xlsx,2026-09-26T00:04:26Z,2026-08,70097,SWB,13781,MN,Sherburne,MISO,Electric Utility,Batteries,storage,BA,"Energy storage, battery",MWH,Electricity used for energy storage,300,300,300,U,"Under construction, less than or equal to 50 percent complete",2027-11-01
eia860:70098:BEB,generator,Blue Lake BESS,US-MN,44.786793,-93.4269,135.5,under_construction,,Northern States Power Co - Minnesota,eia:860m,https://www.eia.gov/electricity/data/eia860m/xls/august_generator2026.xlsx,2026-09-26T00:04:26Z,2026-08,70098,BEB,13781,MN,Scott,MISO,Electric Utility,Batteries,storage,BA,"Energy storage, battery",MWH,Electricity used for energy storage,135.5,135.5,135.5,U,"Under construction, less than or equal to 50 percent complete",2027-05-01
eia860:70099:IL007,generator,Pivot Energy IL 7 LLC,US-IL,40.268856,-89.23746,1.4,under_construction,,Pivot Energy,eia:860m,https://www.eia.gov/electricity/data/eia860m/xls/august_generator2026.xlsx,2026-09-26T00:04:26Z,2026-08,70099,IL007,65539,IL,Logan,MISO,IPP Non-CHP,Solar Photovoltaic,solar,PV,Photovoltaic,SUN,Solar,1.4,1.4,1.4,V,"Under construction, more than 50 percent complete",2026-09-01
eia860:70100:IL070,generator,Pivot Energy IL 70 LLC,US-IL,42.227709,-88.8679,5,under_construction,,Pivot Energy,eia:860m,https://www.eia.gov/electricity/data/eia860m/xls/august_generator2026.xlsx,2026-09-26T00:04:26Z,2026-08,70100,IL070,65539,IL,Boone,PJM,IPP Non-CHP,Solar Photovoltaic,solar,PV,Photovoltaic,SUN,Solar,5,5,5,V,"Under construction, more than 50 percent complete",2027-02-01
eia860:70101:PA29B,generator,Pivot Energy PPA 29 LLC,US-CA,38.828466,-121.3049,0.1,under_construction,,Pivot Energy,eia:860m,https://www.eia.gov/electricity/data/eia860m/xls/august_generator2026.xlsx,2026-09-26T00:04:26Z,2026-08,70101,PA29B,65539,CA,Placer,CISO,IPP Non-CHP,Batteries,storage,BA,"Energy storage, battery",MWH,Electricity used for energy storage,0.1,0.1,0.1,V,"Under construction, more than 50 percent complete",2026-11-01
eia860:70101:PPA29,generator,Pivot Energy PPA 29 LLC,US-CA,38.828466,-121.3049,2.2,under_construction,,Pivot Energy,eia:860m,https://www.eia.gov/electricity/data/eia860m/xls/august_generator2026.xlsx,2026-09-26T00:04:26Z,2026-08,70101,PPA29,65539,CA,Placer,CISO,IPP Non-CHP,Solar Photovoltaic,solar,PV,Photovoltaic,SUN,Solar,2.2,2.2,2.2,V,"Under construction, more than 50 percent complete",2026-11-01
eia860:70102:PS33,generator,Pivot Solar 33 LLC,US-CO,40.32508,-104.731,5,under_construction,,Pivot Energy,eia:860m,https://www.eia.gov/electricity/data/eia860m/xls/august_generator2026.xlsx,2026-09-26T00:04:26Z,2026-08,70102,PS33,65539,CO,Weld,PSCO,IPP Non-CHP,Solar Photovoltaic,solar,PV,Photovoltaic,SUN,Solar,5,5,5,V,"Under construction, more than 50 percent complete",2027-01-01
eia860:70103:PS43,generator,Pivot Solar 43 LLC,US-CO,39.748549,-104.6673,3.5,under_construction,,Pivot Energy,eia:860m,https://www.eia.gov/electricity/data/eia860m/xls/august_generator2026.xlsx,2026-09-26T00:04:26Z,2026-08,70103,PS43,65539,CO,Adams,PSCO,IPP Non-CHP,Solar Photovoltaic,solar,PV,Photovoltaic,SUN,Solar,3.5,3.5,3.5,V,"Under construction, more than 50 percent complete",2026-09-01
eia860:70104:PS53,generator,Pivot Solar 53 LLC,US-CO,39.748549,-104.6673,4,under_construction,,Pivot Energy,eia:860m,https://www.eia.gov/electricity/data/eia860m/xls/august_generator2026.xlsx,2026-09-26T00:04:26Z,2026-08,70104,PS53,65539,CO,Adams,PSCO,IPP Non-CHP,Solar Photovoltaic,solar,PV,Photovoltaic,SUN,Solar,4,4,4,V,"Under construction, more than 50 percent complete",2026-11-01
eia860:70105:GDNAB,generator,Gardenia 1,US-CA,35.790785,-119.8777,3,planned,,ZGlobal Inc,eia:860m,https://www.eia.gov/electricity/data/eia860m/xls/august_generator2026.xlsx,2026-09-26T00:04:26Z,2026-08,70105,GDNAB,60059,CA,Kings,CISO,IPP Non-CHP,Batteries,storage,BA,"Energy storage, battery",MWH,Electricity used for energy storage,3,3,3,P,"Planned for installation, but regulatory approvals not initiated",2027-06-01
eia860:70105:GDNAS,generator,Gardenia 1,US-CA,35.790785,-119.8777,3,planned,,ZGlobal Inc,eia:860m,https://www.eia.gov/electricity/data/eia860m/xls/august_generator2026.xlsx,2026-09-26T00:04:26Z,2026-08,70105,GDNAS,60059,CA,Kings,CISO,IPP Non-CHP,Solar Photovoltaic,solar,PV,Photovoltaic,SUN,Solar,3,3,3,P,"Planned for installation, but regulatory approvals not initiated",2027-06-01
eia860:70106:JADEB,generator,Jade Solar 3,US-CA,37.056528,-119.9805,1.5,planned,,ZGlobal Inc,eia:860m,https://www.eia.gov/electricity/data/eia860m/xls/august_generator2026.xlsx,2026-09-26T00:04:26Z,2026-08,70106,JADEB,60059,CA,Madera,CISO,IPP Non-CHP,Batteries,storage,BA,"Energy storage, battery",MWH,Electricity used for energy storage,1.5,1.5,1.5,P,"Planned for installation, but regulatory approvals not initiated",2027-06-01
eia860:70106:JADES,generator,Jade Solar 3,US-CA,37.056528,-119.9805,1.5,planned,,ZGlobal Inc,eia:860m,https://www.eia.gov/electricity/data/eia860m/xls/august_generator2026.xlsx,2026-09-26T00:04:26Z,2026-08,70106,JADES,60059,CA,Madera,CISO,IPP Non-CHP,Solar Photovoltaic,solar,PV,Photovoltaic,SUN,Solar,1.5,1.5,1.5,P,"Planned for installation, but regulatory approvals not initiated",2027-06-01
eia860:70107:MSP,generator,Mills Solar Project,US-IA,41.033333,-95.45192,50,under_construction,,MidAmerican Energy Co,eia:860m,https://www.eia.gov/electricity/data/eia860m/xls/august_generator2026.xlsx,2026-09-26T00:04:26Z,2026-08,70107,MSP,12341,IA,Mills,MISO,Electric Utility,Solar Photovoltaic,solar,PV,Photovoltaic,SUN,Solar,50,50,50,U,"Under construction, less than or equal to 50 percent complete",2026-12-01
eia860:70108:PIKE,generator,PIKE Solar,US-IL,38.9577,-89.169,18,under_construction,,"Pike Solar, LLC",eia:860m,https://www.eia.gov/electricity/data/eia860m/xls/august_generator2026.xlsx,2026-09-26T00:04:26Z,2026-08,70108,PIKE,67866,IL,Fayette,MISO,IPP Non-CHP,Solar Photovoltaic,solar,PV,Photovoltaic,SUN,Solar,18,18,18,V,"Under construction, more than 50 percent complete",2026-11-01
eia860:70109:JASBE,generator,Jasmine,US-CA,35.1006,-119.1187,64.4,under_construction,,AES Clean Energy,eia:860m,https://www.eia.gov/electricity/data/eia860m/xls/august_generator2026.xlsx,2026-09-26T00:04:26Z,2026-08,70109,JASBE,64904,CA,Kern,CISO,IPP Non-CHP,Batteries,storage,BA,"Energy storage, battery",MWH,Electricity used for energy storage,64.4,64.4,64.4,V,"Under construction, more than 50 percent complete",2027-12-01
eia860:70109:JASMI,generator,Jasmine,US-CA,35.1006,-119.1187,70,under_construction,,AES Clean Energy,eia:860m,https://www.eia.gov/electricity/data/eia860m/xls/august_generator2026.xlsx,2026-09-26T00:04:26Z,2026-08,70109,JASMI,64904,CA,Kern,CISO,IPP Non-CHP,Solar Photovoltaic,solar,PV,Photovoltaic,SUN,Solar,70,70,70,V,"Under construction, more than 50 percent complete",2027-12-01
eia860:70114:363,generator,New Alexandria  - PA 0363 (Weimer North),US-PA,40.40255,-79.42806,1.5,under_construction,,CVE US PA New Alexandria 363 LLC,eia:860m,https://www.eia.gov/electricity/data/eia860m/xls/august_generator2026.xlsx,2026-09-26T00:04:26Z,2026-08,70114,363,67884,PA,Westmoreland,PJM,IPP Non-CHP,Solar Photovoltaic,solar,PV,Photovoltaic,SUN,Solar,1.5,1.5,1.5,U,"Under construction, less than or equal to 50 percent complete",2027-12-01
eia860:70115:GEN1,generator,Fort Lyon Solar,US-CO,38.081,-103.133,1.8,planned,,"Clay Creek Energy, LLC",eia:860m,https://www.eia.gov/electricity/data/eia860m/xls/august_generator2026.xlsx,2026-09-26T00:04:26Z,2026-08,70115,GEN1,67897,CO,Bent,WACM,IPP Non-CHP,Solar Photovoltaic,solar,PV,Photovoltaic,SUN,Solar,1.8,1.8,1.8,L,Regulatory approvals pending. Not under construction,2027-03-01
eia860:70116:GEN1,generator,La Junta Solar,US-CO,38.038,-103.5237,4.8,planned,,"Clay Creek Energy, LLC",eia:860m,https://www.eia.gov/electricity/data/eia860m/xls/august_generator2026.xlsx,2026-09-26T00:04:26Z,2026-08,70116,GEN1,67897,CO,Otero,WACM,IPP Non-CHP,Solar Photovoltaic,solar,PV,Photovoltaic,SUN,Solar,4.8,4.8,4.8,L,Regulatory approvals pending. Not under construction,2027-03-01
eia860:70117:GEN1,generator,Lamar Solar,US-CO,38.043192,-102.5922,4.8,planned,,"Clay Creek Energy, LLC",eia:860m,https://www.eia.gov/electricity/data/eia860m/xls/august_generator2026.xlsx,2026-09-26T00:04:26Z,2026-08,70117,GEN1,67897,CO,Prowers,WACM,IPP Non-CHP,Solar Photovoltaic,solar,PV,Photovoltaic,SUN,Solar,4.8,4.8,4.8,L,Regulatory approvals pending. Not under construction,2027-03-01
eia860:70118:GEN1,generator,Trinidad Solar,US-CO,37.185879,-104.4924,1.8,planned,,"Clay Creek Energy, LLC",eia:860m,https://www.eia.gov/electricity/data/eia860m/xls/august_generator2026.xlsx,2026-09-26T00:04:26Z,2026-08,70118,GEN1,67897,CO,Las Animas,WACM,IPP Non-CHP,Solar Photovoltaic,solar,PV,Photovoltaic,SUN,Solar,1.8,1.8,1.8,L,Regulatory approvals pending. Not under construction,2027-03-01
eia860:70119:GEN1,generator,Raceway Solar - (CO),US-CO,40.262222,-103.8292,7,planned,,"Raceway Solar, LLC",eia:860m,https://www.eia.gov/electricity/data/eia860m/xls/august_generator2026.xlsx,2026-09-26T00:04:26Z,2026-08,70119,GEN1,67898,CO,Morgan,SWPP,IPP Non-CHP,Solar Photovoltaic,solar,PV,Photovoltaic,SUN,Solar,7,7,7,L,Regulatory approvals pending. Not under construction,2027-04-01
eia860:70120:185,generator,New Alexandria - PA 0185 (Weimer),US-PA,40.40255,-79.42805,3,under_construction,,CVE US PA New Alexandria 185 LLC,eia:860m,https://www.eia.gov/electricity/data/eia860m/xls/august_generator2026.xlsx,2026-09-26T00:04:26Z,2026-08,70120,185,67885,PA,Westmoreland,PJM,IPP Non-CHP,Solar Photovoltaic,solar,PV,Photovoltaic,SUN,Solar,3,3,3,U,"Under construction, less than or equal to 50 percent complete",2027-12-01
eia860:70123:224,generator,Petersburg - VA 0224 (Murphy),US-VA,37.24348,-77.43647,2.6,under_construction,,CVE US VA Petersburg 224 LLC,eia:860m,https://www.eia.gov/electricity/data/eia860m/xls/august_generator2026.xlsx,2026-09-26T00:04:26Z,2026-08,70123,224,67886,VA,Chesterfield,PJM,IPP Non-CHP,Solar Photovoltaic,solar,PV,Photovoltaic,SUN,Solar,2.6,2.6,2.6,U,"Under construction, less than or equal to 50 percent complete",2027-12-01
eia860:70126:467,generator,Roulette - PA 0467,US-PA,41.777,-78.1995,2.6,under_construction,,CVE US PA Roulette 467 LLC,eia:860m,https://www.eia.gov/electricity/data/eia860m/xls/august_generator2026.xlsx,2026-09-26T00:04:26Z,2026-08,70126,467,67887,PA,Potter,PJM,IPP Non-CHP,Solar Photovoltaic,solar,PV,Photovoltaic,SUN,Solar,2.6,2.6,2.6,U,"Under construction, less than or equal to 50 percent complete",2027-12-01
eia860:70128:479,generator,Roulette - PA 0479,US-PA,41.777,-78.1995,1.1,under_construction,,CVE US PA Roulette 479 LLC,eia:860m,https://www.eia.gov/electricity/data/eia860m/xls/august_generator2026.xlsx,2026-09-26T00:04:26Z,2026-08,70128,479,67888,PA,Potter,PJM,IPP Non-CHP,Solar Photovoltaic,solar,PV,Photovoltaic,SUN,Solar,1.1,1.1,1.1,U,"Under construction, less than or equal to 50 percent complete",2027-12-01
eia860:70130:141,generator,Suffolk - VA 0141 (Johnson South),US-VA,36.70257,-76.79211,5,under_construction,,CVE US VA Suffolk 141 LLC,eia:860m,https://www.eia.gov/electricity/data/eia860m/xls/august_generator2026.xlsx,2026-09-26T00:04:26Z,2026-08,70130,141,67889,VA,Suffolk City,TVA,IPP Non-CHP,Solar Photovoltaic,solar,PV,Photovoltaic,SUN,Solar,5,5,5,U,"Under construction, less than or equal to 50 percent complete",2027-11-01
eia860:70132:426,generator,Waynesboro - VA 0426 (Patterson B),US-VA,38.14701,-78.87457,5,under_construction,,CVE US VA Patterson 426 LLC,eia:860m,https://www.eia.gov/electricity/data/eia860m/xls/august_generator2026.xlsx,2026-09-26T00:04:26Z,2026-08,70132,426,67890,VA,Augusta,PJM,IPP Non-CHP,Solar Photovoltaic,solar,PV,Photovoltaic,SUN,Solar,5,5,5,U,"Under construction, less than or equal to 50 percent complete",2027-11-01
eia860:70134:243,generator,Westhampton - NY 0243 (Giaquinto 1),US-NY,40.83636,-72.69044,5,under_construction,,CVE US NY Westhampton 243 LLC,eia:860m,https://www.eia.gov/electricity/data/eia860m/xls/august_generator2026.xlsx,2026-09-26T00:04:26Z,2026-08,70134,243,67891,NY,Suffolk,NYIS,IPP Non-CHP,Solar Photovoltaic,solar,PV,Photovoltaic,SUN,Solar,5,5,5,U,"Under construction, less than or equal to 50 percent complete",2027-09-01
eia860:70135:SWNSN,generator,Swenson Solar,US-TX,32.985403,-100.0292,600,under_construction,,Swenson Solar LLC,eia:860m,https://www.eia.gov/electricity/data/eia860m/xls/august_generator2026.xlsx,2026-09-26T00:04:26Z,2026-08,70135,SWNSN,67901,TX,Stonewall,ERCO,IPP Non-CHP,Solar Photovoltaic,solar,PV,Photovoltaic,SUN,Solar,600,600,600,U,"Under construction, less than or equal to 50 percent complete",2026-11-01
eia860:70136:MORL1,generator,Morel Energy Storage,US-CO,40.469217,-107.6032,200,planned,,Morel Energy Storage LLC,eia:860m,https://www.eia.gov/electricity/data/eia860m/xls/august_generator2026.xlsx,2026-09-26T00:04:26Z,2026-08,70136,MORL1,67900,CO,Moffat,SWPP,IPP Non-CHP,Batteries,storage,BA,"Energy storage, battery",MWH,Electricity used for energy storage,200,200,200,T,Regulatory approvals received. Not under construction,2030-12-01
eia860:70137:DL250,generator,Dry Land Prairie Energy Storage,US-CO,38.99974,-102.4943,250,under_construction,,"Dry Land Prairie Energy Storage, LLC",eia:860m,https://www.eia.gov/electricity/data/eia860m/xls/august_generator2026.xlsx,2026-09-26T00:04:26Z,2026-08,70137,DL250,67912,CO,Cheyenne,PSCO,IPP Non-CHP,Batteries,storage,BA,"Energy storage, battery",MWH,Electricity used for energy storage,250,250,250,U,"Under construction, less than or equal to 50 percent complete",2026-12-01
eia860:70138:CRAW1,generator,Crawfish Creek Energy Storage,US-AL,34.83057,-85.66845,200,planned,,Crawfish Creek Energy Storage LLC,eia:860m,https://www.eia.gov/electricity/data/eia860m/xls/august_generator2026.xlsx,2026-09-26T00:04:26Z,2026-08,70138,CRAW1,67914,AL,Jackson,TVA,IPP Non-CHP,Batteries,storage,BA,"Energy storage, battery",MWH,Electricity used for energy storage,200,200,200,T,Regulatory approvals received. Not under construction,2029-06-01
eia860:70164:406,generator,Kittanning - PA 0406 (Hoeter B),US-PA,40.82161,-79.33393,3,under_construction,,CVE US PA Kittanning 406 LLC,eia:860m,https://www.eia.gov/electricity/data/eia860m/xls/august_generator2026.xlsx,2026-09-26T00:04:26Z,2026-08,70164,406,67896,PA,Armstrong,PJM,IPP Non-CHP,Solar Photovoltaic,solar,PV,Photovoltaic,SUN,Solar,3,3,3,U,"Under construction, less than or equal to 50 percent complete",2028-12-01
eia860:70165:407,generator,Kittanning - PA 0407 (Hoeter C),US-PA,40.82161,-79.33393,3,under_construction,,CVE US PA Kittanning 407 LLC,eia:860m,https://www.eia.gov/electricity/data/eia860m/xls/august_generator2026.xlsx,2026-09-26T00:04:26Z,2026-08,70165,407,67903,PA,Armstrong,PJM,IPP Non-CHP,Solar Photovoltaic,solar,PV,Photovoltaic,SUN,Solar,3,3,3,U,"Under construction, less than or equal to 50 percent complete",2028-12-01
eia860:70166:385,generator,Unity - PA 0385 (Soccerhound),US-PA,40.25174,-79.35354,3,under_construction,,CVE US PA Latrobe 385 LLC,eia:860m,https://www.eia.gov/electricity/data/eia860m/xls/august_generator2026.xlsx,2026-09-26T00:04:26Z,2026-08,70166,385,67904,PA,Clearfield,PJM,IPP Non-CHP,Solar Photovoltaic,solar,PV,Photovoltaic,SUN,Solar,3,3,3,U,"Under construction, less than or equal to 50 percent complete",2027-11-01
eia860:70167:408,generator,Latrobe - PA 0408 (Soccerhound B),US-PA,40.25174,-79.35354,1,under_construction,,CVE US PA Latrobe 408 LLC,eia:860m,https://www.eia.gov/electricity/data/eia860m/xls/august_generator2026.xlsx,2026-09-26T00:04:26Z,2026-08,70167,408,67905,PA,Clearfield,PJM,IPP Non-CHP,Solar Photovoltaic,solar,PV,Photovoltaic,SUN,Solar,1,1,1,U,"Under construction, less than or equal to 50 percent complete",2027-12-01
eia860:70168:485,generator,Monroe - PA 0485 (Lawrence),US-PA,41.11339,-79.4146,2.4,under_construction,,CVE US PA Monroe 485 LLC,eia:860m,https://www.eia.gov/electricity/data/eia860m/xls/august_generator2026.xlsx,2026-09-26T00:04:26Z,2026-08,70168,485,67906,PA,Clarion,PJM,IPP Non-CHP,Solar Photovoltaic,solar,PV,Photovoltaic,SUN,Solar,2.4,2.4,2.4,U,"Under construction, less than or equal to 50 percent complete",2027-12-01
eia860:70169:486,generator,Monroe - PA 0486 (Acey),US-PA,41.13178,-79.4476,3,under_construction,,CVE US PA Monroe 486 LLC,eia:860m,https://www.eia.gov/electricity/data/eia860m/xls/august_generator2026.xlsx,2026-09-26T00:04:26Z,2026-08,70169,486,67907,PA,Clarion,PJM,IPP Non-CHP,Solar Photovoltaic,solar,PV,Photovoltaic,SUN,Solar,3,3,3,U,"Under construction, less than or equal to 50 percent complete",2027-12-01
eia860:70170:429,generator,Jones - PA 0429 (Rhodes South),US-PA,41.56421,-78.69733,3,under_construction,,CVE US PA Jones 429 LLC,eia:860m,https://www.eia.gov/electricity/data/eia860m/xls/august_generator2026.xlsx,2026-09-26T00:04:26Z,2026-08,70170,429,67908,PA,Elk,PJM,IPP Non-CHP,Solar Photovoltaic,solar,PV,Photovoltaic,SUN,Solar,3,3,3,U,"Under construction, less than or equal to 50 percent complete",2027-10-01
eia860:70171:187,generator,Wetmore - PA 0187 (Chittester),US-PA,41.66753,-78.73295,3,under_construction,,CVE US PA Kane 187 LLC,eia:860m,https://www.eia.gov/electricity/data/eia860m/xls/august_generator2026.xlsx,2026-09-26T00:04:26Z,2026-08,70171,187,67909,PA,McKean,PJM,IPP Non-CHP,Solar Photovoltaic,solar,PV,Photovoltaic,SUN,Solar,3,3,3,U,"Under construction, less than or equal to 50 percent complete",2027-11-01
eia860:70172:383,generator,Kittanning - PA 0383 (Hoeter),US-PA,40.82161,-79.33393,3,under_construction,,CVE US PA Kittanning 383 LLC,eia:860m,https://www.eia.gov/electricity/data/eia860m/xls/august_generator2026.xlsx,2026-09-26T00:04:26Z,2026-08,70172,383,67910,PA,Armstrong,PJM,IPP Non-CHP,Solar Photovoltaic,solar,PV,Photovoltaic,SUN,Solar,3,3,3,U,"Under construction, less than or equal to 50 percent complete",2027-11-01
eia860:70175:ZSPV,generator,ZSS Solar,US-TX,33.479935,-99.67475,450,planned,,NextEra Energy Resources - ERCOT,eia:860m,https://www.eia.gov/electricity/data/eia860m/xls/august_generator2026.xlsx,2026-09-26T00:04:26Z,2026-08,70175,ZSPV,67843,TX,Knox,ERCO,IPP Non-CHP,Solar Photovoltaic,solar,PV,Photovoltaic,SUN,Solar,450,450,450,T,Regulatory approvals received. Not under construction,2027-12-01
eia860:70176:KIESE,generator,Kieser,US-IL,40.4396,-89.0078,5,under_construction,,AES Clean Energy,eia:860m,https://www.eia.gov/electricity/data/eia860m/xls/august_generator2026.xlsx,2026-09-26T00:04:26Z,2026-08,70176,KIESE,64904,IL,McLean,MISO,IPP Non-CHP,Solar Photovoltaic,solar,PV,Photovoltaic,SUN,Solar,5,5,5,V,"Under construction, more than 50 percent complete",2026-10-01
eia860:70177:ALLEN,generator,Allen CSG,US-IL,40.9166,-89.5273,5,under_construction,,AES Clean Energy,eia:860m,https://www.eia.gov/electricity/data/eia860m/xls/august_generator2026.xlsx,2026-09-26T00:04:26Z,2026-08,70177,ALLEN,64904,IL,Peoria,MISO,IPP Non-CHP,Solar Photovoltaic,solar,PV,Photovoltaic,SUN,Solar,5,5,5,V,"Under construction, more than 50 percent complete",2027-01-01
eia860:70178:CBLT,generator,Cobalt,US-CA,33.571,-118.1789,250,under_construction,,RE Cobalt LLC,eia:860m,https://www.eia.gov/electricity/data/eia860m/xls/august_generator2026.xlsx,2026-09-26T00:04:26Z,2026-08,70178,CBLT,67917,CA,Riverside,CISO,IPP Non-CHP,Solar Photovoltaic,solar,PV,Photovoltaic,SUN,Solar,250,250,250,U,"Under construction, less than or equal to 50 percent complete",2027-08-01
eia860:70181:CN001,generator,Prologis - SLCNJ001 - Community Solar,US-NJ,40.56877,-74.49457,3.2,under_construction,,Prologis Logistics Services Incorporated,eia:860m,https://www.eia.gov/electricity/data/eia860m/xls/august_generator2026.xlsx,2026-09-26T00:04:26Z,2026-08,70181,CN001,65869,NJ,Middlesex,PJM,IPP Non-CHP,Solar Photovoltaic,solar,PV,Photovoltaic,SUN,Solar,3.2,3.2,3.2,TS,"Construction complete, but not yet in commercial operation",2026-09-01
eia860:70182:PV1,generator,Steger,US-IL,41.4701,-87.5793,2,under_construction,,Steger Road Solar 1 LLC,eia:860m,https://www.eia.gov/electricity/data/eia860m/xls/august_generator2026.xlsx,2026-09-26T00:04:26Z,2026-08,70182,PV1,67915,IL,Cook,PJM,IPP Non-CHP,Solar Photovoltaic,solar,PV,Photovoltaic,SUN,Solar,2,2,2,V,"Under construction, more than 50 percent complete",2026-09-01
eia860:70183:FSPV,generator,Flatland Solar,US-TX,32.618367,-100.9789,180,planned,,"Flatland Solar Energy, LLC",eia:860m,https://www.eia.gov/electricity/data/eia860m/xls/august_generator2026.xlsx,2026-09-26T00:04:26Z,2026-08,70183,FSPV,67918,TX,Scurry,ERCO,IPP Non-CHP,Solar Photovoltaic,solar,PV,Photovoltaic,SUN,Solar,180,180,180,L,Regulatory approvals pending. Not under construction,2027-11-01
eia860:70185:PV1,generator,Copenhagen Ct,US-IL,41.939381,-87.91775,3.5,under_construction,,"11601 Copenhagen Ct, LLC",eia:860m,https://www.eia.gov/electricity/data/eia860m/xls/august_generator2026.xlsx,2026-09-26T00:04:26Z,2026-08,70185,PV1,67913,IL,Cook,PJM,IPP Non-CHP,Solar Photovoltaic,solar,PV,Photovoltaic,SUN,Solar,3.5,3.5,3.5,V,"Under construction, more than 50 percent complete",2026-09-01
eia860:70186:SOLBS,generator,Solstice Solar LLC,US-OK,35.291043,-94.77891,200,planned,,Clenera DevCo LLC,eia:860m,https://www.eia.gov/electricity/data/eia860m/xls/august_generator2026.xlsx,2026-09-26T00:04:26Z,2026-08,70186,SOLBS,66571,OK,Le Flore,SWPP,IPP Non-CHP,Batteries,storage,BA,"Energy storage, battery",MWH,Electricity used for energy storage,200,200,200,P,"Planned for installation, but regulatory approvals not initiated",2029-12-01
eia860:70186:SOLPV,generator,Solstice Solar LLC,US-OK,35.291043,-94.77891,200,planned,,Clenera DevCo LLC,eia:860m,https://www.eia.gov/electricity/data/eia860m/xls/august_generator2026.xlsx,2026-09-26T00:04:26Z,2026-08,70186,SOLPV,66571,OK,Le Flore,SWPP,IPP Non-CHP,Solar Photovoltaic,solar,PV,Photovoltaic,SUN,Solar,200,200,200,P,"Planned for installation, but regulatory approvals not initiated",2029-12-01
eia860:70187:CT1,generator,Traceview Advanced Power Station,US-MS,32.405646,-90.22114,477.7,under_construction,,Entergy Mississippi LLC,eia:860m,https://www.eia.gov/electricity/data/eia860m/xls/august_generator2026.xlsx,2026-09-26T00:04:26Z,2026-08,70187,CT1,12685,MS,Madison,MISO,Electric Utility,Natural Gas Fired Combined Cycle,natural_gas,CT,Combined cycle combustion turbine part,NG,Natural gas,477.7,422.8,547.5,U,"Under construction, less than or equal to 50 percent complete",2028-08-01
eia860:70187:ST1,generator,Traceview Advanced Power Station,US-MS,32.405646,-90.22114,341.7,under_construction,,Entergy Mississippi LLC,eia:860m,https://www.eia.gov/electricity/data/eia860m/xls/august_generator2026.xlsx,2026-09-26T00:04:26Z,2026-08,70187,ST1,12685,MS,Madison,MISO,Electric Utility,Natural Gas Fired Combined Cycle,natural_gas,CA,Combined cycle steam part,NG,Natural gas,341.7,291.9,292.4,U,"Under construction, less than or equal to 50 percent complete",2028-08-01
eia860:70188:WES01,generator,Weld Energy Storage,US-CO,40.613467,-104.8467,100,under_construction,,"Weld Energy Storage, LLC",eia:860m,https://www.eia.gov/electricity/data/eia860m/xls/august_generator2026.xlsx,2026-09-26T00:04:26Z,2026-08,70188,WES01,67929,CO,Weld,SWPP,IPP Non-CHP,Batteries,storage,BA,"Energy storage, battery",MWH,Electricity used for energy storage,100,100,100,V,"Under construction, more than 50 percent complete",2026-12-01
eia860:70193:REC01,generator,Romero Energy Center,US-AZ,33.509114,-113.008,225,under_construction,,"Romero Energy Center, LLC",eia:860m,https://www.eia.gov/electricity/data/eia860m/xls/august_generator2026.xlsx,2026-09-26T00:04:26Z,2026-08,70193,REC01,67919,AZ,Maricopa,AZPS,IPP Non-CHP,Batteries,storage,BA,"Energy storage, battery",MWH,Electricity used for energy storage,225,225,225,U,"Under construction, less than or equal to 50 percent complete",2027-06-01
eia860:70194:REC02,generator,"Romero Energy Center II, LLC",US-AZ,33.509114,-113.008,225,under_construction,,"Romero Energy Center II, LLC",eia:860m,https://www.eia.gov/electricity/data/eia860m/xls/august_generator2026.xlsx,2026-09-26T00:04:26Z,2026-08,70194,REC02,67920,AZ,Maricopa,AZPS,IPP Non-CHP,Batteries,storage,BA,"Energy storage, battery",MWH,Electricity used for energy storage,225,225,225,U,"Under construction, less than or equal to 50 percent complete",2028-06-01
eia860:70195:MAMM1,generator,Mammoth Plains Energy Storage,US-OK,35.981842,-98.70672,150,planned,,"Mammoth Plains Energy Storage, LLC",eia:860m,https://www.eia.gov/electricity/data/eia860m/xls/august_generator2026.xlsx,2026-09-26T00:04:26Z,2026-08,70195,MAMM1,67923,OK,Dewey,SPA,IPP Non-CHP,Batteries,storage,BA,"Energy storage, battery",MWH,Electricity used for energy storage,150,150,150,P,"Planned for installation, but regulatory approvals not initiated",2027-11-01
eia860:70196:DEL22,generator,"DEL022-30423B Thorogoods Rd, LLC",US-DE,38.569503,-75.26468,2,under_construction,,Pivot Energy,eia:860m,https://www.eia.gov/electricity/data/eia860m/xls/august_generator2026.xlsx,2026-09-26T00:04:26Z,2026-08,70196,DEL22,65539,DE,Sussex,PJM,IPP Non-CHP,Solar Photovoltaic,solar,PV,Photovoltaic,SUN,Solar,2,2,2,V,"Under construction, more than 50 percent complete",2027-01-01
eia860:70197:LORE1,generator,Lorenzo Energy Storage,US-TX,33.749367,-101.4829,50,planned,,"Lorenzo Energy Storage, LLC",eia:860m,https://www.eia.gov/electricity/data/eia860m/xls/august_generator2026.xlsx,2026-09-26T00:04:26Z,2026-08,70197,LORE1,67924,TX,Crosby,SWPP,IPP Non-CHP,Batteries,storage,BA,"Energy storage, battery",MWH,Electricity used for energy storage,50,50,50,P,"Planned for installation, but regulatory approvals not initiated",2027-11-01
eia860:70198:FLOR2,generator,"CF IL Solar Marigold Lane, Flora2 LLC",US-IL,38.632489,-88.43829,2,under_construction,,Pivot Energy,eia:860m,https://www.eia.gov/electricity/data/eia860m/xls/august_generator2026.xlsx,2026-09-26T00:04:26Z,2026-08,70198,FLOR2,65539,IL,Clay,MISO,IPP Non-CHP,Solar Photovoltaic,solar,PV,Photovoltaic,SUN,Solar,2,2,2,V,"Under construction, more than 50 percent complete",2026-11-01
eia860:70199:PALO1,generator,Palo Duro Energy Storage,US-TX,36.4106,-101.0102,150,planned,,"Palo Duro Energy Storage, LLC",eia:860m,https://www.eia.gov/electricity/data/eia860m/xls/august_generator2026.xlsx,2026-09-26T00:04:26Z,2026-08,70199,PALO1,67925,TX,Ochiltree,SWPP,IPP Non-CHP,Batteries,storage,BA,"Energy storage, battery",MWH,Electricity used for energy storage,150,150,150,P,"Planned for installation, but regulatory approvals not initiated",2027-11-01
eia860:70200:64205,generator,Lucy Solar,US-TX,31.472348,-99.99328,351.3,under_construction,,Concho County Solar 1 LLC,eia:860m,https://www.eia.gov/electricity/data/eia860m/xls/august_generator2026.xlsx,2026-09-26T00:04:26Z,2026-08,70200,64205,67895,TX,Concho,ERCO,IPP Non-CHP,Solar Photovoltaic,solar,PV,Photovoltaic,SUN,Solar,351.3,351.3,351.3,V,"Under construction, more than 50 percent complete",2027-07-01
eia860:70201:PS50,generator,Pivot Solar 50 LLC,US-CO,40.3657,-104.6336,4,under_construction,,Pivot Energy,eia:860m,https://www.eia.gov/electricity/data/eia860m/xls/august_generator2026.xlsx,2026-09-26T00:04:26Z,2026-08,70201,PS50,65539,CO,Weld,PSCO,IPP Non-CHP,Solar Photovoltaic,solar,PV,Photovoltaic,SUN,Solar,4,4,4,V,"Under construction, more than 50 percent complete",2026-09-01
eia860:70202:PS56,generator,Pivot Solar 56 LLC,US-CO,40.350547,-104.7226,3.6,under_construction,,Pivot Energy,eia:860m,https://www.eia.gov/electricity/data/eia860m/xls/august_generator2026.xlsx,2026-09-26T00:04:26Z,2026-08,70202,PS56,65539,CO,Weld,PSCO,IPP Non-CHP,Solar Photovoltaic,solar,PV,Photovoltaic,SUN,Solar,3.6,3.6,3.6,V,"Under construction, more than 50 percent complete",2027-02-01
eia860:70203:GEN1,generator,Bealeton Solar,US-VA,38.555832,-77.77828,14.2,planned,,"TerraForm Power Operating, LLC",eia:860m,https://www.eia.gov/electricity/data/eia860m/xls/august_generator2026.xlsx,2026-09-26T00:04:26Z,2026-08,70203,GEN1,67725,VA,Fauquier,PJM,IPP Non-CHP,Solar Photovoltaic,solar,PV,Photovoltaic,SUN,Solar,14.2,14,14,L,Regulatory approvals pending. Not under construction,2027-03-01
eia860:70204:CANPV,generator,Cantaloupe Solar,US-TX,31.05668,-103.6634,300,under_construction,,Cantaloupe Solar - ERCOT,eia:860m,https://www.eia.gov/electricity/data/eia860m/xls/august_generator2026.xlsx,2026-09-26T00:04:26Z,2026-08,70204,CANPV,67930,TX,Reeves,ERCO,IPP Non-CHP,Solar Photovoltaic,solar,PV,Photovoltaic,SUN,Solar,300,300,300,U,"Under construction, less than or equal to 50 percent complete",2027-12-01
eia860:70205:BURS2,generator,Bureau Solar 2 LLC,US-IL,41.463853,-89.46756,2.5,under_construction,,Pivot Energy,eia:860m,https://www.eia.gov/electricity/data/eia860m/xls/august_generator2026.xlsx,2026-09-26T00:04:26Z,2026-08,70205,BURS2,65539,IL,Bureau,MISO,IPP Non-CHP,Solar Photovoltaic,solar,PV,Photovoltaic,SUN,Solar,2.5,2.5,2.5,V,"Under construction, more than 50 percent complete",2026-09-01
eia860:70206:PS57,generator,Pivot Solar 57 LLC,US-CO,39.051557,-108.4522,2,under_construction,,Pivot Energy,eia:860m,https://www.eia.gov/electricity/data/eia860m/xls/august_generator2026.xlsx,2026-09-26T00:04:26Z,2026-08,70206,PS57,65539,CO,Mesa,PSCO,IPP Non-CHP,Solar Photovoltaic,solar,PV,Photovoltaic,SUN,Solar,2,2,2,V,"Under construction, more than 50 percent complete",2026-09-01
eia860:70207:PS60,generator,Pivot Solar 60 LLC,US-CO,40.474398,-104.623,1.1,under_construction,,Pivot Energy,eia:860m,https://www.eia.gov/electricity/data/eia860m/xls/august_generator2026.xlsx,2026-09-26T00:04:26Z,2026-08,70207,PS60,65539,CO,Weld,PSCO,IPP Non-CHP,Solar Photovoltaic,solar,PV,Photovoltaic,SUN,Solar,1.1,1.1,1.1,V,"Under construction, more than 50 percent complete",2026-10-01
eia860:70210:PV1,generator,Cypert - Fallsburg I,US-NY,41.783296,-74.60056,5,under_construction,,"NY Fallsburg II, LLC",eia:860m,https://www.eia.gov/electricity/data/eia860m/xls/august_generator2026.xlsx,2026-09-26T00:04:26Z,2026-08,70210,PV1,67931,NY,Sullivan,NYIS,IPP Non-CHP,Solar Photovoltaic,solar,PV,Photovoltaic,SUN,Solar,5,5,5,U,"Under construction, less than or equal to 50 percent complete",2027-06-01
eia860:70218:SEL1B,generator,Selma Energy Center,US-AZ,32.849821,-111.5251,150,under_construction,,"Selma Energy Center, LLC",eia:860m,https://www.eia.gov/electricity/data/eia860m/xls/august_generator2026.xlsx,2026-09-26T00:04:26Z,2026-08,70218,SEL1B,67875,AZ,Pinal,DOPD,IPP Non-CHP,Batteries,storage,BA,"Energy storage, battery",MWH,Electricity used for energy storage,150,150,150,U,"Under construction, less than or equal to 50 percent complete",2027-12-01
eia860:70218:SEL1S,generator,Selma Energy Center,US-AZ,32.849821,-111.5251,125,under_construction,,"Selma Energy Center, LLC",eia:860m,https://www.eia.gov/electricity/data/eia860m/xls/august_generator2026.xlsx,2026-09-26T00:04:26Z,2026-08,70218,SEL1S,67875,AZ,Pinal,DOPD,IPP Non-CHP,Solar Photovoltaic,solar,PV,Photovoltaic,SUN,Solar,125,125,125,U,"Under construction, less than or equal to 50 percent complete",2027-12-01
eia860:70219:VALLE,generator,Valley Farms Energy Center,US-AZ,32.94793,-111.4576,400,under_construction,,"Valley Farms Energy Center, LLC",eia:860m,https://www.eia.gov/electricity/data/eia860m/xls/august_generator2026.xlsx,2026-09-26T00:04:26Z,2026-08,70219,VALLE,67876,AZ,Pinal,SRP,IPP Non-CHP,Batteries,storage,BA,"Energy storage, battery",MWH,Electricity used for energy storage,400,400,400,U,"Under construction, less than or equal to 50 percent complete",2027-12-01
eia860:70220:RSP1,generator,Robinson Solar Plant,US-SC,34.4168,-80.1918,76,planned,,"Duke Energy Carolinas, LLC",eia:860m,https://www.eia.gov/electricity/data/eia860m/xls/august_generator2026.xlsx,2026-09-26T00:04:26Z,2026-08,70220,RSP1,5416,SC,Chesterfield,CPLE,Electric Utility,Solar Photovoltaic,solar,PV,Photovoltaic,SUN,Solar,76,76,76,L,Regulatory approvals pending. Not under construction,2027-12-01
eia860:70221:HPSP1,generator,Hudson Place Solar Plant,US-SC,34.2391,-81.6922,70.7,planned,,"Duke Energy Carolinas, LLC",eia:860m,https://www.eia.gov/electricity/data/eia860m/xls/august_generator2026.xlsx,2026-09-26T00:04:26Z,2026-08,70221,HPSP1,5416,SC,Newberry,DUK,Electric Utility,Solar Photovoltaic,solar,PV,Photovoltaic,SUN,Solar,70.7,70.7,70.7,L,Regulatory approvals pending. Not under construction,2028-01-01
eia860:70222:LCSP1,generator,Lonesome Camp Solar Plant,US-FL,28.079121,-81.24029,74.9,under_construction,,"Duke Energy Florida, LLC",eia:860m,https://www.eia.gov/electricity/data/eia860m/xls/august_generator2026.xlsx,2026-09-26T00:04:26Z,2026-08,70222,LCSP1,6455,FL,Osceola,FPC,Electric Utility,Solar Photovoltaic,solar,PV,Photovoltaic,SUN,Solar,74.9,74.9,74.9,V,"Under construction, more than 50 percent complete",2027-04-01
eia860:70223:TPSP1,generator,Turnpike Solar Plant,US-FL,28.063296,-81.22305,74.9,under_construction,,"Duke Energy Florida, LLC",eia:860m,https://www.eia.gov/electricity/data/eia860m/xls/august_generator2026.xlsx,2026-09-26T00:04:26Z,2026-08,70223,TPSP1,6455,FL,Osceola,FPC,Electric Utility,Solar Photovoltaic,solar,PV,Photovoltaic,SUN,Solar,74.9,74.9,74.9,V,"Under construction, more than 50 percent complete",2027-02-01
eia860:70225:SES,generator,Shutler Energy Storage,US-OR,45.54,-120.18,41,under_construction,,Avangrid Power LLC,eia:860m,https://www.eia.gov/electricity/data/eia860m/xls/august_generator2026.xlsx,2026-09-26T00:04:26Z,2026-08,70225,SES,15399,OR,Gilliam,AVRN,IPP Non-CHP,Batteries,storage,BA,"Energy storage, battery",MWH,Electricity used for energy storage,41,41,41,U,"Under construction, less than or equal to 50 percent complete",2028-03-01
eia860:70227:LOCKE,generator,AC IL - Lockport East,US-IL,41.6044,-88.0603,3.1,under_construction,,Standard Solar,eia:860m,https://www.eia.gov/electricity/data/eia860m/xls/august_generator2026.xlsx,2026-09-26T00:04:26Z,2026-08,70227,LOCKE,60531,IL,Will,PJM,IPP Non-CHP,Solar Photovoltaic,solar,PV,Photovoltaic,SUN,Solar,3.1,3.1,3.1,TS,"Construction complete, but not yet in commercial operation",2026-10-01
eia860:70228:LOCKW,generator,AC IL - Lockport West,US-IL,41.5944,-88.0624,3.4,under_construction,,Standard Solar,eia:860m,https://www.eia.gov/electricity/data/eia860m/xls/august_generator2026.xlsx,2026-09-26T00:04:26Z,2026-08,70228,LOCKW,60531,IL,Will,PJM,IPP Non-CHP,Solar Photovoltaic,solar,PV,Photovoltaic,SUN,Solar,3.4,3.4,3.4,TS,"Construction complete, but not yet in commercial operation",2026-10-01
eia860:70231:BETHL,generator,"Bethlehem Energy Center, LLC - (VA)",US-VA,38.781889,-77.5426,20,under_construction,,"East Point Energy, LLC",eia:860m,https://www.eia.gov/electricity/data/eia860m/xls/august_generator2026.xlsx,2026-09-26T00:04:26Z,2026-08,70231,BETHL,67449,VA,Prince William,PJM,IPP Non-CHP,Batteries,storage,BA,"Energy storage, battery",MWH,Electricity used for energy storage,20,20,20,U,"Under construction, less than or equal to 50 percent complete",2026-10-01
eia860:70232:EVERG,generator,"Evergreen Energy Center, LLC",US-VA,39.044885,-77.58191,20,under_construction,,"East Point Energy, LLC",eia:860m,https://www.eia.gov/electricity/data/eia860m/xls/august_generator2026.xlsx,2026-09-26T00:04:26Z,2026-08,70232,EVERG,67449,VA,Loudoun,PJM,IPP Non-CHP,Batteries,storage,BA,"Energy storage, battery",MWH,Electricity used for energy storage,20,20,20,V,"Under construction, more than 50 percent complete",2026-09-01
eia860:70233:RAILR,generator,"Railroad Energy Center, LLC",US-VA,38.781689,-77.54202,20,under_construction,,"East Point Energy, LLC",eia:860m,https://www.eia.gov/electricity/data/eia860m/xls/august_generator2026.xlsx,2026-09-26T00:04:26Z,2026-08,70233,RAILR,67449,VA,Prince William,PJM,IPP Non-CHP,Batteries,storage,BA,"Energy storage, battery",MWH,Electricity used for energy storage,20,20,20,U,"Under construction, less than or equal to 50 percent complete",2026-10-01
eia860:70234:REID,generator,"Reid Energy Center, LLC",US-VA,38.729874,-77.59242,20,under_construction,,"East Point Energy, LLC",eia:860m,https://www.eia.gov/electricity/data/eia860m/xls/august_generator2026.xlsx,2026-09-26T00:04:26Z,2026-08,70234,REID,67449,VA,Prince William,PJM,IPP Non-CHP,Batteries,storage,BA,"Energy storage, battery",MWH,Electricity used for energy storage,20,20,20,U,"Under construction, less than or equal to 50 percent complete",2026-12-01
eia860:70235:68372,generator,Mulqueeney Wind Energy,US-CA,37.69742,-121.5891,80,under_construction,,Mulqueeney Wind Energy LLC,eia:860m,https://www.eia.gov/electricity/data/eia860m/xls/august_generator2026.xlsx,2026-09-26T00:04:26Z,2026-08,70235,68372,67960,CA,Alameda,CISO,IPP Non-CHP,Onshore Wind Turbine,wind,WT,"Wind turbine, onshore",WND,Wind,80,80,80,V,"Under construction, more than 50 percent complete",2026-10-01
eia860:70236:SLRN1,generator,Sierra Luna Energy Storage,US-AZ,33.408834,-112.3042,150,planned,,Sierra Luna Energy Storage LLC,eia:860m,https://www.eia.gov/electricity/data/eia860m/xls/august_generator2026.xlsx,2026-09-26T00:04:26Z,2026-08,70236,SLRN1,67945,AZ,Maricopa,SRP,IPP Non-CHP,Batteries,storage,BA,"Energy storage, battery",MWH,Electricity used for energy storage,150,150,150,P,"Planned for installation, but regulatory approvals not initiated",2030-12-01
eia860:70237:MULE1,generator,Mule Shoe Energy Storage,US-TX,33.125909,-102.76,207,planned,,Mule Shoe Energy Storage LLC,eia:860m,https://www.eia.gov/electricity/data/eia860m/xls/august_generator2026.xlsx,2026-09-26T00:04:26Z,2026-08,70237,MULE1,67946,TX,Yoakum,SWPP,IPP Non-CHP,Batteries,storage,BA,"Energy storage, battery",MWH,Electricity used for energy storage,207,207,207,T,Regulatory approvals received. Not under construction,2028-08-01
eia860:70238:RDHS,generator,Roadhouse Energy Center,US-CA,34.0065,-117.5696,300,planned,,Roadhouse Energy Storage,eia:860m,https://www.eia.gov/electricity/data/eia860m/xls/august_generator2026.xlsx,2026-09-26T00:04:26Z,2026-08,70238,RDHS,67947,CA,San Bernardino,CISO,IPP Non-CHP,Batteries,storage,BA,"Energy storage, battery",MWH,Electricity used for energy storage,300,300,300,L,Regulatory approvals pending. Not under construction,2027-12-01
eia860:70240:PFNON,generator,PF Onsite BESS,US-PA,40.918616,-76.07934,21,planned,,PF Onsite Generation LLC,eia:860m,https://www.eia.gov/electricity/data/eia860m/xls/august_generator2026.xlsx,2026-09-26T00:04:26Z,2026-08,70240,PFNON,67937,PA,Luzerne,PJM,IPP Non-CHP,Batteries,storage,BA,"Energy storage, battery",MWH,Electricity used for energy storage,21,21,21,L,Regulatory approvals pending. Not under construction,2027-06-01
eia860:70242:215,generator,Riverhead - CVE,US-NY,40.94233,-72.71824,4.9,under_construction,,CVE US NY Riverhead 215 LLC,eia:860m,https://www.eia.gov/electricity/data/eia860m/xls/august_generator2026.xlsx,2026-09-26T00:04:26Z,2026-08,70242,215,67934,NY,Suffolk,NYIS,IPP Non-CHP,Solar Photovoltaic,solar,PV,Photovoltaic,SUN,Solar,4.9,4.9,4.9,U,"Under construction, less than or equal to 50 percent complete",2026-09-01
eia860:70242:216,generator,Riverhead - CVE,US-NY,40.94233,-72.71824,4,under_construction,,CVE US NY Riverhead 215 LLC,eia:860m,https://www.eia.gov/electricity/data/eia860m/xls/august_generator2026.xlsx,2026-09-26T00:04:26Z,2026-08,70242,216,67934,NY,Suffolk,NYIS,IPP Non-CHP,Batteries,storage,BA,"Energy storage, battery",MWH,Electricity used for energy storage,4,4,4,U,"Under construction, less than or equal to 50 percent complete",2026-09-01
eia860:70256:DCES,generator,"Dry Creek Energy Storage, LLC",US-CA,38.347139,-121.1209,160,planned,,"Dry Creek Energy Storage, LLC",eia:860m,https://www.eia.gov/electricity/data/eia860m/xls/august_generator2026.xlsx,2026-09-26T00:04:26Z,2026-08,70256,DCES,67944,CA,Sacramento,BANC,IPP Non-CHP,Batteries,storage,BA,"Energy storage, battery",MWH,Electricity used for energy storage,160,160,160,T,Regulatory approvals received. Not under construction,2027-11-01
eia860:70257:H1SLR,generator,"Hawkeye Solar, LLC",US-IA,41.835204,-90.69966,200,planned,,"Hawkeye Solar, LLC",eia:860m,https://www.eia.gov/electricity/data/eia860m/xls/august_generator2026.xlsx,2026-09-26T00:04:26Z,2026-08,70257,H1SLR,67961,IA,Clinton,MISO,IPP Non-CHP,Solar Photovoltaic,solar,PV,Photovoltaic,SUN,Solar,200,200,200,L,Regulatory approvals pending. Not under construction,2028-03-01
eia860:70258:H2SLR,generator,"Hawkeye Solar II, LLC",US-IA,41.835204,-90.69966,250,planned,,"Hawkeye Solar II, LLC",eia:860m,https://www.eia.gov/electricity/data/eia860m/xls/august_generator2026.xlsx,2026-09-26T00:04:26Z,2026-08,70258,H2SLR,67962,IA,Clinton,MISO,IPP Non-CHP,Solar Photovoltaic,solar,PV,Photovoltaic,SUN,Solar,250,250,250,L,Regulatory approvals pending. Not under construction,2028-03-01
eia860:70259:CHCS2,generator,Cunningham Solar II,US-NM,32.786412,-103.3507,196,planned,,Southwestern Public Service Co,eia:860m,https://www.eia.gov/electricity/data/eia860m/xls/august_generator2026.xlsx,2026-09-26T00:04:26Z,2026-08,70259,CHCS2,17718,NM,Lea,SWPP,Electric Utility,Solar Photovoltaic,solar,PV,Photovoltaic,SUN,Solar,196,196,196,T,Regulatory approvals received. Not under construction,2027-04-01
eia860:70260:SCIPI,generator,Scipio Solar,US-NY,42.78732,-76.32378,18,under_construction,,"Altus Power America Management, LLC",eia:860m,https://www.eia.gov/electricity/data/eia860m/xls/august_generator2026.xlsx,2026-09-26T00:04:26Z,2026-08,70260,SCIPI,60281,NY,Cayuga,NYIS,IPP Non-CHP,Solar Photovoltaic,solar,PV,Photovoltaic,SUN,Solar,18,18,18,V,"Under construction, more than 50 percent complete",2027-01-01
eia860:70261:WS01,generator,Westside - (NM),US-NM,36.752288,-108.3148,16,under_construction,,"Saddle Butte Energy Farmington, LLC",eia:860m,https://www.eia.gov/electricity/data/eia860m/xls/august_generator2026.xlsx,2026-09-26T00:04:26Z,2026-08,70261,WS01,67953,NM,San Juan,SWPP,IPP Non-CHP,Natural Gas Internal Combustion Engine,natural_gas,IC,Internal combustion engine,NG,Natural gas,16,16,16,U,"Under construction, less than or equal to 50 percent complete",2027-03-01
eia860:70261:WS02,generator,Westside - (NM),US-NM,36.752288,-108.3148,24,under_construction,,"Saddle Butte Energy Farmington, LLC",eia:860m,https://www.eia.gov/electricity/data/eia860m/xls/august_generator2026.xlsx,2026-09-26T00:04:26Z,2026-08,70261,WS02,67953,NM,San Juan,SWPP,IPP Non-CHP,Natural Gas Internal Combustion Engine,natural_gas,IC,Internal combustion engine,NG,Natural gas,24,24,24,U,"Under construction, less than or equal to 50 percent complete",2028-01-01
eia860:70261:WS03,generator,Westside - (NM),US-NM,36.752288,-108.3148,20,under_construction,,"Saddle Butte Energy Farmington, LLC",eia:860m,https://www.eia.gov/electricity/data/eia860m/xls/august_generator2026.xlsx,2026-09-26T00:04:26Z,2026-08,70261,WS03,67953,NM,San Juan,SWPP,IPP Non-CHP,Natural Gas Internal Combustion Engine,natural_gas,IC,Internal combustion engine,NG,Natural gas,20,20,20,U,"Under construction, less than or equal to 50 percent complete",2028-05-01
eia860:70271:OKFL1,generator,"Fiddle Leaf Solar, LLC",US-OK,36.256047,-94.58653,80,planned,,"Lightsource Renewable Energy Asset Management, LLC",eia:860m,https://www.eia.gov/electricity/data/eia860m/xls/august_generator2026.xlsx,2026-09-26T00:04:26Z,2026-08,70271,OKFL1,62842,OK,Delaware,SWPP,IPP Non-CHP,Solar Photovoltaic,solar,PV,Photovoltaic,SUN,Solar,80,76,76,T,Regulatory approvals received. Not under construction,2027-10-01
eia860:70294:EAST,generator,NL IL 2700 East,US-IL,41.050261,-88.42827,5,under_construction,,Standard Solar,eia:860m,https://www.eia.gov/electricity/data/eia860m/xls/august_generator2026.xlsx,2026-09-26T00:04:26Z,2026-08,70294,EAST,60531,IL,Livingston,PJM,IPP Non-CHP,Solar Photovoltaic,solar,PV,Photovoltaic,SUN,Solar,5,5,5,TS,"Construction complete, but not yet in commercial operation",2026-11-01
eia860:70295:LAKE,generator,NL IL Lake,US-IL,42.464881,-87.88974,5,under_construction,,Standard Solar,eia:860m,https://www.eia.gov/electricity/data/eia860m/xls/august_generator2026.xlsx,2026-09-26T00:04:26Z,2026-08,70295,LAKE,60531,IL,Lake,PJM,IPP Non-CHP,Solar Photovoltaic,solar,PV,Photovoltaic,SUN,Solar,5,5,5,TS,"Construction complete, but not yet in commercial operation",2026-12-01
eia860:70296:MTBAT,generator,Milltown Onsite BESS,US-NJ,40.453346,-74.43502,13.2,under_construction,,"Milltown Onsite Generation, LLC",eia:860m,https://www.eia.gov/electricity/data/eia860m/xls/august_generator2026.xlsx,2026-09-26T00:04:26Z,2026-08,70296,MTBAT,67975,NJ,Middlesex,PJM,IPP Non-CHP,Batteries,storage,BA,"Energy storage, battery",MWH,Electricity used for energy storage,13.2,13.2,13.2,V,"Under construction, more than 50 percent complete",2026-10-01
eia860:70297:BWTS,generator,Blackwater Solar Center - NM,US-NM,34.292324,-103.1657,200,planned,,"Blackwater Solar Center, LLC",eia:860m,https://www.eia.gov/electricity/data/eia860m/xls/august_generator2026.xlsx,2026-09-26T00:04:26Z,2026-08,70297,BWTS,67973,NM,Roosevelt,SWPP,IPP Non-CHP,Solar Photovoltaic,solar,PV,Photovoltaic,SUN,Solar,200,200,200,T,Regulatory approvals received. Not under construction,2027-12-01
eia860:70299:814,generator,"Pioneer Creek Wind, LLC",US-KS,37.735053,-99.80556,252,under_construction,,"NextEra Energy Resources, LLC",eia:860m,https://www.eia.gov/electricity/data/eia860m/xls/august_generator2026.xlsx,2026-09-26T00:04:26Z,2026-08,70299,814,67974,KS,Ford,SWPP,IPP Non-CHP,Onshore Wind Turbine,wind,WT,"Wind turbine, onshore",WND,Wind,252,252,252,V,"Under construction, more than 50 percent complete",2027-03-01
eia860:70300:USADC,generator,Adams Creek Solar Project,US-TX,34.15382,-98.96333,250,planned,,"Adams Creek Solar Project, LLC",eia:860m,https://www.eia.gov/electricity/data/eia860m/xls/august_generator2026.xlsx,2026-09-26T00:04:26Z,2026-08,70300,USADC,67971,TX,Wilbarger,ERCO,IPP Non-CHP,Solar Photovoltaic,solar,PV,Photovoltaic,SUN,Solar,250,250,250,T,Regulatory approvals received. Not under construction,2027-06-01
eia860:70301:BOHRE,generator,MN CSG 2019-57,US-MN,44.224001,-93.9787,1,planned,,MN CSG 2019-57 LLC,eia:860m,https://www.eia.gov/electricity/data/eia860m/xls/august_generator2026.xlsx,2026-09-26T00:04:26Z,2026-08,70301,BOHRE,67966,MN,Blue Earth,MISO,IPP Non-CHP,Solar Photovoltaic,solar,PV,Photovoltaic,SUN,Solar,1,1,1,T,Regulatory approvals received. Not under construction,2027-03-01
eia860:70302:22,generator,"Gum Swamp Solar, LLC",US-NC,34.867,-79.599,80,under_construction,,"Headwater Energy, LLC",eia:860m,https://www.eia.gov/electricity/data/eia860m/xls/august_generator2026.xlsx,2026-09-26T00:04:26Z,2026-08,70302,22,67082,NC,Scotland,CPLE,IPP Non-CHP,Solar Photovoltaic,solar,PV,Photovoltaic,SUN,Solar,80,80,80,U,"Under construction, less than or equal to 50 percent complete",2027-05-01
eia860:70303:20,generator,"Midfield Solar, LLC",US-NC,34.394,-78.771,25,under_construction,,"Headwater Energy, LLC",eia:860m,https://www.eia.gov/electricity/data/eia860m/xls/august_generator2026.xlsx,2026-09-26T00:04:26Z,2026-08,70303,20,67082,NC,Columbus,CPLE,IPP Non-CHP,Solar Photovoltaic,solar,PV,Photovoltaic,SUN,Solar,25,25,25,U,"Under construction, less than or equal to 50 percent complete",2026-12-01
eia860:70304:24,generator,"Sleepy Creek Solar, LLC",US-NC,34.592,-78.326,80,under_construction,,"Headwater Energy, LLC",eia:860m,https://www.eia.gov/electricity/data/eia860m/xls/august_generator2026.xlsx,2026-09-26T00:04:26Z,2026-08,70304,24,67082,NC,Bladen,CPLE,IPP Non-CHP,Solar Photovoltaic,solar,PV,Photovoltaic,SUN,Solar,80,80,80,U,"Under construction, less than or equal to 50 percent complete",2027-10-01
eia860:70305:23,generator,"Tanglewood Solar, LLC",US-NC,36.25,-76.3,8.4,under_construction,,"Headwater Energy, LLC",eia:860m,https://www.eia.gov/electricity/data/eia860m/xls/august_generator2026.xlsx,2026-09-26T00:04:26Z,2026-08,70305,23,67082,NC,Pasquotank,CPLE,IPP Non-CHP,Solar Photovoltaic,solar,PV,Photovoltaic,SUN,Solar,8.4,8.4,8.4,U,"Under construction, less than or equal to 50 percent complete",2026-12-01
eia860:70306:21,generator,"Westfield Solar, LLC",US-NC,34.943,-79.242,40,under_construction,,"Headwater Energy, LLC",eia:860m,https://www.eia.gov/electricity/data/eia860m/xls/august_generator2026.xlsx,2026-09-26T00:04:26Z,2026-08,70306,21,67082,NC,Hoke,CPLE,IPP Non-CHP,Solar Photovoltaic,solar,PV,Photovoltaic,SUN,Solar,40,40,40,U,"Under construction, less than or equal to 50 percent complete",2026-12-01
eia860:70308:ND030,generator,Blue Aster Clean Energy LLC,US-NY,40.674137,-73.90102,4.9,under_construction,,"NineDot Holdings, LLC",eia:860m,https://www.eia.gov/electricity/data/eia860m/xls/august_generator2026.xlsx,2026-09-26T00:04:26Z,2026-08,70308,ND030,66445,NY,Kings,NYIS,IPP Non-CHP,Batteries,storage,BA,"Energy storage, battery",MWH,Electricity used for energy storage,4.9,4.9,4.9,U,"Under construction, less than or equal to 50 percent complete",2027-08-01
eia860:70309:ND031,generator,Blue Aster B Clean Energy LLC,US-NY,40.674137,-73.90102,4.9,under_construction,,"NineDot Holdings, LLC",eia:860m,https://www.eia.gov/electricity/data/eia860m/xls/august_generator2026.xlsx,2026-09-26T00:04:26Z,2026-08,70309,ND031,66445,NY,Kings,NYIS,IPP Non-CHP,Batteries,storage,BA,"Energy storage, battery",MWH,Electricity used for energy storage,4.9,4.9,4.9,U,"Under construction, less than or equal to 50 percent complete",2027-08-01
eia860:70310:ND028,generator,Blue Aster C Clean Energy LLC,US-NY,40.674137,-73.90102,4.9,under_construction,,"NineDot Holdings, LLC",eia:860m,https://www.eia.gov/electricity/data/eia860m/xls/august_generator2026.xlsx,2026-09-26T00:04:26Z,2026-08,70310,ND028,66445,NY,Kings,NYIS,IPP Non-CHP,Batteries,storage,BA,"Energy storage, battery",MWH,Electricity used for energy storage,4.9,4.9,4.9,U,"Under construction, less than or equal to 50 percent complete",2027-08-01
eia860:70311:ND020,generator,Eastern BlueBird Clean Energy LLC,US-NY,40.884948,-73.82901,4.4,under_construction,,"NineDot Holdings, LLC",eia:860m,https://www.eia.gov/electricity/data/eia860m/xls/august_generator2026.xlsx,2026-09-26T00:04:26Z,2026-08,70311,ND020,66445,NY,Bronx,NYIS,IPP Non-CHP,Batteries,storage,BA,"Energy storage, battery",MWH,Electricity used for energy storage,4.4,4.4,4.4,U,"Under construction, less than or equal to 50 percent complete",2027-06-01
eia860:70312:ND022,generator,Lobelia Clean Energy LLC,US-NY,40.853531,-73.89531,4.9,under_construction,,"NineDot Holdings, LLC",eia:860m,https://www.eia.gov/electricity/data/eia860m/xls/august_generator2026.xlsx,2026-09-26T00:04:26Z,2026-08,70312,ND022,66445,NY,Bronx,NYIS,IPP Non-CHP,Batteries,storage,BA,"Energy storage, battery",MWH,Electricity used for energy storage,4.9,4.9,4.9,U,"Under construction, less than or equal to 50 percent complete",2027-07-01
eia860:70313:ND024,generator,Lobelia 4452 Clean Energy LLC,US-NY,40.853722,-73.89525,4.9,under_construction,,"NineDot Holdings, LLC",eia:860m,https://www.eia.gov/electricity/data/eia860m/xls/august_generator2026.xlsx,2026-09-26T00:04:26Z,2026-08,70313,ND024,66445,NY,Bronx,NYIS,IPP Non-CHP,Batteries,storage,BA,"Energy storage, battery",MWH,Electricity used for energy storage,4.9,4.9,4.9,U,"Under construction, less than or equal to 50 percent complete",2027-07-01
eia860:70315:ND021,generator,"Northern Cardinal Clean Energy, LLC",US-NY,40.884948,-73.82901,4.4,under_construction,,"NineDot Holdings, LLC",eia:860m,https://www.eia.gov/electricity/data/eia860m/xls/august_generator2026.xlsx,2026-09-26T00:04:26Z,2026-08,70315,ND021,66445,NY,Bronx,NYIS,IPP Non-CHP,Batteries,storage,BA,"Energy storage, battery",MWH,Electricity used for energy storage,4.4,4.4,4.4,U,"Under construction, less than or equal to 50 percent complete",2027-06-01
eia860:70316:ND017,generator,"Piping Plover Clean Energy, LLC",US-NY,40.815382,-73.86015,2.3,under_construction,,"NineDot Holdings, LLC",eia:860m,https://www.eia.gov/electricity/data/eia860m/xls/august_generator2026.xlsx,2026-09-26T00:04:26Z,2026-08,70316,ND017,66445,NY,Bronx,NYIS,IPP Non-CHP,Batteries,storage,BA,"Energy storage, battery",MWH,Electricity used for energy storage,2.3,2.3,2.3,U,"Under construction, less than or equal to 50 percent complete",2027-04-01
eia860:70317:ND029,generator,Roseate Tern Clean Energy LLC,US-NY,40.715572,-73.88673,3.3,under_construction,,"NineDot Holdings, LLC",eia:860m,https://www.eia.gov/electricity/data/eia860m/xls/august_generator2026.xlsx,2026-09-26T00:04:26Z,2026-08,70317,ND029,66445,NY,Bronx,NYIS,IPP Non-CHP,Batteries,storage,BA,"Energy storage, battery",MWH,Electricity used for energy storage,3.3,3.3,3.3,U,"Under construction, less than or equal to 50 percent complete",2027-08-01
eia860:70319:ND016,generator,Warbler Clean Energy LLC,US-NY,40.815404,-73.86023,2.3,under_construction,,"NineDot Holdings, LLC",eia:860m,https://www.eia.gov/electricity/data/eia860m/xls/august_generator2026.xlsx,2026-09-26T00:04:26Z,2026-08,70319,ND016,66445,NY,Bronx,NYIS,IPP Non-CHP,Batteries,storage,BA,"Energy storage, battery",MWH,Electricity used for energy storage,2.3,2.3,2.3,U,"Under construction, less than or equal to 50 percent complete",2027-04-01
eia860:70320:ND018,generator,Water Willow A Clean Energy LLC,US-NY,40.708897,-73.77939,3.9,under_construction,,"NineDot Holdings, LLC",eia:860m,https://www.eia.gov/electricity/data/eia860m/xls/august_generator2026.xlsx,2026-09-26T00:04:26Z,2026-08,70320,ND018,66445,NY,Queens,NYIS,IPP Non-CHP,Batteries,storage,BA,"Energy storage, battery",MWH,Electricity used for energy storage,3.9,3.9,3.9,U,"Under construction, less than or equal to 50 percent complete",2027-04-01
eia860:70321:ND019,generator,Water Willow B Clean Energy LLC,US-NY,40.708897,-73.77939,3.9,under_construction,,"NineDot Holdings, LLC",eia:860m,https://www.eia.gov/electricity/data/eia860m/xls/august_generator2026.xlsx,2026-09-26T00:04:26Z,2026-08,70321,ND019,66445,NY,Queens,NYIS,IPP Non-CHP,Batteries,storage,BA,"Energy storage, battery",MWH,Electricity used for energy storage,3.9,3.9,3.9,U,"Under construction, less than or equal to 50 percent complete",2027-04-01
eia860:70322:ND025,generator,"Wintergreen Clean Energy, LLC",US-NY,40.812557,-73.89,4.9,under_construction,,"NineDot Holdings, LLC",eia:860m,https://www.eia.gov/electricity/data/eia860m/xls/august_generator2026.xlsx,2026-09-26T00:04:26Z,2026-08,70322,ND025,66445,NY,Bronx,NYIS,IPP Non-CHP,Batteries,storage,BA,"Energy storage, battery",MWH,Electricity used for energy storage,4.9,4.9,4.9,U,"Under construction, less than or equal to 50 percent complete",2027-07-01
eia860:70323:ND027,generator,Wintergreen B Clean Energy LLC,US-NY,40.812516,-73.89011,4.9,under_construction,,"NineDot Holdings, LLC",eia:860m,https://www.eia.gov/electricity/data/eia860m/xls/august_generator2026.xlsx,2026-09-26T00:04:26Z,2026-08,70323,ND027,66445,NY,Bronx,NYIS,IPP Non-CHP,Batteries,storage,BA,"Energy storage, battery",MWH,Electricity used for energy storage,4.9,4.9,4.9,U,"Under construction, less than or equal to 50 percent complete",2027-07-01
eia860:70324:ND023,generator,Wintergreen C Clean Energy LLC,US-NY,40.812516,-73.89011,4.9,under_construction,,"NineDot Holdings, LLC",eia:860m,https://www.eia.gov/electricity/data/eia860m/xls/august_generator2026.xlsx,2026-09-26T00:04:26Z,2026-08,70324,ND023,66445,NY,Bronx,NYIS,IPP Non-CHP,Batteries,storage,BA,"Energy storage, battery",MWH,Electricity used for energy storage,4.9,4.9,4.9,U,"Under construction, less than or equal to 50 percent complete",2027-07-01
eia860:70325:ND026,generator,Wintergreen D Clean Energy LLC,US-NY,40.812516,-73.89011,4.9,under_construction,,"NineDot Holdings, LLC",eia:860m,https://www.eia.gov/electricity/data/eia860m/xls/august_generator2026.xlsx,2026-09-26T00:04:26Z,2026-08,70325,ND026,66445,NY,Bronx,NYIS,IPP Non-CHP,Batteries,storage,BA,"Energy storage, battery",MWH,Electricity used for energy storage,4.9,4.9,4.9,U,"Under construction, less than or equal to 50 percent complete",2027-07-01
eia860:70326:ND014,generator,Coral Honeysuckle Clean Energy LLC,US-NY,40.679023,-73.82032,3.7,under_construction,,"NineDot Holdings, LLC",eia:860m,https://www.eia.gov/electricity/data/eia860m/xls/august_generator2026.xlsx,2026-09-26T00:04:26Z,2026-08,70326,ND014,66445,NY,Queens,NYIS,IPP Non-CHP,Batteries,storage,BA,"Energy storage, battery",MWH,Electricity used for energy storage,3.7,3.7,3.7,V,"Under construction, more than 50 percent complete",2027-03-01
eia860:70327:ND012,generator,"Heron Clean Energy, LLC",US-NY,40.618159,-73.93242,4.9,under_construction,,"NineDot Holdings, LLC",eia:860m,https://www.eia.gov/electricity/data/eia860m/xls/august_generator2026.xlsx,2026-09-26T00:04:26Z,2026-08,70327,ND012,66445,NY,Kings,NYIS,IPP Non-CHP,Batteries,storage,BA,"Energy storage, battery",MWH,Electricity used for energy storage,4.9,4.9,4.9,U,"Under construction, less than or equal to 50 percent complete",2026-12-01
eia860:70328:ND013,generator,"Jamaica Community Energy, LLC",US-NY,40.637975,-73.92817,4.9,under_construction,,"NineDot Holdings, LLC",eia:860m,https://www.eia.gov/electricity/data/eia860m/xls/august_generator2026.xlsx,2026-09-26T00:04:26Z,2026-08,70328,ND013,66445,NY,Kings,NYIS,IPP Non-CHP,Batteries,storage,BA,"Energy storage, battery",MWH,Electricity used for energy storage,4.9,4.9,4.9,U,"Under construction, less than or equal to 50 percent complete",2027-01-01
eia860:70329:ND015,generator,"Linden Clean Energy, LLC",US-NY,40.679074,-73.82041,3.7,under_construction,,"NineDot Holdings, LLC",eia:860m,https://www.eia.gov/electricity/data/eia860m/xls/august_generator2026.xlsx,2026-09-26T00:04:26Z,2026-08,70329,ND015,66445,NY,Queens,NYIS,IPP Non-CHP,Batteries,storage,BA,"Energy storage, battery",MWH,Electricity used for energy storage,3.7,3.7,3.7,V,"Under construction, more than 50 percent complete",2027-03-01
eia860:70330:BRSPV,generator,Bighorn Ridge Solar,US-TX,30.956251,-103.028,300,planned,,NextEra Energy Resources - ERCOT,eia:860m,https://www.eia.gov/electricity/data/eia860m/xls/august_generator2026.xlsx,2026-09-26T00:04:26Z,2026-08,70330,BRSPV,67843,TX,Pecos,ERCO,IPP Non-CHP,Solar Photovoltaic,solar,PV,Photovoltaic,SUN,Solar,300,300,300,T,Regulatory approvals received. Not under construction,2027-12-01
eia860:70331:MRASL,generator,"Mirasol Energy Center, LLC.",US-CO,38.11439,-104.2017,400,planned,,"Mirasol Energy Center, LLC",eia:860m,https://www.eia.gov/electricity/data/eia860m/xls/august_generator2026.xlsx,2026-09-26T00:04:26Z,2026-08,70331,MRASL,67993,CO,Pueblo,PSCO,IPP Non-CHP,Solar Photovoltaic,solar,PV,Photovoltaic,SUN,Solar,400,400,400,T,Regulatory approvals received. Not under construction,2028-12-01
eia860:70333:KBPV1,generator,Keenesburg,US-CO,40.187364,-104.5061,7.2,under_construction,,ENGIE Distributed Renewables Development LLC,eia:860m,https://www.eia.gov/electricity/data/eia860m/xls/august_generator2026.xlsx,2026-09-26T00:04:26Z,2026-08,70333,KBPV1,67734,CO,Weld,PSCO,IPP Non-CHP,Solar Photovoltaic,solar,PV,Photovoltaic,SUN,Solar,7.2,7.2,7.2,U,"Under construction, less than or equal to 50 percent complete",2026-11-01
eia860:70334:IL55B,generator,Pivot Energy IL 55b LLC,US-IL,42.3455,-88.50561,2.8,under_construction,,Pivot Energy,eia:860m,https://www.eia.gov/electricity/data/eia860m/xls/august_generator2026.xlsx,2026-09-26T00:04:26Z,2026-08,70334,IL55B,65539,IL,McHenry,PJM,IPP Non-CHP,Solar Photovoltaic,solar,PV,Photovoltaic,SUN,Solar,2.8,2.8,2.8,V,"Under construction, more than 50 percent complete",2026-12-01
eia860:70335:PS42,generator,Pivot Solar 42 LLC,US-CO,40.692398,-104.9833,1.9,under_construction,,Pivot Energy,eia:860m,https://www.eia.gov/electricity/data/eia860m/xls/august_generator2026.xlsx,2026-09-26T00:04:26Z,2026-08,70335,PS42,65539,CO,Larimer,PSCO,IPP Non-CHP,Solar Photovoltaic,solar,PV,Photovoltaic,SUN,Solar,1.9,1.9,1.9,V,"Under construction, more than 50 percent complete",2026-10-01
eia860:70336:NCBP1,generator,"NCBP ONE, LLC",US-MD,38.8698,-76.7394,2.5,under_construction,,Pivot Energy,eia:860m,https://www.eia.gov/electricity/data/eia860m/xls/august_generator2026.xlsx,2026-09-26T00:04:26Z,2026-08,70336,NCBP1,65539,MD,Prince Georges,PJM,IPP Non-CHP,Solar Photovoltaic,solar,PV,Photovoltaic,SUN,Solar,2.5,2.5,2.5,V,"Under construction, more than 50 percent complete",2026-10-01
eia860:70337:PS71,generator,Pivot Solar 71 LLC,US-CO,40.267178,-103.6512,1.8,under_construction,,Pivot Energy,eia:860m,https://www.eia.gov/electricity/data/eia860m/xls/august_generator2026.xlsx,2026-09-26T00:04:26Z,2026-08,70337,PS71,65539,CO,Morgan,PSCO,IPP Non-CHP,Solar Photovoltaic,solar,PV,Photovoltaic,SUN,Solar,1.8,1.8,1.8,V,"Under construction, more than 50 percent complete",2026-10-01
eia860:70338:NCB10,generator,"NCBP TEN, LLC",US-MD,38.867,-76.7386,1.4,under_construction,,Pivot Energy,eia:860m,https://www.eia.gov/electricity/data/eia860m/xls/august_generator2026.xlsx,2026-09-26T00:04:26Z,2026-08,70338,NCB10,65539,MD,Prince Georges,PJM,IPP Non-CHP,Solar Photovoltaic,solar,PV,Photovoltaic,SUN,Solar,1.4,1.4,1.4,V,"Under construction, more than 50 percent complete",2026-10-01
eia860:70339:IL55B,generator,Pivot Energy IL 55 LLC,US-IL,42.339848,-88.50452,3.1,under_construction,,Pivot Energy,eia:860m,https://www.eia.gov/electricity/data/eia860m/xls/august_generator2026.xlsx,2026-09-26T00:04:26Z,2026-08,70339,IL55B,65539,IL,McHenry,PJM,IPP Non-CHP,Solar Photovoltaic,solar,PV,Photovoltaic,SUN,Solar,3.1,3.1,3.1,V,"Under construction, more than 50 percent complete",2026-10-01
eia860:70340:CAR15,generator,"Carousel Energy Storage, LLC",US-CO,39.213298,-102.1036,149.6,planned,,"Carousel Energy Storage, LLC",eia:860m,https://www.eia.gov/electricity/data/eia860m/xls/august_generator2026.xlsx,2026-09-26T00:04:26Z,2026-08,70340,CAR15,67995,CO,Kit Carson,SWPP,IPP Non-CHP,Batteries,storage,BA,"Energy storage, battery",MWH,Electricity used for energy storage,149.6,149.6,149.6,T,Regulatory approvals received. Not under construction,2027-12-01
eia860:70341:TW200,generator,"Thunder Wolf II, LLC",US-CO,38.94808,-104.2357,200,planned,,"Thunder Wolf II, LLC",eia:860m,https://www.eia.gov/electricity/data/eia860m/xls/august_generator2026.xlsx,2026-09-26T00:04:26Z,2026-08,70341,TW200,67994,CO,Pueblo,WACM,IPP Non-CHP,Solar Photovoltaic,solar,PV,Photovoltaic,SUN,Solar,200,200,200,T,Regulatory approvals received. Not under construction,2027-12-01
eia860:70343:WAGT1,generator,GPI WACO Power,US-TX,31.47682,-97.18766,43.4,under_construction,,Graphic Packaging International - WACO,eia:860m,https://www.eia.gov/electricity/data/eia860m/xls/august_generator2026.xlsx,2026-09-26T00:04:26Z,2026-08,70343,WAGT1,67977,TX,McLennan,ERCO,Industrial Non-CHP,Natural Gas Fired Combustion Turbine,natural_gas,GT,Combustion (gas) turbine,NG,Natural gas,43.4,43.4,43.4,U,"Under construction, less than or equal to 50 percent complete",2027-01-01
eia860:70344:RSPV,generator,Rush Springs Solar,US-OK,34.469189,-97.89441,200,under_construction,,"Rush Springs Solar, LLC",eia:860m,https://www.eia.gov/electricity/data/eia860m/xls/august_generator2026.xlsx,2026-09-26T00:04:26Z,2026-08,70344,RSPV,67978,OK,Stephens,SWPP,IPP Non-CHP,Solar Photovoltaic,solar,PV,Photovoltaic,SUN,Solar,200,200,200,V,"Under construction, more than 50 percent complete",2026-10-01
eia860:70345:SFES,generator,Steele Flats Energy Storage,US-NE,40.051306,-96.95178,50,under_construction,,"Steele Flats Energy Storage, LLC",eia:860m,https://www.eia.gov/electricity/data/eia860m/xls/august_generator2026.xlsx,2026-09-26T00:04:26Z,2026-08,70345,SFES,67979,NE,Jefferson,SWPP,IPP Non-CHP,Batteries,storage,BA,"Energy storage, battery",MWH,Electricity used for energy storage,50,50,50,V,"Under construction, more than 50 percent complete",2026-12-01
eia860:70350:RT40,generator,IL - Forefront Ameren- Route 40,US-IL,40.923873,-89.63042,2,under_construction,,"IL Solar Route 40 Project2, LLC",eia:860m,https://www.eia.gov/electricity/data/eia860m/xls/august_generator2026.xlsx,2026-09-26T00:04:26Z,2026-08,70350,RT40,67985,IL,Peoria,MISO,IPP Non-CHP,Solar Photovoltaic,solar,PV,Photovoltaic,SUN,Solar,2,2,2,V,"Under construction, more than 50 percent complete",2026-12-01
eia860:70353:TRU1,generator,IL-Forefront Ameren-Truitt 1,US-IL,40.929207,-89.64177,2,under_construction,,"IL Solar Truitt Project1, LLC",eia:860m,https://www.eia.gov/electricity/data/eia860m/xls/august_generator2026.xlsx,2026-09-26T00:04:26Z,2026-08,70353,TRU1,67988,IL,Peoria,MISO,IPP Non-CHP,Solar Photovoltaic,solar,PV,Photovoltaic,SUN,Solar,2,2,2,V,"Under construction, more than 50 percent complete",2026-12-01
eia860:70354:TRU2,generator,IL-Forefront Ameren-Truitt 2,US-IL,40.929207,-89.64177,2,under_construction,,"IL Solar Truitt Project2, LLC",eia:860m,https://www.eia.gov/electricity/data/eia860m/xls/august_generator2026.xlsx,2026-09-26T00:04:26Z,2026-08,70354,TRU2,67989,IL,Peoria,MISO,IPP Non-CHP,Solar Photovoltaic,solar,PV,Photovoltaic,SUN,Solar,2,2,2,V,"Under construction, more than 50 percent complete",2026-12-01
eia860:70357:PS58,generator,Pivot Solar 58 LLC,US-CO,40.474398,-104.623,4.5,under_construction,,Pivot Energy,eia:860m,https://www.eia.gov/electricity/data/eia860m/xls/august_generator2026.xlsx,2026-09-26T00:04:26Z,2026-08,70357,PS58,65539,CO,Weld,PSCO,IPP Non-CHP,Solar Photovoltaic,solar,PV,Photovoltaic,SUN,Solar,4.5,4.5,4.5,V,"Under construction, more than 50 percent complete",2026-11-01
eia860:70359:SYRVS,generator,"Sycamore Riverside Energy, LLC",US-IN,39.213906,-87.54727,964,planned,,Invenergy Services LLC,eia:860m,https://www.eia.gov/electricity/data/eia860m/xls/august_generator2026.xlsx,2026-09-26T00:04:26Z,2026-08,70359,SYRVS,49893,IN,Sullivan,PJM,IPP Non-CHP,Natural Gas Fired Combustion Turbine,natural_gas,GT,Combustion (gas) turbine,NG,Natural gas,964,964,964,P,"Planned for installation, but regulatory approvals not initiated",2029-03-01
eia860:70360:FNDRD,generator,Foundry Ridge Energy Center LLC,US-WI,42.583072,-88.72461,108,planned,,Invenergy Services LLC,eia:860m,https://www.eia.gov/electricity/data/eia860m/xls/august_generator2026.xlsx,2026-09-26T00:04:26Z,2026-08,70360,FNDRD,49893,WI,Walworth,MISO,IPP Non-CHP,Natural Gas Fired Combustion Turbine,natural_gas,GT,Combustion (gas) turbine,NG,Natural gas,108,108,108,P,"Planned for installation, but regulatory approvals not initiated",2028-08-01
eia860:70360:FNRD2,generator,Foundry Ridge Energy Center LLC,US-WI,42.583072,-88.72461,108,planned,,Invenergy Services LLC,eia:860m,https://www.eia.gov/electricity/data/eia860m/xls/august_generator2026.xlsx,2026-09-26T00:04:26Z,2026-08,70360,FNRD2,49893,WI,Walworth,MISO,IPP Non-CHP,Natural Gas Fired Combustion Turbine,natural_gas,GT,Combustion (gas) turbine,NG,Natural gas,108,108,108,P,"Planned for installation, but regulatory approvals not initiated",2028-08-01
eia860:70360:FNRD3,generator,Foundry Ridge Energy Center LLC,US-WI,42.583072,-88.72461,108,planned,,Invenergy Services LLC,eia:860m,https://www.eia.gov/electricity/data/eia860m/xls/august_generator2026.xlsx,2026-09-26T00:04:26Z,2026-08,70360,FNRD3,49893,WI,Walworth,MISO,IPP Non-CHP,Natural Gas Fired Combustion Turbine,natural_gas,GT,Combustion (gas) turbine,NG,Natural gas,108,108,108,P,"Planned for installation, but regulatory approvals not initiated",2028-08-01
eia860:70364:GEN1,generator,Walker Solar,US-PA,40.585531,-77.34537,80,under_construction,,MN8 Energy LLC,eia:860m,https://www.eia.gov/electricity/data/eia860m/xls/august_generator2026.xlsx,2026-09-26T00:04:26Z,2026-08,70364,GEN1,61944,PA,Juniata,PJM,IPP Non-CHP,Solar Photovoltaic,solar,PV,Photovoltaic,SUN,Solar,80,80,80,U,"Under construction, less than or equal to 50 percent complete",2026-12-01
eia860:70365:BODES,generator,Bodkin BESS,US-TX,29.292,-95.301,75,planned,,Bodkin BESS LLC,eia:860m,https://www.eia.gov/electricity/data/eia860m/xls/august_generator2026.xlsx,2026-09-26T00:04:26Z,2026-08,70365,BODES,67997,TX,Brazoria,ERCO,IPP Non-CHP,Batteries,storage,BA,"Energy storage, battery",MWH,Electricity used for energy storage,75,75,75,T,Regulatory approvals received. Not under construction,2028-12-01
eia860:70366:BHBES,generator,Boot Hill Energy Storage,US-KS,37.704,-99.977,75,planned,,Boot Hill Energy Storage LLC,eia:860m,https://www.eia.gov/electricity/data/eia860m/xls/august_generator2026.xlsx,2026-09-26T00:04:26Z,2026-08,70366,BHBES,67998,KS,Ford,SWPP,IPP Non-CHP,Batteries,storage,BA,"Energy storage, battery",MWH,Electricity used for energy storage,75,75,75,T,Regulatory approvals received. Not under construction,2028-12-01
eia860:70367:OBAES,generator,O'Bannion Energy Storage,US-TX,33.041,-98.339,300,planned,,"O'Bannion Energy Storage, LLC",eia:860m,https://www.eia.gov/electricity/data/eia860m/xls/august_generator2026.xlsx,2026-09-26T00:04:26Z,2026-08,70367,OBAES,67999,TX,Jack,ERCO,IPP Non-CHP,Batteries,storage,BA,"Energy storage, battery",MWH,Electricity used for energy storage,300,300,300,T,Regulatory approvals received. Not under construction,2028-12-01
eia860:70368:R4220,generator,Ranch 4220,US-CA,35.60601,-119.1369,1.1,under_construction,,"Wonderful Renewable Energy, LLC.",eia:860m,https://www.eia.gov/electricity/data/eia860m/xls/august_generator2026.xlsx,2026-09-26T00:04:26Z,2026-08,70368,R4220,63689,CA,Kern,CISO,Industrial Non-CHP,Solar Photovoltaic,solar,PV,Photovoltaic,SUN,Solar,1.1,1.1,1.1,V,"Under construction, more than 50 percent complete",2026-09-01
eia860:70370:R4701,generator,Ranch 4701,US-CA,35.742656,-119.0809,2.3,under_construction,,"Wonderful Renewable Energy, LLC.",eia:860m,https://www.eia.gov/electricity/data/eia860m/xls/august_generator2026.xlsx,2026-09-26T00:04:26Z,2026-08,70370,R4701,63689,CA,Kern,CISO,Industrial Non-CHP,Solar Photovoltaic,solar,PV,Photovoltaic,SUN,Solar,2.3,2.3,2.3,V,"Under construction, more than 50 percent complete",2026-10-01
eia860:70372:LERMI,generator,Lerdo Middle,US-CA,35.50622,-119.162,2.4,under_construction,,"Wonderful Renewable Energy, LLC.",eia:860m,https://www.eia.gov/electricity/data/eia860m/xls/august_generator2026.xlsx,2026-09-26T00:04:26Z,2026-08,70372,LERMI,63689,CA,Kern,CISO,Industrial Non-CHP,Solar Photovoltaic,solar,PV,Photovoltaic,SUN,Solar,2.4,2.4,2.4,V,"Under construction, more than 50 percent complete",2026-08-01
eia860:70373:SDF1A,generator,100a Swiss Dale Farm,US-MD,39.661976,-76.05111,2,under_construction,,Pivot Energy,eia:860m,https://www.eia.gov/electricity/data/eia860m/xls/august_generator2026.xlsx,2026-09-26T00:04:26Z,2026-08,70373,SDF1A,65539,MD,Cecil,PJM,IPP Non-CHP,Solar Photovoltaic,solar,PV,Photovoltaic,SUN,Solar,2,2,2,V,"Under construction, more than 50 percent complete",2026-11-01
eia860:70374:CSC52,generator,Chaberton Solar Crestone,US-DE,38.946876,-75.57677,4,under_construction,,Pivot Energy,eia:860m,https://www.eia.gov/electricity/data/eia860m/xls/august_generator2026.xlsx,2026-09-26T00:04:26Z,2026-08,70374,CSC52,65539,DE,Kent,PJM,IPP Non-CHP,Solar Photovoltaic,solar,PV,Photovoltaic,SUN,Solar,4,4,4,V,"Under construction, more than 50 percent complete",2026-12-01
eia860:70375:CLIN5,generator,Clinton Solar 5,US-IL,38.595381,-89.18656,2.6,under_construction,,Pivot Energy,eia:860m,https://www.eia.gov/electricity/data/eia860m/xls/august_generator2026.xlsx,2026-09-26T00:04:26Z,2026-08,70375,CLIN5,65539,IL,Clinton,MISO,IPP Non-CHP,Solar Photovoltaic,solar,PV,Photovoltaic,SUN,Solar,2.6,2.6,2.6,V,"Under construction, more than 50 percent complete",2026-11-01
eia860:70376:IL52,generator,Pivot Energy IL 52,US-IL,42.329332,-88.41144,5,under_construction,,Pivot Energy,eia:860m,https://www.eia.gov/electricity/data/eia860m/xls/august_generator2026.xlsx,2026-09-26T00:04:26Z,2026-08,70376,IL52,65539,IL,McHenry,PJM,IPP Non-CHP,Solar Photovoltaic,solar,PV,Photovoltaic,SUN,Solar,5,5,5,V,"Under construction, more than 50 percent complete",2026-10-01
eia860:70377:BES,generator,Boxcar Energy Storage,US-TX,33.018516,-96.52003,150,under_construction,,"Boxcar Energy Storage, LLC",eia:860m,https://www.eia.gov/electricity/data/eia860m/xls/august_generator2026.xlsx,2026-09-26T00:04:26Z,2026-08,70377,BES,68013,TX,Collin,ERCO,IPP Non-CHP,Batteries,storage,BA,"Energy storage, battery",MWH,Electricity used for energy storage,150,150,150,V,"Under construction, more than 50 percent complete",2027-05-01
eia860:70378:GEN5,generator,Crane Creek Garden,US-MN,44.09501,-93.65467,5,under_construction,,Bullrock-NxtGenREA,eia:860m,https://www.eia.gov/electricity/data/eia860m/xls/august_generator2026.xlsx,2026-09-26T00:04:26Z,2026-08,70378,GEN5,66926,MN,Waseca,MISO,IPP Non-CHP,Solar Photovoltaic,solar,PV,Photovoltaic,SUN,Solar,5,5,5,U,"Under construction, less than or equal to 50 percent complete",2026-11-01
eia860:70379:GEN2,generator,Fuller Garden,US-MN,45.45357,-94.00707,1,under_construction,,Bullrock-NxtGenREA,eia:860m,https://www.eia.gov/electricity/data/eia860m/xls/august_generator2026.xlsx,2026-09-26T00:04:26Z,2026-08,70379,GEN2,66926,MN,Sherburne,MISO,IPP Non-CHP,Solar Photovoltaic,solar,PV,Photovoltaic,SUN,Solar,1,1,1,U,"Under construction, less than or equal to 50 percent complete",2026-11-01
eia860:70380:GEN4,generator,Kraemer Garden,US-MN,45.53123,-94.24932,4,under_construction,,Baxter Healthcare of Puerto Rico/Jayuya,eia:860m,https://www.eia.gov/electricity/data/eia860m/xls/august_generator2026.xlsx,2026-09-26T00:04:26Z,2026-08,70380,GEN4,66626,MN,Stearns,MISO,IPP Non-CHP,Solar Photovoltaic,solar,PV,Photovoltaic,SUN,Solar,4,4,4,U,"Under construction, less than or equal to 50 percent complete",2026-10-01
eia860:70381:GEN1,generator,Carver Garden,US-MN,44.29848,-93.2408,1,under_construction,,Bullrock-NxtGenREA,eia:860m,https://www.eia.gov/electricity/data/eia860m/xls/august_generator2026.xlsx,2026-09-26T00:04:26Z,2026-08,70381,GEN1,66926,MN,Rice,MISO,IPP Non-CHP,Solar Photovoltaic,solar,PV,Photovoltaic,SUN,Solar,1,1,1,U,"Under construction, less than or equal to 50 percent complete",2026-10-01
eia860:70382:GEN3,generator,Mazaska Garden,US-MN,44.48723,-93.13416,5,under_construction,,Bullrock-NxtGenREA,eia:860m,https://www.eia.gov/electricity/data/eia860m/xls/august_generator2026.xlsx,2026-09-26T00:04:26Z,2026-08,70382,GEN3,66926,MN,Rice,MISO,IPP Non-CHP,Solar Photovoltaic,solar,PV,Photovoltaic,SUN,Solar,5,5,5,U,"Under construction, less than or equal to 50 percent complete",2026-11-01
eia860:70386:BESS1,generator,Chicopee BESS,US-MA,42.173653,-72.6119,5,under_construction,,Uriel Renovables S.A,eia:860m,https://www.eia.gov/electricity/data/eia860m/xls/august_generator2026.xlsx,2026-09-26T00:04:26Z,2026-08,70386,BESS1,68001,MA,Hampden,ISNE,IPP Non-CHP,Batteries,storage,BA,"Energy storage, battery",MWH,Electricity used for energy storage,5,5,5,U,"Under construction, less than or equal to 50 percent complete",2026-10-01
eia860:70387:BESS1,generator,Framingham BESS,US-MA,42.313107,-71.38953,5,under_construction,,Uriel Renovables S.A,eia:860m,https://www.eia.gov/electricity/data/eia860m/xls/august_generator2026.xlsx,2026-09-26T00:04:26Z,2026-08,70387,BESS1,68001,MA,Middlesex,ISNE,IPP Non-CHP,Batteries,storage,BA,"Energy storage, battery",MWH,Electricity used for energy storage,5,5,5,U,"Under construction, less than or equal to 50 percent complete",2026-10-01
eia860:70393:S1,generator,Stephenson County IL S1,US-IL,42.304234,-89.58015,2,under_construction,,"SolAmerica Energy / Stephenson County IL S1, LLC",eia:860m,https://www.eia.gov/electricity/data/eia860m/xls/august_generator2026.xlsx,2026-09-26T00:04:26Z,2026-08,70393,S1,68004,IL,Stephenson,PJM,IPP Non-CHP,Solar Photovoltaic,solar,PV,Photovoltaic,SUN,Solar,2,2,2,V,"Under construction, more than 50 percent complete",2026-09-01
eia860:70395:BESS1,generator,Pace Road Battery Storage,US-FL,28.136235,-81.82978,20,planned,,Tampa Electric Co,eia:860m,https://www.eia.gov/electricity/data/eia860m/xls/august_generator2026.xlsx,2026-09-26T00:04:26Z,2026-08,70395,BESS1,18454,FL,Polk,TEC,Electric Utility,Batteries,storage,BA,"Energy storage, battery",MWH,Electricity used for energy storage,20,20,20,T,Regulatory approvals received. Not under construction,2027-10-01
eia860:70397:SRSB1,generator,Steel River Solar Phase 1,US-AR,35.578637,-90.09763,250,under_construction,,Cypress Creek Renewables,eia:860m,https://www.eia.gov/electricity/data/eia860m/xls/august_generator2026.xlsx,2026-09-26T00:04:26Z,2026-08,70397,SRSB1,61060,AR,Mississippi,MISO,IPP Non-CHP,Batteries,storage,BA,"Energy storage, battery",MWH,Electricity used for energy storage,250,250,250,U,"Under construction, less than or equal to 50 percent complete",2028-08-01
eia860:70397:SRSP1,generator,Steel River Solar Phase 1,US-AR,35.578637,-90.09763,500,under_construction,,Cypress Creek Renewables,eia:860m,https://www.eia.gov/electricity/data/eia860m/xls/august_generator2026.xlsx,2026-09-26T00:04:26Z,2026-08,70397,SRSP1,61060,AR,Mississippi,MISO,IPP Non-CHP,Solar Photovoltaic,solar,PV,Photovoltaic,SUN,Solar,500,500,500,U,"Under construction, less than or equal to 50 percent complete",2028-08-01
eia860:70398:SRSB2,generator,Steel River Solar Phase 2,US-AR,35.578637,-90.09763,250,under_construction,,Cypress Creek Renewables,eia:860m,https://www.eia.gov/electricity/data/eia860m/xls/august_generator2026.xlsx,2026-09-26T00:04:26Z,2026-08,70398,SRSB2,61060,AR,Mississippi,MISO,IPP Non-CHP,Batteries,storage,BA,"Energy storage, battery",MWH,Electricity used for energy storage,250,250,250,U,"Under construction, less than or equal to 50 percent complete",2029-07-01
eia860:70398:SRSP2,generator,Steel River Solar Phase 2,US-AR,35.578637,-90.09763,500,under_construction,,Cypress Creek Renewables,eia:860m,https://www.eia.gov/electricity/data/eia860m/xls/august_generator2026.xlsx,2026-09-26T00:04:26Z,2026-08,70398,SRSP2,61060,AR,Mississippi,MISO,IPP Non-CHP,Solar Photovoltaic,solar,PV,Photovoltaic,SUN,Solar,500,500,500,U,"Under construction, less than or equal to 50 percent complete",2029-07-01
eia860:70399:SRSB3,generator,Steel River Solar Phase 3,US-AR,35.578637,-90.09763,250,under_construction,,Cypress Creek Renewables,eia:860m,https://www.eia.gov/electricity/data/eia860m/xls/august_generator2026.xlsx,2026-09-26T00:04:26Z,2026-08,70399,SRSB3,61060,AR,Mississippi,MISO,IPP Non-CHP,Batteries,storage,BA,"Energy storage, battery",MWH,Electricity used for energy storage,250,250,250,U,"Under construction, less than or equal to 50 percent complete",2030-07-01
eia860:70399:SRSP3,generator,Steel River Solar Phase 3,US-AR,35.578637,-90.09763,500,under_construction,,Cypress Creek Renewables,eia:860m,https://www.eia.gov/electricity/data/eia860m/xls/august_generator2026.xlsx,2026-09-26T00:04:26Z,2026-08,70399,SRSP3,61060,AR,Mississippi,MISO,IPP Non-CHP,Solar Photovoltaic,solar,PV,Photovoltaic,SUN,Solar,500,500,500,U,"Under construction, less than or equal to 50 percent complete",2030-07-01
eia860:70400:BEE1A,generator,Bee Branch IA,US-TX,31.104838,-96.66477,200,under_construction,,"Bee Branch IA, LLC",eia:860m,https://www.eia.gov/electricity/data/eia860m/xls/august_generator2026.xlsx,2026-09-26T00:04:26Z,2026-08,70400,BEE1A,68019,TX,Robertson,ERCO,IPP Non-CHP,Batteries,storage,BA,"Energy storage, battery",MWH,Electricity used for energy storage,200,200,200,U,"Under construction, less than or equal to 50 percent complete",2027-06-01
eia860:70401:CLEM,generator,Clems Way Solar,US-MA,41.732,-70.894,5,planned,,"ReWild Renewables, LLC",eia:860m,https://www.eia.gov/electricity/data/eia860m/xls/august_generator2026.xlsx,2026-09-26T00:04:26Z,2026-08,70401,CLEM,66646,MA,Bristol,ISNE,IPP Non-CHP,Solar Photovoltaic,solar,PV,Photovoltaic,SUN,Solar,5,5,5,T,Regulatory approvals received. Not under construction,2027-07-01
eia860:70402:LOGN,generator,Logging Swamp North,US-MA,41.775,-70.881,5,planned,,"ReWild Renewables, LLC",eia:860m,https://www.eia.gov/electricity/data/eia860m/xls/august_generator2026.xlsx,2026-09-26T00:04:26Z,2026-08,70402,LOGN,66646,MA,Plymouth,ISNE,IPP Non-CHP,Solar Photovoltaic,solar,PV,Photovoltaic,SUN,Solar,5,5,5,T,Regulatory approvals received. Not under construction,2027-08-01
eia860:70403:GRBS1,generator,Grand Basin Energy Storage,US-MI,42.420211,-84.48752,100,planned,,"Grand Basin Energy Storage, LLC",eia:860m,https://www.eia.gov/electricity/data/eia860m/xls/august_generator2026.xlsx,2026-09-26T00:04:26Z,2026-08,70403,GRBS1,68020,MI,Jackson,MISO,IPP Non-CHP,Batteries,storage,BA,"Energy storage, battery",MWH,Electricity used for energy storage,100,100,100,P,"Planned for installation, but regulatory approvals not initiated",2027-03-01
eia860:70404:LOGS,generator,Logging Swamp South,US-MA,41.774,-70.88,5,planned,,"ReWild Renewables, LLC",eia:860m,https://www.eia.gov/electricity/data/eia860m/xls/august_generator2026.xlsx,2026-09-26T00:04:26Z,2026-08,70404,LOGS,66646,MA,Plymouth,ISNE,IPP Non-CHP,Solar Photovoltaic,solar,PV,Photovoltaic,SUN,Solar,5,5,5,T,Regulatory approvals received. Not under construction,2027-08-01
eia860:70405:BA-1,generator,"Winchester Solar I, LLC",US-AZ,32.186372,-109.9531,87.8,under_construction,,"Torch Operating Company, LLC",eia:860m,https://www.eia.gov/electricity/data/eia860m/xls/august_generator2026.xlsx,2026-09-26T00:04:26Z,2026-08,70405,BA-1,68029,AZ,Cochise,TEPC,IPP Non-CHP,Batteries,storage,BA,"Energy storage, battery",MWH,Electricity used for energy storage,87.8,87.8,87.8,V,"Under construction, more than 50 percent complete",2027-03-01
eia860:70405:PV-1,generator,"Winchester Solar I, LLC",US-AZ,32.186372,-109.9531,87.8,under_construction,,"Torch Operating Company, LLC",eia:860m,https://www.eia.gov/electricity/data/eia860m/xls/august_generator2026.xlsx,2026-09-26T00:04:26Z,2026-08,70405,PV-1,68029,AZ,Cochise,TEPC,IPP Non-CHP,Solar Photovoltaic,solar,PV,Photovoltaic,SUN,Solar,87.8,87.8,87.8,V,"Under construction, more than 50 percent complete",2027-03-01
eia860:70406:BA-2,generator,"Winchester Solar II, LLC",US-AZ,32.207126,-109.9435,87.8,under_construction,,"Torch Operating Company, LLC",eia:860m,https://www.eia.gov/electricity/data/eia860m/xls/august_generator2026.xlsx,2026-09-26T00:04:26Z,2026-08,70406,BA-2,68029,AZ,Cochise,WALC,IPP Non-CHP,Batteries,storage,BA,"Energy storage, battery",MWH,Electricity used for energy storage,87.8,87.8,87.8,V,"Under construction, more than 50 percent complete",2027-05-01
eia860:70406:PV-2,generator,"Winchester Solar II, LLC",US-AZ,32.207126,-109.9435,87.8,under_construction,,"Torch Operating Company, LLC",eia:860m,https://www.eia.gov/electricity/data/eia860m/xls/august_generator2026.xlsx,2026-09-26T00:04:26Z,2026-08,70406,PV-2,68029,AZ,Cochise,WALC,IPP Non-CHP,Solar Photovoltaic,solar,PV,Photovoltaic,SUN,Solar,87.8,87.8,87.8,V,"Under construction, more than 50 percent complete",2027-05-01
eia860:70407:RSS,generator,Roy Solar,US-OK,34.309919,-96.77935,258,under_construction,,"Roy Solar, LLC",eia:860m,https://www.eia.gov/electricity/data/eia860m/xls/august_generator2026.xlsx,2026-09-26T00:04:26Z,2026-08,70407,RSS,68030,OK,Stephens,SPA,IPP Non-CHP,Solar Photovoltaic,solar,PV,Photovoltaic,SUN,Solar,258,258,258,U,"Under construction, less than or equal to 50 percent complete",2027-12-01
eia860:70408:WCB,generator,Willow Creek Energy Storage,US-OK,36.389624,-97.02781,200,under_construction,,"Willow Creek Energy Storage, LLC",eia:860m,https://www.eia.gov/electricity/data/eia860m/xls/august_generator2026.xlsx,2026-09-26T00:04:26Z,2026-08,70408,WCB,68031,OK,Pawnee,SPA,IPP Non-CHP,Batteries,storage,BA,"Energy storage, battery",MWH,Electricity used for energy storage,200,200,200,U,"Under construction, less than or equal to 50 percent complete",2026-12-01
eia860:70409:ENX41,generator,Hera Solar,US-VA,36.167141,-81.50336,13.3,planned,,"Hera Solar, LLC",eia:860m,https://www.eia.gov/electricity/data/eia860m/xls/august_generator2026.xlsx,2026-09-26T00:04:26Z,2026-08,70409,ENX41,68032,VA,Tazewell,PJM,IPP Non-CHP,Solar Photovoltaic,solar,PV,Photovoltaic,SUN,Solar,13.3,13.3,13.3,L,Regulatory approvals pending. Not under construction,2028-06-01
eia860:70410:ENX42,generator,Willow Solar,US-VA,36.968749,-79.93001,12,planned,,"Willow Solar, LLC",eia:860m,https://www.eia.gov/electricity/data/eia860m/xls/august_generator2026.xlsx,2026-09-26T00:04:26Z,2026-08,70410,ENX42,68033,VA,Franklin,PJM,IPP Non-CHP,Solar Photovoltaic,solar,PV,Photovoltaic,SUN,Solar,12,12,12,L,Regulatory approvals pending. Not under construction,2027-06-01
eia860:70419:RSBA,generator,Royal Slope,US-WA,46.883147,-119.9207,260,planned,,Royal Slope Solar LLC,eia:860m,https://www.eia.gov/electricity/data/eia860m/xls/august_generator2026.xlsx,2026-09-26T00:04:26Z,2026-08,70419,RSBA,68021,WA,Grant,BPAT,IPP Non-CHP,Batteries,storage,BA,"Energy storage, battery",MWH,Electricity used for energy storage,260,260,260,T,Regulatory approvals received. Not under construction,2027-10-01
eia860:70419:RSPV,generator,Royal Slope,US-WA,46.883147,-119.9207,260,planned,,Royal Slope Solar LLC,eia:860m,https://www.eia.gov/electricity/data/eia860m/xls/august_generator2026.xlsx,2026-09-26T00:04:26Z,2026-08,70419,RSPV,68021,WA,Grant,BPAT,IPP Non-CHP,Solar Photovoltaic,solar,PV,Photovoltaic,SUN,Solar,260,260,260,T,Regulatory approvals received. Not under construction,2027-10-01
eia860:70420:BA1,generator,Wheatridge Optimization I,US-OR,45.560054,-119.6224,65,under_construction,,"Wheatridge Optimization I, LLC",eia:860m,https://www.eia.gov/electricity/data/eia860m/xls/august_generator2026.xlsx,2026-09-26T00:04:26Z,2026-08,70420,BA1,68027,OR,Morrow,BPAT,IPP Non-CHP,Batteries,storage,BA,"Energy storage, battery",MWH,Electricity used for energy storage,65,65,65,U,"Under construction, less than or equal to 50 percent complete",2027-12-01
eia860:70420:PV1,generator,Wheatridge Optimization I,US-OR,45.560054,-119.6224,110,under_construction,,"Wheatridge Optimization I, LLC",eia:860m,https://www.eia.gov/electricity/data/eia860m/xls/august_generator2026.xlsx,2026-09-26T00:04:26Z,2026-08,70420,PV1,68027,OR,Morrow,BPAT,IPP Non-CHP,Solar Photovoltaic,solar,PV,Photovoltaic,SUN,Solar,110,110,110,U,"Under construction, less than or equal to 50 percent complete",2027-12-01
eia860:70428:DRIVB,generator,Bakersfield Driver,US-CA,35.562181,-119.202,0.3,under_construction,,Pacifico Bakersfield Driver LLC,eia:860m,https://www.eia.gov/electricity/data/eia860m/xls/august_generator2026.xlsx,2026-09-26T00:04:26Z,2026-08,70428,DRIVB,68038,CA,Kern,CISO,IPP Non-CHP,Batteries,storage,BA,"Energy storage, battery",MWH,Electricity used for energy storage,0.3,0.3,0.3,V,"Under construction, more than 50 percent complete",2026-09-01
eia860:70428:DRIVS,generator,Bakersfield Driver,US-CA,35.562181,-119.202,1.7,under_construction,,Pacifico Bakersfield Driver LLC,eia:860m,https://www.eia.gov/electricity/data/eia860m/xls/august_generator2026.xlsx,2026-09-26T00:04:26Z,2026-08,70428,DRIVS,68038,CA,Kern,CISO,IPP Non-CHP,Solar Photovoltaic,solar,PV,Photovoltaic,SUN,Solar,1.7,1.7,1.7,V,"Under construction, more than 50 percent complete",2026-09-01
eia860:70437:GROTN,generator,Groton Flanders Road Landfill,US-CT,41.35,-72.05,5,under_construction,,NJR Clean Energy Ventures Corporation,eia:860m,https://www.eia.gov/electricity/data/eia860m/xls/august_generator2026.xlsx,2026-09-26T00:04:26Z,2026-08,70437,GROTN,56990,CT,New London,ISNE,IPP Non-CHP,Solar Photovoltaic,solar,PV,Photovoltaic,SUN,Solar,5,5,5,U,"Under construction, less than or equal to 50 percent complete",2027-07-01
eia860:70439:PV1,generator,SR 415 - NY Avoca I,US-NY,42.401191,-77.41787,3.3,under_construction,,"NY Avoca I, LLC",eia:860m,https://www.eia.gov/electricity/data/eia860m/xls/august_generator2026.xlsx,2026-09-26T00:04:26Z,2026-08,70439,PV1,68039,NY,Steuben,NYIS,IPP Non-CHP,Solar Photovoltaic,solar,PV,Photovoltaic,SUN,Solar,3.3,3.3,3.3,U,"Under construction, less than or equal to 50 percent complete",2027-06-01
eia860:70440:BRACE,generator,NL IL Braceville,US-IL,41.230511,-88.25037,5,under_construction,,Standard Solar,eia:860m,https://www.eia.gov/electricity/data/eia860m/xls/august_generator2026.xlsx,2026-09-26T00:04:26Z,2026-08,70440,BRACE,60531,IL,Grundy,PJM,IPP Non-CHP,Solar Photovoltaic,solar,PV,Photovoltaic,SUN,Solar,5,5,5,TS,"Construction complete, but not yet in commercial operation",2026-10-01
eia860:70441:PALO2,generator,Palo Duro Energy Storage II,US-TX,36.410697,-101.0149,165.7,planned,,"Palo Duro Energy Center, LLC",eia:860m,https://www.eia.gov/electricity/data/eia860m/xls/august_generator2026.xlsx,2026-09-26T00:04:26Z,2026-08,70441,PALO2,68035,TX,Ochiltree,SWPP,IPP Non-CHP,Batteries,storage,BA,"Energy storage, battery",MWH,Electricity used for energy storage,165.7,165.7,165.7,P,"Planned for installation, but regulatory approvals not initiated",2029-05-01
eia860:70442:11224,generator,KN216,US-IL,41.852991,-88.43975,4.9,under_construction,,Generate Capital,eia:860m,https://www.eia.gov/electricity/data/eia860m/xls/august_generator2026.xlsx,2026-09-26T00:04:26Z,2026-08,70442,11224,61194,IL,Kane,MISO,IPP Non-CHP,Solar Photovoltaic,solar,PV,Photovoltaic,SUN,Solar,4.9,4.9,4.9,V,"Under construction, more than 50 percent complete",2026-11-01
eia860:70443:MAMM2,generator,Mammoth Plains Energy Storage II,US-OK,35.97972,-98.70606,101.2,planned,,"Mammoth Plains Energy Center, LLC",eia:860m,https://www.eia.gov/electricity/data/eia860m/xls/august_generator2026.xlsx,2026-09-26T00:04:26Z,2026-08,70443,MAMM2,68036,OK,Dewey,SWPP,IPP Non-CHP,Batteries,storage,BA,"Energy storage, battery",MWH,Electricity used for energy storage,101.2,101.2,101.2,P,"Planned for installation, but regulatory approvals not initiated",2029-05-01
eia860:70444:11131,generator,Cottonwood - IL,US-IL,40.684739,-89.00338,4.9,under_construction,,Generate Capital,eia:860m,https://www.eia.gov/electricity/data/eia860m/xls/august_generator2026.xlsx,2026-09-26T00:04:26Z,2026-08,70444,11131,61194,IL,Woodford,MISO,IPP Non-CHP,Solar Photovoltaic,solar,PV,Photovoltaic,SUN,Solar,4.9,4.9,4.9,V,"Under construction, more than 50 percent complete",2026-08-01
eia860:70445:PV1,generator,W 167th St,US-IL,41.59009,-87.63044,1.5,under_construction,,"555 W 167th St Solar, LLC",eia:860m,https://www.eia.gov/electricity/data/eia860m/xls/august_generator2026.xlsx,2026-09-26T00:04:26Z,2026-08,70445,PV1,68043,IL,Cook,PJM,IPP Non-CHP,Solar Photovoltaic,solar,PV,Photovoltaic,SUN,Solar,1.5,1.5,1.5,V,"Under construction, more than 50 percent complete",2026-09-01
eia860:70446:33699,generator,Dragon's Breath Solar LLC PV,US-IL,40.428093,-89.37261,5,under_construction,,Dragon's Breath Solar LLC PV,eia:860m,https://www.eia.gov/electricity/data/eia860m/xls/august_generator2026.xlsx,2026-09-26T00:04:26Z,2026-08,70446,33699,68040,IL,Tazewell,MISO,IPP Non-CHP,Solar Photovoltaic,solar,PV,Photovoltaic,SUN,Solar,5,5,4.8,U,"Under construction, less than or equal to 50 percent complete",2026-09-01
eia860:70447:45629,generator,Ember Sun LLC PV,US-IL,40.489341,-90.69128,3,under_construction,,Ember Sun LLC PV,eia:860m,https://www.eia.gov/electricity/data/eia860m/xls/august_generator2026.xlsx,2026-09-26T00:04:26Z,2026-08,70447,45629,68041,IL,McDonough,MISO,IPP Non-CHP,Solar Photovoltaic,solar,PV,Photovoltaic,SUN,Solar,3,3,2.8,U,"Under construction, less than or equal to 50 percent complete",2026-09-01
eia860:70448:22258,generator,Keithsburg North Solar LLC PV,US-IL,41.120819,-90.94078,2,under_construction,,"Keithsburg North Solar, LLC PV",eia:860m,https://www.eia.gov/electricity/data/eia860m/xls/august_generator2026.xlsx,2026-09-26T00:04:26Z,2026-08,70448,22258,68042,IL,Mercer,MISO,IPP Non-CHP,Solar Photovoltaic,solar,PV,Photovoltaic,SUN,Solar,2,2,1.9,U,"Under construction, less than or equal to 50 percent complete",2026-09-01
eia860:70450:BA1,generator,Wheatridge Optimization II,US-OR,45.559975,-119.6292,60,under_construction,,"Wheatridge Optimization II, LLC",eia:860m,https://www.eia.gov/electricity/data/eia860m/xls/august_generator2026.xlsx,2026-09-26T00:04:26Z,2026-08,70450,BA1,68028,OR,Morrow,BPAT,IPP Non-CHP,Batteries,storage,BA,"Energy storage, battery",MWH,Electricity used for energy storage,60,60,60,U,"Under construction, less than or equal to 50 percent complete",2027-12-01
eia860:70450:PV1,generator,Wheatridge Optimization II,US-OR,45.559975,-119.6292,130,under_construction,,"Wheatridge Optimization II, LLC",eia:860m,https://www.eia.gov/electricity/data/eia860m/xls/august_generator2026.xlsx,2026-09-26T00:04:26Z,2026-08,70450,PV1,68028,OR,Morrow,BPAT,IPP Non-CHP,Solar Photovoltaic,solar,PV,Photovoltaic,SUN,Solar,130,130,130,U,"Under construction, less than or equal to 50 percent complete",2027-12-01
eia860:70451:OCS24,generator,Tutuilla Solar,US-OR,45.63153,-119.685,1.6,under_construction,,"Tutuilla Solar, LLC",eia:860m,https://www.eia.gov/electricity/data/eia860m/xls/august_generator2026.xlsx,2026-09-26T00:04:26Z,2026-08,70451,OCS24,68044,OR,Umatilla,PACW,IPP Non-CHP,Solar Photovoltaic,solar,PV,Photovoltaic,SUN,Solar,1.6,1.6,1.6,V,"Under construction, more than 50 percent complete",2026-11-01
eia860:70452:OCS62,generator,Buckaroo Solar 1,US-OR,45.660992,-118.7721,2.4,under_construction,,"Buckaroo Solar 1, LLC",eia:860m,https://www.eia.gov/electricity/data/eia860m/xls/august_generator2026.xlsx,2026-09-26T00:04:26Z,2026-08,70452,OCS62,68045,OR,Umatilla,PACW,IPP Non-CHP,Solar Photovoltaic,solar,PV,Photovoltaic,SUN,Solar,2.4,2.4,2.4,V,"Under construction, more than 50 percent complete",2027-05-01
eia860:708:5,generator,Hammond,US-GA,34.2528,-85.3456,57.5,under_construction,,Georgia Power Co,eia:860m,https://www.eia.gov/electricity/data/eia860m/xls/august_generator2026.xlsx,2026-09-26T00:04:26Z,2026-08,708,5,7140,GA,Floyd,SOCO,Electric Utility,Batteries,storage,BA,"Energy storage, battery",MWH,Electricity used for energy storage,57.5,57.5,57.5,V,"Under construction, more than 50 percent complete",2026-09-01
eia860:728:10,generator,Yates,US-GA,33.4622,-84.8986,482.8,planned,,Georgia Power Co,eia:860m,https://www.eia.gov/electricity/data/eia860m/xls/august_generator2026.xlsx,2026-09-26T00:04:26Z,2026-08,728,10,7140,GA,Coweta,SOCO,Electric Utility,Natural Gas Fired Combustion Turbine,natural_gas,GT,Combustion (gas) turbine,NG,Natural gas,482.8,418.4,441.5,P,"Planned for installation, but regulatory approvals not initiated",2027-12-01
eia860:728:8,generator,Yates,US-GA,33.4622,-84.8986,482.8,under_construction,,Georgia Power Co,eia:860m,https://www.eia.gov/electricity/data/eia860m/xls/august_generator2026.xlsx,2026-09-26T00:04:26Z,2026-08,728,8,7140,GA,Coweta,SOCO,Electric Utility,Natural Gas Fired Combustion Turbine,natural_gas,GT,Combustion (gas) turbine,NG,Natural gas,482.8,418.4,441.5,V,"Under construction, more than 50 percent complete",2027-02-01
eia860:728:9,generator,Yates,US-GA,33.4622,-84.8986,482.8,planned,,Georgia Power Co,eia:860m,https://www.eia.gov/electricity/data/eia860m/xls/august_generator2026.xlsx,2026-09-26T00:04:26Z,2026-08,728,9,7140,GA,Coweta,SOCO,Electric Utility,Natural Gas Fired Combustion Turbine,natural_gas,GT,Combustion (gas) turbine,NG,Natural gas,482.8,418.4,441.5,P,"Planned for installation, but regulatory approvals not initiated",2027-12-01
eia860:7887:5,generator,Terry Bundy Generating Station,US-NE,40.909653,-96.61309,52,planned,,Lincoln Electric System,eia:860m,https://www.eia.gov/electricity/data/eia860m/xls/august_generator2026.xlsx,2026-09-26T00:04:26Z,2026-08,7887,5,11018,NE,Lancaster,SWPP,Electric Utility,Natural Gas Fired Combustion Turbine,natural_gas,GT,Combustion (gas) turbine,NG,Natural gas,52,46.9,44.2,L,Regulatory approvals pending. Not under construction,2029-06-01
eia860:7887:6,generator,Terry Bundy Generating Station,US-NE,40.909653,-96.61309,52,planned,,Lincoln Electric System,eia:860m,https://www.eia.gov/electricity/data/eia860m/xls/august_generator2026.xlsx,2026-09-26T00:04:26Z,2026-08,7887,6,11018,NE,Lancaster,SWPP,Electric Utility,Natural Gas Fired Combustion Turbine,natural_gas,GT,Combustion (gas) turbine,NG,Natural gas,52,46.9,44.2,L,Regulatory approvals pending. Not under construction,2029-06-01
eia860:7903:MGS3,generator,McCartney,US-MO,37.248431,-93.17084,48.9,under_construction,,City Utilities of Springfield - (MO),eia:860m,https://www.eia.gov/electricity/data/eia860m/xls/august_generator2026.xlsx,2026-09-26T00:04:26Z,2026-08,7903,MGS3,17833,MO,Greene,SWPP,Electric Utility,Natural Gas Fired Combustion Turbine,natural_gas,GT,Combustion (gas) turbine,NG,Natural gas,48.9,47.4,47.4,U,"Under construction, less than or equal to 50 percent complete",2027-01-01
eia860:7903:MGS4,generator,McCartney,US-MO,37.248431,-93.17084,48.9,under_construction,,City Utilities of Springfield - (MO),eia:860m,https://www.eia.gov/electricity/data/eia860m/xls/august_generator2026.xlsx,2026-09-26T00:04:26Z,2026-08,7903,MGS4,17833,MO,Greene,SWPP,Electric Utility,Natural Gas Fired Combustion Turbine,natural_gas,GT,Combustion (gas) turbine,NG,Natural gas,48.9,47.4,47.4,U,"Under construction, less than or equal to 50 percent complete",2027-01-01
eia860:7903:MGS5,generator,McCartney,US-MO,37.248431,-93.17084,48.9,under_construction,,City Utilities of Springfield - (MO),eia:860m,https://www.eia.gov/electricity/data/eia860m/xls/august_generator2026.xlsx,2026-09-26T00:04:26Z,2026-08,7903,MGS5,17833,MO,Greene,SWPP,Electric Utility,Natural Gas Fired Combustion Turbine,natural_gas,GT,Combustion (gas) turbine,NG,Natural gas,48.9,47.4,47.4,U,"Under construction, less than or equal to 50 percent complete",2027-01-01
eia860:7907:4,generator,Pine Flat,US-CA,36.8326,-119.327,3.8,planned,,Kings River Conservation Dist,eia:860m,https://www.eia.gov/electricity/data/eia860m/xls/august_generator2026.xlsx,2026-09-26T00:04:26Z,2026-08,7907,4,10325,CA,Fresno,CISO,Electric Utility,Conventional Hydroelectric,hydro,HY,Hydraulic turbine (conventional hydro),WAT,Water,3.8,3.8,3.8,T,Regulatory approvals received. Not under construction,2028-03-01
eia860:7916:7,generator,Talbot County Energy,US-GA,32.5892,-84.6917,262,planned,,Oglethorpe Power Corporation,eia:860m,https://www.eia.gov/electricity/data/eia860m/xls/august_generator2026.xlsx,2026-09-26T00:04:26Z,2026-08,7916,7,13994,GA,Talbot,SOCO,Electric Utility,Natural Gas Fired Combustion Turbine,natural_gas,GT,Combustion (gas) turbine,NG,Natural gas,262,241,256,P,"Planned for installation, but regulatory approvals not initiated",2029-01-01
eia860:8059:2G1,generator,Comanche (OK),US-OK,34.5431,-98.3244,408.8,planned,,Public Service Co of Oklahoma,eia:860m,https://www.eia.gov/electricity/data/eia860m/xls/august_generator2026.xlsx,2026-09-26T00:04:26Z,2026-08,8059,2G1,15474,OK,Comanche,SWPP,Electric Utility,Natural Gas Fired Combined Cycle,natural_gas,CT,Combined cycle combustion turbine part,NG,Natural gas,408.8,368.1,406.6,P,"Planned for installation, but regulatory approvals not initiated",2029-09-01
eia860:8059:2S1,generator,Comanche (OK),US-OK,34.5431,-98.3244,277.6,planned,,Public Service Co of Oklahoma,eia:860m,https://www.eia.gov/electricity/data/eia860m/xls/august_generator2026.xlsx,2026-09-26T00:04:26Z,2026-08,8059,2S1,15474,OK,Comanche,SWPP,Electric Utility,Natural Gas Fired Combined Cycle,natural_gas,CA,Combined cycle steam part,NG,Natural gas,277.6,267,273.3,P,"Planned for installation, but regulatory approvals not initiated",2029-09-01
eia860:8059:3G1,generator,Comanche (OK),US-OK,34.5431,-98.3244,408.8,planned,,Public Service Co of Oklahoma,eia:860m,https://www.eia.gov/electricity/data/eia860m/xls/august_generator2026.xlsx,2026-09-26T00:04:26Z,2026-08,8059,3G1,15474,OK,Comanche,SWPP,Electric Utility,Natural Gas Fired Combined Cycle,natural_gas,CT,Combined cycle combustion turbine part,NG,Natural gas,408.8,368.1,406.6,P,"Planned for installation, but regulatory approvals not initiated",2029-09-01
eia860:8059:3S1,generator,Comanche (OK),US-OK,34.5431,-98.3244,277.6,planned,,Public Service Co of Oklahoma,eia:860m,https://www.eia.gov/electricity/data/eia860m/xls/august_generator2026.xlsx,2026-09-26T00:04:26Z,2026-08,8059,3S1,15474,OK,Comanche,SWPP,Electric Utility,Natural Gas Fired Combined Cycle,natural_gas,CA,Combined cycle steam part,NG,Natural gas,277.6,267,273.3,P,"Planned for installation, but regulatory approvals not initiated",2029-09-01
eia860:935:8,generator,Bushnell,US-IL,40.548586,-90.51381,2.5,under_construction,,City of Bushnell - (IL),eia:860m,https://www.eia.gov/electricity/data/eia860m/xls/august_generator2026.xlsx,2026-09-26T00:04:26Z,2026-08,935,8,2634,IL,McDonough,MISO,Electric Utility,Petroleum Liquids,petroleum,IC,Internal combustion engine,DFO,Distillate fuel oil,2.5,2.5,2.5,U,"Under construction, less than or equal to 50 percent complete",2027-06-01
