# Energy Research Warehouse (ERW): EIA-930 hourly demand and day-ahead demand forecast, ERCO
# Shape: series (docs/datastandard.md v0). Units: MW. ts_utc is interval start, UTC (EIA's hourly period is the hour END; one hour is subtracted).
# Window: 3 complete UTC days, [2026-09-22T00:00:00Z, 2026-09-25T00:00:00Z)
# Retrieved: 20260925T200855Z (UTC) by warehouse/connectors/eia930.py via the EIA API v2
# Run log: warehouse/output/logs/eia930_20260925T200855Z.log (every API request, key removed)
# Raw files: warehouse/raw/eia930/20260925T200855Z/ (not in git; manifest.csv lists each file and URL)
# Source: eia:electricity/rto/region-data Form EIA-930, Hourly Electric Grid Monitor: hourly demand, day-ahead demand forecast, net generation and interchange by balancing authority, https://www.eia.gov/electricity/gridmonitor/
#   document list: https://api.eia.gov/v2/electricity/rto/region-data/
# Respondent ERCO. Variables: demand_forecast_mw, demand_mw. vintage is empty: EIA does not publish a release time per value, and EIA-930 values are revised; the latest retrieval replaces earlier ones.
# File holds 144 rows, 2026-09-22T00:00:00Z to 2026-09-24T23:00:00Z. This run wrote 144 rows: 144 new, 0 replacing earlier rows with the same (entity, variable, ts_utc); 0 rows are kept from earlier runs. Per row, source, source_url, retrieved_at and vintage say where it came from; earlier run logs are in warehouse/output/logs/.
entity,variable,ts_utc,value,unit,freq,geo,market,node,source,source_url,retrieved_at,vintage
eia930:ERCO,demand_forecast_mw,2026-09-22T00:00:00Z,76686,MW,PT1H,US-TX,,,eia:electricity/rto/region-data,https://api.eia.gov/v2/electricity/rto/region-data/data/?api_key=REDACTED&frequency=hourly&data%5B0%5D=value&start=2026-09-22T01&end=2026-09-25T00&sort%5B0%5D%5Bcolumn%5D=period&sort%5B0%5D%5Bdirection%5D=asc&sort%5B1%5D%5Bcolumn%5D=respondent&sort%5B1%5D%5Bdirection%5D=asc&offset=0&length=5000&facets%5Brespondent%5D%5B%5D=CISO&facets%5Brespondent%5D%5B%5D=ERCO&facets%5Brespondent%5D%5B%5D=ISNE&facets%5Brespondent%5D%5B%5D=MISO&facets%5Brespondent%5D%5B%5D=NYIS&facets%5Brespondent%5D%5B%5D=PJM&facets%5Brespondent%5D%5B%5D=SWPP&facets%5Brespondent%5D%5B%5D=US48&facets%5Btype%5D%5B%5D=D&facets%5Btype%5D%5B%5D=DF&facets%5Btype%5D%5B%5D=NG,2026-09-25T20:09:03Z,
eia930:ERCO,demand_forecast_mw,2026-09-22T01:00:00Z,74376,MW,PT1H,US-TX,,,eia:electricity/rto/region-data,https://api.eia.gov/v2/electricity/rto/region-data/data/?api_key=REDACTED&frequency=hourly&data%5B0%5D=value&start=2026-09-22T01&end=2026-09-25T00&sort%5B0%5D%5Bcolumn%5D=period&sort%5B0%5D%5Bdirection%5D=asc&sort%5B1%5D%5Bcolumn%5D=respondent&sort%5B1%5D%5Bdirection%5D=asc&offset=0&length=5000&facets%5Brespondent%5D%5B%5D=CISO&facets%5Brespondent%5D%5B%5D=ERCO&facets%5Brespondent%5D%5B%5D=ISNE&facets%5Brespondent%5D%5B%5D=MISO&facets%5Brespondent%5D%5B%5D=NYIS&facets%5Brespondent%5D%5B%5D=PJM&facets%5Brespondent%5D%5B%5D=SWPP&facets%5Brespondent%5D%5B%5D=US48&facets%5Btype%5D%5B%5D=D&facets%5Btype%5D%5B%5D=DF&facets%5Btype%5D%5B%5D=NG,2026-09-25T20:09:03Z,
eia930:ERCO,demand_forecast_mw,2026-09-22T02:00:00Z,71156,MW,PT1H,US-TX,,,eia:electricity/rto/region-data,https://api.eia.gov/v2/electricity/rto/region-data/data/?api_key=REDACTED&frequency=hourly&data%5B0%5D=value&start=2026-09-22T01&end=2026-09-25T00&sort%5B0%5D%5Bcolumn%5D=period&sort%5B0%5D%5Bdirection%5D=asc&sort%5B1%5D%5Bcolumn%5D=respondent&sort%5B1%5D%5Bdirection%5D=asc&offset=0&length=5000&facets%5Brespondent%5D%5B%5D=CISO&facets%5Brespondent%5D%5B%5D=ERCO&facets%5Brespondent%5D%5B%5D=ISNE&facets%5Brespondent%5D%5B%5D=MISO&facets%5Brespondent%5D%5B%5D=NYIS&facets%5Brespondent%5D%5B%5D=PJM&facets%5Brespondent%5D%5B%5D=SWPP&facets%5Brespondent%5D%5B%5D=US48&facets%5Btype%5D%5B%5D=D&facets%5Btype%5D%5B%5D=DF&facets%5Btype%5D%5B%5D=NG,2026-09-25T20:09:03Z,
eia930:ERCO,demand_forecast_mw,2026-09-22T03:00:00Z,67220,MW,PT1H,US-TX,,,eia:electricity/rto/region-data,https://api.eia.gov/v2/electricity/rto/region-data/data/?api_key=REDACTED&frequency=hourly&data%5B0%5D=value&start=2026-09-22T01&end=2026-09-25T00&sort%5B0%5D%5Bcolumn%5D=period&sort%5B0%5D%5Bdirection%5D=asc&sort%5B1%5D%5Bcolumn%5D=respondent&sort%5B1%5D%5Bdirection%5D=asc&offset=0&length=5000&facets%5Brespondent%5D%5B%5D=CISO&facets%5Brespondent%5D%5B%5D=ERCO&facets%5Brespondent%5D%5B%5D=ISNE&facets%5Brespondent%5D%5B%5D=MISO&facets%5Brespondent%5D%5B%5D=NYIS&facets%5Brespondent%5D%5B%5D=PJM&facets%5Brespondent%5D%5B%5D=SWPP&facets%5Brespondent%5D%5B%5D=US48&facets%5Btype%5D%5B%5D=D&facets%5Btype%5D%5B%5D=DF&facets%5Btype%5D%5B%5D=NG,2026-09-25T20:09:03Z,
eia930:ERCO,demand_forecast_mw,2026-09-22T04:00:00Z,63271,MW,PT1H,US-TX,,,eia:electricity/rto/region-data,https://api.eia.gov/v2/electricity/rto/region-data/data/?api_key=REDACTED&frequency=hourly&data%5B0%5D=value&start=2026-09-22T01&end=2026-09-25T00&sort%5B0%5D%5Bcolumn%5D=period&sort%5B0%5D%5Bdirection%5D=asc&sort%5B1%5D%5Bcolumn%5D=respondent&sort%5B1%5D%5Bdirection%5D=asc&offset=0&length=5000&facets%5Brespondent%5D%5B%5D=CISO&facets%5Brespondent%5D%5B%5D=ERCO&facets%5Brespondent%5D%5B%5D=ISNE&facets%5Brespondent%5D%5B%5D=MISO&facets%5Brespondent%5D%5B%5D=NYIS&facets%5Brespondent%5D%5B%5D=PJM&facets%5Brespondent%5D%5B%5D=SWPP&facets%5Brespondent%5D%5B%5D=US48&facets%5Btype%5D%5B%5D=D&facets%5Btype%5D%5B%5D=DF&facets%5Btype%5D%5B%5D=NG,2026-09-25T20:09:03Z,
eia930:ERCO,demand_forecast_mw,2026-09-22T05:00:00Z,62010,MW,PT1H,US-TX,,,eia:electricity/rto/region-data,https://api.eia.gov/v2/electricity/rto/region-data/data/?api_key=REDACTED&frequency=hourly&data%5B0%5D=value&start=2026-09-22T01&end=2026-09-25T00&sort%5B0%5D%5Bcolumn%5D=period&sort%5B0%5D%5Bdirection%5D=asc&sort%5B1%5D%5Bcolumn%5D=respondent&sort%5B1%5D%5Bdirection%5D=asc&offset=0&length=5000&facets%5Brespondent%5D%5B%5D=CISO&facets%5Brespondent%5D%5B%5D=ERCO&facets%5Brespondent%5D%5B%5D=ISNE&facets%5Brespondent%5D%5B%5D=MISO&facets%5Brespondent%5D%5B%5D=NYIS&facets%5Brespondent%5D%5B%5D=PJM&facets%5Brespondent%5D%5B%5D=SWPP&facets%5Brespondent%5D%5B%5D=US48&facets%5Btype%5D%5B%5D=D&facets%5Btype%5D%5B%5D=DF&facets%5Btype%5D%5B%5D=NG,2026-09-25T20:09:03Z,
eia930:ERCO,demand_forecast_mw,2026-09-22T06:00:00Z,59162,MW,PT1H,US-TX,,,eia:electricity/rto/region-data,https://api.eia.gov/v2/electricity/rto/region-data/data/?api_key=REDACTED&frequency=hourly&data%5B0%5D=value&start=2026-09-22T01&end=2026-09-25T00&sort%5B0%5D%5Bcolumn%5D=period&sort%5B0%5D%5Bdirection%5D=asc&sort%5B1%5D%5Bcolumn%5D=respondent&sort%5B1%5D%5Bdirection%5D=asc&offset=0&length=5000&facets%5Brespondent%5D%5B%5D=CISO&facets%5Brespondent%5D%5B%5D=ERCO&facets%5Brespondent%5D%5B%5D=ISNE&facets%5Brespondent%5D%5B%5D=MISO&facets%5Brespondent%5D%5B%5D=NYIS&facets%5Brespondent%5D%5B%5D=PJM&facets%5Brespondent%5D%5B%5D=SWPP&facets%5Brespondent%5D%5B%5D=US48&facets%5Btype%5D%5B%5D=D&facets%5Btype%5D%5B%5D=DF&facets%5Btype%5D%5B%5D=NG,2026-09-25T20:09:03Z,
eia930:ERCO,demand_forecast_mw,2026-09-22T07:00:00Z,57089,MW,PT1H,US-TX,,,eia:electricity/rto/region-data,https://api.eia.gov/v2/electricity/rto/region-data/data/?api_key=REDACTED&frequency=hourly&data%5B0%5D=value&start=2026-09-22T01&end=2026-09-25T00&sort%5B0%5D%5Bcolumn%5D=period&sort%5B0%5D%5Bdirection%5D=asc&sort%5B1%5D%5Bcolumn%5D=respondent&sort%5B1%5D%5Bdirection%5D=asc&offset=0&length=5000&facets%5Brespondent%5D%5B%5D=CISO&facets%5Brespondent%5D%5B%5D=ERCO&facets%5Brespondent%5D%5B%5D=ISNE&facets%5Brespondent%5D%5B%5D=MISO&facets%5Brespondent%5D%5B%5D=NYIS&facets%5Brespondent%5D%5B%5D=PJM&facets%5Brespondent%5D%5B%5D=SWPP&facets%5Brespondent%5D%5B%5D=US48&facets%5Btype%5D%5B%5D=D&facets%5Btype%5D%5B%5D=DF&facets%5Btype%5D%5B%5D=NG,2026-09-25T20:09:03Z,
eia930:ERCO,demand_forecast_mw,2026-09-22T08:00:00Z,55695,MW,PT1H,US-TX,,,eia:electricity/rto/region-data,https://api.eia.gov/v2/electricity/rto/region-data/data/?api_key=REDACTED&frequency=hourly&data%5B0%5D=value&start=2026-09-22T01&end=2026-09-25T00&sort%5B0%5D%5Bcolumn%5D=period&sort%5B0%5D%5Bdirection%5D=asc&sort%5B1%5D%5Bcolumn%5D=respondent&sort%5B1%5D%5Bdirection%5D=asc&offset=0&length=5000&facets%5Brespondent%5D%5B%5D=CISO&facets%5Brespondent%5D%5B%5D=ERCO&facets%5Brespondent%5D%5B%5D=ISNE&facets%5Brespondent%5D%5B%5D=MISO&facets%5Brespondent%5D%5B%5D=NYIS&facets%5Brespondent%5D%5B%5D=PJM&facets%5Brespondent%5D%5B%5D=SWPP&facets%5Brespondent%5D%5B%5D=US48&facets%5Btype%5D%5B%5D=D&facets%5Btype%5D%5B%5D=DF&facets%5Btype%5D%5B%5D=NG,2026-09-25T20:09:03Z,
eia930:ERCO,demand_forecast_mw,2026-09-22T09:00:00Z,55297,MW,PT1H,US-TX,,,eia:electricity/rto/region-data,https://api.eia.gov/v2/electricity/rto/region-data/data/?api_key=REDACTED&frequency=hourly&data%5B0%5D=value&start=2026-09-22T01&end=2026-09-25T00&sort%5B0%5D%5Bcolumn%5D=period&sort%5B0%5D%5Bdirection%5D=asc&sort%5B1%5D%5Bcolumn%5D=respondent&sort%5B1%5D%5Bdirection%5D=asc&offset=0&length=5000&facets%5Brespondent%5D%5B%5D=CISO&facets%5Brespondent%5D%5B%5D=ERCO&facets%5Brespondent%5D%5B%5D=ISNE&facets%5Brespondent%5D%5B%5D=MISO&facets%5Brespondent%5D%5B%5D=NYIS&facets%5Brespondent%5D%5B%5D=PJM&facets%5Brespondent%5D%5B%5D=SWPP&facets%5Brespondent%5D%5B%5D=US48&facets%5Btype%5D%5B%5D=D&facets%5Btype%5D%5B%5D=DF&facets%5Btype%5D%5B%5D=NG,2026-09-25T20:09:03Z,
eia930:ERCO,demand_forecast_mw,2026-09-22T10:00:00Z,56024,MW,PT1H,US-TX,,,eia:electricity/rto/region-data,https://api.eia.gov/v2/electricity/rto/region-data/data/?api_key=REDACTED&frequency=hourly&data%5B0%5D=value&start=2026-09-22T01&end=2026-09-25T00&sort%5B0%5D%5Bcolumn%5D=period&sort%5B0%5D%5Bdirection%5D=asc&sort%5B1%5D%5Bcolumn%5D=respondent&sort%5B1%5D%5Bdirection%5D=asc&offset=0&length=5000&facets%5Brespondent%5D%5B%5D=CISO&facets%5Brespondent%5D%5B%5D=ERCO&facets%5Brespondent%5D%5B%5D=ISNE&facets%5Brespondent%5D%5B%5D=MISO&facets%5Brespondent%5D%5B%5D=NYIS&facets%5Brespondent%5D%5B%5D=PJM&facets%5Brespondent%5D%5B%5D=SWPP&facets%5Brespondent%5D%5B%5D=US48&facets%5Btype%5D%5B%5D=D&facets%5Btype%5D%5B%5D=DF&facets%5Btype%5D%5B%5D=NG,2026-09-25T20:09:03Z,
eia930:ERCO,demand_forecast_mw,2026-09-22T11:00:00Z,57774,MW,PT1H,US-TX,,,eia:electricity/rto/region-data,https://api.eia.gov/v2/electricity/rto/region-data/data/?api_key=REDACTED&frequency=hourly&data%5B0%5D=value&start=2026-09-22T01&end=2026-09-25T00&sort%5B0%5D%5Bcolumn%5D=period&sort%5B0%5D%5Bdirection%5D=asc&sort%5B1%5D%5Bcolumn%5D=respondent&sort%5B1%5D%5Bdirection%5D=asc&offset=0&length=5000&facets%5Brespondent%5D%5B%5D=CISO&facets%5Brespondent%5D%5B%5D=ERCO&facets%5Brespondent%5D%5B%5D=ISNE&facets%5Brespondent%5D%5B%5D=MISO&facets%5Brespondent%5D%5B%5D=NYIS&facets%5Brespondent%5D%5B%5D=PJM&facets%5Brespondent%5D%5B%5D=SWPP&facets%5Brespondent%5D%5B%5D=US48&facets%5Btype%5D%5B%5D=D&facets%5Btype%5D%5B%5D=DF&facets%5Btype%5D%5B%5D=NG,2026-09-25T20:09:03Z,
eia930:ERCO,demand_forecast_mw,2026-09-22T12:00:00Z,58127,MW,PT1H,US-TX,,,eia:electricity/rto/region-data,https://api.eia.gov/v2/electricity/rto/region-data/data/?api_key=REDACTED&frequency=hourly&data%5B0%5D=value&start=2026-09-22T01&end=2026-09-25T00&sort%5B0%5D%5Bcolumn%5D=period&sort%5B0%5D%5Bdirection%5D=asc&sort%5B1%5D%5Bcolumn%5D=respondent&sort%5B1%5D%5Bdirection%5D=asc&offset=0&length=5000&facets%5Brespondent%5D%5B%5D=CISO&facets%5Brespondent%5D%5B%5D=ERCO&facets%5Brespondent%5D%5B%5D=ISNE&facets%5Brespondent%5D%5B%5D=MISO&facets%5Brespondent%5D%5B%5D=NYIS&facets%5Brespondent%5D%5B%5D=PJM&facets%5Brespondent%5D%5B%5D=SWPP&facets%5Brespondent%5D%5B%5D=US48&facets%5Btype%5D%5B%5D=D&facets%5Btype%5D%5B%5D=DF&facets%5Btype%5D%5B%5D=NG,2026-09-25T20:09:03Z,
eia930:ERCO,demand_forecast_mw,2026-09-22T13:00:00Z,59794,MW,PT1H,US-TX,,,eia:electricity/rto/region-data,https://api.eia.gov/v2/electricity/rto/region-data/data/?api_key=REDACTED&frequency=hourly&data%5B0%5D=value&start=2026-09-22T01&end=2026-09-25T00&sort%5B0%5D%5Bcolumn%5D=period&sort%5B0%5D%5Bdirection%5D=asc&sort%5B1%5D%5Bcolumn%5D=respondent&sort%5B1%5D%5Bdirection%5D=asc&offset=0&length=5000&facets%5Brespondent%5D%5B%5D=CISO&facets%5Brespondent%5D%5B%5D=ERCO&facets%5Brespondent%5D%5B%5D=ISNE&facets%5Brespondent%5D%5B%5D=MISO&facets%5Brespondent%5D%5B%5D=NYIS&facets%5Brespondent%5D%5B%5D=PJM&facets%5Brespondent%5D%5B%5D=SWPP&facets%5Brespondent%5D%5B%5D=US48&facets%5Btype%5D%5B%5D=D&facets%5Btype%5D%5B%5D=DF&facets%5Btype%5D%5B%5D=NG,2026-09-25T20:09:03Z,
eia930:ERCO,demand_forecast_mw,2026-09-22T14:00:00Z,63577,MW,PT1H,US-TX,,,eia:electricity/rto/region-data,https://api.eia.gov/v2/electricity/rto/region-data/data/?api_key=REDACTED&frequency=hourly&data%5B0%5D=value&start=2026-09-22T01&end=2026-09-25T00&sort%5B0%5D%5Bcolumn%5D=period&sort%5B0%5D%5Bdirection%5D=asc&sort%5B1%5D%5Bcolumn%5D=respondent&sort%5B1%5D%5Bdirection%5D=asc&offset=0&length=5000&facets%5Brespondent%5D%5B%5D=CISO&facets%5Brespondent%5D%5B%5D=ERCO&facets%5Brespondent%5D%5B%5D=ISNE&facets%5Brespondent%5D%5B%5D=MISO&facets%5Brespondent%5D%5B%5D=NYIS&facets%5Brespondent%5D%5B%5D=PJM&facets%5Brespondent%5D%5B%5D=SWPP&facets%5Brespondent%5D%5B%5D=US48&facets%5Btype%5D%5B%5D=D&facets%5Btype%5D%5B%5D=DF&facets%5Btype%5D%5B%5D=NG,2026-09-25T20:09:03Z,
eia930:ERCO,demand_forecast_mw,2026-09-22T15:00:00Z,67832,MW,PT1H,US-TX,,,eia:electricity/rto/region-data,https://api.eia.gov/v2/electricity/rto/region-data/data/?api_key=REDACTED&frequency=hourly&data%5B0%5D=value&start=2026-09-22T01&end=2026-09-25T00&sort%5B0%5D%5Bcolumn%5D=period&sort%5B0%5D%5Bdirection%5D=asc&sort%5B1%5D%5Bcolumn%5D=respondent&sort%5B1%5D%5Bdirection%5D=asc&offset=0&length=5000&facets%5Brespondent%5D%5B%5D=CISO&facets%5Brespondent%5D%5B%5D=ERCO&facets%5Brespondent%5D%5B%5D=ISNE&facets%5Brespondent%5D%5B%5D=MISO&facets%5Brespondent%5D%5B%5D=NYIS&facets%5Brespondent%5D%5B%5D=PJM&facets%5Brespondent%5D%5B%5D=SWPP&facets%5Brespondent%5D%5B%5D=US48&facets%5Btype%5D%5B%5D=D&facets%5Btype%5D%5B%5D=DF&facets%5Btype%5D%5B%5D=NG,2026-09-25T20:09:03Z,
eia930:ERCO,demand_forecast_mw,2026-09-22T16:00:00Z,71993,MW,PT1H,US-TX,,,eia:electricity/rto/region-data,https://api.eia.gov/v2/electricity/rto/region-data/data/?api_key=REDACTED&frequency=hourly&data%5B0%5D=value&start=2026-09-22T01&end=2026-09-25T00&sort%5B0%5D%5Bcolumn%5D=period&sort%5B0%5D%5Bdirection%5D=asc&sort%5B1%5D%5Bcolumn%5D=respondent&sort%5B1%5D%5Bdirection%5D=asc&offset=0&length=5000&facets%5Brespondent%5D%5B%5D=CISO&facets%5Brespondent%5D%5B%5D=ERCO&facets%5Brespondent%5D%5B%5D=ISNE&facets%5Brespondent%5D%5B%5D=MISO&facets%5Brespondent%5D%5B%5D=NYIS&facets%5Brespondent%5D%5B%5D=PJM&facets%5Brespondent%5D%5B%5D=SWPP&facets%5Brespondent%5D%5B%5D=US48&facets%5Btype%5D%5B%5D=D&facets%5Btype%5D%5B%5D=DF&facets%5Btype%5D%5B%5D=NG,2026-09-25T20:09:03Z,
eia930:ERCO,demand_forecast_mw,2026-09-22T17:00:00Z,76062,MW,PT1H,US-TX,,,eia:electricity/rto/region-data,https://api.eia.gov/v2/electricity/rto/region-data/data/?api_key=REDACTED&frequency=hourly&data%5B0%5D=value&start=2026-09-22T01&end=2026-09-25T00&sort%5B0%5D%5Bcolumn%5D=period&sort%5B0%5D%5Bdirection%5D=asc&sort%5B1%5D%5Bcolumn%5D=respondent&sort%5B1%5D%5Bdirection%5D=asc&offset=0&length=5000&facets%5Brespondent%5D%5B%5D=CISO&facets%5Brespondent%5D%5B%5D=ERCO&facets%5Brespondent%5D%5B%5D=ISNE&facets%5Brespondent%5D%5B%5D=MISO&facets%5Brespondent%5D%5B%5D=NYIS&facets%5Brespondent%5D%5B%5D=PJM&facets%5Brespondent%5D%5B%5D=SWPP&facets%5Brespondent%5D%5B%5D=US48&facets%5Btype%5D%5B%5D=D&facets%5Btype%5D%5B%5D=DF&facets%5Btype%5D%5B%5D=NG,2026-09-25T20:09:03Z,
eia930:ERCO,demand_forecast_mw,2026-09-22T18:00:00Z,79695,MW,PT1H,US-TX,,,eia:electricity/rto/region-data,https://api.eia.gov/v2/electricity/rto/region-data/data/?api_key=REDACTED&frequency=hourly&data%5B0%5D=value&start=2026-09-22T01&end=2026-09-25T00&sort%5B0%5D%5Bcolumn%5D=period&sort%5B0%5D%5Bdirection%5D=asc&sort%5B1%5D%5Bcolumn%5D=respondent&sort%5B1%5D%5Bdirection%5D=asc&offset=0&length=5000&facets%5Brespondent%5D%5B%5D=CISO&facets%5Brespondent%5D%5B%5D=ERCO&facets%5Brespondent%5D%5B%5D=ISNE&facets%5Brespondent%5D%5B%5D=MISO&facets%5Brespondent%5D%5B%5D=NYIS&facets%5Brespondent%5D%5B%5D=PJM&facets%5Brespondent%5D%5B%5D=SWPP&facets%5Brespondent%5D%5B%5D=US48&facets%5Btype%5D%5B%5D=D&facets%5Btype%5D%5B%5D=DF&facets%5Btype%5D%5B%5D=NG,2026-09-25T20:09:03Z,
eia930:ERCO,demand_forecast_mw,2026-09-22T19:00:00Z,82041,MW,PT1H,US-TX,,,eia:electricity/rto/region-data,https://api.eia.gov/v2/electricity/rto/region-data/data/?api_key=REDACTED&frequency=hourly&data%5B0%5D=value&start=2026-09-22T01&end=2026-09-25T00&sort%5B0%5D%5Bcolumn%5D=period&sort%5B0%5D%5Bdirection%5D=asc&sort%5B1%5D%5Bcolumn%5D=respondent&sort%5B1%5D%5Bdirection%5D=asc&offset=0&length=5000&facets%5Brespondent%5D%5B%5D=CISO&facets%5Brespondent%5D%5B%5D=ERCO&facets%5Brespondent%5D%5B%5D=ISNE&facets%5Brespondent%5D%5B%5D=MISO&facets%5Brespondent%5D%5B%5D=NYIS&facets%5Brespondent%5D%5B%5D=PJM&facets%5Brespondent%5D%5B%5D=SWPP&facets%5Brespondent%5D%5B%5D=US48&facets%5Btype%5D%5B%5D=D&facets%5Btype%5D%5B%5D=DF&facets%5Btype%5D%5B%5D=NG,2026-09-25T20:09:03Z,
eia930:ERCO,demand_forecast_mw,2026-09-22T20:00:00Z,83454,MW,PT1H,US-TX,,,eia:electricity/rto/region-data,https://api.eia.gov/v2/electricity/rto/region-data/data/?api_key=REDACTED&frequency=hourly&data%5B0%5D=value&start=2026-09-22T01&end=2026-09-25T00&sort%5B0%5D%5Bcolumn%5D=period&sort%5B0%5D%5Bdirection%5D=asc&sort%5B1%5D%5Bcolumn%5D=respondent&sort%5B1%5D%5Bdirection%5D=asc&offset=0&length=5000&facets%5Brespondent%5D%5B%5D=CISO&facets%5Brespondent%5D%5B%5D=ERCO&facets%5Brespondent%5D%5B%5D=ISNE&facets%5Brespondent%5D%5B%5D=MISO&facets%5Brespondent%5D%5B%5D=NYIS&facets%5Brespondent%5D%5B%5D=PJM&facets%5Brespondent%5D%5B%5D=SWPP&facets%5Brespondent%5D%5B%5D=US48&facets%5Btype%5D%5B%5D=D&facets%5Btype%5D%5B%5D=DF&facets%5Btype%5D%5B%5D=NG,2026-09-25T20:09:03Z,
eia930:ERCO,demand_forecast_mw,2026-09-22T21:00:00Z,84003,MW,PT1H,US-TX,,,eia:electricity/rto/region-data,https://api.eia.gov/v2/electricity/rto/region-data/data/?api_key=REDACTED&frequency=hourly&data%5B0%5D=value&start=2026-09-22T01&end=2026-09-25T00&sort%5B0%5D%5Bcolumn%5D=period&sort%5B0%5D%5Bdirection%5D=asc&sort%5B1%5D%5Bcolumn%5D=respondent&sort%5B1%5D%5Bdirection%5D=asc&offset=0&length=5000&facets%5Brespondent%5D%5B%5D=CISO&facets%5Brespondent%5D%5B%5D=ERCO&facets%5Brespondent%5D%5B%5D=ISNE&facets%5Brespondent%5D%5B%5D=MISO&facets%5Brespondent%5D%5B%5D=NYIS&facets%5Brespondent%5D%5B%5D=PJM&facets%5Brespondent%5D%5B%5D=SWPP&facets%5Brespondent%5D%5B%5D=US48&facets%5Btype%5D%5B%5D=D&facets%5Btype%5D%5B%5D=DF&facets%5Btype%5D%5B%5D=NG,2026-09-25T20:09:03Z,
eia930:ERCO,demand_forecast_mw,2026-09-22T22:00:00Z,83350,MW,PT1H,US-TX,,,eia:electricity/rto/region-data,https://api.eia.gov/v2/electricity/rto/region-data/data/?api_key=REDACTED&frequency=hourly&data%5B0%5D=value&start=2026-09-22T01&end=2026-09-25T00&sort%5B0%5D%5Bcolumn%5D=period&sort%5B0%5D%5Bdirection%5D=asc&sort%5B1%5D%5Bcolumn%5D=respondent&sort%5B1%5D%5Bdirection%5D=asc&offset=0&length=5000&facets%5Brespondent%5D%5B%5D=CISO&facets%5Brespondent%5D%5B%5D=ERCO&facets%5Brespondent%5D%5B%5D=ISNE&facets%5Brespondent%5D%5B%5D=MISO&facets%5Brespondent%5D%5B%5D=NYIS&facets%5Brespondent%5D%5B%5D=PJM&facets%5Brespondent%5D%5B%5D=SWPP&facets%5Brespondent%5D%5B%5D=US48&facets%5Btype%5D%5B%5D=D&facets%5Btype%5D%5B%5D=DF&facets%5Btype%5D%5B%5D=NG,2026-09-25T20:09:03Z,
eia930:ERCO,demand_forecast_mw,2026-09-22T23:00:00Z,81189,MW,PT1H,US-TX,,,eia:electricity/rto/region-data,https://api.eia.gov/v2/electricity/rto/region-data/data/?api_key=REDACTED&frequency=hourly&data%5B0%5D=value&start=2026-09-22T01&end=2026-09-25T00&sort%5B0%5D%5Bcolumn%5D=period&sort%5B0%5D%5Bdirection%5D=asc&sort%5B1%5D%5Bcolumn%5D=respondent&sort%5B1%5D%5Bdirection%5D=asc&offset=0&length=5000&facets%5Brespondent%5D%5B%5D=CISO&facets%5Brespondent%5D%5B%5D=ERCO&facets%5Brespondent%5D%5B%5D=ISNE&facets%5Brespondent%5D%5B%5D=MISO&facets%5Brespondent%5D%5B%5D=NYIS&facets%5Brespondent%5D%5B%5D=PJM&facets%5Brespondent%5D%5B%5D=SWPP&facets%5Brespondent%5D%5B%5D=US48&facets%5Btype%5D%5B%5D=D&facets%5Btype%5D%5B%5D=DF&facets%5Btype%5D%5B%5D=NG,2026-09-25T20:09:03Z,
eia930:ERCO,demand_forecast_mw,2026-09-23T00:00:00Z,78267,MW,PT1H,US-TX,,,eia:electricity/rto/region-data,https://api.eia.gov/v2/electricity/rto/region-data/data/?api_key=REDACTED&frequency=hourly&data%5B0%5D=value&start=2026-09-22T01&end=2026-09-25T00&sort%5B0%5D%5Bcolumn%5D=period&sort%5B0%5D%5Bdirection%5D=asc&sort%5B1%5D%5Bcolumn%5D=respondent&sort%5B1%5D%5Bdirection%5D=asc&offset=0&length=5000&facets%5Brespondent%5D%5B%5D=CISO&facets%5Brespondent%5D%5B%5D=ERCO&facets%5Brespondent%5D%5B%5D=ISNE&facets%5Brespondent%5D%5B%5D=MISO&facets%5Brespondent%5D%5B%5D=NYIS&facets%5Brespondent%5D%5B%5D=PJM&facets%5Brespondent%5D%5B%5D=SWPP&facets%5Brespondent%5D%5B%5D=US48&facets%5Btype%5D%5B%5D=D&facets%5Btype%5D%5B%5D=DF&facets%5Btype%5D%5B%5D=NG,2026-09-25T20:09:03Z,
eia930:ERCO,demand_forecast_mw,2026-09-23T01:00:00Z,76173,MW,PT1H,US-TX,,,eia:electricity/rto/region-data,https://api.eia.gov/v2/electricity/rto/region-data/data/?api_key=REDACTED&frequency=hourly&data%5B0%5D=value&start=2026-09-22T01&end=2026-09-25T00&sort%5B0%5D%5Bcolumn%5D=period&sort%5B0%5D%5Bdirection%5D=asc&sort%5B1%5D%5Bcolumn%5D=respondent&sort%5B1%5D%5Bdirection%5D=asc&offset=0&length=5000&facets%5Brespondent%5D%5B%5D=CISO&facets%5Brespondent%5D%5B%5D=ERCO&facets%5Brespondent%5D%5B%5D=ISNE&facets%5Brespondent%5D%5B%5D=MISO&facets%5Brespondent%5D%5B%5D=NYIS&facets%5Brespondent%5D%5B%5D=PJM&facets%5Brespondent%5D%5B%5D=SWPP&facets%5Brespondent%5D%5B%5D=US48&facets%5Btype%5D%5B%5D=D&facets%5Btype%5D%5B%5D=DF&facets%5Btype%5D%5B%5D=NG,2026-09-25T20:09:03Z,
eia930:ERCO,demand_forecast_mw,2026-09-23T02:00:00Z,72892,MW,PT1H,US-TX,,,eia:electricity/rto/region-data,https://api.eia.gov/v2/electricity/rto/region-data/data/?api_key=REDACTED&frequency=hourly&data%5B0%5D=value&start=2026-09-22T01&end=2026-09-25T00&sort%5B0%5D%5Bcolumn%5D=period&sort%5B0%5D%5Bdirection%5D=asc&sort%5B1%5D%5Bcolumn%5D=respondent&sort%5B1%5D%5Bdirection%5D=asc&offset=0&length=5000&facets%5Brespondent%5D%5B%5D=CISO&facets%5Brespondent%5D%5B%5D=ERCO&facets%5Brespondent%5D%5B%5D=ISNE&facets%5Brespondent%5D%5B%5D=MISO&facets%5Brespondent%5D%5B%5D=NYIS&facets%5Brespondent%5D%5B%5D=PJM&facets%5Brespondent%5D%5B%5D=SWPP&facets%5Brespondent%5D%5B%5D=US48&facets%5Btype%5D%5B%5D=D&facets%5Btype%5D%5B%5D=DF&facets%5Btype%5D%5B%5D=NG,2026-09-25T20:09:03Z,
eia930:ERCO,demand_forecast_mw,2026-09-23T03:00:00Z,68984,MW,PT1H,US-TX,,,eia:electricity/rto/region-data,https://api.eia.gov/v2/electricity/rto/region-data/data/?api_key=REDACTED&frequency=hourly&data%5B0%5D=value&start=2026-09-22T01&end=2026-09-25T00&sort%5B0%5D%5Bcolumn%5D=period&sort%5B0%5D%5Bdirection%5D=asc&sort%5B1%5D%5Bcolumn%5D=respondent&sort%5B1%5D%5Bdirection%5D=asc&offset=0&length=5000&facets%5Brespondent%5D%5B%5D=CISO&facets%5Brespondent%5D%5B%5D=ERCO&facets%5Brespondent%5D%5B%5D=ISNE&facets%5Brespondent%5D%5B%5D=MISO&facets%5Brespondent%5D%5B%5D=NYIS&facets%5Brespondent%5D%5B%5D=PJM&facets%5Brespondent%5D%5B%5D=SWPP&facets%5Brespondent%5D%5B%5D=US48&facets%5Btype%5D%5B%5D=D&facets%5Btype%5D%5B%5D=DF&facets%5Btype%5D%5B%5D=NG,2026-09-25T20:09:03Z,
eia930:ERCO,demand_forecast_mw,2026-09-23T04:00:00Z,65134,MW,PT1H,US-TX,,,eia:electricity/rto/region-data,https://api.eia.gov/v2/electricity/rto/region-data/data/?api_key=REDACTED&frequency=hourly&data%5B0%5D=value&start=2026-09-22T01&end=2026-09-25T00&sort%5B0%5D%5Bcolumn%5D=period&sort%5B0%5D%5Bdirection%5D=asc&sort%5B1%5D%5Bcolumn%5D=respondent&sort%5B1%5D%5Bdirection%5D=asc&offset=0&length=5000&facets%5Brespondent%5D%5B%5D=CISO&facets%5Brespondent%5D%5B%5D=ERCO&facets%5Brespondent%5D%5B%5D=ISNE&facets%5Brespondent%5D%5B%5D=MISO&facets%5Brespondent%5D%5B%5D=NYIS&facets%5Brespondent%5D%5B%5D=PJM&facets%5Brespondent%5D%5B%5D=SWPP&facets%5Brespondent%5D%5B%5D=US48&facets%5Btype%5D%5B%5D=D&facets%5Btype%5D%5B%5D=DF&facets%5Btype%5D%5B%5D=NG,2026-09-25T20:09:03Z,
eia930:ERCO,demand_forecast_mw,2026-09-23T05:00:00Z,61718,MW,PT1H,US-TX,,,eia:electricity/rto/region-data,https://api.eia.gov/v2/electricity/rto/region-data/data/?api_key=REDACTED&frequency=hourly&data%5B0%5D=value&start=2026-09-22T01&end=2026-09-25T00&sort%5B0%5D%5Bcolumn%5D=period&sort%5B0%5D%5Bdirection%5D=asc&sort%5B1%5D%5Bcolumn%5D=respondent&sort%5B1%5D%5Bdirection%5D=asc&offset=0&length=5000&facets%5Brespondent%5D%5B%5D=CISO&facets%5Brespondent%5D%5B%5D=ERCO&facets%5Brespondent%5D%5B%5D=ISNE&facets%5Brespondent%5D%5B%5D=MISO&facets%5Brespondent%5D%5B%5D=NYIS&facets%5Brespondent%5D%5B%5D=PJM&facets%5Brespondent%5D%5B%5D=SWPP&facets%5Brespondent%5D%5B%5D=US48&facets%5Btype%5D%5B%5D=D&facets%5Btype%5D%5B%5D=DF&facets%5Btype%5D%5B%5D=NG,2026-09-25T20:09:03Z,
eia930:ERCO,demand_forecast_mw,2026-09-23T06:00:00Z,58815,MW,PT1H,US-TX,,,eia:electricity/rto/region-data,https://api.eia.gov/v2/electricity/rto/region-data/data/?api_key=REDACTED&frequency=hourly&data%5B0%5D=value&start=2026-09-22T01&end=2026-09-25T00&sort%5B0%5D%5Bcolumn%5D=period&sort%5B0%5D%5Bdirection%5D=asc&sort%5B1%5D%5Bcolumn%5D=respondent&sort%5B1%5D%5Bdirection%5D=asc&offset=0&length=5000&facets%5Brespondent%5D%5B%5D=CISO&facets%5Brespondent%5D%5B%5D=ERCO&facets%5Brespondent%5D%5B%5D=ISNE&facets%5Brespondent%5D%5B%5D=MISO&facets%5Brespondent%5D%5B%5D=NYIS&facets%5Brespondent%5D%5B%5D=PJM&facets%5Brespondent%5D%5B%5D=SWPP&facets%5Brespondent%5D%5B%5D=US48&facets%5Btype%5D%5B%5D=D&facets%5Btype%5D%5B%5D=DF&facets%5Btype%5D%5B%5D=NG,2026-09-25T20:09:03Z,
eia930:ERCO,demand_forecast_mw,2026-09-23T07:00:00Z,56854,MW,PT1H,US-TX,,,eia:electricity/rto/region-data,https://api.eia.gov/v2/electricity/rto/region-data/data/?api_key=REDACTED&frequency=hourly&data%5B0%5D=value&start=2026-09-22T01&end=2026-09-25T00&sort%5B0%5D%5Bcolumn%5D=period&sort%5B0%5D%5Bdirection%5D=asc&sort%5B1%5D%5Bcolumn%5D=respondent&sort%5B1%5D%5Bdirection%5D=asc&offset=0&length=5000&facets%5Brespondent%5D%5B%5D=CISO&facets%5Brespondent%5D%5B%5D=ERCO&facets%5Brespondent%5D%5B%5D=ISNE&facets%5Brespondent%5D%5B%5D=MISO&facets%5Brespondent%5D%5B%5D=NYIS&facets%5Brespondent%5D%5B%5D=PJM&facets%5Brespondent%5D%5B%5D=SWPP&facets%5Brespondent%5D%5B%5D=US48&facets%5Btype%5D%5B%5D=D&facets%5Btype%5D%5B%5D=DF&facets%5Btype%5D%5B%5D=NG,2026-09-25T20:09:03Z,
eia930:ERCO,demand_forecast_mw,2026-09-23T08:00:00Z,55581,MW,PT1H,US-TX,,,eia:electricity/rto/region-data,https://api.eia.gov/v2/electricity/rto/region-data/data/?api_key=REDACTED&frequency=hourly&data%5B0%5D=value&start=2026-09-22T01&end=2026-09-25T00&sort%5B0%5D%5Bcolumn%5D=period&sort%5B0%5D%5Bdirection%5D=asc&sort%5B1%5D%5Bcolumn%5D=respondent&sort%5B1%5D%5Bdirection%5D=asc&offset=0&length=5000&facets%5Brespondent%5D%5B%5D=CISO&facets%5Brespondent%5D%5B%5D=ERCO&facets%5Brespondent%5D%5B%5D=ISNE&facets%5Brespondent%5D%5B%5D=MISO&facets%5Brespondent%5D%5B%5D=NYIS&facets%5Brespondent%5D%5B%5D=PJM&facets%5Brespondent%5D%5B%5D=SWPP&facets%5Brespondent%5D%5B%5D=US48&facets%5Btype%5D%5B%5D=D&facets%5Btype%5D%5B%5D=DF&facets%5Btype%5D%5B%5D=NG,2026-09-25T20:09:03Z,
eia930:ERCO,demand_forecast_mw,2026-09-23T09:00:00Z,55290,MW,PT1H,US-TX,,,eia:electricity/rto/region-data,https://api.eia.gov/v2/electricity/rto/region-data/data/?api_key=REDACTED&frequency=hourly&data%5B0%5D=value&start=2026-09-22T01&end=2026-09-25T00&sort%5B0%5D%5Bcolumn%5D=period&sort%5B0%5D%5Bdirection%5D=asc&sort%5B1%5D%5Bcolumn%5D=respondent&sort%5B1%5D%5Bdirection%5D=asc&offset=0&length=5000&facets%5Brespondent%5D%5B%5D=CISO&facets%5Brespondent%5D%5B%5D=ERCO&facets%5Brespondent%5D%5B%5D=ISNE&facets%5Brespondent%5D%5B%5D=MISO&facets%5Brespondent%5D%5B%5D=NYIS&facets%5Brespondent%5D%5B%5D=PJM&facets%5Brespondent%5D%5B%5D=SWPP&facets%5Brespondent%5D%5B%5D=US48&facets%5Btype%5D%5B%5D=D&facets%5Btype%5D%5B%5D=DF&facets%5Btype%5D%5B%5D=NG,2026-09-25T20:09:03Z,
eia930:ERCO,demand_forecast_mw,2026-09-23T10:00:00Z,56141,MW,PT1H,US-TX,,,eia:electricity/rto/region-data,https://api.eia.gov/v2/electricity/rto/region-data/data/?api_key=REDACTED&frequency=hourly&data%5B0%5D=value&start=2026-09-22T01&end=2026-09-25T00&sort%5B0%5D%5Bcolumn%5D=period&sort%5B0%5D%5Bdirection%5D=asc&sort%5B1%5D%5Bcolumn%5D=respondent&sort%5B1%5D%5Bdirection%5D=asc&offset=0&length=5000&facets%5Brespondent%5D%5B%5D=CISO&facets%5Brespondent%5D%5B%5D=ERCO&facets%5Brespondent%5D%5B%5D=ISNE&facets%5Brespondent%5D%5B%5D=MISO&facets%5Brespondent%5D%5B%5D=NYIS&facets%5Brespondent%5D%5B%5D=PJM&facets%5Brespondent%5D%5B%5D=SWPP&facets%5Brespondent%5D%5B%5D=US48&facets%5Btype%5D%5B%5D=D&facets%5Btype%5D%5B%5D=DF&facets%5Btype%5D%5B%5D=NG,2026-09-25T20:09:03Z,
eia930:ERCO,demand_forecast_mw,2026-09-23T11:00:00Z,57943,MW,PT1H,US-TX,,,eia:electricity/rto/region-data,https://api.eia.gov/v2/electricity/rto/region-data/data/?api_key=REDACTED&frequency=hourly&data%5B0%5D=value&start=2026-09-22T01&end=2026-09-25T00&sort%5B0%5D%5Bcolumn%5D=period&sort%5B0%5D%5Bdirection%5D=asc&sort%5B1%5D%5Bcolumn%5D=respondent&sort%5B1%5D%5Bdirection%5D=asc&offset=0&length=5000&facets%5Brespondent%5D%5B%5D=CISO&facets%5Brespondent%5D%5B%5D=ERCO&facets%5Brespondent%5D%5B%5D=ISNE&facets%5Brespondent%5D%5B%5D=MISO&facets%5Brespondent%5D%5B%5D=NYIS&facets%5Brespondent%5D%5B%5D=PJM&facets%5Brespondent%5D%5B%5D=SWPP&facets%5Brespondent%5D%5B%5D=US48&facets%5Btype%5D%5B%5D=D&facets%5Btype%5D%5B%5D=DF&facets%5Btype%5D%5B%5D=NG,2026-09-25T20:09:03Z,
eia930:ERCO,demand_forecast_mw,2026-09-23T12:00:00Z,58349,MW,PT1H,US-TX,,,eia:electricity/rto/region-data,https://api.eia.gov/v2/electricity/rto/region-data/data/?api_key=REDACTED&frequency=hourly&data%5B0%5D=value&start=2026-09-22T01&end=2026-09-25T00&sort%5B0%5D%5Bcolumn%5D=period&sort%5B0%5D%5Bdirection%5D=asc&sort%5B1%5D%5Bcolumn%5D=respondent&sort%5B1%5D%5Bdirection%5D=asc&offset=0&length=5000&facets%5Brespondent%5D%5B%5D=CISO&facets%5Brespondent%5D%5B%5D=ERCO&facets%5Brespondent%5D%5B%5D=ISNE&facets%5Brespondent%5D%5B%5D=MISO&facets%5Brespondent%5D%5B%5D=NYIS&facets%5Brespondent%5D%5B%5D=PJM&facets%5Brespondent%5D%5B%5D=SWPP&facets%5Brespondent%5D%5B%5D=US48&facets%5Btype%5D%5B%5D=D&facets%5Btype%5D%5B%5D=DF&facets%5Btype%5D%5B%5D=NG,2026-09-25T20:09:03Z,
eia930:ERCO,demand_forecast_mw,2026-09-23T13:00:00Z,59936,MW,PT1H,US-TX,,,eia:electricity/rto/region-data,https://api.eia.gov/v2/electricity/rto/region-data/data/?api_key=REDACTED&frequency=hourly&data%5B0%5D=value&start=2026-09-22T01&end=2026-09-25T00&sort%5B0%5D%5Bcolumn%5D=period&sort%5B0%5D%5Bdirection%5D=asc&sort%5B1%5D%5Bcolumn%5D=respondent&sort%5B1%5D%5Bdirection%5D=asc&offset=0&length=5000&facets%5Brespondent%5D%5B%5D=CISO&facets%5Brespondent%5D%5B%5D=ERCO&facets%5Brespondent%5D%5B%5D=ISNE&facets%5Brespondent%5D%5B%5D=MISO&facets%5Brespondent%5D%5B%5D=NYIS&facets%5Brespondent%5D%5B%5D=PJM&facets%5Brespondent%5D%5B%5D=SWPP&facets%5Brespondent%5D%5B%5D=US48&facets%5Btype%5D%5B%5D=D&facets%5Btype%5D%5B%5D=DF&facets%5Btype%5D%5B%5D=NG,2026-09-25T20:09:03Z,
eia930:ERCO,demand_forecast_mw,2026-09-23T14:00:00Z,63663,MW,PT1H,US-TX,,,eia:electricity/rto/region-data,https://api.eia.gov/v2/electricity/rto/region-data/data/?api_key=REDACTED&frequency=hourly&data%5B0%5D=value&start=2026-09-22T01&end=2026-09-25T00&sort%5B0%5D%5Bcolumn%5D=period&sort%5B0%5D%5Bdirection%5D=asc&sort%5B1%5D%5Bcolumn%5D=respondent&sort%5B1%5D%5Bdirection%5D=asc&offset=0&length=5000&facets%5Brespondent%5D%5B%5D=CISO&facets%5Brespondent%5D%5B%5D=ERCO&facets%5Brespondent%5D%5B%5D=ISNE&facets%5Brespondent%5D%5B%5D=MISO&facets%5Brespondent%5D%5B%5D=NYIS&facets%5Brespondent%5D%5B%5D=PJM&facets%5Brespondent%5D%5B%5D=SWPP&facets%5Brespondent%5D%5B%5D=US48&facets%5Btype%5D%5B%5D=D&facets%5Btype%5D%5B%5D=DF&facets%5Btype%5D%5B%5D=NG,2026-09-25T20:09:03Z,
eia930:ERCO,demand_forecast_mw,2026-09-23T15:00:00Z,67731,MW,PT1H,US-TX,,,eia:electricity/rto/region-data,https://api.eia.gov/v2/electricity/rto/region-data/data/?api_key=REDACTED&frequency=hourly&data%5B0%5D=value&start=2026-09-22T01&end=2026-09-25T00&sort%5B0%5D%5Bcolumn%5D=period&sort%5B0%5D%5Bdirection%5D=asc&sort%5B1%5D%5Bcolumn%5D=respondent&sort%5B1%5D%5Bdirection%5D=asc&offset=0&length=5000&facets%5Brespondent%5D%5B%5D=CISO&facets%5Brespondent%5D%5B%5D=ERCO&facets%5Brespondent%5D%5B%5D=ISNE&facets%5Brespondent%5D%5B%5D=MISO&facets%5Brespondent%5D%5B%5D=NYIS&facets%5Brespondent%5D%5B%5D=PJM&facets%5Brespondent%5D%5B%5D=SWPP&facets%5Brespondent%5D%5B%5D=US48&facets%5Btype%5D%5B%5D=D&facets%5Btype%5D%5B%5D=DF&facets%5Btype%5D%5B%5D=NG,2026-09-25T20:09:03Z,
eia930:ERCO,demand_forecast_mw,2026-09-23T16:00:00Z,71889,MW,PT1H,US-TX,,,eia:electricity/rto/region-data,https://api.eia.gov/v2/electricity/rto/region-data/data/?api_key=REDACTED&frequency=hourly&data%5B0%5D=value&start=2026-09-22T01&end=2026-09-25T00&sort%5B0%5D%5Bcolumn%5D=period&sort%5B0%5D%5Bdirection%5D=asc&sort%5B1%5D%5Bcolumn%5D=respondent&sort%5B1%5D%5Bdirection%5D=asc&offset=0&length=5000&facets%5Brespondent%5D%5B%5D=CISO&facets%5Brespondent%5D%5B%5D=ERCO&facets%5Brespondent%5D%5B%5D=ISNE&facets%5Brespondent%5D%5B%5D=MISO&facets%5Brespondent%5D%5B%5D=NYIS&facets%5Brespondent%5D%5B%5D=PJM&facets%5Brespondent%5D%5B%5D=SWPP&facets%5Brespondent%5D%5B%5D=US48&facets%5Btype%5D%5B%5D=D&facets%5Btype%5D%5B%5D=DF&facets%5Btype%5D%5B%5D=NG,2026-09-25T20:09:03Z,
eia930:ERCO,demand_forecast_mw,2026-09-23T17:00:00Z,75915,MW,PT1H,US-TX,,,eia:electricity/rto/region-data,https://api.eia.gov/v2/electricity/rto/region-data/data/?api_key=REDACTED&frequency=hourly&data%5B0%5D=value&start=2026-09-22T01&end=2026-09-25T00&sort%5B0%5D%5Bcolumn%5D=period&sort%5B0%5D%5Bdirection%5D=asc&sort%5B1%5D%5Bcolumn%5D=respondent&sort%5B1%5D%5Bdirection%5D=asc&offset=0&length=5000&facets%5Brespondent%5D%5B%5D=CISO&facets%5Brespondent%5D%5B%5D=ERCO&facets%5Brespondent%5D%5B%5D=ISNE&facets%5Brespondent%5D%5B%5D=MISO&facets%5Brespondent%5D%5B%5D=NYIS&facets%5Brespondent%5D%5B%5D=PJM&facets%5Brespondent%5D%5B%5D=SWPP&facets%5Brespondent%5D%5B%5D=US48&facets%5Btype%5D%5B%5D=D&facets%5Btype%5D%5B%5D=DF&facets%5Btype%5D%5B%5D=NG,2026-09-25T20:09:03Z,
eia930:ERCO,demand_forecast_mw,2026-09-23T18:00:00Z,79722,MW,PT1H,US-TX,,,eia:electricity/rto/region-data,https://api.eia.gov/v2/electricity/rto/region-data/data/?api_key=REDACTED&frequency=hourly&data%5B0%5D=value&start=2026-09-22T01&end=2026-09-25T00&sort%5B0%5D%5Bcolumn%5D=period&sort%5B0%5D%5Bdirection%5D=asc&sort%5B1%5D%5Bcolumn%5D=respondent&sort%5B1%5D%5Bdirection%5D=asc&offset=0&length=5000&facets%5Brespondent%5D%5B%5D=CISO&facets%5Brespondent%5D%5B%5D=ERCO&facets%5Brespondent%5D%5B%5D=ISNE&facets%5Brespondent%5D%5B%5D=MISO&facets%5Brespondent%5D%5B%5D=NYIS&facets%5Brespondent%5D%5B%5D=PJM&facets%5Brespondent%5D%5B%5D=SWPP&facets%5Brespondent%5D%5B%5D=US48&facets%5Btype%5D%5B%5D=D&facets%5Btype%5D%5B%5D=DF&facets%5Btype%5D%5B%5D=NG,2026-09-25T20:09:03Z,
eia930:ERCO,demand_forecast_mw,2026-09-23T19:00:00Z,82278,MW,PT1H,US-TX,,,eia:electricity/rto/region-data,https://api.eia.gov/v2/electricity/rto/region-data/data/?api_key=REDACTED&frequency=hourly&data%5B0%5D=value&start=2026-09-22T01&end=2026-09-25T00&sort%5B0%5D%5Bcolumn%5D=period&sort%5B0%5D%5Bdirection%5D=asc&sort%5B1%5D%5Bcolumn%5D=respondent&sort%5B1%5D%5Bdirection%5D=asc&offset=0&length=5000&facets%5Brespondent%5D%5B%5D=CISO&facets%5Brespondent%5D%5B%5D=ERCO&facets%5Brespondent%5D%5B%5D=ISNE&facets%5Brespondent%5D%5B%5D=MISO&facets%5Brespondent%5D%5B%5D=NYIS&facets%5Brespondent%5D%5B%5D=PJM&facets%5Brespondent%5D%5B%5D=SWPP&facets%5Brespondent%5D%5B%5D=US48&facets%5Btype%5D%5B%5D=D&facets%5Btype%5D%5B%5D=DF&facets%5Btype%5D%5B%5D=NG,2026-09-25T20:09:03Z,
eia930:ERCO,demand_forecast_mw,2026-09-23T20:00:00Z,83705,MW,PT1H,US-TX,,,eia:electricity/rto/region-data,https://api.eia.gov/v2/electricity/rto/region-data/data/?api_key=REDACTED&frequency=hourly&data%5B0%5D=value&start=2026-09-22T01&end=2026-09-25T00&sort%5B0%5D%5Bcolumn%5D=period&sort%5B0%5D%5Bdirection%5D=asc&sort%5B1%5D%5Bcolumn%5D=respondent&sort%5B1%5D%5Bdirection%5D=asc&offset=0&length=5000&facets%5Brespondent%5D%5B%5D=CISO&facets%5Brespondent%5D%5B%5D=ERCO&facets%5Brespondent%5D%5B%5D=ISNE&facets%5Brespondent%5D%5B%5D=MISO&facets%5Brespondent%5D%5B%5D=NYIS&facets%5Brespondent%5D%5B%5D=PJM&facets%5Brespondent%5D%5B%5D=SWPP&facets%5Brespondent%5D%5B%5D=US48&facets%5Btype%5D%5B%5D=D&facets%5Btype%5D%5B%5D=DF&facets%5Btype%5D%5B%5D=NG,2026-09-25T20:09:03Z,
eia930:ERCO,demand_forecast_mw,2026-09-23T21:00:00Z,84288,MW,PT1H,US-TX,,,eia:electricity/rto/region-data,https://api.eia.gov/v2/electricity/rto/region-data/data/?api_key=REDACTED&frequency=hourly&data%5B0%5D=value&start=2026-09-22T01&end=2026-09-25T00&sort%5B0%5D%5Bcolumn%5D=period&sort%5B0%5D%5Bdirection%5D=asc&sort%5B1%5D%5Bcolumn%5D=respondent&sort%5B1%5D%5Bdirection%5D=asc&offset=0&length=5000&facets%5Brespondent%5D%5B%5D=CISO&facets%5Brespondent%5D%5B%5D=ERCO&facets%5Brespondent%5D%5B%5D=ISNE&facets%5Brespondent%5D%5B%5D=MISO&facets%5Brespondent%5D%5B%5D=NYIS&facets%5Brespondent%5D%5B%5D=PJM&facets%5Brespondent%5D%5B%5D=SWPP&facets%5Brespondent%5D%5B%5D=US48&facets%5Btype%5D%5B%5D=D&facets%5Btype%5D%5B%5D=DF&facets%5Btype%5D%5B%5D=NG,2026-09-25T20:09:03Z,
eia930:ERCO,demand_forecast_mw,2026-09-23T22:00:00Z,83711,MW,PT1H,US-TX,,,eia:electricity/rto/region-data,https://api.eia.gov/v2/electricity/rto/region-data/data/?api_key=REDACTED&frequency=hourly&data%5B0%5D=value&start=2026-09-22T01&end=2026-09-25T00&sort%5B0%5D%5Bcolumn%5D=period&sort%5B0%5D%5Bdirection%5D=asc&sort%5B1%5D%5Bcolumn%5D=respondent&sort%5B1%5D%5Bdirection%5D=asc&offset=0&length=5000&facets%5Brespondent%5D%5B%5D=CISO&facets%5Brespondent%5D%5B%5D=ERCO&facets%5Brespondent%5D%5B%5D=ISNE&facets%5Brespondent%5D%5B%5D=MISO&facets%5Brespondent%5D%5B%5D=NYIS&facets%5Brespondent%5D%5B%5D=PJM&facets%5Brespondent%5D%5B%5D=SWPP&facets%5Brespondent%5D%5B%5D=US48&facets%5Btype%5D%5B%5D=D&facets%5Btype%5D%5B%5D=DF&facets%5Btype%5D%5B%5D=NG,2026-09-25T20:09:03Z,
eia930:ERCO,demand_forecast_mw,2026-09-23T23:00:00Z,81538,MW,PT1H,US-TX,,,eia:electricity/rto/region-data,https://api.eia.gov/v2/electricity/rto/region-data/data/?api_key=REDACTED&frequency=hourly&data%5B0%5D=value&start=2026-09-22T01&end=2026-09-25T00&sort%5B0%5D%5Bcolumn%5D=period&sort%5B0%5D%5Bdirection%5D=asc&sort%5B1%5D%5Bcolumn%5D=respondent&sort%5B1%5D%5Bdirection%5D=asc&offset=0&length=5000&facets%5Brespondent%5D%5B%5D=CISO&facets%5Brespondent%5D%5B%5D=ERCO&facets%5Brespondent%5D%5B%5D=ISNE&facets%5Brespondent%5D%5B%5D=MISO&facets%5Brespondent%5D%5B%5D=NYIS&facets%5Brespondent%5D%5B%5D=PJM&facets%5Brespondent%5D%5B%5D=SWPP&facets%5Brespondent%5D%5B%5D=US48&facets%5Btype%5D%5B%5D=D&facets%5Btype%5D%5B%5D=DF&facets%5Btype%5D%5B%5D=NG,2026-09-25T20:09:03Z,
eia930:ERCO,demand_forecast_mw,2026-09-24T00:00:00Z,78365,MW,PT1H,US-TX,,,eia:electricity/rto/region-data,https://api.eia.gov/v2/electricity/rto/region-data/data/?api_key=REDACTED&frequency=hourly&data%5B0%5D=value&start=2026-09-22T01&end=2026-09-25T00&sort%5B0%5D%5Bcolumn%5D=period&sort%5B0%5D%5Bdirection%5D=asc&sort%5B1%5D%5Bcolumn%5D=respondent&sort%5B1%5D%5Bdirection%5D=asc&offset=0&length=5000&facets%5Brespondent%5D%5B%5D=CISO&facets%5Brespondent%5D%5B%5D=ERCO&facets%5Brespondent%5D%5B%5D=ISNE&facets%5Brespondent%5D%5B%5D=MISO&facets%5Brespondent%5D%5B%5D=NYIS&facets%5Brespondent%5D%5B%5D=PJM&facets%5Brespondent%5D%5B%5D=SWPP&facets%5Brespondent%5D%5B%5D=US48&facets%5Btype%5D%5B%5D=D&facets%5Btype%5D%5B%5D=DF&facets%5Btype%5D%5B%5D=NG,2026-09-25T20:09:03Z,
eia930:ERCO,demand_forecast_mw,2026-09-24T01:00:00Z,75970,MW,PT1H,US-TX,,,eia:electricity/rto/region-data,https://api.eia.gov/v2/electricity/rto/region-data/data/?api_key=REDACTED&frequency=hourly&data%5B0%5D=value&start=2026-09-22T01&end=2026-09-25T00&sort%5B0%5D%5Bcolumn%5D=period&sort%5B0%5D%5Bdirection%5D=asc&sort%5B1%5D%5Bcolumn%5D=respondent&sort%5B1%5D%5Bdirection%5D=asc&offset=0&length=5000&facets%5Brespondent%5D%5B%5D=CISO&facets%5Brespondent%5D%5B%5D=ERCO&facets%5Brespondent%5D%5B%5D=ISNE&facets%5Brespondent%5D%5B%5D=MISO&facets%5Brespondent%5D%5B%5D=NYIS&facets%5Brespondent%5D%5B%5D=PJM&facets%5Brespondent%5D%5B%5D=SWPP&facets%5Brespondent%5D%5B%5D=US48&facets%5Btype%5D%5B%5D=D&facets%5Btype%5D%5B%5D=DF&facets%5Btype%5D%5B%5D=NG,2026-09-25T20:09:03Z,
eia930:ERCO,demand_forecast_mw,2026-09-24T02:00:00Z,72421,MW,PT1H,US-TX,,,eia:electricity/rto/region-data,https://api.eia.gov/v2/electricity/rto/region-data/data/?api_key=REDACTED&frequency=hourly&data%5B0%5D=value&start=2026-09-22T01&end=2026-09-25T00&sort%5B0%5D%5Bcolumn%5D=period&sort%5B0%5D%5Bdirection%5D=asc&sort%5B1%5D%5Bcolumn%5D=respondent&sort%5B1%5D%5Bdirection%5D=asc&offset=0&length=5000&facets%5Brespondent%5D%5B%5D=CISO&facets%5Brespondent%5D%5B%5D=ERCO&facets%5Brespondent%5D%5B%5D=ISNE&facets%5Brespondent%5D%5B%5D=MISO&facets%5Brespondent%5D%5B%5D=NYIS&facets%5Brespondent%5D%5B%5D=PJM&facets%5Brespondent%5D%5B%5D=SWPP&facets%5Brespondent%5D%5B%5D=US48&facets%5Btype%5D%5B%5D=D&facets%5Btype%5D%5B%5D=DF&facets%5Btype%5D%5B%5D=NG,2026-09-25T20:09:03Z,
eia930:ERCO,demand_forecast_mw,2026-09-24T03:00:00Z,68314,MW,PT1H,US-TX,,,eia:electricity/rto/region-data,https://api.eia.gov/v2/electricity/rto/region-data/data/?api_key=REDACTED&frequency=hourly&data%5B0%5D=value&start=2026-09-22T01&end=2026-09-25T00&sort%5B0%5D%5Bcolumn%5D=period&sort%5B0%5D%5Bdirection%5D=asc&sort%5B1%5D%5Bcolumn%5D=respondent&sort%5B1%5D%5Bdirection%5D=asc&offset=0&length=5000&facets%5Brespondent%5D%5B%5D=CISO&facets%5Brespondent%5D%5B%5D=ERCO&facets%5Brespondent%5D%5B%5D=ISNE&facets%5Brespondent%5D%5B%5D=MISO&facets%5Brespondent%5D%5B%5D=NYIS&facets%5Brespondent%5D%5B%5D=PJM&facets%5Brespondent%5D%5B%5D=SWPP&facets%5Brespondent%5D%5B%5D=US48&facets%5Btype%5D%5B%5D=D&facets%5Btype%5D%5B%5D=DF&facets%5Btype%5D%5B%5D=NG,2026-09-25T20:09:03Z,
eia930:ERCO,demand_forecast_mw,2026-09-24T04:00:00Z,64418,MW,PT1H,US-TX,,,eia:electricity/rto/region-data,https://api.eia.gov/v2/electricity/rto/region-data/data/?api_key=REDACTED&frequency=hourly&data%5B0%5D=value&start=2026-09-22T01&end=2026-09-25T00&sort%5B0%5D%5Bcolumn%5D=period&sort%5B0%5D%5Bdirection%5D=asc&sort%5B1%5D%5Bcolumn%5D=respondent&sort%5B1%5D%5Bdirection%5D=asc&offset=0&length=5000&facets%5Brespondent%5D%5B%5D=CISO&facets%5Brespondent%5D%5B%5D=ERCO&facets%5Brespondent%5D%5B%5D=ISNE&facets%5Brespondent%5D%5B%5D=MISO&facets%5Brespondent%5D%5B%5D=NYIS&facets%5Brespondent%5D%5B%5D=PJM&facets%5Brespondent%5D%5B%5D=SWPP&facets%5Brespondent%5D%5B%5D=US48&facets%5Btype%5D%5B%5D=D&facets%5Btype%5D%5B%5D=DF&facets%5Btype%5D%5B%5D=NG,2026-09-25T20:09:03Z,
eia930:ERCO,demand_forecast_mw,2026-09-24T05:00:00Z,61444,MW,PT1H,US-TX,,,eia:electricity/rto/region-data,https://api.eia.gov/v2/electricity/rto/region-data/data/?api_key=REDACTED&frequency=hourly&data%5B0%5D=value&start=2026-09-22T01&end=2026-09-25T00&sort%5B0%5D%5Bcolumn%5D=period&sort%5B0%5D%5Bdirection%5D=asc&sort%5B1%5D%5Bcolumn%5D=respondent&sort%5B1%5D%5Bdirection%5D=asc&offset=0&length=5000&facets%5Brespondent%5D%5B%5D=CISO&facets%5Brespondent%5D%5B%5D=ERCO&facets%5Brespondent%5D%5B%5D=ISNE&facets%5Brespondent%5D%5B%5D=MISO&facets%5Brespondent%5D%5B%5D=NYIS&facets%5Brespondent%5D%5B%5D=PJM&facets%5Brespondent%5D%5B%5D=SWPP&facets%5Brespondent%5D%5B%5D=US48&facets%5Btype%5D%5B%5D=D&facets%5Btype%5D%5B%5D=DF&facets%5Btype%5D%5B%5D=NG,2026-09-25T20:09:03Z,
eia930:ERCO,demand_forecast_mw,2026-09-24T06:00:00Z,58680,MW,PT1H,US-TX,,,eia:electricity/rto/region-data,https://api.eia.gov/v2/electricity/rto/region-data/data/?api_key=REDACTED&frequency=hourly&data%5B0%5D=value&start=2026-09-22T01&end=2026-09-25T00&sort%5B0%5D%5Bcolumn%5D=period&sort%5B0%5D%5Bdirection%5D=asc&sort%5B1%5D%5Bcolumn%5D=respondent&sort%5B1%5D%5Bdirection%5D=asc&offset=0&length=5000&facets%5Brespondent%5D%5B%5D=CISO&facets%5Brespondent%5D%5B%5D=ERCO&facets%5Brespondent%5D%5B%5D=ISNE&facets%5Brespondent%5D%5B%5D=MISO&facets%5Brespondent%5D%5B%5D=NYIS&facets%5Brespondent%5D%5B%5D=PJM&facets%5Brespondent%5D%5B%5D=SWPP&facets%5Brespondent%5D%5B%5D=US48&facets%5Btype%5D%5B%5D=D&facets%5Btype%5D%5B%5D=DF&facets%5Btype%5D%5B%5D=NG,2026-09-25T20:09:03Z,
eia930:ERCO,demand_forecast_mw,2026-09-24T07:00:00Z,56776,MW,PT1H,US-TX,,,eia:electricity/rto/region-data,https://api.eia.gov/v2/electricity/rto/region-data/data/?api_key=REDACTED&frequency=hourly&data%5B0%5D=value&start=2026-09-22T01&end=2026-09-25T00&sort%5B0%5D%5Bcolumn%5D=period&sort%5B0%5D%5Bdirection%5D=asc&sort%5B1%5D%5Bcolumn%5D=respondent&sort%5B1%5D%5Bdirection%5D=asc&offset=0&length=5000&facets%5Brespondent%5D%5B%5D=CISO&facets%5Brespondent%5D%5B%5D=ERCO&facets%5Brespondent%5D%5B%5D=ISNE&facets%5Brespondent%5D%5B%5D=MISO&facets%5Brespondent%5D%5B%5D=NYIS&facets%5Brespondent%5D%5B%5D=PJM&facets%5Brespondent%5D%5B%5D=SWPP&facets%5Brespondent%5D%5B%5D=US48&facets%5Btype%5D%5B%5D=D&facets%5Btype%5D%5B%5D=DF&facets%5Btype%5D%5B%5D=NG,2026-09-25T20:09:03Z,
eia930:ERCO,demand_forecast_mw,2026-09-24T08:00:00Z,55525,MW,PT1H,US-TX,,,eia:electricity/rto/region-data,https://api.eia.gov/v2/electricity/rto/region-data/data/?api_key=REDACTED&frequency=hourly&data%5B0%5D=value&start=2026-09-22T01&end=2026-09-25T00&sort%5B0%5D%5Bcolumn%5D=period&sort%5B0%5D%5Bdirection%5D=asc&sort%5B1%5D%5Bcolumn%5D=respondent&sort%5B1%5D%5Bdirection%5D=asc&offset=0&length=5000&facets%5Brespondent%5D%5B%5D=CISO&facets%5Brespondent%5D%5B%5D=ERCO&facets%5Brespondent%5D%5B%5D=ISNE&facets%5Brespondent%5D%5B%5D=MISO&facets%5Brespondent%5D%5B%5D=NYIS&facets%5Brespondent%5D%5B%5D=PJM&facets%5Brespondent%5D%5B%5D=SWPP&facets%5Brespondent%5D%5B%5D=US48&facets%5Btype%5D%5B%5D=D&facets%5Btype%5D%5B%5D=DF&facets%5Btype%5D%5B%5D=NG,2026-09-25T20:09:03Z,
eia930:ERCO,demand_forecast_mw,2026-09-24T09:00:00Z,55206,MW,PT1H,US-TX,,,eia:electricity/rto/region-data,https://api.eia.gov/v2/electricity/rto/region-data/data/?api_key=REDACTED&frequency=hourly&data%5B0%5D=value&start=2026-09-22T01&end=2026-09-25T00&sort%5B0%5D%5Bcolumn%5D=period&sort%5B0%5D%5Bdirection%5D=asc&sort%5B1%5D%5Bcolumn%5D=respondent&sort%5B1%5D%5Bdirection%5D=asc&offset=0&length=5000&facets%5Brespondent%5D%5B%5D=CISO&facets%5Brespondent%5D%5B%5D=ERCO&facets%5Brespondent%5D%5B%5D=ISNE&facets%5Brespondent%5D%5B%5D=MISO&facets%5Brespondent%5D%5B%5D=NYIS&facets%5Brespondent%5D%5B%5D=PJM&facets%5Brespondent%5D%5B%5D=SWPP&facets%5Brespondent%5D%5B%5D=US48&facets%5Btype%5D%5B%5D=D&facets%5Btype%5D%5B%5D=DF&facets%5Btype%5D%5B%5D=NG,2026-09-25T20:09:03Z,
eia930:ERCO,demand_forecast_mw,2026-09-24T10:00:00Z,56077,MW,PT1H,US-TX,,,eia:electricity/rto/region-data,https://api.eia.gov/v2/electricity/rto/region-data/data/?api_key=REDACTED&frequency=hourly&data%5B0%5D=value&start=2026-09-22T01&end=2026-09-25T00&sort%5B0%5D%5Bcolumn%5D=period&sort%5B0%5D%5Bdirection%5D=asc&sort%5B1%5D%5Bcolumn%5D=respondent&sort%5B1%5D%5Bdirection%5D=asc&offset=0&length=5000&facets%5Brespondent%5D%5B%5D=CISO&facets%5Brespondent%5D%5B%5D=ERCO&facets%5Brespondent%5D%5B%5D=ISNE&facets%5Brespondent%5D%5B%5D=MISO&facets%5Brespondent%5D%5B%5D=NYIS&facets%5Brespondent%5D%5B%5D=PJM&facets%5Brespondent%5D%5B%5D=SWPP&facets%5Brespondent%5D%5B%5D=US48&facets%5Btype%5D%5B%5D=D&facets%5Btype%5D%5B%5D=DF&facets%5Btype%5D%5B%5D=NG,2026-09-25T20:09:03Z,
eia930:ERCO,demand_forecast_mw,2026-09-24T11:00:00Z,58077,MW,PT1H,US-TX,,,eia:electricity/rto/region-data,https://api.eia.gov/v2/electricity/rto/region-data/data/?api_key=REDACTED&frequency=hourly&data%5B0%5D=value&start=2026-09-22T01&end=2026-09-25T00&sort%5B0%5D%5Bcolumn%5D=period&sort%5B0%5D%5Bdirection%5D=asc&sort%5B1%5D%5Bcolumn%5D=respondent&sort%5B1%5D%5Bdirection%5D=asc&offset=0&length=5000&facets%5Brespondent%5D%5B%5D=CISO&facets%5Brespondent%5D%5B%5D=ERCO&facets%5Brespondent%5D%5B%5D=ISNE&facets%5Brespondent%5D%5B%5D=MISO&facets%5Brespondent%5D%5B%5D=NYIS&facets%5Brespondent%5D%5B%5D=PJM&facets%5Brespondent%5D%5B%5D=SWPP&facets%5Brespondent%5D%5B%5D=US48&facets%5Btype%5D%5B%5D=D&facets%5Btype%5D%5B%5D=DF&facets%5Btype%5D%5B%5D=NG,2026-09-25T20:09:03Z,
eia930:ERCO,demand_forecast_mw,2026-09-24T12:00:00Z,58472,MW,PT1H,US-TX,,,eia:electricity/rto/region-data,https://api.eia.gov/v2/electricity/rto/region-data/data/?api_key=REDACTED&frequency=hourly&data%5B0%5D=value&start=2026-09-22T01&end=2026-09-25T00&sort%5B0%5D%5Bcolumn%5D=period&sort%5B0%5D%5Bdirection%5D=asc&sort%5B1%5D%5Bcolumn%5D=respondent&sort%5B1%5D%5Bdirection%5D=asc&offset=0&length=5000&facets%5Brespondent%5D%5B%5D=CISO&facets%5Brespondent%5D%5B%5D=ERCO&facets%5Brespondent%5D%5B%5D=ISNE&facets%5Brespondent%5D%5B%5D=MISO&facets%5Brespondent%5D%5B%5D=NYIS&facets%5Brespondent%5D%5B%5D=PJM&facets%5Brespondent%5D%5B%5D=SWPP&facets%5Brespondent%5D%5B%5D=US48&facets%5Btype%5D%5B%5D=D&facets%5Btype%5D%5B%5D=DF&facets%5Btype%5D%5B%5D=NG,2026-09-25T20:09:03Z,
eia930:ERCO,demand_forecast_mw,2026-09-24T13:00:00Z,59586,MW,PT1H,US-TX,,,eia:electricity/rto/region-data,https://api.eia.gov/v2/electricity/rto/region-data/data/?api_key=REDACTED&frequency=hourly&data%5B0%5D=value&start=2026-09-22T01&end=2026-09-25T00&sort%5B0%5D%5Bcolumn%5D=period&sort%5B0%5D%5Bdirection%5D=asc&sort%5B1%5D%5Bcolumn%5D=respondent&sort%5B1%5D%5Bdirection%5D=asc&offset=0&length=5000&facets%5Brespondent%5D%5B%5D=CISO&facets%5Brespondent%5D%5B%5D=ERCO&facets%5Brespondent%5D%5B%5D=ISNE&facets%5Brespondent%5D%5B%5D=MISO&facets%5Brespondent%5D%5B%5D=NYIS&facets%5Brespondent%5D%5B%5D=PJM&facets%5Brespondent%5D%5B%5D=SWPP&facets%5Brespondent%5D%5B%5D=US48&facets%5Btype%5D%5B%5D=D&facets%5Btype%5D%5B%5D=DF&facets%5Btype%5D%5B%5D=NG,2026-09-25T20:09:03Z,
eia930:ERCO,demand_forecast_mw,2026-09-24T14:00:00Z,62847,MW,PT1H,US-TX,,,eia:electricity/rto/region-data,https://api.eia.gov/v2/electricity/rto/region-data/data/?api_key=REDACTED&frequency=hourly&data%5B0%5D=value&start=2026-09-22T01&end=2026-09-25T00&sort%5B0%5D%5Bcolumn%5D=period&sort%5B0%5D%5Bdirection%5D=asc&sort%5B1%5D%5Bcolumn%5D=respondent&sort%5B1%5D%5Bdirection%5D=asc&offset=0&length=5000&facets%5Brespondent%5D%5B%5D=CISO&facets%5Brespondent%5D%5B%5D=ERCO&facets%5Brespondent%5D%5B%5D=ISNE&facets%5Brespondent%5D%5B%5D=MISO&facets%5Brespondent%5D%5B%5D=NYIS&facets%5Brespondent%5D%5B%5D=PJM&facets%5Brespondent%5D%5B%5D=SWPP&facets%5Brespondent%5D%5B%5D=US48&facets%5Btype%5D%5B%5D=D&facets%5Btype%5D%5B%5D=DF&facets%5Btype%5D%5B%5D=NG,2026-09-25T20:09:03Z,
eia930:ERCO,demand_forecast_mw,2026-09-24T15:00:00Z,66636,MW,PT1H,US-TX,,,eia:electricity/rto/region-data,https://api.eia.gov/v2/electricity/rto/region-data/data/?api_key=REDACTED&frequency=hourly&data%5B0%5D=value&start=2026-09-22T01&end=2026-09-25T00&sort%5B0%5D%5Bcolumn%5D=period&sort%5B0%5D%5Bdirection%5D=asc&sort%5B1%5D%5Bcolumn%5D=respondent&sort%5B1%5D%5Bdirection%5D=asc&offset=0&length=5000&facets%5Brespondent%5D%5B%5D=CISO&facets%5Brespondent%5D%5B%5D=ERCO&facets%5Brespondent%5D%5B%5D=ISNE&facets%5Brespondent%5D%5B%5D=MISO&facets%5Brespondent%5D%5B%5D=NYIS&facets%5Brespondent%5D%5B%5D=PJM&facets%5Brespondent%5D%5B%5D=SWPP&facets%5Brespondent%5D%5B%5D=US48&facets%5Btype%5D%5B%5D=D&facets%5Btype%5D%5B%5D=DF&facets%5Btype%5D%5B%5D=NG,2026-09-25T20:09:03Z,
eia930:ERCO,demand_forecast_mw,2026-09-24T16:00:00Z,70582,MW,PT1H,US-TX,,,eia:electricity/rto/region-data,https://api.eia.gov/v2/electricity/rto/region-data/data/?api_key=REDACTED&frequency=hourly&data%5B0%5D=value&start=2026-09-22T01&end=2026-09-25T00&sort%5B0%5D%5Bcolumn%5D=period&sort%5B0%5D%5Bdirection%5D=asc&sort%5B1%5D%5Bcolumn%5D=respondent&sort%5B1%5D%5Bdirection%5D=asc&offset=0&length=5000&facets%5Brespondent%5D%5B%5D=CISO&facets%5Brespondent%5D%5B%5D=ERCO&facets%5Brespondent%5D%5B%5D=ISNE&facets%5Brespondent%5D%5B%5D=MISO&facets%5Brespondent%5D%5B%5D=NYIS&facets%5Brespondent%5D%5B%5D=PJM&facets%5Brespondent%5D%5B%5D=SWPP&facets%5Brespondent%5D%5B%5D=US48&facets%5Btype%5D%5B%5D=D&facets%5Btype%5D%5B%5D=DF&facets%5Btype%5D%5B%5D=NG,2026-09-25T20:09:03Z,
eia930:ERCO,demand_forecast_mw,2026-09-24T17:00:00Z,74511,MW,PT1H,US-TX,,,eia:electricity/rto/region-data,https://api.eia.gov/v2/electricity/rto/region-data/data/?api_key=REDACTED&frequency=hourly&data%5B0%5D=value&start=2026-09-22T01&end=2026-09-25T00&sort%5B0%5D%5Bcolumn%5D=period&sort%5B0%5D%5Bdirection%5D=asc&sort%5B1%5D%5Bcolumn%5D=respondent&sort%5B1%5D%5Bdirection%5D=asc&offset=0&length=5000&facets%5Brespondent%5D%5B%5D=CISO&facets%5Brespondent%5D%5B%5D=ERCO&facets%5Brespondent%5D%5B%5D=ISNE&facets%5Brespondent%5D%5B%5D=MISO&facets%5Brespondent%5D%5B%5D=NYIS&facets%5Brespondent%5D%5B%5D=PJM&facets%5Brespondent%5D%5B%5D=SWPP&facets%5Brespondent%5D%5B%5D=US48&facets%5Btype%5D%5B%5D=D&facets%5Btype%5D%5B%5D=DF&facets%5Btype%5D%5B%5D=NG,2026-09-25T20:09:03Z,
eia930:ERCO,demand_forecast_mw,2026-09-24T18:00:00Z,78132,MW,PT1H,US-TX,,,eia:electricity/rto/region-data,https://api.eia.gov/v2/electricity/rto/region-data/data/?api_key=REDACTED&frequency=hourly&data%5B0%5D=value&start=2026-09-22T01&end=2026-09-25T00&sort%5B0%5D%5Bcolumn%5D=period&sort%5B0%5D%5Bdirection%5D=asc&sort%5B1%5D%5Bcolumn%5D=respondent&sort%5B1%5D%5Bdirection%5D=asc&offset=0&length=5000&facets%5Brespondent%5D%5B%5D=CISO&facets%5Brespondent%5D%5B%5D=ERCO&facets%5Brespondent%5D%5B%5D=ISNE&facets%5Brespondent%5D%5B%5D=MISO&facets%5Brespondent%5D%5B%5D=NYIS&facets%5Brespondent%5D%5B%5D=PJM&facets%5Brespondent%5D%5B%5D=SWPP&facets%5Brespondent%5D%5B%5D=US48&facets%5Btype%5D%5B%5D=D&facets%5Btype%5D%5B%5D=DF&facets%5Btype%5D%5B%5D=NG,2026-09-25T20:09:03Z,
eia930:ERCO,demand_forecast_mw,2026-09-24T19:00:00Z,80622,MW,PT1H,US-TX,,,eia:electricity/rto/region-data,https://api.eia.gov/v2/electricity/rto/region-data/data/?api_key=REDACTED&frequency=hourly&data%5B0%5D=value&start=2026-09-22T01&end=2026-09-25T00&sort%5B0%5D%5Bcolumn%5D=period&sort%5B0%5D%5Bdirection%5D=asc&sort%5B1%5D%5Bcolumn%5D=respondent&sort%5B1%5D%5Bdirection%5D=asc&offset=0&length=5000&facets%5Brespondent%5D%5B%5D=CISO&facets%5Brespondent%5D%5B%5D=ERCO&facets%5Brespondent%5D%5B%5D=ISNE&facets%5Brespondent%5D%5B%5D=MISO&facets%5Brespondent%5D%5B%5D=NYIS&facets%5Brespondent%5D%5B%5D=PJM&facets%5Brespondent%5D%5B%5D=SWPP&facets%5Brespondent%5D%5B%5D=US48&facets%5Btype%5D%5B%5D=D&facets%5Btype%5D%5B%5D=DF&facets%5Btype%5D%5B%5D=NG,2026-09-25T20:09:03Z,
eia930:ERCO,demand_forecast_mw,2026-09-24T20:00:00Z,82008,MW,PT1H,US-TX,,,eia:electricity/rto/region-data,https://api.eia.gov/v2/electricity/rto/region-data/data/?api_key=REDACTED&frequency=hourly&data%5B0%5D=value&start=2026-09-22T01&end=2026-09-25T00&sort%5B0%5D%5Bcolumn%5D=period&sort%5B0%5D%5Bdirection%5D=asc&sort%5B1%5D%5Bcolumn%5D=respondent&sort%5B1%5D%5Bdirection%5D=asc&offset=0&length=5000&facets%5Brespondent%5D%5B%5D=CISO&facets%5Brespondent%5D%5B%5D=ERCO&facets%5Brespondent%5D%5B%5D=ISNE&facets%5Brespondent%5D%5B%5D=MISO&facets%5Brespondent%5D%5B%5D=NYIS&facets%5Brespondent%5D%5B%5D=PJM&facets%5Brespondent%5D%5B%5D=SWPP&facets%5Brespondent%5D%5B%5D=US48&facets%5Btype%5D%5B%5D=D&facets%5Btype%5D%5B%5D=DF&facets%5Btype%5D%5B%5D=NG,2026-09-25T20:09:03Z,
eia930:ERCO,demand_forecast_mw,2026-09-24T21:00:00Z,82545,MW,PT1H,US-TX,,,eia:electricity/rto/region-data,https://api.eia.gov/v2/electricity/rto/region-data/data/?api_key=REDACTED&frequency=hourly&data%5B0%5D=value&start=2026-09-22T01&end=2026-09-25T00&sort%5B0%5D%5Bcolumn%5D=period&sort%5B0%5D%5Bdirection%5D=asc&sort%5B1%5D%5Bcolumn%5D=respondent&sort%5B1%5D%5Bdirection%5D=asc&offset=0&length=5000&facets%5Brespondent%5D%5B%5D=CISO&facets%5Brespondent%5D%5B%5D=ERCO&facets%5Brespondent%5D%5B%5D=ISNE&facets%5Brespondent%5D%5B%5D=MISO&facets%5Brespondent%5D%5B%5D=NYIS&facets%5Brespondent%5D%5B%5D=PJM&facets%5Brespondent%5D%5B%5D=SWPP&facets%5Brespondent%5D%5B%5D=US48&facets%5Btype%5D%5B%5D=D&facets%5Btype%5D%5B%5D=DF&facets%5Btype%5D%5B%5D=NG,2026-09-25T20:09:03Z,
eia930:ERCO,demand_forecast_mw,2026-09-24T22:00:00Z,81845,MW,PT1H,US-TX,,,eia:electricity/rto/region-data,https://api.eia.gov/v2/electricity/rto/region-data/data/?api_key=REDACTED&frequency=hourly&data%5B0%5D=value&start=2026-09-22T01&end=2026-09-25T00&sort%5B0%5D%5Bcolumn%5D=period&sort%5B0%5D%5Bdirection%5D=asc&sort%5B1%5D%5Bcolumn%5D=respondent&sort%5B1%5D%5Bdirection%5D=asc&offset=0&length=5000&facets%5Brespondent%5D%5B%5D=CISO&facets%5Brespondent%5D%5B%5D=ERCO&facets%5Brespondent%5D%5B%5D=ISNE&facets%5Brespondent%5D%5B%5D=MISO&facets%5Brespondent%5D%5B%5D=NYIS&facets%5Brespondent%5D%5B%5D=PJM&facets%5Brespondent%5D%5B%5D=SWPP&facets%5Brespondent%5D%5B%5D=US48&facets%5Btype%5D%5B%5D=D&facets%5Btype%5D%5B%5D=DF&facets%5Btype%5D%5B%5D=NG,2026-09-25T20:09:03Z,
eia930:ERCO,demand_forecast_mw,2026-09-24T23:00:00Z,79474,MW,PT1H,US-TX,,,eia:electricity/rto/region-data,https://api.eia.gov/v2/electricity/rto/region-data/data/?api_key=REDACTED&frequency=hourly&data%5B0%5D=value&start=2026-09-22T01&end=2026-09-25T00&sort%5B0%5D%5Bcolumn%5D=period&sort%5B0%5D%5Bdirection%5D=asc&sort%5B1%5D%5Bcolumn%5D=respondent&sort%5B1%5D%5Bdirection%5D=asc&offset=0&length=5000&facets%5Brespondent%5D%5B%5D=CISO&facets%5Brespondent%5D%5B%5D=ERCO&facets%5Brespondent%5D%5B%5D=ISNE&facets%5Brespondent%5D%5B%5D=MISO&facets%5Brespondent%5D%5B%5D=NYIS&facets%5Brespondent%5D%5B%5D=PJM&facets%5Brespondent%5D%5B%5D=SWPP&facets%5Brespondent%5D%5B%5D=US48&facets%5Btype%5D%5B%5D=D&facets%5Btype%5D%5B%5D=DF&facets%5Btype%5D%5B%5D=NG,2026-09-25T20:09:03Z,
eia930:ERCO,demand_mw,2026-09-22T00:00:00Z,78163,MW,PT1H,US-TX,,,eia:electricity/rto/region-data,https://api.eia.gov/v2/electricity/rto/region-data/data/?api_key=REDACTED&frequency=hourly&data%5B0%5D=value&start=2026-09-22T01&end=2026-09-25T00&sort%5B0%5D%5Bcolumn%5D=period&sort%5B0%5D%5Bdirection%5D=asc&sort%5B1%5D%5Bcolumn%5D=respondent&sort%5B1%5D%5Bdirection%5D=asc&offset=0&length=5000&facets%5Brespondent%5D%5B%5D=CISO&facets%5Brespondent%5D%5B%5D=ERCO&facets%5Brespondent%5D%5B%5D=ISNE&facets%5Brespondent%5D%5B%5D=MISO&facets%5Brespondent%5D%5B%5D=NYIS&facets%5Brespondent%5D%5B%5D=PJM&facets%5Brespondent%5D%5B%5D=SWPP&facets%5Brespondent%5D%5B%5D=US48&facets%5Btype%5D%5B%5D=D&facets%5Btype%5D%5B%5D=DF&facets%5Btype%5D%5B%5D=NG,2026-09-25T20:09:03Z,
eia930:ERCO,demand_mw,2026-09-22T01:00:00Z,76007,MW,PT1H,US-TX,,,eia:electricity/rto/region-data,https://api.eia.gov/v2/electricity/rto/region-data/data/?api_key=REDACTED&frequency=hourly&data%5B0%5D=value&start=2026-09-22T01&end=2026-09-25T00&sort%5B0%5D%5Bcolumn%5D=period&sort%5B0%5D%5Bdirection%5D=asc&sort%5B1%5D%5Bcolumn%5D=respondent&sort%5B1%5D%5Bdirection%5D=asc&offset=0&length=5000&facets%5Brespondent%5D%5B%5D=CISO&facets%5Brespondent%5D%5B%5D=ERCO&facets%5Brespondent%5D%5B%5D=ISNE&facets%5Brespondent%5D%5B%5D=MISO&facets%5Brespondent%5D%5B%5D=NYIS&facets%5Brespondent%5D%5B%5D=PJM&facets%5Brespondent%5D%5B%5D=SWPP&facets%5Brespondent%5D%5B%5D=US48&facets%5Btype%5D%5B%5D=D&facets%5Btype%5D%5B%5D=DF&facets%5Btype%5D%5B%5D=NG,2026-09-25T20:09:03Z,
eia930:ERCO,demand_mw,2026-09-22T02:00:00Z,72937,MW,PT1H,US-TX,,,eia:electricity/rto/region-data,https://api.eia.gov/v2/electricity/rto/region-data/data/?api_key=REDACTED&frequency=hourly&data%5B0%5D=value&start=2026-09-22T01&end=2026-09-25T00&sort%5B0%5D%5Bcolumn%5D=period&sort%5B0%5D%5Bdirection%5D=asc&sort%5B1%5D%5Bcolumn%5D=respondent&sort%5B1%5D%5Bdirection%5D=asc&offset=0&length=5000&facets%5Brespondent%5D%5B%5D=CISO&facets%5Brespondent%5D%5B%5D=ERCO&facets%5Brespondent%5D%5B%5D=ISNE&facets%5Brespondent%5D%5B%5D=MISO&facets%5Brespondent%5D%5B%5D=NYIS&facets%5Brespondent%5D%5B%5D=PJM&facets%5Brespondent%5D%5B%5D=SWPP&facets%5Brespondent%5D%5B%5D=US48&facets%5Btype%5D%5B%5D=D&facets%5Btype%5D%5B%5D=DF&facets%5Btype%5D%5B%5D=NG,2026-09-25T20:09:03Z,
eia930:ERCO,demand_mw,2026-09-22T03:00:00Z,68937,MW,PT1H,US-TX,,,eia:electricity/rto/region-data,https://api.eia.gov/v2/electricity/rto/region-data/data/?api_key=REDACTED&frequency=hourly&data%5B0%5D=value&start=2026-09-22T01&end=2026-09-25T00&sort%5B0%5D%5Bcolumn%5D=period&sort%5B0%5D%5Bdirection%5D=asc&sort%5B1%5D%5Bcolumn%5D=respondent&sort%5B1%5D%5Bdirection%5D=asc&offset=0&length=5000&facets%5Brespondent%5D%5B%5D=CISO&facets%5Brespondent%5D%5B%5D=ERCO&facets%5Brespondent%5D%5B%5D=ISNE&facets%5Brespondent%5D%5B%5D=MISO&facets%5Brespondent%5D%5B%5D=NYIS&facets%5Brespondent%5D%5B%5D=PJM&facets%5Brespondent%5D%5B%5D=SWPP&facets%5Brespondent%5D%5B%5D=US48&facets%5Btype%5D%5B%5D=D&facets%5Btype%5D%5B%5D=DF&facets%5Btype%5D%5B%5D=NG,2026-09-25T20:09:03Z,
eia930:ERCO,demand_mw,2026-09-22T04:00:00Z,64769,MW,PT1H,US-TX,,,eia:electricity/rto/region-data,https://api.eia.gov/v2/electricity/rto/region-data/data/?api_key=REDACTED&frequency=hourly&data%5B0%5D=value&start=2026-09-22T01&end=2026-09-25T00&sort%5B0%5D%5Bcolumn%5D=period&sort%5B0%5D%5Bdirection%5D=asc&sort%5B1%5D%5Bcolumn%5D=respondent&sort%5B1%5D%5Bdirection%5D=asc&offset=0&length=5000&facets%5Brespondent%5D%5B%5D=CISO&facets%5Brespondent%5D%5B%5D=ERCO&facets%5Brespondent%5D%5B%5D=ISNE&facets%5Brespondent%5D%5B%5D=MISO&facets%5Brespondent%5D%5B%5D=NYIS&facets%5Brespondent%5D%5B%5D=PJM&facets%5Brespondent%5D%5B%5D=SWPP&facets%5Brespondent%5D%5B%5D=US48&facets%5Btype%5D%5B%5D=D&facets%5Btype%5D%5B%5D=DF&facets%5Btype%5D%5B%5D=NG,2026-09-25T20:09:03Z,
eia930:ERCO,demand_mw,2026-09-22T05:00:00Z,61538,MW,PT1H,US-TX,,,eia:electricity/rto/region-data,https://api.eia.gov/v2/electricity/rto/region-data/data/?api_key=REDACTED&frequency=hourly&data%5B0%5D=value&start=2026-09-22T01&end=2026-09-25T00&sort%5B0%5D%5Bcolumn%5D=period&sort%5B0%5D%5Bdirection%5D=asc&sort%5B1%5D%5Bcolumn%5D=respondent&sort%5B1%5D%5Bdirection%5D=asc&offset=0&length=5000&facets%5Brespondent%5D%5B%5D=CISO&facets%5Brespondent%5D%5B%5D=ERCO&facets%5Brespondent%5D%5B%5D=ISNE&facets%5Brespondent%5D%5B%5D=MISO&facets%5Brespondent%5D%5B%5D=NYIS&facets%5Brespondent%5D%5B%5D=PJM&facets%5Brespondent%5D%5B%5D=SWPP&facets%5Brespondent%5D%5B%5D=US48&facets%5Btype%5D%5B%5D=D&facets%5Btype%5D%5B%5D=DF&facets%5Btype%5D%5B%5D=NG,2026-09-25T20:09:03Z,
eia930:ERCO,demand_mw,2026-09-22T06:00:00Z,58767,MW,PT1H,US-TX,,,eia:electricity/rto/region-data,https://api.eia.gov/v2/electricity/rto/region-data/data/?api_key=REDACTED&frequency=hourly&data%5B0%5D=value&start=2026-09-22T01&end=2026-09-25T00&sort%5B0%5D%5Bcolumn%5D=period&sort%5B0%5D%5Bdirection%5D=asc&sort%5B1%5D%5Bcolumn%5D=respondent&sort%5B1%5D%5Bdirection%5D=asc&offset=0&length=5000&facets%5Brespondent%5D%5B%5D=CISO&facets%5Brespondent%5D%5B%5D=ERCO&facets%5Brespondent%5D%5B%5D=ISNE&facets%5Brespondent%5D%5B%5D=MISO&facets%5Brespondent%5D%5B%5D=NYIS&facets%5Brespondent%5D%5B%5D=PJM&facets%5Brespondent%5D%5B%5D=SWPP&facets%5Brespondent%5D%5B%5D=US48&facets%5Btype%5D%5B%5D=D&facets%5Btype%5D%5B%5D=DF&facets%5Btype%5D%5B%5D=NG,2026-09-25T20:09:03Z,
eia930:ERCO,demand_mw,2026-09-22T07:00:00Z,56664,MW,PT1H,US-TX,,,eia:electricity/rto/region-data,https://api.eia.gov/v2/electricity/rto/region-data/data/?api_key=REDACTED&frequency=hourly&data%5B0%5D=value&start=2026-09-22T01&end=2026-09-25T00&sort%5B0%5D%5Bcolumn%5D=period&sort%5B0%5D%5Bdirection%5D=asc&sort%5B1%5D%5Bcolumn%5D=respondent&sort%5B1%5D%5Bdirection%5D=asc&offset=0&length=5000&facets%5Brespondent%5D%5B%5D=CISO&facets%5Brespondent%5D%5B%5D=ERCO&facets%5Brespondent%5D%5B%5D=ISNE&facets%5Brespondent%5D%5B%5D=MISO&facets%5Brespondent%5D%5B%5D=NYIS&facets%5Brespondent%5D%5B%5D=PJM&facets%5Brespondent%5D%5B%5D=SWPP&facets%5Brespondent%5D%5B%5D=US48&facets%5Btype%5D%5B%5D=D&facets%5Btype%5D%5B%5D=DF&facets%5Btype%5D%5B%5D=NG,2026-09-25T20:09:03Z,
eia930:ERCO,demand_mw,2026-09-22T08:00:00Z,55478,MW,PT1H,US-TX,,,eia:electricity/rto/region-data,https://api.eia.gov/v2/electricity/rto/region-data/data/?api_key=REDACTED&frequency=hourly&data%5B0%5D=value&start=2026-09-22T01&end=2026-09-25T00&sort%5B0%5D%5Bcolumn%5D=period&sort%5B0%5D%5Bdirection%5D=asc&sort%5B1%5D%5Bcolumn%5D=respondent&sort%5B1%5D%5Bdirection%5D=asc&offset=0&length=5000&facets%5Brespondent%5D%5B%5D=CISO&facets%5Brespondent%5D%5B%5D=ERCO&facets%5Brespondent%5D%5B%5D=ISNE&facets%5Brespondent%5D%5B%5D=MISO&facets%5Brespondent%5D%5B%5D=NYIS&facets%5Brespondent%5D%5B%5D=PJM&facets%5Brespondent%5D%5B%5D=SWPP&facets%5Brespondent%5D%5B%5D=US48&facets%5Btype%5D%5B%5D=D&facets%5Btype%5D%5B%5D=DF&facets%5Btype%5D%5B%5D=NG,2026-09-25T20:09:03Z,
eia930:ERCO,demand_mw,2026-09-22T09:00:00Z,55485,MW,PT1H,US-TX,,,eia:electricity/rto/region-data,https://api.eia.gov/v2/electricity/rto/region-data/data/?api_key=REDACTED&frequency=hourly&data%5B0%5D=value&start=2026-09-22T01&end=2026-09-25T00&sort%5B0%5D%5Bcolumn%5D=period&sort%5B0%5D%5Bdirection%5D=asc&sort%5B1%5D%5Bcolumn%5D=respondent&sort%5B1%5D%5Bdirection%5D=asc&offset=0&length=5000&facets%5Brespondent%5D%5B%5D=CISO&facets%5Brespondent%5D%5B%5D=ERCO&facets%5Brespondent%5D%5B%5D=ISNE&facets%5Brespondent%5D%5B%5D=MISO&facets%5Brespondent%5D%5B%5D=NYIS&facets%5Brespondent%5D%5B%5D=PJM&facets%5Brespondent%5D%5B%5D=SWPP&facets%5Brespondent%5D%5B%5D=US48&facets%5Btype%5D%5B%5D=D&facets%5Btype%5D%5B%5D=DF&facets%5Btype%5D%5B%5D=NG,2026-09-25T20:09:03Z,
eia930:ERCO,demand_mw,2026-09-22T10:00:00Z,56489,MW,PT1H,US-TX,,,eia:electricity/rto/region-data,https://api.eia.gov/v2/electricity/rto/region-data/data/?api_key=REDACTED&frequency=hourly&data%5B0%5D=value&start=2026-09-22T01&end=2026-09-25T00&sort%5B0%5D%5Bcolumn%5D=period&sort%5B0%5D%5Bdirection%5D=asc&sort%5B1%5D%5Bcolumn%5D=respondent&sort%5B1%5D%5Bdirection%5D=asc&offset=0&length=5000&facets%5Brespondent%5D%5B%5D=CISO&facets%5Brespondent%5D%5B%5D=ERCO&facets%5Brespondent%5D%5B%5D=ISNE&facets%5Brespondent%5D%5B%5D=MISO&facets%5Brespondent%5D%5B%5D=NYIS&facets%5Brespondent%5D%5B%5D=PJM&facets%5Brespondent%5D%5B%5D=SWPP&facets%5Brespondent%5D%5B%5D=US48&facets%5Btype%5D%5B%5D=D&facets%5Btype%5D%5B%5D=DF&facets%5Btype%5D%5B%5D=NG,2026-09-25T20:09:03Z,
eia930:ERCO,demand_mw,2026-09-22T11:00:00Z,58428,MW,PT1H,US-TX,,,eia:electricity/rto/region-data,https://api.eia.gov/v2/electricity/rto/region-data/data/?api_key=REDACTED&frequency=hourly&data%5B0%5D=value&start=2026-09-22T01&end=2026-09-25T00&sort%5B0%5D%5Bcolumn%5D=period&sort%5B0%5D%5Bdirection%5D=asc&sort%5B1%5D%5Bcolumn%5D=respondent&sort%5B1%5D%5Bdirection%5D=asc&offset=0&length=5000&facets%5Brespondent%5D%5B%5D=CISO&facets%5Brespondent%5D%5B%5D=ERCO&facets%5Brespondent%5D%5B%5D=ISNE&facets%5Brespondent%5D%5B%5D=MISO&facets%5Brespondent%5D%5B%5D=NYIS&facets%5Brespondent%5D%5B%5D=PJM&facets%5Brespondent%5D%5B%5D=SWPP&facets%5Brespondent%5D%5B%5D=US48&facets%5Btype%5D%5B%5D=D&facets%5Btype%5D%5B%5D=DF&facets%5Btype%5D%5B%5D=NG,2026-09-25T20:09:03Z,
eia930:ERCO,demand_mw,2026-09-22T12:00:00Z,58638,MW,PT1H,US-TX,,,eia:electricity/rto/region-data,https://api.eia.gov/v2/electricity/rto/region-data/data/?api_key=REDACTED&frequency=hourly&data%5B0%5D=value&start=2026-09-22T01&end=2026-09-25T00&sort%5B0%5D%5Bcolumn%5D=period&sort%5B0%5D%5Bdirection%5D=asc&sort%5B1%5D%5Bcolumn%5D=respondent&sort%5B1%5D%5Bdirection%5D=asc&offset=0&length=5000&facets%5Brespondent%5D%5B%5D=CISO&facets%5Brespondent%5D%5B%5D=ERCO&facets%5Brespondent%5D%5B%5D=ISNE&facets%5Brespondent%5D%5B%5D=MISO&facets%5Brespondent%5D%5B%5D=NYIS&facets%5Brespondent%5D%5B%5D=PJM&facets%5Brespondent%5D%5B%5D=SWPP&facets%5Brespondent%5D%5B%5D=US48&facets%5Btype%5D%5B%5D=D&facets%5Btype%5D%5B%5D=DF&facets%5Btype%5D%5B%5D=NG,2026-09-25T20:09:03Z,
eia930:ERCO,demand_mw,2026-09-22T13:00:00Z,60157,MW,PT1H,US-TX,,,eia:electricity/rto/region-data,https://api.eia.gov/v2/electricity/rto/region-data/data/?api_key=REDACTED&frequency=hourly&data%5B0%5D=value&start=2026-09-22T01&end=2026-09-25T00&sort%5B0%5D%5Bcolumn%5D=period&sort%5B0%5D%5Bdirection%5D=asc&sort%5B1%5D%5Bcolumn%5D=respondent&sort%5B1%5D%5Bdirection%5D=asc&offset=0&length=5000&facets%5Brespondent%5D%5B%5D=CISO&facets%5Brespondent%5D%5B%5D=ERCO&facets%5Brespondent%5D%5B%5D=ISNE&facets%5Brespondent%5D%5B%5D=MISO&facets%5Brespondent%5D%5B%5D=NYIS&facets%5Brespondent%5D%5B%5D=PJM&facets%5Brespondent%5D%5B%5D=SWPP&facets%5Brespondent%5D%5B%5D=US48&facets%5Btype%5D%5B%5D=D&facets%5Btype%5D%5B%5D=DF&facets%5Btype%5D%5B%5D=NG,2026-09-25T20:09:03Z,
eia930:ERCO,demand_mw,2026-09-22T14:00:00Z,63909,MW,PT1H,US-TX,,,eia:electricity/rto/region-data,https://api.eia.gov/v2/electricity/rto/region-data/data/?api_key=REDACTED&frequency=hourly&data%5B0%5D=value&start=2026-09-22T01&end=2026-09-25T00&sort%5B0%5D%5Bcolumn%5D=period&sort%5B0%5D%5Bdirection%5D=asc&sort%5B1%5D%5Bcolumn%5D=respondent&sort%5B1%5D%5Bdirection%5D=asc&offset=0&length=5000&facets%5Brespondent%5D%5B%5D=CISO&facets%5Brespondent%5D%5B%5D=ERCO&facets%5Brespondent%5D%5B%5D=ISNE&facets%5Brespondent%5D%5B%5D=MISO&facets%5Brespondent%5D%5B%5D=NYIS&facets%5Brespondent%5D%5B%5D=PJM&facets%5Brespondent%5D%5B%5D=SWPP&facets%5Brespondent%5D%5B%5D=US48&facets%5Btype%5D%5B%5D=D&facets%5Btype%5D%5B%5D=DF&facets%5Btype%5D%5B%5D=NG,2026-09-25T20:09:03Z,
eia930:ERCO,demand_mw,2026-09-22T15:00:00Z,67977,MW,PT1H,US-TX,,,eia:electricity/rto/region-data,https://api.eia.gov/v2/electricity/rto/region-data/data/?api_key=REDACTED&frequency=hourly&data%5B0%5D=value&start=2026-09-22T01&end=2026-09-25T00&sort%5B0%5D%5Bcolumn%5D=period&sort%5B0%5D%5Bdirection%5D=asc&sort%5B1%5D%5Bcolumn%5D=respondent&sort%5B1%5D%5Bdirection%5D=asc&offset=0&length=5000&facets%5Brespondent%5D%5B%5D=CISO&facets%5Brespondent%5D%5B%5D=ERCO&facets%5Brespondent%5D%5B%5D=ISNE&facets%5Brespondent%5D%5B%5D=MISO&facets%5Brespondent%5D%5B%5D=NYIS&facets%5Brespondent%5D%5B%5D=PJM&facets%5Brespondent%5D%5B%5D=SWPP&facets%5Brespondent%5D%5B%5D=US48&facets%5Btype%5D%5B%5D=D&facets%5Btype%5D%5B%5D=DF&facets%5Btype%5D%5B%5D=NG,2026-09-25T20:09:03Z,
eia930:ERCO,demand_mw,2026-09-22T16:00:00Z,72409,MW,PT1H,US-TX,,,eia:electricity/rto/region-data,https://api.eia.gov/v2/electricity/rto/region-data/data/?api_key=REDACTED&frequency=hourly&data%5B0%5D=value&start=2026-09-22T01&end=2026-09-25T00&sort%5B0%5D%5Bcolumn%5D=period&sort%5B0%5D%5Bdirection%5D=asc&sort%5B1%5D%5Bcolumn%5D=respondent&sort%5B1%5D%5Bdirection%5D=asc&offset=0&length=5000&facets%5Brespondent%5D%5B%5D=CISO&facets%5Brespondent%5D%5B%5D=ERCO&facets%5Brespondent%5D%5B%5D=ISNE&facets%5Brespondent%5D%5B%5D=MISO&facets%5Brespondent%5D%5B%5D=NYIS&facets%5Brespondent%5D%5B%5D=PJM&facets%5Brespondent%5D%5B%5D=SWPP&facets%5Brespondent%5D%5B%5D=US48&facets%5Btype%5D%5B%5D=D&facets%5Btype%5D%5B%5D=DF&facets%5Btype%5D%5B%5D=NG,2026-09-25T20:09:03Z,
eia930:ERCO,demand_mw,2026-09-22T17:00:00Z,76680,MW,PT1H,US-TX,,,eia:electricity/rto/region-data,https://api.eia.gov/v2/electricity/rto/region-data/data/?api_key=REDACTED&frequency=hourly&data%5B0%5D=value&start=2026-09-22T01&end=2026-09-25T00&sort%5B0%5D%5Bcolumn%5D=period&sort%5B0%5D%5Bdirection%5D=asc&sort%5B1%5D%5Bcolumn%5D=respondent&sort%5B1%5D%5Bdirection%5D=asc&offset=0&length=5000&facets%5Brespondent%5D%5B%5D=CISO&facets%5Brespondent%5D%5B%5D=ERCO&facets%5Brespondent%5D%5B%5D=ISNE&facets%5Brespondent%5D%5B%5D=MISO&facets%5Brespondent%5D%5B%5D=NYIS&facets%5Brespondent%5D%5B%5D=PJM&facets%5Brespondent%5D%5B%5D=SWPP&facets%5Brespondent%5D%5B%5D=US48&facets%5Btype%5D%5B%5D=D&facets%5Btype%5D%5B%5D=DF&facets%5Btype%5D%5B%5D=NG,2026-09-25T20:09:03Z,
eia930:ERCO,demand_mw,2026-09-22T18:00:00Z,80691,MW,PT1H,US-TX,,,eia:electricity/rto/region-data,https://api.eia.gov/v2/electricity/rto/region-data/data/?api_key=REDACTED&frequency=hourly&data%5B0%5D=value&start=2026-09-22T01&end=2026-09-25T00&sort%5B0%5D%5Bcolumn%5D=period&sort%5B0%5D%5Bdirection%5D=asc&sort%5B1%5D%5Bcolumn%5D=respondent&sort%5B1%5D%5Bdirection%5D=asc&offset=0&length=5000&facets%5Brespondent%5D%5B%5D=CISO&facets%5Brespondent%5D%5B%5D=ERCO&facets%5Brespondent%5D%5B%5D=ISNE&facets%5Brespondent%5D%5B%5D=MISO&facets%5Brespondent%5D%5B%5D=NYIS&facets%5Brespondent%5D%5B%5D=PJM&facets%5Brespondent%5D%5B%5D=SWPP&facets%5Brespondent%5D%5B%5D=US48&facets%5Btype%5D%5B%5D=D&facets%5Btype%5D%5B%5D=DF&facets%5Btype%5D%5B%5D=NG,2026-09-25T20:09:03Z,
eia930:ERCO,demand_mw,2026-09-22T19:00:00Z,83684,MW,PT1H,US-TX,,,eia:electricity/rto/region-data,https://api.eia.gov/v2/electricity/rto/region-data/data/?api_key=REDACTED&frequency=hourly&data%5B0%5D=value&start=2026-09-22T01&end=2026-09-25T00&sort%5B0%5D%5Bcolumn%5D=period&sort%5B0%5D%5Bdirection%5D=asc&sort%5B1%5D%5Bcolumn%5D=respondent&sort%5B1%5D%5Bdirection%5D=asc&offset=0&length=5000&facets%5Brespondent%5D%5B%5D=CISO&facets%5Brespondent%5D%5B%5D=ERCO&facets%5Brespondent%5D%5B%5D=ISNE&facets%5Brespondent%5D%5B%5D=MISO&facets%5Brespondent%5D%5B%5D=NYIS&facets%5Brespondent%5D%5B%5D=PJM&facets%5Brespondent%5D%5B%5D=SWPP&facets%5Brespondent%5D%5B%5D=US48&facets%5Btype%5D%5B%5D=D&facets%5Btype%5D%5B%5D=DF&facets%5Btype%5D%5B%5D=NG,2026-09-25T20:09:03Z,
eia930:ERCO,demand_mw,2026-09-22T20:00:00Z,85253,MW,PT1H,US-TX,,,eia:electricity/rto/region-data,https://api.eia.gov/v2/electricity/rto/region-data/data/?api_key=REDACTED&frequency=hourly&data%5B0%5D=value&start=2026-09-22T01&end=2026-09-25T00&sort%5B0%5D%5Bcolumn%5D=period&sort%5B0%5D%5Bdirection%5D=asc&sort%5B1%5D%5Bcolumn%5D=respondent&sort%5B1%5D%5Bdirection%5D=asc&offset=0&length=5000&facets%5Brespondent%5D%5B%5D=CISO&facets%5Brespondent%5D%5B%5D=ERCO&facets%5Brespondent%5D%5B%5D=ISNE&facets%5Brespondent%5D%5B%5D=MISO&facets%5Brespondent%5D%5B%5D=NYIS&facets%5Brespondent%5D%5B%5D=PJM&facets%5Brespondent%5D%5B%5D=SWPP&facets%5Brespondent%5D%5B%5D=US48&facets%5Btype%5D%5B%5D=D&facets%5Btype%5D%5B%5D=DF&facets%5Btype%5D%5B%5D=NG,2026-09-25T20:09:03Z,
eia930:ERCO,demand_mw,2026-09-22T21:00:00Z,85290,MW,PT1H,US-TX,,,eia:electricity/rto/region-data,https://api.eia.gov/v2/electricity/rto/region-data/data/?api_key=REDACTED&frequency=hourly&data%5B0%5D=value&start=2026-09-22T01&end=2026-09-25T00&sort%5B0%5D%5Bcolumn%5D=period&sort%5B0%5D%5Bdirection%5D=asc&sort%5B1%5D%5Bcolumn%5D=respondent&sort%5B1%5D%5Bdirection%5D=asc&offset=0&length=5000&facets%5Brespondent%5D%5B%5D=CISO&facets%5Brespondent%5D%5B%5D=ERCO&facets%5Brespondent%5D%5B%5D=ISNE&facets%5Brespondent%5D%5B%5D=MISO&facets%5Brespondent%5D%5B%5D=NYIS&facets%5Brespondent%5D%5B%5D=PJM&facets%5Brespondent%5D%5B%5D=SWPP&facets%5Brespondent%5D%5B%5D=US48&facets%5Btype%5D%5B%5D=D&facets%5Btype%5D%5B%5D=DF&facets%5Btype%5D%5B%5D=NG,2026-09-25T20:09:03Z,
eia930:ERCO,demand_mw,2026-09-22T22:00:00Z,84168,MW,PT1H,US-TX,,,eia:electricity/rto/region-data,https://api.eia.gov/v2/electricity/rto/region-data/data/?api_key=REDACTED&frequency=hourly&data%5B0%5D=value&start=2026-09-22T01&end=2026-09-25T00&sort%5B0%5D%5Bcolumn%5D=period&sort%5B0%5D%5Bdirection%5D=asc&sort%5B1%5D%5Bcolumn%5D=respondent&sort%5B1%5D%5Bdirection%5D=asc&offset=0&length=5000&facets%5Brespondent%5D%5B%5D=CISO&facets%5Brespondent%5D%5B%5D=ERCO&facets%5Brespondent%5D%5B%5D=ISNE&facets%5Brespondent%5D%5B%5D=MISO&facets%5Brespondent%5D%5B%5D=NYIS&facets%5Brespondent%5D%5B%5D=PJM&facets%5Brespondent%5D%5B%5D=SWPP&facets%5Brespondent%5D%5B%5D=US48&facets%5Btype%5D%5B%5D=D&facets%5Btype%5D%5B%5D=DF&facets%5Btype%5D%5B%5D=NG,2026-09-25T20:09:03Z,
eia930:ERCO,demand_mw,2026-09-22T23:00:00Z,81221,MW,PT1H,US-TX,,,eia:electricity/rto/region-data,https://api.eia.gov/v2/electricity/rto/region-data/data/?api_key=REDACTED&frequency=hourly&data%5B0%5D=value&start=2026-09-22T01&end=2026-09-25T00&sort%5B0%5D%5Bcolumn%5D=period&sort%5B0%5D%5Bdirection%5D=asc&sort%5B1%5D%5Bcolumn%5D=respondent&sort%5B1%5D%5Bdirection%5D=asc&offset=0&length=5000&facets%5Brespondent%5D%5B%5D=CISO&facets%5Brespondent%5D%5B%5D=ERCO&facets%5Brespondent%5D%5B%5D=ISNE&facets%5Brespondent%5D%5B%5D=MISO&facets%5Brespondent%5D%5B%5D=NYIS&facets%5Brespondent%5D%5B%5D=PJM&facets%5Brespondent%5D%5B%5D=SWPP&facets%5Brespondent%5D%5B%5D=US48&facets%5Btype%5D%5B%5D=D&facets%5Btype%5D%5B%5D=DF&facets%5Btype%5D%5B%5D=NG,2026-09-25T20:09:03Z,
eia930:ERCO,demand_mw,2026-09-23T00:00:00Z,78605,MW,PT1H,US-TX,,,eia:electricity/rto/region-data,https://api.eia.gov/v2/electricity/rto/region-data/data/?api_key=REDACTED&frequency=hourly&data%5B0%5D=value&start=2026-09-22T01&end=2026-09-25T00&sort%5B0%5D%5Bcolumn%5D=period&sort%5B0%5D%5Bdirection%5D=asc&sort%5B1%5D%5Bcolumn%5D=respondent&sort%5B1%5D%5Bdirection%5D=asc&offset=0&length=5000&facets%5Brespondent%5D%5B%5D=CISO&facets%5Brespondent%5D%5B%5D=ERCO&facets%5Brespondent%5D%5B%5D=ISNE&facets%5Brespondent%5D%5B%5D=MISO&facets%5Brespondent%5D%5B%5D=NYIS&facets%5Brespondent%5D%5B%5D=PJM&facets%5Brespondent%5D%5B%5D=SWPP&facets%5Brespondent%5D%5B%5D=US48&facets%5Btype%5D%5B%5D=D&facets%5Btype%5D%5B%5D=DF&facets%5Btype%5D%5B%5D=NG,2026-09-25T20:09:03Z,
eia930:ERCO,demand_mw,2026-09-23T01:00:00Z,76192,MW,PT1H,US-TX,,,eia:electricity/rto/region-data,https://api.eia.gov/v2/electricity/rto/region-data/data/?api_key=REDACTED&frequency=hourly&data%5B0%5D=value&start=2026-09-22T01&end=2026-09-25T00&sort%5B0%5D%5Bcolumn%5D=period&sort%5B0%5D%5Bdirection%5D=asc&sort%5B1%5D%5Bcolumn%5D=respondent&sort%5B1%5D%5Bdirection%5D=asc&offset=0&length=5000&facets%5Brespondent%5D%5B%5D=CISO&facets%5Brespondent%5D%5B%5D=ERCO&facets%5Brespondent%5D%5B%5D=ISNE&facets%5Brespondent%5D%5B%5D=MISO&facets%5Brespondent%5D%5B%5D=NYIS&facets%5Brespondent%5D%5B%5D=PJM&facets%5Brespondent%5D%5B%5D=SWPP&facets%5Brespondent%5D%5B%5D=US48&facets%5Btype%5D%5B%5D=D&facets%5Btype%5D%5B%5D=DF&facets%5Btype%5D%5B%5D=NG,2026-09-25T20:09:03Z,
eia930:ERCO,demand_mw,2026-09-23T02:00:00Z,71984,MW,PT1H,US-TX,,,eia:electricity/rto/region-data,https://api.eia.gov/v2/electricity/rto/region-data/data/?api_key=REDACTED&frequency=hourly&data%5B0%5D=value&start=2026-09-22T01&end=2026-09-25T00&sort%5B0%5D%5Bcolumn%5D=period&sort%5B0%5D%5Bdirection%5D=asc&sort%5B1%5D%5Bcolumn%5D=respondent&sort%5B1%5D%5Bdirection%5D=asc&offset=0&length=5000&facets%5Brespondent%5D%5B%5D=CISO&facets%5Brespondent%5D%5B%5D=ERCO&facets%5Brespondent%5D%5B%5D=ISNE&facets%5Brespondent%5D%5B%5D=MISO&facets%5Brespondent%5D%5B%5D=NYIS&facets%5Brespondent%5D%5B%5D=PJM&facets%5Brespondent%5D%5B%5D=SWPP&facets%5Brespondent%5D%5B%5D=US48&facets%5Btype%5D%5B%5D=D&facets%5Btype%5D%5B%5D=DF&facets%5Btype%5D%5B%5D=NG,2026-09-25T20:09:03Z,
eia930:ERCO,demand_mw,2026-09-23T03:00:00Z,67994,MW,PT1H,US-TX,,,eia:electricity/rto/region-data,https://api.eia.gov/v2/electricity/rto/region-data/data/?api_key=REDACTED&frequency=hourly&data%5B0%5D=value&start=2026-09-22T01&end=2026-09-25T00&sort%5B0%5D%5Bcolumn%5D=period&sort%5B0%5D%5Bdirection%5D=asc&sort%5B1%5D%5Bcolumn%5D=respondent&sort%5B1%5D%5Bdirection%5D=asc&offset=0&length=5000&facets%5Brespondent%5D%5B%5D=CISO&facets%5Brespondent%5D%5B%5D=ERCO&facets%5Brespondent%5D%5B%5D=ISNE&facets%5Brespondent%5D%5B%5D=MISO&facets%5Brespondent%5D%5B%5D=NYIS&facets%5Brespondent%5D%5B%5D=PJM&facets%5Brespondent%5D%5B%5D=SWPP&facets%5Brespondent%5D%5B%5D=US48&facets%5Btype%5D%5B%5D=D&facets%5Btype%5D%5B%5D=DF&facets%5Btype%5D%5B%5D=NG,2026-09-25T20:09:03Z,
eia930:ERCO,demand_mw,2026-09-23T04:00:00Z,64802,MW,PT1H,US-TX,,,eia:electricity/rto/region-data,https://api.eia.gov/v2/electricity/rto/region-data/data/?api_key=REDACTED&frequency=hourly&data%5B0%5D=value&start=2026-09-22T01&end=2026-09-25T00&sort%5B0%5D%5Bcolumn%5D=period&sort%5B0%5D%5Bdirection%5D=asc&sort%5B1%5D%5Bcolumn%5D=respondent&sort%5B1%5D%5Bdirection%5D=asc&offset=0&length=5000&facets%5Brespondent%5D%5B%5D=CISO&facets%5Brespondent%5D%5B%5D=ERCO&facets%5Brespondent%5D%5B%5D=ISNE&facets%5Brespondent%5D%5B%5D=MISO&facets%5Brespondent%5D%5B%5D=NYIS&facets%5Brespondent%5D%5B%5D=PJM&facets%5Brespondent%5D%5B%5D=SWPP&facets%5Brespondent%5D%5B%5D=US48&facets%5Btype%5D%5B%5D=D&facets%5Btype%5D%5B%5D=DF&facets%5Btype%5D%5B%5D=NG,2026-09-25T20:09:03Z,
eia930:ERCO,demand_mw,2026-09-23T05:00:00Z,62261,MW,PT1H,US-TX,,,eia:electricity/rto/region-data,https://api.eia.gov/v2/electricity/rto/region-data/data/?api_key=REDACTED&frequency=hourly&data%5B0%5D=value&start=2026-09-22T01&end=2026-09-25T00&sort%5B0%5D%5Bcolumn%5D=period&sort%5B0%5D%5Bdirection%5D=asc&sort%5B1%5D%5Bcolumn%5D=respondent&sort%5B1%5D%5Bdirection%5D=asc&offset=0&length=5000&facets%5Brespondent%5D%5B%5D=CISO&facets%5Brespondent%5D%5B%5D=ERCO&facets%5Brespondent%5D%5B%5D=ISNE&facets%5Brespondent%5D%5B%5D=MISO&facets%5Brespondent%5D%5B%5D=NYIS&facets%5Brespondent%5D%5B%5D=PJM&facets%5Brespondent%5D%5B%5D=SWPP&facets%5Brespondent%5D%5B%5D=US48&facets%5Btype%5D%5B%5D=D&facets%5Btype%5D%5B%5D=DF&facets%5Btype%5D%5B%5D=NG,2026-09-25T20:09:03Z,
eia930:ERCO,demand_mw,2026-09-23T06:00:00Z,59916,MW,PT1H,US-TX,,,eia:electricity/rto/region-data,https://api.eia.gov/v2/electricity/rto/region-data/data/?api_key=REDACTED&frequency=hourly&data%5B0%5D=value&start=2026-09-22T01&end=2026-09-25T00&sort%5B0%5D%5Bcolumn%5D=period&sort%5B0%5D%5Bdirection%5D=asc&sort%5B1%5D%5Bcolumn%5D=respondent&sort%5B1%5D%5Bdirection%5D=asc&offset=0&length=5000&facets%5Brespondent%5D%5B%5D=CISO&facets%5Brespondent%5D%5B%5D=ERCO&facets%5Brespondent%5D%5B%5D=ISNE&facets%5Brespondent%5D%5B%5D=MISO&facets%5Brespondent%5D%5B%5D=NYIS&facets%5Brespondent%5D%5B%5D=PJM&facets%5Brespondent%5D%5B%5D=SWPP&facets%5Brespondent%5D%5B%5D=US48&facets%5Btype%5D%5B%5D=D&facets%5Btype%5D%5B%5D=DF&facets%5Btype%5D%5B%5D=NG,2026-09-25T20:09:03Z,
eia930:ERCO,demand_mw,2026-09-23T07:00:00Z,57915,MW,PT1H,US-TX,,,eia:electricity/rto/region-data,https://api.eia.gov/v2/electricity/rto/region-data/data/?api_key=REDACTED&frequency=hourly&data%5B0%5D=value&start=2026-09-22T01&end=2026-09-25T00&sort%5B0%5D%5Bcolumn%5D=period&sort%5B0%5D%5Bdirection%5D=asc&sort%5B1%5D%5Bcolumn%5D=respondent&sort%5B1%5D%5Bdirection%5D=asc&offset=0&length=5000&facets%5Brespondent%5D%5B%5D=CISO&facets%5Brespondent%5D%5B%5D=ERCO&facets%5Brespondent%5D%5B%5D=ISNE&facets%5Brespondent%5D%5B%5D=MISO&facets%5Brespondent%5D%5B%5D=NYIS&facets%5Brespondent%5D%5B%5D=PJM&facets%5Brespondent%5D%5B%5D=SWPP&facets%5Brespondent%5D%5B%5D=US48&facets%5Btype%5D%5B%5D=D&facets%5Btype%5D%5B%5D=DF&facets%5Btype%5D%5B%5D=NG,2026-09-25T20:09:03Z,
eia930:ERCO,demand_mw,2026-09-23T08:00:00Z,56448,MW,PT1H,US-TX,,,eia:electricity/rto/region-data,https://api.eia.gov/v2/electricity/rto/region-data/data/?api_key=REDACTED&frequency=hourly&data%5B0%5D=value&start=2026-09-22T01&end=2026-09-25T00&sort%5B0%5D%5Bcolumn%5D=period&sort%5B0%5D%5Bdirection%5D=asc&sort%5B1%5D%5Bcolumn%5D=respondent&sort%5B1%5D%5Bdirection%5D=asc&offset=0&length=5000&facets%5Brespondent%5D%5B%5D=CISO&facets%5Brespondent%5D%5B%5D=ERCO&facets%5Brespondent%5D%5B%5D=ISNE&facets%5Brespondent%5D%5B%5D=MISO&facets%5Brespondent%5D%5B%5D=NYIS&facets%5Brespondent%5D%5B%5D=PJM&facets%5Brespondent%5D%5B%5D=SWPP&facets%5Brespondent%5D%5B%5D=US48&facets%5Btype%5D%5B%5D=D&facets%5Btype%5D%5B%5D=DF&facets%5Btype%5D%5B%5D=NG,2026-09-25T20:09:03Z,
eia930:ERCO,demand_mw,2026-09-23T09:00:00Z,56079,MW,PT1H,US-TX,,,eia:electricity/rto/region-data,https://api.eia.gov/v2/electricity/rto/region-data/data/?api_key=REDACTED&frequency=hourly&data%5B0%5D=value&start=2026-09-22T01&end=2026-09-25T00&sort%5B0%5D%5Bcolumn%5D=period&sort%5B0%5D%5Bdirection%5D=asc&sort%5B1%5D%5Bcolumn%5D=respondent&sort%5B1%5D%5Bdirection%5D=asc&offset=0&length=5000&facets%5Brespondent%5D%5B%5D=CISO&facets%5Brespondent%5D%5B%5D=ERCO&facets%5Brespondent%5D%5B%5D=ISNE&facets%5Brespondent%5D%5B%5D=MISO&facets%5Brespondent%5D%5B%5D=NYIS&facets%5Brespondent%5D%5B%5D=PJM&facets%5Brespondent%5D%5B%5D=SWPP&facets%5Brespondent%5D%5B%5D=US48&facets%5Btype%5D%5B%5D=D&facets%5Btype%5D%5B%5D=DF&facets%5Btype%5D%5B%5D=NG,2026-09-25T20:09:03Z,
eia930:ERCO,demand_mw,2026-09-23T10:00:00Z,56886,MW,PT1H,US-TX,,,eia:electricity/rto/region-data,https://api.eia.gov/v2/electricity/rto/region-data/data/?api_key=REDACTED&frequency=hourly&data%5B0%5D=value&start=2026-09-22T01&end=2026-09-25T00&sort%5B0%5D%5Bcolumn%5D=period&sort%5B0%5D%5Bdirection%5D=asc&sort%5B1%5D%5Bcolumn%5D=respondent&sort%5B1%5D%5Bdirection%5D=asc&offset=0&length=5000&facets%5Brespondent%5D%5B%5D=CISO&facets%5Brespondent%5D%5B%5D=ERCO&facets%5Brespondent%5D%5B%5D=ISNE&facets%5Brespondent%5D%5B%5D=MISO&facets%5Brespondent%5D%5B%5D=NYIS&facets%5Brespondent%5D%5B%5D=PJM&facets%5Brespondent%5D%5B%5D=SWPP&facets%5Brespondent%5D%5B%5D=US48&facets%5Btype%5D%5B%5D=D&facets%5Btype%5D%5B%5D=DF&facets%5Btype%5D%5B%5D=NG,2026-09-25T20:09:03Z,
eia930:ERCO,demand_mw,2026-09-23T11:00:00Z,58677,MW,PT1H,US-TX,,,eia:electricity/rto/region-data,https://api.eia.gov/v2/electricity/rto/region-data/data/?api_key=REDACTED&frequency=hourly&data%5B0%5D=value&start=2026-09-22T01&end=2026-09-25T00&sort%5B0%5D%5Bcolumn%5D=period&sort%5B0%5D%5Bdirection%5D=asc&sort%5B1%5D%5Bcolumn%5D=respondent&sort%5B1%5D%5Bdirection%5D=asc&offset=0&length=5000&facets%5Brespondent%5D%5B%5D=CISO&facets%5Brespondent%5D%5B%5D=ERCO&facets%5Brespondent%5D%5B%5D=ISNE&facets%5Brespondent%5D%5B%5D=MISO&facets%5Brespondent%5D%5B%5D=NYIS&facets%5Brespondent%5D%5B%5D=PJM&facets%5Brespondent%5D%5B%5D=SWPP&facets%5Brespondent%5D%5B%5D=US48&facets%5Btype%5D%5B%5D=D&facets%5Btype%5D%5B%5D=DF&facets%5Btype%5D%5B%5D=NG,2026-09-25T20:09:03Z,
eia930:ERCO,demand_mw,2026-09-23T12:00:00Z,58885,MW,PT1H,US-TX,,,eia:electricity/rto/region-data,https://api.eia.gov/v2/electricity/rto/region-data/data/?api_key=REDACTED&frequency=hourly&data%5B0%5D=value&start=2026-09-22T01&end=2026-09-25T00&sort%5B0%5D%5Bcolumn%5D=period&sort%5B0%5D%5Bdirection%5D=asc&sort%5B1%5D%5Bcolumn%5D=respondent&sort%5B1%5D%5Bdirection%5D=asc&offset=0&length=5000&facets%5Brespondent%5D%5B%5D=CISO&facets%5Brespondent%5D%5B%5D=ERCO&facets%5Brespondent%5D%5B%5D=ISNE&facets%5Brespondent%5D%5B%5D=MISO&facets%5Brespondent%5D%5B%5D=NYIS&facets%5Brespondent%5D%5B%5D=PJM&facets%5Brespondent%5D%5B%5D=SWPP&facets%5Brespondent%5D%5B%5D=US48&facets%5Btype%5D%5B%5D=D&facets%5Btype%5D%5B%5D=DF&facets%5Btype%5D%5B%5D=NG,2026-09-25T20:09:03Z,
eia930:ERCO,demand_mw,2026-09-23T13:00:00Z,60491,MW,PT1H,US-TX,,,eia:electricity/rto/region-data,https://api.eia.gov/v2/electricity/rto/region-data/data/?api_key=REDACTED&frequency=hourly&data%5B0%5D=value&start=2026-09-22T01&end=2026-09-25T00&sort%5B0%5D%5Bcolumn%5D=period&sort%5B0%5D%5Bdirection%5D=asc&sort%5B1%5D%5Bcolumn%5D=respondent&sort%5B1%5D%5Bdirection%5D=asc&offset=0&length=5000&facets%5Brespondent%5D%5B%5D=CISO&facets%5Brespondent%5D%5B%5D=ERCO&facets%5Brespondent%5D%5B%5D=ISNE&facets%5Brespondent%5D%5B%5D=MISO&facets%5Brespondent%5D%5B%5D=NYIS&facets%5Brespondent%5D%5B%5D=PJM&facets%5Brespondent%5D%5B%5D=SWPP&facets%5Brespondent%5D%5B%5D=US48&facets%5Btype%5D%5B%5D=D&facets%5Btype%5D%5B%5D=DF&facets%5Btype%5D%5B%5D=NG,2026-09-25T20:09:03Z,
eia930:ERCO,demand_mw,2026-09-23T14:00:00Z,63960,MW,PT1H,US-TX,,,eia:electricity/rto/region-data,https://api.eia.gov/v2/electricity/rto/region-data/data/?api_key=REDACTED&frequency=hourly&data%5B0%5D=value&start=2026-09-22T01&end=2026-09-25T00&sort%5B0%5D%5Bcolumn%5D=period&sort%5B0%5D%5Bdirection%5D=asc&sort%5B1%5D%5Bcolumn%5D=respondent&sort%5B1%5D%5Bdirection%5D=asc&offset=0&length=5000&facets%5Brespondent%5D%5B%5D=CISO&facets%5Brespondent%5D%5B%5D=ERCO&facets%5Brespondent%5D%5B%5D=ISNE&facets%5Brespondent%5D%5B%5D=MISO&facets%5Brespondent%5D%5B%5D=NYIS&facets%5Brespondent%5D%5B%5D=PJM&facets%5Brespondent%5D%5B%5D=SWPP&facets%5Brespondent%5D%5B%5D=US48&facets%5Btype%5D%5B%5D=D&facets%5Btype%5D%5B%5D=DF&facets%5Btype%5D%5B%5D=NG,2026-09-25T20:09:03Z,
eia930:ERCO,demand_mw,2026-09-23T15:00:00Z,68342,MW,PT1H,US-TX,,,eia:electricity/rto/region-data,https://api.eia.gov/v2/electricity/rto/region-data/data/?api_key=REDACTED&frequency=hourly&data%5B0%5D=value&start=2026-09-22T01&end=2026-09-25T00&sort%5B0%5D%5Bcolumn%5D=period&sort%5B0%5D%5Bdirection%5D=asc&sort%5B1%5D%5Bcolumn%5D=respondent&sort%5B1%5D%5Bdirection%5D=asc&offset=0&length=5000&facets%5Brespondent%5D%5B%5D=CISO&facets%5Brespondent%5D%5B%5D=ERCO&facets%5Brespondent%5D%5B%5D=ISNE&facets%5Brespondent%5D%5B%5D=MISO&facets%5Brespondent%5D%5B%5D=NYIS&facets%5Brespondent%5D%5B%5D=PJM&facets%5Brespondent%5D%5B%5D=SWPP&facets%5Brespondent%5D%5B%5D=US48&facets%5Btype%5D%5B%5D=D&facets%5Btype%5D%5B%5D=DF&facets%5Btype%5D%5B%5D=NG,2026-09-25T20:09:03Z,
eia930:ERCO,demand_mw,2026-09-23T16:00:00Z,72809,MW,PT1H,US-TX,,,eia:electricity/rto/region-data,https://api.eia.gov/v2/electricity/rto/region-data/data/?api_key=REDACTED&frequency=hourly&data%5B0%5D=value&start=2026-09-22T01&end=2026-09-25T00&sort%5B0%5D%5Bcolumn%5D=period&sort%5B0%5D%5Bdirection%5D=asc&sort%5B1%5D%5Bcolumn%5D=respondent&sort%5B1%5D%5Bdirection%5D=asc&offset=0&length=5000&facets%5Brespondent%5D%5B%5D=CISO&facets%5Brespondent%5D%5B%5D=ERCO&facets%5Brespondent%5D%5B%5D=ISNE&facets%5Brespondent%5D%5B%5D=MISO&facets%5Brespondent%5D%5B%5D=NYIS&facets%5Brespondent%5D%5B%5D=PJM&facets%5Brespondent%5D%5B%5D=SWPP&facets%5Brespondent%5D%5B%5D=US48&facets%5Btype%5D%5B%5D=D&facets%5Btype%5D%5B%5D=DF&facets%5Btype%5D%5B%5D=NG,2026-09-25T20:09:03Z,
eia930:ERCO,demand_mw,2026-09-23T17:00:00Z,77161,MW,PT1H,US-TX,,,eia:electricity/rto/region-data,https://api.eia.gov/v2/electricity/rto/region-data/data/?api_key=REDACTED&frequency=hourly&data%5B0%5D=value&start=2026-09-22T01&end=2026-09-25T00&sort%5B0%5D%5Bcolumn%5D=period&sort%5B0%5D%5Bdirection%5D=asc&sort%5B1%5D%5Bcolumn%5D=respondent&sort%5B1%5D%5Bdirection%5D=asc&offset=0&length=5000&facets%5Brespondent%5D%5B%5D=CISO&facets%5Brespondent%5D%5B%5D=ERCO&facets%5Brespondent%5D%5B%5D=ISNE&facets%5Brespondent%5D%5B%5D=MISO&facets%5Brespondent%5D%5B%5D=NYIS&facets%5Brespondent%5D%5B%5D=PJM&facets%5Brespondent%5D%5B%5D=SWPP&facets%5Brespondent%5D%5B%5D=US48&facets%5Btype%5D%5B%5D=D&facets%5Btype%5D%5B%5D=DF&facets%5Btype%5D%5B%5D=NG,2026-09-25T20:09:03Z,
eia930:ERCO,demand_mw,2026-09-23T18:00:00Z,80967,MW,PT1H,US-TX,,,eia:electricity/rto/region-data,https://api.eia.gov/v2/electricity/rto/region-data/data/?api_key=REDACTED&frequency=hourly&data%5B0%5D=value&start=2026-09-22T01&end=2026-09-25T00&sort%5B0%5D%5Bcolumn%5D=period&sort%5B0%5D%5Bdirection%5D=asc&sort%5B1%5D%5Bcolumn%5D=respondent&sort%5B1%5D%5Bdirection%5D=asc&offset=0&length=5000&facets%5Brespondent%5D%5B%5D=CISO&facets%5Brespondent%5D%5B%5D=ERCO&facets%5Brespondent%5D%5B%5D=ISNE&facets%5Brespondent%5D%5B%5D=MISO&facets%5Brespondent%5D%5B%5D=NYIS&facets%5Brespondent%5D%5B%5D=PJM&facets%5Brespondent%5D%5B%5D=SWPP&facets%5Brespondent%5D%5B%5D=US48&facets%5Btype%5D%5B%5D=D&facets%5Btype%5D%5B%5D=DF&facets%5Btype%5D%5B%5D=NG,2026-09-25T20:09:03Z,
eia930:ERCO,demand_mw,2026-09-23T19:00:00Z,83291,MW,PT1H,US-TX,,,eia:electricity/rto/region-data,https://api.eia.gov/v2/electricity/rto/region-data/data/?api_key=REDACTED&frequency=hourly&data%5B0%5D=value&start=2026-09-22T01&end=2026-09-25T00&sort%5B0%5D%5Bcolumn%5D=period&sort%5B0%5D%5Bdirection%5D=asc&sort%5B1%5D%5Bcolumn%5D=respondent&sort%5B1%5D%5Bdirection%5D=asc&offset=0&length=5000&facets%5Brespondent%5D%5B%5D=CISO&facets%5Brespondent%5D%5B%5D=ERCO&facets%5Brespondent%5D%5B%5D=ISNE&facets%5Brespondent%5D%5B%5D=MISO&facets%5Brespondent%5D%5B%5D=NYIS&facets%5Brespondent%5D%5B%5D=PJM&facets%5Brespondent%5D%5B%5D=SWPP&facets%5Brespondent%5D%5B%5D=US48&facets%5Btype%5D%5B%5D=D&facets%5Btype%5D%5B%5D=DF&facets%5Btype%5D%5B%5D=NG,2026-09-25T20:09:03Z,
eia930:ERCO,demand_mw,2026-09-23T20:00:00Z,84893,MW,PT1H,US-TX,,,eia:electricity/rto/region-data,https://api.eia.gov/v2/electricity/rto/region-data/data/?api_key=REDACTED&frequency=hourly&data%5B0%5D=value&start=2026-09-22T01&end=2026-09-25T00&sort%5B0%5D%5Bcolumn%5D=period&sort%5B0%5D%5Bdirection%5D=asc&sort%5B1%5D%5Bcolumn%5D=respondent&sort%5B1%5D%5Bdirection%5D=asc&offset=0&length=5000&facets%5Brespondent%5D%5B%5D=CISO&facets%5Brespondent%5D%5B%5D=ERCO&facets%5Brespondent%5D%5B%5D=ISNE&facets%5Brespondent%5D%5B%5D=MISO&facets%5Brespondent%5D%5B%5D=NYIS&facets%5Brespondent%5D%5B%5D=PJM&facets%5Brespondent%5D%5B%5D=SWPP&facets%5Brespondent%5D%5B%5D=US48&facets%5Btype%5D%5B%5D=D&facets%5Btype%5D%5B%5D=DF&facets%5Btype%5D%5B%5D=NG,2026-09-25T20:09:03Z,
eia930:ERCO,demand_mw,2026-09-23T21:00:00Z,85044,MW,PT1H,US-TX,,,eia:electricity/rto/region-data,https://api.eia.gov/v2/electricity/rto/region-data/data/?api_key=REDACTED&frequency=hourly&data%5B0%5D=value&start=2026-09-22T01&end=2026-09-25T00&sort%5B0%5D%5Bcolumn%5D=period&sort%5B0%5D%5Bdirection%5D=asc&sort%5B1%5D%5Bcolumn%5D=respondent&sort%5B1%5D%5Bdirection%5D=asc&offset=0&length=5000&facets%5Brespondent%5D%5B%5D=CISO&facets%5Brespondent%5D%5B%5D=ERCO&facets%5Brespondent%5D%5B%5D=ISNE&facets%5Brespondent%5D%5B%5D=MISO&facets%5Brespondent%5D%5B%5D=NYIS&facets%5Brespondent%5D%5B%5D=PJM&facets%5Brespondent%5D%5B%5D=SWPP&facets%5Brespondent%5D%5B%5D=US48&facets%5Btype%5D%5B%5D=D&facets%5Btype%5D%5B%5D=DF&facets%5Btype%5D%5B%5D=NG,2026-09-25T20:09:03Z,
eia930:ERCO,demand_mw,2026-09-23T22:00:00Z,83472,MW,PT1H,US-TX,,,eia:electricity/rto/region-data,https://api.eia.gov/v2/electricity/rto/region-data/data/?api_key=REDACTED&frequency=hourly&data%5B0%5D=value&start=2026-09-22T01&end=2026-09-25T00&sort%5B0%5D%5Bcolumn%5D=period&sort%5B0%5D%5Bdirection%5D=asc&sort%5B1%5D%5Bcolumn%5D=respondent&sort%5B1%5D%5Bdirection%5D=asc&offset=0&length=5000&facets%5Brespondent%5D%5B%5D=CISO&facets%5Brespondent%5D%5B%5D=ERCO&facets%5Brespondent%5D%5B%5D=ISNE&facets%5Brespondent%5D%5B%5D=MISO&facets%5Brespondent%5D%5B%5D=NYIS&facets%5Brespondent%5D%5B%5D=PJM&facets%5Brespondent%5D%5B%5D=SWPP&facets%5Brespondent%5D%5B%5D=US48&facets%5Btype%5D%5B%5D=D&facets%5Btype%5D%5B%5D=DF&facets%5Btype%5D%5B%5D=NG,2026-09-25T20:09:03Z,
eia930:ERCO,demand_mw,2026-09-23T23:00:00Z,80323,MW,PT1H,US-TX,,,eia:electricity/rto/region-data,https://api.eia.gov/v2/electricity/rto/region-data/data/?api_key=REDACTED&frequency=hourly&data%5B0%5D=value&start=2026-09-22T01&end=2026-09-25T00&sort%5B0%5D%5Bcolumn%5D=period&sort%5B0%5D%5Bdirection%5D=asc&sort%5B1%5D%5Bcolumn%5D=respondent&sort%5B1%5D%5Bdirection%5D=asc&offset=0&length=5000&facets%5Brespondent%5D%5B%5D=CISO&facets%5Brespondent%5D%5B%5D=ERCO&facets%5Brespondent%5D%5B%5D=ISNE&facets%5Brespondent%5D%5B%5D=MISO&facets%5Brespondent%5D%5B%5D=NYIS&facets%5Brespondent%5D%5B%5D=PJM&facets%5Brespondent%5D%5B%5D=SWPP&facets%5Brespondent%5D%5B%5D=US48&facets%5Btype%5D%5B%5D=D&facets%5Btype%5D%5B%5D=DF&facets%5Btype%5D%5B%5D=NG,2026-09-25T20:09:03Z,
eia930:ERCO,demand_mw,2026-09-24T00:00:00Z,77951,MW,PT1H,US-TX,,,eia:electricity/rto/region-data,https://api.eia.gov/v2/electricity/rto/region-data/data/?api_key=REDACTED&frequency=hourly&data%5B0%5D=value&start=2026-09-22T01&end=2026-09-25T00&sort%5B0%5D%5Bcolumn%5D=period&sort%5B0%5D%5Bdirection%5D=asc&sort%5B1%5D%5Bcolumn%5D=respondent&sort%5B1%5D%5Bdirection%5D=asc&offset=0&length=5000&facets%5Brespondent%5D%5B%5D=CISO&facets%5Brespondent%5D%5B%5D=ERCO&facets%5Brespondent%5D%5B%5D=ISNE&facets%5Brespondent%5D%5B%5D=MISO&facets%5Brespondent%5D%5B%5D=NYIS&facets%5Brespondent%5D%5B%5D=PJM&facets%5Brespondent%5D%5B%5D=SWPP&facets%5Brespondent%5D%5B%5D=US48&facets%5Btype%5D%5B%5D=D&facets%5Btype%5D%5B%5D=DF&facets%5Btype%5D%5B%5D=NG,2026-09-25T20:09:03Z,
eia930:ERCO,demand_mw,2026-09-24T01:00:00Z,75679,MW,PT1H,US-TX,,,eia:electricity/rto/region-data,https://api.eia.gov/v2/electricity/rto/region-data/data/?api_key=REDACTED&frequency=hourly&data%5B0%5D=value&start=2026-09-22T01&end=2026-09-25T00&sort%5B0%5D%5Bcolumn%5D=period&sort%5B0%5D%5Bdirection%5D=asc&sort%5B1%5D%5Bcolumn%5D=respondent&sort%5B1%5D%5Bdirection%5D=asc&offset=0&length=5000&facets%5Brespondent%5D%5B%5D=CISO&facets%5Brespondent%5D%5B%5D=ERCO&facets%5Brespondent%5D%5B%5D=ISNE&facets%5Brespondent%5D%5B%5D=MISO&facets%5Brespondent%5D%5B%5D=NYIS&facets%5Brespondent%5D%5B%5D=PJM&facets%5Brespondent%5D%5B%5D=SWPP&facets%5Brespondent%5D%5B%5D=US48&facets%5Btype%5D%5B%5D=D&facets%5Btype%5D%5B%5D=DF&facets%5Btype%5D%5B%5D=NG,2026-09-25T20:09:03Z,
eia930:ERCO,demand_mw,2026-09-24T02:00:00Z,72685,MW,PT1H,US-TX,,,eia:electricity/rto/region-data,https://api.eia.gov/v2/electricity/rto/region-data/data/?api_key=REDACTED&frequency=hourly&data%5B0%5D=value&start=2026-09-22T01&end=2026-09-25T00&sort%5B0%5D%5Bcolumn%5D=period&sort%5B0%5D%5Bdirection%5D=asc&sort%5B1%5D%5Bcolumn%5D=respondent&sort%5B1%5D%5Bdirection%5D=asc&offset=0&length=5000&facets%5Brespondent%5D%5B%5D=CISO&facets%5Brespondent%5D%5B%5D=ERCO&facets%5Brespondent%5D%5B%5D=ISNE&facets%5Brespondent%5D%5B%5D=MISO&facets%5Brespondent%5D%5B%5D=NYIS&facets%5Brespondent%5D%5B%5D=PJM&facets%5Brespondent%5D%5B%5D=SWPP&facets%5Brespondent%5D%5B%5D=US48&facets%5Btype%5D%5B%5D=D&facets%5Btype%5D%5B%5D=DF&facets%5Btype%5D%5B%5D=NG,2026-09-25T20:09:03Z,
eia930:ERCO,demand_mw,2026-09-24T03:00:00Z,68740,MW,PT1H,US-TX,,,eia:electricity/rto/region-data,https://api.eia.gov/v2/electricity/rto/region-data/data/?api_key=REDACTED&frequency=hourly&data%5B0%5D=value&start=2026-09-22T01&end=2026-09-25T00&sort%5B0%5D%5Bcolumn%5D=period&sort%5B0%5D%5Bdirection%5D=asc&sort%5B1%5D%5Bcolumn%5D=respondent&sort%5B1%5D%5Bdirection%5D=asc&offset=0&length=5000&facets%5Brespondent%5D%5B%5D=CISO&facets%5Brespondent%5D%5B%5D=ERCO&facets%5Brespondent%5D%5B%5D=ISNE&facets%5Brespondent%5D%5B%5D=MISO&facets%5Brespondent%5D%5B%5D=NYIS&facets%5Brespondent%5D%5B%5D=PJM&facets%5Brespondent%5D%5B%5D=SWPP&facets%5Brespondent%5D%5B%5D=US48&facets%5Btype%5D%5B%5D=D&facets%5Btype%5D%5B%5D=DF&facets%5Btype%5D%5B%5D=NG,2026-09-25T20:09:03Z,
eia930:ERCO,demand_mw,2026-09-24T04:00:00Z,64962,MW,PT1H,US-TX,,,eia:electricity/rto/region-data,https://api.eia.gov/v2/electricity/rto/region-data/data/?api_key=REDACTED&frequency=hourly&data%5B0%5D=value&start=2026-09-22T01&end=2026-09-25T00&sort%5B0%5D%5Bcolumn%5D=period&sort%5B0%5D%5Bdirection%5D=asc&sort%5B1%5D%5Bcolumn%5D=respondent&sort%5B1%5D%5Bdirection%5D=asc&offset=0&length=5000&facets%5Brespondent%5D%5B%5D=CISO&facets%5Brespondent%5D%5B%5D=ERCO&facets%5Brespondent%5D%5B%5D=ISNE&facets%5Brespondent%5D%5B%5D=MISO&facets%5Brespondent%5D%5B%5D=NYIS&facets%5Brespondent%5D%5B%5D=PJM&facets%5Brespondent%5D%5B%5D=SWPP&facets%5Brespondent%5D%5B%5D=US48&facets%5Btype%5D%5B%5D=D&facets%5Btype%5D%5B%5D=DF&facets%5Btype%5D%5B%5D=NG,2026-09-25T20:09:03Z,
eia930:ERCO,demand_mw,2026-09-24T05:00:00Z,61776,MW,PT1H,US-TX,,,eia:electricity/rto/region-data,https://api.eia.gov/v2/electricity/rto/region-data/data/?api_key=REDACTED&frequency=hourly&data%5B0%5D=value&start=2026-09-22T01&end=2026-09-25T00&sort%5B0%5D%5Bcolumn%5D=period&sort%5B0%5D%5Bdirection%5D=asc&sort%5B1%5D%5Bcolumn%5D=respondent&sort%5B1%5D%5Bdirection%5D=asc&offset=0&length=5000&facets%5Brespondent%5D%5B%5D=CISO&facets%5Brespondent%5D%5B%5D=ERCO&facets%5Brespondent%5D%5B%5D=ISNE&facets%5Brespondent%5D%5B%5D=MISO&facets%5Brespondent%5D%5B%5D=NYIS&facets%5Brespondent%5D%5B%5D=PJM&facets%5Brespondent%5D%5B%5D=SWPP&facets%5Brespondent%5D%5B%5D=US48&facets%5Btype%5D%5B%5D=D&facets%5Btype%5D%5B%5D=DF&facets%5Btype%5D%5B%5D=NG,2026-09-25T20:09:03Z,
eia930:ERCO,demand_mw,2026-09-24T06:00:00Z,59346,MW,PT1H,US-TX,,,eia:electricity/rto/region-data,https://api.eia.gov/v2/electricity/rto/region-data/data/?api_key=REDACTED&frequency=hourly&data%5B0%5D=value&start=2026-09-22T01&end=2026-09-25T00&sort%5B0%5D%5Bcolumn%5D=period&sort%5B0%5D%5Bdirection%5D=asc&sort%5B1%5D%5Bcolumn%5D=respondent&sort%5B1%5D%5Bdirection%5D=asc&offset=0&length=5000&facets%5Brespondent%5D%5B%5D=CISO&facets%5Brespondent%5D%5B%5D=ERCO&facets%5Brespondent%5D%5B%5D=ISNE&facets%5Brespondent%5D%5B%5D=MISO&facets%5Brespondent%5D%5B%5D=NYIS&facets%5Brespondent%5D%5B%5D=PJM&facets%5Brespondent%5D%5B%5D=SWPP&facets%5Brespondent%5D%5B%5D=US48&facets%5Btype%5D%5B%5D=D&facets%5Btype%5D%5B%5D=DF&facets%5Btype%5D%5B%5D=NG,2026-09-25T20:09:03Z,
eia930:ERCO,demand_mw,2026-09-24T07:00:00Z,57501,MW,PT1H,US-TX,,,eia:electricity/rto/region-data,https://api.eia.gov/v2/electricity/rto/region-data/data/?api_key=REDACTED&frequency=hourly&data%5B0%5D=value&start=2026-09-22T01&end=2026-09-25T00&sort%5B0%5D%5Bcolumn%5D=period&sort%5B0%5D%5Bdirection%5D=asc&sort%5B1%5D%5Bcolumn%5D=respondent&sort%5B1%5D%5Bdirection%5D=asc&offset=0&length=5000&facets%5Brespondent%5D%5B%5D=CISO&facets%5Brespondent%5D%5B%5D=ERCO&facets%5Brespondent%5D%5B%5D=ISNE&facets%5Brespondent%5D%5B%5D=MISO&facets%5Brespondent%5D%5B%5D=NYIS&facets%5Brespondent%5D%5B%5D=PJM&facets%5Brespondent%5D%5B%5D=SWPP&facets%5Brespondent%5D%5B%5D=US48&facets%5Btype%5D%5B%5D=D&facets%5Btype%5D%5B%5D=DF&facets%5Btype%5D%5B%5D=NG,2026-09-25T20:09:03Z,
eia930:ERCO,demand_mw,2026-09-24T08:00:00Z,56327,MW,PT1H,US-TX,,,eia:electricity/rto/region-data,https://api.eia.gov/v2/electricity/rto/region-data/data/?api_key=REDACTED&frequency=hourly&data%5B0%5D=value&start=2026-09-22T01&end=2026-09-25T00&sort%5B0%5D%5Bcolumn%5D=period&sort%5B0%5D%5Bdirection%5D=asc&sort%5B1%5D%5Bcolumn%5D=respondent&sort%5B1%5D%5Bdirection%5D=asc&offset=0&length=5000&facets%5Brespondent%5D%5B%5D=CISO&facets%5Brespondent%5D%5B%5D=ERCO&facets%5Brespondent%5D%5B%5D=ISNE&facets%5Brespondent%5D%5B%5D=MISO&facets%5Brespondent%5D%5B%5D=NYIS&facets%5Brespondent%5D%5B%5D=PJM&facets%5Brespondent%5D%5B%5D=SWPP&facets%5Brespondent%5D%5B%5D=US48&facets%5Btype%5D%5B%5D=D&facets%5Btype%5D%5B%5D=DF&facets%5Btype%5D%5B%5D=NG,2026-09-25T20:09:03Z,
eia930:ERCO,demand_mw,2026-09-24T09:00:00Z,56099,MW,PT1H,US-TX,,,eia:electricity/rto/region-data,https://api.eia.gov/v2/electricity/rto/region-data/data/?api_key=REDACTED&frequency=hourly&data%5B0%5D=value&start=2026-09-22T01&end=2026-09-25T00&sort%5B0%5D%5Bcolumn%5D=period&sort%5B0%5D%5Bdirection%5D=asc&sort%5B1%5D%5Bcolumn%5D=respondent&sort%5B1%5D%5Bdirection%5D=asc&offset=0&length=5000&facets%5Brespondent%5D%5B%5D=CISO&facets%5Brespondent%5D%5B%5D=ERCO&facets%5Brespondent%5D%5B%5D=ISNE&facets%5Brespondent%5D%5B%5D=MISO&facets%5Brespondent%5D%5B%5D=NYIS&facets%5Brespondent%5D%5B%5D=PJM&facets%5Brespondent%5D%5B%5D=SWPP&facets%5Brespondent%5D%5B%5D=US48&facets%5Btype%5D%5B%5D=D&facets%5Btype%5D%5B%5D=DF&facets%5Btype%5D%5B%5D=NG,2026-09-25T20:09:03Z,
eia930:ERCO,demand_mw,2026-09-24T10:00:00Z,57054,MW,PT1H,US-TX,,,eia:electricity/rto/region-data,https://api.eia.gov/v2/electricity/rto/region-data/data/?api_key=REDACTED&frequency=hourly&data%5B0%5D=value&start=2026-09-22T01&end=2026-09-25T00&sort%5B0%5D%5Bcolumn%5D=period&sort%5B0%5D%5Bdirection%5D=asc&sort%5B1%5D%5Bcolumn%5D=respondent&sort%5B1%5D%5Bdirection%5D=asc&offset=0&length=5000&facets%5Brespondent%5D%5B%5D=CISO&facets%5Brespondent%5D%5B%5D=ERCO&facets%5Brespondent%5D%5B%5D=ISNE&facets%5Brespondent%5D%5B%5D=MISO&facets%5Brespondent%5D%5B%5D=NYIS&facets%5Brespondent%5D%5B%5D=PJM&facets%5Brespondent%5D%5B%5D=SWPP&facets%5Brespondent%5D%5B%5D=US48&facets%5Btype%5D%5B%5D=D&facets%5Btype%5D%5B%5D=DF&facets%5Btype%5D%5B%5D=NG,2026-09-25T20:09:03Z,
eia930:ERCO,demand_mw,2026-09-24T11:00:00Z,58890,MW,PT1H,US-TX,,,eia:electricity/rto/region-data,https://api.eia.gov/v2/electricity/rto/region-data/data/?api_key=REDACTED&frequency=hourly&data%5B0%5D=value&start=2026-09-22T01&end=2026-09-25T00&sort%5B0%5D%5Bcolumn%5D=period&sort%5B0%5D%5Bdirection%5D=asc&sort%5B1%5D%5Bcolumn%5D=respondent&sort%5B1%5D%5Bdirection%5D=asc&offset=0&length=5000&facets%5Brespondent%5D%5B%5D=CISO&facets%5Brespondent%5D%5B%5D=ERCO&facets%5Brespondent%5D%5B%5D=ISNE&facets%5Brespondent%5D%5B%5D=MISO&facets%5Brespondent%5D%5B%5D=NYIS&facets%5Brespondent%5D%5B%5D=PJM&facets%5Brespondent%5D%5B%5D=SWPP&facets%5Brespondent%5D%5B%5D=US48&facets%5Btype%5D%5B%5D=D&facets%5Btype%5D%5B%5D=DF&facets%5Btype%5D%5B%5D=NG,2026-09-25T20:09:03Z,
eia930:ERCO,demand_mw,2026-09-24T12:00:00Z,59089,MW,PT1H,US-TX,,,eia:electricity/rto/region-data,https://api.eia.gov/v2/electricity/rto/region-data/data/?api_key=REDACTED&frequency=hourly&data%5B0%5D=value&start=2026-09-22T01&end=2026-09-25T00&sort%5B0%5D%5Bcolumn%5D=period&sort%5B0%5D%5Bdirection%5D=asc&sort%5B1%5D%5Bcolumn%5D=respondent&sort%5B1%5D%5Bdirection%5D=asc&offset=0&length=5000&facets%5Brespondent%5D%5B%5D=CISO&facets%5Brespondent%5D%5B%5D=ERCO&facets%5Brespondent%5D%5B%5D=ISNE&facets%5Brespondent%5D%5B%5D=MISO&facets%5Brespondent%5D%5B%5D=NYIS&facets%5Brespondent%5D%5B%5D=PJM&facets%5Brespondent%5D%5B%5D=SWPP&facets%5Brespondent%5D%5B%5D=US48&facets%5Btype%5D%5B%5D=D&facets%5Btype%5D%5B%5D=DF&facets%5Btype%5D%5B%5D=NG,2026-09-25T20:09:03Z,
eia930:ERCO,demand_mw,2026-09-24T13:00:00Z,60316,MW,PT1H,US-TX,,,eia:electricity/rto/region-data,https://api.eia.gov/v2/electricity/rto/region-data/data/?api_key=REDACTED&frequency=hourly&data%5B0%5D=value&start=2026-09-22T01&end=2026-09-25T00&sort%5B0%5D%5Bcolumn%5D=period&sort%5B0%5D%5Bdirection%5D=asc&sort%5B1%5D%5Bcolumn%5D=respondent&sort%5B1%5D%5Bdirection%5D=asc&offset=0&length=5000&facets%5Brespondent%5D%5B%5D=CISO&facets%5Brespondent%5D%5B%5D=ERCO&facets%5Brespondent%5D%5B%5D=ISNE&facets%5Brespondent%5D%5B%5D=MISO&facets%5Brespondent%5D%5B%5D=NYIS&facets%5Brespondent%5D%5B%5D=PJM&facets%5Brespondent%5D%5B%5D=SWPP&facets%5Brespondent%5D%5B%5D=US48&facets%5Btype%5D%5B%5D=D&facets%5Btype%5D%5B%5D=DF&facets%5Btype%5D%5B%5D=NG,2026-09-25T20:09:03Z,
eia930:ERCO,demand_mw,2026-09-24T14:00:00Z,63284,MW,PT1H,US-TX,,,eia:electricity/rto/region-data,https://api.eia.gov/v2/electricity/rto/region-data/data/?api_key=REDACTED&frequency=hourly&data%5B0%5D=value&start=2026-09-22T01&end=2026-09-25T00&sort%5B0%5D%5Bcolumn%5D=period&sort%5B0%5D%5Bdirection%5D=asc&sort%5B1%5D%5Bcolumn%5D=respondent&sort%5B1%5D%5Bdirection%5D=asc&offset=0&length=5000&facets%5Brespondent%5D%5B%5D=CISO&facets%5Brespondent%5D%5B%5D=ERCO&facets%5Brespondent%5D%5B%5D=ISNE&facets%5Brespondent%5D%5B%5D=MISO&facets%5Brespondent%5D%5B%5D=NYIS&facets%5Brespondent%5D%5B%5D=PJM&facets%5Brespondent%5D%5B%5D=SWPP&facets%5Brespondent%5D%5B%5D=US48&facets%5Btype%5D%5B%5D=D&facets%5Btype%5D%5B%5D=DF&facets%5Btype%5D%5B%5D=NG,2026-09-25T20:09:03Z,
eia930:ERCO,demand_mw,2026-09-24T15:00:00Z,66788,MW,PT1H,US-TX,,,eia:electricity/rto/region-data,https://api.eia.gov/v2/electricity/rto/region-data/data/?api_key=REDACTED&frequency=hourly&data%5B0%5D=value&start=2026-09-22T01&end=2026-09-25T00&sort%5B0%5D%5Bcolumn%5D=period&sort%5B0%5D%5Bdirection%5D=asc&sort%5B1%5D%5Bcolumn%5D=respondent&sort%5B1%5D%5Bdirection%5D=asc&offset=0&length=5000&facets%5Brespondent%5D%5B%5D=CISO&facets%5Brespondent%5D%5B%5D=ERCO&facets%5Brespondent%5D%5B%5D=ISNE&facets%5Brespondent%5D%5B%5D=MISO&facets%5Brespondent%5D%5B%5D=NYIS&facets%5Brespondent%5D%5B%5D=PJM&facets%5Brespondent%5D%5B%5D=SWPP&facets%5Brespondent%5D%5B%5D=US48&facets%5Btype%5D%5B%5D=D&facets%5Btype%5D%5B%5D=DF&facets%5Btype%5D%5B%5D=NG,2026-09-25T20:09:03Z,
eia930:ERCO,demand_mw,2026-09-24T16:00:00Z,70594,MW,PT1H,US-TX,,,eia:electricity/rto/region-data,https://api.eia.gov/v2/electricity/rto/region-data/data/?api_key=REDACTED&frequency=hourly&data%5B0%5D=value&start=2026-09-22T01&end=2026-09-25T00&sort%5B0%5D%5Bcolumn%5D=period&sort%5B0%5D%5Bdirection%5D=asc&sort%5B1%5D%5Bcolumn%5D=respondent&sort%5B1%5D%5Bdirection%5D=asc&offset=0&length=5000&facets%5Brespondent%5D%5B%5D=CISO&facets%5Brespondent%5D%5B%5D=ERCO&facets%5Brespondent%5D%5B%5D=ISNE&facets%5Brespondent%5D%5B%5D=MISO&facets%5Brespondent%5D%5B%5D=NYIS&facets%5Brespondent%5D%5B%5D=PJM&facets%5Brespondent%5D%5B%5D=SWPP&facets%5Brespondent%5D%5B%5D=US48&facets%5Btype%5D%5B%5D=D&facets%5Btype%5D%5B%5D=DF&facets%5Btype%5D%5B%5D=NG,2026-09-25T20:09:03Z,
eia930:ERCO,demand_mw,2026-09-24T17:00:00Z,74471,MW,PT1H,US-TX,,,eia:electricity/rto/region-data,https://api.eia.gov/v2/electricity/rto/region-data/data/?api_key=REDACTED&frequency=hourly&data%5B0%5D=value&start=2026-09-22T01&end=2026-09-25T00&sort%5B0%5D%5Bcolumn%5D=period&sort%5B0%5D%5Bdirection%5D=asc&sort%5B1%5D%5Bcolumn%5D=respondent&sort%5B1%5D%5Bdirection%5D=asc&offset=0&length=5000&facets%5Brespondent%5D%5B%5D=CISO&facets%5Brespondent%5D%5B%5D=ERCO&facets%5Brespondent%5D%5B%5D=ISNE&facets%5Brespondent%5D%5B%5D=MISO&facets%5Brespondent%5D%5B%5D=NYIS&facets%5Brespondent%5D%5B%5D=PJM&facets%5Brespondent%5D%5B%5D=SWPP&facets%5Brespondent%5D%5B%5D=US48&facets%5Btype%5D%5B%5D=D&facets%5Btype%5D%5B%5D=DF&facets%5Btype%5D%5B%5D=NG,2026-09-25T20:09:03Z,
eia930:ERCO,demand_mw,2026-09-24T18:00:00Z,77898,MW,PT1H,US-TX,,,eia:electricity/rto/region-data,https://api.eia.gov/v2/electricity/rto/region-data/data/?api_key=REDACTED&frequency=hourly&data%5B0%5D=value&start=2026-09-22T01&end=2026-09-25T00&sort%5B0%5D%5Bcolumn%5D=period&sort%5B0%5D%5Bdirection%5D=asc&sort%5B1%5D%5Bcolumn%5D=respondent&sort%5B1%5D%5Bdirection%5D=asc&offset=0&length=5000&facets%5Brespondent%5D%5B%5D=CISO&facets%5Brespondent%5D%5B%5D=ERCO&facets%5Brespondent%5D%5B%5D=ISNE&facets%5Brespondent%5D%5B%5D=MISO&facets%5Brespondent%5D%5B%5D=NYIS&facets%5Brespondent%5D%5B%5D=PJM&facets%5Brespondent%5D%5B%5D=SWPP&facets%5Brespondent%5D%5B%5D=US48&facets%5Btype%5D%5B%5D=D&facets%5Btype%5D%5B%5D=DF&facets%5Btype%5D%5B%5D=NG,2026-09-25T20:09:03Z,
eia930:ERCO,demand_mw,2026-09-24T19:00:00Z,80618,MW,PT1H,US-TX,,,eia:electricity/rto/region-data,https://api.eia.gov/v2/electricity/rto/region-data/data/?api_key=REDACTED&frequency=hourly&data%5B0%5D=value&start=2026-09-22T01&end=2026-09-25T00&sort%5B0%5D%5Bcolumn%5D=period&sort%5B0%5D%5Bdirection%5D=asc&sort%5B1%5D%5Bcolumn%5D=respondent&sort%5B1%5D%5Bdirection%5D=asc&offset=0&length=5000&facets%5Brespondent%5D%5B%5D=CISO&facets%5Brespondent%5D%5B%5D=ERCO&facets%5Brespondent%5D%5B%5D=ISNE&facets%5Brespondent%5D%5B%5D=MISO&facets%5Brespondent%5D%5B%5D=NYIS&facets%5Brespondent%5D%5B%5D=PJM&facets%5Brespondent%5D%5B%5D=SWPP&facets%5Brespondent%5D%5B%5D=US48&facets%5Btype%5D%5B%5D=D&facets%5Btype%5D%5B%5D=DF&facets%5Btype%5D%5B%5D=NG,2026-09-25T20:09:03Z,
eia930:ERCO,demand_mw,2026-09-24T20:00:00Z,82361,MW,PT1H,US-TX,,,eia:electricity/rto/region-data,https://api.eia.gov/v2/electricity/rto/region-data/data/?api_key=REDACTED&frequency=hourly&data%5B0%5D=value&start=2026-09-22T01&end=2026-09-25T00&sort%5B0%5D%5Bcolumn%5D=period&sort%5B0%5D%5Bdirection%5D=asc&sort%5B1%5D%5Bcolumn%5D=respondent&sort%5B1%5D%5Bdirection%5D=asc&offset=0&length=5000&facets%5Brespondent%5D%5B%5D=CISO&facets%5Brespondent%5D%5B%5D=ERCO&facets%5Brespondent%5D%5B%5D=ISNE&facets%5Brespondent%5D%5B%5D=MISO&facets%5Brespondent%5D%5B%5D=NYIS&facets%5Brespondent%5D%5B%5D=PJM&facets%5Brespondent%5D%5B%5D=SWPP&facets%5Brespondent%5D%5B%5D=US48&facets%5Btype%5D%5B%5D=D&facets%5Btype%5D%5B%5D=DF&facets%5Btype%5D%5B%5D=NG,2026-09-25T20:09:03Z,
eia930:ERCO,demand_mw,2026-09-24T21:00:00Z,83438,MW,PT1H,US-TX,,,eia:electricity/rto/region-data,https://api.eia.gov/v2/electricity/rto/region-data/data/?api_key=REDACTED&frequency=hourly&data%5B0%5D=value&start=2026-09-22T01&end=2026-09-25T00&sort%5B0%5D%5Bcolumn%5D=period&sort%5B0%5D%5Bdirection%5D=asc&sort%5B1%5D%5Bcolumn%5D=respondent&sort%5B1%5D%5Bdirection%5D=asc&offset=0&length=5000&facets%5Brespondent%5D%5B%5D=CISO&facets%5Brespondent%5D%5B%5D=ERCO&facets%5Brespondent%5D%5B%5D=ISNE&facets%5Brespondent%5D%5B%5D=MISO&facets%5Brespondent%5D%5B%5D=NYIS&facets%5Brespondent%5D%5B%5D=PJM&facets%5Brespondent%5D%5B%5D=SWPP&facets%5Brespondent%5D%5B%5D=US48&facets%5Btype%5D%5B%5D=D&facets%5Btype%5D%5B%5D=DF&facets%5Btype%5D%5B%5D=NG,2026-09-25T20:09:03Z,
eia930:ERCO,demand_mw,2026-09-24T22:00:00Z,82582,MW,PT1H,US-TX,,,eia:electricity/rto/region-data,https://api.eia.gov/v2/electricity/rto/region-data/data/?api_key=REDACTED&frequency=hourly&data%5B0%5D=value&start=2026-09-22T01&end=2026-09-25T00&sort%5B0%5D%5Bcolumn%5D=period&sort%5B0%5D%5Bdirection%5D=asc&sort%5B1%5D%5Bcolumn%5D=respondent&sort%5B1%5D%5Bdirection%5D=asc&offset=0&length=5000&facets%5Brespondent%5D%5B%5D=CISO&facets%5Brespondent%5D%5B%5D=ERCO&facets%5Brespondent%5D%5B%5D=ISNE&facets%5Brespondent%5D%5B%5D=MISO&facets%5Brespondent%5D%5B%5D=NYIS&facets%5Brespondent%5D%5B%5D=PJM&facets%5Brespondent%5D%5B%5D=SWPP&facets%5Brespondent%5D%5B%5D=US48&facets%5Btype%5D%5B%5D=D&facets%5Btype%5D%5B%5D=DF&facets%5Btype%5D%5B%5D=NG,2026-09-25T20:09:03Z,
eia930:ERCO,demand_mw,2026-09-24T23:00:00Z,79811,MW,PT1H,US-TX,,,eia:electricity/rto/region-data,https://api.eia.gov/v2/electricity/rto/region-data/data/?api_key=REDACTED&frequency=hourly&data%5B0%5D=value&start=2026-09-22T01&end=2026-09-25T00&sort%5B0%5D%5Bcolumn%5D=period&sort%5B0%5D%5Bdirection%5D=asc&sort%5B1%5D%5Bcolumn%5D=respondent&sort%5B1%5D%5Bdirection%5D=asc&offset=0&length=5000&facets%5Brespondent%5D%5B%5D=CISO&facets%5Brespondent%5D%5B%5D=ERCO&facets%5Brespondent%5D%5B%5D=ISNE&facets%5Brespondent%5D%5B%5D=MISO&facets%5Brespondent%5D%5B%5D=NYIS&facets%5Brespondent%5D%5B%5D=PJM&facets%5Brespondent%5D%5B%5D=SWPP&facets%5Brespondent%5D%5B%5D=US48&facets%5Btype%5D%5B%5D=D&facets%5Btype%5D%5B%5D=DF&facets%5Btype%5D%5B%5D=NG,2026-09-25T20:09:03Z,
