# Energy Research Warehouse (ERW): EIA-930 hourly demand and day-ahead demand forecast, NYIS
# Shape: series (docs/datastandard.md v0). Units: MW. ts_utc is interval start, UTC (EIA's hourly period is the hour END; one hour is subtracted).
# Window: 3 complete UTC days, [2026-09-22T00:00:00Z, 2026-09-25T00:00:00Z)
# Retrieved: 20260925T200855Z (UTC) by warehouse/connectors/eia930.py via the EIA API v2
# Run log: warehouse/output/logs/eia930_20260925T200855Z.log (every API request, key removed)
# Raw files: warehouse/raw/eia930/20260925T200855Z/ (not in git; manifest.csv lists each file and URL)
# Source: eia:electricity/rto/region-data Form EIA-930, Hourly Electric Grid Monitor: hourly demand, day-ahead demand forecast, net generation and interchange by balancing authority, https://www.eia.gov/electricity/gridmonitor/
#   document list: https://api.eia.gov/v2/electricity/rto/region-data/
# Respondent NYIS. Variables: demand_forecast_mw, demand_mw. vintage is empty: EIA does not publish a release time per value, and EIA-930 values are revised; the latest retrieval replaces earlier ones.
# File holds 144 rows, 2026-09-22T00:00:00Z to 2026-09-24T23:00:00Z. This run wrote 144 rows: 144 new, 0 replacing earlier rows with the same (entity, variable, ts_utc); 0 rows are kept from earlier runs. Per row, source, source_url, retrieved_at and vintage say where it came from; earlier run logs are in warehouse/output/logs/.
entity,variable,ts_utc,value,unit,freq,geo,market,node,source,source_url,retrieved_at,vintage
eia930:NYIS,demand_forecast_mw,2026-09-22T00:00:00Z,17249,MW,PT1H,US-NY,,,eia:electricity/rto/region-data,https://api.eia.gov/v2/electricity/rto/region-data/data/?api_key=REDACTED&frequency=hourly&data%5B0%5D=value&start=2026-09-22T01&end=2026-09-25T00&sort%5B0%5D%5Bcolumn%5D=period&sort%5B0%5D%5Bdirection%5D=asc&sort%5B1%5D%5Bcolumn%5D=respondent&sort%5B1%5D%5Bdirection%5D=asc&offset=0&length=5000&facets%5Brespondent%5D%5B%5D=CISO&facets%5Brespondent%5D%5B%5D=ERCO&facets%5Brespondent%5D%5B%5D=ISNE&facets%5Brespondent%5D%5B%5D=MISO&facets%5Brespondent%5D%5B%5D=NYIS&facets%5Brespondent%5D%5B%5D=PJM&facets%5Brespondent%5D%5B%5D=SWPP&facets%5Brespondent%5D%5B%5D=US48&facets%5Btype%5D%5B%5D=D&facets%5Btype%5D%5B%5D=DF&facets%5Btype%5D%5B%5D=NG,2026-09-25T20:09:03Z,
eia930:NYIS,demand_forecast_mw,2026-09-22T01:00:00Z,16436,MW,PT1H,US-NY,,,eia:electricity/rto/region-data,https://api.eia.gov/v2/electricity/rto/region-data/data/?api_key=REDACTED&frequency=hourly&data%5B0%5D=value&start=2026-09-22T01&end=2026-09-25T00&sort%5B0%5D%5Bcolumn%5D=period&sort%5B0%5D%5Bdirection%5D=asc&sort%5B1%5D%5Bcolumn%5D=respondent&sort%5B1%5D%5Bdirection%5D=asc&offset=0&length=5000&facets%5Brespondent%5D%5B%5D=CISO&facets%5Brespondent%5D%5B%5D=ERCO&facets%5Brespondent%5D%5B%5D=ISNE&facets%5Brespondent%5D%5B%5D=MISO&facets%5Brespondent%5D%5B%5D=NYIS&facets%5Brespondent%5D%5B%5D=PJM&facets%5Brespondent%5D%5B%5D=SWPP&facets%5Brespondent%5D%5B%5D=US48&facets%5Btype%5D%5B%5D=D&facets%5Btype%5D%5B%5D=DF&facets%5Btype%5D%5B%5D=NG,2026-09-25T20:09:03Z,
eia930:NYIS,demand_forecast_mw,2026-09-22T02:00:00Z,15489,MW,PT1H,US-NY,,,eia:electricity/rto/region-data,https://api.eia.gov/v2/electricity/rto/region-data/data/?api_key=REDACTED&frequency=hourly&data%5B0%5D=value&start=2026-09-22T01&end=2026-09-25T00&sort%5B0%5D%5Bcolumn%5D=period&sort%5B0%5D%5Bdirection%5D=asc&sort%5B1%5D%5Bcolumn%5D=respondent&sort%5B1%5D%5Bdirection%5D=asc&offset=0&length=5000&facets%5Brespondent%5D%5B%5D=CISO&facets%5Brespondent%5D%5B%5D=ERCO&facets%5Brespondent%5D%5B%5D=ISNE&facets%5Brespondent%5D%5B%5D=MISO&facets%5Brespondent%5D%5B%5D=NYIS&facets%5Brespondent%5D%5B%5D=PJM&facets%5Brespondent%5D%5B%5D=SWPP&facets%5Brespondent%5D%5B%5D=US48&facets%5Btype%5D%5B%5D=D&facets%5Btype%5D%5B%5D=DF&facets%5Btype%5D%5B%5D=NG,2026-09-25T20:09:03Z,
eia930:NYIS,demand_forecast_mw,2026-09-22T03:00:00Z,14542,MW,PT1H,US-NY,,,eia:electricity/rto/region-data,https://api.eia.gov/v2/electricity/rto/region-data/data/?api_key=REDACTED&frequency=hourly&data%5B0%5D=value&start=2026-09-22T01&end=2026-09-25T00&sort%5B0%5D%5Bcolumn%5D=period&sort%5B0%5D%5Bdirection%5D=asc&sort%5B1%5D%5Bcolumn%5D=respondent&sort%5B1%5D%5Bdirection%5D=asc&offset=0&length=5000&facets%5Brespondent%5D%5B%5D=CISO&facets%5Brespondent%5D%5B%5D=ERCO&facets%5Brespondent%5D%5B%5D=ISNE&facets%5Brespondent%5D%5B%5D=MISO&facets%5Brespondent%5D%5B%5D=NYIS&facets%5Brespondent%5D%5B%5D=PJM&facets%5Brespondent%5D%5B%5D=SWPP&facets%5Brespondent%5D%5B%5D=US48&facets%5Btype%5D%5B%5D=D&facets%5Btype%5D%5B%5D=DF&facets%5Btype%5D%5B%5D=NG,2026-09-25T20:09:03Z,
eia930:NYIS,demand_forecast_mw,2026-09-22T04:00:00Z,13817,MW,PT1H,US-NY,,,eia:electricity/rto/region-data,https://api.eia.gov/v2/electricity/rto/region-data/data/?api_key=REDACTED&frequency=hourly&data%5B0%5D=value&start=2026-09-22T01&end=2026-09-25T00&sort%5B0%5D%5Bcolumn%5D=period&sort%5B0%5D%5Bdirection%5D=asc&sort%5B1%5D%5Bcolumn%5D=respondent&sort%5B1%5D%5Bdirection%5D=asc&offset=0&length=5000&facets%5Brespondent%5D%5B%5D=CISO&facets%5Brespondent%5D%5B%5D=ERCO&facets%5Brespondent%5D%5B%5D=ISNE&facets%5Brespondent%5D%5B%5D=MISO&facets%5Brespondent%5D%5B%5D=NYIS&facets%5Brespondent%5D%5B%5D=PJM&facets%5Brespondent%5D%5B%5D=SWPP&facets%5Brespondent%5D%5B%5D=US48&facets%5Btype%5D%5B%5D=D&facets%5Btype%5D%5B%5D=DF&facets%5Btype%5D%5B%5D=NG,2026-09-25T20:09:03Z,
eia930:NYIS,demand_forecast_mw,2026-09-22T05:00:00Z,13283,MW,PT1H,US-NY,,,eia:electricity/rto/region-data,https://api.eia.gov/v2/electricity/rto/region-data/data/?api_key=REDACTED&frequency=hourly&data%5B0%5D=value&start=2026-09-22T01&end=2026-09-25T00&sort%5B0%5D%5Bcolumn%5D=period&sort%5B0%5D%5Bdirection%5D=asc&sort%5B1%5D%5Bcolumn%5D=respondent&sort%5B1%5D%5Bdirection%5D=asc&offset=0&length=5000&facets%5Brespondent%5D%5B%5D=CISO&facets%5Brespondent%5D%5B%5D=ERCO&facets%5Brespondent%5D%5B%5D=ISNE&facets%5Brespondent%5D%5B%5D=MISO&facets%5Brespondent%5D%5B%5D=NYIS&facets%5Brespondent%5D%5B%5D=PJM&facets%5Brespondent%5D%5B%5D=SWPP&facets%5Brespondent%5D%5B%5D=US48&facets%5Btype%5D%5B%5D=D&facets%5Btype%5D%5B%5D=DF&facets%5Btype%5D%5B%5D=NG,2026-09-25T20:09:03Z,
eia930:NYIS,demand_forecast_mw,2026-09-22T06:00:00Z,12949,MW,PT1H,US-NY,,,eia:electricity/rto/region-data,https://api.eia.gov/v2/electricity/rto/region-data/data/?api_key=REDACTED&frequency=hourly&data%5B0%5D=value&start=2026-09-22T01&end=2026-09-25T00&sort%5B0%5D%5Bcolumn%5D=period&sort%5B0%5D%5Bdirection%5D=asc&sort%5B1%5D%5Bcolumn%5D=respondent&sort%5B1%5D%5Bdirection%5D=asc&offset=0&length=5000&facets%5Brespondent%5D%5B%5D=CISO&facets%5Brespondent%5D%5B%5D=ERCO&facets%5Brespondent%5D%5B%5D=ISNE&facets%5Brespondent%5D%5B%5D=MISO&facets%5Brespondent%5D%5B%5D=NYIS&facets%5Brespondent%5D%5B%5D=PJM&facets%5Brespondent%5D%5B%5D=SWPP&facets%5Brespondent%5D%5B%5D=US48&facets%5Btype%5D%5B%5D=D&facets%5Btype%5D%5B%5D=DF&facets%5Btype%5D%5B%5D=NG,2026-09-25T20:09:03Z,
eia930:NYIS,demand_forecast_mw,2026-09-22T07:00:00Z,12782,MW,PT1H,US-NY,,,eia:electricity/rto/region-data,https://api.eia.gov/v2/electricity/rto/region-data/data/?api_key=REDACTED&frequency=hourly&data%5B0%5D=value&start=2026-09-22T01&end=2026-09-25T00&sort%5B0%5D%5Bcolumn%5D=period&sort%5B0%5D%5Bdirection%5D=asc&sort%5B1%5D%5Bcolumn%5D=respondent&sort%5B1%5D%5Bdirection%5D=asc&offset=0&length=5000&facets%5Brespondent%5D%5B%5D=CISO&facets%5Brespondent%5D%5B%5D=ERCO&facets%5Brespondent%5D%5B%5D=ISNE&facets%5Brespondent%5D%5B%5D=MISO&facets%5Brespondent%5D%5B%5D=NYIS&facets%5Brespondent%5D%5B%5D=PJM&facets%5Brespondent%5D%5B%5D=SWPP&facets%5Brespondent%5D%5B%5D=US48&facets%5Btype%5D%5B%5D=D&facets%5Btype%5D%5B%5D=DF&facets%5Btype%5D%5B%5D=NG,2026-09-25T20:09:03Z,
eia930:NYIS,demand_forecast_mw,2026-09-22T08:00:00Z,12884,MW,PT1H,US-NY,,,eia:electricity/rto/region-data,https://api.eia.gov/v2/electricity/rto/region-data/data/?api_key=REDACTED&frequency=hourly&data%5B0%5D=value&start=2026-09-22T01&end=2026-09-25T00&sort%5B0%5D%5Bcolumn%5D=period&sort%5B0%5D%5Bdirection%5D=asc&sort%5B1%5D%5Bcolumn%5D=respondent&sort%5B1%5D%5Bdirection%5D=asc&offset=0&length=5000&facets%5Brespondent%5D%5B%5D=CISO&facets%5Brespondent%5D%5B%5D=ERCO&facets%5Brespondent%5D%5B%5D=ISNE&facets%5Brespondent%5D%5B%5D=MISO&facets%5Brespondent%5D%5B%5D=NYIS&facets%5Brespondent%5D%5B%5D=PJM&facets%5Brespondent%5D%5B%5D=SWPP&facets%5Brespondent%5D%5B%5D=US48&facets%5Btype%5D%5B%5D=D&facets%5Btype%5D%5B%5D=DF&facets%5Btype%5D%5B%5D=NG,2026-09-25T20:09:03Z,
eia930:NYIS,demand_forecast_mw,2026-09-22T09:00:00Z,13512,MW,PT1H,US-NY,,,eia:electricity/rto/region-data,https://api.eia.gov/v2/electricity/rto/region-data/data/?api_key=REDACTED&frequency=hourly&data%5B0%5D=value&start=2026-09-22T01&end=2026-09-25T00&sort%5B0%5D%5Bcolumn%5D=period&sort%5B0%5D%5Bdirection%5D=asc&sort%5B1%5D%5Bcolumn%5D=respondent&sort%5B1%5D%5Bdirection%5D=asc&offset=0&length=5000&facets%5Brespondent%5D%5B%5D=CISO&facets%5Brespondent%5D%5B%5D=ERCO&facets%5Brespondent%5D%5B%5D=ISNE&facets%5Brespondent%5D%5B%5D=MISO&facets%5Brespondent%5D%5B%5D=NYIS&facets%5Brespondent%5D%5B%5D=PJM&facets%5Brespondent%5D%5B%5D=SWPP&facets%5Brespondent%5D%5B%5D=US48&facets%5Btype%5D%5B%5D=D&facets%5Btype%5D%5B%5D=DF&facets%5Btype%5D%5B%5D=NG,2026-09-25T20:09:03Z,
eia930:NYIS,demand_forecast_mw,2026-09-22T10:00:00Z,14775,MW,PT1H,US-NY,,,eia:electricity/rto/region-data,https://api.eia.gov/v2/electricity/rto/region-data/data/?api_key=REDACTED&frequency=hourly&data%5B0%5D=value&start=2026-09-22T01&end=2026-09-25T00&sort%5B0%5D%5Bcolumn%5D=period&sort%5B0%5D%5Bdirection%5D=asc&sort%5B1%5D%5Bcolumn%5D=respondent&sort%5B1%5D%5Bdirection%5D=asc&offset=0&length=5000&facets%5Brespondent%5D%5B%5D=CISO&facets%5Brespondent%5D%5B%5D=ERCO&facets%5Brespondent%5D%5B%5D=ISNE&facets%5Brespondent%5D%5B%5D=MISO&facets%5Brespondent%5D%5B%5D=NYIS&facets%5Brespondent%5D%5B%5D=PJM&facets%5Brespondent%5D%5B%5D=SWPP&facets%5Brespondent%5D%5B%5D=US48&facets%5Btype%5D%5B%5D=D&facets%5Btype%5D%5B%5D=DF&facets%5Btype%5D%5B%5D=NG,2026-09-25T20:09:03Z,
eia930:NYIS,demand_forecast_mw,2026-09-22T11:00:00Z,15454,MW,PT1H,US-NY,,,eia:electricity/rto/region-data,https://api.eia.gov/v2/electricity/rto/region-data/data/?api_key=REDACTED&frequency=hourly&data%5B0%5D=value&start=2026-09-22T01&end=2026-09-25T00&sort%5B0%5D%5Bcolumn%5D=period&sort%5B0%5D%5Bdirection%5D=asc&sort%5B1%5D%5Bcolumn%5D=respondent&sort%5B1%5D%5Bdirection%5D=asc&offset=0&length=5000&facets%5Brespondent%5D%5B%5D=CISO&facets%5Brespondent%5D%5B%5D=ERCO&facets%5Brespondent%5D%5B%5D=ISNE&facets%5Brespondent%5D%5B%5D=MISO&facets%5Brespondent%5D%5B%5D=NYIS&facets%5Brespondent%5D%5B%5D=PJM&facets%5Brespondent%5D%5B%5D=SWPP&facets%5Brespondent%5D%5B%5D=US48&facets%5Btype%5D%5B%5D=D&facets%5Btype%5D%5B%5D=DF&facets%5Btype%5D%5B%5D=NG,2026-09-25T20:09:03Z,
eia930:NYIS,demand_forecast_mw,2026-09-22T12:00:00Z,15319,MW,PT1H,US-NY,,,eia:electricity/rto/region-data,https://api.eia.gov/v2/electricity/rto/region-data/data/?api_key=REDACTED&frequency=hourly&data%5B0%5D=value&start=2026-09-22T01&end=2026-09-25T00&sort%5B0%5D%5Bcolumn%5D=period&sort%5B0%5D%5Bdirection%5D=asc&sort%5B1%5D%5Bcolumn%5D=respondent&sort%5B1%5D%5Bdirection%5D=asc&offset=0&length=5000&facets%5Brespondent%5D%5B%5D=CISO&facets%5Brespondent%5D%5B%5D=ERCO&facets%5Brespondent%5D%5B%5D=ISNE&facets%5Brespondent%5D%5B%5D=MISO&facets%5Brespondent%5D%5B%5D=NYIS&facets%5Brespondent%5D%5B%5D=PJM&facets%5Brespondent%5D%5B%5D=SWPP&facets%5Brespondent%5D%5B%5D=US48&facets%5Btype%5D%5B%5D=D&facets%5Btype%5D%5B%5D=DF&facets%5Btype%5D%5B%5D=NG,2026-09-25T20:09:03Z,
eia930:NYIS,demand_forecast_mw,2026-09-22T13:00:00Z,14808,MW,PT1H,US-NY,,,eia:electricity/rto/region-data,https://api.eia.gov/v2/electricity/rto/region-data/data/?api_key=REDACTED&frequency=hourly&data%5B0%5D=value&start=2026-09-22T01&end=2026-09-25T00&sort%5B0%5D%5Bcolumn%5D=period&sort%5B0%5D%5Bdirection%5D=asc&sort%5B1%5D%5Bcolumn%5D=respondent&sort%5B1%5D%5Bdirection%5D=asc&offset=0&length=5000&facets%5Brespondent%5D%5B%5D=CISO&facets%5Brespondent%5D%5B%5D=ERCO&facets%5Brespondent%5D%5B%5D=ISNE&facets%5Brespondent%5D%5B%5D=MISO&facets%5Brespondent%5D%5B%5D=NYIS&facets%5Brespondent%5D%5B%5D=PJM&facets%5Brespondent%5D%5B%5D=SWPP&facets%5Brespondent%5D%5B%5D=US48&facets%5Btype%5D%5B%5D=D&facets%5Btype%5D%5B%5D=DF&facets%5Btype%5D%5B%5D=NG,2026-09-25T20:09:03Z,
eia930:NYIS,demand_forecast_mw,2026-09-22T14:00:00Z,14443,MW,PT1H,US-NY,,,eia:electricity/rto/region-data,https://api.eia.gov/v2/electricity/rto/region-data/data/?api_key=REDACTED&frequency=hourly&data%5B0%5D=value&start=2026-09-22T01&end=2026-09-25T00&sort%5B0%5D%5Bcolumn%5D=period&sort%5B0%5D%5Bdirection%5D=asc&sort%5B1%5D%5Bcolumn%5D=respondent&sort%5B1%5D%5Bdirection%5D=asc&offset=0&length=5000&facets%5Brespondent%5D%5B%5D=CISO&facets%5Brespondent%5D%5B%5D=ERCO&facets%5Brespondent%5D%5B%5D=ISNE&facets%5Brespondent%5D%5B%5D=MISO&facets%5Brespondent%5D%5B%5D=NYIS&facets%5Brespondent%5D%5B%5D=PJM&facets%5Brespondent%5D%5B%5D=SWPP&facets%5Brespondent%5D%5B%5D=US48&facets%5Btype%5D%5B%5D=D&facets%5Btype%5D%5B%5D=DF&facets%5Btype%5D%5B%5D=NG,2026-09-25T20:09:03Z,
eia930:NYIS,demand_forecast_mw,2026-09-22T15:00:00Z,14279,MW,PT1H,US-NY,,,eia:electricity/rto/region-data,https://api.eia.gov/v2/electricity/rto/region-data/data/?api_key=REDACTED&frequency=hourly&data%5B0%5D=value&start=2026-09-22T01&end=2026-09-25T00&sort%5B0%5D%5Bcolumn%5D=period&sort%5B0%5D%5Bdirection%5D=asc&sort%5B1%5D%5Bcolumn%5D=respondent&sort%5B1%5D%5Bdirection%5D=asc&offset=0&length=5000&facets%5Brespondent%5D%5B%5D=CISO&facets%5Brespondent%5D%5B%5D=ERCO&facets%5Brespondent%5D%5B%5D=ISNE&facets%5Brespondent%5D%5B%5D=MISO&facets%5Brespondent%5D%5B%5D=NYIS&facets%5Brespondent%5D%5B%5D=PJM&facets%5Brespondent%5D%5B%5D=SWPP&facets%5Brespondent%5D%5B%5D=US48&facets%5Btype%5D%5B%5D=D&facets%5Btype%5D%5B%5D=DF&facets%5Btype%5D%5B%5D=NG,2026-09-25T20:09:03Z,
eia930:NYIS,demand_forecast_mw,2026-09-22T16:00:00Z,14309,MW,PT1H,US-NY,,,eia:electricity/rto/region-data,https://api.eia.gov/v2/electricity/rto/region-data/data/?api_key=REDACTED&frequency=hourly&data%5B0%5D=value&start=2026-09-22T01&end=2026-09-25T00&sort%5B0%5D%5Bcolumn%5D=period&sort%5B0%5D%5Bdirection%5D=asc&sort%5B1%5D%5Bcolumn%5D=respondent&sort%5B1%5D%5Bdirection%5D=asc&offset=0&length=5000&facets%5Brespondent%5D%5B%5D=CISO&facets%5Brespondent%5D%5B%5D=ERCO&facets%5Brespondent%5D%5B%5D=ISNE&facets%5Brespondent%5D%5B%5D=MISO&facets%5Brespondent%5D%5B%5D=NYIS&facets%5Brespondent%5D%5B%5D=PJM&facets%5Brespondent%5D%5B%5D=SWPP&facets%5Brespondent%5D%5B%5D=US48&facets%5Btype%5D%5B%5D=D&facets%5Btype%5D%5B%5D=DF&facets%5Btype%5D%5B%5D=NG,2026-09-25T20:09:03Z,
eia930:NYIS,demand_forecast_mw,2026-09-22T17:00:00Z,14425,MW,PT1H,US-NY,,,eia:electricity/rto/region-data,https://api.eia.gov/v2/electricity/rto/region-data/data/?api_key=REDACTED&frequency=hourly&data%5B0%5D=value&start=2026-09-22T01&end=2026-09-25T00&sort%5B0%5D%5Bcolumn%5D=period&sort%5B0%5D%5Bdirection%5D=asc&sort%5B1%5D%5Bcolumn%5D=respondent&sort%5B1%5D%5Bdirection%5D=asc&offset=0&length=5000&facets%5Brespondent%5D%5B%5D=CISO&facets%5Brespondent%5D%5B%5D=ERCO&facets%5Brespondent%5D%5B%5D=ISNE&facets%5Brespondent%5D%5B%5D=MISO&facets%5Brespondent%5D%5B%5D=NYIS&facets%5Brespondent%5D%5B%5D=PJM&facets%5Brespondent%5D%5B%5D=SWPP&facets%5Brespondent%5D%5B%5D=US48&facets%5Btype%5D%5B%5D=D&facets%5Btype%5D%5B%5D=DF&facets%5Btype%5D%5B%5D=NG,2026-09-25T20:09:03Z,
eia930:NYIS,demand_forecast_mw,2026-09-22T18:00:00Z,14519,MW,PT1H,US-NY,,,eia:electricity/rto/region-data,https://api.eia.gov/v2/electricity/rto/region-data/data/?api_key=REDACTED&frequency=hourly&data%5B0%5D=value&start=2026-09-22T01&end=2026-09-25T00&sort%5B0%5D%5Bcolumn%5D=period&sort%5B0%5D%5Bdirection%5D=asc&sort%5B1%5D%5Bcolumn%5D=respondent&sort%5B1%5D%5Bdirection%5D=asc&offset=0&length=5000&facets%5Brespondent%5D%5B%5D=CISO&facets%5Brespondent%5D%5B%5D=ERCO&facets%5Brespondent%5D%5B%5D=ISNE&facets%5Brespondent%5D%5B%5D=MISO&facets%5Brespondent%5D%5B%5D=NYIS&facets%5Brespondent%5D%5B%5D=PJM&facets%5Brespondent%5D%5B%5D=SWPP&facets%5Brespondent%5D%5B%5D=US48&facets%5Btype%5D%5B%5D=D&facets%5Btype%5D%5B%5D=DF&facets%5Btype%5D%5B%5D=NG,2026-09-25T20:09:03Z,
eia930:NYIS,demand_forecast_mw,2026-09-22T19:00:00Z,14877,MW,PT1H,US-NY,,,eia:electricity/rto/region-data,https://api.eia.gov/v2/electricity/rto/region-data/data/?api_key=REDACTED&frequency=hourly&data%5B0%5D=value&start=2026-09-22T01&end=2026-09-25T00&sort%5B0%5D%5Bcolumn%5D=period&sort%5B0%5D%5Bdirection%5D=asc&sort%5B1%5D%5Bcolumn%5D=respondent&sort%5B1%5D%5Bdirection%5D=asc&offset=0&length=5000&facets%5Brespondent%5D%5B%5D=CISO&facets%5Brespondent%5D%5B%5D=ERCO&facets%5Brespondent%5D%5B%5D=ISNE&facets%5Brespondent%5D%5B%5D=MISO&facets%5Brespondent%5D%5B%5D=NYIS&facets%5Brespondent%5D%5B%5D=PJM&facets%5Brespondent%5D%5B%5D=SWPP&facets%5Brespondent%5D%5B%5D=US48&facets%5Btype%5D%5B%5D=D&facets%5Btype%5D%5B%5D=DF&facets%5Btype%5D%5B%5D=NG,2026-09-25T20:09:03Z,
eia930:NYIS,demand_forecast_mw,2026-09-22T20:00:00Z,15597,MW,PT1H,US-NY,,,eia:electricity/rto/region-data,https://api.eia.gov/v2/electricity/rto/region-data/data/?api_key=REDACTED&frequency=hourly&data%5B0%5D=value&start=2026-09-22T01&end=2026-09-25T00&sort%5B0%5D%5Bcolumn%5D=period&sort%5B0%5D%5Bdirection%5D=asc&sort%5B1%5D%5Bcolumn%5D=respondent&sort%5B1%5D%5Bdirection%5D=asc&offset=0&length=5000&facets%5Brespondent%5D%5B%5D=CISO&facets%5Brespondent%5D%5B%5D=ERCO&facets%5Brespondent%5D%5B%5D=ISNE&facets%5Brespondent%5D%5B%5D=MISO&facets%5Brespondent%5D%5B%5D=NYIS&facets%5Brespondent%5D%5B%5D=PJM&facets%5Brespondent%5D%5B%5D=SWPP&facets%5Brespondent%5D%5B%5D=US48&facets%5Btype%5D%5B%5D=D&facets%5Btype%5D%5B%5D=DF&facets%5Btype%5D%5B%5D=NG,2026-09-25T20:09:03Z,
eia930:NYIS,demand_forecast_mw,2026-09-22T21:00:00Z,16406,MW,PT1H,US-NY,,,eia:electricity/rto/region-data,https://api.eia.gov/v2/electricity/rto/region-data/data/?api_key=REDACTED&frequency=hourly&data%5B0%5D=value&start=2026-09-22T01&end=2026-09-25T00&sort%5B0%5D%5Bcolumn%5D=period&sort%5B0%5D%5Bdirection%5D=asc&sort%5B1%5D%5Bcolumn%5D=respondent&sort%5B1%5D%5Bdirection%5D=asc&offset=0&length=5000&facets%5Brespondent%5D%5B%5D=CISO&facets%5Brespondent%5D%5B%5D=ERCO&facets%5Brespondent%5D%5B%5D=ISNE&facets%5Brespondent%5D%5B%5D=MISO&facets%5Brespondent%5D%5B%5D=NYIS&facets%5Brespondent%5D%5B%5D=PJM&facets%5Brespondent%5D%5B%5D=SWPP&facets%5Brespondent%5D%5B%5D=US48&facets%5Btype%5D%5B%5D=D&facets%5Btype%5D%5B%5D=DF&facets%5Btype%5D%5B%5D=NG,2026-09-25T20:09:03Z,
eia930:NYIS,demand_forecast_mw,2026-09-22T22:00:00Z,16914,MW,PT1H,US-NY,,,eia:electricity/rto/region-data,https://api.eia.gov/v2/electricity/rto/region-data/data/?api_key=REDACTED&frequency=hourly&data%5B0%5D=value&start=2026-09-22T01&end=2026-09-25T00&sort%5B0%5D%5Bcolumn%5D=period&sort%5B0%5D%5Bdirection%5D=asc&sort%5B1%5D%5Bcolumn%5D=respondent&sort%5B1%5D%5Bdirection%5D=asc&offset=0&length=5000&facets%5Brespondent%5D%5B%5D=CISO&facets%5Brespondent%5D%5B%5D=ERCO&facets%5Brespondent%5D%5B%5D=ISNE&facets%5Brespondent%5D%5B%5D=MISO&facets%5Brespondent%5D%5B%5D=NYIS&facets%5Brespondent%5D%5B%5D=PJM&facets%5Brespondent%5D%5B%5D=SWPP&facets%5Brespondent%5D%5B%5D=US48&facets%5Btype%5D%5B%5D=D&facets%5Btype%5D%5B%5D=DF&facets%5Btype%5D%5B%5D=NG,2026-09-25T20:09:03Z,
eia930:NYIS,demand_forecast_mw,2026-09-22T23:00:00Z,17290,MW,PT1H,US-NY,,,eia:electricity/rto/region-data,https://api.eia.gov/v2/electricity/rto/region-data/data/?api_key=REDACTED&frequency=hourly&data%5B0%5D=value&start=2026-09-22T01&end=2026-09-25T00&sort%5B0%5D%5Bcolumn%5D=period&sort%5B0%5D%5Bdirection%5D=asc&sort%5B1%5D%5Bcolumn%5D=respondent&sort%5B1%5D%5Bdirection%5D=asc&offset=0&length=5000&facets%5Brespondent%5D%5B%5D=CISO&facets%5Brespondent%5D%5B%5D=ERCO&facets%5Brespondent%5D%5B%5D=ISNE&facets%5Brespondent%5D%5B%5D=MISO&facets%5Brespondent%5D%5B%5D=NYIS&facets%5Brespondent%5D%5B%5D=PJM&facets%5Brespondent%5D%5B%5D=SWPP&facets%5Brespondent%5D%5B%5D=US48&facets%5Btype%5D%5B%5D=D&facets%5Btype%5D%5B%5D=DF&facets%5Btype%5D%5B%5D=NG,2026-09-25T20:09:03Z,
eia930:NYIS,demand_forecast_mw,2026-09-23T00:00:00Z,16849,MW,PT1H,US-NY,,,eia:electricity/rto/region-data,https://api.eia.gov/v2/electricity/rto/region-data/data/?api_key=REDACTED&frequency=hourly&data%5B0%5D=value&start=2026-09-22T01&end=2026-09-25T00&sort%5B0%5D%5Bcolumn%5D=period&sort%5B0%5D%5Bdirection%5D=asc&sort%5B1%5D%5Bcolumn%5D=respondent&sort%5B1%5D%5Bdirection%5D=asc&offset=0&length=5000&facets%5Brespondent%5D%5B%5D=CISO&facets%5Brespondent%5D%5B%5D=ERCO&facets%5Brespondent%5D%5B%5D=ISNE&facets%5Brespondent%5D%5B%5D=MISO&facets%5Brespondent%5D%5B%5D=NYIS&facets%5Brespondent%5D%5B%5D=PJM&facets%5Brespondent%5D%5B%5D=SWPP&facets%5Brespondent%5D%5B%5D=US48&facets%5Btype%5D%5B%5D=D&facets%5Btype%5D%5B%5D=DF&facets%5Btype%5D%5B%5D=NG,2026-09-25T20:09:03Z,
eia930:NYIS,demand_forecast_mw,2026-09-23T01:00:00Z,16026,MW,PT1H,US-NY,,,eia:electricity/rto/region-data,https://api.eia.gov/v2/electricity/rto/region-data/data/?api_key=REDACTED&frequency=hourly&data%5B0%5D=value&start=2026-09-22T01&end=2026-09-25T00&sort%5B0%5D%5Bcolumn%5D=period&sort%5B0%5D%5Bdirection%5D=asc&sort%5B1%5D%5Bcolumn%5D=respondent&sort%5B1%5D%5Bdirection%5D=asc&offset=0&length=5000&facets%5Brespondent%5D%5B%5D=CISO&facets%5Brespondent%5D%5B%5D=ERCO&facets%5Brespondent%5D%5B%5D=ISNE&facets%5Brespondent%5D%5B%5D=MISO&facets%5Brespondent%5D%5B%5D=NYIS&facets%5Brespondent%5D%5B%5D=PJM&facets%5Brespondent%5D%5B%5D=SWPP&facets%5Brespondent%5D%5B%5D=US48&facets%5Btype%5D%5B%5D=D&facets%5Btype%5D%5B%5D=DF&facets%5Btype%5D%5B%5D=NG,2026-09-25T20:09:03Z,
eia930:NYIS,demand_forecast_mw,2026-09-23T02:00:00Z,15088,MW,PT1H,US-NY,,,eia:electricity/rto/region-data,https://api.eia.gov/v2/electricity/rto/region-data/data/?api_key=REDACTED&frequency=hourly&data%5B0%5D=value&start=2026-09-22T01&end=2026-09-25T00&sort%5B0%5D%5Bcolumn%5D=period&sort%5B0%5D%5Bdirection%5D=asc&sort%5B1%5D%5Bcolumn%5D=respondent&sort%5B1%5D%5Bdirection%5D=asc&offset=0&length=5000&facets%5Brespondent%5D%5B%5D=CISO&facets%5Brespondent%5D%5B%5D=ERCO&facets%5Brespondent%5D%5B%5D=ISNE&facets%5Brespondent%5D%5B%5D=MISO&facets%5Brespondent%5D%5B%5D=NYIS&facets%5Brespondent%5D%5B%5D=PJM&facets%5Brespondent%5D%5B%5D=SWPP&facets%5Brespondent%5D%5B%5D=US48&facets%5Btype%5D%5B%5D=D&facets%5Btype%5D%5B%5D=DF&facets%5Btype%5D%5B%5D=NG,2026-09-25T20:09:03Z,
eia930:NYIS,demand_forecast_mw,2026-09-23T03:00:00Z,14151,MW,PT1H,US-NY,,,eia:electricity/rto/region-data,https://api.eia.gov/v2/electricity/rto/region-data/data/?api_key=REDACTED&frequency=hourly&data%5B0%5D=value&start=2026-09-22T01&end=2026-09-25T00&sort%5B0%5D%5Bcolumn%5D=period&sort%5B0%5D%5Bdirection%5D=asc&sort%5B1%5D%5Bcolumn%5D=respondent&sort%5B1%5D%5Bdirection%5D=asc&offset=0&length=5000&facets%5Brespondent%5D%5B%5D=CISO&facets%5Brespondent%5D%5B%5D=ERCO&facets%5Brespondent%5D%5B%5D=ISNE&facets%5Brespondent%5D%5B%5D=MISO&facets%5Brespondent%5D%5B%5D=NYIS&facets%5Brespondent%5D%5B%5D=PJM&facets%5Brespondent%5D%5B%5D=SWPP&facets%5Brespondent%5D%5B%5D=US48&facets%5Btype%5D%5B%5D=D&facets%5Btype%5D%5B%5D=DF&facets%5Btype%5D%5B%5D=NG,2026-09-25T20:09:03Z,
eia930:NYIS,demand_forecast_mw,2026-09-23T04:00:00Z,13359,MW,PT1H,US-NY,,,eia:electricity/rto/region-data,https://api.eia.gov/v2/electricity/rto/region-data/data/?api_key=REDACTED&frequency=hourly&data%5B0%5D=value&start=2026-09-22T01&end=2026-09-25T00&sort%5B0%5D%5Bcolumn%5D=period&sort%5B0%5D%5Bdirection%5D=asc&sort%5B1%5D%5Bcolumn%5D=respondent&sort%5B1%5D%5Bdirection%5D=asc&offset=0&length=5000&facets%5Brespondent%5D%5B%5D=CISO&facets%5Brespondent%5D%5B%5D=ERCO&facets%5Brespondent%5D%5B%5D=ISNE&facets%5Brespondent%5D%5B%5D=MISO&facets%5Brespondent%5D%5B%5D=NYIS&facets%5Brespondent%5D%5B%5D=PJM&facets%5Brespondent%5D%5B%5D=SWPP&facets%5Brespondent%5D%5B%5D=US48&facets%5Btype%5D%5B%5D=D&facets%5Btype%5D%5B%5D=DF&facets%5Btype%5D%5B%5D=NG,2026-09-25T20:09:03Z,
eia930:NYIS,demand_forecast_mw,2026-09-23T05:00:00Z,12861,MW,PT1H,US-NY,,,eia:electricity/rto/region-data,https://api.eia.gov/v2/electricity/rto/region-data/data/?api_key=REDACTED&frequency=hourly&data%5B0%5D=value&start=2026-09-22T01&end=2026-09-25T00&sort%5B0%5D%5Bcolumn%5D=period&sort%5B0%5D%5Bdirection%5D=asc&sort%5B1%5D%5Bcolumn%5D=respondent&sort%5B1%5D%5Bdirection%5D=asc&offset=0&length=5000&facets%5Brespondent%5D%5B%5D=CISO&facets%5Brespondent%5D%5B%5D=ERCO&facets%5Brespondent%5D%5B%5D=ISNE&facets%5Brespondent%5D%5B%5D=MISO&facets%5Brespondent%5D%5B%5D=NYIS&facets%5Brespondent%5D%5B%5D=PJM&facets%5Brespondent%5D%5B%5D=SWPP&facets%5Brespondent%5D%5B%5D=US48&facets%5Btype%5D%5B%5D=D&facets%5Btype%5D%5B%5D=DF&facets%5Btype%5D%5B%5D=NG,2026-09-25T20:09:03Z,
eia930:NYIS,demand_forecast_mw,2026-09-23T06:00:00Z,12548,MW,PT1H,US-NY,,,eia:electricity/rto/region-data,https://api.eia.gov/v2/electricity/rto/region-data/data/?api_key=REDACTED&frequency=hourly&data%5B0%5D=value&start=2026-09-22T01&end=2026-09-25T00&sort%5B0%5D%5Bcolumn%5D=period&sort%5B0%5D%5Bdirection%5D=asc&sort%5B1%5D%5Bcolumn%5D=respondent&sort%5B1%5D%5Bdirection%5D=asc&offset=0&length=5000&facets%5Brespondent%5D%5B%5D=CISO&facets%5Brespondent%5D%5B%5D=ERCO&facets%5Brespondent%5D%5B%5D=ISNE&facets%5Brespondent%5D%5B%5D=MISO&facets%5Brespondent%5D%5B%5D=NYIS&facets%5Brespondent%5D%5B%5D=PJM&facets%5Brespondent%5D%5B%5D=SWPP&facets%5Brespondent%5D%5B%5D=US48&facets%5Btype%5D%5B%5D=D&facets%5Btype%5D%5B%5D=DF&facets%5Btype%5D%5B%5D=NG,2026-09-25T20:09:03Z,
eia930:NYIS,demand_forecast_mw,2026-09-23T07:00:00Z,12402,MW,PT1H,US-NY,,,eia:electricity/rto/region-data,https://api.eia.gov/v2/electricity/rto/region-data/data/?api_key=REDACTED&frequency=hourly&data%5B0%5D=value&start=2026-09-22T01&end=2026-09-25T00&sort%5B0%5D%5Bcolumn%5D=period&sort%5B0%5D%5Bdirection%5D=asc&sort%5B1%5D%5Bcolumn%5D=respondent&sort%5B1%5D%5Bdirection%5D=asc&offset=0&length=5000&facets%5Brespondent%5D%5B%5D=CISO&facets%5Brespondent%5D%5B%5D=ERCO&facets%5Brespondent%5D%5B%5D=ISNE&facets%5Brespondent%5D%5B%5D=MISO&facets%5Brespondent%5D%5B%5D=NYIS&facets%5Brespondent%5D%5B%5D=PJM&facets%5Brespondent%5D%5B%5D=SWPP&facets%5Brespondent%5D%5B%5D=US48&facets%5Btype%5D%5B%5D=D&facets%5Btype%5D%5B%5D=DF&facets%5Btype%5D%5B%5D=NG,2026-09-25T20:09:03Z,
eia930:NYIS,demand_forecast_mw,2026-09-23T08:00:00Z,12514,MW,PT1H,US-NY,,,eia:electricity/rto/region-data,https://api.eia.gov/v2/electricity/rto/region-data/data/?api_key=REDACTED&frequency=hourly&data%5B0%5D=value&start=2026-09-22T01&end=2026-09-25T00&sort%5B0%5D%5Bcolumn%5D=period&sort%5B0%5D%5Bdirection%5D=asc&sort%5B1%5D%5Bcolumn%5D=respondent&sort%5B1%5D%5Bdirection%5D=asc&offset=0&length=5000&facets%5Brespondent%5D%5B%5D=CISO&facets%5Brespondent%5D%5B%5D=ERCO&facets%5Brespondent%5D%5B%5D=ISNE&facets%5Brespondent%5D%5B%5D=MISO&facets%5Brespondent%5D%5B%5D=NYIS&facets%5Brespondent%5D%5B%5D=PJM&facets%5Brespondent%5D%5B%5D=SWPP&facets%5Brespondent%5D%5B%5D=US48&facets%5Btype%5D%5B%5D=D&facets%5Btype%5D%5B%5D=DF&facets%5Btype%5D%5B%5D=NG,2026-09-25T20:09:03Z,
eia930:NYIS,demand_forecast_mw,2026-09-23T09:00:00Z,13143,MW,PT1H,US-NY,,,eia:electricity/rto/region-data,https://api.eia.gov/v2/electricity/rto/region-data/data/?api_key=REDACTED&frequency=hourly&data%5B0%5D=value&start=2026-09-22T01&end=2026-09-25T00&sort%5B0%5D%5Bcolumn%5D=period&sort%5B0%5D%5Bdirection%5D=asc&sort%5B1%5D%5Bcolumn%5D=respondent&sort%5B1%5D%5Bdirection%5D=asc&offset=0&length=5000&facets%5Brespondent%5D%5B%5D=CISO&facets%5Brespondent%5D%5B%5D=ERCO&facets%5Brespondent%5D%5B%5D=ISNE&facets%5Brespondent%5D%5B%5D=MISO&facets%5Brespondent%5D%5B%5D=NYIS&facets%5Brespondent%5D%5B%5D=PJM&facets%5Brespondent%5D%5B%5D=SWPP&facets%5Brespondent%5D%5B%5D=US48&facets%5Btype%5D%5B%5D=D&facets%5Btype%5D%5B%5D=DF&facets%5Btype%5D%5B%5D=NG,2026-09-25T20:09:03Z,
eia930:NYIS,demand_forecast_mw,2026-09-23T10:00:00Z,14361,MW,PT1H,US-NY,,,eia:electricity/rto/region-data,https://api.eia.gov/v2/electricity/rto/region-data/data/?api_key=REDACTED&frequency=hourly&data%5B0%5D=value&start=2026-09-22T01&end=2026-09-25T00&sort%5B0%5D%5Bcolumn%5D=period&sort%5B0%5D%5Bdirection%5D=asc&sort%5B1%5D%5Bcolumn%5D=respondent&sort%5B1%5D%5Bdirection%5D=asc&offset=0&length=5000&facets%5Brespondent%5D%5B%5D=CISO&facets%5Brespondent%5D%5B%5D=ERCO&facets%5Brespondent%5D%5B%5D=ISNE&facets%5Brespondent%5D%5B%5D=MISO&facets%5Brespondent%5D%5B%5D=NYIS&facets%5Brespondent%5D%5B%5D=PJM&facets%5Brespondent%5D%5B%5D=SWPP&facets%5Brespondent%5D%5B%5D=US48&facets%5Btype%5D%5B%5D=D&facets%5Btype%5D%5B%5D=DF&facets%5Btype%5D%5B%5D=NG,2026-09-25T20:09:03Z,
eia930:NYIS,demand_forecast_mw,2026-09-23T11:00:00Z,14828,MW,PT1H,US-NY,,,eia:electricity/rto/region-data,https://api.eia.gov/v2/electricity/rto/region-data/data/?api_key=REDACTED&frequency=hourly&data%5B0%5D=value&start=2026-09-22T01&end=2026-09-25T00&sort%5B0%5D%5Bcolumn%5D=period&sort%5B0%5D%5Bdirection%5D=asc&sort%5B1%5D%5Bcolumn%5D=respondent&sort%5B1%5D%5Bdirection%5D=asc&offset=0&length=5000&facets%5Brespondent%5D%5B%5D=CISO&facets%5Brespondent%5D%5B%5D=ERCO&facets%5Brespondent%5D%5B%5D=ISNE&facets%5Brespondent%5D%5B%5D=MISO&facets%5Brespondent%5D%5B%5D=NYIS&facets%5Brespondent%5D%5B%5D=PJM&facets%5Brespondent%5D%5B%5D=SWPP&facets%5Brespondent%5D%5B%5D=US48&facets%5Btype%5D%5B%5D=D&facets%5Btype%5D%5B%5D=DF&facets%5Btype%5D%5B%5D=NG,2026-09-25T20:09:03Z,
eia930:NYIS,demand_forecast_mw,2026-09-23T12:00:00Z,14364,MW,PT1H,US-NY,,,eia:electricity/rto/region-data,https://api.eia.gov/v2/electricity/rto/region-data/data/?api_key=REDACTED&frequency=hourly&data%5B0%5D=value&start=2026-09-22T01&end=2026-09-25T00&sort%5B0%5D%5Bcolumn%5D=period&sort%5B0%5D%5Bdirection%5D=asc&sort%5B1%5D%5Bcolumn%5D=respondent&sort%5B1%5D%5Bdirection%5D=asc&offset=0&length=5000&facets%5Brespondent%5D%5B%5D=CISO&facets%5Brespondent%5D%5B%5D=ERCO&facets%5Brespondent%5D%5B%5D=ISNE&facets%5Brespondent%5D%5B%5D=MISO&facets%5Brespondent%5D%5B%5D=NYIS&facets%5Brespondent%5D%5B%5D=PJM&facets%5Brespondent%5D%5B%5D=SWPP&facets%5Brespondent%5D%5B%5D=US48&facets%5Btype%5D%5B%5D=D&facets%5Btype%5D%5B%5D=DF&facets%5Btype%5D%5B%5D=NG,2026-09-25T20:09:03Z,
eia930:NYIS,demand_forecast_mw,2026-09-23T13:00:00Z,13546,MW,PT1H,US-NY,,,eia:electricity/rto/region-data,https://api.eia.gov/v2/electricity/rto/region-data/data/?api_key=REDACTED&frequency=hourly&data%5B0%5D=value&start=2026-09-22T01&end=2026-09-25T00&sort%5B0%5D%5Bcolumn%5D=period&sort%5B0%5D%5Bdirection%5D=asc&sort%5B1%5D%5Bcolumn%5D=respondent&sort%5B1%5D%5Bdirection%5D=asc&offset=0&length=5000&facets%5Brespondent%5D%5B%5D=CISO&facets%5Brespondent%5D%5B%5D=ERCO&facets%5Brespondent%5D%5B%5D=ISNE&facets%5Brespondent%5D%5B%5D=MISO&facets%5Brespondent%5D%5B%5D=NYIS&facets%5Brespondent%5D%5B%5D=PJM&facets%5Brespondent%5D%5B%5D=SWPP&facets%5Brespondent%5D%5B%5D=US48&facets%5Btype%5D%5B%5D=D&facets%5Btype%5D%5B%5D=DF&facets%5Btype%5D%5B%5D=NG,2026-09-25T20:09:03Z,
eia930:NYIS,demand_forecast_mw,2026-09-23T14:00:00Z,12982,MW,PT1H,US-NY,,,eia:electricity/rto/region-data,https://api.eia.gov/v2/electricity/rto/region-data/data/?api_key=REDACTED&frequency=hourly&data%5B0%5D=value&start=2026-09-22T01&end=2026-09-25T00&sort%5B0%5D%5Bcolumn%5D=period&sort%5B0%5D%5Bdirection%5D=asc&sort%5B1%5D%5Bcolumn%5D=respondent&sort%5B1%5D%5Bdirection%5D=asc&offset=0&length=5000&facets%5Brespondent%5D%5B%5D=CISO&facets%5Brespondent%5D%5B%5D=ERCO&facets%5Brespondent%5D%5B%5D=ISNE&facets%5Brespondent%5D%5B%5D=MISO&facets%5Brespondent%5D%5B%5D=NYIS&facets%5Brespondent%5D%5B%5D=PJM&facets%5Brespondent%5D%5B%5D=SWPP&facets%5Brespondent%5D%5B%5D=US48&facets%5Btype%5D%5B%5D=D&facets%5Btype%5D%5B%5D=DF&facets%5Btype%5D%5B%5D=NG,2026-09-25T20:09:03Z,
eia930:NYIS,demand_forecast_mw,2026-09-23T15:00:00Z,12793,MW,PT1H,US-NY,,,eia:electricity/rto/region-data,https://api.eia.gov/v2/electricity/rto/region-data/data/?api_key=REDACTED&frequency=hourly&data%5B0%5D=value&start=2026-09-22T01&end=2026-09-25T00&sort%5B0%5D%5Bcolumn%5D=period&sort%5B0%5D%5Bdirection%5D=asc&sort%5B1%5D%5Bcolumn%5D=respondent&sort%5B1%5D%5Bdirection%5D=asc&offset=0&length=5000&facets%5Brespondent%5D%5B%5D=CISO&facets%5Brespondent%5D%5B%5D=ERCO&facets%5Brespondent%5D%5B%5D=ISNE&facets%5Brespondent%5D%5B%5D=MISO&facets%5Brespondent%5D%5B%5D=NYIS&facets%5Brespondent%5D%5B%5D=PJM&facets%5Brespondent%5D%5B%5D=SWPP&facets%5Brespondent%5D%5B%5D=US48&facets%5Btype%5D%5B%5D=D&facets%5Btype%5D%5B%5D=DF&facets%5Btype%5D%5B%5D=NG,2026-09-25T20:09:03Z,
eia930:NYIS,demand_forecast_mw,2026-09-23T16:00:00Z,12826,MW,PT1H,US-NY,,,eia:electricity/rto/region-data,https://api.eia.gov/v2/electricity/rto/region-data/data/?api_key=REDACTED&frequency=hourly&data%5B0%5D=value&start=2026-09-22T01&end=2026-09-25T00&sort%5B0%5D%5Bcolumn%5D=period&sort%5B0%5D%5Bdirection%5D=asc&sort%5B1%5D%5Bcolumn%5D=respondent&sort%5B1%5D%5Bdirection%5D=asc&offset=0&length=5000&facets%5Brespondent%5D%5B%5D=CISO&facets%5Brespondent%5D%5B%5D=ERCO&facets%5Brespondent%5D%5B%5D=ISNE&facets%5Brespondent%5D%5B%5D=MISO&facets%5Brespondent%5D%5B%5D=NYIS&facets%5Brespondent%5D%5B%5D=PJM&facets%5Brespondent%5D%5B%5D=SWPP&facets%5Brespondent%5D%5B%5D=US48&facets%5Btype%5D%5B%5D=D&facets%5Btype%5D%5B%5D=DF&facets%5Btype%5D%5B%5D=NG,2026-09-25T20:09:03Z,
eia930:NYIS,demand_forecast_mw,2026-09-23T17:00:00Z,12942,MW,PT1H,US-NY,,,eia:electricity/rto/region-data,https://api.eia.gov/v2/electricity/rto/region-data/data/?api_key=REDACTED&frequency=hourly&data%5B0%5D=value&start=2026-09-22T01&end=2026-09-25T00&sort%5B0%5D%5Bcolumn%5D=period&sort%5B0%5D%5Bdirection%5D=asc&sort%5B1%5D%5Bcolumn%5D=respondent&sort%5B1%5D%5Bdirection%5D=asc&offset=0&length=5000&facets%5Brespondent%5D%5B%5D=CISO&facets%5Brespondent%5D%5B%5D=ERCO&facets%5Brespondent%5D%5B%5D=ISNE&facets%5Brespondent%5D%5B%5D=MISO&facets%5Brespondent%5D%5B%5D=NYIS&facets%5Brespondent%5D%5B%5D=PJM&facets%5Brespondent%5D%5B%5D=SWPP&facets%5Brespondent%5D%5B%5D=US48&facets%5Btype%5D%5B%5D=D&facets%5Btype%5D%5B%5D=DF&facets%5Btype%5D%5B%5D=NG,2026-09-25T20:09:03Z,
eia930:NYIS,demand_forecast_mw,2026-09-23T18:00:00Z,13078,MW,PT1H,US-NY,,,eia:electricity/rto/region-data,https://api.eia.gov/v2/electricity/rto/region-data/data/?api_key=REDACTED&frequency=hourly&data%5B0%5D=value&start=2026-09-22T01&end=2026-09-25T00&sort%5B0%5D%5Bcolumn%5D=period&sort%5B0%5D%5Bdirection%5D=asc&sort%5B1%5D%5Bcolumn%5D=respondent&sort%5B1%5D%5Bdirection%5D=asc&offset=0&length=5000&facets%5Brespondent%5D%5B%5D=CISO&facets%5Brespondent%5D%5B%5D=ERCO&facets%5Brespondent%5D%5B%5D=ISNE&facets%5Brespondent%5D%5B%5D=MISO&facets%5Brespondent%5D%5B%5D=NYIS&facets%5Brespondent%5D%5B%5D=PJM&facets%5Brespondent%5D%5B%5D=SWPP&facets%5Brespondent%5D%5B%5D=US48&facets%5Btype%5D%5B%5D=D&facets%5Btype%5D%5B%5D=DF&facets%5Btype%5D%5B%5D=NG,2026-09-25T20:09:03Z,
eia930:NYIS,demand_forecast_mw,2026-09-23T19:00:00Z,13517,MW,PT1H,US-NY,,,eia:electricity/rto/region-data,https://api.eia.gov/v2/electricity/rto/region-data/data/?api_key=REDACTED&frequency=hourly&data%5B0%5D=value&start=2026-09-22T01&end=2026-09-25T00&sort%5B0%5D%5Bcolumn%5D=period&sort%5B0%5D%5Bdirection%5D=asc&sort%5B1%5D%5Bcolumn%5D=respondent&sort%5B1%5D%5Bdirection%5D=asc&offset=0&length=5000&facets%5Brespondent%5D%5B%5D=CISO&facets%5Brespondent%5D%5B%5D=ERCO&facets%5Brespondent%5D%5B%5D=ISNE&facets%5Brespondent%5D%5B%5D=MISO&facets%5Brespondent%5D%5B%5D=NYIS&facets%5Brespondent%5D%5B%5D=PJM&facets%5Brespondent%5D%5B%5D=SWPP&facets%5Brespondent%5D%5B%5D=US48&facets%5Btype%5D%5B%5D=D&facets%5Btype%5D%5B%5D=DF&facets%5Btype%5D%5B%5D=NG,2026-09-25T20:09:03Z,
eia930:NYIS,demand_forecast_mw,2026-09-23T20:00:00Z,14383,MW,PT1H,US-NY,,,eia:electricity/rto/region-data,https://api.eia.gov/v2/electricity/rto/region-data/data/?api_key=REDACTED&frequency=hourly&data%5B0%5D=value&start=2026-09-22T01&end=2026-09-25T00&sort%5B0%5D%5Bcolumn%5D=period&sort%5B0%5D%5Bdirection%5D=asc&sort%5B1%5D%5Bcolumn%5D=respondent&sort%5B1%5D%5Bdirection%5D=asc&offset=0&length=5000&facets%5Brespondent%5D%5B%5D=CISO&facets%5Brespondent%5D%5B%5D=ERCO&facets%5Brespondent%5D%5B%5D=ISNE&facets%5Brespondent%5D%5B%5D=MISO&facets%5Brespondent%5D%5B%5D=NYIS&facets%5Brespondent%5D%5B%5D=PJM&facets%5Brespondent%5D%5B%5D=SWPP&facets%5Brespondent%5D%5B%5D=US48&facets%5Btype%5D%5B%5D=D&facets%5Btype%5D%5B%5D=DF&facets%5Btype%5D%5B%5D=NG,2026-09-25T20:09:03Z,
eia930:NYIS,demand_forecast_mw,2026-09-23T21:00:00Z,15450,MW,PT1H,US-NY,,,eia:electricity/rto/region-data,https://api.eia.gov/v2/electricity/rto/region-data/data/?api_key=REDACTED&frequency=hourly&data%5B0%5D=value&start=2026-09-22T01&end=2026-09-25T00&sort%5B0%5D%5Bcolumn%5D=period&sort%5B0%5D%5Bdirection%5D=asc&sort%5B1%5D%5Bcolumn%5D=respondent&sort%5B1%5D%5Bdirection%5D=asc&offset=0&length=5000&facets%5Brespondent%5D%5B%5D=CISO&facets%5Brespondent%5D%5B%5D=ERCO&facets%5Brespondent%5D%5B%5D=ISNE&facets%5Brespondent%5D%5B%5D=MISO&facets%5Brespondent%5D%5B%5D=NYIS&facets%5Brespondent%5D%5B%5D=PJM&facets%5Brespondent%5D%5B%5D=SWPP&facets%5Brespondent%5D%5B%5D=US48&facets%5Btype%5D%5B%5D=D&facets%5Btype%5D%5B%5D=DF&facets%5Btype%5D%5B%5D=NG,2026-09-25T20:09:03Z,
eia930:NYIS,demand_forecast_mw,2026-09-23T22:00:00Z,16320,MW,PT1H,US-NY,,,eia:electricity/rto/region-data,https://api.eia.gov/v2/electricity/rto/region-data/data/?api_key=REDACTED&frequency=hourly&data%5B0%5D=value&start=2026-09-22T01&end=2026-09-25T00&sort%5B0%5D%5Bcolumn%5D=period&sort%5B0%5D%5Bdirection%5D=asc&sort%5B1%5D%5Bcolumn%5D=respondent&sort%5B1%5D%5Bdirection%5D=asc&offset=0&length=5000&facets%5Brespondent%5D%5B%5D=CISO&facets%5Brespondent%5D%5B%5D=ERCO&facets%5Brespondent%5D%5B%5D=ISNE&facets%5Brespondent%5D%5B%5D=MISO&facets%5Brespondent%5D%5B%5D=NYIS&facets%5Brespondent%5D%5B%5D=PJM&facets%5Brespondent%5D%5B%5D=SWPP&facets%5Brespondent%5D%5B%5D=US48&facets%5Btype%5D%5B%5D=D&facets%5Btype%5D%5B%5D=DF&facets%5Btype%5D%5B%5D=NG,2026-09-25T20:09:03Z,
eia930:NYIS,demand_forecast_mw,2026-09-23T23:00:00Z,16950,MW,PT1H,US-NY,,,eia:electricity/rto/region-data,https://api.eia.gov/v2/electricity/rto/region-data/data/?api_key=REDACTED&frequency=hourly&data%5B0%5D=value&start=2026-09-22T01&end=2026-09-25T00&sort%5B0%5D%5Bcolumn%5D=period&sort%5B0%5D%5Bdirection%5D=asc&sort%5B1%5D%5Bcolumn%5D=respondent&sort%5B1%5D%5Bdirection%5D=asc&offset=0&length=5000&facets%5Brespondent%5D%5B%5D=CISO&facets%5Brespondent%5D%5B%5D=ERCO&facets%5Brespondent%5D%5B%5D=ISNE&facets%5Brespondent%5D%5B%5D=MISO&facets%5Brespondent%5D%5B%5D=NYIS&facets%5Brespondent%5D%5B%5D=PJM&facets%5Brespondent%5D%5B%5D=SWPP&facets%5Brespondent%5D%5B%5D=US48&facets%5Btype%5D%5B%5D=D&facets%5Btype%5D%5B%5D=DF&facets%5Btype%5D%5B%5D=NG,2026-09-25T20:09:03Z,
eia930:NYIS,demand_forecast_mw,2026-09-24T00:00:00Z,16635,MW,PT1H,US-NY,,,eia:electricity/rto/region-data,https://api.eia.gov/v2/electricity/rto/region-data/data/?api_key=REDACTED&frequency=hourly&data%5B0%5D=value&start=2026-09-22T01&end=2026-09-25T00&sort%5B0%5D%5Bcolumn%5D=period&sort%5B0%5D%5Bdirection%5D=asc&sort%5B1%5D%5Bcolumn%5D=respondent&sort%5B1%5D%5Bdirection%5D=asc&offset=0&length=5000&facets%5Brespondent%5D%5B%5D=CISO&facets%5Brespondent%5D%5B%5D=ERCO&facets%5Brespondent%5D%5B%5D=ISNE&facets%5Brespondent%5D%5B%5D=MISO&facets%5Brespondent%5D%5B%5D=NYIS&facets%5Brespondent%5D%5B%5D=PJM&facets%5Brespondent%5D%5B%5D=SWPP&facets%5Brespondent%5D%5B%5D=US48&facets%5Btype%5D%5B%5D=D&facets%5Btype%5D%5B%5D=DF&facets%5Btype%5D%5B%5D=NG,2026-09-25T20:09:03Z,
eia930:NYIS,demand_forecast_mw,2026-09-24T01:00:00Z,15906,MW,PT1H,US-NY,,,eia:electricity/rto/region-data,https://api.eia.gov/v2/electricity/rto/region-data/data/?api_key=REDACTED&frequency=hourly&data%5B0%5D=value&start=2026-09-22T01&end=2026-09-25T00&sort%5B0%5D%5Bcolumn%5D=period&sort%5B0%5D%5Bdirection%5D=asc&sort%5B1%5D%5Bcolumn%5D=respondent&sort%5B1%5D%5Bdirection%5D=asc&offset=0&length=5000&facets%5Brespondent%5D%5B%5D=CISO&facets%5Brespondent%5D%5B%5D=ERCO&facets%5Brespondent%5D%5B%5D=ISNE&facets%5Brespondent%5D%5B%5D=MISO&facets%5Brespondent%5D%5B%5D=NYIS&facets%5Brespondent%5D%5B%5D=PJM&facets%5Brespondent%5D%5B%5D=SWPP&facets%5Brespondent%5D%5B%5D=US48&facets%5Btype%5D%5B%5D=D&facets%5Btype%5D%5B%5D=DF&facets%5Btype%5D%5B%5D=NG,2026-09-25T20:09:03Z,
eia930:NYIS,demand_forecast_mw,2026-09-24T02:00:00Z,14978,MW,PT1H,US-NY,,,eia:electricity/rto/region-data,https://api.eia.gov/v2/electricity/rto/region-data/data/?api_key=REDACTED&frequency=hourly&data%5B0%5D=value&start=2026-09-22T01&end=2026-09-25T00&sort%5B0%5D%5Bcolumn%5D=period&sort%5B0%5D%5Bdirection%5D=asc&sort%5B1%5D%5Bcolumn%5D=respondent&sort%5B1%5D%5Bdirection%5D=asc&offset=0&length=5000&facets%5Brespondent%5D%5B%5D=CISO&facets%5Brespondent%5D%5B%5D=ERCO&facets%5Brespondent%5D%5B%5D=ISNE&facets%5Brespondent%5D%5B%5D=MISO&facets%5Brespondent%5D%5B%5D=NYIS&facets%5Brespondent%5D%5B%5D=PJM&facets%5Brespondent%5D%5B%5D=SWPP&facets%5Brespondent%5D%5B%5D=US48&facets%5Btype%5D%5B%5D=D&facets%5Btype%5D%5B%5D=DF&facets%5Btype%5D%5B%5D=NG,2026-09-25T20:09:03Z,
eia930:NYIS,demand_forecast_mw,2026-09-24T03:00:00Z,14031,MW,PT1H,US-NY,,,eia:electricity/rto/region-data,https://api.eia.gov/v2/electricity/rto/region-data/data/?api_key=REDACTED&frequency=hourly&data%5B0%5D=value&start=2026-09-22T01&end=2026-09-25T00&sort%5B0%5D%5Bcolumn%5D=period&sort%5B0%5D%5Bdirection%5D=asc&sort%5B1%5D%5Bcolumn%5D=respondent&sort%5B1%5D%5Bdirection%5D=asc&offset=0&length=5000&facets%5Brespondent%5D%5B%5D=CISO&facets%5Brespondent%5D%5B%5D=ERCO&facets%5Brespondent%5D%5B%5D=ISNE&facets%5Brespondent%5D%5B%5D=MISO&facets%5Brespondent%5D%5B%5D=NYIS&facets%5Brespondent%5D%5B%5D=PJM&facets%5Brespondent%5D%5B%5D=SWPP&facets%5Brespondent%5D%5B%5D=US48&facets%5Btype%5D%5B%5D=D&facets%5Btype%5D%5B%5D=DF&facets%5Btype%5D%5B%5D=NG,2026-09-25T20:09:03Z,
eia930:NYIS,demand_forecast_mw,2026-09-24T04:00:00Z,13143,MW,PT1H,US-NY,,,eia:electricity/rto/region-data,https://api.eia.gov/v2/electricity/rto/region-data/data/?api_key=REDACTED&frequency=hourly&data%5B0%5D=value&start=2026-09-22T01&end=2026-09-25T00&sort%5B0%5D%5Bcolumn%5D=period&sort%5B0%5D%5Bdirection%5D=asc&sort%5B1%5D%5Bcolumn%5D=respondent&sort%5B1%5D%5Bdirection%5D=asc&offset=0&length=5000&facets%5Brespondent%5D%5B%5D=CISO&facets%5Brespondent%5D%5B%5D=ERCO&facets%5Brespondent%5D%5B%5D=ISNE&facets%5Brespondent%5D%5B%5D=MISO&facets%5Brespondent%5D%5B%5D=NYIS&facets%5Brespondent%5D%5B%5D=PJM&facets%5Brespondent%5D%5B%5D=SWPP&facets%5Brespondent%5D%5B%5D=US48&facets%5Btype%5D%5B%5D=D&facets%5Btype%5D%5B%5D=DF&facets%5Btype%5D%5B%5D=NG,2026-09-25T20:09:03Z,
eia930:NYIS,demand_forecast_mw,2026-09-24T05:00:00Z,12638,MW,PT1H,US-NY,,,eia:electricity/rto/region-data,https://api.eia.gov/v2/electricity/rto/region-data/data/?api_key=REDACTED&frequency=hourly&data%5B0%5D=value&start=2026-09-22T01&end=2026-09-25T00&sort%5B0%5D%5Bcolumn%5D=period&sort%5B0%5D%5Bdirection%5D=asc&sort%5B1%5D%5Bcolumn%5D=respondent&sort%5B1%5D%5Bdirection%5D=asc&offset=0&length=5000&facets%5Brespondent%5D%5B%5D=CISO&facets%5Brespondent%5D%5B%5D=ERCO&facets%5Brespondent%5D%5B%5D=ISNE&facets%5Brespondent%5D%5B%5D=MISO&facets%5Brespondent%5D%5B%5D=NYIS&facets%5Brespondent%5D%5B%5D=PJM&facets%5Brespondent%5D%5B%5D=SWPP&facets%5Brespondent%5D%5B%5D=US48&facets%5Btype%5D%5B%5D=D&facets%5Btype%5D%5B%5D=DF&facets%5Btype%5D%5B%5D=NG,2026-09-25T20:09:03Z,
eia930:NYIS,demand_forecast_mw,2026-09-24T06:00:00Z,12334,MW,PT1H,US-NY,,,eia:electricity/rto/region-data,https://api.eia.gov/v2/electricity/rto/region-data/data/?api_key=REDACTED&frequency=hourly&data%5B0%5D=value&start=2026-09-22T01&end=2026-09-25T00&sort%5B0%5D%5Bcolumn%5D=period&sort%5B0%5D%5Bdirection%5D=asc&sort%5B1%5D%5Bcolumn%5D=respondent&sort%5B1%5D%5Bdirection%5D=asc&offset=0&length=5000&facets%5Brespondent%5D%5B%5D=CISO&facets%5Brespondent%5D%5B%5D=ERCO&facets%5Brespondent%5D%5B%5D=ISNE&facets%5Brespondent%5D%5B%5D=MISO&facets%5Brespondent%5D%5B%5D=NYIS&facets%5Brespondent%5D%5B%5D=PJM&facets%5Brespondent%5D%5B%5D=SWPP&facets%5Brespondent%5D%5B%5D=US48&facets%5Btype%5D%5B%5D=D&facets%5Btype%5D%5B%5D=DF&facets%5Btype%5D%5B%5D=NG,2026-09-25T20:09:03Z,
eia930:NYIS,demand_forecast_mw,2026-09-24T07:00:00Z,12202,MW,PT1H,US-NY,,,eia:electricity/rto/region-data,https://api.eia.gov/v2/electricity/rto/region-data/data/?api_key=REDACTED&frequency=hourly&data%5B0%5D=value&start=2026-09-22T01&end=2026-09-25T00&sort%5B0%5D%5Bcolumn%5D=period&sort%5B0%5D%5Bdirection%5D=asc&sort%5B1%5D%5Bcolumn%5D=respondent&sort%5B1%5D%5Bdirection%5D=asc&offset=0&length=5000&facets%5Brespondent%5D%5B%5D=CISO&facets%5Brespondent%5D%5B%5D=ERCO&facets%5Brespondent%5D%5B%5D=ISNE&facets%5Brespondent%5D%5B%5D=MISO&facets%5Brespondent%5D%5B%5D=NYIS&facets%5Brespondent%5D%5B%5D=PJM&facets%5Brespondent%5D%5B%5D=SWPP&facets%5Brespondent%5D%5B%5D=US48&facets%5Btype%5D%5B%5D=D&facets%5Btype%5D%5B%5D=DF&facets%5Btype%5D%5B%5D=NG,2026-09-25T20:09:03Z,
eia930:NYIS,demand_forecast_mw,2026-09-24T08:00:00Z,12345,MW,PT1H,US-NY,,,eia:electricity/rto/region-data,https://api.eia.gov/v2/electricity/rto/region-data/data/?api_key=REDACTED&frequency=hourly&data%5B0%5D=value&start=2026-09-22T01&end=2026-09-25T00&sort%5B0%5D%5Bcolumn%5D=period&sort%5B0%5D%5Bdirection%5D=asc&sort%5B1%5D%5Bcolumn%5D=respondent&sort%5B1%5D%5Bdirection%5D=asc&offset=0&length=5000&facets%5Brespondent%5D%5B%5D=CISO&facets%5Brespondent%5D%5B%5D=ERCO&facets%5Brespondent%5D%5B%5D=ISNE&facets%5Brespondent%5D%5B%5D=MISO&facets%5Brespondent%5D%5B%5D=NYIS&facets%5Brespondent%5D%5B%5D=PJM&facets%5Brespondent%5D%5B%5D=SWPP&facets%5Brespondent%5D%5B%5D=US48&facets%5Btype%5D%5B%5D=D&facets%5Btype%5D%5B%5D=DF&facets%5Btype%5D%5B%5D=NG,2026-09-25T20:09:03Z,
eia930:NYIS,demand_forecast_mw,2026-09-24T09:00:00Z,13019,MW,PT1H,US-NY,,,eia:electricity/rto/region-data,https://api.eia.gov/v2/electricity/rto/region-data/data/?api_key=REDACTED&frequency=hourly&data%5B0%5D=value&start=2026-09-22T01&end=2026-09-25T00&sort%5B0%5D%5Bcolumn%5D=period&sort%5B0%5D%5Bdirection%5D=asc&sort%5B1%5D%5Bcolumn%5D=respondent&sort%5B1%5D%5Bdirection%5D=asc&offset=0&length=5000&facets%5Brespondent%5D%5B%5D=CISO&facets%5Brespondent%5D%5B%5D=ERCO&facets%5Brespondent%5D%5B%5D=ISNE&facets%5Brespondent%5D%5B%5D=MISO&facets%5Brespondent%5D%5B%5D=NYIS&facets%5Brespondent%5D%5B%5D=PJM&facets%5Brespondent%5D%5B%5D=SWPP&facets%5Brespondent%5D%5B%5D=US48&facets%5Btype%5D%5B%5D=D&facets%5Btype%5D%5B%5D=DF&facets%5Btype%5D%5B%5D=NG,2026-09-25T20:09:03Z,
eia930:NYIS,demand_forecast_mw,2026-09-24T10:00:00Z,14297,MW,PT1H,US-NY,,,eia:electricity/rto/region-data,https://api.eia.gov/v2/electricity/rto/region-data/data/?api_key=REDACTED&frequency=hourly&data%5B0%5D=value&start=2026-09-22T01&end=2026-09-25T00&sort%5B0%5D%5Bcolumn%5D=period&sort%5B0%5D%5Bdirection%5D=asc&sort%5B1%5D%5Bcolumn%5D=respondent&sort%5B1%5D%5Bdirection%5D=asc&offset=0&length=5000&facets%5Brespondent%5D%5B%5D=CISO&facets%5Brespondent%5D%5B%5D=ERCO&facets%5Brespondent%5D%5B%5D=ISNE&facets%5Brespondent%5D%5B%5D=MISO&facets%5Brespondent%5D%5B%5D=NYIS&facets%5Brespondent%5D%5B%5D=PJM&facets%5Brespondent%5D%5B%5D=SWPP&facets%5Brespondent%5D%5B%5D=US48&facets%5Btype%5D%5B%5D=D&facets%5Btype%5D%5B%5D=DF&facets%5Btype%5D%5B%5D=NG,2026-09-25T20:09:03Z,
eia930:NYIS,demand_forecast_mw,2026-09-24T11:00:00Z,14726,MW,PT1H,US-NY,,,eia:electricity/rto/region-data,https://api.eia.gov/v2/electricity/rto/region-data/data/?api_key=REDACTED&frequency=hourly&data%5B0%5D=value&start=2026-09-22T01&end=2026-09-25T00&sort%5B0%5D%5Bcolumn%5D=period&sort%5B0%5D%5Bdirection%5D=asc&sort%5B1%5D%5Bcolumn%5D=respondent&sort%5B1%5D%5Bdirection%5D=asc&offset=0&length=5000&facets%5Brespondent%5D%5B%5D=CISO&facets%5Brespondent%5D%5B%5D=ERCO&facets%5Brespondent%5D%5B%5D=ISNE&facets%5Brespondent%5D%5B%5D=MISO&facets%5Brespondent%5D%5B%5D=NYIS&facets%5Brespondent%5D%5B%5D=PJM&facets%5Brespondent%5D%5B%5D=SWPP&facets%5Brespondent%5D%5B%5D=US48&facets%5Btype%5D%5B%5D=D&facets%5Btype%5D%5B%5D=DF&facets%5Btype%5D%5B%5D=NG,2026-09-25T20:09:03Z,
eia930:NYIS,demand_forecast_mw,2026-09-24T12:00:00Z,14182,MW,PT1H,US-NY,,,eia:electricity/rto/region-data,https://api.eia.gov/v2/electricity/rto/region-data/data/?api_key=REDACTED&frequency=hourly&data%5B0%5D=value&start=2026-09-22T01&end=2026-09-25T00&sort%5B0%5D%5Bcolumn%5D=period&sort%5B0%5D%5Bdirection%5D=asc&sort%5B1%5D%5Bcolumn%5D=respondent&sort%5B1%5D%5Bdirection%5D=asc&offset=0&length=5000&facets%5Brespondent%5D%5B%5D=CISO&facets%5Brespondent%5D%5B%5D=ERCO&facets%5Brespondent%5D%5B%5D=ISNE&facets%5Brespondent%5D%5B%5D=MISO&facets%5Brespondent%5D%5B%5D=NYIS&facets%5Brespondent%5D%5B%5D=PJM&facets%5Brespondent%5D%5B%5D=SWPP&facets%5Brespondent%5D%5B%5D=US48&facets%5Btype%5D%5B%5D=D&facets%5Btype%5D%5B%5D=DF&facets%5Btype%5D%5B%5D=NG,2026-09-25T20:09:03Z,
eia930:NYIS,demand_forecast_mw,2026-09-24T13:00:00Z,13286,MW,PT1H,US-NY,,,eia:electricity/rto/region-data,https://api.eia.gov/v2/electricity/rto/region-data/data/?api_key=REDACTED&frequency=hourly&data%5B0%5D=value&start=2026-09-22T01&end=2026-09-25T00&sort%5B0%5D%5Bcolumn%5D=period&sort%5B0%5D%5Bdirection%5D=asc&sort%5B1%5D%5Bcolumn%5D=respondent&sort%5B1%5D%5Bdirection%5D=asc&offset=0&length=5000&facets%5Brespondent%5D%5B%5D=CISO&facets%5Brespondent%5D%5B%5D=ERCO&facets%5Brespondent%5D%5B%5D=ISNE&facets%5Brespondent%5D%5B%5D=MISO&facets%5Brespondent%5D%5B%5D=NYIS&facets%5Brespondent%5D%5B%5D=PJM&facets%5Brespondent%5D%5B%5D=SWPP&facets%5Brespondent%5D%5B%5D=US48&facets%5Btype%5D%5B%5D=D&facets%5Btype%5D%5B%5D=DF&facets%5Btype%5D%5B%5D=NG,2026-09-25T20:09:03Z,
eia930:NYIS,demand_forecast_mw,2026-09-24T14:00:00Z,12676,MW,PT1H,US-NY,,,eia:electricity/rto/region-data,https://api.eia.gov/v2/electricity/rto/region-data/data/?api_key=REDACTED&frequency=hourly&data%5B0%5D=value&start=2026-09-22T01&end=2026-09-25T00&sort%5B0%5D%5Bcolumn%5D=period&sort%5B0%5D%5Bdirection%5D=asc&sort%5B1%5D%5Bcolumn%5D=respondent&sort%5B1%5D%5Bdirection%5D=asc&offset=0&length=5000&facets%5Brespondent%5D%5B%5D=CISO&facets%5Brespondent%5D%5B%5D=ERCO&facets%5Brespondent%5D%5B%5D=ISNE&facets%5Brespondent%5D%5B%5D=MISO&facets%5Brespondent%5D%5B%5D=NYIS&facets%5Brespondent%5D%5B%5D=PJM&facets%5Brespondent%5D%5B%5D=SWPP&facets%5Brespondent%5D%5B%5D=US48&facets%5Btype%5D%5B%5D=D&facets%5Btype%5D%5B%5D=DF&facets%5Btype%5D%5B%5D=NG,2026-09-25T20:09:03Z,
eia930:NYIS,demand_forecast_mw,2026-09-24T15:00:00Z,12416,MW,PT1H,US-NY,,,eia:electricity/rto/region-data,https://api.eia.gov/v2/electricity/rto/region-data/data/?api_key=REDACTED&frequency=hourly&data%5B0%5D=value&start=2026-09-22T01&end=2026-09-25T00&sort%5B0%5D%5Bcolumn%5D=period&sort%5B0%5D%5Bdirection%5D=asc&sort%5B1%5D%5Bcolumn%5D=respondent&sort%5B1%5D%5Bdirection%5D=asc&offset=0&length=5000&facets%5Brespondent%5D%5B%5D=CISO&facets%5Brespondent%5D%5B%5D=ERCO&facets%5Brespondent%5D%5B%5D=ISNE&facets%5Brespondent%5D%5B%5D=MISO&facets%5Brespondent%5D%5B%5D=NYIS&facets%5Brespondent%5D%5B%5D=PJM&facets%5Brespondent%5D%5B%5D=SWPP&facets%5Brespondent%5D%5B%5D=US48&facets%5Btype%5D%5B%5D=D&facets%5Btype%5D%5B%5D=DF&facets%5Btype%5D%5B%5D=NG,2026-09-25T20:09:03Z,
eia930:NYIS,demand_forecast_mw,2026-09-24T16:00:00Z,12410,MW,PT1H,US-NY,,,eia:electricity/rto/region-data,https://api.eia.gov/v2/electricity/rto/region-data/data/?api_key=REDACTED&frequency=hourly&data%5B0%5D=value&start=2026-09-22T01&end=2026-09-25T00&sort%5B0%5D%5Bcolumn%5D=period&sort%5B0%5D%5Bdirection%5D=asc&sort%5B1%5D%5Bcolumn%5D=respondent&sort%5B1%5D%5Bdirection%5D=asc&offset=0&length=5000&facets%5Brespondent%5D%5B%5D=CISO&facets%5Brespondent%5D%5B%5D=ERCO&facets%5Brespondent%5D%5B%5D=ISNE&facets%5Brespondent%5D%5B%5D=MISO&facets%5Brespondent%5D%5B%5D=NYIS&facets%5Brespondent%5D%5B%5D=PJM&facets%5Brespondent%5D%5B%5D=SWPP&facets%5Brespondent%5D%5B%5D=US48&facets%5Btype%5D%5B%5D=D&facets%5Btype%5D%5B%5D=DF&facets%5Btype%5D%5B%5D=NG,2026-09-25T20:09:03Z,
eia930:NYIS,demand_forecast_mw,2026-09-24T17:00:00Z,12538,MW,PT1H,US-NY,,,eia:electricity/rto/region-data,https://api.eia.gov/v2/electricity/rto/region-data/data/?api_key=REDACTED&frequency=hourly&data%5B0%5D=value&start=2026-09-22T01&end=2026-09-25T00&sort%5B0%5D%5Bcolumn%5D=period&sort%5B0%5D%5Bdirection%5D=asc&sort%5B1%5D%5Bcolumn%5D=respondent&sort%5B1%5D%5Bdirection%5D=asc&offset=0&length=5000&facets%5Brespondent%5D%5B%5D=CISO&facets%5Brespondent%5D%5B%5D=ERCO&facets%5Brespondent%5D%5B%5D=ISNE&facets%5Brespondent%5D%5B%5D=MISO&facets%5Brespondent%5D%5B%5D=NYIS&facets%5Brespondent%5D%5B%5D=PJM&facets%5Brespondent%5D%5B%5D=SWPP&facets%5Brespondent%5D%5B%5D=US48&facets%5Btype%5D%5B%5D=D&facets%5Btype%5D%5B%5D=DF&facets%5Btype%5D%5B%5D=NG,2026-09-25T20:09:03Z,
eia930:NYIS,demand_forecast_mw,2026-09-24T18:00:00Z,12741,MW,PT1H,US-NY,,,eia:electricity/rto/region-data,https://api.eia.gov/v2/electricity/rto/region-data/data/?api_key=REDACTED&frequency=hourly&data%5B0%5D=value&start=2026-09-22T01&end=2026-09-25T00&sort%5B0%5D%5Bcolumn%5D=period&sort%5B0%5D%5Bdirection%5D=asc&sort%5B1%5D%5Bcolumn%5D=respondent&sort%5B1%5D%5Bdirection%5D=asc&offset=0&length=5000&facets%5Brespondent%5D%5B%5D=CISO&facets%5Brespondent%5D%5B%5D=ERCO&facets%5Brespondent%5D%5B%5D=ISNE&facets%5Brespondent%5D%5B%5D=MISO&facets%5Brespondent%5D%5B%5D=NYIS&facets%5Brespondent%5D%5B%5D=PJM&facets%5Brespondent%5D%5B%5D=SWPP&facets%5Brespondent%5D%5B%5D=US48&facets%5Btype%5D%5B%5D=D&facets%5Btype%5D%5B%5D=DF&facets%5Btype%5D%5B%5D=NG,2026-09-25T20:09:03Z,
eia930:NYIS,demand_forecast_mw,2026-09-24T19:00:00Z,13256,MW,PT1H,US-NY,,,eia:electricity/rto/region-data,https://api.eia.gov/v2/electricity/rto/region-data/data/?api_key=REDACTED&frequency=hourly&data%5B0%5D=value&start=2026-09-22T01&end=2026-09-25T00&sort%5B0%5D%5Bcolumn%5D=period&sort%5B0%5D%5Bdirection%5D=asc&sort%5B1%5D%5Bcolumn%5D=respondent&sort%5B1%5D%5Bdirection%5D=asc&offset=0&length=5000&facets%5Brespondent%5D%5B%5D=CISO&facets%5Brespondent%5D%5B%5D=ERCO&facets%5Brespondent%5D%5B%5D=ISNE&facets%5Brespondent%5D%5B%5D=MISO&facets%5Brespondent%5D%5B%5D=NYIS&facets%5Brespondent%5D%5B%5D=PJM&facets%5Brespondent%5D%5B%5D=SWPP&facets%5Brespondent%5D%5B%5D=US48&facets%5Btype%5D%5B%5D=D&facets%5Btype%5D%5B%5D=DF&facets%5Btype%5D%5B%5D=NG,2026-09-25T20:09:03Z,
eia930:NYIS,demand_forecast_mw,2026-09-24T20:00:00Z,14173,MW,PT1H,US-NY,,,eia:electricity/rto/region-data,https://api.eia.gov/v2/electricity/rto/region-data/data/?api_key=REDACTED&frequency=hourly&data%5B0%5D=value&start=2026-09-22T01&end=2026-09-25T00&sort%5B0%5D%5Bcolumn%5D=period&sort%5B0%5D%5Bdirection%5D=asc&sort%5B1%5D%5Bcolumn%5D=respondent&sort%5B1%5D%5Bdirection%5D=asc&offset=0&length=5000&facets%5Brespondent%5D%5B%5D=CISO&facets%5Brespondent%5D%5B%5D=ERCO&facets%5Brespondent%5D%5B%5D=ISNE&facets%5Brespondent%5D%5B%5D=MISO&facets%5Brespondent%5D%5B%5D=NYIS&facets%5Brespondent%5D%5B%5D=PJM&facets%5Brespondent%5D%5B%5D=SWPP&facets%5Brespondent%5D%5B%5D=US48&facets%5Btype%5D%5B%5D=D&facets%5Btype%5D%5B%5D=DF&facets%5Btype%5D%5B%5D=NG,2026-09-25T20:09:03Z,
eia930:NYIS,demand_forecast_mw,2026-09-24T21:00:00Z,15245,MW,PT1H,US-NY,,,eia:electricity/rto/region-data,https://api.eia.gov/v2/electricity/rto/region-data/data/?api_key=REDACTED&frequency=hourly&data%5B0%5D=value&start=2026-09-22T01&end=2026-09-25T00&sort%5B0%5D%5Bcolumn%5D=period&sort%5B0%5D%5Bdirection%5D=asc&sort%5B1%5D%5Bcolumn%5D=respondent&sort%5B1%5D%5Bdirection%5D=asc&offset=0&length=5000&facets%5Brespondent%5D%5B%5D=CISO&facets%5Brespondent%5D%5B%5D=ERCO&facets%5Brespondent%5D%5B%5D=ISNE&facets%5Brespondent%5D%5B%5D=MISO&facets%5Brespondent%5D%5B%5D=NYIS&facets%5Brespondent%5D%5B%5D=PJM&facets%5Brespondent%5D%5B%5D=SWPP&facets%5Brespondent%5D%5B%5D=US48&facets%5Btype%5D%5B%5D=D&facets%5Btype%5D%5B%5D=DF&facets%5Btype%5D%5B%5D=NG,2026-09-25T20:09:03Z,
eia930:NYIS,demand_forecast_mw,2026-09-24T22:00:00Z,16183,MW,PT1H,US-NY,,,eia:electricity/rto/region-data,https://api.eia.gov/v2/electricity/rto/region-data/data/?api_key=REDACTED&frequency=hourly&data%5B0%5D=value&start=2026-09-22T01&end=2026-09-25T00&sort%5B0%5D%5Bcolumn%5D=period&sort%5B0%5D%5Bdirection%5D=asc&sort%5B1%5D%5Bcolumn%5D=respondent&sort%5B1%5D%5Bdirection%5D=asc&offset=0&length=5000&facets%5Brespondent%5D%5B%5D=CISO&facets%5Brespondent%5D%5B%5D=ERCO&facets%5Brespondent%5D%5B%5D=ISNE&facets%5Brespondent%5D%5B%5D=MISO&facets%5Brespondent%5D%5B%5D=NYIS&facets%5Brespondent%5D%5B%5D=PJM&facets%5Brespondent%5D%5B%5D=SWPP&facets%5Brespondent%5D%5B%5D=US48&facets%5Btype%5D%5B%5D=D&facets%5Btype%5D%5B%5D=DF&facets%5Btype%5D%5B%5D=NG,2026-09-25T20:09:03Z,
eia930:NYIS,demand_forecast_mw,2026-09-24T23:00:00Z,16725,MW,PT1H,US-NY,,,eia:electricity/rto/region-data,https://api.eia.gov/v2/electricity/rto/region-data/data/?api_key=REDACTED&frequency=hourly&data%5B0%5D=value&start=2026-09-22T01&end=2026-09-25T00&sort%5B0%5D%5Bcolumn%5D=period&sort%5B0%5D%5Bdirection%5D=asc&sort%5B1%5D%5Bcolumn%5D=respondent&sort%5B1%5D%5Bdirection%5D=asc&offset=0&length=5000&facets%5Brespondent%5D%5B%5D=CISO&facets%5Brespondent%5D%5B%5D=ERCO&facets%5Brespondent%5D%5B%5D=ISNE&facets%5Brespondent%5D%5B%5D=MISO&facets%5Brespondent%5D%5B%5D=NYIS&facets%5Brespondent%5D%5B%5D=PJM&facets%5Brespondent%5D%5B%5D=SWPP&facets%5Brespondent%5D%5B%5D=US48&facets%5Btype%5D%5B%5D=D&facets%5Btype%5D%5B%5D=DF&facets%5Btype%5D%5B%5D=NG,2026-09-25T20:09:03Z,
eia930:NYIS,demand_mw,2026-09-22T00:00:00Z,17696,MW,PT1H,US-NY,,,eia:electricity/rto/region-data,https://api.eia.gov/v2/electricity/rto/region-data/data/?api_key=REDACTED&frequency=hourly&data%5B0%5D=value&start=2026-09-22T01&end=2026-09-25T00&sort%5B0%5D%5Bcolumn%5D=period&sort%5B0%5D%5Bdirection%5D=asc&sort%5B1%5D%5Bcolumn%5D=respondent&sort%5B1%5D%5Bdirection%5D=asc&offset=0&length=5000&facets%5Brespondent%5D%5B%5D=CISO&facets%5Brespondent%5D%5B%5D=ERCO&facets%5Brespondent%5D%5B%5D=ISNE&facets%5Brespondent%5D%5B%5D=MISO&facets%5Brespondent%5D%5B%5D=NYIS&facets%5Brespondent%5D%5B%5D=PJM&facets%5Brespondent%5D%5B%5D=SWPP&facets%5Brespondent%5D%5B%5D=US48&facets%5Btype%5D%5B%5D=D&facets%5Btype%5D%5B%5D=DF&facets%5Btype%5D%5B%5D=NG,2026-09-25T20:09:03Z,
eia930:NYIS,demand_mw,2026-09-22T01:00:00Z,16886,MW,PT1H,US-NY,,,eia:electricity/rto/region-data,https://api.eia.gov/v2/electricity/rto/region-data/data/?api_key=REDACTED&frequency=hourly&data%5B0%5D=value&start=2026-09-22T01&end=2026-09-25T00&sort%5B0%5D%5Bcolumn%5D=period&sort%5B0%5D%5Bdirection%5D=asc&sort%5B1%5D%5Bcolumn%5D=respondent&sort%5B1%5D%5Bdirection%5D=asc&offset=0&length=5000&facets%5Brespondent%5D%5B%5D=CISO&facets%5Brespondent%5D%5B%5D=ERCO&facets%5Brespondent%5D%5B%5D=ISNE&facets%5Brespondent%5D%5B%5D=MISO&facets%5Brespondent%5D%5B%5D=NYIS&facets%5Brespondent%5D%5B%5D=PJM&facets%5Brespondent%5D%5B%5D=SWPP&facets%5Brespondent%5D%5B%5D=US48&facets%5Btype%5D%5B%5D=D&facets%5Btype%5D%5B%5D=DF&facets%5Btype%5D%5B%5D=NG,2026-09-25T20:09:03Z,
eia930:NYIS,demand_mw,2026-09-22T02:00:00Z,15915,MW,PT1H,US-NY,,,eia:electricity/rto/region-data,https://api.eia.gov/v2/electricity/rto/region-data/data/?api_key=REDACTED&frequency=hourly&data%5B0%5D=value&start=2026-09-22T01&end=2026-09-25T00&sort%5B0%5D%5Bcolumn%5D=period&sort%5B0%5D%5Bdirection%5D=asc&sort%5B1%5D%5Bcolumn%5D=respondent&sort%5B1%5D%5Bdirection%5D=asc&offset=0&length=5000&facets%5Brespondent%5D%5B%5D=CISO&facets%5Brespondent%5D%5B%5D=ERCO&facets%5Brespondent%5D%5B%5D=ISNE&facets%5Brespondent%5D%5B%5D=MISO&facets%5Brespondent%5D%5B%5D=NYIS&facets%5Brespondent%5D%5B%5D=PJM&facets%5Brespondent%5D%5B%5D=SWPP&facets%5Brespondent%5D%5B%5D=US48&facets%5Btype%5D%5B%5D=D&facets%5Btype%5D%5B%5D=DF&facets%5Btype%5D%5B%5D=NG,2026-09-25T20:09:03Z,
eia930:NYIS,demand_mw,2026-09-22T03:00:00Z,14914,MW,PT1H,US-NY,,,eia:electricity/rto/region-data,https://api.eia.gov/v2/electricity/rto/region-data/data/?api_key=REDACTED&frequency=hourly&data%5B0%5D=value&start=2026-09-22T01&end=2026-09-25T00&sort%5B0%5D%5Bcolumn%5D=period&sort%5B0%5D%5Bdirection%5D=asc&sort%5B1%5D%5Bcolumn%5D=respondent&sort%5B1%5D%5Bdirection%5D=asc&offset=0&length=5000&facets%5Brespondent%5D%5B%5D=CISO&facets%5Brespondent%5D%5B%5D=ERCO&facets%5Brespondent%5D%5B%5D=ISNE&facets%5Brespondent%5D%5B%5D=MISO&facets%5Brespondent%5D%5B%5D=NYIS&facets%5Brespondent%5D%5B%5D=PJM&facets%5Brespondent%5D%5B%5D=SWPP&facets%5Brespondent%5D%5B%5D=US48&facets%5Btype%5D%5B%5D=D&facets%5Btype%5D%5B%5D=DF&facets%5Btype%5D%5B%5D=NG,2026-09-25T20:09:03Z,
eia930:NYIS,demand_mw,2026-09-22T04:00:00Z,14158,MW,PT1H,US-NY,,,eia:electricity/rto/region-data,https://api.eia.gov/v2/electricity/rto/region-data/data/?api_key=REDACTED&frequency=hourly&data%5B0%5D=value&start=2026-09-22T01&end=2026-09-25T00&sort%5B0%5D%5Bcolumn%5D=period&sort%5B0%5D%5Bdirection%5D=asc&sort%5B1%5D%5Bcolumn%5D=respondent&sort%5B1%5D%5Bdirection%5D=asc&offset=0&length=5000&facets%5Brespondent%5D%5B%5D=CISO&facets%5Brespondent%5D%5B%5D=ERCO&facets%5Brespondent%5D%5B%5D=ISNE&facets%5Brespondent%5D%5B%5D=MISO&facets%5Brespondent%5D%5B%5D=NYIS&facets%5Brespondent%5D%5B%5D=PJM&facets%5Brespondent%5D%5B%5D=SWPP&facets%5Brespondent%5D%5B%5D=US48&facets%5Btype%5D%5B%5D=D&facets%5Btype%5D%5B%5D=DF&facets%5Btype%5D%5B%5D=NG,2026-09-25T20:09:03Z,
eia930:NYIS,demand_mw,2026-09-22T05:00:00Z,13521,MW,PT1H,US-NY,,,eia:electricity/rto/region-data,https://api.eia.gov/v2/electricity/rto/region-data/data/?api_key=REDACTED&frequency=hourly&data%5B0%5D=value&start=2026-09-22T01&end=2026-09-25T00&sort%5B0%5D%5Bcolumn%5D=period&sort%5B0%5D%5Bdirection%5D=asc&sort%5B1%5D%5Bcolumn%5D=respondent&sort%5B1%5D%5Bdirection%5D=asc&offset=0&length=5000&facets%5Brespondent%5D%5B%5D=CISO&facets%5Brespondent%5D%5B%5D=ERCO&facets%5Brespondent%5D%5B%5D=ISNE&facets%5Brespondent%5D%5B%5D=MISO&facets%5Brespondent%5D%5B%5D=NYIS&facets%5Brespondent%5D%5B%5D=PJM&facets%5Brespondent%5D%5B%5D=SWPP&facets%5Brespondent%5D%5B%5D=US48&facets%5Btype%5D%5B%5D=D&facets%5Btype%5D%5B%5D=DF&facets%5Btype%5D%5B%5D=NG,2026-09-25T20:09:03Z,
eia930:NYIS,demand_mw,2026-09-22T06:00:00Z,13118,MW,PT1H,US-NY,,,eia:electricity/rto/region-data,https://api.eia.gov/v2/electricity/rto/region-data/data/?api_key=REDACTED&frequency=hourly&data%5B0%5D=value&start=2026-09-22T01&end=2026-09-25T00&sort%5B0%5D%5Bcolumn%5D=period&sort%5B0%5D%5Bdirection%5D=asc&sort%5B1%5D%5Bcolumn%5D=respondent&sort%5B1%5D%5Bdirection%5D=asc&offset=0&length=5000&facets%5Brespondent%5D%5B%5D=CISO&facets%5Brespondent%5D%5B%5D=ERCO&facets%5Brespondent%5D%5B%5D=ISNE&facets%5Brespondent%5D%5B%5D=MISO&facets%5Brespondent%5D%5B%5D=NYIS&facets%5Brespondent%5D%5B%5D=PJM&facets%5Brespondent%5D%5B%5D=SWPP&facets%5Brespondent%5D%5B%5D=US48&facets%5Btype%5D%5B%5D=D&facets%5Btype%5D%5B%5D=DF&facets%5Btype%5D%5B%5D=NG,2026-09-25T20:09:03Z,
eia930:NYIS,demand_mw,2026-09-22T07:00:00Z,12903,MW,PT1H,US-NY,,,eia:electricity/rto/region-data,https://api.eia.gov/v2/electricity/rto/region-data/data/?api_key=REDACTED&frequency=hourly&data%5B0%5D=value&start=2026-09-22T01&end=2026-09-25T00&sort%5B0%5D%5Bcolumn%5D=period&sort%5B0%5D%5Bdirection%5D=asc&sort%5B1%5D%5Bcolumn%5D=respondent&sort%5B1%5D%5Bdirection%5D=asc&offset=0&length=5000&facets%5Brespondent%5D%5B%5D=CISO&facets%5Brespondent%5D%5B%5D=ERCO&facets%5Brespondent%5D%5B%5D=ISNE&facets%5Brespondent%5D%5B%5D=MISO&facets%5Brespondent%5D%5B%5D=NYIS&facets%5Brespondent%5D%5B%5D=PJM&facets%5Brespondent%5D%5B%5D=SWPP&facets%5Brespondent%5D%5B%5D=US48&facets%5Btype%5D%5B%5D=D&facets%5Btype%5D%5B%5D=DF&facets%5Btype%5D%5B%5D=NG,2026-09-25T20:09:03Z,
eia930:NYIS,demand_mw,2026-09-22T08:00:00Z,13007,MW,PT1H,US-NY,,,eia:electricity/rto/region-data,https://api.eia.gov/v2/electricity/rto/region-data/data/?api_key=REDACTED&frequency=hourly&data%5B0%5D=value&start=2026-09-22T01&end=2026-09-25T00&sort%5B0%5D%5Bcolumn%5D=period&sort%5B0%5D%5Bdirection%5D=asc&sort%5B1%5D%5Bcolumn%5D=respondent&sort%5B1%5D%5Bdirection%5D=asc&offset=0&length=5000&facets%5Brespondent%5D%5B%5D=CISO&facets%5Brespondent%5D%5B%5D=ERCO&facets%5Brespondent%5D%5B%5D=ISNE&facets%5Brespondent%5D%5B%5D=MISO&facets%5Brespondent%5D%5B%5D=NYIS&facets%5Brespondent%5D%5B%5D=PJM&facets%5Brespondent%5D%5B%5D=SWPP&facets%5Brespondent%5D%5B%5D=US48&facets%5Btype%5D%5B%5D=D&facets%5Btype%5D%5B%5D=DF&facets%5Btype%5D%5B%5D=NG,2026-09-25T20:09:03Z,
eia930:NYIS,demand_mw,2026-09-22T09:00:00Z,13646,MW,PT1H,US-NY,,,eia:electricity/rto/region-data,https://api.eia.gov/v2/electricity/rto/region-data/data/?api_key=REDACTED&frequency=hourly&data%5B0%5D=value&start=2026-09-22T01&end=2026-09-25T00&sort%5B0%5D%5Bcolumn%5D=period&sort%5B0%5D%5Bdirection%5D=asc&sort%5B1%5D%5Bcolumn%5D=respondent&sort%5B1%5D%5Bdirection%5D=asc&offset=0&length=5000&facets%5Brespondent%5D%5B%5D=CISO&facets%5Brespondent%5D%5B%5D=ERCO&facets%5Brespondent%5D%5B%5D=ISNE&facets%5Brespondent%5D%5B%5D=MISO&facets%5Brespondent%5D%5B%5D=NYIS&facets%5Brespondent%5D%5B%5D=PJM&facets%5Brespondent%5D%5B%5D=SWPP&facets%5Brespondent%5D%5B%5D=US48&facets%5Btype%5D%5B%5D=D&facets%5Btype%5D%5B%5D=DF&facets%5Btype%5D%5B%5D=NG,2026-09-25T20:09:03Z,
eia930:NYIS,demand_mw,2026-09-22T10:00:00Z,14980,MW,PT1H,US-NY,,,eia:electricity/rto/region-data,https://api.eia.gov/v2/electricity/rto/region-data/data/?api_key=REDACTED&frequency=hourly&data%5B0%5D=value&start=2026-09-22T01&end=2026-09-25T00&sort%5B0%5D%5Bcolumn%5D=period&sort%5B0%5D%5Bdirection%5D=asc&sort%5B1%5D%5Bcolumn%5D=respondent&sort%5B1%5D%5Bdirection%5D=asc&offset=0&length=5000&facets%5Brespondent%5D%5B%5D=CISO&facets%5Brespondent%5D%5B%5D=ERCO&facets%5Brespondent%5D%5B%5D=ISNE&facets%5Brespondent%5D%5B%5D=MISO&facets%5Brespondent%5D%5B%5D=NYIS&facets%5Brespondent%5D%5B%5D=PJM&facets%5Brespondent%5D%5B%5D=SWPP&facets%5Brespondent%5D%5B%5D=US48&facets%5Btype%5D%5B%5D=D&facets%5Btype%5D%5B%5D=DF&facets%5Btype%5D%5B%5D=NG,2026-09-25T20:09:03Z,
eia930:NYIS,demand_mw,2026-09-22T11:00:00Z,15697,MW,PT1H,US-NY,,,eia:electricity/rto/region-data,https://api.eia.gov/v2/electricity/rto/region-data/data/?api_key=REDACTED&frequency=hourly&data%5B0%5D=value&start=2026-09-22T01&end=2026-09-25T00&sort%5B0%5D%5Bcolumn%5D=period&sort%5B0%5D%5Bdirection%5D=asc&sort%5B1%5D%5Bcolumn%5D=respondent&sort%5B1%5D%5Bdirection%5D=asc&offset=0&length=5000&facets%5Brespondent%5D%5B%5D=CISO&facets%5Brespondent%5D%5B%5D=ERCO&facets%5Brespondent%5D%5B%5D=ISNE&facets%5Brespondent%5D%5B%5D=MISO&facets%5Brespondent%5D%5B%5D=NYIS&facets%5Brespondent%5D%5B%5D=PJM&facets%5Brespondent%5D%5B%5D=SWPP&facets%5Brespondent%5D%5B%5D=US48&facets%5Btype%5D%5B%5D=D&facets%5Btype%5D%5B%5D=DF&facets%5Btype%5D%5B%5D=NG,2026-09-25T20:09:03Z,
eia930:NYIS,demand_mw,2026-09-22T12:00:00Z,15416,MW,PT1H,US-NY,,,eia:electricity/rto/region-data,https://api.eia.gov/v2/electricity/rto/region-data/data/?api_key=REDACTED&frequency=hourly&data%5B0%5D=value&start=2026-09-22T01&end=2026-09-25T00&sort%5B0%5D%5Bcolumn%5D=period&sort%5B0%5D%5Bdirection%5D=asc&sort%5B1%5D%5Bcolumn%5D=respondent&sort%5B1%5D%5Bdirection%5D=asc&offset=0&length=5000&facets%5Brespondent%5D%5B%5D=CISO&facets%5Brespondent%5D%5B%5D=ERCO&facets%5Brespondent%5D%5B%5D=ISNE&facets%5Brespondent%5D%5B%5D=MISO&facets%5Brespondent%5D%5B%5D=NYIS&facets%5Brespondent%5D%5B%5D=PJM&facets%5Brespondent%5D%5B%5D=SWPP&facets%5Brespondent%5D%5B%5D=US48&facets%5Btype%5D%5B%5D=D&facets%5Btype%5D%5B%5D=DF&facets%5Btype%5D%5B%5D=NG,2026-09-25T20:09:03Z,
eia930:NYIS,demand_mw,2026-09-22T13:00:00Z,14738,MW,PT1H,US-NY,,,eia:electricity/rto/region-data,https://api.eia.gov/v2/electricity/rto/region-data/data/?api_key=REDACTED&frequency=hourly&data%5B0%5D=value&start=2026-09-22T01&end=2026-09-25T00&sort%5B0%5D%5Bcolumn%5D=period&sort%5B0%5D%5Bdirection%5D=asc&sort%5B1%5D%5Bcolumn%5D=respondent&sort%5B1%5D%5Bdirection%5D=asc&offset=0&length=5000&facets%5Brespondent%5D%5B%5D=CISO&facets%5Brespondent%5D%5B%5D=ERCO&facets%5Brespondent%5D%5B%5D=ISNE&facets%5Brespondent%5D%5B%5D=MISO&facets%5Brespondent%5D%5B%5D=NYIS&facets%5Brespondent%5D%5B%5D=PJM&facets%5Brespondent%5D%5B%5D=SWPP&facets%5Brespondent%5D%5B%5D=US48&facets%5Btype%5D%5B%5D=D&facets%5Btype%5D%5B%5D=DF&facets%5Btype%5D%5B%5D=NG,2026-09-25T20:09:03Z,
eia930:NYIS,demand_mw,2026-09-22T14:00:00Z,14141,MW,PT1H,US-NY,,,eia:electricity/rto/region-data,https://api.eia.gov/v2/electricity/rto/region-data/data/?api_key=REDACTED&frequency=hourly&data%5B0%5D=value&start=2026-09-22T01&end=2026-09-25T00&sort%5B0%5D%5Bcolumn%5D=period&sort%5B0%5D%5Bdirection%5D=asc&sort%5B1%5D%5Bcolumn%5D=respondent&sort%5B1%5D%5Bdirection%5D=asc&offset=0&length=5000&facets%5Brespondent%5D%5B%5D=CISO&facets%5Brespondent%5D%5B%5D=ERCO&facets%5Brespondent%5D%5B%5D=ISNE&facets%5Brespondent%5D%5B%5D=MISO&facets%5Brespondent%5D%5B%5D=NYIS&facets%5Brespondent%5D%5B%5D=PJM&facets%5Brespondent%5D%5B%5D=SWPP&facets%5Brespondent%5D%5B%5D=US48&facets%5Btype%5D%5B%5D=D&facets%5Btype%5D%5B%5D=DF&facets%5Btype%5D%5B%5D=NG,2026-09-25T20:09:03Z,
eia930:NYIS,demand_mw,2026-09-22T15:00:00Z,13921,MW,PT1H,US-NY,,,eia:electricity/rto/region-data,https://api.eia.gov/v2/electricity/rto/region-data/data/?api_key=REDACTED&frequency=hourly&data%5B0%5D=value&start=2026-09-22T01&end=2026-09-25T00&sort%5B0%5D%5Bcolumn%5D=period&sort%5B0%5D%5Bdirection%5D=asc&sort%5B1%5D%5Bcolumn%5D=respondent&sort%5B1%5D%5Bdirection%5D=asc&offset=0&length=5000&facets%5Brespondent%5D%5B%5D=CISO&facets%5Brespondent%5D%5B%5D=ERCO&facets%5Brespondent%5D%5B%5D=ISNE&facets%5Brespondent%5D%5B%5D=MISO&facets%5Brespondent%5D%5B%5D=NYIS&facets%5Brespondent%5D%5B%5D=PJM&facets%5Brespondent%5D%5B%5D=SWPP&facets%5Brespondent%5D%5B%5D=US48&facets%5Btype%5D%5B%5D=D&facets%5Btype%5D%5B%5D=DF&facets%5Btype%5D%5B%5D=NG,2026-09-25T20:09:03Z,
eia930:NYIS,demand_mw,2026-09-22T16:00:00Z,13951,MW,PT1H,US-NY,,,eia:electricity/rto/region-data,https://api.eia.gov/v2/electricity/rto/region-data/data/?api_key=REDACTED&frequency=hourly&data%5B0%5D=value&start=2026-09-22T01&end=2026-09-25T00&sort%5B0%5D%5Bcolumn%5D=period&sort%5B0%5D%5Bdirection%5D=asc&sort%5B1%5D%5Bcolumn%5D=respondent&sort%5B1%5D%5Bdirection%5D=asc&offset=0&length=5000&facets%5Brespondent%5D%5B%5D=CISO&facets%5Brespondent%5D%5B%5D=ERCO&facets%5Brespondent%5D%5B%5D=ISNE&facets%5Brespondent%5D%5B%5D=MISO&facets%5Brespondent%5D%5B%5D=NYIS&facets%5Brespondent%5D%5B%5D=PJM&facets%5Brespondent%5D%5B%5D=SWPP&facets%5Brespondent%5D%5B%5D=US48&facets%5Btype%5D%5B%5D=D&facets%5Btype%5D%5B%5D=DF&facets%5Btype%5D%5B%5D=NG,2026-09-25T20:09:03Z,
eia930:NYIS,demand_mw,2026-09-22T17:00:00Z,14340,MW,PT1H,US-NY,,,eia:electricity/rto/region-data,https://api.eia.gov/v2/electricity/rto/region-data/data/?api_key=REDACTED&frequency=hourly&data%5B0%5D=value&start=2026-09-22T01&end=2026-09-25T00&sort%5B0%5D%5Bcolumn%5D=period&sort%5B0%5D%5Bdirection%5D=asc&sort%5B1%5D%5Bcolumn%5D=respondent&sort%5B1%5D%5Bdirection%5D=asc&offset=0&length=5000&facets%5Brespondent%5D%5B%5D=CISO&facets%5Brespondent%5D%5B%5D=ERCO&facets%5Brespondent%5D%5B%5D=ISNE&facets%5Brespondent%5D%5B%5D=MISO&facets%5Brespondent%5D%5B%5D=NYIS&facets%5Brespondent%5D%5B%5D=PJM&facets%5Brespondent%5D%5B%5D=SWPP&facets%5Brespondent%5D%5B%5D=US48&facets%5Btype%5D%5B%5D=D&facets%5Btype%5D%5B%5D=DF&facets%5Btype%5D%5B%5D=NG,2026-09-25T20:09:03Z,
eia930:NYIS,demand_mw,2026-09-22T18:00:00Z,14779,MW,PT1H,US-NY,,,eia:electricity/rto/region-data,https://api.eia.gov/v2/electricity/rto/region-data/data/?api_key=REDACTED&frequency=hourly&data%5B0%5D=value&start=2026-09-22T01&end=2026-09-25T00&sort%5B0%5D%5Bcolumn%5D=period&sort%5B0%5D%5Bdirection%5D=asc&sort%5B1%5D%5Bcolumn%5D=respondent&sort%5B1%5D%5Bdirection%5D=asc&offset=0&length=5000&facets%5Brespondent%5D%5B%5D=CISO&facets%5Brespondent%5D%5B%5D=ERCO&facets%5Brespondent%5D%5B%5D=ISNE&facets%5Brespondent%5D%5B%5D=MISO&facets%5Brespondent%5D%5B%5D=NYIS&facets%5Brespondent%5D%5B%5D=PJM&facets%5Brespondent%5D%5B%5D=SWPP&facets%5Brespondent%5D%5B%5D=US48&facets%5Btype%5D%5B%5D=D&facets%5Btype%5D%5B%5D=DF&facets%5Btype%5D%5B%5D=NG,2026-09-25T20:09:03Z,
eia930:NYIS,demand_mw,2026-09-22T19:00:00Z,15102,MW,PT1H,US-NY,,,eia:electricity/rto/region-data,https://api.eia.gov/v2/electricity/rto/region-data/data/?api_key=REDACTED&frequency=hourly&data%5B0%5D=value&start=2026-09-22T01&end=2026-09-25T00&sort%5B0%5D%5Bcolumn%5D=period&sort%5B0%5D%5Bdirection%5D=asc&sort%5B1%5D%5Bcolumn%5D=respondent&sort%5B1%5D%5Bdirection%5D=asc&offset=0&length=5000&facets%5Brespondent%5D%5B%5D=CISO&facets%5Brespondent%5D%5B%5D=ERCO&facets%5Brespondent%5D%5B%5D=ISNE&facets%5Brespondent%5D%5B%5D=MISO&facets%5Brespondent%5D%5B%5D=NYIS&facets%5Brespondent%5D%5B%5D=PJM&facets%5Brespondent%5D%5B%5D=SWPP&facets%5Brespondent%5D%5B%5D=US48&facets%5Btype%5D%5B%5D=D&facets%5Btype%5D%5B%5D=DF&facets%5Btype%5D%5B%5D=NG,2026-09-25T20:09:03Z,
eia930:NYIS,demand_mw,2026-09-22T20:00:00Z,15647,MW,PT1H,US-NY,,,eia:electricity/rto/region-data,https://api.eia.gov/v2/electricity/rto/region-data/data/?api_key=REDACTED&frequency=hourly&data%5B0%5D=value&start=2026-09-22T01&end=2026-09-25T00&sort%5B0%5D%5Bcolumn%5D=period&sort%5B0%5D%5Bdirection%5D=asc&sort%5B1%5D%5Bcolumn%5D=respondent&sort%5B1%5D%5Bdirection%5D=asc&offset=0&length=5000&facets%5Brespondent%5D%5B%5D=CISO&facets%5Brespondent%5D%5B%5D=ERCO&facets%5Brespondent%5D%5B%5D=ISNE&facets%5Brespondent%5D%5B%5D=MISO&facets%5Brespondent%5D%5B%5D=NYIS&facets%5Brespondent%5D%5B%5D=PJM&facets%5Brespondent%5D%5B%5D=SWPP&facets%5Brespondent%5D%5B%5D=US48&facets%5Btype%5D%5B%5D=D&facets%5Btype%5D%5B%5D=DF&facets%5Btype%5D%5B%5D=NG,2026-09-25T20:09:03Z,
eia930:NYIS,demand_mw,2026-09-22T21:00:00Z,16518,MW,PT1H,US-NY,,,eia:electricity/rto/region-data,https://api.eia.gov/v2/electricity/rto/region-data/data/?api_key=REDACTED&frequency=hourly&data%5B0%5D=value&start=2026-09-22T01&end=2026-09-25T00&sort%5B0%5D%5Bcolumn%5D=period&sort%5B0%5D%5Bdirection%5D=asc&sort%5B1%5D%5Bcolumn%5D=respondent&sort%5B1%5D%5Bdirection%5D=asc&offset=0&length=5000&facets%5Brespondent%5D%5B%5D=CISO&facets%5Brespondent%5D%5B%5D=ERCO&facets%5Brespondent%5D%5B%5D=ISNE&facets%5Brespondent%5D%5B%5D=MISO&facets%5Brespondent%5D%5B%5D=NYIS&facets%5Brespondent%5D%5B%5D=PJM&facets%5Brespondent%5D%5B%5D=SWPP&facets%5Brespondent%5D%5B%5D=US48&facets%5Btype%5D%5B%5D=D&facets%5Btype%5D%5B%5D=DF&facets%5Btype%5D%5B%5D=NG,2026-09-25T20:09:03Z,
eia930:NYIS,demand_mw,2026-09-22T22:00:00Z,17316,MW,PT1H,US-NY,,,eia:electricity/rto/region-data,https://api.eia.gov/v2/electricity/rto/region-data/data/?api_key=REDACTED&frequency=hourly&data%5B0%5D=value&start=2026-09-22T01&end=2026-09-25T00&sort%5B0%5D%5Bcolumn%5D=period&sort%5B0%5D%5Bdirection%5D=asc&sort%5B1%5D%5Bcolumn%5D=respondent&sort%5B1%5D%5Bdirection%5D=asc&offset=0&length=5000&facets%5Brespondent%5D%5B%5D=CISO&facets%5Brespondent%5D%5B%5D=ERCO&facets%5Brespondent%5D%5B%5D=ISNE&facets%5Brespondent%5D%5B%5D=MISO&facets%5Brespondent%5D%5B%5D=NYIS&facets%5Brespondent%5D%5B%5D=PJM&facets%5Brespondent%5D%5B%5D=SWPP&facets%5Brespondent%5D%5B%5D=US48&facets%5Btype%5D%5B%5D=D&facets%5Btype%5D%5B%5D=DF&facets%5Btype%5D%5B%5D=NG,2026-09-25T20:09:03Z,
eia930:NYIS,demand_mw,2026-09-22T23:00:00Z,17569,MW,PT1H,US-NY,,,eia:electricity/rto/region-data,https://api.eia.gov/v2/electricity/rto/region-data/data/?api_key=REDACTED&frequency=hourly&data%5B0%5D=value&start=2026-09-22T01&end=2026-09-25T00&sort%5B0%5D%5Bcolumn%5D=period&sort%5B0%5D%5Bdirection%5D=asc&sort%5B1%5D%5Bcolumn%5D=respondent&sort%5B1%5D%5Bdirection%5D=asc&offset=0&length=5000&facets%5Brespondent%5D%5B%5D=CISO&facets%5Brespondent%5D%5B%5D=ERCO&facets%5Brespondent%5D%5B%5D=ISNE&facets%5Brespondent%5D%5B%5D=MISO&facets%5Brespondent%5D%5B%5D=NYIS&facets%5Brespondent%5D%5B%5D=PJM&facets%5Brespondent%5D%5B%5D=SWPP&facets%5Brespondent%5D%5B%5D=US48&facets%5Btype%5D%5B%5D=D&facets%5Btype%5D%5B%5D=DF&facets%5Btype%5D%5B%5D=NG,2026-09-25T20:09:03Z,
eia930:NYIS,demand_mw,2026-09-23T00:00:00Z,17074,MW,PT1H,US-NY,,,eia:electricity/rto/region-data,https://api.eia.gov/v2/electricity/rto/region-data/data/?api_key=REDACTED&frequency=hourly&data%5B0%5D=value&start=2026-09-22T01&end=2026-09-25T00&sort%5B0%5D%5Bcolumn%5D=period&sort%5B0%5D%5Bdirection%5D=asc&sort%5B1%5D%5Bcolumn%5D=respondent&sort%5B1%5D%5Bdirection%5D=asc&offset=0&length=5000&facets%5Brespondent%5D%5B%5D=CISO&facets%5Brespondent%5D%5B%5D=ERCO&facets%5Brespondent%5D%5B%5D=ISNE&facets%5Brespondent%5D%5B%5D=MISO&facets%5Brespondent%5D%5B%5D=NYIS&facets%5Brespondent%5D%5B%5D=PJM&facets%5Brespondent%5D%5B%5D=SWPP&facets%5Brespondent%5D%5B%5D=US48&facets%5Btype%5D%5B%5D=D&facets%5Btype%5D%5B%5D=DF&facets%5Btype%5D%5B%5D=NG,2026-09-25T20:09:03Z,
eia930:NYIS,demand_mw,2026-09-23T01:00:00Z,16246,MW,PT1H,US-NY,,,eia:electricity/rto/region-data,https://api.eia.gov/v2/electricity/rto/region-data/data/?api_key=REDACTED&frequency=hourly&data%5B0%5D=value&start=2026-09-22T01&end=2026-09-25T00&sort%5B0%5D%5Bcolumn%5D=period&sort%5B0%5D%5Bdirection%5D=asc&sort%5B1%5D%5Bcolumn%5D=respondent&sort%5B1%5D%5Bdirection%5D=asc&offset=0&length=5000&facets%5Brespondent%5D%5B%5D=CISO&facets%5Brespondent%5D%5B%5D=ERCO&facets%5Brespondent%5D%5B%5D=ISNE&facets%5Brespondent%5D%5B%5D=MISO&facets%5Brespondent%5D%5B%5D=NYIS&facets%5Brespondent%5D%5B%5D=PJM&facets%5Brespondent%5D%5B%5D=SWPP&facets%5Brespondent%5D%5B%5D=US48&facets%5Btype%5D%5B%5D=D&facets%5Btype%5D%5B%5D=DF&facets%5Btype%5D%5B%5D=NG,2026-09-25T20:09:03Z,
eia930:NYIS,demand_mw,2026-09-23T02:00:00Z,15239,MW,PT1H,US-NY,,,eia:electricity/rto/region-data,https://api.eia.gov/v2/electricity/rto/region-data/data/?api_key=REDACTED&frequency=hourly&data%5B0%5D=value&start=2026-09-22T01&end=2026-09-25T00&sort%5B0%5D%5Bcolumn%5D=period&sort%5B0%5D%5Bdirection%5D=asc&sort%5B1%5D%5Bcolumn%5D=respondent&sort%5B1%5D%5Bdirection%5D=asc&offset=0&length=5000&facets%5Brespondent%5D%5B%5D=CISO&facets%5Brespondent%5D%5B%5D=ERCO&facets%5Brespondent%5D%5B%5D=ISNE&facets%5Brespondent%5D%5B%5D=MISO&facets%5Brespondent%5D%5B%5D=NYIS&facets%5Brespondent%5D%5B%5D=PJM&facets%5Brespondent%5D%5B%5D=SWPP&facets%5Brespondent%5D%5B%5D=US48&facets%5Btype%5D%5B%5D=D&facets%5Btype%5D%5B%5D=DF&facets%5Btype%5D%5B%5D=NG,2026-09-25T20:09:03Z,
eia930:NYIS,demand_mw,2026-09-23T03:00:00Z,14240,MW,PT1H,US-NY,,,eia:electricity/rto/region-data,https://api.eia.gov/v2/electricity/rto/region-data/data/?api_key=REDACTED&frequency=hourly&data%5B0%5D=value&start=2026-09-22T01&end=2026-09-25T00&sort%5B0%5D%5Bcolumn%5D=period&sort%5B0%5D%5Bdirection%5D=asc&sort%5B1%5D%5Bcolumn%5D=respondent&sort%5B1%5D%5Bdirection%5D=asc&offset=0&length=5000&facets%5Brespondent%5D%5B%5D=CISO&facets%5Brespondent%5D%5B%5D=ERCO&facets%5Brespondent%5D%5B%5D=ISNE&facets%5Brespondent%5D%5B%5D=MISO&facets%5Brespondent%5D%5B%5D=NYIS&facets%5Brespondent%5D%5B%5D=PJM&facets%5Brespondent%5D%5B%5D=SWPP&facets%5Brespondent%5D%5B%5D=US48&facets%5Btype%5D%5B%5D=D&facets%5Btype%5D%5B%5D=DF&facets%5Btype%5D%5B%5D=NG,2026-09-25T20:09:03Z,
eia930:NYIS,demand_mw,2026-09-23T04:00:00Z,13493,MW,PT1H,US-NY,,,eia:electricity/rto/region-data,https://api.eia.gov/v2/electricity/rto/region-data/data/?api_key=REDACTED&frequency=hourly&data%5B0%5D=value&start=2026-09-22T01&end=2026-09-25T00&sort%5B0%5D%5Bcolumn%5D=period&sort%5B0%5D%5Bdirection%5D=asc&sort%5B1%5D%5Bcolumn%5D=respondent&sort%5B1%5D%5Bdirection%5D=asc&offset=0&length=5000&facets%5Brespondent%5D%5B%5D=CISO&facets%5Brespondent%5D%5B%5D=ERCO&facets%5Brespondent%5D%5B%5D=ISNE&facets%5Brespondent%5D%5B%5D=MISO&facets%5Brespondent%5D%5B%5D=NYIS&facets%5Brespondent%5D%5B%5D=PJM&facets%5Brespondent%5D%5B%5D=SWPP&facets%5Brespondent%5D%5B%5D=US48&facets%5Btype%5D%5B%5D=D&facets%5Btype%5D%5B%5D=DF&facets%5Btype%5D%5B%5D=NG,2026-09-25T20:09:03Z,
eia930:NYIS,demand_mw,2026-09-23T05:00:00Z,12968,MW,PT1H,US-NY,,,eia:electricity/rto/region-data,https://api.eia.gov/v2/electricity/rto/region-data/data/?api_key=REDACTED&frequency=hourly&data%5B0%5D=value&start=2026-09-22T01&end=2026-09-25T00&sort%5B0%5D%5Bcolumn%5D=period&sort%5B0%5D%5Bdirection%5D=asc&sort%5B1%5D%5Bcolumn%5D=respondent&sort%5B1%5D%5Bdirection%5D=asc&offset=0&length=5000&facets%5Brespondent%5D%5B%5D=CISO&facets%5Brespondent%5D%5B%5D=ERCO&facets%5Brespondent%5D%5B%5D=ISNE&facets%5Brespondent%5D%5B%5D=MISO&facets%5Brespondent%5D%5B%5D=NYIS&facets%5Brespondent%5D%5B%5D=PJM&facets%5Brespondent%5D%5B%5D=SWPP&facets%5Brespondent%5D%5B%5D=US48&facets%5Btype%5D%5B%5D=D&facets%5Btype%5D%5B%5D=DF&facets%5Btype%5D%5B%5D=NG,2026-09-25T20:09:03Z,
eia930:NYIS,demand_mw,2026-09-23T06:00:00Z,12636,MW,PT1H,US-NY,,,eia:electricity/rto/region-data,https://api.eia.gov/v2/electricity/rto/region-data/data/?api_key=REDACTED&frequency=hourly&data%5B0%5D=value&start=2026-09-22T01&end=2026-09-25T00&sort%5B0%5D%5Bcolumn%5D=period&sort%5B0%5D%5Bdirection%5D=asc&sort%5B1%5D%5Bcolumn%5D=respondent&sort%5B1%5D%5Bdirection%5D=asc&offset=0&length=5000&facets%5Brespondent%5D%5B%5D=CISO&facets%5Brespondent%5D%5B%5D=ERCO&facets%5Brespondent%5D%5B%5D=ISNE&facets%5Brespondent%5D%5B%5D=MISO&facets%5Brespondent%5D%5B%5D=NYIS&facets%5Brespondent%5D%5B%5D=PJM&facets%5Brespondent%5D%5B%5D=SWPP&facets%5Brespondent%5D%5B%5D=US48&facets%5Btype%5D%5B%5D=D&facets%5Btype%5D%5B%5D=DF&facets%5Btype%5D%5B%5D=NG,2026-09-25T20:09:03Z,
eia930:NYIS,demand_mw,2026-09-23T07:00:00Z,12491,MW,PT1H,US-NY,,,eia:electricity/rto/region-data,https://api.eia.gov/v2/electricity/rto/region-data/data/?api_key=REDACTED&frequency=hourly&data%5B0%5D=value&start=2026-09-22T01&end=2026-09-25T00&sort%5B0%5D%5Bcolumn%5D=period&sort%5B0%5D%5Bdirection%5D=asc&sort%5B1%5D%5Bcolumn%5D=respondent&sort%5B1%5D%5Bdirection%5D=asc&offset=0&length=5000&facets%5Brespondent%5D%5B%5D=CISO&facets%5Brespondent%5D%5B%5D=ERCO&facets%5Brespondent%5D%5B%5D=ISNE&facets%5Brespondent%5D%5B%5D=MISO&facets%5Brespondent%5D%5B%5D=NYIS&facets%5Brespondent%5D%5B%5D=PJM&facets%5Brespondent%5D%5B%5D=SWPP&facets%5Brespondent%5D%5B%5D=US48&facets%5Btype%5D%5B%5D=D&facets%5Btype%5D%5B%5D=DF&facets%5Btype%5D%5B%5D=NG,2026-09-25T20:09:03Z,
eia930:NYIS,demand_mw,2026-09-23T08:00:00Z,12628,MW,PT1H,US-NY,,,eia:electricity/rto/region-data,https://api.eia.gov/v2/electricity/rto/region-data/data/?api_key=REDACTED&frequency=hourly&data%5B0%5D=value&start=2026-09-22T01&end=2026-09-25T00&sort%5B0%5D%5Bcolumn%5D=period&sort%5B0%5D%5Bdirection%5D=asc&sort%5B1%5D%5Bcolumn%5D=respondent&sort%5B1%5D%5Bdirection%5D=asc&offset=0&length=5000&facets%5Brespondent%5D%5B%5D=CISO&facets%5Brespondent%5D%5B%5D=ERCO&facets%5Brespondent%5D%5B%5D=ISNE&facets%5Brespondent%5D%5B%5D=MISO&facets%5Brespondent%5D%5B%5D=NYIS&facets%5Brespondent%5D%5B%5D=PJM&facets%5Brespondent%5D%5B%5D=SWPP&facets%5Brespondent%5D%5B%5D=US48&facets%5Btype%5D%5B%5D=D&facets%5Btype%5D%5B%5D=DF&facets%5Btype%5D%5B%5D=NG,2026-09-25T20:09:03Z,
eia930:NYIS,demand_mw,2026-09-23T09:00:00Z,13295,MW,PT1H,US-NY,,,eia:electricity/rto/region-data,https://api.eia.gov/v2/electricity/rto/region-data/data/?api_key=REDACTED&frequency=hourly&data%5B0%5D=value&start=2026-09-22T01&end=2026-09-25T00&sort%5B0%5D%5Bcolumn%5D=period&sort%5B0%5D%5Bdirection%5D=asc&sort%5B1%5D%5Bcolumn%5D=respondent&sort%5B1%5D%5Bdirection%5D=asc&offset=0&length=5000&facets%5Brespondent%5D%5B%5D=CISO&facets%5Brespondent%5D%5B%5D=ERCO&facets%5Brespondent%5D%5B%5D=ISNE&facets%5Brespondent%5D%5B%5D=MISO&facets%5Brespondent%5D%5B%5D=NYIS&facets%5Brespondent%5D%5B%5D=PJM&facets%5Brespondent%5D%5B%5D=SWPP&facets%5Brespondent%5D%5B%5D=US48&facets%5Btype%5D%5B%5D=D&facets%5Btype%5D%5B%5D=DF&facets%5Btype%5D%5B%5D=NG,2026-09-25T20:09:03Z,
eia930:NYIS,demand_mw,2026-09-23T10:00:00Z,14656,MW,PT1H,US-NY,,,eia:electricity/rto/region-data,https://api.eia.gov/v2/electricity/rto/region-data/data/?api_key=REDACTED&frequency=hourly&data%5B0%5D=value&start=2026-09-22T01&end=2026-09-25T00&sort%5B0%5D%5Bcolumn%5D=period&sort%5B0%5D%5Bdirection%5D=asc&sort%5B1%5D%5Bcolumn%5D=respondent&sort%5B1%5D%5Bdirection%5D=asc&offset=0&length=5000&facets%5Brespondent%5D%5B%5D=CISO&facets%5Brespondent%5D%5B%5D=ERCO&facets%5Brespondent%5D%5B%5D=ISNE&facets%5Brespondent%5D%5B%5D=MISO&facets%5Brespondent%5D%5B%5D=NYIS&facets%5Brespondent%5D%5B%5D=PJM&facets%5Brespondent%5D%5B%5D=SWPP&facets%5Brespondent%5D%5B%5D=US48&facets%5Btype%5D%5B%5D=D&facets%5Btype%5D%5B%5D=DF&facets%5Btype%5D%5B%5D=NG,2026-09-25T20:09:03Z,
eia930:NYIS,demand_mw,2026-09-23T11:00:00Z,15233,MW,PT1H,US-NY,,,eia:electricity/rto/region-data,https://api.eia.gov/v2/electricity/rto/region-data/data/?api_key=REDACTED&frequency=hourly&data%5B0%5D=value&start=2026-09-22T01&end=2026-09-25T00&sort%5B0%5D%5Bcolumn%5D=period&sort%5B0%5D%5Bdirection%5D=asc&sort%5B1%5D%5Bcolumn%5D=respondent&sort%5B1%5D%5Bdirection%5D=asc&offset=0&length=5000&facets%5Brespondent%5D%5B%5D=CISO&facets%5Brespondent%5D%5B%5D=ERCO&facets%5Brespondent%5D%5B%5D=ISNE&facets%5Brespondent%5D%5B%5D=MISO&facets%5Brespondent%5D%5B%5D=NYIS&facets%5Brespondent%5D%5B%5D=PJM&facets%5Brespondent%5D%5B%5D=SWPP&facets%5Brespondent%5D%5B%5D=US48&facets%5Btype%5D%5B%5D=D&facets%5Btype%5D%5B%5D=DF&facets%5Btype%5D%5B%5D=NG,2026-09-25T20:09:03Z,
eia930:NYIS,demand_mw,2026-09-23T12:00:00Z,14579,MW,PT1H,US-NY,,,eia:electricity/rto/region-data,https://api.eia.gov/v2/electricity/rto/region-data/data/?api_key=REDACTED&frequency=hourly&data%5B0%5D=value&start=2026-09-22T01&end=2026-09-25T00&sort%5B0%5D%5Bcolumn%5D=period&sort%5B0%5D%5Bdirection%5D=asc&sort%5B1%5D%5Bcolumn%5D=respondent&sort%5B1%5D%5Bdirection%5D=asc&offset=0&length=5000&facets%5Brespondent%5D%5B%5D=CISO&facets%5Brespondent%5D%5B%5D=ERCO&facets%5Brespondent%5D%5B%5D=ISNE&facets%5Brespondent%5D%5B%5D=MISO&facets%5Brespondent%5D%5B%5D=NYIS&facets%5Brespondent%5D%5B%5D=PJM&facets%5Brespondent%5D%5B%5D=SWPP&facets%5Brespondent%5D%5B%5D=US48&facets%5Btype%5D%5B%5D=D&facets%5Btype%5D%5B%5D=DF&facets%5Btype%5D%5B%5D=NG,2026-09-25T20:09:03Z,
eia930:NYIS,demand_mw,2026-09-23T13:00:00Z,13671,MW,PT1H,US-NY,,,eia:electricity/rto/region-data,https://api.eia.gov/v2/electricity/rto/region-data/data/?api_key=REDACTED&frequency=hourly&data%5B0%5D=value&start=2026-09-22T01&end=2026-09-25T00&sort%5B0%5D%5Bcolumn%5D=period&sort%5B0%5D%5Bdirection%5D=asc&sort%5B1%5D%5Bcolumn%5D=respondent&sort%5B1%5D%5Bdirection%5D=asc&offset=0&length=5000&facets%5Brespondent%5D%5B%5D=CISO&facets%5Brespondent%5D%5B%5D=ERCO&facets%5Brespondent%5D%5B%5D=ISNE&facets%5Brespondent%5D%5B%5D=MISO&facets%5Brespondent%5D%5B%5D=NYIS&facets%5Brespondent%5D%5B%5D=PJM&facets%5Brespondent%5D%5B%5D=SWPP&facets%5Brespondent%5D%5B%5D=US48&facets%5Btype%5D%5B%5D=D&facets%5Btype%5D%5B%5D=DF&facets%5Btype%5D%5B%5D=NG,2026-09-25T20:09:03Z,
eia930:NYIS,demand_mw,2026-09-23T14:00:00Z,13080,MW,PT1H,US-NY,,,eia:electricity/rto/region-data,https://api.eia.gov/v2/electricity/rto/region-data/data/?api_key=REDACTED&frequency=hourly&data%5B0%5D=value&start=2026-09-22T01&end=2026-09-25T00&sort%5B0%5D%5Bcolumn%5D=period&sort%5B0%5D%5Bdirection%5D=asc&sort%5B1%5D%5Bcolumn%5D=respondent&sort%5B1%5D%5Bdirection%5D=asc&offset=0&length=5000&facets%5Brespondent%5D%5B%5D=CISO&facets%5Brespondent%5D%5B%5D=ERCO&facets%5Brespondent%5D%5B%5D=ISNE&facets%5Brespondent%5D%5B%5D=MISO&facets%5Brespondent%5D%5B%5D=NYIS&facets%5Brespondent%5D%5B%5D=PJM&facets%5Brespondent%5D%5B%5D=SWPP&facets%5Brespondent%5D%5B%5D=US48&facets%5Btype%5D%5B%5D=D&facets%5Btype%5D%5B%5D=DF&facets%5Btype%5D%5B%5D=NG,2026-09-25T20:09:03Z,
eia930:NYIS,demand_mw,2026-09-23T15:00:00Z,12907,MW,PT1H,US-NY,,,eia:electricity/rto/region-data,https://api.eia.gov/v2/electricity/rto/region-data/data/?api_key=REDACTED&frequency=hourly&data%5B0%5D=value&start=2026-09-22T01&end=2026-09-25T00&sort%5B0%5D%5Bcolumn%5D=period&sort%5B0%5D%5Bdirection%5D=asc&sort%5B1%5D%5Bcolumn%5D=respondent&sort%5B1%5D%5Bdirection%5D=asc&offset=0&length=5000&facets%5Brespondent%5D%5B%5D=CISO&facets%5Brespondent%5D%5B%5D=ERCO&facets%5Brespondent%5D%5B%5D=ISNE&facets%5Brespondent%5D%5B%5D=MISO&facets%5Brespondent%5D%5B%5D=NYIS&facets%5Brespondent%5D%5B%5D=PJM&facets%5Brespondent%5D%5B%5D=SWPP&facets%5Brespondent%5D%5B%5D=US48&facets%5Btype%5D%5B%5D=D&facets%5Btype%5D%5B%5D=DF&facets%5Btype%5D%5B%5D=NG,2026-09-25T20:09:03Z,
eia930:NYIS,demand_mw,2026-09-23T16:00:00Z,12942,MW,PT1H,US-NY,,,eia:electricity/rto/region-data,https://api.eia.gov/v2/electricity/rto/region-data/data/?api_key=REDACTED&frequency=hourly&data%5B0%5D=value&start=2026-09-22T01&end=2026-09-25T00&sort%5B0%5D%5Bcolumn%5D=period&sort%5B0%5D%5Bdirection%5D=asc&sort%5B1%5D%5Bcolumn%5D=respondent&sort%5B1%5D%5Bdirection%5D=asc&offset=0&length=5000&facets%5Brespondent%5D%5B%5D=CISO&facets%5Brespondent%5D%5B%5D=ERCO&facets%5Brespondent%5D%5B%5D=ISNE&facets%5Brespondent%5D%5B%5D=MISO&facets%5Brespondent%5D%5B%5D=NYIS&facets%5Brespondent%5D%5B%5D=PJM&facets%5Brespondent%5D%5B%5D=SWPP&facets%5Brespondent%5D%5B%5D=US48&facets%5Btype%5D%5B%5D=D&facets%5Btype%5D%5B%5D=DF&facets%5Btype%5D%5B%5D=NG,2026-09-25T20:09:03Z,
eia930:NYIS,demand_mw,2026-09-23T17:00:00Z,13030,MW,PT1H,US-NY,,,eia:electricity/rto/region-data,https://api.eia.gov/v2/electricity/rto/region-data/data/?api_key=REDACTED&frequency=hourly&data%5B0%5D=value&start=2026-09-22T01&end=2026-09-25T00&sort%5B0%5D%5Bcolumn%5D=period&sort%5B0%5D%5Bdirection%5D=asc&sort%5B1%5D%5Bcolumn%5D=respondent&sort%5B1%5D%5Bdirection%5D=asc&offset=0&length=5000&facets%5Brespondent%5D%5B%5D=CISO&facets%5Brespondent%5D%5B%5D=ERCO&facets%5Brespondent%5D%5B%5D=ISNE&facets%5Brespondent%5D%5B%5D=MISO&facets%5Brespondent%5D%5B%5D=NYIS&facets%5Brespondent%5D%5B%5D=PJM&facets%5Brespondent%5D%5B%5D=SWPP&facets%5Brespondent%5D%5B%5D=US48&facets%5Btype%5D%5B%5D=D&facets%5Btype%5D%5B%5D=DF&facets%5Btype%5D%5B%5D=NG,2026-09-25T20:09:03Z,
eia930:NYIS,demand_mw,2026-09-23T18:00:00Z,13111,MW,PT1H,US-NY,,,eia:electricity/rto/region-data,https://api.eia.gov/v2/electricity/rto/region-data/data/?api_key=REDACTED&frequency=hourly&data%5B0%5D=value&start=2026-09-22T01&end=2026-09-25T00&sort%5B0%5D%5Bcolumn%5D=period&sort%5B0%5D%5Bdirection%5D=asc&sort%5B1%5D%5Bcolumn%5D=respondent&sort%5B1%5D%5Bdirection%5D=asc&offset=0&length=5000&facets%5Brespondent%5D%5B%5D=CISO&facets%5Brespondent%5D%5B%5D=ERCO&facets%5Brespondent%5D%5B%5D=ISNE&facets%5Brespondent%5D%5B%5D=MISO&facets%5Brespondent%5D%5B%5D=NYIS&facets%5Brespondent%5D%5B%5D=PJM&facets%5Brespondent%5D%5B%5D=SWPP&facets%5Brespondent%5D%5B%5D=US48&facets%5Btype%5D%5B%5D=D&facets%5Btype%5D%5B%5D=DF&facets%5Btype%5D%5B%5D=NG,2026-09-25T20:09:03Z,
eia930:NYIS,demand_mw,2026-09-23T19:00:00Z,13543,MW,PT1H,US-NY,,,eia:electricity/rto/region-data,https://api.eia.gov/v2/electricity/rto/region-data/data/?api_key=REDACTED&frequency=hourly&data%5B0%5D=value&start=2026-09-22T01&end=2026-09-25T00&sort%5B0%5D%5Bcolumn%5D=period&sort%5B0%5D%5Bdirection%5D=asc&sort%5B1%5D%5Bcolumn%5D=respondent&sort%5B1%5D%5Bdirection%5D=asc&offset=0&length=5000&facets%5Brespondent%5D%5B%5D=CISO&facets%5Brespondent%5D%5B%5D=ERCO&facets%5Brespondent%5D%5B%5D=ISNE&facets%5Brespondent%5D%5B%5D=MISO&facets%5Brespondent%5D%5B%5D=NYIS&facets%5Brespondent%5D%5B%5D=PJM&facets%5Brespondent%5D%5B%5D=SWPP&facets%5Brespondent%5D%5B%5D=US48&facets%5Btype%5D%5B%5D=D&facets%5Btype%5D%5B%5D=DF&facets%5Btype%5D%5B%5D=NG,2026-09-25T20:09:03Z,
eia930:NYIS,demand_mw,2026-09-23T20:00:00Z,14540,MW,PT1H,US-NY,,,eia:electricity/rto/region-data,https://api.eia.gov/v2/electricity/rto/region-data/data/?api_key=REDACTED&frequency=hourly&data%5B0%5D=value&start=2026-09-22T01&end=2026-09-25T00&sort%5B0%5D%5Bcolumn%5D=period&sort%5B0%5D%5Bdirection%5D=asc&sort%5B1%5D%5Bcolumn%5D=respondent&sort%5B1%5D%5Bdirection%5D=asc&offset=0&length=5000&facets%5Brespondent%5D%5B%5D=CISO&facets%5Brespondent%5D%5B%5D=ERCO&facets%5Brespondent%5D%5B%5D=ISNE&facets%5Brespondent%5D%5B%5D=MISO&facets%5Brespondent%5D%5B%5D=NYIS&facets%5Brespondent%5D%5B%5D=PJM&facets%5Brespondent%5D%5B%5D=SWPP&facets%5Brespondent%5D%5B%5D=US48&facets%5Btype%5D%5B%5D=D&facets%5Btype%5D%5B%5D=DF&facets%5Btype%5D%5B%5D=NG,2026-09-25T20:09:03Z,
eia930:NYIS,demand_mw,2026-09-23T21:00:00Z,15942,MW,PT1H,US-NY,,,eia:electricity/rto/region-data,https://api.eia.gov/v2/electricity/rto/region-data/data/?api_key=REDACTED&frequency=hourly&data%5B0%5D=value&start=2026-09-22T01&end=2026-09-25T00&sort%5B0%5D%5Bcolumn%5D=period&sort%5B0%5D%5Bdirection%5D=asc&sort%5B1%5D%5Bcolumn%5D=respondent&sort%5B1%5D%5Bdirection%5D=asc&offset=0&length=5000&facets%5Brespondent%5D%5B%5D=CISO&facets%5Brespondent%5D%5B%5D=ERCO&facets%5Brespondent%5D%5B%5D=ISNE&facets%5Brespondent%5D%5B%5D=MISO&facets%5Brespondent%5D%5B%5D=NYIS&facets%5Brespondent%5D%5B%5D=PJM&facets%5Brespondent%5D%5B%5D=SWPP&facets%5Brespondent%5D%5B%5D=US48&facets%5Btype%5D%5B%5D=D&facets%5Btype%5D%5B%5D=DF&facets%5Btype%5D%5B%5D=NG,2026-09-25T20:09:03Z,
eia930:NYIS,demand_mw,2026-09-23T22:00:00Z,16928,MW,PT1H,US-NY,,,eia:electricity/rto/region-data,https://api.eia.gov/v2/electricity/rto/region-data/data/?api_key=REDACTED&frequency=hourly&data%5B0%5D=value&start=2026-09-22T01&end=2026-09-25T00&sort%5B0%5D%5Bcolumn%5D=period&sort%5B0%5D%5Bdirection%5D=asc&sort%5B1%5D%5Bcolumn%5D=respondent&sort%5B1%5D%5Bdirection%5D=asc&offset=0&length=5000&facets%5Brespondent%5D%5B%5D=CISO&facets%5Brespondent%5D%5B%5D=ERCO&facets%5Brespondent%5D%5B%5D=ISNE&facets%5Brespondent%5D%5B%5D=MISO&facets%5Brespondent%5D%5B%5D=NYIS&facets%5Brespondent%5D%5B%5D=PJM&facets%5Brespondent%5D%5B%5D=SWPP&facets%5Brespondent%5D%5B%5D=US48&facets%5Btype%5D%5B%5D=D&facets%5Btype%5D%5B%5D=DF&facets%5Btype%5D%5B%5D=NG,2026-09-25T20:09:03Z,
eia930:NYIS,demand_mw,2026-09-23T23:00:00Z,17214,MW,PT1H,US-NY,,,eia:electricity/rto/region-data,https://api.eia.gov/v2/electricity/rto/region-data/data/?api_key=REDACTED&frequency=hourly&data%5B0%5D=value&start=2026-09-22T01&end=2026-09-25T00&sort%5B0%5D%5Bcolumn%5D=period&sort%5B0%5D%5Bdirection%5D=asc&sort%5B1%5D%5Bcolumn%5D=respondent&sort%5B1%5D%5Bdirection%5D=asc&offset=0&length=5000&facets%5Brespondent%5D%5B%5D=CISO&facets%5Brespondent%5D%5B%5D=ERCO&facets%5Brespondent%5D%5B%5D=ISNE&facets%5Brespondent%5D%5B%5D=MISO&facets%5Brespondent%5D%5B%5D=NYIS&facets%5Brespondent%5D%5B%5D=PJM&facets%5Brespondent%5D%5B%5D=SWPP&facets%5Brespondent%5D%5B%5D=US48&facets%5Btype%5D%5B%5D=D&facets%5Btype%5D%5B%5D=DF&facets%5Btype%5D%5B%5D=NG,2026-09-25T20:09:03Z,
eia930:NYIS,demand_mw,2026-09-24T00:00:00Z,16710,MW,PT1H,US-NY,,,eia:electricity/rto/region-data,https://api.eia.gov/v2/electricity/rto/region-data/data/?api_key=REDACTED&frequency=hourly&data%5B0%5D=value&start=2026-09-22T01&end=2026-09-25T00&sort%5B0%5D%5Bcolumn%5D=period&sort%5B0%5D%5Bdirection%5D=asc&sort%5B1%5D%5Bcolumn%5D=respondent&sort%5B1%5D%5Bdirection%5D=asc&offset=0&length=5000&facets%5Brespondent%5D%5B%5D=CISO&facets%5Brespondent%5D%5B%5D=ERCO&facets%5Brespondent%5D%5B%5D=ISNE&facets%5Brespondent%5D%5B%5D=MISO&facets%5Brespondent%5D%5B%5D=NYIS&facets%5Brespondent%5D%5B%5D=PJM&facets%5Brespondent%5D%5B%5D=SWPP&facets%5Brespondent%5D%5B%5D=US48&facets%5Btype%5D%5B%5D=D&facets%5Btype%5D%5B%5D=DF&facets%5Btype%5D%5B%5D=NG,2026-09-25T20:09:03Z,
eia930:NYIS,demand_mw,2026-09-24T01:00:00Z,15901,MW,PT1H,US-NY,,,eia:electricity/rto/region-data,https://api.eia.gov/v2/electricity/rto/region-data/data/?api_key=REDACTED&frequency=hourly&data%5B0%5D=value&start=2026-09-22T01&end=2026-09-25T00&sort%5B0%5D%5Bcolumn%5D=period&sort%5B0%5D%5Bdirection%5D=asc&sort%5B1%5D%5Bcolumn%5D=respondent&sort%5B1%5D%5Bdirection%5D=asc&offset=0&length=5000&facets%5Brespondent%5D%5B%5D=CISO&facets%5Brespondent%5D%5B%5D=ERCO&facets%5Brespondent%5D%5B%5D=ISNE&facets%5Brespondent%5D%5B%5D=MISO&facets%5Brespondent%5D%5B%5D=NYIS&facets%5Brespondent%5D%5B%5D=PJM&facets%5Brespondent%5D%5B%5D=SWPP&facets%5Brespondent%5D%5B%5D=US48&facets%5Btype%5D%5B%5D=D&facets%5Btype%5D%5B%5D=DF&facets%5Btype%5D%5B%5D=NG,2026-09-25T20:09:03Z,
eia930:NYIS,demand_mw,2026-09-24T02:00:00Z,14928,MW,PT1H,US-NY,,,eia:electricity/rto/region-data,https://api.eia.gov/v2/electricity/rto/region-data/data/?api_key=REDACTED&frequency=hourly&data%5B0%5D=value&start=2026-09-22T01&end=2026-09-25T00&sort%5B0%5D%5Bcolumn%5D=period&sort%5B0%5D%5Bdirection%5D=asc&sort%5B1%5D%5Bcolumn%5D=respondent&sort%5B1%5D%5Bdirection%5D=asc&offset=0&length=5000&facets%5Brespondent%5D%5B%5D=CISO&facets%5Brespondent%5D%5B%5D=ERCO&facets%5Brespondent%5D%5B%5D=ISNE&facets%5Brespondent%5D%5B%5D=MISO&facets%5Brespondent%5D%5B%5D=NYIS&facets%5Brespondent%5D%5B%5D=PJM&facets%5Brespondent%5D%5B%5D=SWPP&facets%5Brespondent%5D%5B%5D=US48&facets%5Btype%5D%5B%5D=D&facets%5Btype%5D%5B%5D=DF&facets%5Btype%5D%5B%5D=NG,2026-09-25T20:09:03Z,
eia930:NYIS,demand_mw,2026-09-24T03:00:00Z,13939,MW,PT1H,US-NY,,,eia:electricity/rto/region-data,https://api.eia.gov/v2/electricity/rto/region-data/data/?api_key=REDACTED&frequency=hourly&data%5B0%5D=value&start=2026-09-22T01&end=2026-09-25T00&sort%5B0%5D%5Bcolumn%5D=period&sort%5B0%5D%5Bdirection%5D=asc&sort%5B1%5D%5Bcolumn%5D=respondent&sort%5B1%5D%5Bdirection%5D=asc&offset=0&length=5000&facets%5Brespondent%5D%5B%5D=CISO&facets%5Brespondent%5D%5B%5D=ERCO&facets%5Brespondent%5D%5B%5D=ISNE&facets%5Brespondent%5D%5B%5D=MISO&facets%5Brespondent%5D%5B%5D=NYIS&facets%5Brespondent%5D%5B%5D=PJM&facets%5Brespondent%5D%5B%5D=SWPP&facets%5Brespondent%5D%5B%5D=US48&facets%5Btype%5D%5B%5D=D&facets%5Btype%5D%5B%5D=DF&facets%5Btype%5D%5B%5D=NG,2026-09-25T20:09:03Z,
eia930:NYIS,demand_mw,2026-09-24T04:00:00Z,13244,MW,PT1H,US-NY,,,eia:electricity/rto/region-data,https://api.eia.gov/v2/electricity/rto/region-data/data/?api_key=REDACTED&frequency=hourly&data%5B0%5D=value&start=2026-09-22T01&end=2026-09-25T00&sort%5B0%5D%5Bcolumn%5D=period&sort%5B0%5D%5Bdirection%5D=asc&sort%5B1%5D%5Bcolumn%5D=respondent&sort%5B1%5D%5Bdirection%5D=asc&offset=0&length=5000&facets%5Brespondent%5D%5B%5D=CISO&facets%5Brespondent%5D%5B%5D=ERCO&facets%5Brespondent%5D%5B%5D=ISNE&facets%5Brespondent%5D%5B%5D=MISO&facets%5Brespondent%5D%5B%5D=NYIS&facets%5Brespondent%5D%5B%5D=PJM&facets%5Brespondent%5D%5B%5D=SWPP&facets%5Brespondent%5D%5B%5D=US48&facets%5Btype%5D%5B%5D=D&facets%5Btype%5D%5B%5D=DF&facets%5Btype%5D%5B%5D=NG,2026-09-25T20:09:03Z,
eia930:NYIS,demand_mw,2026-09-24T05:00:00Z,12741,MW,PT1H,US-NY,,,eia:electricity/rto/region-data,https://api.eia.gov/v2/electricity/rto/region-data/data/?api_key=REDACTED&frequency=hourly&data%5B0%5D=value&start=2026-09-22T01&end=2026-09-25T00&sort%5B0%5D%5Bcolumn%5D=period&sort%5B0%5D%5Bdirection%5D=asc&sort%5B1%5D%5Bcolumn%5D=respondent&sort%5B1%5D%5Bdirection%5D=asc&offset=0&length=5000&facets%5Brespondent%5D%5B%5D=CISO&facets%5Brespondent%5D%5B%5D=ERCO&facets%5Brespondent%5D%5B%5D=ISNE&facets%5Brespondent%5D%5B%5D=MISO&facets%5Brespondent%5D%5B%5D=NYIS&facets%5Brespondent%5D%5B%5D=PJM&facets%5Brespondent%5D%5B%5D=SWPP&facets%5Brespondent%5D%5B%5D=US48&facets%5Btype%5D%5B%5D=D&facets%5Btype%5D%5B%5D=DF&facets%5Btype%5D%5B%5D=NG,2026-09-25T20:09:03Z,
eia930:NYIS,demand_mw,2026-09-24T06:00:00Z,12435,MW,PT1H,US-NY,,,eia:electricity/rto/region-data,https://api.eia.gov/v2/electricity/rto/region-data/data/?api_key=REDACTED&frequency=hourly&data%5B0%5D=value&start=2026-09-22T01&end=2026-09-25T00&sort%5B0%5D%5Bcolumn%5D=period&sort%5B0%5D%5Bdirection%5D=asc&sort%5B1%5D%5Bcolumn%5D=respondent&sort%5B1%5D%5Bdirection%5D=asc&offset=0&length=5000&facets%5Brespondent%5D%5B%5D=CISO&facets%5Brespondent%5D%5B%5D=ERCO&facets%5Brespondent%5D%5B%5D=ISNE&facets%5Brespondent%5D%5B%5D=MISO&facets%5Brespondent%5D%5B%5D=NYIS&facets%5Brespondent%5D%5B%5D=PJM&facets%5Brespondent%5D%5B%5D=SWPP&facets%5Brespondent%5D%5B%5D=US48&facets%5Btype%5D%5B%5D=D&facets%5Btype%5D%5B%5D=DF&facets%5Btype%5D%5B%5D=NG,2026-09-25T20:09:03Z,
eia930:NYIS,demand_mw,2026-09-24T07:00:00Z,12333,MW,PT1H,US-NY,,,eia:electricity/rto/region-data,https://api.eia.gov/v2/electricity/rto/region-data/data/?api_key=REDACTED&frequency=hourly&data%5B0%5D=value&start=2026-09-22T01&end=2026-09-25T00&sort%5B0%5D%5Bcolumn%5D=period&sort%5B0%5D%5Bdirection%5D=asc&sort%5B1%5D%5Bcolumn%5D=respondent&sort%5B1%5D%5Bdirection%5D=asc&offset=0&length=5000&facets%5Brespondent%5D%5B%5D=CISO&facets%5Brespondent%5D%5B%5D=ERCO&facets%5Brespondent%5D%5B%5D=ISNE&facets%5Brespondent%5D%5B%5D=MISO&facets%5Brespondent%5D%5B%5D=NYIS&facets%5Brespondent%5D%5B%5D=PJM&facets%5Brespondent%5D%5B%5D=SWPP&facets%5Brespondent%5D%5B%5D=US48&facets%5Btype%5D%5B%5D=D&facets%5Btype%5D%5B%5D=DF&facets%5Btype%5D%5B%5D=NG,2026-09-25T20:09:03Z,
eia930:NYIS,demand_mw,2026-09-24T08:00:00Z,12503,MW,PT1H,US-NY,,,eia:electricity/rto/region-data,https://api.eia.gov/v2/electricity/rto/region-data/data/?api_key=REDACTED&frequency=hourly&data%5B0%5D=value&start=2026-09-22T01&end=2026-09-25T00&sort%5B0%5D%5Bcolumn%5D=period&sort%5B0%5D%5Bdirection%5D=asc&sort%5B1%5D%5Bcolumn%5D=respondent&sort%5B1%5D%5Bdirection%5D=asc&offset=0&length=5000&facets%5Brespondent%5D%5B%5D=CISO&facets%5Brespondent%5D%5B%5D=ERCO&facets%5Brespondent%5D%5B%5D=ISNE&facets%5Brespondent%5D%5B%5D=MISO&facets%5Brespondent%5D%5B%5D=NYIS&facets%5Brespondent%5D%5B%5D=PJM&facets%5Brespondent%5D%5B%5D=SWPP&facets%5Brespondent%5D%5B%5D=US48&facets%5Btype%5D%5B%5D=D&facets%5Btype%5D%5B%5D=DF&facets%5Btype%5D%5B%5D=NG,2026-09-25T20:09:03Z,
eia930:NYIS,demand_mw,2026-09-24T09:00:00Z,13210,MW,PT1H,US-NY,,,eia:electricity/rto/region-data,https://api.eia.gov/v2/electricity/rto/region-data/data/?api_key=REDACTED&frequency=hourly&data%5B0%5D=value&start=2026-09-22T01&end=2026-09-25T00&sort%5B0%5D%5Bcolumn%5D=period&sort%5B0%5D%5Bdirection%5D=asc&sort%5B1%5D%5Bcolumn%5D=respondent&sort%5B1%5D%5Bdirection%5D=asc&offset=0&length=5000&facets%5Brespondent%5D%5B%5D=CISO&facets%5Brespondent%5D%5B%5D=ERCO&facets%5Brespondent%5D%5B%5D=ISNE&facets%5Brespondent%5D%5B%5D=MISO&facets%5Brespondent%5D%5B%5D=NYIS&facets%5Brespondent%5D%5B%5D=PJM&facets%5Brespondent%5D%5B%5D=SWPP&facets%5Brespondent%5D%5B%5D=US48&facets%5Btype%5D%5B%5D=D&facets%5Btype%5D%5B%5D=DF&facets%5Btype%5D%5B%5D=NG,2026-09-25T20:09:03Z,
eia930:NYIS,demand_mw,2026-09-24T10:00:00Z,14568,MW,PT1H,US-NY,,,eia:electricity/rto/region-data,https://api.eia.gov/v2/electricity/rto/region-data/data/?api_key=REDACTED&frequency=hourly&data%5B0%5D=value&start=2026-09-22T01&end=2026-09-25T00&sort%5B0%5D%5Bcolumn%5D=period&sort%5B0%5D%5Bdirection%5D=asc&sort%5B1%5D%5Bcolumn%5D=respondent&sort%5B1%5D%5Bdirection%5D=asc&offset=0&length=5000&facets%5Brespondent%5D%5B%5D=CISO&facets%5Brespondent%5D%5B%5D=ERCO&facets%5Brespondent%5D%5B%5D=ISNE&facets%5Brespondent%5D%5B%5D=MISO&facets%5Brespondent%5D%5B%5D=NYIS&facets%5Brespondent%5D%5B%5D=PJM&facets%5Brespondent%5D%5B%5D=SWPP&facets%5Brespondent%5D%5B%5D=US48&facets%5Btype%5D%5B%5D=D&facets%5Btype%5D%5B%5D=DF&facets%5Btype%5D%5B%5D=NG,2026-09-25T20:09:03Z,
eia930:NYIS,demand_mw,2026-09-24T11:00:00Z,15245,MW,PT1H,US-NY,,,eia:electricity/rto/region-data,https://api.eia.gov/v2/electricity/rto/region-data/data/?api_key=REDACTED&frequency=hourly&data%5B0%5D=value&start=2026-09-22T01&end=2026-09-25T00&sort%5B0%5D%5Bcolumn%5D=period&sort%5B0%5D%5Bdirection%5D=asc&sort%5B1%5D%5Bcolumn%5D=respondent&sort%5B1%5D%5Bdirection%5D=asc&offset=0&length=5000&facets%5Brespondent%5D%5B%5D=CISO&facets%5Brespondent%5D%5B%5D=ERCO&facets%5Brespondent%5D%5B%5D=ISNE&facets%5Brespondent%5D%5B%5D=MISO&facets%5Brespondent%5D%5B%5D=NYIS&facets%5Brespondent%5D%5B%5D=PJM&facets%5Brespondent%5D%5B%5D=SWPP&facets%5Brespondent%5D%5B%5D=US48&facets%5Btype%5D%5B%5D=D&facets%5Btype%5D%5B%5D=DF&facets%5Btype%5D%5B%5D=NG,2026-09-25T20:09:03Z,
eia930:NYIS,demand_mw,2026-09-24T12:00:00Z,14564,MW,PT1H,US-NY,,,eia:electricity/rto/region-data,https://api.eia.gov/v2/electricity/rto/region-data/data/?api_key=REDACTED&frequency=hourly&data%5B0%5D=value&start=2026-09-22T01&end=2026-09-25T00&sort%5B0%5D%5Bcolumn%5D=period&sort%5B0%5D%5Bdirection%5D=asc&sort%5B1%5D%5Bcolumn%5D=respondent&sort%5B1%5D%5Bdirection%5D=asc&offset=0&length=5000&facets%5Brespondent%5D%5B%5D=CISO&facets%5Brespondent%5D%5B%5D=ERCO&facets%5Brespondent%5D%5B%5D=ISNE&facets%5Brespondent%5D%5B%5D=MISO&facets%5Brespondent%5D%5B%5D=NYIS&facets%5Brespondent%5D%5B%5D=PJM&facets%5Brespondent%5D%5B%5D=SWPP&facets%5Brespondent%5D%5B%5D=US48&facets%5Btype%5D%5B%5D=D&facets%5Btype%5D%5B%5D=DF&facets%5Btype%5D%5B%5D=NG,2026-09-25T20:09:03Z,
eia930:NYIS,demand_mw,2026-09-24T13:00:00Z,13576,MW,PT1H,US-NY,,,eia:electricity/rto/region-data,https://api.eia.gov/v2/electricity/rto/region-data/data/?api_key=REDACTED&frequency=hourly&data%5B0%5D=value&start=2026-09-22T01&end=2026-09-25T00&sort%5B0%5D%5Bcolumn%5D=period&sort%5B0%5D%5Bdirection%5D=asc&sort%5B1%5D%5Bcolumn%5D=respondent&sort%5B1%5D%5Bdirection%5D=asc&offset=0&length=5000&facets%5Brespondent%5D%5B%5D=CISO&facets%5Brespondent%5D%5B%5D=ERCO&facets%5Brespondent%5D%5B%5D=ISNE&facets%5Brespondent%5D%5B%5D=MISO&facets%5Brespondent%5D%5B%5D=NYIS&facets%5Brespondent%5D%5B%5D=PJM&facets%5Brespondent%5D%5B%5D=SWPP&facets%5Brespondent%5D%5B%5D=US48&facets%5Btype%5D%5B%5D=D&facets%5Btype%5D%5B%5D=DF&facets%5Btype%5D%5B%5D=NG,2026-09-25T20:09:03Z,
eia930:NYIS,demand_mw,2026-09-24T14:00:00Z,13019,MW,PT1H,US-NY,,,eia:electricity/rto/region-data,https://api.eia.gov/v2/electricity/rto/region-data/data/?api_key=REDACTED&frequency=hourly&data%5B0%5D=value&start=2026-09-22T01&end=2026-09-25T00&sort%5B0%5D%5Bcolumn%5D=period&sort%5B0%5D%5Bdirection%5D=asc&sort%5B1%5D%5Bcolumn%5D=respondent&sort%5B1%5D%5Bdirection%5D=asc&offset=0&length=5000&facets%5Brespondent%5D%5B%5D=CISO&facets%5Brespondent%5D%5B%5D=ERCO&facets%5Brespondent%5D%5B%5D=ISNE&facets%5Brespondent%5D%5B%5D=MISO&facets%5Brespondent%5D%5B%5D=NYIS&facets%5Brespondent%5D%5B%5D=PJM&facets%5Brespondent%5D%5B%5D=SWPP&facets%5Brespondent%5D%5B%5D=US48&facets%5Btype%5D%5B%5D=D&facets%5Btype%5D%5B%5D=DF&facets%5Btype%5D%5B%5D=NG,2026-09-25T20:09:03Z,
eia930:NYIS,demand_mw,2026-09-24T15:00:00Z,12745,MW,PT1H,US-NY,,,eia:electricity/rto/region-data,https://api.eia.gov/v2/electricity/rto/region-data/data/?api_key=REDACTED&frequency=hourly&data%5B0%5D=value&start=2026-09-22T01&end=2026-09-25T00&sort%5B0%5D%5Bcolumn%5D=period&sort%5B0%5D%5Bdirection%5D=asc&sort%5B1%5D%5Bcolumn%5D=respondent&sort%5B1%5D%5Bdirection%5D=asc&offset=0&length=5000&facets%5Brespondent%5D%5B%5D=CISO&facets%5Brespondent%5D%5B%5D=ERCO&facets%5Brespondent%5D%5B%5D=ISNE&facets%5Brespondent%5D%5B%5D=MISO&facets%5Brespondent%5D%5B%5D=NYIS&facets%5Brespondent%5D%5B%5D=PJM&facets%5Brespondent%5D%5B%5D=SWPP&facets%5Brespondent%5D%5B%5D=US48&facets%5Btype%5D%5B%5D=D&facets%5Btype%5D%5B%5D=DF&facets%5Btype%5D%5B%5D=NG,2026-09-25T20:09:03Z,
eia930:NYIS,demand_mw,2026-09-24T16:00:00Z,12626,MW,PT1H,US-NY,,,eia:electricity/rto/region-data,https://api.eia.gov/v2/electricity/rto/region-data/data/?api_key=REDACTED&frequency=hourly&data%5B0%5D=value&start=2026-09-22T01&end=2026-09-25T00&sort%5B0%5D%5Bcolumn%5D=period&sort%5B0%5D%5Bdirection%5D=asc&sort%5B1%5D%5Bcolumn%5D=respondent&sort%5B1%5D%5Bdirection%5D=asc&offset=0&length=5000&facets%5Brespondent%5D%5B%5D=CISO&facets%5Brespondent%5D%5B%5D=ERCO&facets%5Brespondent%5D%5B%5D=ISNE&facets%5Brespondent%5D%5B%5D=MISO&facets%5Brespondent%5D%5B%5D=NYIS&facets%5Brespondent%5D%5B%5D=PJM&facets%5Brespondent%5D%5B%5D=SWPP&facets%5Brespondent%5D%5B%5D=US48&facets%5Btype%5D%5B%5D=D&facets%5Btype%5D%5B%5D=DF&facets%5Btype%5D%5B%5D=NG,2026-09-25T20:09:03Z,
eia930:NYIS,demand_mw,2026-09-24T17:00:00Z,12747,MW,PT1H,US-NY,,,eia:electricity/rto/region-data,https://api.eia.gov/v2/electricity/rto/region-data/data/?api_key=REDACTED&frequency=hourly&data%5B0%5D=value&start=2026-09-22T01&end=2026-09-25T00&sort%5B0%5D%5Bcolumn%5D=period&sort%5B0%5D%5Bdirection%5D=asc&sort%5B1%5D%5Bcolumn%5D=respondent&sort%5B1%5D%5Bdirection%5D=asc&offset=0&length=5000&facets%5Brespondent%5D%5B%5D=CISO&facets%5Brespondent%5D%5B%5D=ERCO&facets%5Brespondent%5D%5B%5D=ISNE&facets%5Brespondent%5D%5B%5D=MISO&facets%5Brespondent%5D%5B%5D=NYIS&facets%5Brespondent%5D%5B%5D=PJM&facets%5Brespondent%5D%5B%5D=SWPP&facets%5Brespondent%5D%5B%5D=US48&facets%5Btype%5D%5B%5D=D&facets%5Btype%5D%5B%5D=DF&facets%5Btype%5D%5B%5D=NG,2026-09-25T20:09:03Z,
eia930:NYIS,demand_mw,2026-09-24T18:00:00Z,12894,MW,PT1H,US-NY,,,eia:electricity/rto/region-data,https://api.eia.gov/v2/electricity/rto/region-data/data/?api_key=REDACTED&frequency=hourly&data%5B0%5D=value&start=2026-09-22T01&end=2026-09-25T00&sort%5B0%5D%5Bcolumn%5D=period&sort%5B0%5D%5Bdirection%5D=asc&sort%5B1%5D%5Bcolumn%5D=respondent&sort%5B1%5D%5Bdirection%5D=asc&offset=0&length=5000&facets%5Brespondent%5D%5B%5D=CISO&facets%5Brespondent%5D%5B%5D=ERCO&facets%5Brespondent%5D%5B%5D=ISNE&facets%5Brespondent%5D%5B%5D=MISO&facets%5Brespondent%5D%5B%5D=NYIS&facets%5Brespondent%5D%5B%5D=PJM&facets%5Brespondent%5D%5B%5D=SWPP&facets%5Brespondent%5D%5B%5D=US48&facets%5Btype%5D%5B%5D=D&facets%5Btype%5D%5B%5D=DF&facets%5Btype%5D%5B%5D=NG,2026-09-25T20:09:03Z,
eia930:NYIS,demand_mw,2026-09-24T19:00:00Z,13394,MW,PT1H,US-NY,,,eia:electricity/rto/region-data,https://api.eia.gov/v2/electricity/rto/region-data/data/?api_key=REDACTED&frequency=hourly&data%5B0%5D=value&start=2026-09-22T01&end=2026-09-25T00&sort%5B0%5D%5Bcolumn%5D=period&sort%5B0%5D%5Bdirection%5D=asc&sort%5B1%5D%5Bcolumn%5D=respondent&sort%5B1%5D%5Bdirection%5D=asc&offset=0&length=5000&facets%5Brespondent%5D%5B%5D=CISO&facets%5Brespondent%5D%5B%5D=ERCO&facets%5Brespondent%5D%5B%5D=ISNE&facets%5Brespondent%5D%5B%5D=MISO&facets%5Brespondent%5D%5B%5D=NYIS&facets%5Brespondent%5D%5B%5D=PJM&facets%5Brespondent%5D%5B%5D=SWPP&facets%5Brespondent%5D%5B%5D=US48&facets%5Btype%5D%5B%5D=D&facets%5Btype%5D%5B%5D=DF&facets%5Btype%5D%5B%5D=NG,2026-09-25T20:09:03Z,
eia930:NYIS,demand_mw,2026-09-24T20:00:00Z,14335,MW,PT1H,US-NY,,,eia:electricity/rto/region-data,https://api.eia.gov/v2/electricity/rto/region-data/data/?api_key=REDACTED&frequency=hourly&data%5B0%5D=value&start=2026-09-22T01&end=2026-09-25T00&sort%5B0%5D%5Bcolumn%5D=period&sort%5B0%5D%5Bdirection%5D=asc&sort%5B1%5D%5Bcolumn%5D=respondent&sort%5B1%5D%5Bdirection%5D=asc&offset=0&length=5000&facets%5Brespondent%5D%5B%5D=CISO&facets%5Brespondent%5D%5B%5D=ERCO&facets%5Brespondent%5D%5B%5D=ISNE&facets%5Brespondent%5D%5B%5D=MISO&facets%5Brespondent%5D%5B%5D=NYIS&facets%5Brespondent%5D%5B%5D=PJM&facets%5Brespondent%5D%5B%5D=SWPP&facets%5Brespondent%5D%5B%5D=US48&facets%5Btype%5D%5B%5D=D&facets%5Btype%5D%5B%5D=DF&facets%5Btype%5D%5B%5D=NG,2026-09-25T20:09:03Z,
eia930:NYIS,demand_mw,2026-09-24T21:00:00Z,15729,MW,PT1H,US-NY,,,eia:electricity/rto/region-data,https://api.eia.gov/v2/electricity/rto/region-data/data/?api_key=REDACTED&frequency=hourly&data%5B0%5D=value&start=2026-09-22T01&end=2026-09-25T00&sort%5B0%5D%5Bcolumn%5D=period&sort%5B0%5D%5Bdirection%5D=asc&sort%5B1%5D%5Bcolumn%5D=respondent&sort%5B1%5D%5Bdirection%5D=asc&offset=0&length=5000&facets%5Brespondent%5D%5B%5D=CISO&facets%5Brespondent%5D%5B%5D=ERCO&facets%5Brespondent%5D%5B%5D=ISNE&facets%5Brespondent%5D%5B%5D=MISO&facets%5Brespondent%5D%5B%5D=NYIS&facets%5Brespondent%5D%5B%5D=PJM&facets%5Brespondent%5D%5B%5D=SWPP&facets%5Brespondent%5D%5B%5D=US48&facets%5Btype%5D%5B%5D=D&facets%5Btype%5D%5B%5D=DF&facets%5Btype%5D%5B%5D=NG,2026-09-25T20:09:03Z,
eia930:NYIS,demand_mw,2026-09-24T22:00:00Z,16757,MW,PT1H,US-NY,,,eia:electricity/rto/region-data,https://api.eia.gov/v2/electricity/rto/region-data/data/?api_key=REDACTED&frequency=hourly&data%5B0%5D=value&start=2026-09-22T01&end=2026-09-25T00&sort%5B0%5D%5Bcolumn%5D=period&sort%5B0%5D%5Bdirection%5D=asc&sort%5B1%5D%5Bcolumn%5D=respondent&sort%5B1%5D%5Bdirection%5D=asc&offset=0&length=5000&facets%5Brespondent%5D%5B%5D=CISO&facets%5Brespondent%5D%5B%5D=ERCO&facets%5Brespondent%5D%5B%5D=ISNE&facets%5Brespondent%5D%5B%5D=MISO&facets%5Brespondent%5D%5B%5D=NYIS&facets%5Brespondent%5D%5B%5D=PJM&facets%5Brespondent%5D%5B%5D=SWPP&facets%5Brespondent%5D%5B%5D=US48&facets%5Btype%5D%5B%5D=D&facets%5Btype%5D%5B%5D=DF&facets%5Btype%5D%5B%5D=NG,2026-09-25T20:09:03Z,
eia930:NYIS,demand_mw,2026-09-24T23:00:00Z,17084,MW,PT1H,US-NY,,,eia:electricity/rto/region-data,https://api.eia.gov/v2/electricity/rto/region-data/data/?api_key=REDACTED&frequency=hourly&data%5B0%5D=value&start=2026-09-22T01&end=2026-09-25T00&sort%5B0%5D%5Bcolumn%5D=period&sort%5B0%5D%5Bdirection%5D=asc&sort%5B1%5D%5Bcolumn%5D=respondent&sort%5B1%5D%5Bdirection%5D=asc&offset=0&length=5000&facets%5Brespondent%5D%5B%5D=CISO&facets%5Brespondent%5D%5B%5D=ERCO&facets%5Brespondent%5D%5B%5D=ISNE&facets%5Brespondent%5D%5B%5D=MISO&facets%5Brespondent%5D%5B%5D=NYIS&facets%5Brespondent%5D%5B%5D=PJM&facets%5Brespondent%5D%5B%5D=SWPP&facets%5Brespondent%5D%5B%5D=US48&facets%5Btype%5D%5B%5D=D&facets%5Btype%5D%5B%5D=DF&facets%5Btype%5D%5B%5D=NG,2026-09-25T20:09:03Z,
