# Energy Research Warehouse (ERW): ERCOT day-ahead market settlement point prices, trading hubs
# Shape: series (docs/datastandard.md v0). Units: USD/MWh. ts_utc is interval start, UTC.
# Window: ERCOT operating days 2026-09-22 to 2026-09-24 (America/Chicago), [2026-09-22T05:00:00Z, 2026-09-25T05:00:00Z)
# Forward DAM days also included (published before retrieval): 2026-09-25, 2026-09-26
# Retrieved: 20260925T194847Z (UTC) by warehouse/connectors/iso_prices.py via gridstatus Ercot
# Run log: warehouse/output/logs/ercot_prices_20260925T194847Z.log (every source document, by name)
# Raw files: warehouse/raw/ercot/20260925T194847Z/ (not in git; manifest.csv lists each file and URL)
# Source: ERCOT NP4-190-CD DAM Settlement Point Prices, https://www.ercot.com/mp/data-products/data-product-details?id=NP4-190-CD
#   document list: https://www.ercot.com/misapp/servlets/IceDocListJsonWS?reportTypeId=12331
#   5 document(s) used, published 2026-09-21T17:32:44Z to 2026-09-25T17:41:14Z; rows from each: see source_url and vintage columns
# File holds 3840 rows, 2026-08-26T05:00:00Z to 2026-09-27T04:00:00Z. This run wrote 600 rows: 120 new, 480 replacing earlier rows with the same (entity, variable, ts_utc); 3240 rows are kept from earlier runs. Per row, source, source_url, retrieved_at and vintage say where it came from; earlier run logs are in warehouse/output/logs/.
entity,variable,ts_utc,value,unit,freq,geo,market,node,source,source_url,retrieved_at,vintage
ercot:HB_BUSAVG,spp_dam,2026-08-26T05:00:00Z,28.18,USD/MWh,PT1H,US-TX,ercot_dam,HB_BUSAVG,ercot:NP4-190-CD,https://www.ercot.com/misdownload/servlets/mirDownload?doclookupId=1266561949,2026-09-25T06:37:51Z,2026-08-25T17:42:39Z
ercot:HB_BUSAVG,spp_dam,2026-08-26T06:00:00Z,26.49,USD/MWh,PT1H,US-TX,ercot_dam,HB_BUSAVG,ercot:NP4-190-CD,https://www.ercot.com/misdownload/servlets/mirDownload?doclookupId=1266561949,2026-09-25T06:37:51Z,2026-08-25T17:42:39Z
ercot:HB_BUSAVG,spp_dam,2026-08-26T07:00:00Z,26.7,USD/MWh,PT1H,US-TX,ercot_dam,HB_BUSAVG,ercot:NP4-190-CD,https://www.ercot.com/misdownload/servlets/mirDownload?doclookupId=1266561949,2026-09-25T06:37:51Z,2026-08-25T17:42:39Z
ercot:HB_BUSAVG,spp_dam,2026-08-26T08:00:00Z,28.83,USD/MWh,PT1H,US-TX,ercot_dam,HB_BUSAVG,ercot:NP4-190-CD,https://www.ercot.com/misdownload/servlets/mirDownload?doclookupId=1266561949,2026-09-25T06:37:51Z,2026-08-25T17:42:39Z
ercot:HB_BUSAVG,spp_dam,2026-08-26T09:00:00Z,30.27,USD/MWh,PT1H,US-TX,ercot_dam,HB_BUSAVG,ercot:NP4-190-CD,https://www.ercot.com/misdownload/servlets/mirDownload?doclookupId=1266561949,2026-09-25T06:37:51Z,2026-08-25T17:42:39Z
ercot:HB_BUSAVG,spp_dam,2026-08-26T10:00:00Z,33.35,USD/MWh,PT1H,US-TX,ercot_dam,HB_BUSAVG,ercot:NP4-190-CD,https://www.ercot.com/misdownload/servlets/mirDownload?doclookupId=1266561949,2026-09-25T06:37:51Z,2026-08-25T17:42:39Z
ercot:HB_BUSAVG,spp_dam,2026-08-26T11:00:00Z,36.18,USD/MWh,PT1H,US-TX,ercot_dam,HB_BUSAVG,ercot:NP4-190-CD,https://www.ercot.com/misdownload/servlets/mirDownload?doclookupId=1266561949,2026-09-25T06:37:51Z,2026-08-25T17:42:39Z
ercot:HB_BUSAVG,spp_dam,2026-08-26T12:00:00Z,33.82,USD/MWh,PT1H,US-TX,ercot_dam,HB_BUSAVG,ercot:NP4-190-CD,https://www.ercot.com/misdownload/servlets/mirDownload?doclookupId=1266561949,2026-09-25T06:37:51Z,2026-08-25T17:42:39Z
ercot:HB_BUSAVG,spp_dam,2026-08-26T13:00:00Z,26.76,USD/MWh,PT1H,US-TX,ercot_dam,HB_BUSAVG,ercot:NP4-190-CD,https://www.ercot.com/misdownload/servlets/mirDownload?doclookupId=1266561949,2026-09-25T06:37:51Z,2026-08-25T17:42:39Z
ercot:HB_BUSAVG,spp_dam,2026-08-26T14:00:00Z,24.92,USD/MWh,PT1H,US-TX,ercot_dam,HB_BUSAVG,ercot:NP4-190-CD,https://www.ercot.com/misdownload/servlets/mirDownload?doclookupId=1266561949,2026-09-25T06:37:51Z,2026-08-25T17:42:39Z
ercot:HB_BUSAVG,spp_dam,2026-08-26T15:00:00Z,25.5,USD/MWh,PT1H,US-TX,ercot_dam,HB_BUSAVG,ercot:NP4-190-CD,https://www.ercot.com/misdownload/servlets/mirDownload?doclookupId=1266561949,2026-09-25T06:37:51Z,2026-08-25T17:42:39Z
ercot:HB_BUSAVG,spp_dam,2026-08-26T16:00:00Z,28.99,USD/MWh,PT1H,US-TX,ercot_dam,HB_BUSAVG,ercot:NP4-190-CD,https://www.ercot.com/misdownload/servlets/mirDownload?doclookupId=1266561949,2026-09-25T06:37:51Z,2026-08-25T17:42:39Z
ercot:HB_BUSAVG,spp_dam,2026-08-26T17:00:00Z,34.11,USD/MWh,PT1H,US-TX,ercot_dam,HB_BUSAVG,ercot:NP4-190-CD,https://www.ercot.com/misdownload/servlets/mirDownload?doclookupId=1266561949,2026-09-25T06:37:51Z,2026-08-25T17:42:39Z
ercot:HB_BUSAVG,spp_dam,2026-08-26T18:00:00Z,37.62,USD/MWh,PT1H,US-TX,ercot_dam,HB_BUSAVG,ercot:NP4-190-CD,https://www.ercot.com/misdownload/servlets/mirDownload?doclookupId=1266561949,2026-09-25T06:37:51Z,2026-08-25T17:42:39Z
ercot:HB_BUSAVG,spp_dam,2026-08-26T19:00:00Z,44.34,USD/MWh,PT1H,US-TX,ercot_dam,HB_BUSAVG,ercot:NP4-190-CD,https://www.ercot.com/misdownload/servlets/mirDownload?doclookupId=1266561949,2026-09-25T06:37:51Z,2026-08-25T17:42:39Z
ercot:HB_BUSAVG,spp_dam,2026-08-26T20:00:00Z,49.91,USD/MWh,PT1H,US-TX,ercot_dam,HB_BUSAVG,ercot:NP4-190-CD,https://www.ercot.com/misdownload/servlets/mirDownload?doclookupId=1266561949,2026-09-25T06:37:51Z,2026-08-25T17:42:39Z
ercot:HB_BUSAVG,spp_dam,2026-08-26T21:00:00Z,57.5,USD/MWh,PT1H,US-TX,ercot_dam,HB_BUSAVG,ercot:NP4-190-CD,https://www.ercot.com/misdownload/servlets/mirDownload?doclookupId=1266561949,2026-09-25T06:37:51Z,2026-08-25T17:42:39Z
ercot:HB_BUSAVG,spp_dam,2026-08-26T22:00:00Z,62.63,USD/MWh,PT1H,US-TX,ercot_dam,HB_BUSAVG,ercot:NP4-190-CD,https://www.ercot.com/misdownload/servlets/mirDownload?doclookupId=1266561949,2026-09-25T06:37:51Z,2026-08-25T17:42:39Z
ercot:HB_BUSAVG,spp_dam,2026-08-26T23:00:00Z,105.72,USD/MWh,PT1H,US-TX,ercot_dam,HB_BUSAVG,ercot:NP4-190-CD,https://www.ercot.com/misdownload/servlets/mirDownload?doclookupId=1266561949,2026-09-25T06:37:51Z,2026-08-25T17:42:39Z
ercot:HB_BUSAVG,spp_dam,2026-08-27T00:00:00Z,145.64,USD/MWh,PT1H,US-TX,ercot_dam,HB_BUSAVG,ercot:NP4-190-CD,https://www.ercot.com/misdownload/servlets/mirDownload?doclookupId=1266561949,2026-09-25T06:37:51Z,2026-08-25T17:42:39Z
ercot:HB_BUSAVG,spp_dam,2026-08-27T01:00:00Z,131.53,USD/MWh,PT1H,US-TX,ercot_dam,HB_BUSAVG,ercot:NP4-190-CD,https://www.ercot.com/misdownload/servlets/mirDownload?doclookupId=1266561949,2026-09-25T06:37:51Z,2026-08-25T17:42:39Z
ercot:HB_BUSAVG,spp_dam,2026-08-27T02:00:00Z,143.81,USD/MWh,PT1H,US-TX,ercot_dam,HB_BUSAVG,ercot:NP4-190-CD,https://www.ercot.com/misdownload/servlets/mirDownload?doclookupId=1266561949,2026-09-25T06:37:51Z,2026-08-25T17:42:39Z
ercot:HB_BUSAVG,spp_dam,2026-08-27T03:00:00Z,99.62,USD/MWh,PT1H,US-TX,ercot_dam,HB_BUSAVG,ercot:NP4-190-CD,https://www.ercot.com/misdownload/servlets/mirDownload?doclookupId=1266561949,2026-09-25T06:37:51Z,2026-08-25T17:42:39Z
ercot:HB_BUSAVG,spp_dam,2026-08-27T04:00:00Z,60.6,USD/MWh,PT1H,US-TX,ercot_dam,HB_BUSAVG,ercot:NP4-190-CD,https://www.ercot.com/misdownload/servlets/mirDownload?doclookupId=1266561949,2026-09-25T06:37:51Z,2026-08-25T17:42:39Z
ercot:HB_BUSAVG,spp_dam,2026-08-27T05:00:00Z,68.25,USD/MWh,PT1H,US-TX,ercot_dam,HB_BUSAVG,ercot:NP4-190-CD,https://www.ercot.com/misdownload/servlets/mirDownload?doclookupId=1266957722,2026-09-25T06:37:50Z,2026-08-26T17:41:45Z
ercot:HB_BUSAVG,spp_dam,2026-08-27T06:00:00Z,53.63,USD/MWh,PT1H,US-TX,ercot_dam,HB_BUSAVG,ercot:NP4-190-CD,https://www.ercot.com/misdownload/servlets/mirDownload?doclookupId=1266957722,2026-09-25T06:37:50Z,2026-08-26T17:41:45Z
ercot:HB_BUSAVG,spp_dam,2026-08-27T07:00:00Z,48.57,USD/MWh,PT1H,US-TX,ercot_dam,HB_BUSAVG,ercot:NP4-190-CD,https://www.ercot.com/misdownload/servlets/mirDownload?doclookupId=1266957722,2026-09-25T06:37:50Z,2026-08-26T17:41:45Z
ercot:HB_BUSAVG,spp_dam,2026-08-27T08:00:00Z,44.29,USD/MWh,PT1H,US-TX,ercot_dam,HB_BUSAVG,ercot:NP4-190-CD,https://www.ercot.com/misdownload/servlets/mirDownload?doclookupId=1266957722,2026-09-25T06:37:50Z,2026-08-26T17:41:45Z
ercot:HB_BUSAVG,spp_dam,2026-08-27T09:00:00Z,41.33,USD/MWh,PT1H,US-TX,ercot_dam,HB_BUSAVG,ercot:NP4-190-CD,https://www.ercot.com/misdownload/servlets/mirDownload?doclookupId=1266957722,2026-09-25T06:37:50Z,2026-08-26T17:41:45Z
ercot:HB_BUSAVG,spp_dam,2026-08-27T10:00:00Z,43.06,USD/MWh,PT1H,US-TX,ercot_dam,HB_BUSAVG,ercot:NP4-190-CD,https://www.ercot.com/misdownload/servlets/mirDownload?doclookupId=1266957722,2026-09-25T06:37:50Z,2026-08-26T17:41:45Z
ercot:HB_BUSAVG,spp_dam,2026-08-27T11:00:00Z,47.29,USD/MWh,PT1H,US-TX,ercot_dam,HB_BUSAVG,ercot:NP4-190-CD,https://www.ercot.com/misdownload/servlets/mirDownload?doclookupId=1266957722,2026-09-25T06:37:50Z,2026-08-26T17:41:45Z
ercot:HB_BUSAVG,spp_dam,2026-08-27T12:00:00Z,40.48,USD/MWh,PT1H,US-TX,ercot_dam,HB_BUSAVG,ercot:NP4-190-CD,https://www.ercot.com/misdownload/servlets/mirDownload?doclookupId=1266957722,2026-09-25T06:37:50Z,2026-08-26T17:41:45Z
ercot:HB_BUSAVG,spp_dam,2026-08-27T13:00:00Z,28.27,USD/MWh,PT1H,US-TX,ercot_dam,HB_BUSAVG,ercot:NP4-190-CD,https://www.ercot.com/misdownload/servlets/mirDownload?doclookupId=1266957722,2026-09-25T06:37:50Z,2026-08-26T17:41:45Z
ercot:HB_BUSAVG,spp_dam,2026-08-27T14:00:00Z,26.99,USD/MWh,PT1H,US-TX,ercot_dam,HB_BUSAVG,ercot:NP4-190-CD,https://www.ercot.com/misdownload/servlets/mirDownload?doclookupId=1266957722,2026-09-25T06:37:50Z,2026-08-26T17:41:45Z
ercot:HB_BUSAVG,spp_dam,2026-08-27T15:00:00Z,28.16,USD/MWh,PT1H,US-TX,ercot_dam,HB_BUSAVG,ercot:NP4-190-CD,https://www.ercot.com/misdownload/servlets/mirDownload?doclookupId=1266957722,2026-09-25T06:37:50Z,2026-08-26T17:41:45Z
ercot:HB_BUSAVG,spp_dam,2026-08-27T16:00:00Z,29.16,USD/MWh,PT1H,US-TX,ercot_dam,HB_BUSAVG,ercot:NP4-190-CD,https://www.ercot.com/misdownload/servlets/mirDownload?doclookupId=1266957722,2026-09-25T06:37:50Z,2026-08-26T17:41:45Z
ercot:HB_BUSAVG,spp_dam,2026-08-27T17:00:00Z,34.59,USD/MWh,PT1H,US-TX,ercot_dam,HB_BUSAVG,ercot:NP4-190-CD,https://www.ercot.com/misdownload/servlets/mirDownload?doclookupId=1266957722,2026-09-25T06:37:50Z,2026-08-26T17:41:45Z
ercot:HB_BUSAVG,spp_dam,2026-08-27T18:00:00Z,36.85,USD/MWh,PT1H,US-TX,ercot_dam,HB_BUSAVG,ercot:NP4-190-CD,https://www.ercot.com/misdownload/servlets/mirDownload?doclookupId=1266957722,2026-09-25T06:37:50Z,2026-08-26T17:41:45Z
ercot:HB_BUSAVG,spp_dam,2026-08-27T19:00:00Z,41.37,USD/MWh,PT1H,US-TX,ercot_dam,HB_BUSAVG,ercot:NP4-190-CD,https://www.ercot.com/misdownload/servlets/mirDownload?doclookupId=1266957722,2026-09-25T06:37:50Z,2026-08-26T17:41:45Z
ercot:HB_BUSAVG,spp_dam,2026-08-27T20:00:00Z,41.85,USD/MWh,PT1H,US-TX,ercot_dam,HB_BUSAVG,ercot:NP4-190-CD,https://www.ercot.com/misdownload/servlets/mirDownload?doclookupId=1266957722,2026-09-25T06:37:50Z,2026-08-26T17:41:45Z
ercot:HB_BUSAVG,spp_dam,2026-08-27T21:00:00Z,49.28,USD/MWh,PT1H,US-TX,ercot_dam,HB_BUSAVG,ercot:NP4-190-CD,https://www.ercot.com/misdownload/servlets/mirDownload?doclookupId=1266957722,2026-09-25T06:37:50Z,2026-08-26T17:41:45Z
ercot:HB_BUSAVG,spp_dam,2026-08-27T22:00:00Z,58.2,USD/MWh,PT1H,US-TX,ercot_dam,HB_BUSAVG,ercot:NP4-190-CD,https://www.ercot.com/misdownload/servlets/mirDownload?doclookupId=1266957722,2026-09-25T06:37:50Z,2026-08-26T17:41:45Z
ercot:HB_BUSAVG,spp_dam,2026-08-27T23:00:00Z,86.9,USD/MWh,PT1H,US-TX,ercot_dam,HB_BUSAVG,ercot:NP4-190-CD,https://www.ercot.com/misdownload/servlets/mirDownload?doclookupId=1266957722,2026-09-25T06:37:50Z,2026-08-26T17:41:45Z
ercot:HB_BUSAVG,spp_dam,2026-08-28T00:00:00Z,97.85,USD/MWh,PT1H,US-TX,ercot_dam,HB_BUSAVG,ercot:NP4-190-CD,https://www.ercot.com/misdownload/servlets/mirDownload?doclookupId=1266957722,2026-09-25T06:37:50Z,2026-08-26T17:41:45Z
ercot:HB_BUSAVG,spp_dam,2026-08-28T01:00:00Z,104.88,USD/MWh,PT1H,US-TX,ercot_dam,HB_BUSAVG,ercot:NP4-190-CD,https://www.ercot.com/misdownload/servlets/mirDownload?doclookupId=1266957722,2026-09-25T06:37:50Z,2026-08-26T17:41:45Z
ercot:HB_BUSAVG,spp_dam,2026-08-28T02:00:00Z,101.35,USD/MWh,PT1H,US-TX,ercot_dam,HB_BUSAVG,ercot:NP4-190-CD,https://www.ercot.com/misdownload/servlets/mirDownload?doclookupId=1266957722,2026-09-25T06:37:50Z,2026-08-26T17:41:45Z
ercot:HB_BUSAVG,spp_dam,2026-08-28T03:00:00Z,81.8,USD/MWh,PT1H,US-TX,ercot_dam,HB_BUSAVG,ercot:NP4-190-CD,https://www.ercot.com/misdownload/servlets/mirDownload?doclookupId=1266957722,2026-09-25T06:37:50Z,2026-08-26T17:41:45Z
ercot:HB_BUSAVG,spp_dam,2026-08-28T04:00:00Z,51.93,USD/MWh,PT1H,US-TX,ercot_dam,HB_BUSAVG,ercot:NP4-190-CD,https://www.ercot.com/misdownload/servlets/mirDownload?doclookupId=1266957722,2026-09-25T06:37:50Z,2026-08-26T17:41:45Z
ercot:HB_BUSAVG,spp_dam,2026-08-28T05:00:00Z,46.2,USD/MWh,PT1H,US-TX,ercot_dam,HB_BUSAVG,ercot:NP4-190-CD,https://www.ercot.com/misdownload/servlets/mirDownload?doclookupId=1267361150,2026-09-25T06:37:48Z,2026-08-27T18:20:13Z
ercot:HB_BUSAVG,spp_dam,2026-08-28T06:00:00Z,41.02,USD/MWh,PT1H,US-TX,ercot_dam,HB_BUSAVG,ercot:NP4-190-CD,https://www.ercot.com/misdownload/servlets/mirDownload?doclookupId=1267361150,2026-09-25T06:37:48Z,2026-08-27T18:20:13Z
ercot:HB_BUSAVG,spp_dam,2026-08-28T07:00:00Z,38.09,USD/MWh,PT1H,US-TX,ercot_dam,HB_BUSAVG,ercot:NP4-190-CD,https://www.ercot.com/misdownload/servlets/mirDownload?doclookupId=1267361150,2026-09-25T06:37:48Z,2026-08-27T18:20:13Z
ercot:HB_BUSAVG,spp_dam,2026-08-28T08:00:00Z,34.77,USD/MWh,PT1H,US-TX,ercot_dam,HB_BUSAVG,ercot:NP4-190-CD,https://www.ercot.com/misdownload/servlets/mirDownload?doclookupId=1267361150,2026-09-25T06:37:48Z,2026-08-27T18:20:13Z
ercot:HB_BUSAVG,spp_dam,2026-08-28T09:00:00Z,35.94,USD/MWh,PT1H,US-TX,ercot_dam,HB_BUSAVG,ercot:NP4-190-CD,https://www.ercot.com/misdownload/servlets/mirDownload?doclookupId=1267361150,2026-09-25T06:37:48Z,2026-08-27T18:20:13Z
ercot:HB_BUSAVG,spp_dam,2026-08-28T10:00:00Z,36.53,USD/MWh,PT1H,US-TX,ercot_dam,HB_BUSAVG,ercot:NP4-190-CD,https://www.ercot.com/misdownload/servlets/mirDownload?doclookupId=1267361150,2026-09-25T06:37:48Z,2026-08-27T18:20:13Z
ercot:HB_BUSAVG,spp_dam,2026-08-28T11:00:00Z,40.45,USD/MWh,PT1H,US-TX,ercot_dam,HB_BUSAVG,ercot:NP4-190-CD,https://www.ercot.com/misdownload/servlets/mirDownload?doclookupId=1267361150,2026-09-25T06:37:48Z,2026-08-27T18:20:13Z
ercot:HB_BUSAVG,spp_dam,2026-08-28T12:00:00Z,34.99,USD/MWh,PT1H,US-TX,ercot_dam,HB_BUSAVG,ercot:NP4-190-CD,https://www.ercot.com/misdownload/servlets/mirDownload?doclookupId=1267361150,2026-09-25T06:37:48Z,2026-08-27T18:20:13Z
ercot:HB_BUSAVG,spp_dam,2026-08-28T13:00:00Z,24.49,USD/MWh,PT1H,US-TX,ercot_dam,HB_BUSAVG,ercot:NP4-190-CD,https://www.ercot.com/misdownload/servlets/mirDownload?doclookupId=1267361150,2026-09-25T06:37:48Z,2026-08-27T18:20:13Z
ercot:HB_BUSAVG,spp_dam,2026-08-28T14:00:00Z,22.48,USD/MWh,PT1H,US-TX,ercot_dam,HB_BUSAVG,ercot:NP4-190-CD,https://www.ercot.com/misdownload/servlets/mirDownload?doclookupId=1267361150,2026-09-25T06:37:48Z,2026-08-27T18:20:13Z
ercot:HB_BUSAVG,spp_dam,2026-08-28T15:00:00Z,22.95,USD/MWh,PT1H,US-TX,ercot_dam,HB_BUSAVG,ercot:NP4-190-CD,https://www.ercot.com/misdownload/servlets/mirDownload?doclookupId=1267361150,2026-09-25T06:37:48Z,2026-08-27T18:20:13Z
ercot:HB_BUSAVG,spp_dam,2026-08-28T16:00:00Z,24.94,USD/MWh,PT1H,US-TX,ercot_dam,HB_BUSAVG,ercot:NP4-190-CD,https://www.ercot.com/misdownload/servlets/mirDownload?doclookupId=1267361150,2026-09-25T06:37:48Z,2026-08-27T18:20:13Z
ercot:HB_BUSAVG,spp_dam,2026-08-28T17:00:00Z,30.48,USD/MWh,PT1H,US-TX,ercot_dam,HB_BUSAVG,ercot:NP4-190-CD,https://www.ercot.com/misdownload/servlets/mirDownload?doclookupId=1267361150,2026-09-25T06:37:48Z,2026-08-27T18:20:13Z
ercot:HB_BUSAVG,spp_dam,2026-08-28T18:00:00Z,35.7,USD/MWh,PT1H,US-TX,ercot_dam,HB_BUSAVG,ercot:NP4-190-CD,https://www.ercot.com/misdownload/servlets/mirDownload?doclookupId=1267361150,2026-09-25T06:37:48Z,2026-08-27T18:20:13Z
ercot:HB_BUSAVG,spp_dam,2026-08-28T19:00:00Z,39.07,USD/MWh,PT1H,US-TX,ercot_dam,HB_BUSAVG,ercot:NP4-190-CD,https://www.ercot.com/misdownload/servlets/mirDownload?doclookupId=1267361150,2026-09-25T06:37:48Z,2026-08-27T18:20:13Z
ercot:HB_BUSAVG,spp_dam,2026-08-28T20:00:00Z,40.09,USD/MWh,PT1H,US-TX,ercot_dam,HB_BUSAVG,ercot:NP4-190-CD,https://www.ercot.com/misdownload/servlets/mirDownload?doclookupId=1267361150,2026-09-25T06:37:48Z,2026-08-27T18:20:13Z
ercot:HB_BUSAVG,spp_dam,2026-08-28T21:00:00Z,42.71,USD/MWh,PT1H,US-TX,ercot_dam,HB_BUSAVG,ercot:NP4-190-CD,https://www.ercot.com/misdownload/servlets/mirDownload?doclookupId=1267361150,2026-09-25T06:37:48Z,2026-08-27T18:20:13Z
ercot:HB_BUSAVG,spp_dam,2026-08-28T22:00:00Z,46.67,USD/MWh,PT1H,US-TX,ercot_dam,HB_BUSAVG,ercot:NP4-190-CD,https://www.ercot.com/misdownload/servlets/mirDownload?doclookupId=1267361150,2026-09-25T06:37:48Z,2026-08-27T18:20:13Z
ercot:HB_BUSAVG,spp_dam,2026-08-28T23:00:00Z,73.76,USD/MWh,PT1H,US-TX,ercot_dam,HB_BUSAVG,ercot:NP4-190-CD,https://www.ercot.com/misdownload/servlets/mirDownload?doclookupId=1267361150,2026-09-25T06:37:48Z,2026-08-27T18:20:13Z
ercot:HB_BUSAVG,spp_dam,2026-08-29T00:00:00Z,83.58,USD/MWh,PT1H,US-TX,ercot_dam,HB_BUSAVG,ercot:NP4-190-CD,https://www.ercot.com/misdownload/servlets/mirDownload?doclookupId=1267361150,2026-09-25T06:37:48Z,2026-08-27T18:20:13Z
ercot:HB_BUSAVG,spp_dam,2026-08-29T01:00:00Z,73.97,USD/MWh,PT1H,US-TX,ercot_dam,HB_BUSAVG,ercot:NP4-190-CD,https://www.ercot.com/misdownload/servlets/mirDownload?doclookupId=1267361150,2026-09-25T06:37:48Z,2026-08-27T18:20:13Z
ercot:HB_BUSAVG,spp_dam,2026-08-29T02:00:00Z,60.38,USD/MWh,PT1H,US-TX,ercot_dam,HB_BUSAVG,ercot:NP4-190-CD,https://www.ercot.com/misdownload/servlets/mirDownload?doclookupId=1267361150,2026-09-25T06:37:48Z,2026-08-27T18:20:13Z
ercot:HB_BUSAVG,spp_dam,2026-08-29T03:00:00Z,44.03,USD/MWh,PT1H,US-TX,ercot_dam,HB_BUSAVG,ercot:NP4-190-CD,https://www.ercot.com/misdownload/servlets/mirDownload?doclookupId=1267361150,2026-09-25T06:37:48Z,2026-08-27T18:20:13Z
ercot:HB_BUSAVG,spp_dam,2026-08-29T04:00:00Z,34.34,USD/MWh,PT1H,US-TX,ercot_dam,HB_BUSAVG,ercot:NP4-190-CD,https://www.ercot.com/misdownload/servlets/mirDownload?doclookupId=1267361150,2026-09-25T06:37:48Z,2026-08-27T18:20:13Z
ercot:HB_BUSAVG,spp_dam,2026-08-29T05:00:00Z,33.91,USD/MWh,PT1H,US-TX,ercot_dam,HB_BUSAVG,ercot:NP4-190-CD,https://www.ercot.com/misdownload/servlets/mirDownload?doclookupId=1267748284,2026-09-25T06:37:47Z,2026-08-28T17:33:57Z
ercot:HB_BUSAVG,spp_dam,2026-08-29T06:00:00Z,30.48,USD/MWh,PT1H,US-TX,ercot_dam,HB_BUSAVG,ercot:NP4-190-CD,https://www.ercot.com/misdownload/servlets/mirDownload?doclookupId=1267748284,2026-09-25T06:37:47Z,2026-08-28T17:33:57Z
ercot:HB_BUSAVG,spp_dam,2026-08-29T07:00:00Z,28.44,USD/MWh,PT1H,US-TX,ercot_dam,HB_BUSAVG,ercot:NP4-190-CD,https://www.ercot.com/misdownload/servlets/mirDownload?doclookupId=1267748284,2026-09-25T06:37:47Z,2026-08-28T17:33:57Z
ercot:HB_BUSAVG,spp_dam,2026-08-29T08:00:00Z,26.89,USD/MWh,PT1H,US-TX,ercot_dam,HB_BUSAVG,ercot:NP4-190-CD,https://www.ercot.com/misdownload/servlets/mirDownload?doclookupId=1267748284,2026-09-25T06:37:47Z,2026-08-28T17:33:57Z
ercot:HB_BUSAVG,spp_dam,2026-08-29T09:00:00Z,25.08,USD/MWh,PT1H,US-TX,ercot_dam,HB_BUSAVG,ercot:NP4-190-CD,https://www.ercot.com/misdownload/servlets/mirDownload?doclookupId=1267748284,2026-09-25T06:37:47Z,2026-08-28T17:33:57Z
ercot:HB_BUSAVG,spp_dam,2026-08-29T10:00:00Z,25.56,USD/MWh,PT1H,US-TX,ercot_dam,HB_BUSAVG,ercot:NP4-190-CD,https://www.ercot.com/misdownload/servlets/mirDownload?doclookupId=1267748284,2026-09-25T06:37:47Z,2026-08-28T17:33:57Z
ercot:HB_BUSAVG,spp_dam,2026-08-29T11:00:00Z,24.83,USD/MWh,PT1H,US-TX,ercot_dam,HB_BUSAVG,ercot:NP4-190-CD,https://www.ercot.com/misdownload/servlets/mirDownload?doclookupId=1267748284,2026-09-25T06:37:47Z,2026-08-28T17:33:57Z
ercot:HB_BUSAVG,spp_dam,2026-08-29T12:00:00Z,23.91,USD/MWh,PT1H,US-TX,ercot_dam,HB_BUSAVG,ercot:NP4-190-CD,https://www.ercot.com/misdownload/servlets/mirDownload?doclookupId=1267748284,2026-09-25T06:37:47Z,2026-08-28T17:33:57Z
ercot:HB_BUSAVG,spp_dam,2026-08-29T13:00:00Z,17.83,USD/MWh,PT1H,US-TX,ercot_dam,HB_BUSAVG,ercot:NP4-190-CD,https://www.ercot.com/misdownload/servlets/mirDownload?doclookupId=1267748284,2026-09-25T06:37:47Z,2026-08-28T17:33:57Z
ercot:HB_BUSAVG,spp_dam,2026-08-29T14:00:00Z,16.87,USD/MWh,PT1H,US-TX,ercot_dam,HB_BUSAVG,ercot:NP4-190-CD,https://www.ercot.com/misdownload/servlets/mirDownload?doclookupId=1267748284,2026-09-25T06:37:47Z,2026-08-28T17:33:57Z
ercot:HB_BUSAVG,spp_dam,2026-08-29T15:00:00Z,17.65,USD/MWh,PT1H,US-TX,ercot_dam,HB_BUSAVG,ercot:NP4-190-CD,https://www.ercot.com/misdownload/servlets/mirDownload?doclookupId=1267748284,2026-09-25T06:37:47Z,2026-08-28T17:33:57Z
ercot:HB_BUSAVG,spp_dam,2026-08-29T16:00:00Z,19.06,USD/MWh,PT1H,US-TX,ercot_dam,HB_BUSAVG,ercot:NP4-190-CD,https://www.ercot.com/misdownload/servlets/mirDownload?doclookupId=1267748284,2026-09-25T06:37:47Z,2026-08-28T17:33:57Z
ercot:HB_BUSAVG,spp_dam,2026-08-29T17:00:00Z,23.65,USD/MWh,PT1H,US-TX,ercot_dam,HB_BUSAVG,ercot:NP4-190-CD,https://www.ercot.com/misdownload/servlets/mirDownload?doclookupId=1267748284,2026-09-25T06:37:47Z,2026-08-28T17:33:57Z
ercot:HB_BUSAVG,spp_dam,2026-08-29T18:00:00Z,27.6,USD/MWh,PT1H,US-TX,ercot_dam,HB_BUSAVG,ercot:NP4-190-CD,https://www.ercot.com/misdownload/servlets/mirDownload?doclookupId=1267748284,2026-09-25T06:37:47Z,2026-08-28T17:33:57Z
ercot:HB_BUSAVG,spp_dam,2026-08-29T19:00:00Z,30.67,USD/MWh,PT1H,US-TX,ercot_dam,HB_BUSAVG,ercot:NP4-190-CD,https://www.ercot.com/misdownload/servlets/mirDownload?doclookupId=1267748284,2026-09-25T06:37:47Z,2026-08-28T17:33:57Z
ercot:HB_BUSAVG,spp_dam,2026-08-29T20:00:00Z,33.01,USD/MWh,PT1H,US-TX,ercot_dam,HB_BUSAVG,ercot:NP4-190-CD,https://www.ercot.com/misdownload/servlets/mirDownload?doclookupId=1267748284,2026-09-25T06:37:47Z,2026-08-28T17:33:57Z
ercot:HB_BUSAVG,spp_dam,2026-08-29T21:00:00Z,33.06,USD/MWh,PT1H,US-TX,ercot_dam,HB_BUSAVG,ercot:NP4-190-CD,https://www.ercot.com/misdownload/servlets/mirDownload?doclookupId=1267748284,2026-09-25T06:37:47Z,2026-08-28T17:33:57Z
ercot:HB_BUSAVG,spp_dam,2026-08-29T22:00:00Z,35.73,USD/MWh,PT1H,US-TX,ercot_dam,HB_BUSAVG,ercot:NP4-190-CD,https://www.ercot.com/misdownload/servlets/mirDownload?doclookupId=1267748284,2026-09-25T06:37:47Z,2026-08-28T17:33:57Z
ercot:HB_BUSAVG,spp_dam,2026-08-29T23:00:00Z,53.03,USD/MWh,PT1H,US-TX,ercot_dam,HB_BUSAVG,ercot:NP4-190-CD,https://www.ercot.com/misdownload/servlets/mirDownload?doclookupId=1267748284,2026-09-25T06:37:47Z,2026-08-28T17:33:57Z
ercot:HB_BUSAVG,spp_dam,2026-08-30T00:00:00Z,64.72,USD/MWh,PT1H,US-TX,ercot_dam,HB_BUSAVG,ercot:NP4-190-CD,https://www.ercot.com/misdownload/servlets/mirDownload?doclookupId=1267748284,2026-09-25T06:37:47Z,2026-08-28T17:33:57Z
ercot:HB_BUSAVG,spp_dam,2026-08-30T01:00:00Z,58.55,USD/MWh,PT1H,US-TX,ercot_dam,HB_BUSAVG,ercot:NP4-190-CD,https://www.ercot.com/misdownload/servlets/mirDownload?doclookupId=1267748284,2026-09-25T06:37:47Z,2026-08-28T17:33:57Z
ercot:HB_BUSAVG,spp_dam,2026-08-30T02:00:00Z,50.49,USD/MWh,PT1H,US-TX,ercot_dam,HB_BUSAVG,ercot:NP4-190-CD,https://www.ercot.com/misdownload/servlets/mirDownload?doclookupId=1267748284,2026-09-25T06:37:47Z,2026-08-28T17:33:57Z
ercot:HB_BUSAVG,spp_dam,2026-08-30T03:00:00Z,35.96,USD/MWh,PT1H,US-TX,ercot_dam,HB_BUSAVG,ercot:NP4-190-CD,https://www.ercot.com/misdownload/servlets/mirDownload?doclookupId=1267748284,2026-09-25T06:37:47Z,2026-08-28T17:33:57Z
ercot:HB_BUSAVG,spp_dam,2026-08-30T04:00:00Z,29.3,USD/MWh,PT1H,US-TX,ercot_dam,HB_BUSAVG,ercot:NP4-190-CD,https://www.ercot.com/misdownload/servlets/mirDownload?doclookupId=1267748284,2026-09-25T06:37:47Z,2026-08-28T17:33:57Z
ercot:HB_BUSAVG,spp_dam,2026-08-30T05:00:00Z,23.39,USD/MWh,PT1H,US-TX,ercot_dam,HB_BUSAVG,ercot:NP4-190-CD,https://www.ercot.com/misdownload/servlets/mirDownload?doclookupId=1268138600,2026-09-25T06:37:46Z,2026-08-29T17:52:11Z
ercot:HB_BUSAVG,spp_dam,2026-08-30T06:00:00Z,21.92,USD/MWh,PT1H,US-TX,ercot_dam,HB_BUSAVG,ercot:NP4-190-CD,https://www.ercot.com/misdownload/servlets/mirDownload?doclookupId=1268138600,2026-09-25T06:37:46Z,2026-08-29T17:52:11Z
ercot:HB_BUSAVG,spp_dam,2026-08-30T07:00:00Z,21.2,USD/MWh,PT1H,US-TX,ercot_dam,HB_BUSAVG,ercot:NP4-190-CD,https://www.ercot.com/misdownload/servlets/mirDownload?doclookupId=1268138600,2026-09-25T06:37:46Z,2026-08-29T17:52:11Z
ercot:HB_BUSAVG,spp_dam,2026-08-30T08:00:00Z,20.09,USD/MWh,PT1H,US-TX,ercot_dam,HB_BUSAVG,ercot:NP4-190-CD,https://www.ercot.com/misdownload/servlets/mirDownload?doclookupId=1268138600,2026-09-25T06:37:46Z,2026-08-29T17:52:11Z
ercot:HB_BUSAVG,spp_dam,2026-08-30T09:00:00Z,19.75,USD/MWh,PT1H,US-TX,ercot_dam,HB_BUSAVG,ercot:NP4-190-CD,https://www.ercot.com/misdownload/servlets/mirDownload?doclookupId=1268138600,2026-09-25T06:37:46Z,2026-08-29T17:52:11Z
ercot:HB_BUSAVG,spp_dam,2026-08-30T10:00:00Z,19.7,USD/MWh,PT1H,US-TX,ercot_dam,HB_BUSAVG,ercot:NP4-190-CD,https://www.ercot.com/misdownload/servlets/mirDownload?doclookupId=1268138600,2026-09-25T06:37:46Z,2026-08-29T17:52:11Z
ercot:HB_BUSAVG,spp_dam,2026-08-30T11:00:00Z,19.38,USD/MWh,PT1H,US-TX,ercot_dam,HB_BUSAVG,ercot:NP4-190-CD,https://www.ercot.com/misdownload/servlets/mirDownload?doclookupId=1268138600,2026-09-25T06:37:46Z,2026-08-29T17:52:11Z
ercot:HB_BUSAVG,spp_dam,2026-08-30T12:00:00Z,18.5,USD/MWh,PT1H,US-TX,ercot_dam,HB_BUSAVG,ercot:NP4-190-CD,https://www.ercot.com/misdownload/servlets/mirDownload?doclookupId=1268138600,2026-09-25T06:37:46Z,2026-08-29T17:52:11Z
ercot:HB_BUSAVG,spp_dam,2026-08-30T13:00:00Z,14.57,USD/MWh,PT1H,US-TX,ercot_dam,HB_BUSAVG,ercot:NP4-190-CD,https://www.ercot.com/misdownload/servlets/mirDownload?doclookupId=1268138600,2026-09-25T06:37:46Z,2026-08-29T17:52:11Z
ercot:HB_BUSAVG,spp_dam,2026-08-30T14:00:00Z,11.44,USD/MWh,PT1H,US-TX,ercot_dam,HB_BUSAVG,ercot:NP4-190-CD,https://www.ercot.com/misdownload/servlets/mirDownload?doclookupId=1268138600,2026-09-25T06:37:46Z,2026-08-29T17:52:11Z
ercot:HB_BUSAVG,spp_dam,2026-08-30T15:00:00Z,12.99,USD/MWh,PT1H,US-TX,ercot_dam,HB_BUSAVG,ercot:NP4-190-CD,https://www.ercot.com/misdownload/servlets/mirDownload?doclookupId=1268138600,2026-09-25T06:37:46Z,2026-08-29T17:52:11Z
ercot:HB_BUSAVG,spp_dam,2026-08-30T16:00:00Z,15.87,USD/MWh,PT1H,US-TX,ercot_dam,HB_BUSAVG,ercot:NP4-190-CD,https://www.ercot.com/misdownload/servlets/mirDownload?doclookupId=1268138600,2026-09-25T06:37:46Z,2026-08-29T17:52:11Z
ercot:HB_BUSAVG,spp_dam,2026-08-30T17:00:00Z,18.29,USD/MWh,PT1H,US-TX,ercot_dam,HB_BUSAVG,ercot:NP4-190-CD,https://www.ercot.com/misdownload/servlets/mirDownload?doclookupId=1268138600,2026-09-25T06:37:46Z,2026-08-29T17:52:11Z
ercot:HB_BUSAVG,spp_dam,2026-08-30T18:00:00Z,22.47,USD/MWh,PT1H,US-TX,ercot_dam,HB_BUSAVG,ercot:NP4-190-CD,https://www.ercot.com/misdownload/servlets/mirDownload?doclookupId=1268138600,2026-09-25T06:37:46Z,2026-08-29T17:52:11Z
ercot:HB_BUSAVG,spp_dam,2026-08-30T19:00:00Z,26.22,USD/MWh,PT1H,US-TX,ercot_dam,HB_BUSAVG,ercot:NP4-190-CD,https://www.ercot.com/misdownload/servlets/mirDownload?doclookupId=1268138600,2026-09-25T06:37:46Z,2026-08-29T17:52:11Z
ercot:HB_BUSAVG,spp_dam,2026-08-30T20:00:00Z,27.98,USD/MWh,PT1H,US-TX,ercot_dam,HB_BUSAVG,ercot:NP4-190-CD,https://www.ercot.com/misdownload/servlets/mirDownload?doclookupId=1268138600,2026-09-25T06:37:46Z,2026-08-29T17:52:11Z
ercot:HB_BUSAVG,spp_dam,2026-08-30T21:00:00Z,29.0,USD/MWh,PT1H,US-TX,ercot_dam,HB_BUSAVG,ercot:NP4-190-CD,https://www.ercot.com/misdownload/servlets/mirDownload?doclookupId=1268138600,2026-09-25T06:37:46Z,2026-08-29T17:52:11Z
ercot:HB_BUSAVG,spp_dam,2026-08-30T22:00:00Z,30.32,USD/MWh,PT1H,US-TX,ercot_dam,HB_BUSAVG,ercot:NP4-190-CD,https://www.ercot.com/misdownload/servlets/mirDownload?doclookupId=1268138600,2026-09-25T06:37:46Z,2026-08-29T17:52:11Z
ercot:HB_BUSAVG,spp_dam,2026-08-30T23:00:00Z,43.23,USD/MWh,PT1H,US-TX,ercot_dam,HB_BUSAVG,ercot:NP4-190-CD,https://www.ercot.com/misdownload/servlets/mirDownload?doclookupId=1268138600,2026-09-25T06:37:46Z,2026-08-29T17:52:11Z
ercot:HB_BUSAVG,spp_dam,2026-08-31T00:00:00Z,57.2,USD/MWh,PT1H,US-TX,ercot_dam,HB_BUSAVG,ercot:NP4-190-CD,https://www.ercot.com/misdownload/servlets/mirDownload?doclookupId=1268138600,2026-09-25T06:37:46Z,2026-08-29T17:52:11Z
ercot:HB_BUSAVG,spp_dam,2026-08-31T01:00:00Z,50.28,USD/MWh,PT1H,US-TX,ercot_dam,HB_BUSAVG,ercot:NP4-190-CD,https://www.ercot.com/misdownload/servlets/mirDownload?doclookupId=1268138600,2026-09-25T06:37:46Z,2026-08-29T17:52:11Z
ercot:HB_BUSAVG,spp_dam,2026-08-31T02:00:00Z,43.48,USD/MWh,PT1H,US-TX,ercot_dam,HB_BUSAVG,ercot:NP4-190-CD,https://www.ercot.com/misdownload/servlets/mirDownload?doclookupId=1268138600,2026-09-25T06:37:46Z,2026-08-29T17:52:11Z
ercot:HB_BUSAVG,spp_dam,2026-08-31T03:00:00Z,35.35,USD/MWh,PT1H,US-TX,ercot_dam,HB_BUSAVG,ercot:NP4-190-CD,https://www.ercot.com/misdownload/servlets/mirDownload?doclookupId=1268138600,2026-09-25T06:37:46Z,2026-08-29T17:52:11Z
ercot:HB_BUSAVG,spp_dam,2026-08-31T04:00:00Z,24.79,USD/MWh,PT1H,US-TX,ercot_dam,HB_BUSAVG,ercot:NP4-190-CD,https://www.ercot.com/misdownload/servlets/mirDownload?doclookupId=1268138600,2026-09-25T06:37:46Z,2026-08-29T17:52:11Z
ercot:HB_BUSAVG,spp_dam,2026-08-31T05:00:00Z,23.87,USD/MWh,PT1H,US-TX,ercot_dam,HB_BUSAVG,ercot:NP4-190-CD,https://www.ercot.com/misdownload/servlets/mirDownload?doclookupId=1268525450,2026-09-25T06:37:45Z,2026-08-30T18:00:59Z
ercot:HB_BUSAVG,spp_dam,2026-08-31T06:00:00Z,21.88,USD/MWh,PT1H,US-TX,ercot_dam,HB_BUSAVG,ercot:NP4-190-CD,https://www.ercot.com/misdownload/servlets/mirDownload?doclookupId=1268525450,2026-09-25T06:37:45Z,2026-08-30T18:00:59Z
ercot:HB_BUSAVG,spp_dam,2026-08-31T07:00:00Z,21.45,USD/MWh,PT1H,US-TX,ercot_dam,HB_BUSAVG,ercot:NP4-190-CD,https://www.ercot.com/misdownload/servlets/mirDownload?doclookupId=1268525450,2026-09-25T06:37:45Z,2026-08-30T18:00:59Z
ercot:HB_BUSAVG,spp_dam,2026-08-31T08:00:00Z,20.97,USD/MWh,PT1H,US-TX,ercot_dam,HB_BUSAVG,ercot:NP4-190-CD,https://www.ercot.com/misdownload/servlets/mirDownload?doclookupId=1268525450,2026-09-25T06:37:45Z,2026-08-30T18:00:59Z
ercot:HB_BUSAVG,spp_dam,2026-08-31T09:00:00Z,21.17,USD/MWh,PT1H,US-TX,ercot_dam,HB_BUSAVG,ercot:NP4-190-CD,https://www.ercot.com/misdownload/servlets/mirDownload?doclookupId=1268525450,2026-09-25T06:37:45Z,2026-08-30T18:00:59Z
ercot:HB_BUSAVG,spp_dam,2026-08-31T10:00:00Z,22.87,USD/MWh,PT1H,US-TX,ercot_dam,HB_BUSAVG,ercot:NP4-190-CD,https://www.ercot.com/misdownload/servlets/mirDownload?doclookupId=1268525450,2026-09-25T06:37:45Z,2026-08-30T18:00:59Z
ercot:HB_BUSAVG,spp_dam,2026-08-31T11:00:00Z,24.4,USD/MWh,PT1H,US-TX,ercot_dam,HB_BUSAVG,ercot:NP4-190-CD,https://www.ercot.com/misdownload/servlets/mirDownload?doclookupId=1268525450,2026-09-25T06:37:45Z,2026-08-30T18:00:59Z
ercot:HB_BUSAVG,spp_dam,2026-08-31T12:00:00Z,24.1,USD/MWh,PT1H,US-TX,ercot_dam,HB_BUSAVG,ercot:NP4-190-CD,https://www.ercot.com/misdownload/servlets/mirDownload?doclookupId=1268525450,2026-09-25T06:37:45Z,2026-08-30T18:00:59Z
ercot:HB_BUSAVG,spp_dam,2026-08-31T13:00:00Z,18.35,USD/MWh,PT1H,US-TX,ercot_dam,HB_BUSAVG,ercot:NP4-190-CD,https://www.ercot.com/misdownload/servlets/mirDownload?doclookupId=1268525450,2026-09-25T06:37:45Z,2026-08-30T18:00:59Z
ercot:HB_BUSAVG,spp_dam,2026-08-31T14:00:00Z,15.88,USD/MWh,PT1H,US-TX,ercot_dam,HB_BUSAVG,ercot:NP4-190-CD,https://www.ercot.com/misdownload/servlets/mirDownload?doclookupId=1268525450,2026-09-25T06:37:45Z,2026-08-30T18:00:59Z
ercot:HB_BUSAVG,spp_dam,2026-08-31T15:00:00Z,16.62,USD/MWh,PT1H,US-TX,ercot_dam,HB_BUSAVG,ercot:NP4-190-CD,https://www.ercot.com/misdownload/servlets/mirDownload?doclookupId=1268525450,2026-09-25T06:37:45Z,2026-08-30T18:00:59Z
ercot:HB_BUSAVG,spp_dam,2026-08-31T16:00:00Z,20.73,USD/MWh,PT1H,US-TX,ercot_dam,HB_BUSAVG,ercot:NP4-190-CD,https://www.ercot.com/misdownload/servlets/mirDownload?doclookupId=1268525450,2026-09-25T06:37:45Z,2026-08-30T18:00:59Z
ercot:HB_BUSAVG,spp_dam,2026-08-31T17:00:00Z,25.69,USD/MWh,PT1H,US-TX,ercot_dam,HB_BUSAVG,ercot:NP4-190-CD,https://www.ercot.com/misdownload/servlets/mirDownload?doclookupId=1268525450,2026-09-25T06:37:45Z,2026-08-30T18:00:59Z
ercot:HB_BUSAVG,spp_dam,2026-08-31T18:00:00Z,30.53,USD/MWh,PT1H,US-TX,ercot_dam,HB_BUSAVG,ercot:NP4-190-CD,https://www.ercot.com/misdownload/servlets/mirDownload?doclookupId=1268525450,2026-09-25T06:37:45Z,2026-08-30T18:00:59Z
ercot:HB_BUSAVG,spp_dam,2026-08-31T19:00:00Z,32.73,USD/MWh,PT1H,US-TX,ercot_dam,HB_BUSAVG,ercot:NP4-190-CD,https://www.ercot.com/misdownload/servlets/mirDownload?doclookupId=1268525450,2026-09-25T06:37:45Z,2026-08-30T18:00:59Z
ercot:HB_BUSAVG,spp_dam,2026-08-31T20:00:00Z,33.72,USD/MWh,PT1H,US-TX,ercot_dam,HB_BUSAVG,ercot:NP4-190-CD,https://www.ercot.com/misdownload/servlets/mirDownload?doclookupId=1268525450,2026-09-25T06:37:45Z,2026-08-30T18:00:59Z
ercot:HB_BUSAVG,spp_dam,2026-08-31T21:00:00Z,33.61,USD/MWh,PT1H,US-TX,ercot_dam,HB_BUSAVG,ercot:NP4-190-CD,https://www.ercot.com/misdownload/servlets/mirDownload?doclookupId=1268525450,2026-09-25T06:37:45Z,2026-08-30T18:00:59Z
ercot:HB_BUSAVG,spp_dam,2026-08-31T22:00:00Z,35.01,USD/MWh,PT1H,US-TX,ercot_dam,HB_BUSAVG,ercot:NP4-190-CD,https://www.ercot.com/misdownload/servlets/mirDownload?doclookupId=1268525450,2026-09-25T06:37:45Z,2026-08-30T18:00:59Z
ercot:HB_BUSAVG,spp_dam,2026-08-31T23:00:00Z,50.52,USD/MWh,PT1H,US-TX,ercot_dam,HB_BUSAVG,ercot:NP4-190-CD,https://www.ercot.com/misdownload/servlets/mirDownload?doclookupId=1268525450,2026-09-25T06:37:45Z,2026-08-30T18:00:59Z
ercot:HB_BUSAVG,spp_dam,2026-09-01T00:00:00Z,70.26,USD/MWh,PT1H,US-TX,ercot_dam,HB_BUSAVG,ercot:NP4-190-CD,https://www.ercot.com/misdownload/servlets/mirDownload?doclookupId=1268525450,2026-09-25T06:37:45Z,2026-08-30T18:00:59Z
ercot:HB_BUSAVG,spp_dam,2026-09-01T01:00:00Z,63.49,USD/MWh,PT1H,US-TX,ercot_dam,HB_BUSAVG,ercot:NP4-190-CD,https://www.ercot.com/misdownload/servlets/mirDownload?doclookupId=1268525450,2026-09-25T06:37:45Z,2026-08-30T18:00:59Z
ercot:HB_BUSAVG,spp_dam,2026-09-01T02:00:00Z,50.26,USD/MWh,PT1H,US-TX,ercot_dam,HB_BUSAVG,ercot:NP4-190-CD,https://www.ercot.com/misdownload/servlets/mirDownload?doclookupId=1268525450,2026-09-25T06:37:45Z,2026-08-30T18:00:59Z
ercot:HB_BUSAVG,spp_dam,2026-09-01T03:00:00Z,40.12,USD/MWh,PT1H,US-TX,ercot_dam,HB_BUSAVG,ercot:NP4-190-CD,https://www.ercot.com/misdownload/servlets/mirDownload?doclookupId=1268525450,2026-09-25T06:37:45Z,2026-08-30T18:00:59Z
ercot:HB_BUSAVG,spp_dam,2026-09-01T04:00:00Z,29.07,USD/MWh,PT1H,US-TX,ercot_dam,HB_BUSAVG,ercot:NP4-190-CD,https://www.ercot.com/misdownload/servlets/mirDownload?doclookupId=1268525450,2026-09-25T06:37:45Z,2026-08-30T18:00:59Z
ercot:HB_BUSAVG,spp_dam,2026-09-01T05:00:00Z,25.78,USD/MWh,PT1H,US-TX,ercot_dam,HB_BUSAVG,ercot:NP4-190-CD,https://www.ercot.com/misdownload/servlets/mirDownload?doclookupId=1268915317,2026-09-25T06:37:44Z,2026-08-31T17:33:51Z
ercot:HB_BUSAVG,spp_dam,2026-09-01T06:00:00Z,24.0,USD/MWh,PT1H,US-TX,ercot_dam,HB_BUSAVG,ercot:NP4-190-CD,https://www.ercot.com/misdownload/servlets/mirDownload?doclookupId=1268915317,2026-09-25T06:37:44Z,2026-08-31T17:33:51Z
ercot:HB_BUSAVG,spp_dam,2026-09-01T07:00:00Z,23.85,USD/MWh,PT1H,US-TX,ercot_dam,HB_BUSAVG,ercot:NP4-190-CD,https://www.ercot.com/misdownload/servlets/mirDownload?doclookupId=1268915317,2026-09-25T06:37:44Z,2026-08-31T17:33:51Z
ercot:HB_BUSAVG,spp_dam,2026-09-01T08:00:00Z,24.54,USD/MWh,PT1H,US-TX,ercot_dam,HB_BUSAVG,ercot:NP4-190-CD,https://www.ercot.com/misdownload/servlets/mirDownload?doclookupId=1268915317,2026-09-25T06:37:44Z,2026-08-31T17:33:51Z
ercot:HB_BUSAVG,spp_dam,2026-09-01T09:00:00Z,23.59,USD/MWh,PT1H,US-TX,ercot_dam,HB_BUSAVG,ercot:NP4-190-CD,https://www.ercot.com/misdownload/servlets/mirDownload?doclookupId=1268915317,2026-09-25T06:37:44Z,2026-08-31T17:33:51Z
ercot:HB_BUSAVG,spp_dam,2026-09-01T10:00:00Z,27.77,USD/MWh,PT1H,US-TX,ercot_dam,HB_BUSAVG,ercot:NP4-190-CD,https://www.ercot.com/misdownload/servlets/mirDownload?doclookupId=1268915317,2026-09-25T06:37:44Z,2026-08-31T17:33:51Z
ercot:HB_BUSAVG,spp_dam,2026-09-01T11:00:00Z,30.89,USD/MWh,PT1H,US-TX,ercot_dam,HB_BUSAVG,ercot:NP4-190-CD,https://www.ercot.com/misdownload/servlets/mirDownload?doclookupId=1268915317,2026-09-25T06:37:44Z,2026-08-31T17:33:51Z
ercot:HB_BUSAVG,spp_dam,2026-09-01T12:00:00Z,28.53,USD/MWh,PT1H,US-TX,ercot_dam,HB_BUSAVG,ercot:NP4-190-CD,https://www.ercot.com/misdownload/servlets/mirDownload?doclookupId=1268915317,2026-09-25T06:37:44Z,2026-08-31T17:33:51Z
ercot:HB_BUSAVG,spp_dam,2026-09-01T13:00:00Z,22.11,USD/MWh,PT1H,US-TX,ercot_dam,HB_BUSAVG,ercot:NP4-190-CD,https://www.ercot.com/misdownload/servlets/mirDownload?doclookupId=1268915317,2026-09-25T06:37:44Z,2026-08-31T17:33:51Z
ercot:HB_BUSAVG,spp_dam,2026-09-01T14:00:00Z,20.2,USD/MWh,PT1H,US-TX,ercot_dam,HB_BUSAVG,ercot:NP4-190-CD,https://www.ercot.com/misdownload/servlets/mirDownload?doclookupId=1268915317,2026-09-25T06:37:44Z,2026-08-31T17:33:51Z
ercot:HB_BUSAVG,spp_dam,2026-09-01T15:00:00Z,20.57,USD/MWh,PT1H,US-TX,ercot_dam,HB_BUSAVG,ercot:NP4-190-CD,https://www.ercot.com/misdownload/servlets/mirDownload?doclookupId=1268915317,2026-09-25T06:37:44Z,2026-08-31T17:33:51Z
ercot:HB_BUSAVG,spp_dam,2026-09-01T16:00:00Z,23.71,USD/MWh,PT1H,US-TX,ercot_dam,HB_BUSAVG,ercot:NP4-190-CD,https://www.ercot.com/misdownload/servlets/mirDownload?doclookupId=1268915317,2026-09-25T06:37:44Z,2026-08-31T17:33:51Z
ercot:HB_BUSAVG,spp_dam,2026-09-01T17:00:00Z,29.59,USD/MWh,PT1H,US-TX,ercot_dam,HB_BUSAVG,ercot:NP4-190-CD,https://www.ercot.com/misdownload/servlets/mirDownload?doclookupId=1268915317,2026-09-25T06:37:44Z,2026-08-31T17:33:51Z
ercot:HB_BUSAVG,spp_dam,2026-09-01T18:00:00Z,36.42,USD/MWh,PT1H,US-TX,ercot_dam,HB_BUSAVG,ercot:NP4-190-CD,https://www.ercot.com/misdownload/servlets/mirDownload?doclookupId=1268915317,2026-09-25T06:37:44Z,2026-08-31T17:33:51Z
ercot:HB_BUSAVG,spp_dam,2026-09-01T19:00:00Z,39.61,USD/MWh,PT1H,US-TX,ercot_dam,HB_BUSAVG,ercot:NP4-190-CD,https://www.ercot.com/misdownload/servlets/mirDownload?doclookupId=1268915317,2026-09-25T06:37:44Z,2026-08-31T17:33:51Z
ercot:HB_BUSAVG,spp_dam,2026-09-01T20:00:00Z,41.14,USD/MWh,PT1H,US-TX,ercot_dam,HB_BUSAVG,ercot:NP4-190-CD,https://www.ercot.com/misdownload/servlets/mirDownload?doclookupId=1268915317,2026-09-25T06:37:44Z,2026-08-31T17:33:51Z
ercot:HB_BUSAVG,spp_dam,2026-09-01T21:00:00Z,43.58,USD/MWh,PT1H,US-TX,ercot_dam,HB_BUSAVG,ercot:NP4-190-CD,https://www.ercot.com/misdownload/servlets/mirDownload?doclookupId=1268915317,2026-09-25T06:37:44Z,2026-08-31T17:33:51Z
ercot:HB_BUSAVG,spp_dam,2026-09-01T22:00:00Z,47.92,USD/MWh,PT1H,US-TX,ercot_dam,HB_BUSAVG,ercot:NP4-190-CD,https://www.ercot.com/misdownload/servlets/mirDownload?doclookupId=1268915317,2026-09-25T06:37:44Z,2026-08-31T17:33:51Z
ercot:HB_BUSAVG,spp_dam,2026-09-01T23:00:00Z,63.22,USD/MWh,PT1H,US-TX,ercot_dam,HB_BUSAVG,ercot:NP4-190-CD,https://www.ercot.com/misdownload/servlets/mirDownload?doclookupId=1268915317,2026-09-25T06:37:44Z,2026-08-31T17:33:51Z
ercot:HB_BUSAVG,spp_dam,2026-09-02T00:00:00Z,64.53,USD/MWh,PT1H,US-TX,ercot_dam,HB_BUSAVG,ercot:NP4-190-CD,https://www.ercot.com/misdownload/servlets/mirDownload?doclookupId=1268915317,2026-09-25T06:37:44Z,2026-08-31T17:33:51Z
ercot:HB_BUSAVG,spp_dam,2026-09-02T01:00:00Z,55.17,USD/MWh,PT1H,US-TX,ercot_dam,HB_BUSAVG,ercot:NP4-190-CD,https://www.ercot.com/misdownload/servlets/mirDownload?doclookupId=1268915317,2026-09-25T06:37:44Z,2026-08-31T17:33:51Z
ercot:HB_BUSAVG,spp_dam,2026-09-02T02:00:00Z,48.18,USD/MWh,PT1H,US-TX,ercot_dam,HB_BUSAVG,ercot:NP4-190-CD,https://www.ercot.com/misdownload/servlets/mirDownload?doclookupId=1268915317,2026-09-25T06:37:44Z,2026-08-31T17:33:51Z
ercot:HB_BUSAVG,spp_dam,2026-09-02T03:00:00Z,38.3,USD/MWh,PT1H,US-TX,ercot_dam,HB_BUSAVG,ercot:NP4-190-CD,https://www.ercot.com/misdownload/servlets/mirDownload?doclookupId=1268915317,2026-09-25T06:37:44Z,2026-08-31T17:33:51Z
ercot:HB_BUSAVG,spp_dam,2026-09-02T04:00:00Z,30.84,USD/MWh,PT1H,US-TX,ercot_dam,HB_BUSAVG,ercot:NP4-190-CD,https://www.ercot.com/misdownload/servlets/mirDownload?doclookupId=1268915317,2026-09-25T06:37:44Z,2026-08-31T17:33:51Z
ercot:HB_BUSAVG,spp_dam,2026-09-02T05:00:00Z,27.15,USD/MWh,PT1H,US-TX,ercot_dam,HB_BUSAVG,ercot:NP4-190-CD,https://www.ercot.com/misdownload/servlets/mirDownload?doclookupId=1269328607,2026-09-25T06:37:43Z,2026-09-01T17:49:12Z
ercot:HB_BUSAVG,spp_dam,2026-09-02T06:00:00Z,24.85,USD/MWh,PT1H,US-TX,ercot_dam,HB_BUSAVG,ercot:NP4-190-CD,https://www.ercot.com/misdownload/servlets/mirDownload?doclookupId=1269328607,2026-09-25T06:37:43Z,2026-09-01T17:49:12Z
ercot:HB_BUSAVG,spp_dam,2026-09-02T07:00:00Z,23.96,USD/MWh,PT1H,US-TX,ercot_dam,HB_BUSAVG,ercot:NP4-190-CD,https://www.ercot.com/misdownload/servlets/mirDownload?doclookupId=1269328607,2026-09-25T06:37:43Z,2026-09-01T17:49:12Z
ercot:HB_BUSAVG,spp_dam,2026-09-02T08:00:00Z,23.87,USD/MWh,PT1H,US-TX,ercot_dam,HB_BUSAVG,ercot:NP4-190-CD,https://www.ercot.com/misdownload/servlets/mirDownload?doclookupId=1269328607,2026-09-25T06:37:43Z,2026-09-01T17:49:12Z
ercot:HB_BUSAVG,spp_dam,2026-09-02T09:00:00Z,25.44,USD/MWh,PT1H,US-TX,ercot_dam,HB_BUSAVG,ercot:NP4-190-CD,https://www.ercot.com/misdownload/servlets/mirDownload?doclookupId=1269328607,2026-09-25T06:37:43Z,2026-09-01T17:49:12Z
ercot:HB_BUSAVG,spp_dam,2026-09-02T10:00:00Z,28.19,USD/MWh,PT1H,US-TX,ercot_dam,HB_BUSAVG,ercot:NP4-190-CD,https://www.ercot.com/misdownload/servlets/mirDownload?doclookupId=1269328607,2026-09-25T06:37:43Z,2026-09-01T17:49:12Z
ercot:HB_BUSAVG,spp_dam,2026-09-02T11:00:00Z,30.37,USD/MWh,PT1H,US-TX,ercot_dam,HB_BUSAVG,ercot:NP4-190-CD,https://www.ercot.com/misdownload/servlets/mirDownload?doclookupId=1269328607,2026-09-25T06:37:43Z,2026-09-01T17:49:12Z
ercot:HB_BUSAVG,spp_dam,2026-09-02T12:00:00Z,29.73,USD/MWh,PT1H,US-TX,ercot_dam,HB_BUSAVG,ercot:NP4-190-CD,https://www.ercot.com/misdownload/servlets/mirDownload?doclookupId=1269328607,2026-09-25T06:37:43Z,2026-09-01T17:49:12Z
ercot:HB_BUSAVG,spp_dam,2026-09-02T13:00:00Z,23.82,USD/MWh,PT1H,US-TX,ercot_dam,HB_BUSAVG,ercot:NP4-190-CD,https://www.ercot.com/misdownload/servlets/mirDownload?doclookupId=1269328607,2026-09-25T06:37:43Z,2026-09-01T17:49:12Z
ercot:HB_BUSAVG,spp_dam,2026-09-02T14:00:00Z,22.93,USD/MWh,PT1H,US-TX,ercot_dam,HB_BUSAVG,ercot:NP4-190-CD,https://www.ercot.com/misdownload/servlets/mirDownload?doclookupId=1269328607,2026-09-25T06:37:43Z,2026-09-01T17:49:12Z
ercot:HB_BUSAVG,spp_dam,2026-09-02T15:00:00Z,23.17,USD/MWh,PT1H,US-TX,ercot_dam,HB_BUSAVG,ercot:NP4-190-CD,https://www.ercot.com/misdownload/servlets/mirDownload?doclookupId=1269328607,2026-09-25T06:37:43Z,2026-09-01T17:49:12Z
ercot:HB_BUSAVG,spp_dam,2026-09-02T16:00:00Z,26.43,USD/MWh,PT1H,US-TX,ercot_dam,HB_BUSAVG,ercot:NP4-190-CD,https://www.ercot.com/misdownload/servlets/mirDownload?doclookupId=1269328607,2026-09-25T06:37:43Z,2026-09-01T17:49:12Z
ercot:HB_BUSAVG,spp_dam,2026-09-02T17:00:00Z,33.3,USD/MWh,PT1H,US-TX,ercot_dam,HB_BUSAVG,ercot:NP4-190-CD,https://www.ercot.com/misdownload/servlets/mirDownload?doclookupId=1269328607,2026-09-25T06:37:43Z,2026-09-01T17:49:12Z
ercot:HB_BUSAVG,spp_dam,2026-09-02T18:00:00Z,39.32,USD/MWh,PT1H,US-TX,ercot_dam,HB_BUSAVG,ercot:NP4-190-CD,https://www.ercot.com/misdownload/servlets/mirDownload?doclookupId=1269328607,2026-09-25T06:37:43Z,2026-09-01T17:49:12Z
ercot:HB_BUSAVG,spp_dam,2026-09-02T19:00:00Z,44.12,USD/MWh,PT1H,US-TX,ercot_dam,HB_BUSAVG,ercot:NP4-190-CD,https://www.ercot.com/misdownload/servlets/mirDownload?doclookupId=1269328607,2026-09-25T06:37:43Z,2026-09-01T17:49:12Z
ercot:HB_BUSAVG,spp_dam,2026-09-02T20:00:00Z,50.98,USD/MWh,PT1H,US-TX,ercot_dam,HB_BUSAVG,ercot:NP4-190-CD,https://www.ercot.com/misdownload/servlets/mirDownload?doclookupId=1269328607,2026-09-25T06:37:43Z,2026-09-01T17:49:12Z
ercot:HB_BUSAVG,spp_dam,2026-09-02T21:00:00Z,50.6,USD/MWh,PT1H,US-TX,ercot_dam,HB_BUSAVG,ercot:NP4-190-CD,https://www.ercot.com/misdownload/servlets/mirDownload?doclookupId=1269328607,2026-09-25T06:37:43Z,2026-09-01T17:49:12Z
ercot:HB_BUSAVG,spp_dam,2026-09-02T22:00:00Z,56.46,USD/MWh,PT1H,US-TX,ercot_dam,HB_BUSAVG,ercot:NP4-190-CD,https://www.ercot.com/misdownload/servlets/mirDownload?doclookupId=1269328607,2026-09-25T06:37:43Z,2026-09-01T17:49:12Z
ercot:HB_BUSAVG,spp_dam,2026-09-02T23:00:00Z,64.78,USD/MWh,PT1H,US-TX,ercot_dam,HB_BUSAVG,ercot:NP4-190-CD,https://www.ercot.com/misdownload/servlets/mirDownload?doclookupId=1269328607,2026-09-25T06:37:43Z,2026-09-01T17:49:12Z
ercot:HB_BUSAVG,spp_dam,2026-09-03T00:00:00Z,62.71,USD/MWh,PT1H,US-TX,ercot_dam,HB_BUSAVG,ercot:NP4-190-CD,https://www.ercot.com/misdownload/servlets/mirDownload?doclookupId=1269328607,2026-09-25T06:37:43Z,2026-09-01T17:49:12Z
ercot:HB_BUSAVG,spp_dam,2026-09-03T01:00:00Z,54.53,USD/MWh,PT1H,US-TX,ercot_dam,HB_BUSAVG,ercot:NP4-190-CD,https://www.ercot.com/misdownload/servlets/mirDownload?doclookupId=1269328607,2026-09-25T06:37:43Z,2026-09-01T17:49:12Z
ercot:HB_BUSAVG,spp_dam,2026-09-03T02:00:00Z,44.56,USD/MWh,PT1H,US-TX,ercot_dam,HB_BUSAVG,ercot:NP4-190-CD,https://www.ercot.com/misdownload/servlets/mirDownload?doclookupId=1269328607,2026-09-25T06:37:43Z,2026-09-01T17:49:12Z
ercot:HB_BUSAVG,spp_dam,2026-09-03T03:00:00Z,33.73,USD/MWh,PT1H,US-TX,ercot_dam,HB_BUSAVG,ercot:NP4-190-CD,https://www.ercot.com/misdownload/servlets/mirDownload?doclookupId=1269328607,2026-09-25T06:37:43Z,2026-09-01T17:49:12Z
ercot:HB_BUSAVG,spp_dam,2026-09-03T04:00:00Z,28.19,USD/MWh,PT1H,US-TX,ercot_dam,HB_BUSAVG,ercot:NP4-190-CD,https://www.ercot.com/misdownload/servlets/mirDownload?doclookupId=1269328607,2026-09-25T06:37:43Z,2026-09-01T17:49:12Z
ercot:HB_BUSAVG,spp_dam,2026-09-03T05:00:00Z,26.36,USD/MWh,PT1H,US-TX,ercot_dam,HB_BUSAVG,ercot:NP4-190-CD,https://www.ercot.com/misdownload/servlets/mirDownload?doclookupId=1269724005,2026-09-25T06:37:42Z,2026-09-02T17:37:16Z
ercot:HB_BUSAVG,spp_dam,2026-09-03T06:00:00Z,24.75,USD/MWh,PT1H,US-TX,ercot_dam,HB_BUSAVG,ercot:NP4-190-CD,https://www.ercot.com/misdownload/servlets/mirDownload?doclookupId=1269724005,2026-09-25T06:37:42Z,2026-09-02T17:37:16Z
ercot:HB_BUSAVG,spp_dam,2026-09-03T07:00:00Z,25.18,USD/MWh,PT1H,US-TX,ercot_dam,HB_BUSAVG,ercot:NP4-190-CD,https://www.ercot.com/misdownload/servlets/mirDownload?doclookupId=1269724005,2026-09-25T06:37:42Z,2026-09-02T17:37:16Z
ercot:HB_BUSAVG,spp_dam,2026-09-03T08:00:00Z,25.25,USD/MWh,PT1H,US-TX,ercot_dam,HB_BUSAVG,ercot:NP4-190-CD,https://www.ercot.com/misdownload/servlets/mirDownload?doclookupId=1269724005,2026-09-25T06:37:42Z,2026-09-02T17:37:16Z
ercot:HB_BUSAVG,spp_dam,2026-09-03T09:00:00Z,25.1,USD/MWh,PT1H,US-TX,ercot_dam,HB_BUSAVG,ercot:NP4-190-CD,https://www.ercot.com/misdownload/servlets/mirDownload?doclookupId=1269724005,2026-09-25T06:37:42Z,2026-09-02T17:37:16Z
ercot:HB_BUSAVG,spp_dam,2026-09-03T10:00:00Z,29.2,USD/MWh,PT1H,US-TX,ercot_dam,HB_BUSAVG,ercot:NP4-190-CD,https://www.ercot.com/misdownload/servlets/mirDownload?doclookupId=1269724005,2026-09-25T06:37:42Z,2026-09-02T17:37:16Z
ercot:HB_BUSAVG,spp_dam,2026-09-03T11:00:00Z,31.77,USD/MWh,PT1H,US-TX,ercot_dam,HB_BUSAVG,ercot:NP4-190-CD,https://www.ercot.com/misdownload/servlets/mirDownload?doclookupId=1269724005,2026-09-25T06:37:42Z,2026-09-02T17:37:16Z
ercot:HB_BUSAVG,spp_dam,2026-09-03T12:00:00Z,31.03,USD/MWh,PT1H,US-TX,ercot_dam,HB_BUSAVG,ercot:NP4-190-CD,https://www.ercot.com/misdownload/servlets/mirDownload?doclookupId=1269724005,2026-09-25T06:37:42Z,2026-09-02T17:37:16Z
ercot:HB_BUSAVG,spp_dam,2026-09-03T13:00:00Z,26.24,USD/MWh,PT1H,US-TX,ercot_dam,HB_BUSAVG,ercot:NP4-190-CD,https://www.ercot.com/misdownload/servlets/mirDownload?doclookupId=1269724005,2026-09-25T06:37:42Z,2026-09-02T17:37:16Z
ercot:HB_BUSAVG,spp_dam,2026-09-03T14:00:00Z,24.99,USD/MWh,PT1H,US-TX,ercot_dam,HB_BUSAVG,ercot:NP4-190-CD,https://www.ercot.com/misdownload/servlets/mirDownload?doclookupId=1269724005,2026-09-25T06:37:42Z,2026-09-02T17:37:16Z
ercot:HB_BUSAVG,spp_dam,2026-09-03T15:00:00Z,26.3,USD/MWh,PT1H,US-TX,ercot_dam,HB_BUSAVG,ercot:NP4-190-CD,https://www.ercot.com/misdownload/servlets/mirDownload?doclookupId=1269724005,2026-09-25T06:37:42Z,2026-09-02T17:37:16Z
ercot:HB_BUSAVG,spp_dam,2026-09-03T16:00:00Z,28.79,USD/MWh,PT1H,US-TX,ercot_dam,HB_BUSAVG,ercot:NP4-190-CD,https://www.ercot.com/misdownload/servlets/mirDownload?doclookupId=1269724005,2026-09-25T06:37:42Z,2026-09-02T17:37:16Z
ercot:HB_BUSAVG,spp_dam,2026-09-03T17:00:00Z,34.39,USD/MWh,PT1H,US-TX,ercot_dam,HB_BUSAVG,ercot:NP4-190-CD,https://www.ercot.com/misdownload/servlets/mirDownload?doclookupId=1269724005,2026-09-25T06:37:42Z,2026-09-02T17:37:16Z
ercot:HB_BUSAVG,spp_dam,2026-09-03T18:00:00Z,38.38,USD/MWh,PT1H,US-TX,ercot_dam,HB_BUSAVG,ercot:NP4-190-CD,https://www.ercot.com/misdownload/servlets/mirDownload?doclookupId=1269724005,2026-09-25T06:37:42Z,2026-09-02T17:37:16Z
ercot:HB_BUSAVG,spp_dam,2026-09-03T19:00:00Z,40.99,USD/MWh,PT1H,US-TX,ercot_dam,HB_BUSAVG,ercot:NP4-190-CD,https://www.ercot.com/misdownload/servlets/mirDownload?doclookupId=1269724005,2026-09-25T06:37:42Z,2026-09-02T17:37:16Z
ercot:HB_BUSAVG,spp_dam,2026-09-03T20:00:00Z,41.63,USD/MWh,PT1H,US-TX,ercot_dam,HB_BUSAVG,ercot:NP4-190-CD,https://www.ercot.com/misdownload/servlets/mirDownload?doclookupId=1269724005,2026-09-25T06:37:42Z,2026-09-02T17:37:16Z
ercot:HB_BUSAVG,spp_dam,2026-09-03T21:00:00Z,41.27,USD/MWh,PT1H,US-TX,ercot_dam,HB_BUSAVG,ercot:NP4-190-CD,https://www.ercot.com/misdownload/servlets/mirDownload?doclookupId=1269724005,2026-09-25T06:37:42Z,2026-09-02T17:37:16Z
ercot:HB_BUSAVG,spp_dam,2026-09-03T22:00:00Z,45.11,USD/MWh,PT1H,US-TX,ercot_dam,HB_BUSAVG,ercot:NP4-190-CD,https://www.ercot.com/misdownload/servlets/mirDownload?doclookupId=1269724005,2026-09-25T06:37:42Z,2026-09-02T17:37:16Z
ercot:HB_BUSAVG,spp_dam,2026-09-03T23:00:00Z,55.11,USD/MWh,PT1H,US-TX,ercot_dam,HB_BUSAVG,ercot:NP4-190-CD,https://www.ercot.com/misdownload/servlets/mirDownload?doclookupId=1269724005,2026-09-25T06:37:42Z,2026-09-02T17:37:16Z
ercot:HB_BUSAVG,spp_dam,2026-09-04T00:00:00Z,56.7,USD/MWh,PT1H,US-TX,ercot_dam,HB_BUSAVG,ercot:NP4-190-CD,https://www.ercot.com/misdownload/servlets/mirDownload?doclookupId=1269724005,2026-09-25T06:37:42Z,2026-09-02T17:37:16Z
ercot:HB_BUSAVG,spp_dam,2026-09-04T01:00:00Z,53.37,USD/MWh,PT1H,US-TX,ercot_dam,HB_BUSAVG,ercot:NP4-190-CD,https://www.ercot.com/misdownload/servlets/mirDownload?doclookupId=1269724005,2026-09-25T06:37:42Z,2026-09-02T17:37:16Z
ercot:HB_BUSAVG,spp_dam,2026-09-04T02:00:00Z,41.06,USD/MWh,PT1H,US-TX,ercot_dam,HB_BUSAVG,ercot:NP4-190-CD,https://www.ercot.com/misdownload/servlets/mirDownload?doclookupId=1269724005,2026-09-25T06:37:42Z,2026-09-02T17:37:16Z
ercot:HB_BUSAVG,spp_dam,2026-09-04T03:00:00Z,33.67,USD/MWh,PT1H,US-TX,ercot_dam,HB_BUSAVG,ercot:NP4-190-CD,https://www.ercot.com/misdownload/servlets/mirDownload?doclookupId=1269724005,2026-09-25T06:37:42Z,2026-09-02T17:37:16Z
ercot:HB_BUSAVG,spp_dam,2026-09-04T04:00:00Z,26.88,USD/MWh,PT1H,US-TX,ercot_dam,HB_BUSAVG,ercot:NP4-190-CD,https://www.ercot.com/misdownload/servlets/mirDownload?doclookupId=1269724005,2026-09-25T06:37:42Z,2026-09-02T17:37:16Z
ercot:HB_BUSAVG,spp_dam,2026-09-04T05:00:00Z,28.76,USD/MWh,PT1H,US-TX,ercot_dam,HB_BUSAVG,ercot:NP4-190-CD,https://www.ercot.com/misdownload/servlets/mirDownload?doclookupId=1270120604,2026-09-25T06:37:41Z,2026-09-03T17:32:53Z
ercot:HB_BUSAVG,spp_dam,2026-09-04T06:00:00Z,26.24,USD/MWh,PT1H,US-TX,ercot_dam,HB_BUSAVG,ercot:NP4-190-CD,https://www.ercot.com/misdownload/servlets/mirDownload?doclookupId=1270120604,2026-09-25T06:37:41Z,2026-09-03T17:32:53Z
ercot:HB_BUSAVG,spp_dam,2026-09-04T07:00:00Z,25.88,USD/MWh,PT1H,US-TX,ercot_dam,HB_BUSAVG,ercot:NP4-190-CD,https://www.ercot.com/misdownload/servlets/mirDownload?doclookupId=1270120604,2026-09-25T06:37:41Z,2026-09-03T17:32:53Z
ercot:HB_BUSAVG,spp_dam,2026-09-04T08:00:00Z,25.98,USD/MWh,PT1H,US-TX,ercot_dam,HB_BUSAVG,ercot:NP4-190-CD,https://www.ercot.com/misdownload/servlets/mirDownload?doclookupId=1270120604,2026-09-25T06:37:41Z,2026-09-03T17:32:53Z
ercot:HB_BUSAVG,spp_dam,2026-09-04T09:00:00Z,27.13,USD/MWh,PT1H,US-TX,ercot_dam,HB_BUSAVG,ercot:NP4-190-CD,https://www.ercot.com/misdownload/servlets/mirDownload?doclookupId=1270120604,2026-09-25T06:37:41Z,2026-09-03T17:32:53Z
ercot:HB_BUSAVG,spp_dam,2026-09-04T10:00:00Z,30.06,USD/MWh,PT1H,US-TX,ercot_dam,HB_BUSAVG,ercot:NP4-190-CD,https://www.ercot.com/misdownload/servlets/mirDownload?doclookupId=1270120604,2026-09-25T06:37:41Z,2026-09-03T17:32:53Z
ercot:HB_BUSAVG,spp_dam,2026-09-04T11:00:00Z,31.63,USD/MWh,PT1H,US-TX,ercot_dam,HB_BUSAVG,ercot:NP4-190-CD,https://www.ercot.com/misdownload/servlets/mirDownload?doclookupId=1270120604,2026-09-25T06:37:41Z,2026-09-03T17:32:53Z
ercot:HB_BUSAVG,spp_dam,2026-09-04T12:00:00Z,30.96,USD/MWh,PT1H,US-TX,ercot_dam,HB_BUSAVG,ercot:NP4-190-CD,https://www.ercot.com/misdownload/servlets/mirDownload?doclookupId=1270120604,2026-09-25T06:37:41Z,2026-09-03T17:32:53Z
ercot:HB_BUSAVG,spp_dam,2026-09-04T13:00:00Z,24.81,USD/MWh,PT1H,US-TX,ercot_dam,HB_BUSAVG,ercot:NP4-190-CD,https://www.ercot.com/misdownload/servlets/mirDownload?doclookupId=1270120604,2026-09-25T06:37:41Z,2026-09-03T17:32:53Z
ercot:HB_BUSAVG,spp_dam,2026-09-04T14:00:00Z,23.03,USD/MWh,PT1H,US-TX,ercot_dam,HB_BUSAVG,ercot:NP4-190-CD,https://www.ercot.com/misdownload/servlets/mirDownload?doclookupId=1270120604,2026-09-25T06:37:41Z,2026-09-03T17:32:53Z
ercot:HB_BUSAVG,spp_dam,2026-09-04T15:00:00Z,23.13,USD/MWh,PT1H,US-TX,ercot_dam,HB_BUSAVG,ercot:NP4-190-CD,https://www.ercot.com/misdownload/servlets/mirDownload?doclookupId=1270120604,2026-09-25T06:37:41Z,2026-09-03T17:32:53Z
ercot:HB_BUSAVG,spp_dam,2026-09-04T16:00:00Z,24.84,USD/MWh,PT1H,US-TX,ercot_dam,HB_BUSAVG,ercot:NP4-190-CD,https://www.ercot.com/misdownload/servlets/mirDownload?doclookupId=1270120604,2026-09-25T06:37:41Z,2026-09-03T17:32:53Z
ercot:HB_BUSAVG,spp_dam,2026-09-04T17:00:00Z,28.92,USD/MWh,PT1H,US-TX,ercot_dam,HB_BUSAVG,ercot:NP4-190-CD,https://www.ercot.com/misdownload/servlets/mirDownload?doclookupId=1270120604,2026-09-25T06:37:41Z,2026-09-03T17:32:53Z
ercot:HB_BUSAVG,spp_dam,2026-09-04T18:00:00Z,32.12,USD/MWh,PT1H,US-TX,ercot_dam,HB_BUSAVG,ercot:NP4-190-CD,https://www.ercot.com/misdownload/servlets/mirDownload?doclookupId=1270120604,2026-09-25T06:37:41Z,2026-09-03T17:32:53Z
ercot:HB_BUSAVG,spp_dam,2026-09-04T19:00:00Z,33.8,USD/MWh,PT1H,US-TX,ercot_dam,HB_BUSAVG,ercot:NP4-190-CD,https://www.ercot.com/misdownload/servlets/mirDownload?doclookupId=1270120604,2026-09-25T06:37:41Z,2026-09-03T17:32:53Z
ercot:HB_BUSAVG,spp_dam,2026-09-04T20:00:00Z,34.32,USD/MWh,PT1H,US-TX,ercot_dam,HB_BUSAVG,ercot:NP4-190-CD,https://www.ercot.com/misdownload/servlets/mirDownload?doclookupId=1270120604,2026-09-25T06:37:41Z,2026-09-03T17:32:53Z
ercot:HB_BUSAVG,spp_dam,2026-09-04T21:00:00Z,35.17,USD/MWh,PT1H,US-TX,ercot_dam,HB_BUSAVG,ercot:NP4-190-CD,https://www.ercot.com/misdownload/servlets/mirDownload?doclookupId=1270120604,2026-09-25T06:37:41Z,2026-09-03T17:32:53Z
ercot:HB_BUSAVG,spp_dam,2026-09-04T22:00:00Z,35.21,USD/MWh,PT1H,US-TX,ercot_dam,HB_BUSAVG,ercot:NP4-190-CD,https://www.ercot.com/misdownload/servlets/mirDownload?doclookupId=1270120604,2026-09-25T06:37:41Z,2026-09-03T17:32:53Z
ercot:HB_BUSAVG,spp_dam,2026-09-04T23:00:00Z,45.27,USD/MWh,PT1H,US-TX,ercot_dam,HB_BUSAVG,ercot:NP4-190-CD,https://www.ercot.com/misdownload/servlets/mirDownload?doclookupId=1270120604,2026-09-25T06:37:41Z,2026-09-03T17:32:53Z
ercot:HB_BUSAVG,spp_dam,2026-09-05T00:00:00Z,49.94,USD/MWh,PT1H,US-TX,ercot_dam,HB_BUSAVG,ercot:NP4-190-CD,https://www.ercot.com/misdownload/servlets/mirDownload?doclookupId=1270120604,2026-09-25T06:37:41Z,2026-09-03T17:32:53Z
ercot:HB_BUSAVG,spp_dam,2026-09-05T01:00:00Z,46.05,USD/MWh,PT1H,US-TX,ercot_dam,HB_BUSAVG,ercot:NP4-190-CD,https://www.ercot.com/misdownload/servlets/mirDownload?doclookupId=1270120604,2026-09-25T06:37:41Z,2026-09-03T17:32:53Z
ercot:HB_BUSAVG,spp_dam,2026-09-05T02:00:00Z,39.14,USD/MWh,PT1H,US-TX,ercot_dam,HB_BUSAVG,ercot:NP4-190-CD,https://www.ercot.com/misdownload/servlets/mirDownload?doclookupId=1270120604,2026-09-25T06:37:41Z,2026-09-03T17:32:53Z
ercot:HB_BUSAVG,spp_dam,2026-09-05T03:00:00Z,35.54,USD/MWh,PT1H,US-TX,ercot_dam,HB_BUSAVG,ercot:NP4-190-CD,https://www.ercot.com/misdownload/servlets/mirDownload?doclookupId=1270120604,2026-09-25T06:37:41Z,2026-09-03T17:32:53Z
ercot:HB_BUSAVG,spp_dam,2026-09-05T04:00:00Z,31.56,USD/MWh,PT1H,US-TX,ercot_dam,HB_BUSAVG,ercot:NP4-190-CD,https://www.ercot.com/misdownload/servlets/mirDownload?doclookupId=1270120604,2026-09-25T06:37:41Z,2026-09-03T17:32:53Z
ercot:HB_BUSAVG,spp_dam,2026-09-05T05:00:00Z,29.91,USD/MWh,PT1H,US-TX,ercot_dam,HB_BUSAVG,ercot:NP4-190-CD,https://www.ercot.com/misdownload/servlets/mirDownload?doclookupId=1270519007,2026-09-25T06:37:40Z,2026-09-04T17:32:40Z
ercot:HB_BUSAVG,spp_dam,2026-09-05T06:00:00Z,27.52,USD/MWh,PT1H,US-TX,ercot_dam,HB_BUSAVG,ercot:NP4-190-CD,https://www.ercot.com/misdownload/servlets/mirDownload?doclookupId=1270519007,2026-09-25T06:37:40Z,2026-09-04T17:32:40Z
ercot:HB_BUSAVG,spp_dam,2026-09-05T07:00:00Z,27.89,USD/MWh,PT1H,US-TX,ercot_dam,HB_BUSAVG,ercot:NP4-190-CD,https://www.ercot.com/misdownload/servlets/mirDownload?doclookupId=1270519007,2026-09-25T06:37:40Z,2026-09-04T17:32:40Z
ercot:HB_BUSAVG,spp_dam,2026-09-05T08:00:00Z,27.25,USD/MWh,PT1H,US-TX,ercot_dam,HB_BUSAVG,ercot:NP4-190-CD,https://www.ercot.com/misdownload/servlets/mirDownload?doclookupId=1270519007,2026-09-25T06:37:40Z,2026-09-04T17:32:40Z
ercot:HB_BUSAVG,spp_dam,2026-09-05T09:00:00Z,27.46,USD/MWh,PT1H,US-TX,ercot_dam,HB_BUSAVG,ercot:NP4-190-CD,https://www.ercot.com/misdownload/servlets/mirDownload?doclookupId=1270519007,2026-09-25T06:37:40Z,2026-09-04T17:32:40Z
ercot:HB_BUSAVG,spp_dam,2026-09-05T10:00:00Z,29.78,USD/MWh,PT1H,US-TX,ercot_dam,HB_BUSAVG,ercot:NP4-190-CD,https://www.ercot.com/misdownload/servlets/mirDownload?doclookupId=1270519007,2026-09-25T06:37:40Z,2026-09-04T17:32:40Z
ercot:HB_BUSAVG,spp_dam,2026-09-05T11:00:00Z,30.09,USD/MWh,PT1H,US-TX,ercot_dam,HB_BUSAVG,ercot:NP4-190-CD,https://www.ercot.com/misdownload/servlets/mirDownload?doclookupId=1270519007,2026-09-25T06:37:40Z,2026-09-04T17:32:40Z
ercot:HB_BUSAVG,spp_dam,2026-09-05T12:00:00Z,29.85,USD/MWh,PT1H,US-TX,ercot_dam,HB_BUSAVG,ercot:NP4-190-CD,https://www.ercot.com/misdownload/servlets/mirDownload?doclookupId=1270519007,2026-09-25T06:37:40Z,2026-09-04T17:32:40Z
ercot:HB_BUSAVG,spp_dam,2026-09-05T13:00:00Z,22.7,USD/MWh,PT1H,US-TX,ercot_dam,HB_BUSAVG,ercot:NP4-190-CD,https://www.ercot.com/misdownload/servlets/mirDownload?doclookupId=1270519007,2026-09-25T06:37:40Z,2026-09-04T17:32:40Z
ercot:HB_BUSAVG,spp_dam,2026-09-05T14:00:00Z,21.13,USD/MWh,PT1H,US-TX,ercot_dam,HB_BUSAVG,ercot:NP4-190-CD,https://www.ercot.com/misdownload/servlets/mirDownload?doclookupId=1270519007,2026-09-25T06:37:40Z,2026-09-04T17:32:40Z
ercot:HB_BUSAVG,spp_dam,2026-09-05T15:00:00Z,22.5,USD/MWh,PT1H,US-TX,ercot_dam,HB_BUSAVG,ercot:NP4-190-CD,https://www.ercot.com/misdownload/servlets/mirDownload?doclookupId=1270519007,2026-09-25T06:37:40Z,2026-09-04T17:32:40Z
ercot:HB_BUSAVG,spp_dam,2026-09-05T16:00:00Z,24.69,USD/MWh,PT1H,US-TX,ercot_dam,HB_BUSAVG,ercot:NP4-190-CD,https://www.ercot.com/misdownload/servlets/mirDownload?doclookupId=1270519007,2026-09-25T06:37:40Z,2026-09-04T17:32:40Z
ercot:HB_BUSAVG,spp_dam,2026-09-05T17:00:00Z,29.68,USD/MWh,PT1H,US-TX,ercot_dam,HB_BUSAVG,ercot:NP4-190-CD,https://www.ercot.com/misdownload/servlets/mirDownload?doclookupId=1270519007,2026-09-25T06:37:40Z,2026-09-04T17:32:40Z
ercot:HB_BUSAVG,spp_dam,2026-09-05T18:00:00Z,35.24,USD/MWh,PT1H,US-TX,ercot_dam,HB_BUSAVG,ercot:NP4-190-CD,https://www.ercot.com/misdownload/servlets/mirDownload?doclookupId=1270519007,2026-09-25T06:37:40Z,2026-09-04T17:32:40Z
ercot:HB_BUSAVG,spp_dam,2026-09-05T19:00:00Z,35.88,USD/MWh,PT1H,US-TX,ercot_dam,HB_BUSAVG,ercot:NP4-190-CD,https://www.ercot.com/misdownload/servlets/mirDownload?doclookupId=1270519007,2026-09-25T06:37:40Z,2026-09-04T17:32:40Z
ercot:HB_BUSAVG,spp_dam,2026-09-05T20:00:00Z,37.34,USD/MWh,PT1H,US-TX,ercot_dam,HB_BUSAVG,ercot:NP4-190-CD,https://www.ercot.com/misdownload/servlets/mirDownload?doclookupId=1270519007,2026-09-25T06:37:40Z,2026-09-04T17:32:40Z
ercot:HB_BUSAVG,spp_dam,2026-09-05T21:00:00Z,38.67,USD/MWh,PT1H,US-TX,ercot_dam,HB_BUSAVG,ercot:NP4-190-CD,https://www.ercot.com/misdownload/servlets/mirDownload?doclookupId=1270519007,2026-09-25T06:37:40Z,2026-09-04T17:32:40Z
ercot:HB_BUSAVG,spp_dam,2026-09-05T22:00:00Z,45.27,USD/MWh,PT1H,US-TX,ercot_dam,HB_BUSAVG,ercot:NP4-190-CD,https://www.ercot.com/misdownload/servlets/mirDownload?doclookupId=1270519007,2026-09-25T06:37:40Z,2026-09-04T17:32:40Z
ercot:HB_BUSAVG,spp_dam,2026-09-05T23:00:00Z,56.56,USD/MWh,PT1H,US-TX,ercot_dam,HB_BUSAVG,ercot:NP4-190-CD,https://www.ercot.com/misdownload/servlets/mirDownload?doclookupId=1270519007,2026-09-25T06:37:40Z,2026-09-04T17:32:40Z
ercot:HB_BUSAVG,spp_dam,2026-09-06T00:00:00Z,61.63,USD/MWh,PT1H,US-TX,ercot_dam,HB_BUSAVG,ercot:NP4-190-CD,https://www.ercot.com/misdownload/servlets/mirDownload?doclookupId=1270519007,2026-09-25T06:37:40Z,2026-09-04T17:32:40Z
ercot:HB_BUSAVG,spp_dam,2026-09-06T01:00:00Z,57.02,USD/MWh,PT1H,US-TX,ercot_dam,HB_BUSAVG,ercot:NP4-190-CD,https://www.ercot.com/misdownload/servlets/mirDownload?doclookupId=1270519007,2026-09-25T06:37:40Z,2026-09-04T17:32:40Z
ercot:HB_BUSAVG,spp_dam,2026-09-06T02:00:00Z,52.51,USD/MWh,PT1H,US-TX,ercot_dam,HB_BUSAVG,ercot:NP4-190-CD,https://www.ercot.com/misdownload/servlets/mirDownload?doclookupId=1270519007,2026-09-25T06:37:40Z,2026-09-04T17:32:40Z
ercot:HB_BUSAVG,spp_dam,2026-09-06T03:00:00Z,39.94,USD/MWh,PT1H,US-TX,ercot_dam,HB_BUSAVG,ercot:NP4-190-CD,https://www.ercot.com/misdownload/servlets/mirDownload?doclookupId=1270519007,2026-09-25T06:37:40Z,2026-09-04T17:32:40Z
ercot:HB_BUSAVG,spp_dam,2026-09-06T04:00:00Z,35.65,USD/MWh,PT1H,US-TX,ercot_dam,HB_BUSAVG,ercot:NP4-190-CD,https://www.ercot.com/misdownload/servlets/mirDownload?doclookupId=1270519007,2026-09-25T06:37:40Z,2026-09-04T17:32:40Z
ercot:HB_BUSAVG,spp_dam,2026-09-06T05:00:00Z,31.7,USD/MWh,PT1H,US-TX,ercot_dam,HB_BUSAVG,ercot:NP4-190-CD,https://www.ercot.com/misdownload/servlets/mirDownload?doclookupId=1270910083,2026-09-25T06:37:39Z,2026-09-05T17:32:38Z
ercot:HB_BUSAVG,spp_dam,2026-09-06T06:00:00Z,30.31,USD/MWh,PT1H,US-TX,ercot_dam,HB_BUSAVG,ercot:NP4-190-CD,https://www.ercot.com/misdownload/servlets/mirDownload?doclookupId=1270910083,2026-09-25T06:37:39Z,2026-09-05T17:32:38Z
ercot:HB_BUSAVG,spp_dam,2026-09-06T07:00:00Z,30.53,USD/MWh,PT1H,US-TX,ercot_dam,HB_BUSAVG,ercot:NP4-190-CD,https://www.ercot.com/misdownload/servlets/mirDownload?doclookupId=1270910083,2026-09-25T06:37:39Z,2026-09-05T17:32:38Z
ercot:HB_BUSAVG,spp_dam,2026-09-06T08:00:00Z,33.26,USD/MWh,PT1H,US-TX,ercot_dam,HB_BUSAVG,ercot:NP4-190-CD,https://www.ercot.com/misdownload/servlets/mirDownload?doclookupId=1270910083,2026-09-25T06:37:39Z,2026-09-05T17:32:38Z
ercot:HB_BUSAVG,spp_dam,2026-09-06T09:00:00Z,35.49,USD/MWh,PT1H,US-TX,ercot_dam,HB_BUSAVG,ercot:NP4-190-CD,https://www.ercot.com/misdownload/servlets/mirDownload?doclookupId=1270910083,2026-09-25T06:37:39Z,2026-09-05T17:32:38Z
ercot:HB_BUSAVG,spp_dam,2026-09-06T10:00:00Z,37.84,USD/MWh,PT1H,US-TX,ercot_dam,HB_BUSAVG,ercot:NP4-190-CD,https://www.ercot.com/misdownload/servlets/mirDownload?doclookupId=1270910083,2026-09-25T06:37:39Z,2026-09-05T17:32:38Z
ercot:HB_BUSAVG,spp_dam,2026-09-06T11:00:00Z,34.88,USD/MWh,PT1H,US-TX,ercot_dam,HB_BUSAVG,ercot:NP4-190-CD,https://www.ercot.com/misdownload/servlets/mirDownload?doclookupId=1270910083,2026-09-25T06:37:39Z,2026-09-05T17:32:38Z
ercot:HB_BUSAVG,spp_dam,2026-09-06T12:00:00Z,32.8,USD/MWh,PT1H,US-TX,ercot_dam,HB_BUSAVG,ercot:NP4-190-CD,https://www.ercot.com/misdownload/servlets/mirDownload?doclookupId=1270910083,2026-09-25T06:37:39Z,2026-09-05T17:32:38Z
ercot:HB_BUSAVG,spp_dam,2026-09-06T13:00:00Z,23.53,USD/MWh,PT1H,US-TX,ercot_dam,HB_BUSAVG,ercot:NP4-190-CD,https://www.ercot.com/misdownload/servlets/mirDownload?doclookupId=1270910083,2026-09-25T06:37:39Z,2026-09-05T17:32:38Z
ercot:HB_BUSAVG,spp_dam,2026-09-06T14:00:00Z,21.08,USD/MWh,PT1H,US-TX,ercot_dam,HB_BUSAVG,ercot:NP4-190-CD,https://www.ercot.com/misdownload/servlets/mirDownload?doclookupId=1270910083,2026-09-25T06:37:39Z,2026-09-05T17:32:38Z
ercot:HB_BUSAVG,spp_dam,2026-09-06T15:00:00Z,20.72,USD/MWh,PT1H,US-TX,ercot_dam,HB_BUSAVG,ercot:NP4-190-CD,https://www.ercot.com/misdownload/servlets/mirDownload?doclookupId=1270910083,2026-09-25T06:37:39Z,2026-09-05T17:32:38Z
ercot:HB_BUSAVG,spp_dam,2026-09-06T16:00:00Z,22.71,USD/MWh,PT1H,US-TX,ercot_dam,HB_BUSAVG,ercot:NP4-190-CD,https://www.ercot.com/misdownload/servlets/mirDownload?doclookupId=1270910083,2026-09-25T06:37:39Z,2026-09-05T17:32:38Z
ercot:HB_BUSAVG,spp_dam,2026-09-06T17:00:00Z,25.75,USD/MWh,PT1H,US-TX,ercot_dam,HB_BUSAVG,ercot:NP4-190-CD,https://www.ercot.com/misdownload/servlets/mirDownload?doclookupId=1270910083,2026-09-25T06:37:39Z,2026-09-05T17:32:38Z
ercot:HB_BUSAVG,spp_dam,2026-09-06T18:00:00Z,30.26,USD/MWh,PT1H,US-TX,ercot_dam,HB_BUSAVG,ercot:NP4-190-CD,https://www.ercot.com/misdownload/servlets/mirDownload?doclookupId=1270910083,2026-09-25T06:37:39Z,2026-09-05T17:32:38Z
ercot:HB_BUSAVG,spp_dam,2026-09-06T19:00:00Z,34.31,USD/MWh,PT1H,US-TX,ercot_dam,HB_BUSAVG,ercot:NP4-190-CD,https://www.ercot.com/misdownload/servlets/mirDownload?doclookupId=1270910083,2026-09-25T06:37:39Z,2026-09-05T17:32:38Z
ercot:HB_BUSAVG,spp_dam,2026-09-06T20:00:00Z,36.22,USD/MWh,PT1H,US-TX,ercot_dam,HB_BUSAVG,ercot:NP4-190-CD,https://www.ercot.com/misdownload/servlets/mirDownload?doclookupId=1270910083,2026-09-25T06:37:39Z,2026-09-05T17:32:38Z
ercot:HB_BUSAVG,spp_dam,2026-09-06T21:00:00Z,38.75,USD/MWh,PT1H,US-TX,ercot_dam,HB_BUSAVG,ercot:NP4-190-CD,https://www.ercot.com/misdownload/servlets/mirDownload?doclookupId=1270910083,2026-09-25T06:37:39Z,2026-09-05T17:32:38Z
ercot:HB_BUSAVG,spp_dam,2026-09-06T22:00:00Z,43.34,USD/MWh,PT1H,US-TX,ercot_dam,HB_BUSAVG,ercot:NP4-190-CD,https://www.ercot.com/misdownload/servlets/mirDownload?doclookupId=1270910083,2026-09-25T06:37:39Z,2026-09-05T17:32:38Z
ercot:HB_BUSAVG,spp_dam,2026-09-06T23:00:00Z,54.25,USD/MWh,PT1H,US-TX,ercot_dam,HB_BUSAVG,ercot:NP4-190-CD,https://www.ercot.com/misdownload/servlets/mirDownload?doclookupId=1270910083,2026-09-25T06:37:39Z,2026-09-05T17:32:38Z
ercot:HB_BUSAVG,spp_dam,2026-09-07T00:00:00Z,63.19,USD/MWh,PT1H,US-TX,ercot_dam,HB_BUSAVG,ercot:NP4-190-CD,https://www.ercot.com/misdownload/servlets/mirDownload?doclookupId=1270910083,2026-09-25T06:37:39Z,2026-09-05T17:32:38Z
ercot:HB_BUSAVG,spp_dam,2026-09-07T01:00:00Z,61.29,USD/MWh,PT1H,US-TX,ercot_dam,HB_BUSAVG,ercot:NP4-190-CD,https://www.ercot.com/misdownload/servlets/mirDownload?doclookupId=1270910083,2026-09-25T06:37:39Z,2026-09-05T17:32:38Z
ercot:HB_BUSAVG,spp_dam,2026-09-07T02:00:00Z,56.35,USD/MWh,PT1H,US-TX,ercot_dam,HB_BUSAVG,ercot:NP4-190-CD,https://www.ercot.com/misdownload/servlets/mirDownload?doclookupId=1270910083,2026-09-25T06:37:39Z,2026-09-05T17:32:38Z
ercot:HB_BUSAVG,spp_dam,2026-09-07T03:00:00Z,50.43,USD/MWh,PT1H,US-TX,ercot_dam,HB_BUSAVG,ercot:NP4-190-CD,https://www.ercot.com/misdownload/servlets/mirDownload?doclookupId=1270910083,2026-09-25T06:37:39Z,2026-09-05T17:32:38Z
ercot:HB_BUSAVG,spp_dam,2026-09-07T04:00:00Z,38.28,USD/MWh,PT1H,US-TX,ercot_dam,HB_BUSAVG,ercot:NP4-190-CD,https://www.ercot.com/misdownload/servlets/mirDownload?doclookupId=1270910083,2026-09-25T06:37:39Z,2026-09-05T17:32:38Z
ercot:HB_BUSAVG,spp_dam,2026-09-07T05:00:00Z,44.73,USD/MWh,PT1H,US-TX,ercot_dam,HB_BUSAVG,ercot:NP4-190-CD,https://www.ercot.com/misdownload/servlets/mirDownload?doclookupId=1271299081,2026-09-25T06:37:38Z,2026-09-06T17:32:41Z
ercot:HB_BUSAVG,spp_dam,2026-09-07T06:00:00Z,40.39,USD/MWh,PT1H,US-TX,ercot_dam,HB_BUSAVG,ercot:NP4-190-CD,https://www.ercot.com/misdownload/servlets/mirDownload?doclookupId=1271299081,2026-09-25T06:37:38Z,2026-09-06T17:32:41Z
ercot:HB_BUSAVG,spp_dam,2026-09-07T07:00:00Z,37.85,USD/MWh,PT1H,US-TX,ercot_dam,HB_BUSAVG,ercot:NP4-190-CD,https://www.ercot.com/misdownload/servlets/mirDownload?doclookupId=1271299081,2026-09-25T06:37:38Z,2026-09-06T17:32:41Z
ercot:HB_BUSAVG,spp_dam,2026-09-07T08:00:00Z,36.32,USD/MWh,PT1H,US-TX,ercot_dam,HB_BUSAVG,ercot:NP4-190-CD,https://www.ercot.com/misdownload/servlets/mirDownload?doclookupId=1271299081,2026-09-25T06:37:38Z,2026-09-06T17:32:41Z
ercot:HB_BUSAVG,spp_dam,2026-09-07T09:00:00Z,37.08,USD/MWh,PT1H,US-TX,ercot_dam,HB_BUSAVG,ercot:NP4-190-CD,https://www.ercot.com/misdownload/servlets/mirDownload?doclookupId=1271299081,2026-09-25T06:37:38Z,2026-09-06T17:32:41Z
ercot:HB_BUSAVG,spp_dam,2026-09-07T10:00:00Z,40.54,USD/MWh,PT1H,US-TX,ercot_dam,HB_BUSAVG,ercot:NP4-190-CD,https://www.ercot.com/misdownload/servlets/mirDownload?doclookupId=1271299081,2026-09-25T06:37:38Z,2026-09-06T17:32:41Z
ercot:HB_BUSAVG,spp_dam,2026-09-07T11:00:00Z,37.28,USD/MWh,PT1H,US-TX,ercot_dam,HB_BUSAVG,ercot:NP4-190-CD,https://www.ercot.com/misdownload/servlets/mirDownload?doclookupId=1271299081,2026-09-25T06:37:38Z,2026-09-06T17:32:41Z
ercot:HB_BUSAVG,spp_dam,2026-09-07T12:00:00Z,34.33,USD/MWh,PT1H,US-TX,ercot_dam,HB_BUSAVG,ercot:NP4-190-CD,https://www.ercot.com/misdownload/servlets/mirDownload?doclookupId=1271299081,2026-09-25T06:37:38Z,2026-09-06T17:32:41Z
ercot:HB_BUSAVG,spp_dam,2026-09-07T13:00:00Z,24.42,USD/MWh,PT1H,US-TX,ercot_dam,HB_BUSAVG,ercot:NP4-190-CD,https://www.ercot.com/misdownload/servlets/mirDownload?doclookupId=1271299081,2026-09-25T06:37:38Z,2026-09-06T17:32:41Z
ercot:HB_BUSAVG,spp_dam,2026-09-07T14:00:00Z,22.28,USD/MWh,PT1H,US-TX,ercot_dam,HB_BUSAVG,ercot:NP4-190-CD,https://www.ercot.com/misdownload/servlets/mirDownload?doclookupId=1271299081,2026-09-25T06:37:38Z,2026-09-06T17:32:41Z
ercot:HB_BUSAVG,spp_dam,2026-09-07T15:00:00Z,22.12,USD/MWh,PT1H,US-TX,ercot_dam,HB_BUSAVG,ercot:NP4-190-CD,https://www.ercot.com/misdownload/servlets/mirDownload?doclookupId=1271299081,2026-09-25T06:37:38Z,2026-09-06T17:32:41Z
ercot:HB_BUSAVG,spp_dam,2026-09-07T16:00:00Z,23.55,USD/MWh,PT1H,US-TX,ercot_dam,HB_BUSAVG,ercot:NP4-190-CD,https://www.ercot.com/misdownload/servlets/mirDownload?doclookupId=1271299081,2026-09-25T06:37:38Z,2026-09-06T17:32:41Z
ercot:HB_BUSAVG,spp_dam,2026-09-07T17:00:00Z,27.8,USD/MWh,PT1H,US-TX,ercot_dam,HB_BUSAVG,ercot:NP4-190-CD,https://www.ercot.com/misdownload/servlets/mirDownload?doclookupId=1271299081,2026-09-25T06:37:38Z,2026-09-06T17:32:41Z
ercot:HB_BUSAVG,spp_dam,2026-09-07T18:00:00Z,35.32,USD/MWh,PT1H,US-TX,ercot_dam,HB_BUSAVG,ercot:NP4-190-CD,https://www.ercot.com/misdownload/servlets/mirDownload?doclookupId=1271299081,2026-09-25T06:37:38Z,2026-09-06T17:32:41Z
ercot:HB_BUSAVG,spp_dam,2026-09-07T19:00:00Z,39.43,USD/MWh,PT1H,US-TX,ercot_dam,HB_BUSAVG,ercot:NP4-190-CD,https://www.ercot.com/misdownload/servlets/mirDownload?doclookupId=1271299081,2026-09-25T06:37:38Z,2026-09-06T17:32:41Z
ercot:HB_BUSAVG,spp_dam,2026-09-07T20:00:00Z,41.87,USD/MWh,PT1H,US-TX,ercot_dam,HB_BUSAVG,ercot:NP4-190-CD,https://www.ercot.com/misdownload/servlets/mirDownload?doclookupId=1271299081,2026-09-25T06:37:38Z,2026-09-06T17:32:41Z
ercot:HB_BUSAVG,spp_dam,2026-09-07T21:00:00Z,43.26,USD/MWh,PT1H,US-TX,ercot_dam,HB_BUSAVG,ercot:NP4-190-CD,https://www.ercot.com/misdownload/servlets/mirDownload?doclookupId=1271299081,2026-09-25T06:37:38Z,2026-09-06T17:32:41Z
ercot:HB_BUSAVG,spp_dam,2026-09-07T22:00:00Z,50.81,USD/MWh,PT1H,US-TX,ercot_dam,HB_BUSAVG,ercot:NP4-190-CD,https://www.ercot.com/misdownload/servlets/mirDownload?doclookupId=1271299081,2026-09-25T06:37:38Z,2026-09-06T17:32:41Z
ercot:HB_BUSAVG,spp_dam,2026-09-07T23:00:00Z,74.0,USD/MWh,PT1H,US-TX,ercot_dam,HB_BUSAVG,ercot:NP4-190-CD,https://www.ercot.com/misdownload/servlets/mirDownload?doclookupId=1271299081,2026-09-25T06:37:38Z,2026-09-06T17:32:41Z
ercot:HB_BUSAVG,spp_dam,2026-09-08T00:00:00Z,85.22,USD/MWh,PT1H,US-TX,ercot_dam,HB_BUSAVG,ercot:NP4-190-CD,https://www.ercot.com/misdownload/servlets/mirDownload?doclookupId=1271299081,2026-09-25T06:37:38Z,2026-09-06T17:32:41Z
ercot:HB_BUSAVG,spp_dam,2026-09-08T01:00:00Z,79.66,USD/MWh,PT1H,US-TX,ercot_dam,HB_BUSAVG,ercot:NP4-190-CD,https://www.ercot.com/misdownload/servlets/mirDownload?doclookupId=1271299081,2026-09-25T06:37:38Z,2026-09-06T17:32:41Z
ercot:HB_BUSAVG,spp_dam,2026-09-08T02:00:00Z,70.61,USD/MWh,PT1H,US-TX,ercot_dam,HB_BUSAVG,ercot:NP4-190-CD,https://www.ercot.com/misdownload/servlets/mirDownload?doclookupId=1271299081,2026-09-25T06:37:38Z,2026-09-06T17:32:41Z
ercot:HB_BUSAVG,spp_dam,2026-09-08T03:00:00Z,63.5,USD/MWh,PT1H,US-TX,ercot_dam,HB_BUSAVG,ercot:NP4-190-CD,https://www.ercot.com/misdownload/servlets/mirDownload?doclookupId=1271299081,2026-09-25T06:37:38Z,2026-09-06T17:32:41Z
ercot:HB_BUSAVG,spp_dam,2026-09-08T04:00:00Z,41.72,USD/MWh,PT1H,US-TX,ercot_dam,HB_BUSAVG,ercot:NP4-190-CD,https://www.ercot.com/misdownload/servlets/mirDownload?doclookupId=1271299081,2026-09-25T06:37:38Z,2026-09-06T17:32:41Z
ercot:HB_BUSAVG,spp_dam,2026-09-08T05:00:00Z,33.27,USD/MWh,PT1H,US-TX,ercot_dam,HB_BUSAVG,ercot:NP4-190-CD,https://www.ercot.com/misdownload/servlets/mirDownload?doclookupId=1271688868,2026-09-25T06:37:37Z,2026-09-07T17:32:52Z
ercot:HB_BUSAVG,spp_dam,2026-09-08T06:00:00Z,30.63,USD/MWh,PT1H,US-TX,ercot_dam,HB_BUSAVG,ercot:NP4-190-CD,https://www.ercot.com/misdownload/servlets/mirDownload?doclookupId=1271688868,2026-09-25T06:37:37Z,2026-09-07T17:32:52Z
ercot:HB_BUSAVG,spp_dam,2026-09-08T07:00:00Z,30.17,USD/MWh,PT1H,US-TX,ercot_dam,HB_BUSAVG,ercot:NP4-190-CD,https://www.ercot.com/misdownload/servlets/mirDownload?doclookupId=1271688868,2026-09-25T06:37:37Z,2026-09-07T17:32:52Z
ercot:HB_BUSAVG,spp_dam,2026-09-08T08:00:00Z,29.03,USD/MWh,PT1H,US-TX,ercot_dam,HB_BUSAVG,ercot:NP4-190-CD,https://www.ercot.com/misdownload/servlets/mirDownload?doclookupId=1271688868,2026-09-25T06:37:37Z,2026-09-07T17:32:52Z
ercot:HB_BUSAVG,spp_dam,2026-09-08T09:00:00Z,29.81,USD/MWh,PT1H,US-TX,ercot_dam,HB_BUSAVG,ercot:NP4-190-CD,https://www.ercot.com/misdownload/servlets/mirDownload?doclookupId=1271688868,2026-09-25T06:37:37Z,2026-09-07T17:32:52Z
ercot:HB_BUSAVG,spp_dam,2026-09-08T10:00:00Z,35.05,USD/MWh,PT1H,US-TX,ercot_dam,HB_BUSAVG,ercot:NP4-190-CD,https://www.ercot.com/misdownload/servlets/mirDownload?doclookupId=1271688868,2026-09-25T06:37:37Z,2026-09-07T17:32:52Z
ercot:HB_BUSAVG,spp_dam,2026-09-08T11:00:00Z,37.22,USD/MWh,PT1H,US-TX,ercot_dam,HB_BUSAVG,ercot:NP4-190-CD,https://www.ercot.com/misdownload/servlets/mirDownload?doclookupId=1271688868,2026-09-25T06:37:37Z,2026-09-07T17:32:52Z
ercot:HB_BUSAVG,spp_dam,2026-09-08T12:00:00Z,34.76,USD/MWh,PT1H,US-TX,ercot_dam,HB_BUSAVG,ercot:NP4-190-CD,https://www.ercot.com/misdownload/servlets/mirDownload?doclookupId=1271688868,2026-09-25T06:37:37Z,2026-09-07T17:32:52Z
ercot:HB_BUSAVG,spp_dam,2026-09-08T13:00:00Z,24.64,USD/MWh,PT1H,US-TX,ercot_dam,HB_BUSAVG,ercot:NP4-190-CD,https://www.ercot.com/misdownload/servlets/mirDownload?doclookupId=1271688868,2026-09-25T06:37:37Z,2026-09-07T17:32:52Z
ercot:HB_BUSAVG,spp_dam,2026-09-08T14:00:00Z,21.41,USD/MWh,PT1H,US-TX,ercot_dam,HB_BUSAVG,ercot:NP4-190-CD,https://www.ercot.com/misdownload/servlets/mirDownload?doclookupId=1271688868,2026-09-25T06:37:37Z,2026-09-07T17:32:52Z
ercot:HB_BUSAVG,spp_dam,2026-09-08T15:00:00Z,21.81,USD/MWh,PT1H,US-TX,ercot_dam,HB_BUSAVG,ercot:NP4-190-CD,https://www.ercot.com/misdownload/servlets/mirDownload?doclookupId=1271688868,2026-09-25T06:37:37Z,2026-09-07T17:32:52Z
ercot:HB_BUSAVG,spp_dam,2026-09-08T16:00:00Z,24.06,USD/MWh,PT1H,US-TX,ercot_dam,HB_BUSAVG,ercot:NP4-190-CD,https://www.ercot.com/misdownload/servlets/mirDownload?doclookupId=1271688868,2026-09-25T06:37:37Z,2026-09-07T17:32:52Z
ercot:HB_BUSAVG,spp_dam,2026-09-08T17:00:00Z,29.65,USD/MWh,PT1H,US-TX,ercot_dam,HB_BUSAVG,ercot:NP4-190-CD,https://www.ercot.com/misdownload/servlets/mirDownload?doclookupId=1271688868,2026-09-25T06:37:37Z,2026-09-07T17:32:52Z
ercot:HB_BUSAVG,spp_dam,2026-09-08T18:00:00Z,35.56,USD/MWh,PT1H,US-TX,ercot_dam,HB_BUSAVG,ercot:NP4-190-CD,https://www.ercot.com/misdownload/servlets/mirDownload?doclookupId=1271688868,2026-09-25T06:37:37Z,2026-09-07T17:32:52Z
ercot:HB_BUSAVG,spp_dam,2026-09-08T19:00:00Z,36.58,USD/MWh,PT1H,US-TX,ercot_dam,HB_BUSAVG,ercot:NP4-190-CD,https://www.ercot.com/misdownload/servlets/mirDownload?doclookupId=1271688868,2026-09-25T06:37:37Z,2026-09-07T17:32:52Z
ercot:HB_BUSAVG,spp_dam,2026-09-08T20:00:00Z,38.55,USD/MWh,PT1H,US-TX,ercot_dam,HB_BUSAVG,ercot:NP4-190-CD,https://www.ercot.com/misdownload/servlets/mirDownload?doclookupId=1271688868,2026-09-25T06:37:37Z,2026-09-07T17:32:52Z
ercot:HB_BUSAVG,spp_dam,2026-09-08T21:00:00Z,41.77,USD/MWh,PT1H,US-TX,ercot_dam,HB_BUSAVG,ercot:NP4-190-CD,https://www.ercot.com/misdownload/servlets/mirDownload?doclookupId=1271688868,2026-09-25T06:37:37Z,2026-09-07T17:32:52Z
ercot:HB_BUSAVG,spp_dam,2026-09-08T22:00:00Z,46.16,USD/MWh,PT1H,US-TX,ercot_dam,HB_BUSAVG,ercot:NP4-190-CD,https://www.ercot.com/misdownload/servlets/mirDownload?doclookupId=1271688868,2026-09-25T06:37:37Z,2026-09-07T17:32:52Z
ercot:HB_BUSAVG,spp_dam,2026-09-08T23:00:00Z,67.73,USD/MWh,PT1H,US-TX,ercot_dam,HB_BUSAVG,ercot:NP4-190-CD,https://www.ercot.com/misdownload/servlets/mirDownload?doclookupId=1271688868,2026-09-25T06:37:37Z,2026-09-07T17:32:52Z
ercot:HB_BUSAVG,spp_dam,2026-09-09T00:00:00Z,84.31,USD/MWh,PT1H,US-TX,ercot_dam,HB_BUSAVG,ercot:NP4-190-CD,https://www.ercot.com/misdownload/servlets/mirDownload?doclookupId=1271688868,2026-09-25T06:37:37Z,2026-09-07T17:32:52Z
ercot:HB_BUSAVG,spp_dam,2026-09-09T01:00:00Z,77.27,USD/MWh,PT1H,US-TX,ercot_dam,HB_BUSAVG,ercot:NP4-190-CD,https://www.ercot.com/misdownload/servlets/mirDownload?doclookupId=1271688868,2026-09-25T06:37:37Z,2026-09-07T17:32:52Z
ercot:HB_BUSAVG,spp_dam,2026-09-09T02:00:00Z,67.38,USD/MWh,PT1H,US-TX,ercot_dam,HB_BUSAVG,ercot:NP4-190-CD,https://www.ercot.com/misdownload/servlets/mirDownload?doclookupId=1271688868,2026-09-25T06:37:37Z,2026-09-07T17:32:52Z
ercot:HB_BUSAVG,spp_dam,2026-09-09T03:00:00Z,49.15,USD/MWh,PT1H,US-TX,ercot_dam,HB_BUSAVG,ercot:NP4-190-CD,https://www.ercot.com/misdownload/servlets/mirDownload?doclookupId=1271688868,2026-09-25T06:37:37Z,2026-09-07T17:32:52Z
ercot:HB_BUSAVG,spp_dam,2026-09-09T04:00:00Z,37.38,USD/MWh,PT1H,US-TX,ercot_dam,HB_BUSAVG,ercot:NP4-190-CD,https://www.ercot.com/misdownload/servlets/mirDownload?doclookupId=1271688868,2026-09-25T06:37:37Z,2026-09-07T17:32:52Z
ercot:HB_BUSAVG,spp_dam,2026-09-09T05:00:00Z,32.71,USD/MWh,PT1H,US-TX,ercot_dam,HB_BUSAVG,ercot:NP4-190-CD,https://www.ercot.com/misdownload/servlets/mirDownload?doclookupId=1272093341,2026-09-25T06:37:36Z,2026-09-08T17:33:15Z
ercot:HB_BUSAVG,spp_dam,2026-09-09T06:00:00Z,30.46,USD/MWh,PT1H,US-TX,ercot_dam,HB_BUSAVG,ercot:NP4-190-CD,https://www.ercot.com/misdownload/servlets/mirDownload?doclookupId=1272093341,2026-09-25T06:37:36Z,2026-09-08T17:33:15Z
ercot:HB_BUSAVG,spp_dam,2026-09-09T07:00:00Z,30.1,USD/MWh,PT1H,US-TX,ercot_dam,HB_BUSAVG,ercot:NP4-190-CD,https://www.ercot.com/misdownload/servlets/mirDownload?doclookupId=1272093341,2026-09-25T06:37:36Z,2026-09-08T17:33:15Z
ercot:HB_BUSAVG,spp_dam,2026-09-09T08:00:00Z,28.73,USD/MWh,PT1H,US-TX,ercot_dam,HB_BUSAVG,ercot:NP4-190-CD,https://www.ercot.com/misdownload/servlets/mirDownload?doclookupId=1272093341,2026-09-25T06:37:36Z,2026-09-08T17:33:15Z
ercot:HB_BUSAVG,spp_dam,2026-09-09T09:00:00Z,30.09,USD/MWh,PT1H,US-TX,ercot_dam,HB_BUSAVG,ercot:NP4-190-CD,https://www.ercot.com/misdownload/servlets/mirDownload?doclookupId=1272093341,2026-09-25T06:37:36Z,2026-09-08T17:33:15Z
ercot:HB_BUSAVG,spp_dam,2026-09-09T10:00:00Z,33.95,USD/MWh,PT1H,US-TX,ercot_dam,HB_BUSAVG,ercot:NP4-190-CD,https://www.ercot.com/misdownload/servlets/mirDownload?doclookupId=1272093341,2026-09-25T06:37:36Z,2026-09-08T17:33:15Z
ercot:HB_BUSAVG,spp_dam,2026-09-09T11:00:00Z,40.02,USD/MWh,PT1H,US-TX,ercot_dam,HB_BUSAVG,ercot:NP4-190-CD,https://www.ercot.com/misdownload/servlets/mirDownload?doclookupId=1272093341,2026-09-25T06:37:36Z,2026-09-08T17:33:15Z
ercot:HB_BUSAVG,spp_dam,2026-09-09T12:00:00Z,35.26,USD/MWh,PT1H,US-TX,ercot_dam,HB_BUSAVG,ercot:NP4-190-CD,https://www.ercot.com/misdownload/servlets/mirDownload?doclookupId=1272093341,2026-09-25T06:37:36Z,2026-09-08T17:33:15Z
ercot:HB_BUSAVG,spp_dam,2026-09-09T13:00:00Z,26.49,USD/MWh,PT1H,US-TX,ercot_dam,HB_BUSAVG,ercot:NP4-190-CD,https://www.ercot.com/misdownload/servlets/mirDownload?doclookupId=1272093341,2026-09-25T06:37:36Z,2026-09-08T17:33:15Z
ercot:HB_BUSAVG,spp_dam,2026-09-09T14:00:00Z,22.63,USD/MWh,PT1H,US-TX,ercot_dam,HB_BUSAVG,ercot:NP4-190-CD,https://www.ercot.com/misdownload/servlets/mirDownload?doclookupId=1272093341,2026-09-25T06:37:36Z,2026-09-08T17:33:15Z
ercot:HB_BUSAVG,spp_dam,2026-09-09T15:00:00Z,23.48,USD/MWh,PT1H,US-TX,ercot_dam,HB_BUSAVG,ercot:NP4-190-CD,https://www.ercot.com/misdownload/servlets/mirDownload?doclookupId=1272093341,2026-09-25T06:37:36Z,2026-09-08T17:33:15Z
ercot:HB_BUSAVG,spp_dam,2026-09-09T16:00:00Z,27.19,USD/MWh,PT1H,US-TX,ercot_dam,HB_BUSAVG,ercot:NP4-190-CD,https://www.ercot.com/misdownload/servlets/mirDownload?doclookupId=1272093341,2026-09-25T06:37:36Z,2026-09-08T17:33:15Z
ercot:HB_BUSAVG,spp_dam,2026-09-09T17:00:00Z,34.22,USD/MWh,PT1H,US-TX,ercot_dam,HB_BUSAVG,ercot:NP4-190-CD,https://www.ercot.com/misdownload/servlets/mirDownload?doclookupId=1272093341,2026-09-25T06:37:36Z,2026-09-08T17:33:15Z
ercot:HB_BUSAVG,spp_dam,2026-09-09T18:00:00Z,39.8,USD/MWh,PT1H,US-TX,ercot_dam,HB_BUSAVG,ercot:NP4-190-CD,https://www.ercot.com/misdownload/servlets/mirDownload?doclookupId=1272093341,2026-09-25T06:37:36Z,2026-09-08T17:33:15Z
ercot:HB_BUSAVG,spp_dam,2026-09-09T19:00:00Z,42.82,USD/MWh,PT1H,US-TX,ercot_dam,HB_BUSAVG,ercot:NP4-190-CD,https://www.ercot.com/misdownload/servlets/mirDownload?doclookupId=1272093341,2026-09-25T06:37:36Z,2026-09-08T17:33:15Z
ercot:HB_BUSAVG,spp_dam,2026-09-09T20:00:00Z,45.27,USD/MWh,PT1H,US-TX,ercot_dam,HB_BUSAVG,ercot:NP4-190-CD,https://www.ercot.com/misdownload/servlets/mirDownload?doclookupId=1272093341,2026-09-25T06:37:36Z,2026-09-08T17:33:15Z
ercot:HB_BUSAVG,spp_dam,2026-09-09T21:00:00Z,44.74,USD/MWh,PT1H,US-TX,ercot_dam,HB_BUSAVG,ercot:NP4-190-CD,https://www.ercot.com/misdownload/servlets/mirDownload?doclookupId=1272093341,2026-09-25T06:37:36Z,2026-09-08T17:33:15Z
ercot:HB_BUSAVG,spp_dam,2026-09-09T22:00:00Z,56.41,USD/MWh,PT1H,US-TX,ercot_dam,HB_BUSAVG,ercot:NP4-190-CD,https://www.ercot.com/misdownload/servlets/mirDownload?doclookupId=1272093341,2026-09-25T06:37:36Z,2026-09-08T17:33:15Z
ercot:HB_BUSAVG,spp_dam,2026-09-09T23:00:00Z,82.86,USD/MWh,PT1H,US-TX,ercot_dam,HB_BUSAVG,ercot:NP4-190-CD,https://www.ercot.com/misdownload/servlets/mirDownload?doclookupId=1272093341,2026-09-25T06:37:36Z,2026-09-08T17:33:15Z
ercot:HB_BUSAVG,spp_dam,2026-09-10T00:00:00Z,101.02,USD/MWh,PT1H,US-TX,ercot_dam,HB_BUSAVG,ercot:NP4-190-CD,https://www.ercot.com/misdownload/servlets/mirDownload?doclookupId=1272093341,2026-09-25T06:37:36Z,2026-09-08T17:33:15Z
ercot:HB_BUSAVG,spp_dam,2026-09-10T01:00:00Z,97.82,USD/MWh,PT1H,US-TX,ercot_dam,HB_BUSAVG,ercot:NP4-190-CD,https://www.ercot.com/misdownload/servlets/mirDownload?doclookupId=1272093341,2026-09-25T06:37:36Z,2026-09-08T17:33:15Z
ercot:HB_BUSAVG,spp_dam,2026-09-10T02:00:00Z,92.17,USD/MWh,PT1H,US-TX,ercot_dam,HB_BUSAVG,ercot:NP4-190-CD,https://www.ercot.com/misdownload/servlets/mirDownload?doclookupId=1272093341,2026-09-25T06:37:36Z,2026-09-08T17:33:15Z
ercot:HB_BUSAVG,spp_dam,2026-09-10T03:00:00Z,58.45,USD/MWh,PT1H,US-TX,ercot_dam,HB_BUSAVG,ercot:NP4-190-CD,https://www.ercot.com/misdownload/servlets/mirDownload?doclookupId=1272093341,2026-09-25T06:37:36Z,2026-09-08T17:33:15Z
ercot:HB_BUSAVG,spp_dam,2026-09-10T04:00:00Z,40.11,USD/MWh,PT1H,US-TX,ercot_dam,HB_BUSAVG,ercot:NP4-190-CD,https://www.ercot.com/misdownload/servlets/mirDownload?doclookupId=1272093341,2026-09-25T06:37:36Z,2026-09-08T17:33:15Z
ercot:HB_BUSAVG,spp_dam,2026-09-10T05:00:00Z,32.49,USD/MWh,PT1H,US-TX,ercot_dam,HB_BUSAVG,ercot:NP4-190-CD,https://www.ercot.com/misdownload/servlets/mirDownload?doclookupId=1272509790,2026-09-25T06:37:35Z,2026-09-09T17:57:39Z
ercot:HB_BUSAVG,spp_dam,2026-09-10T06:00:00Z,29.48,USD/MWh,PT1H,US-TX,ercot_dam,HB_BUSAVG,ercot:NP4-190-CD,https://www.ercot.com/misdownload/servlets/mirDownload?doclookupId=1272509790,2026-09-25T06:37:35Z,2026-09-09T17:57:39Z
ercot:HB_BUSAVG,spp_dam,2026-09-10T07:00:00Z,30.49,USD/MWh,PT1H,US-TX,ercot_dam,HB_BUSAVG,ercot:NP4-190-CD,https://www.ercot.com/misdownload/servlets/mirDownload?doclookupId=1272509790,2026-09-25T06:37:35Z,2026-09-09T17:57:39Z
ercot:HB_BUSAVG,spp_dam,2026-09-10T08:00:00Z,28.87,USD/MWh,PT1H,US-TX,ercot_dam,HB_BUSAVG,ercot:NP4-190-CD,https://www.ercot.com/misdownload/servlets/mirDownload?doclookupId=1272509790,2026-09-25T06:37:35Z,2026-09-09T17:57:39Z
ercot:HB_BUSAVG,spp_dam,2026-09-10T09:00:00Z,30.1,USD/MWh,PT1H,US-TX,ercot_dam,HB_BUSAVG,ercot:NP4-190-CD,https://www.ercot.com/misdownload/servlets/mirDownload?doclookupId=1272509790,2026-09-25T06:37:35Z,2026-09-09T17:57:39Z
ercot:HB_BUSAVG,spp_dam,2026-09-10T10:00:00Z,33.92,USD/MWh,PT1H,US-TX,ercot_dam,HB_BUSAVG,ercot:NP4-190-CD,https://www.ercot.com/misdownload/servlets/mirDownload?doclookupId=1272509790,2026-09-25T06:37:35Z,2026-09-09T17:57:39Z
ercot:HB_BUSAVG,spp_dam,2026-09-10T11:00:00Z,39.01,USD/MWh,PT1H,US-TX,ercot_dam,HB_BUSAVG,ercot:NP4-190-CD,https://www.ercot.com/misdownload/servlets/mirDownload?doclookupId=1272509790,2026-09-25T06:37:35Z,2026-09-09T17:57:39Z
ercot:HB_BUSAVG,spp_dam,2026-09-10T12:00:00Z,37.42,USD/MWh,PT1H,US-TX,ercot_dam,HB_BUSAVG,ercot:NP4-190-CD,https://www.ercot.com/misdownload/servlets/mirDownload?doclookupId=1272509790,2026-09-25T06:37:35Z,2026-09-09T17:57:39Z
ercot:HB_BUSAVG,spp_dam,2026-09-10T13:00:00Z,26.21,USD/MWh,PT1H,US-TX,ercot_dam,HB_BUSAVG,ercot:NP4-190-CD,https://www.ercot.com/misdownload/servlets/mirDownload?doclookupId=1272509790,2026-09-25T06:37:35Z,2026-09-09T17:57:39Z
ercot:HB_BUSAVG,spp_dam,2026-09-10T14:00:00Z,22.95,USD/MWh,PT1H,US-TX,ercot_dam,HB_BUSAVG,ercot:NP4-190-CD,https://www.ercot.com/misdownload/servlets/mirDownload?doclookupId=1272509790,2026-09-25T06:37:35Z,2026-09-09T17:57:39Z
ercot:HB_BUSAVG,spp_dam,2026-09-10T15:00:00Z,24.5,USD/MWh,PT1H,US-TX,ercot_dam,HB_BUSAVG,ercot:NP4-190-CD,https://www.ercot.com/misdownload/servlets/mirDownload?doclookupId=1272509790,2026-09-25T06:37:35Z,2026-09-09T17:57:39Z
ercot:HB_BUSAVG,spp_dam,2026-09-10T16:00:00Z,26.17,USD/MWh,PT1H,US-TX,ercot_dam,HB_BUSAVG,ercot:NP4-190-CD,https://www.ercot.com/misdownload/servlets/mirDownload?doclookupId=1272509790,2026-09-25T06:37:35Z,2026-09-09T17:57:39Z
ercot:HB_BUSAVG,spp_dam,2026-09-10T17:00:00Z,32.75,USD/MWh,PT1H,US-TX,ercot_dam,HB_BUSAVG,ercot:NP4-190-CD,https://www.ercot.com/misdownload/servlets/mirDownload?doclookupId=1272509790,2026-09-25T06:37:35Z,2026-09-09T17:57:39Z
ercot:HB_BUSAVG,spp_dam,2026-09-10T18:00:00Z,42.37,USD/MWh,PT1H,US-TX,ercot_dam,HB_BUSAVG,ercot:NP4-190-CD,https://www.ercot.com/misdownload/servlets/mirDownload?doclookupId=1272509790,2026-09-25T06:37:35Z,2026-09-09T17:57:39Z
ercot:HB_BUSAVG,spp_dam,2026-09-10T19:00:00Z,45.0,USD/MWh,PT1H,US-TX,ercot_dam,HB_BUSAVG,ercot:NP4-190-CD,https://www.ercot.com/misdownload/servlets/mirDownload?doclookupId=1272509790,2026-09-25T06:37:35Z,2026-09-09T17:57:39Z
ercot:HB_BUSAVG,spp_dam,2026-09-10T20:00:00Z,45.57,USD/MWh,PT1H,US-TX,ercot_dam,HB_BUSAVG,ercot:NP4-190-CD,https://www.ercot.com/misdownload/servlets/mirDownload?doclookupId=1272509790,2026-09-25T06:37:35Z,2026-09-09T17:57:39Z
ercot:HB_BUSAVG,spp_dam,2026-09-10T21:00:00Z,49.36,USD/MWh,PT1H,US-TX,ercot_dam,HB_BUSAVG,ercot:NP4-190-CD,https://www.ercot.com/misdownload/servlets/mirDownload?doclookupId=1272509790,2026-09-25T06:37:35Z,2026-09-09T17:57:39Z
ercot:HB_BUSAVG,spp_dam,2026-09-10T22:00:00Z,59.94,USD/MWh,PT1H,US-TX,ercot_dam,HB_BUSAVG,ercot:NP4-190-CD,https://www.ercot.com/misdownload/servlets/mirDownload?doclookupId=1272509790,2026-09-25T06:37:35Z,2026-09-09T17:57:39Z
ercot:HB_BUSAVG,spp_dam,2026-09-10T23:00:00Z,83.01,USD/MWh,PT1H,US-TX,ercot_dam,HB_BUSAVG,ercot:NP4-190-CD,https://www.ercot.com/misdownload/servlets/mirDownload?doclookupId=1272509790,2026-09-25T06:37:35Z,2026-09-09T17:57:39Z
ercot:HB_BUSAVG,spp_dam,2026-09-11T00:00:00Z,94.6,USD/MWh,PT1H,US-TX,ercot_dam,HB_BUSAVG,ercot:NP4-190-CD,https://www.ercot.com/misdownload/servlets/mirDownload?doclookupId=1272509790,2026-09-25T06:37:35Z,2026-09-09T17:57:39Z
ercot:HB_BUSAVG,spp_dam,2026-09-11T01:00:00Z,95.36,USD/MWh,PT1H,US-TX,ercot_dam,HB_BUSAVG,ercot:NP4-190-CD,https://www.ercot.com/misdownload/servlets/mirDownload?doclookupId=1272509790,2026-09-25T06:37:35Z,2026-09-09T17:57:39Z
ercot:HB_BUSAVG,spp_dam,2026-09-11T02:00:00Z,82.75,USD/MWh,PT1H,US-TX,ercot_dam,HB_BUSAVG,ercot:NP4-190-CD,https://www.ercot.com/misdownload/servlets/mirDownload?doclookupId=1272509790,2026-09-25T06:37:35Z,2026-09-09T17:57:39Z
ercot:HB_BUSAVG,spp_dam,2026-09-11T03:00:00Z,58.72,USD/MWh,PT1H,US-TX,ercot_dam,HB_BUSAVG,ercot:NP4-190-CD,https://www.ercot.com/misdownload/servlets/mirDownload?doclookupId=1272509790,2026-09-25T06:37:35Z,2026-09-09T17:57:39Z
ercot:HB_BUSAVG,spp_dam,2026-09-11T04:00:00Z,40.17,USD/MWh,PT1H,US-TX,ercot_dam,HB_BUSAVG,ercot:NP4-190-CD,https://www.ercot.com/misdownload/servlets/mirDownload?doclookupId=1272509790,2026-09-25T06:37:35Z,2026-09-09T17:57:39Z
ercot:HB_BUSAVG,spp_dam,2026-09-11T05:00:00Z,34.8,USD/MWh,PT1H,US-TX,ercot_dam,HB_BUSAVG,ercot:NP4-190-CD,https://www.ercot.com/misdownload/servlets/mirDownload?doclookupId=1272916697,2026-09-25T06:37:35Z,2026-09-10T17:33:26Z
ercot:HB_BUSAVG,spp_dam,2026-09-11T06:00:00Z,31.5,USD/MWh,PT1H,US-TX,ercot_dam,HB_BUSAVG,ercot:NP4-190-CD,https://www.ercot.com/misdownload/servlets/mirDownload?doclookupId=1272916697,2026-09-25T06:37:35Z,2026-09-10T17:33:26Z
ercot:HB_BUSAVG,spp_dam,2026-09-11T07:00:00Z,30.55,USD/MWh,PT1H,US-TX,ercot_dam,HB_BUSAVG,ercot:NP4-190-CD,https://www.ercot.com/misdownload/servlets/mirDownload?doclookupId=1272916697,2026-09-25T06:37:35Z,2026-09-10T17:33:26Z
ercot:HB_BUSAVG,spp_dam,2026-09-11T08:00:00Z,30.0,USD/MWh,PT1H,US-TX,ercot_dam,HB_BUSAVG,ercot:NP4-190-CD,https://www.ercot.com/misdownload/servlets/mirDownload?doclookupId=1272916697,2026-09-25T06:37:35Z,2026-09-10T17:33:26Z
ercot:HB_BUSAVG,spp_dam,2026-09-11T09:00:00Z,30.01,USD/MWh,PT1H,US-TX,ercot_dam,HB_BUSAVG,ercot:NP4-190-CD,https://www.ercot.com/misdownload/servlets/mirDownload?doclookupId=1272916697,2026-09-25T06:37:35Z,2026-09-10T17:33:26Z
ercot:HB_BUSAVG,spp_dam,2026-09-11T10:00:00Z,32.49,USD/MWh,PT1H,US-TX,ercot_dam,HB_BUSAVG,ercot:NP4-190-CD,https://www.ercot.com/misdownload/servlets/mirDownload?doclookupId=1272916697,2026-09-25T06:37:35Z,2026-09-10T17:33:26Z
ercot:HB_BUSAVG,spp_dam,2026-09-11T11:00:00Z,37.77,USD/MWh,PT1H,US-TX,ercot_dam,HB_BUSAVG,ercot:NP4-190-CD,https://www.ercot.com/misdownload/servlets/mirDownload?doclookupId=1272916697,2026-09-25T06:37:35Z,2026-09-10T17:33:26Z
ercot:HB_BUSAVG,spp_dam,2026-09-11T12:00:00Z,35.38,USD/MWh,PT1H,US-TX,ercot_dam,HB_BUSAVG,ercot:NP4-190-CD,https://www.ercot.com/misdownload/servlets/mirDownload?doclookupId=1272916697,2026-09-25T06:37:35Z,2026-09-10T17:33:26Z
ercot:HB_BUSAVG,spp_dam,2026-09-11T13:00:00Z,27.1,USD/MWh,PT1H,US-TX,ercot_dam,HB_BUSAVG,ercot:NP4-190-CD,https://www.ercot.com/misdownload/servlets/mirDownload?doclookupId=1272916697,2026-09-25T06:37:35Z,2026-09-10T17:33:26Z
ercot:HB_BUSAVG,spp_dam,2026-09-11T14:00:00Z,23.57,USD/MWh,PT1H,US-TX,ercot_dam,HB_BUSAVG,ercot:NP4-190-CD,https://www.ercot.com/misdownload/servlets/mirDownload?doclookupId=1272916697,2026-09-25T06:37:35Z,2026-09-10T17:33:26Z
ercot:HB_BUSAVG,spp_dam,2026-09-11T15:00:00Z,22.94,USD/MWh,PT1H,US-TX,ercot_dam,HB_BUSAVG,ercot:NP4-190-CD,https://www.ercot.com/misdownload/servlets/mirDownload?doclookupId=1272916697,2026-09-25T06:37:35Z,2026-09-10T17:33:26Z
ercot:HB_BUSAVG,spp_dam,2026-09-11T16:00:00Z,23.9,USD/MWh,PT1H,US-TX,ercot_dam,HB_BUSAVG,ercot:NP4-190-CD,https://www.ercot.com/misdownload/servlets/mirDownload?doclookupId=1272916697,2026-09-25T06:37:35Z,2026-09-10T17:33:26Z
ercot:HB_BUSAVG,spp_dam,2026-09-11T17:00:00Z,27.51,USD/MWh,PT1H,US-TX,ercot_dam,HB_BUSAVG,ercot:NP4-190-CD,https://www.ercot.com/misdownload/servlets/mirDownload?doclookupId=1272916697,2026-09-25T06:37:35Z,2026-09-10T17:33:26Z
ercot:HB_BUSAVG,spp_dam,2026-09-11T18:00:00Z,32.81,USD/MWh,PT1H,US-TX,ercot_dam,HB_BUSAVG,ercot:NP4-190-CD,https://www.ercot.com/misdownload/servlets/mirDownload?doclookupId=1272916697,2026-09-25T06:37:35Z,2026-09-10T17:33:26Z
ercot:HB_BUSAVG,spp_dam,2026-09-11T19:00:00Z,34.24,USD/MWh,PT1H,US-TX,ercot_dam,HB_BUSAVG,ercot:NP4-190-CD,https://www.ercot.com/misdownload/servlets/mirDownload?doclookupId=1272916697,2026-09-25T06:37:35Z,2026-09-10T17:33:26Z
ercot:HB_BUSAVG,spp_dam,2026-09-11T20:00:00Z,35.4,USD/MWh,PT1H,US-TX,ercot_dam,HB_BUSAVG,ercot:NP4-190-CD,https://www.ercot.com/misdownload/servlets/mirDownload?doclookupId=1272916697,2026-09-25T06:37:35Z,2026-09-10T17:33:26Z
ercot:HB_BUSAVG,spp_dam,2026-09-11T21:00:00Z,34.34,USD/MWh,PT1H,US-TX,ercot_dam,HB_BUSAVG,ercot:NP4-190-CD,https://www.ercot.com/misdownload/servlets/mirDownload?doclookupId=1272916697,2026-09-25T06:37:35Z,2026-09-10T17:33:26Z
ercot:HB_BUSAVG,spp_dam,2026-09-11T22:00:00Z,37.85,USD/MWh,PT1H,US-TX,ercot_dam,HB_BUSAVG,ercot:NP4-190-CD,https://www.ercot.com/misdownload/servlets/mirDownload?doclookupId=1272916697,2026-09-25T06:37:35Z,2026-09-10T17:33:26Z
ercot:HB_BUSAVG,spp_dam,2026-09-11T23:00:00Z,51.66,USD/MWh,PT1H,US-TX,ercot_dam,HB_BUSAVG,ercot:NP4-190-CD,https://www.ercot.com/misdownload/servlets/mirDownload?doclookupId=1272916697,2026-09-25T06:37:35Z,2026-09-10T17:33:26Z
ercot:HB_BUSAVG,spp_dam,2026-09-12T00:00:00Z,54.54,USD/MWh,PT1H,US-TX,ercot_dam,HB_BUSAVG,ercot:NP4-190-CD,https://www.ercot.com/misdownload/servlets/mirDownload?doclookupId=1272916697,2026-09-25T06:37:35Z,2026-09-10T17:33:26Z
ercot:HB_BUSAVG,spp_dam,2026-09-12T01:00:00Z,47.63,USD/MWh,PT1H,US-TX,ercot_dam,HB_BUSAVG,ercot:NP4-190-CD,https://www.ercot.com/misdownload/servlets/mirDownload?doclookupId=1272916697,2026-09-25T06:37:35Z,2026-09-10T17:33:26Z
ercot:HB_BUSAVG,spp_dam,2026-09-12T02:00:00Z,36.04,USD/MWh,PT1H,US-TX,ercot_dam,HB_BUSAVG,ercot:NP4-190-CD,https://www.ercot.com/misdownload/servlets/mirDownload?doclookupId=1272916697,2026-09-25T06:37:35Z,2026-09-10T17:33:26Z
ercot:HB_BUSAVG,spp_dam,2026-09-12T03:00:00Z,28.07,USD/MWh,PT1H,US-TX,ercot_dam,HB_BUSAVG,ercot:NP4-190-CD,https://www.ercot.com/misdownload/servlets/mirDownload?doclookupId=1272916697,2026-09-25T06:37:35Z,2026-09-10T17:33:26Z
ercot:HB_BUSAVG,spp_dam,2026-09-12T04:00:00Z,23.5,USD/MWh,PT1H,US-TX,ercot_dam,HB_BUSAVG,ercot:NP4-190-CD,https://www.ercot.com/misdownload/servlets/mirDownload?doclookupId=1272916697,2026-09-25T06:37:35Z,2026-09-10T17:33:26Z
ercot:HB_BUSAVG,spp_dam,2026-09-12T05:00:00Z,24.07,USD/MWh,PT1H,US-TX,ercot_dam,HB_BUSAVG,ercot:NP4-190-CD,https://www.ercot.com/misdownload/servlets/mirDownload?doclookupId=1273328216,2026-09-25T06:37:33Z,2026-09-11T18:09:10Z
ercot:HB_BUSAVG,spp_dam,2026-09-12T06:00:00Z,23.55,USD/MWh,PT1H,US-TX,ercot_dam,HB_BUSAVG,ercot:NP4-190-CD,https://www.ercot.com/misdownload/servlets/mirDownload?doclookupId=1273328216,2026-09-25T06:37:33Z,2026-09-11T18:09:10Z
ercot:HB_BUSAVG,spp_dam,2026-09-12T07:00:00Z,23.37,USD/MWh,PT1H,US-TX,ercot_dam,HB_BUSAVG,ercot:NP4-190-CD,https://www.ercot.com/misdownload/servlets/mirDownload?doclookupId=1273328216,2026-09-25T06:37:33Z,2026-09-11T18:09:10Z
ercot:HB_BUSAVG,spp_dam,2026-09-12T08:00:00Z,23.26,USD/MWh,PT1H,US-TX,ercot_dam,HB_BUSAVG,ercot:NP4-190-CD,https://www.ercot.com/misdownload/servlets/mirDownload?doclookupId=1273328216,2026-09-25T06:37:33Z,2026-09-11T18:09:10Z
ercot:HB_BUSAVG,spp_dam,2026-09-12T09:00:00Z,22.86,USD/MWh,PT1H,US-TX,ercot_dam,HB_BUSAVG,ercot:NP4-190-CD,https://www.ercot.com/misdownload/servlets/mirDownload?doclookupId=1273328216,2026-09-25T06:37:33Z,2026-09-11T18:09:10Z
ercot:HB_BUSAVG,spp_dam,2026-09-12T10:00:00Z,23.75,USD/MWh,PT1H,US-TX,ercot_dam,HB_BUSAVG,ercot:NP4-190-CD,https://www.ercot.com/misdownload/servlets/mirDownload?doclookupId=1273328216,2026-09-25T06:37:33Z,2026-09-11T18:09:10Z
ercot:HB_BUSAVG,spp_dam,2026-09-12T11:00:00Z,25.87,USD/MWh,PT1H,US-TX,ercot_dam,HB_BUSAVG,ercot:NP4-190-CD,https://www.ercot.com/misdownload/servlets/mirDownload?doclookupId=1273328216,2026-09-25T06:37:33Z,2026-09-11T18:09:10Z
ercot:HB_BUSAVG,spp_dam,2026-09-12T12:00:00Z,24.33,USD/MWh,PT1H,US-TX,ercot_dam,HB_BUSAVG,ercot:NP4-190-CD,https://www.ercot.com/misdownload/servlets/mirDownload?doclookupId=1273328216,2026-09-25T06:37:33Z,2026-09-11T18:09:10Z
ercot:HB_BUSAVG,spp_dam,2026-09-12T13:00:00Z,17.34,USD/MWh,PT1H,US-TX,ercot_dam,HB_BUSAVG,ercot:NP4-190-CD,https://www.ercot.com/misdownload/servlets/mirDownload?doclookupId=1273328216,2026-09-25T06:37:33Z,2026-09-11T18:09:10Z
ercot:HB_BUSAVG,spp_dam,2026-09-12T14:00:00Z,13.96,USD/MWh,PT1H,US-TX,ercot_dam,HB_BUSAVG,ercot:NP4-190-CD,https://www.ercot.com/misdownload/servlets/mirDownload?doclookupId=1273328216,2026-09-25T06:37:33Z,2026-09-11T18:09:10Z
ercot:HB_BUSAVG,spp_dam,2026-09-12T15:00:00Z,14.82,USD/MWh,PT1H,US-TX,ercot_dam,HB_BUSAVG,ercot:NP4-190-CD,https://www.ercot.com/misdownload/servlets/mirDownload?doclookupId=1273328216,2026-09-25T06:37:33Z,2026-09-11T18:09:10Z
ercot:HB_BUSAVG,spp_dam,2026-09-12T16:00:00Z,17.47,USD/MWh,PT1H,US-TX,ercot_dam,HB_BUSAVG,ercot:NP4-190-CD,https://www.ercot.com/misdownload/servlets/mirDownload?doclookupId=1273328216,2026-09-25T06:37:33Z,2026-09-11T18:09:10Z
ercot:HB_BUSAVG,spp_dam,2026-09-12T17:00:00Z,20.94,USD/MWh,PT1H,US-TX,ercot_dam,HB_BUSAVG,ercot:NP4-190-CD,https://www.ercot.com/misdownload/servlets/mirDownload?doclookupId=1273328216,2026-09-25T06:37:33Z,2026-09-11T18:09:10Z
ercot:HB_BUSAVG,spp_dam,2026-09-12T18:00:00Z,24.9,USD/MWh,PT1H,US-TX,ercot_dam,HB_BUSAVG,ercot:NP4-190-CD,https://www.ercot.com/misdownload/servlets/mirDownload?doclookupId=1273328216,2026-09-25T06:37:33Z,2026-09-11T18:09:10Z
ercot:HB_BUSAVG,spp_dam,2026-09-12T19:00:00Z,26.66,USD/MWh,PT1H,US-TX,ercot_dam,HB_BUSAVG,ercot:NP4-190-CD,https://www.ercot.com/misdownload/servlets/mirDownload?doclookupId=1273328216,2026-09-25T06:37:33Z,2026-09-11T18:09:10Z
ercot:HB_BUSAVG,spp_dam,2026-09-12T20:00:00Z,29.56,USD/MWh,PT1H,US-TX,ercot_dam,HB_BUSAVG,ercot:NP4-190-CD,https://www.ercot.com/misdownload/servlets/mirDownload?doclookupId=1273328216,2026-09-25T06:37:33Z,2026-09-11T18:09:10Z
ercot:HB_BUSAVG,spp_dam,2026-09-12T21:00:00Z,30.17,USD/MWh,PT1H,US-TX,ercot_dam,HB_BUSAVG,ercot:NP4-190-CD,https://www.ercot.com/misdownload/servlets/mirDownload?doclookupId=1273328216,2026-09-25T06:37:33Z,2026-09-11T18:09:10Z
ercot:HB_BUSAVG,spp_dam,2026-09-12T22:00:00Z,31.86,USD/MWh,PT1H,US-TX,ercot_dam,HB_BUSAVG,ercot:NP4-190-CD,https://www.ercot.com/misdownload/servlets/mirDownload?doclookupId=1273328216,2026-09-25T06:37:33Z,2026-09-11T18:09:10Z
ercot:HB_BUSAVG,spp_dam,2026-09-12T23:00:00Z,49.44,USD/MWh,PT1H,US-TX,ercot_dam,HB_BUSAVG,ercot:NP4-190-CD,https://www.ercot.com/misdownload/servlets/mirDownload?doclookupId=1273328216,2026-09-25T06:37:33Z,2026-09-11T18:09:10Z
ercot:HB_BUSAVG,spp_dam,2026-09-13T00:00:00Z,53.6,USD/MWh,PT1H,US-TX,ercot_dam,HB_BUSAVG,ercot:NP4-190-CD,https://www.ercot.com/misdownload/servlets/mirDownload?doclookupId=1273328216,2026-09-25T06:37:33Z,2026-09-11T18:09:10Z
ercot:HB_BUSAVG,spp_dam,2026-09-13T01:00:00Z,50.79,USD/MWh,PT1H,US-TX,ercot_dam,HB_BUSAVG,ercot:NP4-190-CD,https://www.ercot.com/misdownload/servlets/mirDownload?doclookupId=1273328216,2026-09-25T06:37:33Z,2026-09-11T18:09:10Z
ercot:HB_BUSAVG,spp_dam,2026-09-13T02:00:00Z,47.89,USD/MWh,PT1H,US-TX,ercot_dam,HB_BUSAVG,ercot:NP4-190-CD,https://www.ercot.com/misdownload/servlets/mirDownload?doclookupId=1273328216,2026-09-25T06:37:33Z,2026-09-11T18:09:10Z
ercot:HB_BUSAVG,spp_dam,2026-09-13T03:00:00Z,33.67,USD/MWh,PT1H,US-TX,ercot_dam,HB_BUSAVG,ercot:NP4-190-CD,https://www.ercot.com/misdownload/servlets/mirDownload?doclookupId=1273328216,2026-09-25T06:37:33Z,2026-09-11T18:09:10Z
ercot:HB_BUSAVG,spp_dam,2026-09-13T04:00:00Z,27.97,USD/MWh,PT1H,US-TX,ercot_dam,HB_BUSAVG,ercot:NP4-190-CD,https://www.ercot.com/misdownload/servlets/mirDownload?doclookupId=1273328216,2026-09-25T06:37:33Z,2026-09-11T18:09:10Z
ercot:HB_BUSAVG,spp_dam,2026-09-13T05:00:00Z,28.01,USD/MWh,PT1H,US-TX,ercot_dam,HB_BUSAVG,ercot:NP4-190-CD,https://www.ercot.com/misdownload/servlets/mirDownload?doclookupId=1273705666,2026-09-25T06:37:32Z,2026-09-12T17:41:25Z
ercot:HB_BUSAVG,spp_dam,2026-09-13T06:00:00Z,25.75,USD/MWh,PT1H,US-TX,ercot_dam,HB_BUSAVG,ercot:NP4-190-CD,https://www.ercot.com/misdownload/servlets/mirDownload?doclookupId=1273705666,2026-09-25T06:37:32Z,2026-09-12T17:41:25Z
ercot:HB_BUSAVG,spp_dam,2026-09-13T07:00:00Z,26.01,USD/MWh,PT1H,US-TX,ercot_dam,HB_BUSAVG,ercot:NP4-190-CD,https://www.ercot.com/misdownload/servlets/mirDownload?doclookupId=1273705666,2026-09-25T06:37:32Z,2026-09-12T17:41:25Z
ercot:HB_BUSAVG,spp_dam,2026-09-13T08:00:00Z,25.85,USD/MWh,PT1H,US-TX,ercot_dam,HB_BUSAVG,ercot:NP4-190-CD,https://www.ercot.com/misdownload/servlets/mirDownload?doclookupId=1273705666,2026-09-25T06:37:32Z,2026-09-12T17:41:25Z
ercot:HB_BUSAVG,spp_dam,2026-09-13T09:00:00Z,26.45,USD/MWh,PT1H,US-TX,ercot_dam,HB_BUSAVG,ercot:NP4-190-CD,https://www.ercot.com/misdownload/servlets/mirDownload?doclookupId=1273705666,2026-09-25T06:37:32Z,2026-09-12T17:41:25Z
ercot:HB_BUSAVG,spp_dam,2026-09-13T10:00:00Z,29.02,USD/MWh,PT1H,US-TX,ercot_dam,HB_BUSAVG,ercot:NP4-190-CD,https://www.ercot.com/misdownload/servlets/mirDownload?doclookupId=1273705666,2026-09-25T06:37:32Z,2026-09-12T17:41:25Z
ercot:HB_BUSAVG,spp_dam,2026-09-13T11:00:00Z,31.98,USD/MWh,PT1H,US-TX,ercot_dam,HB_BUSAVG,ercot:NP4-190-CD,https://www.ercot.com/misdownload/servlets/mirDownload?doclookupId=1273705666,2026-09-25T06:37:32Z,2026-09-12T17:41:25Z
ercot:HB_BUSAVG,spp_dam,2026-09-13T12:00:00Z,29.67,USD/MWh,PT1H,US-TX,ercot_dam,HB_BUSAVG,ercot:NP4-190-CD,https://www.ercot.com/misdownload/servlets/mirDownload?doclookupId=1273705666,2026-09-25T06:37:32Z,2026-09-12T17:41:25Z
ercot:HB_BUSAVG,spp_dam,2026-09-13T13:00:00Z,20.06,USD/MWh,PT1H,US-TX,ercot_dam,HB_BUSAVG,ercot:NP4-190-CD,https://www.ercot.com/misdownload/servlets/mirDownload?doclookupId=1273705666,2026-09-25T06:37:32Z,2026-09-12T17:41:25Z
ercot:HB_BUSAVG,spp_dam,2026-09-13T14:00:00Z,16.22,USD/MWh,PT1H,US-TX,ercot_dam,HB_BUSAVG,ercot:NP4-190-CD,https://www.ercot.com/misdownload/servlets/mirDownload?doclookupId=1273705666,2026-09-25T06:37:32Z,2026-09-12T17:41:25Z
ercot:HB_BUSAVG,spp_dam,2026-09-13T15:00:00Z,16.1,USD/MWh,PT1H,US-TX,ercot_dam,HB_BUSAVG,ercot:NP4-190-CD,https://www.ercot.com/misdownload/servlets/mirDownload?doclookupId=1273705666,2026-09-25T06:37:32Z,2026-09-12T17:41:25Z
ercot:HB_BUSAVG,spp_dam,2026-09-13T16:00:00Z,17.4,USD/MWh,PT1H,US-TX,ercot_dam,HB_BUSAVG,ercot:NP4-190-CD,https://www.ercot.com/misdownload/servlets/mirDownload?doclookupId=1273705666,2026-09-25T06:37:32Z,2026-09-12T17:41:25Z
ercot:HB_BUSAVG,spp_dam,2026-09-13T17:00:00Z,20.27,USD/MWh,PT1H,US-TX,ercot_dam,HB_BUSAVG,ercot:NP4-190-CD,https://www.ercot.com/misdownload/servlets/mirDownload?doclookupId=1273705666,2026-09-25T06:37:32Z,2026-09-12T17:41:25Z
ercot:HB_BUSAVG,spp_dam,2026-09-13T18:00:00Z,22.67,USD/MWh,PT1H,US-TX,ercot_dam,HB_BUSAVG,ercot:NP4-190-CD,https://www.ercot.com/misdownload/servlets/mirDownload?doclookupId=1273705666,2026-09-25T06:37:32Z,2026-09-12T17:41:25Z
ercot:HB_BUSAVG,spp_dam,2026-09-13T19:00:00Z,25.3,USD/MWh,PT1H,US-TX,ercot_dam,HB_BUSAVG,ercot:NP4-190-CD,https://www.ercot.com/misdownload/servlets/mirDownload?doclookupId=1273705666,2026-09-25T06:37:32Z,2026-09-12T17:41:25Z
ercot:HB_BUSAVG,spp_dam,2026-09-13T20:00:00Z,25.69,USD/MWh,PT1H,US-TX,ercot_dam,HB_BUSAVG,ercot:NP4-190-CD,https://www.ercot.com/misdownload/servlets/mirDownload?doclookupId=1273705666,2026-09-25T06:37:32Z,2026-09-12T17:41:25Z
ercot:HB_BUSAVG,spp_dam,2026-09-13T21:00:00Z,25.83,USD/MWh,PT1H,US-TX,ercot_dam,HB_BUSAVG,ercot:NP4-190-CD,https://www.ercot.com/misdownload/servlets/mirDownload?doclookupId=1273705666,2026-09-25T06:37:32Z,2026-09-12T17:41:25Z
ercot:HB_BUSAVG,spp_dam,2026-09-13T22:00:00Z,28.85,USD/MWh,PT1H,US-TX,ercot_dam,HB_BUSAVG,ercot:NP4-190-CD,https://www.ercot.com/misdownload/servlets/mirDownload?doclookupId=1273705666,2026-09-25T06:37:32Z,2026-09-12T17:41:25Z
ercot:HB_BUSAVG,spp_dam,2026-09-13T23:00:00Z,50.28,USD/MWh,PT1H,US-TX,ercot_dam,HB_BUSAVG,ercot:NP4-190-CD,https://www.ercot.com/misdownload/servlets/mirDownload?doclookupId=1273705666,2026-09-25T06:37:32Z,2026-09-12T17:41:25Z
ercot:HB_BUSAVG,spp_dam,2026-09-14T00:00:00Z,56.01,USD/MWh,PT1H,US-TX,ercot_dam,HB_BUSAVG,ercot:NP4-190-CD,https://www.ercot.com/misdownload/servlets/mirDownload?doclookupId=1273705666,2026-09-25T06:37:32Z,2026-09-12T17:41:25Z
ercot:HB_BUSAVG,spp_dam,2026-09-14T01:00:00Z,51.9,USD/MWh,PT1H,US-TX,ercot_dam,HB_BUSAVG,ercot:NP4-190-CD,https://www.ercot.com/misdownload/servlets/mirDownload?doclookupId=1273705666,2026-09-25T06:37:32Z,2026-09-12T17:41:25Z
ercot:HB_BUSAVG,spp_dam,2026-09-14T02:00:00Z,48.04,USD/MWh,PT1H,US-TX,ercot_dam,HB_BUSAVG,ercot:NP4-190-CD,https://www.ercot.com/misdownload/servlets/mirDownload?doclookupId=1273705666,2026-09-25T06:37:32Z,2026-09-12T17:41:25Z
ercot:HB_BUSAVG,spp_dam,2026-09-14T03:00:00Z,35.4,USD/MWh,PT1H,US-TX,ercot_dam,HB_BUSAVG,ercot:NP4-190-CD,https://www.ercot.com/misdownload/servlets/mirDownload?doclookupId=1273705666,2026-09-25T06:37:32Z,2026-09-12T17:41:25Z
ercot:HB_BUSAVG,spp_dam,2026-09-14T04:00:00Z,30.33,USD/MWh,PT1H,US-TX,ercot_dam,HB_BUSAVG,ercot:NP4-190-CD,https://www.ercot.com/misdownload/servlets/mirDownload?doclookupId=1273705666,2026-09-25T06:37:32Z,2026-09-12T17:41:25Z
ercot:HB_BUSAVG,spp_dam,2026-09-14T05:00:00Z,28.36,USD/MWh,PT1H,US-TX,ercot_dam,HB_BUSAVG,ercot:NP4-190-CD,https://www.ercot.com/misdownload/servlets/mirDownload?doclookupId=1274092364,2026-09-25T06:37:31Z,2026-09-13T17:57:21Z
ercot:HB_BUSAVG,spp_dam,2026-09-14T06:00:00Z,25.14,USD/MWh,PT1H,US-TX,ercot_dam,HB_BUSAVG,ercot:NP4-190-CD,https://www.ercot.com/misdownload/servlets/mirDownload?doclookupId=1274092364,2026-09-25T06:37:31Z,2026-09-13T17:57:21Z
ercot:HB_BUSAVG,spp_dam,2026-09-14T07:00:00Z,24.61,USD/MWh,PT1H,US-TX,ercot_dam,HB_BUSAVG,ercot:NP4-190-CD,https://www.ercot.com/misdownload/servlets/mirDownload?doclookupId=1274092364,2026-09-25T06:37:31Z,2026-09-13T17:57:21Z
ercot:HB_BUSAVG,spp_dam,2026-09-14T08:00:00Z,24.18,USD/MWh,PT1H,US-TX,ercot_dam,HB_BUSAVG,ercot:NP4-190-CD,https://www.ercot.com/misdownload/servlets/mirDownload?doclookupId=1274092364,2026-09-25T06:37:31Z,2026-09-13T17:57:21Z
ercot:HB_BUSAVG,spp_dam,2026-09-14T09:00:00Z,24.18,USD/MWh,PT1H,US-TX,ercot_dam,HB_BUSAVG,ercot:NP4-190-CD,https://www.ercot.com/misdownload/servlets/mirDownload?doclookupId=1274092364,2026-09-25T06:37:31Z,2026-09-13T17:57:21Z
ercot:HB_BUSAVG,spp_dam,2026-09-14T10:00:00Z,26.5,USD/MWh,PT1H,US-TX,ercot_dam,HB_BUSAVG,ercot:NP4-190-CD,https://www.ercot.com/misdownload/servlets/mirDownload?doclookupId=1274092364,2026-09-25T06:37:31Z,2026-09-13T17:57:21Z
ercot:HB_BUSAVG,spp_dam,2026-09-14T11:00:00Z,30.33,USD/MWh,PT1H,US-TX,ercot_dam,HB_BUSAVG,ercot:NP4-190-CD,https://www.ercot.com/misdownload/servlets/mirDownload?doclookupId=1274092364,2026-09-25T06:37:31Z,2026-09-13T17:57:21Z
ercot:HB_BUSAVG,spp_dam,2026-09-14T12:00:00Z,28.69,USD/MWh,PT1H,US-TX,ercot_dam,HB_BUSAVG,ercot:NP4-190-CD,https://www.ercot.com/misdownload/servlets/mirDownload?doclookupId=1274092364,2026-09-25T06:37:31Z,2026-09-13T17:57:21Z
ercot:HB_BUSAVG,spp_dam,2026-09-14T13:00:00Z,20.93,USD/MWh,PT1H,US-TX,ercot_dam,HB_BUSAVG,ercot:NP4-190-CD,https://www.ercot.com/misdownload/servlets/mirDownload?doclookupId=1274092364,2026-09-25T06:37:31Z,2026-09-13T17:57:21Z
ercot:HB_BUSAVG,spp_dam,2026-09-14T14:00:00Z,16.12,USD/MWh,PT1H,US-TX,ercot_dam,HB_BUSAVG,ercot:NP4-190-CD,https://www.ercot.com/misdownload/servlets/mirDownload?doclookupId=1274092364,2026-09-25T06:37:31Z,2026-09-13T17:57:21Z
ercot:HB_BUSAVG,spp_dam,2026-09-14T15:00:00Z,16.42,USD/MWh,PT1H,US-TX,ercot_dam,HB_BUSAVG,ercot:NP4-190-CD,https://www.ercot.com/misdownload/servlets/mirDownload?doclookupId=1274092364,2026-09-25T06:37:31Z,2026-09-13T17:57:21Z
ercot:HB_BUSAVG,spp_dam,2026-09-14T16:00:00Z,17.15,USD/MWh,PT1H,US-TX,ercot_dam,HB_BUSAVG,ercot:NP4-190-CD,https://www.ercot.com/misdownload/servlets/mirDownload?doclookupId=1274092364,2026-09-25T06:37:31Z,2026-09-13T17:57:21Z
ercot:HB_BUSAVG,spp_dam,2026-09-14T17:00:00Z,19.11,USD/MWh,PT1H,US-TX,ercot_dam,HB_BUSAVG,ercot:NP4-190-CD,https://www.ercot.com/misdownload/servlets/mirDownload?doclookupId=1274092364,2026-09-25T06:37:31Z,2026-09-13T17:57:21Z
ercot:HB_BUSAVG,spp_dam,2026-09-14T18:00:00Z,21.59,USD/MWh,PT1H,US-TX,ercot_dam,HB_BUSAVG,ercot:NP4-190-CD,https://www.ercot.com/misdownload/servlets/mirDownload?doclookupId=1274092364,2026-09-25T06:37:31Z,2026-09-13T17:57:21Z
ercot:HB_BUSAVG,spp_dam,2026-09-14T19:00:00Z,22.64,USD/MWh,PT1H,US-TX,ercot_dam,HB_BUSAVG,ercot:NP4-190-CD,https://www.ercot.com/misdownload/servlets/mirDownload?doclookupId=1274092364,2026-09-25T06:37:31Z,2026-09-13T17:57:21Z
ercot:HB_BUSAVG,spp_dam,2026-09-14T20:00:00Z,25.6,USD/MWh,PT1H,US-TX,ercot_dam,HB_BUSAVG,ercot:NP4-190-CD,https://www.ercot.com/misdownload/servlets/mirDownload?doclookupId=1274092364,2026-09-25T06:37:31Z,2026-09-13T17:57:21Z
ercot:HB_BUSAVG,spp_dam,2026-09-14T21:00:00Z,25.25,USD/MWh,PT1H,US-TX,ercot_dam,HB_BUSAVG,ercot:NP4-190-CD,https://www.ercot.com/misdownload/servlets/mirDownload?doclookupId=1274092364,2026-09-25T06:37:31Z,2026-09-13T17:57:21Z
ercot:HB_BUSAVG,spp_dam,2026-09-14T22:00:00Z,27.16,USD/MWh,PT1H,US-TX,ercot_dam,HB_BUSAVG,ercot:NP4-190-CD,https://www.ercot.com/misdownload/servlets/mirDownload?doclookupId=1274092364,2026-09-25T06:37:31Z,2026-09-13T17:57:21Z
ercot:HB_BUSAVG,spp_dam,2026-09-14T23:00:00Z,41.74,USD/MWh,PT1H,US-TX,ercot_dam,HB_BUSAVG,ercot:NP4-190-CD,https://www.ercot.com/misdownload/servlets/mirDownload?doclookupId=1274092364,2026-09-25T06:37:31Z,2026-09-13T17:57:21Z
ercot:HB_BUSAVG,spp_dam,2026-09-15T00:00:00Z,48.82,USD/MWh,PT1H,US-TX,ercot_dam,HB_BUSAVG,ercot:NP4-190-CD,https://www.ercot.com/misdownload/servlets/mirDownload?doclookupId=1274092364,2026-09-25T06:37:31Z,2026-09-13T17:57:21Z
ercot:HB_BUSAVG,spp_dam,2026-09-15T01:00:00Z,46.63,USD/MWh,PT1H,US-TX,ercot_dam,HB_BUSAVG,ercot:NP4-190-CD,https://www.ercot.com/misdownload/servlets/mirDownload?doclookupId=1274092364,2026-09-25T06:37:31Z,2026-09-13T17:57:21Z
ercot:HB_BUSAVG,spp_dam,2026-09-15T02:00:00Z,41.26,USD/MWh,PT1H,US-TX,ercot_dam,HB_BUSAVG,ercot:NP4-190-CD,https://www.ercot.com/misdownload/servlets/mirDownload?doclookupId=1274092364,2026-09-25T06:37:31Z,2026-09-13T17:57:21Z
ercot:HB_BUSAVG,spp_dam,2026-09-15T03:00:00Z,32.78,USD/MWh,PT1H,US-TX,ercot_dam,HB_BUSAVG,ercot:NP4-190-CD,https://www.ercot.com/misdownload/servlets/mirDownload?doclookupId=1274092364,2026-09-25T06:37:31Z,2026-09-13T17:57:21Z
ercot:HB_BUSAVG,spp_dam,2026-09-15T04:00:00Z,27.22,USD/MWh,PT1H,US-TX,ercot_dam,HB_BUSAVG,ercot:NP4-190-CD,https://www.ercot.com/misdownload/servlets/mirDownload?doclookupId=1274092364,2026-09-25T06:37:31Z,2026-09-13T17:57:21Z
ercot:HB_BUSAVG,spp_dam,2026-09-15T05:00:00Z,26.79,USD/MWh,PT1H,US-TX,ercot_dam,HB_BUSAVG,ercot:NP4-190-CD,https://www.ercot.com/misdownload/servlets/mirDownload?doclookupId=1274489923,2026-09-25T06:37:30Z,2026-09-14T18:01:11Z
ercot:HB_BUSAVG,spp_dam,2026-09-15T06:00:00Z,24.56,USD/MWh,PT1H,US-TX,ercot_dam,HB_BUSAVG,ercot:NP4-190-CD,https://www.ercot.com/misdownload/servlets/mirDownload?doclookupId=1274489923,2026-09-25T06:37:30Z,2026-09-14T18:01:11Z
ercot:HB_BUSAVG,spp_dam,2026-09-15T07:00:00Z,23.13,USD/MWh,PT1H,US-TX,ercot_dam,HB_BUSAVG,ercot:NP4-190-CD,https://www.ercot.com/misdownload/servlets/mirDownload?doclookupId=1274489923,2026-09-25T06:37:30Z,2026-09-14T18:01:11Z
ercot:HB_BUSAVG,spp_dam,2026-09-15T08:00:00Z,23.33,USD/MWh,PT1H,US-TX,ercot_dam,HB_BUSAVG,ercot:NP4-190-CD,https://www.ercot.com/misdownload/servlets/mirDownload?doclookupId=1274489923,2026-09-25T06:37:30Z,2026-09-14T18:01:11Z
ercot:HB_BUSAVG,spp_dam,2026-09-15T09:00:00Z,23.28,USD/MWh,PT1H,US-TX,ercot_dam,HB_BUSAVG,ercot:NP4-190-CD,https://www.ercot.com/misdownload/servlets/mirDownload?doclookupId=1274489923,2026-09-25T06:37:30Z,2026-09-14T18:01:11Z
ercot:HB_BUSAVG,spp_dam,2026-09-15T10:00:00Z,24.4,USD/MWh,PT1H,US-TX,ercot_dam,HB_BUSAVG,ercot:NP4-190-CD,https://www.ercot.com/misdownload/servlets/mirDownload?doclookupId=1274489923,2026-09-25T06:37:30Z,2026-09-14T18:01:11Z
ercot:HB_BUSAVG,spp_dam,2026-09-15T11:00:00Z,26.16,USD/MWh,PT1H,US-TX,ercot_dam,HB_BUSAVG,ercot:NP4-190-CD,https://www.ercot.com/misdownload/servlets/mirDownload?doclookupId=1274489923,2026-09-25T06:37:30Z,2026-09-14T18:01:11Z
ercot:HB_BUSAVG,spp_dam,2026-09-15T12:00:00Z,25.75,USD/MWh,PT1H,US-TX,ercot_dam,HB_BUSAVG,ercot:NP4-190-CD,https://www.ercot.com/misdownload/servlets/mirDownload?doclookupId=1274489923,2026-09-25T06:37:30Z,2026-09-14T18:01:11Z
ercot:HB_BUSAVG,spp_dam,2026-09-15T13:00:00Z,18.61,USD/MWh,PT1H,US-TX,ercot_dam,HB_BUSAVG,ercot:NP4-190-CD,https://www.ercot.com/misdownload/servlets/mirDownload?doclookupId=1274489923,2026-09-25T06:37:30Z,2026-09-14T18:01:11Z
ercot:HB_BUSAVG,spp_dam,2026-09-15T14:00:00Z,16.08,USD/MWh,PT1H,US-TX,ercot_dam,HB_BUSAVG,ercot:NP4-190-CD,https://www.ercot.com/misdownload/servlets/mirDownload?doclookupId=1274489923,2026-09-25T06:37:30Z,2026-09-14T18:01:11Z
ercot:HB_BUSAVG,spp_dam,2026-09-15T15:00:00Z,16.44,USD/MWh,PT1H,US-TX,ercot_dam,HB_BUSAVG,ercot:NP4-190-CD,https://www.ercot.com/misdownload/servlets/mirDownload?doclookupId=1274489923,2026-09-25T06:37:30Z,2026-09-14T18:01:11Z
ercot:HB_BUSAVG,spp_dam,2026-09-15T16:00:00Z,17.67,USD/MWh,PT1H,US-TX,ercot_dam,HB_BUSAVG,ercot:NP4-190-CD,https://www.ercot.com/misdownload/servlets/mirDownload?doclookupId=1274489923,2026-09-25T06:37:30Z,2026-09-14T18:01:11Z
ercot:HB_BUSAVG,spp_dam,2026-09-15T17:00:00Z,21.27,USD/MWh,PT1H,US-TX,ercot_dam,HB_BUSAVG,ercot:NP4-190-CD,https://www.ercot.com/misdownload/servlets/mirDownload?doclookupId=1274489923,2026-09-25T06:37:30Z,2026-09-14T18:01:11Z
ercot:HB_BUSAVG,spp_dam,2026-09-15T18:00:00Z,23.19,USD/MWh,PT1H,US-TX,ercot_dam,HB_BUSAVG,ercot:NP4-190-CD,https://www.ercot.com/misdownload/servlets/mirDownload?doclookupId=1274489923,2026-09-25T06:37:30Z,2026-09-14T18:01:11Z
ercot:HB_BUSAVG,spp_dam,2026-09-15T19:00:00Z,26.06,USD/MWh,PT1H,US-TX,ercot_dam,HB_BUSAVG,ercot:NP4-190-CD,https://www.ercot.com/misdownload/servlets/mirDownload?doclookupId=1274489923,2026-09-25T06:37:30Z,2026-09-14T18:01:11Z
ercot:HB_BUSAVG,spp_dam,2026-09-15T20:00:00Z,26.87,USD/MWh,PT1H,US-TX,ercot_dam,HB_BUSAVG,ercot:NP4-190-CD,https://www.ercot.com/misdownload/servlets/mirDownload?doclookupId=1274489923,2026-09-25T06:37:30Z,2026-09-14T18:01:11Z
ercot:HB_BUSAVG,spp_dam,2026-09-15T21:00:00Z,28.35,USD/MWh,PT1H,US-TX,ercot_dam,HB_BUSAVG,ercot:NP4-190-CD,https://www.ercot.com/misdownload/servlets/mirDownload?doclookupId=1274489923,2026-09-25T06:37:30Z,2026-09-14T18:01:11Z
ercot:HB_BUSAVG,spp_dam,2026-09-15T22:00:00Z,29.82,USD/MWh,PT1H,US-TX,ercot_dam,HB_BUSAVG,ercot:NP4-190-CD,https://www.ercot.com/misdownload/servlets/mirDownload?doclookupId=1274489923,2026-09-25T06:37:30Z,2026-09-14T18:01:11Z
ercot:HB_BUSAVG,spp_dam,2026-09-15T23:00:00Z,44.9,USD/MWh,PT1H,US-TX,ercot_dam,HB_BUSAVG,ercot:NP4-190-CD,https://www.ercot.com/misdownload/servlets/mirDownload?doclookupId=1274489923,2026-09-25T06:37:30Z,2026-09-14T18:01:11Z
ercot:HB_BUSAVG,spp_dam,2026-09-16T00:00:00Z,58.92,USD/MWh,PT1H,US-TX,ercot_dam,HB_BUSAVG,ercot:NP4-190-CD,https://www.ercot.com/misdownload/servlets/mirDownload?doclookupId=1274489923,2026-09-25T06:37:30Z,2026-09-14T18:01:11Z
ercot:HB_BUSAVG,spp_dam,2026-09-16T01:00:00Z,53.29,USD/MWh,PT1H,US-TX,ercot_dam,HB_BUSAVG,ercot:NP4-190-CD,https://www.ercot.com/misdownload/servlets/mirDownload?doclookupId=1274489923,2026-09-25T06:37:30Z,2026-09-14T18:01:11Z
ercot:HB_BUSAVG,spp_dam,2026-09-16T02:00:00Z,51.95,USD/MWh,PT1H,US-TX,ercot_dam,HB_BUSAVG,ercot:NP4-190-CD,https://www.ercot.com/misdownload/servlets/mirDownload?doclookupId=1274489923,2026-09-25T06:37:30Z,2026-09-14T18:01:11Z
ercot:HB_BUSAVG,spp_dam,2026-09-16T03:00:00Z,44.44,USD/MWh,PT1H,US-TX,ercot_dam,HB_BUSAVG,ercot:NP4-190-CD,https://www.ercot.com/misdownload/servlets/mirDownload?doclookupId=1274489923,2026-09-25T06:37:30Z,2026-09-14T18:01:11Z
ercot:HB_BUSAVG,spp_dam,2026-09-16T04:00:00Z,40.0,USD/MWh,PT1H,US-TX,ercot_dam,HB_BUSAVG,ercot:NP4-190-CD,https://www.ercot.com/misdownload/servlets/mirDownload?doclookupId=1274489923,2026-09-25T06:37:30Z,2026-09-14T18:01:11Z
ercot:HB_BUSAVG,spp_dam,2026-09-16T05:00:00Z,34.57,USD/MWh,PT1H,US-TX,ercot_dam,HB_BUSAVG,ercot:NP4-190-CD,https://www.ercot.com/misdownload/servlets/mirDownload?doclookupId=1274910529,2026-09-25T06:37:29Z,2026-09-15T18:50:14Z
ercot:HB_BUSAVG,spp_dam,2026-09-16T06:00:00Z,31.48,USD/MWh,PT1H,US-TX,ercot_dam,HB_BUSAVG,ercot:NP4-190-CD,https://www.ercot.com/misdownload/servlets/mirDownload?doclookupId=1274910529,2026-09-25T06:37:29Z,2026-09-15T18:50:14Z
ercot:HB_BUSAVG,spp_dam,2026-09-16T07:00:00Z,31.12,USD/MWh,PT1H,US-TX,ercot_dam,HB_BUSAVG,ercot:NP4-190-CD,https://www.ercot.com/misdownload/servlets/mirDownload?doclookupId=1274910529,2026-09-25T06:37:29Z,2026-09-15T18:50:14Z
ercot:HB_BUSAVG,spp_dam,2026-09-16T08:00:00Z,30.72,USD/MWh,PT1H,US-TX,ercot_dam,HB_BUSAVG,ercot:NP4-190-CD,https://www.ercot.com/misdownload/servlets/mirDownload?doclookupId=1274910529,2026-09-25T06:37:29Z,2026-09-15T18:50:14Z
ercot:HB_BUSAVG,spp_dam,2026-09-16T09:00:00Z,32.14,USD/MWh,PT1H,US-TX,ercot_dam,HB_BUSAVG,ercot:NP4-190-CD,https://www.ercot.com/misdownload/servlets/mirDownload?doclookupId=1274910529,2026-09-25T06:37:29Z,2026-09-15T18:50:14Z
ercot:HB_BUSAVG,spp_dam,2026-09-16T10:00:00Z,38.39,USD/MWh,PT1H,US-TX,ercot_dam,HB_BUSAVG,ercot:NP4-190-CD,https://www.ercot.com/misdownload/servlets/mirDownload?doclookupId=1274910529,2026-09-25T06:37:29Z,2026-09-15T18:50:14Z
ercot:HB_BUSAVG,spp_dam,2026-09-16T11:00:00Z,40.02,USD/MWh,PT1H,US-TX,ercot_dam,HB_BUSAVG,ercot:NP4-190-CD,https://www.ercot.com/misdownload/servlets/mirDownload?doclookupId=1274910529,2026-09-25T06:37:29Z,2026-09-15T18:50:14Z
ercot:HB_BUSAVG,spp_dam,2026-09-16T12:00:00Z,36.13,USD/MWh,PT1H,US-TX,ercot_dam,HB_BUSAVG,ercot:NP4-190-CD,https://www.ercot.com/misdownload/servlets/mirDownload?doclookupId=1274910529,2026-09-25T06:37:29Z,2026-09-15T18:50:14Z
ercot:HB_BUSAVG,spp_dam,2026-09-16T13:00:00Z,26.68,USD/MWh,PT1H,US-TX,ercot_dam,HB_BUSAVG,ercot:NP4-190-CD,https://www.ercot.com/misdownload/servlets/mirDownload?doclookupId=1274910529,2026-09-25T06:37:29Z,2026-09-15T18:50:14Z
ercot:HB_BUSAVG,spp_dam,2026-09-16T14:00:00Z,22.67,USD/MWh,PT1H,US-TX,ercot_dam,HB_BUSAVG,ercot:NP4-190-CD,https://www.ercot.com/misdownload/servlets/mirDownload?doclookupId=1274910529,2026-09-25T06:37:29Z,2026-09-15T18:50:14Z
ercot:HB_BUSAVG,spp_dam,2026-09-16T15:00:00Z,22.53,USD/MWh,PT1H,US-TX,ercot_dam,HB_BUSAVG,ercot:NP4-190-CD,https://www.ercot.com/misdownload/servlets/mirDownload?doclookupId=1274910529,2026-09-25T06:37:29Z,2026-09-15T18:50:14Z
ercot:HB_BUSAVG,spp_dam,2026-09-16T16:00:00Z,23.43,USD/MWh,PT1H,US-TX,ercot_dam,HB_BUSAVG,ercot:NP4-190-CD,https://www.ercot.com/misdownload/servlets/mirDownload?doclookupId=1274910529,2026-09-25T06:37:29Z,2026-09-15T18:50:14Z
ercot:HB_BUSAVG,spp_dam,2026-09-16T17:00:00Z,25.92,USD/MWh,PT1H,US-TX,ercot_dam,HB_BUSAVG,ercot:NP4-190-CD,https://www.ercot.com/misdownload/servlets/mirDownload?doclookupId=1274910529,2026-09-25T06:37:29Z,2026-09-15T18:50:14Z
ercot:HB_BUSAVG,spp_dam,2026-09-16T18:00:00Z,30.85,USD/MWh,PT1H,US-TX,ercot_dam,HB_BUSAVG,ercot:NP4-190-CD,https://www.ercot.com/misdownload/servlets/mirDownload?doclookupId=1274910529,2026-09-25T06:37:29Z,2026-09-15T18:50:14Z
ercot:HB_BUSAVG,spp_dam,2026-09-16T19:00:00Z,32.65,USD/MWh,PT1H,US-TX,ercot_dam,HB_BUSAVG,ercot:NP4-190-CD,https://www.ercot.com/misdownload/servlets/mirDownload?doclookupId=1274910529,2026-09-25T06:37:29Z,2026-09-15T18:50:14Z
ercot:HB_BUSAVG,spp_dam,2026-09-16T20:00:00Z,37.24,USD/MWh,PT1H,US-TX,ercot_dam,HB_BUSAVG,ercot:NP4-190-CD,https://www.ercot.com/misdownload/servlets/mirDownload?doclookupId=1274910529,2026-09-25T06:37:29Z,2026-09-15T18:50:14Z
ercot:HB_BUSAVG,spp_dam,2026-09-16T21:00:00Z,38.37,USD/MWh,PT1H,US-TX,ercot_dam,HB_BUSAVG,ercot:NP4-190-CD,https://www.ercot.com/misdownload/servlets/mirDownload?doclookupId=1274910529,2026-09-25T06:37:29Z,2026-09-15T18:50:14Z
ercot:HB_BUSAVG,spp_dam,2026-09-16T22:00:00Z,44.17,USD/MWh,PT1H,US-TX,ercot_dam,HB_BUSAVG,ercot:NP4-190-CD,https://www.ercot.com/misdownload/servlets/mirDownload?doclookupId=1274910529,2026-09-25T06:37:29Z,2026-09-15T18:50:14Z
ercot:HB_BUSAVG,spp_dam,2026-09-16T23:00:00Z,65.66,USD/MWh,PT1H,US-TX,ercot_dam,HB_BUSAVG,ercot:NP4-190-CD,https://www.ercot.com/misdownload/servlets/mirDownload?doclookupId=1274910529,2026-09-25T06:37:29Z,2026-09-15T18:50:14Z
ercot:HB_BUSAVG,spp_dam,2026-09-17T00:00:00Z,73.3,USD/MWh,PT1H,US-TX,ercot_dam,HB_BUSAVG,ercot:NP4-190-CD,https://www.ercot.com/misdownload/servlets/mirDownload?doclookupId=1274910529,2026-09-25T06:37:29Z,2026-09-15T18:50:14Z
ercot:HB_BUSAVG,spp_dam,2026-09-17T01:00:00Z,70.76,USD/MWh,PT1H,US-TX,ercot_dam,HB_BUSAVG,ercot:NP4-190-CD,https://www.ercot.com/misdownload/servlets/mirDownload?doclookupId=1274910529,2026-09-25T06:37:29Z,2026-09-15T18:50:14Z
ercot:HB_BUSAVG,spp_dam,2026-09-17T02:00:00Z,59.27,USD/MWh,PT1H,US-TX,ercot_dam,HB_BUSAVG,ercot:NP4-190-CD,https://www.ercot.com/misdownload/servlets/mirDownload?doclookupId=1274910529,2026-09-25T06:37:29Z,2026-09-15T18:50:14Z
ercot:HB_BUSAVG,spp_dam,2026-09-17T03:00:00Z,46.74,USD/MWh,PT1H,US-TX,ercot_dam,HB_BUSAVG,ercot:NP4-190-CD,https://www.ercot.com/misdownload/servlets/mirDownload?doclookupId=1274910529,2026-09-25T06:37:29Z,2026-09-15T18:50:14Z
ercot:HB_BUSAVG,spp_dam,2026-09-17T04:00:00Z,37.42,USD/MWh,PT1H,US-TX,ercot_dam,HB_BUSAVG,ercot:NP4-190-CD,https://www.ercot.com/misdownload/servlets/mirDownload?doclookupId=1274910529,2026-09-25T06:37:29Z,2026-09-15T18:50:14Z
ercot:HB_BUSAVG,spp_dam,2026-09-17T05:00:00Z,35.29,USD/MWh,PT1H,US-TX,ercot_dam,HB_BUSAVG,ercot:NP4-190-CD,https://www.ercot.com/misdownload/servlets/mirDownload?doclookupId=1275287943,2026-09-25T06:37:28Z,2026-09-16T17:36:06Z
ercot:HB_BUSAVG,spp_dam,2026-09-17T06:00:00Z,33.58,USD/MWh,PT1H,US-TX,ercot_dam,HB_BUSAVG,ercot:NP4-190-CD,https://www.ercot.com/misdownload/servlets/mirDownload?doclookupId=1275287943,2026-09-25T06:37:28Z,2026-09-16T17:36:06Z
ercot:HB_BUSAVG,spp_dam,2026-09-17T07:00:00Z,34.65,USD/MWh,PT1H,US-TX,ercot_dam,HB_BUSAVG,ercot:NP4-190-CD,https://www.ercot.com/misdownload/servlets/mirDownload?doclookupId=1275287943,2026-09-25T06:37:28Z,2026-09-16T17:36:06Z
ercot:HB_BUSAVG,spp_dam,2026-09-17T08:00:00Z,33.57,USD/MWh,PT1H,US-TX,ercot_dam,HB_BUSAVG,ercot:NP4-190-CD,https://www.ercot.com/misdownload/servlets/mirDownload?doclookupId=1275287943,2026-09-25T06:37:28Z,2026-09-16T17:36:06Z
ercot:HB_BUSAVG,spp_dam,2026-09-17T09:00:00Z,35.18,USD/MWh,PT1H,US-TX,ercot_dam,HB_BUSAVG,ercot:NP4-190-CD,https://www.ercot.com/misdownload/servlets/mirDownload?doclookupId=1275287943,2026-09-25T06:37:28Z,2026-09-16T17:36:06Z
ercot:HB_BUSAVG,spp_dam,2026-09-17T10:00:00Z,38.02,USD/MWh,PT1H,US-TX,ercot_dam,HB_BUSAVG,ercot:NP4-190-CD,https://www.ercot.com/misdownload/servlets/mirDownload?doclookupId=1275287943,2026-09-25T06:37:28Z,2026-09-16T17:36:06Z
ercot:HB_BUSAVG,spp_dam,2026-09-17T11:00:00Z,42.38,USD/MWh,PT1H,US-TX,ercot_dam,HB_BUSAVG,ercot:NP4-190-CD,https://www.ercot.com/misdownload/servlets/mirDownload?doclookupId=1275287943,2026-09-25T06:37:28Z,2026-09-16T17:36:06Z
ercot:HB_BUSAVG,spp_dam,2026-09-17T12:00:00Z,41.93,USD/MWh,PT1H,US-TX,ercot_dam,HB_BUSAVG,ercot:NP4-190-CD,https://www.ercot.com/misdownload/servlets/mirDownload?doclookupId=1275287943,2026-09-25T06:37:28Z,2026-09-16T17:36:06Z
ercot:HB_BUSAVG,spp_dam,2026-09-17T13:00:00Z,31.86,USD/MWh,PT1H,US-TX,ercot_dam,HB_BUSAVG,ercot:NP4-190-CD,https://www.ercot.com/misdownload/servlets/mirDownload?doclookupId=1275287943,2026-09-25T06:37:28Z,2026-09-16T17:36:06Z
ercot:HB_BUSAVG,spp_dam,2026-09-17T14:00:00Z,27.07,USD/MWh,PT1H,US-TX,ercot_dam,HB_BUSAVG,ercot:NP4-190-CD,https://www.ercot.com/misdownload/servlets/mirDownload?doclookupId=1275287943,2026-09-25T06:37:28Z,2026-09-16T17:36:06Z
ercot:HB_BUSAVG,spp_dam,2026-09-17T15:00:00Z,26.41,USD/MWh,PT1H,US-TX,ercot_dam,HB_BUSAVG,ercot:NP4-190-CD,https://www.ercot.com/misdownload/servlets/mirDownload?doclookupId=1275287943,2026-09-25T06:37:28Z,2026-09-16T17:36:06Z
ercot:HB_BUSAVG,spp_dam,2026-09-17T16:00:00Z,28.06,USD/MWh,PT1H,US-TX,ercot_dam,HB_BUSAVG,ercot:NP4-190-CD,https://www.ercot.com/misdownload/servlets/mirDownload?doclookupId=1275287943,2026-09-25T06:37:28Z,2026-09-16T17:36:06Z
ercot:HB_BUSAVG,spp_dam,2026-09-17T17:00:00Z,33.15,USD/MWh,PT1H,US-TX,ercot_dam,HB_BUSAVG,ercot:NP4-190-CD,https://www.ercot.com/misdownload/servlets/mirDownload?doclookupId=1275287943,2026-09-25T06:37:28Z,2026-09-16T17:36:06Z
ercot:HB_BUSAVG,spp_dam,2026-09-17T18:00:00Z,41.56,USD/MWh,PT1H,US-TX,ercot_dam,HB_BUSAVG,ercot:NP4-190-CD,https://www.ercot.com/misdownload/servlets/mirDownload?doclookupId=1275287943,2026-09-25T06:37:28Z,2026-09-16T17:36:06Z
ercot:HB_BUSAVG,spp_dam,2026-09-17T19:00:00Z,42.29,USD/MWh,PT1H,US-TX,ercot_dam,HB_BUSAVG,ercot:NP4-190-CD,https://www.ercot.com/misdownload/servlets/mirDownload?doclookupId=1275287943,2026-09-25T06:37:28Z,2026-09-16T17:36:06Z
ercot:HB_BUSAVG,spp_dam,2026-09-17T20:00:00Z,46.66,USD/MWh,PT1H,US-TX,ercot_dam,HB_BUSAVG,ercot:NP4-190-CD,https://www.ercot.com/misdownload/servlets/mirDownload?doclookupId=1275287943,2026-09-25T06:37:28Z,2026-09-16T17:36:06Z
ercot:HB_BUSAVG,spp_dam,2026-09-17T21:00:00Z,49.91,USD/MWh,PT1H,US-TX,ercot_dam,HB_BUSAVG,ercot:NP4-190-CD,https://www.ercot.com/misdownload/servlets/mirDownload?doclookupId=1275287943,2026-09-25T06:37:28Z,2026-09-16T17:36:06Z
ercot:HB_BUSAVG,spp_dam,2026-09-17T22:00:00Z,54.71,USD/MWh,PT1H,US-TX,ercot_dam,HB_BUSAVG,ercot:NP4-190-CD,https://www.ercot.com/misdownload/servlets/mirDownload?doclookupId=1275287943,2026-09-25T06:37:28Z,2026-09-16T17:36:06Z
ercot:HB_BUSAVG,spp_dam,2026-09-17T23:00:00Z,69.36,USD/MWh,PT1H,US-TX,ercot_dam,HB_BUSAVG,ercot:NP4-190-CD,https://www.ercot.com/misdownload/servlets/mirDownload?doclookupId=1275287943,2026-09-25T06:37:28Z,2026-09-16T17:36:06Z
ercot:HB_BUSAVG,spp_dam,2026-09-18T00:00:00Z,71.17,USD/MWh,PT1H,US-TX,ercot_dam,HB_BUSAVG,ercot:NP4-190-CD,https://www.ercot.com/misdownload/servlets/mirDownload?doclookupId=1275287943,2026-09-25T06:37:28Z,2026-09-16T17:36:06Z
ercot:HB_BUSAVG,spp_dam,2026-09-18T01:00:00Z,70.15,USD/MWh,PT1H,US-TX,ercot_dam,HB_BUSAVG,ercot:NP4-190-CD,https://www.ercot.com/misdownload/servlets/mirDownload?doclookupId=1275287943,2026-09-25T06:37:28Z,2026-09-16T17:36:06Z
ercot:HB_BUSAVG,spp_dam,2026-09-18T02:00:00Z,56.37,USD/MWh,PT1H,US-TX,ercot_dam,HB_BUSAVG,ercot:NP4-190-CD,https://www.ercot.com/misdownload/servlets/mirDownload?doclookupId=1275287943,2026-09-25T06:37:28Z,2026-09-16T17:36:06Z
ercot:HB_BUSAVG,spp_dam,2026-09-18T03:00:00Z,45.25,USD/MWh,PT1H,US-TX,ercot_dam,HB_BUSAVG,ercot:NP4-190-CD,https://www.ercot.com/misdownload/servlets/mirDownload?doclookupId=1275287943,2026-09-25T06:37:28Z,2026-09-16T17:36:06Z
ercot:HB_BUSAVG,spp_dam,2026-09-18T04:00:00Z,37.08,USD/MWh,PT1H,US-TX,ercot_dam,HB_BUSAVG,ercot:NP4-190-CD,https://www.ercot.com/misdownload/servlets/mirDownload?doclookupId=1275287943,2026-09-25T06:37:28Z,2026-09-16T17:36:06Z
ercot:HB_BUSAVG,spp_dam,2026-09-18T05:00:00Z,34.32,USD/MWh,PT1H,US-TX,ercot_dam,HB_BUSAVG,ercot:NP4-190-CD,https://www.ercot.com/misdownload/servlets/mirDownload?doclookupId=1275678653,2026-09-25T06:37:27Z,2026-09-17T17:33:44Z
ercot:HB_BUSAVG,spp_dam,2026-09-18T06:00:00Z,32.01,USD/MWh,PT1H,US-TX,ercot_dam,HB_BUSAVG,ercot:NP4-190-CD,https://www.ercot.com/misdownload/servlets/mirDownload?doclookupId=1275678653,2026-09-25T06:37:27Z,2026-09-17T17:33:44Z
ercot:HB_BUSAVG,spp_dam,2026-09-18T07:00:00Z,30.74,USD/MWh,PT1H,US-TX,ercot_dam,HB_BUSAVG,ercot:NP4-190-CD,https://www.ercot.com/misdownload/servlets/mirDownload?doclookupId=1275678653,2026-09-25T06:37:27Z,2026-09-17T17:33:44Z
ercot:HB_BUSAVG,spp_dam,2026-09-18T08:00:00Z,29.71,USD/MWh,PT1H,US-TX,ercot_dam,HB_BUSAVG,ercot:NP4-190-CD,https://www.ercot.com/misdownload/servlets/mirDownload?doclookupId=1275678653,2026-09-25T06:37:27Z,2026-09-17T17:33:44Z
ercot:HB_BUSAVG,spp_dam,2026-09-18T09:00:00Z,30.39,USD/MWh,PT1H,US-TX,ercot_dam,HB_BUSAVG,ercot:NP4-190-CD,https://www.ercot.com/misdownload/servlets/mirDownload?doclookupId=1275678653,2026-09-25T06:37:27Z,2026-09-17T17:33:44Z
ercot:HB_BUSAVG,spp_dam,2026-09-18T10:00:00Z,34.22,USD/MWh,PT1H,US-TX,ercot_dam,HB_BUSAVG,ercot:NP4-190-CD,https://www.ercot.com/misdownload/servlets/mirDownload?doclookupId=1275678653,2026-09-25T06:37:27Z,2026-09-17T17:33:44Z
ercot:HB_BUSAVG,spp_dam,2026-09-18T11:00:00Z,40.79,USD/MWh,PT1H,US-TX,ercot_dam,HB_BUSAVG,ercot:NP4-190-CD,https://www.ercot.com/misdownload/servlets/mirDownload?doclookupId=1275678653,2026-09-25T06:37:27Z,2026-09-17T17:33:44Z
ercot:HB_BUSAVG,spp_dam,2026-09-18T12:00:00Z,40.35,USD/MWh,PT1H,US-TX,ercot_dam,HB_BUSAVG,ercot:NP4-190-CD,https://www.ercot.com/misdownload/servlets/mirDownload?doclookupId=1275678653,2026-09-25T06:37:27Z,2026-09-17T17:33:44Z
ercot:HB_BUSAVG,spp_dam,2026-09-18T13:00:00Z,26.78,USD/MWh,PT1H,US-TX,ercot_dam,HB_BUSAVG,ercot:NP4-190-CD,https://www.ercot.com/misdownload/servlets/mirDownload?doclookupId=1275678653,2026-09-25T06:37:27Z,2026-09-17T17:33:44Z
ercot:HB_BUSAVG,spp_dam,2026-09-18T14:00:00Z,23.09,USD/MWh,PT1H,US-TX,ercot_dam,HB_BUSAVG,ercot:NP4-190-CD,https://www.ercot.com/misdownload/servlets/mirDownload?doclookupId=1275678653,2026-09-25T06:37:27Z,2026-09-17T17:33:44Z
ercot:HB_BUSAVG,spp_dam,2026-09-18T15:00:00Z,22.7,USD/MWh,PT1H,US-TX,ercot_dam,HB_BUSAVG,ercot:NP4-190-CD,https://www.ercot.com/misdownload/servlets/mirDownload?doclookupId=1275678653,2026-09-25T06:37:27Z,2026-09-17T17:33:44Z
ercot:HB_BUSAVG,spp_dam,2026-09-18T16:00:00Z,25.37,USD/MWh,PT1H,US-TX,ercot_dam,HB_BUSAVG,ercot:NP4-190-CD,https://www.ercot.com/misdownload/servlets/mirDownload?doclookupId=1275678653,2026-09-25T06:37:27Z,2026-09-17T17:33:44Z
ercot:HB_BUSAVG,spp_dam,2026-09-18T17:00:00Z,28.54,USD/MWh,PT1H,US-TX,ercot_dam,HB_BUSAVG,ercot:NP4-190-CD,https://www.ercot.com/misdownload/servlets/mirDownload?doclookupId=1275678653,2026-09-25T06:37:27Z,2026-09-17T17:33:44Z
ercot:HB_BUSAVG,spp_dam,2026-09-18T18:00:00Z,35.66,USD/MWh,PT1H,US-TX,ercot_dam,HB_BUSAVG,ercot:NP4-190-CD,https://www.ercot.com/misdownload/servlets/mirDownload?doclookupId=1275678653,2026-09-25T06:37:27Z,2026-09-17T17:33:44Z
ercot:HB_BUSAVG,spp_dam,2026-09-18T19:00:00Z,39.83,USD/MWh,PT1H,US-TX,ercot_dam,HB_BUSAVG,ercot:NP4-190-CD,https://www.ercot.com/misdownload/servlets/mirDownload?doclookupId=1275678653,2026-09-25T06:37:27Z,2026-09-17T17:33:44Z
ercot:HB_BUSAVG,spp_dam,2026-09-18T20:00:00Z,41.66,USD/MWh,PT1H,US-TX,ercot_dam,HB_BUSAVG,ercot:NP4-190-CD,https://www.ercot.com/misdownload/servlets/mirDownload?doclookupId=1275678653,2026-09-25T06:37:27Z,2026-09-17T17:33:44Z
ercot:HB_BUSAVG,spp_dam,2026-09-18T21:00:00Z,43.98,USD/MWh,PT1H,US-TX,ercot_dam,HB_BUSAVG,ercot:NP4-190-CD,https://www.ercot.com/misdownload/servlets/mirDownload?doclookupId=1275678653,2026-09-25T06:37:27Z,2026-09-17T17:33:44Z
ercot:HB_BUSAVG,spp_dam,2026-09-18T22:00:00Z,50.77,USD/MWh,PT1H,US-TX,ercot_dam,HB_BUSAVG,ercot:NP4-190-CD,https://www.ercot.com/misdownload/servlets/mirDownload?doclookupId=1275678653,2026-09-25T06:37:27Z,2026-09-17T17:33:44Z
ercot:HB_BUSAVG,spp_dam,2026-09-18T23:00:00Z,88.73,USD/MWh,PT1H,US-TX,ercot_dam,HB_BUSAVG,ercot:NP4-190-CD,https://www.ercot.com/misdownload/servlets/mirDownload?doclookupId=1275678653,2026-09-25T06:37:27Z,2026-09-17T17:33:44Z
ercot:HB_BUSAVG,spp_dam,2026-09-19T00:00:00Z,93.93,USD/MWh,PT1H,US-TX,ercot_dam,HB_BUSAVG,ercot:NP4-190-CD,https://www.ercot.com/misdownload/servlets/mirDownload?doclookupId=1275678653,2026-09-25T06:37:27Z,2026-09-17T17:33:44Z
ercot:HB_BUSAVG,spp_dam,2026-09-19T01:00:00Z,77.43,USD/MWh,PT1H,US-TX,ercot_dam,HB_BUSAVG,ercot:NP4-190-CD,https://www.ercot.com/misdownload/servlets/mirDownload?doclookupId=1275678653,2026-09-25T06:37:27Z,2026-09-17T17:33:44Z
ercot:HB_BUSAVG,spp_dam,2026-09-19T02:00:00Z,56.16,USD/MWh,PT1H,US-TX,ercot_dam,HB_BUSAVG,ercot:NP4-190-CD,https://www.ercot.com/misdownload/servlets/mirDownload?doclookupId=1275678653,2026-09-25T06:37:27Z,2026-09-17T17:33:44Z
ercot:HB_BUSAVG,spp_dam,2026-09-19T03:00:00Z,41.15,USD/MWh,PT1H,US-TX,ercot_dam,HB_BUSAVG,ercot:NP4-190-CD,https://www.ercot.com/misdownload/servlets/mirDownload?doclookupId=1275678653,2026-09-25T06:37:27Z,2026-09-17T17:33:44Z
ercot:HB_BUSAVG,spp_dam,2026-09-19T04:00:00Z,32.15,USD/MWh,PT1H,US-TX,ercot_dam,HB_BUSAVG,ercot:NP4-190-CD,https://www.ercot.com/misdownload/servlets/mirDownload?doclookupId=1275678653,2026-09-25T06:37:27Z,2026-09-17T17:33:44Z
ercot:HB_BUSAVG,spp_dam,2026-09-19T05:00:00Z,34.18,USD/MWh,PT1H,US-TX,ercot_dam,HB_BUSAVG,ercot:NP4-190-CD,https://www.ercot.com/misdownload/servlets/mirDownload?doclookupId=1276076285,2026-09-25T06:37:26Z,2026-09-18T17:32:52Z
ercot:HB_BUSAVG,spp_dam,2026-09-19T06:00:00Z,28.78,USD/MWh,PT1H,US-TX,ercot_dam,HB_BUSAVG,ercot:NP4-190-CD,https://www.ercot.com/misdownload/servlets/mirDownload?doclookupId=1276076285,2026-09-25T06:37:26Z,2026-09-18T17:32:52Z
ercot:HB_BUSAVG,spp_dam,2026-09-19T07:00:00Z,26.8,USD/MWh,PT1H,US-TX,ercot_dam,HB_BUSAVG,ercot:NP4-190-CD,https://www.ercot.com/misdownload/servlets/mirDownload?doclookupId=1276076285,2026-09-25T06:37:26Z,2026-09-18T17:32:52Z
ercot:HB_BUSAVG,spp_dam,2026-09-19T08:00:00Z,26.14,USD/MWh,PT1H,US-TX,ercot_dam,HB_BUSAVG,ercot:NP4-190-CD,https://www.ercot.com/misdownload/servlets/mirDownload?doclookupId=1276076285,2026-09-25T06:37:26Z,2026-09-18T17:32:52Z
ercot:HB_BUSAVG,spp_dam,2026-09-19T09:00:00Z,26.42,USD/MWh,PT1H,US-TX,ercot_dam,HB_BUSAVG,ercot:NP4-190-CD,https://www.ercot.com/misdownload/servlets/mirDownload?doclookupId=1276076285,2026-09-25T06:37:26Z,2026-09-18T17:32:52Z
ercot:HB_BUSAVG,spp_dam,2026-09-19T10:00:00Z,28.76,USD/MWh,PT1H,US-TX,ercot_dam,HB_BUSAVG,ercot:NP4-190-CD,https://www.ercot.com/misdownload/servlets/mirDownload?doclookupId=1276076285,2026-09-25T06:37:26Z,2026-09-18T17:32:52Z
ercot:HB_BUSAVG,spp_dam,2026-09-19T11:00:00Z,30.58,USD/MWh,PT1H,US-TX,ercot_dam,HB_BUSAVG,ercot:NP4-190-CD,https://www.ercot.com/misdownload/servlets/mirDownload?doclookupId=1276076285,2026-09-25T06:37:26Z,2026-09-18T17:32:52Z
ercot:HB_BUSAVG,spp_dam,2026-09-19T12:00:00Z,30.11,USD/MWh,PT1H,US-TX,ercot_dam,HB_BUSAVG,ercot:NP4-190-CD,https://www.ercot.com/misdownload/servlets/mirDownload?doclookupId=1276076285,2026-09-25T06:37:26Z,2026-09-18T17:32:52Z
ercot:HB_BUSAVG,spp_dam,2026-09-19T13:00:00Z,22.95,USD/MWh,PT1H,US-TX,ercot_dam,HB_BUSAVG,ercot:NP4-190-CD,https://www.ercot.com/misdownload/servlets/mirDownload?doclookupId=1276076285,2026-09-25T06:37:26Z,2026-09-18T17:32:52Z
ercot:HB_BUSAVG,spp_dam,2026-09-19T14:00:00Z,19.79,USD/MWh,PT1H,US-TX,ercot_dam,HB_BUSAVG,ercot:NP4-190-CD,https://www.ercot.com/misdownload/servlets/mirDownload?doclookupId=1276076285,2026-09-25T06:37:26Z,2026-09-18T17:32:52Z
ercot:HB_BUSAVG,spp_dam,2026-09-19T15:00:00Z,20.72,USD/MWh,PT1H,US-TX,ercot_dam,HB_BUSAVG,ercot:NP4-190-CD,https://www.ercot.com/misdownload/servlets/mirDownload?doclookupId=1276076285,2026-09-25T06:37:26Z,2026-09-18T17:32:52Z
ercot:HB_BUSAVG,spp_dam,2026-09-19T16:00:00Z,24.06,USD/MWh,PT1H,US-TX,ercot_dam,HB_BUSAVG,ercot:NP4-190-CD,https://www.ercot.com/misdownload/servlets/mirDownload?doclookupId=1276076285,2026-09-25T06:37:26Z,2026-09-18T17:32:52Z
ercot:HB_BUSAVG,spp_dam,2026-09-19T17:00:00Z,29.24,USD/MWh,PT1H,US-TX,ercot_dam,HB_BUSAVG,ercot:NP4-190-CD,https://www.ercot.com/misdownload/servlets/mirDownload?doclookupId=1276076285,2026-09-25T06:37:26Z,2026-09-18T17:32:52Z
ercot:HB_BUSAVG,spp_dam,2026-09-19T18:00:00Z,35.97,USD/MWh,PT1H,US-TX,ercot_dam,HB_BUSAVG,ercot:NP4-190-CD,https://www.ercot.com/misdownload/servlets/mirDownload?doclookupId=1276076285,2026-09-25T06:37:26Z,2026-09-18T17:32:52Z
ercot:HB_BUSAVG,spp_dam,2026-09-19T19:00:00Z,40.16,USD/MWh,PT1H,US-TX,ercot_dam,HB_BUSAVG,ercot:NP4-190-CD,https://www.ercot.com/misdownload/servlets/mirDownload?doclookupId=1276076285,2026-09-25T06:37:26Z,2026-09-18T17:32:52Z
ercot:HB_BUSAVG,spp_dam,2026-09-19T20:00:00Z,45.97,USD/MWh,PT1H,US-TX,ercot_dam,HB_BUSAVG,ercot:NP4-190-CD,https://www.ercot.com/misdownload/servlets/mirDownload?doclookupId=1276076285,2026-09-25T06:37:26Z,2026-09-18T17:32:52Z
ercot:HB_BUSAVG,spp_dam,2026-09-19T21:00:00Z,50.88,USD/MWh,PT1H,US-TX,ercot_dam,HB_BUSAVG,ercot:NP4-190-CD,https://www.ercot.com/misdownload/servlets/mirDownload?doclookupId=1276076285,2026-09-25T06:37:26Z,2026-09-18T17:32:52Z
ercot:HB_BUSAVG,spp_dam,2026-09-19T22:00:00Z,67.52,USD/MWh,PT1H,US-TX,ercot_dam,HB_BUSAVG,ercot:NP4-190-CD,https://www.ercot.com/misdownload/servlets/mirDownload?doclookupId=1276076285,2026-09-25T06:37:26Z,2026-09-18T17:32:52Z
ercot:HB_BUSAVG,spp_dam,2026-09-19T23:00:00Z,101.3,USD/MWh,PT1H,US-TX,ercot_dam,HB_BUSAVG,ercot:NP4-190-CD,https://www.ercot.com/misdownload/servlets/mirDownload?doclookupId=1276076285,2026-09-25T06:37:26Z,2026-09-18T17:32:52Z
ercot:HB_BUSAVG,spp_dam,2026-09-20T00:00:00Z,102.9,USD/MWh,PT1H,US-TX,ercot_dam,HB_BUSAVG,ercot:NP4-190-CD,https://www.ercot.com/misdownload/servlets/mirDownload?doclookupId=1276076285,2026-09-25T06:37:26Z,2026-09-18T17:32:52Z
ercot:HB_BUSAVG,spp_dam,2026-09-20T01:00:00Z,72.36,USD/MWh,PT1H,US-TX,ercot_dam,HB_BUSAVG,ercot:NP4-190-CD,https://www.ercot.com/misdownload/servlets/mirDownload?doclookupId=1276076285,2026-09-25T06:37:26Z,2026-09-18T17:32:52Z
ercot:HB_BUSAVG,spp_dam,2026-09-20T02:00:00Z,58.0,USD/MWh,PT1H,US-TX,ercot_dam,HB_BUSAVG,ercot:NP4-190-CD,https://www.ercot.com/misdownload/servlets/mirDownload?doclookupId=1276076285,2026-09-25T06:37:26Z,2026-09-18T17:32:52Z
ercot:HB_BUSAVG,spp_dam,2026-09-20T03:00:00Z,42.29,USD/MWh,PT1H,US-TX,ercot_dam,HB_BUSAVG,ercot:NP4-190-CD,https://www.ercot.com/misdownload/servlets/mirDownload?doclookupId=1276076285,2026-09-25T06:37:26Z,2026-09-18T17:32:52Z
ercot:HB_BUSAVG,spp_dam,2026-09-20T04:00:00Z,35.26,USD/MWh,PT1H,US-TX,ercot_dam,HB_BUSAVG,ercot:NP4-190-CD,https://www.ercot.com/misdownload/servlets/mirDownload?doclookupId=1276076285,2026-09-25T06:37:26Z,2026-09-18T17:32:52Z
ercot:HB_BUSAVG,spp_dam,2026-09-20T05:00:00Z,35.14,USD/MWh,PT1H,US-TX,ercot_dam,HB_BUSAVG,ercot:NP4-190-CD,https://www.ercot.com/misdownload/servlets/mirDownload?doclookupId=1276470243,2026-09-25T06:37:25Z,2026-09-19T17:35:07Z
ercot:HB_BUSAVG,spp_dam,2026-09-20T06:00:00Z,31.82,USD/MWh,PT1H,US-TX,ercot_dam,HB_BUSAVG,ercot:NP4-190-CD,https://www.ercot.com/misdownload/servlets/mirDownload?doclookupId=1276470243,2026-09-25T06:37:25Z,2026-09-19T17:35:07Z
ercot:HB_BUSAVG,spp_dam,2026-09-20T07:00:00Z,30.95,USD/MWh,PT1H,US-TX,ercot_dam,HB_BUSAVG,ercot:NP4-190-CD,https://www.ercot.com/misdownload/servlets/mirDownload?doclookupId=1276470243,2026-09-25T06:37:25Z,2026-09-19T17:35:07Z
ercot:HB_BUSAVG,spp_dam,2026-09-20T08:00:00Z,30.4,USD/MWh,PT1H,US-TX,ercot_dam,HB_BUSAVG,ercot:NP4-190-CD,https://www.ercot.com/misdownload/servlets/mirDownload?doclookupId=1276470243,2026-09-25T06:37:25Z,2026-09-19T17:35:07Z
ercot:HB_BUSAVG,spp_dam,2026-09-20T09:00:00Z,29.25,USD/MWh,PT1H,US-TX,ercot_dam,HB_BUSAVG,ercot:NP4-190-CD,https://www.ercot.com/misdownload/servlets/mirDownload?doclookupId=1276470243,2026-09-25T06:37:25Z,2026-09-19T17:35:07Z
ercot:HB_BUSAVG,spp_dam,2026-09-20T10:00:00Z,29.07,USD/MWh,PT1H,US-TX,ercot_dam,HB_BUSAVG,ercot:NP4-190-CD,https://www.ercot.com/misdownload/servlets/mirDownload?doclookupId=1276470243,2026-09-25T06:37:25Z,2026-09-19T17:35:07Z
ercot:HB_BUSAVG,spp_dam,2026-09-20T11:00:00Z,30.04,USD/MWh,PT1H,US-TX,ercot_dam,HB_BUSAVG,ercot:NP4-190-CD,https://www.ercot.com/misdownload/servlets/mirDownload?doclookupId=1276470243,2026-09-25T06:37:25Z,2026-09-19T17:35:07Z
ercot:HB_BUSAVG,spp_dam,2026-09-20T12:00:00Z,29.72,USD/MWh,PT1H,US-TX,ercot_dam,HB_BUSAVG,ercot:NP4-190-CD,https://www.ercot.com/misdownload/servlets/mirDownload?doclookupId=1276470243,2026-09-25T06:37:25Z,2026-09-19T17:35:07Z
ercot:HB_BUSAVG,spp_dam,2026-09-20T13:00:00Z,24.64,USD/MWh,PT1H,US-TX,ercot_dam,HB_BUSAVG,ercot:NP4-190-CD,https://www.ercot.com/misdownload/servlets/mirDownload?doclookupId=1276470243,2026-09-25T06:37:25Z,2026-09-19T17:35:07Z
ercot:HB_BUSAVG,spp_dam,2026-09-20T14:00:00Z,23.05,USD/MWh,PT1H,US-TX,ercot_dam,HB_BUSAVG,ercot:NP4-190-CD,https://www.ercot.com/misdownload/servlets/mirDownload?doclookupId=1276470243,2026-09-25T06:37:25Z,2026-09-19T17:35:07Z
ercot:HB_BUSAVG,spp_dam,2026-09-20T15:00:00Z,24.11,USD/MWh,PT1H,US-TX,ercot_dam,HB_BUSAVG,ercot:NP4-190-CD,https://www.ercot.com/misdownload/servlets/mirDownload?doclookupId=1276470243,2026-09-25T06:37:25Z,2026-09-19T17:35:07Z
ercot:HB_BUSAVG,spp_dam,2026-09-20T16:00:00Z,26.73,USD/MWh,PT1H,US-TX,ercot_dam,HB_BUSAVG,ercot:NP4-190-CD,https://www.ercot.com/misdownload/servlets/mirDownload?doclookupId=1276470243,2026-09-25T06:37:25Z,2026-09-19T17:35:07Z
ercot:HB_BUSAVG,spp_dam,2026-09-20T17:00:00Z,32.83,USD/MWh,PT1H,US-TX,ercot_dam,HB_BUSAVG,ercot:NP4-190-CD,https://www.ercot.com/misdownload/servlets/mirDownload?doclookupId=1276470243,2026-09-25T06:37:25Z,2026-09-19T17:35:07Z
ercot:HB_BUSAVG,spp_dam,2026-09-20T18:00:00Z,41.88,USD/MWh,PT1H,US-TX,ercot_dam,HB_BUSAVG,ercot:NP4-190-CD,https://www.ercot.com/misdownload/servlets/mirDownload?doclookupId=1276470243,2026-09-25T06:37:25Z,2026-09-19T17:35:07Z
ercot:HB_BUSAVG,spp_dam,2026-09-20T19:00:00Z,47.31,USD/MWh,PT1H,US-TX,ercot_dam,HB_BUSAVG,ercot:NP4-190-CD,https://www.ercot.com/misdownload/servlets/mirDownload?doclookupId=1276470243,2026-09-25T06:37:25Z,2026-09-19T17:35:07Z
ercot:HB_BUSAVG,spp_dam,2026-09-20T20:00:00Z,56.81,USD/MWh,PT1H,US-TX,ercot_dam,HB_BUSAVG,ercot:NP4-190-CD,https://www.ercot.com/misdownload/servlets/mirDownload?doclookupId=1276470243,2026-09-25T06:37:25Z,2026-09-19T17:35:07Z
ercot:HB_BUSAVG,spp_dam,2026-09-20T21:00:00Z,60.03,USD/MWh,PT1H,US-TX,ercot_dam,HB_BUSAVG,ercot:NP4-190-CD,https://www.ercot.com/misdownload/servlets/mirDownload?doclookupId=1276470243,2026-09-25T06:37:25Z,2026-09-19T17:35:07Z
ercot:HB_BUSAVG,spp_dam,2026-09-20T22:00:00Z,78.09,USD/MWh,PT1H,US-TX,ercot_dam,HB_BUSAVG,ercot:NP4-190-CD,https://www.ercot.com/misdownload/servlets/mirDownload?doclookupId=1276470243,2026-09-25T06:37:25Z,2026-09-19T17:35:07Z
ercot:HB_BUSAVG,spp_dam,2026-09-20T23:00:00Z,112.56,USD/MWh,PT1H,US-TX,ercot_dam,HB_BUSAVG,ercot:NP4-190-CD,https://www.ercot.com/misdownload/servlets/mirDownload?doclookupId=1276470243,2026-09-25T06:37:25Z,2026-09-19T17:35:07Z
ercot:HB_BUSAVG,spp_dam,2026-09-21T00:00:00Z,118.21,USD/MWh,PT1H,US-TX,ercot_dam,HB_BUSAVG,ercot:NP4-190-CD,https://www.ercot.com/misdownload/servlets/mirDownload?doclookupId=1276470243,2026-09-25T06:37:25Z,2026-09-19T17:35:07Z
ercot:HB_BUSAVG,spp_dam,2026-09-21T01:00:00Z,101.72,USD/MWh,PT1H,US-TX,ercot_dam,HB_BUSAVG,ercot:NP4-190-CD,https://www.ercot.com/misdownload/servlets/mirDownload?doclookupId=1276470243,2026-09-25T06:37:25Z,2026-09-19T17:35:07Z
ercot:HB_BUSAVG,spp_dam,2026-09-21T02:00:00Z,96.39,USD/MWh,PT1H,US-TX,ercot_dam,HB_BUSAVG,ercot:NP4-190-CD,https://www.ercot.com/misdownload/servlets/mirDownload?doclookupId=1276470243,2026-09-25T06:37:25Z,2026-09-19T17:35:07Z
ercot:HB_BUSAVG,spp_dam,2026-09-21T03:00:00Z,73.22,USD/MWh,PT1H,US-TX,ercot_dam,HB_BUSAVG,ercot:NP4-190-CD,https://www.ercot.com/misdownload/servlets/mirDownload?doclookupId=1276470243,2026-09-25T06:37:25Z,2026-09-19T17:35:07Z
ercot:HB_BUSAVG,spp_dam,2026-09-21T04:00:00Z,45.67,USD/MWh,PT1H,US-TX,ercot_dam,HB_BUSAVG,ercot:NP4-190-CD,https://www.ercot.com/misdownload/servlets/mirDownload?doclookupId=1276470243,2026-09-25T06:37:25Z,2026-09-19T17:35:07Z
ercot:HB_BUSAVG,spp_dam,2026-09-21T05:00:00Z,40.79,USD/MWh,PT1H,US-TX,ercot_dam,HB_BUSAVG,ercot:NP4-190-CD,https://www.ercot.com/misdownload/servlets/mirDownload?doclookupId=1276864315,2026-09-25T06:37:24Z,2026-09-20T18:00:57Z
ercot:HB_BUSAVG,spp_dam,2026-09-21T06:00:00Z,39.09,USD/MWh,PT1H,US-TX,ercot_dam,HB_BUSAVG,ercot:NP4-190-CD,https://www.ercot.com/misdownload/servlets/mirDownload?doclookupId=1276864315,2026-09-25T06:37:24Z,2026-09-20T18:00:57Z
ercot:HB_BUSAVG,spp_dam,2026-09-21T07:00:00Z,40.27,USD/MWh,PT1H,US-TX,ercot_dam,HB_BUSAVG,ercot:NP4-190-CD,https://www.ercot.com/misdownload/servlets/mirDownload?doclookupId=1276864315,2026-09-25T06:37:24Z,2026-09-20T18:00:57Z
ercot:HB_BUSAVG,spp_dam,2026-09-21T08:00:00Z,41.07,USD/MWh,PT1H,US-TX,ercot_dam,HB_BUSAVG,ercot:NP4-190-CD,https://www.ercot.com/misdownload/servlets/mirDownload?doclookupId=1276864315,2026-09-25T06:37:24Z,2026-09-20T18:00:57Z
ercot:HB_BUSAVG,spp_dam,2026-09-21T09:00:00Z,41.96,USD/MWh,PT1H,US-TX,ercot_dam,HB_BUSAVG,ercot:NP4-190-CD,https://www.ercot.com/misdownload/servlets/mirDownload?doclookupId=1276864315,2026-09-25T06:37:24Z,2026-09-20T18:00:57Z
ercot:HB_BUSAVG,spp_dam,2026-09-21T10:00:00Z,49.73,USD/MWh,PT1H,US-TX,ercot_dam,HB_BUSAVG,ercot:NP4-190-CD,https://www.ercot.com/misdownload/servlets/mirDownload?doclookupId=1276864315,2026-09-25T06:37:24Z,2026-09-20T18:00:57Z
ercot:HB_BUSAVG,spp_dam,2026-09-21T11:00:00Z,57.54,USD/MWh,PT1H,US-TX,ercot_dam,HB_BUSAVG,ercot:NP4-190-CD,https://www.ercot.com/misdownload/servlets/mirDownload?doclookupId=1276864315,2026-09-25T06:37:24Z,2026-09-20T18:00:57Z
ercot:HB_BUSAVG,spp_dam,2026-09-21T12:00:00Z,49.59,USD/MWh,PT1H,US-TX,ercot_dam,HB_BUSAVG,ercot:NP4-190-CD,https://www.ercot.com/misdownload/servlets/mirDownload?doclookupId=1276864315,2026-09-25T06:37:24Z,2026-09-20T18:00:57Z
ercot:HB_BUSAVG,spp_dam,2026-09-21T13:00:00Z,36.65,USD/MWh,PT1H,US-TX,ercot_dam,HB_BUSAVG,ercot:NP4-190-CD,https://www.ercot.com/misdownload/servlets/mirDownload?doclookupId=1276864315,2026-09-25T06:37:24Z,2026-09-20T18:00:57Z
ercot:HB_BUSAVG,spp_dam,2026-09-21T14:00:00Z,29.4,USD/MWh,PT1H,US-TX,ercot_dam,HB_BUSAVG,ercot:NP4-190-CD,https://www.ercot.com/misdownload/servlets/mirDownload?doclookupId=1276864315,2026-09-25T06:37:24Z,2026-09-20T18:00:57Z
ercot:HB_BUSAVG,spp_dam,2026-09-21T15:00:00Z,28.18,USD/MWh,PT1H,US-TX,ercot_dam,HB_BUSAVG,ercot:NP4-190-CD,https://www.ercot.com/misdownload/servlets/mirDownload?doclookupId=1276864315,2026-09-25T06:37:24Z,2026-09-20T18:00:57Z
ercot:HB_BUSAVG,spp_dam,2026-09-21T16:00:00Z,30.56,USD/MWh,PT1H,US-TX,ercot_dam,HB_BUSAVG,ercot:NP4-190-CD,https://www.ercot.com/misdownload/servlets/mirDownload?doclookupId=1276864315,2026-09-25T06:37:24Z,2026-09-20T18:00:57Z
ercot:HB_BUSAVG,spp_dam,2026-09-21T17:00:00Z,34.42,USD/MWh,PT1H,US-TX,ercot_dam,HB_BUSAVG,ercot:NP4-190-CD,https://www.ercot.com/misdownload/servlets/mirDownload?doclookupId=1276864315,2026-09-25T06:37:24Z,2026-09-20T18:00:57Z
ercot:HB_BUSAVG,spp_dam,2026-09-21T18:00:00Z,43.87,USD/MWh,PT1H,US-TX,ercot_dam,HB_BUSAVG,ercot:NP4-190-CD,https://www.ercot.com/misdownload/servlets/mirDownload?doclookupId=1276864315,2026-09-25T06:37:24Z,2026-09-20T18:00:57Z
ercot:HB_BUSAVG,spp_dam,2026-09-21T19:00:00Z,45.22,USD/MWh,PT1H,US-TX,ercot_dam,HB_BUSAVG,ercot:NP4-190-CD,https://www.ercot.com/misdownload/servlets/mirDownload?doclookupId=1276864315,2026-09-25T06:37:24Z,2026-09-20T18:00:57Z
ercot:HB_BUSAVG,spp_dam,2026-09-21T20:00:00Z,53.59,USD/MWh,PT1H,US-TX,ercot_dam,HB_BUSAVG,ercot:NP4-190-CD,https://www.ercot.com/misdownload/servlets/mirDownload?doclookupId=1276864315,2026-09-25T06:37:24Z,2026-09-20T18:00:57Z
ercot:HB_BUSAVG,spp_dam,2026-09-21T21:00:00Z,61.78,USD/MWh,PT1H,US-TX,ercot_dam,HB_BUSAVG,ercot:NP4-190-CD,https://www.ercot.com/misdownload/servlets/mirDownload?doclookupId=1276864315,2026-09-25T06:37:24Z,2026-09-20T18:00:57Z
ercot:HB_BUSAVG,spp_dam,2026-09-21T22:00:00Z,64.81,USD/MWh,PT1H,US-TX,ercot_dam,HB_BUSAVG,ercot:NP4-190-CD,https://www.ercot.com/misdownload/servlets/mirDownload?doclookupId=1276864315,2026-09-25T06:37:24Z,2026-09-20T18:00:57Z
ercot:HB_BUSAVG,spp_dam,2026-09-21T23:00:00Z,97.85,USD/MWh,PT1H,US-TX,ercot_dam,HB_BUSAVG,ercot:NP4-190-CD,https://www.ercot.com/misdownload/servlets/mirDownload?doclookupId=1276864315,2026-09-25T06:37:24Z,2026-09-20T18:00:57Z
ercot:HB_BUSAVG,spp_dam,2026-09-22T00:00:00Z,113.76,USD/MWh,PT1H,US-TX,ercot_dam,HB_BUSAVG,ercot:NP4-190-CD,https://www.ercot.com/misdownload/servlets/mirDownload?doclookupId=1276864315,2026-09-25T06:37:24Z,2026-09-20T18:00:57Z
ercot:HB_BUSAVG,spp_dam,2026-09-22T01:00:00Z,109.64,USD/MWh,PT1H,US-TX,ercot_dam,HB_BUSAVG,ercot:NP4-190-CD,https://www.ercot.com/misdownload/servlets/mirDownload?doclookupId=1276864315,2026-09-25T06:37:24Z,2026-09-20T18:00:57Z
ercot:HB_BUSAVG,spp_dam,2026-09-22T02:00:00Z,106.48,USD/MWh,PT1H,US-TX,ercot_dam,HB_BUSAVG,ercot:NP4-190-CD,https://www.ercot.com/misdownload/servlets/mirDownload?doclookupId=1276864315,2026-09-25T06:37:24Z,2026-09-20T18:00:57Z
ercot:HB_BUSAVG,spp_dam,2026-09-22T03:00:00Z,90.23,USD/MWh,PT1H,US-TX,ercot_dam,HB_BUSAVG,ercot:NP4-190-CD,https://www.ercot.com/misdownload/servlets/mirDownload?doclookupId=1276864315,2026-09-25T06:37:24Z,2026-09-20T18:00:57Z
ercot:HB_BUSAVG,spp_dam,2026-09-22T04:00:00Z,62.4,USD/MWh,PT1H,US-TX,ercot_dam,HB_BUSAVG,ercot:NP4-190-CD,https://www.ercot.com/misdownload/servlets/mirDownload?doclookupId=1276864315,2026-09-25T06:37:24Z,2026-09-20T18:00:57Z
ercot:HB_BUSAVG,spp_dam,2026-09-22T05:00:00Z,40.39,USD/MWh,PT1H,US-TX,ercot_dam,HB_BUSAVG,ercot:NP4-190-CD,https://www.ercot.com/misdownload/servlets/mirDownload?doclookupId=1277258060,2026-09-25T19:48:54Z,2026-09-21T17:32:44Z
ercot:HB_BUSAVG,spp_dam,2026-09-22T06:00:00Z,37.18,USD/MWh,PT1H,US-TX,ercot_dam,HB_BUSAVG,ercot:NP4-190-CD,https://www.ercot.com/misdownload/servlets/mirDownload?doclookupId=1277258060,2026-09-25T19:48:54Z,2026-09-21T17:32:44Z
ercot:HB_BUSAVG,spp_dam,2026-09-22T07:00:00Z,36.25,USD/MWh,PT1H,US-TX,ercot_dam,HB_BUSAVG,ercot:NP4-190-CD,https://www.ercot.com/misdownload/servlets/mirDownload?doclookupId=1277258060,2026-09-25T19:48:54Z,2026-09-21T17:32:44Z
ercot:HB_BUSAVG,spp_dam,2026-09-22T08:00:00Z,35.84,USD/MWh,PT1H,US-TX,ercot_dam,HB_BUSAVG,ercot:NP4-190-CD,https://www.ercot.com/misdownload/servlets/mirDownload?doclookupId=1277258060,2026-09-25T19:48:54Z,2026-09-21T17:32:44Z
ercot:HB_BUSAVG,spp_dam,2026-09-22T09:00:00Z,35.51,USD/MWh,PT1H,US-TX,ercot_dam,HB_BUSAVG,ercot:NP4-190-CD,https://www.ercot.com/misdownload/servlets/mirDownload?doclookupId=1277258060,2026-09-25T19:48:54Z,2026-09-21T17:32:44Z
ercot:HB_BUSAVG,spp_dam,2026-09-22T10:00:00Z,39.24,USD/MWh,PT1H,US-TX,ercot_dam,HB_BUSAVG,ercot:NP4-190-CD,https://www.ercot.com/misdownload/servlets/mirDownload?doclookupId=1277258060,2026-09-25T19:48:54Z,2026-09-21T17:32:44Z
ercot:HB_BUSAVG,spp_dam,2026-09-22T11:00:00Z,42.59,USD/MWh,PT1H,US-TX,ercot_dam,HB_BUSAVG,ercot:NP4-190-CD,https://www.ercot.com/misdownload/servlets/mirDownload?doclookupId=1277258060,2026-09-25T19:48:54Z,2026-09-21T17:32:44Z
ercot:HB_BUSAVG,spp_dam,2026-09-22T12:00:00Z,41.46,USD/MWh,PT1H,US-TX,ercot_dam,HB_BUSAVG,ercot:NP4-190-CD,https://www.ercot.com/misdownload/servlets/mirDownload?doclookupId=1277258060,2026-09-25T19:48:54Z,2026-09-21T17:32:44Z
ercot:HB_BUSAVG,spp_dam,2026-09-22T13:00:00Z,27.94,USD/MWh,PT1H,US-TX,ercot_dam,HB_BUSAVG,ercot:NP4-190-CD,https://www.ercot.com/misdownload/servlets/mirDownload?doclookupId=1277258060,2026-09-25T19:48:54Z,2026-09-21T17:32:44Z
ercot:HB_BUSAVG,spp_dam,2026-09-22T14:00:00Z,24.9,USD/MWh,PT1H,US-TX,ercot_dam,HB_BUSAVG,ercot:NP4-190-CD,https://www.ercot.com/misdownload/servlets/mirDownload?doclookupId=1277258060,2026-09-25T19:48:54Z,2026-09-21T17:32:44Z
ercot:HB_BUSAVG,spp_dam,2026-09-22T15:00:00Z,26.06,USD/MWh,PT1H,US-TX,ercot_dam,HB_BUSAVG,ercot:NP4-190-CD,https://www.ercot.com/misdownload/servlets/mirDownload?doclookupId=1277258060,2026-09-25T19:48:54Z,2026-09-21T17:32:44Z
ercot:HB_BUSAVG,spp_dam,2026-09-22T16:00:00Z,28.36,USD/MWh,PT1H,US-TX,ercot_dam,HB_BUSAVG,ercot:NP4-190-CD,https://www.ercot.com/misdownload/servlets/mirDownload?doclookupId=1277258060,2026-09-25T19:48:54Z,2026-09-21T17:32:44Z
ercot:HB_BUSAVG,spp_dam,2026-09-22T17:00:00Z,31.94,USD/MWh,PT1H,US-TX,ercot_dam,HB_BUSAVG,ercot:NP4-190-CD,https://www.ercot.com/misdownload/servlets/mirDownload?doclookupId=1277258060,2026-09-25T19:48:54Z,2026-09-21T17:32:44Z
ercot:HB_BUSAVG,spp_dam,2026-09-22T18:00:00Z,37.85,USD/MWh,PT1H,US-TX,ercot_dam,HB_BUSAVG,ercot:NP4-190-CD,https://www.ercot.com/misdownload/servlets/mirDownload?doclookupId=1277258060,2026-09-25T19:48:54Z,2026-09-21T17:32:44Z
ercot:HB_BUSAVG,spp_dam,2026-09-22T19:00:00Z,40.59,USD/MWh,PT1H,US-TX,ercot_dam,HB_BUSAVG,ercot:NP4-190-CD,https://www.ercot.com/misdownload/servlets/mirDownload?doclookupId=1277258060,2026-09-25T19:48:54Z,2026-09-21T17:32:44Z
ercot:HB_BUSAVG,spp_dam,2026-09-22T20:00:00Z,44.41,USD/MWh,PT1H,US-TX,ercot_dam,HB_BUSAVG,ercot:NP4-190-CD,https://www.ercot.com/misdownload/servlets/mirDownload?doclookupId=1277258060,2026-09-25T19:48:54Z,2026-09-21T17:32:44Z
ercot:HB_BUSAVG,spp_dam,2026-09-22T21:00:00Z,50.28,USD/MWh,PT1H,US-TX,ercot_dam,HB_BUSAVG,ercot:NP4-190-CD,https://www.ercot.com/misdownload/servlets/mirDownload?doclookupId=1277258060,2026-09-25T19:48:54Z,2026-09-21T17:32:44Z
ercot:HB_BUSAVG,spp_dam,2026-09-22T22:00:00Z,62.45,USD/MWh,PT1H,US-TX,ercot_dam,HB_BUSAVG,ercot:NP4-190-CD,https://www.ercot.com/misdownload/servlets/mirDownload?doclookupId=1277258060,2026-09-25T19:48:54Z,2026-09-21T17:32:44Z
ercot:HB_BUSAVG,spp_dam,2026-09-22T23:00:00Z,96.88,USD/MWh,PT1H,US-TX,ercot_dam,HB_BUSAVG,ercot:NP4-190-CD,https://www.ercot.com/misdownload/servlets/mirDownload?doclookupId=1277258060,2026-09-25T19:48:54Z,2026-09-21T17:32:44Z
ercot:HB_BUSAVG,spp_dam,2026-09-23T00:00:00Z,97.01,USD/MWh,PT1H,US-TX,ercot_dam,HB_BUSAVG,ercot:NP4-190-CD,https://www.ercot.com/misdownload/servlets/mirDownload?doclookupId=1277258060,2026-09-25T19:48:54Z,2026-09-21T17:32:44Z
ercot:HB_BUSAVG,spp_dam,2026-09-23T01:00:00Z,92.73,USD/MWh,PT1H,US-TX,ercot_dam,HB_BUSAVG,ercot:NP4-190-CD,https://www.ercot.com/misdownload/servlets/mirDownload?doclookupId=1277258060,2026-09-25T19:48:54Z,2026-09-21T17:32:44Z
ercot:HB_BUSAVG,spp_dam,2026-09-23T02:00:00Z,80.64,USD/MWh,PT1H,US-TX,ercot_dam,HB_BUSAVG,ercot:NP4-190-CD,https://www.ercot.com/misdownload/servlets/mirDownload?doclookupId=1277258060,2026-09-25T19:48:54Z,2026-09-21T17:32:44Z
ercot:HB_BUSAVG,spp_dam,2026-09-23T03:00:00Z,59.68,USD/MWh,PT1H,US-TX,ercot_dam,HB_BUSAVG,ercot:NP4-190-CD,https://www.ercot.com/misdownload/servlets/mirDownload?doclookupId=1277258060,2026-09-25T19:48:54Z,2026-09-21T17:32:44Z
ercot:HB_BUSAVG,spp_dam,2026-09-23T04:00:00Z,43.06,USD/MWh,PT1H,US-TX,ercot_dam,HB_BUSAVG,ercot:NP4-190-CD,https://www.ercot.com/misdownload/servlets/mirDownload?doclookupId=1277258060,2026-09-25T19:48:54Z,2026-09-21T17:32:44Z
ercot:HB_BUSAVG,spp_dam,2026-09-23T05:00:00Z,37.03,USD/MWh,PT1H,US-TX,ercot_dam,HB_BUSAVG,ercot:NP4-190-CD,https://www.ercot.com/misdownload/servlets/mirDownload?doclookupId=1277674202,2026-09-25T19:48:53Z,2026-09-22T17:45:50Z
ercot:HB_BUSAVG,spp_dam,2026-09-23T06:00:00Z,34.8,USD/MWh,PT1H,US-TX,ercot_dam,HB_BUSAVG,ercot:NP4-190-CD,https://www.ercot.com/misdownload/servlets/mirDownload?doclookupId=1277674202,2026-09-25T19:48:53Z,2026-09-22T17:45:50Z
ercot:HB_BUSAVG,spp_dam,2026-09-23T07:00:00Z,32.37,USD/MWh,PT1H,US-TX,ercot_dam,HB_BUSAVG,ercot:NP4-190-CD,https://www.ercot.com/misdownload/servlets/mirDownload?doclookupId=1277674202,2026-09-25T19:48:53Z,2026-09-22T17:45:50Z
ercot:HB_BUSAVG,spp_dam,2026-09-23T08:00:00Z,31.54,USD/MWh,PT1H,US-TX,ercot_dam,HB_BUSAVG,ercot:NP4-190-CD,https://www.ercot.com/misdownload/servlets/mirDownload?doclookupId=1277674202,2026-09-25T19:48:53Z,2026-09-22T17:45:50Z
ercot:HB_BUSAVG,spp_dam,2026-09-23T09:00:00Z,32.03,USD/MWh,PT1H,US-TX,ercot_dam,HB_BUSAVG,ercot:NP4-190-CD,https://www.ercot.com/misdownload/servlets/mirDownload?doclookupId=1277674202,2026-09-25T19:48:53Z,2026-09-22T17:45:50Z
ercot:HB_BUSAVG,spp_dam,2026-09-23T10:00:00Z,36.14,USD/MWh,PT1H,US-TX,ercot_dam,HB_BUSAVG,ercot:NP4-190-CD,https://www.ercot.com/misdownload/servlets/mirDownload?doclookupId=1277674202,2026-09-25T19:48:53Z,2026-09-22T17:45:50Z
ercot:HB_BUSAVG,spp_dam,2026-09-23T11:00:00Z,39.78,USD/MWh,PT1H,US-TX,ercot_dam,HB_BUSAVG,ercot:NP4-190-CD,https://www.ercot.com/misdownload/servlets/mirDownload?doclookupId=1277674202,2026-09-25T19:48:53Z,2026-09-22T17:45:50Z
ercot:HB_BUSAVG,spp_dam,2026-09-23T12:00:00Z,36.8,USD/MWh,PT1H,US-TX,ercot_dam,HB_BUSAVG,ercot:NP4-190-CD,https://www.ercot.com/misdownload/servlets/mirDownload?doclookupId=1277674202,2026-09-25T19:48:53Z,2026-09-22T17:45:50Z
ercot:HB_BUSAVG,spp_dam,2026-09-23T13:00:00Z,29.38,USD/MWh,PT1H,US-TX,ercot_dam,HB_BUSAVG,ercot:NP4-190-CD,https://www.ercot.com/misdownload/servlets/mirDownload?doclookupId=1277674202,2026-09-25T19:48:53Z,2026-09-22T17:45:50Z
ercot:HB_BUSAVG,spp_dam,2026-09-23T14:00:00Z,27.35,USD/MWh,PT1H,US-TX,ercot_dam,HB_BUSAVG,ercot:NP4-190-CD,https://www.ercot.com/misdownload/servlets/mirDownload?doclookupId=1277674202,2026-09-25T19:48:53Z,2026-09-22T17:45:50Z
ercot:HB_BUSAVG,spp_dam,2026-09-23T15:00:00Z,25.94,USD/MWh,PT1H,US-TX,ercot_dam,HB_BUSAVG,ercot:NP4-190-CD,https://www.ercot.com/misdownload/servlets/mirDownload?doclookupId=1277674202,2026-09-25T19:48:53Z,2026-09-22T17:45:50Z
ercot:HB_BUSAVG,spp_dam,2026-09-23T16:00:00Z,26.76,USD/MWh,PT1H,US-TX,ercot_dam,HB_BUSAVG,ercot:NP4-190-CD,https://www.ercot.com/misdownload/servlets/mirDownload?doclookupId=1277674202,2026-09-25T19:48:53Z,2026-09-22T17:45:50Z
ercot:HB_BUSAVG,spp_dam,2026-09-23T17:00:00Z,27.97,USD/MWh,PT1H,US-TX,ercot_dam,HB_BUSAVG,ercot:NP4-190-CD,https://www.ercot.com/misdownload/servlets/mirDownload?doclookupId=1277674202,2026-09-25T19:48:53Z,2026-09-22T17:45:50Z
ercot:HB_BUSAVG,spp_dam,2026-09-23T18:00:00Z,32.88,USD/MWh,PT1H,US-TX,ercot_dam,HB_BUSAVG,ercot:NP4-190-CD,https://www.ercot.com/misdownload/servlets/mirDownload?doclookupId=1277674202,2026-09-25T19:48:53Z,2026-09-22T17:45:50Z
ercot:HB_BUSAVG,spp_dam,2026-09-23T19:00:00Z,37.12,USD/MWh,PT1H,US-TX,ercot_dam,HB_BUSAVG,ercot:NP4-190-CD,https://www.ercot.com/misdownload/servlets/mirDownload?doclookupId=1277674202,2026-09-25T19:48:53Z,2026-09-22T17:45:50Z
ercot:HB_BUSAVG,spp_dam,2026-09-23T20:00:00Z,39.81,USD/MWh,PT1H,US-TX,ercot_dam,HB_BUSAVG,ercot:NP4-190-CD,https://www.ercot.com/misdownload/servlets/mirDownload?doclookupId=1277674202,2026-09-25T19:48:53Z,2026-09-22T17:45:50Z
ercot:HB_BUSAVG,spp_dam,2026-09-23T21:00:00Z,45.01,USD/MWh,PT1H,US-TX,ercot_dam,HB_BUSAVG,ercot:NP4-190-CD,https://www.ercot.com/misdownload/servlets/mirDownload?doclookupId=1277674202,2026-09-25T19:48:53Z,2026-09-22T17:45:50Z
ercot:HB_BUSAVG,spp_dam,2026-09-23T22:00:00Z,59.13,USD/MWh,PT1H,US-TX,ercot_dam,HB_BUSAVG,ercot:NP4-190-CD,https://www.ercot.com/misdownload/servlets/mirDownload?doclookupId=1277674202,2026-09-25T19:48:53Z,2026-09-22T17:45:50Z
ercot:HB_BUSAVG,spp_dam,2026-09-23T23:00:00Z,87.58,USD/MWh,PT1H,US-TX,ercot_dam,HB_BUSAVG,ercot:NP4-190-CD,https://www.ercot.com/misdownload/servlets/mirDownload?doclookupId=1277674202,2026-09-25T19:48:53Z,2026-09-22T17:45:50Z
ercot:HB_BUSAVG,spp_dam,2026-09-24T00:00:00Z,88.53,USD/MWh,PT1H,US-TX,ercot_dam,HB_BUSAVG,ercot:NP4-190-CD,https://www.ercot.com/misdownload/servlets/mirDownload?doclookupId=1277674202,2026-09-25T19:48:53Z,2026-09-22T17:45:50Z
ercot:HB_BUSAVG,spp_dam,2026-09-24T01:00:00Z,79.72,USD/MWh,PT1H,US-TX,ercot_dam,HB_BUSAVG,ercot:NP4-190-CD,https://www.ercot.com/misdownload/servlets/mirDownload?doclookupId=1277674202,2026-09-25T19:48:53Z,2026-09-22T17:45:50Z
ercot:HB_BUSAVG,spp_dam,2026-09-24T02:00:00Z,63.72,USD/MWh,PT1H,US-TX,ercot_dam,HB_BUSAVG,ercot:NP4-190-CD,https://www.ercot.com/misdownload/servlets/mirDownload?doclookupId=1277674202,2026-09-25T19:48:53Z,2026-09-22T17:45:50Z
ercot:HB_BUSAVG,spp_dam,2026-09-24T03:00:00Z,44.09,USD/MWh,PT1H,US-TX,ercot_dam,HB_BUSAVG,ercot:NP4-190-CD,https://www.ercot.com/misdownload/servlets/mirDownload?doclookupId=1277674202,2026-09-25T19:48:53Z,2026-09-22T17:45:50Z
ercot:HB_BUSAVG,spp_dam,2026-09-24T04:00:00Z,35.39,USD/MWh,PT1H,US-TX,ercot_dam,HB_BUSAVG,ercot:NP4-190-CD,https://www.ercot.com/misdownload/servlets/mirDownload?doclookupId=1277674202,2026-09-25T19:48:53Z,2026-09-22T17:45:50Z
ercot:HB_BUSAVG,spp_dam,2026-09-24T05:00:00Z,35.45,USD/MWh,PT1H,US-TX,ercot_dam,HB_BUSAVG,ercot:NP4-190-CD,https://www.ercot.com/misdownload/servlets/mirDownload?doclookupId=1278079530,2026-09-25T19:48:51Z,2026-09-23T18:16:21Z
ercot:HB_BUSAVG,spp_dam,2026-09-24T06:00:00Z,32.04,USD/MWh,PT1H,US-TX,ercot_dam,HB_BUSAVG,ercot:NP4-190-CD,https://www.ercot.com/misdownload/servlets/mirDownload?doclookupId=1278079530,2026-09-25T19:48:51Z,2026-09-23T18:16:21Z
ercot:HB_BUSAVG,spp_dam,2026-09-24T07:00:00Z,30.89,USD/MWh,PT1H,US-TX,ercot_dam,HB_BUSAVG,ercot:NP4-190-CD,https://www.ercot.com/misdownload/servlets/mirDownload?doclookupId=1278079530,2026-09-25T19:48:51Z,2026-09-23T18:16:21Z
ercot:HB_BUSAVG,spp_dam,2026-09-24T08:00:00Z,30.65,USD/MWh,PT1H,US-TX,ercot_dam,HB_BUSAVG,ercot:NP4-190-CD,https://www.ercot.com/misdownload/servlets/mirDownload?doclookupId=1278079530,2026-09-25T19:48:51Z,2026-09-23T18:16:21Z
ercot:HB_BUSAVG,spp_dam,2026-09-24T09:00:00Z,31.27,USD/MWh,PT1H,US-TX,ercot_dam,HB_BUSAVG,ercot:NP4-190-CD,https://www.ercot.com/misdownload/servlets/mirDownload?doclookupId=1278079530,2026-09-25T19:48:51Z,2026-09-23T18:16:21Z
ercot:HB_BUSAVG,spp_dam,2026-09-24T10:00:00Z,35.16,USD/MWh,PT1H,US-TX,ercot_dam,HB_BUSAVG,ercot:NP4-190-CD,https://www.ercot.com/misdownload/servlets/mirDownload?doclookupId=1278079530,2026-09-25T19:48:51Z,2026-09-23T18:16:21Z
ercot:HB_BUSAVG,spp_dam,2026-09-24T11:00:00Z,35.33,USD/MWh,PT1H,US-TX,ercot_dam,HB_BUSAVG,ercot:NP4-190-CD,https://www.ercot.com/misdownload/servlets/mirDownload?doclookupId=1278079530,2026-09-25T19:48:51Z,2026-09-23T18:16:21Z
ercot:HB_BUSAVG,spp_dam,2026-09-24T12:00:00Z,34.47,USD/MWh,PT1H,US-TX,ercot_dam,HB_BUSAVG,ercot:NP4-190-CD,https://www.ercot.com/misdownload/servlets/mirDownload?doclookupId=1278079530,2026-09-25T19:48:51Z,2026-09-23T18:16:21Z
ercot:HB_BUSAVG,spp_dam,2026-09-24T13:00:00Z,28.91,USD/MWh,PT1H,US-TX,ercot_dam,HB_BUSAVG,ercot:NP4-190-CD,https://www.ercot.com/misdownload/servlets/mirDownload?doclookupId=1278079530,2026-09-25T19:48:51Z,2026-09-23T18:16:21Z
ercot:HB_BUSAVG,spp_dam,2026-09-24T14:00:00Z,25.0,USD/MWh,PT1H,US-TX,ercot_dam,HB_BUSAVG,ercot:NP4-190-CD,https://www.ercot.com/misdownload/servlets/mirDownload?doclookupId=1278079530,2026-09-25T19:48:51Z,2026-09-23T18:16:21Z
ercot:HB_BUSAVG,spp_dam,2026-09-24T15:00:00Z,23.27,USD/MWh,PT1H,US-TX,ercot_dam,HB_BUSAVG,ercot:NP4-190-CD,https://www.ercot.com/misdownload/servlets/mirDownload?doclookupId=1278079530,2026-09-25T19:48:51Z,2026-09-23T18:16:21Z
ercot:HB_BUSAVG,spp_dam,2026-09-24T16:00:00Z,23.57,USD/MWh,PT1H,US-TX,ercot_dam,HB_BUSAVG,ercot:NP4-190-CD,https://www.ercot.com/misdownload/servlets/mirDownload?doclookupId=1278079530,2026-09-25T19:48:51Z,2026-09-23T18:16:21Z
ercot:HB_BUSAVG,spp_dam,2026-09-24T17:00:00Z,26.16,USD/MWh,PT1H,US-TX,ercot_dam,HB_BUSAVG,ercot:NP4-190-CD,https://www.ercot.com/misdownload/servlets/mirDownload?doclookupId=1278079530,2026-09-25T19:48:51Z,2026-09-23T18:16:21Z
ercot:HB_BUSAVG,spp_dam,2026-09-24T18:00:00Z,31.0,USD/MWh,PT1H,US-TX,ercot_dam,HB_BUSAVG,ercot:NP4-190-CD,https://www.ercot.com/misdownload/servlets/mirDownload?doclookupId=1278079530,2026-09-25T19:48:51Z,2026-09-23T18:16:21Z
ercot:HB_BUSAVG,spp_dam,2026-09-24T19:00:00Z,36.27,USD/MWh,PT1H,US-TX,ercot_dam,HB_BUSAVG,ercot:NP4-190-CD,https://www.ercot.com/misdownload/servlets/mirDownload?doclookupId=1278079530,2026-09-25T19:48:51Z,2026-09-23T18:16:21Z
ercot:HB_BUSAVG,spp_dam,2026-09-24T20:00:00Z,40.63,USD/MWh,PT1H,US-TX,ercot_dam,HB_BUSAVG,ercot:NP4-190-CD,https://www.ercot.com/misdownload/servlets/mirDownload?doclookupId=1278079530,2026-09-25T19:48:51Z,2026-09-23T18:16:21Z
ercot:HB_BUSAVG,spp_dam,2026-09-24T21:00:00Z,43.46,USD/MWh,PT1H,US-TX,ercot_dam,HB_BUSAVG,ercot:NP4-190-CD,https://www.ercot.com/misdownload/servlets/mirDownload?doclookupId=1278079530,2026-09-25T19:48:51Z,2026-09-23T18:16:21Z
ercot:HB_BUSAVG,spp_dam,2026-09-24T22:00:00Z,57.96,USD/MWh,PT1H,US-TX,ercot_dam,HB_BUSAVG,ercot:NP4-190-CD,https://www.ercot.com/misdownload/servlets/mirDownload?doclookupId=1278079530,2026-09-25T19:48:51Z,2026-09-23T18:16:21Z
ercot:HB_BUSAVG,spp_dam,2026-09-24T23:00:00Z,88.93,USD/MWh,PT1H,US-TX,ercot_dam,HB_BUSAVG,ercot:NP4-190-CD,https://www.ercot.com/misdownload/servlets/mirDownload?doclookupId=1278079530,2026-09-25T19:48:51Z,2026-09-23T18:16:21Z
ercot:HB_BUSAVG,spp_dam,2026-09-25T00:00:00Z,86.58,USD/MWh,PT1H,US-TX,ercot_dam,HB_BUSAVG,ercot:NP4-190-CD,https://www.ercot.com/misdownload/servlets/mirDownload?doclookupId=1278079530,2026-09-25T19:48:51Z,2026-09-23T18:16:21Z
ercot:HB_BUSAVG,spp_dam,2026-09-25T01:00:00Z,84.48,USD/MWh,PT1H,US-TX,ercot_dam,HB_BUSAVG,ercot:NP4-190-CD,https://www.ercot.com/misdownload/servlets/mirDownload?doclookupId=1278079530,2026-09-25T19:48:51Z,2026-09-23T18:16:21Z
ercot:HB_BUSAVG,spp_dam,2026-09-25T02:00:00Z,70.52,USD/MWh,PT1H,US-TX,ercot_dam,HB_BUSAVG,ercot:NP4-190-CD,https://www.ercot.com/misdownload/servlets/mirDownload?doclookupId=1278079530,2026-09-25T19:48:51Z,2026-09-23T18:16:21Z
ercot:HB_BUSAVG,spp_dam,2026-09-25T03:00:00Z,50.0,USD/MWh,PT1H,US-TX,ercot_dam,HB_BUSAVG,ercot:NP4-190-CD,https://www.ercot.com/misdownload/servlets/mirDownload?doclookupId=1278079530,2026-09-25T19:48:51Z,2026-09-23T18:16:21Z
ercot:HB_BUSAVG,spp_dam,2026-09-25T04:00:00Z,38.78,USD/MWh,PT1H,US-TX,ercot_dam,HB_BUSAVG,ercot:NP4-190-CD,https://www.ercot.com/misdownload/servlets/mirDownload?doclookupId=1278079530,2026-09-25T19:48:51Z,2026-09-23T18:16:21Z
ercot:HB_BUSAVG,spp_dam,2026-09-25T05:00:00Z,31.67,USD/MWh,PT1H,US-TX,ercot_dam,HB_BUSAVG,ercot:NP4-190-CD,https://www.ercot.com/misdownload/servlets/mirDownload?doclookupId=1278479653,2026-09-25T19:48:50Z,2026-09-24T17:51:24Z
ercot:HB_BUSAVG,spp_dam,2026-09-25T06:00:00Z,29.75,USD/MWh,PT1H,US-TX,ercot_dam,HB_BUSAVG,ercot:NP4-190-CD,https://www.ercot.com/misdownload/servlets/mirDownload?doclookupId=1278479653,2026-09-25T19:48:50Z,2026-09-24T17:51:24Z
ercot:HB_BUSAVG,spp_dam,2026-09-25T07:00:00Z,28.86,USD/MWh,PT1H,US-TX,ercot_dam,HB_BUSAVG,ercot:NP4-190-CD,https://www.ercot.com/misdownload/servlets/mirDownload?doclookupId=1278479653,2026-09-25T19:48:50Z,2026-09-24T17:51:24Z
ercot:HB_BUSAVG,spp_dam,2026-09-25T08:00:00Z,27.07,USD/MWh,PT1H,US-TX,ercot_dam,HB_BUSAVG,ercot:NP4-190-CD,https://www.ercot.com/misdownload/servlets/mirDownload?doclookupId=1278479653,2026-09-25T19:48:50Z,2026-09-24T17:51:24Z
ercot:HB_BUSAVG,spp_dam,2026-09-25T09:00:00Z,27.31,USD/MWh,PT1H,US-TX,ercot_dam,HB_BUSAVG,ercot:NP4-190-CD,https://www.ercot.com/misdownload/servlets/mirDownload?doclookupId=1278479653,2026-09-25T19:48:50Z,2026-09-24T17:51:24Z
ercot:HB_BUSAVG,spp_dam,2026-09-25T10:00:00Z,31.07,USD/MWh,PT1H,US-TX,ercot_dam,HB_BUSAVG,ercot:NP4-190-CD,https://www.ercot.com/misdownload/servlets/mirDownload?doclookupId=1278479653,2026-09-25T19:48:50Z,2026-09-24T17:51:24Z
ercot:HB_BUSAVG,spp_dam,2026-09-25T11:00:00Z,34.13,USD/MWh,PT1H,US-TX,ercot_dam,HB_BUSAVG,ercot:NP4-190-CD,https://www.ercot.com/misdownload/servlets/mirDownload?doclookupId=1278479653,2026-09-25T19:48:50Z,2026-09-24T17:51:24Z
ercot:HB_BUSAVG,spp_dam,2026-09-25T12:00:00Z,34.33,USD/MWh,PT1H,US-TX,ercot_dam,HB_BUSAVG,ercot:NP4-190-CD,https://www.ercot.com/misdownload/servlets/mirDownload?doclookupId=1278479653,2026-09-25T19:48:50Z,2026-09-24T17:51:24Z
ercot:HB_BUSAVG,spp_dam,2026-09-25T13:00:00Z,24.95,USD/MWh,PT1H,US-TX,ercot_dam,HB_BUSAVG,ercot:NP4-190-CD,https://www.ercot.com/misdownload/servlets/mirDownload?doclookupId=1278479653,2026-09-25T19:48:50Z,2026-09-24T17:51:24Z
ercot:HB_BUSAVG,spp_dam,2026-09-25T14:00:00Z,22.63,USD/MWh,PT1H,US-TX,ercot_dam,HB_BUSAVG,ercot:NP4-190-CD,https://www.ercot.com/misdownload/servlets/mirDownload?doclookupId=1278479653,2026-09-25T19:48:50Z,2026-09-24T17:51:24Z
ercot:HB_BUSAVG,spp_dam,2026-09-25T15:00:00Z,21.86,USD/MWh,PT1H,US-TX,ercot_dam,HB_BUSAVG,ercot:NP4-190-CD,https://www.ercot.com/misdownload/servlets/mirDownload?doclookupId=1278479653,2026-09-25T19:48:50Z,2026-09-24T17:51:24Z
ercot:HB_BUSAVG,spp_dam,2026-09-25T16:00:00Z,22.4,USD/MWh,PT1H,US-TX,ercot_dam,HB_BUSAVG,ercot:NP4-190-CD,https://www.ercot.com/misdownload/servlets/mirDownload?doclookupId=1278479653,2026-09-25T19:48:50Z,2026-09-24T17:51:24Z
ercot:HB_BUSAVG,spp_dam,2026-09-25T17:00:00Z,24.75,USD/MWh,PT1H,US-TX,ercot_dam,HB_BUSAVG,ercot:NP4-190-CD,https://www.ercot.com/misdownload/servlets/mirDownload?doclookupId=1278479653,2026-09-25T19:48:50Z,2026-09-24T17:51:24Z
ercot:HB_BUSAVG,spp_dam,2026-09-25T18:00:00Z,28.36,USD/MWh,PT1H,US-TX,ercot_dam,HB_BUSAVG,ercot:NP4-190-CD,https://www.ercot.com/misdownload/servlets/mirDownload?doclookupId=1278479653,2026-09-25T19:48:50Z,2026-09-24T17:51:24Z
ercot:HB_BUSAVG,spp_dam,2026-09-25T19:00:00Z,31.64,USD/MWh,PT1H,US-TX,ercot_dam,HB_BUSAVG,ercot:NP4-190-CD,https://www.ercot.com/misdownload/servlets/mirDownload?doclookupId=1278479653,2026-09-25T19:48:50Z,2026-09-24T17:51:24Z
ercot:HB_BUSAVG,spp_dam,2026-09-25T20:00:00Z,35.43,USD/MWh,PT1H,US-TX,ercot_dam,HB_BUSAVG,ercot:NP4-190-CD,https://www.ercot.com/misdownload/servlets/mirDownload?doclookupId=1278479653,2026-09-25T19:48:50Z,2026-09-24T17:51:24Z
ercot:HB_BUSAVG,spp_dam,2026-09-25T21:00:00Z,38.29,USD/MWh,PT1H,US-TX,ercot_dam,HB_BUSAVG,ercot:NP4-190-CD,https://www.ercot.com/misdownload/servlets/mirDownload?doclookupId=1278479653,2026-09-25T19:48:50Z,2026-09-24T17:51:24Z
ercot:HB_BUSAVG,spp_dam,2026-09-25T22:00:00Z,45.04,USD/MWh,PT1H,US-TX,ercot_dam,HB_BUSAVG,ercot:NP4-190-CD,https://www.ercot.com/misdownload/servlets/mirDownload?doclookupId=1278479653,2026-09-25T19:48:50Z,2026-09-24T17:51:24Z
ercot:HB_BUSAVG,spp_dam,2026-09-25T23:00:00Z,64.45,USD/MWh,PT1H,US-TX,ercot_dam,HB_BUSAVG,ercot:NP4-190-CD,https://www.ercot.com/misdownload/servlets/mirDownload?doclookupId=1278479653,2026-09-25T19:48:50Z,2026-09-24T17:51:24Z
ercot:HB_BUSAVG,spp_dam,2026-09-26T00:00:00Z,64.97,USD/MWh,PT1H,US-TX,ercot_dam,HB_BUSAVG,ercot:NP4-190-CD,https://www.ercot.com/misdownload/servlets/mirDownload?doclookupId=1278479653,2026-09-25T19:48:50Z,2026-09-24T17:51:24Z
ercot:HB_BUSAVG,spp_dam,2026-09-26T01:00:00Z,51.74,USD/MWh,PT1H,US-TX,ercot_dam,HB_BUSAVG,ercot:NP4-190-CD,https://www.ercot.com/misdownload/servlets/mirDownload?doclookupId=1278479653,2026-09-25T19:48:50Z,2026-09-24T17:51:24Z
ercot:HB_BUSAVG,spp_dam,2026-09-26T02:00:00Z,44.81,USD/MWh,PT1H,US-TX,ercot_dam,HB_BUSAVG,ercot:NP4-190-CD,https://www.ercot.com/misdownload/servlets/mirDownload?doclookupId=1278479653,2026-09-25T19:48:50Z,2026-09-24T17:51:24Z
ercot:HB_BUSAVG,spp_dam,2026-09-26T03:00:00Z,38.19,USD/MWh,PT1H,US-TX,ercot_dam,HB_BUSAVG,ercot:NP4-190-CD,https://www.ercot.com/misdownload/servlets/mirDownload?doclookupId=1278479653,2026-09-25T19:48:50Z,2026-09-24T17:51:24Z
ercot:HB_BUSAVG,spp_dam,2026-09-26T04:00:00Z,32.84,USD/MWh,PT1H,US-TX,ercot_dam,HB_BUSAVG,ercot:NP4-190-CD,https://www.ercot.com/misdownload/servlets/mirDownload?doclookupId=1278479653,2026-09-25T19:48:50Z,2026-09-24T17:51:24Z
ercot:HB_BUSAVG,spp_dam,2026-09-26T05:00:00Z,31.13,USD/MWh,PT1H,US-TX,ercot_dam,HB_BUSAVG,ercot:NP4-190-CD,https://www.ercot.com/misdownload/servlets/mirDownload?doclookupId=1278881897,2026-09-25T19:48:49Z,2026-09-25T17:41:14Z
ercot:HB_BUSAVG,spp_dam,2026-09-26T06:00:00Z,27.94,USD/MWh,PT1H,US-TX,ercot_dam,HB_BUSAVG,ercot:NP4-190-CD,https://www.ercot.com/misdownload/servlets/mirDownload?doclookupId=1278881897,2026-09-25T19:48:49Z,2026-09-25T17:41:14Z
ercot:HB_BUSAVG,spp_dam,2026-09-26T07:00:00Z,26.04,USD/MWh,PT1H,US-TX,ercot_dam,HB_BUSAVG,ercot:NP4-190-CD,https://www.ercot.com/misdownload/servlets/mirDownload?doclookupId=1278881897,2026-09-25T19:48:49Z,2026-09-25T17:41:14Z
ercot:HB_BUSAVG,spp_dam,2026-09-26T08:00:00Z,25.35,USD/MWh,PT1H,US-TX,ercot_dam,HB_BUSAVG,ercot:NP4-190-CD,https://www.ercot.com/misdownload/servlets/mirDownload?doclookupId=1278881897,2026-09-25T19:48:49Z,2026-09-25T17:41:14Z
ercot:HB_BUSAVG,spp_dam,2026-09-26T09:00:00Z,24.88,USD/MWh,PT1H,US-TX,ercot_dam,HB_BUSAVG,ercot:NP4-190-CD,https://www.ercot.com/misdownload/servlets/mirDownload?doclookupId=1278881897,2026-09-25T19:48:49Z,2026-09-25T17:41:14Z
ercot:HB_BUSAVG,spp_dam,2026-09-26T10:00:00Z,25.95,USD/MWh,PT1H,US-TX,ercot_dam,HB_BUSAVG,ercot:NP4-190-CD,https://www.ercot.com/misdownload/servlets/mirDownload?doclookupId=1278881897,2026-09-25T19:48:49Z,2026-09-25T17:41:14Z
ercot:HB_BUSAVG,spp_dam,2026-09-26T11:00:00Z,27.41,USD/MWh,PT1H,US-TX,ercot_dam,HB_BUSAVG,ercot:NP4-190-CD,https://www.ercot.com/misdownload/servlets/mirDownload?doclookupId=1278881897,2026-09-25T19:48:49Z,2026-09-25T17:41:14Z
ercot:HB_BUSAVG,spp_dam,2026-09-26T12:00:00Z,27.56,USD/MWh,PT1H,US-TX,ercot_dam,HB_BUSAVG,ercot:NP4-190-CD,https://www.ercot.com/misdownload/servlets/mirDownload?doclookupId=1278881897,2026-09-25T19:48:49Z,2026-09-25T17:41:14Z
ercot:HB_BUSAVG,spp_dam,2026-09-26T13:00:00Z,22.54,USD/MWh,PT1H,US-TX,ercot_dam,HB_BUSAVG,ercot:NP4-190-CD,https://www.ercot.com/misdownload/servlets/mirDownload?doclookupId=1278881897,2026-09-25T19:48:49Z,2026-09-25T17:41:14Z
ercot:HB_BUSAVG,spp_dam,2026-09-26T14:00:00Z,20.38,USD/MWh,PT1H,US-TX,ercot_dam,HB_BUSAVG,ercot:NP4-190-CD,https://www.ercot.com/misdownload/servlets/mirDownload?doclookupId=1278881897,2026-09-25T19:48:49Z,2026-09-25T17:41:14Z
ercot:HB_BUSAVG,spp_dam,2026-09-26T15:00:00Z,18.54,USD/MWh,PT1H,US-TX,ercot_dam,HB_BUSAVG,ercot:NP4-190-CD,https://www.ercot.com/misdownload/servlets/mirDownload?doclookupId=1278881897,2026-09-25T19:48:49Z,2026-09-25T17:41:14Z
ercot:HB_BUSAVG,spp_dam,2026-09-26T16:00:00Z,20.11,USD/MWh,PT1H,US-TX,ercot_dam,HB_BUSAVG,ercot:NP4-190-CD,https://www.ercot.com/misdownload/servlets/mirDownload?doclookupId=1278881897,2026-09-25T19:48:49Z,2026-09-25T17:41:14Z
ercot:HB_BUSAVG,spp_dam,2026-09-26T17:00:00Z,23.11,USD/MWh,PT1H,US-TX,ercot_dam,HB_BUSAVG,ercot:NP4-190-CD,https://www.ercot.com/misdownload/servlets/mirDownload?doclookupId=1278881897,2026-09-25T19:48:49Z,2026-09-25T17:41:14Z
ercot:HB_BUSAVG,spp_dam,2026-09-26T18:00:00Z,28.25,USD/MWh,PT1H,US-TX,ercot_dam,HB_BUSAVG,ercot:NP4-190-CD,https://www.ercot.com/misdownload/servlets/mirDownload?doclookupId=1278881897,2026-09-25T19:48:49Z,2026-09-25T17:41:14Z
ercot:HB_BUSAVG,spp_dam,2026-09-26T19:00:00Z,30.85,USD/MWh,PT1H,US-TX,ercot_dam,HB_BUSAVG,ercot:NP4-190-CD,https://www.ercot.com/misdownload/servlets/mirDownload?doclookupId=1278881897,2026-09-25T19:48:49Z,2026-09-25T17:41:14Z
ercot:HB_BUSAVG,spp_dam,2026-09-26T20:00:00Z,34.69,USD/MWh,PT1H,US-TX,ercot_dam,HB_BUSAVG,ercot:NP4-190-CD,https://www.ercot.com/misdownload/servlets/mirDownload?doclookupId=1278881897,2026-09-25T19:48:49Z,2026-09-25T17:41:14Z
ercot:HB_BUSAVG,spp_dam,2026-09-26T21:00:00Z,37.34,USD/MWh,PT1H,US-TX,ercot_dam,HB_BUSAVG,ercot:NP4-190-CD,https://www.ercot.com/misdownload/servlets/mirDownload?doclookupId=1278881897,2026-09-25T19:48:49Z,2026-09-25T17:41:14Z
ercot:HB_BUSAVG,spp_dam,2026-09-26T22:00:00Z,46.54,USD/MWh,PT1H,US-TX,ercot_dam,HB_BUSAVG,ercot:NP4-190-CD,https://www.ercot.com/misdownload/servlets/mirDownload?doclookupId=1278881897,2026-09-25T19:48:49Z,2026-09-25T17:41:14Z
ercot:HB_BUSAVG,spp_dam,2026-09-26T23:00:00Z,62.72,USD/MWh,PT1H,US-TX,ercot_dam,HB_BUSAVG,ercot:NP4-190-CD,https://www.ercot.com/misdownload/servlets/mirDownload?doclookupId=1278881897,2026-09-25T19:48:49Z,2026-09-25T17:41:14Z
ercot:HB_BUSAVG,spp_dam,2026-09-27T00:00:00Z,62.33,USD/MWh,PT1H,US-TX,ercot_dam,HB_BUSAVG,ercot:NP4-190-CD,https://www.ercot.com/misdownload/servlets/mirDownload?doclookupId=1278881897,2026-09-25T19:48:49Z,2026-09-25T17:41:14Z
ercot:HB_BUSAVG,spp_dam,2026-09-27T01:00:00Z,52.47,USD/MWh,PT1H,US-TX,ercot_dam,HB_BUSAVG,ercot:NP4-190-CD,https://www.ercot.com/misdownload/servlets/mirDownload?doclookupId=1278881897,2026-09-25T19:48:49Z,2026-09-25T17:41:14Z
ercot:HB_BUSAVG,spp_dam,2026-09-27T02:00:00Z,44.39,USD/MWh,PT1H,US-TX,ercot_dam,HB_BUSAVG,ercot:NP4-190-CD,https://www.ercot.com/misdownload/servlets/mirDownload?doclookupId=1278881897,2026-09-25T19:48:49Z,2026-09-25T17:41:14Z
ercot:HB_BUSAVG,spp_dam,2026-09-27T03:00:00Z,37.58,USD/MWh,PT1H,US-TX,ercot_dam,HB_BUSAVG,ercot:NP4-190-CD,https://www.ercot.com/misdownload/servlets/mirDownload?doclookupId=1278881897,2026-09-25T19:48:49Z,2026-09-25T17:41:14Z
ercot:HB_BUSAVG,spp_dam,2026-09-27T04:00:00Z,32.82,USD/MWh,PT1H,US-TX,ercot_dam,HB_BUSAVG,ercot:NP4-190-CD,https://www.ercot.com/misdownload/servlets/mirDownload?doclookupId=1278881897,2026-09-25T19:48:49Z,2026-09-25T17:41:14Z
ercot:HB_HOUSTON,spp_dam,2026-08-26T05:00:00Z,28.18,USD/MWh,PT1H,US-TX,ercot_dam,HB_HOUSTON,ercot:NP4-190-CD,https://www.ercot.com/misdownload/servlets/mirDownload?doclookupId=1266561949,2026-09-25T06:37:51Z,2026-08-25T17:42:39Z
ercot:HB_HOUSTON,spp_dam,2026-08-26T06:00:00Z,26.49,USD/MWh,PT1H,US-TX,ercot_dam,HB_HOUSTON,ercot:NP4-190-CD,https://www.ercot.com/misdownload/servlets/mirDownload?doclookupId=1266561949,2026-09-25T06:37:51Z,2026-08-25T17:42:39Z
ercot:HB_HOUSTON,spp_dam,2026-08-26T07:00:00Z,26.69,USD/MWh,PT1H,US-TX,ercot_dam,HB_HOUSTON,ercot:NP4-190-CD,https://www.ercot.com/misdownload/servlets/mirDownload?doclookupId=1266561949,2026-09-25T06:37:51Z,2026-08-25T17:42:39Z
ercot:HB_HOUSTON,spp_dam,2026-08-26T08:00:00Z,28.83,USD/MWh,PT1H,US-TX,ercot_dam,HB_HOUSTON,ercot:NP4-190-CD,https://www.ercot.com/misdownload/servlets/mirDownload?doclookupId=1266561949,2026-09-25T06:37:51Z,2026-08-25T17:42:39Z
ercot:HB_HOUSTON,spp_dam,2026-08-26T09:00:00Z,30.3,USD/MWh,PT1H,US-TX,ercot_dam,HB_HOUSTON,ercot:NP4-190-CD,https://www.ercot.com/misdownload/servlets/mirDownload?doclookupId=1266561949,2026-09-25T06:37:51Z,2026-08-25T17:42:39Z
ercot:HB_HOUSTON,spp_dam,2026-08-26T10:00:00Z,33.42,USD/MWh,PT1H,US-TX,ercot_dam,HB_HOUSTON,ercot:NP4-190-CD,https://www.ercot.com/misdownload/servlets/mirDownload?doclookupId=1266561949,2026-09-25T06:37:51Z,2026-08-25T17:42:39Z
ercot:HB_HOUSTON,spp_dam,2026-08-26T11:00:00Z,36.2,USD/MWh,PT1H,US-TX,ercot_dam,HB_HOUSTON,ercot:NP4-190-CD,https://www.ercot.com/misdownload/servlets/mirDownload?doclookupId=1266561949,2026-09-25T06:37:51Z,2026-08-25T17:42:39Z
ercot:HB_HOUSTON,spp_dam,2026-08-26T12:00:00Z,33.85,USD/MWh,PT1H,US-TX,ercot_dam,HB_HOUSTON,ercot:NP4-190-CD,https://www.ercot.com/misdownload/servlets/mirDownload?doclookupId=1266561949,2026-09-25T06:37:51Z,2026-08-25T17:42:39Z
ercot:HB_HOUSTON,spp_dam,2026-08-26T13:00:00Z,26.76,USD/MWh,PT1H,US-TX,ercot_dam,HB_HOUSTON,ercot:NP4-190-CD,https://www.ercot.com/misdownload/servlets/mirDownload?doclookupId=1266561949,2026-09-25T06:37:51Z,2026-08-25T17:42:39Z
ercot:HB_HOUSTON,spp_dam,2026-08-26T14:00:00Z,25.01,USD/MWh,PT1H,US-TX,ercot_dam,HB_HOUSTON,ercot:NP4-190-CD,https://www.ercot.com/misdownload/servlets/mirDownload?doclookupId=1266561949,2026-09-25T06:37:51Z,2026-08-25T17:42:39Z
ercot:HB_HOUSTON,spp_dam,2026-08-26T15:00:00Z,25.61,USD/MWh,PT1H,US-TX,ercot_dam,HB_HOUSTON,ercot:NP4-190-CD,https://www.ercot.com/misdownload/servlets/mirDownload?doclookupId=1266561949,2026-09-25T06:37:51Z,2026-08-25T17:42:39Z
ercot:HB_HOUSTON,spp_dam,2026-08-26T16:00:00Z,29.34,USD/MWh,PT1H,US-TX,ercot_dam,HB_HOUSTON,ercot:NP4-190-CD,https://www.ercot.com/misdownload/servlets/mirDownload?doclookupId=1266561949,2026-09-25T06:37:51Z,2026-08-25T17:42:39Z
ercot:HB_HOUSTON,spp_dam,2026-08-26T17:00:00Z,34.05,USD/MWh,PT1H,US-TX,ercot_dam,HB_HOUSTON,ercot:NP4-190-CD,https://www.ercot.com/misdownload/servlets/mirDownload?doclookupId=1266561949,2026-09-25T06:37:51Z,2026-08-25T17:42:39Z
ercot:HB_HOUSTON,spp_dam,2026-08-26T18:00:00Z,36.51,USD/MWh,PT1H,US-TX,ercot_dam,HB_HOUSTON,ercot:NP4-190-CD,https://www.ercot.com/misdownload/servlets/mirDownload?doclookupId=1266561949,2026-09-25T06:37:51Z,2026-08-25T17:42:39Z
ercot:HB_HOUSTON,spp_dam,2026-08-26T19:00:00Z,43.83,USD/MWh,PT1H,US-TX,ercot_dam,HB_HOUSTON,ercot:NP4-190-CD,https://www.ercot.com/misdownload/servlets/mirDownload?doclookupId=1266561949,2026-09-25T06:37:51Z,2026-08-25T17:42:39Z
ercot:HB_HOUSTON,spp_dam,2026-08-26T20:00:00Z,49.01,USD/MWh,PT1H,US-TX,ercot_dam,HB_HOUSTON,ercot:NP4-190-CD,https://www.ercot.com/misdownload/servlets/mirDownload?doclookupId=1266561949,2026-09-25T06:37:51Z,2026-08-25T17:42:39Z
ercot:HB_HOUSTON,spp_dam,2026-08-26T21:00:00Z,53.59,USD/MWh,PT1H,US-TX,ercot_dam,HB_HOUSTON,ercot:NP4-190-CD,https://www.ercot.com/misdownload/servlets/mirDownload?doclookupId=1266561949,2026-09-25T06:37:51Z,2026-08-25T17:42:39Z
ercot:HB_HOUSTON,spp_dam,2026-08-26T22:00:00Z,56.27,USD/MWh,PT1H,US-TX,ercot_dam,HB_HOUSTON,ercot:NP4-190-CD,https://www.ercot.com/misdownload/servlets/mirDownload?doclookupId=1266561949,2026-09-25T06:37:51Z,2026-08-25T17:42:39Z
ercot:HB_HOUSTON,spp_dam,2026-08-26T23:00:00Z,96.34,USD/MWh,PT1H,US-TX,ercot_dam,HB_HOUSTON,ercot:NP4-190-CD,https://www.ercot.com/misdownload/servlets/mirDownload?doclookupId=1266561949,2026-09-25T06:37:51Z,2026-08-25T17:42:39Z
ercot:HB_HOUSTON,spp_dam,2026-08-27T00:00:00Z,136.48,USD/MWh,PT1H,US-TX,ercot_dam,HB_HOUSTON,ercot:NP4-190-CD,https://www.ercot.com/misdownload/servlets/mirDownload?doclookupId=1266561949,2026-09-25T06:37:51Z,2026-08-25T17:42:39Z
ercot:HB_HOUSTON,spp_dam,2026-08-27T01:00:00Z,126.3,USD/MWh,PT1H,US-TX,ercot_dam,HB_HOUSTON,ercot:NP4-190-CD,https://www.ercot.com/misdownload/servlets/mirDownload?doclookupId=1266561949,2026-09-25T06:37:51Z,2026-08-25T17:42:39Z
ercot:HB_HOUSTON,spp_dam,2026-08-27T02:00:00Z,142.29,USD/MWh,PT1H,US-TX,ercot_dam,HB_HOUSTON,ercot:NP4-190-CD,https://www.ercot.com/misdownload/servlets/mirDownload?doclookupId=1266561949,2026-09-25T06:37:51Z,2026-08-25T17:42:39Z
ercot:HB_HOUSTON,spp_dam,2026-08-27T03:00:00Z,98.54,USD/MWh,PT1H,US-TX,ercot_dam,HB_HOUSTON,ercot:NP4-190-CD,https://www.ercot.com/misdownload/servlets/mirDownload?doclookupId=1266561949,2026-09-25T06:37:51Z,2026-08-25T17:42:39Z
ercot:HB_HOUSTON,spp_dam,2026-08-27T04:00:00Z,59.95,USD/MWh,PT1H,US-TX,ercot_dam,HB_HOUSTON,ercot:NP4-190-CD,https://www.ercot.com/misdownload/servlets/mirDownload?doclookupId=1266561949,2026-09-25T06:37:51Z,2026-08-25T17:42:39Z
ercot:HB_HOUSTON,spp_dam,2026-08-27T05:00:00Z,67.26,USD/MWh,PT1H,US-TX,ercot_dam,HB_HOUSTON,ercot:NP4-190-CD,https://www.ercot.com/misdownload/servlets/mirDownload?doclookupId=1266957722,2026-09-25T06:37:50Z,2026-08-26T17:41:45Z
ercot:HB_HOUSTON,spp_dam,2026-08-27T06:00:00Z,52.31,USD/MWh,PT1H,US-TX,ercot_dam,HB_HOUSTON,ercot:NP4-190-CD,https://www.ercot.com/misdownload/servlets/mirDownload?doclookupId=1266957722,2026-09-25T06:37:50Z,2026-08-26T17:41:45Z
ercot:HB_HOUSTON,spp_dam,2026-08-27T07:00:00Z,47.11,USD/MWh,PT1H,US-TX,ercot_dam,HB_HOUSTON,ercot:NP4-190-CD,https://www.ercot.com/misdownload/servlets/mirDownload?doclookupId=1266957722,2026-09-25T06:37:50Z,2026-08-26T17:41:45Z
ercot:HB_HOUSTON,spp_dam,2026-08-27T08:00:00Z,42.1,USD/MWh,PT1H,US-TX,ercot_dam,HB_HOUSTON,ercot:NP4-190-CD,https://www.ercot.com/misdownload/servlets/mirDownload?doclookupId=1266957722,2026-09-25T06:37:50Z,2026-08-26T17:41:45Z
ercot:HB_HOUSTON,spp_dam,2026-08-27T09:00:00Z,38.32,USD/MWh,PT1H,US-TX,ercot_dam,HB_HOUSTON,ercot:NP4-190-CD,https://www.ercot.com/misdownload/servlets/mirDownload?doclookupId=1266957722,2026-09-25T06:37:50Z,2026-08-26T17:41:45Z
ercot:HB_HOUSTON,spp_dam,2026-08-27T10:00:00Z,40.34,USD/MWh,PT1H,US-TX,ercot_dam,HB_HOUSTON,ercot:NP4-190-CD,https://www.ercot.com/misdownload/servlets/mirDownload?doclookupId=1266957722,2026-09-25T06:37:50Z,2026-08-26T17:41:45Z
ercot:HB_HOUSTON,spp_dam,2026-08-27T11:00:00Z,42.96,USD/MWh,PT1H,US-TX,ercot_dam,HB_HOUSTON,ercot:NP4-190-CD,https://www.ercot.com/misdownload/servlets/mirDownload?doclookupId=1266957722,2026-09-25T06:37:50Z,2026-08-26T17:41:45Z
ercot:HB_HOUSTON,spp_dam,2026-08-27T12:00:00Z,37.38,USD/MWh,PT1H,US-TX,ercot_dam,HB_HOUSTON,ercot:NP4-190-CD,https://www.ercot.com/misdownload/servlets/mirDownload?doclookupId=1266957722,2026-09-25T06:37:50Z,2026-08-26T17:41:45Z
ercot:HB_HOUSTON,spp_dam,2026-08-27T13:00:00Z,26.95,USD/MWh,PT1H,US-TX,ercot_dam,HB_HOUSTON,ercot:NP4-190-CD,https://www.ercot.com/misdownload/servlets/mirDownload?doclookupId=1266957722,2026-09-25T06:37:50Z,2026-08-26T17:41:45Z
ercot:HB_HOUSTON,spp_dam,2026-08-27T14:00:00Z,25.88,USD/MWh,PT1H,US-TX,ercot_dam,HB_HOUSTON,ercot:NP4-190-CD,https://www.ercot.com/misdownload/servlets/mirDownload?doclookupId=1266957722,2026-09-25T06:37:50Z,2026-08-26T17:41:45Z
ercot:HB_HOUSTON,spp_dam,2026-08-27T15:00:00Z,27.85,USD/MWh,PT1H,US-TX,ercot_dam,HB_HOUSTON,ercot:NP4-190-CD,https://www.ercot.com/misdownload/servlets/mirDownload?doclookupId=1266957722,2026-09-25T06:37:50Z,2026-08-26T17:41:45Z
ercot:HB_HOUSTON,spp_dam,2026-08-27T16:00:00Z,29.0,USD/MWh,PT1H,US-TX,ercot_dam,HB_HOUSTON,ercot:NP4-190-CD,https://www.ercot.com/misdownload/servlets/mirDownload?doclookupId=1266957722,2026-09-25T06:37:50Z,2026-08-26T17:41:45Z
ercot:HB_HOUSTON,spp_dam,2026-08-27T17:00:00Z,34.16,USD/MWh,PT1H,US-TX,ercot_dam,HB_HOUSTON,ercot:NP4-190-CD,https://www.ercot.com/misdownload/servlets/mirDownload?doclookupId=1266957722,2026-09-25T06:37:50Z,2026-08-26T17:41:45Z
ercot:HB_HOUSTON,spp_dam,2026-08-27T18:00:00Z,35.53,USD/MWh,PT1H,US-TX,ercot_dam,HB_HOUSTON,ercot:NP4-190-CD,https://www.ercot.com/misdownload/servlets/mirDownload?doclookupId=1266957722,2026-09-25T06:37:50Z,2026-08-26T17:41:45Z
ercot:HB_HOUSTON,spp_dam,2026-08-27T19:00:00Z,40.36,USD/MWh,PT1H,US-TX,ercot_dam,HB_HOUSTON,ercot:NP4-190-CD,https://www.ercot.com/misdownload/servlets/mirDownload?doclookupId=1266957722,2026-09-25T06:37:50Z,2026-08-26T17:41:45Z
ercot:HB_HOUSTON,spp_dam,2026-08-27T20:00:00Z,40.83,USD/MWh,PT1H,US-TX,ercot_dam,HB_HOUSTON,ercot:NP4-190-CD,https://www.ercot.com/misdownload/servlets/mirDownload?doclookupId=1266957722,2026-09-25T06:37:50Z,2026-08-26T17:41:45Z
ercot:HB_HOUSTON,spp_dam,2026-08-27T21:00:00Z,46.84,USD/MWh,PT1H,US-TX,ercot_dam,HB_HOUSTON,ercot:NP4-190-CD,https://www.ercot.com/misdownload/servlets/mirDownload?doclookupId=1266957722,2026-09-25T06:37:50Z,2026-08-26T17:41:45Z
ercot:HB_HOUSTON,spp_dam,2026-08-27T22:00:00Z,54.34,USD/MWh,PT1H,US-TX,ercot_dam,HB_HOUSTON,ercot:NP4-190-CD,https://www.ercot.com/misdownload/servlets/mirDownload?doclookupId=1266957722,2026-09-25T06:37:50Z,2026-08-26T17:41:45Z
ercot:HB_HOUSTON,spp_dam,2026-08-27T23:00:00Z,83.21,USD/MWh,PT1H,US-TX,ercot_dam,HB_HOUSTON,ercot:NP4-190-CD,https://www.ercot.com/misdownload/servlets/mirDownload?doclookupId=1266957722,2026-09-25T06:37:50Z,2026-08-26T17:41:45Z
ercot:HB_HOUSTON,spp_dam,2026-08-28T00:00:00Z,94.62,USD/MWh,PT1H,US-TX,ercot_dam,HB_HOUSTON,ercot:NP4-190-CD,https://www.ercot.com/misdownload/servlets/mirDownload?doclookupId=1266957722,2026-09-25T06:37:50Z,2026-08-26T17:41:45Z
ercot:HB_HOUSTON,spp_dam,2026-08-28T01:00:00Z,103.05,USD/MWh,PT1H,US-TX,ercot_dam,HB_HOUSTON,ercot:NP4-190-CD,https://www.ercot.com/misdownload/servlets/mirDownload?doclookupId=1266957722,2026-09-25T06:37:50Z,2026-08-26T17:41:45Z
ercot:HB_HOUSTON,spp_dam,2026-08-28T02:00:00Z,100.47,USD/MWh,PT1H,US-TX,ercot_dam,HB_HOUSTON,ercot:NP4-190-CD,https://www.ercot.com/misdownload/servlets/mirDownload?doclookupId=1266957722,2026-09-25T06:37:50Z,2026-08-26T17:41:45Z
ercot:HB_HOUSTON,spp_dam,2026-08-28T03:00:00Z,81.59,USD/MWh,PT1H,US-TX,ercot_dam,HB_HOUSTON,ercot:NP4-190-CD,https://www.ercot.com/misdownload/servlets/mirDownload?doclookupId=1266957722,2026-09-25T06:37:50Z,2026-08-26T17:41:45Z
ercot:HB_HOUSTON,spp_dam,2026-08-28T04:00:00Z,52.01,USD/MWh,PT1H,US-TX,ercot_dam,HB_HOUSTON,ercot:NP4-190-CD,https://www.ercot.com/misdownload/servlets/mirDownload?doclookupId=1266957722,2026-09-25T06:37:50Z,2026-08-26T17:41:45Z
ercot:HB_HOUSTON,spp_dam,2026-08-28T05:00:00Z,46.33,USD/MWh,PT1H,US-TX,ercot_dam,HB_HOUSTON,ercot:NP4-190-CD,https://www.ercot.com/misdownload/servlets/mirDownload?doclookupId=1267361150,2026-09-25T06:37:48Z,2026-08-27T18:20:13Z
ercot:HB_HOUSTON,spp_dam,2026-08-28T06:00:00Z,41.16,USD/MWh,PT1H,US-TX,ercot_dam,HB_HOUSTON,ercot:NP4-190-CD,https://www.ercot.com/misdownload/servlets/mirDownload?doclookupId=1267361150,2026-09-25T06:37:48Z,2026-08-27T18:20:13Z
ercot:HB_HOUSTON,spp_dam,2026-08-28T07:00:00Z,38.28,USD/MWh,PT1H,US-TX,ercot_dam,HB_HOUSTON,ercot:NP4-190-CD,https://www.ercot.com/misdownload/servlets/mirDownload?doclookupId=1267361150,2026-09-25T06:37:48Z,2026-08-27T18:20:13Z
ercot:HB_HOUSTON,spp_dam,2026-08-28T08:00:00Z,34.95,USD/MWh,PT1H,US-TX,ercot_dam,HB_HOUSTON,ercot:NP4-190-CD,https://www.ercot.com/misdownload/servlets/mirDownload?doclookupId=1267361150,2026-09-25T06:37:48Z,2026-08-27T18:20:13Z
ercot:HB_HOUSTON,spp_dam,2026-08-28T09:00:00Z,36.16,USD/MWh,PT1H,US-TX,ercot_dam,HB_HOUSTON,ercot:NP4-190-CD,https://www.ercot.com/misdownload/servlets/mirDownload?doclookupId=1267361150,2026-09-25T06:37:48Z,2026-08-27T18:20:13Z
ercot:HB_HOUSTON,spp_dam,2026-08-28T10:00:00Z,36.69,USD/MWh,PT1H,US-TX,ercot_dam,HB_HOUSTON,ercot:NP4-190-CD,https://www.ercot.com/misdownload/servlets/mirDownload?doclookupId=1267361150,2026-09-25T06:37:48Z,2026-08-27T18:20:13Z
ercot:HB_HOUSTON,spp_dam,2026-08-28T11:00:00Z,40.58,USD/MWh,PT1H,US-TX,ercot_dam,HB_HOUSTON,ercot:NP4-190-CD,https://www.ercot.com/misdownload/servlets/mirDownload?doclookupId=1267361150,2026-09-25T06:37:48Z,2026-08-27T18:20:13Z
ercot:HB_HOUSTON,spp_dam,2026-08-28T12:00:00Z,35.0,USD/MWh,PT1H,US-TX,ercot_dam,HB_HOUSTON,ercot:NP4-190-CD,https://www.ercot.com/misdownload/servlets/mirDownload?doclookupId=1267361150,2026-09-25T06:37:48Z,2026-08-27T18:20:13Z
ercot:HB_HOUSTON,spp_dam,2026-08-28T13:00:00Z,24.42,USD/MWh,PT1H,US-TX,ercot_dam,HB_HOUSTON,ercot:NP4-190-CD,https://www.ercot.com/misdownload/servlets/mirDownload?doclookupId=1267361150,2026-09-25T06:37:48Z,2026-08-27T18:20:13Z
ercot:HB_HOUSTON,spp_dam,2026-08-28T14:00:00Z,22.24,USD/MWh,PT1H,US-TX,ercot_dam,HB_HOUSTON,ercot:NP4-190-CD,https://www.ercot.com/misdownload/servlets/mirDownload?doclookupId=1267361150,2026-09-25T06:37:48Z,2026-08-27T18:20:13Z
ercot:HB_HOUSTON,spp_dam,2026-08-28T15:00:00Z,22.79,USD/MWh,PT1H,US-TX,ercot_dam,HB_HOUSTON,ercot:NP4-190-CD,https://www.ercot.com/misdownload/servlets/mirDownload?doclookupId=1267361150,2026-09-25T06:37:48Z,2026-08-27T18:20:13Z
ercot:HB_HOUSTON,spp_dam,2026-08-28T16:00:00Z,25.37,USD/MWh,PT1H,US-TX,ercot_dam,HB_HOUSTON,ercot:NP4-190-CD,https://www.ercot.com/misdownload/servlets/mirDownload?doclookupId=1267361150,2026-09-25T06:37:48Z,2026-08-27T18:20:13Z
ercot:HB_HOUSTON,spp_dam,2026-08-28T17:00:00Z,31.29,USD/MWh,PT1H,US-TX,ercot_dam,HB_HOUSTON,ercot:NP4-190-CD,https://www.ercot.com/misdownload/servlets/mirDownload?doclookupId=1267361150,2026-09-25T06:37:48Z,2026-08-27T18:20:13Z
ercot:HB_HOUSTON,spp_dam,2026-08-28T18:00:00Z,34.34,USD/MWh,PT1H,US-TX,ercot_dam,HB_HOUSTON,ercot:NP4-190-CD,https://www.ercot.com/misdownload/servlets/mirDownload?doclookupId=1267361150,2026-09-25T06:37:48Z,2026-08-27T18:20:13Z
ercot:HB_HOUSTON,spp_dam,2026-08-28T19:00:00Z,38.99,USD/MWh,PT1H,US-TX,ercot_dam,HB_HOUSTON,ercot:NP4-190-CD,https://www.ercot.com/misdownload/servlets/mirDownload?doclookupId=1267361150,2026-09-25T06:37:48Z,2026-08-27T18:20:13Z
ercot:HB_HOUSTON,spp_dam,2026-08-28T20:00:00Z,39.86,USD/MWh,PT1H,US-TX,ercot_dam,HB_HOUSTON,ercot:NP4-190-CD,https://www.ercot.com/misdownload/servlets/mirDownload?doclookupId=1267361150,2026-09-25T06:37:48Z,2026-08-27T18:20:13Z
ercot:HB_HOUSTON,spp_dam,2026-08-28T21:00:00Z,42.98,USD/MWh,PT1H,US-TX,ercot_dam,HB_HOUSTON,ercot:NP4-190-CD,https://www.ercot.com/misdownload/servlets/mirDownload?doclookupId=1267361150,2026-09-25T06:37:48Z,2026-08-27T18:20:13Z
ercot:HB_HOUSTON,spp_dam,2026-08-28T22:00:00Z,44.75,USD/MWh,PT1H,US-TX,ercot_dam,HB_HOUSTON,ercot:NP4-190-CD,https://www.ercot.com/misdownload/servlets/mirDownload?doclookupId=1267361150,2026-09-25T06:37:48Z,2026-08-27T18:20:13Z
ercot:HB_HOUSTON,spp_dam,2026-08-28T23:00:00Z,71.54,USD/MWh,PT1H,US-TX,ercot_dam,HB_HOUSTON,ercot:NP4-190-CD,https://www.ercot.com/misdownload/servlets/mirDownload?doclookupId=1267361150,2026-09-25T06:37:48Z,2026-08-27T18:20:13Z
ercot:HB_HOUSTON,spp_dam,2026-08-29T00:00:00Z,81.3,USD/MWh,PT1H,US-TX,ercot_dam,HB_HOUSTON,ercot:NP4-190-CD,https://www.ercot.com/misdownload/servlets/mirDownload?doclookupId=1267361150,2026-09-25T06:37:48Z,2026-08-27T18:20:13Z
ercot:HB_HOUSTON,spp_dam,2026-08-29T01:00:00Z,72.94,USD/MWh,PT1H,US-TX,ercot_dam,HB_HOUSTON,ercot:NP4-190-CD,https://www.ercot.com/misdownload/servlets/mirDownload?doclookupId=1267361150,2026-09-25T06:37:48Z,2026-08-27T18:20:13Z
ercot:HB_HOUSTON,spp_dam,2026-08-29T02:00:00Z,60.12,USD/MWh,PT1H,US-TX,ercot_dam,HB_HOUSTON,ercot:NP4-190-CD,https://www.ercot.com/misdownload/servlets/mirDownload?doclookupId=1267361150,2026-09-25T06:37:48Z,2026-08-27T18:20:13Z
ercot:HB_HOUSTON,spp_dam,2026-08-29T03:00:00Z,44.17,USD/MWh,PT1H,US-TX,ercot_dam,HB_HOUSTON,ercot:NP4-190-CD,https://www.ercot.com/misdownload/servlets/mirDownload?doclookupId=1267361150,2026-09-25T06:37:48Z,2026-08-27T18:20:13Z
ercot:HB_HOUSTON,spp_dam,2026-08-29T04:00:00Z,34.5,USD/MWh,PT1H,US-TX,ercot_dam,HB_HOUSTON,ercot:NP4-190-CD,https://www.ercot.com/misdownload/servlets/mirDownload?doclookupId=1267361150,2026-09-25T06:37:48Z,2026-08-27T18:20:13Z
ercot:HB_HOUSTON,spp_dam,2026-08-29T05:00:00Z,34.09,USD/MWh,PT1H,US-TX,ercot_dam,HB_HOUSTON,ercot:NP4-190-CD,https://www.ercot.com/misdownload/servlets/mirDownload?doclookupId=1267748284,2026-09-25T06:37:47Z,2026-08-28T17:33:57Z
ercot:HB_HOUSTON,spp_dam,2026-08-29T06:00:00Z,30.66,USD/MWh,PT1H,US-TX,ercot_dam,HB_HOUSTON,ercot:NP4-190-CD,https://www.ercot.com/misdownload/servlets/mirDownload?doclookupId=1267748284,2026-09-25T06:37:47Z,2026-08-28T17:33:57Z
ercot:HB_HOUSTON,spp_dam,2026-08-29T07:00:00Z,28.63,USD/MWh,PT1H,US-TX,ercot_dam,HB_HOUSTON,ercot:NP4-190-CD,https://www.ercot.com/misdownload/servlets/mirDownload?doclookupId=1267748284,2026-09-25T06:37:47Z,2026-08-28T17:33:57Z
ercot:HB_HOUSTON,spp_dam,2026-08-29T08:00:00Z,27.08,USD/MWh,PT1H,US-TX,ercot_dam,HB_HOUSTON,ercot:NP4-190-CD,https://www.ercot.com/misdownload/servlets/mirDownload?doclookupId=1267748284,2026-09-25T06:37:47Z,2026-08-28T17:33:57Z
ercot:HB_HOUSTON,spp_dam,2026-08-29T09:00:00Z,25.29,USD/MWh,PT1H,US-TX,ercot_dam,HB_HOUSTON,ercot:NP4-190-CD,https://www.ercot.com/misdownload/servlets/mirDownload?doclookupId=1267748284,2026-09-25T06:37:47Z,2026-08-28T17:33:57Z
ercot:HB_HOUSTON,spp_dam,2026-08-29T10:00:00Z,25.76,USD/MWh,PT1H,US-TX,ercot_dam,HB_HOUSTON,ercot:NP4-190-CD,https://www.ercot.com/misdownload/servlets/mirDownload?doclookupId=1267748284,2026-09-25T06:37:47Z,2026-08-28T17:33:57Z
ercot:HB_HOUSTON,spp_dam,2026-08-29T11:00:00Z,24.83,USD/MWh,PT1H,US-TX,ercot_dam,HB_HOUSTON,ercot:NP4-190-CD,https://www.ercot.com/misdownload/servlets/mirDownload?doclookupId=1267748284,2026-09-25T06:37:47Z,2026-08-28T17:33:57Z
ercot:HB_HOUSTON,spp_dam,2026-08-29T12:00:00Z,23.91,USD/MWh,PT1H,US-TX,ercot_dam,HB_HOUSTON,ercot:NP4-190-CD,https://www.ercot.com/misdownload/servlets/mirDownload?doclookupId=1267748284,2026-09-25T06:37:47Z,2026-08-28T17:33:57Z
ercot:HB_HOUSTON,spp_dam,2026-08-29T13:00:00Z,17.84,USD/MWh,PT1H,US-TX,ercot_dam,HB_HOUSTON,ercot:NP4-190-CD,https://www.ercot.com/misdownload/servlets/mirDownload?doclookupId=1267748284,2026-09-25T06:37:47Z,2026-08-28T17:33:57Z
ercot:HB_HOUSTON,spp_dam,2026-08-29T14:00:00Z,17.16,USD/MWh,PT1H,US-TX,ercot_dam,HB_HOUSTON,ercot:NP4-190-CD,https://www.ercot.com/misdownload/servlets/mirDownload?doclookupId=1267748284,2026-09-25T06:37:47Z,2026-08-28T17:33:57Z
ercot:HB_HOUSTON,spp_dam,2026-08-29T15:00:00Z,18.53,USD/MWh,PT1H,US-TX,ercot_dam,HB_HOUSTON,ercot:NP4-190-CD,https://www.ercot.com/misdownload/servlets/mirDownload?doclookupId=1267748284,2026-09-25T06:37:47Z,2026-08-28T17:33:57Z
ercot:HB_HOUSTON,spp_dam,2026-08-29T16:00:00Z,20.95,USD/MWh,PT1H,US-TX,ercot_dam,HB_HOUSTON,ercot:NP4-190-CD,https://www.ercot.com/misdownload/servlets/mirDownload?doclookupId=1267748284,2026-09-25T06:37:47Z,2026-08-28T17:33:57Z
ercot:HB_HOUSTON,spp_dam,2026-08-29T17:00:00Z,25.94,USD/MWh,PT1H,US-TX,ercot_dam,HB_HOUSTON,ercot:NP4-190-CD,https://www.ercot.com/misdownload/servlets/mirDownload?doclookupId=1267748284,2026-09-25T06:37:47Z,2026-08-28T17:33:57Z
ercot:HB_HOUSTON,spp_dam,2026-08-29T18:00:00Z,29.04,USD/MWh,PT1H,US-TX,ercot_dam,HB_HOUSTON,ercot:NP4-190-CD,https://www.ercot.com/misdownload/servlets/mirDownload?doclookupId=1267748284,2026-09-25T06:37:47Z,2026-08-28T17:33:57Z
ercot:HB_HOUSTON,spp_dam,2026-08-29T19:00:00Z,32.54,USD/MWh,PT1H,US-TX,ercot_dam,HB_HOUSTON,ercot:NP4-190-CD,https://www.ercot.com/misdownload/servlets/mirDownload?doclookupId=1267748284,2026-09-25T06:37:47Z,2026-08-28T17:33:57Z
ercot:HB_HOUSTON,spp_dam,2026-08-29T20:00:00Z,33.94,USD/MWh,PT1H,US-TX,ercot_dam,HB_HOUSTON,ercot:NP4-190-CD,https://www.ercot.com/misdownload/servlets/mirDownload?doclookupId=1267748284,2026-09-25T06:37:47Z,2026-08-28T17:33:57Z
ercot:HB_HOUSTON,spp_dam,2026-08-29T21:00:00Z,33.98,USD/MWh,PT1H,US-TX,ercot_dam,HB_HOUSTON,ercot:NP4-190-CD,https://www.ercot.com/misdownload/servlets/mirDownload?doclookupId=1267748284,2026-09-25T06:37:47Z,2026-08-28T17:33:57Z
ercot:HB_HOUSTON,spp_dam,2026-08-29T22:00:00Z,34.86,USD/MWh,PT1H,US-TX,ercot_dam,HB_HOUSTON,ercot:NP4-190-CD,https://www.ercot.com/misdownload/servlets/mirDownload?doclookupId=1267748284,2026-09-25T06:37:47Z,2026-08-28T17:33:57Z
ercot:HB_HOUSTON,spp_dam,2026-08-29T23:00:00Z,50.09,USD/MWh,PT1H,US-TX,ercot_dam,HB_HOUSTON,ercot:NP4-190-CD,https://www.ercot.com/misdownload/servlets/mirDownload?doclookupId=1267748284,2026-09-25T06:37:47Z,2026-08-28T17:33:57Z
ercot:HB_HOUSTON,spp_dam,2026-08-30T00:00:00Z,62.19,USD/MWh,PT1H,US-TX,ercot_dam,HB_HOUSTON,ercot:NP4-190-CD,https://www.ercot.com/misdownload/servlets/mirDownload?doclookupId=1267748284,2026-09-25T06:37:47Z,2026-08-28T17:33:57Z
ercot:HB_HOUSTON,spp_dam,2026-08-30T01:00:00Z,57.93,USD/MWh,PT1H,US-TX,ercot_dam,HB_HOUSTON,ercot:NP4-190-CD,https://www.ercot.com/misdownload/servlets/mirDownload?doclookupId=1267748284,2026-09-25T06:37:47Z,2026-08-28T17:33:57Z
ercot:HB_HOUSTON,spp_dam,2026-08-30T02:00:00Z,50.53,USD/MWh,PT1H,US-TX,ercot_dam,HB_HOUSTON,ercot:NP4-190-CD,https://www.ercot.com/misdownload/servlets/mirDownload?doclookupId=1267748284,2026-09-25T06:37:47Z,2026-08-28T17:33:57Z
ercot:HB_HOUSTON,spp_dam,2026-08-30T03:00:00Z,36.06,USD/MWh,PT1H,US-TX,ercot_dam,HB_HOUSTON,ercot:NP4-190-CD,https://www.ercot.com/misdownload/servlets/mirDownload?doclookupId=1267748284,2026-09-25T06:37:47Z,2026-08-28T17:33:57Z
ercot:HB_HOUSTON,spp_dam,2026-08-30T04:00:00Z,29.38,USD/MWh,PT1H,US-TX,ercot_dam,HB_HOUSTON,ercot:NP4-190-CD,https://www.ercot.com/misdownload/servlets/mirDownload?doclookupId=1267748284,2026-09-25T06:37:47Z,2026-08-28T17:33:57Z
ercot:HB_HOUSTON,spp_dam,2026-08-30T05:00:00Z,23.42,USD/MWh,PT1H,US-TX,ercot_dam,HB_HOUSTON,ercot:NP4-190-CD,https://www.ercot.com/misdownload/servlets/mirDownload?doclookupId=1268138600,2026-09-25T06:37:46Z,2026-08-29T17:52:11Z
ercot:HB_HOUSTON,spp_dam,2026-08-30T06:00:00Z,21.94,USD/MWh,PT1H,US-TX,ercot_dam,HB_HOUSTON,ercot:NP4-190-CD,https://www.ercot.com/misdownload/servlets/mirDownload?doclookupId=1268138600,2026-09-25T06:37:46Z,2026-08-29T17:52:11Z
ercot:HB_HOUSTON,spp_dam,2026-08-30T07:00:00Z,21.2,USD/MWh,PT1H,US-TX,ercot_dam,HB_HOUSTON,ercot:NP4-190-CD,https://www.ercot.com/misdownload/servlets/mirDownload?doclookupId=1268138600,2026-09-25T06:37:46Z,2026-08-29T17:52:11Z
ercot:HB_HOUSTON,spp_dam,2026-08-30T08:00:00Z,20.1,USD/MWh,PT1H,US-TX,ercot_dam,HB_HOUSTON,ercot:NP4-190-CD,https://www.ercot.com/misdownload/servlets/mirDownload?doclookupId=1268138600,2026-09-25T06:37:46Z,2026-08-29T17:52:11Z
ercot:HB_HOUSTON,spp_dam,2026-08-30T09:00:00Z,19.75,USD/MWh,PT1H,US-TX,ercot_dam,HB_HOUSTON,ercot:NP4-190-CD,https://www.ercot.com/misdownload/servlets/mirDownload?doclookupId=1268138600,2026-09-25T06:37:46Z,2026-08-29T17:52:11Z
ercot:HB_HOUSTON,spp_dam,2026-08-30T10:00:00Z,19.71,USD/MWh,PT1H,US-TX,ercot_dam,HB_HOUSTON,ercot:NP4-190-CD,https://www.ercot.com/misdownload/servlets/mirDownload?doclookupId=1268138600,2026-09-25T06:37:46Z,2026-08-29T17:52:11Z
ercot:HB_HOUSTON,spp_dam,2026-08-30T11:00:00Z,19.33,USD/MWh,PT1H,US-TX,ercot_dam,HB_HOUSTON,ercot:NP4-190-CD,https://www.ercot.com/misdownload/servlets/mirDownload?doclookupId=1268138600,2026-09-25T06:37:46Z,2026-08-29T17:52:11Z
ercot:HB_HOUSTON,spp_dam,2026-08-30T12:00:00Z,18.44,USD/MWh,PT1H,US-TX,ercot_dam,HB_HOUSTON,ercot:NP4-190-CD,https://www.ercot.com/misdownload/servlets/mirDownload?doclookupId=1268138600,2026-09-25T06:37:46Z,2026-08-29T17:52:11Z
ercot:HB_HOUSTON,spp_dam,2026-08-30T13:00:00Z,14.73,USD/MWh,PT1H,US-TX,ercot_dam,HB_HOUSTON,ercot:NP4-190-CD,https://www.ercot.com/misdownload/servlets/mirDownload?doclookupId=1268138600,2026-09-25T06:37:46Z,2026-08-29T17:52:11Z
ercot:HB_HOUSTON,spp_dam,2026-08-30T14:00:00Z,13.5,USD/MWh,PT1H,US-TX,ercot_dam,HB_HOUSTON,ercot:NP4-190-CD,https://www.ercot.com/misdownload/servlets/mirDownload?doclookupId=1268138600,2026-09-25T06:37:46Z,2026-08-29T17:52:11Z
ercot:HB_HOUSTON,spp_dam,2026-08-30T15:00:00Z,16.52,USD/MWh,PT1H,US-TX,ercot_dam,HB_HOUSTON,ercot:NP4-190-CD,https://www.ercot.com/misdownload/servlets/mirDownload?doclookupId=1268138600,2026-09-25T06:37:46Z,2026-08-29T17:52:11Z
ercot:HB_HOUSTON,spp_dam,2026-08-30T16:00:00Z,19.41,USD/MWh,PT1H,US-TX,ercot_dam,HB_HOUSTON,ercot:NP4-190-CD,https://www.ercot.com/misdownload/servlets/mirDownload?doclookupId=1268138600,2026-09-25T06:37:46Z,2026-08-29T17:52:11Z
ercot:HB_HOUSTON,spp_dam,2026-08-30T17:00:00Z,23.02,USD/MWh,PT1H,US-TX,ercot_dam,HB_HOUSTON,ercot:NP4-190-CD,https://www.ercot.com/misdownload/servlets/mirDownload?doclookupId=1268138600,2026-09-25T06:37:46Z,2026-08-29T17:52:11Z
ercot:HB_HOUSTON,spp_dam,2026-08-30T18:00:00Z,26.6,USD/MWh,PT1H,US-TX,ercot_dam,HB_HOUSTON,ercot:NP4-190-CD,https://www.ercot.com/misdownload/servlets/mirDownload?doclookupId=1268138600,2026-09-25T06:37:46Z,2026-08-29T17:52:11Z
ercot:HB_HOUSTON,spp_dam,2026-08-30T19:00:00Z,30.67,USD/MWh,PT1H,US-TX,ercot_dam,HB_HOUSTON,ercot:NP4-190-CD,https://www.ercot.com/misdownload/servlets/mirDownload?doclookupId=1268138600,2026-09-25T06:37:46Z,2026-08-29T17:52:11Z
ercot:HB_HOUSTON,spp_dam,2026-08-30T20:00:00Z,32.28,USD/MWh,PT1H,US-TX,ercot_dam,HB_HOUSTON,ercot:NP4-190-CD,https://www.ercot.com/misdownload/servlets/mirDownload?doclookupId=1268138600,2026-09-25T06:37:46Z,2026-08-29T17:52:11Z
ercot:HB_HOUSTON,spp_dam,2026-08-30T21:00:00Z,34.59,USD/MWh,PT1H,US-TX,ercot_dam,HB_HOUSTON,ercot:NP4-190-CD,https://www.ercot.com/misdownload/servlets/mirDownload?doclookupId=1268138600,2026-09-25T06:37:46Z,2026-08-29T17:52:11Z
ercot:HB_HOUSTON,spp_dam,2026-08-30T22:00:00Z,33.96,USD/MWh,PT1H,US-TX,ercot_dam,HB_HOUSTON,ercot:NP4-190-CD,https://www.ercot.com/misdownload/servlets/mirDownload?doclookupId=1268138600,2026-09-25T06:37:46Z,2026-08-29T17:52:11Z
ercot:HB_HOUSTON,spp_dam,2026-08-30T23:00:00Z,42.03,USD/MWh,PT1H,US-TX,ercot_dam,HB_HOUSTON,ercot:NP4-190-CD,https://www.ercot.com/misdownload/servlets/mirDownload?doclookupId=1268138600,2026-09-25T06:37:46Z,2026-08-29T17:52:11Z
ercot:HB_HOUSTON,spp_dam,2026-08-31T00:00:00Z,55.81,USD/MWh,PT1H,US-TX,ercot_dam,HB_HOUSTON,ercot:NP4-190-CD,https://www.ercot.com/misdownload/servlets/mirDownload?doclookupId=1268138600,2026-09-25T06:37:46Z,2026-08-29T17:52:11Z
ercot:HB_HOUSTON,spp_dam,2026-08-31T01:00:00Z,49.73,USD/MWh,PT1H,US-TX,ercot_dam,HB_HOUSTON,ercot:NP4-190-CD,https://www.ercot.com/misdownload/servlets/mirDownload?doclookupId=1268138600,2026-09-25T06:37:46Z,2026-08-29T17:52:11Z
ercot:HB_HOUSTON,spp_dam,2026-08-31T02:00:00Z,43.53,USD/MWh,PT1H,US-TX,ercot_dam,HB_HOUSTON,ercot:NP4-190-CD,https://www.ercot.com/misdownload/servlets/mirDownload?doclookupId=1268138600,2026-09-25T06:37:46Z,2026-08-29T17:52:11Z
ercot:HB_HOUSTON,spp_dam,2026-08-31T03:00:00Z,35.41,USD/MWh,PT1H,US-TX,ercot_dam,HB_HOUSTON,ercot:NP4-190-CD,https://www.ercot.com/misdownload/servlets/mirDownload?doclookupId=1268138600,2026-09-25T06:37:46Z,2026-08-29T17:52:11Z
ercot:HB_HOUSTON,spp_dam,2026-08-31T04:00:00Z,24.84,USD/MWh,PT1H,US-TX,ercot_dam,HB_HOUSTON,ercot:NP4-190-CD,https://www.ercot.com/misdownload/servlets/mirDownload?doclookupId=1268138600,2026-09-25T06:37:46Z,2026-08-29T17:52:11Z
ercot:HB_HOUSTON,spp_dam,2026-08-31T05:00:00Z,23.89,USD/MWh,PT1H,US-TX,ercot_dam,HB_HOUSTON,ercot:NP4-190-CD,https://www.ercot.com/misdownload/servlets/mirDownload?doclookupId=1268525450,2026-09-25T06:37:45Z,2026-08-30T18:00:59Z
ercot:HB_HOUSTON,spp_dam,2026-08-31T06:00:00Z,21.89,USD/MWh,PT1H,US-TX,ercot_dam,HB_HOUSTON,ercot:NP4-190-CD,https://www.ercot.com/misdownload/servlets/mirDownload?doclookupId=1268525450,2026-09-25T06:37:45Z,2026-08-30T18:00:59Z
ercot:HB_HOUSTON,spp_dam,2026-08-31T07:00:00Z,21.46,USD/MWh,PT1H,US-TX,ercot_dam,HB_HOUSTON,ercot:NP4-190-CD,https://www.ercot.com/misdownload/servlets/mirDownload?doclookupId=1268525450,2026-09-25T06:37:45Z,2026-08-30T18:00:59Z
ercot:HB_HOUSTON,spp_dam,2026-08-31T08:00:00Z,20.97,USD/MWh,PT1H,US-TX,ercot_dam,HB_HOUSTON,ercot:NP4-190-CD,https://www.ercot.com/misdownload/servlets/mirDownload?doclookupId=1268525450,2026-09-25T06:37:45Z,2026-08-30T18:00:59Z
ercot:HB_HOUSTON,spp_dam,2026-08-31T09:00:00Z,21.18,USD/MWh,PT1H,US-TX,ercot_dam,HB_HOUSTON,ercot:NP4-190-CD,https://www.ercot.com/misdownload/servlets/mirDownload?doclookupId=1268525450,2026-09-25T06:37:45Z,2026-08-30T18:00:59Z
ercot:HB_HOUSTON,spp_dam,2026-08-31T10:00:00Z,22.88,USD/MWh,PT1H,US-TX,ercot_dam,HB_HOUSTON,ercot:NP4-190-CD,https://www.ercot.com/misdownload/servlets/mirDownload?doclookupId=1268525450,2026-09-25T06:37:45Z,2026-08-30T18:00:59Z
ercot:HB_HOUSTON,spp_dam,2026-08-31T11:00:00Z,24.41,USD/MWh,PT1H,US-TX,ercot_dam,HB_HOUSTON,ercot:NP4-190-CD,https://www.ercot.com/misdownload/servlets/mirDownload?doclookupId=1268525450,2026-09-25T06:37:45Z,2026-08-30T18:00:59Z
ercot:HB_HOUSTON,spp_dam,2026-08-31T12:00:00Z,24.1,USD/MWh,PT1H,US-TX,ercot_dam,HB_HOUSTON,ercot:NP4-190-CD,https://www.ercot.com/misdownload/servlets/mirDownload?doclookupId=1268525450,2026-09-25T06:37:45Z,2026-08-30T18:00:59Z
ercot:HB_HOUSTON,spp_dam,2026-08-31T13:00:00Z,18.54,USD/MWh,PT1H,US-TX,ercot_dam,HB_HOUSTON,ercot:NP4-190-CD,https://www.ercot.com/misdownload/servlets/mirDownload?doclookupId=1268525450,2026-09-25T06:37:45Z,2026-08-30T18:00:59Z
ercot:HB_HOUSTON,spp_dam,2026-08-31T14:00:00Z,19.13,USD/MWh,PT1H,US-TX,ercot_dam,HB_HOUSTON,ercot:NP4-190-CD,https://www.ercot.com/misdownload/servlets/mirDownload?doclookupId=1268525450,2026-09-25T06:37:45Z,2026-08-30T18:00:59Z
ercot:HB_HOUSTON,spp_dam,2026-08-31T15:00:00Z,22.36,USD/MWh,PT1H,US-TX,ercot_dam,HB_HOUSTON,ercot:NP4-190-CD,https://www.ercot.com/misdownload/servlets/mirDownload?doclookupId=1268525450,2026-09-25T06:37:45Z,2026-08-30T18:00:59Z
ercot:HB_HOUSTON,spp_dam,2026-08-31T16:00:00Z,28.43,USD/MWh,PT1H,US-TX,ercot_dam,HB_HOUSTON,ercot:NP4-190-CD,https://www.ercot.com/misdownload/servlets/mirDownload?doclookupId=1268525450,2026-09-25T06:37:45Z,2026-08-30T18:00:59Z
ercot:HB_HOUSTON,spp_dam,2026-08-31T17:00:00Z,33.85,USD/MWh,PT1H,US-TX,ercot_dam,HB_HOUSTON,ercot:NP4-190-CD,https://www.ercot.com/misdownload/servlets/mirDownload?doclookupId=1268525450,2026-09-25T06:37:45Z,2026-08-30T18:00:59Z
ercot:HB_HOUSTON,spp_dam,2026-08-31T18:00:00Z,35.67,USD/MWh,PT1H,US-TX,ercot_dam,HB_HOUSTON,ercot:NP4-190-CD,https://www.ercot.com/misdownload/servlets/mirDownload?doclookupId=1268525450,2026-09-25T06:37:45Z,2026-08-30T18:00:59Z
ercot:HB_HOUSTON,spp_dam,2026-08-31T19:00:00Z,38.66,USD/MWh,PT1H,US-TX,ercot_dam,HB_HOUSTON,ercot:NP4-190-CD,https://www.ercot.com/misdownload/servlets/mirDownload?doclookupId=1268525450,2026-09-25T06:37:45Z,2026-08-30T18:00:59Z
ercot:HB_HOUSTON,spp_dam,2026-08-31T20:00:00Z,38.9,USD/MWh,PT1H,US-TX,ercot_dam,HB_HOUSTON,ercot:NP4-190-CD,https://www.ercot.com/misdownload/servlets/mirDownload?doclookupId=1268525450,2026-09-25T06:37:45Z,2026-08-30T18:00:59Z
ercot:HB_HOUSTON,spp_dam,2026-08-31T21:00:00Z,38.94,USD/MWh,PT1H,US-TX,ercot_dam,HB_HOUSTON,ercot:NP4-190-CD,https://www.ercot.com/misdownload/servlets/mirDownload?doclookupId=1268525450,2026-09-25T06:37:45Z,2026-08-30T18:00:59Z
ercot:HB_HOUSTON,spp_dam,2026-08-31T22:00:00Z,37.03,USD/MWh,PT1H,US-TX,ercot_dam,HB_HOUSTON,ercot:NP4-190-CD,https://www.ercot.com/misdownload/servlets/mirDownload?doclookupId=1268525450,2026-09-25T06:37:45Z,2026-08-30T18:00:59Z
ercot:HB_HOUSTON,spp_dam,2026-08-31T23:00:00Z,49.59,USD/MWh,PT1H,US-TX,ercot_dam,HB_HOUSTON,ercot:NP4-190-CD,https://www.ercot.com/misdownload/servlets/mirDownload?doclookupId=1268525450,2026-09-25T06:37:45Z,2026-08-30T18:00:59Z
ercot:HB_HOUSTON,spp_dam,2026-09-01T00:00:00Z,67.54,USD/MWh,PT1H,US-TX,ercot_dam,HB_HOUSTON,ercot:NP4-190-CD,https://www.ercot.com/misdownload/servlets/mirDownload?doclookupId=1268525450,2026-09-25T06:37:45Z,2026-08-30T18:00:59Z
ercot:HB_HOUSTON,spp_dam,2026-09-01T01:00:00Z,62.21,USD/MWh,PT1H,US-TX,ercot_dam,HB_HOUSTON,ercot:NP4-190-CD,https://www.ercot.com/misdownload/servlets/mirDownload?doclookupId=1268525450,2026-09-25T06:37:45Z,2026-08-30T18:00:59Z
ercot:HB_HOUSTON,spp_dam,2026-09-01T02:00:00Z,50.15,USD/MWh,PT1H,US-TX,ercot_dam,HB_HOUSTON,ercot:NP4-190-CD,https://www.ercot.com/misdownload/servlets/mirDownload?doclookupId=1268525450,2026-09-25T06:37:45Z,2026-08-30T18:00:59Z
ercot:HB_HOUSTON,spp_dam,2026-09-01T03:00:00Z,39.83,USD/MWh,PT1H,US-TX,ercot_dam,HB_HOUSTON,ercot:NP4-190-CD,https://www.ercot.com/misdownload/servlets/mirDownload?doclookupId=1268525450,2026-09-25T06:37:45Z,2026-08-30T18:00:59Z
ercot:HB_HOUSTON,spp_dam,2026-09-01T04:00:00Z,29.11,USD/MWh,PT1H,US-TX,ercot_dam,HB_HOUSTON,ercot:NP4-190-CD,https://www.ercot.com/misdownload/servlets/mirDownload?doclookupId=1268525450,2026-09-25T06:37:45Z,2026-08-30T18:00:59Z
ercot:HB_HOUSTON,spp_dam,2026-09-01T05:00:00Z,25.79,USD/MWh,PT1H,US-TX,ercot_dam,HB_HOUSTON,ercot:NP4-190-CD,https://www.ercot.com/misdownload/servlets/mirDownload?doclookupId=1268915317,2026-09-25T06:37:44Z,2026-08-31T17:33:51Z
ercot:HB_HOUSTON,spp_dam,2026-09-01T06:00:00Z,24.03,USD/MWh,PT1H,US-TX,ercot_dam,HB_HOUSTON,ercot:NP4-190-CD,https://www.ercot.com/misdownload/servlets/mirDownload?doclookupId=1268915317,2026-09-25T06:37:44Z,2026-08-31T17:33:51Z
ercot:HB_HOUSTON,spp_dam,2026-09-01T07:00:00Z,23.88,USD/MWh,PT1H,US-TX,ercot_dam,HB_HOUSTON,ercot:NP4-190-CD,https://www.ercot.com/misdownload/servlets/mirDownload?doclookupId=1268915317,2026-09-25T06:37:44Z,2026-08-31T17:33:51Z
ercot:HB_HOUSTON,spp_dam,2026-09-01T08:00:00Z,24.56,USD/MWh,PT1H,US-TX,ercot_dam,HB_HOUSTON,ercot:NP4-190-CD,https://www.ercot.com/misdownload/servlets/mirDownload?doclookupId=1268915317,2026-09-25T06:37:44Z,2026-08-31T17:33:51Z
ercot:HB_HOUSTON,spp_dam,2026-09-01T09:00:00Z,23.6,USD/MWh,PT1H,US-TX,ercot_dam,HB_HOUSTON,ercot:NP4-190-CD,https://www.ercot.com/misdownload/servlets/mirDownload?doclookupId=1268915317,2026-09-25T06:37:44Z,2026-08-31T17:33:51Z
ercot:HB_HOUSTON,spp_dam,2026-09-01T10:00:00Z,27.79,USD/MWh,PT1H,US-TX,ercot_dam,HB_HOUSTON,ercot:NP4-190-CD,https://www.ercot.com/misdownload/servlets/mirDownload?doclookupId=1268915317,2026-09-25T06:37:44Z,2026-08-31T17:33:51Z
ercot:HB_HOUSTON,spp_dam,2026-09-01T11:00:00Z,30.93,USD/MWh,PT1H,US-TX,ercot_dam,HB_HOUSTON,ercot:NP4-190-CD,https://www.ercot.com/misdownload/servlets/mirDownload?doclookupId=1268915317,2026-09-25T06:37:44Z,2026-08-31T17:33:51Z
ercot:HB_HOUSTON,spp_dam,2026-09-01T12:00:00Z,28.56,USD/MWh,PT1H,US-TX,ercot_dam,HB_HOUSTON,ercot:NP4-190-CD,https://www.ercot.com/misdownload/servlets/mirDownload?doclookupId=1268915317,2026-09-25T06:37:44Z,2026-08-31T17:33:51Z
ercot:HB_HOUSTON,spp_dam,2026-09-01T13:00:00Z,22.19,USD/MWh,PT1H,US-TX,ercot_dam,HB_HOUSTON,ercot:NP4-190-CD,https://www.ercot.com/misdownload/servlets/mirDownload?doclookupId=1268915317,2026-09-25T06:37:44Z,2026-08-31T17:33:51Z
ercot:HB_HOUSTON,spp_dam,2026-09-01T14:00:00Z,21.39,USD/MWh,PT1H,US-TX,ercot_dam,HB_HOUSTON,ercot:NP4-190-CD,https://www.ercot.com/misdownload/servlets/mirDownload?doclookupId=1268915317,2026-09-25T06:37:44Z,2026-08-31T17:33:51Z
ercot:HB_HOUSTON,spp_dam,2026-09-01T15:00:00Z,21.59,USD/MWh,PT1H,US-TX,ercot_dam,HB_HOUSTON,ercot:NP4-190-CD,https://www.ercot.com/misdownload/servlets/mirDownload?doclookupId=1268915317,2026-09-25T06:37:44Z,2026-08-31T17:33:51Z
ercot:HB_HOUSTON,spp_dam,2026-09-01T16:00:00Z,24.85,USD/MWh,PT1H,US-TX,ercot_dam,HB_HOUSTON,ercot:NP4-190-CD,https://www.ercot.com/misdownload/servlets/mirDownload?doclookupId=1268915317,2026-09-25T06:37:44Z,2026-08-31T17:33:51Z
ercot:HB_HOUSTON,spp_dam,2026-09-01T17:00:00Z,30.29,USD/MWh,PT1H,US-TX,ercot_dam,HB_HOUSTON,ercot:NP4-190-CD,https://www.ercot.com/misdownload/servlets/mirDownload?doclookupId=1268915317,2026-09-25T06:37:44Z,2026-08-31T17:33:51Z
ercot:HB_HOUSTON,spp_dam,2026-09-01T18:00:00Z,36.05,USD/MWh,PT1H,US-TX,ercot_dam,HB_HOUSTON,ercot:NP4-190-CD,https://www.ercot.com/misdownload/servlets/mirDownload?doclookupId=1268915317,2026-09-25T06:37:44Z,2026-08-31T17:33:51Z
ercot:HB_HOUSTON,spp_dam,2026-09-01T19:00:00Z,38.99,USD/MWh,PT1H,US-TX,ercot_dam,HB_HOUSTON,ercot:NP4-190-CD,https://www.ercot.com/misdownload/servlets/mirDownload?doclookupId=1268915317,2026-09-25T06:37:44Z,2026-08-31T17:33:51Z
ercot:HB_HOUSTON,spp_dam,2026-09-01T20:00:00Z,39.24,USD/MWh,PT1H,US-TX,ercot_dam,HB_HOUSTON,ercot:NP4-190-CD,https://www.ercot.com/misdownload/servlets/mirDownload?doclookupId=1268915317,2026-09-25T06:37:44Z,2026-08-31T17:33:51Z
ercot:HB_HOUSTON,spp_dam,2026-09-01T21:00:00Z,41.05,USD/MWh,PT1H,US-TX,ercot_dam,HB_HOUSTON,ercot:NP4-190-CD,https://www.ercot.com/misdownload/servlets/mirDownload?doclookupId=1268915317,2026-09-25T06:37:44Z,2026-08-31T17:33:51Z
ercot:HB_HOUSTON,spp_dam,2026-09-01T22:00:00Z,44.26,USD/MWh,PT1H,US-TX,ercot_dam,HB_HOUSTON,ercot:NP4-190-CD,https://www.ercot.com/misdownload/servlets/mirDownload?doclookupId=1268915317,2026-09-25T06:37:44Z,2026-08-31T17:33:51Z
ercot:HB_HOUSTON,spp_dam,2026-09-01T23:00:00Z,59.94,USD/MWh,PT1H,US-TX,ercot_dam,HB_HOUSTON,ercot:NP4-190-CD,https://www.ercot.com/misdownload/servlets/mirDownload?doclookupId=1268915317,2026-09-25T06:37:44Z,2026-08-31T17:33:51Z
ercot:HB_HOUSTON,spp_dam,2026-09-02T00:00:00Z,62.12,USD/MWh,PT1H,US-TX,ercot_dam,HB_HOUSTON,ercot:NP4-190-CD,https://www.ercot.com/misdownload/servlets/mirDownload?doclookupId=1268915317,2026-09-25T06:37:44Z,2026-08-31T17:33:51Z
ercot:HB_HOUSTON,spp_dam,2026-09-02T01:00:00Z,54.0,USD/MWh,PT1H,US-TX,ercot_dam,HB_HOUSTON,ercot:NP4-190-CD,https://www.ercot.com/misdownload/servlets/mirDownload?doclookupId=1268915317,2026-09-25T06:37:44Z,2026-08-31T17:33:51Z
ercot:HB_HOUSTON,spp_dam,2026-09-02T02:00:00Z,48.04,USD/MWh,PT1H,US-TX,ercot_dam,HB_HOUSTON,ercot:NP4-190-CD,https://www.ercot.com/misdownload/servlets/mirDownload?doclookupId=1268915317,2026-09-25T06:37:44Z,2026-08-31T17:33:51Z
ercot:HB_HOUSTON,spp_dam,2026-09-02T03:00:00Z,38.12,USD/MWh,PT1H,US-TX,ercot_dam,HB_HOUSTON,ercot:NP4-190-CD,https://www.ercot.com/misdownload/servlets/mirDownload?doclookupId=1268915317,2026-09-25T06:37:44Z,2026-08-31T17:33:51Z
ercot:HB_HOUSTON,spp_dam,2026-09-02T04:00:00Z,30.83,USD/MWh,PT1H,US-TX,ercot_dam,HB_HOUSTON,ercot:NP4-190-CD,https://www.ercot.com/misdownload/servlets/mirDownload?doclookupId=1268915317,2026-09-25T06:37:44Z,2026-08-31T17:33:51Z
ercot:HB_HOUSTON,spp_dam,2026-09-02T05:00:00Z,27.2,USD/MWh,PT1H,US-TX,ercot_dam,HB_HOUSTON,ercot:NP4-190-CD,https://www.ercot.com/misdownload/servlets/mirDownload?doclookupId=1269328607,2026-09-25T06:37:43Z,2026-09-01T17:49:12Z
ercot:HB_HOUSTON,spp_dam,2026-09-02T06:00:00Z,24.89,USD/MWh,PT1H,US-TX,ercot_dam,HB_HOUSTON,ercot:NP4-190-CD,https://www.ercot.com/misdownload/servlets/mirDownload?doclookupId=1269328607,2026-09-25T06:37:43Z,2026-09-01T17:49:12Z
ercot:HB_HOUSTON,spp_dam,2026-09-02T07:00:00Z,24.01,USD/MWh,PT1H,US-TX,ercot_dam,HB_HOUSTON,ercot:NP4-190-CD,https://www.ercot.com/misdownload/servlets/mirDownload?doclookupId=1269328607,2026-09-25T06:37:43Z,2026-09-01T17:49:12Z
ercot:HB_HOUSTON,spp_dam,2026-09-02T08:00:00Z,23.91,USD/MWh,PT1H,US-TX,ercot_dam,HB_HOUSTON,ercot:NP4-190-CD,https://www.ercot.com/misdownload/servlets/mirDownload?doclookupId=1269328607,2026-09-25T06:37:43Z,2026-09-01T17:49:12Z
ercot:HB_HOUSTON,spp_dam,2026-09-02T09:00:00Z,25.46,USD/MWh,PT1H,US-TX,ercot_dam,HB_HOUSTON,ercot:NP4-190-CD,https://www.ercot.com/misdownload/servlets/mirDownload?doclookupId=1269328607,2026-09-25T06:37:43Z,2026-09-01T17:49:12Z
ercot:HB_HOUSTON,spp_dam,2026-09-02T10:00:00Z,28.22,USD/MWh,PT1H,US-TX,ercot_dam,HB_HOUSTON,ercot:NP4-190-CD,https://www.ercot.com/misdownload/servlets/mirDownload?doclookupId=1269328607,2026-09-25T06:37:43Z,2026-09-01T17:49:12Z
ercot:HB_HOUSTON,spp_dam,2026-09-02T11:00:00Z,30.42,USD/MWh,PT1H,US-TX,ercot_dam,HB_HOUSTON,ercot:NP4-190-CD,https://www.ercot.com/misdownload/servlets/mirDownload?doclookupId=1269328607,2026-09-25T06:37:43Z,2026-09-01T17:49:12Z
ercot:HB_HOUSTON,spp_dam,2026-09-02T12:00:00Z,29.75,USD/MWh,PT1H,US-TX,ercot_dam,HB_HOUSTON,ercot:NP4-190-CD,https://www.ercot.com/misdownload/servlets/mirDownload?doclookupId=1269328607,2026-09-25T06:37:43Z,2026-09-01T17:49:12Z
ercot:HB_HOUSTON,spp_dam,2026-09-02T13:00:00Z,23.85,USD/MWh,PT1H,US-TX,ercot_dam,HB_HOUSTON,ercot:NP4-190-CD,https://www.ercot.com/misdownload/servlets/mirDownload?doclookupId=1269328607,2026-09-25T06:37:43Z,2026-09-01T17:49:12Z
ercot:HB_HOUSTON,spp_dam,2026-09-02T14:00:00Z,23.03,USD/MWh,PT1H,US-TX,ercot_dam,HB_HOUSTON,ercot:NP4-190-CD,https://www.ercot.com/misdownload/servlets/mirDownload?doclookupId=1269328607,2026-09-25T06:37:43Z,2026-09-01T17:49:12Z
ercot:HB_HOUSTON,spp_dam,2026-09-02T15:00:00Z,23.19,USD/MWh,PT1H,US-TX,ercot_dam,HB_HOUSTON,ercot:NP4-190-CD,https://www.ercot.com/misdownload/servlets/mirDownload?doclookupId=1269328607,2026-09-25T06:37:43Z,2026-09-01T17:49:12Z
ercot:HB_HOUSTON,spp_dam,2026-09-02T16:00:00Z,26.6,USD/MWh,PT1H,US-TX,ercot_dam,HB_HOUSTON,ercot:NP4-190-CD,https://www.ercot.com/misdownload/servlets/mirDownload?doclookupId=1269328607,2026-09-25T06:37:43Z,2026-09-01T17:49:12Z
ercot:HB_HOUSTON,spp_dam,2026-09-02T17:00:00Z,33.12,USD/MWh,PT1H,US-TX,ercot_dam,HB_HOUSTON,ercot:NP4-190-CD,https://www.ercot.com/misdownload/servlets/mirDownload?doclookupId=1269328607,2026-09-25T06:37:43Z,2026-09-01T17:49:12Z
ercot:HB_HOUSTON,spp_dam,2026-09-02T18:00:00Z,38.47,USD/MWh,PT1H,US-TX,ercot_dam,HB_HOUSTON,ercot:NP4-190-CD,https://www.ercot.com/misdownload/servlets/mirDownload?doclookupId=1269328607,2026-09-25T06:37:43Z,2026-09-01T17:49:12Z
ercot:HB_HOUSTON,spp_dam,2026-09-02T19:00:00Z,44.42,USD/MWh,PT1H,US-TX,ercot_dam,HB_HOUSTON,ercot:NP4-190-CD,https://www.ercot.com/misdownload/servlets/mirDownload?doclookupId=1269328607,2026-09-25T06:37:43Z,2026-09-01T17:49:12Z
ercot:HB_HOUSTON,spp_dam,2026-09-02T20:00:00Z,50.81,USD/MWh,PT1H,US-TX,ercot_dam,HB_HOUSTON,ercot:NP4-190-CD,https://www.ercot.com/misdownload/servlets/mirDownload?doclookupId=1269328607,2026-09-25T06:37:43Z,2026-09-01T17:49:12Z
ercot:HB_HOUSTON,spp_dam,2026-09-02T21:00:00Z,49.74,USD/MWh,PT1H,US-TX,ercot_dam,HB_HOUSTON,ercot:NP4-190-CD,https://www.ercot.com/misdownload/servlets/mirDownload?doclookupId=1269328607,2026-09-25T06:37:43Z,2026-09-01T17:49:12Z
ercot:HB_HOUSTON,spp_dam,2026-09-02T22:00:00Z,54.79,USD/MWh,PT1H,US-TX,ercot_dam,HB_HOUSTON,ercot:NP4-190-CD,https://www.ercot.com/misdownload/servlets/mirDownload?doclookupId=1269328607,2026-09-25T06:37:43Z,2026-09-01T17:49:12Z
ercot:HB_HOUSTON,spp_dam,2026-09-02T23:00:00Z,62.43,USD/MWh,PT1H,US-TX,ercot_dam,HB_HOUSTON,ercot:NP4-190-CD,https://www.ercot.com/misdownload/servlets/mirDownload?doclookupId=1269328607,2026-09-25T06:37:43Z,2026-09-01T17:49:12Z
ercot:HB_HOUSTON,spp_dam,2026-09-03T00:00:00Z,60.47,USD/MWh,PT1H,US-TX,ercot_dam,HB_HOUSTON,ercot:NP4-190-CD,https://www.ercot.com/misdownload/servlets/mirDownload?doclookupId=1269328607,2026-09-25T06:37:43Z,2026-09-01T17:49:12Z
ercot:HB_HOUSTON,spp_dam,2026-09-03T01:00:00Z,53.13,USD/MWh,PT1H,US-TX,ercot_dam,HB_HOUSTON,ercot:NP4-190-CD,https://www.ercot.com/misdownload/servlets/mirDownload?doclookupId=1269328607,2026-09-25T06:37:43Z,2026-09-01T17:49:12Z
ercot:HB_HOUSTON,spp_dam,2026-09-03T02:00:00Z,44.1,USD/MWh,PT1H,US-TX,ercot_dam,HB_HOUSTON,ercot:NP4-190-CD,https://www.ercot.com/misdownload/servlets/mirDownload?doclookupId=1269328607,2026-09-25T06:37:43Z,2026-09-01T17:49:12Z
ercot:HB_HOUSTON,spp_dam,2026-09-03T03:00:00Z,33.64,USD/MWh,PT1H,US-TX,ercot_dam,HB_HOUSTON,ercot:NP4-190-CD,https://www.ercot.com/misdownload/servlets/mirDownload?doclookupId=1269328607,2026-09-25T06:37:43Z,2026-09-01T17:49:12Z
ercot:HB_HOUSTON,spp_dam,2026-09-03T04:00:00Z,28.19,USD/MWh,PT1H,US-TX,ercot_dam,HB_HOUSTON,ercot:NP4-190-CD,https://www.ercot.com/misdownload/servlets/mirDownload?doclookupId=1269328607,2026-09-25T06:37:43Z,2026-09-01T17:49:12Z
ercot:HB_HOUSTON,spp_dam,2026-09-03T05:00:00Z,26.39,USD/MWh,PT1H,US-TX,ercot_dam,HB_HOUSTON,ercot:NP4-190-CD,https://www.ercot.com/misdownload/servlets/mirDownload?doclookupId=1269724005,2026-09-25T06:37:42Z,2026-09-02T17:37:16Z
ercot:HB_HOUSTON,spp_dam,2026-09-03T06:00:00Z,24.77,USD/MWh,PT1H,US-TX,ercot_dam,HB_HOUSTON,ercot:NP4-190-CD,https://www.ercot.com/misdownload/servlets/mirDownload?doclookupId=1269724005,2026-09-25T06:37:42Z,2026-09-02T17:37:16Z
ercot:HB_HOUSTON,spp_dam,2026-09-03T07:00:00Z,25.2,USD/MWh,PT1H,US-TX,ercot_dam,HB_HOUSTON,ercot:NP4-190-CD,https://www.ercot.com/misdownload/servlets/mirDownload?doclookupId=1269724005,2026-09-25T06:37:42Z,2026-09-02T17:37:16Z
ercot:HB_HOUSTON,spp_dam,2026-09-03T08:00:00Z,25.26,USD/MWh,PT1H,US-TX,ercot_dam,HB_HOUSTON,ercot:NP4-190-CD,https://www.ercot.com/misdownload/servlets/mirDownload?doclookupId=1269724005,2026-09-25T06:37:42Z,2026-09-02T17:37:16Z
ercot:HB_HOUSTON,spp_dam,2026-09-03T09:00:00Z,25.11,USD/MWh,PT1H,US-TX,ercot_dam,HB_HOUSTON,ercot:NP4-190-CD,https://www.ercot.com/misdownload/servlets/mirDownload?doclookupId=1269724005,2026-09-25T06:37:42Z,2026-09-02T17:37:16Z
ercot:HB_HOUSTON,spp_dam,2026-09-03T10:00:00Z,29.21,USD/MWh,PT1H,US-TX,ercot_dam,HB_HOUSTON,ercot:NP4-190-CD,https://www.ercot.com/misdownload/servlets/mirDownload?doclookupId=1269724005,2026-09-25T06:37:42Z,2026-09-02T17:37:16Z
ercot:HB_HOUSTON,spp_dam,2026-09-03T11:00:00Z,31.79,USD/MWh,PT1H,US-TX,ercot_dam,HB_HOUSTON,ercot:NP4-190-CD,https://www.ercot.com/misdownload/servlets/mirDownload?doclookupId=1269724005,2026-09-25T06:37:42Z,2026-09-02T17:37:16Z
ercot:HB_HOUSTON,spp_dam,2026-09-03T12:00:00Z,31.04,USD/MWh,PT1H,US-TX,ercot_dam,HB_HOUSTON,ercot:NP4-190-CD,https://www.ercot.com/misdownload/servlets/mirDownload?doclookupId=1269724005,2026-09-25T06:37:42Z,2026-09-02T17:37:16Z
ercot:HB_HOUSTON,spp_dam,2026-09-03T13:00:00Z,26.28,USD/MWh,PT1H,US-TX,ercot_dam,HB_HOUSTON,ercot:NP4-190-CD,https://www.ercot.com/misdownload/servlets/mirDownload?doclookupId=1269724005,2026-09-25T06:37:42Z,2026-09-02T17:37:16Z
ercot:HB_HOUSTON,spp_dam,2026-09-03T14:00:00Z,25.37,USD/MWh,PT1H,US-TX,ercot_dam,HB_HOUSTON,ercot:NP4-190-CD,https://www.ercot.com/misdownload/servlets/mirDownload?doclookupId=1269724005,2026-09-25T06:37:42Z,2026-09-02T17:37:16Z
ercot:HB_HOUSTON,spp_dam,2026-09-03T15:00:00Z,26.71,USD/MWh,PT1H,US-TX,ercot_dam,HB_HOUSTON,ercot:NP4-190-CD,https://www.ercot.com/misdownload/servlets/mirDownload?doclookupId=1269724005,2026-09-25T06:37:42Z,2026-09-02T17:37:16Z
ercot:HB_HOUSTON,spp_dam,2026-09-03T16:00:00Z,29.38,USD/MWh,PT1H,US-TX,ercot_dam,HB_HOUSTON,ercot:NP4-190-CD,https://www.ercot.com/misdownload/servlets/mirDownload?doclookupId=1269724005,2026-09-25T06:37:42Z,2026-09-02T17:37:16Z
ercot:HB_HOUSTON,spp_dam,2026-09-03T17:00:00Z,34.73,USD/MWh,PT1H,US-TX,ercot_dam,HB_HOUSTON,ercot:NP4-190-CD,https://www.ercot.com/misdownload/servlets/mirDownload?doclookupId=1269724005,2026-09-25T06:37:42Z,2026-09-02T17:37:16Z
ercot:HB_HOUSTON,spp_dam,2026-09-03T18:00:00Z,38.28,USD/MWh,PT1H,US-TX,ercot_dam,HB_HOUSTON,ercot:NP4-190-CD,https://www.ercot.com/misdownload/servlets/mirDownload?doclookupId=1269724005,2026-09-25T06:37:42Z,2026-09-02T17:37:16Z
ercot:HB_HOUSTON,spp_dam,2026-09-03T19:00:00Z,41.0,USD/MWh,PT1H,US-TX,ercot_dam,HB_HOUSTON,ercot:NP4-190-CD,https://www.ercot.com/misdownload/servlets/mirDownload?doclookupId=1269724005,2026-09-25T06:37:42Z,2026-09-02T17:37:16Z
ercot:HB_HOUSTON,spp_dam,2026-09-03T20:00:00Z,41.81,USD/MWh,PT1H,US-TX,ercot_dam,HB_HOUSTON,ercot:NP4-190-CD,https://www.ercot.com/misdownload/servlets/mirDownload?doclookupId=1269724005,2026-09-25T06:37:42Z,2026-09-02T17:37:16Z
ercot:HB_HOUSTON,spp_dam,2026-09-03T21:00:00Z,41.83,USD/MWh,PT1H,US-TX,ercot_dam,HB_HOUSTON,ercot:NP4-190-CD,https://www.ercot.com/misdownload/servlets/mirDownload?doclookupId=1269724005,2026-09-25T06:37:42Z,2026-09-02T17:37:16Z
ercot:HB_HOUSTON,spp_dam,2026-09-03T22:00:00Z,44.74,USD/MWh,PT1H,US-TX,ercot_dam,HB_HOUSTON,ercot:NP4-190-CD,https://www.ercot.com/misdownload/servlets/mirDownload?doclookupId=1269724005,2026-09-25T06:37:42Z,2026-09-02T17:37:16Z
ercot:HB_HOUSTON,spp_dam,2026-09-03T23:00:00Z,53.74,USD/MWh,PT1H,US-TX,ercot_dam,HB_HOUSTON,ercot:NP4-190-CD,https://www.ercot.com/misdownload/servlets/mirDownload?doclookupId=1269724005,2026-09-25T06:37:42Z,2026-09-02T17:37:16Z
ercot:HB_HOUSTON,spp_dam,2026-09-04T00:00:00Z,55.42,USD/MWh,PT1H,US-TX,ercot_dam,HB_HOUSTON,ercot:NP4-190-CD,https://www.ercot.com/misdownload/servlets/mirDownload?doclookupId=1269724005,2026-09-25T06:37:42Z,2026-09-02T17:37:16Z
ercot:HB_HOUSTON,spp_dam,2026-09-04T01:00:00Z,52.43,USD/MWh,PT1H,US-TX,ercot_dam,HB_HOUSTON,ercot:NP4-190-CD,https://www.ercot.com/misdownload/servlets/mirDownload?doclookupId=1269724005,2026-09-25T06:37:42Z,2026-09-02T17:37:16Z
ercot:HB_HOUSTON,spp_dam,2026-09-04T02:00:00Z,41.17,USD/MWh,PT1H,US-TX,ercot_dam,HB_HOUSTON,ercot:NP4-190-CD,https://www.ercot.com/misdownload/servlets/mirDownload?doclookupId=1269724005,2026-09-25T06:37:42Z,2026-09-02T17:37:16Z
ercot:HB_HOUSTON,spp_dam,2026-09-04T03:00:00Z,33.66,USD/MWh,PT1H,US-TX,ercot_dam,HB_HOUSTON,ercot:NP4-190-CD,https://www.ercot.com/misdownload/servlets/mirDownload?doclookupId=1269724005,2026-09-25T06:37:42Z,2026-09-02T17:37:16Z
ercot:HB_HOUSTON,spp_dam,2026-09-04T04:00:00Z,26.87,USD/MWh,PT1H,US-TX,ercot_dam,HB_HOUSTON,ercot:NP4-190-CD,https://www.ercot.com/misdownload/servlets/mirDownload?doclookupId=1269724005,2026-09-25T06:37:42Z,2026-09-02T17:37:16Z
ercot:HB_HOUSTON,spp_dam,2026-09-04T05:00:00Z,28.76,USD/MWh,PT1H,US-TX,ercot_dam,HB_HOUSTON,ercot:NP4-190-CD,https://www.ercot.com/misdownload/servlets/mirDownload?doclookupId=1270120604,2026-09-25T06:37:41Z,2026-09-03T17:32:53Z
ercot:HB_HOUSTON,spp_dam,2026-09-04T06:00:00Z,26.25,USD/MWh,PT1H,US-TX,ercot_dam,HB_HOUSTON,ercot:NP4-190-CD,https://www.ercot.com/misdownload/servlets/mirDownload?doclookupId=1270120604,2026-09-25T06:37:41Z,2026-09-03T17:32:53Z
ercot:HB_HOUSTON,spp_dam,2026-09-04T07:00:00Z,25.87,USD/MWh,PT1H,US-TX,ercot_dam,HB_HOUSTON,ercot:NP4-190-CD,https://www.ercot.com/misdownload/servlets/mirDownload?doclookupId=1270120604,2026-09-25T06:37:41Z,2026-09-03T17:32:53Z
ercot:HB_HOUSTON,spp_dam,2026-09-04T08:00:00Z,25.98,USD/MWh,PT1H,US-TX,ercot_dam,HB_HOUSTON,ercot:NP4-190-CD,https://www.ercot.com/misdownload/servlets/mirDownload?doclookupId=1270120604,2026-09-25T06:37:41Z,2026-09-03T17:32:53Z
ercot:HB_HOUSTON,spp_dam,2026-09-04T09:00:00Z,27.13,USD/MWh,PT1H,US-TX,ercot_dam,HB_HOUSTON,ercot:NP4-190-CD,https://www.ercot.com/misdownload/servlets/mirDownload?doclookupId=1270120604,2026-09-25T06:37:41Z,2026-09-03T17:32:53Z
ercot:HB_HOUSTON,spp_dam,2026-09-04T10:00:00Z,30.07,USD/MWh,PT1H,US-TX,ercot_dam,HB_HOUSTON,ercot:NP4-190-CD,https://www.ercot.com/misdownload/servlets/mirDownload?doclookupId=1270120604,2026-09-25T06:37:41Z,2026-09-03T17:32:53Z
ercot:HB_HOUSTON,spp_dam,2026-09-04T11:00:00Z,31.66,USD/MWh,PT1H,US-TX,ercot_dam,HB_HOUSTON,ercot:NP4-190-CD,https://www.ercot.com/misdownload/servlets/mirDownload?doclookupId=1270120604,2026-09-25T06:37:41Z,2026-09-03T17:32:53Z
ercot:HB_HOUSTON,spp_dam,2026-09-04T12:00:00Z,30.99,USD/MWh,PT1H,US-TX,ercot_dam,HB_HOUSTON,ercot:NP4-190-CD,https://www.ercot.com/misdownload/servlets/mirDownload?doclookupId=1270120604,2026-09-25T06:37:41Z,2026-09-03T17:32:53Z
ercot:HB_HOUSTON,spp_dam,2026-09-04T13:00:00Z,24.85,USD/MWh,PT1H,US-TX,ercot_dam,HB_HOUSTON,ercot:NP4-190-CD,https://www.ercot.com/misdownload/servlets/mirDownload?doclookupId=1270120604,2026-09-25T06:37:41Z,2026-09-03T17:32:53Z
ercot:HB_HOUSTON,spp_dam,2026-09-04T14:00:00Z,24.05,USD/MWh,PT1H,US-TX,ercot_dam,HB_HOUSTON,ercot:NP4-190-CD,https://www.ercot.com/misdownload/servlets/mirDownload?doclookupId=1270120604,2026-09-25T06:37:41Z,2026-09-03T17:32:53Z
ercot:HB_HOUSTON,spp_dam,2026-09-04T15:00:00Z,24.38,USD/MWh,PT1H,US-TX,ercot_dam,HB_HOUSTON,ercot:NP4-190-CD,https://www.ercot.com/misdownload/servlets/mirDownload?doclookupId=1270120604,2026-09-25T06:37:41Z,2026-09-03T17:32:53Z
ercot:HB_HOUSTON,spp_dam,2026-09-04T16:00:00Z,26.51,USD/MWh,PT1H,US-TX,ercot_dam,HB_HOUSTON,ercot:NP4-190-CD,https://www.ercot.com/misdownload/servlets/mirDownload?doclookupId=1270120604,2026-09-25T06:37:41Z,2026-09-03T17:32:53Z
ercot:HB_HOUSTON,spp_dam,2026-09-04T17:00:00Z,30.17,USD/MWh,PT1H,US-TX,ercot_dam,HB_HOUSTON,ercot:NP4-190-CD,https://www.ercot.com/misdownload/servlets/mirDownload?doclookupId=1270120604,2026-09-25T06:37:41Z,2026-09-03T17:32:53Z
ercot:HB_HOUSTON,spp_dam,2026-09-04T18:00:00Z,33.07,USD/MWh,PT1H,US-TX,ercot_dam,HB_HOUSTON,ercot:NP4-190-CD,https://www.ercot.com/misdownload/servlets/mirDownload?doclookupId=1270120604,2026-09-25T06:37:41Z,2026-09-03T17:32:53Z
ercot:HB_HOUSTON,spp_dam,2026-09-04T19:00:00Z,35.41,USD/MWh,PT1H,US-TX,ercot_dam,HB_HOUSTON,ercot:NP4-190-CD,https://www.ercot.com/misdownload/servlets/mirDownload?doclookupId=1270120604,2026-09-25T06:37:41Z,2026-09-03T17:32:53Z
ercot:HB_HOUSTON,spp_dam,2026-09-04T20:00:00Z,35.64,USD/MWh,PT1H,US-TX,ercot_dam,HB_HOUSTON,ercot:NP4-190-CD,https://www.ercot.com/misdownload/servlets/mirDownload?doclookupId=1270120604,2026-09-25T06:37:41Z,2026-09-03T17:32:53Z
ercot:HB_HOUSTON,spp_dam,2026-09-04T21:00:00Z,36.24,USD/MWh,PT1H,US-TX,ercot_dam,HB_HOUSTON,ercot:NP4-190-CD,https://www.ercot.com/misdownload/servlets/mirDownload?doclookupId=1270120604,2026-09-25T06:37:41Z,2026-09-03T17:32:53Z
ercot:HB_HOUSTON,spp_dam,2026-09-04T22:00:00Z,35.14,USD/MWh,PT1H,US-TX,ercot_dam,HB_HOUSTON,ercot:NP4-190-CD,https://www.ercot.com/misdownload/servlets/mirDownload?doclookupId=1270120604,2026-09-25T06:37:41Z,2026-09-03T17:32:53Z
ercot:HB_HOUSTON,spp_dam,2026-09-04T23:00:00Z,44.48,USD/MWh,PT1H,US-TX,ercot_dam,HB_HOUSTON,ercot:NP4-190-CD,https://www.ercot.com/misdownload/servlets/mirDownload?doclookupId=1270120604,2026-09-25T06:37:41Z,2026-09-03T17:32:53Z
ercot:HB_HOUSTON,spp_dam,2026-09-05T00:00:00Z,49.26,USD/MWh,PT1H,US-TX,ercot_dam,HB_HOUSTON,ercot:NP4-190-CD,https://www.ercot.com/misdownload/servlets/mirDownload?doclookupId=1270120604,2026-09-25T06:37:41Z,2026-09-03T17:32:53Z
ercot:HB_HOUSTON,spp_dam,2026-09-05T01:00:00Z,45.52,USD/MWh,PT1H,US-TX,ercot_dam,HB_HOUSTON,ercot:NP4-190-CD,https://www.ercot.com/misdownload/servlets/mirDownload?doclookupId=1270120604,2026-09-25T06:37:41Z,2026-09-03T17:32:53Z
ercot:HB_HOUSTON,spp_dam,2026-09-05T02:00:00Z,39.11,USD/MWh,PT1H,US-TX,ercot_dam,HB_HOUSTON,ercot:NP4-190-CD,https://www.ercot.com/misdownload/servlets/mirDownload?doclookupId=1270120604,2026-09-25T06:37:41Z,2026-09-03T17:32:53Z
ercot:HB_HOUSTON,spp_dam,2026-09-05T03:00:00Z,35.54,USD/MWh,PT1H,US-TX,ercot_dam,HB_HOUSTON,ercot:NP4-190-CD,https://www.ercot.com/misdownload/servlets/mirDownload?doclookupId=1270120604,2026-09-25T06:37:41Z,2026-09-03T17:32:53Z
ercot:HB_HOUSTON,spp_dam,2026-09-05T04:00:00Z,31.55,USD/MWh,PT1H,US-TX,ercot_dam,HB_HOUSTON,ercot:NP4-190-CD,https://www.ercot.com/misdownload/servlets/mirDownload?doclookupId=1270120604,2026-09-25T06:37:41Z,2026-09-03T17:32:53Z
ercot:HB_HOUSTON,spp_dam,2026-09-05T05:00:00Z,29.93,USD/MWh,PT1H,US-TX,ercot_dam,HB_HOUSTON,ercot:NP4-190-CD,https://www.ercot.com/misdownload/servlets/mirDownload?doclookupId=1270519007,2026-09-25T06:37:40Z,2026-09-04T17:32:40Z
ercot:HB_HOUSTON,spp_dam,2026-09-05T06:00:00Z,27.54,USD/MWh,PT1H,US-TX,ercot_dam,HB_HOUSTON,ercot:NP4-190-CD,https://www.ercot.com/misdownload/servlets/mirDownload?doclookupId=1270519007,2026-09-25T06:37:40Z,2026-09-04T17:32:40Z
ercot:HB_HOUSTON,spp_dam,2026-09-05T07:00:00Z,27.91,USD/MWh,PT1H,US-TX,ercot_dam,HB_HOUSTON,ercot:NP4-190-CD,https://www.ercot.com/misdownload/servlets/mirDownload?doclookupId=1270519007,2026-09-25T06:37:40Z,2026-09-04T17:32:40Z
ercot:HB_HOUSTON,spp_dam,2026-09-05T08:00:00Z,27.25,USD/MWh,PT1H,US-TX,ercot_dam,HB_HOUSTON,ercot:NP4-190-CD,https://www.ercot.com/misdownload/servlets/mirDownload?doclookupId=1270519007,2026-09-25T06:37:40Z,2026-09-04T17:32:40Z
ercot:HB_HOUSTON,spp_dam,2026-09-05T09:00:00Z,27.48,USD/MWh,PT1H,US-TX,ercot_dam,HB_HOUSTON,ercot:NP4-190-CD,https://www.ercot.com/misdownload/servlets/mirDownload?doclookupId=1270519007,2026-09-25T06:37:40Z,2026-09-04T17:32:40Z
ercot:HB_HOUSTON,spp_dam,2026-09-05T10:00:00Z,29.79,USD/MWh,PT1H,US-TX,ercot_dam,HB_HOUSTON,ercot:NP4-190-CD,https://www.ercot.com/misdownload/servlets/mirDownload?doclookupId=1270519007,2026-09-25T06:37:40Z,2026-09-04T17:32:40Z
ercot:HB_HOUSTON,spp_dam,2026-09-05T11:00:00Z,30.15,USD/MWh,PT1H,US-TX,ercot_dam,HB_HOUSTON,ercot:NP4-190-CD,https://www.ercot.com/misdownload/servlets/mirDownload?doclookupId=1270519007,2026-09-25T06:37:40Z,2026-09-04T17:32:40Z
ercot:HB_HOUSTON,spp_dam,2026-09-05T12:00:00Z,29.94,USD/MWh,PT1H,US-TX,ercot_dam,HB_HOUSTON,ercot:NP4-190-CD,https://www.ercot.com/misdownload/servlets/mirDownload?doclookupId=1270519007,2026-09-25T06:37:40Z,2026-09-04T17:32:40Z
ercot:HB_HOUSTON,spp_dam,2026-09-05T13:00:00Z,22.11,USD/MWh,PT1H,US-TX,ercot_dam,HB_HOUSTON,ercot:NP4-190-CD,https://www.ercot.com/misdownload/servlets/mirDownload?doclookupId=1270519007,2026-09-25T06:37:40Z,2026-09-04T17:32:40Z
ercot:HB_HOUSTON,spp_dam,2026-09-05T14:00:00Z,20.6,USD/MWh,PT1H,US-TX,ercot_dam,HB_HOUSTON,ercot:NP4-190-CD,https://www.ercot.com/misdownload/servlets/mirDownload?doclookupId=1270519007,2026-09-25T06:37:40Z,2026-09-04T17:32:40Z
ercot:HB_HOUSTON,spp_dam,2026-09-05T15:00:00Z,22.39,USD/MWh,PT1H,US-TX,ercot_dam,HB_HOUSTON,ercot:NP4-190-CD,https://www.ercot.com/misdownload/servlets/mirDownload?doclookupId=1270519007,2026-09-25T06:37:40Z,2026-09-04T17:32:40Z
ercot:HB_HOUSTON,spp_dam,2026-09-05T16:00:00Z,24.71,USD/MWh,PT1H,US-TX,ercot_dam,HB_HOUSTON,ercot:NP4-190-CD,https://www.ercot.com/misdownload/servlets/mirDownload?doclookupId=1270519007,2026-09-25T06:37:40Z,2026-09-04T17:32:40Z
ercot:HB_HOUSTON,spp_dam,2026-09-05T17:00:00Z,29.61,USD/MWh,PT1H,US-TX,ercot_dam,HB_HOUSTON,ercot:NP4-190-CD,https://www.ercot.com/misdownload/servlets/mirDownload?doclookupId=1270519007,2026-09-25T06:37:40Z,2026-09-04T17:32:40Z
ercot:HB_HOUSTON,spp_dam,2026-09-05T18:00:00Z,35.0,USD/MWh,PT1H,US-TX,ercot_dam,HB_HOUSTON,ercot:NP4-190-CD,https://www.ercot.com/misdownload/servlets/mirDownload?doclookupId=1270519007,2026-09-25T06:37:40Z,2026-09-04T17:32:40Z
ercot:HB_HOUSTON,spp_dam,2026-09-05T19:00:00Z,35.84,USD/MWh,PT1H,US-TX,ercot_dam,HB_HOUSTON,ercot:NP4-190-CD,https://www.ercot.com/misdownload/servlets/mirDownload?doclookupId=1270519007,2026-09-25T06:37:40Z,2026-09-04T17:32:40Z
ercot:HB_HOUSTON,spp_dam,2026-09-05T20:00:00Z,36.29,USD/MWh,PT1H,US-TX,ercot_dam,HB_HOUSTON,ercot:NP4-190-CD,https://www.ercot.com/misdownload/servlets/mirDownload?doclookupId=1270519007,2026-09-25T06:37:40Z,2026-09-04T17:32:40Z
ercot:HB_HOUSTON,spp_dam,2026-09-05T21:00:00Z,37.29,USD/MWh,PT1H,US-TX,ercot_dam,HB_HOUSTON,ercot:NP4-190-CD,https://www.ercot.com/misdownload/servlets/mirDownload?doclookupId=1270519007,2026-09-25T06:37:40Z,2026-09-04T17:32:40Z
ercot:HB_HOUSTON,spp_dam,2026-09-05T22:00:00Z,43.6,USD/MWh,PT1H,US-TX,ercot_dam,HB_HOUSTON,ercot:NP4-190-CD,https://www.ercot.com/misdownload/servlets/mirDownload?doclookupId=1270519007,2026-09-25T06:37:40Z,2026-09-04T17:32:40Z
ercot:HB_HOUSTON,spp_dam,2026-09-05T23:00:00Z,55.34,USD/MWh,PT1H,US-TX,ercot_dam,HB_HOUSTON,ercot:NP4-190-CD,https://www.ercot.com/misdownload/servlets/mirDownload?doclookupId=1270519007,2026-09-25T06:37:40Z,2026-09-04T17:32:40Z
ercot:HB_HOUSTON,spp_dam,2026-09-06T00:00:00Z,60.45,USD/MWh,PT1H,US-TX,ercot_dam,HB_HOUSTON,ercot:NP4-190-CD,https://www.ercot.com/misdownload/servlets/mirDownload?doclookupId=1270519007,2026-09-25T06:37:40Z,2026-09-04T17:32:40Z
ercot:HB_HOUSTON,spp_dam,2026-09-06T01:00:00Z,56.82,USD/MWh,PT1H,US-TX,ercot_dam,HB_HOUSTON,ercot:NP4-190-CD,https://www.ercot.com/misdownload/servlets/mirDownload?doclookupId=1270519007,2026-09-25T06:37:40Z,2026-09-04T17:32:40Z
ercot:HB_HOUSTON,spp_dam,2026-09-06T02:00:00Z,52.56,USD/MWh,PT1H,US-TX,ercot_dam,HB_HOUSTON,ercot:NP4-190-CD,https://www.ercot.com/misdownload/servlets/mirDownload?doclookupId=1270519007,2026-09-25T06:37:40Z,2026-09-04T17:32:40Z
ercot:HB_HOUSTON,spp_dam,2026-09-06T03:00:00Z,40.02,USD/MWh,PT1H,US-TX,ercot_dam,HB_HOUSTON,ercot:NP4-190-CD,https://www.ercot.com/misdownload/servlets/mirDownload?doclookupId=1270519007,2026-09-25T06:37:40Z,2026-09-04T17:32:40Z
ercot:HB_HOUSTON,spp_dam,2026-09-06T04:00:00Z,35.7,USD/MWh,PT1H,US-TX,ercot_dam,HB_HOUSTON,ercot:NP4-190-CD,https://www.ercot.com/misdownload/servlets/mirDownload?doclookupId=1270519007,2026-09-25T06:37:40Z,2026-09-04T17:32:40Z
ercot:HB_HOUSTON,spp_dam,2026-09-06T05:00:00Z,31.72,USD/MWh,PT1H,US-TX,ercot_dam,HB_HOUSTON,ercot:NP4-190-CD,https://www.ercot.com/misdownload/servlets/mirDownload?doclookupId=1270910083,2026-09-25T06:37:39Z,2026-09-05T17:32:38Z
ercot:HB_HOUSTON,spp_dam,2026-09-06T06:00:00Z,30.34,USD/MWh,PT1H,US-TX,ercot_dam,HB_HOUSTON,ercot:NP4-190-CD,https://www.ercot.com/misdownload/servlets/mirDownload?doclookupId=1270910083,2026-09-25T06:37:39Z,2026-09-05T17:32:38Z
ercot:HB_HOUSTON,spp_dam,2026-09-06T07:00:00Z,30.56,USD/MWh,PT1H,US-TX,ercot_dam,HB_HOUSTON,ercot:NP4-190-CD,https://www.ercot.com/misdownload/servlets/mirDownload?doclookupId=1270910083,2026-09-25T06:37:39Z,2026-09-05T17:32:38Z
ercot:HB_HOUSTON,spp_dam,2026-09-06T08:00:00Z,33.28,USD/MWh,PT1H,US-TX,ercot_dam,HB_HOUSTON,ercot:NP4-190-CD,https://www.ercot.com/misdownload/servlets/mirDownload?doclookupId=1270910083,2026-09-25T06:37:39Z,2026-09-05T17:32:38Z
ercot:HB_HOUSTON,spp_dam,2026-09-06T09:00:00Z,35.53,USD/MWh,PT1H,US-TX,ercot_dam,HB_HOUSTON,ercot:NP4-190-CD,https://www.ercot.com/misdownload/servlets/mirDownload?doclookupId=1270910083,2026-09-25T06:37:39Z,2026-09-05T17:32:38Z
ercot:HB_HOUSTON,spp_dam,2026-09-06T10:00:00Z,37.88,USD/MWh,PT1H,US-TX,ercot_dam,HB_HOUSTON,ercot:NP4-190-CD,https://www.ercot.com/misdownload/servlets/mirDownload?doclookupId=1270910083,2026-09-25T06:37:39Z,2026-09-05T17:32:38Z
ercot:HB_HOUSTON,spp_dam,2026-09-06T11:00:00Z,34.92,USD/MWh,PT1H,US-TX,ercot_dam,HB_HOUSTON,ercot:NP4-190-CD,https://www.ercot.com/misdownload/servlets/mirDownload?doclookupId=1270910083,2026-09-25T06:37:39Z,2026-09-05T17:32:38Z
ercot:HB_HOUSTON,spp_dam,2026-09-06T12:00:00Z,32.87,USD/MWh,PT1H,US-TX,ercot_dam,HB_HOUSTON,ercot:NP4-190-CD,https://www.ercot.com/misdownload/servlets/mirDownload?doclookupId=1270910083,2026-09-25T06:37:39Z,2026-09-05T17:32:38Z
ercot:HB_HOUSTON,spp_dam,2026-09-06T13:00:00Z,23.5,USD/MWh,PT1H,US-TX,ercot_dam,HB_HOUSTON,ercot:NP4-190-CD,https://www.ercot.com/misdownload/servlets/mirDownload?doclookupId=1270910083,2026-09-25T06:37:39Z,2026-09-05T17:32:38Z
ercot:HB_HOUSTON,spp_dam,2026-09-06T14:00:00Z,20.98,USD/MWh,PT1H,US-TX,ercot_dam,HB_HOUSTON,ercot:NP4-190-CD,https://www.ercot.com/misdownload/servlets/mirDownload?doclookupId=1270910083,2026-09-25T06:37:39Z,2026-09-05T17:32:38Z
ercot:HB_HOUSTON,spp_dam,2026-09-06T15:00:00Z,20.59,USD/MWh,PT1H,US-TX,ercot_dam,HB_HOUSTON,ercot:NP4-190-CD,https://www.ercot.com/misdownload/servlets/mirDownload?doclookupId=1270910083,2026-09-25T06:37:39Z,2026-09-05T17:32:38Z
ercot:HB_HOUSTON,spp_dam,2026-09-06T16:00:00Z,22.58,USD/MWh,PT1H,US-TX,ercot_dam,HB_HOUSTON,ercot:NP4-190-CD,https://www.ercot.com/misdownload/servlets/mirDownload?doclookupId=1270910083,2026-09-25T06:37:39Z,2026-09-05T17:32:38Z
ercot:HB_HOUSTON,spp_dam,2026-09-06T17:00:00Z,25.82,USD/MWh,PT1H,US-TX,ercot_dam,HB_HOUSTON,ercot:NP4-190-CD,https://www.ercot.com/misdownload/servlets/mirDownload?doclookupId=1270910083,2026-09-25T06:37:39Z,2026-09-05T17:32:38Z
ercot:HB_HOUSTON,spp_dam,2026-09-06T18:00:00Z,30.46,USD/MWh,PT1H,US-TX,ercot_dam,HB_HOUSTON,ercot:NP4-190-CD,https://www.ercot.com/misdownload/servlets/mirDownload?doclookupId=1270910083,2026-09-25T06:37:39Z,2026-09-05T17:32:38Z
ercot:HB_HOUSTON,spp_dam,2026-09-06T19:00:00Z,34.62,USD/MWh,PT1H,US-TX,ercot_dam,HB_HOUSTON,ercot:NP4-190-CD,https://www.ercot.com/misdownload/servlets/mirDownload?doclookupId=1270910083,2026-09-25T06:37:39Z,2026-09-05T17:32:38Z
ercot:HB_HOUSTON,spp_dam,2026-09-06T20:00:00Z,36.31,USD/MWh,PT1H,US-TX,ercot_dam,HB_HOUSTON,ercot:NP4-190-CD,https://www.ercot.com/misdownload/servlets/mirDownload?doclookupId=1270910083,2026-09-25T06:37:39Z,2026-09-05T17:32:38Z
ercot:HB_HOUSTON,spp_dam,2026-09-06T21:00:00Z,38.29,USD/MWh,PT1H,US-TX,ercot_dam,HB_HOUSTON,ercot:NP4-190-CD,https://www.ercot.com/misdownload/servlets/mirDownload?doclookupId=1270910083,2026-09-25T06:37:39Z,2026-09-05T17:32:38Z
ercot:HB_HOUSTON,spp_dam,2026-09-06T22:00:00Z,41.89,USD/MWh,PT1H,US-TX,ercot_dam,HB_HOUSTON,ercot:NP4-190-CD,https://www.ercot.com/misdownload/servlets/mirDownload?doclookupId=1270910083,2026-09-25T06:37:39Z,2026-09-05T17:32:38Z
ercot:HB_HOUSTON,spp_dam,2026-09-06T23:00:00Z,52.63,USD/MWh,PT1H,US-TX,ercot_dam,HB_HOUSTON,ercot:NP4-190-CD,https://www.ercot.com/misdownload/servlets/mirDownload?doclookupId=1270910083,2026-09-25T06:37:39Z,2026-09-05T17:32:38Z
ercot:HB_HOUSTON,spp_dam,2026-09-07T00:00:00Z,61.83,USD/MWh,PT1H,US-TX,ercot_dam,HB_HOUSTON,ercot:NP4-190-CD,https://www.ercot.com/misdownload/servlets/mirDownload?doclookupId=1270910083,2026-09-25T06:37:39Z,2026-09-05T17:32:38Z
ercot:HB_HOUSTON,spp_dam,2026-09-07T01:00:00Z,60.98,USD/MWh,PT1H,US-TX,ercot_dam,HB_HOUSTON,ercot:NP4-190-CD,https://www.ercot.com/misdownload/servlets/mirDownload?doclookupId=1270910083,2026-09-25T06:37:39Z,2026-09-05T17:32:38Z
ercot:HB_HOUSTON,spp_dam,2026-09-07T02:00:00Z,56.41,USD/MWh,PT1H,US-TX,ercot_dam,HB_HOUSTON,ercot:NP4-190-CD,https://www.ercot.com/misdownload/servlets/mirDownload?doclookupId=1270910083,2026-09-25T06:37:39Z,2026-09-05T17:32:38Z
ercot:HB_HOUSTON,spp_dam,2026-09-07T03:00:00Z,50.46,USD/MWh,PT1H,US-TX,ercot_dam,HB_HOUSTON,ercot:NP4-190-CD,https://www.ercot.com/misdownload/servlets/mirDownload?doclookupId=1270910083,2026-09-25T06:37:39Z,2026-09-05T17:32:38Z
ercot:HB_HOUSTON,spp_dam,2026-09-07T04:00:00Z,38.34,USD/MWh,PT1H,US-TX,ercot_dam,HB_HOUSTON,ercot:NP4-190-CD,https://www.ercot.com/misdownload/servlets/mirDownload?doclookupId=1270910083,2026-09-25T06:37:39Z,2026-09-05T17:32:38Z
ercot:HB_HOUSTON,spp_dam,2026-09-07T05:00:00Z,44.77,USD/MWh,PT1H,US-TX,ercot_dam,HB_HOUSTON,ercot:NP4-190-CD,https://www.ercot.com/misdownload/servlets/mirDownload?doclookupId=1271299081,2026-09-25T06:37:38Z,2026-09-06T17:32:41Z
ercot:HB_HOUSTON,spp_dam,2026-09-07T06:00:00Z,40.43,USD/MWh,PT1H,US-TX,ercot_dam,HB_HOUSTON,ercot:NP4-190-CD,https://www.ercot.com/misdownload/servlets/mirDownload?doclookupId=1271299081,2026-09-25T06:37:38Z,2026-09-06T17:32:41Z
ercot:HB_HOUSTON,spp_dam,2026-09-07T07:00:00Z,37.89,USD/MWh,PT1H,US-TX,ercot_dam,HB_HOUSTON,ercot:NP4-190-CD,https://www.ercot.com/misdownload/servlets/mirDownload?doclookupId=1271299081,2026-09-25T06:37:38Z,2026-09-06T17:32:41Z
ercot:HB_HOUSTON,spp_dam,2026-09-07T08:00:00Z,36.35,USD/MWh,PT1H,US-TX,ercot_dam,HB_HOUSTON,ercot:NP4-190-CD,https://www.ercot.com/misdownload/servlets/mirDownload?doclookupId=1271299081,2026-09-25T06:37:38Z,2026-09-06T17:32:41Z
ercot:HB_HOUSTON,spp_dam,2026-09-07T09:00:00Z,37.1,USD/MWh,PT1H,US-TX,ercot_dam,HB_HOUSTON,ercot:NP4-190-CD,https://www.ercot.com/misdownload/servlets/mirDownload?doclookupId=1271299081,2026-09-25T06:37:38Z,2026-09-06T17:32:41Z
ercot:HB_HOUSTON,spp_dam,2026-09-07T10:00:00Z,40.57,USD/MWh,PT1H,US-TX,ercot_dam,HB_HOUSTON,ercot:NP4-190-CD,https://www.ercot.com/misdownload/servlets/mirDownload?doclookupId=1271299081,2026-09-25T06:37:38Z,2026-09-06T17:32:41Z
ercot:HB_HOUSTON,spp_dam,2026-09-07T11:00:00Z,37.31,USD/MWh,PT1H,US-TX,ercot_dam,HB_HOUSTON,ercot:NP4-190-CD,https://www.ercot.com/misdownload/servlets/mirDownload?doclookupId=1271299081,2026-09-25T06:37:38Z,2026-09-06T17:32:41Z
ercot:HB_HOUSTON,spp_dam,2026-09-07T12:00:00Z,34.36,USD/MWh,PT1H,US-TX,ercot_dam,HB_HOUSTON,ercot:NP4-190-CD,https://www.ercot.com/misdownload/servlets/mirDownload?doclookupId=1271299081,2026-09-25T06:37:38Z,2026-09-06T17:32:41Z
ercot:HB_HOUSTON,spp_dam,2026-09-07T13:00:00Z,24.46,USD/MWh,PT1H,US-TX,ercot_dam,HB_HOUSTON,ercot:NP4-190-CD,https://www.ercot.com/misdownload/servlets/mirDownload?doclookupId=1271299081,2026-09-25T06:37:38Z,2026-09-06T17:32:41Z
ercot:HB_HOUSTON,spp_dam,2026-09-07T14:00:00Z,22.33,USD/MWh,PT1H,US-TX,ercot_dam,HB_HOUSTON,ercot:NP4-190-CD,https://www.ercot.com/misdownload/servlets/mirDownload?doclookupId=1271299081,2026-09-25T06:37:38Z,2026-09-06T17:32:41Z
ercot:HB_HOUSTON,spp_dam,2026-09-07T15:00:00Z,23.38,USD/MWh,PT1H,US-TX,ercot_dam,HB_HOUSTON,ercot:NP4-190-CD,https://www.ercot.com/misdownload/servlets/mirDownload?doclookupId=1271299081,2026-09-25T06:37:38Z,2026-09-06T17:32:41Z
ercot:HB_HOUSTON,spp_dam,2026-09-07T16:00:00Z,25.85,USD/MWh,PT1H,US-TX,ercot_dam,HB_HOUSTON,ercot:NP4-190-CD,https://www.ercot.com/misdownload/servlets/mirDownload?doclookupId=1271299081,2026-09-25T06:37:38Z,2026-09-06T17:32:41Z
ercot:HB_HOUSTON,spp_dam,2026-09-07T17:00:00Z,30.82,USD/MWh,PT1H,US-TX,ercot_dam,HB_HOUSTON,ercot:NP4-190-CD,https://www.ercot.com/misdownload/servlets/mirDownload?doclookupId=1271299081,2026-09-25T06:37:38Z,2026-09-06T17:32:41Z
ercot:HB_HOUSTON,spp_dam,2026-09-07T18:00:00Z,42.66,USD/MWh,PT1H,US-TX,ercot_dam,HB_HOUSTON,ercot:NP4-190-CD,https://www.ercot.com/misdownload/servlets/mirDownload?doclookupId=1271299081,2026-09-25T06:37:38Z,2026-09-06T17:32:41Z
ercot:HB_HOUSTON,spp_dam,2026-09-07T19:00:00Z,45.75,USD/MWh,PT1H,US-TX,ercot_dam,HB_HOUSTON,ercot:NP4-190-CD,https://www.ercot.com/misdownload/servlets/mirDownload?doclookupId=1271299081,2026-09-25T06:37:38Z,2026-09-06T17:32:41Z
ercot:HB_HOUSTON,spp_dam,2026-09-07T20:00:00Z,48.46,USD/MWh,PT1H,US-TX,ercot_dam,HB_HOUSTON,ercot:NP4-190-CD,https://www.ercot.com/misdownload/servlets/mirDownload?doclookupId=1271299081,2026-09-25T06:37:38Z,2026-09-06T17:32:41Z
ercot:HB_HOUSTON,spp_dam,2026-09-07T21:00:00Z,51.91,USD/MWh,PT1H,US-TX,ercot_dam,HB_HOUSTON,ercot:NP4-190-CD,https://www.ercot.com/misdownload/servlets/mirDownload?doclookupId=1271299081,2026-09-25T06:37:38Z,2026-09-06T17:32:41Z
ercot:HB_HOUSTON,spp_dam,2026-09-07T22:00:00Z,52.62,USD/MWh,PT1H,US-TX,ercot_dam,HB_HOUSTON,ercot:NP4-190-CD,https://www.ercot.com/misdownload/servlets/mirDownload?doclookupId=1271299081,2026-09-25T06:37:38Z,2026-09-06T17:32:41Z
ercot:HB_HOUSTON,spp_dam,2026-09-07T23:00:00Z,73.41,USD/MWh,PT1H,US-TX,ercot_dam,HB_HOUSTON,ercot:NP4-190-CD,https://www.ercot.com/misdownload/servlets/mirDownload?doclookupId=1271299081,2026-09-25T06:37:38Z,2026-09-06T17:32:41Z
ercot:HB_HOUSTON,spp_dam,2026-09-08T00:00:00Z,83.18,USD/MWh,PT1H,US-TX,ercot_dam,HB_HOUSTON,ercot:NP4-190-CD,https://www.ercot.com/misdownload/servlets/mirDownload?doclookupId=1271299081,2026-09-25T06:37:38Z,2026-09-06T17:32:41Z
ercot:HB_HOUSTON,spp_dam,2026-09-08T01:00:00Z,78.66,USD/MWh,PT1H,US-TX,ercot_dam,HB_HOUSTON,ercot:NP4-190-CD,https://www.ercot.com/misdownload/servlets/mirDownload?doclookupId=1271299081,2026-09-25T06:37:38Z,2026-09-06T17:32:41Z
ercot:HB_HOUSTON,spp_dam,2026-09-08T02:00:00Z,70.51,USD/MWh,PT1H,US-TX,ercot_dam,HB_HOUSTON,ercot:NP4-190-CD,https://www.ercot.com/misdownload/servlets/mirDownload?doclookupId=1271299081,2026-09-25T06:37:38Z,2026-09-06T17:32:41Z
ercot:HB_HOUSTON,spp_dam,2026-09-08T03:00:00Z,63.54,USD/MWh,PT1H,US-TX,ercot_dam,HB_HOUSTON,ercot:NP4-190-CD,https://www.ercot.com/misdownload/servlets/mirDownload?doclookupId=1271299081,2026-09-25T06:37:38Z,2026-09-06T17:32:41Z
ercot:HB_HOUSTON,spp_dam,2026-09-08T04:00:00Z,41.75,USD/MWh,PT1H,US-TX,ercot_dam,HB_HOUSTON,ercot:NP4-190-CD,https://www.ercot.com/misdownload/servlets/mirDownload?doclookupId=1271299081,2026-09-25T06:37:38Z,2026-09-06T17:32:41Z
ercot:HB_HOUSTON,spp_dam,2026-09-08T05:00:00Z,33.27,USD/MWh,PT1H,US-TX,ercot_dam,HB_HOUSTON,ercot:NP4-190-CD,https://www.ercot.com/misdownload/servlets/mirDownload?doclookupId=1271688868,2026-09-25T06:37:37Z,2026-09-07T17:32:52Z
ercot:HB_HOUSTON,spp_dam,2026-09-08T06:00:00Z,30.65,USD/MWh,PT1H,US-TX,ercot_dam,HB_HOUSTON,ercot:NP4-190-CD,https://www.ercot.com/misdownload/servlets/mirDownload?doclookupId=1271688868,2026-09-25T06:37:37Z,2026-09-07T17:32:52Z
ercot:HB_HOUSTON,spp_dam,2026-09-08T07:00:00Z,30.18,USD/MWh,PT1H,US-TX,ercot_dam,HB_HOUSTON,ercot:NP4-190-CD,https://www.ercot.com/misdownload/servlets/mirDownload?doclookupId=1271688868,2026-09-25T06:37:37Z,2026-09-07T17:32:52Z
ercot:HB_HOUSTON,spp_dam,2026-09-08T08:00:00Z,29.05,USD/MWh,PT1H,US-TX,ercot_dam,HB_HOUSTON,ercot:NP4-190-CD,https://www.ercot.com/misdownload/servlets/mirDownload?doclookupId=1271688868,2026-09-25T06:37:37Z,2026-09-07T17:32:52Z
ercot:HB_HOUSTON,spp_dam,2026-09-08T09:00:00Z,29.82,USD/MWh,PT1H,US-TX,ercot_dam,HB_HOUSTON,ercot:NP4-190-CD,https://www.ercot.com/misdownload/servlets/mirDownload?doclookupId=1271688868,2026-09-25T06:37:37Z,2026-09-07T17:32:52Z
ercot:HB_HOUSTON,spp_dam,2026-09-08T10:00:00Z,35.06,USD/MWh,PT1H,US-TX,ercot_dam,HB_HOUSTON,ercot:NP4-190-CD,https://www.ercot.com/misdownload/servlets/mirDownload?doclookupId=1271688868,2026-09-25T06:37:37Z,2026-09-07T17:32:52Z
ercot:HB_HOUSTON,spp_dam,2026-09-08T11:00:00Z,37.23,USD/MWh,PT1H,US-TX,ercot_dam,HB_HOUSTON,ercot:NP4-190-CD,https://www.ercot.com/misdownload/servlets/mirDownload?doclookupId=1271688868,2026-09-25T06:37:37Z,2026-09-07T17:32:52Z
ercot:HB_HOUSTON,spp_dam,2026-09-08T12:00:00Z,34.77,USD/MWh,PT1H,US-TX,ercot_dam,HB_HOUSTON,ercot:NP4-190-CD,https://www.ercot.com/misdownload/servlets/mirDownload?doclookupId=1271688868,2026-09-25T06:37:37Z,2026-09-07T17:32:52Z
ercot:HB_HOUSTON,spp_dam,2026-09-08T13:00:00Z,24.66,USD/MWh,PT1H,US-TX,ercot_dam,HB_HOUSTON,ercot:NP4-190-CD,https://www.ercot.com/misdownload/servlets/mirDownload?doclookupId=1271688868,2026-09-25T06:37:37Z,2026-09-07T17:32:52Z
ercot:HB_HOUSTON,spp_dam,2026-09-08T14:00:00Z,23.7,USD/MWh,PT1H,US-TX,ercot_dam,HB_HOUSTON,ercot:NP4-190-CD,https://www.ercot.com/misdownload/servlets/mirDownload?doclookupId=1271688868,2026-09-25T06:37:37Z,2026-09-07T17:32:52Z
ercot:HB_HOUSTON,spp_dam,2026-09-08T15:00:00Z,26.33,USD/MWh,PT1H,US-TX,ercot_dam,HB_HOUSTON,ercot:NP4-190-CD,https://www.ercot.com/misdownload/servlets/mirDownload?doclookupId=1271688868,2026-09-25T06:37:37Z,2026-09-07T17:32:52Z
ercot:HB_HOUSTON,spp_dam,2026-09-08T16:00:00Z,30.0,USD/MWh,PT1H,US-TX,ercot_dam,HB_HOUSTON,ercot:NP4-190-CD,https://www.ercot.com/misdownload/servlets/mirDownload?doclookupId=1271688868,2026-09-25T06:37:37Z,2026-09-07T17:32:52Z
ercot:HB_HOUSTON,spp_dam,2026-09-08T17:00:00Z,38.69,USD/MWh,PT1H,US-TX,ercot_dam,HB_HOUSTON,ercot:NP4-190-CD,https://www.ercot.com/misdownload/servlets/mirDownload?doclookupId=1271688868,2026-09-25T06:37:37Z,2026-09-07T17:32:52Z
ercot:HB_HOUSTON,spp_dam,2026-09-08T18:00:00Z,46.72,USD/MWh,PT1H,US-TX,ercot_dam,HB_HOUSTON,ercot:NP4-190-CD,https://www.ercot.com/misdownload/servlets/mirDownload?doclookupId=1271688868,2026-09-25T06:37:37Z,2026-09-07T17:32:52Z
ercot:HB_HOUSTON,spp_dam,2026-09-08T19:00:00Z,43.35,USD/MWh,PT1H,US-TX,ercot_dam,HB_HOUSTON,ercot:NP4-190-CD,https://www.ercot.com/misdownload/servlets/mirDownload?doclookupId=1271688868,2026-09-25T06:37:37Z,2026-09-07T17:32:52Z
ercot:HB_HOUSTON,spp_dam,2026-09-08T20:00:00Z,46.81,USD/MWh,PT1H,US-TX,ercot_dam,HB_HOUSTON,ercot:NP4-190-CD,https://www.ercot.com/misdownload/servlets/mirDownload?doclookupId=1271688868,2026-09-25T06:37:37Z,2026-09-07T17:32:52Z
ercot:HB_HOUSTON,spp_dam,2026-09-08T21:00:00Z,50.56,USD/MWh,PT1H,US-TX,ercot_dam,HB_HOUSTON,ercot:NP4-190-CD,https://www.ercot.com/misdownload/servlets/mirDownload?doclookupId=1271688868,2026-09-25T06:37:37Z,2026-09-07T17:32:52Z
ercot:HB_HOUSTON,spp_dam,2026-09-08T22:00:00Z,48.88,USD/MWh,PT1H,US-TX,ercot_dam,HB_HOUSTON,ercot:NP4-190-CD,https://www.ercot.com/misdownload/servlets/mirDownload?doclookupId=1271688868,2026-09-25T06:37:37Z,2026-09-07T17:32:52Z
ercot:HB_HOUSTON,spp_dam,2026-09-08T23:00:00Z,66.73,USD/MWh,PT1H,US-TX,ercot_dam,HB_HOUSTON,ercot:NP4-190-CD,https://www.ercot.com/misdownload/servlets/mirDownload?doclookupId=1271688868,2026-09-25T06:37:37Z,2026-09-07T17:32:52Z
ercot:HB_HOUSTON,spp_dam,2026-09-09T00:00:00Z,82.14,USD/MWh,PT1H,US-TX,ercot_dam,HB_HOUSTON,ercot:NP4-190-CD,https://www.ercot.com/misdownload/servlets/mirDownload?doclookupId=1271688868,2026-09-25T06:37:37Z,2026-09-07T17:32:52Z
ercot:HB_HOUSTON,spp_dam,2026-09-09T01:00:00Z,76.12,USD/MWh,PT1H,US-TX,ercot_dam,HB_HOUSTON,ercot:NP4-190-CD,https://www.ercot.com/misdownload/servlets/mirDownload?doclookupId=1271688868,2026-09-25T06:37:37Z,2026-09-07T17:32:52Z
ercot:HB_HOUSTON,spp_dam,2026-09-09T02:00:00Z,67.47,USD/MWh,PT1H,US-TX,ercot_dam,HB_HOUSTON,ercot:NP4-190-CD,https://www.ercot.com/misdownload/servlets/mirDownload?doclookupId=1271688868,2026-09-25T06:37:37Z,2026-09-07T17:32:52Z
ercot:HB_HOUSTON,spp_dam,2026-09-09T03:00:00Z,49.23,USD/MWh,PT1H,US-TX,ercot_dam,HB_HOUSTON,ercot:NP4-190-CD,https://www.ercot.com/misdownload/servlets/mirDownload?doclookupId=1271688868,2026-09-25T06:37:37Z,2026-09-07T17:32:52Z
ercot:HB_HOUSTON,spp_dam,2026-09-09T04:00:00Z,37.4,USD/MWh,PT1H,US-TX,ercot_dam,HB_HOUSTON,ercot:NP4-190-CD,https://www.ercot.com/misdownload/servlets/mirDownload?doclookupId=1271688868,2026-09-25T06:37:37Z,2026-09-07T17:32:52Z
ercot:HB_HOUSTON,spp_dam,2026-09-09T05:00:00Z,32.72,USD/MWh,PT1H,US-TX,ercot_dam,HB_HOUSTON,ercot:NP4-190-CD,https://www.ercot.com/misdownload/servlets/mirDownload?doclookupId=1272093341,2026-09-25T06:37:36Z,2026-09-08T17:33:15Z
ercot:HB_HOUSTON,spp_dam,2026-09-09T06:00:00Z,30.47,USD/MWh,PT1H,US-TX,ercot_dam,HB_HOUSTON,ercot:NP4-190-CD,https://www.ercot.com/misdownload/servlets/mirDownload?doclookupId=1272093341,2026-09-25T06:37:36Z,2026-09-08T17:33:15Z
ercot:HB_HOUSTON,spp_dam,2026-09-09T07:00:00Z,30.1,USD/MWh,PT1H,US-TX,ercot_dam,HB_HOUSTON,ercot:NP4-190-CD,https://www.ercot.com/misdownload/servlets/mirDownload?doclookupId=1272093341,2026-09-25T06:37:36Z,2026-09-08T17:33:15Z
ercot:HB_HOUSTON,spp_dam,2026-09-09T08:00:00Z,28.73,USD/MWh,PT1H,US-TX,ercot_dam,HB_HOUSTON,ercot:NP4-190-CD,https://www.ercot.com/misdownload/servlets/mirDownload?doclookupId=1272093341,2026-09-25T06:37:36Z,2026-09-08T17:33:15Z
ercot:HB_HOUSTON,spp_dam,2026-09-09T09:00:00Z,30.09,USD/MWh,PT1H,US-TX,ercot_dam,HB_HOUSTON,ercot:NP4-190-CD,https://www.ercot.com/misdownload/servlets/mirDownload?doclookupId=1272093341,2026-09-25T06:37:36Z,2026-09-08T17:33:15Z
ercot:HB_HOUSTON,spp_dam,2026-09-09T10:00:00Z,33.95,USD/MWh,PT1H,US-TX,ercot_dam,HB_HOUSTON,ercot:NP4-190-CD,https://www.ercot.com/misdownload/servlets/mirDownload?doclookupId=1272093341,2026-09-25T06:37:36Z,2026-09-08T17:33:15Z
ercot:HB_HOUSTON,spp_dam,2026-09-09T11:00:00Z,40.02,USD/MWh,PT1H,US-TX,ercot_dam,HB_HOUSTON,ercot:NP4-190-CD,https://www.ercot.com/misdownload/servlets/mirDownload?doclookupId=1272093341,2026-09-25T06:37:36Z,2026-09-08T17:33:15Z
ercot:HB_HOUSTON,spp_dam,2026-09-09T12:00:00Z,35.26,USD/MWh,PT1H,US-TX,ercot_dam,HB_HOUSTON,ercot:NP4-190-CD,https://www.ercot.com/misdownload/servlets/mirDownload?doclookupId=1272093341,2026-09-25T06:37:36Z,2026-09-08T17:33:15Z
ercot:HB_HOUSTON,spp_dam,2026-09-09T13:00:00Z,26.58,USD/MWh,PT1H,US-TX,ercot_dam,HB_HOUSTON,ercot:NP4-190-CD,https://www.ercot.com/misdownload/servlets/mirDownload?doclookupId=1272093341,2026-09-25T06:37:36Z,2026-09-08T17:33:15Z
ercot:HB_HOUSTON,spp_dam,2026-09-09T14:00:00Z,24.57,USD/MWh,PT1H,US-TX,ercot_dam,HB_HOUSTON,ercot:NP4-190-CD,https://www.ercot.com/misdownload/servlets/mirDownload?doclookupId=1272093341,2026-09-25T06:37:36Z,2026-09-08T17:33:15Z
ercot:HB_HOUSTON,spp_dam,2026-09-09T15:00:00Z,25.71,USD/MWh,PT1H,US-TX,ercot_dam,HB_HOUSTON,ercot:NP4-190-CD,https://www.ercot.com/misdownload/servlets/mirDownload?doclookupId=1272093341,2026-09-25T06:37:36Z,2026-09-08T17:33:15Z
ercot:HB_HOUSTON,spp_dam,2026-09-09T16:00:00Z,29.83,USD/MWh,PT1H,US-TX,ercot_dam,HB_HOUSTON,ercot:NP4-190-CD,https://www.ercot.com/misdownload/servlets/mirDownload?doclookupId=1272093341,2026-09-25T06:37:36Z,2026-09-08T17:33:15Z
ercot:HB_HOUSTON,spp_dam,2026-09-09T17:00:00Z,35.47,USD/MWh,PT1H,US-TX,ercot_dam,HB_HOUSTON,ercot:NP4-190-CD,https://www.ercot.com/misdownload/servlets/mirDownload?doclookupId=1272093341,2026-09-25T06:37:36Z,2026-09-08T17:33:15Z
ercot:HB_HOUSTON,spp_dam,2026-09-09T18:00:00Z,40.45,USD/MWh,PT1H,US-TX,ercot_dam,HB_HOUSTON,ercot:NP4-190-CD,https://www.ercot.com/misdownload/servlets/mirDownload?doclookupId=1272093341,2026-09-25T06:37:36Z,2026-09-08T17:33:15Z
ercot:HB_HOUSTON,spp_dam,2026-09-09T19:00:00Z,45.14,USD/MWh,PT1H,US-TX,ercot_dam,HB_HOUSTON,ercot:NP4-190-CD,https://www.ercot.com/misdownload/servlets/mirDownload?doclookupId=1272093341,2026-09-25T06:37:36Z,2026-09-08T17:33:15Z
ercot:HB_HOUSTON,spp_dam,2026-09-09T20:00:00Z,49.3,USD/MWh,PT1H,US-TX,ercot_dam,HB_HOUSTON,ercot:NP4-190-CD,https://www.ercot.com/misdownload/servlets/mirDownload?doclookupId=1272093341,2026-09-25T06:37:36Z,2026-09-08T17:33:15Z
ercot:HB_HOUSTON,spp_dam,2026-09-09T21:00:00Z,47.22,USD/MWh,PT1H,US-TX,ercot_dam,HB_HOUSTON,ercot:NP4-190-CD,https://www.ercot.com/misdownload/servlets/mirDownload?doclookupId=1272093341,2026-09-25T06:37:36Z,2026-09-08T17:33:15Z
ercot:HB_HOUSTON,spp_dam,2026-09-09T22:00:00Z,56.66,USD/MWh,PT1H,US-TX,ercot_dam,HB_HOUSTON,ercot:NP4-190-CD,https://www.ercot.com/misdownload/servlets/mirDownload?doclookupId=1272093341,2026-09-25T06:37:36Z,2026-09-08T17:33:15Z
ercot:HB_HOUSTON,spp_dam,2026-09-09T23:00:00Z,80.53,USD/MWh,PT1H,US-TX,ercot_dam,HB_HOUSTON,ercot:NP4-190-CD,https://www.ercot.com/misdownload/servlets/mirDownload?doclookupId=1272093341,2026-09-25T06:37:36Z,2026-09-08T17:33:15Z
ercot:HB_HOUSTON,spp_dam,2026-09-10T00:00:00Z,97.76,USD/MWh,PT1H,US-TX,ercot_dam,HB_HOUSTON,ercot:NP4-190-CD,https://www.ercot.com/misdownload/servlets/mirDownload?doclookupId=1272093341,2026-09-25T06:37:36Z,2026-09-08T17:33:15Z
ercot:HB_HOUSTON,spp_dam,2026-09-10T01:00:00Z,96.53,USD/MWh,PT1H,US-TX,ercot_dam,HB_HOUSTON,ercot:NP4-190-CD,https://www.ercot.com/misdownload/servlets/mirDownload?doclookupId=1272093341,2026-09-25T06:37:36Z,2026-09-08T17:33:15Z
ercot:HB_HOUSTON,spp_dam,2026-09-10T02:00:00Z,92.34,USD/MWh,PT1H,US-TX,ercot_dam,HB_HOUSTON,ercot:NP4-190-CD,https://www.ercot.com/misdownload/servlets/mirDownload?doclookupId=1272093341,2026-09-25T06:37:36Z,2026-09-08T17:33:15Z
ercot:HB_HOUSTON,spp_dam,2026-09-10T03:00:00Z,58.55,USD/MWh,PT1H,US-TX,ercot_dam,HB_HOUSTON,ercot:NP4-190-CD,https://www.ercot.com/misdownload/servlets/mirDownload?doclookupId=1272093341,2026-09-25T06:37:36Z,2026-09-08T17:33:15Z
ercot:HB_HOUSTON,spp_dam,2026-09-10T04:00:00Z,40.14,USD/MWh,PT1H,US-TX,ercot_dam,HB_HOUSTON,ercot:NP4-190-CD,https://www.ercot.com/misdownload/servlets/mirDownload?doclookupId=1272093341,2026-09-25T06:37:36Z,2026-09-08T17:33:15Z
ercot:HB_HOUSTON,spp_dam,2026-09-10T05:00:00Z,32.5,USD/MWh,PT1H,US-TX,ercot_dam,HB_HOUSTON,ercot:NP4-190-CD,https://www.ercot.com/misdownload/servlets/mirDownload?doclookupId=1272509790,2026-09-25T06:37:35Z,2026-09-09T17:57:39Z
ercot:HB_HOUSTON,spp_dam,2026-09-10T06:00:00Z,29.48,USD/MWh,PT1H,US-TX,ercot_dam,HB_HOUSTON,ercot:NP4-190-CD,https://www.ercot.com/misdownload/servlets/mirDownload?doclookupId=1272509790,2026-09-25T06:37:35Z,2026-09-09T17:57:39Z
ercot:HB_HOUSTON,spp_dam,2026-09-10T07:00:00Z,30.49,USD/MWh,PT1H,US-TX,ercot_dam,HB_HOUSTON,ercot:NP4-190-CD,https://www.ercot.com/misdownload/servlets/mirDownload?doclookupId=1272509790,2026-09-25T06:37:35Z,2026-09-09T17:57:39Z
ercot:HB_HOUSTON,spp_dam,2026-09-10T08:00:00Z,28.87,USD/MWh,PT1H,US-TX,ercot_dam,HB_HOUSTON,ercot:NP4-190-CD,https://www.ercot.com/misdownload/servlets/mirDownload?doclookupId=1272509790,2026-09-25T06:37:35Z,2026-09-09T17:57:39Z
ercot:HB_HOUSTON,spp_dam,2026-09-10T09:00:00Z,30.09,USD/MWh,PT1H,US-TX,ercot_dam,HB_HOUSTON,ercot:NP4-190-CD,https://www.ercot.com/misdownload/servlets/mirDownload?doclookupId=1272509790,2026-09-25T06:37:35Z,2026-09-09T17:57:39Z
ercot:HB_HOUSTON,spp_dam,2026-09-10T10:00:00Z,33.92,USD/MWh,PT1H,US-TX,ercot_dam,HB_HOUSTON,ercot:NP4-190-CD,https://www.ercot.com/misdownload/servlets/mirDownload?doclookupId=1272509790,2026-09-25T06:37:35Z,2026-09-09T17:57:39Z
ercot:HB_HOUSTON,spp_dam,2026-09-10T11:00:00Z,39.01,USD/MWh,PT1H,US-TX,ercot_dam,HB_HOUSTON,ercot:NP4-190-CD,https://www.ercot.com/misdownload/servlets/mirDownload?doclookupId=1272509790,2026-09-25T06:37:35Z,2026-09-09T17:57:39Z
ercot:HB_HOUSTON,spp_dam,2026-09-10T12:00:00Z,37.43,USD/MWh,PT1H,US-TX,ercot_dam,HB_HOUSTON,ercot:NP4-190-CD,https://www.ercot.com/misdownload/servlets/mirDownload?doclookupId=1272509790,2026-09-25T06:37:35Z,2026-09-09T17:57:39Z
ercot:HB_HOUSTON,spp_dam,2026-09-10T13:00:00Z,26.22,USD/MWh,PT1H,US-TX,ercot_dam,HB_HOUSTON,ercot:NP4-190-CD,https://www.ercot.com/misdownload/servlets/mirDownload?doclookupId=1272509790,2026-09-25T06:37:35Z,2026-09-09T17:57:39Z
ercot:HB_HOUSTON,spp_dam,2026-09-10T14:00:00Z,23.18,USD/MWh,PT1H,US-TX,ercot_dam,HB_HOUSTON,ercot:NP4-190-CD,https://www.ercot.com/misdownload/servlets/mirDownload?doclookupId=1272509790,2026-09-25T06:37:35Z,2026-09-09T17:57:39Z
ercot:HB_HOUSTON,spp_dam,2026-09-10T15:00:00Z,26.21,USD/MWh,PT1H,US-TX,ercot_dam,HB_HOUSTON,ercot:NP4-190-CD,https://www.ercot.com/misdownload/servlets/mirDownload?doclookupId=1272509790,2026-09-25T06:37:35Z,2026-09-09T17:57:39Z
ercot:HB_HOUSTON,spp_dam,2026-09-10T16:00:00Z,27.98,USD/MWh,PT1H,US-TX,ercot_dam,HB_HOUSTON,ercot:NP4-190-CD,https://www.ercot.com/misdownload/servlets/mirDownload?doclookupId=1272509790,2026-09-25T06:37:35Z,2026-09-09T17:57:39Z
ercot:HB_HOUSTON,spp_dam,2026-09-10T17:00:00Z,34.39,USD/MWh,PT1H,US-TX,ercot_dam,HB_HOUSTON,ercot:NP4-190-CD,https://www.ercot.com/misdownload/servlets/mirDownload?doclookupId=1272509790,2026-09-25T06:37:35Z,2026-09-09T17:57:39Z
ercot:HB_HOUSTON,spp_dam,2026-09-10T18:00:00Z,42.88,USD/MWh,PT1H,US-TX,ercot_dam,HB_HOUSTON,ercot:NP4-190-CD,https://www.ercot.com/misdownload/servlets/mirDownload?doclookupId=1272509790,2026-09-25T06:37:35Z,2026-09-09T17:57:39Z
ercot:HB_HOUSTON,spp_dam,2026-09-10T19:00:00Z,46.64,USD/MWh,PT1H,US-TX,ercot_dam,HB_HOUSTON,ercot:NP4-190-CD,https://www.ercot.com/misdownload/servlets/mirDownload?doclookupId=1272509790,2026-09-25T06:37:35Z,2026-09-09T17:57:39Z
ercot:HB_HOUSTON,spp_dam,2026-09-10T20:00:00Z,48.52,USD/MWh,PT1H,US-TX,ercot_dam,HB_HOUSTON,ercot:NP4-190-CD,https://www.ercot.com/misdownload/servlets/mirDownload?doclookupId=1272509790,2026-09-25T06:37:35Z,2026-09-09T17:57:39Z
ercot:HB_HOUSTON,spp_dam,2026-09-10T21:00:00Z,51.63,USD/MWh,PT1H,US-TX,ercot_dam,HB_HOUSTON,ercot:NP4-190-CD,https://www.ercot.com/misdownload/servlets/mirDownload?doclookupId=1272509790,2026-09-25T06:37:35Z,2026-09-09T17:57:39Z
ercot:HB_HOUSTON,spp_dam,2026-09-10T22:00:00Z,61.01,USD/MWh,PT1H,US-TX,ercot_dam,HB_HOUSTON,ercot:NP4-190-CD,https://www.ercot.com/misdownload/servlets/mirDownload?doclookupId=1272509790,2026-09-25T06:37:35Z,2026-09-09T17:57:39Z
ercot:HB_HOUSTON,spp_dam,2026-09-10T23:00:00Z,82.11,USD/MWh,PT1H,US-TX,ercot_dam,HB_HOUSTON,ercot:NP4-190-CD,https://www.ercot.com/misdownload/servlets/mirDownload?doclookupId=1272509790,2026-09-25T06:37:35Z,2026-09-09T17:57:39Z
ercot:HB_HOUSTON,spp_dam,2026-09-11T00:00:00Z,92.84,USD/MWh,PT1H,US-TX,ercot_dam,HB_HOUSTON,ercot:NP4-190-CD,https://www.ercot.com/misdownload/servlets/mirDownload?doclookupId=1272509790,2026-09-25T06:37:35Z,2026-09-09T17:57:39Z
ercot:HB_HOUSTON,spp_dam,2026-09-11T01:00:00Z,93.83,USD/MWh,PT1H,US-TX,ercot_dam,HB_HOUSTON,ercot:NP4-190-CD,https://www.ercot.com/misdownload/servlets/mirDownload?doclookupId=1272509790,2026-09-25T06:37:35Z,2026-09-09T17:57:39Z
ercot:HB_HOUSTON,spp_dam,2026-09-11T02:00:00Z,82.47,USD/MWh,PT1H,US-TX,ercot_dam,HB_HOUSTON,ercot:NP4-190-CD,https://www.ercot.com/misdownload/servlets/mirDownload?doclookupId=1272509790,2026-09-25T06:37:35Z,2026-09-09T17:57:39Z
ercot:HB_HOUSTON,spp_dam,2026-09-11T03:00:00Z,58.87,USD/MWh,PT1H,US-TX,ercot_dam,HB_HOUSTON,ercot:NP4-190-CD,https://www.ercot.com/misdownload/servlets/mirDownload?doclookupId=1272509790,2026-09-25T06:37:35Z,2026-09-09T17:57:39Z
ercot:HB_HOUSTON,spp_dam,2026-09-11T04:00:00Z,40.24,USD/MWh,PT1H,US-TX,ercot_dam,HB_HOUSTON,ercot:NP4-190-CD,https://www.ercot.com/misdownload/servlets/mirDownload?doclookupId=1272509790,2026-09-25T06:37:35Z,2026-09-09T17:57:39Z
ercot:HB_HOUSTON,spp_dam,2026-09-11T05:00:00Z,34.8,USD/MWh,PT1H,US-TX,ercot_dam,HB_HOUSTON,ercot:NP4-190-CD,https://www.ercot.com/misdownload/servlets/mirDownload?doclookupId=1272916697,2026-09-25T06:37:35Z,2026-09-10T17:33:26Z
ercot:HB_HOUSTON,spp_dam,2026-09-11T06:00:00Z,31.5,USD/MWh,PT1H,US-TX,ercot_dam,HB_HOUSTON,ercot:NP4-190-CD,https://www.ercot.com/misdownload/servlets/mirDownload?doclookupId=1272916697,2026-09-25T06:37:35Z,2026-09-10T17:33:26Z
ercot:HB_HOUSTON,spp_dam,2026-09-11T07:00:00Z,30.54,USD/MWh,PT1H,US-TX,ercot_dam,HB_HOUSTON,ercot:NP4-190-CD,https://www.ercot.com/misdownload/servlets/mirDownload?doclookupId=1272916697,2026-09-25T06:37:35Z,2026-09-10T17:33:26Z
ercot:HB_HOUSTON,spp_dam,2026-09-11T08:00:00Z,30.0,USD/MWh,PT1H,US-TX,ercot_dam,HB_HOUSTON,ercot:NP4-190-CD,https://www.ercot.com/misdownload/servlets/mirDownload?doclookupId=1272916697,2026-09-25T06:37:35Z,2026-09-10T17:33:26Z
ercot:HB_HOUSTON,spp_dam,2026-09-11T09:00:00Z,30.0,USD/MWh,PT1H,US-TX,ercot_dam,HB_HOUSTON,ercot:NP4-190-CD,https://www.ercot.com/misdownload/servlets/mirDownload?doclookupId=1272916697,2026-09-25T06:37:35Z,2026-09-10T17:33:26Z
ercot:HB_HOUSTON,spp_dam,2026-09-11T10:00:00Z,32.49,USD/MWh,PT1H,US-TX,ercot_dam,HB_HOUSTON,ercot:NP4-190-CD,https://www.ercot.com/misdownload/servlets/mirDownload?doclookupId=1272916697,2026-09-25T06:37:35Z,2026-09-10T17:33:26Z
ercot:HB_HOUSTON,spp_dam,2026-09-11T11:00:00Z,37.78,USD/MWh,PT1H,US-TX,ercot_dam,HB_HOUSTON,ercot:NP4-190-CD,https://www.ercot.com/misdownload/servlets/mirDownload?doclookupId=1272916697,2026-09-25T06:37:35Z,2026-09-10T17:33:26Z
ercot:HB_HOUSTON,spp_dam,2026-09-11T12:00:00Z,35.39,USD/MWh,PT1H,US-TX,ercot_dam,HB_HOUSTON,ercot:NP4-190-CD,https://www.ercot.com/misdownload/servlets/mirDownload?doclookupId=1272916697,2026-09-25T06:37:35Z,2026-09-10T17:33:26Z
ercot:HB_HOUSTON,spp_dam,2026-09-11T13:00:00Z,27.12,USD/MWh,PT1H,US-TX,ercot_dam,HB_HOUSTON,ercot:NP4-190-CD,https://www.ercot.com/misdownload/servlets/mirDownload?doclookupId=1272916697,2026-09-25T06:37:35Z,2026-09-10T17:33:26Z
ercot:HB_HOUSTON,spp_dam,2026-09-11T14:00:00Z,23.99,USD/MWh,PT1H,US-TX,ercot_dam,HB_HOUSTON,ercot:NP4-190-CD,https://www.ercot.com/misdownload/servlets/mirDownload?doclookupId=1272916697,2026-09-25T06:37:35Z,2026-09-10T17:33:26Z
ercot:HB_HOUSTON,spp_dam,2026-09-11T15:00:00Z,24.26,USD/MWh,PT1H,US-TX,ercot_dam,HB_HOUSTON,ercot:NP4-190-CD,https://www.ercot.com/misdownload/servlets/mirDownload?doclookupId=1272916697,2026-09-25T06:37:35Z,2026-09-10T17:33:26Z
ercot:HB_HOUSTON,spp_dam,2026-09-11T16:00:00Z,26.06,USD/MWh,PT1H,US-TX,ercot_dam,HB_HOUSTON,ercot:NP4-190-CD,https://www.ercot.com/misdownload/servlets/mirDownload?doclookupId=1272916697,2026-09-25T06:37:35Z,2026-09-10T17:33:26Z
ercot:HB_HOUSTON,spp_dam,2026-09-11T17:00:00Z,30.77,USD/MWh,PT1H,US-TX,ercot_dam,HB_HOUSTON,ercot:NP4-190-CD,https://www.ercot.com/misdownload/servlets/mirDownload?doclookupId=1272916697,2026-09-25T06:37:35Z,2026-09-10T17:33:26Z
ercot:HB_HOUSTON,spp_dam,2026-09-11T18:00:00Z,35.47,USD/MWh,PT1H,US-TX,ercot_dam,HB_HOUSTON,ercot:NP4-190-CD,https://www.ercot.com/misdownload/servlets/mirDownload?doclookupId=1272916697,2026-09-25T06:37:35Z,2026-09-10T17:33:26Z
ercot:HB_HOUSTON,spp_dam,2026-09-11T19:00:00Z,37.84,USD/MWh,PT1H,US-TX,ercot_dam,HB_HOUSTON,ercot:NP4-190-CD,https://www.ercot.com/misdownload/servlets/mirDownload?doclookupId=1272916697,2026-09-25T06:37:35Z,2026-09-10T17:33:26Z
ercot:HB_HOUSTON,spp_dam,2026-09-11T20:00:00Z,39.23,USD/MWh,PT1H,US-TX,ercot_dam,HB_HOUSTON,ercot:NP4-190-CD,https://www.ercot.com/misdownload/servlets/mirDownload?doclookupId=1272916697,2026-09-25T06:37:35Z,2026-09-10T17:33:26Z
ercot:HB_HOUSTON,spp_dam,2026-09-11T21:00:00Z,37.18,USD/MWh,PT1H,US-TX,ercot_dam,HB_HOUSTON,ercot:NP4-190-CD,https://www.ercot.com/misdownload/servlets/mirDownload?doclookupId=1272916697,2026-09-25T06:37:35Z,2026-09-10T17:33:26Z
ercot:HB_HOUSTON,spp_dam,2026-09-11T22:00:00Z,38.28,USD/MWh,PT1H,US-TX,ercot_dam,HB_HOUSTON,ercot:NP4-190-CD,https://www.ercot.com/misdownload/servlets/mirDownload?doclookupId=1272916697,2026-09-25T06:37:35Z,2026-09-10T17:33:26Z
ercot:HB_HOUSTON,spp_dam,2026-09-11T23:00:00Z,50.7,USD/MWh,PT1H,US-TX,ercot_dam,HB_HOUSTON,ercot:NP4-190-CD,https://www.ercot.com/misdownload/servlets/mirDownload?doclookupId=1272916697,2026-09-25T06:37:35Z,2026-09-10T17:33:26Z
ercot:HB_HOUSTON,spp_dam,2026-09-12T00:00:00Z,53.3,USD/MWh,PT1H,US-TX,ercot_dam,HB_HOUSTON,ercot:NP4-190-CD,https://www.ercot.com/misdownload/servlets/mirDownload?doclookupId=1272916697,2026-09-25T06:37:35Z,2026-09-10T17:33:26Z
ercot:HB_HOUSTON,spp_dam,2026-09-12T01:00:00Z,46.83,USD/MWh,PT1H,US-TX,ercot_dam,HB_HOUSTON,ercot:NP4-190-CD,https://www.ercot.com/misdownload/servlets/mirDownload?doclookupId=1272916697,2026-09-25T06:37:35Z,2026-09-10T17:33:26Z
ercot:HB_HOUSTON,spp_dam,2026-09-12T02:00:00Z,36.14,USD/MWh,PT1H,US-TX,ercot_dam,HB_HOUSTON,ercot:NP4-190-CD,https://www.ercot.com/misdownload/servlets/mirDownload?doclookupId=1272916697,2026-09-25T06:37:35Z,2026-09-10T17:33:26Z
ercot:HB_HOUSTON,spp_dam,2026-09-12T03:00:00Z,28.21,USD/MWh,PT1H,US-TX,ercot_dam,HB_HOUSTON,ercot:NP4-190-CD,https://www.ercot.com/misdownload/servlets/mirDownload?doclookupId=1272916697,2026-09-25T06:37:35Z,2026-09-10T17:33:26Z
ercot:HB_HOUSTON,spp_dam,2026-09-12T04:00:00Z,23.77,USD/MWh,PT1H,US-TX,ercot_dam,HB_HOUSTON,ercot:NP4-190-CD,https://www.ercot.com/misdownload/servlets/mirDownload?doclookupId=1272916697,2026-09-25T06:37:35Z,2026-09-10T17:33:26Z
ercot:HB_HOUSTON,spp_dam,2026-09-12T05:00:00Z,24.67,USD/MWh,PT1H,US-TX,ercot_dam,HB_HOUSTON,ercot:NP4-190-CD,https://www.ercot.com/misdownload/servlets/mirDownload?doclookupId=1273328216,2026-09-25T06:37:33Z,2026-09-11T18:09:10Z
ercot:HB_HOUSTON,spp_dam,2026-09-12T06:00:00Z,24.17,USD/MWh,PT1H,US-TX,ercot_dam,HB_HOUSTON,ercot:NP4-190-CD,https://www.ercot.com/misdownload/servlets/mirDownload?doclookupId=1273328216,2026-09-25T06:37:33Z,2026-09-11T18:09:10Z
ercot:HB_HOUSTON,spp_dam,2026-09-12T07:00:00Z,24.03,USD/MWh,PT1H,US-TX,ercot_dam,HB_HOUSTON,ercot:NP4-190-CD,https://www.ercot.com/misdownload/servlets/mirDownload?doclookupId=1273328216,2026-09-25T06:37:33Z,2026-09-11T18:09:10Z
ercot:HB_HOUSTON,spp_dam,2026-09-12T08:00:00Z,23.75,USD/MWh,PT1H,US-TX,ercot_dam,HB_HOUSTON,ercot:NP4-190-CD,https://www.ercot.com/misdownload/servlets/mirDownload?doclookupId=1273328216,2026-09-25T06:37:33Z,2026-09-11T18:09:10Z
ercot:HB_HOUSTON,spp_dam,2026-09-12T09:00:00Z,23.23,USD/MWh,PT1H,US-TX,ercot_dam,HB_HOUSTON,ercot:NP4-190-CD,https://www.ercot.com/misdownload/servlets/mirDownload?doclookupId=1273328216,2026-09-25T06:37:33Z,2026-09-11T18:09:10Z
ercot:HB_HOUSTON,spp_dam,2026-09-12T10:00:00Z,23.97,USD/MWh,PT1H,US-TX,ercot_dam,HB_HOUSTON,ercot:NP4-190-CD,https://www.ercot.com/misdownload/servlets/mirDownload?doclookupId=1273328216,2026-09-25T06:37:33Z,2026-09-11T18:09:10Z
ercot:HB_HOUSTON,spp_dam,2026-09-12T11:00:00Z,26.06,USD/MWh,PT1H,US-TX,ercot_dam,HB_HOUSTON,ercot:NP4-190-CD,https://www.ercot.com/misdownload/servlets/mirDownload?doclookupId=1273328216,2026-09-25T06:37:33Z,2026-09-11T18:09:10Z
ercot:HB_HOUSTON,spp_dam,2026-09-12T12:00:00Z,24.33,USD/MWh,PT1H,US-TX,ercot_dam,HB_HOUSTON,ercot:NP4-190-CD,https://www.ercot.com/misdownload/servlets/mirDownload?doclookupId=1273328216,2026-09-25T06:37:33Z,2026-09-11T18:09:10Z
ercot:HB_HOUSTON,spp_dam,2026-09-12T13:00:00Z,17.55,USD/MWh,PT1H,US-TX,ercot_dam,HB_HOUSTON,ercot:NP4-190-CD,https://www.ercot.com/misdownload/servlets/mirDownload?doclookupId=1273328216,2026-09-25T06:37:33Z,2026-09-11T18:09:10Z
ercot:HB_HOUSTON,spp_dam,2026-09-12T14:00:00Z,18.7,USD/MWh,PT1H,US-TX,ercot_dam,HB_HOUSTON,ercot:NP4-190-CD,https://www.ercot.com/misdownload/servlets/mirDownload?doclookupId=1273328216,2026-09-25T06:37:33Z,2026-09-11T18:09:10Z
ercot:HB_HOUSTON,spp_dam,2026-09-12T15:00:00Z,22.66,USD/MWh,PT1H,US-TX,ercot_dam,HB_HOUSTON,ercot:NP4-190-CD,https://www.ercot.com/misdownload/servlets/mirDownload?doclookupId=1273328216,2026-09-25T06:37:33Z,2026-09-11T18:09:10Z
ercot:HB_HOUSTON,spp_dam,2026-09-12T16:00:00Z,24.67,USD/MWh,PT1H,US-TX,ercot_dam,HB_HOUSTON,ercot:NP4-190-CD,https://www.ercot.com/misdownload/servlets/mirDownload?doclookupId=1273328216,2026-09-25T06:37:33Z,2026-09-11T18:09:10Z
ercot:HB_HOUSTON,spp_dam,2026-09-12T17:00:00Z,28.06,USD/MWh,PT1H,US-TX,ercot_dam,HB_HOUSTON,ercot:NP4-190-CD,https://www.ercot.com/misdownload/servlets/mirDownload?doclookupId=1273328216,2026-09-25T06:37:33Z,2026-09-11T18:09:10Z
ercot:HB_HOUSTON,spp_dam,2026-09-12T18:00:00Z,34.03,USD/MWh,PT1H,US-TX,ercot_dam,HB_HOUSTON,ercot:NP4-190-CD,https://www.ercot.com/misdownload/servlets/mirDownload?doclookupId=1273328216,2026-09-25T06:37:33Z,2026-09-11T18:09:10Z
ercot:HB_HOUSTON,spp_dam,2026-09-12T19:00:00Z,34.47,USD/MWh,PT1H,US-TX,ercot_dam,HB_HOUSTON,ercot:NP4-190-CD,https://www.ercot.com/misdownload/servlets/mirDownload?doclookupId=1273328216,2026-09-25T06:37:33Z,2026-09-11T18:09:10Z
ercot:HB_HOUSTON,spp_dam,2026-09-12T20:00:00Z,38.75,USD/MWh,PT1H,US-TX,ercot_dam,HB_HOUSTON,ercot:NP4-190-CD,https://www.ercot.com/misdownload/servlets/mirDownload?doclookupId=1273328216,2026-09-25T06:37:33Z,2026-09-11T18:09:10Z
ercot:HB_HOUSTON,spp_dam,2026-09-12T21:00:00Z,36.71,USD/MWh,PT1H,US-TX,ercot_dam,HB_HOUSTON,ercot:NP4-190-CD,https://www.ercot.com/misdownload/servlets/mirDownload?doclookupId=1273328216,2026-09-25T06:37:33Z,2026-09-11T18:09:10Z
ercot:HB_HOUSTON,spp_dam,2026-09-12T22:00:00Z,36.5,USD/MWh,PT1H,US-TX,ercot_dam,HB_HOUSTON,ercot:NP4-190-CD,https://www.ercot.com/misdownload/servlets/mirDownload?doclookupId=1273328216,2026-09-25T06:37:33Z,2026-09-11T18:09:10Z
ercot:HB_HOUSTON,spp_dam,2026-09-12T23:00:00Z,51.0,USD/MWh,PT1H,US-TX,ercot_dam,HB_HOUSTON,ercot:NP4-190-CD,https://www.ercot.com/misdownload/servlets/mirDownload?doclookupId=1273328216,2026-09-25T06:37:33Z,2026-09-11T18:09:10Z
ercot:HB_HOUSTON,spp_dam,2026-09-13T00:00:00Z,53.28,USD/MWh,PT1H,US-TX,ercot_dam,HB_HOUSTON,ercot:NP4-190-CD,https://www.ercot.com/misdownload/servlets/mirDownload?doclookupId=1273328216,2026-09-25T06:37:33Z,2026-09-11T18:09:10Z
ercot:HB_HOUSTON,spp_dam,2026-09-13T01:00:00Z,50.28,USD/MWh,PT1H,US-TX,ercot_dam,HB_HOUSTON,ercot:NP4-190-CD,https://www.ercot.com/misdownload/servlets/mirDownload?doclookupId=1273328216,2026-09-25T06:37:33Z,2026-09-11T18:09:10Z
ercot:HB_HOUSTON,spp_dam,2026-09-13T02:00:00Z,47.81,USD/MWh,PT1H,US-TX,ercot_dam,HB_HOUSTON,ercot:NP4-190-CD,https://www.ercot.com/misdownload/servlets/mirDownload?doclookupId=1273328216,2026-09-25T06:37:33Z,2026-09-11T18:09:10Z
ercot:HB_HOUSTON,spp_dam,2026-09-13T03:00:00Z,33.76,USD/MWh,PT1H,US-TX,ercot_dam,HB_HOUSTON,ercot:NP4-190-CD,https://www.ercot.com/misdownload/servlets/mirDownload?doclookupId=1273328216,2026-09-25T06:37:33Z,2026-09-11T18:09:10Z
ercot:HB_HOUSTON,spp_dam,2026-09-13T04:00:00Z,28.06,USD/MWh,PT1H,US-TX,ercot_dam,HB_HOUSTON,ercot:NP4-190-CD,https://www.ercot.com/misdownload/servlets/mirDownload?doclookupId=1273328216,2026-09-25T06:37:33Z,2026-09-11T18:09:10Z
ercot:HB_HOUSTON,spp_dam,2026-09-13T05:00:00Z,28.03,USD/MWh,PT1H,US-TX,ercot_dam,HB_HOUSTON,ercot:NP4-190-CD,https://www.ercot.com/misdownload/servlets/mirDownload?doclookupId=1273705666,2026-09-25T06:37:32Z,2026-09-12T17:41:25Z
ercot:HB_HOUSTON,spp_dam,2026-09-13T06:00:00Z,25.76,USD/MWh,PT1H,US-TX,ercot_dam,HB_HOUSTON,ercot:NP4-190-CD,https://www.ercot.com/misdownload/servlets/mirDownload?doclookupId=1273705666,2026-09-25T06:37:32Z,2026-09-12T17:41:25Z
ercot:HB_HOUSTON,spp_dam,2026-09-13T07:00:00Z,26.01,USD/MWh,PT1H,US-TX,ercot_dam,HB_HOUSTON,ercot:NP4-190-CD,https://www.ercot.com/misdownload/servlets/mirDownload?doclookupId=1273705666,2026-09-25T06:37:32Z,2026-09-12T17:41:25Z
ercot:HB_HOUSTON,spp_dam,2026-09-13T08:00:00Z,25.85,USD/MWh,PT1H,US-TX,ercot_dam,HB_HOUSTON,ercot:NP4-190-CD,https://www.ercot.com/misdownload/servlets/mirDownload?doclookupId=1273705666,2026-09-25T06:37:32Z,2026-09-12T17:41:25Z
ercot:HB_HOUSTON,spp_dam,2026-09-13T09:00:00Z,26.45,USD/MWh,PT1H,US-TX,ercot_dam,HB_HOUSTON,ercot:NP4-190-CD,https://www.ercot.com/misdownload/servlets/mirDownload?doclookupId=1273705666,2026-09-25T06:37:32Z,2026-09-12T17:41:25Z
ercot:HB_HOUSTON,spp_dam,2026-09-13T10:00:00Z,29.02,USD/MWh,PT1H,US-TX,ercot_dam,HB_HOUSTON,ercot:NP4-190-CD,https://www.ercot.com/misdownload/servlets/mirDownload?doclookupId=1273705666,2026-09-25T06:37:32Z,2026-09-12T17:41:25Z
ercot:HB_HOUSTON,spp_dam,2026-09-13T11:00:00Z,31.98,USD/MWh,PT1H,US-TX,ercot_dam,HB_HOUSTON,ercot:NP4-190-CD,https://www.ercot.com/misdownload/servlets/mirDownload?doclookupId=1273705666,2026-09-25T06:37:32Z,2026-09-12T17:41:25Z
ercot:HB_HOUSTON,spp_dam,2026-09-13T12:00:00Z,29.68,USD/MWh,PT1H,US-TX,ercot_dam,HB_HOUSTON,ercot:NP4-190-CD,https://www.ercot.com/misdownload/servlets/mirDownload?doclookupId=1273705666,2026-09-25T06:37:32Z,2026-09-12T17:41:25Z
ercot:HB_HOUSTON,spp_dam,2026-09-13T13:00:00Z,20.09,USD/MWh,PT1H,US-TX,ercot_dam,HB_HOUSTON,ercot:NP4-190-CD,https://www.ercot.com/misdownload/servlets/mirDownload?doclookupId=1273705666,2026-09-25T06:37:32Z,2026-09-12T17:41:25Z
ercot:HB_HOUSTON,spp_dam,2026-09-13T14:00:00Z,18.29,USD/MWh,PT1H,US-TX,ercot_dam,HB_HOUSTON,ercot:NP4-190-CD,https://www.ercot.com/misdownload/servlets/mirDownload?doclookupId=1273705666,2026-09-25T06:37:32Z,2026-09-12T17:41:25Z
ercot:HB_HOUSTON,spp_dam,2026-09-13T15:00:00Z,19.89,USD/MWh,PT1H,US-TX,ercot_dam,HB_HOUSTON,ercot:NP4-190-CD,https://www.ercot.com/misdownload/servlets/mirDownload?doclookupId=1273705666,2026-09-25T06:37:32Z,2026-09-12T17:41:25Z
ercot:HB_HOUSTON,spp_dam,2026-09-13T16:00:00Z,22.76,USD/MWh,PT1H,US-TX,ercot_dam,HB_HOUSTON,ercot:NP4-190-CD,https://www.ercot.com/misdownload/servlets/mirDownload?doclookupId=1273705666,2026-09-25T06:37:32Z,2026-09-12T17:41:25Z
ercot:HB_HOUSTON,spp_dam,2026-09-13T17:00:00Z,27.41,USD/MWh,PT1H,US-TX,ercot_dam,HB_HOUSTON,ercot:NP4-190-CD,https://www.ercot.com/misdownload/servlets/mirDownload?doclookupId=1273705666,2026-09-25T06:37:32Z,2026-09-12T17:41:25Z
ercot:HB_HOUSTON,spp_dam,2026-09-13T18:00:00Z,30.97,USD/MWh,PT1H,US-TX,ercot_dam,HB_HOUSTON,ercot:NP4-190-CD,https://www.ercot.com/misdownload/servlets/mirDownload?doclookupId=1273705666,2026-09-25T06:37:32Z,2026-09-12T17:41:25Z
ercot:HB_HOUSTON,spp_dam,2026-09-13T19:00:00Z,33.09,USD/MWh,PT1H,US-TX,ercot_dam,HB_HOUSTON,ercot:NP4-190-CD,https://www.ercot.com/misdownload/servlets/mirDownload?doclookupId=1273705666,2026-09-25T06:37:32Z,2026-09-12T17:41:25Z
ercot:HB_HOUSTON,spp_dam,2026-09-13T20:00:00Z,33.79,USD/MWh,PT1H,US-TX,ercot_dam,HB_HOUSTON,ercot:NP4-190-CD,https://www.ercot.com/misdownload/servlets/mirDownload?doclookupId=1273705666,2026-09-25T06:37:32Z,2026-09-12T17:41:25Z
ercot:HB_HOUSTON,spp_dam,2026-09-13T21:00:00Z,33.96,USD/MWh,PT1H,US-TX,ercot_dam,HB_HOUSTON,ercot:NP4-190-CD,https://www.ercot.com/misdownload/servlets/mirDownload?doclookupId=1273705666,2026-09-25T06:37:32Z,2026-09-12T17:41:25Z
ercot:HB_HOUSTON,spp_dam,2026-09-13T22:00:00Z,33.36,USD/MWh,PT1H,US-TX,ercot_dam,HB_HOUSTON,ercot:NP4-190-CD,https://www.ercot.com/misdownload/servlets/mirDownload?doclookupId=1273705666,2026-09-25T06:37:32Z,2026-09-12T17:41:25Z
ercot:HB_HOUSTON,spp_dam,2026-09-13T23:00:00Z,51.3,USD/MWh,PT1H,US-TX,ercot_dam,HB_HOUSTON,ercot:NP4-190-CD,https://www.ercot.com/misdownload/servlets/mirDownload?doclookupId=1273705666,2026-09-25T06:37:32Z,2026-09-12T17:41:25Z
ercot:HB_HOUSTON,spp_dam,2026-09-14T00:00:00Z,56.12,USD/MWh,PT1H,US-TX,ercot_dam,HB_HOUSTON,ercot:NP4-190-CD,https://www.ercot.com/misdownload/servlets/mirDownload?doclookupId=1273705666,2026-09-25T06:37:32Z,2026-09-12T17:41:25Z
ercot:HB_HOUSTON,spp_dam,2026-09-14T01:00:00Z,51.95,USD/MWh,PT1H,US-TX,ercot_dam,HB_HOUSTON,ercot:NP4-190-CD,https://www.ercot.com/misdownload/servlets/mirDownload?doclookupId=1273705666,2026-09-25T06:37:32Z,2026-09-12T17:41:25Z
ercot:HB_HOUSTON,spp_dam,2026-09-14T02:00:00Z,48.15,USD/MWh,PT1H,US-TX,ercot_dam,HB_HOUSTON,ercot:NP4-190-CD,https://www.ercot.com/misdownload/servlets/mirDownload?doclookupId=1273705666,2026-09-25T06:37:32Z,2026-09-12T17:41:25Z
ercot:HB_HOUSTON,spp_dam,2026-09-14T03:00:00Z,35.44,USD/MWh,PT1H,US-TX,ercot_dam,HB_HOUSTON,ercot:NP4-190-CD,https://www.ercot.com/misdownload/servlets/mirDownload?doclookupId=1273705666,2026-09-25T06:37:32Z,2026-09-12T17:41:25Z
ercot:HB_HOUSTON,spp_dam,2026-09-14T04:00:00Z,30.35,USD/MWh,PT1H,US-TX,ercot_dam,HB_HOUSTON,ercot:NP4-190-CD,https://www.ercot.com/misdownload/servlets/mirDownload?doclookupId=1273705666,2026-09-25T06:37:32Z,2026-09-12T17:41:25Z
ercot:HB_HOUSTON,spp_dam,2026-09-14T05:00:00Z,28.37,USD/MWh,PT1H,US-TX,ercot_dam,HB_HOUSTON,ercot:NP4-190-CD,https://www.ercot.com/misdownload/servlets/mirDownload?doclookupId=1274092364,2026-09-25T06:37:31Z,2026-09-13T17:57:21Z
ercot:HB_HOUSTON,spp_dam,2026-09-14T06:00:00Z,25.14,USD/MWh,PT1H,US-TX,ercot_dam,HB_HOUSTON,ercot:NP4-190-CD,https://www.ercot.com/misdownload/servlets/mirDownload?doclookupId=1274092364,2026-09-25T06:37:31Z,2026-09-13T17:57:21Z
ercot:HB_HOUSTON,spp_dam,2026-09-14T07:00:00Z,24.61,USD/MWh,PT1H,US-TX,ercot_dam,HB_HOUSTON,ercot:NP4-190-CD,https://www.ercot.com/misdownload/servlets/mirDownload?doclookupId=1274092364,2026-09-25T06:37:31Z,2026-09-13T17:57:21Z
ercot:HB_HOUSTON,spp_dam,2026-09-14T08:00:00Z,24.18,USD/MWh,PT1H,US-TX,ercot_dam,HB_HOUSTON,ercot:NP4-190-CD,https://www.ercot.com/misdownload/servlets/mirDownload?doclookupId=1274092364,2026-09-25T06:37:31Z,2026-09-13T17:57:21Z
ercot:HB_HOUSTON,spp_dam,2026-09-14T09:00:00Z,24.19,USD/MWh,PT1H,US-TX,ercot_dam,HB_HOUSTON,ercot:NP4-190-CD,https://www.ercot.com/misdownload/servlets/mirDownload?doclookupId=1274092364,2026-09-25T06:37:31Z,2026-09-13T17:57:21Z
ercot:HB_HOUSTON,spp_dam,2026-09-14T10:00:00Z,26.51,USD/MWh,PT1H,US-TX,ercot_dam,HB_HOUSTON,ercot:NP4-190-CD,https://www.ercot.com/misdownload/servlets/mirDownload?doclookupId=1274092364,2026-09-25T06:37:31Z,2026-09-13T17:57:21Z
ercot:HB_HOUSTON,spp_dam,2026-09-14T11:00:00Z,30.35,USD/MWh,PT1H,US-TX,ercot_dam,HB_HOUSTON,ercot:NP4-190-CD,https://www.ercot.com/misdownload/servlets/mirDownload?doclookupId=1274092364,2026-09-25T06:37:31Z,2026-09-13T17:57:21Z
ercot:HB_HOUSTON,spp_dam,2026-09-14T12:00:00Z,28.71,USD/MWh,PT1H,US-TX,ercot_dam,HB_HOUSTON,ercot:NP4-190-CD,https://www.ercot.com/misdownload/servlets/mirDownload?doclookupId=1274092364,2026-09-25T06:37:31Z,2026-09-13T17:57:21Z
ercot:HB_HOUSTON,spp_dam,2026-09-14T13:00:00Z,21.12,USD/MWh,PT1H,US-TX,ercot_dam,HB_HOUSTON,ercot:NP4-190-CD,https://www.ercot.com/misdownload/servlets/mirDownload?doclookupId=1274092364,2026-09-25T06:37:31Z,2026-09-13T17:57:21Z
ercot:HB_HOUSTON,spp_dam,2026-09-14T14:00:00Z,21.1,USD/MWh,PT1H,US-TX,ercot_dam,HB_HOUSTON,ercot:NP4-190-CD,https://www.ercot.com/misdownload/servlets/mirDownload?doclookupId=1274092364,2026-09-25T06:37:31Z,2026-09-13T17:57:21Z
ercot:HB_HOUSTON,spp_dam,2026-09-14T15:00:00Z,27.05,USD/MWh,PT1H,US-TX,ercot_dam,HB_HOUSTON,ercot:NP4-190-CD,https://www.ercot.com/misdownload/servlets/mirDownload?doclookupId=1274092364,2026-09-25T06:37:31Z,2026-09-13T17:57:21Z
ercot:HB_HOUSTON,spp_dam,2026-09-14T16:00:00Z,25.4,USD/MWh,PT1H,US-TX,ercot_dam,HB_HOUSTON,ercot:NP4-190-CD,https://www.ercot.com/misdownload/servlets/mirDownload?doclookupId=1274092364,2026-09-25T06:37:31Z,2026-09-13T17:57:21Z
ercot:HB_HOUSTON,spp_dam,2026-09-14T17:00:00Z,30.47,USD/MWh,PT1H,US-TX,ercot_dam,HB_HOUSTON,ercot:NP4-190-CD,https://www.ercot.com/misdownload/servlets/mirDownload?doclookupId=1274092364,2026-09-25T06:37:31Z,2026-09-13T17:57:21Z
ercot:HB_HOUSTON,spp_dam,2026-09-14T18:00:00Z,37.27,USD/MWh,PT1H,US-TX,ercot_dam,HB_HOUSTON,ercot:NP4-190-CD,https://www.ercot.com/misdownload/servlets/mirDownload?doclookupId=1274092364,2026-09-25T06:37:31Z,2026-09-13T17:57:21Z
ercot:HB_HOUSTON,spp_dam,2026-09-14T19:00:00Z,37.35,USD/MWh,PT1H,US-TX,ercot_dam,HB_HOUSTON,ercot:NP4-190-CD,https://www.ercot.com/misdownload/servlets/mirDownload?doclookupId=1274092364,2026-09-25T06:37:31Z,2026-09-13T17:57:21Z
ercot:HB_HOUSTON,spp_dam,2026-09-14T20:00:00Z,41.3,USD/MWh,PT1H,US-TX,ercot_dam,HB_HOUSTON,ercot:NP4-190-CD,https://www.ercot.com/misdownload/servlets/mirDownload?doclookupId=1274092364,2026-09-25T06:37:31Z,2026-09-13T17:57:21Z
ercot:HB_HOUSTON,spp_dam,2026-09-14T21:00:00Z,35.8,USD/MWh,PT1H,US-TX,ercot_dam,HB_HOUSTON,ercot:NP4-190-CD,https://www.ercot.com/misdownload/servlets/mirDownload?doclookupId=1274092364,2026-09-25T06:37:31Z,2026-09-13T17:57:21Z
ercot:HB_HOUSTON,spp_dam,2026-09-14T22:00:00Z,34.95,USD/MWh,PT1H,US-TX,ercot_dam,HB_HOUSTON,ercot:NP4-190-CD,https://www.ercot.com/misdownload/servlets/mirDownload?doclookupId=1274092364,2026-09-25T06:37:31Z,2026-09-13T17:57:21Z
ercot:HB_HOUSTON,spp_dam,2026-09-14T23:00:00Z,45.56,USD/MWh,PT1H,US-TX,ercot_dam,HB_HOUSTON,ercot:NP4-190-CD,https://www.ercot.com/misdownload/servlets/mirDownload?doclookupId=1274092364,2026-09-25T06:37:31Z,2026-09-13T17:57:21Z
ercot:HB_HOUSTON,spp_dam,2026-09-15T00:00:00Z,49.25,USD/MWh,PT1H,US-TX,ercot_dam,HB_HOUSTON,ercot:NP4-190-CD,https://www.ercot.com/misdownload/servlets/mirDownload?doclookupId=1274092364,2026-09-25T06:37:31Z,2026-09-13T17:57:21Z
ercot:HB_HOUSTON,spp_dam,2026-09-15T01:00:00Z,46.74,USD/MWh,PT1H,US-TX,ercot_dam,HB_HOUSTON,ercot:NP4-190-CD,https://www.ercot.com/misdownload/servlets/mirDownload?doclookupId=1274092364,2026-09-25T06:37:31Z,2026-09-13T17:57:21Z
ercot:HB_HOUSTON,spp_dam,2026-09-15T02:00:00Z,41.4,USD/MWh,PT1H,US-TX,ercot_dam,HB_HOUSTON,ercot:NP4-190-CD,https://www.ercot.com/misdownload/servlets/mirDownload?doclookupId=1274092364,2026-09-25T06:37:31Z,2026-09-13T17:57:21Z
ercot:HB_HOUSTON,spp_dam,2026-09-15T03:00:00Z,32.84,USD/MWh,PT1H,US-TX,ercot_dam,HB_HOUSTON,ercot:NP4-190-CD,https://www.ercot.com/misdownload/servlets/mirDownload?doclookupId=1274092364,2026-09-25T06:37:31Z,2026-09-13T17:57:21Z
ercot:HB_HOUSTON,spp_dam,2026-09-15T04:00:00Z,27.24,USD/MWh,PT1H,US-TX,ercot_dam,HB_HOUSTON,ercot:NP4-190-CD,https://www.ercot.com/misdownload/servlets/mirDownload?doclookupId=1274092364,2026-09-25T06:37:31Z,2026-09-13T17:57:21Z
ercot:HB_HOUSTON,spp_dam,2026-09-15T05:00:00Z,26.85,USD/MWh,PT1H,US-TX,ercot_dam,HB_HOUSTON,ercot:NP4-190-CD,https://www.ercot.com/misdownload/servlets/mirDownload?doclookupId=1274489923,2026-09-25T06:37:30Z,2026-09-14T18:01:11Z
ercot:HB_HOUSTON,spp_dam,2026-09-15T06:00:00Z,24.63,USD/MWh,PT1H,US-TX,ercot_dam,HB_HOUSTON,ercot:NP4-190-CD,https://www.ercot.com/misdownload/servlets/mirDownload?doclookupId=1274489923,2026-09-25T06:37:30Z,2026-09-14T18:01:11Z
ercot:HB_HOUSTON,spp_dam,2026-09-15T07:00:00Z,23.22,USD/MWh,PT1H,US-TX,ercot_dam,HB_HOUSTON,ercot:NP4-190-CD,https://www.ercot.com/misdownload/servlets/mirDownload?doclookupId=1274489923,2026-09-25T06:37:30Z,2026-09-14T18:01:11Z
ercot:HB_HOUSTON,spp_dam,2026-09-15T08:00:00Z,23.39,USD/MWh,PT1H,US-TX,ercot_dam,HB_HOUSTON,ercot:NP4-190-CD,https://www.ercot.com/misdownload/servlets/mirDownload?doclookupId=1274489923,2026-09-25T06:37:30Z,2026-09-14T18:01:11Z
ercot:HB_HOUSTON,spp_dam,2026-09-15T09:00:00Z,23.3,USD/MWh,PT1H,US-TX,ercot_dam,HB_HOUSTON,ercot:NP4-190-CD,https://www.ercot.com/misdownload/servlets/mirDownload?doclookupId=1274489923,2026-09-25T06:37:30Z,2026-09-14T18:01:11Z
ercot:HB_HOUSTON,spp_dam,2026-09-15T10:00:00Z,24.41,USD/MWh,PT1H,US-TX,ercot_dam,HB_HOUSTON,ercot:NP4-190-CD,https://www.ercot.com/misdownload/servlets/mirDownload?doclookupId=1274489923,2026-09-25T06:37:30Z,2026-09-14T18:01:11Z
ercot:HB_HOUSTON,spp_dam,2026-09-15T11:00:00Z,26.17,USD/MWh,PT1H,US-TX,ercot_dam,HB_HOUSTON,ercot:NP4-190-CD,https://www.ercot.com/misdownload/servlets/mirDownload?doclookupId=1274489923,2026-09-25T06:37:30Z,2026-09-14T18:01:11Z
ercot:HB_HOUSTON,spp_dam,2026-09-15T12:00:00Z,25.75,USD/MWh,PT1H,US-TX,ercot_dam,HB_HOUSTON,ercot:NP4-190-CD,https://www.ercot.com/misdownload/servlets/mirDownload?doclookupId=1274489923,2026-09-25T06:37:30Z,2026-09-14T18:01:11Z
ercot:HB_HOUSTON,spp_dam,2026-09-15T13:00:00Z,19.06,USD/MWh,PT1H,US-TX,ercot_dam,HB_HOUSTON,ercot:NP4-190-CD,https://www.ercot.com/misdownload/servlets/mirDownload?doclookupId=1274489923,2026-09-25T06:37:30Z,2026-09-14T18:01:11Z
ercot:HB_HOUSTON,spp_dam,2026-09-15T14:00:00Z,24.15,USD/MWh,PT1H,US-TX,ercot_dam,HB_HOUSTON,ercot:NP4-190-CD,https://www.ercot.com/misdownload/servlets/mirDownload?doclookupId=1274489923,2026-09-25T06:37:30Z,2026-09-14T18:01:11Z
ercot:HB_HOUSTON,spp_dam,2026-09-15T15:00:00Z,29.2,USD/MWh,PT1H,US-TX,ercot_dam,HB_HOUSTON,ercot:NP4-190-CD,https://www.ercot.com/misdownload/servlets/mirDownload?doclookupId=1274489923,2026-09-25T06:37:30Z,2026-09-14T18:01:11Z
ercot:HB_HOUSTON,spp_dam,2026-09-15T16:00:00Z,33.3,USD/MWh,PT1H,US-TX,ercot_dam,HB_HOUSTON,ercot:NP4-190-CD,https://www.ercot.com/misdownload/servlets/mirDownload?doclookupId=1274489923,2026-09-25T06:37:30Z,2026-09-14T18:01:11Z
ercot:HB_HOUSTON,spp_dam,2026-09-15T17:00:00Z,35.1,USD/MWh,PT1H,US-TX,ercot_dam,HB_HOUSTON,ercot:NP4-190-CD,https://www.ercot.com/misdownload/servlets/mirDownload?doclookupId=1274489923,2026-09-25T06:37:30Z,2026-09-14T18:01:11Z
ercot:HB_HOUSTON,spp_dam,2026-09-15T18:00:00Z,33.62,USD/MWh,PT1H,US-TX,ercot_dam,HB_HOUSTON,ercot:NP4-190-CD,https://www.ercot.com/misdownload/servlets/mirDownload?doclookupId=1274489923,2026-09-25T06:37:30Z,2026-09-14T18:01:11Z
ercot:HB_HOUSTON,spp_dam,2026-09-15T19:00:00Z,35.16,USD/MWh,PT1H,US-TX,ercot_dam,HB_HOUSTON,ercot:NP4-190-CD,https://www.ercot.com/misdownload/servlets/mirDownload?doclookupId=1274489923,2026-09-25T06:37:30Z,2026-09-14T18:01:11Z
ercot:HB_HOUSTON,spp_dam,2026-09-15T20:00:00Z,34.71,USD/MWh,PT1H,US-TX,ercot_dam,HB_HOUSTON,ercot:NP4-190-CD,https://www.ercot.com/misdownload/servlets/mirDownload?doclookupId=1274489923,2026-09-25T06:37:30Z,2026-09-14T18:01:11Z
ercot:HB_HOUSTON,spp_dam,2026-09-15T21:00:00Z,35.58,USD/MWh,PT1H,US-TX,ercot_dam,HB_HOUSTON,ercot:NP4-190-CD,https://www.ercot.com/misdownload/servlets/mirDownload?doclookupId=1274489923,2026-09-25T06:37:30Z,2026-09-14T18:01:11Z
ercot:HB_HOUSTON,spp_dam,2026-09-15T22:00:00Z,34.28,USD/MWh,PT1H,US-TX,ercot_dam,HB_HOUSTON,ercot:NP4-190-CD,https://www.ercot.com/misdownload/servlets/mirDownload?doclookupId=1274489923,2026-09-25T06:37:30Z,2026-09-14T18:01:11Z
ercot:HB_HOUSTON,spp_dam,2026-09-15T23:00:00Z,45.57,USD/MWh,PT1H,US-TX,ercot_dam,HB_HOUSTON,ercot:NP4-190-CD,https://www.ercot.com/misdownload/servlets/mirDownload?doclookupId=1274489923,2026-09-25T06:37:30Z,2026-09-14T18:01:11Z
ercot:HB_HOUSTON,spp_dam,2026-09-16T00:00:00Z,58.29,USD/MWh,PT1H,US-TX,ercot_dam,HB_HOUSTON,ercot:NP4-190-CD,https://www.ercot.com/misdownload/servlets/mirDownload?doclookupId=1274489923,2026-09-25T06:37:30Z,2026-09-14T18:01:11Z
ercot:HB_HOUSTON,spp_dam,2026-09-16T01:00:00Z,53.15,USD/MWh,PT1H,US-TX,ercot_dam,HB_HOUSTON,ercot:NP4-190-CD,https://www.ercot.com/misdownload/servlets/mirDownload?doclookupId=1274489923,2026-09-25T06:37:30Z,2026-09-14T18:01:11Z
ercot:HB_HOUSTON,spp_dam,2026-09-16T02:00:00Z,51.97,USD/MWh,PT1H,US-TX,ercot_dam,HB_HOUSTON,ercot:NP4-190-CD,https://www.ercot.com/misdownload/servlets/mirDownload?doclookupId=1274489923,2026-09-25T06:37:30Z,2026-09-14T18:01:11Z
ercot:HB_HOUSTON,spp_dam,2026-09-16T03:00:00Z,44.45,USD/MWh,PT1H,US-TX,ercot_dam,HB_HOUSTON,ercot:NP4-190-CD,https://www.ercot.com/misdownload/servlets/mirDownload?doclookupId=1274489923,2026-09-25T06:37:30Z,2026-09-14T18:01:11Z
ercot:HB_HOUSTON,spp_dam,2026-09-16T04:00:00Z,40.0,USD/MWh,PT1H,US-TX,ercot_dam,HB_HOUSTON,ercot:NP4-190-CD,https://www.ercot.com/misdownload/servlets/mirDownload?doclookupId=1274489923,2026-09-25T06:37:30Z,2026-09-14T18:01:11Z
ercot:HB_HOUSTON,spp_dam,2026-09-16T05:00:00Z,34.58,USD/MWh,PT1H,US-TX,ercot_dam,HB_HOUSTON,ercot:NP4-190-CD,https://www.ercot.com/misdownload/servlets/mirDownload?doclookupId=1274910529,2026-09-25T06:37:29Z,2026-09-15T18:50:14Z
ercot:HB_HOUSTON,spp_dam,2026-09-16T06:00:00Z,31.49,USD/MWh,PT1H,US-TX,ercot_dam,HB_HOUSTON,ercot:NP4-190-CD,https://www.ercot.com/misdownload/servlets/mirDownload?doclookupId=1274910529,2026-09-25T06:37:29Z,2026-09-15T18:50:14Z
ercot:HB_HOUSTON,spp_dam,2026-09-16T07:00:00Z,31.12,USD/MWh,PT1H,US-TX,ercot_dam,HB_HOUSTON,ercot:NP4-190-CD,https://www.ercot.com/misdownload/servlets/mirDownload?doclookupId=1274910529,2026-09-25T06:37:29Z,2026-09-15T18:50:14Z
ercot:HB_HOUSTON,spp_dam,2026-09-16T08:00:00Z,30.72,USD/MWh,PT1H,US-TX,ercot_dam,HB_HOUSTON,ercot:NP4-190-CD,https://www.ercot.com/misdownload/servlets/mirDownload?doclookupId=1274910529,2026-09-25T06:37:29Z,2026-09-15T18:50:14Z
ercot:HB_HOUSTON,spp_dam,2026-09-16T09:00:00Z,32.14,USD/MWh,PT1H,US-TX,ercot_dam,HB_HOUSTON,ercot:NP4-190-CD,https://www.ercot.com/misdownload/servlets/mirDownload?doclookupId=1274910529,2026-09-25T06:37:29Z,2026-09-15T18:50:14Z
ercot:HB_HOUSTON,spp_dam,2026-09-16T10:00:00Z,38.39,USD/MWh,PT1H,US-TX,ercot_dam,HB_HOUSTON,ercot:NP4-190-CD,https://www.ercot.com/misdownload/servlets/mirDownload?doclookupId=1274910529,2026-09-25T06:37:29Z,2026-09-15T18:50:14Z
ercot:HB_HOUSTON,spp_dam,2026-09-16T11:00:00Z,40.02,USD/MWh,PT1H,US-TX,ercot_dam,HB_HOUSTON,ercot:NP4-190-CD,https://www.ercot.com/misdownload/servlets/mirDownload?doclookupId=1274910529,2026-09-25T06:37:29Z,2026-09-15T18:50:14Z
ercot:HB_HOUSTON,spp_dam,2026-09-16T12:00:00Z,36.27,USD/MWh,PT1H,US-TX,ercot_dam,HB_HOUSTON,ercot:NP4-190-CD,https://www.ercot.com/misdownload/servlets/mirDownload?doclookupId=1274910529,2026-09-25T06:37:29Z,2026-09-15T18:50:14Z
ercot:HB_HOUSTON,spp_dam,2026-09-16T13:00:00Z,27.19,USD/MWh,PT1H,US-TX,ercot_dam,HB_HOUSTON,ercot:NP4-190-CD,https://www.ercot.com/misdownload/servlets/mirDownload?doclookupId=1274910529,2026-09-25T06:37:29Z,2026-09-15T18:50:14Z
ercot:HB_HOUSTON,spp_dam,2026-09-16T14:00:00Z,25.66,USD/MWh,PT1H,US-TX,ercot_dam,HB_HOUSTON,ercot:NP4-190-CD,https://www.ercot.com/misdownload/servlets/mirDownload?doclookupId=1274910529,2026-09-25T06:37:29Z,2026-09-15T18:50:14Z
ercot:HB_HOUSTON,spp_dam,2026-09-16T15:00:00Z,28.82,USD/MWh,PT1H,US-TX,ercot_dam,HB_HOUSTON,ercot:NP4-190-CD,https://www.ercot.com/misdownload/servlets/mirDownload?doclookupId=1274910529,2026-09-25T06:37:29Z,2026-09-15T18:50:14Z
ercot:HB_HOUSTON,spp_dam,2026-09-16T16:00:00Z,29.37,USD/MWh,PT1H,US-TX,ercot_dam,HB_HOUSTON,ercot:NP4-190-CD,https://www.ercot.com/misdownload/servlets/mirDownload?doclookupId=1274910529,2026-09-25T06:37:29Z,2026-09-15T18:50:14Z
ercot:HB_HOUSTON,spp_dam,2026-09-16T17:00:00Z,34.11,USD/MWh,PT1H,US-TX,ercot_dam,HB_HOUSTON,ercot:NP4-190-CD,https://www.ercot.com/misdownload/servlets/mirDownload?doclookupId=1274910529,2026-09-25T06:37:29Z,2026-09-15T18:50:14Z
ercot:HB_HOUSTON,spp_dam,2026-09-16T18:00:00Z,39.47,USD/MWh,PT1H,US-TX,ercot_dam,HB_HOUSTON,ercot:NP4-190-CD,https://www.ercot.com/misdownload/servlets/mirDownload?doclookupId=1274910529,2026-09-25T06:37:29Z,2026-09-15T18:50:14Z
ercot:HB_HOUSTON,spp_dam,2026-09-16T19:00:00Z,43.6,USD/MWh,PT1H,US-TX,ercot_dam,HB_HOUSTON,ercot:NP4-190-CD,https://www.ercot.com/misdownload/servlets/mirDownload?doclookupId=1274910529,2026-09-25T06:37:29Z,2026-09-15T18:50:14Z
ercot:HB_HOUSTON,spp_dam,2026-09-16T20:00:00Z,45.39,USD/MWh,PT1H,US-TX,ercot_dam,HB_HOUSTON,ercot:NP4-190-CD,https://www.ercot.com/misdownload/servlets/mirDownload?doclookupId=1274910529,2026-09-25T06:37:29Z,2026-09-15T18:50:14Z
ercot:HB_HOUSTON,spp_dam,2026-09-16T21:00:00Z,52.62,USD/MWh,PT1H,US-TX,ercot_dam,HB_HOUSTON,ercot:NP4-190-CD,https://www.ercot.com/misdownload/servlets/mirDownload?doclookupId=1274910529,2026-09-25T06:37:29Z,2026-09-15T18:50:14Z
ercot:HB_HOUSTON,spp_dam,2026-09-16T22:00:00Z,48.95,USD/MWh,PT1H,US-TX,ercot_dam,HB_HOUSTON,ercot:NP4-190-CD,https://www.ercot.com/misdownload/servlets/mirDownload?doclookupId=1274910529,2026-09-25T06:37:29Z,2026-09-15T18:50:14Z
ercot:HB_HOUSTON,spp_dam,2026-09-16T23:00:00Z,63.34,USD/MWh,PT1H,US-TX,ercot_dam,HB_HOUSTON,ercot:NP4-190-CD,https://www.ercot.com/misdownload/servlets/mirDownload?doclookupId=1274910529,2026-09-25T06:37:29Z,2026-09-15T18:50:14Z
ercot:HB_HOUSTON,spp_dam,2026-09-17T00:00:00Z,67.73,USD/MWh,PT1H,US-TX,ercot_dam,HB_HOUSTON,ercot:NP4-190-CD,https://www.ercot.com/misdownload/servlets/mirDownload?doclookupId=1274910529,2026-09-25T06:37:29Z,2026-09-15T18:50:14Z
ercot:HB_HOUSTON,spp_dam,2026-09-17T01:00:00Z,68.23,USD/MWh,PT1H,US-TX,ercot_dam,HB_HOUSTON,ercot:NP4-190-CD,https://www.ercot.com/misdownload/servlets/mirDownload?doclookupId=1274910529,2026-09-25T06:37:29Z,2026-09-15T18:50:14Z
ercot:HB_HOUSTON,spp_dam,2026-09-17T02:00:00Z,59.4,USD/MWh,PT1H,US-TX,ercot_dam,HB_HOUSTON,ercot:NP4-190-CD,https://www.ercot.com/misdownload/servlets/mirDownload?doclookupId=1274910529,2026-09-25T06:37:29Z,2026-09-15T18:50:14Z
ercot:HB_HOUSTON,spp_dam,2026-09-17T03:00:00Z,46.38,USD/MWh,PT1H,US-TX,ercot_dam,HB_HOUSTON,ercot:NP4-190-CD,https://www.ercot.com/misdownload/servlets/mirDownload?doclookupId=1274910529,2026-09-25T06:37:29Z,2026-09-15T18:50:14Z
ercot:HB_HOUSTON,spp_dam,2026-09-17T04:00:00Z,37.47,USD/MWh,PT1H,US-TX,ercot_dam,HB_HOUSTON,ercot:NP4-190-CD,https://www.ercot.com/misdownload/servlets/mirDownload?doclookupId=1274910529,2026-09-25T06:37:29Z,2026-09-15T18:50:14Z
ercot:HB_HOUSTON,spp_dam,2026-09-17T05:00:00Z,35.5,USD/MWh,PT1H,US-TX,ercot_dam,HB_HOUSTON,ercot:NP4-190-CD,https://www.ercot.com/misdownload/servlets/mirDownload?doclookupId=1275287943,2026-09-25T06:37:28Z,2026-09-16T17:36:06Z
ercot:HB_HOUSTON,spp_dam,2026-09-17T06:00:00Z,33.51,USD/MWh,PT1H,US-TX,ercot_dam,HB_HOUSTON,ercot:NP4-190-CD,https://www.ercot.com/misdownload/servlets/mirDownload?doclookupId=1275287943,2026-09-25T06:37:28Z,2026-09-16T17:36:06Z
ercot:HB_HOUSTON,spp_dam,2026-09-17T07:00:00Z,34.59,USD/MWh,PT1H,US-TX,ercot_dam,HB_HOUSTON,ercot:NP4-190-CD,https://www.ercot.com/misdownload/servlets/mirDownload?doclookupId=1275287943,2026-09-25T06:37:28Z,2026-09-16T17:36:06Z
ercot:HB_HOUSTON,spp_dam,2026-09-17T08:00:00Z,33.52,USD/MWh,PT1H,US-TX,ercot_dam,HB_HOUSTON,ercot:NP4-190-CD,https://www.ercot.com/misdownload/servlets/mirDownload?doclookupId=1275287943,2026-09-25T06:37:28Z,2026-09-16T17:36:06Z
ercot:HB_HOUSTON,spp_dam,2026-09-17T09:00:00Z,35.08,USD/MWh,PT1H,US-TX,ercot_dam,HB_HOUSTON,ercot:NP4-190-CD,https://www.ercot.com/misdownload/servlets/mirDownload?doclookupId=1275287943,2026-09-25T06:37:28Z,2026-09-16T17:36:06Z
ercot:HB_HOUSTON,spp_dam,2026-09-17T10:00:00Z,37.85,USD/MWh,PT1H,US-TX,ercot_dam,HB_HOUSTON,ercot:NP4-190-CD,https://www.ercot.com/misdownload/servlets/mirDownload?doclookupId=1275287943,2026-09-25T06:37:28Z,2026-09-16T17:36:06Z
ercot:HB_HOUSTON,spp_dam,2026-09-17T11:00:00Z,42.22,USD/MWh,PT1H,US-TX,ercot_dam,HB_HOUSTON,ercot:NP4-190-CD,https://www.ercot.com/misdownload/servlets/mirDownload?doclookupId=1275287943,2026-09-25T06:37:28Z,2026-09-16T17:36:06Z
ercot:HB_HOUSTON,spp_dam,2026-09-17T12:00:00Z,41.93,USD/MWh,PT1H,US-TX,ercot_dam,HB_HOUSTON,ercot:NP4-190-CD,https://www.ercot.com/misdownload/servlets/mirDownload?doclookupId=1275287943,2026-09-25T06:37:28Z,2026-09-16T17:36:06Z
ercot:HB_HOUSTON,spp_dam,2026-09-17T13:00:00Z,31.76,USD/MWh,PT1H,US-TX,ercot_dam,HB_HOUSTON,ercot:NP4-190-CD,https://www.ercot.com/misdownload/servlets/mirDownload?doclookupId=1275287943,2026-09-25T06:37:28Z,2026-09-16T17:36:06Z
ercot:HB_HOUSTON,spp_dam,2026-09-17T14:00:00Z,28.6,USD/MWh,PT1H,US-TX,ercot_dam,HB_HOUSTON,ercot:NP4-190-CD,https://www.ercot.com/misdownload/servlets/mirDownload?doclookupId=1275287943,2026-09-25T06:37:28Z,2026-09-16T17:36:06Z
ercot:HB_HOUSTON,spp_dam,2026-09-17T15:00:00Z,31.28,USD/MWh,PT1H,US-TX,ercot_dam,HB_HOUSTON,ercot:NP4-190-CD,https://www.ercot.com/misdownload/servlets/mirDownload?doclookupId=1275287943,2026-09-25T06:37:28Z,2026-09-16T17:36:06Z
ercot:HB_HOUSTON,spp_dam,2026-09-17T16:00:00Z,36.29,USD/MWh,PT1H,US-TX,ercot_dam,HB_HOUSTON,ercot:NP4-190-CD,https://www.ercot.com/misdownload/servlets/mirDownload?doclookupId=1275287943,2026-09-25T06:37:28Z,2026-09-16T17:36:06Z
ercot:HB_HOUSTON,spp_dam,2026-09-17T17:00:00Z,42.58,USD/MWh,PT1H,US-TX,ercot_dam,HB_HOUSTON,ercot:NP4-190-CD,https://www.ercot.com/misdownload/servlets/mirDownload?doclookupId=1275287943,2026-09-25T06:37:28Z,2026-09-16T17:36:06Z
ercot:HB_HOUSTON,spp_dam,2026-09-17T18:00:00Z,52.79,USD/MWh,PT1H,US-TX,ercot_dam,HB_HOUSTON,ercot:NP4-190-CD,https://www.ercot.com/misdownload/servlets/mirDownload?doclookupId=1275287943,2026-09-25T06:37:28Z,2026-09-16T17:36:06Z
ercot:HB_HOUSTON,spp_dam,2026-09-17T19:00:00Z,55.8,USD/MWh,PT1H,US-TX,ercot_dam,HB_HOUSTON,ercot:NP4-190-CD,https://www.ercot.com/misdownload/servlets/mirDownload?doclookupId=1275287943,2026-09-25T06:37:28Z,2026-09-16T17:36:06Z
ercot:HB_HOUSTON,spp_dam,2026-09-17T20:00:00Z,62.78,USD/MWh,PT1H,US-TX,ercot_dam,HB_HOUSTON,ercot:NP4-190-CD,https://www.ercot.com/misdownload/servlets/mirDownload?doclookupId=1275287943,2026-09-25T06:37:28Z,2026-09-16T17:36:06Z
ercot:HB_HOUSTON,spp_dam,2026-09-17T21:00:00Z,67.6,USD/MWh,PT1H,US-TX,ercot_dam,HB_HOUSTON,ercot:NP4-190-CD,https://www.ercot.com/misdownload/servlets/mirDownload?doclookupId=1275287943,2026-09-25T06:37:28Z,2026-09-16T17:36:06Z
ercot:HB_HOUSTON,spp_dam,2026-09-17T22:00:00Z,65.93,USD/MWh,PT1H,US-TX,ercot_dam,HB_HOUSTON,ercot:NP4-190-CD,https://www.ercot.com/misdownload/servlets/mirDownload?doclookupId=1275287943,2026-09-25T06:37:28Z,2026-09-16T17:36:06Z
ercot:HB_HOUSTON,spp_dam,2026-09-17T23:00:00Z,70.34,USD/MWh,PT1H,US-TX,ercot_dam,HB_HOUSTON,ercot:NP4-190-CD,https://www.ercot.com/misdownload/servlets/mirDownload?doclookupId=1275287943,2026-09-25T06:37:28Z,2026-09-16T17:36:06Z
ercot:HB_HOUSTON,spp_dam,2026-09-18T00:00:00Z,66.18,USD/MWh,PT1H,US-TX,ercot_dam,HB_HOUSTON,ercot:NP4-190-CD,https://www.ercot.com/misdownload/servlets/mirDownload?doclookupId=1275287943,2026-09-25T06:37:28Z,2026-09-16T17:36:06Z
ercot:HB_HOUSTON,spp_dam,2026-09-18T01:00:00Z,64.8,USD/MWh,PT1H,US-TX,ercot_dam,HB_HOUSTON,ercot:NP4-190-CD,https://www.ercot.com/misdownload/servlets/mirDownload?doclookupId=1275287943,2026-09-25T06:37:28Z,2026-09-16T17:36:06Z
ercot:HB_HOUSTON,spp_dam,2026-09-18T02:00:00Z,54.56,USD/MWh,PT1H,US-TX,ercot_dam,HB_HOUSTON,ercot:NP4-190-CD,https://www.ercot.com/misdownload/servlets/mirDownload?doclookupId=1275287943,2026-09-25T06:37:28Z,2026-09-16T17:36:06Z
ercot:HB_HOUSTON,spp_dam,2026-09-18T03:00:00Z,44.57,USD/MWh,PT1H,US-TX,ercot_dam,HB_HOUSTON,ercot:NP4-190-CD,https://www.ercot.com/misdownload/servlets/mirDownload?doclookupId=1275287943,2026-09-25T06:37:28Z,2026-09-16T17:36:06Z
ercot:HB_HOUSTON,spp_dam,2026-09-18T04:00:00Z,36.94,USD/MWh,PT1H,US-TX,ercot_dam,HB_HOUSTON,ercot:NP4-190-CD,https://www.ercot.com/misdownload/servlets/mirDownload?doclookupId=1275287943,2026-09-25T06:37:28Z,2026-09-16T17:36:06Z
ercot:HB_HOUSTON,spp_dam,2026-09-18T05:00:00Z,34.36,USD/MWh,PT1H,US-TX,ercot_dam,HB_HOUSTON,ercot:NP4-190-CD,https://www.ercot.com/misdownload/servlets/mirDownload?doclookupId=1275678653,2026-09-25T06:37:27Z,2026-09-17T17:33:44Z
ercot:HB_HOUSTON,spp_dam,2026-09-18T06:00:00Z,31.9,USD/MWh,PT1H,US-TX,ercot_dam,HB_HOUSTON,ercot:NP4-190-CD,https://www.ercot.com/misdownload/servlets/mirDownload?doclookupId=1275678653,2026-09-25T06:37:27Z,2026-09-17T17:33:44Z
ercot:HB_HOUSTON,spp_dam,2026-09-18T07:00:00Z,30.56,USD/MWh,PT1H,US-TX,ercot_dam,HB_HOUSTON,ercot:NP4-190-CD,https://www.ercot.com/misdownload/servlets/mirDownload?doclookupId=1275678653,2026-09-25T06:37:27Z,2026-09-17T17:33:44Z
ercot:HB_HOUSTON,spp_dam,2026-09-18T08:00:00Z,29.58,USD/MWh,PT1H,US-TX,ercot_dam,HB_HOUSTON,ercot:NP4-190-CD,https://www.ercot.com/misdownload/servlets/mirDownload?doclookupId=1275678653,2026-09-25T06:37:27Z,2026-09-17T17:33:44Z
ercot:HB_HOUSTON,spp_dam,2026-09-18T09:00:00Z,30.1,USD/MWh,PT1H,US-TX,ercot_dam,HB_HOUSTON,ercot:NP4-190-CD,https://www.ercot.com/misdownload/servlets/mirDownload?doclookupId=1275678653,2026-09-25T06:37:27Z,2026-09-17T17:33:44Z
ercot:HB_HOUSTON,spp_dam,2026-09-18T10:00:00Z,33.5,USD/MWh,PT1H,US-TX,ercot_dam,HB_HOUSTON,ercot:NP4-190-CD,https://www.ercot.com/misdownload/servlets/mirDownload?doclookupId=1275678653,2026-09-25T06:37:27Z,2026-09-17T17:33:44Z
ercot:HB_HOUSTON,spp_dam,2026-09-18T11:00:00Z,40.55,USD/MWh,PT1H,US-TX,ercot_dam,HB_HOUSTON,ercot:NP4-190-CD,https://www.ercot.com/misdownload/servlets/mirDownload?doclookupId=1275678653,2026-09-25T06:37:27Z,2026-09-17T17:33:44Z
ercot:HB_HOUSTON,spp_dam,2026-09-18T12:00:00Z,40.04,USD/MWh,PT1H,US-TX,ercot_dam,HB_HOUSTON,ercot:NP4-190-CD,https://www.ercot.com/misdownload/servlets/mirDownload?doclookupId=1275678653,2026-09-25T06:37:27Z,2026-09-17T17:33:44Z
ercot:HB_HOUSTON,spp_dam,2026-09-18T13:00:00Z,26.16,USD/MWh,PT1H,US-TX,ercot_dam,HB_HOUSTON,ercot:NP4-190-CD,https://www.ercot.com/misdownload/servlets/mirDownload?doclookupId=1275678653,2026-09-25T06:37:27Z,2026-09-17T17:33:44Z
ercot:HB_HOUSTON,spp_dam,2026-09-18T14:00:00Z,23.65,USD/MWh,PT1H,US-TX,ercot_dam,HB_HOUSTON,ercot:NP4-190-CD,https://www.ercot.com/misdownload/servlets/mirDownload?doclookupId=1275678653,2026-09-25T06:37:27Z,2026-09-17T17:33:44Z
ercot:HB_HOUSTON,spp_dam,2026-09-18T15:00:00Z,26.11,USD/MWh,PT1H,US-TX,ercot_dam,HB_HOUSTON,ercot:NP4-190-CD,https://www.ercot.com/misdownload/servlets/mirDownload?doclookupId=1275678653,2026-09-25T06:37:27Z,2026-09-17T17:33:44Z
ercot:HB_HOUSTON,spp_dam,2026-09-18T16:00:00Z,32.12,USD/MWh,PT1H,US-TX,ercot_dam,HB_HOUSTON,ercot:NP4-190-CD,https://www.ercot.com/misdownload/servlets/mirDownload?doclookupId=1275678653,2026-09-25T06:37:27Z,2026-09-17T17:33:44Z
ercot:HB_HOUSTON,spp_dam,2026-09-18T17:00:00Z,36.64,USD/MWh,PT1H,US-TX,ercot_dam,HB_HOUSTON,ercot:NP4-190-CD,https://www.ercot.com/misdownload/servlets/mirDownload?doclookupId=1275678653,2026-09-25T06:37:27Z,2026-09-17T17:33:44Z
ercot:HB_HOUSTON,spp_dam,2026-09-18T18:00:00Z,44.55,USD/MWh,PT1H,US-TX,ercot_dam,HB_HOUSTON,ercot:NP4-190-CD,https://www.ercot.com/misdownload/servlets/mirDownload?doclookupId=1275678653,2026-09-25T06:37:27Z,2026-09-17T17:33:44Z
ercot:HB_HOUSTON,spp_dam,2026-09-18T19:00:00Z,49.17,USD/MWh,PT1H,US-TX,ercot_dam,HB_HOUSTON,ercot:NP4-190-CD,https://www.ercot.com/misdownload/servlets/mirDownload?doclookupId=1275678653,2026-09-25T06:37:27Z,2026-09-17T17:33:44Z
ercot:HB_HOUSTON,spp_dam,2026-09-18T20:00:00Z,50.44,USD/MWh,PT1H,US-TX,ercot_dam,HB_HOUSTON,ercot:NP4-190-CD,https://www.ercot.com/misdownload/servlets/mirDownload?doclookupId=1275678653,2026-09-25T06:37:27Z,2026-09-17T17:33:44Z
ercot:HB_HOUSTON,spp_dam,2026-09-18T21:00:00Z,50.9,USD/MWh,PT1H,US-TX,ercot_dam,HB_HOUSTON,ercot:NP4-190-CD,https://www.ercot.com/misdownload/servlets/mirDownload?doclookupId=1275678653,2026-09-25T06:37:27Z,2026-09-17T17:33:44Z
ercot:HB_HOUSTON,spp_dam,2026-09-18T22:00:00Z,48.91,USD/MWh,PT1H,US-TX,ercot_dam,HB_HOUSTON,ercot:NP4-190-CD,https://www.ercot.com/misdownload/servlets/mirDownload?doclookupId=1275678653,2026-09-25T06:37:27Z,2026-09-17T17:33:44Z
ercot:HB_HOUSTON,spp_dam,2026-09-18T23:00:00Z,85.61,USD/MWh,PT1H,US-TX,ercot_dam,HB_HOUSTON,ercot:NP4-190-CD,https://www.ercot.com/misdownload/servlets/mirDownload?doclookupId=1275678653,2026-09-25T06:37:27Z,2026-09-17T17:33:44Z
ercot:HB_HOUSTON,spp_dam,2026-09-19T00:00:00Z,81.75,USD/MWh,PT1H,US-TX,ercot_dam,HB_HOUSTON,ercot:NP4-190-CD,https://www.ercot.com/misdownload/servlets/mirDownload?doclookupId=1275678653,2026-09-25T06:37:27Z,2026-09-17T17:33:44Z
ercot:HB_HOUSTON,spp_dam,2026-09-19T01:00:00Z,69.12,USD/MWh,PT1H,US-TX,ercot_dam,HB_HOUSTON,ercot:NP4-190-CD,https://www.ercot.com/misdownload/servlets/mirDownload?doclookupId=1275678653,2026-09-25T06:37:27Z,2026-09-17T17:33:44Z
ercot:HB_HOUSTON,spp_dam,2026-09-19T02:00:00Z,53.88,USD/MWh,PT1H,US-TX,ercot_dam,HB_HOUSTON,ercot:NP4-190-CD,https://www.ercot.com/misdownload/servlets/mirDownload?doclookupId=1275678653,2026-09-25T06:37:27Z,2026-09-17T17:33:44Z
ercot:HB_HOUSTON,spp_dam,2026-09-19T03:00:00Z,40.55,USD/MWh,PT1H,US-TX,ercot_dam,HB_HOUSTON,ercot:NP4-190-CD,https://www.ercot.com/misdownload/servlets/mirDownload?doclookupId=1275678653,2026-09-25T06:37:27Z,2026-09-17T17:33:44Z
ercot:HB_HOUSTON,spp_dam,2026-09-19T04:00:00Z,32.09,USD/MWh,PT1H,US-TX,ercot_dam,HB_HOUSTON,ercot:NP4-190-CD,https://www.ercot.com/misdownload/servlets/mirDownload?doclookupId=1275678653,2026-09-25T06:37:27Z,2026-09-17T17:33:44Z
ercot:HB_HOUSTON,spp_dam,2026-09-19T05:00:00Z,33.59,USD/MWh,PT1H,US-TX,ercot_dam,HB_HOUSTON,ercot:NP4-190-CD,https://www.ercot.com/misdownload/servlets/mirDownload?doclookupId=1276076285,2026-09-25T06:37:26Z,2026-09-18T17:32:52Z
ercot:HB_HOUSTON,spp_dam,2026-09-19T06:00:00Z,27.97,USD/MWh,PT1H,US-TX,ercot_dam,HB_HOUSTON,ercot:NP4-190-CD,https://www.ercot.com/misdownload/servlets/mirDownload?doclookupId=1276076285,2026-09-25T06:37:26Z,2026-09-18T17:32:52Z
ercot:HB_HOUSTON,spp_dam,2026-09-19T07:00:00Z,25.98,USD/MWh,PT1H,US-TX,ercot_dam,HB_HOUSTON,ercot:NP4-190-CD,https://www.ercot.com/misdownload/servlets/mirDownload?doclookupId=1276076285,2026-09-25T06:37:26Z,2026-09-18T17:32:52Z
ercot:HB_HOUSTON,spp_dam,2026-09-19T08:00:00Z,25.34,USD/MWh,PT1H,US-TX,ercot_dam,HB_HOUSTON,ercot:NP4-190-CD,https://www.ercot.com/misdownload/servlets/mirDownload?doclookupId=1276076285,2026-09-25T06:37:26Z,2026-09-18T17:32:52Z
ercot:HB_HOUSTON,spp_dam,2026-09-19T09:00:00Z,25.68,USD/MWh,PT1H,US-TX,ercot_dam,HB_HOUSTON,ercot:NP4-190-CD,https://www.ercot.com/misdownload/servlets/mirDownload?doclookupId=1276076285,2026-09-25T06:37:26Z,2026-09-18T17:32:52Z
ercot:HB_HOUSTON,spp_dam,2026-09-19T10:00:00Z,27.95,USD/MWh,PT1H,US-TX,ercot_dam,HB_HOUSTON,ercot:NP4-190-CD,https://www.ercot.com/misdownload/servlets/mirDownload?doclookupId=1276076285,2026-09-25T06:37:26Z,2026-09-18T17:32:52Z
ercot:HB_HOUSTON,spp_dam,2026-09-19T11:00:00Z,29.85,USD/MWh,PT1H,US-TX,ercot_dam,HB_HOUSTON,ercot:NP4-190-CD,https://www.ercot.com/misdownload/servlets/mirDownload?doclookupId=1276076285,2026-09-25T06:37:26Z,2026-09-18T17:32:52Z
ercot:HB_HOUSTON,spp_dam,2026-09-19T12:00:00Z,29.29,USD/MWh,PT1H,US-TX,ercot_dam,HB_HOUSTON,ercot:NP4-190-CD,https://www.ercot.com/misdownload/servlets/mirDownload?doclookupId=1276076285,2026-09-25T06:37:26Z,2026-09-18T17:32:52Z
ercot:HB_HOUSTON,spp_dam,2026-09-19T13:00:00Z,22.21,USD/MWh,PT1H,US-TX,ercot_dam,HB_HOUSTON,ercot:NP4-190-CD,https://www.ercot.com/misdownload/servlets/mirDownload?doclookupId=1276076285,2026-09-25T06:37:26Z,2026-09-18T17:32:52Z
ercot:HB_HOUSTON,spp_dam,2026-09-19T14:00:00Z,19.58,USD/MWh,PT1H,US-TX,ercot_dam,HB_HOUSTON,ercot:NP4-190-CD,https://www.ercot.com/misdownload/servlets/mirDownload?doclookupId=1276076285,2026-09-25T06:37:26Z,2026-09-18T17:32:52Z
ercot:HB_HOUSTON,spp_dam,2026-09-19T15:00:00Z,21.97,USD/MWh,PT1H,US-TX,ercot_dam,HB_HOUSTON,ercot:NP4-190-CD,https://www.ercot.com/misdownload/servlets/mirDownload?doclookupId=1276076285,2026-09-25T06:37:26Z,2026-09-18T17:32:52Z
ercot:HB_HOUSTON,spp_dam,2026-09-19T16:00:00Z,26.85,USD/MWh,PT1H,US-TX,ercot_dam,HB_HOUSTON,ercot:NP4-190-CD,https://www.ercot.com/misdownload/servlets/mirDownload?doclookupId=1276076285,2026-09-25T06:37:26Z,2026-09-18T17:32:52Z
ercot:HB_HOUSTON,spp_dam,2026-09-19T17:00:00Z,35.19,USD/MWh,PT1H,US-TX,ercot_dam,HB_HOUSTON,ercot:NP4-190-CD,https://www.ercot.com/misdownload/servlets/mirDownload?doclookupId=1276076285,2026-09-25T06:37:26Z,2026-09-18T17:32:52Z
ercot:HB_HOUSTON,spp_dam,2026-09-19T18:00:00Z,43.03,USD/MWh,PT1H,US-TX,ercot_dam,HB_HOUSTON,ercot:NP4-190-CD,https://www.ercot.com/misdownload/servlets/mirDownload?doclookupId=1276076285,2026-09-25T06:37:26Z,2026-09-18T17:32:52Z
ercot:HB_HOUSTON,spp_dam,2026-09-19T19:00:00Z,43.09,USD/MWh,PT1H,US-TX,ercot_dam,HB_HOUSTON,ercot:NP4-190-CD,https://www.ercot.com/misdownload/servlets/mirDownload?doclookupId=1276076285,2026-09-25T06:37:26Z,2026-09-18T17:32:52Z
ercot:HB_HOUSTON,spp_dam,2026-09-19T20:00:00Z,47.14,USD/MWh,PT1H,US-TX,ercot_dam,HB_HOUSTON,ercot:NP4-190-CD,https://www.ercot.com/misdownload/servlets/mirDownload?doclookupId=1276076285,2026-09-25T06:37:26Z,2026-09-18T17:32:52Z
ercot:HB_HOUSTON,spp_dam,2026-09-19T21:00:00Z,49.14,USD/MWh,PT1H,US-TX,ercot_dam,HB_HOUSTON,ercot:NP4-190-CD,https://www.ercot.com/misdownload/servlets/mirDownload?doclookupId=1276076285,2026-09-25T06:37:26Z,2026-09-18T17:32:52Z
ercot:HB_HOUSTON,spp_dam,2026-09-19T22:00:00Z,65.24,USD/MWh,PT1H,US-TX,ercot_dam,HB_HOUSTON,ercot:NP4-190-CD,https://www.ercot.com/misdownload/servlets/mirDownload?doclookupId=1276076285,2026-09-25T06:37:26Z,2026-09-18T17:32:52Z
ercot:HB_HOUSTON,spp_dam,2026-09-19T23:00:00Z,90.97,USD/MWh,PT1H,US-TX,ercot_dam,HB_HOUSTON,ercot:NP4-190-CD,https://www.ercot.com/misdownload/servlets/mirDownload?doclookupId=1276076285,2026-09-25T06:37:26Z,2026-09-18T17:32:52Z
ercot:HB_HOUSTON,spp_dam,2026-09-20T00:00:00Z,90.06,USD/MWh,PT1H,US-TX,ercot_dam,HB_HOUSTON,ercot:NP4-190-CD,https://www.ercot.com/misdownload/servlets/mirDownload?doclookupId=1276076285,2026-09-25T06:37:26Z,2026-09-18T17:32:52Z
ercot:HB_HOUSTON,spp_dam,2026-09-20T01:00:00Z,70.43,USD/MWh,PT1H,US-TX,ercot_dam,HB_HOUSTON,ercot:NP4-190-CD,https://www.ercot.com/misdownload/servlets/mirDownload?doclookupId=1276076285,2026-09-25T06:37:26Z,2026-09-18T17:32:52Z
ercot:HB_HOUSTON,spp_dam,2026-09-20T02:00:00Z,57.68,USD/MWh,PT1H,US-TX,ercot_dam,HB_HOUSTON,ercot:NP4-190-CD,https://www.ercot.com/misdownload/servlets/mirDownload?doclookupId=1276076285,2026-09-25T06:37:26Z,2026-09-18T17:32:52Z
ercot:HB_HOUSTON,spp_dam,2026-09-20T03:00:00Z,41.92,USD/MWh,PT1H,US-TX,ercot_dam,HB_HOUSTON,ercot:NP4-190-CD,https://www.ercot.com/misdownload/servlets/mirDownload?doclookupId=1276076285,2026-09-25T06:37:26Z,2026-09-18T17:32:52Z
ercot:HB_HOUSTON,spp_dam,2026-09-20T04:00:00Z,34.97,USD/MWh,PT1H,US-TX,ercot_dam,HB_HOUSTON,ercot:NP4-190-CD,https://www.ercot.com/misdownload/servlets/mirDownload?doclookupId=1276076285,2026-09-25T06:37:26Z,2026-09-18T17:32:52Z
ercot:HB_HOUSTON,spp_dam,2026-09-20T05:00:00Z,34.57,USD/MWh,PT1H,US-TX,ercot_dam,HB_HOUSTON,ercot:NP4-190-CD,https://www.ercot.com/misdownload/servlets/mirDownload?doclookupId=1276470243,2026-09-25T06:37:25Z,2026-09-19T17:35:07Z
ercot:HB_HOUSTON,spp_dam,2026-09-20T06:00:00Z,31.31,USD/MWh,PT1H,US-TX,ercot_dam,HB_HOUSTON,ercot:NP4-190-CD,https://www.ercot.com/misdownload/servlets/mirDownload?doclookupId=1276470243,2026-09-25T06:37:25Z,2026-09-19T17:35:07Z
ercot:HB_HOUSTON,spp_dam,2026-09-20T07:00:00Z,30.43,USD/MWh,PT1H,US-TX,ercot_dam,HB_HOUSTON,ercot:NP4-190-CD,https://www.ercot.com/misdownload/servlets/mirDownload?doclookupId=1276470243,2026-09-25T06:37:25Z,2026-09-19T17:35:07Z
ercot:HB_HOUSTON,spp_dam,2026-09-20T08:00:00Z,29.83,USD/MWh,PT1H,US-TX,ercot_dam,HB_HOUSTON,ercot:NP4-190-CD,https://www.ercot.com/misdownload/servlets/mirDownload?doclookupId=1276470243,2026-09-25T06:37:25Z,2026-09-19T17:35:07Z
ercot:HB_HOUSTON,spp_dam,2026-09-20T09:00:00Z,28.61,USD/MWh,PT1H,US-TX,ercot_dam,HB_HOUSTON,ercot:NP4-190-CD,https://www.ercot.com/misdownload/servlets/mirDownload?doclookupId=1276470243,2026-09-25T06:37:25Z,2026-09-19T17:35:07Z
ercot:HB_HOUSTON,spp_dam,2026-09-20T10:00:00Z,28.47,USD/MWh,PT1H,US-TX,ercot_dam,HB_HOUSTON,ercot:NP4-190-CD,https://www.ercot.com/misdownload/servlets/mirDownload?doclookupId=1276470243,2026-09-25T06:37:25Z,2026-09-19T17:35:07Z
ercot:HB_HOUSTON,spp_dam,2026-09-20T11:00:00Z,29.4,USD/MWh,PT1H,US-TX,ercot_dam,HB_HOUSTON,ercot:NP4-190-CD,https://www.ercot.com/misdownload/servlets/mirDownload?doclookupId=1276470243,2026-09-25T06:37:25Z,2026-09-19T17:35:07Z
ercot:HB_HOUSTON,spp_dam,2026-09-20T12:00:00Z,29.2,USD/MWh,PT1H,US-TX,ercot_dam,HB_HOUSTON,ercot:NP4-190-CD,https://www.ercot.com/misdownload/servlets/mirDownload?doclookupId=1276470243,2026-09-25T06:37:25Z,2026-09-19T17:35:07Z
ercot:HB_HOUSTON,spp_dam,2026-09-20T13:00:00Z,24.12,USD/MWh,PT1H,US-TX,ercot_dam,HB_HOUSTON,ercot:NP4-190-CD,https://www.ercot.com/misdownload/servlets/mirDownload?doclookupId=1276470243,2026-09-25T06:37:25Z,2026-09-19T17:35:07Z
ercot:HB_HOUSTON,spp_dam,2026-09-20T14:00:00Z,22.9,USD/MWh,PT1H,US-TX,ercot_dam,HB_HOUSTON,ercot:NP4-190-CD,https://www.ercot.com/misdownload/servlets/mirDownload?doclookupId=1276470243,2026-09-25T06:37:25Z,2026-09-19T17:35:07Z
ercot:HB_HOUSTON,spp_dam,2026-09-20T15:00:00Z,24.2,USD/MWh,PT1H,US-TX,ercot_dam,HB_HOUSTON,ercot:NP4-190-CD,https://www.ercot.com/misdownload/servlets/mirDownload?doclookupId=1276470243,2026-09-25T06:37:25Z,2026-09-19T17:35:07Z
ercot:HB_HOUSTON,spp_dam,2026-09-20T16:00:00Z,27.67,USD/MWh,PT1H,US-TX,ercot_dam,HB_HOUSTON,ercot:NP4-190-CD,https://www.ercot.com/misdownload/servlets/mirDownload?doclookupId=1276470243,2026-09-25T06:37:25Z,2026-09-19T17:35:07Z
ercot:HB_HOUSTON,spp_dam,2026-09-20T17:00:00Z,35.84,USD/MWh,PT1H,US-TX,ercot_dam,HB_HOUSTON,ercot:NP4-190-CD,https://www.ercot.com/misdownload/servlets/mirDownload?doclookupId=1276470243,2026-09-25T06:37:25Z,2026-09-19T17:35:07Z
ercot:HB_HOUSTON,spp_dam,2026-09-20T18:00:00Z,47.16,USD/MWh,PT1H,US-TX,ercot_dam,HB_HOUSTON,ercot:NP4-190-CD,https://www.ercot.com/misdownload/servlets/mirDownload?doclookupId=1276470243,2026-09-25T06:37:25Z,2026-09-19T17:35:07Z
ercot:HB_HOUSTON,spp_dam,2026-09-20T19:00:00Z,53.56,USD/MWh,PT1H,US-TX,ercot_dam,HB_HOUSTON,ercot:NP4-190-CD,https://www.ercot.com/misdownload/servlets/mirDownload?doclookupId=1276470243,2026-09-25T06:37:25Z,2026-09-19T17:35:07Z
ercot:HB_HOUSTON,spp_dam,2026-09-20T20:00:00Z,65.06,USD/MWh,PT1H,US-TX,ercot_dam,HB_HOUSTON,ercot:NP4-190-CD,https://www.ercot.com/misdownload/servlets/mirDownload?doclookupId=1276470243,2026-09-25T06:37:25Z,2026-09-19T17:35:07Z
ercot:HB_HOUSTON,spp_dam,2026-09-20T21:00:00Z,62.48,USD/MWh,PT1H,US-TX,ercot_dam,HB_HOUSTON,ercot:NP4-190-CD,https://www.ercot.com/misdownload/servlets/mirDownload?doclookupId=1276470243,2026-09-25T06:37:25Z,2026-09-19T17:35:07Z
ercot:HB_HOUSTON,spp_dam,2026-09-20T22:00:00Z,76.5,USD/MWh,PT1H,US-TX,ercot_dam,HB_HOUSTON,ercot:NP4-190-CD,https://www.ercot.com/misdownload/servlets/mirDownload?doclookupId=1276470243,2026-09-25T06:37:25Z,2026-09-19T17:35:07Z
ercot:HB_HOUSTON,spp_dam,2026-09-20T23:00:00Z,98.21,USD/MWh,PT1H,US-TX,ercot_dam,HB_HOUSTON,ercot:NP4-190-CD,https://www.ercot.com/misdownload/servlets/mirDownload?doclookupId=1276470243,2026-09-25T06:37:25Z,2026-09-19T17:35:07Z
ercot:HB_HOUSTON,spp_dam,2026-09-21T00:00:00Z,108.34,USD/MWh,PT1H,US-TX,ercot_dam,HB_HOUSTON,ercot:NP4-190-CD,https://www.ercot.com/misdownload/servlets/mirDownload?doclookupId=1276470243,2026-09-25T06:37:25Z,2026-09-19T17:35:07Z
ercot:HB_HOUSTON,spp_dam,2026-09-21T01:00:00Z,97.66,USD/MWh,PT1H,US-TX,ercot_dam,HB_HOUSTON,ercot:NP4-190-CD,https://www.ercot.com/misdownload/servlets/mirDownload?doclookupId=1276470243,2026-09-25T06:37:25Z,2026-09-19T17:35:07Z
ercot:HB_HOUSTON,spp_dam,2026-09-21T02:00:00Z,96.06,USD/MWh,PT1H,US-TX,ercot_dam,HB_HOUSTON,ercot:NP4-190-CD,https://www.ercot.com/misdownload/servlets/mirDownload?doclookupId=1276470243,2026-09-25T06:37:25Z,2026-09-19T17:35:07Z
ercot:HB_HOUSTON,spp_dam,2026-09-21T03:00:00Z,72.99,USD/MWh,PT1H,US-TX,ercot_dam,HB_HOUSTON,ercot:NP4-190-CD,https://www.ercot.com/misdownload/servlets/mirDownload?doclookupId=1276470243,2026-09-25T06:37:25Z,2026-09-19T17:35:07Z
ercot:HB_HOUSTON,spp_dam,2026-09-21T04:00:00Z,45.44,USD/MWh,PT1H,US-TX,ercot_dam,HB_HOUSTON,ercot:NP4-190-CD,https://www.ercot.com/misdownload/servlets/mirDownload?doclookupId=1276470243,2026-09-25T06:37:25Z,2026-09-19T17:35:07Z
ercot:HB_HOUSTON,spp_dam,2026-09-21T05:00:00Z,40.16,USD/MWh,PT1H,US-TX,ercot_dam,HB_HOUSTON,ercot:NP4-190-CD,https://www.ercot.com/misdownload/servlets/mirDownload?doclookupId=1276864315,2026-09-25T06:37:24Z,2026-09-20T18:00:57Z
ercot:HB_HOUSTON,spp_dam,2026-09-21T06:00:00Z,38.24,USD/MWh,PT1H,US-TX,ercot_dam,HB_HOUSTON,ercot:NP4-190-CD,https://www.ercot.com/misdownload/servlets/mirDownload?doclookupId=1276864315,2026-09-25T06:37:24Z,2026-09-20T18:00:57Z
ercot:HB_HOUSTON,spp_dam,2026-09-21T07:00:00Z,39.28,USD/MWh,PT1H,US-TX,ercot_dam,HB_HOUSTON,ercot:NP4-190-CD,https://www.ercot.com/misdownload/servlets/mirDownload?doclookupId=1276864315,2026-09-25T06:37:24Z,2026-09-20T18:00:57Z
ercot:HB_HOUSTON,spp_dam,2026-09-21T08:00:00Z,39.92,USD/MWh,PT1H,US-TX,ercot_dam,HB_HOUSTON,ercot:NP4-190-CD,https://www.ercot.com/misdownload/servlets/mirDownload?doclookupId=1276864315,2026-09-25T06:37:24Z,2026-09-20T18:00:57Z
ercot:HB_HOUSTON,spp_dam,2026-09-21T09:00:00Z,40.94,USD/MWh,PT1H,US-TX,ercot_dam,HB_HOUSTON,ercot:NP4-190-CD,https://www.ercot.com/misdownload/servlets/mirDownload?doclookupId=1276864315,2026-09-25T06:37:24Z,2026-09-20T18:00:57Z
ercot:HB_HOUSTON,spp_dam,2026-09-21T10:00:00Z,48.58,USD/MWh,PT1H,US-TX,ercot_dam,HB_HOUSTON,ercot:NP4-190-CD,https://www.ercot.com/misdownload/servlets/mirDownload?doclookupId=1276864315,2026-09-25T06:37:24Z,2026-09-20T18:00:57Z
ercot:HB_HOUSTON,spp_dam,2026-09-21T11:00:00Z,55.97,USD/MWh,PT1H,US-TX,ercot_dam,HB_HOUSTON,ercot:NP4-190-CD,https://www.ercot.com/misdownload/servlets/mirDownload?doclookupId=1276864315,2026-09-25T06:37:24Z,2026-09-20T18:00:57Z
ercot:HB_HOUSTON,spp_dam,2026-09-21T12:00:00Z,47.99,USD/MWh,PT1H,US-TX,ercot_dam,HB_HOUSTON,ercot:NP4-190-CD,https://www.ercot.com/misdownload/servlets/mirDownload?doclookupId=1276864315,2026-09-25T06:37:24Z,2026-09-20T18:00:57Z
ercot:HB_HOUSTON,spp_dam,2026-09-21T13:00:00Z,36.2,USD/MWh,PT1H,US-TX,ercot_dam,HB_HOUSTON,ercot:NP4-190-CD,https://www.ercot.com/misdownload/servlets/mirDownload?doclookupId=1276864315,2026-09-25T06:37:24Z,2026-09-20T18:00:57Z
ercot:HB_HOUSTON,spp_dam,2026-09-21T14:00:00Z,29.11,USD/MWh,PT1H,US-TX,ercot_dam,HB_HOUSTON,ercot:NP4-190-CD,https://www.ercot.com/misdownload/servlets/mirDownload?doclookupId=1276864315,2026-09-25T06:37:24Z,2026-09-20T18:00:57Z
ercot:HB_HOUSTON,spp_dam,2026-09-21T15:00:00Z,28.86,USD/MWh,PT1H,US-TX,ercot_dam,HB_HOUSTON,ercot:NP4-190-CD,https://www.ercot.com/misdownload/servlets/mirDownload?doclookupId=1276864315,2026-09-25T06:37:24Z,2026-09-20T18:00:57Z
ercot:HB_HOUSTON,spp_dam,2026-09-21T16:00:00Z,33.94,USD/MWh,PT1H,US-TX,ercot_dam,HB_HOUSTON,ercot:NP4-190-CD,https://www.ercot.com/misdownload/servlets/mirDownload?doclookupId=1276864315,2026-09-25T06:37:24Z,2026-09-20T18:00:57Z
ercot:HB_HOUSTON,spp_dam,2026-09-21T17:00:00Z,40.01,USD/MWh,PT1H,US-TX,ercot_dam,HB_HOUSTON,ercot:NP4-190-CD,https://www.ercot.com/misdownload/servlets/mirDownload?doclookupId=1276864315,2026-09-25T06:37:24Z,2026-09-20T18:00:57Z
ercot:HB_HOUSTON,spp_dam,2026-09-21T18:00:00Z,52.4,USD/MWh,PT1H,US-TX,ercot_dam,HB_HOUSTON,ercot:NP4-190-CD,https://www.ercot.com/misdownload/servlets/mirDownload?doclookupId=1276864315,2026-09-25T06:37:24Z,2026-09-20T18:00:57Z
ercot:HB_HOUSTON,spp_dam,2026-09-21T19:00:00Z,50.35,USD/MWh,PT1H,US-TX,ercot_dam,HB_HOUSTON,ercot:NP4-190-CD,https://www.ercot.com/misdownload/servlets/mirDownload?doclookupId=1276864315,2026-09-25T06:37:24Z,2026-09-20T18:00:57Z
ercot:HB_HOUSTON,spp_dam,2026-09-21T20:00:00Z,57.73,USD/MWh,PT1H,US-TX,ercot_dam,HB_HOUSTON,ercot:NP4-190-CD,https://www.ercot.com/misdownload/servlets/mirDownload?doclookupId=1276864315,2026-09-25T06:37:24Z,2026-09-20T18:00:57Z
ercot:HB_HOUSTON,spp_dam,2026-09-21T21:00:00Z,66.87,USD/MWh,PT1H,US-TX,ercot_dam,HB_HOUSTON,ercot:NP4-190-CD,https://www.ercot.com/misdownload/servlets/mirDownload?doclookupId=1276864315,2026-09-25T06:37:24Z,2026-09-20T18:00:57Z
ercot:HB_HOUSTON,spp_dam,2026-09-21T22:00:00Z,64.95,USD/MWh,PT1H,US-TX,ercot_dam,HB_HOUSTON,ercot:NP4-190-CD,https://www.ercot.com/misdownload/servlets/mirDownload?doclookupId=1276864315,2026-09-25T06:37:24Z,2026-09-20T18:00:57Z
ercot:HB_HOUSTON,spp_dam,2026-09-21T23:00:00Z,97.75,USD/MWh,PT1H,US-TX,ercot_dam,HB_HOUSTON,ercot:NP4-190-CD,https://www.ercot.com/misdownload/servlets/mirDownload?doclookupId=1276864315,2026-09-25T06:37:24Z,2026-09-20T18:00:57Z
ercot:HB_HOUSTON,spp_dam,2026-09-22T00:00:00Z,109.36,USD/MWh,PT1H,US-TX,ercot_dam,HB_HOUSTON,ercot:NP4-190-CD,https://www.ercot.com/misdownload/servlets/mirDownload?doclookupId=1276864315,2026-09-25T06:37:24Z,2026-09-20T18:00:57Z
ercot:HB_HOUSTON,spp_dam,2026-09-22T01:00:00Z,109.13,USD/MWh,PT1H,US-TX,ercot_dam,HB_HOUSTON,ercot:NP4-190-CD,https://www.ercot.com/misdownload/servlets/mirDownload?doclookupId=1276864315,2026-09-25T06:37:24Z,2026-09-20T18:00:57Z
ercot:HB_HOUSTON,spp_dam,2026-09-22T02:00:00Z,106.23,USD/MWh,PT1H,US-TX,ercot_dam,HB_HOUSTON,ercot:NP4-190-CD,https://www.ercot.com/misdownload/servlets/mirDownload?doclookupId=1276864315,2026-09-25T06:37:24Z,2026-09-20T18:00:57Z
ercot:HB_HOUSTON,spp_dam,2026-09-22T03:00:00Z,90.37,USD/MWh,PT1H,US-TX,ercot_dam,HB_HOUSTON,ercot:NP4-190-CD,https://www.ercot.com/misdownload/servlets/mirDownload?doclookupId=1276864315,2026-09-25T06:37:24Z,2026-09-20T18:00:57Z
ercot:HB_HOUSTON,spp_dam,2026-09-22T04:00:00Z,62.42,USD/MWh,PT1H,US-TX,ercot_dam,HB_HOUSTON,ercot:NP4-190-CD,https://www.ercot.com/misdownload/servlets/mirDownload?doclookupId=1276864315,2026-09-25T06:37:24Z,2026-09-20T18:00:57Z
ercot:HB_HOUSTON,spp_dam,2026-09-22T05:00:00Z,40.34,USD/MWh,PT1H,US-TX,ercot_dam,HB_HOUSTON,ercot:NP4-190-CD,https://www.ercot.com/misdownload/servlets/mirDownload?doclookupId=1277258060,2026-09-25T19:48:54Z,2026-09-21T17:32:44Z
ercot:HB_HOUSTON,spp_dam,2026-09-22T06:00:00Z,36.79,USD/MWh,PT1H,US-TX,ercot_dam,HB_HOUSTON,ercot:NP4-190-CD,https://www.ercot.com/misdownload/servlets/mirDownload?doclookupId=1277258060,2026-09-25T19:48:54Z,2026-09-21T17:32:44Z
ercot:HB_HOUSTON,spp_dam,2026-09-22T07:00:00Z,35.74,USD/MWh,PT1H,US-TX,ercot_dam,HB_HOUSTON,ercot:NP4-190-CD,https://www.ercot.com/misdownload/servlets/mirDownload?doclookupId=1277258060,2026-09-25T19:48:54Z,2026-09-21T17:32:44Z
ercot:HB_HOUSTON,spp_dam,2026-09-22T08:00:00Z,35.2,USD/MWh,PT1H,US-TX,ercot_dam,HB_HOUSTON,ercot:NP4-190-CD,https://www.ercot.com/misdownload/servlets/mirDownload?doclookupId=1277258060,2026-09-25T19:48:54Z,2026-09-21T17:32:44Z
ercot:HB_HOUSTON,spp_dam,2026-09-22T09:00:00Z,34.39,USD/MWh,PT1H,US-TX,ercot_dam,HB_HOUSTON,ercot:NP4-190-CD,https://www.ercot.com/misdownload/servlets/mirDownload?doclookupId=1277258060,2026-09-25T19:48:54Z,2026-09-21T17:32:44Z
ercot:HB_HOUSTON,spp_dam,2026-09-22T10:00:00Z,38.2,USD/MWh,PT1H,US-TX,ercot_dam,HB_HOUSTON,ercot:NP4-190-CD,https://www.ercot.com/misdownload/servlets/mirDownload?doclookupId=1277258060,2026-09-25T19:48:54Z,2026-09-21T17:32:44Z
ercot:HB_HOUSTON,spp_dam,2026-09-22T11:00:00Z,42.28,USD/MWh,PT1H,US-TX,ercot_dam,HB_HOUSTON,ercot:NP4-190-CD,https://www.ercot.com/misdownload/servlets/mirDownload?doclookupId=1277258060,2026-09-25T19:48:54Z,2026-09-21T17:32:44Z
ercot:HB_HOUSTON,spp_dam,2026-09-22T12:00:00Z,40.89,USD/MWh,PT1H,US-TX,ercot_dam,HB_HOUSTON,ercot:NP4-190-CD,https://www.ercot.com/misdownload/servlets/mirDownload?doclookupId=1277258060,2026-09-25T19:48:54Z,2026-09-21T17:32:44Z
ercot:HB_HOUSTON,spp_dam,2026-09-22T13:00:00Z,27.37,USD/MWh,PT1H,US-TX,ercot_dam,HB_HOUSTON,ercot:NP4-190-CD,https://www.ercot.com/misdownload/servlets/mirDownload?doclookupId=1277258060,2026-09-25T19:48:54Z,2026-09-21T17:32:44Z
ercot:HB_HOUSTON,spp_dam,2026-09-22T14:00:00Z,26.32,USD/MWh,PT1H,US-TX,ercot_dam,HB_HOUSTON,ercot:NP4-190-CD,https://www.ercot.com/misdownload/servlets/mirDownload?doclookupId=1277258060,2026-09-25T19:48:54Z,2026-09-21T17:32:44Z
ercot:HB_HOUSTON,spp_dam,2026-09-22T15:00:00Z,29.51,USD/MWh,PT1H,US-TX,ercot_dam,HB_HOUSTON,ercot:NP4-190-CD,https://www.ercot.com/misdownload/servlets/mirDownload?doclookupId=1277258060,2026-09-25T19:48:54Z,2026-09-21T17:32:44Z
ercot:HB_HOUSTON,spp_dam,2026-09-22T16:00:00Z,32.68,USD/MWh,PT1H,US-TX,ercot_dam,HB_HOUSTON,ercot:NP4-190-CD,https://www.ercot.com/misdownload/servlets/mirDownload?doclookupId=1277258060,2026-09-25T19:48:54Z,2026-09-21T17:32:44Z
ercot:HB_HOUSTON,spp_dam,2026-09-22T17:00:00Z,36.97,USD/MWh,PT1H,US-TX,ercot_dam,HB_HOUSTON,ercot:NP4-190-CD,https://www.ercot.com/misdownload/servlets/mirDownload?doclookupId=1277258060,2026-09-25T19:48:54Z,2026-09-21T17:32:44Z
ercot:HB_HOUSTON,spp_dam,2026-09-22T18:00:00Z,44.97,USD/MWh,PT1H,US-TX,ercot_dam,HB_HOUSTON,ercot:NP4-190-CD,https://www.ercot.com/misdownload/servlets/mirDownload?doclookupId=1277258060,2026-09-25T19:48:54Z,2026-09-21T17:32:44Z
ercot:HB_HOUSTON,spp_dam,2026-09-22T19:00:00Z,50.32,USD/MWh,PT1H,US-TX,ercot_dam,HB_HOUSTON,ercot:NP4-190-CD,https://www.ercot.com/misdownload/servlets/mirDownload?doclookupId=1277258060,2026-09-25T19:48:54Z,2026-09-21T17:32:44Z
ercot:HB_HOUSTON,spp_dam,2026-09-22T20:00:00Z,56.52,USD/MWh,PT1H,US-TX,ercot_dam,HB_HOUSTON,ercot:NP4-190-CD,https://www.ercot.com/misdownload/servlets/mirDownload?doclookupId=1277258060,2026-09-25T19:48:54Z,2026-09-21T17:32:44Z
ercot:HB_HOUSTON,spp_dam,2026-09-22T21:00:00Z,63.34,USD/MWh,PT1H,US-TX,ercot_dam,HB_HOUSTON,ercot:NP4-190-CD,https://www.ercot.com/misdownload/servlets/mirDownload?doclookupId=1277258060,2026-09-25T19:48:54Z,2026-09-21T17:32:44Z
ercot:HB_HOUSTON,spp_dam,2026-09-22T22:00:00Z,69.44,USD/MWh,PT1H,US-TX,ercot_dam,HB_HOUSTON,ercot:NP4-190-CD,https://www.ercot.com/misdownload/servlets/mirDownload?doclookupId=1277258060,2026-09-25T19:48:54Z,2026-09-21T17:32:44Z
ercot:HB_HOUSTON,spp_dam,2026-09-22T23:00:00Z,102.98,USD/MWh,PT1H,US-TX,ercot_dam,HB_HOUSTON,ercot:NP4-190-CD,https://www.ercot.com/misdownload/servlets/mirDownload?doclookupId=1277258060,2026-09-25T19:48:54Z,2026-09-21T17:32:44Z
ercot:HB_HOUSTON,spp_dam,2026-09-23T00:00:00Z,98.83,USD/MWh,PT1H,US-TX,ercot_dam,HB_HOUSTON,ercot:NP4-190-CD,https://www.ercot.com/misdownload/servlets/mirDownload?doclookupId=1277258060,2026-09-25T19:48:54Z,2026-09-21T17:32:44Z
ercot:HB_HOUSTON,spp_dam,2026-09-23T01:00:00Z,93.69,USD/MWh,PT1H,US-TX,ercot_dam,HB_HOUSTON,ercot:NP4-190-CD,https://www.ercot.com/misdownload/servlets/mirDownload?doclookupId=1277258060,2026-09-25T19:48:54Z,2026-09-21T17:32:44Z
ercot:HB_HOUSTON,spp_dam,2026-09-23T02:00:00Z,80.83,USD/MWh,PT1H,US-TX,ercot_dam,HB_HOUSTON,ercot:NP4-190-CD,https://www.ercot.com/misdownload/servlets/mirDownload?doclookupId=1277258060,2026-09-25T19:48:54Z,2026-09-21T17:32:44Z
ercot:HB_HOUSTON,spp_dam,2026-09-23T03:00:00Z,59.64,USD/MWh,PT1H,US-TX,ercot_dam,HB_HOUSTON,ercot:NP4-190-CD,https://www.ercot.com/misdownload/servlets/mirDownload?doclookupId=1277258060,2026-09-25T19:48:54Z,2026-09-21T17:32:44Z
ercot:HB_HOUSTON,spp_dam,2026-09-23T04:00:00Z,42.96,USD/MWh,PT1H,US-TX,ercot_dam,HB_HOUSTON,ercot:NP4-190-CD,https://www.ercot.com/misdownload/servlets/mirDownload?doclookupId=1277258060,2026-09-25T19:48:54Z,2026-09-21T17:32:44Z
ercot:HB_HOUSTON,spp_dam,2026-09-23T05:00:00Z,36.6,USD/MWh,PT1H,US-TX,ercot_dam,HB_HOUSTON,ercot:NP4-190-CD,https://www.ercot.com/misdownload/servlets/mirDownload?doclookupId=1277674202,2026-09-25T19:48:53Z,2026-09-22T17:45:50Z
ercot:HB_HOUSTON,spp_dam,2026-09-23T06:00:00Z,34.3,USD/MWh,PT1H,US-TX,ercot_dam,HB_HOUSTON,ercot:NP4-190-CD,https://www.ercot.com/misdownload/servlets/mirDownload?doclookupId=1277674202,2026-09-25T19:48:53Z,2026-09-22T17:45:50Z
ercot:HB_HOUSTON,spp_dam,2026-09-23T07:00:00Z,31.76,USD/MWh,PT1H,US-TX,ercot_dam,HB_HOUSTON,ercot:NP4-190-CD,https://www.ercot.com/misdownload/servlets/mirDownload?doclookupId=1277674202,2026-09-25T19:48:53Z,2026-09-22T17:45:50Z
ercot:HB_HOUSTON,spp_dam,2026-09-23T08:00:00Z,30.76,USD/MWh,PT1H,US-TX,ercot_dam,HB_HOUSTON,ercot:NP4-190-CD,https://www.ercot.com/misdownload/servlets/mirDownload?doclookupId=1277674202,2026-09-25T19:48:53Z,2026-09-22T17:45:50Z
ercot:HB_HOUSTON,spp_dam,2026-09-23T09:00:00Z,31.24,USD/MWh,PT1H,US-TX,ercot_dam,HB_HOUSTON,ercot:NP4-190-CD,https://www.ercot.com/misdownload/servlets/mirDownload?doclookupId=1277674202,2026-09-25T19:48:53Z,2026-09-22T17:45:50Z
ercot:HB_HOUSTON,spp_dam,2026-09-23T10:00:00Z,35.53,USD/MWh,PT1H,US-TX,ercot_dam,HB_HOUSTON,ercot:NP4-190-CD,https://www.ercot.com/misdownload/servlets/mirDownload?doclookupId=1277674202,2026-09-25T19:48:53Z,2026-09-22T17:45:50Z
ercot:HB_HOUSTON,spp_dam,2026-09-23T11:00:00Z,39.39,USD/MWh,PT1H,US-TX,ercot_dam,HB_HOUSTON,ercot:NP4-190-CD,https://www.ercot.com/misdownload/servlets/mirDownload?doclookupId=1277674202,2026-09-25T19:48:53Z,2026-09-22T17:45:50Z
ercot:HB_HOUSTON,spp_dam,2026-09-23T12:00:00Z,36.3,USD/MWh,PT1H,US-TX,ercot_dam,HB_HOUSTON,ercot:NP4-190-CD,https://www.ercot.com/misdownload/servlets/mirDownload?doclookupId=1277674202,2026-09-25T19:48:53Z,2026-09-22T17:45:50Z
ercot:HB_HOUSTON,spp_dam,2026-09-23T13:00:00Z,28.69,USD/MWh,PT1H,US-TX,ercot_dam,HB_HOUSTON,ercot:NP4-190-CD,https://www.ercot.com/misdownload/servlets/mirDownload?doclookupId=1277674202,2026-09-25T19:48:53Z,2026-09-22T17:45:50Z
ercot:HB_HOUSTON,spp_dam,2026-09-23T14:00:00Z,29.52,USD/MWh,PT1H,US-TX,ercot_dam,HB_HOUSTON,ercot:NP4-190-CD,https://www.ercot.com/misdownload/servlets/mirDownload?doclookupId=1277674202,2026-09-25T19:48:53Z,2026-09-22T17:45:50Z
ercot:HB_HOUSTON,spp_dam,2026-09-23T15:00:00Z,33.17,USD/MWh,PT1H,US-TX,ercot_dam,HB_HOUSTON,ercot:NP4-190-CD,https://www.ercot.com/misdownload/servlets/mirDownload?doclookupId=1277674202,2026-09-25T19:48:53Z,2026-09-22T17:45:50Z
ercot:HB_HOUSTON,spp_dam,2026-09-23T16:00:00Z,37.29,USD/MWh,PT1H,US-TX,ercot_dam,HB_HOUSTON,ercot:NP4-190-CD,https://www.ercot.com/misdownload/servlets/mirDownload?doclookupId=1277674202,2026-09-25T19:48:53Z,2026-09-22T17:45:50Z
ercot:HB_HOUSTON,spp_dam,2026-09-23T17:00:00Z,40.8,USD/MWh,PT1H,US-TX,ercot_dam,HB_HOUSTON,ercot:NP4-190-CD,https://www.ercot.com/misdownload/servlets/mirDownload?doclookupId=1277674202,2026-09-25T19:48:53Z,2026-09-22T17:45:50Z
ercot:HB_HOUSTON,spp_dam,2026-09-23T18:00:00Z,50.15,USD/MWh,PT1H,US-TX,ercot_dam,HB_HOUSTON,ercot:NP4-190-CD,https://www.ercot.com/misdownload/servlets/mirDownload?doclookupId=1277674202,2026-09-25T19:48:53Z,2026-09-22T17:45:50Z
ercot:HB_HOUSTON,spp_dam,2026-09-23T19:00:00Z,57.36,USD/MWh,PT1H,US-TX,ercot_dam,HB_HOUSTON,ercot:NP4-190-CD,https://www.ercot.com/misdownload/servlets/mirDownload?doclookupId=1277674202,2026-09-25T19:48:53Z,2026-09-22T17:45:50Z
ercot:HB_HOUSTON,spp_dam,2026-09-23T20:00:00Z,54.5,USD/MWh,PT1H,US-TX,ercot_dam,HB_HOUSTON,ercot:NP4-190-CD,https://www.ercot.com/misdownload/servlets/mirDownload?doclookupId=1277674202,2026-09-25T19:48:53Z,2026-09-22T17:45:50Z
ercot:HB_HOUSTON,spp_dam,2026-09-23T21:00:00Z,56.22,USD/MWh,PT1H,US-TX,ercot_dam,HB_HOUSTON,ercot:NP4-190-CD,https://www.ercot.com/misdownload/servlets/mirDownload?doclookupId=1277674202,2026-09-25T19:48:53Z,2026-09-22T17:45:50Z
ercot:HB_HOUSTON,spp_dam,2026-09-23T22:00:00Z,66.18,USD/MWh,PT1H,US-TX,ercot_dam,HB_HOUSTON,ercot:NP4-190-CD,https://www.ercot.com/misdownload/servlets/mirDownload?doclookupId=1277674202,2026-09-25T19:48:53Z,2026-09-22T17:45:50Z
ercot:HB_HOUSTON,spp_dam,2026-09-23T23:00:00Z,92.15,USD/MWh,PT1H,US-TX,ercot_dam,HB_HOUSTON,ercot:NP4-190-CD,https://www.ercot.com/misdownload/servlets/mirDownload?doclookupId=1277674202,2026-09-25T19:48:53Z,2026-09-22T17:45:50Z
ercot:HB_HOUSTON,spp_dam,2026-09-24T00:00:00Z,92.72,USD/MWh,PT1H,US-TX,ercot_dam,HB_HOUSTON,ercot:NP4-190-CD,https://www.ercot.com/misdownload/servlets/mirDownload?doclookupId=1277674202,2026-09-25T19:48:53Z,2026-09-22T17:45:50Z
ercot:HB_HOUSTON,spp_dam,2026-09-24T01:00:00Z,82.46,USD/MWh,PT1H,US-TX,ercot_dam,HB_HOUSTON,ercot:NP4-190-CD,https://www.ercot.com/misdownload/servlets/mirDownload?doclookupId=1277674202,2026-09-25T19:48:53Z,2026-09-22T17:45:50Z
ercot:HB_HOUSTON,spp_dam,2026-09-24T02:00:00Z,65.36,USD/MWh,PT1H,US-TX,ercot_dam,HB_HOUSTON,ercot:NP4-190-CD,https://www.ercot.com/misdownload/servlets/mirDownload?doclookupId=1277674202,2026-09-25T19:48:53Z,2026-09-22T17:45:50Z
ercot:HB_HOUSTON,spp_dam,2026-09-24T03:00:00Z,45.16,USD/MWh,PT1H,US-TX,ercot_dam,HB_HOUSTON,ercot:NP4-190-CD,https://www.ercot.com/misdownload/servlets/mirDownload?doclookupId=1277674202,2026-09-25T19:48:53Z,2026-09-22T17:45:50Z
ercot:HB_HOUSTON,spp_dam,2026-09-24T04:00:00Z,35.66,USD/MWh,PT1H,US-TX,ercot_dam,HB_HOUSTON,ercot:NP4-190-CD,https://www.ercot.com/misdownload/servlets/mirDownload?doclookupId=1277674202,2026-09-25T19:48:53Z,2026-09-22T17:45:50Z
ercot:HB_HOUSTON,spp_dam,2026-09-24T05:00:00Z,35.79,USD/MWh,PT1H,US-TX,ercot_dam,HB_HOUSTON,ercot:NP4-190-CD,https://www.ercot.com/misdownload/servlets/mirDownload?doclookupId=1278079530,2026-09-25T19:48:51Z,2026-09-23T18:16:21Z
ercot:HB_HOUSTON,spp_dam,2026-09-24T06:00:00Z,31.93,USD/MWh,PT1H,US-TX,ercot_dam,HB_HOUSTON,ercot:NP4-190-CD,https://www.ercot.com/misdownload/servlets/mirDownload?doclookupId=1278079530,2026-09-25T19:48:51Z,2026-09-23T18:16:21Z
ercot:HB_HOUSTON,spp_dam,2026-09-24T07:00:00Z,30.74,USD/MWh,PT1H,US-TX,ercot_dam,HB_HOUSTON,ercot:NP4-190-CD,https://www.ercot.com/misdownload/servlets/mirDownload?doclookupId=1278079530,2026-09-25T19:48:51Z,2026-09-23T18:16:21Z
ercot:HB_HOUSTON,spp_dam,2026-09-24T08:00:00Z,30.62,USD/MWh,PT1H,US-TX,ercot_dam,HB_HOUSTON,ercot:NP4-190-CD,https://www.ercot.com/misdownload/servlets/mirDownload?doclookupId=1278079530,2026-09-25T19:48:51Z,2026-09-23T18:16:21Z
ercot:HB_HOUSTON,spp_dam,2026-09-24T09:00:00Z,31.0,USD/MWh,PT1H,US-TX,ercot_dam,HB_HOUSTON,ercot:NP4-190-CD,https://www.ercot.com/misdownload/servlets/mirDownload?doclookupId=1278079530,2026-09-25T19:48:51Z,2026-09-23T18:16:21Z
ercot:HB_HOUSTON,spp_dam,2026-09-24T10:00:00Z,35.06,USD/MWh,PT1H,US-TX,ercot_dam,HB_HOUSTON,ercot:NP4-190-CD,https://www.ercot.com/misdownload/servlets/mirDownload?doclookupId=1278079530,2026-09-25T19:48:51Z,2026-09-23T18:16:21Z
ercot:HB_HOUSTON,spp_dam,2026-09-24T11:00:00Z,36.11,USD/MWh,PT1H,US-TX,ercot_dam,HB_HOUSTON,ercot:NP4-190-CD,https://www.ercot.com/misdownload/servlets/mirDownload?doclookupId=1278079530,2026-09-25T19:48:51Z,2026-09-23T18:16:21Z
ercot:HB_HOUSTON,spp_dam,2026-09-24T12:00:00Z,35.32,USD/MWh,PT1H,US-TX,ercot_dam,HB_HOUSTON,ercot:NP4-190-CD,https://www.ercot.com/misdownload/servlets/mirDownload?doclookupId=1278079530,2026-09-25T19:48:51Z,2026-09-23T18:16:21Z
ercot:HB_HOUSTON,spp_dam,2026-09-24T13:00:00Z,30.54,USD/MWh,PT1H,US-TX,ercot_dam,HB_HOUSTON,ercot:NP4-190-CD,https://www.ercot.com/misdownload/servlets/mirDownload?doclookupId=1278079530,2026-09-25T19:48:51Z,2026-09-23T18:16:21Z
ercot:HB_HOUSTON,spp_dam,2026-09-24T14:00:00Z,29.72,USD/MWh,PT1H,US-TX,ercot_dam,HB_HOUSTON,ercot:NP4-190-CD,https://www.ercot.com/misdownload/servlets/mirDownload?doclookupId=1278079530,2026-09-25T19:48:51Z,2026-09-23T18:16:21Z
ercot:HB_HOUSTON,spp_dam,2026-09-24T15:00:00Z,30.29,USD/MWh,PT1H,US-TX,ercot_dam,HB_HOUSTON,ercot:NP4-190-CD,https://www.ercot.com/misdownload/servlets/mirDownload?doclookupId=1278079530,2026-09-25T19:48:51Z,2026-09-23T18:16:21Z
ercot:HB_HOUSTON,spp_dam,2026-09-24T16:00:00Z,36.02,USD/MWh,PT1H,US-TX,ercot_dam,HB_HOUSTON,ercot:NP4-190-CD,https://www.ercot.com/misdownload/servlets/mirDownload?doclookupId=1278079530,2026-09-25T19:48:51Z,2026-09-23T18:16:21Z
ercot:HB_HOUSTON,spp_dam,2026-09-24T17:00:00Z,43.12,USD/MWh,PT1H,US-TX,ercot_dam,HB_HOUSTON,ercot:NP4-190-CD,https://www.ercot.com/misdownload/servlets/mirDownload?doclookupId=1278079530,2026-09-25T19:48:51Z,2026-09-23T18:16:21Z
ercot:HB_HOUSTON,spp_dam,2026-09-24T18:00:00Z,47.6,USD/MWh,PT1H,US-TX,ercot_dam,HB_HOUSTON,ercot:NP4-190-CD,https://www.ercot.com/misdownload/servlets/mirDownload?doclookupId=1278079530,2026-09-25T19:48:51Z,2026-09-23T18:16:21Z
ercot:HB_HOUSTON,spp_dam,2026-09-24T19:00:00Z,50.37,USD/MWh,PT1H,US-TX,ercot_dam,HB_HOUSTON,ercot:NP4-190-CD,https://www.ercot.com/misdownload/servlets/mirDownload?doclookupId=1278079530,2026-09-25T19:48:51Z,2026-09-23T18:16:21Z
ercot:HB_HOUSTON,spp_dam,2026-09-24T20:00:00Z,57.57,USD/MWh,PT1H,US-TX,ercot_dam,HB_HOUSTON,ercot:NP4-190-CD,https://www.ercot.com/misdownload/servlets/mirDownload?doclookupId=1278079530,2026-09-25T19:48:51Z,2026-09-23T18:16:21Z
ercot:HB_HOUSTON,spp_dam,2026-09-24T21:00:00Z,57.31,USD/MWh,PT1H,US-TX,ercot_dam,HB_HOUSTON,ercot:NP4-190-CD,https://www.ercot.com/misdownload/servlets/mirDownload?doclookupId=1278079530,2026-09-25T19:48:51Z,2026-09-23T18:16:21Z
ercot:HB_HOUSTON,spp_dam,2026-09-24T22:00:00Z,68.04,USD/MWh,PT1H,US-TX,ercot_dam,HB_HOUSTON,ercot:NP4-190-CD,https://www.ercot.com/misdownload/servlets/mirDownload?doclookupId=1278079530,2026-09-25T19:48:51Z,2026-09-23T18:16:21Z
ercot:HB_HOUSTON,spp_dam,2026-09-24T23:00:00Z,89.77,USD/MWh,PT1H,US-TX,ercot_dam,HB_HOUSTON,ercot:NP4-190-CD,https://www.ercot.com/misdownload/servlets/mirDownload?doclookupId=1278079530,2026-09-25T19:48:51Z,2026-09-23T18:16:21Z
ercot:HB_HOUSTON,spp_dam,2026-09-25T00:00:00Z,86.17,USD/MWh,PT1H,US-TX,ercot_dam,HB_HOUSTON,ercot:NP4-190-CD,https://www.ercot.com/misdownload/servlets/mirDownload?doclookupId=1278079530,2026-09-25T19:48:51Z,2026-09-23T18:16:21Z
ercot:HB_HOUSTON,spp_dam,2026-09-25T01:00:00Z,87.47,USD/MWh,PT1H,US-TX,ercot_dam,HB_HOUSTON,ercot:NP4-190-CD,https://www.ercot.com/misdownload/servlets/mirDownload?doclookupId=1278079530,2026-09-25T19:48:51Z,2026-09-23T18:16:21Z
ercot:HB_HOUSTON,spp_dam,2026-09-25T02:00:00Z,72.45,USD/MWh,PT1H,US-TX,ercot_dam,HB_HOUSTON,ercot:NP4-190-CD,https://www.ercot.com/misdownload/servlets/mirDownload?doclookupId=1278079530,2026-09-25T19:48:51Z,2026-09-23T18:16:21Z
ercot:HB_HOUSTON,spp_dam,2026-09-25T03:00:00Z,49.96,USD/MWh,PT1H,US-TX,ercot_dam,HB_HOUSTON,ercot:NP4-190-CD,https://www.ercot.com/misdownload/servlets/mirDownload?doclookupId=1278079530,2026-09-25T19:48:51Z,2026-09-23T18:16:21Z
ercot:HB_HOUSTON,spp_dam,2026-09-25T04:00:00Z,39.34,USD/MWh,PT1H,US-TX,ercot_dam,HB_HOUSTON,ercot:NP4-190-CD,https://www.ercot.com/misdownload/servlets/mirDownload?doclookupId=1278079530,2026-09-25T19:48:51Z,2026-09-23T18:16:21Z
ercot:HB_HOUSTON,spp_dam,2026-09-25T05:00:00Z,33.15,USD/MWh,PT1H,US-TX,ercot_dam,HB_HOUSTON,ercot:NP4-190-CD,https://www.ercot.com/misdownload/servlets/mirDownload?doclookupId=1278479653,2026-09-25T19:48:50Z,2026-09-24T17:51:24Z
ercot:HB_HOUSTON,spp_dam,2026-09-25T06:00:00Z,30.64,USD/MWh,PT1H,US-TX,ercot_dam,HB_HOUSTON,ercot:NP4-190-CD,https://www.ercot.com/misdownload/servlets/mirDownload?doclookupId=1278479653,2026-09-25T19:48:50Z,2026-09-24T17:51:24Z
ercot:HB_HOUSTON,spp_dam,2026-09-25T07:00:00Z,29.26,USD/MWh,PT1H,US-TX,ercot_dam,HB_HOUSTON,ercot:NP4-190-CD,https://www.ercot.com/misdownload/servlets/mirDownload?doclookupId=1278479653,2026-09-25T19:48:50Z,2026-09-24T17:51:24Z
ercot:HB_HOUSTON,spp_dam,2026-09-25T08:00:00Z,27.34,USD/MWh,PT1H,US-TX,ercot_dam,HB_HOUSTON,ercot:NP4-190-CD,https://www.ercot.com/misdownload/servlets/mirDownload?doclookupId=1278479653,2026-09-25T19:48:50Z,2026-09-24T17:51:24Z
ercot:HB_HOUSTON,spp_dam,2026-09-25T09:00:00Z,27.47,USD/MWh,PT1H,US-TX,ercot_dam,HB_HOUSTON,ercot:NP4-190-CD,https://www.ercot.com/misdownload/servlets/mirDownload?doclookupId=1278479653,2026-09-25T19:48:50Z,2026-09-24T17:51:24Z
ercot:HB_HOUSTON,spp_dam,2026-09-25T10:00:00Z,31.29,USD/MWh,PT1H,US-TX,ercot_dam,HB_HOUSTON,ercot:NP4-190-CD,https://www.ercot.com/misdownload/servlets/mirDownload?doclookupId=1278479653,2026-09-25T19:48:50Z,2026-09-24T17:51:24Z
ercot:HB_HOUSTON,spp_dam,2026-09-25T11:00:00Z,35.87,USD/MWh,PT1H,US-TX,ercot_dam,HB_HOUSTON,ercot:NP4-190-CD,https://www.ercot.com/misdownload/servlets/mirDownload?doclookupId=1278479653,2026-09-25T19:48:50Z,2026-09-24T17:51:24Z
ercot:HB_HOUSTON,spp_dam,2026-09-25T12:00:00Z,35.85,USD/MWh,PT1H,US-TX,ercot_dam,HB_HOUSTON,ercot:NP4-190-CD,https://www.ercot.com/misdownload/servlets/mirDownload?doclookupId=1278479653,2026-09-25T19:48:50Z,2026-09-24T17:51:24Z
ercot:HB_HOUSTON,spp_dam,2026-09-25T13:00:00Z,26.35,USD/MWh,PT1H,US-TX,ercot_dam,HB_HOUSTON,ercot:NP4-190-CD,https://www.ercot.com/misdownload/servlets/mirDownload?doclookupId=1278479653,2026-09-25T19:48:50Z,2026-09-24T17:51:24Z
ercot:HB_HOUSTON,spp_dam,2026-09-25T14:00:00Z,24.35,USD/MWh,PT1H,US-TX,ercot_dam,HB_HOUSTON,ercot:NP4-190-CD,https://www.ercot.com/misdownload/servlets/mirDownload?doclookupId=1278479653,2026-09-25T19:48:50Z,2026-09-24T17:51:24Z
ercot:HB_HOUSTON,spp_dam,2026-09-25T15:00:00Z,25.87,USD/MWh,PT1H,US-TX,ercot_dam,HB_HOUSTON,ercot:NP4-190-CD,https://www.ercot.com/misdownload/servlets/mirDownload?doclookupId=1278479653,2026-09-25T19:48:50Z,2026-09-24T17:51:24Z
ercot:HB_HOUSTON,spp_dam,2026-09-25T16:00:00Z,28.01,USD/MWh,PT1H,US-TX,ercot_dam,HB_HOUSTON,ercot:NP4-190-CD,https://www.ercot.com/misdownload/servlets/mirDownload?doclookupId=1278479653,2026-09-25T19:48:50Z,2026-09-24T17:51:24Z
ercot:HB_HOUSTON,spp_dam,2026-09-25T17:00:00Z,34.91,USD/MWh,PT1H,US-TX,ercot_dam,HB_HOUSTON,ercot:NP4-190-CD,https://www.ercot.com/misdownload/servlets/mirDownload?doclookupId=1278479653,2026-09-25T19:48:50Z,2026-09-24T17:51:24Z
ercot:HB_HOUSTON,spp_dam,2026-09-25T18:00:00Z,38.85,USD/MWh,PT1H,US-TX,ercot_dam,HB_HOUSTON,ercot:NP4-190-CD,https://www.ercot.com/misdownload/servlets/mirDownload?doclookupId=1278479653,2026-09-25T19:48:50Z,2026-09-24T17:51:24Z
ercot:HB_HOUSTON,spp_dam,2026-09-25T19:00:00Z,42.63,USD/MWh,PT1H,US-TX,ercot_dam,HB_HOUSTON,ercot:NP4-190-CD,https://www.ercot.com/misdownload/servlets/mirDownload?doclookupId=1278479653,2026-09-25T19:48:50Z,2026-09-24T17:51:24Z
ercot:HB_HOUSTON,spp_dam,2026-09-25T20:00:00Z,48.08,USD/MWh,PT1H,US-TX,ercot_dam,HB_HOUSTON,ercot:NP4-190-CD,https://www.ercot.com/misdownload/servlets/mirDownload?doclookupId=1278479653,2026-09-25T19:48:50Z,2026-09-24T17:51:24Z
ercot:HB_HOUSTON,spp_dam,2026-09-25T21:00:00Z,50.63,USD/MWh,PT1H,US-TX,ercot_dam,HB_HOUSTON,ercot:NP4-190-CD,https://www.ercot.com/misdownload/servlets/mirDownload?doclookupId=1278479653,2026-09-25T19:48:50Z,2026-09-24T17:51:24Z
ercot:HB_HOUSTON,spp_dam,2026-09-25T22:00:00Z,48.32,USD/MWh,PT1H,US-TX,ercot_dam,HB_HOUSTON,ercot:NP4-190-CD,https://www.ercot.com/misdownload/servlets/mirDownload?doclookupId=1278479653,2026-09-25T19:48:50Z,2026-09-24T17:51:24Z
ercot:HB_HOUSTON,spp_dam,2026-09-25T23:00:00Z,65.2,USD/MWh,PT1H,US-TX,ercot_dam,HB_HOUSTON,ercot:NP4-190-CD,https://www.ercot.com/misdownload/servlets/mirDownload?doclookupId=1278479653,2026-09-25T19:48:50Z,2026-09-24T17:51:24Z
ercot:HB_HOUSTON,spp_dam,2026-09-26T00:00:00Z,65.91,USD/MWh,PT1H,US-TX,ercot_dam,HB_HOUSTON,ercot:NP4-190-CD,https://www.ercot.com/misdownload/servlets/mirDownload?doclookupId=1278479653,2026-09-25T19:48:50Z,2026-09-24T17:51:24Z
ercot:HB_HOUSTON,spp_dam,2026-09-26T01:00:00Z,53.33,USD/MWh,PT1H,US-TX,ercot_dam,HB_HOUSTON,ercot:NP4-190-CD,https://www.ercot.com/misdownload/servlets/mirDownload?doclookupId=1278479653,2026-09-25T19:48:50Z,2026-09-24T17:51:24Z
ercot:HB_HOUSTON,spp_dam,2026-09-26T02:00:00Z,45.1,USD/MWh,PT1H,US-TX,ercot_dam,HB_HOUSTON,ercot:NP4-190-CD,https://www.ercot.com/misdownload/servlets/mirDownload?doclookupId=1278479653,2026-09-25T19:48:50Z,2026-09-24T17:51:24Z
ercot:HB_HOUSTON,spp_dam,2026-09-26T03:00:00Z,38.4,USD/MWh,PT1H,US-TX,ercot_dam,HB_HOUSTON,ercot:NP4-190-CD,https://www.ercot.com/misdownload/servlets/mirDownload?doclookupId=1278479653,2026-09-25T19:48:50Z,2026-09-24T17:51:24Z
ercot:HB_HOUSTON,spp_dam,2026-09-26T04:00:00Z,32.63,USD/MWh,PT1H,US-TX,ercot_dam,HB_HOUSTON,ercot:NP4-190-CD,https://www.ercot.com/misdownload/servlets/mirDownload?doclookupId=1278479653,2026-09-25T19:48:50Z,2026-09-24T17:51:24Z
ercot:HB_HOUSTON,spp_dam,2026-09-26T05:00:00Z,31.22,USD/MWh,PT1H,US-TX,ercot_dam,HB_HOUSTON,ercot:NP4-190-CD,https://www.ercot.com/misdownload/servlets/mirDownload?doclookupId=1278881897,2026-09-25T19:48:49Z,2026-09-25T17:41:14Z
ercot:HB_HOUSTON,spp_dam,2026-09-26T06:00:00Z,27.88,USD/MWh,PT1H,US-TX,ercot_dam,HB_HOUSTON,ercot:NP4-190-CD,https://www.ercot.com/misdownload/servlets/mirDownload?doclookupId=1278881897,2026-09-25T19:48:49Z,2026-09-25T17:41:14Z
ercot:HB_HOUSTON,spp_dam,2026-09-26T07:00:00Z,25.92,USD/MWh,PT1H,US-TX,ercot_dam,HB_HOUSTON,ercot:NP4-190-CD,https://www.ercot.com/misdownload/servlets/mirDownload?doclookupId=1278881897,2026-09-25T19:48:49Z,2026-09-25T17:41:14Z
ercot:HB_HOUSTON,spp_dam,2026-09-26T08:00:00Z,25.02,USD/MWh,PT1H,US-TX,ercot_dam,HB_HOUSTON,ercot:NP4-190-CD,https://www.ercot.com/misdownload/servlets/mirDownload?doclookupId=1278881897,2026-09-25T19:48:49Z,2026-09-25T17:41:14Z
ercot:HB_HOUSTON,spp_dam,2026-09-26T09:00:00Z,24.41,USD/MWh,PT1H,US-TX,ercot_dam,HB_HOUSTON,ercot:NP4-190-CD,https://www.ercot.com/misdownload/servlets/mirDownload?doclookupId=1278881897,2026-09-25T19:48:49Z,2026-09-25T17:41:14Z
ercot:HB_HOUSTON,spp_dam,2026-09-26T10:00:00Z,25.5,USD/MWh,PT1H,US-TX,ercot_dam,HB_HOUSTON,ercot:NP4-190-CD,https://www.ercot.com/misdownload/servlets/mirDownload?doclookupId=1278881897,2026-09-25T19:48:49Z,2026-09-25T17:41:14Z
ercot:HB_HOUSTON,spp_dam,2026-09-26T11:00:00Z,27.06,USD/MWh,PT1H,US-TX,ercot_dam,HB_HOUSTON,ercot:NP4-190-CD,https://www.ercot.com/misdownload/servlets/mirDownload?doclookupId=1278881897,2026-09-25T19:48:49Z,2026-09-25T17:41:14Z
ercot:HB_HOUSTON,spp_dam,2026-09-26T12:00:00Z,27.94,USD/MWh,PT1H,US-TX,ercot_dam,HB_HOUSTON,ercot:NP4-190-CD,https://www.ercot.com/misdownload/servlets/mirDownload?doclookupId=1278881897,2026-09-25T19:48:49Z,2026-09-25T17:41:14Z
ercot:HB_HOUSTON,spp_dam,2026-09-26T13:00:00Z,22.86,USD/MWh,PT1H,US-TX,ercot_dam,HB_HOUSTON,ercot:NP4-190-CD,https://www.ercot.com/misdownload/servlets/mirDownload?doclookupId=1278881897,2026-09-25T19:48:49Z,2026-09-25T17:41:14Z
ercot:HB_HOUSTON,spp_dam,2026-09-26T14:00:00Z,20.64,USD/MWh,PT1H,US-TX,ercot_dam,HB_HOUSTON,ercot:NP4-190-CD,https://www.ercot.com/misdownload/servlets/mirDownload?doclookupId=1278881897,2026-09-25T19:48:49Z,2026-09-25T17:41:14Z
ercot:HB_HOUSTON,spp_dam,2026-09-26T15:00:00Z,21.07,USD/MWh,PT1H,US-TX,ercot_dam,HB_HOUSTON,ercot:NP4-190-CD,https://www.ercot.com/misdownload/servlets/mirDownload?doclookupId=1278881897,2026-09-25T19:48:49Z,2026-09-25T17:41:14Z
ercot:HB_HOUSTON,spp_dam,2026-09-26T16:00:00Z,26.16,USD/MWh,PT1H,US-TX,ercot_dam,HB_HOUSTON,ercot:NP4-190-CD,https://www.ercot.com/misdownload/servlets/mirDownload?doclookupId=1278881897,2026-09-25T19:48:49Z,2026-09-25T17:41:14Z
ercot:HB_HOUSTON,spp_dam,2026-09-26T17:00:00Z,29.96,USD/MWh,PT1H,US-TX,ercot_dam,HB_HOUSTON,ercot:NP4-190-CD,https://www.ercot.com/misdownload/servlets/mirDownload?doclookupId=1278881897,2026-09-25T19:48:49Z,2026-09-25T17:41:14Z
ercot:HB_HOUSTON,spp_dam,2026-09-26T18:00:00Z,33.72,USD/MWh,PT1H,US-TX,ercot_dam,HB_HOUSTON,ercot:NP4-190-CD,https://www.ercot.com/misdownload/servlets/mirDownload?doclookupId=1278881897,2026-09-25T19:48:49Z,2026-09-25T17:41:14Z
ercot:HB_HOUSTON,spp_dam,2026-09-26T19:00:00Z,34.41,USD/MWh,PT1H,US-TX,ercot_dam,HB_HOUSTON,ercot:NP4-190-CD,https://www.ercot.com/misdownload/servlets/mirDownload?doclookupId=1278881897,2026-09-25T19:48:49Z,2026-09-25T17:41:14Z
ercot:HB_HOUSTON,spp_dam,2026-09-26T20:00:00Z,38.23,USD/MWh,PT1H,US-TX,ercot_dam,HB_HOUSTON,ercot:NP4-190-CD,https://www.ercot.com/misdownload/servlets/mirDownload?doclookupId=1278881897,2026-09-25T19:48:49Z,2026-09-25T17:41:14Z
ercot:HB_HOUSTON,spp_dam,2026-09-26T21:00:00Z,40.09,USD/MWh,PT1H,US-TX,ercot_dam,HB_HOUSTON,ercot:NP4-190-CD,https://www.ercot.com/misdownload/servlets/mirDownload?doclookupId=1278881897,2026-09-25T19:48:49Z,2026-09-25T17:41:14Z
ercot:HB_HOUSTON,spp_dam,2026-09-26T22:00:00Z,48.71,USD/MWh,PT1H,US-TX,ercot_dam,HB_HOUSTON,ercot:NP4-190-CD,https://www.ercot.com/misdownload/servlets/mirDownload?doclookupId=1278881897,2026-09-25T19:48:49Z,2026-09-25T17:41:14Z
ercot:HB_HOUSTON,spp_dam,2026-09-26T23:00:00Z,62.02,USD/MWh,PT1H,US-TX,ercot_dam,HB_HOUSTON,ercot:NP4-190-CD,https://www.ercot.com/misdownload/servlets/mirDownload?doclookupId=1278881897,2026-09-25T19:48:49Z,2026-09-25T17:41:14Z
ercot:HB_HOUSTON,spp_dam,2026-09-27T00:00:00Z,61.39,USD/MWh,PT1H,US-TX,ercot_dam,HB_HOUSTON,ercot:NP4-190-CD,https://www.ercot.com/misdownload/servlets/mirDownload?doclookupId=1278881897,2026-09-25T19:48:49Z,2026-09-25T17:41:14Z
ercot:HB_HOUSTON,spp_dam,2026-09-27T01:00:00Z,52.29,USD/MWh,PT1H,US-TX,ercot_dam,HB_HOUSTON,ercot:NP4-190-CD,https://www.ercot.com/misdownload/servlets/mirDownload?doclookupId=1278881897,2026-09-25T19:48:49Z,2026-09-25T17:41:14Z
ercot:HB_HOUSTON,spp_dam,2026-09-27T02:00:00Z,44.38,USD/MWh,PT1H,US-TX,ercot_dam,HB_HOUSTON,ercot:NP4-190-CD,https://www.ercot.com/misdownload/servlets/mirDownload?doclookupId=1278881897,2026-09-25T19:48:49Z,2026-09-25T17:41:14Z
ercot:HB_HOUSTON,spp_dam,2026-09-27T03:00:00Z,37.6,USD/MWh,PT1H,US-TX,ercot_dam,HB_HOUSTON,ercot:NP4-190-CD,https://www.ercot.com/misdownload/servlets/mirDownload?doclookupId=1278881897,2026-09-25T19:48:49Z,2026-09-25T17:41:14Z
ercot:HB_HOUSTON,spp_dam,2026-09-27T04:00:00Z,32.8,USD/MWh,PT1H,US-TX,ercot_dam,HB_HOUSTON,ercot:NP4-190-CD,https://www.ercot.com/misdownload/servlets/mirDownload?doclookupId=1278881897,2026-09-25T19:48:49Z,2026-09-25T17:41:14Z
ercot:HB_NORTH,spp_dam,2026-08-26T05:00:00Z,28.07,USD/MWh,PT1H,US-TX,ercot_dam,HB_NORTH,ercot:NP4-190-CD,https://www.ercot.com/misdownload/servlets/mirDownload?doclookupId=1266561949,2026-09-25T06:37:51Z,2026-08-25T17:42:39Z
ercot:HB_NORTH,spp_dam,2026-08-26T06:00:00Z,26.37,USD/MWh,PT1H,US-TX,ercot_dam,HB_NORTH,ercot:NP4-190-CD,https://www.ercot.com/misdownload/servlets/mirDownload?doclookupId=1266561949,2026-09-25T06:37:51Z,2026-08-25T17:42:39Z
ercot:HB_NORTH,spp_dam,2026-08-26T07:00:00Z,26.52,USD/MWh,PT1H,US-TX,ercot_dam,HB_NORTH,ercot:NP4-190-CD,https://www.ercot.com/misdownload/servlets/mirDownload?doclookupId=1266561949,2026-09-25T06:37:51Z,2026-08-25T17:42:39Z
ercot:HB_NORTH,spp_dam,2026-08-26T08:00:00Z,28.52,USD/MWh,PT1H,US-TX,ercot_dam,HB_NORTH,ercot:NP4-190-CD,https://www.ercot.com/misdownload/servlets/mirDownload?doclookupId=1266561949,2026-09-25T06:37:51Z,2026-08-25T17:42:39Z
ercot:HB_NORTH,spp_dam,2026-08-26T09:00:00Z,29.69,USD/MWh,PT1H,US-TX,ercot_dam,HB_NORTH,ercot:NP4-190-CD,https://www.ercot.com/misdownload/servlets/mirDownload?doclookupId=1266561949,2026-09-25T06:37:51Z,2026-08-25T17:42:39Z
ercot:HB_NORTH,spp_dam,2026-08-26T10:00:00Z,32.24,USD/MWh,PT1H,US-TX,ercot_dam,HB_NORTH,ercot:NP4-190-CD,https://www.ercot.com/misdownload/servlets/mirDownload?doclookupId=1266561949,2026-09-25T06:37:51Z,2026-08-25T17:42:39Z
ercot:HB_NORTH,spp_dam,2026-08-26T11:00:00Z,35.1,USD/MWh,PT1H,US-TX,ercot_dam,HB_NORTH,ercot:NP4-190-CD,https://www.ercot.com/misdownload/servlets/mirDownload?doclookupId=1266561949,2026-09-25T06:37:51Z,2026-08-25T17:42:39Z
ercot:HB_NORTH,spp_dam,2026-08-26T12:00:00Z,32.41,USD/MWh,PT1H,US-TX,ercot_dam,HB_NORTH,ercot:NP4-190-CD,https://www.ercot.com/misdownload/servlets/mirDownload?doclookupId=1266561949,2026-09-25T06:37:51Z,2026-08-25T17:42:39Z
ercot:HB_NORTH,spp_dam,2026-08-26T13:00:00Z,26.62,USD/MWh,PT1H,US-TX,ercot_dam,HB_NORTH,ercot:NP4-190-CD,https://www.ercot.com/misdownload/servlets/mirDownload?doclookupId=1266561949,2026-09-25T06:37:51Z,2026-08-25T17:42:39Z
ercot:HB_NORTH,spp_dam,2026-08-26T14:00:00Z,24.82,USD/MWh,PT1H,US-TX,ercot_dam,HB_NORTH,ercot:NP4-190-CD,https://www.ercot.com/misdownload/servlets/mirDownload?doclookupId=1266561949,2026-09-25T06:37:51Z,2026-08-25T17:42:39Z
ercot:HB_NORTH,spp_dam,2026-08-26T15:00:00Z,25.07,USD/MWh,PT1H,US-TX,ercot_dam,HB_NORTH,ercot:NP4-190-CD,https://www.ercot.com/misdownload/servlets/mirDownload?doclookupId=1266561949,2026-09-25T06:37:51Z,2026-08-25T17:42:39Z
ercot:HB_NORTH,spp_dam,2026-08-26T16:00:00Z,28.43,USD/MWh,PT1H,US-TX,ercot_dam,HB_NORTH,ercot:NP4-190-CD,https://www.ercot.com/misdownload/servlets/mirDownload?doclookupId=1266561949,2026-09-25T06:37:51Z,2026-08-25T17:42:39Z
ercot:HB_NORTH,spp_dam,2026-08-26T17:00:00Z,32.65,USD/MWh,PT1H,US-TX,ercot_dam,HB_NORTH,ercot:NP4-190-CD,https://www.ercot.com/misdownload/servlets/mirDownload?doclookupId=1266561949,2026-09-25T06:37:51Z,2026-08-25T17:42:39Z
ercot:HB_NORTH,spp_dam,2026-08-26T18:00:00Z,35.78,USD/MWh,PT1H,US-TX,ercot_dam,HB_NORTH,ercot:NP4-190-CD,https://www.ercot.com/misdownload/servlets/mirDownload?doclookupId=1266561949,2026-09-25T06:37:51Z,2026-08-25T17:42:39Z
ercot:HB_NORTH,spp_dam,2026-08-26T19:00:00Z,43.15,USD/MWh,PT1H,US-TX,ercot_dam,HB_NORTH,ercot:NP4-190-CD,https://www.ercot.com/misdownload/servlets/mirDownload?doclookupId=1266561949,2026-09-25T06:37:51Z,2026-08-25T17:42:39Z
ercot:HB_NORTH,spp_dam,2026-08-26T20:00:00Z,50.0,USD/MWh,PT1H,US-TX,ercot_dam,HB_NORTH,ercot:NP4-190-CD,https://www.ercot.com/misdownload/servlets/mirDownload?doclookupId=1266561949,2026-09-25T06:37:51Z,2026-08-25T17:42:39Z
ercot:HB_NORTH,spp_dam,2026-08-26T21:00:00Z,59.66,USD/MWh,PT1H,US-TX,ercot_dam,HB_NORTH,ercot:NP4-190-CD,https://www.ercot.com/misdownload/servlets/mirDownload?doclookupId=1266561949,2026-09-25T06:37:51Z,2026-08-25T17:42:39Z
ercot:HB_NORTH,spp_dam,2026-08-26T22:00:00Z,66.2,USD/MWh,PT1H,US-TX,ercot_dam,HB_NORTH,ercot:NP4-190-CD,https://www.ercot.com/misdownload/servlets/mirDownload?doclookupId=1266561949,2026-09-25T06:37:51Z,2026-08-25T17:42:39Z
ercot:HB_NORTH,spp_dam,2026-08-26T23:00:00Z,113.39,USD/MWh,PT1H,US-TX,ercot_dam,HB_NORTH,ercot:NP4-190-CD,https://www.ercot.com/misdownload/servlets/mirDownload?doclookupId=1266561949,2026-09-25T06:37:51Z,2026-08-25T17:42:39Z
ercot:HB_NORTH,spp_dam,2026-08-27T00:00:00Z,154.22,USD/MWh,PT1H,US-TX,ercot_dam,HB_NORTH,ercot:NP4-190-CD,https://www.ercot.com/misdownload/servlets/mirDownload?doclookupId=1266561949,2026-09-25T06:37:51Z,2026-08-25T17:42:39Z
ercot:HB_NORTH,spp_dam,2026-08-27T01:00:00Z,136.99,USD/MWh,PT1H,US-TX,ercot_dam,HB_NORTH,ercot:NP4-190-CD,https://www.ercot.com/misdownload/servlets/mirDownload?doclookupId=1266561949,2026-09-25T06:37:51Z,2026-08-25T17:42:39Z
ercot:HB_NORTH,spp_dam,2026-08-27T02:00:00Z,145.18,USD/MWh,PT1H,US-TX,ercot_dam,HB_NORTH,ercot:NP4-190-CD,https://www.ercot.com/misdownload/servlets/mirDownload?doclookupId=1266561949,2026-09-25T06:37:51Z,2026-08-25T17:42:39Z
ercot:HB_NORTH,spp_dam,2026-08-27T03:00:00Z,100.0,USD/MWh,PT1H,US-TX,ercot_dam,HB_NORTH,ercot:NP4-190-CD,https://www.ercot.com/misdownload/servlets/mirDownload?doclookupId=1266561949,2026-09-25T06:37:51Z,2026-08-25T17:42:39Z
ercot:HB_NORTH,spp_dam,2026-08-27T04:00:00Z,60.44,USD/MWh,PT1H,US-TX,ercot_dam,HB_NORTH,ercot:NP4-190-CD,https://www.ercot.com/misdownload/servlets/mirDownload?doclookupId=1266561949,2026-09-25T06:37:51Z,2026-08-25T17:42:39Z
ercot:HB_NORTH,spp_dam,2026-08-27T05:00:00Z,68.1,USD/MWh,PT1H,US-TX,ercot_dam,HB_NORTH,ercot:NP4-190-CD,https://www.ercot.com/misdownload/servlets/mirDownload?doclookupId=1266957722,2026-09-25T06:37:50Z,2026-08-26T17:41:45Z
ercot:HB_NORTH,spp_dam,2026-08-27T06:00:00Z,53.44,USD/MWh,PT1H,US-TX,ercot_dam,HB_NORTH,ercot:NP4-190-CD,https://www.ercot.com/misdownload/servlets/mirDownload?doclookupId=1266957722,2026-09-25T06:37:50Z,2026-08-26T17:41:45Z
ercot:HB_NORTH,spp_dam,2026-08-27T07:00:00Z,48.26,USD/MWh,PT1H,US-TX,ercot_dam,HB_NORTH,ercot:NP4-190-CD,https://www.ercot.com/misdownload/servlets/mirDownload?doclookupId=1266957722,2026-09-25T06:37:50Z,2026-08-26T17:41:45Z
ercot:HB_NORTH,spp_dam,2026-08-27T08:00:00Z,43.7,USD/MWh,PT1H,US-TX,ercot_dam,HB_NORTH,ercot:NP4-190-CD,https://www.ercot.com/misdownload/servlets/mirDownload?doclookupId=1266957722,2026-09-25T06:37:50Z,2026-08-26T17:41:45Z
ercot:HB_NORTH,spp_dam,2026-08-27T09:00:00Z,40.53,USD/MWh,PT1H,US-TX,ercot_dam,HB_NORTH,ercot:NP4-190-CD,https://www.ercot.com/misdownload/servlets/mirDownload?doclookupId=1266957722,2026-09-25T06:37:50Z,2026-08-26T17:41:45Z
ercot:HB_NORTH,spp_dam,2026-08-27T10:00:00Z,41.49,USD/MWh,PT1H,US-TX,ercot_dam,HB_NORTH,ercot:NP4-190-CD,https://www.ercot.com/misdownload/servlets/mirDownload?doclookupId=1266957722,2026-09-25T06:37:50Z,2026-08-26T17:41:45Z
ercot:HB_NORTH,spp_dam,2026-08-27T11:00:00Z,46.78,USD/MWh,PT1H,US-TX,ercot_dam,HB_NORTH,ercot:NP4-190-CD,https://www.ercot.com/misdownload/servlets/mirDownload?doclookupId=1266957722,2026-09-25T06:37:50Z,2026-08-26T17:41:45Z
ercot:HB_NORTH,spp_dam,2026-08-27T12:00:00Z,39.31,USD/MWh,PT1H,US-TX,ercot_dam,HB_NORTH,ercot:NP4-190-CD,https://www.ercot.com/misdownload/servlets/mirDownload?doclookupId=1266957722,2026-09-25T06:37:50Z,2026-08-26T17:41:45Z
ercot:HB_NORTH,spp_dam,2026-08-27T13:00:00Z,27.93,USD/MWh,PT1H,US-TX,ercot_dam,HB_NORTH,ercot:NP4-190-CD,https://www.ercot.com/misdownload/servlets/mirDownload?doclookupId=1266957722,2026-09-25T06:37:50Z,2026-08-26T17:41:45Z
ercot:HB_NORTH,spp_dam,2026-08-27T14:00:00Z,26.4,USD/MWh,PT1H,US-TX,ercot_dam,HB_NORTH,ercot:NP4-190-CD,https://www.ercot.com/misdownload/servlets/mirDownload?doclookupId=1266957722,2026-09-25T06:37:50Z,2026-08-26T17:41:45Z
ercot:HB_NORTH,spp_dam,2026-08-27T15:00:00Z,27.16,USD/MWh,PT1H,US-TX,ercot_dam,HB_NORTH,ercot:NP4-190-CD,https://www.ercot.com/misdownload/servlets/mirDownload?doclookupId=1266957722,2026-09-25T06:37:50Z,2026-08-26T17:41:45Z
ercot:HB_NORTH,spp_dam,2026-08-27T16:00:00Z,27.93,USD/MWh,PT1H,US-TX,ercot_dam,HB_NORTH,ercot:NP4-190-CD,https://www.ercot.com/misdownload/servlets/mirDownload?doclookupId=1266957722,2026-09-25T06:37:50Z,2026-08-26T17:41:45Z
ercot:HB_NORTH,spp_dam,2026-08-27T17:00:00Z,32.91,USD/MWh,PT1H,US-TX,ercot_dam,HB_NORTH,ercot:NP4-190-CD,https://www.ercot.com/misdownload/servlets/mirDownload?doclookupId=1266957722,2026-09-25T06:37:50Z,2026-08-26T17:41:45Z
ercot:HB_NORTH,spp_dam,2026-08-27T18:00:00Z,34.58,USD/MWh,PT1H,US-TX,ercot_dam,HB_NORTH,ercot:NP4-190-CD,https://www.ercot.com/misdownload/servlets/mirDownload?doclookupId=1266957722,2026-09-25T06:37:50Z,2026-08-26T17:41:45Z
ercot:HB_NORTH,spp_dam,2026-08-27T19:00:00Z,39.97,USD/MWh,PT1H,US-TX,ercot_dam,HB_NORTH,ercot:NP4-190-CD,https://www.ercot.com/misdownload/servlets/mirDownload?doclookupId=1266957722,2026-09-25T06:37:50Z,2026-08-26T17:41:45Z
ercot:HB_NORTH,spp_dam,2026-08-27T20:00:00Z,41.04,USD/MWh,PT1H,US-TX,ercot_dam,HB_NORTH,ercot:NP4-190-CD,https://www.ercot.com/misdownload/servlets/mirDownload?doclookupId=1266957722,2026-09-25T06:37:50Z,2026-08-26T17:41:45Z
ercot:HB_NORTH,spp_dam,2026-08-27T21:00:00Z,49.72,USD/MWh,PT1H,US-TX,ercot_dam,HB_NORTH,ercot:NP4-190-CD,https://www.ercot.com/misdownload/servlets/mirDownload?doclookupId=1266957722,2026-09-25T06:37:50Z,2026-08-26T17:41:45Z
ercot:HB_NORTH,spp_dam,2026-08-27T22:00:00Z,59.83,USD/MWh,PT1H,US-TX,ercot_dam,HB_NORTH,ercot:NP4-190-CD,https://www.ercot.com/misdownload/servlets/mirDownload?doclookupId=1266957722,2026-09-25T06:37:50Z,2026-08-26T17:41:45Z
ercot:HB_NORTH,spp_dam,2026-08-27T23:00:00Z,90.52,USD/MWh,PT1H,US-TX,ercot_dam,HB_NORTH,ercot:NP4-190-CD,https://www.ercot.com/misdownload/servlets/mirDownload?doclookupId=1266957722,2026-09-25T06:37:50Z,2026-08-26T17:41:45Z
ercot:HB_NORTH,spp_dam,2026-08-28T00:00:00Z,101.81,USD/MWh,PT1H,US-TX,ercot_dam,HB_NORTH,ercot:NP4-190-CD,https://www.ercot.com/misdownload/servlets/mirDownload?doclookupId=1266957722,2026-09-25T06:37:50Z,2026-08-26T17:41:45Z
ercot:HB_NORTH,spp_dam,2026-08-28T01:00:00Z,107.3,USD/MWh,PT1H,US-TX,ercot_dam,HB_NORTH,ercot:NP4-190-CD,https://www.ercot.com/misdownload/servlets/mirDownload?doclookupId=1266957722,2026-09-25T06:37:50Z,2026-08-26T17:41:45Z
ercot:HB_NORTH,spp_dam,2026-08-28T02:00:00Z,101.8,USD/MWh,PT1H,US-TX,ercot_dam,HB_NORTH,ercot:NP4-190-CD,https://www.ercot.com/misdownload/servlets/mirDownload?doclookupId=1266957722,2026-09-25T06:37:50Z,2026-08-26T17:41:45Z
ercot:HB_NORTH,spp_dam,2026-08-28T03:00:00Z,81.06,USD/MWh,PT1H,US-TX,ercot_dam,HB_NORTH,ercot:NP4-190-CD,https://www.ercot.com/misdownload/servlets/mirDownload?doclookupId=1266957722,2026-09-25T06:37:50Z,2026-08-26T17:41:45Z
ercot:HB_NORTH,spp_dam,2026-08-28T04:00:00Z,50.24,USD/MWh,PT1H,US-TX,ercot_dam,HB_NORTH,ercot:NP4-190-CD,https://www.ercot.com/misdownload/servlets/mirDownload?doclookupId=1266957722,2026-09-25T06:37:50Z,2026-08-26T17:41:45Z
ercot:HB_NORTH,spp_dam,2026-08-28T05:00:00Z,43.74,USD/MWh,PT1H,US-TX,ercot_dam,HB_NORTH,ercot:NP4-190-CD,https://www.ercot.com/misdownload/servlets/mirDownload?doclookupId=1267361150,2026-09-25T06:37:48Z,2026-08-27T18:20:13Z
ercot:HB_NORTH,spp_dam,2026-08-28T06:00:00Z,38.55,USD/MWh,PT1H,US-TX,ercot_dam,HB_NORTH,ercot:NP4-190-CD,https://www.ercot.com/misdownload/servlets/mirDownload?doclookupId=1267361150,2026-09-25T06:37:48Z,2026-08-27T18:20:13Z
ercot:HB_NORTH,spp_dam,2026-08-28T07:00:00Z,34.7,USD/MWh,PT1H,US-TX,ercot_dam,HB_NORTH,ercot:NP4-190-CD,https://www.ercot.com/misdownload/servlets/mirDownload?doclookupId=1267361150,2026-09-25T06:37:48Z,2026-08-27T18:20:13Z
ercot:HB_NORTH,spp_dam,2026-08-28T08:00:00Z,31.54,USD/MWh,PT1H,US-TX,ercot_dam,HB_NORTH,ercot:NP4-190-CD,https://www.ercot.com/misdownload/servlets/mirDownload?doclookupId=1267361150,2026-09-25T06:37:48Z,2026-08-27T18:20:13Z
ercot:HB_NORTH,spp_dam,2026-08-28T09:00:00Z,32.46,USD/MWh,PT1H,US-TX,ercot_dam,HB_NORTH,ercot:NP4-190-CD,https://www.ercot.com/misdownload/servlets/mirDownload?doclookupId=1267361150,2026-09-25T06:37:48Z,2026-08-27T18:20:13Z
ercot:HB_NORTH,spp_dam,2026-08-28T10:00:00Z,33.72,USD/MWh,PT1H,US-TX,ercot_dam,HB_NORTH,ercot:NP4-190-CD,https://www.ercot.com/misdownload/servlets/mirDownload?doclookupId=1267361150,2026-09-25T06:37:48Z,2026-08-27T18:20:13Z
ercot:HB_NORTH,spp_dam,2026-08-28T11:00:00Z,37.3,USD/MWh,PT1H,US-TX,ercot_dam,HB_NORTH,ercot:NP4-190-CD,https://www.ercot.com/misdownload/servlets/mirDownload?doclookupId=1267361150,2026-09-25T06:37:48Z,2026-08-27T18:20:13Z
ercot:HB_NORTH,spp_dam,2026-08-28T12:00:00Z,31.9,USD/MWh,PT1H,US-TX,ercot_dam,HB_NORTH,ercot:NP4-190-CD,https://www.ercot.com/misdownload/servlets/mirDownload?doclookupId=1267361150,2026-09-25T06:37:48Z,2026-08-27T18:20:13Z
ercot:HB_NORTH,spp_dam,2026-08-28T13:00:00Z,23.09,USD/MWh,PT1H,US-TX,ercot_dam,HB_NORTH,ercot:NP4-190-CD,https://www.ercot.com/misdownload/servlets/mirDownload?doclookupId=1267361150,2026-09-25T06:37:48Z,2026-08-27T18:20:13Z
ercot:HB_NORTH,spp_dam,2026-08-28T14:00:00Z,21.0,USD/MWh,PT1H,US-TX,ercot_dam,HB_NORTH,ercot:NP4-190-CD,https://www.ercot.com/misdownload/servlets/mirDownload?doclookupId=1267361150,2026-09-25T06:37:48Z,2026-08-27T18:20:13Z
ercot:HB_NORTH,spp_dam,2026-08-28T15:00:00Z,21.63,USD/MWh,PT1H,US-TX,ercot_dam,HB_NORTH,ercot:NP4-190-CD,https://www.ercot.com/misdownload/servlets/mirDownload?doclookupId=1267361150,2026-09-25T06:37:48Z,2026-08-27T18:20:13Z
ercot:HB_NORTH,spp_dam,2026-08-28T16:00:00Z,23.02,USD/MWh,PT1H,US-TX,ercot_dam,HB_NORTH,ercot:NP4-190-CD,https://www.ercot.com/misdownload/servlets/mirDownload?doclookupId=1267361150,2026-09-25T06:37:48Z,2026-08-27T18:20:13Z
ercot:HB_NORTH,spp_dam,2026-08-28T17:00:00Z,28.02,USD/MWh,PT1H,US-TX,ercot_dam,HB_NORTH,ercot:NP4-190-CD,https://www.ercot.com/misdownload/servlets/mirDownload?doclookupId=1267361150,2026-09-25T06:37:48Z,2026-08-27T18:20:13Z
ercot:HB_NORTH,spp_dam,2026-08-28T18:00:00Z,33.23,USD/MWh,PT1H,US-TX,ercot_dam,HB_NORTH,ercot:NP4-190-CD,https://www.ercot.com/misdownload/servlets/mirDownload?doclookupId=1267361150,2026-09-25T06:37:48Z,2026-08-27T18:20:13Z
ercot:HB_NORTH,spp_dam,2026-08-28T19:00:00Z,36.39,USD/MWh,PT1H,US-TX,ercot_dam,HB_NORTH,ercot:NP4-190-CD,https://www.ercot.com/misdownload/servlets/mirDownload?doclookupId=1267361150,2026-09-25T06:37:48Z,2026-08-27T18:20:13Z
ercot:HB_NORTH,spp_dam,2026-08-28T20:00:00Z,37.61,USD/MWh,PT1H,US-TX,ercot_dam,HB_NORTH,ercot:NP4-190-CD,https://www.ercot.com/misdownload/servlets/mirDownload?doclookupId=1267361150,2026-09-25T06:37:48Z,2026-08-27T18:20:13Z
ercot:HB_NORTH,spp_dam,2026-08-28T21:00:00Z,39.72,USD/MWh,PT1H,US-TX,ercot_dam,HB_NORTH,ercot:NP4-190-CD,https://www.ercot.com/misdownload/servlets/mirDownload?doclookupId=1267361150,2026-09-25T06:37:48Z,2026-08-27T18:20:13Z
ercot:HB_NORTH,spp_dam,2026-08-28T22:00:00Z,46.42,USD/MWh,PT1H,US-TX,ercot_dam,HB_NORTH,ercot:NP4-190-CD,https://www.ercot.com/misdownload/servlets/mirDownload?doclookupId=1267361150,2026-09-25T06:37:48Z,2026-08-27T18:20:13Z
ercot:HB_NORTH,spp_dam,2026-08-28T23:00:00Z,75.06,USD/MWh,PT1H,US-TX,ercot_dam,HB_NORTH,ercot:NP4-190-CD,https://www.ercot.com/misdownload/servlets/mirDownload?doclookupId=1267361150,2026-09-25T06:37:48Z,2026-08-27T18:20:13Z
ercot:HB_NORTH,spp_dam,2026-08-29T00:00:00Z,85.01,USD/MWh,PT1H,US-TX,ercot_dam,HB_NORTH,ercot:NP4-190-CD,https://www.ercot.com/misdownload/servlets/mirDownload?doclookupId=1267361150,2026-09-25T06:37:48Z,2026-08-27T18:20:13Z
ercot:HB_NORTH,spp_dam,2026-08-29T01:00:00Z,73.51,USD/MWh,PT1H,US-TX,ercot_dam,HB_NORTH,ercot:NP4-190-CD,https://www.ercot.com/misdownload/servlets/mirDownload?doclookupId=1267361150,2026-09-25T06:37:48Z,2026-08-27T18:20:13Z
ercot:HB_NORTH,spp_dam,2026-08-29T02:00:00Z,58.96,USD/MWh,PT1H,US-TX,ercot_dam,HB_NORTH,ercot:NP4-190-CD,https://www.ercot.com/misdownload/servlets/mirDownload?doclookupId=1267361150,2026-09-25T06:37:48Z,2026-08-27T18:20:13Z
ercot:HB_NORTH,spp_dam,2026-08-29T03:00:00Z,42.36,USD/MWh,PT1H,US-TX,ercot_dam,HB_NORTH,ercot:NP4-190-CD,https://www.ercot.com/misdownload/servlets/mirDownload?doclookupId=1267361150,2026-09-25T06:37:48Z,2026-08-27T18:20:13Z
ercot:HB_NORTH,spp_dam,2026-08-29T04:00:00Z,32.75,USD/MWh,PT1H,US-TX,ercot_dam,HB_NORTH,ercot:NP4-190-CD,https://www.ercot.com/misdownload/servlets/mirDownload?doclookupId=1267361150,2026-09-25T06:37:48Z,2026-08-27T18:20:13Z
ercot:HB_NORTH,spp_dam,2026-08-29T05:00:00Z,32.29,USD/MWh,PT1H,US-TX,ercot_dam,HB_NORTH,ercot:NP4-190-CD,https://www.ercot.com/misdownload/servlets/mirDownload?doclookupId=1267748284,2026-09-25T06:37:47Z,2026-08-28T17:33:57Z
ercot:HB_NORTH,spp_dam,2026-08-29T06:00:00Z,28.81,USD/MWh,PT1H,US-TX,ercot_dam,HB_NORTH,ercot:NP4-190-CD,https://www.ercot.com/misdownload/servlets/mirDownload?doclookupId=1267748284,2026-09-25T06:37:47Z,2026-08-28T17:33:57Z
ercot:HB_NORTH,spp_dam,2026-08-29T07:00:00Z,26.8,USD/MWh,PT1H,US-TX,ercot_dam,HB_NORTH,ercot:NP4-190-CD,https://www.ercot.com/misdownload/servlets/mirDownload?doclookupId=1267748284,2026-09-25T06:37:47Z,2026-08-28T17:33:57Z
ercot:HB_NORTH,spp_dam,2026-08-29T08:00:00Z,25.18,USD/MWh,PT1H,US-TX,ercot_dam,HB_NORTH,ercot:NP4-190-CD,https://www.ercot.com/misdownload/servlets/mirDownload?doclookupId=1267748284,2026-09-25T06:37:47Z,2026-08-28T17:33:57Z
ercot:HB_NORTH,spp_dam,2026-08-29T09:00:00Z,23.55,USD/MWh,PT1H,US-TX,ercot_dam,HB_NORTH,ercot:NP4-190-CD,https://www.ercot.com/misdownload/servlets/mirDownload?doclookupId=1267748284,2026-09-25T06:37:47Z,2026-08-28T17:33:57Z
ercot:HB_NORTH,spp_dam,2026-08-29T10:00:00Z,23.63,USD/MWh,PT1H,US-TX,ercot_dam,HB_NORTH,ercot:NP4-190-CD,https://www.ercot.com/misdownload/servlets/mirDownload?doclookupId=1267748284,2026-09-25T06:37:47Z,2026-08-28T17:33:57Z
ercot:HB_NORTH,spp_dam,2026-08-29T11:00:00Z,23.0,USD/MWh,PT1H,US-TX,ercot_dam,HB_NORTH,ercot:NP4-190-CD,https://www.ercot.com/misdownload/servlets/mirDownload?doclookupId=1267748284,2026-09-25T06:37:47Z,2026-08-28T17:33:57Z
ercot:HB_NORTH,spp_dam,2026-08-29T12:00:00Z,22.02,USD/MWh,PT1H,US-TX,ercot_dam,HB_NORTH,ercot:NP4-190-CD,https://www.ercot.com/misdownload/servlets/mirDownload?doclookupId=1267748284,2026-09-25T06:37:47Z,2026-08-28T17:33:57Z
ercot:HB_NORTH,spp_dam,2026-08-29T13:00:00Z,17.16,USD/MWh,PT1H,US-TX,ercot_dam,HB_NORTH,ercot:NP4-190-CD,https://www.ercot.com/misdownload/servlets/mirDownload?doclookupId=1267748284,2026-09-25T06:37:47Z,2026-08-28T17:33:57Z
ercot:HB_NORTH,spp_dam,2026-08-29T14:00:00Z,15.83,USD/MWh,PT1H,US-TX,ercot_dam,HB_NORTH,ercot:NP4-190-CD,https://www.ercot.com/misdownload/servlets/mirDownload?doclookupId=1267748284,2026-09-25T06:37:47Z,2026-08-28T17:33:57Z
ercot:HB_NORTH,spp_dam,2026-08-29T15:00:00Z,16.03,USD/MWh,PT1H,US-TX,ercot_dam,HB_NORTH,ercot:NP4-190-CD,https://www.ercot.com/misdownload/servlets/mirDownload?doclookupId=1267748284,2026-09-25T06:37:47Z,2026-08-28T17:33:57Z
ercot:HB_NORTH,spp_dam,2026-08-29T16:00:00Z,16.95,USD/MWh,PT1H,US-TX,ercot_dam,HB_NORTH,ercot:NP4-190-CD,https://www.ercot.com/misdownload/servlets/mirDownload?doclookupId=1267748284,2026-09-25T06:37:47Z,2026-08-28T17:33:57Z
ercot:HB_NORTH,spp_dam,2026-08-29T17:00:00Z,20.67,USD/MWh,PT1H,US-TX,ercot_dam,HB_NORTH,ercot:NP4-190-CD,https://www.ercot.com/misdownload/servlets/mirDownload?doclookupId=1267748284,2026-09-25T06:37:47Z,2026-08-28T17:33:57Z
ercot:HB_NORTH,spp_dam,2026-08-29T18:00:00Z,25.27,USD/MWh,PT1H,US-TX,ercot_dam,HB_NORTH,ercot:NP4-190-CD,https://www.ercot.com/misdownload/servlets/mirDownload?doclookupId=1267748284,2026-09-25T06:37:47Z,2026-08-28T17:33:57Z
ercot:HB_NORTH,spp_dam,2026-08-29T19:00:00Z,28.02,USD/MWh,PT1H,US-TX,ercot_dam,HB_NORTH,ercot:NP4-190-CD,https://www.ercot.com/misdownload/servlets/mirDownload?doclookupId=1267748284,2026-09-25T06:37:47Z,2026-08-28T17:33:57Z
ercot:HB_NORTH,spp_dam,2026-08-29T20:00:00Z,31.18,USD/MWh,PT1H,US-TX,ercot_dam,HB_NORTH,ercot:NP4-190-CD,https://www.ercot.com/misdownload/servlets/mirDownload?doclookupId=1267748284,2026-09-25T06:37:47Z,2026-08-28T17:33:57Z
ercot:HB_NORTH,spp_dam,2026-08-29T21:00:00Z,32.18,USD/MWh,PT1H,US-TX,ercot_dam,HB_NORTH,ercot:NP4-190-CD,https://www.ercot.com/misdownload/servlets/mirDownload?doclookupId=1267748284,2026-09-25T06:37:47Z,2026-08-28T17:33:57Z
ercot:HB_NORTH,spp_dam,2026-08-29T22:00:00Z,36.15,USD/MWh,PT1H,US-TX,ercot_dam,HB_NORTH,ercot:NP4-190-CD,https://www.ercot.com/misdownload/servlets/mirDownload?doclookupId=1267748284,2026-09-25T06:37:47Z,2026-08-28T17:33:57Z
ercot:HB_NORTH,spp_dam,2026-08-29T23:00:00Z,54.6,USD/MWh,PT1H,US-TX,ercot_dam,HB_NORTH,ercot:NP4-190-CD,https://www.ercot.com/misdownload/servlets/mirDownload?doclookupId=1267748284,2026-09-25T06:37:47Z,2026-08-28T17:33:57Z
ercot:HB_NORTH,spp_dam,2026-08-30T00:00:00Z,66.42,USD/MWh,PT1H,US-TX,ercot_dam,HB_NORTH,ercot:NP4-190-CD,https://www.ercot.com/misdownload/servlets/mirDownload?doclookupId=1267748284,2026-09-25T06:37:47Z,2026-08-28T17:33:57Z
ercot:HB_NORTH,spp_dam,2026-08-30T01:00:00Z,58.02,USD/MWh,PT1H,US-TX,ercot_dam,HB_NORTH,ercot:NP4-190-CD,https://www.ercot.com/misdownload/servlets/mirDownload?doclookupId=1267748284,2026-09-25T06:37:47Z,2026-08-28T17:33:57Z
ercot:HB_NORTH,spp_dam,2026-08-30T02:00:00Z,49.37,USD/MWh,PT1H,US-TX,ercot_dam,HB_NORTH,ercot:NP4-190-CD,https://www.ercot.com/misdownload/servlets/mirDownload?doclookupId=1267748284,2026-09-25T06:37:47Z,2026-08-28T17:33:57Z
ercot:HB_NORTH,spp_dam,2026-08-30T03:00:00Z,35.0,USD/MWh,PT1H,US-TX,ercot_dam,HB_NORTH,ercot:NP4-190-CD,https://www.ercot.com/misdownload/servlets/mirDownload?doclookupId=1267748284,2026-09-25T06:37:47Z,2026-08-28T17:33:57Z
ercot:HB_NORTH,spp_dam,2026-08-30T04:00:00Z,28.45,USD/MWh,PT1H,US-TX,ercot_dam,HB_NORTH,ercot:NP4-190-CD,https://www.ercot.com/misdownload/servlets/mirDownload?doclookupId=1267748284,2026-09-25T06:37:47Z,2026-08-28T17:33:57Z
ercot:HB_NORTH,spp_dam,2026-08-30T05:00:00Z,23.11,USD/MWh,PT1H,US-TX,ercot_dam,HB_NORTH,ercot:NP4-190-CD,https://www.ercot.com/misdownload/servlets/mirDownload?doclookupId=1268138600,2026-09-25T06:37:46Z,2026-08-29T17:52:11Z
ercot:HB_NORTH,spp_dam,2026-08-30T06:00:00Z,21.72,USD/MWh,PT1H,US-TX,ercot_dam,HB_NORTH,ercot:NP4-190-CD,https://www.ercot.com/misdownload/servlets/mirDownload?doclookupId=1268138600,2026-09-25T06:37:46Z,2026-08-29T17:52:11Z
ercot:HB_NORTH,spp_dam,2026-08-30T07:00:00Z,21.02,USD/MWh,PT1H,US-TX,ercot_dam,HB_NORTH,ercot:NP4-190-CD,https://www.ercot.com/misdownload/servlets/mirDownload?doclookupId=1268138600,2026-09-25T06:37:46Z,2026-08-29T17:52:11Z
ercot:HB_NORTH,spp_dam,2026-08-30T08:00:00Z,19.95,USD/MWh,PT1H,US-TX,ercot_dam,HB_NORTH,ercot:NP4-190-CD,https://www.ercot.com/misdownload/servlets/mirDownload?doclookupId=1268138600,2026-09-25T06:37:46Z,2026-08-29T17:52:11Z
ercot:HB_NORTH,spp_dam,2026-08-30T09:00:00Z,19.62,USD/MWh,PT1H,US-TX,ercot_dam,HB_NORTH,ercot:NP4-190-CD,https://www.ercot.com/misdownload/servlets/mirDownload?doclookupId=1268138600,2026-09-25T06:37:46Z,2026-08-29T17:52:11Z
ercot:HB_NORTH,spp_dam,2026-08-30T10:00:00Z,19.57,USD/MWh,PT1H,US-TX,ercot_dam,HB_NORTH,ercot:NP4-190-CD,https://www.ercot.com/misdownload/servlets/mirDownload?doclookupId=1268138600,2026-09-25T06:37:46Z,2026-08-29T17:52:11Z
ercot:HB_NORTH,spp_dam,2026-08-30T11:00:00Z,19.2,USD/MWh,PT1H,US-TX,ercot_dam,HB_NORTH,ercot:NP4-190-CD,https://www.ercot.com/misdownload/servlets/mirDownload?doclookupId=1268138600,2026-09-25T06:37:46Z,2026-08-29T17:52:11Z
ercot:HB_NORTH,spp_dam,2026-08-30T12:00:00Z,18.36,USD/MWh,PT1H,US-TX,ercot_dam,HB_NORTH,ercot:NP4-190-CD,https://www.ercot.com/misdownload/servlets/mirDownload?doclookupId=1268138600,2026-09-25T06:37:46Z,2026-08-29T17:52:11Z
ercot:HB_NORTH,spp_dam,2026-08-30T13:00:00Z,14.22,USD/MWh,PT1H,US-TX,ercot_dam,HB_NORTH,ercot:NP4-190-CD,https://www.ercot.com/misdownload/servlets/mirDownload?doclookupId=1268138600,2026-09-25T06:37:46Z,2026-08-29T17:52:11Z
ercot:HB_NORTH,spp_dam,2026-08-30T14:00:00Z,10.46,USD/MWh,PT1H,US-TX,ercot_dam,HB_NORTH,ercot:NP4-190-CD,https://www.ercot.com/misdownload/servlets/mirDownload?doclookupId=1268138600,2026-09-25T06:37:46Z,2026-08-29T17:52:11Z
ercot:HB_NORTH,spp_dam,2026-08-30T15:00:00Z,12.0,USD/MWh,PT1H,US-TX,ercot_dam,HB_NORTH,ercot:NP4-190-CD,https://www.ercot.com/misdownload/servlets/mirDownload?doclookupId=1268138600,2026-09-25T06:37:46Z,2026-08-29T17:52:11Z
ercot:HB_NORTH,spp_dam,2026-08-30T16:00:00Z,14.91,USD/MWh,PT1H,US-TX,ercot_dam,HB_NORTH,ercot:NP4-190-CD,https://www.ercot.com/misdownload/servlets/mirDownload?doclookupId=1268138600,2026-09-25T06:37:46Z,2026-08-29T17:52:11Z
ercot:HB_NORTH,spp_dam,2026-08-30T17:00:00Z,16.92,USD/MWh,PT1H,US-TX,ercot_dam,HB_NORTH,ercot:NP4-190-CD,https://www.ercot.com/misdownload/servlets/mirDownload?doclookupId=1268138600,2026-09-25T06:37:46Z,2026-08-29T17:52:11Z
ercot:HB_NORTH,spp_dam,2026-08-30T18:00:00Z,21.19,USD/MWh,PT1H,US-TX,ercot_dam,HB_NORTH,ercot:NP4-190-CD,https://www.ercot.com/misdownload/servlets/mirDownload?doclookupId=1268138600,2026-09-25T06:37:46Z,2026-08-29T17:52:11Z
ercot:HB_NORTH,spp_dam,2026-08-30T19:00:00Z,25.69,USD/MWh,PT1H,US-TX,ercot_dam,HB_NORTH,ercot:NP4-190-CD,https://www.ercot.com/misdownload/servlets/mirDownload?doclookupId=1268138600,2026-09-25T06:37:46Z,2026-08-29T17:52:11Z
ercot:HB_NORTH,spp_dam,2026-08-30T20:00:00Z,28.49,USD/MWh,PT1H,US-TX,ercot_dam,HB_NORTH,ercot:NP4-190-CD,https://www.ercot.com/misdownload/servlets/mirDownload?doclookupId=1268138600,2026-09-25T06:37:46Z,2026-08-29T17:52:11Z
ercot:HB_NORTH,spp_dam,2026-08-30T21:00:00Z,30.35,USD/MWh,PT1H,US-TX,ercot_dam,HB_NORTH,ercot:NP4-190-CD,https://www.ercot.com/misdownload/servlets/mirDownload?doclookupId=1268138600,2026-09-25T06:37:46Z,2026-08-29T17:52:11Z
ercot:HB_NORTH,spp_dam,2026-08-30T22:00:00Z,32.22,USD/MWh,PT1H,US-TX,ercot_dam,HB_NORTH,ercot:NP4-190-CD,https://www.ercot.com/misdownload/servlets/mirDownload?doclookupId=1268138600,2026-09-25T06:37:46Z,2026-08-29T17:52:11Z
ercot:HB_NORTH,spp_dam,2026-08-30T23:00:00Z,45.23,USD/MWh,PT1H,US-TX,ercot_dam,HB_NORTH,ercot:NP4-190-CD,https://www.ercot.com/misdownload/servlets/mirDownload?doclookupId=1268138600,2026-09-25T06:37:46Z,2026-08-29T17:52:11Z
ercot:HB_NORTH,spp_dam,2026-08-31T00:00:00Z,58.76,USD/MWh,PT1H,US-TX,ercot_dam,HB_NORTH,ercot:NP4-190-CD,https://www.ercot.com/misdownload/servlets/mirDownload?doclookupId=1268138600,2026-09-25T06:37:46Z,2026-08-29T17:52:11Z
ercot:HB_NORTH,spp_dam,2026-08-31T01:00:00Z,50.81,USD/MWh,PT1H,US-TX,ercot_dam,HB_NORTH,ercot:NP4-190-CD,https://www.ercot.com/misdownload/servlets/mirDownload?doclookupId=1268138600,2026-09-25T06:37:46Z,2026-08-29T17:52:11Z
ercot:HB_NORTH,spp_dam,2026-08-31T02:00:00Z,43.3,USD/MWh,PT1H,US-TX,ercot_dam,HB_NORTH,ercot:NP4-190-CD,https://www.ercot.com/misdownload/servlets/mirDownload?doclookupId=1268138600,2026-09-25T06:37:46Z,2026-08-29T17:52:11Z
ercot:HB_NORTH,spp_dam,2026-08-31T03:00:00Z,35.03,USD/MWh,PT1H,US-TX,ercot_dam,HB_NORTH,ercot:NP4-190-CD,https://www.ercot.com/misdownload/servlets/mirDownload?doclookupId=1268138600,2026-09-25T06:37:46Z,2026-08-29T17:52:11Z
ercot:HB_NORTH,spp_dam,2026-08-31T04:00:00Z,24.43,USD/MWh,PT1H,US-TX,ercot_dam,HB_NORTH,ercot:NP4-190-CD,https://www.ercot.com/misdownload/servlets/mirDownload?doclookupId=1268138600,2026-09-25T06:37:46Z,2026-08-29T17:52:11Z
ercot:HB_NORTH,spp_dam,2026-08-31T05:00:00Z,23.71,USD/MWh,PT1H,US-TX,ercot_dam,HB_NORTH,ercot:NP4-190-CD,https://www.ercot.com/misdownload/servlets/mirDownload?doclookupId=1268525450,2026-09-25T06:37:45Z,2026-08-30T18:00:59Z
ercot:HB_NORTH,spp_dam,2026-08-31T06:00:00Z,21.77,USD/MWh,PT1H,US-TX,ercot_dam,HB_NORTH,ercot:NP4-190-CD,https://www.ercot.com/misdownload/servlets/mirDownload?doclookupId=1268525450,2026-09-25T06:37:45Z,2026-08-30T18:00:59Z
ercot:HB_NORTH,spp_dam,2026-08-31T07:00:00Z,21.37,USD/MWh,PT1H,US-TX,ercot_dam,HB_NORTH,ercot:NP4-190-CD,https://www.ercot.com/misdownload/servlets/mirDownload?doclookupId=1268525450,2026-09-25T06:37:45Z,2026-08-30T18:00:59Z
ercot:HB_NORTH,spp_dam,2026-08-31T08:00:00Z,20.93,USD/MWh,PT1H,US-TX,ercot_dam,HB_NORTH,ercot:NP4-190-CD,https://www.ercot.com/misdownload/servlets/mirDownload?doclookupId=1268525450,2026-09-25T06:37:45Z,2026-08-30T18:00:59Z
ercot:HB_NORTH,spp_dam,2026-08-31T09:00:00Z,21.16,USD/MWh,PT1H,US-TX,ercot_dam,HB_NORTH,ercot:NP4-190-CD,https://www.ercot.com/misdownload/servlets/mirDownload?doclookupId=1268525450,2026-09-25T06:37:45Z,2026-08-30T18:00:59Z
ercot:HB_NORTH,spp_dam,2026-08-31T10:00:00Z,22.86,USD/MWh,PT1H,US-TX,ercot_dam,HB_NORTH,ercot:NP4-190-CD,https://www.ercot.com/misdownload/servlets/mirDownload?doclookupId=1268525450,2026-09-25T06:37:45Z,2026-08-30T18:00:59Z
ercot:HB_NORTH,spp_dam,2026-08-31T11:00:00Z,24.39,USD/MWh,PT1H,US-TX,ercot_dam,HB_NORTH,ercot:NP4-190-CD,https://www.ercot.com/misdownload/servlets/mirDownload?doclookupId=1268525450,2026-09-25T06:37:45Z,2026-08-30T18:00:59Z
ercot:HB_NORTH,spp_dam,2026-08-31T12:00:00Z,24.03,USD/MWh,PT1H,US-TX,ercot_dam,HB_NORTH,ercot:NP4-190-CD,https://www.ercot.com/misdownload/servlets/mirDownload?doclookupId=1268525450,2026-09-25T06:37:45Z,2026-08-30T18:00:59Z
ercot:HB_NORTH,spp_dam,2026-08-31T13:00:00Z,18.12,USD/MWh,PT1H,US-TX,ercot_dam,HB_NORTH,ercot:NP4-190-CD,https://www.ercot.com/misdownload/servlets/mirDownload?doclookupId=1268525450,2026-09-25T06:37:45Z,2026-08-30T18:00:59Z
ercot:HB_NORTH,spp_dam,2026-08-31T14:00:00Z,14.3,USD/MWh,PT1H,US-TX,ercot_dam,HB_NORTH,ercot:NP4-190-CD,https://www.ercot.com/misdownload/servlets/mirDownload?doclookupId=1268525450,2026-09-25T06:37:45Z,2026-08-30T18:00:59Z
ercot:HB_NORTH,spp_dam,2026-08-31T15:00:00Z,14.77,USD/MWh,PT1H,US-TX,ercot_dam,HB_NORTH,ercot:NP4-190-CD,https://www.ercot.com/misdownload/servlets/mirDownload?doclookupId=1268525450,2026-09-25T06:37:45Z,2026-08-30T18:00:59Z
ercot:HB_NORTH,spp_dam,2026-08-31T16:00:00Z,18.7,USD/MWh,PT1H,US-TX,ercot_dam,HB_NORTH,ercot:NP4-190-CD,https://www.ercot.com/misdownload/servlets/mirDownload?doclookupId=1268525450,2026-09-25T06:37:45Z,2026-08-30T18:00:59Z
ercot:HB_NORTH,spp_dam,2026-08-31T17:00:00Z,23.75,USD/MWh,PT1H,US-TX,ercot_dam,HB_NORTH,ercot:NP4-190-CD,https://www.ercot.com/misdownload/servlets/mirDownload?doclookupId=1268525450,2026-09-25T06:37:45Z,2026-08-30T18:00:59Z
ercot:HB_NORTH,spp_dam,2026-08-31T18:00:00Z,30.44,USD/MWh,PT1H,US-TX,ercot_dam,HB_NORTH,ercot:NP4-190-CD,https://www.ercot.com/misdownload/servlets/mirDownload?doclookupId=1268525450,2026-09-25T06:37:45Z,2026-08-30T18:00:59Z
ercot:HB_NORTH,spp_dam,2026-08-31T19:00:00Z,32.92,USD/MWh,PT1H,US-TX,ercot_dam,HB_NORTH,ercot:NP4-190-CD,https://www.ercot.com/misdownload/servlets/mirDownload?doclookupId=1268525450,2026-09-25T06:37:45Z,2026-08-30T18:00:59Z
ercot:HB_NORTH,spp_dam,2026-08-31T20:00:00Z,35.08,USD/MWh,PT1H,US-TX,ercot_dam,HB_NORTH,ercot:NP4-190-CD,https://www.ercot.com/misdownload/servlets/mirDownload?doclookupId=1268525450,2026-09-25T06:37:45Z,2026-08-30T18:00:59Z
ercot:HB_NORTH,spp_dam,2026-08-31T21:00:00Z,35.71,USD/MWh,PT1H,US-TX,ercot_dam,HB_NORTH,ercot:NP4-190-CD,https://www.ercot.com/misdownload/servlets/mirDownload?doclookupId=1268525450,2026-09-25T06:37:45Z,2026-08-30T18:00:59Z
ercot:HB_NORTH,spp_dam,2026-08-31T22:00:00Z,38.23,USD/MWh,PT1H,US-TX,ercot_dam,HB_NORTH,ercot:NP4-190-CD,https://www.ercot.com/misdownload/servlets/mirDownload?doclookupId=1268525450,2026-09-25T06:37:45Z,2026-08-30T18:00:59Z
ercot:HB_NORTH,spp_dam,2026-08-31T23:00:00Z,53.01,USD/MWh,PT1H,US-TX,ercot_dam,HB_NORTH,ercot:NP4-190-CD,https://www.ercot.com/misdownload/servlets/mirDownload?doclookupId=1268525450,2026-09-25T06:37:45Z,2026-08-30T18:00:59Z
ercot:HB_NORTH,spp_dam,2026-09-01T00:00:00Z,73.33,USD/MWh,PT1H,US-TX,ercot_dam,HB_NORTH,ercot:NP4-190-CD,https://www.ercot.com/misdownload/servlets/mirDownload?doclookupId=1268525450,2026-09-25T06:37:45Z,2026-08-30T18:00:59Z
ercot:HB_NORTH,spp_dam,2026-09-01T01:00:00Z,65.11,USD/MWh,PT1H,US-TX,ercot_dam,HB_NORTH,ercot:NP4-190-CD,https://www.ercot.com/misdownload/servlets/mirDownload?doclookupId=1268525450,2026-09-25T06:37:45Z,2026-08-30T18:00:59Z
ercot:HB_NORTH,spp_dam,2026-09-01T02:00:00Z,50.55,USD/MWh,PT1H,US-TX,ercot_dam,HB_NORTH,ercot:NP4-190-CD,https://www.ercot.com/misdownload/servlets/mirDownload?doclookupId=1268525450,2026-09-25T06:37:45Z,2026-08-30T18:00:59Z
ercot:HB_NORTH,spp_dam,2026-09-01T03:00:00Z,40.17,USD/MWh,PT1H,US-TX,ercot_dam,HB_NORTH,ercot:NP4-190-CD,https://www.ercot.com/misdownload/servlets/mirDownload?doclookupId=1268525450,2026-09-25T06:37:45Z,2026-08-30T18:00:59Z
ercot:HB_NORTH,spp_dam,2026-09-01T04:00:00Z,28.86,USD/MWh,PT1H,US-TX,ercot_dam,HB_NORTH,ercot:NP4-190-CD,https://www.ercot.com/misdownload/servlets/mirDownload?doclookupId=1268525450,2026-09-25T06:37:45Z,2026-08-30T18:00:59Z
ercot:HB_NORTH,spp_dam,2026-09-01T05:00:00Z,25.53,USD/MWh,PT1H,US-TX,ercot_dam,HB_NORTH,ercot:NP4-190-CD,https://www.ercot.com/misdownload/servlets/mirDownload?doclookupId=1268915317,2026-09-25T06:37:44Z,2026-08-31T17:33:51Z
ercot:HB_NORTH,spp_dam,2026-09-01T06:00:00Z,23.77,USD/MWh,PT1H,US-TX,ercot_dam,HB_NORTH,ercot:NP4-190-CD,https://www.ercot.com/misdownload/servlets/mirDownload?doclookupId=1268915317,2026-09-25T06:37:44Z,2026-08-31T17:33:51Z
ercot:HB_NORTH,spp_dam,2026-09-01T07:00:00Z,23.66,USD/MWh,PT1H,US-TX,ercot_dam,HB_NORTH,ercot:NP4-190-CD,https://www.ercot.com/misdownload/servlets/mirDownload?doclookupId=1268915317,2026-09-25T06:37:44Z,2026-08-31T17:33:51Z
ercot:HB_NORTH,spp_dam,2026-09-01T08:00:00Z,24.38,USD/MWh,PT1H,US-TX,ercot_dam,HB_NORTH,ercot:NP4-190-CD,https://www.ercot.com/misdownload/servlets/mirDownload?doclookupId=1268915317,2026-09-25T06:37:44Z,2026-08-31T17:33:51Z
ercot:HB_NORTH,spp_dam,2026-09-01T09:00:00Z,23.48,USD/MWh,PT1H,US-TX,ercot_dam,HB_NORTH,ercot:NP4-190-CD,https://www.ercot.com/misdownload/servlets/mirDownload?doclookupId=1268915317,2026-09-25T06:37:44Z,2026-08-31T17:33:51Z
ercot:HB_NORTH,spp_dam,2026-09-01T10:00:00Z,27.67,USD/MWh,PT1H,US-TX,ercot_dam,HB_NORTH,ercot:NP4-190-CD,https://www.ercot.com/misdownload/servlets/mirDownload?doclookupId=1268915317,2026-09-25T06:37:44Z,2026-08-31T17:33:51Z
ercot:HB_NORTH,spp_dam,2026-09-01T11:00:00Z,30.73,USD/MWh,PT1H,US-TX,ercot_dam,HB_NORTH,ercot:NP4-190-CD,https://www.ercot.com/misdownload/servlets/mirDownload?doclookupId=1268915317,2026-09-25T06:37:44Z,2026-08-31T17:33:51Z
ercot:HB_NORTH,spp_dam,2026-09-01T12:00:00Z,28.42,USD/MWh,PT1H,US-TX,ercot_dam,HB_NORTH,ercot:NP4-190-CD,https://www.ercot.com/misdownload/servlets/mirDownload?doclookupId=1268915317,2026-09-25T06:37:44Z,2026-08-31T17:33:51Z
ercot:HB_NORTH,spp_dam,2026-09-01T13:00:00Z,22.01,USD/MWh,PT1H,US-TX,ercot_dam,HB_NORTH,ercot:NP4-190-CD,https://www.ercot.com/misdownload/servlets/mirDownload?doclookupId=1268915317,2026-09-25T06:37:44Z,2026-08-31T17:33:51Z
ercot:HB_NORTH,spp_dam,2026-09-01T14:00:00Z,19.42,USD/MWh,PT1H,US-TX,ercot_dam,HB_NORTH,ercot:NP4-190-CD,https://www.ercot.com/misdownload/servlets/mirDownload?doclookupId=1268915317,2026-09-25T06:37:44Z,2026-08-31T17:33:51Z
ercot:HB_NORTH,spp_dam,2026-09-01T15:00:00Z,19.81,USD/MWh,PT1H,US-TX,ercot_dam,HB_NORTH,ercot:NP4-190-CD,https://www.ercot.com/misdownload/servlets/mirDownload?doclookupId=1268915317,2026-09-25T06:37:44Z,2026-08-31T17:33:51Z
ercot:HB_NORTH,spp_dam,2026-09-01T16:00:00Z,22.79,USD/MWh,PT1H,US-TX,ercot_dam,HB_NORTH,ercot:NP4-190-CD,https://www.ercot.com/misdownload/servlets/mirDownload?doclookupId=1268915317,2026-09-25T06:37:44Z,2026-08-31T17:33:51Z
ercot:HB_NORTH,spp_dam,2026-09-01T17:00:00Z,28.87,USD/MWh,PT1H,US-TX,ercot_dam,HB_NORTH,ercot:NP4-190-CD,https://www.ercot.com/misdownload/servlets/mirDownload?doclookupId=1268915317,2026-09-25T06:37:44Z,2026-08-31T17:33:51Z
ercot:HB_NORTH,spp_dam,2026-09-01T18:00:00Z,36.19,USD/MWh,PT1H,US-TX,ercot_dam,HB_NORTH,ercot:NP4-190-CD,https://www.ercot.com/misdownload/servlets/mirDownload?doclookupId=1268915317,2026-09-25T06:37:44Z,2026-08-31T17:33:51Z
ercot:HB_NORTH,spp_dam,2026-09-01T19:00:00Z,39.75,USD/MWh,PT1H,US-TX,ercot_dam,HB_NORTH,ercot:NP4-190-CD,https://www.ercot.com/misdownload/servlets/mirDownload?doclookupId=1268915317,2026-09-25T06:37:44Z,2026-08-31T17:33:51Z
ercot:HB_NORTH,spp_dam,2026-09-01T20:00:00Z,41.75,USD/MWh,PT1H,US-TX,ercot_dam,HB_NORTH,ercot:NP4-190-CD,https://www.ercot.com/misdownload/servlets/mirDownload?doclookupId=1268915317,2026-09-25T06:37:44Z,2026-08-31T17:33:51Z
ercot:HB_NORTH,spp_dam,2026-09-01T21:00:00Z,44.89,USD/MWh,PT1H,US-TX,ercot_dam,HB_NORTH,ercot:NP4-190-CD,https://www.ercot.com/misdownload/servlets/mirDownload?doclookupId=1268915317,2026-09-25T06:37:44Z,2026-08-31T17:33:51Z
ercot:HB_NORTH,spp_dam,2026-09-01T22:00:00Z,50.64,USD/MWh,PT1H,US-TX,ercot_dam,HB_NORTH,ercot:NP4-190-CD,https://www.ercot.com/misdownload/servlets/mirDownload?doclookupId=1268915317,2026-09-25T06:37:44Z,2026-08-31T17:33:51Z
ercot:HB_NORTH,spp_dam,2026-09-01T23:00:00Z,65.65,USD/MWh,PT1H,US-TX,ercot_dam,HB_NORTH,ercot:NP4-190-CD,https://www.ercot.com/misdownload/servlets/mirDownload?doclookupId=1268915317,2026-09-25T06:37:44Z,2026-08-31T17:33:51Z
ercot:HB_NORTH,spp_dam,2026-09-02T00:00:00Z,66.8,USD/MWh,PT1H,US-TX,ercot_dam,HB_NORTH,ercot:NP4-190-CD,https://www.ercot.com/misdownload/servlets/mirDownload?doclookupId=1268915317,2026-09-25T06:37:44Z,2026-08-31T17:33:51Z
ercot:HB_NORTH,spp_dam,2026-09-02T01:00:00Z,55.73,USD/MWh,PT1H,US-TX,ercot_dam,HB_NORTH,ercot:NP4-190-CD,https://www.ercot.com/misdownload/servlets/mirDownload?doclookupId=1268915317,2026-09-25T06:37:44Z,2026-08-31T17:33:51Z
ercot:HB_NORTH,spp_dam,2026-09-02T02:00:00Z,47.82,USD/MWh,PT1H,US-TX,ercot_dam,HB_NORTH,ercot:NP4-190-CD,https://www.ercot.com/misdownload/servlets/mirDownload?doclookupId=1268915317,2026-09-25T06:37:44Z,2026-08-31T17:33:51Z
ercot:HB_NORTH,spp_dam,2026-09-02T03:00:00Z,37.9,USD/MWh,PT1H,US-TX,ercot_dam,HB_NORTH,ercot:NP4-190-CD,https://www.ercot.com/misdownload/servlets/mirDownload?doclookupId=1268915317,2026-09-25T06:37:44Z,2026-08-31T17:33:51Z
ercot:HB_NORTH,spp_dam,2026-09-02T04:00:00Z,30.47,USD/MWh,PT1H,US-TX,ercot_dam,HB_NORTH,ercot:NP4-190-CD,https://www.ercot.com/misdownload/servlets/mirDownload?doclookupId=1268915317,2026-09-25T06:37:44Z,2026-08-31T17:33:51Z
ercot:HB_NORTH,spp_dam,2026-09-02T05:00:00Z,26.61,USD/MWh,PT1H,US-TX,ercot_dam,HB_NORTH,ercot:NP4-190-CD,https://www.ercot.com/misdownload/servlets/mirDownload?doclookupId=1269328607,2026-09-25T06:37:43Z,2026-09-01T17:49:12Z
ercot:HB_NORTH,spp_dam,2026-09-02T06:00:00Z,24.4,USD/MWh,PT1H,US-TX,ercot_dam,HB_NORTH,ercot:NP4-190-CD,https://www.ercot.com/misdownload/servlets/mirDownload?doclookupId=1269328607,2026-09-25T06:37:43Z,2026-09-01T17:49:12Z
ercot:HB_NORTH,spp_dam,2026-09-02T07:00:00Z,23.53,USD/MWh,PT1H,US-TX,ercot_dam,HB_NORTH,ercot:NP4-190-CD,https://www.ercot.com/misdownload/servlets/mirDownload?doclookupId=1269328607,2026-09-25T06:37:43Z,2026-09-01T17:49:12Z
ercot:HB_NORTH,spp_dam,2026-09-02T08:00:00Z,23.52,USD/MWh,PT1H,US-TX,ercot_dam,HB_NORTH,ercot:NP4-190-CD,https://www.ercot.com/misdownload/servlets/mirDownload?doclookupId=1269328607,2026-09-25T06:37:43Z,2026-09-01T17:49:12Z
ercot:HB_NORTH,spp_dam,2026-09-02T09:00:00Z,25.2,USD/MWh,PT1H,US-TX,ercot_dam,HB_NORTH,ercot:NP4-190-CD,https://www.ercot.com/misdownload/servlets/mirDownload?doclookupId=1269328607,2026-09-25T06:37:43Z,2026-09-01T17:49:12Z
ercot:HB_NORTH,spp_dam,2026-09-02T10:00:00Z,27.96,USD/MWh,PT1H,US-TX,ercot_dam,HB_NORTH,ercot:NP4-190-CD,https://www.ercot.com/misdownload/servlets/mirDownload?doclookupId=1269328607,2026-09-25T06:37:43Z,2026-09-01T17:49:12Z
ercot:HB_NORTH,spp_dam,2026-09-02T11:00:00Z,30.06,USD/MWh,PT1H,US-TX,ercot_dam,HB_NORTH,ercot:NP4-190-CD,https://www.ercot.com/misdownload/servlets/mirDownload?doclookupId=1269328607,2026-09-25T06:37:43Z,2026-09-01T17:49:12Z
ercot:HB_NORTH,spp_dam,2026-09-02T12:00:00Z,29.49,USD/MWh,PT1H,US-TX,ercot_dam,HB_NORTH,ercot:NP4-190-CD,https://www.ercot.com/misdownload/servlets/mirDownload?doclookupId=1269328607,2026-09-25T06:37:43Z,2026-09-01T17:49:12Z
ercot:HB_NORTH,spp_dam,2026-09-02T13:00:00Z,23.7,USD/MWh,PT1H,US-TX,ercot_dam,HB_NORTH,ercot:NP4-190-CD,https://www.ercot.com/misdownload/servlets/mirDownload?doclookupId=1269328607,2026-09-25T06:37:43Z,2026-09-01T17:49:12Z
ercot:HB_NORTH,spp_dam,2026-09-02T14:00:00Z,22.84,USD/MWh,PT1H,US-TX,ercot_dam,HB_NORTH,ercot:NP4-190-CD,https://www.ercot.com/misdownload/servlets/mirDownload?doclookupId=1269328607,2026-09-25T06:37:43Z,2026-09-01T17:49:12Z
ercot:HB_NORTH,spp_dam,2026-09-02T15:00:00Z,23.1,USD/MWh,PT1H,US-TX,ercot_dam,HB_NORTH,ercot:NP4-190-CD,https://www.ercot.com/misdownload/servlets/mirDownload?doclookupId=1269328607,2026-09-25T06:37:43Z,2026-09-01T17:49:12Z
ercot:HB_NORTH,spp_dam,2026-09-02T16:00:00Z,26.14,USD/MWh,PT1H,US-TX,ercot_dam,HB_NORTH,ercot:NP4-190-CD,https://www.ercot.com/misdownload/servlets/mirDownload?doclookupId=1269328607,2026-09-25T06:37:43Z,2026-09-01T17:49:12Z
ercot:HB_NORTH,spp_dam,2026-09-02T17:00:00Z,32.58,USD/MWh,PT1H,US-TX,ercot_dam,HB_NORTH,ercot:NP4-190-CD,https://www.ercot.com/misdownload/servlets/mirDownload?doclookupId=1269328607,2026-09-25T06:37:43Z,2026-09-01T17:49:12Z
ercot:HB_NORTH,spp_dam,2026-09-02T18:00:00Z,38.47,USD/MWh,PT1H,US-TX,ercot_dam,HB_NORTH,ercot:NP4-190-CD,https://www.ercot.com/misdownload/servlets/mirDownload?doclookupId=1269328607,2026-09-25T06:37:43Z,2026-09-01T17:49:12Z
ercot:HB_NORTH,spp_dam,2026-09-02T19:00:00Z,42.37,USD/MWh,PT1H,US-TX,ercot_dam,HB_NORTH,ercot:NP4-190-CD,https://www.ercot.com/misdownload/servlets/mirDownload?doclookupId=1269328607,2026-09-25T06:37:43Z,2026-09-01T17:49:12Z
ercot:HB_NORTH,spp_dam,2026-09-02T20:00:00Z,50.44,USD/MWh,PT1H,US-TX,ercot_dam,HB_NORTH,ercot:NP4-190-CD,https://www.ercot.com/misdownload/servlets/mirDownload?doclookupId=1269328607,2026-09-25T06:37:43Z,2026-09-01T17:49:12Z
ercot:HB_NORTH,spp_dam,2026-09-02T21:00:00Z,50.86,USD/MWh,PT1H,US-TX,ercot_dam,HB_NORTH,ercot:NP4-190-CD,https://www.ercot.com/misdownload/servlets/mirDownload?doclookupId=1269328607,2026-09-25T06:37:43Z,2026-09-01T17:49:12Z
ercot:HB_NORTH,spp_dam,2026-09-02T22:00:00Z,58.27,USD/MWh,PT1H,US-TX,ercot_dam,HB_NORTH,ercot:NP4-190-CD,https://www.ercot.com/misdownload/servlets/mirDownload?doclookupId=1269328607,2026-09-25T06:37:43Z,2026-09-01T17:49:12Z
ercot:HB_NORTH,spp_dam,2026-09-02T23:00:00Z,67.4,USD/MWh,PT1H,US-TX,ercot_dam,HB_NORTH,ercot:NP4-190-CD,https://www.ercot.com/misdownload/servlets/mirDownload?doclookupId=1269328607,2026-09-25T06:37:43Z,2026-09-01T17:49:12Z
ercot:HB_NORTH,spp_dam,2026-09-03T00:00:00Z,64.47,USD/MWh,PT1H,US-TX,ercot_dam,HB_NORTH,ercot:NP4-190-CD,https://www.ercot.com/misdownload/servlets/mirDownload?doclookupId=1269328607,2026-09-25T06:37:43Z,2026-09-01T17:49:12Z
ercot:HB_NORTH,spp_dam,2026-09-03T01:00:00Z,54.29,USD/MWh,PT1H,US-TX,ercot_dam,HB_NORTH,ercot:NP4-190-CD,https://www.ercot.com/misdownload/servlets/mirDownload?doclookupId=1269328607,2026-09-25T06:37:43Z,2026-09-01T17:49:12Z
ercot:HB_NORTH,spp_dam,2026-09-03T02:00:00Z,43.61,USD/MWh,PT1H,US-TX,ercot_dam,HB_NORTH,ercot:NP4-190-CD,https://www.ercot.com/misdownload/servlets/mirDownload?doclookupId=1269328607,2026-09-25T06:37:43Z,2026-09-01T17:49:12Z
ercot:HB_NORTH,spp_dam,2026-09-03T03:00:00Z,33.4,USD/MWh,PT1H,US-TX,ercot_dam,HB_NORTH,ercot:NP4-190-CD,https://www.ercot.com/misdownload/servlets/mirDownload?doclookupId=1269328607,2026-09-25T06:37:43Z,2026-09-01T17:49:12Z
ercot:HB_NORTH,spp_dam,2026-09-03T04:00:00Z,27.87,USD/MWh,PT1H,US-TX,ercot_dam,HB_NORTH,ercot:NP4-190-CD,https://www.ercot.com/misdownload/servlets/mirDownload?doclookupId=1269328607,2026-09-25T06:37:43Z,2026-09-01T17:49:12Z
ercot:HB_NORTH,spp_dam,2026-09-03T05:00:00Z,26.0,USD/MWh,PT1H,US-TX,ercot_dam,HB_NORTH,ercot:NP4-190-CD,https://www.ercot.com/misdownload/servlets/mirDownload?doclookupId=1269724005,2026-09-25T06:37:42Z,2026-09-02T17:37:16Z
ercot:HB_NORTH,spp_dam,2026-09-03T06:00:00Z,24.59,USD/MWh,PT1H,US-TX,ercot_dam,HB_NORTH,ercot:NP4-190-CD,https://www.ercot.com/misdownload/servlets/mirDownload?doclookupId=1269724005,2026-09-25T06:37:42Z,2026-09-02T17:37:16Z
ercot:HB_NORTH,spp_dam,2026-09-03T07:00:00Z,25.0,USD/MWh,PT1H,US-TX,ercot_dam,HB_NORTH,ercot:NP4-190-CD,https://www.ercot.com/misdownload/servlets/mirDownload?doclookupId=1269724005,2026-09-25T06:37:42Z,2026-09-02T17:37:16Z
ercot:HB_NORTH,spp_dam,2026-09-03T08:00:00Z,25.11,USD/MWh,PT1H,US-TX,ercot_dam,HB_NORTH,ercot:NP4-190-CD,https://www.ercot.com/misdownload/servlets/mirDownload?doclookupId=1269724005,2026-09-25T06:37:42Z,2026-09-02T17:37:16Z
ercot:HB_NORTH,spp_dam,2026-09-03T09:00:00Z,25.0,USD/MWh,PT1H,US-TX,ercot_dam,HB_NORTH,ercot:NP4-190-CD,https://www.ercot.com/misdownload/servlets/mirDownload?doclookupId=1269724005,2026-09-25T06:37:42Z,2026-09-02T17:37:16Z
ercot:HB_NORTH,spp_dam,2026-09-03T10:00:00Z,29.08,USD/MWh,PT1H,US-TX,ercot_dam,HB_NORTH,ercot:NP4-190-CD,https://www.ercot.com/misdownload/servlets/mirDownload?doclookupId=1269724005,2026-09-25T06:37:42Z,2026-09-02T17:37:16Z
ercot:HB_NORTH,spp_dam,2026-09-03T11:00:00Z,31.66,USD/MWh,PT1H,US-TX,ercot_dam,HB_NORTH,ercot:NP4-190-CD,https://www.ercot.com/misdownload/servlets/mirDownload?doclookupId=1269724005,2026-09-25T06:37:42Z,2026-09-02T17:37:16Z
ercot:HB_NORTH,spp_dam,2026-09-03T12:00:00Z,30.9,USD/MWh,PT1H,US-TX,ercot_dam,HB_NORTH,ercot:NP4-190-CD,https://www.ercot.com/misdownload/servlets/mirDownload?doclookupId=1269724005,2026-09-25T06:37:42Z,2026-09-02T17:37:16Z
ercot:HB_NORTH,spp_dam,2026-09-03T13:00:00Z,26.18,USD/MWh,PT1H,US-TX,ercot_dam,HB_NORTH,ercot:NP4-190-CD,https://www.ercot.com/misdownload/servlets/mirDownload?doclookupId=1269724005,2026-09-25T06:37:42Z,2026-09-02T17:37:16Z
ercot:HB_NORTH,spp_dam,2026-09-03T14:00:00Z,25.0,USD/MWh,PT1H,US-TX,ercot_dam,HB_NORTH,ercot:NP4-190-CD,https://www.ercot.com/misdownload/servlets/mirDownload?doclookupId=1269724005,2026-09-25T06:37:42Z,2026-09-02T17:37:16Z
ercot:HB_NORTH,spp_dam,2026-09-03T15:00:00Z,26.21,USD/MWh,PT1H,US-TX,ercot_dam,HB_NORTH,ercot:NP4-190-CD,https://www.ercot.com/misdownload/servlets/mirDownload?doclookupId=1269724005,2026-09-25T06:37:42Z,2026-09-02T17:37:16Z
ercot:HB_NORTH,spp_dam,2026-09-03T16:00:00Z,28.65,USD/MWh,PT1H,US-TX,ercot_dam,HB_NORTH,ercot:NP4-190-CD,https://www.ercot.com/misdownload/servlets/mirDownload?doclookupId=1269724005,2026-09-25T06:37:42Z,2026-09-02T17:37:16Z
ercot:HB_NORTH,spp_dam,2026-09-03T17:00:00Z,34.16,USD/MWh,PT1H,US-TX,ercot_dam,HB_NORTH,ercot:NP4-190-CD,https://www.ercot.com/misdownload/servlets/mirDownload?doclookupId=1269724005,2026-09-25T06:37:42Z,2026-09-02T17:37:16Z
ercot:HB_NORTH,spp_dam,2026-09-03T18:00:00Z,37.86,USD/MWh,PT1H,US-TX,ercot_dam,HB_NORTH,ercot:NP4-190-CD,https://www.ercot.com/misdownload/servlets/mirDownload?doclookupId=1269724005,2026-09-25T06:37:42Z,2026-09-02T17:37:16Z
ercot:HB_NORTH,spp_dam,2026-09-03T19:00:00Z,40.55,USD/MWh,PT1H,US-TX,ercot_dam,HB_NORTH,ercot:NP4-190-CD,https://www.ercot.com/misdownload/servlets/mirDownload?doclookupId=1269724005,2026-09-25T06:37:42Z,2026-09-02T17:37:16Z
ercot:HB_NORTH,spp_dam,2026-09-03T20:00:00Z,41.26,USD/MWh,PT1H,US-TX,ercot_dam,HB_NORTH,ercot:NP4-190-CD,https://www.ercot.com/misdownload/servlets/mirDownload?doclookupId=1269724005,2026-09-25T06:37:42Z,2026-09-02T17:37:16Z
ercot:HB_NORTH,spp_dam,2026-09-03T21:00:00Z,40.63,USD/MWh,PT1H,US-TX,ercot_dam,HB_NORTH,ercot:NP4-190-CD,https://www.ercot.com/misdownload/servlets/mirDownload?doclookupId=1269724005,2026-09-25T06:37:42Z,2026-09-02T17:37:16Z
ercot:HB_NORTH,spp_dam,2026-09-03T22:00:00Z,46.06,USD/MWh,PT1H,US-TX,ercot_dam,HB_NORTH,ercot:NP4-190-CD,https://www.ercot.com/misdownload/servlets/mirDownload?doclookupId=1269724005,2026-09-25T06:37:42Z,2026-09-02T17:37:16Z
ercot:HB_NORTH,spp_dam,2026-09-03T23:00:00Z,56.86,USD/MWh,PT1H,US-TX,ercot_dam,HB_NORTH,ercot:NP4-190-CD,https://www.ercot.com/misdownload/servlets/mirDownload?doclookupId=1269724005,2026-09-25T06:37:42Z,2026-09-02T17:37:16Z
ercot:HB_NORTH,spp_dam,2026-09-04T00:00:00Z,57.99,USD/MWh,PT1H,US-TX,ercot_dam,HB_NORTH,ercot:NP4-190-CD,https://www.ercot.com/misdownload/servlets/mirDownload?doclookupId=1269724005,2026-09-25T06:37:42Z,2026-09-02T17:37:16Z
ercot:HB_NORTH,spp_dam,2026-09-04T01:00:00Z,53.8,USD/MWh,PT1H,US-TX,ercot_dam,HB_NORTH,ercot:NP4-190-CD,https://www.ercot.com/misdownload/servlets/mirDownload?doclookupId=1269724005,2026-09-25T06:37:42Z,2026-09-02T17:37:16Z
ercot:HB_NORTH,spp_dam,2026-09-04T02:00:00Z,40.81,USD/MWh,PT1H,US-TX,ercot_dam,HB_NORTH,ercot:NP4-190-CD,https://www.ercot.com/misdownload/servlets/mirDownload?doclookupId=1269724005,2026-09-25T06:37:42Z,2026-09-02T17:37:16Z
ercot:HB_NORTH,spp_dam,2026-09-04T03:00:00Z,33.37,USD/MWh,PT1H,US-TX,ercot_dam,HB_NORTH,ercot:NP4-190-CD,https://www.ercot.com/misdownload/servlets/mirDownload?doclookupId=1269724005,2026-09-25T06:37:42Z,2026-09-02T17:37:16Z
ercot:HB_NORTH,spp_dam,2026-09-04T04:00:00Z,26.75,USD/MWh,PT1H,US-TX,ercot_dam,HB_NORTH,ercot:NP4-190-CD,https://www.ercot.com/misdownload/servlets/mirDownload?doclookupId=1269724005,2026-09-25T06:37:42Z,2026-09-02T17:37:16Z
ercot:HB_NORTH,spp_dam,2026-09-04T05:00:00Z,28.64,USD/MWh,PT1H,US-TX,ercot_dam,HB_NORTH,ercot:NP4-190-CD,https://www.ercot.com/misdownload/servlets/mirDownload?doclookupId=1270120604,2026-09-25T06:37:41Z,2026-09-03T17:32:53Z
ercot:HB_NORTH,spp_dam,2026-09-04T06:00:00Z,26.15,USD/MWh,PT1H,US-TX,ercot_dam,HB_NORTH,ercot:NP4-190-CD,https://www.ercot.com/misdownload/servlets/mirDownload?doclookupId=1270120604,2026-09-25T06:37:41Z,2026-09-03T17:32:53Z
ercot:HB_NORTH,spp_dam,2026-09-04T07:00:00Z,25.82,USD/MWh,PT1H,US-TX,ercot_dam,HB_NORTH,ercot:NP4-190-CD,https://www.ercot.com/misdownload/servlets/mirDownload?doclookupId=1270120604,2026-09-25T06:37:41Z,2026-09-03T17:32:53Z
ercot:HB_NORTH,spp_dam,2026-09-04T08:00:00Z,25.93,USD/MWh,PT1H,US-TX,ercot_dam,HB_NORTH,ercot:NP4-190-CD,https://www.ercot.com/misdownload/servlets/mirDownload?doclookupId=1270120604,2026-09-25T06:37:41Z,2026-09-03T17:32:53Z
ercot:HB_NORTH,spp_dam,2026-09-04T09:00:00Z,27.09,USD/MWh,PT1H,US-TX,ercot_dam,HB_NORTH,ercot:NP4-190-CD,https://www.ercot.com/misdownload/servlets/mirDownload?doclookupId=1270120604,2026-09-25T06:37:41Z,2026-09-03T17:32:53Z
ercot:HB_NORTH,spp_dam,2026-09-04T10:00:00Z,30.0,USD/MWh,PT1H,US-TX,ercot_dam,HB_NORTH,ercot:NP4-190-CD,https://www.ercot.com/misdownload/servlets/mirDownload?doclookupId=1270120604,2026-09-25T06:37:41Z,2026-09-03T17:32:53Z
ercot:HB_NORTH,spp_dam,2026-09-04T11:00:00Z,31.46,USD/MWh,PT1H,US-TX,ercot_dam,HB_NORTH,ercot:NP4-190-CD,https://www.ercot.com/misdownload/servlets/mirDownload?doclookupId=1270120604,2026-09-25T06:37:41Z,2026-09-03T17:32:53Z
ercot:HB_NORTH,spp_dam,2026-09-04T12:00:00Z,30.81,USD/MWh,PT1H,US-TX,ercot_dam,HB_NORTH,ercot:NP4-190-CD,https://www.ercot.com/misdownload/servlets/mirDownload?doclookupId=1270120604,2026-09-25T06:37:41Z,2026-09-03T17:32:53Z
ercot:HB_NORTH,spp_dam,2026-09-04T13:00:00Z,24.69,USD/MWh,PT1H,US-TX,ercot_dam,HB_NORTH,ercot:NP4-190-CD,https://www.ercot.com/misdownload/servlets/mirDownload?doclookupId=1270120604,2026-09-25T06:37:41Z,2026-09-03T17:32:53Z
ercot:HB_NORTH,spp_dam,2026-09-04T14:00:00Z,22.31,USD/MWh,PT1H,US-TX,ercot_dam,HB_NORTH,ercot:NP4-190-CD,https://www.ercot.com/misdownload/servlets/mirDownload?doclookupId=1270120604,2026-09-25T06:37:41Z,2026-09-03T17:32:53Z
ercot:HB_NORTH,spp_dam,2026-09-04T15:00:00Z,22.25,USD/MWh,PT1H,US-TX,ercot_dam,HB_NORTH,ercot:NP4-190-CD,https://www.ercot.com/misdownload/servlets/mirDownload?doclookupId=1270120604,2026-09-25T06:37:41Z,2026-09-03T17:32:53Z
ercot:HB_NORTH,spp_dam,2026-09-04T16:00:00Z,23.79,USD/MWh,PT1H,US-TX,ercot_dam,HB_NORTH,ercot:NP4-190-CD,https://www.ercot.com/misdownload/servlets/mirDownload?doclookupId=1270120604,2026-09-25T06:37:41Z,2026-09-03T17:32:53Z
ercot:HB_NORTH,spp_dam,2026-09-04T17:00:00Z,27.87,USD/MWh,PT1H,US-TX,ercot_dam,HB_NORTH,ercot:NP4-190-CD,https://www.ercot.com/misdownload/servlets/mirDownload?doclookupId=1270120604,2026-09-25T06:37:41Z,2026-09-03T17:32:53Z
ercot:HB_NORTH,spp_dam,2026-09-04T18:00:00Z,31.38,USD/MWh,PT1H,US-TX,ercot_dam,HB_NORTH,ercot:NP4-190-CD,https://www.ercot.com/misdownload/servlets/mirDownload?doclookupId=1270120604,2026-09-25T06:37:41Z,2026-09-03T17:32:53Z
ercot:HB_NORTH,spp_dam,2026-09-04T19:00:00Z,32.71,USD/MWh,PT1H,US-TX,ercot_dam,HB_NORTH,ercot:NP4-190-CD,https://www.ercot.com/misdownload/servlets/mirDownload?doclookupId=1270120604,2026-09-25T06:37:41Z,2026-09-03T17:32:53Z
ercot:HB_NORTH,spp_dam,2026-09-04T20:00:00Z,34.04,USD/MWh,PT1H,US-TX,ercot_dam,HB_NORTH,ercot:NP4-190-CD,https://www.ercot.com/misdownload/servlets/mirDownload?doclookupId=1270120604,2026-09-25T06:37:41Z,2026-09-03T17:32:53Z
ercot:HB_NORTH,spp_dam,2026-09-04T21:00:00Z,35.23,USD/MWh,PT1H,US-TX,ercot_dam,HB_NORTH,ercot:NP4-190-CD,https://www.ercot.com/misdownload/servlets/mirDownload?doclookupId=1270120604,2026-09-25T06:37:41Z,2026-09-03T17:32:53Z
ercot:HB_NORTH,spp_dam,2026-09-04T22:00:00Z,36.24,USD/MWh,PT1H,US-TX,ercot_dam,HB_NORTH,ercot:NP4-190-CD,https://www.ercot.com/misdownload/servlets/mirDownload?doclookupId=1270120604,2026-09-25T06:37:41Z,2026-09-03T17:32:53Z
ercot:HB_NORTH,spp_dam,2026-09-04T23:00:00Z,46.44,USD/MWh,PT1H,US-TX,ercot_dam,HB_NORTH,ercot:NP4-190-CD,https://www.ercot.com/misdownload/servlets/mirDownload?doclookupId=1270120604,2026-09-25T06:37:41Z,2026-09-03T17:32:53Z
ercot:HB_NORTH,spp_dam,2026-09-05T00:00:00Z,50.89,USD/MWh,PT1H,US-TX,ercot_dam,HB_NORTH,ercot:NP4-190-CD,https://www.ercot.com/misdownload/servlets/mirDownload?doclookupId=1270120604,2026-09-25T06:37:41Z,2026-09-03T17:32:53Z
ercot:HB_NORTH,spp_dam,2026-09-05T01:00:00Z,46.66,USD/MWh,PT1H,US-TX,ercot_dam,HB_NORTH,ercot:NP4-190-CD,https://www.ercot.com/misdownload/servlets/mirDownload?doclookupId=1270120604,2026-09-25T06:37:41Z,2026-09-03T17:32:53Z
ercot:HB_NORTH,spp_dam,2026-09-05T02:00:00Z,39.28,USD/MWh,PT1H,US-TX,ercot_dam,HB_NORTH,ercot:NP4-190-CD,https://www.ercot.com/misdownload/servlets/mirDownload?doclookupId=1270120604,2026-09-25T06:37:41Z,2026-09-03T17:32:53Z
ercot:HB_NORTH,spp_dam,2026-09-05T03:00:00Z,35.53,USD/MWh,PT1H,US-TX,ercot_dam,HB_NORTH,ercot:NP4-190-CD,https://www.ercot.com/misdownload/servlets/mirDownload?doclookupId=1270120604,2026-09-25T06:37:41Z,2026-09-03T17:32:53Z
ercot:HB_NORTH,spp_dam,2026-09-05T04:00:00Z,31.5,USD/MWh,PT1H,US-TX,ercot_dam,HB_NORTH,ercot:NP4-190-CD,https://www.ercot.com/misdownload/servlets/mirDownload?doclookupId=1270120604,2026-09-25T06:37:41Z,2026-09-03T17:32:53Z
ercot:HB_NORTH,spp_dam,2026-09-05T05:00:00Z,29.77,USD/MWh,PT1H,US-TX,ercot_dam,HB_NORTH,ercot:NP4-190-CD,https://www.ercot.com/misdownload/servlets/mirDownload?doclookupId=1270519007,2026-09-25T06:37:40Z,2026-09-04T17:32:40Z
ercot:HB_NORTH,spp_dam,2026-09-05T06:00:00Z,27.3,USD/MWh,PT1H,US-TX,ercot_dam,HB_NORTH,ercot:NP4-190-CD,https://www.ercot.com/misdownload/servlets/mirDownload?doclookupId=1270519007,2026-09-25T06:37:40Z,2026-09-04T17:32:40Z
ercot:HB_NORTH,spp_dam,2026-09-05T07:00:00Z,27.71,USD/MWh,PT1H,US-TX,ercot_dam,HB_NORTH,ercot:NP4-190-CD,https://www.ercot.com/misdownload/servlets/mirDownload?doclookupId=1270519007,2026-09-25T06:37:40Z,2026-09-04T17:32:40Z
ercot:HB_NORTH,spp_dam,2026-09-05T08:00:00Z,27.08,USD/MWh,PT1H,US-TX,ercot_dam,HB_NORTH,ercot:NP4-190-CD,https://www.ercot.com/misdownload/servlets/mirDownload?doclookupId=1270519007,2026-09-25T06:37:40Z,2026-09-04T17:32:40Z
ercot:HB_NORTH,spp_dam,2026-09-05T09:00:00Z,27.22,USD/MWh,PT1H,US-TX,ercot_dam,HB_NORTH,ercot:NP4-190-CD,https://www.ercot.com/misdownload/servlets/mirDownload?doclookupId=1270519007,2026-09-25T06:37:40Z,2026-09-04T17:32:40Z
ercot:HB_NORTH,spp_dam,2026-09-05T10:00:00Z,29.45,USD/MWh,PT1H,US-TX,ercot_dam,HB_NORTH,ercot:NP4-190-CD,https://www.ercot.com/misdownload/servlets/mirDownload?doclookupId=1270519007,2026-09-25T06:37:40Z,2026-09-04T17:32:40Z
ercot:HB_NORTH,spp_dam,2026-09-05T11:00:00Z,29.7,USD/MWh,PT1H,US-TX,ercot_dam,HB_NORTH,ercot:NP4-190-CD,https://www.ercot.com/misdownload/servlets/mirDownload?doclookupId=1270519007,2026-09-25T06:37:40Z,2026-09-04T17:32:40Z
ercot:HB_NORTH,spp_dam,2026-09-05T12:00:00Z,29.36,USD/MWh,PT1H,US-TX,ercot_dam,HB_NORTH,ercot:NP4-190-CD,https://www.ercot.com/misdownload/servlets/mirDownload?doclookupId=1270519007,2026-09-25T06:37:40Z,2026-09-04T17:32:40Z
ercot:HB_NORTH,spp_dam,2026-09-05T13:00:00Z,22.04,USD/MWh,PT1H,US-TX,ercot_dam,HB_NORTH,ercot:NP4-190-CD,https://www.ercot.com/misdownload/servlets/mirDownload?doclookupId=1270519007,2026-09-25T06:37:40Z,2026-09-04T17:32:40Z
ercot:HB_NORTH,spp_dam,2026-09-05T14:00:00Z,20.2,USD/MWh,PT1H,US-TX,ercot_dam,HB_NORTH,ercot:NP4-190-CD,https://www.ercot.com/misdownload/servlets/mirDownload?doclookupId=1270519007,2026-09-25T06:37:40Z,2026-09-04T17:32:40Z
ercot:HB_NORTH,spp_dam,2026-09-05T15:00:00Z,20.96,USD/MWh,PT1H,US-TX,ercot_dam,HB_NORTH,ercot:NP4-190-CD,https://www.ercot.com/misdownload/servlets/mirDownload?doclookupId=1270519007,2026-09-25T06:37:40Z,2026-09-04T17:32:40Z
ercot:HB_NORTH,spp_dam,2026-09-05T16:00:00Z,23.01,USD/MWh,PT1H,US-TX,ercot_dam,HB_NORTH,ercot:NP4-190-CD,https://www.ercot.com/misdownload/servlets/mirDownload?doclookupId=1270519007,2026-09-25T06:37:40Z,2026-09-04T17:32:40Z
ercot:HB_NORTH,spp_dam,2026-09-05T17:00:00Z,27.7,USD/MWh,PT1H,US-TX,ercot_dam,HB_NORTH,ercot:NP4-190-CD,https://www.ercot.com/misdownload/servlets/mirDownload?doclookupId=1270519007,2026-09-25T06:37:40Z,2026-09-04T17:32:40Z
ercot:HB_NORTH,spp_dam,2026-09-05T18:00:00Z,33.32,USD/MWh,PT1H,US-TX,ercot_dam,HB_NORTH,ercot:NP4-190-CD,https://www.ercot.com/misdownload/servlets/mirDownload?doclookupId=1270519007,2026-09-25T06:37:40Z,2026-09-04T17:32:40Z
ercot:HB_NORTH,spp_dam,2026-09-05T19:00:00Z,34.04,USD/MWh,PT1H,US-TX,ercot_dam,HB_NORTH,ercot:NP4-190-CD,https://www.ercot.com/misdownload/servlets/mirDownload?doclookupId=1270519007,2026-09-25T06:37:40Z,2026-09-04T17:32:40Z
ercot:HB_NORTH,spp_dam,2026-09-05T20:00:00Z,36.84,USD/MWh,PT1H,US-TX,ercot_dam,HB_NORTH,ercot:NP4-190-CD,https://www.ercot.com/misdownload/servlets/mirDownload?doclookupId=1270519007,2026-09-25T06:37:40Z,2026-09-04T17:32:40Z
ercot:HB_NORTH,spp_dam,2026-09-05T21:00:00Z,39.44,USD/MWh,PT1H,US-TX,ercot_dam,HB_NORTH,ercot:NP4-190-CD,https://www.ercot.com/misdownload/servlets/mirDownload?doclookupId=1270519007,2026-09-25T06:37:40Z,2026-09-04T17:32:40Z
ercot:HB_NORTH,spp_dam,2026-09-05T22:00:00Z,47.19,USD/MWh,PT1H,US-TX,ercot_dam,HB_NORTH,ercot:NP4-190-CD,https://www.ercot.com/misdownload/servlets/mirDownload?doclookupId=1270519007,2026-09-25T06:37:40Z,2026-09-04T17:32:40Z
ercot:HB_NORTH,spp_dam,2026-09-05T23:00:00Z,58.64,USD/MWh,PT1H,US-TX,ercot_dam,HB_NORTH,ercot:NP4-190-CD,https://www.ercot.com/misdownload/servlets/mirDownload?doclookupId=1270519007,2026-09-25T06:37:40Z,2026-09-04T17:32:40Z
ercot:HB_NORTH,spp_dam,2026-09-06T00:00:00Z,63.48,USD/MWh,PT1H,US-TX,ercot_dam,HB_NORTH,ercot:NP4-190-CD,https://www.ercot.com/misdownload/servlets/mirDownload?doclookupId=1270519007,2026-09-25T06:37:40Z,2026-09-04T17:32:40Z
ercot:HB_NORTH,spp_dam,2026-09-06T01:00:00Z,57.61,USD/MWh,PT1H,US-TX,ercot_dam,HB_NORTH,ercot:NP4-190-CD,https://www.ercot.com/misdownload/servlets/mirDownload?doclookupId=1270519007,2026-09-25T06:37:40Z,2026-09-04T17:32:40Z
ercot:HB_NORTH,spp_dam,2026-09-06T02:00:00Z,51.86,USD/MWh,PT1H,US-TX,ercot_dam,HB_NORTH,ercot:NP4-190-CD,https://www.ercot.com/misdownload/servlets/mirDownload?doclookupId=1270519007,2026-09-25T06:37:40Z,2026-09-04T17:32:40Z
ercot:HB_NORTH,spp_dam,2026-09-06T03:00:00Z,39.32,USD/MWh,PT1H,US-TX,ercot_dam,HB_NORTH,ercot:NP4-190-CD,https://www.ercot.com/misdownload/servlets/mirDownload?doclookupId=1270519007,2026-09-25T06:37:40Z,2026-09-04T17:32:40Z
ercot:HB_NORTH,spp_dam,2026-09-06T04:00:00Z,35.15,USD/MWh,PT1H,US-TX,ercot_dam,HB_NORTH,ercot:NP4-190-CD,https://www.ercot.com/misdownload/servlets/mirDownload?doclookupId=1270519007,2026-09-25T06:37:40Z,2026-09-04T17:32:40Z
ercot:HB_NORTH,spp_dam,2026-09-06T05:00:00Z,31.48,USD/MWh,PT1H,US-TX,ercot_dam,HB_NORTH,ercot:NP4-190-CD,https://www.ercot.com/misdownload/servlets/mirDownload?doclookupId=1270910083,2026-09-25T06:37:39Z,2026-09-05T17:32:38Z
ercot:HB_NORTH,spp_dam,2026-09-06T06:00:00Z,29.95,USD/MWh,PT1H,US-TX,ercot_dam,HB_NORTH,ercot:NP4-190-CD,https://www.ercot.com/misdownload/servlets/mirDownload?doclookupId=1270910083,2026-09-25T06:37:39Z,2026-09-05T17:32:38Z
ercot:HB_NORTH,spp_dam,2026-09-06T07:00:00Z,30.15,USD/MWh,PT1H,US-TX,ercot_dam,HB_NORTH,ercot:NP4-190-CD,https://www.ercot.com/misdownload/servlets/mirDownload?doclookupId=1270910083,2026-09-25T06:37:39Z,2026-09-05T17:32:38Z
ercot:HB_NORTH,spp_dam,2026-09-06T08:00:00Z,32.86,USD/MWh,PT1H,US-TX,ercot_dam,HB_NORTH,ercot:NP4-190-CD,https://www.ercot.com/misdownload/servlets/mirDownload?doclookupId=1270910083,2026-09-25T06:37:39Z,2026-09-05T17:32:38Z
ercot:HB_NORTH,spp_dam,2026-09-06T09:00:00Z,35.0,USD/MWh,PT1H,US-TX,ercot_dam,HB_NORTH,ercot:NP4-190-CD,https://www.ercot.com/misdownload/servlets/mirDownload?doclookupId=1270910083,2026-09-25T06:37:39Z,2026-09-05T17:32:38Z
ercot:HB_NORTH,spp_dam,2026-09-06T10:00:00Z,37.2,USD/MWh,PT1H,US-TX,ercot_dam,HB_NORTH,ercot:NP4-190-CD,https://www.ercot.com/misdownload/servlets/mirDownload?doclookupId=1270910083,2026-09-25T06:37:39Z,2026-09-05T17:32:38Z
ercot:HB_NORTH,spp_dam,2026-09-06T11:00:00Z,34.14,USD/MWh,PT1H,US-TX,ercot_dam,HB_NORTH,ercot:NP4-190-CD,https://www.ercot.com/misdownload/servlets/mirDownload?doclookupId=1270910083,2026-09-25T06:37:39Z,2026-09-05T17:32:38Z
ercot:HB_NORTH,spp_dam,2026-09-06T12:00:00Z,31.68,USD/MWh,PT1H,US-TX,ercot_dam,HB_NORTH,ercot:NP4-190-CD,https://www.ercot.com/misdownload/servlets/mirDownload?doclookupId=1270910083,2026-09-25T06:37:39Z,2026-09-05T17:32:38Z
ercot:HB_NORTH,spp_dam,2026-09-06T13:00:00Z,23.29,USD/MWh,PT1H,US-TX,ercot_dam,HB_NORTH,ercot:NP4-190-CD,https://www.ercot.com/misdownload/servlets/mirDownload?doclookupId=1270910083,2026-09-25T06:37:39Z,2026-09-05T17:32:38Z
ercot:HB_NORTH,spp_dam,2026-09-06T14:00:00Z,20.72,USD/MWh,PT1H,US-TX,ercot_dam,HB_NORTH,ercot:NP4-190-CD,https://www.ercot.com/misdownload/servlets/mirDownload?doclookupId=1270910083,2026-09-25T06:37:39Z,2026-09-05T17:32:38Z
ercot:HB_NORTH,spp_dam,2026-09-06T15:00:00Z,20.23,USD/MWh,PT1H,US-TX,ercot_dam,HB_NORTH,ercot:NP4-190-CD,https://www.ercot.com/misdownload/servlets/mirDownload?doclookupId=1270910083,2026-09-25T06:37:39Z,2026-09-05T17:32:38Z
ercot:HB_NORTH,spp_dam,2026-09-06T16:00:00Z,22.2,USD/MWh,PT1H,US-TX,ercot_dam,HB_NORTH,ercot:NP4-190-CD,https://www.ercot.com/misdownload/servlets/mirDownload?doclookupId=1270910083,2026-09-25T06:37:39Z,2026-09-05T17:32:38Z
ercot:HB_NORTH,spp_dam,2026-09-06T17:00:00Z,25.32,USD/MWh,PT1H,US-TX,ercot_dam,HB_NORTH,ercot:NP4-190-CD,https://www.ercot.com/misdownload/servlets/mirDownload?doclookupId=1270910083,2026-09-25T06:37:39Z,2026-09-05T17:32:38Z
ercot:HB_NORTH,spp_dam,2026-09-06T18:00:00Z,29.47,USD/MWh,PT1H,US-TX,ercot_dam,HB_NORTH,ercot:NP4-190-CD,https://www.ercot.com/misdownload/servlets/mirDownload?doclookupId=1270910083,2026-09-25T06:37:39Z,2026-09-05T17:32:38Z
ercot:HB_NORTH,spp_dam,2026-09-06T19:00:00Z,33.66,USD/MWh,PT1H,US-TX,ercot_dam,HB_NORTH,ercot:NP4-190-CD,https://www.ercot.com/misdownload/servlets/mirDownload?doclookupId=1270910083,2026-09-25T06:37:39Z,2026-09-05T17:32:38Z
ercot:HB_NORTH,spp_dam,2026-09-06T20:00:00Z,35.89,USD/MWh,PT1H,US-TX,ercot_dam,HB_NORTH,ercot:NP4-190-CD,https://www.ercot.com/misdownload/servlets/mirDownload?doclookupId=1270910083,2026-09-25T06:37:39Z,2026-09-05T17:32:38Z
ercot:HB_NORTH,spp_dam,2026-09-06T21:00:00Z,39.13,USD/MWh,PT1H,US-TX,ercot_dam,HB_NORTH,ercot:NP4-190-CD,https://www.ercot.com/misdownload/servlets/mirDownload?doclookupId=1270910083,2026-09-25T06:37:39Z,2026-09-05T17:32:38Z
ercot:HB_NORTH,spp_dam,2026-09-06T22:00:00Z,44.4,USD/MWh,PT1H,US-TX,ercot_dam,HB_NORTH,ercot:NP4-190-CD,https://www.ercot.com/misdownload/servlets/mirDownload?doclookupId=1270910083,2026-09-25T06:37:39Z,2026-09-05T17:32:38Z
ercot:HB_NORTH,spp_dam,2026-09-06T23:00:00Z,55.49,USD/MWh,PT1H,US-TX,ercot_dam,HB_NORTH,ercot:NP4-190-CD,https://www.ercot.com/misdownload/servlets/mirDownload?doclookupId=1270910083,2026-09-25T06:37:39Z,2026-09-05T17:32:38Z
ercot:HB_NORTH,spp_dam,2026-09-07T00:00:00Z,65.02,USD/MWh,PT1H,US-TX,ercot_dam,HB_NORTH,ercot:NP4-190-CD,https://www.ercot.com/misdownload/servlets/mirDownload?doclookupId=1270910083,2026-09-25T06:37:39Z,2026-09-05T17:32:38Z
ercot:HB_NORTH,spp_dam,2026-09-07T01:00:00Z,61.88,USD/MWh,PT1H,US-TX,ercot_dam,HB_NORTH,ercot:NP4-190-CD,https://www.ercot.com/misdownload/servlets/mirDownload?doclookupId=1270910083,2026-09-25T06:37:39Z,2026-09-05T17:32:38Z
ercot:HB_NORTH,spp_dam,2026-09-07T02:00:00Z,56.02,USD/MWh,PT1H,US-TX,ercot_dam,HB_NORTH,ercot:NP4-190-CD,https://www.ercot.com/misdownload/servlets/mirDownload?doclookupId=1270910083,2026-09-25T06:37:39Z,2026-09-05T17:32:38Z
ercot:HB_NORTH,spp_dam,2026-09-07T03:00:00Z,50.0,USD/MWh,PT1H,US-TX,ercot_dam,HB_NORTH,ercot:NP4-190-CD,https://www.ercot.com/misdownload/servlets/mirDownload?doclookupId=1270910083,2026-09-25T06:37:39Z,2026-09-05T17:32:38Z
ercot:HB_NORTH,spp_dam,2026-09-07T04:00:00Z,37.85,USD/MWh,PT1H,US-TX,ercot_dam,HB_NORTH,ercot:NP4-190-CD,https://www.ercot.com/misdownload/servlets/mirDownload?doclookupId=1270910083,2026-09-25T06:37:39Z,2026-09-05T17:32:38Z
ercot:HB_NORTH,spp_dam,2026-09-07T05:00:00Z,44.33,USD/MWh,PT1H,US-TX,ercot_dam,HB_NORTH,ercot:NP4-190-CD,https://www.ercot.com/misdownload/servlets/mirDownload?doclookupId=1271299081,2026-09-25T06:37:38Z,2026-09-06T17:32:41Z
ercot:HB_NORTH,spp_dam,2026-09-07T06:00:00Z,40.0,USD/MWh,PT1H,US-TX,ercot_dam,HB_NORTH,ercot:NP4-190-CD,https://www.ercot.com/misdownload/servlets/mirDownload?doclookupId=1271299081,2026-09-25T06:37:38Z,2026-09-06T17:32:41Z
ercot:HB_NORTH,spp_dam,2026-09-07T07:00:00Z,37.41,USD/MWh,PT1H,US-TX,ercot_dam,HB_NORTH,ercot:NP4-190-CD,https://www.ercot.com/misdownload/servlets/mirDownload?doclookupId=1271299081,2026-09-25T06:37:38Z,2026-09-06T17:32:41Z
ercot:HB_NORTH,spp_dam,2026-09-07T08:00:00Z,36.0,USD/MWh,PT1H,US-TX,ercot_dam,HB_NORTH,ercot:NP4-190-CD,https://www.ercot.com/misdownload/servlets/mirDownload?doclookupId=1271299081,2026-09-25T06:37:38Z,2026-09-06T17:32:41Z
ercot:HB_NORTH,spp_dam,2026-09-07T09:00:00Z,36.78,USD/MWh,PT1H,US-TX,ercot_dam,HB_NORTH,ercot:NP4-190-CD,https://www.ercot.com/misdownload/servlets/mirDownload?doclookupId=1271299081,2026-09-25T06:37:38Z,2026-09-06T17:32:41Z
ercot:HB_NORTH,spp_dam,2026-09-07T10:00:00Z,40.21,USD/MWh,PT1H,US-TX,ercot_dam,HB_NORTH,ercot:NP4-190-CD,https://www.ercot.com/misdownload/servlets/mirDownload?doclookupId=1271299081,2026-09-25T06:37:38Z,2026-09-06T17:32:41Z
ercot:HB_NORTH,spp_dam,2026-09-07T11:00:00Z,36.88,USD/MWh,PT1H,US-TX,ercot_dam,HB_NORTH,ercot:NP4-190-CD,https://www.ercot.com/misdownload/servlets/mirDownload?doclookupId=1271299081,2026-09-25T06:37:38Z,2026-09-06T17:32:41Z
ercot:HB_NORTH,spp_dam,2026-09-07T12:00:00Z,33.91,USD/MWh,PT1H,US-TX,ercot_dam,HB_NORTH,ercot:NP4-190-CD,https://www.ercot.com/misdownload/servlets/mirDownload?doclookupId=1271299081,2026-09-25T06:37:38Z,2026-09-06T17:32:41Z
ercot:HB_NORTH,spp_dam,2026-09-07T13:00:00Z,24.3,USD/MWh,PT1H,US-TX,ercot_dam,HB_NORTH,ercot:NP4-190-CD,https://www.ercot.com/misdownload/servlets/mirDownload?doclookupId=1271299081,2026-09-25T06:37:38Z,2026-09-06T17:32:41Z
ercot:HB_NORTH,spp_dam,2026-09-07T14:00:00Z,22.24,USD/MWh,PT1H,US-TX,ercot_dam,HB_NORTH,ercot:NP4-190-CD,https://www.ercot.com/misdownload/servlets/mirDownload?doclookupId=1271299081,2026-09-25T06:37:38Z,2026-09-06T17:32:41Z
ercot:HB_NORTH,spp_dam,2026-09-07T15:00:00Z,21.72,USD/MWh,PT1H,US-TX,ercot_dam,HB_NORTH,ercot:NP4-190-CD,https://www.ercot.com/misdownload/servlets/mirDownload?doclookupId=1271299081,2026-09-25T06:37:38Z,2026-09-06T17:32:41Z
ercot:HB_NORTH,spp_dam,2026-09-07T16:00:00Z,22.81,USD/MWh,PT1H,US-TX,ercot_dam,HB_NORTH,ercot:NP4-190-CD,https://www.ercot.com/misdownload/servlets/mirDownload?doclookupId=1271299081,2026-09-25T06:37:38Z,2026-09-06T17:32:41Z
ercot:HB_NORTH,spp_dam,2026-09-07T17:00:00Z,26.85,USD/MWh,PT1H,US-TX,ercot_dam,HB_NORTH,ercot:NP4-190-CD,https://www.ercot.com/misdownload/servlets/mirDownload?doclookupId=1271299081,2026-09-25T06:37:38Z,2026-09-06T17:32:41Z
ercot:HB_NORTH,spp_dam,2026-09-07T18:00:00Z,33.03,USD/MWh,PT1H,US-TX,ercot_dam,HB_NORTH,ercot:NP4-190-CD,https://www.ercot.com/misdownload/servlets/mirDownload?doclookupId=1271299081,2026-09-25T06:37:38Z,2026-09-06T17:32:41Z
ercot:HB_NORTH,spp_dam,2026-09-07T19:00:00Z,38.1,USD/MWh,PT1H,US-TX,ercot_dam,HB_NORTH,ercot:NP4-190-CD,https://www.ercot.com/misdownload/servlets/mirDownload?doclookupId=1271299081,2026-09-25T06:37:38Z,2026-09-06T17:32:41Z
ercot:HB_NORTH,spp_dam,2026-09-07T20:00:00Z,40.3,USD/MWh,PT1H,US-TX,ercot_dam,HB_NORTH,ercot:NP4-190-CD,https://www.ercot.com/misdownload/servlets/mirDownload?doclookupId=1271299081,2026-09-25T06:37:38Z,2026-09-06T17:32:41Z
ercot:HB_NORTH,spp_dam,2026-09-07T21:00:00Z,41.99,USD/MWh,PT1H,US-TX,ercot_dam,HB_NORTH,ercot:NP4-190-CD,https://www.ercot.com/misdownload/servlets/mirDownload?doclookupId=1271299081,2026-09-25T06:37:38Z,2026-09-06T17:32:41Z
ercot:HB_NORTH,spp_dam,2026-09-07T22:00:00Z,51.9,USD/MWh,PT1H,US-TX,ercot_dam,HB_NORTH,ercot:NP4-190-CD,https://www.ercot.com/misdownload/servlets/mirDownload?doclookupId=1271299081,2026-09-25T06:37:38Z,2026-09-06T17:32:41Z
ercot:HB_NORTH,spp_dam,2026-09-07T23:00:00Z,76.03,USD/MWh,PT1H,US-TX,ercot_dam,HB_NORTH,ercot:NP4-190-CD,https://www.ercot.com/misdownload/servlets/mirDownload?doclookupId=1271299081,2026-09-25T06:37:38Z,2026-09-06T17:32:41Z
ercot:HB_NORTH,spp_dam,2026-09-08T00:00:00Z,88.34,USD/MWh,PT1H,US-TX,ercot_dam,HB_NORTH,ercot:NP4-190-CD,https://www.ercot.com/misdownload/servlets/mirDownload?doclookupId=1271299081,2026-09-25T06:37:38Z,2026-09-06T17:32:41Z
ercot:HB_NORTH,spp_dam,2026-09-08T01:00:00Z,81.2,USD/MWh,PT1H,US-TX,ercot_dam,HB_NORTH,ercot:NP4-190-CD,https://www.ercot.com/misdownload/servlets/mirDownload?doclookupId=1271299081,2026-09-25T06:37:38Z,2026-09-06T17:32:41Z
ercot:HB_NORTH,spp_dam,2026-09-08T02:00:00Z,70.53,USD/MWh,PT1H,US-TX,ercot_dam,HB_NORTH,ercot:NP4-190-CD,https://www.ercot.com/misdownload/servlets/mirDownload?doclookupId=1271299081,2026-09-25T06:37:38Z,2026-09-06T17:32:41Z
ercot:HB_NORTH,spp_dam,2026-09-08T03:00:00Z,63.16,USD/MWh,PT1H,US-TX,ercot_dam,HB_NORTH,ercot:NP4-190-CD,https://www.ercot.com/misdownload/servlets/mirDownload?doclookupId=1271299081,2026-09-25T06:37:38Z,2026-09-06T17:32:41Z
ercot:HB_NORTH,spp_dam,2026-09-08T04:00:00Z,41.44,USD/MWh,PT1H,US-TX,ercot_dam,HB_NORTH,ercot:NP4-190-CD,https://www.ercot.com/misdownload/servlets/mirDownload?doclookupId=1271299081,2026-09-25T06:37:38Z,2026-09-06T17:32:41Z
ercot:HB_NORTH,spp_dam,2026-09-08T05:00:00Z,33.15,USD/MWh,PT1H,US-TX,ercot_dam,HB_NORTH,ercot:NP4-190-CD,https://www.ercot.com/misdownload/servlets/mirDownload?doclookupId=1271688868,2026-09-25T06:37:37Z,2026-09-07T17:32:52Z
ercot:HB_NORTH,spp_dam,2026-09-08T06:00:00Z,30.47,USD/MWh,PT1H,US-TX,ercot_dam,HB_NORTH,ercot:NP4-190-CD,https://www.ercot.com/misdownload/servlets/mirDownload?doclookupId=1271688868,2026-09-25T06:37:37Z,2026-09-07T17:32:52Z
ercot:HB_NORTH,spp_dam,2026-09-08T07:00:00Z,30.0,USD/MWh,PT1H,US-TX,ercot_dam,HB_NORTH,ercot:NP4-190-CD,https://www.ercot.com/misdownload/servlets/mirDownload?doclookupId=1271688868,2026-09-25T06:37:37Z,2026-09-07T17:32:52Z
ercot:HB_NORTH,spp_dam,2026-09-08T08:00:00Z,28.94,USD/MWh,PT1H,US-TX,ercot_dam,HB_NORTH,ercot:NP4-190-CD,https://www.ercot.com/misdownload/servlets/mirDownload?doclookupId=1271688868,2026-09-25T06:37:37Z,2026-09-07T17:32:52Z
ercot:HB_NORTH,spp_dam,2026-09-08T09:00:00Z,29.74,USD/MWh,PT1H,US-TX,ercot_dam,HB_NORTH,ercot:NP4-190-CD,https://www.ercot.com/misdownload/servlets/mirDownload?doclookupId=1271688868,2026-09-25T06:37:37Z,2026-09-07T17:32:52Z
ercot:HB_NORTH,spp_dam,2026-09-08T10:00:00Z,35.0,USD/MWh,PT1H,US-TX,ercot_dam,HB_NORTH,ercot:NP4-190-CD,https://www.ercot.com/misdownload/servlets/mirDownload?doclookupId=1271688868,2026-09-25T06:37:37Z,2026-09-07T17:32:52Z
ercot:HB_NORTH,spp_dam,2026-09-08T11:00:00Z,37.17,USD/MWh,PT1H,US-TX,ercot_dam,HB_NORTH,ercot:NP4-190-CD,https://www.ercot.com/misdownload/servlets/mirDownload?doclookupId=1271688868,2026-09-25T06:37:37Z,2026-09-07T17:32:52Z
ercot:HB_NORTH,spp_dam,2026-09-08T12:00:00Z,34.71,USD/MWh,PT1H,US-TX,ercot_dam,HB_NORTH,ercot:NP4-190-CD,https://www.ercot.com/misdownload/servlets/mirDownload?doclookupId=1271688868,2026-09-25T06:37:37Z,2026-09-07T17:32:52Z
ercot:HB_NORTH,spp_dam,2026-09-08T13:00:00Z,24.62,USD/MWh,PT1H,US-TX,ercot_dam,HB_NORTH,ercot:NP4-190-CD,https://www.ercot.com/misdownload/servlets/mirDownload?doclookupId=1271688868,2026-09-25T06:37:37Z,2026-09-07T17:32:52Z
ercot:HB_NORTH,spp_dam,2026-09-08T14:00:00Z,20.42,USD/MWh,PT1H,US-TX,ercot_dam,HB_NORTH,ercot:NP4-190-CD,https://www.ercot.com/misdownload/servlets/mirDownload?doclookupId=1271688868,2026-09-25T06:37:37Z,2026-09-07T17:32:52Z
ercot:HB_NORTH,spp_dam,2026-09-08T15:00:00Z,20.1,USD/MWh,PT1H,US-TX,ercot_dam,HB_NORTH,ercot:NP4-190-CD,https://www.ercot.com/misdownload/servlets/mirDownload?doclookupId=1271688868,2026-09-25T06:37:37Z,2026-09-07T17:32:52Z
ercot:HB_NORTH,spp_dam,2026-09-08T16:00:00Z,21.82,USD/MWh,PT1H,US-TX,ercot_dam,HB_NORTH,ercot:NP4-190-CD,https://www.ercot.com/misdownload/servlets/mirDownload?doclookupId=1271688868,2026-09-25T06:37:37Z,2026-09-07T17:32:52Z
ercot:HB_NORTH,spp_dam,2026-09-08T17:00:00Z,26.6,USD/MWh,PT1H,US-TX,ercot_dam,HB_NORTH,ercot:NP4-190-CD,https://www.ercot.com/misdownload/servlets/mirDownload?doclookupId=1271688868,2026-09-25T06:37:37Z,2026-09-07T17:32:52Z
ercot:HB_NORTH,spp_dam,2026-09-08T18:00:00Z,32.36,USD/MWh,PT1H,US-TX,ercot_dam,HB_NORTH,ercot:NP4-190-CD,https://www.ercot.com/misdownload/servlets/mirDownload?doclookupId=1271688868,2026-09-25T06:37:37Z,2026-09-07T17:32:52Z
ercot:HB_NORTH,spp_dam,2026-09-08T19:00:00Z,33.76,USD/MWh,PT1H,US-TX,ercot_dam,HB_NORTH,ercot:NP4-190-CD,https://www.ercot.com/misdownload/servlets/mirDownload?doclookupId=1271688868,2026-09-25T06:37:37Z,2026-09-07T17:32:52Z
ercot:HB_NORTH,spp_dam,2026-09-08T20:00:00Z,35.83,USD/MWh,PT1H,US-TX,ercot_dam,HB_NORTH,ercot:NP4-190-CD,https://www.ercot.com/misdownload/servlets/mirDownload?doclookupId=1271688868,2026-09-25T06:37:37Z,2026-09-07T17:32:52Z
ercot:HB_NORTH,spp_dam,2026-09-08T21:00:00Z,40.1,USD/MWh,PT1H,US-TX,ercot_dam,HB_NORTH,ercot:NP4-190-CD,https://www.ercot.com/misdownload/servlets/mirDownload?doclookupId=1271688868,2026-09-25T06:37:37Z,2026-09-07T17:32:52Z
ercot:HB_NORTH,spp_dam,2026-09-08T22:00:00Z,45.36,USD/MWh,PT1H,US-TX,ercot_dam,HB_NORTH,ercot:NP4-190-CD,https://www.ercot.com/misdownload/servlets/mirDownload?doclookupId=1271688868,2026-09-25T06:37:37Z,2026-09-07T17:32:52Z
ercot:HB_NORTH,spp_dam,2026-09-08T23:00:00Z,69.4,USD/MWh,PT1H,US-TX,ercot_dam,HB_NORTH,ercot:NP4-190-CD,https://www.ercot.com/misdownload/servlets/mirDownload?doclookupId=1271688868,2026-09-25T06:37:37Z,2026-09-07T17:32:52Z
ercot:HB_NORTH,spp_dam,2026-09-09T00:00:00Z,87.46,USD/MWh,PT1H,US-TX,ercot_dam,HB_NORTH,ercot:NP4-190-CD,https://www.ercot.com/misdownload/servlets/mirDownload?doclookupId=1271688868,2026-09-25T06:37:37Z,2026-09-07T17:32:52Z
ercot:HB_NORTH,spp_dam,2026-09-09T01:00:00Z,78.8,USD/MWh,PT1H,US-TX,ercot_dam,HB_NORTH,ercot:NP4-190-CD,https://www.ercot.com/misdownload/servlets/mirDownload?doclookupId=1271688868,2026-09-25T06:37:37Z,2026-09-07T17:32:52Z
ercot:HB_NORTH,spp_dam,2026-09-09T02:00:00Z,67.56,USD/MWh,PT1H,US-TX,ercot_dam,HB_NORTH,ercot:NP4-190-CD,https://www.ercot.com/misdownload/servlets/mirDownload?doclookupId=1271688868,2026-09-25T06:37:37Z,2026-09-07T17:32:52Z
ercot:HB_NORTH,spp_dam,2026-09-09T03:00:00Z,49.0,USD/MWh,PT1H,US-TX,ercot_dam,HB_NORTH,ercot:NP4-190-CD,https://www.ercot.com/misdownload/servlets/mirDownload?doclookupId=1271688868,2026-09-25T06:37:37Z,2026-09-07T17:32:52Z
ercot:HB_NORTH,spp_dam,2026-09-09T04:00:00Z,37.24,USD/MWh,PT1H,US-TX,ercot_dam,HB_NORTH,ercot:NP4-190-CD,https://www.ercot.com/misdownload/servlets/mirDownload?doclookupId=1271688868,2026-09-25T06:37:37Z,2026-09-07T17:32:52Z
ercot:HB_NORTH,spp_dam,2026-09-09T05:00:00Z,32.62,USD/MWh,PT1H,US-TX,ercot_dam,HB_NORTH,ercot:NP4-190-CD,https://www.ercot.com/misdownload/servlets/mirDownload?doclookupId=1272093341,2026-09-25T06:37:36Z,2026-09-08T17:33:15Z
ercot:HB_NORTH,spp_dam,2026-09-09T06:00:00Z,30.39,USD/MWh,PT1H,US-TX,ercot_dam,HB_NORTH,ercot:NP4-190-CD,https://www.ercot.com/misdownload/servlets/mirDownload?doclookupId=1272093341,2026-09-25T06:37:36Z,2026-09-08T17:33:15Z
ercot:HB_NORTH,spp_dam,2026-09-09T07:00:00Z,30.06,USD/MWh,PT1H,US-TX,ercot_dam,HB_NORTH,ercot:NP4-190-CD,https://www.ercot.com/misdownload/servlets/mirDownload?doclookupId=1272093341,2026-09-25T06:37:36Z,2026-09-08T17:33:15Z
ercot:HB_NORTH,spp_dam,2026-09-09T08:00:00Z,28.7,USD/MWh,PT1H,US-TX,ercot_dam,HB_NORTH,ercot:NP4-190-CD,https://www.ercot.com/misdownload/servlets/mirDownload?doclookupId=1272093341,2026-09-25T06:37:36Z,2026-09-08T17:33:15Z
ercot:HB_NORTH,spp_dam,2026-09-09T09:00:00Z,30.07,USD/MWh,PT1H,US-TX,ercot_dam,HB_NORTH,ercot:NP4-190-CD,https://www.ercot.com/misdownload/servlets/mirDownload?doclookupId=1272093341,2026-09-25T06:37:36Z,2026-09-08T17:33:15Z
ercot:HB_NORTH,spp_dam,2026-09-09T10:00:00Z,33.93,USD/MWh,PT1H,US-TX,ercot_dam,HB_NORTH,ercot:NP4-190-CD,https://www.ercot.com/misdownload/servlets/mirDownload?doclookupId=1272093341,2026-09-25T06:37:36Z,2026-09-08T17:33:15Z
ercot:HB_NORTH,spp_dam,2026-09-09T11:00:00Z,40.01,USD/MWh,PT1H,US-TX,ercot_dam,HB_NORTH,ercot:NP4-190-CD,https://www.ercot.com/misdownload/servlets/mirDownload?doclookupId=1272093341,2026-09-25T06:37:36Z,2026-09-08T17:33:15Z
ercot:HB_NORTH,spp_dam,2026-09-09T12:00:00Z,35.24,USD/MWh,PT1H,US-TX,ercot_dam,HB_NORTH,ercot:NP4-190-CD,https://www.ercot.com/misdownload/servlets/mirDownload?doclookupId=1272093341,2026-09-25T06:37:36Z,2026-09-08T17:33:15Z
ercot:HB_NORTH,spp_dam,2026-09-09T13:00:00Z,26.45,USD/MWh,PT1H,US-TX,ercot_dam,HB_NORTH,ercot:NP4-190-CD,https://www.ercot.com/misdownload/servlets/mirDownload?doclookupId=1272093341,2026-09-25T06:37:36Z,2026-09-08T17:33:15Z
ercot:HB_NORTH,spp_dam,2026-09-09T14:00:00Z,21.68,USD/MWh,PT1H,US-TX,ercot_dam,HB_NORTH,ercot:NP4-190-CD,https://www.ercot.com/misdownload/servlets/mirDownload?doclookupId=1272093341,2026-09-25T06:37:36Z,2026-09-08T17:33:15Z
ercot:HB_NORTH,spp_dam,2026-09-09T15:00:00Z,22.03,USD/MWh,PT1H,US-TX,ercot_dam,HB_NORTH,ercot:NP4-190-CD,https://www.ercot.com/misdownload/servlets/mirDownload?doclookupId=1272093341,2026-09-25T06:37:36Z,2026-09-08T17:33:15Z
ercot:HB_NORTH,spp_dam,2026-09-09T16:00:00Z,25.63,USD/MWh,PT1H,US-TX,ercot_dam,HB_NORTH,ercot:NP4-190-CD,https://www.ercot.com/misdownload/servlets/mirDownload?doclookupId=1272093341,2026-09-25T06:37:36Z,2026-09-08T17:33:15Z
ercot:HB_NORTH,spp_dam,2026-09-09T17:00:00Z,32.58,USD/MWh,PT1H,US-TX,ercot_dam,HB_NORTH,ercot:NP4-190-CD,https://www.ercot.com/misdownload/servlets/mirDownload?doclookupId=1272093341,2026-09-25T06:37:36Z,2026-09-08T17:33:15Z
ercot:HB_NORTH,spp_dam,2026-09-09T18:00:00Z,37.73,USD/MWh,PT1H,US-TX,ercot_dam,HB_NORTH,ercot:NP4-190-CD,https://www.ercot.com/misdownload/servlets/mirDownload?doclookupId=1272093341,2026-09-25T06:37:36Z,2026-09-08T17:33:15Z
ercot:HB_NORTH,spp_dam,2026-09-09T19:00:00Z,39.74,USD/MWh,PT1H,US-TX,ercot_dam,HB_NORTH,ercot:NP4-190-CD,https://www.ercot.com/misdownload/servlets/mirDownload?doclookupId=1272093341,2026-09-25T06:37:36Z,2026-09-08T17:33:15Z
ercot:HB_NORTH,spp_dam,2026-09-09T20:00:00Z,40.08,USD/MWh,PT1H,US-TX,ercot_dam,HB_NORTH,ercot:NP4-190-CD,https://www.ercot.com/misdownload/servlets/mirDownload?doclookupId=1272093341,2026-09-25T06:37:36Z,2026-09-08T17:33:15Z
ercot:HB_NORTH,spp_dam,2026-09-09T21:00:00Z,41.16,USD/MWh,PT1H,US-TX,ercot_dam,HB_NORTH,ercot:NP4-190-CD,https://www.ercot.com/misdownload/servlets/mirDownload?doclookupId=1272093341,2026-09-25T06:37:36Z,2026-09-08T17:33:15Z
ercot:HB_NORTH,spp_dam,2026-09-09T22:00:00Z,54.78,USD/MWh,PT1H,US-TX,ercot_dam,HB_NORTH,ercot:NP4-190-CD,https://www.ercot.com/misdownload/servlets/mirDownload?doclookupId=1272093341,2026-09-25T06:37:36Z,2026-09-08T17:33:15Z
ercot:HB_NORTH,spp_dam,2026-09-09T23:00:00Z,84.79,USD/MWh,PT1H,US-TX,ercot_dam,HB_NORTH,ercot:NP4-190-CD,https://www.ercot.com/misdownload/servlets/mirDownload?doclookupId=1272093341,2026-09-25T06:37:36Z,2026-09-08T17:33:15Z
ercot:HB_NORTH,spp_dam,2026-09-10T00:00:00Z,105.52,USD/MWh,PT1H,US-TX,ercot_dam,HB_NORTH,ercot:NP4-190-CD,https://www.ercot.com/misdownload/servlets/mirDownload?doclookupId=1272093341,2026-09-25T06:37:36Z,2026-09-08T17:33:15Z
ercot:HB_NORTH,spp_dam,2026-09-10T01:00:00Z,100.14,USD/MWh,PT1H,US-TX,ercot_dam,HB_NORTH,ercot:NP4-190-CD,https://www.ercot.com/misdownload/servlets/mirDownload?doclookupId=1272093341,2026-09-25T06:37:36Z,2026-09-08T17:33:15Z
ercot:HB_NORTH,spp_dam,2026-09-10T02:00:00Z,92.42,USD/MWh,PT1H,US-TX,ercot_dam,HB_NORTH,ercot:NP4-190-CD,https://www.ercot.com/misdownload/servlets/mirDownload?doclookupId=1272093341,2026-09-25T06:37:36Z,2026-09-08T17:33:15Z
ercot:HB_NORTH,spp_dam,2026-09-10T03:00:00Z,58.5,USD/MWh,PT1H,US-TX,ercot_dam,HB_NORTH,ercot:NP4-190-CD,https://www.ercot.com/misdownload/servlets/mirDownload?doclookupId=1272093341,2026-09-25T06:37:36Z,2026-09-08T17:33:15Z
ercot:HB_NORTH,spp_dam,2026-09-10T04:00:00Z,40.09,USD/MWh,PT1H,US-TX,ercot_dam,HB_NORTH,ercot:NP4-190-CD,https://www.ercot.com/misdownload/servlets/mirDownload?doclookupId=1272093341,2026-09-25T06:37:36Z,2026-09-08T17:33:15Z
ercot:HB_NORTH,spp_dam,2026-09-10T05:00:00Z,32.45,USD/MWh,PT1H,US-TX,ercot_dam,HB_NORTH,ercot:NP4-190-CD,https://www.ercot.com/misdownload/servlets/mirDownload?doclookupId=1272509790,2026-09-25T06:37:35Z,2026-09-09T17:57:39Z
ercot:HB_NORTH,spp_dam,2026-09-10T06:00:00Z,29.45,USD/MWh,PT1H,US-TX,ercot_dam,HB_NORTH,ercot:NP4-190-CD,https://www.ercot.com/misdownload/servlets/mirDownload?doclookupId=1272509790,2026-09-25T06:37:35Z,2026-09-09T17:57:39Z
ercot:HB_NORTH,spp_dam,2026-09-10T07:00:00Z,30.47,USD/MWh,PT1H,US-TX,ercot_dam,HB_NORTH,ercot:NP4-190-CD,https://www.ercot.com/misdownload/servlets/mirDownload?doclookupId=1272509790,2026-09-25T06:37:35Z,2026-09-09T17:57:39Z
ercot:HB_NORTH,spp_dam,2026-09-10T08:00:00Z,28.87,USD/MWh,PT1H,US-TX,ercot_dam,HB_NORTH,ercot:NP4-190-CD,https://www.ercot.com/misdownload/servlets/mirDownload?doclookupId=1272509790,2026-09-25T06:37:35Z,2026-09-09T17:57:39Z
ercot:HB_NORTH,spp_dam,2026-09-10T09:00:00Z,30.09,USD/MWh,PT1H,US-TX,ercot_dam,HB_NORTH,ercot:NP4-190-CD,https://www.ercot.com/misdownload/servlets/mirDownload?doclookupId=1272509790,2026-09-25T06:37:35Z,2026-09-09T17:57:39Z
ercot:HB_NORTH,spp_dam,2026-09-10T10:00:00Z,33.91,USD/MWh,PT1H,US-TX,ercot_dam,HB_NORTH,ercot:NP4-190-CD,https://www.ercot.com/misdownload/servlets/mirDownload?doclookupId=1272509790,2026-09-25T06:37:35Z,2026-09-09T17:57:39Z
ercot:HB_NORTH,spp_dam,2026-09-10T11:00:00Z,39.0,USD/MWh,PT1H,US-TX,ercot_dam,HB_NORTH,ercot:NP4-190-CD,https://www.ercot.com/misdownload/servlets/mirDownload?doclookupId=1272509790,2026-09-25T06:37:35Z,2026-09-09T17:57:39Z
ercot:HB_NORTH,spp_dam,2026-09-10T12:00:00Z,37.4,USD/MWh,PT1H,US-TX,ercot_dam,HB_NORTH,ercot:NP4-190-CD,https://www.ercot.com/misdownload/servlets/mirDownload?doclookupId=1272509790,2026-09-25T06:37:35Z,2026-09-09T17:57:39Z
ercot:HB_NORTH,spp_dam,2026-09-10T13:00:00Z,26.15,USD/MWh,PT1H,US-TX,ercot_dam,HB_NORTH,ercot:NP4-190-CD,https://www.ercot.com/misdownload/servlets/mirDownload?doclookupId=1272509790,2026-09-25T06:37:35Z,2026-09-09T17:57:39Z
ercot:HB_NORTH,spp_dam,2026-09-10T14:00:00Z,22.6,USD/MWh,PT1H,US-TX,ercot_dam,HB_NORTH,ercot:NP4-190-CD,https://www.ercot.com/misdownload/servlets/mirDownload?doclookupId=1272509790,2026-09-25T06:37:35Z,2026-09-09T17:57:39Z
ercot:HB_NORTH,spp_dam,2026-09-10T15:00:00Z,23.37,USD/MWh,PT1H,US-TX,ercot_dam,HB_NORTH,ercot:NP4-190-CD,https://www.ercot.com/misdownload/servlets/mirDownload?doclookupId=1272509790,2026-09-25T06:37:35Z,2026-09-09T17:57:39Z
ercot:HB_NORTH,spp_dam,2026-09-10T16:00:00Z,24.74,USD/MWh,PT1H,US-TX,ercot_dam,HB_NORTH,ercot:NP4-190-CD,https://www.ercot.com/misdownload/servlets/mirDownload?doclookupId=1272509790,2026-09-25T06:37:35Z,2026-09-09T17:57:39Z
ercot:HB_NORTH,spp_dam,2026-09-10T17:00:00Z,30.4,USD/MWh,PT1H,US-TX,ercot_dam,HB_NORTH,ercot:NP4-190-CD,https://www.ercot.com/misdownload/servlets/mirDownload?doclookupId=1272509790,2026-09-25T06:37:35Z,2026-09-09T17:57:39Z
ercot:HB_NORTH,spp_dam,2026-09-10T18:00:00Z,39.32,USD/MWh,PT1H,US-TX,ercot_dam,HB_NORTH,ercot:NP4-190-CD,https://www.ercot.com/misdownload/servlets/mirDownload?doclookupId=1272509790,2026-09-25T06:37:35Z,2026-09-09T17:57:39Z
ercot:HB_NORTH,spp_dam,2026-09-10T19:00:00Z,41.63,USD/MWh,PT1H,US-TX,ercot_dam,HB_NORTH,ercot:NP4-190-CD,https://www.ercot.com/misdownload/servlets/mirDownload?doclookupId=1272509790,2026-09-25T06:37:35Z,2026-09-09T17:57:39Z
ercot:HB_NORTH,spp_dam,2026-09-10T20:00:00Z,41.7,USD/MWh,PT1H,US-TX,ercot_dam,HB_NORTH,ercot:NP4-190-CD,https://www.ercot.com/misdownload/servlets/mirDownload?doclookupId=1272509790,2026-09-25T06:37:35Z,2026-09-09T17:57:39Z
ercot:HB_NORTH,spp_dam,2026-09-10T21:00:00Z,46.89,USD/MWh,PT1H,US-TX,ercot_dam,HB_NORTH,ercot:NP4-190-CD,https://www.ercot.com/misdownload/servlets/mirDownload?doclookupId=1272509790,2026-09-25T06:37:35Z,2026-09-09T17:57:39Z
ercot:HB_NORTH,spp_dam,2026-09-10T22:00:00Z,59.01,USD/MWh,PT1H,US-TX,ercot_dam,HB_NORTH,ercot:NP4-190-CD,https://www.ercot.com/misdownload/servlets/mirDownload?doclookupId=1272509790,2026-09-25T06:37:35Z,2026-09-09T17:57:39Z
ercot:HB_NORTH,spp_dam,2026-09-10T23:00:00Z,84.5,USD/MWh,PT1H,US-TX,ercot_dam,HB_NORTH,ercot:NP4-190-CD,https://www.ercot.com/misdownload/servlets/mirDownload?doclookupId=1272509790,2026-09-25T06:37:35Z,2026-09-09T17:57:39Z
ercot:HB_NORTH,spp_dam,2026-09-11T00:00:00Z,97.2,USD/MWh,PT1H,US-TX,ercot_dam,HB_NORTH,ercot:NP4-190-CD,https://www.ercot.com/misdownload/servlets/mirDownload?doclookupId=1272509790,2026-09-25T06:37:35Z,2026-09-09T17:57:39Z
ercot:HB_NORTH,spp_dam,2026-09-11T01:00:00Z,97.77,USD/MWh,PT1H,US-TX,ercot_dam,HB_NORTH,ercot:NP4-190-CD,https://www.ercot.com/misdownload/servlets/mirDownload?doclookupId=1272509790,2026-09-25T06:37:35Z,2026-09-09T17:57:39Z
ercot:HB_NORTH,spp_dam,2026-09-11T02:00:00Z,84.34,USD/MWh,PT1H,US-TX,ercot_dam,HB_NORTH,ercot:NP4-190-CD,https://www.ercot.com/misdownload/servlets/mirDownload?doclookupId=1272509790,2026-09-25T06:37:35Z,2026-09-09T17:57:39Z
ercot:HB_NORTH,spp_dam,2026-09-11T03:00:00Z,59.01,USD/MWh,PT1H,US-TX,ercot_dam,HB_NORTH,ercot:NP4-190-CD,https://www.ercot.com/misdownload/servlets/mirDownload?doclookupId=1272509790,2026-09-25T06:37:35Z,2026-09-09T17:57:39Z
ercot:HB_NORTH,spp_dam,2026-09-11T04:00:00Z,40.19,USD/MWh,PT1H,US-TX,ercot_dam,HB_NORTH,ercot:NP4-190-CD,https://www.ercot.com/misdownload/servlets/mirDownload?doclookupId=1272509790,2026-09-25T06:37:35Z,2026-09-09T17:57:39Z
ercot:HB_NORTH,spp_dam,2026-09-11T05:00:00Z,34.8,USD/MWh,PT1H,US-TX,ercot_dam,HB_NORTH,ercot:NP4-190-CD,https://www.ercot.com/misdownload/servlets/mirDownload?doclookupId=1272916697,2026-09-25T06:37:35Z,2026-09-10T17:33:26Z
ercot:HB_NORTH,spp_dam,2026-09-11T06:00:00Z,31.5,USD/MWh,PT1H,US-TX,ercot_dam,HB_NORTH,ercot:NP4-190-CD,https://www.ercot.com/misdownload/servlets/mirDownload?doclookupId=1272916697,2026-09-25T06:37:35Z,2026-09-10T17:33:26Z
ercot:HB_NORTH,spp_dam,2026-09-11T07:00:00Z,30.55,USD/MWh,PT1H,US-TX,ercot_dam,HB_NORTH,ercot:NP4-190-CD,https://www.ercot.com/misdownload/servlets/mirDownload?doclookupId=1272916697,2026-09-25T06:37:35Z,2026-09-10T17:33:26Z
ercot:HB_NORTH,spp_dam,2026-09-11T08:00:00Z,30.0,USD/MWh,PT1H,US-TX,ercot_dam,HB_NORTH,ercot:NP4-190-CD,https://www.ercot.com/misdownload/servlets/mirDownload?doclookupId=1272916697,2026-09-25T06:37:35Z,2026-09-10T17:33:26Z
ercot:HB_NORTH,spp_dam,2026-09-11T09:00:00Z,30.0,USD/MWh,PT1H,US-TX,ercot_dam,HB_NORTH,ercot:NP4-190-CD,https://www.ercot.com/misdownload/servlets/mirDownload?doclookupId=1272916697,2026-09-25T06:37:35Z,2026-09-10T17:33:26Z
ercot:HB_NORTH,spp_dam,2026-09-11T10:00:00Z,32.49,USD/MWh,PT1H,US-TX,ercot_dam,HB_NORTH,ercot:NP4-190-CD,https://www.ercot.com/misdownload/servlets/mirDownload?doclookupId=1272916697,2026-09-25T06:37:35Z,2026-09-10T17:33:26Z
ercot:HB_NORTH,spp_dam,2026-09-11T11:00:00Z,37.75,USD/MWh,PT1H,US-TX,ercot_dam,HB_NORTH,ercot:NP4-190-CD,https://www.ercot.com/misdownload/servlets/mirDownload?doclookupId=1272916697,2026-09-25T06:37:35Z,2026-09-10T17:33:26Z
ercot:HB_NORTH,spp_dam,2026-09-11T12:00:00Z,35.35,USD/MWh,PT1H,US-TX,ercot_dam,HB_NORTH,ercot:NP4-190-CD,https://www.ercot.com/misdownload/servlets/mirDownload?doclookupId=1272916697,2026-09-25T06:37:35Z,2026-09-10T17:33:26Z
ercot:HB_NORTH,spp_dam,2026-09-11T13:00:00Z,27.1,USD/MWh,PT1H,US-TX,ercot_dam,HB_NORTH,ercot:NP4-190-CD,https://www.ercot.com/misdownload/servlets/mirDownload?doclookupId=1272916697,2026-09-25T06:37:35Z,2026-09-10T17:33:26Z
ercot:HB_NORTH,spp_dam,2026-09-11T14:00:00Z,23.62,USD/MWh,PT1H,US-TX,ercot_dam,HB_NORTH,ercot:NP4-190-CD,https://www.ercot.com/misdownload/servlets/mirDownload?doclookupId=1272916697,2026-09-25T06:37:35Z,2026-09-10T17:33:26Z
ercot:HB_NORTH,spp_dam,2026-09-11T15:00:00Z,22.87,USD/MWh,PT1H,US-TX,ercot_dam,HB_NORTH,ercot:NP4-190-CD,https://www.ercot.com/misdownload/servlets/mirDownload?doclookupId=1272916697,2026-09-25T06:37:35Z,2026-09-10T17:33:26Z
ercot:HB_NORTH,spp_dam,2026-09-11T16:00:00Z,23.53,USD/MWh,PT1H,US-TX,ercot_dam,HB_NORTH,ercot:NP4-190-CD,https://www.ercot.com/misdownload/servlets/mirDownload?doclookupId=1272916697,2026-09-25T06:37:35Z,2026-09-10T17:33:26Z
ercot:HB_NORTH,spp_dam,2026-09-11T17:00:00Z,26.7,USD/MWh,PT1H,US-TX,ercot_dam,HB_NORTH,ercot:NP4-190-CD,https://www.ercot.com/misdownload/servlets/mirDownload?doclookupId=1272916697,2026-09-25T06:37:35Z,2026-09-10T17:33:26Z
ercot:HB_NORTH,spp_dam,2026-09-11T18:00:00Z,32.36,USD/MWh,PT1H,US-TX,ercot_dam,HB_NORTH,ercot:NP4-190-CD,https://www.ercot.com/misdownload/servlets/mirDownload?doclookupId=1272916697,2026-09-25T06:37:35Z,2026-09-10T17:33:26Z
ercot:HB_NORTH,spp_dam,2026-09-11T19:00:00Z,32.84,USD/MWh,PT1H,US-TX,ercot_dam,HB_NORTH,ercot:NP4-190-CD,https://www.ercot.com/misdownload/servlets/mirDownload?doclookupId=1272916697,2026-09-25T06:37:35Z,2026-09-10T17:33:26Z
ercot:HB_NORTH,spp_dam,2026-09-11T20:00:00Z,33.11,USD/MWh,PT1H,US-TX,ercot_dam,HB_NORTH,ercot:NP4-190-CD,https://www.ercot.com/misdownload/servlets/mirDownload?doclookupId=1272916697,2026-09-25T06:37:35Z,2026-09-10T17:33:26Z
ercot:HB_NORTH,spp_dam,2026-09-11T21:00:00Z,32.73,USD/MWh,PT1H,US-TX,ercot_dam,HB_NORTH,ercot:NP4-190-CD,https://www.ercot.com/misdownload/servlets/mirDownload?doclookupId=1272916697,2026-09-25T06:37:35Z,2026-09-10T17:33:26Z
ercot:HB_NORTH,spp_dam,2026-09-11T22:00:00Z,37.62,USD/MWh,PT1H,US-TX,ercot_dam,HB_NORTH,ercot:NP4-190-CD,https://www.ercot.com/misdownload/servlets/mirDownload?doclookupId=1272916697,2026-09-25T06:37:35Z,2026-09-10T17:33:26Z
ercot:HB_NORTH,spp_dam,2026-09-11T23:00:00Z,52.69,USD/MWh,PT1H,US-TX,ercot_dam,HB_NORTH,ercot:NP4-190-CD,https://www.ercot.com/misdownload/servlets/mirDownload?doclookupId=1272916697,2026-09-25T06:37:35Z,2026-09-10T17:33:26Z
ercot:HB_NORTH,spp_dam,2026-09-12T00:00:00Z,56.0,USD/MWh,PT1H,US-TX,ercot_dam,HB_NORTH,ercot:NP4-190-CD,https://www.ercot.com/misdownload/servlets/mirDownload?doclookupId=1272916697,2026-09-25T06:37:35Z,2026-09-10T17:33:26Z
ercot:HB_NORTH,spp_dam,2026-09-12T01:00:00Z,48.46,USD/MWh,PT1H,US-TX,ercot_dam,HB_NORTH,ercot:NP4-190-CD,https://www.ercot.com/misdownload/servlets/mirDownload?doclookupId=1272916697,2026-09-25T06:37:35Z,2026-09-10T17:33:26Z
ercot:HB_NORTH,spp_dam,2026-09-12T02:00:00Z,36.41,USD/MWh,PT1H,US-TX,ercot_dam,HB_NORTH,ercot:NP4-190-CD,https://www.ercot.com/misdownload/servlets/mirDownload?doclookupId=1272916697,2026-09-25T06:37:35Z,2026-09-10T17:33:26Z
ercot:HB_NORTH,spp_dam,2026-09-12T03:00:00Z,28.22,USD/MWh,PT1H,US-TX,ercot_dam,HB_NORTH,ercot:NP4-190-CD,https://www.ercot.com/misdownload/servlets/mirDownload?doclookupId=1272916697,2026-09-25T06:37:35Z,2026-09-10T17:33:26Z
ercot:HB_NORTH,spp_dam,2026-09-12T04:00:00Z,23.62,USD/MWh,PT1H,US-TX,ercot_dam,HB_NORTH,ercot:NP4-190-CD,https://www.ercot.com/misdownload/servlets/mirDownload?doclookupId=1272916697,2026-09-25T06:37:35Z,2026-09-10T17:33:26Z
ercot:HB_NORTH,spp_dam,2026-09-12T05:00:00Z,23.97,USD/MWh,PT1H,US-TX,ercot_dam,HB_NORTH,ercot:NP4-190-CD,https://www.ercot.com/misdownload/servlets/mirDownload?doclookupId=1273328216,2026-09-25T06:37:33Z,2026-09-11T18:09:10Z
ercot:HB_NORTH,spp_dam,2026-09-12T06:00:00Z,23.44,USD/MWh,PT1H,US-TX,ercot_dam,HB_NORTH,ercot:NP4-190-CD,https://www.ercot.com/misdownload/servlets/mirDownload?doclookupId=1273328216,2026-09-25T06:37:33Z,2026-09-11T18:09:10Z
ercot:HB_NORTH,spp_dam,2026-09-12T07:00:00Z,23.25,USD/MWh,PT1H,US-TX,ercot_dam,HB_NORTH,ercot:NP4-190-CD,https://www.ercot.com/misdownload/servlets/mirDownload?doclookupId=1273328216,2026-09-25T06:37:33Z,2026-09-11T18:09:10Z
ercot:HB_NORTH,spp_dam,2026-09-12T08:00:00Z,23.16,USD/MWh,PT1H,US-TX,ercot_dam,HB_NORTH,ercot:NP4-190-CD,https://www.ercot.com/misdownload/servlets/mirDownload?doclookupId=1273328216,2026-09-25T06:37:33Z,2026-09-11T18:09:10Z
ercot:HB_NORTH,spp_dam,2026-09-12T09:00:00Z,22.78,USD/MWh,PT1H,US-TX,ercot_dam,HB_NORTH,ercot:NP4-190-CD,https://www.ercot.com/misdownload/servlets/mirDownload?doclookupId=1273328216,2026-09-25T06:37:33Z,2026-09-11T18:09:10Z
ercot:HB_NORTH,spp_dam,2026-09-12T10:00:00Z,23.71,USD/MWh,PT1H,US-TX,ercot_dam,HB_NORTH,ercot:NP4-190-CD,https://www.ercot.com/misdownload/servlets/mirDownload?doclookupId=1273328216,2026-09-25T06:37:33Z,2026-09-11T18:09:10Z
ercot:HB_NORTH,spp_dam,2026-09-12T11:00:00Z,25.83,USD/MWh,PT1H,US-TX,ercot_dam,HB_NORTH,ercot:NP4-190-CD,https://www.ercot.com/misdownload/servlets/mirDownload?doclookupId=1273328216,2026-09-25T06:37:33Z,2026-09-11T18:09:10Z
ercot:HB_NORTH,spp_dam,2026-09-12T12:00:00Z,24.33,USD/MWh,PT1H,US-TX,ercot_dam,HB_NORTH,ercot:NP4-190-CD,https://www.ercot.com/misdownload/servlets/mirDownload?doclookupId=1273328216,2026-09-25T06:37:33Z,2026-09-11T18:09:10Z
ercot:HB_NORTH,spp_dam,2026-09-12T13:00:00Z,17.34,USD/MWh,PT1H,US-TX,ercot_dam,HB_NORTH,ercot:NP4-190-CD,https://www.ercot.com/misdownload/servlets/mirDownload?doclookupId=1273328216,2026-09-25T06:37:33Z,2026-09-11T18:09:10Z
ercot:HB_NORTH,spp_dam,2026-09-12T14:00:00Z,13.63,USD/MWh,PT1H,US-TX,ercot_dam,HB_NORTH,ercot:NP4-190-CD,https://www.ercot.com/misdownload/servlets/mirDownload?doclookupId=1273328216,2026-09-25T06:37:33Z,2026-09-11T18:09:10Z
ercot:HB_NORTH,spp_dam,2026-09-12T15:00:00Z,14.47,USD/MWh,PT1H,US-TX,ercot_dam,HB_NORTH,ercot:NP4-190-CD,https://www.ercot.com/misdownload/servlets/mirDownload?doclookupId=1273328216,2026-09-25T06:37:33Z,2026-09-11T18:09:10Z
ercot:HB_NORTH,spp_dam,2026-09-12T16:00:00Z,17.54,USD/MWh,PT1H,US-TX,ercot_dam,HB_NORTH,ercot:NP4-190-CD,https://www.ercot.com/misdownload/servlets/mirDownload?doclookupId=1273328216,2026-09-25T06:37:33Z,2026-09-11T18:09:10Z
ercot:HB_NORTH,spp_dam,2026-09-12T17:00:00Z,21.3,USD/MWh,PT1H,US-TX,ercot_dam,HB_NORTH,ercot:NP4-190-CD,https://www.ercot.com/misdownload/servlets/mirDownload?doclookupId=1273328216,2026-09-25T06:37:33Z,2026-09-11T18:09:10Z
ercot:HB_NORTH,spp_dam,2026-09-12T18:00:00Z,24.97,USD/MWh,PT1H,US-TX,ercot_dam,HB_NORTH,ercot:NP4-190-CD,https://www.ercot.com/misdownload/servlets/mirDownload?doclookupId=1273328216,2026-09-25T06:37:33Z,2026-09-11T18:09:10Z
ercot:HB_NORTH,spp_dam,2026-09-12T19:00:00Z,26.73,USD/MWh,PT1H,US-TX,ercot_dam,HB_NORTH,ercot:NP4-190-CD,https://www.ercot.com/misdownload/servlets/mirDownload?doclookupId=1273328216,2026-09-25T06:37:33Z,2026-09-11T18:09:10Z
ercot:HB_NORTH,spp_dam,2026-09-12T20:00:00Z,29.26,USD/MWh,PT1H,US-TX,ercot_dam,HB_NORTH,ercot:NP4-190-CD,https://www.ercot.com/misdownload/servlets/mirDownload?doclookupId=1273328216,2026-09-25T06:37:33Z,2026-09-11T18:09:10Z
ercot:HB_NORTH,spp_dam,2026-09-12T21:00:00Z,30.46,USD/MWh,PT1H,US-TX,ercot_dam,HB_NORTH,ercot:NP4-190-CD,https://www.ercot.com/misdownload/servlets/mirDownload?doclookupId=1273328216,2026-09-25T06:37:33Z,2026-09-11T18:09:10Z
ercot:HB_NORTH,spp_dam,2026-09-12T22:00:00Z,32.21,USD/MWh,PT1H,US-TX,ercot_dam,HB_NORTH,ercot:NP4-190-CD,https://www.ercot.com/misdownload/servlets/mirDownload?doclookupId=1273328216,2026-09-25T06:37:33Z,2026-09-11T18:09:10Z
ercot:HB_NORTH,spp_dam,2026-09-12T23:00:00Z,50.5,USD/MWh,PT1H,US-TX,ercot_dam,HB_NORTH,ercot:NP4-190-CD,https://www.ercot.com/misdownload/servlets/mirDownload?doclookupId=1273328216,2026-09-25T06:37:33Z,2026-09-11T18:09:10Z
ercot:HB_NORTH,spp_dam,2026-09-13T00:00:00Z,55.18,USD/MWh,PT1H,US-TX,ercot_dam,HB_NORTH,ercot:NP4-190-CD,https://www.ercot.com/misdownload/servlets/mirDownload?doclookupId=1273328216,2026-09-25T06:37:33Z,2026-09-11T18:09:10Z
ercot:HB_NORTH,spp_dam,2026-09-13T01:00:00Z,51.68,USD/MWh,PT1H,US-TX,ercot_dam,HB_NORTH,ercot:NP4-190-CD,https://www.ercot.com/misdownload/servlets/mirDownload?doclookupId=1273328216,2026-09-25T06:37:33Z,2026-09-11T18:09:10Z
ercot:HB_NORTH,spp_dam,2026-09-13T02:00:00Z,48.25,USD/MWh,PT1H,US-TX,ercot_dam,HB_NORTH,ercot:NP4-190-CD,https://www.ercot.com/misdownload/servlets/mirDownload?doclookupId=1273328216,2026-09-25T06:37:33Z,2026-09-11T18:09:10Z
ercot:HB_NORTH,spp_dam,2026-09-13T03:00:00Z,33.65,USD/MWh,PT1H,US-TX,ercot_dam,HB_NORTH,ercot:NP4-190-CD,https://www.ercot.com/misdownload/servlets/mirDownload?doclookupId=1273328216,2026-09-25T06:37:33Z,2026-09-11T18:09:10Z
ercot:HB_NORTH,spp_dam,2026-09-13T04:00:00Z,27.91,USD/MWh,PT1H,US-TX,ercot_dam,HB_NORTH,ercot:NP4-190-CD,https://www.ercot.com/misdownload/servlets/mirDownload?doclookupId=1273328216,2026-09-25T06:37:33Z,2026-09-11T18:09:10Z
ercot:HB_NORTH,spp_dam,2026-09-13T05:00:00Z,28.01,USD/MWh,PT1H,US-TX,ercot_dam,HB_NORTH,ercot:NP4-190-CD,https://www.ercot.com/misdownload/servlets/mirDownload?doclookupId=1273705666,2026-09-25T06:37:32Z,2026-09-12T17:41:25Z
ercot:HB_NORTH,spp_dam,2026-09-13T06:00:00Z,25.76,USD/MWh,PT1H,US-TX,ercot_dam,HB_NORTH,ercot:NP4-190-CD,https://www.ercot.com/misdownload/servlets/mirDownload?doclookupId=1273705666,2026-09-25T06:37:32Z,2026-09-12T17:41:25Z
ercot:HB_NORTH,spp_dam,2026-09-13T07:00:00Z,26.01,USD/MWh,PT1H,US-TX,ercot_dam,HB_NORTH,ercot:NP4-190-CD,https://www.ercot.com/misdownload/servlets/mirDownload?doclookupId=1273705666,2026-09-25T06:37:32Z,2026-09-12T17:41:25Z
ercot:HB_NORTH,spp_dam,2026-09-13T08:00:00Z,25.85,USD/MWh,PT1H,US-TX,ercot_dam,HB_NORTH,ercot:NP4-190-CD,https://www.ercot.com/misdownload/servlets/mirDownload?doclookupId=1273705666,2026-09-25T06:37:32Z,2026-09-12T17:41:25Z
ercot:HB_NORTH,spp_dam,2026-09-13T09:00:00Z,26.45,USD/MWh,PT1H,US-TX,ercot_dam,HB_NORTH,ercot:NP4-190-CD,https://www.ercot.com/misdownload/servlets/mirDownload?doclookupId=1273705666,2026-09-25T06:37:32Z,2026-09-12T17:41:25Z
ercot:HB_NORTH,spp_dam,2026-09-13T10:00:00Z,29.02,USD/MWh,PT1H,US-TX,ercot_dam,HB_NORTH,ercot:NP4-190-CD,https://www.ercot.com/misdownload/servlets/mirDownload?doclookupId=1273705666,2026-09-25T06:37:32Z,2026-09-12T17:41:25Z
ercot:HB_NORTH,spp_dam,2026-09-13T11:00:00Z,31.97,USD/MWh,PT1H,US-TX,ercot_dam,HB_NORTH,ercot:NP4-190-CD,https://www.ercot.com/misdownload/servlets/mirDownload?doclookupId=1273705666,2026-09-25T06:37:32Z,2026-09-12T17:41:25Z
ercot:HB_NORTH,spp_dam,2026-09-13T12:00:00Z,29.66,USD/MWh,PT1H,US-TX,ercot_dam,HB_NORTH,ercot:NP4-190-CD,https://www.ercot.com/misdownload/servlets/mirDownload?doclookupId=1273705666,2026-09-25T06:37:32Z,2026-09-12T17:41:25Z
ercot:HB_NORTH,spp_dam,2026-09-13T13:00:00Z,20.06,USD/MWh,PT1H,US-TX,ercot_dam,HB_NORTH,ercot:NP4-190-CD,https://www.ercot.com/misdownload/servlets/mirDownload?doclookupId=1273705666,2026-09-25T06:37:32Z,2026-09-12T17:41:25Z
ercot:HB_NORTH,spp_dam,2026-09-13T14:00:00Z,15.8,USD/MWh,PT1H,US-TX,ercot_dam,HB_NORTH,ercot:NP4-190-CD,https://www.ercot.com/misdownload/servlets/mirDownload?doclookupId=1273705666,2026-09-25T06:37:32Z,2026-09-12T17:41:25Z
ercot:HB_NORTH,spp_dam,2026-09-13T15:00:00Z,15.55,USD/MWh,PT1H,US-TX,ercot_dam,HB_NORTH,ercot:NP4-190-CD,https://www.ercot.com/misdownload/servlets/mirDownload?doclookupId=1273705666,2026-09-25T06:37:32Z,2026-09-12T17:41:25Z
ercot:HB_NORTH,spp_dam,2026-09-13T16:00:00Z,16.98,USD/MWh,PT1H,US-TX,ercot_dam,HB_NORTH,ercot:NP4-190-CD,https://www.ercot.com/misdownload/servlets/mirDownload?doclookupId=1273705666,2026-09-25T06:37:32Z,2026-09-12T17:41:25Z
ercot:HB_NORTH,spp_dam,2026-09-13T17:00:00Z,20.12,USD/MWh,PT1H,US-TX,ercot_dam,HB_NORTH,ercot:NP4-190-CD,https://www.ercot.com/misdownload/servlets/mirDownload?doclookupId=1273705666,2026-09-25T06:37:32Z,2026-09-12T17:41:25Z
ercot:HB_NORTH,spp_dam,2026-09-13T18:00:00Z,22.33,USD/MWh,PT1H,US-TX,ercot_dam,HB_NORTH,ercot:NP4-190-CD,https://www.ercot.com/misdownload/servlets/mirDownload?doclookupId=1273705666,2026-09-25T06:37:32Z,2026-09-12T17:41:25Z
ercot:HB_NORTH,spp_dam,2026-09-13T19:00:00Z,25.02,USD/MWh,PT1H,US-TX,ercot_dam,HB_NORTH,ercot:NP4-190-CD,https://www.ercot.com/misdownload/servlets/mirDownload?doclookupId=1273705666,2026-09-25T06:37:32Z,2026-09-12T17:41:25Z
ercot:HB_NORTH,spp_dam,2026-09-13T20:00:00Z,25.93,USD/MWh,PT1H,US-TX,ercot_dam,HB_NORTH,ercot:NP4-190-CD,https://www.ercot.com/misdownload/servlets/mirDownload?doclookupId=1273705666,2026-09-25T06:37:32Z,2026-09-12T17:41:25Z
ercot:HB_NORTH,spp_dam,2026-09-13T21:00:00Z,26.83,USD/MWh,PT1H,US-TX,ercot_dam,HB_NORTH,ercot:NP4-190-CD,https://www.ercot.com/misdownload/servlets/mirDownload?doclookupId=1273705666,2026-09-25T06:37:32Z,2026-09-12T17:41:25Z
ercot:HB_NORTH,spp_dam,2026-09-13T22:00:00Z,30.27,USD/MWh,PT1H,US-TX,ercot_dam,HB_NORTH,ercot:NP4-190-CD,https://www.ercot.com/misdownload/servlets/mirDownload?doclookupId=1273705666,2026-09-25T06:37:32Z,2026-09-12T17:41:25Z
ercot:HB_NORTH,spp_dam,2026-09-13T23:00:00Z,51.5,USD/MWh,PT1H,US-TX,ercot_dam,HB_NORTH,ercot:NP4-190-CD,https://www.ercot.com/misdownload/servlets/mirDownload?doclookupId=1273705666,2026-09-25T06:37:32Z,2026-09-12T17:41:25Z
ercot:HB_NORTH,spp_dam,2026-09-14T00:00:00Z,57.11,USD/MWh,PT1H,US-TX,ercot_dam,HB_NORTH,ercot:NP4-190-CD,https://www.ercot.com/misdownload/servlets/mirDownload?doclookupId=1273705666,2026-09-25T06:37:32Z,2026-09-12T17:41:25Z
ercot:HB_NORTH,spp_dam,2026-09-14T01:00:00Z,52.35,USD/MWh,PT1H,US-TX,ercot_dam,HB_NORTH,ercot:NP4-190-CD,https://www.ercot.com/misdownload/servlets/mirDownload?doclookupId=1273705666,2026-09-25T06:37:32Z,2026-09-12T17:41:25Z
ercot:HB_NORTH,spp_dam,2026-09-14T02:00:00Z,48.09,USD/MWh,PT1H,US-TX,ercot_dam,HB_NORTH,ercot:NP4-190-CD,https://www.ercot.com/misdownload/servlets/mirDownload?doclookupId=1273705666,2026-09-25T06:37:32Z,2026-09-12T17:41:25Z
ercot:HB_NORTH,spp_dam,2026-09-14T03:00:00Z,35.34,USD/MWh,PT1H,US-TX,ercot_dam,HB_NORTH,ercot:NP4-190-CD,https://www.ercot.com/misdownload/servlets/mirDownload?doclookupId=1273705666,2026-09-25T06:37:32Z,2026-09-12T17:41:25Z
ercot:HB_NORTH,spp_dam,2026-09-14T04:00:00Z,30.29,USD/MWh,PT1H,US-TX,ercot_dam,HB_NORTH,ercot:NP4-190-CD,https://www.ercot.com/misdownload/servlets/mirDownload?doclookupId=1273705666,2026-09-25T06:37:32Z,2026-09-12T17:41:25Z
ercot:HB_NORTH,spp_dam,2026-09-14T05:00:00Z,28.34,USD/MWh,PT1H,US-TX,ercot_dam,HB_NORTH,ercot:NP4-190-CD,https://www.ercot.com/misdownload/servlets/mirDownload?doclookupId=1274092364,2026-09-25T06:37:31Z,2026-09-13T17:57:21Z
ercot:HB_NORTH,spp_dam,2026-09-14T06:00:00Z,25.12,USD/MWh,PT1H,US-TX,ercot_dam,HB_NORTH,ercot:NP4-190-CD,https://www.ercot.com/misdownload/servlets/mirDownload?doclookupId=1274092364,2026-09-25T06:37:31Z,2026-09-13T17:57:21Z
ercot:HB_NORTH,spp_dam,2026-09-14T07:00:00Z,24.6,USD/MWh,PT1H,US-TX,ercot_dam,HB_NORTH,ercot:NP4-190-CD,https://www.ercot.com/misdownload/servlets/mirDownload?doclookupId=1274092364,2026-09-25T06:37:31Z,2026-09-13T17:57:21Z
ercot:HB_NORTH,spp_dam,2026-09-14T08:00:00Z,24.17,USD/MWh,PT1H,US-TX,ercot_dam,HB_NORTH,ercot:NP4-190-CD,https://www.ercot.com/misdownload/servlets/mirDownload?doclookupId=1274092364,2026-09-25T06:37:31Z,2026-09-13T17:57:21Z
ercot:HB_NORTH,spp_dam,2026-09-14T09:00:00Z,24.18,USD/MWh,PT1H,US-TX,ercot_dam,HB_NORTH,ercot:NP4-190-CD,https://www.ercot.com/misdownload/servlets/mirDownload?doclookupId=1274092364,2026-09-25T06:37:31Z,2026-09-13T17:57:21Z
ercot:HB_NORTH,spp_dam,2026-09-14T10:00:00Z,26.49,USD/MWh,PT1H,US-TX,ercot_dam,HB_NORTH,ercot:NP4-190-CD,https://www.ercot.com/misdownload/servlets/mirDownload?doclookupId=1274092364,2026-09-25T06:37:31Z,2026-09-13T17:57:21Z
ercot:HB_NORTH,spp_dam,2026-09-14T11:00:00Z,30.32,USD/MWh,PT1H,US-TX,ercot_dam,HB_NORTH,ercot:NP4-190-CD,https://www.ercot.com/misdownload/servlets/mirDownload?doclookupId=1274092364,2026-09-25T06:37:31Z,2026-09-13T17:57:21Z
ercot:HB_NORTH,spp_dam,2026-09-14T12:00:00Z,28.66,USD/MWh,PT1H,US-TX,ercot_dam,HB_NORTH,ercot:NP4-190-CD,https://www.ercot.com/misdownload/servlets/mirDownload?doclookupId=1274092364,2026-09-25T06:37:31Z,2026-09-13T17:57:21Z
ercot:HB_NORTH,spp_dam,2026-09-14T13:00:00Z,20.88,USD/MWh,PT1H,US-TX,ercot_dam,HB_NORTH,ercot:NP4-190-CD,https://www.ercot.com/misdownload/servlets/mirDownload?doclookupId=1274092364,2026-09-25T06:37:31Z,2026-09-13T17:57:21Z
ercot:HB_NORTH,spp_dam,2026-09-14T14:00:00Z,16.25,USD/MWh,PT1H,US-TX,ercot_dam,HB_NORTH,ercot:NP4-190-CD,https://www.ercot.com/misdownload/servlets/mirDownload?doclookupId=1274092364,2026-09-25T06:37:31Z,2026-09-13T17:57:21Z
ercot:HB_NORTH,spp_dam,2026-09-14T15:00:00Z,15.93,USD/MWh,PT1H,US-TX,ercot_dam,HB_NORTH,ercot:NP4-190-CD,https://www.ercot.com/misdownload/servlets/mirDownload?doclookupId=1274092364,2026-09-25T06:37:31Z,2026-09-13T17:57:21Z
ercot:HB_NORTH,spp_dam,2026-09-14T16:00:00Z,17.98,USD/MWh,PT1H,US-TX,ercot_dam,HB_NORTH,ercot:NP4-190-CD,https://www.ercot.com/misdownload/servlets/mirDownload?doclookupId=1274092364,2026-09-25T06:37:31Z,2026-09-13T17:57:21Z
ercot:HB_NORTH,spp_dam,2026-09-14T17:00:00Z,19.99,USD/MWh,PT1H,US-TX,ercot_dam,HB_NORTH,ercot:NP4-190-CD,https://www.ercot.com/misdownload/servlets/mirDownload?doclookupId=1274092364,2026-09-25T06:37:31Z,2026-09-13T17:57:21Z
ercot:HB_NORTH,spp_dam,2026-09-14T18:00:00Z,22.5,USD/MWh,PT1H,US-TX,ercot_dam,HB_NORTH,ercot:NP4-190-CD,https://www.ercot.com/misdownload/servlets/mirDownload?doclookupId=1274092364,2026-09-25T06:37:31Z,2026-09-13T17:57:21Z
ercot:HB_NORTH,spp_dam,2026-09-14T19:00:00Z,23.89,USD/MWh,PT1H,US-TX,ercot_dam,HB_NORTH,ercot:NP4-190-CD,https://www.ercot.com/misdownload/servlets/mirDownload?doclookupId=1274092364,2026-09-25T06:37:31Z,2026-09-13T17:57:21Z
ercot:HB_NORTH,spp_dam,2026-09-14T20:00:00Z,26.44,USD/MWh,PT1H,US-TX,ercot_dam,HB_NORTH,ercot:NP4-190-CD,https://www.ercot.com/misdownload/servlets/mirDownload?doclookupId=1274092364,2026-09-25T06:37:31Z,2026-09-13T17:57:21Z
ercot:HB_NORTH,spp_dam,2026-09-14T21:00:00Z,28.2,USD/MWh,PT1H,US-TX,ercot_dam,HB_NORTH,ercot:NP4-190-CD,https://www.ercot.com/misdownload/servlets/mirDownload?doclookupId=1274092364,2026-09-25T06:37:31Z,2026-09-13T17:57:21Z
ercot:HB_NORTH,spp_dam,2026-09-14T22:00:00Z,30.96,USD/MWh,PT1H,US-TX,ercot_dam,HB_NORTH,ercot:NP4-190-CD,https://www.ercot.com/misdownload/servlets/mirDownload?doclookupId=1274092364,2026-09-25T06:37:31Z,2026-09-13T17:57:21Z
ercot:HB_NORTH,spp_dam,2026-09-14T23:00:00Z,45.13,USD/MWh,PT1H,US-TX,ercot_dam,HB_NORTH,ercot:NP4-190-CD,https://www.ercot.com/misdownload/servlets/mirDownload?doclookupId=1274092364,2026-09-25T06:37:31Z,2026-09-13T17:57:21Z
ercot:HB_NORTH,spp_dam,2026-09-15T00:00:00Z,50.49,USD/MWh,PT1H,US-TX,ercot_dam,HB_NORTH,ercot:NP4-190-CD,https://www.ercot.com/misdownload/servlets/mirDownload?doclookupId=1274092364,2026-09-25T06:37:31Z,2026-09-13T17:57:21Z
ercot:HB_NORTH,spp_dam,2026-09-15T01:00:00Z,47.49,USD/MWh,PT1H,US-TX,ercot_dam,HB_NORTH,ercot:NP4-190-CD,https://www.ercot.com/misdownload/servlets/mirDownload?doclookupId=1274092364,2026-09-25T06:37:31Z,2026-09-13T17:57:21Z
ercot:HB_NORTH,spp_dam,2026-09-15T02:00:00Z,41.49,USD/MWh,PT1H,US-TX,ercot_dam,HB_NORTH,ercot:NP4-190-CD,https://www.ercot.com/misdownload/servlets/mirDownload?doclookupId=1274092364,2026-09-25T06:37:31Z,2026-09-13T17:57:21Z
ercot:HB_NORTH,spp_dam,2026-09-15T03:00:00Z,32.79,USD/MWh,PT1H,US-TX,ercot_dam,HB_NORTH,ercot:NP4-190-CD,https://www.ercot.com/misdownload/servlets/mirDownload?doclookupId=1274092364,2026-09-25T06:37:31Z,2026-09-13T17:57:21Z
ercot:HB_NORTH,spp_dam,2026-09-15T04:00:00Z,27.22,USD/MWh,PT1H,US-TX,ercot_dam,HB_NORTH,ercot:NP4-190-CD,https://www.ercot.com/misdownload/servlets/mirDownload?doclookupId=1274092364,2026-09-25T06:37:31Z,2026-09-13T17:57:21Z
ercot:HB_NORTH,spp_dam,2026-09-15T05:00:00Z,26.81,USD/MWh,PT1H,US-TX,ercot_dam,HB_NORTH,ercot:NP4-190-CD,https://www.ercot.com/misdownload/servlets/mirDownload?doclookupId=1274489923,2026-09-25T06:37:30Z,2026-09-14T18:01:11Z
ercot:HB_NORTH,spp_dam,2026-09-15T06:00:00Z,24.6,USD/MWh,PT1H,US-TX,ercot_dam,HB_NORTH,ercot:NP4-190-CD,https://www.ercot.com/misdownload/servlets/mirDownload?doclookupId=1274489923,2026-09-25T06:37:30Z,2026-09-14T18:01:11Z
ercot:HB_NORTH,spp_dam,2026-09-15T07:00:00Z,23.17,USD/MWh,PT1H,US-TX,ercot_dam,HB_NORTH,ercot:NP4-190-CD,https://www.ercot.com/misdownload/servlets/mirDownload?doclookupId=1274489923,2026-09-25T06:37:30Z,2026-09-14T18:01:11Z
ercot:HB_NORTH,spp_dam,2026-09-15T08:00:00Z,23.36,USD/MWh,PT1H,US-TX,ercot_dam,HB_NORTH,ercot:NP4-190-CD,https://www.ercot.com/misdownload/servlets/mirDownload?doclookupId=1274489923,2026-09-25T06:37:30Z,2026-09-14T18:01:11Z
ercot:HB_NORTH,spp_dam,2026-09-15T09:00:00Z,23.28,USD/MWh,PT1H,US-TX,ercot_dam,HB_NORTH,ercot:NP4-190-CD,https://www.ercot.com/misdownload/servlets/mirDownload?doclookupId=1274489923,2026-09-25T06:37:30Z,2026-09-14T18:01:11Z
ercot:HB_NORTH,spp_dam,2026-09-15T10:00:00Z,24.39,USD/MWh,PT1H,US-TX,ercot_dam,HB_NORTH,ercot:NP4-190-CD,https://www.ercot.com/misdownload/servlets/mirDownload?doclookupId=1274489923,2026-09-25T06:37:30Z,2026-09-14T18:01:11Z
ercot:HB_NORTH,spp_dam,2026-09-15T11:00:00Z,26.15,USD/MWh,PT1H,US-TX,ercot_dam,HB_NORTH,ercot:NP4-190-CD,https://www.ercot.com/misdownload/servlets/mirDownload?doclookupId=1274489923,2026-09-25T06:37:30Z,2026-09-14T18:01:11Z
ercot:HB_NORTH,spp_dam,2026-09-15T12:00:00Z,25.75,USD/MWh,PT1H,US-TX,ercot_dam,HB_NORTH,ercot:NP4-190-CD,https://www.ercot.com/misdownload/servlets/mirDownload?doclookupId=1274489923,2026-09-25T06:37:30Z,2026-09-14T18:01:11Z
ercot:HB_NORTH,spp_dam,2026-09-15T13:00:00Z,18.49,USD/MWh,PT1H,US-TX,ercot_dam,HB_NORTH,ercot:NP4-190-CD,https://www.ercot.com/misdownload/servlets/mirDownload?doclookupId=1274489923,2026-09-25T06:37:30Z,2026-09-14T18:01:11Z
ercot:HB_NORTH,spp_dam,2026-09-15T14:00:00Z,15.46,USD/MWh,PT1H,US-TX,ercot_dam,HB_NORTH,ercot:NP4-190-CD,https://www.ercot.com/misdownload/servlets/mirDownload?doclookupId=1274489923,2026-09-25T06:37:30Z,2026-09-14T18:01:11Z
ercot:HB_NORTH,spp_dam,2026-09-15T15:00:00Z,15.49,USD/MWh,PT1H,US-TX,ercot_dam,HB_NORTH,ercot:NP4-190-CD,https://www.ercot.com/misdownload/servlets/mirDownload?doclookupId=1274489923,2026-09-25T06:37:30Z,2026-09-14T18:01:11Z
ercot:HB_NORTH,spp_dam,2026-09-15T16:00:00Z,16.18,USD/MWh,PT1H,US-TX,ercot_dam,HB_NORTH,ercot:NP4-190-CD,https://www.ercot.com/misdownload/servlets/mirDownload?doclookupId=1274489923,2026-09-25T06:37:30Z,2026-09-14T18:01:11Z
ercot:HB_NORTH,spp_dam,2026-09-15T17:00:00Z,20.94,USD/MWh,PT1H,US-TX,ercot_dam,HB_NORTH,ercot:NP4-190-CD,https://www.ercot.com/misdownload/servlets/mirDownload?doclookupId=1274489923,2026-09-25T06:37:30Z,2026-09-14T18:01:11Z
ercot:HB_NORTH,spp_dam,2026-09-15T18:00:00Z,23.43,USD/MWh,PT1H,US-TX,ercot_dam,HB_NORTH,ercot:NP4-190-CD,https://www.ercot.com/misdownload/servlets/mirDownload?doclookupId=1274489923,2026-09-25T06:37:30Z,2026-09-14T18:01:11Z
ercot:HB_NORTH,spp_dam,2026-09-15T19:00:00Z,26.62,USD/MWh,PT1H,US-TX,ercot_dam,HB_NORTH,ercot:NP4-190-CD,https://www.ercot.com/misdownload/servlets/mirDownload?doclookupId=1274489923,2026-09-25T06:37:30Z,2026-09-14T18:01:11Z
ercot:HB_NORTH,spp_dam,2026-09-15T20:00:00Z,27.41,USD/MWh,PT1H,US-TX,ercot_dam,HB_NORTH,ercot:NP4-190-CD,https://www.ercot.com/misdownload/servlets/mirDownload?doclookupId=1274489923,2026-09-25T06:37:30Z,2026-09-14T18:01:11Z
ercot:HB_NORTH,spp_dam,2026-09-15T21:00:00Z,29.97,USD/MWh,PT1H,US-TX,ercot_dam,HB_NORTH,ercot:NP4-190-CD,https://www.ercot.com/misdownload/servlets/mirDownload?doclookupId=1274489923,2026-09-25T06:37:30Z,2026-09-14T18:01:11Z
ercot:HB_NORTH,spp_dam,2026-09-15T22:00:00Z,32.1,USD/MWh,PT1H,US-TX,ercot_dam,HB_NORTH,ercot:NP4-190-CD,https://www.ercot.com/misdownload/servlets/mirDownload?doclookupId=1274489923,2026-09-25T06:37:30Z,2026-09-14T18:01:11Z
ercot:HB_NORTH,spp_dam,2026-09-15T23:00:00Z,46.34,USD/MWh,PT1H,US-TX,ercot_dam,HB_NORTH,ercot:NP4-190-CD,https://www.ercot.com/misdownload/servlets/mirDownload?doclookupId=1274489923,2026-09-25T06:37:30Z,2026-09-14T18:01:11Z
ercot:HB_NORTH,spp_dam,2026-09-16T00:00:00Z,60.51,USD/MWh,PT1H,US-TX,ercot_dam,HB_NORTH,ercot:NP4-190-CD,https://www.ercot.com/misdownload/servlets/mirDownload?doclookupId=1274489923,2026-09-25T06:37:30Z,2026-09-14T18:01:11Z
ercot:HB_NORTH,spp_dam,2026-09-16T01:00:00Z,54.02,USD/MWh,PT1H,US-TX,ercot_dam,HB_NORTH,ercot:NP4-190-CD,https://www.ercot.com/misdownload/servlets/mirDownload?doclookupId=1274489923,2026-09-25T06:37:30Z,2026-09-14T18:01:11Z
ercot:HB_NORTH,spp_dam,2026-09-16T02:00:00Z,52.13,USD/MWh,PT1H,US-TX,ercot_dam,HB_NORTH,ercot:NP4-190-CD,https://www.ercot.com/misdownload/servlets/mirDownload?doclookupId=1274489923,2026-09-25T06:37:30Z,2026-09-14T18:01:11Z
ercot:HB_NORTH,spp_dam,2026-09-16T03:00:00Z,44.46,USD/MWh,PT1H,US-TX,ercot_dam,HB_NORTH,ercot:NP4-190-CD,https://www.ercot.com/misdownload/servlets/mirDownload?doclookupId=1274489923,2026-09-25T06:37:30Z,2026-09-14T18:01:11Z
ercot:HB_NORTH,spp_dam,2026-09-16T04:00:00Z,40.0,USD/MWh,PT1H,US-TX,ercot_dam,HB_NORTH,ercot:NP4-190-CD,https://www.ercot.com/misdownload/servlets/mirDownload?doclookupId=1274489923,2026-09-25T06:37:30Z,2026-09-14T18:01:11Z
ercot:HB_NORTH,spp_dam,2026-09-16T05:00:00Z,34.57,USD/MWh,PT1H,US-TX,ercot_dam,HB_NORTH,ercot:NP4-190-CD,https://www.ercot.com/misdownload/servlets/mirDownload?doclookupId=1274910529,2026-09-25T06:37:29Z,2026-09-15T18:50:14Z
ercot:HB_NORTH,spp_dam,2026-09-16T06:00:00Z,31.48,USD/MWh,PT1H,US-TX,ercot_dam,HB_NORTH,ercot:NP4-190-CD,https://www.ercot.com/misdownload/servlets/mirDownload?doclookupId=1274910529,2026-09-25T06:37:29Z,2026-09-15T18:50:14Z
ercot:HB_NORTH,spp_dam,2026-09-16T07:00:00Z,31.12,USD/MWh,PT1H,US-TX,ercot_dam,HB_NORTH,ercot:NP4-190-CD,https://www.ercot.com/misdownload/servlets/mirDownload?doclookupId=1274910529,2026-09-25T06:37:29Z,2026-09-15T18:50:14Z
ercot:HB_NORTH,spp_dam,2026-09-16T08:00:00Z,30.72,USD/MWh,PT1H,US-TX,ercot_dam,HB_NORTH,ercot:NP4-190-CD,https://www.ercot.com/misdownload/servlets/mirDownload?doclookupId=1274910529,2026-09-25T06:37:29Z,2026-09-15T18:50:14Z
ercot:HB_NORTH,spp_dam,2026-09-16T09:00:00Z,32.13,USD/MWh,PT1H,US-TX,ercot_dam,HB_NORTH,ercot:NP4-190-CD,https://www.ercot.com/misdownload/servlets/mirDownload?doclookupId=1274910529,2026-09-25T06:37:29Z,2026-09-15T18:50:14Z
ercot:HB_NORTH,spp_dam,2026-09-16T10:00:00Z,38.39,USD/MWh,PT1H,US-TX,ercot_dam,HB_NORTH,ercot:NP4-190-CD,https://www.ercot.com/misdownload/servlets/mirDownload?doclookupId=1274910529,2026-09-25T06:37:29Z,2026-09-15T18:50:14Z
ercot:HB_NORTH,spp_dam,2026-09-16T11:00:00Z,40.01,USD/MWh,PT1H,US-TX,ercot_dam,HB_NORTH,ercot:NP4-190-CD,https://www.ercot.com/misdownload/servlets/mirDownload?doclookupId=1274910529,2026-09-25T06:37:29Z,2026-09-15T18:50:14Z
ercot:HB_NORTH,spp_dam,2026-09-16T12:00:00Z,35.99,USD/MWh,PT1H,US-TX,ercot_dam,HB_NORTH,ercot:NP4-190-CD,https://www.ercot.com/misdownload/servlets/mirDownload?doclookupId=1274910529,2026-09-25T06:37:29Z,2026-09-15T18:50:14Z
ercot:HB_NORTH,spp_dam,2026-09-16T13:00:00Z,26.05,USD/MWh,PT1H,US-TX,ercot_dam,HB_NORTH,ercot:NP4-190-CD,https://www.ercot.com/misdownload/servlets/mirDownload?doclookupId=1274910529,2026-09-25T06:37:29Z,2026-09-15T18:50:14Z
ercot:HB_NORTH,spp_dam,2026-09-16T14:00:00Z,20.68,USD/MWh,PT1H,US-TX,ercot_dam,HB_NORTH,ercot:NP4-190-CD,https://www.ercot.com/misdownload/servlets/mirDownload?doclookupId=1274910529,2026-09-25T06:37:29Z,2026-09-15T18:50:14Z
ercot:HB_NORTH,spp_dam,2026-09-16T15:00:00Z,19.11,USD/MWh,PT1H,US-TX,ercot_dam,HB_NORTH,ercot:NP4-190-CD,https://www.ercot.com/misdownload/servlets/mirDownload?doclookupId=1274910529,2026-09-25T06:37:29Z,2026-09-15T18:50:14Z
ercot:HB_NORTH,spp_dam,2026-09-16T16:00:00Z,21.23,USD/MWh,PT1H,US-TX,ercot_dam,HB_NORTH,ercot:NP4-190-CD,https://www.ercot.com/misdownload/servlets/mirDownload?doclookupId=1274910529,2026-09-25T06:37:29Z,2026-09-15T18:50:14Z
ercot:HB_NORTH,spp_dam,2026-09-16T17:00:00Z,24.22,USD/MWh,PT1H,US-TX,ercot_dam,HB_NORTH,ercot:NP4-190-CD,https://www.ercot.com/misdownload/servlets/mirDownload?doclookupId=1274910529,2026-09-25T06:37:29Z,2026-09-15T18:50:14Z
ercot:HB_NORTH,spp_dam,2026-09-16T18:00:00Z,30.46,USD/MWh,PT1H,US-TX,ercot_dam,HB_NORTH,ercot:NP4-190-CD,https://www.ercot.com/misdownload/servlets/mirDownload?doclookupId=1274910529,2026-09-25T06:37:29Z,2026-09-15T18:50:14Z
ercot:HB_NORTH,spp_dam,2026-09-16T19:00:00Z,33.16,USD/MWh,PT1H,US-TX,ercot_dam,HB_NORTH,ercot:NP4-190-CD,https://www.ercot.com/misdownload/servlets/mirDownload?doclookupId=1274910529,2026-09-25T06:37:29Z,2026-09-15T18:50:14Z
ercot:HB_NORTH,spp_dam,2026-09-16T20:00:00Z,39.18,USD/MWh,PT1H,US-TX,ercot_dam,HB_NORTH,ercot:NP4-190-CD,https://www.ercot.com/misdownload/servlets/mirDownload?doclookupId=1274910529,2026-09-25T06:37:29Z,2026-09-15T18:50:14Z
ercot:HB_NORTH,spp_dam,2026-09-16T21:00:00Z,41.38,USD/MWh,PT1H,US-TX,ercot_dam,HB_NORTH,ercot:NP4-190-CD,https://www.ercot.com/misdownload/servlets/mirDownload?doclookupId=1274910529,2026-09-25T06:37:29Z,2026-09-15T18:50:14Z
ercot:HB_NORTH,spp_dam,2026-09-16T22:00:00Z,50.94,USD/MWh,PT1H,US-TX,ercot_dam,HB_NORTH,ercot:NP4-190-CD,https://www.ercot.com/misdownload/servlets/mirDownload?doclookupId=1274910529,2026-09-25T06:37:29Z,2026-09-15T18:50:14Z
ercot:HB_NORTH,spp_dam,2026-09-16T23:00:00Z,73.79,USD/MWh,PT1H,US-TX,ercot_dam,HB_NORTH,ercot:NP4-190-CD,https://www.ercot.com/misdownload/servlets/mirDownload?doclookupId=1274910529,2026-09-25T06:37:29Z,2026-09-15T18:50:14Z
ercot:HB_NORTH,spp_dam,2026-09-17T00:00:00Z,80.59,USD/MWh,PT1H,US-TX,ercot_dam,HB_NORTH,ercot:NP4-190-CD,https://www.ercot.com/misdownload/servlets/mirDownload?doclookupId=1274910529,2026-09-25T06:37:29Z,2026-09-15T18:50:14Z
ercot:HB_NORTH,spp_dam,2026-09-17T01:00:00Z,75.0,USD/MWh,PT1H,US-TX,ercot_dam,HB_NORTH,ercot:NP4-190-CD,https://www.ercot.com/misdownload/servlets/mirDownload?doclookupId=1274910529,2026-09-25T06:37:29Z,2026-09-15T18:50:14Z
ercot:HB_NORTH,spp_dam,2026-09-17T02:00:00Z,60.21,USD/MWh,PT1H,US-TX,ercot_dam,HB_NORTH,ercot:NP4-190-CD,https://www.ercot.com/misdownload/servlets/mirDownload?doclookupId=1274910529,2026-09-25T06:37:29Z,2026-09-15T18:50:14Z
ercot:HB_NORTH,spp_dam,2026-09-17T03:00:00Z,46.88,USD/MWh,PT1H,US-TX,ercot_dam,HB_NORTH,ercot:NP4-190-CD,https://www.ercot.com/misdownload/servlets/mirDownload?doclookupId=1274910529,2026-09-25T06:37:29Z,2026-09-15T18:50:14Z
ercot:HB_NORTH,spp_dam,2026-09-17T04:00:00Z,36.97,USD/MWh,PT1H,US-TX,ercot_dam,HB_NORTH,ercot:NP4-190-CD,https://www.ercot.com/misdownload/servlets/mirDownload?doclookupId=1274910529,2026-09-25T06:37:29Z,2026-09-15T18:50:14Z
ercot:HB_NORTH,spp_dam,2026-09-17T05:00:00Z,35.01,USD/MWh,PT1H,US-TX,ercot_dam,HB_NORTH,ercot:NP4-190-CD,https://www.ercot.com/misdownload/servlets/mirDownload?doclookupId=1275287943,2026-09-25T06:37:28Z,2026-09-16T17:36:06Z
ercot:HB_NORTH,spp_dam,2026-09-17T06:00:00Z,33.37,USD/MWh,PT1H,US-TX,ercot_dam,HB_NORTH,ercot:NP4-190-CD,https://www.ercot.com/misdownload/servlets/mirDownload?doclookupId=1275287943,2026-09-25T06:37:28Z,2026-09-16T17:36:06Z
ercot:HB_NORTH,spp_dam,2026-09-17T07:00:00Z,34.44,USD/MWh,PT1H,US-TX,ercot_dam,HB_NORTH,ercot:NP4-190-CD,https://www.ercot.com/misdownload/servlets/mirDownload?doclookupId=1275287943,2026-09-25T06:37:28Z,2026-09-16T17:36:06Z
ercot:HB_NORTH,spp_dam,2026-09-17T08:00:00Z,33.42,USD/MWh,PT1H,US-TX,ercot_dam,HB_NORTH,ercot:NP4-190-CD,https://www.ercot.com/misdownload/servlets/mirDownload?doclookupId=1275287943,2026-09-25T06:37:28Z,2026-09-16T17:36:06Z
ercot:HB_NORTH,spp_dam,2026-09-17T09:00:00Z,34.92,USD/MWh,PT1H,US-TX,ercot_dam,HB_NORTH,ercot:NP4-190-CD,https://www.ercot.com/misdownload/servlets/mirDownload?doclookupId=1275287943,2026-09-25T06:37:28Z,2026-09-16T17:36:06Z
ercot:HB_NORTH,spp_dam,2026-09-17T10:00:00Z,37.86,USD/MWh,PT1H,US-TX,ercot_dam,HB_NORTH,ercot:NP4-190-CD,https://www.ercot.com/misdownload/servlets/mirDownload?doclookupId=1275287943,2026-09-25T06:37:28Z,2026-09-16T17:36:06Z
ercot:HB_NORTH,spp_dam,2026-09-17T11:00:00Z,41.98,USD/MWh,PT1H,US-TX,ercot_dam,HB_NORTH,ercot:NP4-190-CD,https://www.ercot.com/misdownload/servlets/mirDownload?doclookupId=1275287943,2026-09-25T06:37:28Z,2026-09-16T17:36:06Z
ercot:HB_NORTH,spp_dam,2026-09-17T12:00:00Z,41.55,USD/MWh,PT1H,US-TX,ercot_dam,HB_NORTH,ercot:NP4-190-CD,https://www.ercot.com/misdownload/servlets/mirDownload?doclookupId=1275287943,2026-09-25T06:37:28Z,2026-09-16T17:36:06Z
ercot:HB_NORTH,spp_dam,2026-09-17T13:00:00Z,31.65,USD/MWh,PT1H,US-TX,ercot_dam,HB_NORTH,ercot:NP4-190-CD,https://www.ercot.com/misdownload/servlets/mirDownload?doclookupId=1275287943,2026-09-25T06:37:28Z,2026-09-16T17:36:06Z
ercot:HB_NORTH,spp_dam,2026-09-17T14:00:00Z,26.05,USD/MWh,PT1H,US-TX,ercot_dam,HB_NORTH,ercot:NP4-190-CD,https://www.ercot.com/misdownload/servlets/mirDownload?doclookupId=1275287943,2026-09-25T06:37:28Z,2026-09-16T17:36:06Z
ercot:HB_NORTH,spp_dam,2026-09-17T15:00:00Z,25.0,USD/MWh,PT1H,US-TX,ercot_dam,HB_NORTH,ercot:NP4-190-CD,https://www.ercot.com/misdownload/servlets/mirDownload?doclookupId=1275287943,2026-09-25T06:37:28Z,2026-09-16T17:36:06Z
ercot:HB_NORTH,spp_dam,2026-09-17T16:00:00Z,26.19,USD/MWh,PT1H,US-TX,ercot_dam,HB_NORTH,ercot:NP4-190-CD,https://www.ercot.com/misdownload/servlets/mirDownload?doclookupId=1275287943,2026-09-25T06:37:28Z,2026-09-16T17:36:06Z
ercot:HB_NORTH,spp_dam,2026-09-17T17:00:00Z,31.62,USD/MWh,PT1H,US-TX,ercot_dam,HB_NORTH,ercot:NP4-190-CD,https://www.ercot.com/misdownload/servlets/mirDownload?doclookupId=1275287943,2026-09-25T06:37:28Z,2026-09-16T17:36:06Z
ercot:HB_NORTH,spp_dam,2026-09-17T18:00:00Z,40.6,USD/MWh,PT1H,US-TX,ercot_dam,HB_NORTH,ercot:NP4-190-CD,https://www.ercot.com/misdownload/servlets/mirDownload?doclookupId=1275287943,2026-09-25T06:37:28Z,2026-09-16T17:36:06Z
ercot:HB_NORTH,spp_dam,2026-09-17T19:00:00Z,41.64,USD/MWh,PT1H,US-TX,ercot_dam,HB_NORTH,ercot:NP4-190-CD,https://www.ercot.com/misdownload/servlets/mirDownload?doclookupId=1275287943,2026-09-25T06:37:28Z,2026-09-16T17:36:06Z
ercot:HB_NORTH,spp_dam,2026-09-17T20:00:00Z,46.08,USD/MWh,PT1H,US-TX,ercot_dam,HB_NORTH,ercot:NP4-190-CD,https://www.ercot.com/misdownload/servlets/mirDownload?doclookupId=1275287943,2026-09-25T06:37:28Z,2026-09-16T17:36:06Z
ercot:HB_NORTH,spp_dam,2026-09-17T21:00:00Z,49.44,USD/MWh,PT1H,US-TX,ercot_dam,HB_NORTH,ercot:NP4-190-CD,https://www.ercot.com/misdownload/servlets/mirDownload?doclookupId=1275287943,2026-09-25T06:37:28Z,2026-09-16T17:36:06Z
ercot:HB_NORTH,spp_dam,2026-09-17T22:00:00Z,59.01,USD/MWh,PT1H,US-TX,ercot_dam,HB_NORTH,ercot:NP4-190-CD,https://www.ercot.com/misdownload/servlets/mirDownload?doclookupId=1275287943,2026-09-25T06:37:28Z,2026-09-16T17:36:06Z
ercot:HB_NORTH,spp_dam,2026-09-17T23:00:00Z,75.67,USD/MWh,PT1H,US-TX,ercot_dam,HB_NORTH,ercot:NP4-190-CD,https://www.ercot.com/misdownload/servlets/mirDownload?doclookupId=1275287943,2026-09-25T06:37:28Z,2026-09-16T17:36:06Z
ercot:HB_NORTH,spp_dam,2026-09-18T00:00:00Z,75.0,USD/MWh,PT1H,US-TX,ercot_dam,HB_NORTH,ercot:NP4-190-CD,https://www.ercot.com/misdownload/servlets/mirDownload?doclookupId=1275287943,2026-09-25T06:37:28Z,2026-09-16T17:36:06Z
ercot:HB_NORTH,spp_dam,2026-09-18T01:00:00Z,72.24,USD/MWh,PT1H,US-TX,ercot_dam,HB_NORTH,ercot:NP4-190-CD,https://www.ercot.com/misdownload/servlets/mirDownload?doclookupId=1275287943,2026-09-25T06:37:28Z,2026-09-16T17:36:06Z
ercot:HB_NORTH,spp_dam,2026-09-18T02:00:00Z,56.28,USD/MWh,PT1H,US-TX,ercot_dam,HB_NORTH,ercot:NP4-190-CD,https://www.ercot.com/misdownload/servlets/mirDownload?doclookupId=1275287943,2026-09-25T06:37:28Z,2026-09-16T17:36:06Z
ercot:HB_NORTH,spp_dam,2026-09-18T03:00:00Z,44.97,USD/MWh,PT1H,US-TX,ercot_dam,HB_NORTH,ercot:NP4-190-CD,https://www.ercot.com/misdownload/servlets/mirDownload?doclookupId=1275287943,2026-09-25T06:37:28Z,2026-09-16T17:36:06Z
ercot:HB_NORTH,spp_dam,2026-09-18T04:00:00Z,36.4,USD/MWh,PT1H,US-TX,ercot_dam,HB_NORTH,ercot:NP4-190-CD,https://www.ercot.com/misdownload/servlets/mirDownload?doclookupId=1275287943,2026-09-25T06:37:28Z,2026-09-16T17:36:06Z
ercot:HB_NORTH,spp_dam,2026-09-18T05:00:00Z,33.94,USD/MWh,PT1H,US-TX,ercot_dam,HB_NORTH,ercot:NP4-190-CD,https://www.ercot.com/misdownload/servlets/mirDownload?doclookupId=1275678653,2026-09-25T06:37:27Z,2026-09-17T17:33:44Z
ercot:HB_NORTH,spp_dam,2026-09-18T06:00:00Z,31.73,USD/MWh,PT1H,US-TX,ercot_dam,HB_NORTH,ercot:NP4-190-CD,https://www.ercot.com/misdownload/servlets/mirDownload?doclookupId=1275678653,2026-09-25T06:37:27Z,2026-09-17T17:33:44Z
ercot:HB_NORTH,spp_dam,2026-09-18T07:00:00Z,30.45,USD/MWh,PT1H,US-TX,ercot_dam,HB_NORTH,ercot:NP4-190-CD,https://www.ercot.com/misdownload/servlets/mirDownload?doclookupId=1275678653,2026-09-25T06:37:27Z,2026-09-17T17:33:44Z
ercot:HB_NORTH,spp_dam,2026-09-18T08:00:00Z,29.45,USD/MWh,PT1H,US-TX,ercot_dam,HB_NORTH,ercot:NP4-190-CD,https://www.ercot.com/misdownload/servlets/mirDownload?doclookupId=1275678653,2026-09-25T06:37:27Z,2026-09-17T17:33:44Z
ercot:HB_NORTH,spp_dam,2026-09-18T09:00:00Z,30.0,USD/MWh,PT1H,US-TX,ercot_dam,HB_NORTH,ercot:NP4-190-CD,https://www.ercot.com/misdownload/servlets/mirDownload?doclookupId=1275678653,2026-09-25T06:37:27Z,2026-09-17T17:33:44Z
ercot:HB_NORTH,spp_dam,2026-09-18T10:00:00Z,33.41,USD/MWh,PT1H,US-TX,ercot_dam,HB_NORTH,ercot:NP4-190-CD,https://www.ercot.com/misdownload/servlets/mirDownload?doclookupId=1275678653,2026-09-25T06:37:27Z,2026-09-17T17:33:44Z
ercot:HB_NORTH,spp_dam,2026-09-18T11:00:00Z,40.04,USD/MWh,PT1H,US-TX,ercot_dam,HB_NORTH,ercot:NP4-190-CD,https://www.ercot.com/misdownload/servlets/mirDownload?doclookupId=1275678653,2026-09-25T06:37:27Z,2026-09-17T17:33:44Z
ercot:HB_NORTH,spp_dam,2026-09-18T12:00:00Z,39.58,USD/MWh,PT1H,US-TX,ercot_dam,HB_NORTH,ercot:NP4-190-CD,https://www.ercot.com/misdownload/servlets/mirDownload?doclookupId=1275678653,2026-09-25T06:37:27Z,2026-09-17T17:33:44Z
ercot:HB_NORTH,spp_dam,2026-09-18T13:00:00Z,26.37,USD/MWh,PT1H,US-TX,ercot_dam,HB_NORTH,ercot:NP4-190-CD,https://www.ercot.com/misdownload/servlets/mirDownload?doclookupId=1275678653,2026-09-25T06:37:27Z,2026-09-17T17:33:44Z
ercot:HB_NORTH,spp_dam,2026-09-18T14:00:00Z,22.21,USD/MWh,PT1H,US-TX,ercot_dam,HB_NORTH,ercot:NP4-190-CD,https://www.ercot.com/misdownload/servlets/mirDownload?doclookupId=1275678653,2026-09-25T06:37:27Z,2026-09-17T17:33:44Z
ercot:HB_NORTH,spp_dam,2026-09-18T15:00:00Z,21.28,USD/MWh,PT1H,US-TX,ercot_dam,HB_NORTH,ercot:NP4-190-CD,https://www.ercot.com/misdownload/servlets/mirDownload?doclookupId=1275678653,2026-09-25T06:37:27Z,2026-09-17T17:33:44Z
ercot:HB_NORTH,spp_dam,2026-09-18T16:00:00Z,23.23,USD/MWh,PT1H,US-TX,ercot_dam,HB_NORTH,ercot:NP4-190-CD,https://www.ercot.com/misdownload/servlets/mirDownload?doclookupId=1275678653,2026-09-25T06:37:27Z,2026-09-17T17:33:44Z
ercot:HB_NORTH,spp_dam,2026-09-18T17:00:00Z,26.51,USD/MWh,PT1H,US-TX,ercot_dam,HB_NORTH,ercot:NP4-190-CD,https://www.ercot.com/misdownload/servlets/mirDownload?doclookupId=1275678653,2026-09-25T06:37:27Z,2026-09-17T17:33:44Z
ercot:HB_NORTH,spp_dam,2026-09-18T18:00:00Z,35.56,USD/MWh,PT1H,US-TX,ercot_dam,HB_NORTH,ercot:NP4-190-CD,https://www.ercot.com/misdownload/servlets/mirDownload?doclookupId=1275678653,2026-09-25T06:37:27Z,2026-09-17T17:33:44Z
ercot:HB_NORTH,spp_dam,2026-09-18T19:00:00Z,42.64,USD/MWh,PT1H,US-TX,ercot_dam,HB_NORTH,ercot:NP4-190-CD,https://www.ercot.com/misdownload/servlets/mirDownload?doclookupId=1275678653,2026-09-25T06:37:27Z,2026-09-17T17:33:44Z
ercot:HB_NORTH,spp_dam,2026-09-18T20:00:00Z,46.62,USD/MWh,PT1H,US-TX,ercot_dam,HB_NORTH,ercot:NP4-190-CD,https://www.ercot.com/misdownload/servlets/mirDownload?doclookupId=1275678653,2026-09-25T06:37:27Z,2026-09-17T17:33:44Z
ercot:HB_NORTH,spp_dam,2026-09-18T21:00:00Z,50.4,USD/MWh,PT1H,US-TX,ercot_dam,HB_NORTH,ercot:NP4-190-CD,https://www.ercot.com/misdownload/servlets/mirDownload?doclookupId=1275678653,2026-09-25T06:37:27Z,2026-09-17T17:33:44Z
ercot:HB_NORTH,spp_dam,2026-09-18T22:00:00Z,61.61,USD/MWh,PT1H,US-TX,ercot_dam,HB_NORTH,ercot:NP4-190-CD,https://www.ercot.com/misdownload/servlets/mirDownload?doclookupId=1275678653,2026-09-25T06:37:27Z,2026-09-17T17:33:44Z
ercot:HB_NORTH,spp_dam,2026-09-18T23:00:00Z,107.94,USD/MWh,PT1H,US-TX,ercot_dam,HB_NORTH,ercot:NP4-190-CD,https://www.ercot.com/misdownload/servlets/mirDownload?doclookupId=1275678653,2026-09-25T06:37:27Z,2026-09-17T17:33:44Z
ercot:HB_NORTH,spp_dam,2026-09-19T00:00:00Z,109.34,USD/MWh,PT1H,US-TX,ercot_dam,HB_NORTH,ercot:NP4-190-CD,https://www.ercot.com/misdownload/servlets/mirDownload?doclookupId=1275678653,2026-09-25T06:37:27Z,2026-09-17T17:33:44Z
ercot:HB_NORTH,spp_dam,2026-09-19T01:00:00Z,85.49,USD/MWh,PT1H,US-TX,ercot_dam,HB_NORTH,ercot:NP4-190-CD,https://www.ercot.com/misdownload/servlets/mirDownload?doclookupId=1275678653,2026-09-25T06:37:27Z,2026-09-17T17:33:44Z
ercot:HB_NORTH,spp_dam,2026-09-19T02:00:00Z,57.43,USD/MWh,PT1H,US-TX,ercot_dam,HB_NORTH,ercot:NP4-190-CD,https://www.ercot.com/misdownload/servlets/mirDownload?doclookupId=1275678653,2026-09-25T06:37:27Z,2026-09-17T17:33:44Z
ercot:HB_NORTH,spp_dam,2026-09-19T03:00:00Z,41.2,USD/MWh,PT1H,US-TX,ercot_dam,HB_NORTH,ercot:NP4-190-CD,https://www.ercot.com/misdownload/servlets/mirDownload?doclookupId=1275678653,2026-09-25T06:37:27Z,2026-09-17T17:33:44Z
ercot:HB_NORTH,spp_dam,2026-09-19T04:00:00Z,32.0,USD/MWh,PT1H,US-TX,ercot_dam,HB_NORTH,ercot:NP4-190-CD,https://www.ercot.com/misdownload/servlets/mirDownload?doclookupId=1275678653,2026-09-25T06:37:27Z,2026-09-17T17:33:44Z
ercot:HB_NORTH,spp_dam,2026-09-19T05:00:00Z,33.65,USD/MWh,PT1H,US-TX,ercot_dam,HB_NORTH,ercot:NP4-190-CD,https://www.ercot.com/misdownload/servlets/mirDownload?doclookupId=1276076285,2026-09-25T06:37:26Z,2026-09-18T17:32:52Z
ercot:HB_NORTH,spp_dam,2026-09-19T06:00:00Z,28.11,USD/MWh,PT1H,US-TX,ercot_dam,HB_NORTH,ercot:NP4-190-CD,https://www.ercot.com/misdownload/servlets/mirDownload?doclookupId=1276076285,2026-09-25T06:37:26Z,2026-09-18T17:32:52Z
ercot:HB_NORTH,spp_dam,2026-09-19T07:00:00Z,26.13,USD/MWh,PT1H,US-TX,ercot_dam,HB_NORTH,ercot:NP4-190-CD,https://www.ercot.com/misdownload/servlets/mirDownload?doclookupId=1276076285,2026-09-25T06:37:26Z,2026-09-18T17:32:52Z
ercot:HB_NORTH,spp_dam,2026-09-19T08:00:00Z,25.48,USD/MWh,PT1H,US-TX,ercot_dam,HB_NORTH,ercot:NP4-190-CD,https://www.ercot.com/misdownload/servlets/mirDownload?doclookupId=1276076285,2026-09-25T06:37:26Z,2026-09-18T17:32:52Z
ercot:HB_NORTH,spp_dam,2026-09-19T09:00:00Z,25.75,USD/MWh,PT1H,US-TX,ercot_dam,HB_NORTH,ercot:NP4-190-CD,https://www.ercot.com/misdownload/servlets/mirDownload?doclookupId=1276076285,2026-09-25T06:37:26Z,2026-09-18T17:32:52Z
ercot:HB_NORTH,spp_dam,2026-09-19T10:00:00Z,27.87,USD/MWh,PT1H,US-TX,ercot_dam,HB_NORTH,ercot:NP4-190-CD,https://www.ercot.com/misdownload/servlets/mirDownload?doclookupId=1276076285,2026-09-25T06:37:26Z,2026-09-18T17:32:52Z
ercot:HB_NORTH,spp_dam,2026-09-19T11:00:00Z,29.64,USD/MWh,PT1H,US-TX,ercot_dam,HB_NORTH,ercot:NP4-190-CD,https://www.ercot.com/misdownload/servlets/mirDownload?doclookupId=1276076285,2026-09-25T06:37:26Z,2026-09-18T17:32:52Z
ercot:HB_NORTH,spp_dam,2026-09-19T12:00:00Z,29.07,USD/MWh,PT1H,US-TX,ercot_dam,HB_NORTH,ercot:NP4-190-CD,https://www.ercot.com/misdownload/servlets/mirDownload?doclookupId=1276076285,2026-09-25T06:37:26Z,2026-09-18T17:32:52Z
ercot:HB_NORTH,spp_dam,2026-09-19T13:00:00Z,22.11,USD/MWh,PT1H,US-TX,ercot_dam,HB_NORTH,ercot:NP4-190-CD,https://www.ercot.com/misdownload/servlets/mirDownload?doclookupId=1276076285,2026-09-25T06:37:26Z,2026-09-18T17:32:52Z
ercot:HB_NORTH,spp_dam,2026-09-19T14:00:00Z,18.85,USD/MWh,PT1H,US-TX,ercot_dam,HB_NORTH,ercot:NP4-190-CD,https://www.ercot.com/misdownload/servlets/mirDownload?doclookupId=1276076285,2026-09-25T06:37:26Z,2026-09-18T17:32:52Z
ercot:HB_NORTH,spp_dam,2026-09-19T15:00:00Z,19.58,USD/MWh,PT1H,US-TX,ercot_dam,HB_NORTH,ercot:NP4-190-CD,https://www.ercot.com/misdownload/servlets/mirDownload?doclookupId=1276076285,2026-09-25T06:37:26Z,2026-09-18T17:32:52Z
ercot:HB_NORTH,spp_dam,2026-09-19T16:00:00Z,22.88,USD/MWh,PT1H,US-TX,ercot_dam,HB_NORTH,ercot:NP4-190-CD,https://www.ercot.com/misdownload/servlets/mirDownload?doclookupId=1276076285,2026-09-25T06:37:26Z,2026-09-18T17:32:52Z
ercot:HB_NORTH,spp_dam,2026-09-19T17:00:00Z,28.1,USD/MWh,PT1H,US-TX,ercot_dam,HB_NORTH,ercot:NP4-190-CD,https://www.ercot.com/misdownload/servlets/mirDownload?doclookupId=1276076285,2026-09-25T06:37:26Z,2026-09-18T17:32:52Z
ercot:HB_NORTH,spp_dam,2026-09-19T18:00:00Z,36.33,USD/MWh,PT1H,US-TX,ercot_dam,HB_NORTH,ercot:NP4-190-CD,https://www.ercot.com/misdownload/servlets/mirDownload?doclookupId=1276076285,2026-09-25T06:37:26Z,2026-09-18T17:32:52Z
ercot:HB_NORTH,spp_dam,2026-09-19T19:00:00Z,43.48,USD/MWh,PT1H,US-TX,ercot_dam,HB_NORTH,ercot:NP4-190-CD,https://www.ercot.com/misdownload/servlets/mirDownload?doclookupId=1276076285,2026-09-25T06:37:26Z,2026-09-18T17:32:52Z
ercot:HB_NORTH,spp_dam,2026-09-19T20:00:00Z,51.9,USD/MWh,PT1H,US-TX,ercot_dam,HB_NORTH,ercot:NP4-190-CD,https://www.ercot.com/misdownload/servlets/mirDownload?doclookupId=1276076285,2026-09-25T06:37:26Z,2026-09-18T17:32:52Z
ercot:HB_NORTH,spp_dam,2026-09-19T21:00:00Z,60.39,USD/MWh,PT1H,US-TX,ercot_dam,HB_NORTH,ercot:NP4-190-CD,https://www.ercot.com/misdownload/servlets/mirDownload?doclookupId=1276076285,2026-09-25T06:37:26Z,2026-09-18T17:32:52Z
ercot:HB_NORTH,spp_dam,2026-09-19T22:00:00Z,80.48,USD/MWh,PT1H,US-TX,ercot_dam,HB_NORTH,ercot:NP4-190-CD,https://www.ercot.com/misdownload/servlets/mirDownload?doclookupId=1276076285,2026-09-25T06:37:26Z,2026-09-18T17:32:52Z
ercot:HB_NORTH,spp_dam,2026-09-19T23:00:00Z,119.75,USD/MWh,PT1H,US-TX,ercot_dam,HB_NORTH,ercot:NP4-190-CD,https://www.ercot.com/misdownload/servlets/mirDownload?doclookupId=1276076285,2026-09-25T06:37:26Z,2026-09-18T17:32:52Z
ercot:HB_NORTH,spp_dam,2026-09-20T00:00:00Z,116.37,USD/MWh,PT1H,US-TX,ercot_dam,HB_NORTH,ercot:NP4-190-CD,https://www.ercot.com/misdownload/servlets/mirDownload?doclookupId=1276076285,2026-09-25T06:37:26Z,2026-09-18T17:32:52Z
ercot:HB_NORTH,spp_dam,2026-09-20T01:00:00Z,74.36,USD/MWh,PT1H,US-TX,ercot_dam,HB_NORTH,ercot:NP4-190-CD,https://www.ercot.com/misdownload/servlets/mirDownload?doclookupId=1276076285,2026-09-25T06:37:26Z,2026-09-18T17:32:52Z
ercot:HB_NORTH,spp_dam,2026-09-20T02:00:00Z,56.36,USD/MWh,PT1H,US-TX,ercot_dam,HB_NORTH,ercot:NP4-190-CD,https://www.ercot.com/misdownload/servlets/mirDownload?doclookupId=1276076285,2026-09-25T06:37:26Z,2026-09-18T17:32:52Z
ercot:HB_NORTH,spp_dam,2026-09-20T03:00:00Z,40.02,USD/MWh,PT1H,US-TX,ercot_dam,HB_NORTH,ercot:NP4-190-CD,https://www.ercot.com/misdownload/servlets/mirDownload?doclookupId=1276076285,2026-09-25T06:37:26Z,2026-09-18T17:32:52Z
ercot:HB_NORTH,spp_dam,2026-09-20T04:00:00Z,34.0,USD/MWh,PT1H,US-TX,ercot_dam,HB_NORTH,ercot:NP4-190-CD,https://www.ercot.com/misdownload/servlets/mirDownload?doclookupId=1276076285,2026-09-25T06:37:26Z,2026-09-18T17:32:52Z
ercot:HB_NORTH,spp_dam,2026-09-20T05:00:00Z,33.62,USD/MWh,PT1H,US-TX,ercot_dam,HB_NORTH,ercot:NP4-190-CD,https://www.ercot.com/misdownload/servlets/mirDownload?doclookupId=1276470243,2026-09-25T06:37:25Z,2026-09-19T17:35:07Z
ercot:HB_NORTH,spp_dam,2026-09-20T06:00:00Z,30.17,USD/MWh,PT1H,US-TX,ercot_dam,HB_NORTH,ercot:NP4-190-CD,https://www.ercot.com/misdownload/servlets/mirDownload?doclookupId=1276470243,2026-09-25T06:37:25Z,2026-09-19T17:35:07Z
ercot:HB_NORTH,spp_dam,2026-09-20T07:00:00Z,29.36,USD/MWh,PT1H,US-TX,ercot_dam,HB_NORTH,ercot:NP4-190-CD,https://www.ercot.com/misdownload/servlets/mirDownload?doclookupId=1276470243,2026-09-25T06:37:25Z,2026-09-19T17:35:07Z
ercot:HB_NORTH,spp_dam,2026-09-20T08:00:00Z,29.07,USD/MWh,PT1H,US-TX,ercot_dam,HB_NORTH,ercot:NP4-190-CD,https://www.ercot.com/misdownload/servlets/mirDownload?doclookupId=1276470243,2026-09-25T06:37:25Z,2026-09-19T17:35:07Z
ercot:HB_NORTH,spp_dam,2026-09-20T09:00:00Z,28.0,USD/MWh,PT1H,US-TX,ercot_dam,HB_NORTH,ercot:NP4-190-CD,https://www.ercot.com/misdownload/servlets/mirDownload?doclookupId=1276470243,2026-09-25T06:37:25Z,2026-09-19T17:35:07Z
ercot:HB_NORTH,spp_dam,2026-09-20T10:00:00Z,28.0,USD/MWh,PT1H,US-TX,ercot_dam,HB_NORTH,ercot:NP4-190-CD,https://www.ercot.com/misdownload/servlets/mirDownload?doclookupId=1276470243,2026-09-25T06:37:25Z,2026-09-19T17:35:07Z
ercot:HB_NORTH,spp_dam,2026-09-20T11:00:00Z,28.77,USD/MWh,PT1H,US-TX,ercot_dam,HB_NORTH,ercot:NP4-190-CD,https://www.ercot.com/misdownload/servlets/mirDownload?doclookupId=1276470243,2026-09-25T06:37:25Z,2026-09-19T17:35:07Z
ercot:HB_NORTH,spp_dam,2026-09-20T12:00:00Z,28.17,USD/MWh,PT1H,US-TX,ercot_dam,HB_NORTH,ercot:NP4-190-CD,https://www.ercot.com/misdownload/servlets/mirDownload?doclookupId=1276470243,2026-09-25T06:37:25Z,2026-09-19T17:35:07Z
ercot:HB_NORTH,spp_dam,2026-09-20T13:00:00Z,23.59,USD/MWh,PT1H,US-TX,ercot_dam,HB_NORTH,ercot:NP4-190-CD,https://www.ercot.com/misdownload/servlets/mirDownload?doclookupId=1276470243,2026-09-25T06:37:25Z,2026-09-19T17:35:07Z
ercot:HB_NORTH,spp_dam,2026-09-20T14:00:00Z,22.25,USD/MWh,PT1H,US-TX,ercot_dam,HB_NORTH,ercot:NP4-190-CD,https://www.ercot.com/misdownload/servlets/mirDownload?doclookupId=1276470243,2026-09-25T06:37:25Z,2026-09-19T17:35:07Z
ercot:HB_NORTH,spp_dam,2026-09-20T15:00:00Z,23.44,USD/MWh,PT1H,US-TX,ercot_dam,HB_NORTH,ercot:NP4-190-CD,https://www.ercot.com/misdownload/servlets/mirDownload?doclookupId=1276470243,2026-09-25T06:37:25Z,2026-09-19T17:35:07Z
ercot:HB_NORTH,spp_dam,2026-09-20T16:00:00Z,25.99,USD/MWh,PT1H,US-TX,ercot_dam,HB_NORTH,ercot:NP4-190-CD,https://www.ercot.com/misdownload/servlets/mirDownload?doclookupId=1276470243,2026-09-25T06:37:25Z,2026-09-19T17:35:07Z
ercot:HB_NORTH,spp_dam,2026-09-20T17:00:00Z,31.49,USD/MWh,PT1H,US-TX,ercot_dam,HB_NORTH,ercot:NP4-190-CD,https://www.ercot.com/misdownload/servlets/mirDownload?doclookupId=1276470243,2026-09-25T06:37:25Z,2026-09-19T17:35:07Z
ercot:HB_NORTH,spp_dam,2026-09-20T18:00:00Z,40.72,USD/MWh,PT1H,US-TX,ercot_dam,HB_NORTH,ercot:NP4-190-CD,https://www.ercot.com/misdownload/servlets/mirDownload?doclookupId=1276470243,2026-09-25T06:37:25Z,2026-09-19T17:35:07Z
ercot:HB_NORTH,spp_dam,2026-09-20T19:00:00Z,46.13,USD/MWh,PT1H,US-TX,ercot_dam,HB_NORTH,ercot:NP4-190-CD,https://www.ercot.com/misdownload/servlets/mirDownload?doclookupId=1276470243,2026-09-25T06:37:25Z,2026-09-19T17:35:07Z
ercot:HB_NORTH,spp_dam,2026-09-20T20:00:00Z,56.69,USD/MWh,PT1H,US-TX,ercot_dam,HB_NORTH,ercot:NP4-190-CD,https://www.ercot.com/misdownload/servlets/mirDownload?doclookupId=1276470243,2026-09-25T06:37:25Z,2026-09-19T17:35:07Z
ercot:HB_NORTH,spp_dam,2026-09-20T21:00:00Z,60.31,USD/MWh,PT1H,US-TX,ercot_dam,HB_NORTH,ercot:NP4-190-CD,https://www.ercot.com/misdownload/servlets/mirDownload?doclookupId=1276470243,2026-09-25T06:37:25Z,2026-09-19T17:35:07Z
ercot:HB_NORTH,spp_dam,2026-09-20T22:00:00Z,81.01,USD/MWh,PT1H,US-TX,ercot_dam,HB_NORTH,ercot:NP4-190-CD,https://www.ercot.com/misdownload/servlets/mirDownload?doclookupId=1276470243,2026-09-25T06:37:25Z,2026-09-19T17:35:07Z
ercot:HB_NORTH,spp_dam,2026-09-20T23:00:00Z,120.71,USD/MWh,PT1H,US-TX,ercot_dam,HB_NORTH,ercot:NP4-190-CD,https://www.ercot.com/misdownload/servlets/mirDownload?doclookupId=1276470243,2026-09-25T06:37:25Z,2026-09-19T17:35:07Z
ercot:HB_NORTH,spp_dam,2026-09-21T00:00:00Z,125.39,USD/MWh,PT1H,US-TX,ercot_dam,HB_NORTH,ercot:NP4-190-CD,https://www.ercot.com/misdownload/servlets/mirDownload?doclookupId=1276470243,2026-09-25T06:37:25Z,2026-09-19T17:35:07Z
ercot:HB_NORTH,spp_dam,2026-09-21T01:00:00Z,104.17,USD/MWh,PT1H,US-TX,ercot_dam,HB_NORTH,ercot:NP4-190-CD,https://www.ercot.com/misdownload/servlets/mirDownload?doclookupId=1276470243,2026-09-25T06:37:25Z,2026-09-19T17:35:07Z
ercot:HB_NORTH,spp_dam,2026-09-21T02:00:00Z,95.17,USD/MWh,PT1H,US-TX,ercot_dam,HB_NORTH,ercot:NP4-190-CD,https://www.ercot.com/misdownload/servlets/mirDownload?doclookupId=1276470243,2026-09-25T06:37:25Z,2026-09-19T17:35:07Z
ercot:HB_NORTH,spp_dam,2026-09-21T03:00:00Z,72.14,USD/MWh,PT1H,US-TX,ercot_dam,HB_NORTH,ercot:NP4-190-CD,https://www.ercot.com/misdownload/servlets/mirDownload?doclookupId=1276470243,2026-09-25T06:37:25Z,2026-09-19T17:35:07Z
ercot:HB_NORTH,spp_dam,2026-09-21T04:00:00Z,44.47,USD/MWh,PT1H,US-TX,ercot_dam,HB_NORTH,ercot:NP4-190-CD,https://www.ercot.com/misdownload/servlets/mirDownload?doclookupId=1276470243,2026-09-25T06:37:25Z,2026-09-19T17:35:07Z
ercot:HB_NORTH,spp_dam,2026-09-21T05:00:00Z,40.06,USD/MWh,PT1H,US-TX,ercot_dam,HB_NORTH,ercot:NP4-190-CD,https://www.ercot.com/misdownload/servlets/mirDownload?doclookupId=1276864315,2026-09-25T06:37:24Z,2026-09-20T18:00:57Z
ercot:HB_NORTH,spp_dam,2026-09-21T06:00:00Z,38.29,USD/MWh,PT1H,US-TX,ercot_dam,HB_NORTH,ercot:NP4-190-CD,https://www.ercot.com/misdownload/servlets/mirDownload?doclookupId=1276864315,2026-09-25T06:37:24Z,2026-09-20T18:00:57Z
ercot:HB_NORTH,spp_dam,2026-09-21T07:00:00Z,39.23,USD/MWh,PT1H,US-TX,ercot_dam,HB_NORTH,ercot:NP4-190-CD,https://www.ercot.com/misdownload/servlets/mirDownload?doclookupId=1276864315,2026-09-25T06:37:24Z,2026-09-20T18:00:57Z
ercot:HB_NORTH,spp_dam,2026-09-21T08:00:00Z,40.05,USD/MWh,PT1H,US-TX,ercot_dam,HB_NORTH,ercot:NP4-190-CD,https://www.ercot.com/misdownload/servlets/mirDownload?doclookupId=1276864315,2026-09-25T06:37:24Z,2026-09-20T18:00:57Z
ercot:HB_NORTH,spp_dam,2026-09-21T09:00:00Z,40.57,USD/MWh,PT1H,US-TX,ercot_dam,HB_NORTH,ercot:NP4-190-CD,https://www.ercot.com/misdownload/servlets/mirDownload?doclookupId=1276864315,2026-09-25T06:37:24Z,2026-09-20T18:00:57Z
ercot:HB_NORTH,spp_dam,2026-09-21T10:00:00Z,47.8,USD/MWh,PT1H,US-TX,ercot_dam,HB_NORTH,ercot:NP4-190-CD,https://www.ercot.com/misdownload/servlets/mirDownload?doclookupId=1276864315,2026-09-25T06:37:24Z,2026-09-20T18:00:57Z
ercot:HB_NORTH,spp_dam,2026-09-21T11:00:00Z,55.5,USD/MWh,PT1H,US-TX,ercot_dam,HB_NORTH,ercot:NP4-190-CD,https://www.ercot.com/misdownload/servlets/mirDownload?doclookupId=1276864315,2026-09-25T06:37:24Z,2026-09-20T18:00:57Z
ercot:HB_NORTH,spp_dam,2026-09-21T12:00:00Z,47.4,USD/MWh,PT1H,US-TX,ercot_dam,HB_NORTH,ercot:NP4-190-CD,https://www.ercot.com/misdownload/servlets/mirDownload?doclookupId=1276864315,2026-09-25T06:37:24Z,2026-09-20T18:00:57Z
ercot:HB_NORTH,spp_dam,2026-09-21T13:00:00Z,33.91,USD/MWh,PT1H,US-TX,ercot_dam,HB_NORTH,ercot:NP4-190-CD,https://www.ercot.com/misdownload/servlets/mirDownload?doclookupId=1276864315,2026-09-25T06:37:24Z,2026-09-20T18:00:57Z
ercot:HB_NORTH,spp_dam,2026-09-21T14:00:00Z,27.98,USD/MWh,PT1H,US-TX,ercot_dam,HB_NORTH,ercot:NP4-190-CD,https://www.ercot.com/misdownload/servlets/mirDownload?doclookupId=1276864315,2026-09-25T06:37:24Z,2026-09-20T18:00:57Z
ercot:HB_NORTH,spp_dam,2026-09-21T15:00:00Z,26.28,USD/MWh,PT1H,US-TX,ercot_dam,HB_NORTH,ercot:NP4-190-CD,https://www.ercot.com/misdownload/servlets/mirDownload?doclookupId=1276864315,2026-09-25T06:37:24Z,2026-09-20T18:00:57Z
ercot:HB_NORTH,spp_dam,2026-09-21T16:00:00Z,27.51,USD/MWh,PT1H,US-TX,ercot_dam,HB_NORTH,ercot:NP4-190-CD,https://www.ercot.com/misdownload/servlets/mirDownload?doclookupId=1276864315,2026-09-25T06:37:24Z,2026-09-20T18:00:57Z
ercot:HB_NORTH,spp_dam,2026-09-21T17:00:00Z,30.04,USD/MWh,PT1H,US-TX,ercot_dam,HB_NORTH,ercot:NP4-190-CD,https://www.ercot.com/misdownload/servlets/mirDownload?doclookupId=1276864315,2026-09-25T06:37:24Z,2026-09-20T18:00:57Z
ercot:HB_NORTH,spp_dam,2026-09-21T18:00:00Z,38.96,USD/MWh,PT1H,US-TX,ercot_dam,HB_NORTH,ercot:NP4-190-CD,https://www.ercot.com/misdownload/servlets/mirDownload?doclookupId=1276864315,2026-09-25T06:37:24Z,2026-09-20T18:00:57Z
ercot:HB_NORTH,spp_dam,2026-09-21T19:00:00Z,40.36,USD/MWh,PT1H,US-TX,ercot_dam,HB_NORTH,ercot:NP4-190-CD,https://www.ercot.com/misdownload/servlets/mirDownload?doclookupId=1276864315,2026-09-25T06:37:24Z,2026-09-20T18:00:57Z
ercot:HB_NORTH,spp_dam,2026-09-21T20:00:00Z,49.08,USD/MWh,PT1H,US-TX,ercot_dam,HB_NORTH,ercot:NP4-190-CD,https://www.ercot.com/misdownload/servlets/mirDownload?doclookupId=1276864315,2026-09-25T06:37:24Z,2026-09-20T18:00:57Z
ercot:HB_NORTH,spp_dam,2026-09-21T21:00:00Z,59.01,USD/MWh,PT1H,US-TX,ercot_dam,HB_NORTH,ercot:NP4-190-CD,https://www.ercot.com/misdownload/servlets/mirDownload?doclookupId=1276864315,2026-09-25T06:37:24Z,2026-09-20T18:00:57Z
ercot:HB_NORTH,spp_dam,2026-09-21T22:00:00Z,64.58,USD/MWh,PT1H,US-TX,ercot_dam,HB_NORTH,ercot:NP4-190-CD,https://www.ercot.com/misdownload/servlets/mirDownload?doclookupId=1276864315,2026-09-25T06:37:24Z,2026-09-20T18:00:57Z
ercot:HB_NORTH,spp_dam,2026-09-21T23:00:00Z,97.62,USD/MWh,PT1H,US-TX,ercot_dam,HB_NORTH,ercot:NP4-190-CD,https://www.ercot.com/misdownload/servlets/mirDownload?doclookupId=1276864315,2026-09-25T06:37:24Z,2026-09-20T18:00:57Z
ercot:HB_NORTH,spp_dam,2026-09-22T00:00:00Z,114.43,USD/MWh,PT1H,US-TX,ercot_dam,HB_NORTH,ercot:NP4-190-CD,https://www.ercot.com/misdownload/servlets/mirDownload?doclookupId=1276864315,2026-09-25T06:37:24Z,2026-09-20T18:00:57Z
ercot:HB_NORTH,spp_dam,2026-09-22T01:00:00Z,109.39,USD/MWh,PT1H,US-TX,ercot_dam,HB_NORTH,ercot:NP4-190-CD,https://www.ercot.com/misdownload/servlets/mirDownload?doclookupId=1276864315,2026-09-25T06:37:24Z,2026-09-20T18:00:57Z
ercot:HB_NORTH,spp_dam,2026-09-22T02:00:00Z,105.96,USD/MWh,PT1H,US-TX,ercot_dam,HB_NORTH,ercot:NP4-190-CD,https://www.ercot.com/misdownload/servlets/mirDownload?doclookupId=1276864315,2026-09-25T06:37:24Z,2026-09-20T18:00:57Z
ercot:HB_NORTH,spp_dam,2026-09-22T03:00:00Z,89.87,USD/MWh,PT1H,US-TX,ercot_dam,HB_NORTH,ercot:NP4-190-CD,https://www.ercot.com/misdownload/servlets/mirDownload?doclookupId=1276864315,2026-09-25T06:37:24Z,2026-09-20T18:00:57Z
ercot:HB_NORTH,spp_dam,2026-09-22T04:00:00Z,61.86,USD/MWh,PT1H,US-TX,ercot_dam,HB_NORTH,ercot:NP4-190-CD,https://www.ercot.com/misdownload/servlets/mirDownload?doclookupId=1276864315,2026-09-25T06:37:24Z,2026-09-20T18:00:57Z
ercot:HB_NORTH,spp_dam,2026-09-22T05:00:00Z,39.82,USD/MWh,PT1H,US-TX,ercot_dam,HB_NORTH,ercot:NP4-190-CD,https://www.ercot.com/misdownload/servlets/mirDownload?doclookupId=1277258060,2026-09-25T19:48:54Z,2026-09-21T17:32:44Z
ercot:HB_NORTH,spp_dam,2026-09-22T06:00:00Z,36.51,USD/MWh,PT1H,US-TX,ercot_dam,HB_NORTH,ercot:NP4-190-CD,https://www.ercot.com/misdownload/servlets/mirDownload?doclookupId=1277258060,2026-09-25T19:48:54Z,2026-09-21T17:32:44Z
ercot:HB_NORTH,spp_dam,2026-09-22T07:00:00Z,35.15,USD/MWh,PT1H,US-TX,ercot_dam,HB_NORTH,ercot:NP4-190-CD,https://www.ercot.com/misdownload/servlets/mirDownload?doclookupId=1277258060,2026-09-25T19:48:54Z,2026-09-21T17:32:44Z
ercot:HB_NORTH,spp_dam,2026-09-22T08:00:00Z,34.66,USD/MWh,PT1H,US-TX,ercot_dam,HB_NORTH,ercot:NP4-190-CD,https://www.ercot.com/misdownload/servlets/mirDownload?doclookupId=1277258060,2026-09-25T19:48:54Z,2026-09-21T17:32:44Z
ercot:HB_NORTH,spp_dam,2026-09-22T09:00:00Z,34.25,USD/MWh,PT1H,US-TX,ercot_dam,HB_NORTH,ercot:NP4-190-CD,https://www.ercot.com/misdownload/servlets/mirDownload?doclookupId=1277258060,2026-09-25T19:48:54Z,2026-09-21T17:32:44Z
ercot:HB_NORTH,spp_dam,2026-09-22T10:00:00Z,37.82,USD/MWh,PT1H,US-TX,ercot_dam,HB_NORTH,ercot:NP4-190-CD,https://www.ercot.com/misdownload/servlets/mirDownload?doclookupId=1277258060,2026-09-25T19:48:54Z,2026-09-21T17:32:44Z
ercot:HB_NORTH,spp_dam,2026-09-22T11:00:00Z,40.12,USD/MWh,PT1H,US-TX,ercot_dam,HB_NORTH,ercot:NP4-190-CD,https://www.ercot.com/misdownload/servlets/mirDownload?doclookupId=1277258060,2026-09-25T19:48:54Z,2026-09-21T17:32:44Z
ercot:HB_NORTH,spp_dam,2026-09-22T12:00:00Z,39.22,USD/MWh,PT1H,US-TX,ercot_dam,HB_NORTH,ercot:NP4-190-CD,https://www.ercot.com/misdownload/servlets/mirDownload?doclookupId=1277258060,2026-09-25T19:48:54Z,2026-09-21T17:32:44Z
ercot:HB_NORTH,spp_dam,2026-09-22T13:00:00Z,26.09,USD/MWh,PT1H,US-TX,ercot_dam,HB_NORTH,ercot:NP4-190-CD,https://www.ercot.com/misdownload/servlets/mirDownload?doclookupId=1277258060,2026-09-25T19:48:54Z,2026-09-21T17:32:44Z
ercot:HB_NORTH,spp_dam,2026-09-22T14:00:00Z,23.08,USD/MWh,PT1H,US-TX,ercot_dam,HB_NORTH,ercot:NP4-190-CD,https://www.ercot.com/misdownload/servlets/mirDownload?doclookupId=1277258060,2026-09-25T19:48:54Z,2026-09-21T17:32:44Z
ercot:HB_NORTH,spp_dam,2026-09-22T15:00:00Z,23.57,USD/MWh,PT1H,US-TX,ercot_dam,HB_NORTH,ercot:NP4-190-CD,https://www.ercot.com/misdownload/servlets/mirDownload?doclookupId=1277258060,2026-09-25T19:48:54Z,2026-09-21T17:32:44Z
ercot:HB_NORTH,spp_dam,2026-09-22T16:00:00Z,25.49,USD/MWh,PT1H,US-TX,ercot_dam,HB_NORTH,ercot:NP4-190-CD,https://www.ercot.com/misdownload/servlets/mirDownload?doclookupId=1277258060,2026-09-25T19:48:54Z,2026-09-21T17:32:44Z
ercot:HB_NORTH,spp_dam,2026-09-22T17:00:00Z,28.64,USD/MWh,PT1H,US-TX,ercot_dam,HB_NORTH,ercot:NP4-190-CD,https://www.ercot.com/misdownload/servlets/mirDownload?doclookupId=1277258060,2026-09-25T19:48:54Z,2026-09-21T17:32:44Z
ercot:HB_NORTH,spp_dam,2026-09-22T18:00:00Z,34.2,USD/MWh,PT1H,US-TX,ercot_dam,HB_NORTH,ercot:NP4-190-CD,https://www.ercot.com/misdownload/servlets/mirDownload?doclookupId=1277258060,2026-09-25T19:48:54Z,2026-09-21T17:32:44Z
ercot:HB_NORTH,spp_dam,2026-09-22T19:00:00Z,37.23,USD/MWh,PT1H,US-TX,ercot_dam,HB_NORTH,ercot:NP4-190-CD,https://www.ercot.com/misdownload/servlets/mirDownload?doclookupId=1277258060,2026-09-25T19:48:54Z,2026-09-21T17:32:44Z
ercot:HB_NORTH,spp_dam,2026-09-22T20:00:00Z,41.71,USD/MWh,PT1H,US-TX,ercot_dam,HB_NORTH,ercot:NP4-190-CD,https://www.ercot.com/misdownload/servlets/mirDownload?doclookupId=1277258060,2026-09-25T19:48:54Z,2026-09-21T17:32:44Z
ercot:HB_NORTH,spp_dam,2026-09-22T21:00:00Z,48.25,USD/MWh,PT1H,US-TX,ercot_dam,HB_NORTH,ercot:NP4-190-CD,https://www.ercot.com/misdownload/servlets/mirDownload?doclookupId=1277258060,2026-09-25T19:48:54Z,2026-09-21T17:32:44Z
ercot:HB_NORTH,spp_dam,2026-09-22T22:00:00Z,62.3,USD/MWh,PT1H,US-TX,ercot_dam,HB_NORTH,ercot:NP4-190-CD,https://www.ercot.com/misdownload/servlets/mirDownload?doclookupId=1277258060,2026-09-25T19:48:54Z,2026-09-21T17:32:44Z
ercot:HB_NORTH,spp_dam,2026-09-22T23:00:00Z,97.03,USD/MWh,PT1H,US-TX,ercot_dam,HB_NORTH,ercot:NP4-190-CD,https://www.ercot.com/misdownload/servlets/mirDownload?doclookupId=1277258060,2026-09-25T19:48:54Z,2026-09-21T17:32:44Z
ercot:HB_NORTH,spp_dam,2026-09-23T00:00:00Z,97.0,USD/MWh,PT1H,US-TX,ercot_dam,HB_NORTH,ercot:NP4-190-CD,https://www.ercot.com/misdownload/servlets/mirDownload?doclookupId=1277258060,2026-09-25T19:48:54Z,2026-09-21T17:32:44Z
ercot:HB_NORTH,spp_dam,2026-09-23T01:00:00Z,91.9,USD/MWh,PT1H,US-TX,ercot_dam,HB_NORTH,ercot:NP4-190-CD,https://www.ercot.com/misdownload/servlets/mirDownload?doclookupId=1277258060,2026-09-25T19:48:54Z,2026-09-21T17:32:44Z
ercot:HB_NORTH,spp_dam,2026-09-23T02:00:00Z,79.9,USD/MWh,PT1H,US-TX,ercot_dam,HB_NORTH,ercot:NP4-190-CD,https://www.ercot.com/misdownload/servlets/mirDownload?doclookupId=1277258060,2026-09-25T19:48:54Z,2026-09-21T17:32:44Z
ercot:HB_NORTH,spp_dam,2026-09-23T03:00:00Z,59.01,USD/MWh,PT1H,US-TX,ercot_dam,HB_NORTH,ercot:NP4-190-CD,https://www.ercot.com/misdownload/servlets/mirDownload?doclookupId=1277258060,2026-09-25T19:48:54Z,2026-09-21T17:32:44Z
ercot:HB_NORTH,spp_dam,2026-09-23T04:00:00Z,42.51,USD/MWh,PT1H,US-TX,ercot_dam,HB_NORTH,ercot:NP4-190-CD,https://www.ercot.com/misdownload/servlets/mirDownload?doclookupId=1277258060,2026-09-25T19:48:54Z,2026-09-21T17:32:44Z
ercot:HB_NORTH,spp_dam,2026-09-23T05:00:00Z,35.77,USD/MWh,PT1H,US-TX,ercot_dam,HB_NORTH,ercot:NP4-190-CD,https://www.ercot.com/misdownload/servlets/mirDownload?doclookupId=1277674202,2026-09-25T19:48:53Z,2026-09-22T17:45:50Z
ercot:HB_NORTH,spp_dam,2026-09-23T06:00:00Z,33.38,USD/MWh,PT1H,US-TX,ercot_dam,HB_NORTH,ercot:NP4-190-CD,https://www.ercot.com/misdownload/servlets/mirDownload?doclookupId=1277674202,2026-09-25T19:48:53Z,2026-09-22T17:45:50Z
ercot:HB_NORTH,spp_dam,2026-09-23T07:00:00Z,31.08,USD/MWh,PT1H,US-TX,ercot_dam,HB_NORTH,ercot:NP4-190-CD,https://www.ercot.com/misdownload/servlets/mirDownload?doclookupId=1277674202,2026-09-25T19:48:53Z,2026-09-22T17:45:50Z
ercot:HB_NORTH,spp_dam,2026-09-23T08:00:00Z,30.07,USD/MWh,PT1H,US-TX,ercot_dam,HB_NORTH,ercot:NP4-190-CD,https://www.ercot.com/misdownload/servlets/mirDownload?doclookupId=1277674202,2026-09-25T19:48:53Z,2026-09-22T17:45:50Z
ercot:HB_NORTH,spp_dam,2026-09-23T09:00:00Z,30.5,USD/MWh,PT1H,US-TX,ercot_dam,HB_NORTH,ercot:NP4-190-CD,https://www.ercot.com/misdownload/servlets/mirDownload?doclookupId=1277674202,2026-09-25T19:48:53Z,2026-09-22T17:45:50Z
ercot:HB_NORTH,spp_dam,2026-09-23T10:00:00Z,34.4,USD/MWh,PT1H,US-TX,ercot_dam,HB_NORTH,ercot:NP4-190-CD,https://www.ercot.com/misdownload/servlets/mirDownload?doclookupId=1277674202,2026-09-25T19:48:53Z,2026-09-22T17:45:50Z
ercot:HB_NORTH,spp_dam,2026-09-23T11:00:00Z,37.83,USD/MWh,PT1H,US-TX,ercot_dam,HB_NORTH,ercot:NP4-190-CD,https://www.ercot.com/misdownload/servlets/mirDownload?doclookupId=1277674202,2026-09-25T19:48:53Z,2026-09-22T17:45:50Z
ercot:HB_NORTH,spp_dam,2026-09-23T12:00:00Z,34.8,USD/MWh,PT1H,US-TX,ercot_dam,HB_NORTH,ercot:NP4-190-CD,https://www.ercot.com/misdownload/servlets/mirDownload?doclookupId=1277674202,2026-09-25T19:48:53Z,2026-09-22T17:45:50Z
ercot:HB_NORTH,spp_dam,2026-09-23T13:00:00Z,27.74,USD/MWh,PT1H,US-TX,ercot_dam,HB_NORTH,ercot:NP4-190-CD,https://www.ercot.com/misdownload/servlets/mirDownload?doclookupId=1277674202,2026-09-25T19:48:53Z,2026-09-22T17:45:50Z
ercot:HB_NORTH,spp_dam,2026-09-23T14:00:00Z,24.5,USD/MWh,PT1H,US-TX,ercot_dam,HB_NORTH,ercot:NP4-190-CD,https://www.ercot.com/misdownload/servlets/mirDownload?doclookupId=1277674202,2026-09-25T19:48:53Z,2026-09-22T17:45:50Z
ercot:HB_NORTH,spp_dam,2026-09-23T15:00:00Z,22.25,USD/MWh,PT1H,US-TX,ercot_dam,HB_NORTH,ercot:NP4-190-CD,https://www.ercot.com/misdownload/servlets/mirDownload?doclookupId=1277674202,2026-09-25T19:48:53Z,2026-09-22T17:45:50Z
ercot:HB_NORTH,spp_dam,2026-09-23T16:00:00Z,22.64,USD/MWh,PT1H,US-TX,ercot_dam,HB_NORTH,ercot:NP4-190-CD,https://www.ercot.com/misdownload/servlets/mirDownload?doclookupId=1277674202,2026-09-25T19:48:53Z,2026-09-22T17:45:50Z
ercot:HB_NORTH,spp_dam,2026-09-23T17:00:00Z,22.87,USD/MWh,PT1H,US-TX,ercot_dam,HB_NORTH,ercot:NP4-190-CD,https://www.ercot.com/misdownload/servlets/mirDownload?doclookupId=1277674202,2026-09-25T19:48:53Z,2026-09-22T17:45:50Z
ercot:HB_NORTH,spp_dam,2026-09-23T18:00:00Z,27.15,USD/MWh,PT1H,US-TX,ercot_dam,HB_NORTH,ercot:NP4-190-CD,https://www.ercot.com/misdownload/servlets/mirDownload?doclookupId=1277674202,2026-09-25T19:48:53Z,2026-09-22T17:45:50Z
ercot:HB_NORTH,spp_dam,2026-09-23T19:00:00Z,32.28,USD/MWh,PT1H,US-TX,ercot_dam,HB_NORTH,ercot:NP4-190-CD,https://www.ercot.com/misdownload/servlets/mirDownload?doclookupId=1277674202,2026-09-25T19:48:53Z,2026-09-22T17:45:50Z
ercot:HB_NORTH,spp_dam,2026-09-23T20:00:00Z,36.11,USD/MWh,PT1H,US-TX,ercot_dam,HB_NORTH,ercot:NP4-190-CD,https://www.ercot.com/misdownload/servlets/mirDownload?doclookupId=1277674202,2026-09-25T19:48:53Z,2026-09-22T17:45:50Z
ercot:HB_NORTH,spp_dam,2026-09-23T21:00:00Z,42.78,USD/MWh,PT1H,US-TX,ercot_dam,HB_NORTH,ercot:NP4-190-CD,https://www.ercot.com/misdownload/servlets/mirDownload?doclookupId=1277674202,2026-09-25T19:48:53Z,2026-09-22T17:45:50Z
ercot:HB_NORTH,spp_dam,2026-09-23T22:00:00Z,59.01,USD/MWh,PT1H,US-TX,ercot_dam,HB_NORTH,ercot:NP4-190-CD,https://www.ercot.com/misdownload/servlets/mirDownload?doclookupId=1277674202,2026-09-25T19:48:53Z,2026-09-22T17:45:50Z
ercot:HB_NORTH,spp_dam,2026-09-23T23:00:00Z,89.65,USD/MWh,PT1H,US-TX,ercot_dam,HB_NORTH,ercot:NP4-190-CD,https://www.ercot.com/misdownload/servlets/mirDownload?doclookupId=1277674202,2026-09-25T19:48:53Z,2026-09-22T17:45:50Z
ercot:HB_NORTH,spp_dam,2026-09-24T00:00:00Z,88.96,USD/MWh,PT1H,US-TX,ercot_dam,HB_NORTH,ercot:NP4-190-CD,https://www.ercot.com/misdownload/servlets/mirDownload?doclookupId=1277674202,2026-09-25T19:48:53Z,2026-09-22T17:45:50Z
ercot:HB_NORTH,spp_dam,2026-09-24T01:00:00Z,78.39,USD/MWh,PT1H,US-TX,ercot_dam,HB_NORTH,ercot:NP4-190-CD,https://www.ercot.com/misdownload/servlets/mirDownload?doclookupId=1277674202,2026-09-25T19:48:53Z,2026-09-22T17:45:50Z
ercot:HB_NORTH,spp_dam,2026-09-24T02:00:00Z,61.85,USD/MWh,PT1H,US-TX,ercot_dam,HB_NORTH,ercot:NP4-190-CD,https://www.ercot.com/misdownload/servlets/mirDownload?doclookupId=1277674202,2026-09-25T19:48:53Z,2026-09-22T17:45:50Z
ercot:HB_NORTH,spp_dam,2026-09-24T03:00:00Z,42.93,USD/MWh,PT1H,US-TX,ercot_dam,HB_NORTH,ercot:NP4-190-CD,https://www.ercot.com/misdownload/servlets/mirDownload?doclookupId=1277674202,2026-09-25T19:48:53Z,2026-09-22T17:45:50Z
ercot:HB_NORTH,spp_dam,2026-09-24T04:00:00Z,34.47,USD/MWh,PT1H,US-TX,ercot_dam,HB_NORTH,ercot:NP4-190-CD,https://www.ercot.com/misdownload/servlets/mirDownload?doclookupId=1277674202,2026-09-25T19:48:53Z,2026-09-22T17:45:50Z
ercot:HB_NORTH,spp_dam,2026-09-24T05:00:00Z,34.92,USD/MWh,PT1H,US-TX,ercot_dam,HB_NORTH,ercot:NP4-190-CD,https://www.ercot.com/misdownload/servlets/mirDownload?doclookupId=1278079530,2026-09-25T19:48:51Z,2026-09-23T18:16:21Z
ercot:HB_NORTH,spp_dam,2026-09-24T06:00:00Z,31.47,USD/MWh,PT1H,US-TX,ercot_dam,HB_NORTH,ercot:NP4-190-CD,https://www.ercot.com/misdownload/servlets/mirDownload?doclookupId=1278079530,2026-09-25T19:48:51Z,2026-09-23T18:16:21Z
ercot:HB_NORTH,spp_dam,2026-09-24T07:00:00Z,30.15,USD/MWh,PT1H,US-TX,ercot_dam,HB_NORTH,ercot:NP4-190-CD,https://www.ercot.com/misdownload/servlets/mirDownload?doclookupId=1278079530,2026-09-25T19:48:51Z,2026-09-23T18:16:21Z
ercot:HB_NORTH,spp_dam,2026-09-24T08:00:00Z,29.61,USD/MWh,PT1H,US-TX,ercot_dam,HB_NORTH,ercot:NP4-190-CD,https://www.ercot.com/misdownload/servlets/mirDownload?doclookupId=1278079530,2026-09-25T19:48:51Z,2026-09-23T18:16:21Z
ercot:HB_NORTH,spp_dam,2026-09-24T09:00:00Z,30.4,USD/MWh,PT1H,US-TX,ercot_dam,HB_NORTH,ercot:NP4-190-CD,https://www.ercot.com/misdownload/servlets/mirDownload?doclookupId=1278079530,2026-09-25T19:48:51Z,2026-09-23T18:16:21Z
ercot:HB_NORTH,spp_dam,2026-09-24T10:00:00Z,33.95,USD/MWh,PT1H,US-TX,ercot_dam,HB_NORTH,ercot:NP4-190-CD,https://www.ercot.com/misdownload/servlets/mirDownload?doclookupId=1278079530,2026-09-25T19:48:51Z,2026-09-23T18:16:21Z
ercot:HB_NORTH,spp_dam,2026-09-24T11:00:00Z,33.53,USD/MWh,PT1H,US-TX,ercot_dam,HB_NORTH,ercot:NP4-190-CD,https://www.ercot.com/misdownload/servlets/mirDownload?doclookupId=1278079530,2026-09-25T19:48:51Z,2026-09-23T18:16:21Z
ercot:HB_NORTH,spp_dam,2026-09-24T12:00:00Z,32.09,USD/MWh,PT1H,US-TX,ercot_dam,HB_NORTH,ercot:NP4-190-CD,https://www.ercot.com/misdownload/servlets/mirDownload?doclookupId=1278079530,2026-09-25T19:48:51Z,2026-09-23T18:16:21Z
ercot:HB_NORTH,spp_dam,2026-09-24T13:00:00Z,26.8,USD/MWh,PT1H,US-TX,ercot_dam,HB_NORTH,ercot:NP4-190-CD,https://www.ercot.com/misdownload/servlets/mirDownload?doclookupId=1278079530,2026-09-25T19:48:51Z,2026-09-23T18:16:21Z
ercot:HB_NORTH,spp_dam,2026-09-24T14:00:00Z,22.0,USD/MWh,PT1H,US-TX,ercot_dam,HB_NORTH,ercot:NP4-190-CD,https://www.ercot.com/misdownload/servlets/mirDownload?doclookupId=1278079530,2026-09-25T19:48:51Z,2026-09-23T18:16:21Z
ercot:HB_NORTH,spp_dam,2026-09-24T15:00:00Z,19.79,USD/MWh,PT1H,US-TX,ercot_dam,HB_NORTH,ercot:NP4-190-CD,https://www.ercot.com/misdownload/servlets/mirDownload?doclookupId=1278079530,2026-09-25T19:48:51Z,2026-09-23T18:16:21Z
ercot:HB_NORTH,spp_dam,2026-09-24T16:00:00Z,19.26,USD/MWh,PT1H,US-TX,ercot_dam,HB_NORTH,ercot:NP4-190-CD,https://www.ercot.com/misdownload/servlets/mirDownload?doclookupId=1278079530,2026-09-25T19:48:51Z,2026-09-23T18:16:21Z
ercot:HB_NORTH,spp_dam,2026-09-24T17:00:00Z,21.61,USD/MWh,PT1H,US-TX,ercot_dam,HB_NORTH,ercot:NP4-190-CD,https://www.ercot.com/misdownload/servlets/mirDownload?doclookupId=1278079530,2026-09-25T19:48:51Z,2026-09-23T18:16:21Z
ercot:HB_NORTH,spp_dam,2026-09-24T18:00:00Z,27.55,USD/MWh,PT1H,US-TX,ercot_dam,HB_NORTH,ercot:NP4-190-CD,https://www.ercot.com/misdownload/servlets/mirDownload?doclookupId=1278079530,2026-09-25T19:48:51Z,2026-09-23T18:16:21Z
ercot:HB_NORTH,spp_dam,2026-09-24T19:00:00Z,33.66,USD/MWh,PT1H,US-TX,ercot_dam,HB_NORTH,ercot:NP4-190-CD,https://www.ercot.com/misdownload/servlets/mirDownload?doclookupId=1278079530,2026-09-25T19:48:51Z,2026-09-23T18:16:21Z
ercot:HB_NORTH,spp_dam,2026-09-24T20:00:00Z,38.82,USD/MWh,PT1H,US-TX,ercot_dam,HB_NORTH,ercot:NP4-190-CD,https://www.ercot.com/misdownload/servlets/mirDownload?doclookupId=1278079530,2026-09-25T19:48:51Z,2026-09-23T18:16:21Z
ercot:HB_NORTH,spp_dam,2026-09-24T21:00:00Z,42.4,USD/MWh,PT1H,US-TX,ercot_dam,HB_NORTH,ercot:NP4-190-CD,https://www.ercot.com/misdownload/servlets/mirDownload?doclookupId=1278079530,2026-09-25T19:48:51Z,2026-09-23T18:16:21Z
ercot:HB_NORTH,spp_dam,2026-09-24T22:00:00Z,60.0,USD/MWh,PT1H,US-TX,ercot_dam,HB_NORTH,ercot:NP4-190-CD,https://www.ercot.com/misdownload/servlets/mirDownload?doclookupId=1278079530,2026-09-25T19:48:51Z,2026-09-23T18:16:21Z
ercot:HB_NORTH,spp_dam,2026-09-24T23:00:00Z,95.33,USD/MWh,PT1H,US-TX,ercot_dam,HB_NORTH,ercot:NP4-190-CD,https://www.ercot.com/misdownload/servlets/mirDownload?doclookupId=1278079530,2026-09-25T19:48:51Z,2026-09-23T18:16:21Z
ercot:HB_NORTH,spp_dam,2026-09-25T00:00:00Z,91.89,USD/MWh,PT1H,US-TX,ercot_dam,HB_NORTH,ercot:NP4-190-CD,https://www.ercot.com/misdownload/servlets/mirDownload?doclookupId=1278079530,2026-09-25T19:48:51Z,2026-09-23T18:16:21Z
ercot:HB_NORTH,spp_dam,2026-09-25T01:00:00Z,85.92,USD/MWh,PT1H,US-TX,ercot_dam,HB_NORTH,ercot:NP4-190-CD,https://www.ercot.com/misdownload/servlets/mirDownload?doclookupId=1278079530,2026-09-25T19:48:51Z,2026-09-23T18:16:21Z
ercot:HB_NORTH,spp_dam,2026-09-25T02:00:00Z,69.38,USD/MWh,PT1H,US-TX,ercot_dam,HB_NORTH,ercot:NP4-190-CD,https://www.ercot.com/misdownload/servlets/mirDownload?doclookupId=1278079530,2026-09-25T19:48:51Z,2026-09-23T18:16:21Z
ercot:HB_NORTH,spp_dam,2026-09-25T03:00:00Z,49.77,USD/MWh,PT1H,US-TX,ercot_dam,HB_NORTH,ercot:NP4-190-CD,https://www.ercot.com/misdownload/servlets/mirDownload?doclookupId=1278079530,2026-09-25T19:48:51Z,2026-09-23T18:16:21Z
ercot:HB_NORTH,spp_dam,2026-09-25T04:00:00Z,38.18,USD/MWh,PT1H,US-TX,ercot_dam,HB_NORTH,ercot:NP4-190-CD,https://www.ercot.com/misdownload/servlets/mirDownload?doclookupId=1278079530,2026-09-25T19:48:51Z,2026-09-23T18:16:21Z
ercot:HB_NORTH,spp_dam,2026-09-25T05:00:00Z,30.47,USD/MWh,PT1H,US-TX,ercot_dam,HB_NORTH,ercot:NP4-190-CD,https://www.ercot.com/misdownload/servlets/mirDownload?doclookupId=1278479653,2026-09-25T19:48:50Z,2026-09-24T17:51:24Z
ercot:HB_NORTH,spp_dam,2026-09-25T06:00:00Z,28.51,USD/MWh,PT1H,US-TX,ercot_dam,HB_NORTH,ercot:NP4-190-CD,https://www.ercot.com/misdownload/servlets/mirDownload?doclookupId=1278479653,2026-09-25T19:48:50Z,2026-09-24T17:51:24Z
ercot:HB_NORTH,spp_dam,2026-09-25T07:00:00Z,27.68,USD/MWh,PT1H,US-TX,ercot_dam,HB_NORTH,ercot:NP4-190-CD,https://www.ercot.com/misdownload/servlets/mirDownload?doclookupId=1278479653,2026-09-25T19:48:50Z,2026-09-24T17:51:24Z
ercot:HB_NORTH,spp_dam,2026-09-25T08:00:00Z,25.86,USD/MWh,PT1H,US-TX,ercot_dam,HB_NORTH,ercot:NP4-190-CD,https://www.ercot.com/misdownload/servlets/mirDownload?doclookupId=1278479653,2026-09-25T19:48:50Z,2026-09-24T17:51:24Z
ercot:HB_NORTH,spp_dam,2026-09-25T09:00:00Z,26.14,USD/MWh,PT1H,US-TX,ercot_dam,HB_NORTH,ercot:NP4-190-CD,https://www.ercot.com/misdownload/servlets/mirDownload?doclookupId=1278479653,2026-09-25T19:48:50Z,2026-09-24T17:51:24Z
ercot:HB_NORTH,spp_dam,2026-09-25T10:00:00Z,29.47,USD/MWh,PT1H,US-TX,ercot_dam,HB_NORTH,ercot:NP4-190-CD,https://www.ercot.com/misdownload/servlets/mirDownload?doclookupId=1278479653,2026-09-25T19:48:50Z,2026-09-24T17:51:24Z
ercot:HB_NORTH,spp_dam,2026-09-25T11:00:00Z,31.35,USD/MWh,PT1H,US-TX,ercot_dam,HB_NORTH,ercot:NP4-190-CD,https://www.ercot.com/misdownload/servlets/mirDownload?doclookupId=1278479653,2026-09-25T19:48:50Z,2026-09-24T17:51:24Z
ercot:HB_NORTH,spp_dam,2026-09-25T12:00:00Z,31.66,USD/MWh,PT1H,US-TX,ercot_dam,HB_NORTH,ercot:NP4-190-CD,https://www.ercot.com/misdownload/servlets/mirDownload?doclookupId=1278479653,2026-09-25T19:48:50Z,2026-09-24T17:51:24Z
ercot:HB_NORTH,spp_dam,2026-09-25T13:00:00Z,21.81,USD/MWh,PT1H,US-TX,ercot_dam,HB_NORTH,ercot:NP4-190-CD,https://www.ercot.com/misdownload/servlets/mirDownload?doclookupId=1278479653,2026-09-25T19:48:50Z,2026-09-24T17:51:24Z
ercot:HB_NORTH,spp_dam,2026-09-25T14:00:00Z,20.12,USD/MWh,PT1H,US-TX,ercot_dam,HB_NORTH,ercot:NP4-190-CD,https://www.ercot.com/misdownload/servlets/mirDownload?doclookupId=1278479653,2026-09-25T19:48:50Z,2026-09-24T17:51:24Z
ercot:HB_NORTH,spp_dam,2026-09-25T15:00:00Z,19.37,USD/MWh,PT1H,US-TX,ercot_dam,HB_NORTH,ercot:NP4-190-CD,https://www.ercot.com/misdownload/servlets/mirDownload?doclookupId=1278479653,2026-09-25T19:48:50Z,2026-09-24T17:51:24Z
ercot:HB_NORTH,spp_dam,2026-09-25T16:00:00Z,19.79,USD/MWh,PT1H,US-TX,ercot_dam,HB_NORTH,ercot:NP4-190-CD,https://www.ercot.com/misdownload/servlets/mirDownload?doclookupId=1278479653,2026-09-25T19:48:50Z,2026-09-24T17:51:24Z
ercot:HB_NORTH,spp_dam,2026-09-25T17:00:00Z,21.42,USD/MWh,PT1H,US-TX,ercot_dam,HB_NORTH,ercot:NP4-190-CD,https://www.ercot.com/misdownload/servlets/mirDownload?doclookupId=1278479653,2026-09-25T19:48:50Z,2026-09-24T17:51:24Z
ercot:HB_NORTH,spp_dam,2026-09-25T18:00:00Z,25.8,USD/MWh,PT1H,US-TX,ercot_dam,HB_NORTH,ercot:NP4-190-CD,https://www.ercot.com/misdownload/servlets/mirDownload?doclookupId=1278479653,2026-09-25T19:48:50Z,2026-09-24T17:51:24Z
ercot:HB_NORTH,spp_dam,2026-09-25T19:00:00Z,29.85,USD/MWh,PT1H,US-TX,ercot_dam,HB_NORTH,ercot:NP4-190-CD,https://www.ercot.com/misdownload/servlets/mirDownload?doclookupId=1278479653,2026-09-25T19:48:50Z,2026-09-24T17:51:24Z
ercot:HB_NORTH,spp_dam,2026-09-25T20:00:00Z,34.43,USD/MWh,PT1H,US-TX,ercot_dam,HB_NORTH,ercot:NP4-190-CD,https://www.ercot.com/misdownload/servlets/mirDownload?doclookupId=1278479653,2026-09-25T19:48:50Z,2026-09-24T17:51:24Z
ercot:HB_NORTH,spp_dam,2026-09-25T21:00:00Z,37.17,USD/MWh,PT1H,US-TX,ercot_dam,HB_NORTH,ercot:NP4-190-CD,https://www.ercot.com/misdownload/servlets/mirDownload?doclookupId=1278479653,2026-09-25T19:48:50Z,2026-09-24T17:51:24Z
ercot:HB_NORTH,spp_dam,2026-09-25T22:00:00Z,46.09,USD/MWh,PT1H,US-TX,ercot_dam,HB_NORTH,ercot:NP4-190-CD,https://www.ercot.com/misdownload/servlets/mirDownload?doclookupId=1278479653,2026-09-25T19:48:50Z,2026-09-24T17:51:24Z
ercot:HB_NORTH,spp_dam,2026-09-25T23:00:00Z,66.14,USD/MWh,PT1H,US-TX,ercot_dam,HB_NORTH,ercot:NP4-190-CD,https://www.ercot.com/misdownload/servlets/mirDownload?doclookupId=1278479653,2026-09-25T19:48:50Z,2026-09-24T17:51:24Z
ercot:HB_NORTH,spp_dam,2026-09-26T00:00:00Z,65.95,USD/MWh,PT1H,US-TX,ercot_dam,HB_NORTH,ercot:NP4-190-CD,https://www.ercot.com/misdownload/servlets/mirDownload?doclookupId=1278479653,2026-09-25T19:48:50Z,2026-09-24T17:51:24Z
ercot:HB_NORTH,spp_dam,2026-09-26T01:00:00Z,50.7,USD/MWh,PT1H,US-TX,ercot_dam,HB_NORTH,ercot:NP4-190-CD,https://www.ercot.com/misdownload/servlets/mirDownload?doclookupId=1278479653,2026-09-25T19:48:50Z,2026-09-24T17:51:24Z
ercot:HB_NORTH,spp_dam,2026-09-26T02:00:00Z,43.35,USD/MWh,PT1H,US-TX,ercot_dam,HB_NORTH,ercot:NP4-190-CD,https://www.ercot.com/misdownload/servlets/mirDownload?doclookupId=1278479653,2026-09-25T19:48:50Z,2026-09-24T17:51:24Z
ercot:HB_NORTH,spp_dam,2026-09-26T03:00:00Z,36.64,USD/MWh,PT1H,US-TX,ercot_dam,HB_NORTH,ercot:NP4-190-CD,https://www.ercot.com/misdownload/servlets/mirDownload?doclookupId=1278479653,2026-09-25T19:48:50Z,2026-09-24T17:51:24Z
ercot:HB_NORTH,spp_dam,2026-09-26T04:00:00Z,31.6,USD/MWh,PT1H,US-TX,ercot_dam,HB_NORTH,ercot:NP4-190-CD,https://www.ercot.com/misdownload/servlets/mirDownload?doclookupId=1278479653,2026-09-25T19:48:50Z,2026-09-24T17:51:24Z
ercot:HB_NORTH,spp_dam,2026-09-26T05:00:00Z,30.49,USD/MWh,PT1H,US-TX,ercot_dam,HB_NORTH,ercot:NP4-190-CD,https://www.ercot.com/misdownload/servlets/mirDownload?doclookupId=1278881897,2026-09-25T19:48:49Z,2026-09-25T17:41:14Z
ercot:HB_NORTH,spp_dam,2026-09-26T06:00:00Z,27.15,USD/MWh,PT1H,US-TX,ercot_dam,HB_NORTH,ercot:NP4-190-CD,https://www.ercot.com/misdownload/servlets/mirDownload?doclookupId=1278881897,2026-09-25T19:48:49Z,2026-09-25T17:41:14Z
ercot:HB_NORTH,spp_dam,2026-09-26T07:00:00Z,25.09,USD/MWh,PT1H,US-TX,ercot_dam,HB_NORTH,ercot:NP4-190-CD,https://www.ercot.com/misdownload/servlets/mirDownload?doclookupId=1278881897,2026-09-25T19:48:49Z,2026-09-25T17:41:14Z
ercot:HB_NORTH,spp_dam,2026-09-26T08:00:00Z,24.5,USD/MWh,PT1H,US-TX,ercot_dam,HB_NORTH,ercot:NP4-190-CD,https://www.ercot.com/misdownload/servlets/mirDownload?doclookupId=1278881897,2026-09-25T19:48:49Z,2026-09-25T17:41:14Z
ercot:HB_NORTH,spp_dam,2026-09-26T09:00:00Z,24.07,USD/MWh,PT1H,US-TX,ercot_dam,HB_NORTH,ercot:NP4-190-CD,https://www.ercot.com/misdownload/servlets/mirDownload?doclookupId=1278881897,2026-09-25T19:48:49Z,2026-09-25T17:41:14Z
ercot:HB_NORTH,spp_dam,2026-09-26T10:00:00Z,25.02,USD/MWh,PT1H,US-TX,ercot_dam,HB_NORTH,ercot:NP4-190-CD,https://www.ercot.com/misdownload/servlets/mirDownload?doclookupId=1278881897,2026-09-25T19:48:49Z,2026-09-25T17:41:14Z
ercot:HB_NORTH,spp_dam,2026-09-26T11:00:00Z,26.35,USD/MWh,PT1H,US-TX,ercot_dam,HB_NORTH,ercot:NP4-190-CD,https://www.ercot.com/misdownload/servlets/mirDownload?doclookupId=1278881897,2026-09-25T19:48:49Z,2026-09-25T17:41:14Z
ercot:HB_NORTH,spp_dam,2026-09-26T12:00:00Z,26.0,USD/MWh,PT1H,US-TX,ercot_dam,HB_NORTH,ercot:NP4-190-CD,https://www.ercot.com/misdownload/servlets/mirDownload?doclookupId=1278881897,2026-09-25T19:48:49Z,2026-09-25T17:41:14Z
ercot:HB_NORTH,spp_dam,2026-09-26T13:00:00Z,21.24,USD/MWh,PT1H,US-TX,ercot_dam,HB_NORTH,ercot:NP4-190-CD,https://www.ercot.com/misdownload/servlets/mirDownload?doclookupId=1278881897,2026-09-25T19:48:49Z,2026-09-25T17:41:14Z
ercot:HB_NORTH,spp_dam,2026-09-26T14:00:00Z,19.73,USD/MWh,PT1H,US-TX,ercot_dam,HB_NORTH,ercot:NP4-190-CD,https://www.ercot.com/misdownload/servlets/mirDownload?doclookupId=1278881897,2026-09-25T19:48:49Z,2026-09-25T17:41:14Z
ercot:HB_NORTH,spp_dam,2026-09-26T15:00:00Z,17.02,USD/MWh,PT1H,US-TX,ercot_dam,HB_NORTH,ercot:NP4-190-CD,https://www.ercot.com/misdownload/servlets/mirDownload?doclookupId=1278881897,2026-09-25T19:48:49Z,2026-09-25T17:41:14Z
ercot:HB_NORTH,spp_dam,2026-09-26T16:00:00Z,16.86,USD/MWh,PT1H,US-TX,ercot_dam,HB_NORTH,ercot:NP4-190-CD,https://www.ercot.com/misdownload/servlets/mirDownload?doclookupId=1278881897,2026-09-25T19:48:49Z,2026-09-25T17:41:14Z
ercot:HB_NORTH,spp_dam,2026-09-26T17:00:00Z,19.16,USD/MWh,PT1H,US-TX,ercot_dam,HB_NORTH,ercot:NP4-190-CD,https://www.ercot.com/misdownload/servlets/mirDownload?doclookupId=1278881897,2026-09-25T19:48:49Z,2026-09-25T17:41:14Z
ercot:HB_NORTH,spp_dam,2026-09-26T18:00:00Z,24.29,USD/MWh,PT1H,US-TX,ercot_dam,HB_NORTH,ercot:NP4-190-CD,https://www.ercot.com/misdownload/servlets/mirDownload?doclookupId=1278881897,2026-09-25T19:48:49Z,2026-09-25T17:41:14Z
ercot:HB_NORTH,spp_dam,2026-09-26T19:00:00Z,28.13,USD/MWh,PT1H,US-TX,ercot_dam,HB_NORTH,ercot:NP4-190-CD,https://www.ercot.com/misdownload/servlets/mirDownload?doclookupId=1278881897,2026-09-25T19:48:49Z,2026-09-25T17:41:14Z
ercot:HB_NORTH,spp_dam,2026-09-26T20:00:00Z,32.31,USD/MWh,PT1H,US-TX,ercot_dam,HB_NORTH,ercot:NP4-190-CD,https://www.ercot.com/misdownload/servlets/mirDownload?doclookupId=1278881897,2026-09-25T19:48:49Z,2026-09-25T17:41:14Z
ercot:HB_NORTH,spp_dam,2026-09-26T21:00:00Z,35.78,USD/MWh,PT1H,US-TX,ercot_dam,HB_NORTH,ercot:NP4-190-CD,https://www.ercot.com/misdownload/servlets/mirDownload?doclookupId=1278881897,2026-09-25T19:48:49Z,2026-09-25T17:41:14Z
ercot:HB_NORTH,spp_dam,2026-09-26T22:00:00Z,46.19,USD/MWh,PT1H,US-TX,ercot_dam,HB_NORTH,ercot:NP4-190-CD,https://www.ercot.com/misdownload/servlets/mirDownload?doclookupId=1278881897,2026-09-25T19:48:49Z,2026-09-25T17:41:14Z
ercot:HB_NORTH,spp_dam,2026-09-26T23:00:00Z,63.87,USD/MWh,PT1H,US-TX,ercot_dam,HB_NORTH,ercot:NP4-190-CD,https://www.ercot.com/misdownload/servlets/mirDownload?doclookupId=1278881897,2026-09-25T19:48:49Z,2026-09-25T17:41:14Z
ercot:HB_NORTH,spp_dam,2026-09-27T00:00:00Z,63.0,USD/MWh,PT1H,US-TX,ercot_dam,HB_NORTH,ercot:NP4-190-CD,https://www.ercot.com/misdownload/servlets/mirDownload?doclookupId=1278881897,2026-09-25T19:48:49Z,2026-09-25T17:41:14Z
ercot:HB_NORTH,spp_dam,2026-09-27T01:00:00Z,52.14,USD/MWh,PT1H,US-TX,ercot_dam,HB_NORTH,ercot:NP4-190-CD,https://www.ercot.com/misdownload/servlets/mirDownload?doclookupId=1278881897,2026-09-25T19:48:49Z,2026-09-25T17:41:14Z
ercot:HB_NORTH,spp_dam,2026-09-27T02:00:00Z,43.96,USD/MWh,PT1H,US-TX,ercot_dam,HB_NORTH,ercot:NP4-190-CD,https://www.ercot.com/misdownload/servlets/mirDownload?doclookupId=1278881897,2026-09-25T19:48:49Z,2026-09-25T17:41:14Z
ercot:HB_NORTH,spp_dam,2026-09-27T03:00:00Z,37.18,USD/MWh,PT1H,US-TX,ercot_dam,HB_NORTH,ercot:NP4-190-CD,https://www.ercot.com/misdownload/servlets/mirDownload?doclookupId=1278881897,2026-09-25T19:48:49Z,2026-09-25T17:41:14Z
ercot:HB_NORTH,spp_dam,2026-09-27T04:00:00Z,32.4,USD/MWh,PT1H,US-TX,ercot_dam,HB_NORTH,ercot:NP4-190-CD,https://www.ercot.com/misdownload/servlets/mirDownload?doclookupId=1278881897,2026-09-25T19:48:49Z,2026-09-25T17:41:14Z
ercot:HB_SOUTH,spp_dam,2026-08-26T05:00:00Z,28.29,USD/MWh,PT1H,US-TX,ercot_dam,HB_SOUTH,ercot:NP4-190-CD,https://www.ercot.com/misdownload/servlets/mirDownload?doclookupId=1266561949,2026-09-25T06:37:51Z,2026-08-25T17:42:39Z
ercot:HB_SOUTH,spp_dam,2026-08-26T06:00:00Z,26.62,USD/MWh,PT1H,US-TX,ercot_dam,HB_SOUTH,ercot:NP4-190-CD,https://www.ercot.com/misdownload/servlets/mirDownload?doclookupId=1266561949,2026-09-25T06:37:51Z,2026-08-25T17:42:39Z
ercot:HB_SOUTH,spp_dam,2026-08-26T07:00:00Z,26.86,USD/MWh,PT1H,US-TX,ercot_dam,HB_SOUTH,ercot:NP4-190-CD,https://www.ercot.com/misdownload/servlets/mirDownload?doclookupId=1266561949,2026-09-25T06:37:51Z,2026-08-25T17:42:39Z
ercot:HB_SOUTH,spp_dam,2026-08-26T08:00:00Z,29.13,USD/MWh,PT1H,US-TX,ercot_dam,HB_SOUTH,ercot:NP4-190-CD,https://www.ercot.com/misdownload/servlets/mirDownload?doclookupId=1266561949,2026-09-25T06:37:51Z,2026-08-25T17:42:39Z
ercot:HB_SOUTH,spp_dam,2026-08-26T09:00:00Z,30.85,USD/MWh,PT1H,US-TX,ercot_dam,HB_SOUTH,ercot:NP4-190-CD,https://www.ercot.com/misdownload/servlets/mirDownload?doclookupId=1266561949,2026-09-25T06:37:51Z,2026-08-25T17:42:39Z
ercot:HB_SOUTH,spp_dam,2026-08-26T10:00:00Z,34.49,USD/MWh,PT1H,US-TX,ercot_dam,HB_SOUTH,ercot:NP4-190-CD,https://www.ercot.com/misdownload/servlets/mirDownload?doclookupId=1266561949,2026-09-25T06:37:51Z,2026-08-25T17:42:39Z
ercot:HB_SOUTH,spp_dam,2026-08-26T11:00:00Z,37.4,USD/MWh,PT1H,US-TX,ercot_dam,HB_SOUTH,ercot:NP4-190-CD,https://www.ercot.com/misdownload/servlets/mirDownload?doclookupId=1266561949,2026-09-25T06:37:51Z,2026-08-25T17:42:39Z
ercot:HB_SOUTH,spp_dam,2026-08-26T12:00:00Z,35.41,USD/MWh,PT1H,US-TX,ercot_dam,HB_SOUTH,ercot:NP4-190-CD,https://www.ercot.com/misdownload/servlets/mirDownload?doclookupId=1266561949,2026-09-25T06:37:51Z,2026-08-25T17:42:39Z
ercot:HB_SOUTH,spp_dam,2026-08-26T13:00:00Z,26.94,USD/MWh,PT1H,US-TX,ercot_dam,HB_SOUTH,ercot:NP4-190-CD,https://www.ercot.com/misdownload/servlets/mirDownload?doclookupId=1266561949,2026-09-25T06:37:51Z,2026-08-25T17:42:39Z
ercot:HB_SOUTH,spp_dam,2026-08-26T14:00:00Z,25.0,USD/MWh,PT1H,US-TX,ercot_dam,HB_SOUTH,ercot:NP4-190-CD,https://www.ercot.com/misdownload/servlets/mirDownload?doclookupId=1266561949,2026-09-25T06:37:51Z,2026-08-25T17:42:39Z
ercot:HB_SOUTH,spp_dam,2026-08-26T15:00:00Z,26.07,USD/MWh,PT1H,US-TX,ercot_dam,HB_SOUTH,ercot:NP4-190-CD,https://www.ercot.com/misdownload/servlets/mirDownload?doclookupId=1266561949,2026-09-25T06:37:51Z,2026-08-25T17:42:39Z
ercot:HB_SOUTH,spp_dam,2026-08-26T16:00:00Z,29.6,USD/MWh,PT1H,US-TX,ercot_dam,HB_SOUTH,ercot:NP4-190-CD,https://www.ercot.com/misdownload/servlets/mirDownload?doclookupId=1266561949,2026-09-25T06:37:51Z,2026-08-25T17:42:39Z
ercot:HB_SOUTH,spp_dam,2026-08-26T17:00:00Z,36.03,USD/MWh,PT1H,US-TX,ercot_dam,HB_SOUTH,ercot:NP4-190-CD,https://www.ercot.com/misdownload/servlets/mirDownload?doclookupId=1266561949,2026-09-25T06:37:51Z,2026-08-25T17:42:39Z
ercot:HB_SOUTH,spp_dam,2026-08-26T18:00:00Z,40.14,USD/MWh,PT1H,US-TX,ercot_dam,HB_SOUTH,ercot:NP4-190-CD,https://www.ercot.com/misdownload/servlets/mirDownload?doclookupId=1266561949,2026-09-25T06:37:51Z,2026-08-25T17:42:39Z
ercot:HB_SOUTH,spp_dam,2026-08-26T19:00:00Z,45.23,USD/MWh,PT1H,US-TX,ercot_dam,HB_SOUTH,ercot:NP4-190-CD,https://www.ercot.com/misdownload/servlets/mirDownload?doclookupId=1266561949,2026-09-25T06:37:51Z,2026-08-25T17:42:39Z
ercot:HB_SOUTH,spp_dam,2026-08-26T20:00:00Z,48.51,USD/MWh,PT1H,US-TX,ercot_dam,HB_SOUTH,ercot:NP4-190-CD,https://www.ercot.com/misdownload/servlets/mirDownload?doclookupId=1266561949,2026-09-25T06:37:51Z,2026-08-25T17:42:39Z
ercot:HB_SOUTH,spp_dam,2026-08-26T21:00:00Z,50.86,USD/MWh,PT1H,US-TX,ercot_dam,HB_SOUTH,ercot:NP4-190-CD,https://www.ercot.com/misdownload/servlets/mirDownload?doclookupId=1266561949,2026-09-25T06:37:51Z,2026-08-25T17:42:39Z
ercot:HB_SOUTH,spp_dam,2026-08-26T22:00:00Z,52.47,USD/MWh,PT1H,US-TX,ercot_dam,HB_SOUTH,ercot:NP4-190-CD,https://www.ercot.com/misdownload/servlets/mirDownload?doclookupId=1266561949,2026-09-25T06:37:51Z,2026-08-25T17:42:39Z
ercot:HB_SOUTH,spp_dam,2026-08-26T23:00:00Z,87.12,USD/MWh,PT1H,US-TX,ercot_dam,HB_SOUTH,ercot:NP4-190-CD,https://www.ercot.com/misdownload/servlets/mirDownload?doclookupId=1266561949,2026-09-25T06:37:51Z,2026-08-25T17:42:39Z
ercot:HB_SOUTH,spp_dam,2026-08-27T00:00:00Z,124.07,USD/MWh,PT1H,US-TX,ercot_dam,HB_SOUTH,ercot:NP4-190-CD,https://www.ercot.com/misdownload/servlets/mirDownload?doclookupId=1266561949,2026-09-25T06:37:51Z,2026-08-25T17:42:39Z
ercot:HB_SOUTH,spp_dam,2026-08-27T01:00:00Z,117.13,USD/MWh,PT1H,US-TX,ercot_dam,HB_SOUTH,ercot:NP4-190-CD,https://www.ercot.com/misdownload/servlets/mirDownload?doclookupId=1266561949,2026-09-25T06:37:51Z,2026-08-25T17:42:39Z
ercot:HB_SOUTH,spp_dam,2026-08-27T02:00:00Z,139.53,USD/MWh,PT1H,US-TX,ercot_dam,HB_SOUTH,ercot:NP4-190-CD,https://www.ercot.com/misdownload/servlets/mirDownload?doclookupId=1266561949,2026-09-25T06:37:51Z,2026-08-25T17:42:39Z
ercot:HB_SOUTH,spp_dam,2026-08-27T03:00:00Z,98.0,USD/MWh,PT1H,US-TX,ercot_dam,HB_SOUTH,ercot:NP4-190-CD,https://www.ercot.com/misdownload/servlets/mirDownload?doclookupId=1266561949,2026-09-25T06:37:51Z,2026-08-25T17:42:39Z
ercot:HB_SOUTH,spp_dam,2026-08-27T04:00:00Z,60.26,USD/MWh,PT1H,US-TX,ercot_dam,HB_SOUTH,ercot:NP4-190-CD,https://www.ercot.com/misdownload/servlets/mirDownload?doclookupId=1266561949,2026-09-25T06:37:51Z,2026-08-25T17:42:39Z
ercot:HB_SOUTH,spp_dam,2026-08-27T05:00:00Z,67.58,USD/MWh,PT1H,US-TX,ercot_dam,HB_SOUTH,ercot:NP4-190-CD,https://www.ercot.com/misdownload/servlets/mirDownload?doclookupId=1266957722,2026-09-25T06:37:50Z,2026-08-26T17:41:45Z
ercot:HB_SOUTH,spp_dam,2026-08-27T06:00:00Z,52.73,USD/MWh,PT1H,US-TX,ercot_dam,HB_SOUTH,ercot:NP4-190-CD,https://www.ercot.com/misdownload/servlets/mirDownload?doclookupId=1266957722,2026-09-25T06:37:50Z,2026-08-26T17:41:45Z
ercot:HB_SOUTH,spp_dam,2026-08-27T07:00:00Z,47.69,USD/MWh,PT1H,US-TX,ercot_dam,HB_SOUTH,ercot:NP4-190-CD,https://www.ercot.com/misdownload/servlets/mirDownload?doclookupId=1266957722,2026-09-25T06:37:50Z,2026-08-26T17:41:45Z
ercot:HB_SOUTH,spp_dam,2026-08-27T08:00:00Z,43.09,USD/MWh,PT1H,US-TX,ercot_dam,HB_SOUTH,ercot:NP4-190-CD,https://www.ercot.com/misdownload/servlets/mirDownload?doclookupId=1266957722,2026-09-25T06:37:50Z,2026-08-26T17:41:45Z
ercot:HB_SOUTH,spp_dam,2026-08-27T09:00:00Z,39.7,USD/MWh,PT1H,US-TX,ercot_dam,HB_SOUTH,ercot:NP4-190-CD,https://www.ercot.com/misdownload/servlets/mirDownload?doclookupId=1266957722,2026-09-25T06:37:50Z,2026-08-26T17:41:45Z
ercot:HB_SOUTH,spp_dam,2026-08-27T10:00:00Z,42.44,USD/MWh,PT1H,US-TX,ercot_dam,HB_SOUTH,ercot:NP4-190-CD,https://www.ercot.com/misdownload/servlets/mirDownload?doclookupId=1266957722,2026-09-25T06:37:50Z,2026-08-26T17:41:45Z
ercot:HB_SOUTH,spp_dam,2026-08-27T11:00:00Z,43.97,USD/MWh,PT1H,US-TX,ercot_dam,HB_SOUTH,ercot:NP4-190-CD,https://www.ercot.com/misdownload/servlets/mirDownload?doclookupId=1266957722,2026-09-25T06:37:50Z,2026-08-26T17:41:45Z
ercot:HB_SOUTH,spp_dam,2026-08-27T12:00:00Z,38.86,USD/MWh,PT1H,US-TX,ercot_dam,HB_SOUTH,ercot:NP4-190-CD,https://www.ercot.com/misdownload/servlets/mirDownload?doclookupId=1266957722,2026-09-25T06:37:50Z,2026-08-26T17:41:45Z
ercot:HB_SOUTH,spp_dam,2026-08-27T13:00:00Z,27.4,USD/MWh,PT1H,US-TX,ercot_dam,HB_SOUTH,ercot:NP4-190-CD,https://www.ercot.com/misdownload/servlets/mirDownload?doclookupId=1266957722,2026-09-25T06:37:50Z,2026-08-26T17:41:45Z
ercot:HB_SOUTH,spp_dam,2026-08-27T14:00:00Z,27.27,USD/MWh,PT1H,US-TX,ercot_dam,HB_SOUTH,ercot:NP4-190-CD,https://www.ercot.com/misdownload/servlets/mirDownload?doclookupId=1266957722,2026-09-25T06:37:50Z,2026-08-26T17:41:45Z
ercot:HB_SOUTH,spp_dam,2026-08-27T15:00:00Z,29.7,USD/MWh,PT1H,US-TX,ercot_dam,HB_SOUTH,ercot:NP4-190-CD,https://www.ercot.com/misdownload/servlets/mirDownload?doclookupId=1266957722,2026-09-25T06:37:50Z,2026-08-26T17:41:45Z
ercot:HB_SOUTH,spp_dam,2026-08-27T16:00:00Z,31.17,USD/MWh,PT1H,US-TX,ercot_dam,HB_SOUTH,ercot:NP4-190-CD,https://www.ercot.com/misdownload/servlets/mirDownload?doclookupId=1266957722,2026-09-25T06:37:50Z,2026-08-26T17:41:45Z
ercot:HB_SOUTH,spp_dam,2026-08-27T17:00:00Z,37.32,USD/MWh,PT1H,US-TX,ercot_dam,HB_SOUTH,ercot:NP4-190-CD,https://www.ercot.com/misdownload/servlets/mirDownload?doclookupId=1266957722,2026-09-25T06:37:50Z,2026-08-26T17:41:45Z
ercot:HB_SOUTH,spp_dam,2026-08-27T18:00:00Z,40.59,USD/MWh,PT1H,US-TX,ercot_dam,HB_SOUTH,ercot:NP4-190-CD,https://www.ercot.com/misdownload/servlets/mirDownload?doclookupId=1266957722,2026-09-25T06:37:50Z,2026-08-26T17:41:45Z
ercot:HB_SOUTH,spp_dam,2026-08-27T19:00:00Z,43.58,USD/MWh,PT1H,US-TX,ercot_dam,HB_SOUTH,ercot:NP4-190-CD,https://www.ercot.com/misdownload/servlets/mirDownload?doclookupId=1266957722,2026-09-25T06:37:50Z,2026-08-26T17:41:45Z
ercot:HB_SOUTH,spp_dam,2026-08-27T20:00:00Z,42.27,USD/MWh,PT1H,US-TX,ercot_dam,HB_SOUTH,ercot:NP4-190-CD,https://www.ercot.com/misdownload/servlets/mirDownload?doclookupId=1266957722,2026-09-25T06:37:50Z,2026-08-26T17:41:45Z
ercot:HB_SOUTH,spp_dam,2026-08-27T21:00:00Z,47.7,USD/MWh,PT1H,US-TX,ercot_dam,HB_SOUTH,ercot:NP4-190-CD,https://www.ercot.com/misdownload/servlets/mirDownload?doclookupId=1266957722,2026-09-25T06:37:50Z,2026-08-26T17:41:45Z
ercot:HB_SOUTH,spp_dam,2026-08-27T22:00:00Z,54.17,USD/MWh,PT1H,US-TX,ercot_dam,HB_SOUTH,ercot:NP4-190-CD,https://www.ercot.com/misdownload/servlets/mirDownload?doclookupId=1266957722,2026-09-25T06:37:50Z,2026-08-26T17:41:45Z
ercot:HB_SOUTH,spp_dam,2026-08-27T23:00:00Z,78.02,USD/MWh,PT1H,US-TX,ercot_dam,HB_SOUTH,ercot:NP4-190-CD,https://www.ercot.com/misdownload/servlets/mirDownload?doclookupId=1266957722,2026-09-25T06:37:50Z,2026-08-26T17:41:45Z
ercot:HB_SOUTH,spp_dam,2026-08-28T00:00:00Z,87.78,USD/MWh,PT1H,US-TX,ercot_dam,HB_SOUTH,ercot:NP4-190-CD,https://www.ercot.com/misdownload/servlets/mirDownload?doclookupId=1266957722,2026-09-25T06:37:50Z,2026-08-26T17:41:45Z
ercot:HB_SOUTH,spp_dam,2026-08-28T01:00:00Z,97.9,USD/MWh,PT1H,US-TX,ercot_dam,HB_SOUTH,ercot:NP4-190-CD,https://www.ercot.com/misdownload/servlets/mirDownload?doclookupId=1266957722,2026-09-25T06:37:50Z,2026-08-26T17:41:45Z
ercot:HB_SOUTH,spp_dam,2026-08-28T02:00:00Z,98.94,USD/MWh,PT1H,US-TX,ercot_dam,HB_SOUTH,ercot:NP4-190-CD,https://www.ercot.com/misdownload/servlets/mirDownload?doclookupId=1266957722,2026-09-25T06:37:50Z,2026-08-26T17:41:45Z
ercot:HB_SOUTH,spp_dam,2026-08-28T03:00:00Z,82.07,USD/MWh,PT1H,US-TX,ercot_dam,HB_SOUTH,ercot:NP4-190-CD,https://www.ercot.com/misdownload/servlets/mirDownload?doclookupId=1266957722,2026-09-25T06:37:50Z,2026-08-26T17:41:45Z
ercot:HB_SOUTH,spp_dam,2026-08-28T04:00:00Z,53.63,USD/MWh,PT1H,US-TX,ercot_dam,HB_SOUTH,ercot:NP4-190-CD,https://www.ercot.com/misdownload/servlets/mirDownload?doclookupId=1266957722,2026-09-25T06:37:50Z,2026-08-26T17:41:45Z
ercot:HB_SOUTH,spp_dam,2026-08-28T05:00:00Z,48.68,USD/MWh,PT1H,US-TX,ercot_dam,HB_SOUTH,ercot:NP4-190-CD,https://www.ercot.com/misdownload/servlets/mirDownload?doclookupId=1267361150,2026-09-25T06:37:48Z,2026-08-27T18:20:13Z
ercot:HB_SOUTH,spp_dam,2026-08-28T06:00:00Z,43.53,USD/MWh,PT1H,US-TX,ercot_dam,HB_SOUTH,ercot:NP4-190-CD,https://www.ercot.com/misdownload/servlets/mirDownload?doclookupId=1267361150,2026-09-25T06:37:48Z,2026-08-27T18:20:13Z
ercot:HB_SOUTH,spp_dam,2026-08-28T07:00:00Z,41.53,USD/MWh,PT1H,US-TX,ercot_dam,HB_SOUTH,ercot:NP4-190-CD,https://www.ercot.com/misdownload/servlets/mirDownload?doclookupId=1267361150,2026-09-25T06:37:48Z,2026-08-27T18:20:13Z
ercot:HB_SOUTH,spp_dam,2026-08-28T08:00:00Z,38.05,USD/MWh,PT1H,US-TX,ercot_dam,HB_SOUTH,ercot:NP4-190-CD,https://www.ercot.com/misdownload/servlets/mirDownload?doclookupId=1267361150,2026-09-25T06:37:48Z,2026-08-27T18:20:13Z
ercot:HB_SOUTH,spp_dam,2026-08-28T09:00:00Z,39.53,USD/MWh,PT1H,US-TX,ercot_dam,HB_SOUTH,ercot:NP4-190-CD,https://www.ercot.com/misdownload/servlets/mirDownload?doclookupId=1267361150,2026-09-25T06:37:48Z,2026-08-27T18:20:13Z
ercot:HB_SOUTH,spp_dam,2026-08-28T10:00:00Z,39.39,USD/MWh,PT1H,US-TX,ercot_dam,HB_SOUTH,ercot:NP4-190-CD,https://www.ercot.com/misdownload/servlets/mirDownload?doclookupId=1267361150,2026-09-25T06:37:48Z,2026-08-27T18:20:13Z
ercot:HB_SOUTH,spp_dam,2026-08-28T11:00:00Z,43.64,USD/MWh,PT1H,US-TX,ercot_dam,HB_SOUTH,ercot:NP4-190-CD,https://www.ercot.com/misdownload/servlets/mirDownload?doclookupId=1267361150,2026-09-25T06:37:48Z,2026-08-27T18:20:13Z
ercot:HB_SOUTH,spp_dam,2026-08-28T12:00:00Z,38.21,USD/MWh,PT1H,US-TX,ercot_dam,HB_SOUTH,ercot:NP4-190-CD,https://www.ercot.com/misdownload/servlets/mirDownload?doclookupId=1267361150,2026-09-25T06:37:48Z,2026-08-27T18:20:13Z
ercot:HB_SOUTH,spp_dam,2026-08-28T13:00:00Z,26.36,USD/MWh,PT1H,US-TX,ercot_dam,HB_SOUTH,ercot:NP4-190-CD,https://www.ercot.com/misdownload/servlets/mirDownload?doclookupId=1267361150,2026-09-25T06:37:48Z,2026-08-27T18:20:13Z
ercot:HB_SOUTH,spp_dam,2026-08-28T14:00:00Z,25.29,USD/MWh,PT1H,US-TX,ercot_dam,HB_SOUTH,ercot:NP4-190-CD,https://www.ercot.com/misdownload/servlets/mirDownload?doclookupId=1267361150,2026-09-25T06:37:48Z,2026-08-27T18:20:13Z
ercot:HB_SOUTH,spp_dam,2026-08-28T15:00:00Z,25.72,USD/MWh,PT1H,US-TX,ercot_dam,HB_SOUTH,ercot:NP4-190-CD,https://www.ercot.com/misdownload/servlets/mirDownload?doclookupId=1267361150,2026-09-25T06:37:48Z,2026-08-27T18:20:13Z
ercot:HB_SOUTH,spp_dam,2026-08-28T16:00:00Z,29.02,USD/MWh,PT1H,US-TX,ercot_dam,HB_SOUTH,ercot:NP4-190-CD,https://www.ercot.com/misdownload/servlets/mirDownload?doclookupId=1267361150,2026-09-25T06:37:48Z,2026-08-27T18:20:13Z
ercot:HB_SOUTH,spp_dam,2026-08-28T17:00:00Z,35.57,USD/MWh,PT1H,US-TX,ercot_dam,HB_SOUTH,ercot:NP4-190-CD,https://www.ercot.com/misdownload/servlets/mirDownload?doclookupId=1267361150,2026-09-25T06:37:48Z,2026-08-27T18:20:13Z
ercot:HB_SOUTH,spp_dam,2026-08-28T18:00:00Z,40.85,USD/MWh,PT1H,US-TX,ercot_dam,HB_SOUTH,ercot:NP4-190-CD,https://www.ercot.com/misdownload/servlets/mirDownload?doclookupId=1267361150,2026-09-25T06:37:48Z,2026-08-27T18:20:13Z
ercot:HB_SOUTH,spp_dam,2026-08-28T19:00:00Z,45.04,USD/MWh,PT1H,US-TX,ercot_dam,HB_SOUTH,ercot:NP4-190-CD,https://www.ercot.com/misdownload/servlets/mirDownload?doclookupId=1267361150,2026-09-25T06:37:48Z,2026-08-27T18:20:13Z
ercot:HB_SOUTH,spp_dam,2026-08-28T20:00:00Z,45.7,USD/MWh,PT1H,US-TX,ercot_dam,HB_SOUTH,ercot:NP4-190-CD,https://www.ercot.com/misdownload/servlets/mirDownload?doclookupId=1267361150,2026-09-25T06:37:48Z,2026-08-27T18:20:13Z
ercot:HB_SOUTH,spp_dam,2026-08-28T21:00:00Z,49.12,USD/MWh,PT1H,US-TX,ercot_dam,HB_SOUTH,ercot:NP4-190-CD,https://www.ercot.com/misdownload/servlets/mirDownload?doclookupId=1267361150,2026-09-25T06:37:48Z,2026-08-27T18:20:13Z
ercot:HB_SOUTH,spp_dam,2026-08-28T22:00:00Z,46.72,USD/MWh,PT1H,US-TX,ercot_dam,HB_SOUTH,ercot:NP4-190-CD,https://www.ercot.com/misdownload/servlets/mirDownload?doclookupId=1267361150,2026-09-25T06:37:48Z,2026-08-27T18:20:13Z
ercot:HB_SOUTH,spp_dam,2026-08-28T23:00:00Z,70.2,USD/MWh,PT1H,US-TX,ercot_dam,HB_SOUTH,ercot:NP4-190-CD,https://www.ercot.com/misdownload/servlets/mirDownload?doclookupId=1267361150,2026-09-25T06:37:48Z,2026-08-27T18:20:13Z
ercot:HB_SOUTH,spp_dam,2026-08-29T00:00:00Z,79.19,USD/MWh,PT1H,US-TX,ercot_dam,HB_SOUTH,ercot:NP4-190-CD,https://www.ercot.com/misdownload/servlets/mirDownload?doclookupId=1267361150,2026-09-25T06:37:48Z,2026-08-27T18:20:13Z
ercot:HB_SOUTH,spp_dam,2026-08-29T01:00:00Z,73.31,USD/MWh,PT1H,US-TX,ercot_dam,HB_SOUTH,ercot:NP4-190-CD,https://www.ercot.com/misdownload/servlets/mirDownload?doclookupId=1267361150,2026-09-25T06:37:48Z,2026-08-27T18:20:13Z
ercot:HB_SOUTH,spp_dam,2026-08-29T02:00:00Z,61.59,USD/MWh,PT1H,US-TX,ercot_dam,HB_SOUTH,ercot:NP4-190-CD,https://www.ercot.com/misdownload/servlets/mirDownload?doclookupId=1267361150,2026-09-25T06:37:48Z,2026-08-27T18:20:13Z
ercot:HB_SOUTH,spp_dam,2026-08-29T03:00:00Z,45.71,USD/MWh,PT1H,US-TX,ercot_dam,HB_SOUTH,ercot:NP4-190-CD,https://www.ercot.com/misdownload/servlets/mirDownload?doclookupId=1267361150,2026-09-25T06:37:48Z,2026-08-27T18:20:13Z
ercot:HB_SOUTH,spp_dam,2026-08-29T04:00:00Z,36.01,USD/MWh,PT1H,US-TX,ercot_dam,HB_SOUTH,ercot:NP4-190-CD,https://www.ercot.com/misdownload/servlets/mirDownload?doclookupId=1267361150,2026-09-25T06:37:48Z,2026-08-27T18:20:13Z
ercot:HB_SOUTH,spp_dam,2026-08-29T05:00:00Z,35.53,USD/MWh,PT1H,US-TX,ercot_dam,HB_SOUTH,ercot:NP4-190-CD,https://www.ercot.com/misdownload/servlets/mirDownload?doclookupId=1267748284,2026-09-25T06:37:47Z,2026-08-28T17:33:57Z
ercot:HB_SOUTH,spp_dam,2026-08-29T06:00:00Z,32.2,USD/MWh,PT1H,US-TX,ercot_dam,HB_SOUTH,ercot:NP4-190-CD,https://www.ercot.com/misdownload/servlets/mirDownload?doclookupId=1267748284,2026-09-25T06:37:47Z,2026-08-28T17:33:57Z
ercot:HB_SOUTH,spp_dam,2026-08-29T07:00:00Z,30.14,USD/MWh,PT1H,US-TX,ercot_dam,HB_SOUTH,ercot:NP4-190-CD,https://www.ercot.com/misdownload/servlets/mirDownload?doclookupId=1267748284,2026-09-25T06:37:47Z,2026-08-28T17:33:57Z
ercot:HB_SOUTH,spp_dam,2026-08-29T08:00:00Z,28.68,USD/MWh,PT1H,US-TX,ercot_dam,HB_SOUTH,ercot:NP4-190-CD,https://www.ercot.com/misdownload/servlets/mirDownload?doclookupId=1267748284,2026-09-25T06:37:47Z,2026-08-28T17:33:57Z
ercot:HB_SOUTH,spp_dam,2026-08-29T09:00:00Z,26.7,USD/MWh,PT1H,US-TX,ercot_dam,HB_SOUTH,ercot:NP4-190-CD,https://www.ercot.com/misdownload/servlets/mirDownload?doclookupId=1267748284,2026-09-25T06:37:47Z,2026-08-28T17:33:57Z
ercot:HB_SOUTH,spp_dam,2026-08-29T10:00:00Z,27.6,USD/MWh,PT1H,US-TX,ercot_dam,HB_SOUTH,ercot:NP4-190-CD,https://www.ercot.com/misdownload/servlets/mirDownload?doclookupId=1267748284,2026-09-25T06:37:47Z,2026-08-28T17:33:57Z
ercot:HB_SOUTH,spp_dam,2026-08-29T11:00:00Z,26.94,USD/MWh,PT1H,US-TX,ercot_dam,HB_SOUTH,ercot:NP4-190-CD,https://www.ercot.com/misdownload/servlets/mirDownload?doclookupId=1267748284,2026-09-25T06:37:47Z,2026-08-28T17:33:57Z
ercot:HB_SOUTH,spp_dam,2026-08-29T12:00:00Z,26.08,USD/MWh,PT1H,US-TX,ercot_dam,HB_SOUTH,ercot:NP4-190-CD,https://www.ercot.com/misdownload/servlets/mirDownload?doclookupId=1267748284,2026-09-25T06:37:47Z,2026-08-28T17:33:57Z
ercot:HB_SOUTH,spp_dam,2026-08-29T13:00:00Z,18.64,USD/MWh,PT1H,US-TX,ercot_dam,HB_SOUTH,ercot:NP4-190-CD,https://www.ercot.com/misdownload/servlets/mirDownload?doclookupId=1267748284,2026-09-25T06:37:47Z,2026-08-28T17:33:57Z
ercot:HB_SOUTH,spp_dam,2026-08-29T14:00:00Z,18.9,USD/MWh,PT1H,US-TX,ercot_dam,HB_SOUTH,ercot:NP4-190-CD,https://www.ercot.com/misdownload/servlets/mirDownload?doclookupId=1267748284,2026-09-25T06:37:47Z,2026-08-28T17:33:57Z
ercot:HB_SOUTH,spp_dam,2026-08-29T15:00:00Z,20.75,USD/MWh,PT1H,US-TX,ercot_dam,HB_SOUTH,ercot:NP4-190-CD,https://www.ercot.com/misdownload/servlets/mirDownload?doclookupId=1267748284,2026-09-25T06:37:47Z,2026-08-28T17:33:57Z
ercot:HB_SOUTH,spp_dam,2026-08-29T16:00:00Z,22.95,USD/MWh,PT1H,US-TX,ercot_dam,HB_SOUTH,ercot:NP4-190-CD,https://www.ercot.com/misdownload/servlets/mirDownload?doclookupId=1267748284,2026-09-25T06:37:47Z,2026-08-28T17:33:57Z
ercot:HB_SOUTH,spp_dam,2026-08-29T17:00:00Z,29.62,USD/MWh,PT1H,US-TX,ercot_dam,HB_SOUTH,ercot:NP4-190-CD,https://www.ercot.com/misdownload/servlets/mirDownload?doclookupId=1267748284,2026-09-25T06:37:47Z,2026-08-28T17:33:57Z
ercot:HB_SOUTH,spp_dam,2026-08-29T18:00:00Z,31.79,USD/MWh,PT1H,US-TX,ercot_dam,HB_SOUTH,ercot:NP4-190-CD,https://www.ercot.com/misdownload/servlets/mirDownload?doclookupId=1267748284,2026-09-25T06:37:47Z,2026-08-28T17:33:57Z
ercot:HB_SOUTH,spp_dam,2026-08-29T19:00:00Z,35.64,USD/MWh,PT1H,US-TX,ercot_dam,HB_SOUTH,ercot:NP4-190-CD,https://www.ercot.com/misdownload/servlets/mirDownload?doclookupId=1267748284,2026-09-25T06:37:47Z,2026-08-28T17:33:57Z
ercot:HB_SOUTH,spp_dam,2026-08-29T20:00:00Z,36.39,USD/MWh,PT1H,US-TX,ercot_dam,HB_SOUTH,ercot:NP4-190-CD,https://www.ercot.com/misdownload/servlets/mirDownload?doclookupId=1267748284,2026-09-25T06:37:47Z,2026-08-28T17:33:57Z
ercot:HB_SOUTH,spp_dam,2026-08-29T21:00:00Z,34.03,USD/MWh,PT1H,US-TX,ercot_dam,HB_SOUTH,ercot:NP4-190-CD,https://www.ercot.com/misdownload/servlets/mirDownload?doclookupId=1267748284,2026-09-25T06:37:47Z,2026-08-28T17:33:57Z
ercot:HB_SOUTH,spp_dam,2026-08-29T22:00:00Z,34.07,USD/MWh,PT1H,US-TX,ercot_dam,HB_SOUTH,ercot:NP4-190-CD,https://www.ercot.com/misdownload/servlets/mirDownload?doclookupId=1267748284,2026-09-25T06:37:47Z,2026-08-28T17:33:57Z
ercot:HB_SOUTH,spp_dam,2026-08-29T23:00:00Z,49.53,USD/MWh,PT1H,US-TX,ercot_dam,HB_SOUTH,ercot:NP4-190-CD,https://www.ercot.com/misdownload/servlets/mirDownload?doclookupId=1267748284,2026-09-25T06:37:47Z,2026-08-28T17:33:57Z
ercot:HB_SOUTH,spp_dam,2026-08-30T00:00:00Z,59.95,USD/MWh,PT1H,US-TX,ercot_dam,HB_SOUTH,ercot:NP4-190-CD,https://www.ercot.com/misdownload/servlets/mirDownload?doclookupId=1267748284,2026-09-25T06:37:47Z,2026-08-28T17:33:57Z
ercot:HB_SOUTH,spp_dam,2026-08-30T01:00:00Z,58.02,USD/MWh,PT1H,US-TX,ercot_dam,HB_SOUTH,ercot:NP4-190-CD,https://www.ercot.com/misdownload/servlets/mirDownload?doclookupId=1267748284,2026-09-25T06:37:47Z,2026-08-28T17:33:57Z
ercot:HB_SOUTH,spp_dam,2026-08-30T02:00:00Z,51.4,USD/MWh,PT1H,US-TX,ercot_dam,HB_SOUTH,ercot:NP4-190-CD,https://www.ercot.com/misdownload/servlets/mirDownload?doclookupId=1267748284,2026-09-25T06:37:47Z,2026-08-28T17:33:57Z
ercot:HB_SOUTH,spp_dam,2026-08-30T03:00:00Z,36.89,USD/MWh,PT1H,US-TX,ercot_dam,HB_SOUTH,ercot:NP4-190-CD,https://www.ercot.com/misdownload/servlets/mirDownload?doclookupId=1267748284,2026-09-25T06:37:47Z,2026-08-28T17:33:57Z
ercot:HB_SOUTH,spp_dam,2026-08-30T04:00:00Z,30.16,USD/MWh,PT1H,US-TX,ercot_dam,HB_SOUTH,ercot:NP4-190-CD,https://www.ercot.com/misdownload/servlets/mirDownload?doclookupId=1267748284,2026-09-25T06:37:47Z,2026-08-28T17:33:57Z
ercot:HB_SOUTH,spp_dam,2026-08-30T05:00:00Z,23.68,USD/MWh,PT1H,US-TX,ercot_dam,HB_SOUTH,ercot:NP4-190-CD,https://www.ercot.com/misdownload/servlets/mirDownload?doclookupId=1268138600,2026-09-25T06:37:46Z,2026-08-29T17:52:11Z
ercot:HB_SOUTH,spp_dam,2026-08-30T06:00:00Z,22.14,USD/MWh,PT1H,US-TX,ercot_dam,HB_SOUTH,ercot:NP4-190-CD,https://www.ercot.com/misdownload/servlets/mirDownload?doclookupId=1268138600,2026-09-25T06:37:46Z,2026-08-29T17:52:11Z
ercot:HB_SOUTH,spp_dam,2026-08-30T07:00:00Z,21.41,USD/MWh,PT1H,US-TX,ercot_dam,HB_SOUTH,ercot:NP4-190-CD,https://www.ercot.com/misdownload/servlets/mirDownload?doclookupId=1268138600,2026-09-25T06:37:46Z,2026-08-29T17:52:11Z
ercot:HB_SOUTH,spp_dam,2026-08-30T08:00:00Z,20.24,USD/MWh,PT1H,US-TX,ercot_dam,HB_SOUTH,ercot:NP4-190-CD,https://www.ercot.com/misdownload/servlets/mirDownload?doclookupId=1268138600,2026-09-25T06:37:46Z,2026-08-29T17:52:11Z
ercot:HB_SOUTH,spp_dam,2026-08-30T09:00:00Z,19.9,USD/MWh,PT1H,US-TX,ercot_dam,HB_SOUTH,ercot:NP4-190-CD,https://www.ercot.com/misdownload/servlets/mirDownload?doclookupId=1268138600,2026-09-25T06:37:46Z,2026-08-29T17:52:11Z
ercot:HB_SOUTH,spp_dam,2026-08-30T10:00:00Z,19.84,USD/MWh,PT1H,US-TX,ercot_dam,HB_SOUTH,ercot:NP4-190-CD,https://www.ercot.com/misdownload/servlets/mirDownload?doclookupId=1268138600,2026-09-25T06:37:46Z,2026-08-29T17:52:11Z
ercot:HB_SOUTH,spp_dam,2026-08-30T11:00:00Z,19.63,USD/MWh,PT1H,US-TX,ercot_dam,HB_SOUTH,ercot:NP4-190-CD,https://www.ercot.com/misdownload/servlets/mirDownload?doclookupId=1268138600,2026-09-25T06:37:46Z,2026-08-29T17:52:11Z
ercot:HB_SOUTH,spp_dam,2026-08-30T12:00:00Z,18.69,USD/MWh,PT1H,US-TX,ercot_dam,HB_SOUTH,ercot:NP4-190-CD,https://www.ercot.com/misdownload/servlets/mirDownload?doclookupId=1268138600,2026-09-25T06:37:46Z,2026-08-29T17:52:11Z
ercot:HB_SOUTH,spp_dam,2026-08-30T13:00:00Z,15.45,USD/MWh,PT1H,US-TX,ercot_dam,HB_SOUTH,ercot:NP4-190-CD,https://www.ercot.com/misdownload/servlets/mirDownload?doclookupId=1268138600,2026-09-25T06:37:46Z,2026-08-29T17:52:11Z
ercot:HB_SOUTH,spp_dam,2026-08-30T14:00:00Z,15.46,USD/MWh,PT1H,US-TX,ercot_dam,HB_SOUTH,ercot:NP4-190-CD,https://www.ercot.com/misdownload/servlets/mirDownload?doclookupId=1268138600,2026-09-25T06:37:46Z,2026-08-29T17:52:11Z
ercot:HB_SOUTH,spp_dam,2026-08-30T15:00:00Z,16.6,USD/MWh,PT1H,US-TX,ercot_dam,HB_SOUTH,ercot:NP4-190-CD,https://www.ercot.com/misdownload/servlets/mirDownload?doclookupId=1268138600,2026-09-25T06:37:46Z,2026-08-29T17:52:11Z
ercot:HB_SOUTH,spp_dam,2026-08-30T16:00:00Z,19.03,USD/MWh,PT1H,US-TX,ercot_dam,HB_SOUTH,ercot:NP4-190-CD,https://www.ercot.com/misdownload/servlets/mirDownload?doclookupId=1268138600,2026-09-25T06:37:46Z,2026-08-29T17:52:11Z
ercot:HB_SOUTH,spp_dam,2026-08-30T17:00:00Z,20.66,USD/MWh,PT1H,US-TX,ercot_dam,HB_SOUTH,ercot:NP4-190-CD,https://www.ercot.com/misdownload/servlets/mirDownload?doclookupId=1268138600,2026-09-25T06:37:46Z,2026-08-29T17:52:11Z
ercot:HB_SOUTH,spp_dam,2026-08-30T18:00:00Z,24.76,USD/MWh,PT1H,US-TX,ercot_dam,HB_SOUTH,ercot:NP4-190-CD,https://www.ercot.com/misdownload/servlets/mirDownload?doclookupId=1268138600,2026-09-25T06:37:46Z,2026-08-29T17:52:11Z
ercot:HB_SOUTH,spp_dam,2026-08-30T19:00:00Z,26.39,USD/MWh,PT1H,US-TX,ercot_dam,HB_SOUTH,ercot:NP4-190-CD,https://www.ercot.com/misdownload/servlets/mirDownload?doclookupId=1268138600,2026-09-25T06:37:46Z,2026-08-29T17:52:11Z
ercot:HB_SOUTH,spp_dam,2026-08-30T20:00:00Z,26.41,USD/MWh,PT1H,US-TX,ercot_dam,HB_SOUTH,ercot:NP4-190-CD,https://www.ercot.com/misdownload/servlets/mirDownload?doclookupId=1268138600,2026-09-25T06:37:46Z,2026-08-29T17:52:11Z
ercot:HB_SOUTH,spp_dam,2026-08-30T21:00:00Z,24.65,USD/MWh,PT1H,US-TX,ercot_dam,HB_SOUTH,ercot:NP4-190-CD,https://www.ercot.com/misdownload/servlets/mirDownload?doclookupId=1268138600,2026-09-25T06:37:46Z,2026-08-29T17:52:11Z
ercot:HB_SOUTH,spp_dam,2026-08-30T22:00:00Z,25.62,USD/MWh,PT1H,US-TX,ercot_dam,HB_SOUTH,ercot:NP4-190-CD,https://www.ercot.com/misdownload/servlets/mirDownload?doclookupId=1268138600,2026-09-25T06:37:46Z,2026-08-29T17:52:11Z
ercot:HB_SOUTH,spp_dam,2026-08-30T23:00:00Z,39.33,USD/MWh,PT1H,US-TX,ercot_dam,HB_SOUTH,ercot:NP4-190-CD,https://www.ercot.com/misdownload/servlets/mirDownload?doclookupId=1268138600,2026-09-25T06:37:46Z,2026-08-29T17:52:11Z
ercot:HB_SOUTH,spp_dam,2026-08-31T00:00:00Z,53.09,USD/MWh,PT1H,US-TX,ercot_dam,HB_SOUTH,ercot:NP4-190-CD,https://www.ercot.com/misdownload/servlets/mirDownload?doclookupId=1268138600,2026-09-25T06:37:46Z,2026-08-29T17:52:11Z
ercot:HB_SOUTH,spp_dam,2026-08-31T01:00:00Z,48.46,USD/MWh,PT1H,US-TX,ercot_dam,HB_SOUTH,ercot:NP4-190-CD,https://www.ercot.com/misdownload/servlets/mirDownload?doclookupId=1268138600,2026-09-25T06:37:46Z,2026-08-29T17:52:11Z
ercot:HB_SOUTH,spp_dam,2026-08-31T02:00:00Z,43.33,USD/MWh,PT1H,US-TX,ercot_dam,HB_SOUTH,ercot:NP4-190-CD,https://www.ercot.com/misdownload/servlets/mirDownload?doclookupId=1268138600,2026-09-25T06:37:46Z,2026-08-29T17:52:11Z
ercot:HB_SOUTH,spp_dam,2026-08-31T03:00:00Z,35.58,USD/MWh,PT1H,US-TX,ercot_dam,HB_SOUTH,ercot:NP4-190-CD,https://www.ercot.com/misdownload/servlets/mirDownload?doclookupId=1268138600,2026-09-25T06:37:46Z,2026-08-29T17:52:11Z
ercot:HB_SOUTH,spp_dam,2026-08-31T04:00:00Z,25.17,USD/MWh,PT1H,US-TX,ercot_dam,HB_SOUTH,ercot:NP4-190-CD,https://www.ercot.com/misdownload/servlets/mirDownload?doclookupId=1268138600,2026-09-25T06:37:46Z,2026-08-29T17:52:11Z
ercot:HB_SOUTH,spp_dam,2026-08-31T05:00:00Z,24.04,USD/MWh,PT1H,US-TX,ercot_dam,HB_SOUTH,ercot:NP4-190-CD,https://www.ercot.com/misdownload/servlets/mirDownload?doclookupId=1268525450,2026-09-25T06:37:45Z,2026-08-30T18:00:59Z
ercot:HB_SOUTH,spp_dam,2026-08-31T06:00:00Z,22.0,USD/MWh,PT1H,US-TX,ercot_dam,HB_SOUTH,ercot:NP4-190-CD,https://www.ercot.com/misdownload/servlets/mirDownload?doclookupId=1268525450,2026-09-25T06:37:45Z,2026-08-30T18:00:59Z
ercot:HB_SOUTH,spp_dam,2026-08-31T07:00:00Z,21.53,USD/MWh,PT1H,US-TX,ercot_dam,HB_SOUTH,ercot:NP4-190-CD,https://www.ercot.com/misdownload/servlets/mirDownload?doclookupId=1268525450,2026-09-25T06:37:45Z,2026-08-30T18:00:59Z
ercot:HB_SOUTH,spp_dam,2026-08-31T08:00:00Z,21.01,USD/MWh,PT1H,US-TX,ercot_dam,HB_SOUTH,ercot:NP4-190-CD,https://www.ercot.com/misdownload/servlets/mirDownload?doclookupId=1268525450,2026-09-25T06:37:45Z,2026-08-30T18:00:59Z
ercot:HB_SOUTH,spp_dam,2026-08-31T09:00:00Z,21.19,USD/MWh,PT1H,US-TX,ercot_dam,HB_SOUTH,ercot:NP4-190-CD,https://www.ercot.com/misdownload/servlets/mirDownload?doclookupId=1268525450,2026-09-25T06:37:45Z,2026-08-30T18:00:59Z
ercot:HB_SOUTH,spp_dam,2026-08-31T10:00:00Z,22.89,USD/MWh,PT1H,US-TX,ercot_dam,HB_SOUTH,ercot:NP4-190-CD,https://www.ercot.com/misdownload/servlets/mirDownload?doclookupId=1268525450,2026-09-25T06:37:45Z,2026-08-30T18:00:59Z
ercot:HB_SOUTH,spp_dam,2026-08-31T11:00:00Z,24.42,USD/MWh,PT1H,US-TX,ercot_dam,HB_SOUTH,ercot:NP4-190-CD,https://www.ercot.com/misdownload/servlets/mirDownload?doclookupId=1268525450,2026-09-25T06:37:45Z,2026-08-30T18:00:59Z
ercot:HB_SOUTH,spp_dam,2026-08-31T12:00:00Z,24.21,USD/MWh,PT1H,US-TX,ercot_dam,HB_SOUTH,ercot:NP4-190-CD,https://www.ercot.com/misdownload/servlets/mirDownload?doclookupId=1268525450,2026-09-25T06:37:45Z,2026-08-30T18:00:59Z
ercot:HB_SOUTH,spp_dam,2026-08-31T13:00:00Z,18.91,USD/MWh,PT1H,US-TX,ercot_dam,HB_SOUTH,ercot:NP4-190-CD,https://www.ercot.com/misdownload/servlets/mirDownload?doclookupId=1268525450,2026-09-25T06:37:45Z,2026-08-30T18:00:59Z
ercot:HB_SOUTH,spp_dam,2026-08-31T14:00:00Z,18.26,USD/MWh,PT1H,US-TX,ercot_dam,HB_SOUTH,ercot:NP4-190-CD,https://www.ercot.com/misdownload/servlets/mirDownload?doclookupId=1268525450,2026-09-25T06:37:45Z,2026-08-30T18:00:59Z
ercot:HB_SOUTH,spp_dam,2026-08-31T15:00:00Z,18.48,USD/MWh,PT1H,US-TX,ercot_dam,HB_SOUTH,ercot:NP4-190-CD,https://www.ercot.com/misdownload/servlets/mirDownload?doclookupId=1268525450,2026-09-25T06:37:45Z,2026-08-30T18:00:59Z
ercot:HB_SOUTH,spp_dam,2026-08-31T16:00:00Z,22.08,USD/MWh,PT1H,US-TX,ercot_dam,HB_SOUTH,ercot:NP4-190-CD,https://www.ercot.com/misdownload/servlets/mirDownload?doclookupId=1268525450,2026-09-25T06:37:45Z,2026-08-30T18:00:59Z
ercot:HB_SOUTH,spp_dam,2026-08-31T17:00:00Z,26.68,USD/MWh,PT1H,US-TX,ercot_dam,HB_SOUTH,ercot:NP4-190-CD,https://www.ercot.com/misdownload/servlets/mirDownload?doclookupId=1268525450,2026-09-25T06:37:45Z,2026-08-30T18:00:59Z
ercot:HB_SOUTH,spp_dam,2026-08-31T18:00:00Z,28.62,USD/MWh,PT1H,US-TX,ercot_dam,HB_SOUTH,ercot:NP4-190-CD,https://www.ercot.com/misdownload/servlets/mirDownload?doclookupId=1268525450,2026-09-25T06:37:45Z,2026-08-30T18:00:59Z
ercot:HB_SOUTH,spp_dam,2026-08-31T19:00:00Z,29.83,USD/MWh,PT1H,US-TX,ercot_dam,HB_SOUTH,ercot:NP4-190-CD,https://www.ercot.com/misdownload/servlets/mirDownload?doclookupId=1268525450,2026-09-25T06:37:45Z,2026-08-30T18:00:59Z
ercot:HB_SOUTH,spp_dam,2026-08-31T20:00:00Z,28.28,USD/MWh,PT1H,US-TX,ercot_dam,HB_SOUTH,ercot:NP4-190-CD,https://www.ercot.com/misdownload/servlets/mirDownload?doclookupId=1268525450,2026-09-25T06:37:45Z,2026-08-30T18:00:59Z
ercot:HB_SOUTH,spp_dam,2026-08-31T21:00:00Z,26.22,USD/MWh,PT1H,US-TX,ercot_dam,HB_SOUTH,ercot:NP4-190-CD,https://www.ercot.com/misdownload/servlets/mirDownload?doclookupId=1268525450,2026-09-25T06:37:45Z,2026-08-30T18:00:59Z
ercot:HB_SOUTH,spp_dam,2026-08-31T22:00:00Z,26.47,USD/MWh,PT1H,US-TX,ercot_dam,HB_SOUTH,ercot:NP4-190-CD,https://www.ercot.com/misdownload/servlets/mirDownload?doclookupId=1268525450,2026-09-25T06:37:45Z,2026-08-30T18:00:59Z
ercot:HB_SOUTH,spp_dam,2026-08-31T23:00:00Z,44.14,USD/MWh,PT1H,US-TX,ercot_dam,HB_SOUTH,ercot:NP4-190-CD,https://www.ercot.com/misdownload/servlets/mirDownload?doclookupId=1268525450,2026-09-25T06:37:45Z,2026-08-30T18:00:59Z
ercot:HB_SOUTH,spp_dam,2026-09-01T00:00:00Z,62.76,USD/MWh,PT1H,US-TX,ercot_dam,HB_SOUTH,ercot:NP4-190-CD,https://www.ercot.com/misdownload/servlets/mirDownload?doclookupId=1268525450,2026-09-25T06:37:45Z,2026-08-30T18:00:59Z
ercot:HB_SOUTH,spp_dam,2026-09-01T01:00:00Z,59.09,USD/MWh,PT1H,US-TX,ercot_dam,HB_SOUTH,ercot:NP4-190-CD,https://www.ercot.com/misdownload/servlets/mirDownload?doclookupId=1268525450,2026-09-25T06:37:45Z,2026-08-30T18:00:59Z
ercot:HB_SOUTH,spp_dam,2026-09-01T02:00:00Z,49.01,USD/MWh,PT1H,US-TX,ercot_dam,HB_SOUTH,ercot:NP4-190-CD,https://www.ercot.com/misdownload/servlets/mirDownload?doclookupId=1268525450,2026-09-25T06:37:45Z,2026-08-30T18:00:59Z
ercot:HB_SOUTH,spp_dam,2026-09-01T03:00:00Z,39.84,USD/MWh,PT1H,US-TX,ercot_dam,HB_SOUTH,ercot:NP4-190-CD,https://www.ercot.com/misdownload/servlets/mirDownload?doclookupId=1268525450,2026-09-25T06:37:45Z,2026-08-30T18:00:59Z
ercot:HB_SOUTH,spp_dam,2026-09-01T04:00:00Z,29.29,USD/MWh,PT1H,US-TX,ercot_dam,HB_SOUTH,ercot:NP4-190-CD,https://www.ercot.com/misdownload/servlets/mirDownload?doclookupId=1268525450,2026-09-25T06:37:45Z,2026-08-30T18:00:59Z
ercot:HB_SOUTH,spp_dam,2026-09-01T05:00:00Z,26.02,USD/MWh,PT1H,US-TX,ercot_dam,HB_SOUTH,ercot:NP4-190-CD,https://www.ercot.com/misdownload/servlets/mirDownload?doclookupId=1268915317,2026-09-25T06:37:44Z,2026-08-31T17:33:51Z
ercot:HB_SOUTH,spp_dam,2026-09-01T06:00:00Z,24.25,USD/MWh,PT1H,US-TX,ercot_dam,HB_SOUTH,ercot:NP4-190-CD,https://www.ercot.com/misdownload/servlets/mirDownload?doclookupId=1268915317,2026-09-25T06:37:44Z,2026-08-31T17:33:51Z
ercot:HB_SOUTH,spp_dam,2026-09-01T07:00:00Z,24.06,USD/MWh,PT1H,US-TX,ercot_dam,HB_SOUTH,ercot:NP4-190-CD,https://www.ercot.com/misdownload/servlets/mirDownload?doclookupId=1268915317,2026-09-25T06:37:44Z,2026-08-31T17:33:51Z
ercot:HB_SOUTH,spp_dam,2026-09-01T08:00:00Z,24.72,USD/MWh,PT1H,US-TX,ercot_dam,HB_SOUTH,ercot:NP4-190-CD,https://www.ercot.com/misdownload/servlets/mirDownload?doclookupId=1268915317,2026-09-25T06:37:44Z,2026-08-31T17:33:51Z
ercot:HB_SOUTH,spp_dam,2026-09-01T09:00:00Z,23.71,USD/MWh,PT1H,US-TX,ercot_dam,HB_SOUTH,ercot:NP4-190-CD,https://www.ercot.com/misdownload/servlets/mirDownload?doclookupId=1268915317,2026-09-25T06:37:44Z,2026-08-31T17:33:51Z
ercot:HB_SOUTH,spp_dam,2026-09-01T10:00:00Z,27.89,USD/MWh,PT1H,US-TX,ercot_dam,HB_SOUTH,ercot:NP4-190-CD,https://www.ercot.com/misdownload/servlets/mirDownload?doclookupId=1268915317,2026-09-25T06:37:44Z,2026-08-31T17:33:51Z
ercot:HB_SOUTH,spp_dam,2026-09-01T11:00:00Z,31.05,USD/MWh,PT1H,US-TX,ercot_dam,HB_SOUTH,ercot:NP4-190-CD,https://www.ercot.com/misdownload/servlets/mirDownload?doclookupId=1268915317,2026-09-25T06:37:44Z,2026-08-31T17:33:51Z
ercot:HB_SOUTH,spp_dam,2026-09-01T12:00:00Z,28.65,USD/MWh,PT1H,US-TX,ercot_dam,HB_SOUTH,ercot:NP4-190-CD,https://www.ercot.com/misdownload/servlets/mirDownload?doclookupId=1268915317,2026-09-25T06:37:44Z,2026-08-31T17:33:51Z
ercot:HB_SOUTH,spp_dam,2026-09-01T13:00:00Z,22.28,USD/MWh,PT1H,US-TX,ercot_dam,HB_SOUTH,ercot:NP4-190-CD,https://www.ercot.com/misdownload/servlets/mirDownload?doclookupId=1268915317,2026-09-25T06:37:44Z,2026-08-31T17:33:51Z
ercot:HB_SOUTH,spp_dam,2026-09-01T14:00:00Z,21.6,USD/MWh,PT1H,US-TX,ercot_dam,HB_SOUTH,ercot:NP4-190-CD,https://www.ercot.com/misdownload/servlets/mirDownload?doclookupId=1268915317,2026-09-25T06:37:44Z,2026-08-31T17:33:51Z
ercot:HB_SOUTH,spp_dam,2026-09-01T15:00:00Z,22.02,USD/MWh,PT1H,US-TX,ercot_dam,HB_SOUTH,ercot:NP4-190-CD,https://www.ercot.com/misdownload/servlets/mirDownload?doclookupId=1268915317,2026-09-25T06:37:44Z,2026-08-31T17:33:51Z
ercot:HB_SOUTH,spp_dam,2026-09-01T16:00:00Z,25.59,USD/MWh,PT1H,US-TX,ercot_dam,HB_SOUTH,ercot:NP4-190-CD,https://www.ercot.com/misdownload/servlets/mirDownload?doclookupId=1268915317,2026-09-25T06:37:44Z,2026-08-31T17:33:51Z
ercot:HB_SOUTH,spp_dam,2026-09-01T17:00:00Z,31.11,USD/MWh,PT1H,US-TX,ercot_dam,HB_SOUTH,ercot:NP4-190-CD,https://www.ercot.com/misdownload/servlets/mirDownload?doclookupId=1268915317,2026-09-25T06:37:44Z,2026-08-31T17:33:51Z
ercot:HB_SOUTH,spp_dam,2026-09-01T18:00:00Z,37.0,USD/MWh,PT1H,US-TX,ercot_dam,HB_SOUTH,ercot:NP4-190-CD,https://www.ercot.com/misdownload/servlets/mirDownload?doclookupId=1268915317,2026-09-25T06:37:44Z,2026-08-31T17:33:51Z
ercot:HB_SOUTH,spp_dam,2026-09-01T19:00:00Z,39.56,USD/MWh,PT1H,US-TX,ercot_dam,HB_SOUTH,ercot:NP4-190-CD,https://www.ercot.com/misdownload/servlets/mirDownload?doclookupId=1268915317,2026-09-25T06:37:44Z,2026-08-31T17:33:51Z
ercot:HB_SOUTH,spp_dam,2026-09-01T20:00:00Z,40.5,USD/MWh,PT1H,US-TX,ercot_dam,HB_SOUTH,ercot:NP4-190-CD,https://www.ercot.com/misdownload/servlets/mirDownload?doclookupId=1268915317,2026-09-25T06:37:44Z,2026-08-31T17:33:51Z
ercot:HB_SOUTH,spp_dam,2026-09-01T21:00:00Z,41.14,USD/MWh,PT1H,US-TX,ercot_dam,HB_SOUTH,ercot:NP4-190-CD,https://www.ercot.com/misdownload/servlets/mirDownload?doclookupId=1268915317,2026-09-25T06:37:44Z,2026-08-31T17:33:51Z
ercot:HB_SOUTH,spp_dam,2026-09-01T22:00:00Z,41.88,USD/MWh,PT1H,US-TX,ercot_dam,HB_SOUTH,ercot:NP4-190-CD,https://www.ercot.com/misdownload/servlets/mirDownload?doclookupId=1268915317,2026-09-25T06:37:44Z,2026-08-31T17:33:51Z
ercot:HB_SOUTH,spp_dam,2026-09-01T23:00:00Z,57.13,USD/MWh,PT1H,US-TX,ercot_dam,HB_SOUTH,ercot:NP4-190-CD,https://www.ercot.com/misdownload/servlets/mirDownload?doclookupId=1268915317,2026-09-25T06:37:44Z,2026-08-31T17:33:51Z
ercot:HB_SOUTH,spp_dam,2026-09-02T00:00:00Z,58.38,USD/MWh,PT1H,US-TX,ercot_dam,HB_SOUTH,ercot:NP4-190-CD,https://www.ercot.com/misdownload/servlets/mirDownload?doclookupId=1268915317,2026-09-25T06:37:44Z,2026-08-31T17:33:51Z
ercot:HB_SOUTH,spp_dam,2026-09-02T01:00:00Z,52.39,USD/MWh,PT1H,US-TX,ercot_dam,HB_SOUTH,ercot:NP4-190-CD,https://www.ercot.com/misdownload/servlets/mirDownload?doclookupId=1268915317,2026-09-25T06:37:44Z,2026-08-31T17:33:51Z
ercot:HB_SOUTH,spp_dam,2026-09-02T02:00:00Z,47.46,USD/MWh,PT1H,US-TX,ercot_dam,HB_SOUTH,ercot:NP4-190-CD,https://www.ercot.com/misdownload/servlets/mirDownload?doclookupId=1268915317,2026-09-25T06:37:44Z,2026-08-31T17:33:51Z
ercot:HB_SOUTH,spp_dam,2026-09-02T03:00:00Z,38.21,USD/MWh,PT1H,US-TX,ercot_dam,HB_SOUTH,ercot:NP4-190-CD,https://www.ercot.com/misdownload/servlets/mirDownload?doclookupId=1268915317,2026-09-25T06:37:44Z,2026-08-31T17:33:51Z
ercot:HB_SOUTH,spp_dam,2026-09-02T04:00:00Z,30.95,USD/MWh,PT1H,US-TX,ercot_dam,HB_SOUTH,ercot:NP4-190-CD,https://www.ercot.com/misdownload/servlets/mirDownload?doclookupId=1268915317,2026-09-25T06:37:44Z,2026-08-31T17:33:51Z
ercot:HB_SOUTH,spp_dam,2026-09-02T05:00:00Z,27.67,USD/MWh,PT1H,US-TX,ercot_dam,HB_SOUTH,ercot:NP4-190-CD,https://www.ercot.com/misdownload/servlets/mirDownload?doclookupId=1269328607,2026-09-25T06:37:43Z,2026-09-01T17:49:12Z
ercot:HB_SOUTH,spp_dam,2026-09-02T06:00:00Z,25.3,USD/MWh,PT1H,US-TX,ercot_dam,HB_SOUTH,ercot:NP4-190-CD,https://www.ercot.com/misdownload/servlets/mirDownload?doclookupId=1269328607,2026-09-25T06:37:43Z,2026-09-01T17:49:12Z
ercot:HB_SOUTH,spp_dam,2026-09-02T07:00:00Z,24.4,USD/MWh,PT1H,US-TX,ercot_dam,HB_SOUTH,ercot:NP4-190-CD,https://www.ercot.com/misdownload/servlets/mirDownload?doclookupId=1269328607,2026-09-25T06:37:43Z,2026-09-01T17:49:12Z
ercot:HB_SOUTH,spp_dam,2026-09-02T08:00:00Z,24.24,USD/MWh,PT1H,US-TX,ercot_dam,HB_SOUTH,ercot:NP4-190-CD,https://www.ercot.com/misdownload/servlets/mirDownload?doclookupId=1269328607,2026-09-25T06:37:43Z,2026-09-01T17:49:12Z
ercot:HB_SOUTH,spp_dam,2026-09-02T09:00:00Z,25.68,USD/MWh,PT1H,US-TX,ercot_dam,HB_SOUTH,ercot:NP4-190-CD,https://www.ercot.com/misdownload/servlets/mirDownload?doclookupId=1269328607,2026-09-25T06:37:43Z,2026-09-01T17:49:12Z
ercot:HB_SOUTH,spp_dam,2026-09-02T10:00:00Z,28.44,USD/MWh,PT1H,US-TX,ercot_dam,HB_SOUTH,ercot:NP4-190-CD,https://www.ercot.com/misdownload/servlets/mirDownload?doclookupId=1269328607,2026-09-25T06:37:43Z,2026-09-01T17:49:12Z
ercot:HB_SOUTH,spp_dam,2026-09-02T11:00:00Z,30.68,USD/MWh,PT1H,US-TX,ercot_dam,HB_SOUTH,ercot:NP4-190-CD,https://www.ercot.com/misdownload/servlets/mirDownload?doclookupId=1269328607,2026-09-25T06:37:43Z,2026-09-01T17:49:12Z
ercot:HB_SOUTH,spp_dam,2026-09-02T12:00:00Z,29.98,USD/MWh,PT1H,US-TX,ercot_dam,HB_SOUTH,ercot:NP4-190-CD,https://www.ercot.com/misdownload/servlets/mirDownload?doclookupId=1269328607,2026-09-25T06:37:43Z,2026-09-01T17:49:12Z
ercot:HB_SOUTH,spp_dam,2026-09-02T13:00:00Z,23.93,USD/MWh,PT1H,US-TX,ercot_dam,HB_SOUTH,ercot:NP4-190-CD,https://www.ercot.com/misdownload/servlets/mirDownload?doclookupId=1269328607,2026-09-25T06:37:43Z,2026-09-01T17:49:12Z
ercot:HB_SOUTH,spp_dam,2026-09-02T14:00:00Z,22.95,USD/MWh,PT1H,US-TX,ercot_dam,HB_SOUTH,ercot:NP4-190-CD,https://www.ercot.com/misdownload/servlets/mirDownload?doclookupId=1269328607,2026-09-25T06:37:43Z,2026-09-01T17:49:12Z
ercot:HB_SOUTH,spp_dam,2026-09-02T15:00:00Z,23.17,USD/MWh,PT1H,US-TX,ercot_dam,HB_SOUTH,ercot:NP4-190-CD,https://www.ercot.com/misdownload/servlets/mirDownload?doclookupId=1269328607,2026-09-25T06:37:43Z,2026-09-01T17:49:12Z
ercot:HB_SOUTH,spp_dam,2026-09-02T16:00:00Z,26.92,USD/MWh,PT1H,US-TX,ercot_dam,HB_SOUTH,ercot:NP4-190-CD,https://www.ercot.com/misdownload/servlets/mirDownload?doclookupId=1269328607,2026-09-25T06:37:43Z,2026-09-01T17:49:12Z
ercot:HB_SOUTH,spp_dam,2026-09-02T17:00:00Z,34.79,USD/MWh,PT1H,US-TX,ercot_dam,HB_SOUTH,ercot:NP4-190-CD,https://www.ercot.com/misdownload/servlets/mirDownload?doclookupId=1269328607,2026-09-25T06:37:43Z,2026-09-01T17:49:12Z
ercot:HB_SOUTH,spp_dam,2026-09-02T18:00:00Z,40.98,USD/MWh,PT1H,US-TX,ercot_dam,HB_SOUTH,ercot:NP4-190-CD,https://www.ercot.com/misdownload/servlets/mirDownload?doclookupId=1269328607,2026-09-25T06:37:43Z,2026-09-01T17:49:12Z
ercot:HB_SOUTH,spp_dam,2026-09-02T19:00:00Z,47.69,USD/MWh,PT1H,US-TX,ercot_dam,HB_SOUTH,ercot:NP4-190-CD,https://www.ercot.com/misdownload/servlets/mirDownload?doclookupId=1269328607,2026-09-25T06:37:43Z,2026-09-01T17:49:12Z
ercot:HB_SOUTH,spp_dam,2026-09-02T20:00:00Z,51.25,USD/MWh,PT1H,US-TX,ercot_dam,HB_SOUTH,ercot:NP4-190-CD,https://www.ercot.com/misdownload/servlets/mirDownload?doclookupId=1269328607,2026-09-25T06:37:43Z,2026-09-01T17:49:12Z
ercot:HB_SOUTH,spp_dam,2026-09-02T21:00:00Z,48.64,USD/MWh,PT1H,US-TX,ercot_dam,HB_SOUTH,ercot:NP4-190-CD,https://www.ercot.com/misdownload/servlets/mirDownload?doclookupId=1269328607,2026-09-25T06:37:43Z,2026-09-01T17:49:12Z
ercot:HB_SOUTH,spp_dam,2026-09-02T22:00:00Z,50.77,USD/MWh,PT1H,US-TX,ercot_dam,HB_SOUTH,ercot:NP4-190-CD,https://www.ercot.com/misdownload/servlets/mirDownload?doclookupId=1269328607,2026-09-25T06:37:43Z,2026-09-01T17:49:12Z
ercot:HB_SOUTH,spp_dam,2026-09-02T23:00:00Z,57.23,USD/MWh,PT1H,US-TX,ercot_dam,HB_SOUTH,ercot:NP4-190-CD,https://www.ercot.com/misdownload/servlets/mirDownload?doclookupId=1269328607,2026-09-25T06:37:43Z,2026-09-01T17:49:12Z
ercot:HB_SOUTH,spp_dam,2026-09-03T00:00:00Z,56.19,USD/MWh,PT1H,US-TX,ercot_dam,HB_SOUTH,ercot:NP4-190-CD,https://www.ercot.com/misdownload/servlets/mirDownload?doclookupId=1269328607,2026-09-25T06:37:43Z,2026-09-01T17:49:12Z
ercot:HB_SOUTH,spp_dam,2026-09-03T01:00:00Z,51.41,USD/MWh,PT1H,US-TX,ercot_dam,HB_SOUTH,ercot:NP4-190-CD,https://www.ercot.com/misdownload/servlets/mirDownload?doclookupId=1269328607,2026-09-25T06:37:43Z,2026-09-01T17:49:12Z
ercot:HB_SOUTH,spp_dam,2026-09-03T02:00:00Z,43.76,USD/MWh,PT1H,US-TX,ercot_dam,HB_SOUTH,ercot:NP4-190-CD,https://www.ercot.com/misdownload/servlets/mirDownload?doclookupId=1269328607,2026-09-25T06:37:43Z,2026-09-01T17:49:12Z
ercot:HB_SOUTH,spp_dam,2026-09-03T03:00:00Z,33.24,USD/MWh,PT1H,US-TX,ercot_dam,HB_SOUTH,ercot:NP4-190-CD,https://www.ercot.com/misdownload/servlets/mirDownload?doclookupId=1269328607,2026-09-25T06:37:43Z,2026-09-01T17:49:12Z
ercot:HB_SOUTH,spp_dam,2026-09-03T04:00:00Z,28.04,USD/MWh,PT1H,US-TX,ercot_dam,HB_SOUTH,ercot:NP4-190-CD,https://www.ercot.com/misdownload/servlets/mirDownload?doclookupId=1269328607,2026-09-25T06:37:43Z,2026-09-01T17:49:12Z
ercot:HB_SOUTH,spp_dam,2026-09-03T05:00:00Z,26.6,USD/MWh,PT1H,US-TX,ercot_dam,HB_SOUTH,ercot:NP4-190-CD,https://www.ercot.com/misdownload/servlets/mirDownload?doclookupId=1269724005,2026-09-25T06:37:42Z,2026-09-02T17:37:16Z
ercot:HB_SOUTH,spp_dam,2026-09-03T06:00:00Z,24.87,USD/MWh,PT1H,US-TX,ercot_dam,HB_SOUTH,ercot:NP4-190-CD,https://www.ercot.com/misdownload/servlets/mirDownload?doclookupId=1269724005,2026-09-25T06:37:42Z,2026-09-02T17:37:16Z
ercot:HB_SOUTH,spp_dam,2026-09-03T07:00:00Z,25.36,USD/MWh,PT1H,US-TX,ercot_dam,HB_SOUTH,ercot:NP4-190-CD,https://www.ercot.com/misdownload/servlets/mirDownload?doclookupId=1269724005,2026-09-25T06:37:42Z,2026-09-02T17:37:16Z
ercot:HB_SOUTH,spp_dam,2026-09-03T08:00:00Z,25.38,USD/MWh,PT1H,US-TX,ercot_dam,HB_SOUTH,ercot:NP4-190-CD,https://www.ercot.com/misdownload/servlets/mirDownload?doclookupId=1269724005,2026-09-25T06:37:42Z,2026-09-02T17:37:16Z
ercot:HB_SOUTH,spp_dam,2026-09-03T09:00:00Z,25.2,USD/MWh,PT1H,US-TX,ercot_dam,HB_SOUTH,ercot:NP4-190-CD,https://www.ercot.com/misdownload/servlets/mirDownload?doclookupId=1269724005,2026-09-25T06:37:42Z,2026-09-02T17:37:16Z
ercot:HB_SOUTH,spp_dam,2026-09-03T10:00:00Z,29.32,USD/MWh,PT1H,US-TX,ercot_dam,HB_SOUTH,ercot:NP4-190-CD,https://www.ercot.com/misdownload/servlets/mirDownload?doclookupId=1269724005,2026-09-25T06:37:42Z,2026-09-02T17:37:16Z
ercot:HB_SOUTH,spp_dam,2026-09-03T11:00:00Z,31.87,USD/MWh,PT1H,US-TX,ercot_dam,HB_SOUTH,ercot:NP4-190-CD,https://www.ercot.com/misdownload/servlets/mirDownload?doclookupId=1269724005,2026-09-25T06:37:42Z,2026-09-02T17:37:16Z
ercot:HB_SOUTH,spp_dam,2026-09-03T12:00:00Z,31.16,USD/MWh,PT1H,US-TX,ercot_dam,HB_SOUTH,ercot:NP4-190-CD,https://www.ercot.com/misdownload/servlets/mirDownload?doclookupId=1269724005,2026-09-25T06:37:42Z,2026-09-02T17:37:16Z
ercot:HB_SOUTH,spp_dam,2026-09-03T13:00:00Z,26.27,USD/MWh,PT1H,US-TX,ercot_dam,HB_SOUTH,ercot:NP4-190-CD,https://www.ercot.com/misdownload/servlets/mirDownload?doclookupId=1269724005,2026-09-25T06:37:42Z,2026-09-02T17:37:16Z
ercot:HB_SOUTH,spp_dam,2026-09-03T14:00:00Z,24.66,USD/MWh,PT1H,US-TX,ercot_dam,HB_SOUTH,ercot:NP4-190-CD,https://www.ercot.com/misdownload/servlets/mirDownload?doclookupId=1269724005,2026-09-25T06:37:42Z,2026-09-02T17:37:16Z
ercot:HB_SOUTH,spp_dam,2026-09-03T15:00:00Z,26.22,USD/MWh,PT1H,US-TX,ercot_dam,HB_SOUTH,ercot:NP4-190-CD,https://www.ercot.com/misdownload/servlets/mirDownload?doclookupId=1269724005,2026-09-25T06:37:42Z,2026-09-02T17:37:16Z
ercot:HB_SOUTH,spp_dam,2026-09-03T16:00:00Z,28.77,USD/MWh,PT1H,US-TX,ercot_dam,HB_SOUTH,ercot:NP4-190-CD,https://www.ercot.com/misdownload/servlets/mirDownload?doclookupId=1269724005,2026-09-25T06:37:42Z,2026-09-02T17:37:16Z
ercot:HB_SOUTH,spp_dam,2026-09-03T17:00:00Z,34.55,USD/MWh,PT1H,US-TX,ercot_dam,HB_SOUTH,ercot:NP4-190-CD,https://www.ercot.com/misdownload/servlets/mirDownload?doclookupId=1269724005,2026-09-25T06:37:42Z,2026-09-02T17:37:16Z
ercot:HB_SOUTH,spp_dam,2026-09-03T18:00:00Z,39.11,USD/MWh,PT1H,US-TX,ercot_dam,HB_SOUTH,ercot:NP4-190-CD,https://www.ercot.com/misdownload/servlets/mirDownload?doclookupId=1269724005,2026-09-25T06:37:42Z,2026-09-02T17:37:16Z
ercot:HB_SOUTH,spp_dam,2026-09-03T19:00:00Z,41.35,USD/MWh,PT1H,US-TX,ercot_dam,HB_SOUTH,ercot:NP4-190-CD,https://www.ercot.com/misdownload/servlets/mirDownload?doclookupId=1269724005,2026-09-25T06:37:42Z,2026-09-02T17:37:16Z
ercot:HB_SOUTH,spp_dam,2026-09-03T20:00:00Z,41.39,USD/MWh,PT1H,US-TX,ercot_dam,HB_SOUTH,ercot:NP4-190-CD,https://www.ercot.com/misdownload/servlets/mirDownload?doclookupId=1269724005,2026-09-25T06:37:42Z,2026-09-02T17:37:16Z
ercot:HB_SOUTH,spp_dam,2026-09-03T21:00:00Z,41.25,USD/MWh,PT1H,US-TX,ercot_dam,HB_SOUTH,ercot:NP4-190-CD,https://www.ercot.com/misdownload/servlets/mirDownload?doclookupId=1269724005,2026-09-25T06:37:42Z,2026-09-02T17:37:16Z
ercot:HB_SOUTH,spp_dam,2026-09-03T22:00:00Z,41.39,USD/MWh,PT1H,US-TX,ercot_dam,HB_SOUTH,ercot:NP4-190-CD,https://www.ercot.com/misdownload/servlets/mirDownload?doclookupId=1269724005,2026-09-25T06:37:42Z,2026-09-02T17:37:16Z
ercot:HB_SOUTH,spp_dam,2026-09-03T23:00:00Z,49.6,USD/MWh,PT1H,US-TX,ercot_dam,HB_SOUTH,ercot:NP4-190-CD,https://www.ercot.com/misdownload/servlets/mirDownload?doclookupId=1269724005,2026-09-25T06:37:42Z,2026-09-02T17:37:16Z
ercot:HB_SOUTH,spp_dam,2026-09-04T00:00:00Z,51.68,USD/MWh,PT1H,US-TX,ercot_dam,HB_SOUTH,ercot:NP4-190-CD,https://www.ercot.com/misdownload/servlets/mirDownload?doclookupId=1269724005,2026-09-25T06:37:42Z,2026-09-02T17:37:16Z
ercot:HB_SOUTH,spp_dam,2026-09-04T01:00:00Z,50.34,USD/MWh,PT1H,US-TX,ercot_dam,HB_SOUTH,ercot:NP4-190-CD,https://www.ercot.com/misdownload/servlets/mirDownload?doclookupId=1269724005,2026-09-25T06:37:42Z,2026-09-02T17:37:16Z
ercot:HB_SOUTH,spp_dam,2026-09-04T02:00:00Z,40.34,USD/MWh,PT1H,US-TX,ercot_dam,HB_SOUTH,ercot:NP4-190-CD,https://www.ercot.com/misdownload/servlets/mirDownload?doclookupId=1269724005,2026-09-25T06:37:42Z,2026-09-02T17:37:16Z
ercot:HB_SOUTH,spp_dam,2026-09-04T03:00:00Z,33.69,USD/MWh,PT1H,US-TX,ercot_dam,HB_SOUTH,ercot:NP4-190-CD,https://www.ercot.com/misdownload/servlets/mirDownload?doclookupId=1269724005,2026-09-25T06:37:42Z,2026-09-02T17:37:16Z
ercot:HB_SOUTH,spp_dam,2026-09-04T04:00:00Z,26.88,USD/MWh,PT1H,US-TX,ercot_dam,HB_SOUTH,ercot:NP4-190-CD,https://www.ercot.com/misdownload/servlets/mirDownload?doclookupId=1269724005,2026-09-25T06:37:42Z,2026-09-02T17:37:16Z
ercot:HB_SOUTH,spp_dam,2026-09-04T05:00:00Z,28.83,USD/MWh,PT1H,US-TX,ercot_dam,HB_SOUTH,ercot:NP4-190-CD,https://www.ercot.com/misdownload/servlets/mirDownload?doclookupId=1270120604,2026-09-25T06:37:41Z,2026-09-03T17:32:53Z
ercot:HB_SOUTH,spp_dam,2026-09-04T06:00:00Z,26.32,USD/MWh,PT1H,US-TX,ercot_dam,HB_SOUTH,ercot:NP4-190-CD,https://www.ercot.com/misdownload/servlets/mirDownload?doclookupId=1270120604,2026-09-25T06:37:41Z,2026-09-03T17:32:53Z
ercot:HB_SOUTH,spp_dam,2026-09-04T07:00:00Z,25.91,USD/MWh,PT1H,US-TX,ercot_dam,HB_SOUTH,ercot:NP4-190-CD,https://www.ercot.com/misdownload/servlets/mirDownload?doclookupId=1270120604,2026-09-25T06:37:41Z,2026-09-03T17:32:53Z
ercot:HB_SOUTH,spp_dam,2026-09-04T08:00:00Z,26.01,USD/MWh,PT1H,US-TX,ercot_dam,HB_SOUTH,ercot:NP4-190-CD,https://www.ercot.com/misdownload/servlets/mirDownload?doclookupId=1270120604,2026-09-25T06:37:41Z,2026-09-03T17:32:53Z
ercot:HB_SOUTH,spp_dam,2026-09-04T09:00:00Z,27.17,USD/MWh,PT1H,US-TX,ercot_dam,HB_SOUTH,ercot:NP4-190-CD,https://www.ercot.com/misdownload/servlets/mirDownload?doclookupId=1270120604,2026-09-25T06:37:41Z,2026-09-03T17:32:53Z
ercot:HB_SOUTH,spp_dam,2026-09-04T10:00:00Z,30.13,USD/MWh,PT1H,US-TX,ercot_dam,HB_SOUTH,ercot:NP4-190-CD,https://www.ercot.com/misdownload/servlets/mirDownload?doclookupId=1270120604,2026-09-25T06:37:41Z,2026-09-03T17:32:53Z
ercot:HB_SOUTH,spp_dam,2026-09-04T11:00:00Z,31.88,USD/MWh,PT1H,US-TX,ercot_dam,HB_SOUTH,ercot:NP4-190-CD,https://www.ercot.com/misdownload/servlets/mirDownload?doclookupId=1270120604,2026-09-25T06:37:41Z,2026-09-03T17:32:53Z
ercot:HB_SOUTH,spp_dam,2026-09-04T12:00:00Z,31.11,USD/MWh,PT1H,US-TX,ercot_dam,HB_SOUTH,ercot:NP4-190-CD,https://www.ercot.com/misdownload/servlets/mirDownload?doclookupId=1270120604,2026-09-25T06:37:41Z,2026-09-03T17:32:53Z
ercot:HB_SOUTH,spp_dam,2026-09-04T13:00:00Z,24.97,USD/MWh,PT1H,US-TX,ercot_dam,HB_SOUTH,ercot:NP4-190-CD,https://www.ercot.com/misdownload/servlets/mirDownload?doclookupId=1270120604,2026-09-25T06:37:41Z,2026-09-03T17:32:53Z
ercot:HB_SOUTH,spp_dam,2026-09-04T14:00:00Z,24.23,USD/MWh,PT1H,US-TX,ercot_dam,HB_SOUTH,ercot:NP4-190-CD,https://www.ercot.com/misdownload/servlets/mirDownload?doclookupId=1270120604,2026-09-25T06:37:41Z,2026-09-03T17:32:53Z
ercot:HB_SOUTH,spp_dam,2026-09-04T15:00:00Z,24.6,USD/MWh,PT1H,US-TX,ercot_dam,HB_SOUTH,ercot:NP4-190-CD,https://www.ercot.com/misdownload/servlets/mirDownload?doclookupId=1270120604,2026-09-25T06:37:41Z,2026-09-03T17:32:53Z
ercot:HB_SOUTH,spp_dam,2026-09-04T16:00:00Z,26.52,USD/MWh,PT1H,US-TX,ercot_dam,HB_SOUTH,ercot:NP4-190-CD,https://www.ercot.com/misdownload/servlets/mirDownload?doclookupId=1270120604,2026-09-25T06:37:41Z,2026-09-03T17:32:53Z
ercot:HB_SOUTH,spp_dam,2026-09-04T17:00:00Z,30.8,USD/MWh,PT1H,US-TX,ercot_dam,HB_SOUTH,ercot:NP4-190-CD,https://www.ercot.com/misdownload/servlets/mirDownload?doclookupId=1270120604,2026-09-25T06:37:41Z,2026-09-03T17:32:53Z
ercot:HB_SOUTH,spp_dam,2026-09-04T18:00:00Z,33.11,USD/MWh,PT1H,US-TX,ercot_dam,HB_SOUTH,ercot:NP4-190-CD,https://www.ercot.com/misdownload/servlets/mirDownload?doclookupId=1270120604,2026-09-25T06:37:41Z,2026-09-03T17:32:53Z
ercot:HB_SOUTH,spp_dam,2026-09-04T19:00:00Z,35.44,USD/MWh,PT1H,US-TX,ercot_dam,HB_SOUTH,ercot:NP4-190-CD,https://www.ercot.com/misdownload/servlets/mirDownload?doclookupId=1270120604,2026-09-25T06:37:41Z,2026-09-03T17:32:53Z
ercot:HB_SOUTH,spp_dam,2026-09-04T20:00:00Z,33.77,USD/MWh,PT1H,US-TX,ercot_dam,HB_SOUTH,ercot:NP4-190-CD,https://www.ercot.com/misdownload/servlets/mirDownload?doclookupId=1270120604,2026-09-25T06:37:41Z,2026-09-03T17:32:53Z
ercot:HB_SOUTH,spp_dam,2026-09-04T21:00:00Z,33.78,USD/MWh,PT1H,US-TX,ercot_dam,HB_SOUTH,ercot:NP4-190-CD,https://www.ercot.com/misdownload/servlets/mirDownload?doclookupId=1270120604,2026-09-25T06:37:41Z,2026-09-03T17:32:53Z
ercot:HB_SOUTH,spp_dam,2026-09-04T22:00:00Z,31.81,USD/MWh,PT1H,US-TX,ercot_dam,HB_SOUTH,ercot:NP4-190-CD,https://www.ercot.com/misdownload/servlets/mirDownload?doclookupId=1270120604,2026-09-25T06:37:41Z,2026-09-03T17:32:53Z
ercot:HB_SOUTH,spp_dam,2026-09-04T23:00:00Z,41.79,USD/MWh,PT1H,US-TX,ercot_dam,HB_SOUTH,ercot:NP4-190-CD,https://www.ercot.com/misdownload/servlets/mirDownload?doclookupId=1270120604,2026-09-25T06:37:41Z,2026-09-03T17:32:53Z
ercot:HB_SOUTH,spp_dam,2026-09-05T00:00:00Z,47.16,USD/MWh,PT1H,US-TX,ercot_dam,HB_SOUTH,ercot:NP4-190-CD,https://www.ercot.com/misdownload/servlets/mirDownload?doclookupId=1270120604,2026-09-25T06:37:41Z,2026-09-03T17:32:53Z
ercot:HB_SOUTH,spp_dam,2026-09-05T01:00:00Z,44.22,USD/MWh,PT1H,US-TX,ercot_dam,HB_SOUTH,ercot:NP4-190-CD,https://www.ercot.com/misdownload/servlets/mirDownload?doclookupId=1270120604,2026-09-25T06:37:41Z,2026-09-03T17:32:53Z
ercot:HB_SOUTH,spp_dam,2026-09-05T02:00:00Z,38.56,USD/MWh,PT1H,US-TX,ercot_dam,HB_SOUTH,ercot:NP4-190-CD,https://www.ercot.com/misdownload/servlets/mirDownload?doclookupId=1270120604,2026-09-25T06:37:41Z,2026-09-03T17:32:53Z
ercot:HB_SOUTH,spp_dam,2026-09-05T03:00:00Z,35.45,USD/MWh,PT1H,US-TX,ercot_dam,HB_SOUTH,ercot:NP4-190-CD,https://www.ercot.com/misdownload/servlets/mirDownload?doclookupId=1270120604,2026-09-25T06:37:41Z,2026-09-03T17:32:53Z
ercot:HB_SOUTH,spp_dam,2026-09-05T04:00:00Z,31.58,USD/MWh,PT1H,US-TX,ercot_dam,HB_SOUTH,ercot:NP4-190-CD,https://www.ercot.com/misdownload/servlets/mirDownload?doclookupId=1270120604,2026-09-25T06:37:41Z,2026-09-03T17:32:53Z
ercot:HB_SOUTH,spp_dam,2026-09-05T05:00:00Z,30.06,USD/MWh,PT1H,US-TX,ercot_dam,HB_SOUTH,ercot:NP4-190-CD,https://www.ercot.com/misdownload/servlets/mirDownload?doclookupId=1270519007,2026-09-25T06:37:40Z,2026-09-04T17:32:40Z
ercot:HB_SOUTH,spp_dam,2026-09-05T06:00:00Z,27.76,USD/MWh,PT1H,US-TX,ercot_dam,HB_SOUTH,ercot:NP4-190-CD,https://www.ercot.com/misdownload/servlets/mirDownload?doclookupId=1270519007,2026-09-25T06:37:40Z,2026-09-04T17:32:40Z
ercot:HB_SOUTH,spp_dam,2026-09-05T07:00:00Z,28.08,USD/MWh,PT1H,US-TX,ercot_dam,HB_SOUTH,ercot:NP4-190-CD,https://www.ercot.com/misdownload/servlets/mirDownload?doclookupId=1270519007,2026-09-25T06:37:40Z,2026-09-04T17:32:40Z
ercot:HB_SOUTH,spp_dam,2026-09-05T08:00:00Z,27.46,USD/MWh,PT1H,US-TX,ercot_dam,HB_SOUTH,ercot:NP4-190-CD,https://www.ercot.com/misdownload/servlets/mirDownload?doclookupId=1270519007,2026-09-25T06:37:40Z,2026-09-04T17:32:40Z
ercot:HB_SOUTH,spp_dam,2026-09-05T09:00:00Z,27.73,USD/MWh,PT1H,US-TX,ercot_dam,HB_SOUTH,ercot:NP4-190-CD,https://www.ercot.com/misdownload/servlets/mirDownload?doclookupId=1270519007,2026-09-25T06:37:40Z,2026-09-04T17:32:40Z
ercot:HB_SOUTH,spp_dam,2026-09-05T10:00:00Z,30.14,USD/MWh,PT1H,US-TX,ercot_dam,HB_SOUTH,ercot:NP4-190-CD,https://www.ercot.com/misdownload/servlets/mirDownload?doclookupId=1270519007,2026-09-25T06:37:40Z,2026-09-04T17:32:40Z
ercot:HB_SOUTH,spp_dam,2026-09-05T11:00:00Z,30.36,USD/MWh,PT1H,US-TX,ercot_dam,HB_SOUTH,ercot:NP4-190-CD,https://www.ercot.com/misdownload/servlets/mirDownload?doclookupId=1270519007,2026-09-25T06:37:40Z,2026-09-04T17:32:40Z
ercot:HB_SOUTH,spp_dam,2026-09-05T12:00:00Z,30.1,USD/MWh,PT1H,US-TX,ercot_dam,HB_SOUTH,ercot:NP4-190-CD,https://www.ercot.com/misdownload/servlets/mirDownload?doclookupId=1270519007,2026-09-25T06:37:40Z,2026-09-04T17:32:40Z
ercot:HB_SOUTH,spp_dam,2026-09-05T13:00:00Z,24.13,USD/MWh,PT1H,US-TX,ercot_dam,HB_SOUTH,ercot:NP4-190-CD,https://www.ercot.com/misdownload/servlets/mirDownload?doclookupId=1270519007,2026-09-25T06:37:40Z,2026-09-04T17:32:40Z
ercot:HB_SOUTH,spp_dam,2026-09-05T14:00:00Z,23.29,USD/MWh,PT1H,US-TX,ercot_dam,HB_SOUTH,ercot:NP4-190-CD,https://www.ercot.com/misdownload/servlets/mirDownload?doclookupId=1270519007,2026-09-25T06:37:40Z,2026-09-04T17:32:40Z
ercot:HB_SOUTH,spp_dam,2026-09-05T15:00:00Z,26.11,USD/MWh,PT1H,US-TX,ercot_dam,HB_SOUTH,ercot:NP4-190-CD,https://www.ercot.com/misdownload/servlets/mirDownload?doclookupId=1270519007,2026-09-25T06:37:40Z,2026-09-04T17:32:40Z
ercot:HB_SOUTH,spp_dam,2026-09-05T16:00:00Z,28.58,USD/MWh,PT1H,US-TX,ercot_dam,HB_SOUTH,ercot:NP4-190-CD,https://www.ercot.com/misdownload/servlets/mirDownload?doclookupId=1270519007,2026-09-25T06:37:40Z,2026-09-04T17:32:40Z
ercot:HB_SOUTH,spp_dam,2026-09-05T17:00:00Z,34.11,USD/MWh,PT1H,US-TX,ercot_dam,HB_SOUTH,ercot:NP4-190-CD,https://www.ercot.com/misdownload/servlets/mirDownload?doclookupId=1270519007,2026-09-25T06:37:40Z,2026-09-04T17:32:40Z
ercot:HB_SOUTH,spp_dam,2026-09-05T18:00:00Z,39.32,USD/MWh,PT1H,US-TX,ercot_dam,HB_SOUTH,ercot:NP4-190-CD,https://www.ercot.com/misdownload/servlets/mirDownload?doclookupId=1270519007,2026-09-25T06:37:40Z,2026-09-04T17:32:40Z
ercot:HB_SOUTH,spp_dam,2026-09-05T19:00:00Z,39.6,USD/MWh,PT1H,US-TX,ercot_dam,HB_SOUTH,ercot:NP4-190-CD,https://www.ercot.com/misdownload/servlets/mirDownload?doclookupId=1270519007,2026-09-25T06:37:40Z,2026-09-04T17:32:40Z
ercot:HB_SOUTH,spp_dam,2026-09-05T20:00:00Z,38.17,USD/MWh,PT1H,US-TX,ercot_dam,HB_SOUTH,ercot:NP4-190-CD,https://www.ercot.com/misdownload/servlets/mirDownload?doclookupId=1270519007,2026-09-25T06:37:40Z,2026-09-04T17:32:40Z
ercot:HB_SOUTH,spp_dam,2026-09-05T21:00:00Z,36.45,USD/MWh,PT1H,US-TX,ercot_dam,HB_SOUTH,ercot:NP4-190-CD,https://www.ercot.com/misdownload/servlets/mirDownload?doclookupId=1270519007,2026-09-25T06:37:40Z,2026-09-04T17:32:40Z
ercot:HB_SOUTH,spp_dam,2026-09-05T22:00:00Z,40.32,USD/MWh,PT1H,US-TX,ercot_dam,HB_SOUTH,ercot:NP4-190-CD,https://www.ercot.com/misdownload/servlets/mirDownload?doclookupId=1270519007,2026-09-25T06:37:40Z,2026-09-04T17:32:40Z
ercot:HB_SOUTH,spp_dam,2026-09-05T23:00:00Z,50.8,USD/MWh,PT1H,US-TX,ercot_dam,HB_SOUTH,ercot:NP4-190-CD,https://www.ercot.com/misdownload/servlets/mirDownload?doclookupId=1270519007,2026-09-25T06:37:40Z,2026-09-04T17:32:40Z
ercot:HB_SOUTH,spp_dam,2026-09-06T00:00:00Z,56.03,USD/MWh,PT1H,US-TX,ercot_dam,HB_SOUTH,ercot:NP4-190-CD,https://www.ercot.com/misdownload/servlets/mirDownload?doclookupId=1270519007,2026-09-25T06:37:40Z,2026-09-04T17:32:40Z
ercot:HB_SOUTH,spp_dam,2026-09-06T01:00:00Z,54.21,USD/MWh,PT1H,US-TX,ercot_dam,HB_SOUTH,ercot:NP4-190-CD,https://www.ercot.com/misdownload/servlets/mirDownload?doclookupId=1270519007,2026-09-25T06:37:40Z,2026-09-04T17:32:40Z
ercot:HB_SOUTH,spp_dam,2026-09-06T02:00:00Z,52.76,USD/MWh,PT1H,US-TX,ercot_dam,HB_SOUTH,ercot:NP4-190-CD,https://www.ercot.com/misdownload/servlets/mirDownload?doclookupId=1270519007,2026-09-25T06:37:40Z,2026-09-04T17:32:40Z
ercot:HB_SOUTH,spp_dam,2026-09-06T03:00:00Z,40.59,USD/MWh,PT1H,US-TX,ercot_dam,HB_SOUTH,ercot:NP4-190-CD,https://www.ercot.com/misdownload/servlets/mirDownload?doclookupId=1270519007,2026-09-25T06:37:40Z,2026-09-04T17:32:40Z
ercot:HB_SOUTH,spp_dam,2026-09-06T04:00:00Z,36.17,USD/MWh,PT1H,US-TX,ercot_dam,HB_SOUTH,ercot:NP4-190-CD,https://www.ercot.com/misdownload/servlets/mirDownload?doclookupId=1270519007,2026-09-25T06:37:40Z,2026-09-04T17:32:40Z
ercot:HB_SOUTH,spp_dam,2026-09-06T05:00:00Z,31.94,USD/MWh,PT1H,US-TX,ercot_dam,HB_SOUTH,ercot:NP4-190-CD,https://www.ercot.com/misdownload/servlets/mirDownload?doclookupId=1270910083,2026-09-25T06:37:39Z,2026-09-05T17:32:38Z
ercot:HB_SOUTH,spp_dam,2026-09-06T06:00:00Z,30.69,USD/MWh,PT1H,US-TX,ercot_dam,HB_SOUTH,ercot:NP4-190-CD,https://www.ercot.com/misdownload/servlets/mirDownload?doclookupId=1270910083,2026-09-25T06:37:39Z,2026-09-05T17:32:38Z
ercot:HB_SOUTH,spp_dam,2026-09-06T07:00:00Z,30.93,USD/MWh,PT1H,US-TX,ercot_dam,HB_SOUTH,ercot:NP4-190-CD,https://www.ercot.com/misdownload/servlets/mirDownload?doclookupId=1270910083,2026-09-25T06:37:39Z,2026-09-05T17:32:38Z
ercot:HB_SOUTH,spp_dam,2026-09-06T08:00:00Z,33.66,USD/MWh,PT1H,US-TX,ercot_dam,HB_SOUTH,ercot:NP4-190-CD,https://www.ercot.com/misdownload/servlets/mirDownload?doclookupId=1270910083,2026-09-25T06:37:39Z,2026-09-05T17:32:38Z
ercot:HB_SOUTH,spp_dam,2026-09-06T09:00:00Z,36.01,USD/MWh,PT1H,US-TX,ercot_dam,HB_SOUTH,ercot:NP4-190-CD,https://www.ercot.com/misdownload/servlets/mirDownload?doclookupId=1270910083,2026-09-25T06:37:39Z,2026-09-05T17:32:38Z
ercot:HB_SOUTH,spp_dam,2026-09-06T10:00:00Z,38.49,USD/MWh,PT1H,US-TX,ercot_dam,HB_SOUTH,ercot:NP4-190-CD,https://www.ercot.com/misdownload/servlets/mirDownload?doclookupId=1270910083,2026-09-25T06:37:39Z,2026-09-05T17:32:38Z
ercot:HB_SOUTH,spp_dam,2026-09-06T11:00:00Z,35.66,USD/MWh,PT1H,US-TX,ercot_dam,HB_SOUTH,ercot:NP4-190-CD,https://www.ercot.com/misdownload/servlets/mirDownload?doclookupId=1270910083,2026-09-25T06:37:39Z,2026-09-05T17:32:38Z
ercot:HB_SOUTH,spp_dam,2026-09-06T12:00:00Z,33.97,USD/MWh,PT1H,US-TX,ercot_dam,HB_SOUTH,ercot:NP4-190-CD,https://www.ercot.com/misdownload/servlets/mirDownload?doclookupId=1270910083,2026-09-25T06:37:39Z,2026-09-05T17:32:38Z
ercot:HB_SOUTH,spp_dam,2026-09-06T13:00:00Z,23.82,USD/MWh,PT1H,US-TX,ercot_dam,HB_SOUTH,ercot:NP4-190-CD,https://www.ercot.com/misdownload/servlets/mirDownload?doclookupId=1270910083,2026-09-25T06:37:39Z,2026-09-05T17:32:38Z
ercot:HB_SOUTH,spp_dam,2026-09-06T14:00:00Z,21.82,USD/MWh,PT1H,US-TX,ercot_dam,HB_SOUTH,ercot:NP4-190-CD,https://www.ercot.com/misdownload/servlets/mirDownload?doclookupId=1270910083,2026-09-25T06:37:39Z,2026-09-05T17:32:38Z
ercot:HB_SOUTH,spp_dam,2026-09-06T15:00:00Z,21.8,USD/MWh,PT1H,US-TX,ercot_dam,HB_SOUTH,ercot:NP4-190-CD,https://www.ercot.com/misdownload/servlets/mirDownload?doclookupId=1270910083,2026-09-25T06:37:39Z,2026-09-05T17:32:38Z
ercot:HB_SOUTH,spp_dam,2026-09-06T16:00:00Z,23.92,USD/MWh,PT1H,US-TX,ercot_dam,HB_SOUTH,ercot:NP4-190-CD,https://www.ercot.com/misdownload/servlets/mirDownload?doclookupId=1270910083,2026-09-25T06:37:39Z,2026-09-05T17:32:38Z
ercot:HB_SOUTH,spp_dam,2026-09-06T17:00:00Z,26.79,USD/MWh,PT1H,US-TX,ercot_dam,HB_SOUTH,ercot:NP4-190-CD,https://www.ercot.com/misdownload/servlets/mirDownload?doclookupId=1270910083,2026-09-25T06:37:39Z,2026-09-05T17:32:38Z
ercot:HB_SOUTH,spp_dam,2026-09-06T18:00:00Z,32.09,USD/MWh,PT1H,US-TX,ercot_dam,HB_SOUTH,ercot:NP4-190-CD,https://www.ercot.com/misdownload/servlets/mirDownload?doclookupId=1270910083,2026-09-25T06:37:39Z,2026-09-05T17:32:38Z
ercot:HB_SOUTH,spp_dam,2026-09-06T19:00:00Z,35.74,USD/MWh,PT1H,US-TX,ercot_dam,HB_SOUTH,ercot:NP4-190-CD,https://www.ercot.com/misdownload/servlets/mirDownload?doclookupId=1270910083,2026-09-25T06:37:39Z,2026-09-05T17:32:38Z
ercot:HB_SOUTH,spp_dam,2026-09-06T20:00:00Z,36.6,USD/MWh,PT1H,US-TX,ercot_dam,HB_SOUTH,ercot:NP4-190-CD,https://www.ercot.com/misdownload/servlets/mirDownload?doclookupId=1270910083,2026-09-25T06:37:39Z,2026-09-05T17:32:38Z
ercot:HB_SOUTH,spp_dam,2026-09-06T21:00:00Z,37.65,USD/MWh,PT1H,US-TX,ercot_dam,HB_SOUTH,ercot:NP4-190-CD,https://www.ercot.com/misdownload/servlets/mirDownload?doclookupId=1270910083,2026-09-25T06:37:39Z,2026-09-05T17:32:38Z
ercot:HB_SOUTH,spp_dam,2026-09-06T22:00:00Z,40.93,USD/MWh,PT1H,US-TX,ercot_dam,HB_SOUTH,ercot:NP4-190-CD,https://www.ercot.com/misdownload/servlets/mirDownload?doclookupId=1270910083,2026-09-25T06:37:39Z,2026-09-05T17:32:38Z
ercot:HB_SOUTH,spp_dam,2026-09-06T23:00:00Z,51.35,USD/MWh,PT1H,US-TX,ercot_dam,HB_SOUTH,ercot:NP4-190-CD,https://www.ercot.com/misdownload/servlets/mirDownload?doclookupId=1270910083,2026-09-25T06:37:39Z,2026-09-05T17:32:38Z
ercot:HB_SOUTH,spp_dam,2026-09-07T00:00:00Z,58.44,USD/MWh,PT1H,US-TX,ercot_dam,HB_SOUTH,ercot:NP4-190-CD,https://www.ercot.com/misdownload/servlets/mirDownload?doclookupId=1270910083,2026-09-25T06:37:39Z,2026-09-05T17:32:38Z
ercot:HB_SOUTH,spp_dam,2026-09-07T01:00:00Z,59.3,USD/MWh,PT1H,US-TX,ercot_dam,HB_SOUTH,ercot:NP4-190-CD,https://www.ercot.com/misdownload/servlets/mirDownload?doclookupId=1270910083,2026-09-25T06:37:39Z,2026-09-05T17:32:38Z
ercot:HB_SOUTH,spp_dam,2026-09-07T02:00:00Z,56.46,USD/MWh,PT1H,US-TX,ercot_dam,HB_SOUTH,ercot:NP4-190-CD,https://www.ercot.com/misdownload/servlets/mirDownload?doclookupId=1270910083,2026-09-25T06:37:39Z,2026-09-05T17:32:38Z
ercot:HB_SOUTH,spp_dam,2026-09-07T03:00:00Z,50.77,USD/MWh,PT1H,US-TX,ercot_dam,HB_SOUTH,ercot:NP4-190-CD,https://www.ercot.com/misdownload/servlets/mirDownload?doclookupId=1270910083,2026-09-25T06:37:39Z,2026-09-05T17:32:38Z
ercot:HB_SOUTH,spp_dam,2026-09-07T04:00:00Z,38.75,USD/MWh,PT1H,US-TX,ercot_dam,HB_SOUTH,ercot:NP4-190-CD,https://www.ercot.com/misdownload/servlets/mirDownload?doclookupId=1270910083,2026-09-25T06:37:39Z,2026-09-05T17:32:38Z
ercot:HB_SOUTH,spp_dam,2026-09-07T05:00:00Z,45.15,USD/MWh,PT1H,US-TX,ercot_dam,HB_SOUTH,ercot:NP4-190-CD,https://www.ercot.com/misdownload/servlets/mirDownload?doclookupId=1271299081,2026-09-25T06:37:38Z,2026-09-06T17:32:41Z
ercot:HB_SOUTH,spp_dam,2026-09-07T06:00:00Z,40.82,USD/MWh,PT1H,US-TX,ercot_dam,HB_SOUTH,ercot:NP4-190-CD,https://www.ercot.com/misdownload/servlets/mirDownload?doclookupId=1271299081,2026-09-25T06:37:38Z,2026-09-06T17:32:41Z
ercot:HB_SOUTH,spp_dam,2026-09-07T07:00:00Z,38.33,USD/MWh,PT1H,US-TX,ercot_dam,HB_SOUTH,ercot:NP4-190-CD,https://www.ercot.com/misdownload/servlets/mirDownload?doclookupId=1271299081,2026-09-25T06:37:38Z,2026-09-06T17:32:41Z
ercot:HB_SOUTH,spp_dam,2026-09-07T08:00:00Z,36.66,USD/MWh,PT1H,US-TX,ercot_dam,HB_SOUTH,ercot:NP4-190-CD,https://www.ercot.com/misdownload/servlets/mirDownload?doclookupId=1271299081,2026-09-25T06:37:38Z,2026-09-06T17:32:41Z
ercot:HB_SOUTH,spp_dam,2026-09-07T09:00:00Z,37.39,USD/MWh,PT1H,US-TX,ercot_dam,HB_SOUTH,ercot:NP4-190-CD,https://www.ercot.com/misdownload/servlets/mirDownload?doclookupId=1271299081,2026-09-25T06:37:38Z,2026-09-06T17:32:41Z
ercot:HB_SOUTH,spp_dam,2026-09-07T10:00:00Z,40.89,USD/MWh,PT1H,US-TX,ercot_dam,HB_SOUTH,ercot:NP4-190-CD,https://www.ercot.com/misdownload/servlets/mirDownload?doclookupId=1271299081,2026-09-25T06:37:38Z,2026-09-06T17:32:41Z
ercot:HB_SOUTH,spp_dam,2026-09-07T11:00:00Z,37.71,USD/MWh,PT1H,US-TX,ercot_dam,HB_SOUTH,ercot:NP4-190-CD,https://www.ercot.com/misdownload/servlets/mirDownload?doclookupId=1271299081,2026-09-25T06:37:38Z,2026-09-06T17:32:41Z
ercot:HB_SOUTH,spp_dam,2026-09-07T12:00:00Z,34.77,USD/MWh,PT1H,US-TX,ercot_dam,HB_SOUTH,ercot:NP4-190-CD,https://www.ercot.com/misdownload/servlets/mirDownload?doclookupId=1271299081,2026-09-25T06:37:38Z,2026-09-06T17:32:41Z
ercot:HB_SOUTH,spp_dam,2026-09-07T13:00:00Z,24.55,USD/MWh,PT1H,US-TX,ercot_dam,HB_SOUTH,ercot:NP4-190-CD,https://www.ercot.com/misdownload/servlets/mirDownload?doclookupId=1271299081,2026-09-25T06:37:38Z,2026-09-06T17:32:41Z
ercot:HB_SOUTH,spp_dam,2026-09-07T14:00:00Z,22.32,USD/MWh,PT1H,US-TX,ercot_dam,HB_SOUTH,ercot:NP4-190-CD,https://www.ercot.com/misdownload/servlets/mirDownload?doclookupId=1271299081,2026-09-25T06:37:38Z,2026-09-06T17:32:41Z
ercot:HB_SOUTH,spp_dam,2026-09-07T15:00:00Z,22.33,USD/MWh,PT1H,US-TX,ercot_dam,HB_SOUTH,ercot:NP4-190-CD,https://www.ercot.com/misdownload/servlets/mirDownload?doclookupId=1271299081,2026-09-25T06:37:38Z,2026-09-06T17:32:41Z
ercot:HB_SOUTH,spp_dam,2026-09-07T16:00:00Z,24.07,USD/MWh,PT1H,US-TX,ercot_dam,HB_SOUTH,ercot:NP4-190-CD,https://www.ercot.com/misdownload/servlets/mirDownload?doclookupId=1271299081,2026-09-25T06:37:38Z,2026-09-06T17:32:41Z
ercot:HB_SOUTH,spp_dam,2026-09-07T17:00:00Z,28.5,USD/MWh,PT1H,US-TX,ercot_dam,HB_SOUTH,ercot:NP4-190-CD,https://www.ercot.com/misdownload/servlets/mirDownload?doclookupId=1271299081,2026-09-25T06:37:38Z,2026-09-06T17:32:41Z
ercot:HB_SOUTH,spp_dam,2026-09-07T18:00:00Z,36.9,USD/MWh,PT1H,US-TX,ercot_dam,HB_SOUTH,ercot:NP4-190-CD,https://www.ercot.com/misdownload/servlets/mirDownload?doclookupId=1271299081,2026-09-25T06:37:38Z,2026-09-06T17:32:41Z
ercot:HB_SOUTH,spp_dam,2026-09-07T19:00:00Z,39.05,USD/MWh,PT1H,US-TX,ercot_dam,HB_SOUTH,ercot:NP4-190-CD,https://www.ercot.com/misdownload/servlets/mirDownload?doclookupId=1271299081,2026-09-25T06:37:38Z,2026-09-06T17:32:41Z
ercot:HB_SOUTH,spp_dam,2026-09-07T20:00:00Z,41.64,USD/MWh,PT1H,US-TX,ercot_dam,HB_SOUTH,ercot:NP4-190-CD,https://www.ercot.com/misdownload/servlets/mirDownload?doclookupId=1271299081,2026-09-25T06:37:38Z,2026-09-06T17:32:41Z
ercot:HB_SOUTH,spp_dam,2026-09-07T21:00:00Z,41.06,USD/MWh,PT1H,US-TX,ercot_dam,HB_SOUTH,ercot:NP4-190-CD,https://www.ercot.com/misdownload/servlets/mirDownload?doclookupId=1271299081,2026-09-25T06:37:38Z,2026-09-06T17:32:41Z
ercot:HB_SOUTH,spp_dam,2026-09-07T22:00:00Z,46.05,USD/MWh,PT1H,US-TX,ercot_dam,HB_SOUTH,ercot:NP4-190-CD,https://www.ercot.com/misdownload/servlets/mirDownload?doclookupId=1271299081,2026-09-25T06:37:38Z,2026-09-06T17:32:41Z
ercot:HB_SOUTH,spp_dam,2026-09-07T23:00:00Z,67.63,USD/MWh,PT1H,US-TX,ercot_dam,HB_SOUTH,ercot:NP4-190-CD,https://www.ercot.com/misdownload/servlets/mirDownload?doclookupId=1271299081,2026-09-25T06:37:38Z,2026-09-06T17:32:41Z
ercot:HB_SOUTH,spp_dam,2026-09-08T00:00:00Z,76.64,USD/MWh,PT1H,US-TX,ercot_dam,HB_SOUTH,ercot:NP4-190-CD,https://www.ercot.com/misdownload/servlets/mirDownload?doclookupId=1271299081,2026-09-25T06:37:38Z,2026-09-06T17:32:41Z
ercot:HB_SOUTH,spp_dam,2026-09-08T01:00:00Z,75.06,USD/MWh,PT1H,US-TX,ercot_dam,HB_SOUTH,ercot:NP4-190-CD,https://www.ercot.com/misdownload/servlets/mirDownload?doclookupId=1271299081,2026-09-25T06:37:38Z,2026-09-06T17:32:41Z
ercot:HB_SOUTH,spp_dam,2026-09-08T02:00:00Z,70.01,USD/MWh,PT1H,US-TX,ercot_dam,HB_SOUTH,ercot:NP4-190-CD,https://www.ercot.com/misdownload/servlets/mirDownload?doclookupId=1271299081,2026-09-25T06:37:38Z,2026-09-06T17:32:41Z
ercot:HB_SOUTH,spp_dam,2026-09-08T03:00:00Z,63.73,USD/MWh,PT1H,US-TX,ercot_dam,HB_SOUTH,ercot:NP4-190-CD,https://www.ercot.com/misdownload/servlets/mirDownload?doclookupId=1271299081,2026-09-25T06:37:38Z,2026-09-06T17:32:41Z
ercot:HB_SOUTH,spp_dam,2026-09-08T04:00:00Z,41.99,USD/MWh,PT1H,US-TX,ercot_dam,HB_SOUTH,ercot:NP4-190-CD,https://www.ercot.com/misdownload/servlets/mirDownload?doclookupId=1271299081,2026-09-25T06:37:38Z,2026-09-06T17:32:41Z
ercot:HB_SOUTH,spp_dam,2026-09-08T05:00:00Z,33.37,USD/MWh,PT1H,US-TX,ercot_dam,HB_SOUTH,ercot:NP4-190-CD,https://www.ercot.com/misdownload/servlets/mirDownload?doclookupId=1271688868,2026-09-25T06:37:37Z,2026-09-07T17:32:52Z
ercot:HB_SOUTH,spp_dam,2026-09-08T06:00:00Z,30.8,USD/MWh,PT1H,US-TX,ercot_dam,HB_SOUTH,ercot:NP4-190-CD,https://www.ercot.com/misdownload/servlets/mirDownload?doclookupId=1271688868,2026-09-25T06:37:37Z,2026-09-07T17:32:52Z
ercot:HB_SOUTH,spp_dam,2026-09-08T07:00:00Z,30.34,USD/MWh,PT1H,US-TX,ercot_dam,HB_SOUTH,ercot:NP4-190-CD,https://www.ercot.com/misdownload/servlets/mirDownload?doclookupId=1271688868,2026-09-25T06:37:37Z,2026-09-07T17:32:52Z
ercot:HB_SOUTH,spp_dam,2026-09-08T08:00:00Z,29.14,USD/MWh,PT1H,US-TX,ercot_dam,HB_SOUTH,ercot:NP4-190-CD,https://www.ercot.com/misdownload/servlets/mirDownload?doclookupId=1271688868,2026-09-25T06:37:37Z,2026-09-07T17:32:52Z
ercot:HB_SOUTH,spp_dam,2026-09-08T09:00:00Z,29.89,USD/MWh,PT1H,US-TX,ercot_dam,HB_SOUTH,ercot:NP4-190-CD,https://www.ercot.com/misdownload/servlets/mirDownload?doclookupId=1271688868,2026-09-25T06:37:37Z,2026-09-07T17:32:52Z
ercot:HB_SOUTH,spp_dam,2026-09-08T10:00:00Z,35.12,USD/MWh,PT1H,US-TX,ercot_dam,HB_SOUTH,ercot:NP4-190-CD,https://www.ercot.com/misdownload/servlets/mirDownload?doclookupId=1271688868,2026-09-25T06:37:37Z,2026-09-07T17:32:52Z
ercot:HB_SOUTH,spp_dam,2026-09-08T11:00:00Z,37.27,USD/MWh,PT1H,US-TX,ercot_dam,HB_SOUTH,ercot:NP4-190-CD,https://www.ercot.com/misdownload/servlets/mirDownload?doclookupId=1271688868,2026-09-25T06:37:37Z,2026-09-07T17:32:52Z
ercot:HB_SOUTH,spp_dam,2026-09-08T12:00:00Z,34.82,USD/MWh,PT1H,US-TX,ercot_dam,HB_SOUTH,ercot:NP4-190-CD,https://www.ercot.com/misdownload/servlets/mirDownload?doclookupId=1271688868,2026-09-25T06:37:37Z,2026-09-07T17:32:52Z
ercot:HB_SOUTH,spp_dam,2026-09-08T13:00:00Z,24.66,USD/MWh,PT1H,US-TX,ercot_dam,HB_SOUTH,ercot:NP4-190-CD,https://www.ercot.com/misdownload/servlets/mirDownload?doclookupId=1271688868,2026-09-25T06:37:37Z,2026-09-07T17:32:52Z
ercot:HB_SOUTH,spp_dam,2026-09-08T14:00:00Z,22.78,USD/MWh,PT1H,US-TX,ercot_dam,HB_SOUTH,ercot:NP4-190-CD,https://www.ercot.com/misdownload/servlets/mirDownload?doclookupId=1271688868,2026-09-25T06:37:37Z,2026-09-07T17:32:52Z
ercot:HB_SOUTH,spp_dam,2026-09-08T15:00:00Z,23.99,USD/MWh,PT1H,US-TX,ercot_dam,HB_SOUTH,ercot:NP4-190-CD,https://www.ercot.com/misdownload/servlets/mirDownload?doclookupId=1271688868,2026-09-25T06:37:37Z,2026-09-07T17:32:52Z
ercot:HB_SOUTH,spp_dam,2026-09-08T16:00:00Z,26.85,USD/MWh,PT1H,US-TX,ercot_dam,HB_SOUTH,ercot:NP4-190-CD,https://www.ercot.com/misdownload/servlets/mirDownload?doclookupId=1271688868,2026-09-25T06:37:37Z,2026-09-07T17:32:52Z
ercot:HB_SOUTH,spp_dam,2026-09-08T17:00:00Z,32.26,USD/MWh,PT1H,US-TX,ercot_dam,HB_SOUTH,ercot:NP4-190-CD,https://www.ercot.com/misdownload/servlets/mirDownload?doclookupId=1271688868,2026-09-25T06:37:37Z,2026-09-07T17:32:52Z
ercot:HB_SOUTH,spp_dam,2026-09-08T18:00:00Z,37.09,USD/MWh,PT1H,US-TX,ercot_dam,HB_SOUTH,ercot:NP4-190-CD,https://www.ercot.com/misdownload/servlets/mirDownload?doclookupId=1271688868,2026-09-25T06:37:37Z,2026-09-07T17:32:52Z
ercot:HB_SOUTH,spp_dam,2026-09-08T19:00:00Z,39.76,USD/MWh,PT1H,US-TX,ercot_dam,HB_SOUTH,ercot:NP4-190-CD,https://www.ercot.com/misdownload/servlets/mirDownload?doclookupId=1271688868,2026-09-25T06:37:37Z,2026-09-07T17:32:52Z
ercot:HB_SOUTH,spp_dam,2026-09-08T20:00:00Z,40.56,USD/MWh,PT1H,US-TX,ercot_dam,HB_SOUTH,ercot:NP4-190-CD,https://www.ercot.com/misdownload/servlets/mirDownload?doclookupId=1271688868,2026-09-25T06:37:37Z,2026-09-07T17:32:52Z
ercot:HB_SOUTH,spp_dam,2026-09-08T21:00:00Z,40.6,USD/MWh,PT1H,US-TX,ercot_dam,HB_SOUTH,ercot:NP4-190-CD,https://www.ercot.com/misdownload/servlets/mirDownload?doclookupId=1271688868,2026-09-25T06:37:37Z,2026-09-07T17:32:52Z
ercot:HB_SOUTH,spp_dam,2026-09-08T22:00:00Z,46.36,USD/MWh,PT1H,US-TX,ercot_dam,HB_SOUTH,ercot:NP4-190-CD,https://www.ercot.com/misdownload/servlets/mirDownload?doclookupId=1271688868,2026-09-25T06:37:37Z,2026-09-07T17:32:52Z
ercot:HB_SOUTH,spp_dam,2026-09-08T23:00:00Z,63.28,USD/MWh,PT1H,US-TX,ercot_dam,HB_SOUTH,ercot:NP4-190-CD,https://www.ercot.com/misdownload/servlets/mirDownload?doclookupId=1271688868,2026-09-25T06:37:37Z,2026-09-07T17:32:52Z
ercot:HB_SOUTH,spp_dam,2026-09-09T00:00:00Z,75.9,USD/MWh,PT1H,US-TX,ercot_dam,HB_SOUTH,ercot:NP4-190-CD,https://www.ercot.com/misdownload/servlets/mirDownload?doclookupId=1271688868,2026-09-25T06:37:37Z,2026-09-07T17:32:52Z
ercot:HB_SOUTH,spp_dam,2026-09-09T01:00:00Z,72.72,USD/MWh,PT1H,US-TX,ercot_dam,HB_SOUTH,ercot:NP4-190-CD,https://www.ercot.com/misdownload/servlets/mirDownload?doclookupId=1271688868,2026-09-25T06:37:37Z,2026-09-07T17:32:52Z
ercot:HB_SOUTH,spp_dam,2026-09-09T02:00:00Z,66.36,USD/MWh,PT1H,US-TX,ercot_dam,HB_SOUTH,ercot:NP4-190-CD,https://www.ercot.com/misdownload/servlets/mirDownload?doclookupId=1271688868,2026-09-25T06:37:37Z,2026-09-07T17:32:52Z
ercot:HB_SOUTH,spp_dam,2026-09-09T03:00:00Z,49.26,USD/MWh,PT1H,US-TX,ercot_dam,HB_SOUTH,ercot:NP4-190-CD,https://www.ercot.com/misdownload/servlets/mirDownload?doclookupId=1271688868,2026-09-25T06:37:37Z,2026-09-07T17:32:52Z
ercot:HB_SOUTH,spp_dam,2026-09-09T04:00:00Z,37.52,USD/MWh,PT1H,US-TX,ercot_dam,HB_SOUTH,ercot:NP4-190-CD,https://www.ercot.com/misdownload/servlets/mirDownload?doclookupId=1271688868,2026-09-25T06:37:37Z,2026-09-07T17:32:52Z
ercot:HB_SOUTH,spp_dam,2026-09-09T05:00:00Z,32.8,USD/MWh,PT1H,US-TX,ercot_dam,HB_SOUTH,ercot:NP4-190-CD,https://www.ercot.com/misdownload/servlets/mirDownload?doclookupId=1272093341,2026-09-25T06:37:36Z,2026-09-08T17:33:15Z
ercot:HB_SOUTH,spp_dam,2026-09-09T06:00:00Z,30.54,USD/MWh,PT1H,US-TX,ercot_dam,HB_SOUTH,ercot:NP4-190-CD,https://www.ercot.com/misdownload/servlets/mirDownload?doclookupId=1272093341,2026-09-25T06:37:36Z,2026-09-08T17:33:15Z
ercot:HB_SOUTH,spp_dam,2026-09-09T07:00:00Z,30.14,USD/MWh,PT1H,US-TX,ercot_dam,HB_SOUTH,ercot:NP4-190-CD,https://www.ercot.com/misdownload/servlets/mirDownload?doclookupId=1272093341,2026-09-25T06:37:36Z,2026-09-08T17:33:15Z
ercot:HB_SOUTH,spp_dam,2026-09-09T08:00:00Z,28.76,USD/MWh,PT1H,US-TX,ercot_dam,HB_SOUTH,ercot:NP4-190-CD,https://www.ercot.com/misdownload/servlets/mirDownload?doclookupId=1272093341,2026-09-25T06:37:36Z,2026-09-08T17:33:15Z
ercot:HB_SOUTH,spp_dam,2026-09-09T09:00:00Z,30.11,USD/MWh,PT1H,US-TX,ercot_dam,HB_SOUTH,ercot:NP4-190-CD,https://www.ercot.com/misdownload/servlets/mirDownload?doclookupId=1272093341,2026-09-25T06:37:36Z,2026-09-08T17:33:15Z
ercot:HB_SOUTH,spp_dam,2026-09-09T10:00:00Z,33.98,USD/MWh,PT1H,US-TX,ercot_dam,HB_SOUTH,ercot:NP4-190-CD,https://www.ercot.com/misdownload/servlets/mirDownload?doclookupId=1272093341,2026-09-25T06:37:36Z,2026-09-08T17:33:15Z
ercot:HB_SOUTH,spp_dam,2026-09-09T11:00:00Z,40.03,USD/MWh,PT1H,US-TX,ercot_dam,HB_SOUTH,ercot:NP4-190-CD,https://www.ercot.com/misdownload/servlets/mirDownload?doclookupId=1272093341,2026-09-25T06:37:36Z,2026-09-08T17:33:15Z
ercot:HB_SOUTH,spp_dam,2026-09-09T12:00:00Z,35.29,USD/MWh,PT1H,US-TX,ercot_dam,HB_SOUTH,ercot:NP4-190-CD,https://www.ercot.com/misdownload/servlets/mirDownload?doclookupId=1272093341,2026-09-25T06:37:36Z,2026-09-08T17:33:15Z
ercot:HB_SOUTH,spp_dam,2026-09-09T13:00:00Z,26.59,USD/MWh,PT1H,US-TX,ercot_dam,HB_SOUTH,ercot:NP4-190-CD,https://www.ercot.com/misdownload/servlets/mirDownload?doclookupId=1272093341,2026-09-25T06:37:36Z,2026-09-08T17:33:15Z
ercot:HB_SOUTH,spp_dam,2026-09-09T14:00:00Z,24.25,USD/MWh,PT1H,US-TX,ercot_dam,HB_SOUTH,ercot:NP4-190-CD,https://www.ercot.com/misdownload/servlets/mirDownload?doclookupId=1272093341,2026-09-25T06:37:36Z,2026-09-08T17:33:15Z
ercot:HB_SOUTH,spp_dam,2026-09-09T15:00:00Z,26.27,USD/MWh,PT1H,US-TX,ercot_dam,HB_SOUTH,ercot:NP4-190-CD,https://www.ercot.com/misdownload/servlets/mirDownload?doclookupId=1272093341,2026-09-25T06:37:36Z,2026-09-08T17:33:15Z
ercot:HB_SOUTH,spp_dam,2026-09-09T16:00:00Z,30.12,USD/MWh,PT1H,US-TX,ercot_dam,HB_SOUTH,ercot:NP4-190-CD,https://www.ercot.com/misdownload/servlets/mirDownload?doclookupId=1272093341,2026-09-25T06:37:36Z,2026-09-08T17:33:15Z
ercot:HB_SOUTH,spp_dam,2026-09-09T17:00:00Z,37.32,USD/MWh,PT1H,US-TX,ercot_dam,HB_SOUTH,ercot:NP4-190-CD,https://www.ercot.com/misdownload/servlets/mirDownload?doclookupId=1272093341,2026-09-25T06:37:36Z,2026-09-08T17:33:15Z
ercot:HB_SOUTH,spp_dam,2026-09-09T18:00:00Z,43.73,USD/MWh,PT1H,US-TX,ercot_dam,HB_SOUTH,ercot:NP4-190-CD,https://www.ercot.com/misdownload/servlets/mirDownload?doclookupId=1272093341,2026-09-25T06:37:36Z,2026-09-08T17:33:15Z
ercot:HB_SOUTH,spp_dam,2026-09-09T19:00:00Z,48.39,USD/MWh,PT1H,US-TX,ercot_dam,HB_SOUTH,ercot:NP4-190-CD,https://www.ercot.com/misdownload/servlets/mirDownload?doclookupId=1272093341,2026-09-25T06:37:36Z,2026-09-08T17:33:15Z
ercot:HB_SOUTH,spp_dam,2026-09-09T20:00:00Z,55.0,USD/MWh,PT1H,US-TX,ercot_dam,HB_SOUTH,ercot:NP4-190-CD,https://www.ercot.com/misdownload/servlets/mirDownload?doclookupId=1272093341,2026-09-25T06:37:36Z,2026-09-08T17:33:15Z
ercot:HB_SOUTH,spp_dam,2026-09-09T21:00:00Z,51.21,USD/MWh,PT1H,US-TX,ercot_dam,HB_SOUTH,ercot:NP4-190-CD,https://www.ercot.com/misdownload/servlets/mirDownload?doclookupId=1272093341,2026-09-25T06:37:36Z,2026-09-08T17:33:15Z
ercot:HB_SOUTH,spp_dam,2026-09-09T22:00:00Z,59.23,USD/MWh,PT1H,US-TX,ercot_dam,HB_SOUTH,ercot:NP4-190-CD,https://www.ercot.com/misdownload/servlets/mirDownload?doclookupId=1272093341,2026-09-25T06:37:36Z,2026-09-08T17:33:15Z
ercot:HB_SOUTH,spp_dam,2026-09-09T23:00:00Z,77.87,USD/MWh,PT1H,US-TX,ercot_dam,HB_SOUTH,ercot:NP4-190-CD,https://www.ercot.com/misdownload/servlets/mirDownload?doclookupId=1272093341,2026-09-25T06:37:36Z,2026-09-08T17:33:15Z
ercot:HB_SOUTH,spp_dam,2026-09-10T00:00:00Z,89.86,USD/MWh,PT1H,US-TX,ercot_dam,HB_SOUTH,ercot:NP4-190-CD,https://www.ercot.com/misdownload/servlets/mirDownload?doclookupId=1272093341,2026-09-25T06:37:36Z,2026-09-08T17:33:15Z
ercot:HB_SOUTH,spp_dam,2026-09-10T01:00:00Z,91.91,USD/MWh,PT1H,US-TX,ercot_dam,HB_SOUTH,ercot:NP4-190-CD,https://www.ercot.com/misdownload/servlets/mirDownload?doclookupId=1272093341,2026-09-25T06:37:36Z,2026-09-08T17:33:15Z
ercot:HB_SOUTH,spp_dam,2026-09-10T02:00:00Z,91.2,USD/MWh,PT1H,US-TX,ercot_dam,HB_SOUTH,ercot:NP4-190-CD,https://www.ercot.com/misdownload/servlets/mirDownload?doclookupId=1272093341,2026-09-25T06:37:36Z,2026-09-08T17:33:15Z
ercot:HB_SOUTH,spp_dam,2026-09-10T03:00:00Z,58.18,USD/MWh,PT1H,US-TX,ercot_dam,HB_SOUTH,ercot:NP4-190-CD,https://www.ercot.com/misdownload/servlets/mirDownload?doclookupId=1272093341,2026-09-25T06:37:36Z,2026-09-08T17:33:15Z
ercot:HB_SOUTH,spp_dam,2026-09-10T04:00:00Z,40.07,USD/MWh,PT1H,US-TX,ercot_dam,HB_SOUTH,ercot:NP4-190-CD,https://www.ercot.com/misdownload/servlets/mirDownload?doclookupId=1272093341,2026-09-25T06:37:36Z,2026-09-08T17:33:15Z
ercot:HB_SOUTH,spp_dam,2026-09-10T05:00:00Z,32.55,USD/MWh,PT1H,US-TX,ercot_dam,HB_SOUTH,ercot:NP4-190-CD,https://www.ercot.com/misdownload/servlets/mirDownload?doclookupId=1272509790,2026-09-25T06:37:35Z,2026-09-09T17:57:39Z
ercot:HB_SOUTH,spp_dam,2026-09-10T06:00:00Z,29.51,USD/MWh,PT1H,US-TX,ercot_dam,HB_SOUTH,ercot:NP4-190-CD,https://www.ercot.com/misdownload/servlets/mirDownload?doclookupId=1272509790,2026-09-25T06:37:35Z,2026-09-09T17:57:39Z
ercot:HB_SOUTH,spp_dam,2026-09-10T07:00:00Z,30.52,USD/MWh,PT1H,US-TX,ercot_dam,HB_SOUTH,ercot:NP4-190-CD,https://www.ercot.com/misdownload/servlets/mirDownload?doclookupId=1272509790,2026-09-25T06:37:35Z,2026-09-09T17:57:39Z
ercot:HB_SOUTH,spp_dam,2026-09-10T08:00:00Z,28.88,USD/MWh,PT1H,US-TX,ercot_dam,HB_SOUTH,ercot:NP4-190-CD,https://www.ercot.com/misdownload/servlets/mirDownload?doclookupId=1272509790,2026-09-25T06:37:35Z,2026-09-09T17:57:39Z
ercot:HB_SOUTH,spp_dam,2026-09-10T09:00:00Z,30.1,USD/MWh,PT1H,US-TX,ercot_dam,HB_SOUTH,ercot:NP4-190-CD,https://www.ercot.com/misdownload/servlets/mirDownload?doclookupId=1272509790,2026-09-25T06:37:35Z,2026-09-09T17:57:39Z
ercot:HB_SOUTH,spp_dam,2026-09-10T10:00:00Z,33.93,USD/MWh,PT1H,US-TX,ercot_dam,HB_SOUTH,ercot:NP4-190-CD,https://www.ercot.com/misdownload/servlets/mirDownload?doclookupId=1272509790,2026-09-25T06:37:35Z,2026-09-09T17:57:39Z
ercot:HB_SOUTH,spp_dam,2026-09-10T11:00:00Z,39.02,USD/MWh,PT1H,US-TX,ercot_dam,HB_SOUTH,ercot:NP4-190-CD,https://www.ercot.com/misdownload/servlets/mirDownload?doclookupId=1272509790,2026-09-25T06:37:35Z,2026-09-09T17:57:39Z
ercot:HB_SOUTH,spp_dam,2026-09-10T12:00:00Z,37.44,USD/MWh,PT1H,US-TX,ercot_dam,HB_SOUTH,ercot:NP4-190-CD,https://www.ercot.com/misdownload/servlets/mirDownload?doclookupId=1272509790,2026-09-25T06:37:35Z,2026-09-09T17:57:39Z
ercot:HB_SOUTH,spp_dam,2026-09-10T13:00:00Z,26.32,USD/MWh,PT1H,US-TX,ercot_dam,HB_SOUTH,ercot:NP4-190-CD,https://www.ercot.com/misdownload/servlets/mirDownload?doclookupId=1272509790,2026-09-25T06:37:35Z,2026-09-09T17:57:39Z
ercot:HB_SOUTH,spp_dam,2026-09-10T14:00:00Z,23.74,USD/MWh,PT1H,US-TX,ercot_dam,HB_SOUTH,ercot:NP4-190-CD,https://www.ercot.com/misdownload/servlets/mirDownload?doclookupId=1272509790,2026-09-25T06:37:35Z,2026-09-09T17:57:39Z
ercot:HB_SOUTH,spp_dam,2026-09-10T15:00:00Z,26.29,USD/MWh,PT1H,US-TX,ercot_dam,HB_SOUTH,ercot:NP4-190-CD,https://www.ercot.com/misdownload/servlets/mirDownload?doclookupId=1272509790,2026-09-25T06:37:35Z,2026-09-09T17:57:39Z
ercot:HB_SOUTH,spp_dam,2026-09-10T16:00:00Z,28.61,USD/MWh,PT1H,US-TX,ercot_dam,HB_SOUTH,ercot:NP4-190-CD,https://www.ercot.com/misdownload/servlets/mirDownload?doclookupId=1272509790,2026-09-25T06:37:35Z,2026-09-09T17:57:39Z
ercot:HB_SOUTH,spp_dam,2026-09-10T17:00:00Z,37.01,USD/MWh,PT1H,US-TX,ercot_dam,HB_SOUTH,ercot:NP4-190-CD,https://www.ercot.com/misdownload/servlets/mirDownload?doclookupId=1272509790,2026-09-25T06:37:35Z,2026-09-09T17:57:39Z
ercot:HB_SOUTH,spp_dam,2026-09-10T18:00:00Z,47.62,USD/MWh,PT1H,US-TX,ercot_dam,HB_SOUTH,ercot:NP4-190-CD,https://www.ercot.com/misdownload/servlets/mirDownload?doclookupId=1272509790,2026-09-25T06:37:35Z,2026-09-09T17:57:39Z
ercot:HB_SOUTH,spp_dam,2026-09-10T19:00:00Z,51.07,USD/MWh,PT1H,US-TX,ercot_dam,HB_SOUTH,ercot:NP4-190-CD,https://www.ercot.com/misdownload/servlets/mirDownload?doclookupId=1272509790,2026-09-25T06:37:35Z,2026-09-09T17:57:39Z
ercot:HB_SOUTH,spp_dam,2026-09-10T20:00:00Z,52.35,USD/MWh,PT1H,US-TX,ercot_dam,HB_SOUTH,ercot:NP4-190-CD,https://www.ercot.com/misdownload/servlets/mirDownload?doclookupId=1272509790,2026-09-25T06:37:35Z,2026-09-09T17:57:39Z
ercot:HB_SOUTH,spp_dam,2026-09-10T21:00:00Z,53.01,USD/MWh,PT1H,US-TX,ercot_dam,HB_SOUTH,ercot:NP4-190-CD,https://www.ercot.com/misdownload/servlets/mirDownload?doclookupId=1272509790,2026-09-25T06:37:35Z,2026-09-09T17:57:39Z
ercot:HB_SOUTH,spp_dam,2026-09-10T22:00:00Z,60.23,USD/MWh,PT1H,US-TX,ercot_dam,HB_SOUTH,ercot:NP4-190-CD,https://www.ercot.com/misdownload/servlets/mirDownload?doclookupId=1272509790,2026-09-25T06:37:35Z,2026-09-09T17:57:39Z
ercot:HB_SOUTH,spp_dam,2026-09-10T23:00:00Z,78.33,USD/MWh,PT1H,US-TX,ercot_dam,HB_SOUTH,ercot:NP4-190-CD,https://www.ercot.com/misdownload/servlets/mirDownload?doclookupId=1272509790,2026-09-25T06:37:35Z,2026-09-09T17:57:39Z
ercot:HB_SOUTH,spp_dam,2026-09-11T00:00:00Z,87.53,USD/MWh,PT1H,US-TX,ercot_dam,HB_SOUTH,ercot:NP4-190-CD,https://www.ercot.com/misdownload/servlets/mirDownload?doclookupId=1272509790,2026-09-25T06:37:35Z,2026-09-09T17:57:39Z
ercot:HB_SOUTH,spp_dam,2026-09-11T01:00:00Z,88.79,USD/MWh,PT1H,US-TX,ercot_dam,HB_SOUTH,ercot:NP4-190-CD,https://www.ercot.com/misdownload/servlets/mirDownload?doclookupId=1272509790,2026-09-25T06:37:35Z,2026-09-09T17:57:39Z
ercot:HB_SOUTH,spp_dam,2026-09-11T02:00:00Z,77.98,USD/MWh,PT1H,US-TX,ercot_dam,HB_SOUTH,ercot:NP4-190-CD,https://www.ercot.com/misdownload/servlets/mirDownload?doclookupId=1272509790,2026-09-25T06:37:35Z,2026-09-09T17:57:39Z
ercot:HB_SOUTH,spp_dam,2026-09-11T03:00:00Z,57.61,USD/MWh,PT1H,US-TX,ercot_dam,HB_SOUTH,ercot:NP4-190-CD,https://www.ercot.com/misdownload/servlets/mirDownload?doclookupId=1272509790,2026-09-25T06:37:35Z,2026-09-09T17:57:39Z
ercot:HB_SOUTH,spp_dam,2026-09-11T04:00:00Z,39.94,USD/MWh,PT1H,US-TX,ercot_dam,HB_SOUTH,ercot:NP4-190-CD,https://www.ercot.com/misdownload/servlets/mirDownload?doclookupId=1272509790,2026-09-25T06:37:35Z,2026-09-09T17:57:39Z
ercot:HB_SOUTH,spp_dam,2026-09-11T05:00:00Z,34.78,USD/MWh,PT1H,US-TX,ercot_dam,HB_SOUTH,ercot:NP4-190-CD,https://www.ercot.com/misdownload/servlets/mirDownload?doclookupId=1272916697,2026-09-25T06:37:35Z,2026-09-10T17:33:26Z
ercot:HB_SOUTH,spp_dam,2026-09-11T06:00:00Z,31.5,USD/MWh,PT1H,US-TX,ercot_dam,HB_SOUTH,ercot:NP4-190-CD,https://www.ercot.com/misdownload/servlets/mirDownload?doclookupId=1272916697,2026-09-25T06:37:35Z,2026-09-10T17:33:26Z
ercot:HB_SOUTH,spp_dam,2026-09-11T07:00:00Z,30.54,USD/MWh,PT1H,US-TX,ercot_dam,HB_SOUTH,ercot:NP4-190-CD,https://www.ercot.com/misdownload/servlets/mirDownload?doclookupId=1272916697,2026-09-25T06:37:35Z,2026-09-10T17:33:26Z
ercot:HB_SOUTH,spp_dam,2026-09-11T08:00:00Z,30.01,USD/MWh,PT1H,US-TX,ercot_dam,HB_SOUTH,ercot:NP4-190-CD,https://www.ercot.com/misdownload/servlets/mirDownload?doclookupId=1272916697,2026-09-25T06:37:35Z,2026-09-10T17:33:26Z
ercot:HB_SOUTH,spp_dam,2026-09-11T09:00:00Z,30.01,USD/MWh,PT1H,US-TX,ercot_dam,HB_SOUTH,ercot:NP4-190-CD,https://www.ercot.com/misdownload/servlets/mirDownload?doclookupId=1272916697,2026-09-25T06:37:35Z,2026-09-10T17:33:26Z
ercot:HB_SOUTH,spp_dam,2026-09-11T10:00:00Z,32.49,USD/MWh,PT1H,US-TX,ercot_dam,HB_SOUTH,ercot:NP4-190-CD,https://www.ercot.com/misdownload/servlets/mirDownload?doclookupId=1272916697,2026-09-25T06:37:35Z,2026-09-10T17:33:26Z
ercot:HB_SOUTH,spp_dam,2026-09-11T11:00:00Z,37.79,USD/MWh,PT1H,US-TX,ercot_dam,HB_SOUTH,ercot:NP4-190-CD,https://www.ercot.com/misdownload/servlets/mirDownload?doclookupId=1272916697,2026-09-25T06:37:35Z,2026-09-10T17:33:26Z
ercot:HB_SOUTH,spp_dam,2026-09-11T12:00:00Z,35.41,USD/MWh,PT1H,US-TX,ercot_dam,HB_SOUTH,ercot:NP4-190-CD,https://www.ercot.com/misdownload/servlets/mirDownload?doclookupId=1272916697,2026-09-25T06:37:35Z,2026-09-10T17:33:26Z
ercot:HB_SOUTH,spp_dam,2026-09-11T13:00:00Z,27.09,USD/MWh,PT1H,US-TX,ercot_dam,HB_SOUTH,ercot:NP4-190-CD,https://www.ercot.com/misdownload/servlets/mirDownload?doclookupId=1272916697,2026-09-25T06:37:35Z,2026-09-10T17:33:26Z
ercot:HB_SOUTH,spp_dam,2026-09-11T14:00:00Z,23.21,USD/MWh,PT1H,US-TX,ercot_dam,HB_SOUTH,ercot:NP4-190-CD,https://www.ercot.com/misdownload/servlets/mirDownload?doclookupId=1272916697,2026-09-25T06:37:35Z,2026-09-10T17:33:26Z
ercot:HB_SOUTH,spp_dam,2026-09-11T15:00:00Z,22.38,USD/MWh,PT1H,US-TX,ercot_dam,HB_SOUTH,ercot:NP4-190-CD,https://www.ercot.com/misdownload/servlets/mirDownload?doclookupId=1272916697,2026-09-25T06:37:35Z,2026-09-10T17:33:26Z
ercot:HB_SOUTH,spp_dam,2026-09-11T16:00:00Z,23.64,USD/MWh,PT1H,US-TX,ercot_dam,HB_SOUTH,ercot:NP4-190-CD,https://www.ercot.com/misdownload/servlets/mirDownload?doclookupId=1272916697,2026-09-25T06:37:35Z,2026-09-10T17:33:26Z
ercot:HB_SOUTH,spp_dam,2026-09-11T17:00:00Z,27.85,USD/MWh,PT1H,US-TX,ercot_dam,HB_SOUTH,ercot:NP4-190-CD,https://www.ercot.com/misdownload/servlets/mirDownload?doclookupId=1272916697,2026-09-25T06:37:35Z,2026-09-10T17:33:26Z
ercot:HB_SOUTH,spp_dam,2026-09-11T18:00:00Z,32.38,USD/MWh,PT1H,US-TX,ercot_dam,HB_SOUTH,ercot:NP4-190-CD,https://www.ercot.com/misdownload/servlets/mirDownload?doclookupId=1272916697,2026-09-25T06:37:35Z,2026-09-10T17:33:26Z
ercot:HB_SOUTH,spp_dam,2026-09-11T19:00:00Z,35.45,USD/MWh,PT1H,US-TX,ercot_dam,HB_SOUTH,ercot:NP4-190-CD,https://www.ercot.com/misdownload/servlets/mirDownload?doclookupId=1272916697,2026-09-25T06:37:35Z,2026-09-10T17:33:26Z
ercot:HB_SOUTH,spp_dam,2026-09-11T20:00:00Z,38.68,USD/MWh,PT1H,US-TX,ercot_dam,HB_SOUTH,ercot:NP4-190-CD,https://www.ercot.com/misdownload/servlets/mirDownload?doclookupId=1272916697,2026-09-25T06:37:35Z,2026-09-10T17:33:26Z
ercot:HB_SOUTH,spp_dam,2026-09-11T21:00:00Z,36.11,USD/MWh,PT1H,US-TX,ercot_dam,HB_SOUTH,ercot:NP4-190-CD,https://www.ercot.com/misdownload/servlets/mirDownload?doclookupId=1272916697,2026-09-25T06:37:35Z,2026-09-10T17:33:26Z
ercot:HB_SOUTH,spp_dam,2026-09-11T22:00:00Z,37.26,USD/MWh,PT1H,US-TX,ercot_dam,HB_SOUTH,ercot:NP4-190-CD,https://www.ercot.com/misdownload/servlets/mirDownload?doclookupId=1272916697,2026-09-25T06:37:35Z,2026-09-10T17:33:26Z
ercot:HB_SOUTH,spp_dam,2026-09-11T23:00:00Z,48.25,USD/MWh,PT1H,US-TX,ercot_dam,HB_SOUTH,ercot:NP4-190-CD,https://www.ercot.com/misdownload/servlets/mirDownload?doclookupId=1272916697,2026-09-25T06:37:35Z,2026-09-10T17:33:26Z
ercot:HB_SOUTH,spp_dam,2026-09-12T00:00:00Z,50.1,USD/MWh,PT1H,US-TX,ercot_dam,HB_SOUTH,ercot:NP4-190-CD,https://www.ercot.com/misdownload/servlets/mirDownload?doclookupId=1272916697,2026-09-25T06:37:35Z,2026-09-10T17:33:26Z
ercot:HB_SOUTH,spp_dam,2026-09-12T01:00:00Z,44.73,USD/MWh,PT1H,US-TX,ercot_dam,HB_SOUTH,ercot:NP4-190-CD,https://www.ercot.com/misdownload/servlets/mirDownload?doclookupId=1272916697,2026-09-25T06:37:35Z,2026-09-10T17:33:26Z
ercot:HB_SOUTH,spp_dam,2026-09-12T02:00:00Z,34.41,USD/MWh,PT1H,US-TX,ercot_dam,HB_SOUTH,ercot:NP4-190-CD,https://www.ercot.com/misdownload/servlets/mirDownload?doclookupId=1272916697,2026-09-25T06:37:35Z,2026-09-10T17:33:26Z
ercot:HB_SOUTH,spp_dam,2026-09-12T03:00:00Z,27.46,USD/MWh,PT1H,US-TX,ercot_dam,HB_SOUTH,ercot:NP4-190-CD,https://www.ercot.com/misdownload/servlets/mirDownload?doclookupId=1272916697,2026-09-25T06:37:35Z,2026-09-10T17:33:26Z
ercot:HB_SOUTH,spp_dam,2026-09-12T04:00:00Z,23.26,USD/MWh,PT1H,US-TX,ercot_dam,HB_SOUTH,ercot:NP4-190-CD,https://www.ercot.com/misdownload/servlets/mirDownload?doclookupId=1272916697,2026-09-25T06:37:35Z,2026-09-10T17:33:26Z
ercot:HB_SOUTH,spp_dam,2026-09-12T05:00:00Z,24.49,USD/MWh,PT1H,US-TX,ercot_dam,HB_SOUTH,ercot:NP4-190-CD,https://www.ercot.com/misdownload/servlets/mirDownload?doclookupId=1273328216,2026-09-25T06:37:33Z,2026-09-11T18:09:10Z
ercot:HB_SOUTH,spp_dam,2026-09-12T06:00:00Z,24.05,USD/MWh,PT1H,US-TX,ercot_dam,HB_SOUTH,ercot:NP4-190-CD,https://www.ercot.com/misdownload/servlets/mirDownload?doclookupId=1273328216,2026-09-25T06:37:33Z,2026-09-11T18:09:10Z
ercot:HB_SOUTH,spp_dam,2026-09-12T07:00:00Z,23.94,USD/MWh,PT1H,US-TX,ercot_dam,HB_SOUTH,ercot:NP4-190-CD,https://www.ercot.com/misdownload/servlets/mirDownload?doclookupId=1273328216,2026-09-25T06:37:33Z,2026-09-11T18:09:10Z
ercot:HB_SOUTH,spp_dam,2026-09-12T08:00:00Z,23.74,USD/MWh,PT1H,US-TX,ercot_dam,HB_SOUTH,ercot:NP4-190-CD,https://www.ercot.com/misdownload/servlets/mirDownload?doclookupId=1273328216,2026-09-25T06:37:33Z,2026-09-11T18:09:10Z
ercot:HB_SOUTH,spp_dam,2026-09-12T09:00:00Z,23.24,USD/MWh,PT1H,US-TX,ercot_dam,HB_SOUTH,ercot:NP4-190-CD,https://www.ercot.com/misdownload/servlets/mirDownload?doclookupId=1273328216,2026-09-25T06:37:33Z,2026-09-11T18:09:10Z
ercot:HB_SOUTH,spp_dam,2026-09-12T10:00:00Z,23.97,USD/MWh,PT1H,US-TX,ercot_dam,HB_SOUTH,ercot:NP4-190-CD,https://www.ercot.com/misdownload/servlets/mirDownload?doclookupId=1273328216,2026-09-25T06:37:33Z,2026-09-11T18:09:10Z
ercot:HB_SOUTH,spp_dam,2026-09-12T11:00:00Z,26.06,USD/MWh,PT1H,US-TX,ercot_dam,HB_SOUTH,ercot:NP4-190-CD,https://www.ercot.com/misdownload/servlets/mirDownload?doclookupId=1273328216,2026-09-25T06:37:33Z,2026-09-11T18:09:10Z
ercot:HB_SOUTH,spp_dam,2026-09-12T12:00:00Z,24.33,USD/MWh,PT1H,US-TX,ercot_dam,HB_SOUTH,ercot:NP4-190-CD,https://www.ercot.com/misdownload/servlets/mirDownload?doclookupId=1273328216,2026-09-25T06:37:33Z,2026-09-11T18:09:10Z
ercot:HB_SOUTH,spp_dam,2026-09-12T13:00:00Z,17.24,USD/MWh,PT1H,US-TX,ercot_dam,HB_SOUTH,ercot:NP4-190-CD,https://www.ercot.com/misdownload/servlets/mirDownload?doclookupId=1273328216,2026-09-25T06:37:33Z,2026-09-11T18:09:10Z
ercot:HB_SOUTH,spp_dam,2026-09-12T14:00:00Z,13.57,USD/MWh,PT1H,US-TX,ercot_dam,HB_SOUTH,ercot:NP4-190-CD,https://www.ercot.com/misdownload/servlets/mirDownload?doclookupId=1273328216,2026-09-25T06:37:33Z,2026-09-11T18:09:10Z
ercot:HB_SOUTH,spp_dam,2026-09-12T15:00:00Z,13.03,USD/MWh,PT1H,US-TX,ercot_dam,HB_SOUTH,ercot:NP4-190-CD,https://www.ercot.com/misdownload/servlets/mirDownload?doclookupId=1273328216,2026-09-25T06:37:33Z,2026-09-11T18:09:10Z
ercot:HB_SOUTH,spp_dam,2026-09-12T16:00:00Z,15.42,USD/MWh,PT1H,US-TX,ercot_dam,HB_SOUTH,ercot:NP4-190-CD,https://www.ercot.com/misdownload/servlets/mirDownload?doclookupId=1273328216,2026-09-25T06:37:33Z,2026-09-11T18:09:10Z
ercot:HB_SOUTH,spp_dam,2026-09-12T17:00:00Z,18.17,USD/MWh,PT1H,US-TX,ercot_dam,HB_SOUTH,ercot:NP4-190-CD,https://www.ercot.com/misdownload/servlets/mirDownload?doclookupId=1273328216,2026-09-25T06:37:33Z,2026-09-11T18:09:10Z
ercot:HB_SOUTH,spp_dam,2026-09-12T18:00:00Z,21.67,USD/MWh,PT1H,US-TX,ercot_dam,HB_SOUTH,ercot:NP4-190-CD,https://www.ercot.com/misdownload/servlets/mirDownload?doclookupId=1273328216,2026-09-25T06:37:33Z,2026-09-11T18:09:10Z
ercot:HB_SOUTH,spp_dam,2026-09-12T19:00:00Z,24.52,USD/MWh,PT1H,US-TX,ercot_dam,HB_SOUTH,ercot:NP4-190-CD,https://www.ercot.com/misdownload/servlets/mirDownload?doclookupId=1273328216,2026-09-25T06:37:33Z,2026-09-11T18:09:10Z
ercot:HB_SOUTH,spp_dam,2026-09-12T20:00:00Z,28.26,USD/MWh,PT1H,US-TX,ercot_dam,HB_SOUTH,ercot:NP4-190-CD,https://www.ercot.com/misdownload/servlets/mirDownload?doclookupId=1273328216,2026-09-25T06:37:33Z,2026-09-11T18:09:10Z
ercot:HB_SOUTH,spp_dam,2026-09-12T21:00:00Z,28.64,USD/MWh,PT1H,US-TX,ercot_dam,HB_SOUTH,ercot:NP4-190-CD,https://www.ercot.com/misdownload/servlets/mirDownload?doclookupId=1273328216,2026-09-25T06:37:33Z,2026-09-11T18:09:10Z
ercot:HB_SOUTH,spp_dam,2026-09-12T22:00:00Z,30.63,USD/MWh,PT1H,US-TX,ercot_dam,HB_SOUTH,ercot:NP4-190-CD,https://www.ercot.com/misdownload/servlets/mirDownload?doclookupId=1273328216,2026-09-25T06:37:33Z,2026-09-11T18:09:10Z
ercot:HB_SOUTH,spp_dam,2026-09-12T23:00:00Z,46.45,USD/MWh,PT1H,US-TX,ercot_dam,HB_SOUTH,ercot:NP4-190-CD,https://www.ercot.com/misdownload/servlets/mirDownload?doclookupId=1273328216,2026-09-25T06:37:33Z,2026-09-11T18:09:10Z
ercot:HB_SOUTH,spp_dam,2026-09-13T00:00:00Z,48.99,USD/MWh,PT1H,US-TX,ercot_dam,HB_SOUTH,ercot:NP4-190-CD,https://www.ercot.com/misdownload/servlets/mirDownload?doclookupId=1273328216,2026-09-25T06:37:33Z,2026-09-11T18:09:10Z
ercot:HB_SOUTH,spp_dam,2026-09-13T01:00:00Z,48.02,USD/MWh,PT1H,US-TX,ercot_dam,HB_SOUTH,ercot:NP4-190-CD,https://www.ercot.com/misdownload/servlets/mirDownload?doclookupId=1273328216,2026-09-25T06:37:33Z,2026-09-11T18:09:10Z
ercot:HB_SOUTH,spp_dam,2026-09-13T02:00:00Z,46.68,USD/MWh,PT1H,US-TX,ercot_dam,HB_SOUTH,ercot:NP4-190-CD,https://www.ercot.com/misdownload/servlets/mirDownload?doclookupId=1273328216,2026-09-25T06:37:33Z,2026-09-11T18:09:10Z
ercot:HB_SOUTH,spp_dam,2026-09-13T03:00:00Z,33.64,USD/MWh,PT1H,US-TX,ercot_dam,HB_SOUTH,ercot:NP4-190-CD,https://www.ercot.com/misdownload/servlets/mirDownload?doclookupId=1273328216,2026-09-25T06:37:33Z,2026-09-11T18:09:10Z
ercot:HB_SOUTH,spp_dam,2026-09-13T04:00:00Z,28.02,USD/MWh,PT1H,US-TX,ercot_dam,HB_SOUTH,ercot:NP4-190-CD,https://www.ercot.com/misdownload/servlets/mirDownload?doclookupId=1273328216,2026-09-25T06:37:33Z,2026-09-11T18:09:10Z
ercot:HB_SOUTH,spp_dam,2026-09-13T05:00:00Z,27.99,USD/MWh,PT1H,US-TX,ercot_dam,HB_SOUTH,ercot:NP4-190-CD,https://www.ercot.com/misdownload/servlets/mirDownload?doclookupId=1273705666,2026-09-25T06:37:32Z,2026-09-12T17:41:25Z
ercot:HB_SOUTH,spp_dam,2026-09-13T06:00:00Z,25.74,USD/MWh,PT1H,US-TX,ercot_dam,HB_SOUTH,ercot:NP4-190-CD,https://www.ercot.com/misdownload/servlets/mirDownload?doclookupId=1273705666,2026-09-25T06:37:32Z,2026-09-12T17:41:25Z
ercot:HB_SOUTH,spp_dam,2026-09-13T07:00:00Z,26.01,USD/MWh,PT1H,US-TX,ercot_dam,HB_SOUTH,ercot:NP4-190-CD,https://www.ercot.com/misdownload/servlets/mirDownload?doclookupId=1273705666,2026-09-25T06:37:32Z,2026-09-12T17:41:25Z
ercot:HB_SOUTH,spp_dam,2026-09-13T08:00:00Z,25.86,USD/MWh,PT1H,US-TX,ercot_dam,HB_SOUTH,ercot:NP4-190-CD,https://www.ercot.com/misdownload/servlets/mirDownload?doclookupId=1273705666,2026-09-25T06:37:32Z,2026-09-12T17:41:25Z
ercot:HB_SOUTH,spp_dam,2026-09-13T09:00:00Z,26.45,USD/MWh,PT1H,US-TX,ercot_dam,HB_SOUTH,ercot:NP4-190-CD,https://www.ercot.com/misdownload/servlets/mirDownload?doclookupId=1273705666,2026-09-25T06:37:32Z,2026-09-12T17:41:25Z
ercot:HB_SOUTH,spp_dam,2026-09-13T10:00:00Z,29.02,USD/MWh,PT1H,US-TX,ercot_dam,HB_SOUTH,ercot:NP4-190-CD,https://www.ercot.com/misdownload/servlets/mirDownload?doclookupId=1273705666,2026-09-25T06:37:32Z,2026-09-12T17:41:25Z
ercot:HB_SOUTH,spp_dam,2026-09-13T11:00:00Z,31.98,USD/MWh,PT1H,US-TX,ercot_dam,HB_SOUTH,ercot:NP4-190-CD,https://www.ercot.com/misdownload/servlets/mirDownload?doclookupId=1273705666,2026-09-25T06:37:32Z,2026-09-12T17:41:25Z
ercot:HB_SOUTH,spp_dam,2026-09-13T12:00:00Z,29.69,USD/MWh,PT1H,US-TX,ercot_dam,HB_SOUTH,ercot:NP4-190-CD,https://www.ercot.com/misdownload/servlets/mirDownload?doclookupId=1273705666,2026-09-25T06:37:32Z,2026-09-12T17:41:25Z
ercot:HB_SOUTH,spp_dam,2026-09-13T13:00:00Z,20.04,USD/MWh,PT1H,US-TX,ercot_dam,HB_SOUTH,ercot:NP4-190-CD,https://www.ercot.com/misdownload/servlets/mirDownload?doclookupId=1273705666,2026-09-25T06:37:32Z,2026-09-12T17:41:25Z
ercot:HB_SOUTH,spp_dam,2026-09-13T14:00:00Z,16.31,USD/MWh,PT1H,US-TX,ercot_dam,HB_SOUTH,ercot:NP4-190-CD,https://www.ercot.com/misdownload/servlets/mirDownload?doclookupId=1273705666,2026-09-25T06:37:32Z,2026-09-12T17:41:25Z
ercot:HB_SOUTH,spp_dam,2026-09-13T15:00:00Z,15.7,USD/MWh,PT1H,US-TX,ercot_dam,HB_SOUTH,ercot:NP4-190-CD,https://www.ercot.com/misdownload/servlets/mirDownload?doclookupId=1273705666,2026-09-25T06:37:32Z,2026-09-12T17:41:25Z
ercot:HB_SOUTH,spp_dam,2026-09-13T16:00:00Z,15.95,USD/MWh,PT1H,US-TX,ercot_dam,HB_SOUTH,ercot:NP4-190-CD,https://www.ercot.com/misdownload/servlets/mirDownload?doclookupId=1273705666,2026-09-25T06:37:32Z,2026-09-12T17:41:25Z
ercot:HB_SOUTH,spp_dam,2026-09-13T17:00:00Z,17.81,USD/MWh,PT1H,US-TX,ercot_dam,HB_SOUTH,ercot:NP4-190-CD,https://www.ercot.com/misdownload/servlets/mirDownload?doclookupId=1273705666,2026-09-25T06:37:32Z,2026-09-12T17:41:25Z
ercot:HB_SOUTH,spp_dam,2026-09-13T18:00:00Z,20.08,USD/MWh,PT1H,US-TX,ercot_dam,HB_SOUTH,ercot:NP4-190-CD,https://www.ercot.com/misdownload/servlets/mirDownload?doclookupId=1273705666,2026-09-25T06:37:32Z,2026-09-12T17:41:25Z
ercot:HB_SOUTH,spp_dam,2026-09-13T19:00:00Z,23.27,USD/MWh,PT1H,US-TX,ercot_dam,HB_SOUTH,ercot:NP4-190-CD,https://www.ercot.com/misdownload/servlets/mirDownload?doclookupId=1273705666,2026-09-25T06:37:32Z,2026-09-12T17:41:25Z
ercot:HB_SOUTH,spp_dam,2026-09-13T20:00:00Z,22.53,USD/MWh,PT1H,US-TX,ercot_dam,HB_SOUTH,ercot:NP4-190-CD,https://www.ercot.com/misdownload/servlets/mirDownload?doclookupId=1273705666,2026-09-25T06:37:32Z,2026-09-12T17:41:25Z
ercot:HB_SOUTH,spp_dam,2026-09-13T21:00:00Z,20.81,USD/MWh,PT1H,US-TX,ercot_dam,HB_SOUTH,ercot:NP4-190-CD,https://www.ercot.com/misdownload/servlets/mirDownload?doclookupId=1273705666,2026-09-25T06:37:32Z,2026-09-12T17:41:25Z
ercot:HB_SOUTH,spp_dam,2026-09-13T22:00:00Z,25.05,USD/MWh,PT1H,US-TX,ercot_dam,HB_SOUTH,ercot:NP4-190-CD,https://www.ercot.com/misdownload/servlets/mirDownload?doclookupId=1273705666,2026-09-25T06:37:32Z,2026-09-12T17:41:25Z
ercot:HB_SOUTH,spp_dam,2026-09-13T23:00:00Z,47.03,USD/MWh,PT1H,US-TX,ercot_dam,HB_SOUTH,ercot:NP4-190-CD,https://www.ercot.com/misdownload/servlets/mirDownload?doclookupId=1273705666,2026-09-25T06:37:32Z,2026-09-12T17:41:25Z
ercot:HB_SOUTH,spp_dam,2026-09-14T00:00:00Z,52.56,USD/MWh,PT1H,US-TX,ercot_dam,HB_SOUTH,ercot:NP4-190-CD,https://www.ercot.com/misdownload/servlets/mirDownload?doclookupId=1273705666,2026-09-25T06:37:32Z,2026-09-12T17:41:25Z
ercot:HB_SOUTH,spp_dam,2026-09-14T01:00:00Z,50.31,USD/MWh,PT1H,US-TX,ercot_dam,HB_SOUTH,ercot:NP4-190-CD,https://www.ercot.com/misdownload/servlets/mirDownload?doclookupId=1273705666,2026-09-25T06:37:32Z,2026-09-12T17:41:25Z
ercot:HB_SOUTH,spp_dam,2026-09-14T02:00:00Z,47.71,USD/MWh,PT1H,US-TX,ercot_dam,HB_SOUTH,ercot:NP4-190-CD,https://www.ercot.com/misdownload/servlets/mirDownload?doclookupId=1273705666,2026-09-25T06:37:32Z,2026-09-12T17:41:25Z
ercot:HB_SOUTH,spp_dam,2026-09-14T03:00:00Z,35.43,USD/MWh,PT1H,US-TX,ercot_dam,HB_SOUTH,ercot:NP4-190-CD,https://www.ercot.com/misdownload/servlets/mirDownload?doclookupId=1273705666,2026-09-25T06:37:32Z,2026-09-12T17:41:25Z
ercot:HB_SOUTH,spp_dam,2026-09-14T04:00:00Z,30.36,USD/MWh,PT1H,US-TX,ercot_dam,HB_SOUTH,ercot:NP4-190-CD,https://www.ercot.com/misdownload/servlets/mirDownload?doclookupId=1273705666,2026-09-25T06:37:32Z,2026-09-12T17:41:25Z
ercot:HB_SOUTH,spp_dam,2026-09-14T05:00:00Z,28.39,USD/MWh,PT1H,US-TX,ercot_dam,HB_SOUTH,ercot:NP4-190-CD,https://www.ercot.com/misdownload/servlets/mirDownload?doclookupId=1274092364,2026-09-25T06:37:31Z,2026-09-13T17:57:21Z
ercot:HB_SOUTH,spp_dam,2026-09-14T06:00:00Z,25.16,USD/MWh,PT1H,US-TX,ercot_dam,HB_SOUTH,ercot:NP4-190-CD,https://www.ercot.com/misdownload/servlets/mirDownload?doclookupId=1274092364,2026-09-25T06:37:31Z,2026-09-13T17:57:21Z
ercot:HB_SOUTH,spp_dam,2026-09-14T07:00:00Z,24.61,USD/MWh,PT1H,US-TX,ercot_dam,HB_SOUTH,ercot:NP4-190-CD,https://www.ercot.com/misdownload/servlets/mirDownload?doclookupId=1274092364,2026-09-25T06:37:31Z,2026-09-13T17:57:21Z
ercot:HB_SOUTH,spp_dam,2026-09-14T08:00:00Z,24.19,USD/MWh,PT1H,US-TX,ercot_dam,HB_SOUTH,ercot:NP4-190-CD,https://www.ercot.com/misdownload/servlets/mirDownload?doclookupId=1274092364,2026-09-25T06:37:31Z,2026-09-13T17:57:21Z
ercot:HB_SOUTH,spp_dam,2026-09-14T09:00:00Z,24.19,USD/MWh,PT1H,US-TX,ercot_dam,HB_SOUTH,ercot:NP4-190-CD,https://www.ercot.com/misdownload/servlets/mirDownload?doclookupId=1274092364,2026-09-25T06:37:31Z,2026-09-13T17:57:21Z
ercot:HB_SOUTH,spp_dam,2026-09-14T10:00:00Z,26.51,USD/MWh,PT1H,US-TX,ercot_dam,HB_SOUTH,ercot:NP4-190-CD,https://www.ercot.com/misdownload/servlets/mirDownload?doclookupId=1274092364,2026-09-25T06:37:31Z,2026-09-13T17:57:21Z
ercot:HB_SOUTH,spp_dam,2026-09-14T11:00:00Z,30.34,USD/MWh,PT1H,US-TX,ercot_dam,HB_SOUTH,ercot:NP4-190-CD,https://www.ercot.com/misdownload/servlets/mirDownload?doclookupId=1274092364,2026-09-25T06:37:31Z,2026-09-13T17:57:21Z
ercot:HB_SOUTH,spp_dam,2026-09-14T12:00:00Z,28.71,USD/MWh,PT1H,US-TX,ercot_dam,HB_SOUTH,ercot:NP4-190-CD,https://www.ercot.com/misdownload/servlets/mirDownload?doclookupId=1274092364,2026-09-25T06:37:31Z,2026-09-13T17:57:21Z
ercot:HB_SOUTH,spp_dam,2026-09-14T13:00:00Z,21.17,USD/MWh,PT1H,US-TX,ercot_dam,HB_SOUTH,ercot:NP4-190-CD,https://www.ercot.com/misdownload/servlets/mirDownload?doclookupId=1274092364,2026-09-25T06:37:31Z,2026-09-13T17:57:21Z
ercot:HB_SOUTH,spp_dam,2026-09-14T14:00:00Z,18.05,USD/MWh,PT1H,US-TX,ercot_dam,HB_SOUTH,ercot:NP4-190-CD,https://www.ercot.com/misdownload/servlets/mirDownload?doclookupId=1274092364,2026-09-25T06:37:31Z,2026-09-13T17:57:21Z
ercot:HB_SOUTH,spp_dam,2026-09-14T15:00:00Z,18.43,USD/MWh,PT1H,US-TX,ercot_dam,HB_SOUTH,ercot:NP4-190-CD,https://www.ercot.com/misdownload/servlets/mirDownload?doclookupId=1274092364,2026-09-25T06:37:31Z,2026-09-13T17:57:21Z
ercot:HB_SOUTH,spp_dam,2026-09-14T16:00:00Z,17.81,USD/MWh,PT1H,US-TX,ercot_dam,HB_SOUTH,ercot:NP4-190-CD,https://www.ercot.com/misdownload/servlets/mirDownload?doclookupId=1274092364,2026-09-25T06:37:31Z,2026-09-13T17:57:21Z
ercot:HB_SOUTH,spp_dam,2026-09-14T17:00:00Z,18.92,USD/MWh,PT1H,US-TX,ercot_dam,HB_SOUTH,ercot:NP4-190-CD,https://www.ercot.com/misdownload/servlets/mirDownload?doclookupId=1274092364,2026-09-25T06:37:31Z,2026-09-13T17:57:21Z
ercot:HB_SOUTH,spp_dam,2026-09-14T18:00:00Z,18.99,USD/MWh,PT1H,US-TX,ercot_dam,HB_SOUTH,ercot:NP4-190-CD,https://www.ercot.com/misdownload/servlets/mirDownload?doclookupId=1274092364,2026-09-25T06:37:31Z,2026-09-13T17:57:21Z
ercot:HB_SOUTH,spp_dam,2026-09-14T19:00:00Z,19.53,USD/MWh,PT1H,US-TX,ercot_dam,HB_SOUTH,ercot:NP4-190-CD,https://www.ercot.com/misdownload/servlets/mirDownload?doclookupId=1274092364,2026-09-25T06:37:31Z,2026-09-13T17:57:21Z
ercot:HB_SOUTH,spp_dam,2026-09-14T20:00:00Z,22.79,USD/MWh,PT1H,US-TX,ercot_dam,HB_SOUTH,ercot:NP4-190-CD,https://www.ercot.com/misdownload/servlets/mirDownload?doclookupId=1274092364,2026-09-25T06:37:31Z,2026-09-13T17:57:21Z
ercot:HB_SOUTH,spp_dam,2026-09-14T21:00:00Z,19.93,USD/MWh,PT1H,US-TX,ercot_dam,HB_SOUTH,ercot:NP4-190-CD,https://www.ercot.com/misdownload/servlets/mirDownload?doclookupId=1274092364,2026-09-25T06:37:31Z,2026-09-13T17:57:21Z
ercot:HB_SOUTH,spp_dam,2026-09-14T22:00:00Z,22.22,USD/MWh,PT1H,US-TX,ercot_dam,HB_SOUTH,ercot:NP4-190-CD,https://www.ercot.com/misdownload/servlets/mirDownload?doclookupId=1274092364,2026-09-25T06:37:31Z,2026-09-13T17:57:21Z
ercot:HB_SOUTH,spp_dam,2026-09-14T23:00:00Z,40.21,USD/MWh,PT1H,US-TX,ercot_dam,HB_SOUTH,ercot:NP4-190-CD,https://www.ercot.com/misdownload/servlets/mirDownload?doclookupId=1274092364,2026-09-25T06:37:31Z,2026-09-13T17:57:21Z
ercot:HB_SOUTH,spp_dam,2026-09-15T00:00:00Z,46.3,USD/MWh,PT1H,US-TX,ercot_dam,HB_SOUTH,ercot:NP4-190-CD,https://www.ercot.com/misdownload/servlets/mirDownload?doclookupId=1274092364,2026-09-25T06:37:31Z,2026-09-13T17:57:21Z
ercot:HB_SOUTH,spp_dam,2026-09-15T01:00:00Z,44.69,USD/MWh,PT1H,US-TX,ercot_dam,HB_SOUTH,ercot:NP4-190-CD,https://www.ercot.com/misdownload/servlets/mirDownload?doclookupId=1274092364,2026-09-25T06:37:31Z,2026-09-13T17:57:21Z
ercot:HB_SOUTH,spp_dam,2026-09-15T02:00:00Z,40.56,USD/MWh,PT1H,US-TX,ercot_dam,HB_SOUTH,ercot:NP4-190-CD,https://www.ercot.com/misdownload/servlets/mirDownload?doclookupId=1274092364,2026-09-25T06:37:31Z,2026-09-13T17:57:21Z
ercot:HB_SOUTH,spp_dam,2026-09-15T03:00:00Z,32.72,USD/MWh,PT1H,US-TX,ercot_dam,HB_SOUTH,ercot:NP4-190-CD,https://www.ercot.com/misdownload/servlets/mirDownload?doclookupId=1274092364,2026-09-25T06:37:31Z,2026-09-13T17:57:21Z
ercot:HB_SOUTH,spp_dam,2026-09-15T04:00:00Z,27.18,USD/MWh,PT1H,US-TX,ercot_dam,HB_SOUTH,ercot:NP4-190-CD,https://www.ercot.com/misdownload/servlets/mirDownload?doclookupId=1274092364,2026-09-25T06:37:31Z,2026-09-13T17:57:21Z
ercot:HB_SOUTH,spp_dam,2026-09-15T05:00:00Z,26.82,USD/MWh,PT1H,US-TX,ercot_dam,HB_SOUTH,ercot:NP4-190-CD,https://www.ercot.com/misdownload/servlets/mirDownload?doclookupId=1274489923,2026-09-25T06:37:30Z,2026-09-14T18:01:11Z
ercot:HB_SOUTH,spp_dam,2026-09-15T06:00:00Z,24.61,USD/MWh,PT1H,US-TX,ercot_dam,HB_SOUTH,ercot:NP4-190-CD,https://www.ercot.com/misdownload/servlets/mirDownload?doclookupId=1274489923,2026-09-25T06:37:30Z,2026-09-14T18:01:11Z
ercot:HB_SOUTH,spp_dam,2026-09-15T07:00:00Z,23.2,USD/MWh,PT1H,US-TX,ercot_dam,HB_SOUTH,ercot:NP4-190-CD,https://www.ercot.com/misdownload/servlets/mirDownload?doclookupId=1274489923,2026-09-25T06:37:30Z,2026-09-14T18:01:11Z
ercot:HB_SOUTH,spp_dam,2026-09-15T08:00:00Z,23.38,USD/MWh,PT1H,US-TX,ercot_dam,HB_SOUTH,ercot:NP4-190-CD,https://www.ercot.com/misdownload/servlets/mirDownload?doclookupId=1274489923,2026-09-25T06:37:30Z,2026-09-14T18:01:11Z
ercot:HB_SOUTH,spp_dam,2026-09-15T09:00:00Z,23.3,USD/MWh,PT1H,US-TX,ercot_dam,HB_SOUTH,ercot:NP4-190-CD,https://www.ercot.com/misdownload/servlets/mirDownload?doclookupId=1274489923,2026-09-25T06:37:30Z,2026-09-14T18:01:11Z
ercot:HB_SOUTH,spp_dam,2026-09-15T10:00:00Z,24.41,USD/MWh,PT1H,US-TX,ercot_dam,HB_SOUTH,ercot:NP4-190-CD,https://www.ercot.com/misdownload/servlets/mirDownload?doclookupId=1274489923,2026-09-25T06:37:30Z,2026-09-14T18:01:11Z
ercot:HB_SOUTH,spp_dam,2026-09-15T11:00:00Z,26.17,USD/MWh,PT1H,US-TX,ercot_dam,HB_SOUTH,ercot:NP4-190-CD,https://www.ercot.com/misdownload/servlets/mirDownload?doclookupId=1274489923,2026-09-25T06:37:30Z,2026-09-14T18:01:11Z
ercot:HB_SOUTH,spp_dam,2026-09-15T12:00:00Z,25.75,USD/MWh,PT1H,US-TX,ercot_dam,HB_SOUTH,ercot:NP4-190-CD,https://www.ercot.com/misdownload/servlets/mirDownload?doclookupId=1274489923,2026-09-25T06:37:30Z,2026-09-14T18:01:11Z
ercot:HB_SOUTH,spp_dam,2026-09-15T13:00:00Z,18.76,USD/MWh,PT1H,US-TX,ercot_dam,HB_SOUTH,ercot:NP4-190-CD,https://www.ercot.com/misdownload/servlets/mirDownload?doclookupId=1274489923,2026-09-25T06:37:30Z,2026-09-14T18:01:11Z
ercot:HB_SOUTH,spp_dam,2026-09-15T14:00:00Z,16.37,USD/MWh,PT1H,US-TX,ercot_dam,HB_SOUTH,ercot:NP4-190-CD,https://www.ercot.com/misdownload/servlets/mirDownload?doclookupId=1274489923,2026-09-25T06:37:30Z,2026-09-14T18:01:11Z
ercot:HB_SOUTH,spp_dam,2026-09-15T15:00:00Z,15.73,USD/MWh,PT1H,US-TX,ercot_dam,HB_SOUTH,ercot:NP4-190-CD,https://www.ercot.com/misdownload/servlets/mirDownload?doclookupId=1274489923,2026-09-25T06:37:30Z,2026-09-14T18:01:11Z
ercot:HB_SOUTH,spp_dam,2026-09-15T16:00:00Z,15.15,USD/MWh,PT1H,US-TX,ercot_dam,HB_SOUTH,ercot:NP4-190-CD,https://www.ercot.com/misdownload/servlets/mirDownload?doclookupId=1274489923,2026-09-25T06:37:30Z,2026-09-14T18:01:11Z
ercot:HB_SOUTH,spp_dam,2026-09-15T17:00:00Z,16.69,USD/MWh,PT1H,US-TX,ercot_dam,HB_SOUTH,ercot:NP4-190-CD,https://www.ercot.com/misdownload/servlets/mirDownload?doclookupId=1274489923,2026-09-25T06:37:30Z,2026-09-14T18:01:11Z
ercot:HB_SOUTH,spp_dam,2026-09-15T18:00:00Z,17.99,USD/MWh,PT1H,US-TX,ercot_dam,HB_SOUTH,ercot:NP4-190-CD,https://www.ercot.com/misdownload/servlets/mirDownload?doclookupId=1274489923,2026-09-25T06:37:30Z,2026-09-14T18:01:11Z
ercot:HB_SOUTH,spp_dam,2026-09-15T19:00:00Z,21.18,USD/MWh,PT1H,US-TX,ercot_dam,HB_SOUTH,ercot:NP4-190-CD,https://www.ercot.com/misdownload/servlets/mirDownload?doclookupId=1274489923,2026-09-25T06:37:30Z,2026-09-14T18:01:11Z
ercot:HB_SOUTH,spp_dam,2026-09-15T20:00:00Z,22.7,USD/MWh,PT1H,US-TX,ercot_dam,HB_SOUTH,ercot:NP4-190-CD,https://www.ercot.com/misdownload/servlets/mirDownload?doclookupId=1274489923,2026-09-25T06:37:30Z,2026-09-14T18:01:11Z
ercot:HB_SOUTH,spp_dam,2026-09-15T21:00:00Z,22.33,USD/MWh,PT1H,US-TX,ercot_dam,HB_SOUTH,ercot:NP4-190-CD,https://www.ercot.com/misdownload/servlets/mirDownload?doclookupId=1274489923,2026-09-25T06:37:30Z,2026-09-14T18:01:11Z
ercot:HB_SOUTH,spp_dam,2026-09-15T22:00:00Z,23.81,USD/MWh,PT1H,US-TX,ercot_dam,HB_SOUTH,ercot:NP4-190-CD,https://www.ercot.com/misdownload/servlets/mirDownload?doclookupId=1274489923,2026-09-25T06:37:30Z,2026-09-14T18:01:11Z
ercot:HB_SOUTH,spp_dam,2026-09-15T23:00:00Z,41.68,USD/MWh,PT1H,US-TX,ercot_dam,HB_SOUTH,ercot:NP4-190-CD,https://www.ercot.com/misdownload/servlets/mirDownload?doclookupId=1274489923,2026-09-25T06:37:30Z,2026-09-14T18:01:11Z
ercot:HB_SOUTH,spp_dam,2026-09-16T00:00:00Z,54.76,USD/MWh,PT1H,US-TX,ercot_dam,HB_SOUTH,ercot:NP4-190-CD,https://www.ercot.com/misdownload/servlets/mirDownload?doclookupId=1274489923,2026-09-25T06:37:30Z,2026-09-14T18:01:11Z
ercot:HB_SOUTH,spp_dam,2026-09-16T01:00:00Z,51.23,USD/MWh,PT1H,US-TX,ercot_dam,HB_SOUTH,ercot:NP4-190-CD,https://www.ercot.com/misdownload/servlets/mirDownload?doclookupId=1274489923,2026-09-25T06:37:30Z,2026-09-14T18:01:11Z
ercot:HB_SOUTH,spp_dam,2026-09-16T02:00:00Z,51.38,USD/MWh,PT1H,US-TX,ercot_dam,HB_SOUTH,ercot:NP4-190-CD,https://www.ercot.com/misdownload/servlets/mirDownload?doclookupId=1274489923,2026-09-25T06:37:30Z,2026-09-14T18:01:11Z
ercot:HB_SOUTH,spp_dam,2026-09-16T03:00:00Z,44.4,USD/MWh,PT1H,US-TX,ercot_dam,HB_SOUTH,ercot:NP4-190-CD,https://www.ercot.com/misdownload/servlets/mirDownload?doclookupId=1274489923,2026-09-25T06:37:30Z,2026-09-14T18:01:11Z
ercot:HB_SOUTH,spp_dam,2026-09-16T04:00:00Z,40.0,USD/MWh,PT1H,US-TX,ercot_dam,HB_SOUTH,ercot:NP4-190-CD,https://www.ercot.com/misdownload/servlets/mirDownload?doclookupId=1274489923,2026-09-25T06:37:30Z,2026-09-14T18:01:11Z
ercot:HB_SOUTH,spp_dam,2026-09-16T05:00:00Z,34.57,USD/MWh,PT1H,US-TX,ercot_dam,HB_SOUTH,ercot:NP4-190-CD,https://www.ercot.com/misdownload/servlets/mirDownload?doclookupId=1274910529,2026-09-25T06:37:29Z,2026-09-15T18:50:14Z
ercot:HB_SOUTH,spp_dam,2026-09-16T06:00:00Z,31.48,USD/MWh,PT1H,US-TX,ercot_dam,HB_SOUTH,ercot:NP4-190-CD,https://www.ercot.com/misdownload/servlets/mirDownload?doclookupId=1274910529,2026-09-25T06:37:29Z,2026-09-15T18:50:14Z
ercot:HB_SOUTH,spp_dam,2026-09-16T07:00:00Z,31.13,USD/MWh,PT1H,US-TX,ercot_dam,HB_SOUTH,ercot:NP4-190-CD,https://www.ercot.com/misdownload/servlets/mirDownload?doclookupId=1274910529,2026-09-25T06:37:29Z,2026-09-15T18:50:14Z
ercot:HB_SOUTH,spp_dam,2026-09-16T08:00:00Z,30.72,USD/MWh,PT1H,US-TX,ercot_dam,HB_SOUTH,ercot:NP4-190-CD,https://www.ercot.com/misdownload/servlets/mirDownload?doclookupId=1274910529,2026-09-25T06:37:29Z,2026-09-15T18:50:14Z
ercot:HB_SOUTH,spp_dam,2026-09-16T09:00:00Z,32.15,USD/MWh,PT1H,US-TX,ercot_dam,HB_SOUTH,ercot:NP4-190-CD,https://www.ercot.com/misdownload/servlets/mirDownload?doclookupId=1274910529,2026-09-25T06:37:29Z,2026-09-15T18:50:14Z
ercot:HB_SOUTH,spp_dam,2026-09-16T10:00:00Z,38.4,USD/MWh,PT1H,US-TX,ercot_dam,HB_SOUTH,ercot:NP4-190-CD,https://www.ercot.com/misdownload/servlets/mirDownload?doclookupId=1274910529,2026-09-25T06:37:29Z,2026-09-15T18:50:14Z
ercot:HB_SOUTH,spp_dam,2026-09-16T11:00:00Z,40.02,USD/MWh,PT1H,US-TX,ercot_dam,HB_SOUTH,ercot:NP4-190-CD,https://www.ercot.com/misdownload/servlets/mirDownload?doclookupId=1274910529,2026-09-25T06:37:29Z,2026-09-15T18:50:14Z
ercot:HB_SOUTH,spp_dam,2026-09-16T12:00:00Z,36.27,USD/MWh,PT1H,US-TX,ercot_dam,HB_SOUTH,ercot:NP4-190-CD,https://www.ercot.com/misdownload/servlets/mirDownload?doclookupId=1274910529,2026-09-25T06:37:29Z,2026-09-15T18:50:14Z
ercot:HB_SOUTH,spp_dam,2026-09-16T13:00:00Z,27.95,USD/MWh,PT1H,US-TX,ercot_dam,HB_SOUTH,ercot:NP4-190-CD,https://www.ercot.com/misdownload/servlets/mirDownload?doclookupId=1274910529,2026-09-25T06:37:29Z,2026-09-15T18:50:14Z
ercot:HB_SOUTH,spp_dam,2026-09-16T14:00:00Z,26.88,USD/MWh,PT1H,US-TX,ercot_dam,HB_SOUTH,ercot:NP4-190-CD,https://www.ercot.com/misdownload/servlets/mirDownload?doclookupId=1274910529,2026-09-25T06:37:29Z,2026-09-15T18:50:14Z
ercot:HB_SOUTH,spp_dam,2026-09-16T15:00:00Z,29.99,USD/MWh,PT1H,US-TX,ercot_dam,HB_SOUTH,ercot:NP4-190-CD,https://www.ercot.com/misdownload/servlets/mirDownload?doclookupId=1274910529,2026-09-25T06:37:29Z,2026-09-15T18:50:14Z
ercot:HB_SOUTH,spp_dam,2026-09-16T16:00:00Z,29.54,USD/MWh,PT1H,US-TX,ercot_dam,HB_SOUTH,ercot:NP4-190-CD,https://www.ercot.com/misdownload/servlets/mirDownload?doclookupId=1274910529,2026-09-25T06:37:29Z,2026-09-15T18:50:14Z
ercot:HB_SOUTH,spp_dam,2026-09-16T17:00:00Z,30.69,USD/MWh,PT1H,US-TX,ercot_dam,HB_SOUTH,ercot:NP4-190-CD,https://www.ercot.com/misdownload/servlets/mirDownload?doclookupId=1274910529,2026-09-25T06:37:29Z,2026-09-15T18:50:14Z
ercot:HB_SOUTH,spp_dam,2026-09-16T18:00:00Z,34.59,USD/MWh,PT1H,US-TX,ercot_dam,HB_SOUTH,ercot:NP4-190-CD,https://www.ercot.com/misdownload/servlets/mirDownload?doclookupId=1274910529,2026-09-25T06:37:29Z,2026-09-15T18:50:14Z
ercot:HB_SOUTH,spp_dam,2026-09-16T19:00:00Z,35.18,USD/MWh,PT1H,US-TX,ercot_dam,HB_SOUTH,ercot:NP4-190-CD,https://www.ercot.com/misdownload/servlets/mirDownload?doclookupId=1274910529,2026-09-25T06:37:29Z,2026-09-15T18:50:14Z
ercot:HB_SOUTH,spp_dam,2026-09-16T20:00:00Z,40.3,USD/MWh,PT1H,US-TX,ercot_dam,HB_SOUTH,ercot:NP4-190-CD,https://www.ercot.com/misdownload/servlets/mirDownload?doclookupId=1274910529,2026-09-25T06:37:29Z,2026-09-15T18:50:14Z
ercot:HB_SOUTH,spp_dam,2026-09-16T21:00:00Z,36.86,USD/MWh,PT1H,US-TX,ercot_dam,HB_SOUTH,ercot:NP4-190-CD,https://www.ercot.com/misdownload/servlets/mirDownload?doclookupId=1274910529,2026-09-25T06:37:29Z,2026-09-15T18:50:14Z
ercot:HB_SOUTH,spp_dam,2026-09-16T22:00:00Z,41.76,USD/MWh,PT1H,US-TX,ercot_dam,HB_SOUTH,ercot:NP4-190-CD,https://www.ercot.com/misdownload/servlets/mirDownload?doclookupId=1274910529,2026-09-25T06:37:29Z,2026-09-15T18:50:14Z
ercot:HB_SOUTH,spp_dam,2026-09-16T23:00:00Z,63.85,USD/MWh,PT1H,US-TX,ercot_dam,HB_SOUTH,ercot:NP4-190-CD,https://www.ercot.com/misdownload/servlets/mirDownload?doclookupId=1274910529,2026-09-25T06:37:29Z,2026-09-15T18:50:14Z
ercot:HB_SOUTH,spp_dam,2026-09-17T00:00:00Z,66.61,USD/MWh,PT1H,US-TX,ercot_dam,HB_SOUTH,ercot:NP4-190-CD,https://www.ercot.com/misdownload/servlets/mirDownload?doclookupId=1274910529,2026-09-25T06:37:29Z,2026-09-15T18:50:14Z
ercot:HB_SOUTH,spp_dam,2026-09-17T01:00:00Z,65.6,USD/MWh,PT1H,US-TX,ercot_dam,HB_SOUTH,ercot:NP4-190-CD,https://www.ercot.com/misdownload/servlets/mirDownload?doclookupId=1274910529,2026-09-25T06:37:29Z,2026-09-15T18:50:14Z
ercot:HB_SOUTH,spp_dam,2026-09-17T02:00:00Z,57.9,USD/MWh,PT1H,US-TX,ercot_dam,HB_SOUTH,ercot:NP4-190-CD,https://www.ercot.com/misdownload/servlets/mirDownload?doclookupId=1274910529,2026-09-25T06:37:29Z,2026-09-15T18:50:14Z
ercot:HB_SOUTH,spp_dam,2026-09-17T03:00:00Z,46.16,USD/MWh,PT1H,US-TX,ercot_dam,HB_SOUTH,ercot:NP4-190-CD,https://www.ercot.com/misdownload/servlets/mirDownload?doclookupId=1274910529,2026-09-25T06:37:29Z,2026-09-15T18:50:14Z
ercot:HB_SOUTH,spp_dam,2026-09-17T04:00:00Z,37.69,USD/MWh,PT1H,US-TX,ercot_dam,HB_SOUTH,ercot:NP4-190-CD,https://www.ercot.com/misdownload/servlets/mirDownload?doclookupId=1274910529,2026-09-25T06:37:29Z,2026-09-15T18:50:14Z
ercot:HB_SOUTH,spp_dam,2026-09-17T05:00:00Z,35.19,USD/MWh,PT1H,US-TX,ercot_dam,HB_SOUTH,ercot:NP4-190-CD,https://www.ercot.com/misdownload/servlets/mirDownload?doclookupId=1275287943,2026-09-25T06:37:28Z,2026-09-16T17:36:06Z
ercot:HB_SOUTH,spp_dam,2026-09-17T06:00:00Z,33.7,USD/MWh,PT1H,US-TX,ercot_dam,HB_SOUTH,ercot:NP4-190-CD,https://www.ercot.com/misdownload/servlets/mirDownload?doclookupId=1275287943,2026-09-25T06:37:28Z,2026-09-16T17:36:06Z
ercot:HB_SOUTH,spp_dam,2026-09-17T07:00:00Z,34.76,USD/MWh,PT1H,US-TX,ercot_dam,HB_SOUTH,ercot:NP4-190-CD,https://www.ercot.com/misdownload/servlets/mirDownload?doclookupId=1275287943,2026-09-25T06:37:28Z,2026-09-16T17:36:06Z
ercot:HB_SOUTH,spp_dam,2026-09-17T08:00:00Z,33.68,USD/MWh,PT1H,US-TX,ercot_dam,HB_SOUTH,ercot:NP4-190-CD,https://www.ercot.com/misdownload/servlets/mirDownload?doclookupId=1275287943,2026-09-25T06:37:28Z,2026-09-16T17:36:06Z
ercot:HB_SOUTH,spp_dam,2026-09-17T09:00:00Z,35.35,USD/MWh,PT1H,US-TX,ercot_dam,HB_SOUTH,ercot:NP4-190-CD,https://www.ercot.com/misdownload/servlets/mirDownload?doclookupId=1275287943,2026-09-25T06:37:28Z,2026-09-16T17:36:06Z
ercot:HB_SOUTH,spp_dam,2026-09-17T10:00:00Z,38.31,USD/MWh,PT1H,US-TX,ercot_dam,HB_SOUTH,ercot:NP4-190-CD,https://www.ercot.com/misdownload/servlets/mirDownload?doclookupId=1275287943,2026-09-25T06:37:28Z,2026-09-16T17:36:06Z
ercot:HB_SOUTH,spp_dam,2026-09-17T11:00:00Z,42.93,USD/MWh,PT1H,US-TX,ercot_dam,HB_SOUTH,ercot:NP4-190-CD,https://www.ercot.com/misdownload/servlets/mirDownload?doclookupId=1275287943,2026-09-25T06:37:28Z,2026-09-16T17:36:06Z
ercot:HB_SOUTH,spp_dam,2026-09-17T12:00:00Z,42.23,USD/MWh,PT1H,US-TX,ercot_dam,HB_SOUTH,ercot:NP4-190-CD,https://www.ercot.com/misdownload/servlets/mirDownload?doclookupId=1275287943,2026-09-25T06:37:28Z,2026-09-16T17:36:06Z
ercot:HB_SOUTH,spp_dam,2026-09-17T13:00:00Z,32.23,USD/MWh,PT1H,US-TX,ercot_dam,HB_SOUTH,ercot:NP4-190-CD,https://www.ercot.com/misdownload/servlets/mirDownload?doclookupId=1275287943,2026-09-25T06:37:28Z,2026-09-16T17:36:06Z
ercot:HB_SOUTH,spp_dam,2026-09-17T14:00:00Z,28.86,USD/MWh,PT1H,US-TX,ercot_dam,HB_SOUTH,ercot:NP4-190-CD,https://www.ercot.com/misdownload/servlets/mirDownload?doclookupId=1275287943,2026-09-25T06:37:28Z,2026-09-16T17:36:06Z
ercot:HB_SOUTH,spp_dam,2026-09-17T15:00:00Z,27.3,USD/MWh,PT1H,US-TX,ercot_dam,HB_SOUTH,ercot:NP4-190-CD,https://www.ercot.com/misdownload/servlets/mirDownload?doclookupId=1275287943,2026-09-25T06:37:28Z,2026-09-16T17:36:06Z
ercot:HB_SOUTH,spp_dam,2026-09-17T16:00:00Z,28.21,USD/MWh,PT1H,US-TX,ercot_dam,HB_SOUTH,ercot:NP4-190-CD,https://www.ercot.com/misdownload/servlets/mirDownload?doclookupId=1275287943,2026-09-25T06:37:28Z,2026-09-16T17:36:06Z
ercot:HB_SOUTH,spp_dam,2026-09-17T17:00:00Z,31.77,USD/MWh,PT1H,US-TX,ercot_dam,HB_SOUTH,ercot:NP4-190-CD,https://www.ercot.com/misdownload/servlets/mirDownload?doclookupId=1275287943,2026-09-25T06:37:28Z,2026-09-16T17:36:06Z
ercot:HB_SOUTH,spp_dam,2026-09-17T18:00:00Z,37.39,USD/MWh,PT1H,US-TX,ercot_dam,HB_SOUTH,ercot:NP4-190-CD,https://www.ercot.com/misdownload/servlets/mirDownload?doclookupId=1275287943,2026-09-25T06:37:28Z,2026-09-16T17:36:06Z
ercot:HB_SOUTH,spp_dam,2026-09-17T19:00:00Z,36.28,USD/MWh,PT1H,US-TX,ercot_dam,HB_SOUTH,ercot:NP4-190-CD,https://www.ercot.com/misdownload/servlets/mirDownload?doclookupId=1275287943,2026-09-25T06:37:28Z,2026-09-16T17:36:06Z
ercot:HB_SOUTH,spp_dam,2026-09-17T20:00:00Z,40.56,USD/MWh,PT1H,US-TX,ercot_dam,HB_SOUTH,ercot:NP4-190-CD,https://www.ercot.com/misdownload/servlets/mirDownload?doclookupId=1275287943,2026-09-25T06:37:28Z,2026-09-16T17:36:06Z
ercot:HB_SOUTH,spp_dam,2026-09-17T21:00:00Z,43.37,USD/MWh,PT1H,US-TX,ercot_dam,HB_SOUTH,ercot:NP4-190-CD,https://www.ercot.com/misdownload/servlets/mirDownload?doclookupId=1275287943,2026-09-25T06:37:28Z,2026-09-16T17:36:06Z
ercot:HB_SOUTH,spp_dam,2026-09-17T22:00:00Z,40.46,USD/MWh,PT1H,US-TX,ercot_dam,HB_SOUTH,ercot:NP4-190-CD,https://www.ercot.com/misdownload/servlets/mirDownload?doclookupId=1275287943,2026-09-25T06:37:28Z,2026-09-16T17:36:06Z
ercot:HB_SOUTH,spp_dam,2026-09-17T23:00:00Z,54.8,USD/MWh,PT1H,US-TX,ercot_dam,HB_SOUTH,ercot:NP4-190-CD,https://www.ercot.com/misdownload/servlets/mirDownload?doclookupId=1275287943,2026-09-25T06:37:28Z,2026-09-16T17:36:06Z
ercot:HB_SOUTH,spp_dam,2026-09-18T00:00:00Z,61.92,USD/MWh,PT1H,US-TX,ercot_dam,HB_SOUTH,ercot:NP4-190-CD,https://www.ercot.com/misdownload/servlets/mirDownload?doclookupId=1275287943,2026-09-25T06:37:28Z,2026-09-16T17:36:06Z
ercot:HB_SOUTH,spp_dam,2026-09-18T01:00:00Z,64.46,USD/MWh,PT1H,US-TX,ercot_dam,HB_SOUTH,ercot:NP4-190-CD,https://www.ercot.com/misdownload/servlets/mirDownload?doclookupId=1275287943,2026-09-25T06:37:28Z,2026-09-16T17:36:06Z
ercot:HB_SOUTH,spp_dam,2026-09-18T02:00:00Z,55.45,USD/MWh,PT1H,US-TX,ercot_dam,HB_SOUTH,ercot:NP4-190-CD,https://www.ercot.com/misdownload/servlets/mirDownload?doclookupId=1275287943,2026-09-25T06:37:28Z,2026-09-16T17:36:06Z
ercot:HB_SOUTH,spp_dam,2026-09-18T03:00:00Z,44.79,USD/MWh,PT1H,US-TX,ercot_dam,HB_SOUTH,ercot:NP4-190-CD,https://www.ercot.com/misdownload/servlets/mirDownload?doclookupId=1275287943,2026-09-25T06:37:28Z,2026-09-16T17:36:06Z
ercot:HB_SOUTH,spp_dam,2026-09-18T04:00:00Z,37.43,USD/MWh,PT1H,US-TX,ercot_dam,HB_SOUTH,ercot:NP4-190-CD,https://www.ercot.com/misdownload/servlets/mirDownload?doclookupId=1275287943,2026-09-25T06:37:28Z,2026-09-16T17:36:06Z
ercot:HB_SOUTH,spp_dam,2026-09-18T05:00:00Z,34.44,USD/MWh,PT1H,US-TX,ercot_dam,HB_SOUTH,ercot:NP4-190-CD,https://www.ercot.com/misdownload/servlets/mirDownload?doclookupId=1275678653,2026-09-25T06:37:27Z,2026-09-17T17:33:44Z
ercot:HB_SOUTH,spp_dam,2026-09-18T06:00:00Z,32.21,USD/MWh,PT1H,US-TX,ercot_dam,HB_SOUTH,ercot:NP4-190-CD,https://www.ercot.com/misdownload/servlets/mirDownload?doclookupId=1275678653,2026-09-25T06:37:27Z,2026-09-17T17:33:44Z
ercot:HB_SOUTH,spp_dam,2026-09-18T07:00:00Z,31.04,USD/MWh,PT1H,US-TX,ercot_dam,HB_SOUTH,ercot:NP4-190-CD,https://www.ercot.com/misdownload/servlets/mirDownload?doclookupId=1275678653,2026-09-25T06:37:27Z,2026-09-17T17:33:44Z
ercot:HB_SOUTH,spp_dam,2026-09-18T08:00:00Z,29.95,USD/MWh,PT1H,US-TX,ercot_dam,HB_SOUTH,ercot:NP4-190-CD,https://www.ercot.com/misdownload/servlets/mirDownload?doclookupId=1275678653,2026-09-25T06:37:27Z,2026-09-17T17:33:44Z
ercot:HB_SOUTH,spp_dam,2026-09-18T09:00:00Z,30.84,USD/MWh,PT1H,US-TX,ercot_dam,HB_SOUTH,ercot:NP4-190-CD,https://www.ercot.com/misdownload/servlets/mirDownload?doclookupId=1275678653,2026-09-25T06:37:27Z,2026-09-17T17:33:44Z
ercot:HB_SOUTH,spp_dam,2026-09-18T10:00:00Z,35.31,USD/MWh,PT1H,US-TX,ercot_dam,HB_SOUTH,ercot:NP4-190-CD,https://www.ercot.com/misdownload/servlets/mirDownload?doclookupId=1275678653,2026-09-25T06:37:27Z,2026-09-17T17:33:44Z
ercot:HB_SOUTH,spp_dam,2026-09-18T11:00:00Z,41.41,USD/MWh,PT1H,US-TX,ercot_dam,HB_SOUTH,ercot:NP4-190-CD,https://www.ercot.com/misdownload/servlets/mirDownload?doclookupId=1275678653,2026-09-25T06:37:27Z,2026-09-17T17:33:44Z
ercot:HB_SOUTH,spp_dam,2026-09-18T12:00:00Z,40.92,USD/MWh,PT1H,US-TX,ercot_dam,HB_SOUTH,ercot:NP4-190-CD,https://www.ercot.com/misdownload/servlets/mirDownload?doclookupId=1275678653,2026-09-25T06:37:27Z,2026-09-17T17:33:44Z
ercot:HB_SOUTH,spp_dam,2026-09-18T13:00:00Z,27.66,USD/MWh,PT1H,US-TX,ercot_dam,HB_SOUTH,ercot:NP4-190-CD,https://www.ercot.com/misdownload/servlets/mirDownload?doclookupId=1275678653,2026-09-25T06:37:27Z,2026-09-17T17:33:44Z
ercot:HB_SOUTH,spp_dam,2026-09-18T14:00:00Z,24.89,USD/MWh,PT1H,US-TX,ercot_dam,HB_SOUTH,ercot:NP4-190-CD,https://www.ercot.com/misdownload/servlets/mirDownload?doclookupId=1275678653,2026-09-25T06:37:27Z,2026-09-17T17:33:44Z
ercot:HB_SOUTH,spp_dam,2026-09-18T15:00:00Z,24.68,USD/MWh,PT1H,US-TX,ercot_dam,HB_SOUTH,ercot:NP4-190-CD,https://www.ercot.com/misdownload/servlets/mirDownload?doclookupId=1275678653,2026-09-25T06:37:27Z,2026-09-17T17:33:44Z
ercot:HB_SOUTH,spp_dam,2026-09-18T16:00:00Z,27.66,USD/MWh,PT1H,US-TX,ercot_dam,HB_SOUTH,ercot:NP4-190-CD,https://www.ercot.com/misdownload/servlets/mirDownload?doclookupId=1275678653,2026-09-25T06:37:27Z,2026-09-17T17:33:44Z
ercot:HB_SOUTH,spp_dam,2026-09-18T17:00:00Z,30.05,USD/MWh,PT1H,US-TX,ercot_dam,HB_SOUTH,ercot:NP4-190-CD,https://www.ercot.com/misdownload/servlets/mirDownload?doclookupId=1275678653,2026-09-25T06:37:27Z,2026-09-17T17:33:44Z
ercot:HB_SOUTH,spp_dam,2026-09-18T18:00:00Z,32.77,USD/MWh,PT1H,US-TX,ercot_dam,HB_SOUTH,ercot:NP4-190-CD,https://www.ercot.com/misdownload/servlets/mirDownload?doclookupId=1275678653,2026-09-25T06:37:27Z,2026-09-17T17:33:44Z
ercot:HB_SOUTH,spp_dam,2026-09-18T19:00:00Z,32.86,USD/MWh,PT1H,US-TX,ercot_dam,HB_SOUTH,ercot:NP4-190-CD,https://www.ercot.com/misdownload/servlets/mirDownload?doclookupId=1275678653,2026-09-25T06:37:27Z,2026-09-17T17:33:44Z
ercot:HB_SOUTH,spp_dam,2026-09-18T20:00:00Z,31.51,USD/MWh,PT1H,US-TX,ercot_dam,HB_SOUTH,ercot:NP4-190-CD,https://www.ercot.com/misdownload/servlets/mirDownload?doclookupId=1275678653,2026-09-25T06:37:27Z,2026-09-17T17:33:44Z
ercot:HB_SOUTH,spp_dam,2026-09-18T21:00:00Z,32.15,USD/MWh,PT1H,US-TX,ercot_dam,HB_SOUTH,ercot:NP4-190-CD,https://www.ercot.com/misdownload/servlets/mirDownload?doclookupId=1275678653,2026-09-25T06:37:27Z,2026-09-17T17:33:44Z
ercot:HB_SOUTH,spp_dam,2026-09-18T22:00:00Z,34.32,USD/MWh,PT1H,US-TX,ercot_dam,HB_SOUTH,ercot:NP4-190-CD,https://www.ercot.com/misdownload/servlets/mirDownload?doclookupId=1275678653,2026-09-25T06:37:27Z,2026-09-17T17:33:44Z
ercot:HB_SOUTH,spp_dam,2026-09-18T23:00:00Z,58.66,USD/MWh,PT1H,US-TX,ercot_dam,HB_SOUTH,ercot:NP4-190-CD,https://www.ercot.com/misdownload/servlets/mirDownload?doclookupId=1275678653,2026-09-25T06:37:27Z,2026-09-17T17:33:44Z
ercot:HB_SOUTH,spp_dam,2026-09-19T00:00:00Z,70.44,USD/MWh,PT1H,US-TX,ercot_dam,HB_SOUTH,ercot:NP4-190-CD,https://www.ercot.com/misdownload/servlets/mirDownload?doclookupId=1275678653,2026-09-25T06:37:27Z,2026-09-17T17:33:44Z
ercot:HB_SOUTH,spp_dam,2026-09-19T01:00:00Z,65.3,USD/MWh,PT1H,US-TX,ercot_dam,HB_SOUTH,ercot:NP4-190-CD,https://www.ercot.com/misdownload/servlets/mirDownload?doclookupId=1275678653,2026-09-25T06:37:27Z,2026-09-17T17:33:44Z
ercot:HB_SOUTH,spp_dam,2026-09-19T02:00:00Z,53.02,USD/MWh,PT1H,US-TX,ercot_dam,HB_SOUTH,ercot:NP4-190-CD,https://www.ercot.com/misdownload/servlets/mirDownload?doclookupId=1275678653,2026-09-25T06:37:27Z,2026-09-17T17:33:44Z
ercot:HB_SOUTH,spp_dam,2026-09-19T03:00:00Z,40.66,USD/MWh,PT1H,US-TX,ercot_dam,HB_SOUTH,ercot:NP4-190-CD,https://www.ercot.com/misdownload/servlets/mirDownload?doclookupId=1275678653,2026-09-25T06:37:27Z,2026-09-17T17:33:44Z
ercot:HB_SOUTH,spp_dam,2026-09-19T04:00:00Z,32.23,USD/MWh,PT1H,US-TX,ercot_dam,HB_SOUTH,ercot:NP4-190-CD,https://www.ercot.com/misdownload/servlets/mirDownload?doclookupId=1275678653,2026-09-25T06:37:27Z,2026-09-17T17:33:44Z
ercot:HB_SOUTH,spp_dam,2026-09-19T05:00:00Z,35.0,USD/MWh,PT1H,US-TX,ercot_dam,HB_SOUTH,ercot:NP4-190-CD,https://www.ercot.com/misdownload/servlets/mirDownload?doclookupId=1276076285,2026-09-25T06:37:26Z,2026-09-18T17:32:52Z
ercot:HB_SOUTH,spp_dam,2026-09-19T06:00:00Z,29.98,USD/MWh,PT1H,US-TX,ercot_dam,HB_SOUTH,ercot:NP4-190-CD,https://www.ercot.com/misdownload/servlets/mirDownload?doclookupId=1276076285,2026-09-25T06:37:26Z,2026-09-18T17:32:52Z
ercot:HB_SOUTH,spp_dam,2026-09-19T07:00:00Z,27.97,USD/MWh,PT1H,US-TX,ercot_dam,HB_SOUTH,ercot:NP4-190-CD,https://www.ercot.com/misdownload/servlets/mirDownload?doclookupId=1276076285,2026-09-25T06:37:26Z,2026-09-18T17:32:52Z
ercot:HB_SOUTH,spp_dam,2026-09-19T08:00:00Z,27.28,USD/MWh,PT1H,US-TX,ercot_dam,HB_SOUTH,ercot:NP4-190-CD,https://www.ercot.com/misdownload/servlets/mirDownload?doclookupId=1276076285,2026-09-25T06:37:26Z,2026-09-18T17:32:52Z
ercot:HB_SOUTH,spp_dam,2026-09-19T09:00:00Z,27.61,USD/MWh,PT1H,US-TX,ercot_dam,HB_SOUTH,ercot:NP4-190-CD,https://www.ercot.com/misdownload/servlets/mirDownload?doclookupId=1276076285,2026-09-25T06:37:26Z,2026-09-18T17:32:52Z
ercot:HB_SOUTH,spp_dam,2026-09-19T10:00:00Z,30.01,USD/MWh,PT1H,US-TX,ercot_dam,HB_SOUTH,ercot:NP4-190-CD,https://www.ercot.com/misdownload/servlets/mirDownload?doclookupId=1276076285,2026-09-25T06:37:26Z,2026-09-18T17:32:52Z
ercot:HB_SOUTH,spp_dam,2026-09-19T11:00:00Z,31.77,USD/MWh,PT1H,US-TX,ercot_dam,HB_SOUTH,ercot:NP4-190-CD,https://www.ercot.com/misdownload/servlets/mirDownload?doclookupId=1276076285,2026-09-25T06:37:26Z,2026-09-18T17:32:52Z
ercot:HB_SOUTH,spp_dam,2026-09-19T12:00:00Z,31.35,USD/MWh,PT1H,US-TX,ercot_dam,HB_SOUTH,ercot:NP4-190-CD,https://www.ercot.com/misdownload/servlets/mirDownload?doclookupId=1276076285,2026-09-25T06:37:26Z,2026-09-18T17:32:52Z
ercot:HB_SOUTH,spp_dam,2026-09-19T13:00:00Z,24.5,USD/MWh,PT1H,US-TX,ercot_dam,HB_SOUTH,ercot:NP4-190-CD,https://www.ercot.com/misdownload/servlets/mirDownload?doclookupId=1276076285,2026-09-25T06:37:26Z,2026-09-18T17:32:52Z
ercot:HB_SOUTH,spp_dam,2026-09-19T14:00:00Z,22.09,USD/MWh,PT1H,US-TX,ercot_dam,HB_SOUTH,ercot:NP4-190-CD,https://www.ercot.com/misdownload/servlets/mirDownload?doclookupId=1276076285,2026-09-25T06:37:26Z,2026-09-18T17:32:52Z
ercot:HB_SOUTH,spp_dam,2026-09-19T15:00:00Z,23.25,USD/MWh,PT1H,US-TX,ercot_dam,HB_SOUTH,ercot:NP4-190-CD,https://www.ercot.com/misdownload/servlets/mirDownload?doclookupId=1276076285,2026-09-25T06:37:26Z,2026-09-18T17:32:52Z
ercot:HB_SOUTH,spp_dam,2026-09-19T16:00:00Z,25.96,USD/MWh,PT1H,US-TX,ercot_dam,HB_SOUTH,ercot:NP4-190-CD,https://www.ercot.com/misdownload/servlets/mirDownload?doclookupId=1276076285,2026-09-25T06:37:26Z,2026-09-18T17:32:52Z
ercot:HB_SOUTH,spp_dam,2026-09-19T17:00:00Z,29.57,USD/MWh,PT1H,US-TX,ercot_dam,HB_SOUTH,ercot:NP4-190-CD,https://www.ercot.com/misdownload/servlets/mirDownload?doclookupId=1276076285,2026-09-25T06:37:26Z,2026-09-18T17:32:52Z
ercot:HB_SOUTH,spp_dam,2026-09-19T18:00:00Z,33.88,USD/MWh,PT1H,US-TX,ercot_dam,HB_SOUTH,ercot:NP4-190-CD,https://www.ercot.com/misdownload/servlets/mirDownload?doclookupId=1276076285,2026-09-25T06:37:26Z,2026-09-18T17:32:52Z
ercot:HB_SOUTH,spp_dam,2026-09-19T19:00:00Z,33.47,USD/MWh,PT1H,US-TX,ercot_dam,HB_SOUTH,ercot:NP4-190-CD,https://www.ercot.com/misdownload/servlets/mirDownload?doclookupId=1276076285,2026-09-25T06:37:26Z,2026-09-18T17:32:52Z
ercot:HB_SOUTH,spp_dam,2026-09-19T20:00:00Z,35.0,USD/MWh,PT1H,US-TX,ercot_dam,HB_SOUTH,ercot:NP4-190-CD,https://www.ercot.com/misdownload/servlets/mirDownload?doclookupId=1276076285,2026-09-25T06:37:26Z,2026-09-18T17:32:52Z
ercot:HB_SOUTH,spp_dam,2026-09-19T21:00:00Z,34.04,USD/MWh,PT1H,US-TX,ercot_dam,HB_SOUTH,ercot:NP4-190-CD,https://www.ercot.com/misdownload/servlets/mirDownload?doclookupId=1276076285,2026-09-25T06:37:26Z,2026-09-18T17:32:52Z
ercot:HB_SOUTH,spp_dam,2026-09-19T22:00:00Z,42.88,USD/MWh,PT1H,US-TX,ercot_dam,HB_SOUTH,ercot:NP4-190-CD,https://www.ercot.com/misdownload/servlets/mirDownload?doclookupId=1276076285,2026-09-25T06:37:26Z,2026-09-18T17:32:52Z
ercot:HB_SOUTH,spp_dam,2026-09-19T23:00:00Z,65.89,USD/MWh,PT1H,US-TX,ercot_dam,HB_SOUTH,ercot:NP4-190-CD,https://www.ercot.com/misdownload/servlets/mirDownload?doclookupId=1276076285,2026-09-25T06:37:26Z,2026-09-18T17:32:52Z
ercot:HB_SOUTH,spp_dam,2026-09-20T00:00:00Z,78.9,USD/MWh,PT1H,US-TX,ercot_dam,HB_SOUTH,ercot:NP4-190-CD,https://www.ercot.com/misdownload/servlets/mirDownload?doclookupId=1276076285,2026-09-25T06:37:26Z,2026-09-18T17:32:52Z
ercot:HB_SOUTH,spp_dam,2026-09-20T01:00:00Z,66.43,USD/MWh,PT1H,US-TX,ercot_dam,HB_SOUTH,ercot:NP4-190-CD,https://www.ercot.com/misdownload/servlets/mirDownload?doclookupId=1276076285,2026-09-25T06:37:26Z,2026-09-18T17:32:52Z
ercot:HB_SOUTH,spp_dam,2026-09-20T02:00:00Z,58.55,USD/MWh,PT1H,US-TX,ercot_dam,HB_SOUTH,ercot:NP4-190-CD,https://www.ercot.com/misdownload/servlets/mirDownload?doclookupId=1276076285,2026-09-25T06:37:26Z,2026-09-18T17:32:52Z
ercot:HB_SOUTH,spp_dam,2026-09-20T03:00:00Z,43.56,USD/MWh,PT1H,US-TX,ercot_dam,HB_SOUTH,ercot:NP4-190-CD,https://www.ercot.com/misdownload/servlets/mirDownload?doclookupId=1276076285,2026-09-25T06:37:26Z,2026-09-18T17:32:52Z
ercot:HB_SOUTH,spp_dam,2026-09-20T04:00:00Z,36.01,USD/MWh,PT1H,US-TX,ercot_dam,HB_SOUTH,ercot:NP4-190-CD,https://www.ercot.com/misdownload/servlets/mirDownload?doclookupId=1276076285,2026-09-25T06:37:26Z,2026-09-18T17:32:52Z
ercot:HB_SOUTH,spp_dam,2026-09-20T05:00:00Z,36.3,USD/MWh,PT1H,US-TX,ercot_dam,HB_SOUTH,ercot:NP4-190-CD,https://www.ercot.com/misdownload/servlets/mirDownload?doclookupId=1276470243,2026-09-25T06:37:25Z,2026-09-19T17:35:07Z
ercot:HB_SOUTH,spp_dam,2026-09-20T06:00:00Z,33.0,USD/MWh,PT1H,US-TX,ercot_dam,HB_SOUTH,ercot:NP4-190-CD,https://www.ercot.com/misdownload/servlets/mirDownload?doclookupId=1276470243,2026-09-25T06:37:25Z,2026-09-19T17:35:07Z
ercot:HB_SOUTH,spp_dam,2026-09-20T07:00:00Z,32.07,USD/MWh,PT1H,US-TX,ercot_dam,HB_SOUTH,ercot:NP4-190-CD,https://www.ercot.com/misdownload/servlets/mirDownload?doclookupId=1276470243,2026-09-25T06:37:25Z,2026-09-19T17:35:07Z
ercot:HB_SOUTH,spp_dam,2026-09-20T08:00:00Z,31.51,USD/MWh,PT1H,US-TX,ercot_dam,HB_SOUTH,ercot:NP4-190-CD,https://www.ercot.com/misdownload/servlets/mirDownload?doclookupId=1276470243,2026-09-25T06:37:25Z,2026-09-19T17:35:07Z
ercot:HB_SOUTH,spp_dam,2026-09-20T09:00:00Z,30.36,USD/MWh,PT1H,US-TX,ercot_dam,HB_SOUTH,ercot:NP4-190-CD,https://www.ercot.com/misdownload/servlets/mirDownload?doclookupId=1276470243,2026-09-25T06:37:25Z,2026-09-19T17:35:07Z
ercot:HB_SOUTH,spp_dam,2026-09-20T10:00:00Z,30.01,USD/MWh,PT1H,US-TX,ercot_dam,HB_SOUTH,ercot:NP4-190-CD,https://www.ercot.com/misdownload/servlets/mirDownload?doclookupId=1276470243,2026-09-25T06:37:25Z,2026-09-19T17:35:07Z
ercot:HB_SOUTH,spp_dam,2026-09-20T11:00:00Z,31.2,USD/MWh,PT1H,US-TX,ercot_dam,HB_SOUTH,ercot:NP4-190-CD,https://www.ercot.com/misdownload/servlets/mirDownload?doclookupId=1276470243,2026-09-25T06:37:25Z,2026-09-19T17:35:07Z
ercot:HB_SOUTH,spp_dam,2026-09-20T12:00:00Z,30.91,USD/MWh,PT1H,US-TX,ercot_dam,HB_SOUTH,ercot:NP4-190-CD,https://www.ercot.com/misdownload/servlets/mirDownload?doclookupId=1276470243,2026-09-25T06:37:25Z,2026-09-19T17:35:07Z
ercot:HB_SOUTH,spp_dam,2026-09-20T13:00:00Z,25.68,USD/MWh,PT1H,US-TX,ercot_dam,HB_SOUTH,ercot:NP4-190-CD,https://www.ercot.com/misdownload/servlets/mirDownload?doclookupId=1276470243,2026-09-25T06:37:25Z,2026-09-19T17:35:07Z
ercot:HB_SOUTH,spp_dam,2026-09-20T14:00:00Z,24.03,USD/MWh,PT1H,US-TX,ercot_dam,HB_SOUTH,ercot:NP4-190-CD,https://www.ercot.com/misdownload/servlets/mirDownload?doclookupId=1276470243,2026-09-25T06:37:25Z,2026-09-19T17:35:07Z
ercot:HB_SOUTH,spp_dam,2026-09-20T15:00:00Z,25.27,USD/MWh,PT1H,US-TX,ercot_dam,HB_SOUTH,ercot:NP4-190-CD,https://www.ercot.com/misdownload/servlets/mirDownload?doclookupId=1276470243,2026-09-25T06:37:25Z,2026-09-19T17:35:07Z
ercot:HB_SOUTH,spp_dam,2026-09-20T16:00:00Z,27.89,USD/MWh,PT1H,US-TX,ercot_dam,HB_SOUTH,ercot:NP4-190-CD,https://www.ercot.com/misdownload/servlets/mirDownload?doclookupId=1276470243,2026-09-25T06:37:25Z,2026-09-19T17:35:07Z
ercot:HB_SOUTH,spp_dam,2026-09-20T17:00:00Z,34.35,USD/MWh,PT1H,US-TX,ercot_dam,HB_SOUTH,ercot:NP4-190-CD,https://www.ercot.com/misdownload/servlets/mirDownload?doclookupId=1276470243,2026-09-25T06:37:25Z,2026-09-19T17:35:07Z
ercot:HB_SOUTH,spp_dam,2026-09-20T18:00:00Z,41.68,USD/MWh,PT1H,US-TX,ercot_dam,HB_SOUTH,ercot:NP4-190-CD,https://www.ercot.com/misdownload/servlets/mirDownload?doclookupId=1276470243,2026-09-25T06:37:25Z,2026-09-19T17:35:07Z
ercot:HB_SOUTH,spp_dam,2026-09-20T19:00:00Z,45.07,USD/MWh,PT1H,US-TX,ercot_dam,HB_SOUTH,ercot:NP4-190-CD,https://www.ercot.com/misdownload/servlets/mirDownload?doclookupId=1276470243,2026-09-25T06:37:25Z,2026-09-19T17:35:07Z
ercot:HB_SOUTH,spp_dam,2026-09-20T20:00:00Z,50.04,USD/MWh,PT1H,US-TX,ercot_dam,HB_SOUTH,ercot:NP4-190-CD,https://www.ercot.com/misdownload/servlets/mirDownload?doclookupId=1276470243,2026-09-25T06:37:25Z,2026-09-19T17:35:07Z
ercot:HB_SOUTH,spp_dam,2026-09-20T21:00:00Z,55.0,USD/MWh,PT1H,US-TX,ercot_dam,HB_SOUTH,ercot:NP4-190-CD,https://www.ercot.com/misdownload/servlets/mirDownload?doclookupId=1276470243,2026-09-25T06:37:25Z,2026-09-19T17:35:07Z
ercot:HB_SOUTH,spp_dam,2026-09-20T22:00:00Z,67.91,USD/MWh,PT1H,US-TX,ercot_dam,HB_SOUTH,ercot:NP4-190-CD,https://www.ercot.com/misdownload/servlets/mirDownload?doclookupId=1276470243,2026-09-25T06:37:25Z,2026-09-19T17:35:07Z
ercot:HB_SOUTH,spp_dam,2026-09-20T23:00:00Z,96.5,USD/MWh,PT1H,US-TX,ercot_dam,HB_SOUTH,ercot:NP4-190-CD,https://www.ercot.com/misdownload/servlets/mirDownload?doclookupId=1276470243,2026-09-25T06:37:25Z,2026-09-19T17:35:07Z
ercot:HB_SOUTH,spp_dam,2026-09-21T00:00:00Z,100.77,USD/MWh,PT1H,US-TX,ercot_dam,HB_SOUTH,ercot:NP4-190-CD,https://www.ercot.com/misdownload/servlets/mirDownload?doclookupId=1276470243,2026-09-25T06:37:25Z,2026-09-19T17:35:07Z
ercot:HB_SOUTH,spp_dam,2026-09-21T01:00:00Z,94.07,USD/MWh,PT1H,US-TX,ercot_dam,HB_SOUTH,ercot:NP4-190-CD,https://www.ercot.com/misdownload/servlets/mirDownload?doclookupId=1276470243,2026-09-25T06:37:25Z,2026-09-19T17:35:07Z
ercot:HB_SOUTH,spp_dam,2026-09-21T02:00:00Z,96.6,USD/MWh,PT1H,US-TX,ercot_dam,HB_SOUTH,ercot:NP4-190-CD,https://www.ercot.com/misdownload/servlets/mirDownload?doclookupId=1276470243,2026-09-25T06:37:25Z,2026-09-19T17:35:07Z
ercot:HB_SOUTH,spp_dam,2026-09-21T03:00:00Z,73.58,USD/MWh,PT1H,US-TX,ercot_dam,HB_SOUTH,ercot:NP4-190-CD,https://www.ercot.com/misdownload/servlets/mirDownload?doclookupId=1276470243,2026-09-25T06:37:25Z,2026-09-19T17:35:07Z
ercot:HB_SOUTH,spp_dam,2026-09-21T04:00:00Z,46.33,USD/MWh,PT1H,US-TX,ercot_dam,HB_SOUTH,ercot:NP4-190-CD,https://www.ercot.com/misdownload/servlets/mirDownload?doclookupId=1276470243,2026-09-25T06:37:25Z,2026-09-19T17:35:07Z
ercot:HB_SOUTH,spp_dam,2026-09-21T05:00:00Z,41.74,USD/MWh,PT1H,US-TX,ercot_dam,HB_SOUTH,ercot:NP4-190-CD,https://www.ercot.com/misdownload/servlets/mirDownload?doclookupId=1276864315,2026-09-25T06:37:24Z,2026-09-20T18:00:57Z
ercot:HB_SOUTH,spp_dam,2026-09-21T06:00:00Z,40.31,USD/MWh,PT1H,US-TX,ercot_dam,HB_SOUTH,ercot:NP4-190-CD,https://www.ercot.com/misdownload/servlets/mirDownload?doclookupId=1276864315,2026-09-25T06:37:24Z,2026-09-20T18:00:57Z
ercot:HB_SOUTH,spp_dam,2026-09-21T07:00:00Z,41.8,USD/MWh,PT1H,US-TX,ercot_dam,HB_SOUTH,ercot:NP4-190-CD,https://www.ercot.com/misdownload/servlets/mirDownload?doclookupId=1276864315,2026-09-25T06:37:24Z,2026-09-20T18:00:57Z
ercot:HB_SOUTH,spp_dam,2026-09-21T08:00:00Z,42.67,USD/MWh,PT1H,US-TX,ercot_dam,HB_SOUTH,ercot:NP4-190-CD,https://www.ercot.com/misdownload/servlets/mirDownload?doclookupId=1276864315,2026-09-25T06:37:24Z,2026-09-20T18:00:57Z
ercot:HB_SOUTH,spp_dam,2026-09-21T09:00:00Z,43.62,USD/MWh,PT1H,US-TX,ercot_dam,HB_SOUTH,ercot:NP4-190-CD,https://www.ercot.com/misdownload/servlets/mirDownload?doclookupId=1276864315,2026-09-25T06:37:24Z,2026-09-20T18:00:57Z
ercot:HB_SOUTH,spp_dam,2026-09-21T10:00:00Z,51.6,USD/MWh,PT1H,US-TX,ercot_dam,HB_SOUTH,ercot:NP4-190-CD,https://www.ercot.com/misdownload/servlets/mirDownload?doclookupId=1276864315,2026-09-25T06:37:24Z,2026-09-20T18:00:57Z
ercot:HB_SOUTH,spp_dam,2026-09-21T11:00:00Z,60.0,USD/MWh,PT1H,US-TX,ercot_dam,HB_SOUTH,ercot:NP4-190-CD,https://www.ercot.com/misdownload/servlets/mirDownload?doclookupId=1276864315,2026-09-25T06:37:24Z,2026-09-20T18:00:57Z
ercot:HB_SOUTH,spp_dam,2026-09-21T12:00:00Z,52.01,USD/MWh,PT1H,US-TX,ercot_dam,HB_SOUTH,ercot:NP4-190-CD,https://www.ercot.com/misdownload/servlets/mirDownload?doclookupId=1276864315,2026-09-25T06:37:24Z,2026-09-20T18:00:57Z
ercot:HB_SOUTH,spp_dam,2026-09-21T13:00:00Z,39.66,USD/MWh,PT1H,US-TX,ercot_dam,HB_SOUTH,ercot:NP4-190-CD,https://www.ercot.com/misdownload/servlets/mirDownload?doclookupId=1276864315,2026-09-25T06:37:24Z,2026-09-20T18:00:57Z
ercot:HB_SOUTH,spp_dam,2026-09-21T14:00:00Z,32.08,USD/MWh,PT1H,US-TX,ercot_dam,HB_SOUTH,ercot:NP4-190-CD,https://www.ercot.com/misdownload/servlets/mirDownload?doclookupId=1276864315,2026-09-25T06:37:24Z,2026-09-20T18:00:57Z
ercot:HB_SOUTH,spp_dam,2026-09-21T15:00:00Z,32.14,USD/MWh,PT1H,US-TX,ercot_dam,HB_SOUTH,ercot:NP4-190-CD,https://www.ercot.com/misdownload/servlets/mirDownload?doclookupId=1276864315,2026-09-25T06:37:24Z,2026-09-20T18:00:57Z
ercot:HB_SOUTH,spp_dam,2026-09-21T16:00:00Z,36.2,USD/MWh,PT1H,US-TX,ercot_dam,HB_SOUTH,ercot:NP4-190-CD,https://www.ercot.com/misdownload/servlets/mirDownload?doclookupId=1276864315,2026-09-25T06:37:24Z,2026-09-20T18:00:57Z
ercot:HB_SOUTH,spp_dam,2026-09-21T17:00:00Z,42.31,USD/MWh,PT1H,US-TX,ercot_dam,HB_SOUTH,ercot:NP4-190-CD,https://www.ercot.com/misdownload/servlets/mirDownload?doclookupId=1276864315,2026-09-25T06:37:24Z,2026-09-20T18:00:57Z
ercot:HB_SOUTH,spp_dam,2026-09-21T18:00:00Z,51.22,USD/MWh,PT1H,US-TX,ercot_dam,HB_SOUTH,ercot:NP4-190-CD,https://www.ercot.com/misdownload/servlets/mirDownload?doclookupId=1276864315,2026-09-25T06:37:24Z,2026-09-20T18:00:57Z
ercot:HB_SOUTH,spp_dam,2026-09-21T19:00:00Z,53.02,USD/MWh,PT1H,US-TX,ercot_dam,HB_SOUTH,ercot:NP4-190-CD,https://www.ercot.com/misdownload/servlets/mirDownload?doclookupId=1276864315,2026-09-25T06:37:24Z,2026-09-20T18:00:57Z
ercot:HB_SOUTH,spp_dam,2026-09-21T20:00:00Z,60.1,USD/MWh,PT1H,US-TX,ercot_dam,HB_SOUTH,ercot:NP4-190-CD,https://www.ercot.com/misdownload/servlets/mirDownload?doclookupId=1276864315,2026-09-25T06:37:24Z,2026-09-20T18:00:57Z
ercot:HB_SOUTH,spp_dam,2026-09-21T21:00:00Z,62.78,USD/MWh,PT1H,US-TX,ercot_dam,HB_SOUTH,ercot:NP4-190-CD,https://www.ercot.com/misdownload/servlets/mirDownload?doclookupId=1276864315,2026-09-25T06:37:24Z,2026-09-20T18:00:57Z
ercot:HB_SOUTH,spp_dam,2026-09-21T22:00:00Z,61.43,USD/MWh,PT1H,US-TX,ercot_dam,HB_SOUTH,ercot:NP4-190-CD,https://www.ercot.com/misdownload/servlets/mirDownload?doclookupId=1276864315,2026-09-25T06:37:24Z,2026-09-20T18:00:57Z
ercot:HB_SOUTH,spp_dam,2026-09-21T23:00:00Z,94.29,USD/MWh,PT1H,US-TX,ercot_dam,HB_SOUTH,ercot:NP4-190-CD,https://www.ercot.com/misdownload/servlets/mirDownload?doclookupId=1276864315,2026-09-25T06:37:24Z,2026-09-20T18:00:57Z
ercot:HB_SOUTH,spp_dam,2026-09-22T00:00:00Z,110.78,USD/MWh,PT1H,US-TX,ercot_dam,HB_SOUTH,ercot:NP4-190-CD,https://www.ercot.com/misdownload/servlets/mirDownload?doclookupId=1276864315,2026-09-25T06:37:24Z,2026-09-20T18:00:57Z
ercot:HB_SOUTH,spp_dam,2026-09-22T01:00:00Z,108.09,USD/MWh,PT1H,US-TX,ercot_dam,HB_SOUTH,ercot:NP4-190-CD,https://www.ercot.com/misdownload/servlets/mirDownload?doclookupId=1276864315,2026-09-25T06:37:24Z,2026-09-20T18:00:57Z
ercot:HB_SOUTH,spp_dam,2026-09-22T02:00:00Z,106.59,USD/MWh,PT1H,US-TX,ercot_dam,HB_SOUTH,ercot:NP4-190-CD,https://www.ercot.com/misdownload/servlets/mirDownload?doclookupId=1276864315,2026-09-25T06:37:24Z,2026-09-20T18:00:57Z
ercot:HB_SOUTH,spp_dam,2026-09-22T03:00:00Z,90.29,USD/MWh,PT1H,US-TX,ercot_dam,HB_SOUTH,ercot:NP4-190-CD,https://www.ercot.com/misdownload/servlets/mirDownload?doclookupId=1276864315,2026-09-25T06:37:24Z,2026-09-20T18:00:57Z
ercot:HB_SOUTH,spp_dam,2026-09-22T04:00:00Z,62.71,USD/MWh,PT1H,US-TX,ercot_dam,HB_SOUTH,ercot:NP4-190-CD,https://www.ercot.com/misdownload/servlets/mirDownload?doclookupId=1276864315,2026-09-25T06:37:24Z,2026-09-20T18:00:57Z
ercot:HB_SOUTH,spp_dam,2026-09-22T05:00:00Z,41.1,USD/MWh,PT1H,US-TX,ercot_dam,HB_SOUTH,ercot:NP4-190-CD,https://www.ercot.com/misdownload/servlets/mirDownload?doclookupId=1277258060,2026-09-25T19:48:54Z,2026-09-21T17:32:44Z
ercot:HB_SOUTH,spp_dam,2026-09-22T06:00:00Z,38.04,USD/MWh,PT1H,US-TX,ercot_dam,HB_SOUTH,ercot:NP4-190-CD,https://www.ercot.com/misdownload/servlets/mirDownload?doclookupId=1277258060,2026-09-25T19:48:54Z,2026-09-21T17:32:44Z
ercot:HB_SOUTH,spp_dam,2026-09-22T07:00:00Z,37.49,USD/MWh,PT1H,US-TX,ercot_dam,HB_SOUTH,ercot:NP4-190-CD,https://www.ercot.com/misdownload/servlets/mirDownload?doclookupId=1277258060,2026-09-25T19:48:54Z,2026-09-21T17:32:44Z
ercot:HB_SOUTH,spp_dam,2026-09-22T08:00:00Z,37.28,USD/MWh,PT1H,US-TX,ercot_dam,HB_SOUTH,ercot:NP4-190-CD,https://www.ercot.com/misdownload/servlets/mirDownload?doclookupId=1277258060,2026-09-25T19:48:54Z,2026-09-21T17:32:44Z
ercot:HB_SOUTH,spp_dam,2026-09-22T09:00:00Z,37.36,USD/MWh,PT1H,US-TX,ercot_dam,HB_SOUTH,ercot:NP4-190-CD,https://www.ercot.com/misdownload/servlets/mirDownload?doclookupId=1277258060,2026-09-25T19:48:54Z,2026-09-21T17:32:44Z
ercot:HB_SOUTH,spp_dam,2026-09-22T10:00:00Z,41.02,USD/MWh,PT1H,US-TX,ercot_dam,HB_SOUTH,ercot:NP4-190-CD,https://www.ercot.com/misdownload/servlets/mirDownload?doclookupId=1277258060,2026-09-25T19:48:54Z,2026-09-21T17:32:44Z
ercot:HB_SOUTH,spp_dam,2026-09-22T11:00:00Z,46.01,USD/MWh,PT1H,US-TX,ercot_dam,HB_SOUTH,ercot:NP4-190-CD,https://www.ercot.com/misdownload/servlets/mirDownload?doclookupId=1277258060,2026-09-25T19:48:54Z,2026-09-21T17:32:44Z
ercot:HB_SOUTH,spp_dam,2026-09-22T12:00:00Z,44.16,USD/MWh,PT1H,US-TX,ercot_dam,HB_SOUTH,ercot:NP4-190-CD,https://www.ercot.com/misdownload/servlets/mirDownload?doclookupId=1277258060,2026-09-25T19:48:54Z,2026-09-21T17:32:44Z
ercot:HB_SOUTH,spp_dam,2026-09-22T13:00:00Z,29.98,USD/MWh,PT1H,US-TX,ercot_dam,HB_SOUTH,ercot:NP4-190-CD,https://www.ercot.com/misdownload/servlets/mirDownload?doclookupId=1277258060,2026-09-25T19:48:54Z,2026-09-21T17:32:44Z
ercot:HB_SOUTH,spp_dam,2026-09-22T14:00:00Z,27.16,USD/MWh,PT1H,US-TX,ercot_dam,HB_SOUTH,ercot:NP4-190-CD,https://www.ercot.com/misdownload/servlets/mirDownload?doclookupId=1277258060,2026-09-25T19:48:54Z,2026-09-21T17:32:44Z
ercot:HB_SOUTH,spp_dam,2026-09-22T15:00:00Z,29.5,USD/MWh,PT1H,US-TX,ercot_dam,HB_SOUTH,ercot:NP4-190-CD,https://www.ercot.com/misdownload/servlets/mirDownload?doclookupId=1277258060,2026-09-25T19:48:54Z,2026-09-21T17:32:44Z
ercot:HB_SOUTH,spp_dam,2026-09-22T16:00:00Z,32.26,USD/MWh,PT1H,US-TX,ercot_dam,HB_SOUTH,ercot:NP4-190-CD,https://www.ercot.com/misdownload/servlets/mirDownload?doclookupId=1277258060,2026-09-25T19:48:54Z,2026-09-21T17:32:44Z
ercot:HB_SOUTH,spp_dam,2026-09-22T17:00:00Z,36.32,USD/MWh,PT1H,US-TX,ercot_dam,HB_SOUTH,ercot:NP4-190-CD,https://www.ercot.com/misdownload/servlets/mirDownload?doclookupId=1277258060,2026-09-25T19:48:54Z,2026-09-21T17:32:44Z
ercot:HB_SOUTH,spp_dam,2026-09-22T18:00:00Z,41.74,USD/MWh,PT1H,US-TX,ercot_dam,HB_SOUTH,ercot:NP4-190-CD,https://www.ercot.com/misdownload/servlets/mirDownload?doclookupId=1277258060,2026-09-25T19:48:54Z,2026-09-21T17:32:44Z
ercot:HB_SOUTH,spp_dam,2026-09-22T19:00:00Z,42.13,USD/MWh,PT1H,US-TX,ercot_dam,HB_SOUTH,ercot:NP4-190-CD,https://www.ercot.com/misdownload/servlets/mirDownload?doclookupId=1277258060,2026-09-25T19:48:54Z,2026-09-21T17:32:44Z
ercot:HB_SOUTH,spp_dam,2026-09-22T20:00:00Z,42.81,USD/MWh,PT1H,US-TX,ercot_dam,HB_SOUTH,ercot:NP4-190-CD,https://www.ercot.com/misdownload/servlets/mirDownload?doclookupId=1277258060,2026-09-25T19:48:54Z,2026-09-21T17:32:44Z
ercot:HB_SOUTH,spp_dam,2026-09-22T21:00:00Z,46.16,USD/MWh,PT1H,US-TX,ercot_dam,HB_SOUTH,ercot:NP4-190-CD,https://www.ercot.com/misdownload/servlets/mirDownload?doclookupId=1277258060,2026-09-25T19:48:54Z,2026-09-21T17:32:44Z
ercot:HB_SOUTH,spp_dam,2026-09-22T22:00:00Z,56.01,USD/MWh,PT1H,US-TX,ercot_dam,HB_SOUTH,ercot:NP4-190-CD,https://www.ercot.com/misdownload/servlets/mirDownload?doclookupId=1277258060,2026-09-25T19:48:54Z,2026-09-21T17:32:44Z
ercot:HB_SOUTH,spp_dam,2026-09-22T23:00:00Z,90.0,USD/MWh,PT1H,US-TX,ercot_dam,HB_SOUTH,ercot:NP4-190-CD,https://www.ercot.com/misdownload/servlets/mirDownload?doclookupId=1277258060,2026-09-25T19:48:54Z,2026-09-21T17:32:44Z
ercot:HB_SOUTH,spp_dam,2026-09-23T00:00:00Z,93.72,USD/MWh,PT1H,US-TX,ercot_dam,HB_SOUTH,ercot:NP4-190-CD,https://www.ercot.com/misdownload/servlets/mirDownload?doclookupId=1277258060,2026-09-25T19:48:54Z,2026-09-21T17:32:44Z
ercot:HB_SOUTH,spp_dam,2026-09-23T01:00:00Z,92.16,USD/MWh,PT1H,US-TX,ercot_dam,HB_SOUTH,ercot:NP4-190-CD,https://www.ercot.com/misdownload/servlets/mirDownload?doclookupId=1277258060,2026-09-25T19:48:54Z,2026-09-21T17:32:44Z
ercot:HB_SOUTH,spp_dam,2026-09-23T02:00:00Z,80.5,USD/MWh,PT1H,US-TX,ercot_dam,HB_SOUTH,ercot:NP4-190-CD,https://www.ercot.com/misdownload/servlets/mirDownload?doclookupId=1277258060,2026-09-25T19:48:54Z,2026-09-21T17:32:44Z
ercot:HB_SOUTH,spp_dam,2026-09-23T03:00:00Z,59.87,USD/MWh,PT1H,US-TX,ercot_dam,HB_SOUTH,ercot:NP4-190-CD,https://www.ercot.com/misdownload/servlets/mirDownload?doclookupId=1277258060,2026-09-25T19:48:54Z,2026-09-21T17:32:44Z
ercot:HB_SOUTH,spp_dam,2026-09-23T04:00:00Z,43.39,USD/MWh,PT1H,US-TX,ercot_dam,HB_SOUTH,ercot:NP4-190-CD,https://www.ercot.com/misdownload/servlets/mirDownload?doclookupId=1277258060,2026-09-25T19:48:54Z,2026-09-21T17:32:44Z
ercot:HB_SOUTH,spp_dam,2026-09-23T05:00:00Z,37.96,USD/MWh,PT1H,US-TX,ercot_dam,HB_SOUTH,ercot:NP4-190-CD,https://www.ercot.com/misdownload/servlets/mirDownload?doclookupId=1277674202,2026-09-25T19:48:53Z,2026-09-22T17:45:50Z
ercot:HB_SOUTH,spp_dam,2026-09-23T06:00:00Z,35.89,USD/MWh,PT1H,US-TX,ercot_dam,HB_SOUTH,ercot:NP4-190-CD,https://www.ercot.com/misdownload/servlets/mirDownload?doclookupId=1277674202,2026-09-25T19:48:53Z,2026-09-22T17:45:50Z
ercot:HB_SOUTH,spp_dam,2026-09-23T07:00:00Z,33.49,USD/MWh,PT1H,US-TX,ercot_dam,HB_SOUTH,ercot:NP4-190-CD,https://www.ercot.com/misdownload/servlets/mirDownload?doclookupId=1277674202,2026-09-25T19:48:53Z,2026-09-22T17:45:50Z
ercot:HB_SOUTH,spp_dam,2026-09-23T08:00:00Z,32.91,USD/MWh,PT1H,US-TX,ercot_dam,HB_SOUTH,ercot:NP4-190-CD,https://www.ercot.com/misdownload/servlets/mirDownload?doclookupId=1277674202,2026-09-25T19:48:53Z,2026-09-22T17:45:50Z
ercot:HB_SOUTH,spp_dam,2026-09-23T09:00:00Z,33.48,USD/MWh,PT1H,US-TX,ercot_dam,HB_SOUTH,ercot:NP4-190-CD,https://www.ercot.com/misdownload/servlets/mirDownload?doclookupId=1277674202,2026-09-25T19:48:53Z,2026-09-22T17:45:50Z
ercot:HB_SOUTH,spp_dam,2026-09-23T10:00:00Z,37.52,USD/MWh,PT1H,US-TX,ercot_dam,HB_SOUTH,ercot:NP4-190-CD,https://www.ercot.com/misdownload/servlets/mirDownload?doclookupId=1277674202,2026-09-25T19:48:53Z,2026-09-22T17:45:50Z
ercot:HB_SOUTH,spp_dam,2026-09-23T11:00:00Z,41.56,USD/MWh,PT1H,US-TX,ercot_dam,HB_SOUTH,ercot:NP4-190-CD,https://www.ercot.com/misdownload/servlets/mirDownload?doclookupId=1277674202,2026-09-25T19:48:53Z,2026-09-22T17:45:50Z
ercot:HB_SOUTH,spp_dam,2026-09-23T12:00:00Z,38.51,USD/MWh,PT1H,US-TX,ercot_dam,HB_SOUTH,ercot:NP4-190-CD,https://www.ercot.com/misdownload/servlets/mirDownload?doclookupId=1277674202,2026-09-25T19:48:53Z,2026-09-22T17:45:50Z
ercot:HB_SOUTH,spp_dam,2026-09-23T13:00:00Z,30.35,USD/MWh,PT1H,US-TX,ercot_dam,HB_SOUTH,ercot:NP4-190-CD,https://www.ercot.com/misdownload/servlets/mirDownload?doclookupId=1277674202,2026-09-25T19:48:53Z,2026-09-22T17:45:50Z
ercot:HB_SOUTH,spp_dam,2026-09-23T14:00:00Z,29.8,USD/MWh,PT1H,US-TX,ercot_dam,HB_SOUTH,ercot:NP4-190-CD,https://www.ercot.com/misdownload/servlets/mirDownload?doclookupId=1277674202,2026-09-25T19:48:53Z,2026-09-22T17:45:50Z
ercot:HB_SOUTH,spp_dam,2026-09-23T15:00:00Z,29.06,USD/MWh,PT1H,US-TX,ercot_dam,HB_SOUTH,ercot:NP4-190-CD,https://www.ercot.com/misdownload/servlets/mirDownload?doclookupId=1277674202,2026-09-25T19:48:53Z,2026-09-22T17:45:50Z
ercot:HB_SOUTH,spp_dam,2026-09-23T16:00:00Z,30.71,USD/MWh,PT1H,US-TX,ercot_dam,HB_SOUTH,ercot:NP4-190-CD,https://www.ercot.com/misdownload/servlets/mirDownload?doclookupId=1277674202,2026-09-25T19:48:53Z,2026-09-22T17:45:50Z
ercot:HB_SOUTH,spp_dam,2026-09-23T17:00:00Z,33.78,USD/MWh,PT1H,US-TX,ercot_dam,HB_SOUTH,ercot:NP4-190-CD,https://www.ercot.com/misdownload/servlets/mirDownload?doclookupId=1277674202,2026-09-25T19:48:53Z,2026-09-22T17:45:50Z
ercot:HB_SOUTH,spp_dam,2026-09-23T18:00:00Z,38.14,USD/MWh,PT1H,US-TX,ercot_dam,HB_SOUTH,ercot:NP4-190-CD,https://www.ercot.com/misdownload/servlets/mirDownload?doclookupId=1277674202,2026-09-25T19:48:53Z,2026-09-22T17:45:50Z
ercot:HB_SOUTH,spp_dam,2026-09-23T19:00:00Z,38.51,USD/MWh,PT1H,US-TX,ercot_dam,HB_SOUTH,ercot:NP4-190-CD,https://www.ercot.com/misdownload/servlets/mirDownload?doclookupId=1277674202,2026-09-25T19:48:53Z,2026-09-22T17:45:50Z
ercot:HB_SOUTH,spp_dam,2026-09-23T20:00:00Z,41.89,USD/MWh,PT1H,US-TX,ercot_dam,HB_SOUTH,ercot:NP4-190-CD,https://www.ercot.com/misdownload/servlets/mirDownload?doclookupId=1277674202,2026-09-25T19:48:53Z,2026-09-22T17:45:50Z
ercot:HB_SOUTH,spp_dam,2026-09-23T21:00:00Z,45.71,USD/MWh,PT1H,US-TX,ercot_dam,HB_SOUTH,ercot:NP4-190-CD,https://www.ercot.com/misdownload/servlets/mirDownload?doclookupId=1277674202,2026-09-25T19:48:53Z,2026-09-22T17:45:50Z
ercot:HB_SOUTH,spp_dam,2026-09-23T22:00:00Z,55.44,USD/MWh,PT1H,US-TX,ercot_dam,HB_SOUTH,ercot:NP4-190-CD,https://www.ercot.com/misdownload/servlets/mirDownload?doclookupId=1277674202,2026-09-25T19:48:53Z,2026-09-22T17:45:50Z
ercot:HB_SOUTH,spp_dam,2026-09-23T23:00:00Z,80.19,USD/MWh,PT1H,US-TX,ercot_dam,HB_SOUTH,ercot:NP4-190-CD,https://www.ercot.com/misdownload/servlets/mirDownload?doclookupId=1277674202,2026-09-25T19:48:53Z,2026-09-22T17:45:50Z
ercot:HB_SOUTH,spp_dam,2026-09-24T00:00:00Z,83.31,USD/MWh,PT1H,US-TX,ercot_dam,HB_SOUTH,ercot:NP4-190-CD,https://www.ercot.com/misdownload/servlets/mirDownload?doclookupId=1277674202,2026-09-25T19:48:53Z,2026-09-22T17:45:50Z
ercot:HB_SOUTH,spp_dam,2026-09-24T01:00:00Z,79.81,USD/MWh,PT1H,US-TX,ercot_dam,HB_SOUTH,ercot:NP4-190-CD,https://www.ercot.com/misdownload/servlets/mirDownload?doclookupId=1277674202,2026-09-25T19:48:53Z,2026-09-22T17:45:50Z
ercot:HB_SOUTH,spp_dam,2026-09-24T02:00:00Z,65.93,USD/MWh,PT1H,US-TX,ercot_dam,HB_SOUTH,ercot:NP4-190-CD,https://www.ercot.com/misdownload/servlets/mirDownload?doclookupId=1277674202,2026-09-25T19:48:53Z,2026-09-22T17:45:50Z
ercot:HB_SOUTH,spp_dam,2026-09-24T03:00:00Z,45.14,USD/MWh,PT1H,US-TX,ercot_dam,HB_SOUTH,ercot:NP4-190-CD,https://www.ercot.com/misdownload/servlets/mirDownload?doclookupId=1277674202,2026-09-25T19:48:53Z,2026-09-22T17:45:50Z
ercot:HB_SOUTH,spp_dam,2026-09-24T04:00:00Z,36.22,USD/MWh,PT1H,US-TX,ercot_dam,HB_SOUTH,ercot:NP4-190-CD,https://www.ercot.com/misdownload/servlets/mirDownload?doclookupId=1277674202,2026-09-25T19:48:53Z,2026-09-22T17:45:50Z
ercot:HB_SOUTH,spp_dam,2026-09-24T05:00:00Z,35.95,USD/MWh,PT1H,US-TX,ercot_dam,HB_SOUTH,ercot:NP4-190-CD,https://www.ercot.com/misdownload/servlets/mirDownload?doclookupId=1278079530,2026-09-25T19:48:51Z,2026-09-23T18:16:21Z
ercot:HB_SOUTH,spp_dam,2026-09-24T06:00:00Z,32.7,USD/MWh,PT1H,US-TX,ercot_dam,HB_SOUTH,ercot:NP4-190-CD,https://www.ercot.com/misdownload/servlets/mirDownload?doclookupId=1278079530,2026-09-25T19:48:51Z,2026-09-23T18:16:21Z
ercot:HB_SOUTH,spp_dam,2026-09-24T07:00:00Z,31.81,USD/MWh,PT1H,US-TX,ercot_dam,HB_SOUTH,ercot:NP4-190-CD,https://www.ercot.com/misdownload/servlets/mirDownload?doclookupId=1278079530,2026-09-25T19:48:51Z,2026-09-23T18:16:21Z
ercot:HB_SOUTH,spp_dam,2026-09-24T08:00:00Z,31.83,USD/MWh,PT1H,US-TX,ercot_dam,HB_SOUTH,ercot:NP4-190-CD,https://www.ercot.com/misdownload/servlets/mirDownload?doclookupId=1278079530,2026-09-25T19:48:51Z,2026-09-23T18:16:21Z
ercot:HB_SOUTH,spp_dam,2026-09-24T09:00:00Z,32.24,USD/MWh,PT1H,US-TX,ercot_dam,HB_SOUTH,ercot:NP4-190-CD,https://www.ercot.com/misdownload/servlets/mirDownload?doclookupId=1278079530,2026-09-25T19:48:51Z,2026-09-23T18:16:21Z
ercot:HB_SOUTH,spp_dam,2026-09-24T10:00:00Z,36.44,USD/MWh,PT1H,US-TX,ercot_dam,HB_SOUTH,ercot:NP4-190-CD,https://www.ercot.com/misdownload/servlets/mirDownload?doclookupId=1278079530,2026-09-25T19:48:51Z,2026-09-23T18:16:21Z
ercot:HB_SOUTH,spp_dam,2026-09-24T11:00:00Z,37.28,USD/MWh,PT1H,US-TX,ercot_dam,HB_SOUTH,ercot:NP4-190-CD,https://www.ercot.com/misdownload/servlets/mirDownload?doclookupId=1278079530,2026-09-25T19:48:51Z,2026-09-23T18:16:21Z
ercot:HB_SOUTH,spp_dam,2026-09-24T12:00:00Z,37.0,USD/MWh,PT1H,US-TX,ercot_dam,HB_SOUTH,ercot:NP4-190-CD,https://www.ercot.com/misdownload/servlets/mirDownload?doclookupId=1278079530,2026-09-25T19:48:51Z,2026-09-23T18:16:21Z
ercot:HB_SOUTH,spp_dam,2026-09-24T13:00:00Z,31.05,USD/MWh,PT1H,US-TX,ercot_dam,HB_SOUTH,ercot:NP4-190-CD,https://www.ercot.com/misdownload/servlets/mirDownload?doclookupId=1278079530,2026-09-25T19:48:51Z,2026-09-23T18:16:21Z
ercot:HB_SOUTH,spp_dam,2026-09-24T14:00:00Z,28.46,USD/MWh,PT1H,US-TX,ercot_dam,HB_SOUTH,ercot:NP4-190-CD,https://www.ercot.com/misdownload/servlets/mirDownload?doclookupId=1278079530,2026-09-25T19:48:51Z,2026-09-23T18:16:21Z
ercot:HB_SOUTH,spp_dam,2026-09-24T15:00:00Z,27.11,USD/MWh,PT1H,US-TX,ercot_dam,HB_SOUTH,ercot:NP4-190-CD,https://www.ercot.com/misdownload/servlets/mirDownload?doclookupId=1278079530,2026-09-25T19:48:51Z,2026-09-23T18:16:21Z
ercot:HB_SOUTH,spp_dam,2026-09-24T16:00:00Z,27.2,USD/MWh,PT1H,US-TX,ercot_dam,HB_SOUTH,ercot:NP4-190-CD,https://www.ercot.com/misdownload/servlets/mirDownload?doclookupId=1278079530,2026-09-25T19:48:51Z,2026-09-23T18:16:21Z
ercot:HB_SOUTH,spp_dam,2026-09-24T17:00:00Z,28.06,USD/MWh,PT1H,US-TX,ercot_dam,HB_SOUTH,ercot:NP4-190-CD,https://www.ercot.com/misdownload/servlets/mirDownload?doclookupId=1278079530,2026-09-25T19:48:51Z,2026-09-23T18:16:21Z
ercot:HB_SOUTH,spp_dam,2026-09-24T18:00:00Z,30.32,USD/MWh,PT1H,US-TX,ercot_dam,HB_SOUTH,ercot:NP4-190-CD,https://www.ercot.com/misdownload/servlets/mirDownload?doclookupId=1278079530,2026-09-25T19:48:51Z,2026-09-23T18:16:21Z
ercot:HB_SOUTH,spp_dam,2026-09-24T19:00:00Z,34.71,USD/MWh,PT1H,US-TX,ercot_dam,HB_SOUTH,ercot:NP4-190-CD,https://www.ercot.com/misdownload/servlets/mirDownload?doclookupId=1278079530,2026-09-25T19:48:51Z,2026-09-23T18:16:21Z
ercot:HB_SOUTH,spp_dam,2026-09-24T20:00:00Z,34.79,USD/MWh,PT1H,US-TX,ercot_dam,HB_SOUTH,ercot:NP4-190-CD,https://www.ercot.com/misdownload/servlets/mirDownload?doclookupId=1278079530,2026-09-25T19:48:51Z,2026-09-23T18:16:21Z
ercot:HB_SOUTH,spp_dam,2026-09-24T21:00:00Z,36.92,USD/MWh,PT1H,US-TX,ercot_dam,HB_SOUTH,ercot:NP4-190-CD,https://www.ercot.com/misdownload/servlets/mirDownload?doclookupId=1278079530,2026-09-25T19:48:51Z,2026-09-23T18:16:21Z
ercot:HB_SOUTH,spp_dam,2026-09-24T22:00:00Z,43.67,USD/MWh,PT1H,US-TX,ercot_dam,HB_SOUTH,ercot:NP4-190-CD,https://www.ercot.com/misdownload/servlets/mirDownload?doclookupId=1278079530,2026-09-25T19:48:51Z,2026-09-23T18:16:21Z
ercot:HB_SOUTH,spp_dam,2026-09-24T23:00:00Z,68.39,USD/MWh,PT1H,US-TX,ercot_dam,HB_SOUTH,ercot:NP4-190-CD,https://www.ercot.com/misdownload/servlets/mirDownload?doclookupId=1278079530,2026-09-25T19:48:51Z,2026-09-23T18:16:21Z
ercot:HB_SOUTH,spp_dam,2026-09-25T00:00:00Z,70.07,USD/MWh,PT1H,US-TX,ercot_dam,HB_SOUTH,ercot:NP4-190-CD,https://www.ercot.com/misdownload/servlets/mirDownload?doclookupId=1278079530,2026-09-25T19:48:51Z,2026-09-23T18:16:21Z
ercot:HB_SOUTH,spp_dam,2026-09-25T01:00:00Z,77.56,USD/MWh,PT1H,US-TX,ercot_dam,HB_SOUTH,ercot:NP4-190-CD,https://www.ercot.com/misdownload/servlets/mirDownload?doclookupId=1278079530,2026-09-25T19:48:51Z,2026-09-23T18:16:21Z
ercot:HB_SOUTH,spp_dam,2026-09-25T02:00:00Z,70.75,USD/MWh,PT1H,US-TX,ercot_dam,HB_SOUTH,ercot:NP4-190-CD,https://www.ercot.com/misdownload/servlets/mirDownload?doclookupId=1278079530,2026-09-25T19:48:51Z,2026-09-23T18:16:21Z
ercot:HB_SOUTH,spp_dam,2026-09-25T03:00:00Z,49.51,USD/MWh,PT1H,US-TX,ercot_dam,HB_SOUTH,ercot:NP4-190-CD,https://www.ercot.com/misdownload/servlets/mirDownload?doclookupId=1278079530,2026-09-25T19:48:51Z,2026-09-23T18:16:21Z
ercot:HB_SOUTH,spp_dam,2026-09-25T04:00:00Z,39.11,USD/MWh,PT1H,US-TX,ercot_dam,HB_SOUTH,ercot:NP4-190-CD,https://www.ercot.com/misdownload/servlets/mirDownload?doclookupId=1278079530,2026-09-25T19:48:51Z,2026-09-23T18:16:21Z
ercot:HB_SOUTH,spp_dam,2026-09-25T05:00:00Z,33.22,USD/MWh,PT1H,US-TX,ercot_dam,HB_SOUTH,ercot:NP4-190-CD,https://www.ercot.com/misdownload/servlets/mirDownload?doclookupId=1278479653,2026-09-25T19:48:50Z,2026-09-24T17:51:24Z
ercot:HB_SOUTH,spp_dam,2026-09-25T06:00:00Z,31.41,USD/MWh,PT1H,US-TX,ercot_dam,HB_SOUTH,ercot:NP4-190-CD,https://www.ercot.com/misdownload/servlets/mirDownload?doclookupId=1278479653,2026-09-25T19:48:50Z,2026-09-24T17:51:24Z
ercot:HB_SOUTH,spp_dam,2026-09-25T07:00:00Z,30.3,USD/MWh,PT1H,US-TX,ercot_dam,HB_SOUTH,ercot:NP4-190-CD,https://www.ercot.com/misdownload/servlets/mirDownload?doclookupId=1278479653,2026-09-25T19:48:50Z,2026-09-24T17:51:24Z
ercot:HB_SOUTH,spp_dam,2026-09-25T08:00:00Z,28.66,USD/MWh,PT1H,US-TX,ercot_dam,HB_SOUTH,ercot:NP4-190-CD,https://www.ercot.com/misdownload/servlets/mirDownload?doclookupId=1278479653,2026-09-25T19:48:50Z,2026-09-24T17:51:24Z
ercot:HB_SOUTH,spp_dam,2026-09-25T09:00:00Z,28.87,USD/MWh,PT1H,US-TX,ercot_dam,HB_SOUTH,ercot:NP4-190-CD,https://www.ercot.com/misdownload/servlets/mirDownload?doclookupId=1278479653,2026-09-25T19:48:50Z,2026-09-24T17:51:24Z
ercot:HB_SOUTH,spp_dam,2026-09-25T10:00:00Z,33.09,USD/MWh,PT1H,US-TX,ercot_dam,HB_SOUTH,ercot:NP4-190-CD,https://www.ercot.com/misdownload/servlets/mirDownload?doclookupId=1278479653,2026-09-25T19:48:50Z,2026-09-24T17:51:24Z
ercot:HB_SOUTH,spp_dam,2026-09-25T11:00:00Z,37.98,USD/MWh,PT1H,US-TX,ercot_dam,HB_SOUTH,ercot:NP4-190-CD,https://www.ercot.com/misdownload/servlets/mirDownload?doclookupId=1278479653,2026-09-25T19:48:50Z,2026-09-24T17:51:24Z
ercot:HB_SOUTH,spp_dam,2026-09-25T12:00:00Z,37.53,USD/MWh,PT1H,US-TX,ercot_dam,HB_SOUTH,ercot:NP4-190-CD,https://www.ercot.com/misdownload/servlets/mirDownload?doclookupId=1278479653,2026-09-25T19:48:50Z,2026-09-24T17:51:24Z
ercot:HB_SOUTH,spp_dam,2026-09-25T13:00:00Z,28.09,USD/MWh,PT1H,US-TX,ercot_dam,HB_SOUTH,ercot:NP4-190-CD,https://www.ercot.com/misdownload/servlets/mirDownload?doclookupId=1278479653,2026-09-25T19:48:50Z,2026-09-24T17:51:24Z
ercot:HB_SOUTH,spp_dam,2026-09-25T14:00:00Z,25.61,USD/MWh,PT1H,US-TX,ercot_dam,HB_SOUTH,ercot:NP4-190-CD,https://www.ercot.com/misdownload/servlets/mirDownload?doclookupId=1278479653,2026-09-25T19:48:50Z,2026-09-24T17:51:24Z
ercot:HB_SOUTH,spp_dam,2026-09-25T15:00:00Z,24.51,USD/MWh,PT1H,US-TX,ercot_dam,HB_SOUTH,ercot:NP4-190-CD,https://www.ercot.com/misdownload/servlets/mirDownload?doclookupId=1278479653,2026-09-25T19:48:50Z,2026-09-24T17:51:24Z
ercot:HB_SOUTH,spp_dam,2026-09-25T16:00:00Z,25.12,USD/MWh,PT1H,US-TX,ercot_dam,HB_SOUTH,ercot:NP4-190-CD,https://www.ercot.com/misdownload/servlets/mirDownload?doclookupId=1278479653,2026-09-25T19:48:50Z,2026-09-24T17:51:24Z
ercot:HB_SOUTH,spp_dam,2026-09-25T17:00:00Z,26.98,USD/MWh,PT1H,US-TX,ercot_dam,HB_SOUTH,ercot:NP4-190-CD,https://www.ercot.com/misdownload/servlets/mirDownload?doclookupId=1278479653,2026-09-25T19:48:50Z,2026-09-24T17:51:24Z
ercot:HB_SOUTH,spp_dam,2026-09-25T18:00:00Z,28.58,USD/MWh,PT1H,US-TX,ercot_dam,HB_SOUTH,ercot:NP4-190-CD,https://www.ercot.com/misdownload/servlets/mirDownload?doclookupId=1278479653,2026-09-25T19:48:50Z,2026-09-24T17:51:24Z
ercot:HB_SOUTH,spp_dam,2026-09-25T19:00:00Z,29.24,USD/MWh,PT1H,US-TX,ercot_dam,HB_SOUTH,ercot:NP4-190-CD,https://www.ercot.com/misdownload/servlets/mirDownload?doclookupId=1278479653,2026-09-25T19:48:50Z,2026-09-24T17:51:24Z
ercot:HB_SOUTH,spp_dam,2026-09-25T20:00:00Z,29.65,USD/MWh,PT1H,US-TX,ercot_dam,HB_SOUTH,ercot:NP4-190-CD,https://www.ercot.com/misdownload/servlets/mirDownload?doclookupId=1278479653,2026-09-25T19:48:50Z,2026-09-24T17:51:24Z
ercot:HB_SOUTH,spp_dam,2026-09-25T21:00:00Z,32.21,USD/MWh,PT1H,US-TX,ercot_dam,HB_SOUTH,ercot:NP4-190-CD,https://www.ercot.com/misdownload/servlets/mirDownload?doclookupId=1278479653,2026-09-25T19:48:50Z,2026-09-24T17:51:24Z
ercot:HB_SOUTH,spp_dam,2026-09-25T22:00:00Z,36.9,USD/MWh,PT1H,US-TX,ercot_dam,HB_SOUTH,ercot:NP4-190-CD,https://www.ercot.com/misdownload/servlets/mirDownload?doclookupId=1278479653,2026-09-25T19:48:50Z,2026-09-24T17:51:24Z
ercot:HB_SOUTH,spp_dam,2026-09-25T23:00:00Z,56.62,USD/MWh,PT1H,US-TX,ercot_dam,HB_SOUTH,ercot:NP4-190-CD,https://www.ercot.com/misdownload/servlets/mirDownload?doclookupId=1278479653,2026-09-25T19:48:50Z,2026-09-24T17:51:24Z
ercot:HB_SOUTH,spp_dam,2026-09-26T00:00:00Z,59.14,USD/MWh,PT1H,US-TX,ercot_dam,HB_SOUTH,ercot:NP4-190-CD,https://www.ercot.com/misdownload/servlets/mirDownload?doclookupId=1278479653,2026-09-25T19:48:50Z,2026-09-24T17:51:24Z
ercot:HB_SOUTH,spp_dam,2026-09-26T01:00:00Z,50.43,USD/MWh,PT1H,US-TX,ercot_dam,HB_SOUTH,ercot:NP4-190-CD,https://www.ercot.com/misdownload/servlets/mirDownload?doclookupId=1278479653,2026-09-25T19:48:50Z,2026-09-24T17:51:24Z
ercot:HB_SOUTH,spp_dam,2026-09-26T02:00:00Z,45.58,USD/MWh,PT1H,US-TX,ercot_dam,HB_SOUTH,ercot:NP4-190-CD,https://www.ercot.com/misdownload/servlets/mirDownload?doclookupId=1278479653,2026-09-25T19:48:50Z,2026-09-24T17:51:24Z
ercot:HB_SOUTH,spp_dam,2026-09-26T03:00:00Z,39.03,USD/MWh,PT1H,US-TX,ercot_dam,HB_SOUTH,ercot:NP4-190-CD,https://www.ercot.com/misdownload/servlets/mirDownload?doclookupId=1278479653,2026-09-25T19:48:50Z,2026-09-24T17:51:24Z
ercot:HB_SOUTH,spp_dam,2026-09-26T04:00:00Z,33.49,USD/MWh,PT1H,US-TX,ercot_dam,HB_SOUTH,ercot:NP4-190-CD,https://www.ercot.com/misdownload/servlets/mirDownload?doclookupId=1278479653,2026-09-25T19:48:50Z,2026-09-24T17:51:24Z
ercot:HB_SOUTH,spp_dam,2026-09-26T05:00:00Z,31.83,USD/MWh,PT1H,US-TX,ercot_dam,HB_SOUTH,ercot:NP4-190-CD,https://www.ercot.com/misdownload/servlets/mirDownload?doclookupId=1278881897,2026-09-25T19:48:49Z,2026-09-25T17:41:14Z
ercot:HB_SOUTH,spp_dam,2026-09-26T06:00:00Z,28.88,USD/MWh,PT1H,US-TX,ercot_dam,HB_SOUTH,ercot:NP4-190-CD,https://www.ercot.com/misdownload/servlets/mirDownload?doclookupId=1278881897,2026-09-25T19:48:49Z,2026-09-25T17:41:14Z
ercot:HB_SOUTH,spp_dam,2026-09-26T07:00:00Z,27.17,USD/MWh,PT1H,US-TX,ercot_dam,HB_SOUTH,ercot:NP4-190-CD,https://www.ercot.com/misdownload/servlets/mirDownload?doclookupId=1278881897,2026-09-25T19:48:49Z,2026-09-25T17:41:14Z
ercot:HB_SOUTH,spp_dam,2026-09-26T08:00:00Z,26.38,USD/MWh,PT1H,US-TX,ercot_dam,HB_SOUTH,ercot:NP4-190-CD,https://www.ercot.com/misdownload/servlets/mirDownload?doclookupId=1278881897,2026-09-25T19:48:49Z,2026-09-25T17:41:14Z
ercot:HB_SOUTH,spp_dam,2026-09-26T09:00:00Z,25.81,USD/MWh,PT1H,US-TX,ercot_dam,HB_SOUTH,ercot:NP4-190-CD,https://www.ercot.com/misdownload/servlets/mirDownload?doclookupId=1278881897,2026-09-25T19:48:49Z,2026-09-25T17:41:14Z
ercot:HB_SOUTH,spp_dam,2026-09-26T10:00:00Z,26.87,USD/MWh,PT1H,US-TX,ercot_dam,HB_SOUTH,ercot:NP4-190-CD,https://www.ercot.com/misdownload/servlets/mirDownload?doclookupId=1278881897,2026-09-25T19:48:49Z,2026-09-25T17:41:14Z
ercot:HB_SOUTH,spp_dam,2026-09-26T11:00:00Z,28.39,USD/MWh,PT1H,US-TX,ercot_dam,HB_SOUTH,ercot:NP4-190-CD,https://www.ercot.com/misdownload/servlets/mirDownload?doclookupId=1278881897,2026-09-25T19:48:49Z,2026-09-25T17:41:14Z
ercot:HB_SOUTH,spp_dam,2026-09-26T12:00:00Z,29.02,USD/MWh,PT1H,US-TX,ercot_dam,HB_SOUTH,ercot:NP4-190-CD,https://www.ercot.com/misdownload/servlets/mirDownload?doclookupId=1278881897,2026-09-25T19:48:49Z,2026-09-25T17:41:14Z
ercot:HB_SOUTH,spp_dam,2026-09-26T13:00:00Z,24.15,USD/MWh,PT1H,US-TX,ercot_dam,HB_SOUTH,ercot:NP4-190-CD,https://www.ercot.com/misdownload/servlets/mirDownload?doclookupId=1278881897,2026-09-25T19:48:49Z,2026-09-25T17:41:14Z
ercot:HB_SOUTH,spp_dam,2026-09-26T14:00:00Z,21.66,USD/MWh,PT1H,US-TX,ercot_dam,HB_SOUTH,ercot:NP4-190-CD,https://www.ercot.com/misdownload/servlets/mirDownload?doclookupId=1278881897,2026-09-25T19:48:49Z,2026-09-25T17:41:14Z
ercot:HB_SOUTH,spp_dam,2026-09-26T15:00:00Z,21.15,USD/MWh,PT1H,US-TX,ercot_dam,HB_SOUTH,ercot:NP4-190-CD,https://www.ercot.com/misdownload/servlets/mirDownload?doclookupId=1278881897,2026-09-25T19:48:49Z,2026-09-25T17:41:14Z
ercot:HB_SOUTH,spp_dam,2026-09-26T16:00:00Z,25.85,USD/MWh,PT1H,US-TX,ercot_dam,HB_SOUTH,ercot:NP4-190-CD,https://www.ercot.com/misdownload/servlets/mirDownload?doclookupId=1278881897,2026-09-25T19:48:49Z,2026-09-25T17:41:14Z
ercot:HB_SOUTH,spp_dam,2026-09-26T17:00:00Z,30.29,USD/MWh,PT1H,US-TX,ercot_dam,HB_SOUTH,ercot:NP4-190-CD,https://www.ercot.com/misdownload/servlets/mirDownload?doclookupId=1278881897,2026-09-25T19:48:49Z,2026-09-25T17:41:14Z
ercot:HB_SOUTH,spp_dam,2026-09-26T18:00:00Z,36.75,USD/MWh,PT1H,US-TX,ercot_dam,HB_SOUTH,ercot:NP4-190-CD,https://www.ercot.com/misdownload/servlets/mirDownload?doclookupId=1278881897,2026-09-25T19:48:49Z,2026-09-25T17:41:14Z
ercot:HB_SOUTH,spp_dam,2026-09-26T19:00:00Z,36.78,USD/MWh,PT1H,US-TX,ercot_dam,HB_SOUTH,ercot:NP4-190-CD,https://www.ercot.com/misdownload/servlets/mirDownload?doclookupId=1278881897,2026-09-25T19:48:49Z,2026-09-25T17:41:14Z
ercot:HB_SOUTH,spp_dam,2026-09-26T20:00:00Z,39.46,USD/MWh,PT1H,US-TX,ercot_dam,HB_SOUTH,ercot:NP4-190-CD,https://www.ercot.com/misdownload/servlets/mirDownload?doclookupId=1278881897,2026-09-25T19:48:49Z,2026-09-25T17:41:14Z
ercot:HB_SOUTH,spp_dam,2026-09-26T21:00:00Z,39.93,USD/MWh,PT1H,US-TX,ercot_dam,HB_SOUTH,ercot:NP4-190-CD,https://www.ercot.com/misdownload/servlets/mirDownload?doclookupId=1278881897,2026-09-25T19:48:49Z,2026-09-25T17:41:14Z
ercot:HB_SOUTH,spp_dam,2026-09-26T22:00:00Z,46.01,USD/MWh,PT1H,US-TX,ercot_dam,HB_SOUTH,ercot:NP4-190-CD,https://www.ercot.com/misdownload/servlets/mirDownload?doclookupId=1278881897,2026-09-25T19:48:49Z,2026-09-25T17:41:14Z
ercot:HB_SOUTH,spp_dam,2026-09-26T23:00:00Z,59.39,USD/MWh,PT1H,US-TX,ercot_dam,HB_SOUTH,ercot:NP4-190-CD,https://www.ercot.com/misdownload/servlets/mirDownload?doclookupId=1278881897,2026-09-25T19:48:49Z,2026-09-25T17:41:14Z
ercot:HB_SOUTH,spp_dam,2026-09-27T00:00:00Z,59.19,USD/MWh,PT1H,US-TX,ercot_dam,HB_SOUTH,ercot:NP4-190-CD,https://www.ercot.com/misdownload/servlets/mirDownload?doclookupId=1278881897,2026-09-25T19:48:49Z,2026-09-25T17:41:14Z
ercot:HB_SOUTH,spp_dam,2026-09-27T01:00:00Z,51.84,USD/MWh,PT1H,US-TX,ercot_dam,HB_SOUTH,ercot:NP4-190-CD,https://www.ercot.com/misdownload/servlets/mirDownload?doclookupId=1278881897,2026-09-25T19:48:49Z,2026-09-25T17:41:14Z
ercot:HB_SOUTH,spp_dam,2026-09-27T02:00:00Z,44.47,USD/MWh,PT1H,US-TX,ercot_dam,HB_SOUTH,ercot:NP4-190-CD,https://www.ercot.com/misdownload/servlets/mirDownload?doclookupId=1278881897,2026-09-25T19:48:49Z,2026-09-25T17:41:14Z
ercot:HB_SOUTH,spp_dam,2026-09-27T03:00:00Z,37.82,USD/MWh,PT1H,US-TX,ercot_dam,HB_SOUTH,ercot:NP4-190-CD,https://www.ercot.com/misdownload/servlets/mirDownload?doclookupId=1278881897,2026-09-25T19:48:49Z,2026-09-25T17:41:14Z
ercot:HB_SOUTH,spp_dam,2026-09-27T04:00:00Z,33.12,USD/MWh,PT1H,US-TX,ercot_dam,HB_SOUTH,ercot:NP4-190-CD,https://www.ercot.com/misdownload/servlets/mirDownload?doclookupId=1278881897,2026-09-25T19:48:49Z,2026-09-25T17:41:14Z
ercot:HB_WEST,spp_dam,2026-08-26T05:00:00Z,28.41,USD/MWh,PT1H,US-TX,ercot_dam,HB_WEST,ercot:NP4-190-CD,https://www.ercot.com/misdownload/servlets/mirDownload?doclookupId=1266561949,2026-09-25T06:37:51Z,2026-08-25T17:42:39Z
ercot:HB_WEST,spp_dam,2026-08-26T06:00:00Z,26.81,USD/MWh,PT1H,US-TX,ercot_dam,HB_WEST,ercot:NP4-190-CD,https://www.ercot.com/misdownload/servlets/mirDownload?doclookupId=1266561949,2026-09-25T06:37:51Z,2026-08-25T17:42:39Z
ercot:HB_WEST,spp_dam,2026-08-26T07:00:00Z,27.14,USD/MWh,PT1H,US-TX,ercot_dam,HB_WEST,ercot:NP4-190-CD,https://www.ercot.com/misdownload/servlets/mirDownload?doclookupId=1266561949,2026-09-25T06:37:51Z,2026-08-25T17:42:39Z
ercot:HB_WEST,spp_dam,2026-08-26T08:00:00Z,29.62,USD/MWh,PT1H,US-TX,ercot_dam,HB_WEST,ercot:NP4-190-CD,https://www.ercot.com/misdownload/servlets/mirDownload?doclookupId=1266561949,2026-09-25T06:37:51Z,2026-08-25T17:42:39Z
ercot:HB_WEST,spp_dam,2026-08-26T09:00:00Z,31.61,USD/MWh,PT1H,US-TX,ercot_dam,HB_WEST,ercot:NP4-190-CD,https://www.ercot.com/misdownload/servlets/mirDownload?doclookupId=1266561949,2026-09-25T06:37:51Z,2026-08-25T17:42:39Z
ercot:HB_WEST,spp_dam,2026-08-26T10:00:00Z,35.98,USD/MWh,PT1H,US-TX,ercot_dam,HB_WEST,ercot:NP4-190-CD,https://www.ercot.com/misdownload/servlets/mirDownload?doclookupId=1266561949,2026-09-25T06:37:51Z,2026-08-25T17:42:39Z
ercot:HB_WEST,spp_dam,2026-08-26T11:00:00Z,38.55,USD/MWh,PT1H,US-TX,ercot_dam,HB_WEST,ercot:NP4-190-CD,https://www.ercot.com/misdownload/servlets/mirDownload?doclookupId=1266561949,2026-09-25T06:37:51Z,2026-08-25T17:42:39Z
ercot:HB_WEST,spp_dam,2026-08-26T12:00:00Z,36.96,USD/MWh,PT1H,US-TX,ercot_dam,HB_WEST,ercot:NP4-190-CD,https://www.ercot.com/misdownload/servlets/mirDownload?doclookupId=1266561949,2026-09-25T06:37:51Z,2026-08-25T17:42:39Z
ercot:HB_WEST,spp_dam,2026-08-26T13:00:00Z,27.06,USD/MWh,PT1H,US-TX,ercot_dam,HB_WEST,ercot:NP4-190-CD,https://www.ercot.com/misdownload/servlets/mirDownload?doclookupId=1266561949,2026-09-25T06:37:51Z,2026-08-25T17:42:39Z
ercot:HB_WEST,spp_dam,2026-08-26T14:00:00Z,25.13,USD/MWh,PT1H,US-TX,ercot_dam,HB_WEST,ercot:NP4-190-CD,https://www.ercot.com/misdownload/servlets/mirDownload?doclookupId=1266561949,2026-09-25T06:37:51Z,2026-08-25T17:42:39Z
ercot:HB_WEST,spp_dam,2026-08-26T15:00:00Z,26.15,USD/MWh,PT1H,US-TX,ercot_dam,HB_WEST,ercot:NP4-190-CD,https://www.ercot.com/misdownload/servlets/mirDownload?doclookupId=1266561949,2026-09-25T06:37:51Z,2026-08-25T17:42:39Z
ercot:HB_WEST,spp_dam,2026-08-26T16:00:00Z,29.87,USD/MWh,PT1H,US-TX,ercot_dam,HB_WEST,ercot:NP4-190-CD,https://www.ercot.com/misdownload/servlets/mirDownload?doclookupId=1266561949,2026-09-25T06:37:51Z,2026-08-25T17:42:39Z
ercot:HB_WEST,spp_dam,2026-08-26T17:00:00Z,36.9,USD/MWh,PT1H,US-TX,ercot_dam,HB_WEST,ercot:NP4-190-CD,https://www.ercot.com/misdownload/servlets/mirDownload?doclookupId=1266561949,2026-09-25T06:37:51Z,2026-08-25T17:42:39Z
ercot:HB_WEST,spp_dam,2026-08-26T18:00:00Z,42.18,USD/MWh,PT1H,US-TX,ercot_dam,HB_WEST,ercot:NP4-190-CD,https://www.ercot.com/misdownload/servlets/mirDownload?doclookupId=1266561949,2026-09-25T06:37:51Z,2026-08-25T17:42:39Z
ercot:HB_WEST,spp_dam,2026-08-26T19:00:00Z,48.37,USD/MWh,PT1H,US-TX,ercot_dam,HB_WEST,ercot:NP4-190-CD,https://www.ercot.com/misdownload/servlets/mirDownload?doclookupId=1266561949,2026-09-25T06:37:51Z,2026-08-25T17:42:39Z
ercot:HB_WEST,spp_dam,2026-08-26T20:00:00Z,52.99,USD/MWh,PT1H,US-TX,ercot_dam,HB_WEST,ercot:NP4-190-CD,https://www.ercot.com/misdownload/servlets/mirDownload?doclookupId=1266561949,2026-09-25T06:37:51Z,2026-08-25T17:42:39Z
ercot:HB_WEST,spp_dam,2026-08-26T21:00:00Z,64.84,USD/MWh,PT1H,US-TX,ercot_dam,HB_WEST,ercot:NP4-190-CD,https://www.ercot.com/misdownload/servlets/mirDownload?doclookupId=1266561949,2026-09-25T06:37:51Z,2026-08-25T17:42:39Z
ercot:HB_WEST,spp_dam,2026-08-26T22:00:00Z,73.29,USD/MWh,PT1H,US-TX,ercot_dam,HB_WEST,ercot:NP4-190-CD,https://www.ercot.com/misdownload/servlets/mirDownload?doclookupId=1266561949,2026-09-25T06:37:51Z,2026-08-25T17:42:39Z
ercot:HB_WEST,spp_dam,2026-08-26T23:00:00Z,117.77,USD/MWh,PT1H,US-TX,ercot_dam,HB_WEST,ercot:NP4-190-CD,https://www.ercot.com/misdownload/servlets/mirDownload?doclookupId=1266561949,2026-09-25T06:37:51Z,2026-08-25T17:42:39Z
ercot:HB_WEST,spp_dam,2026-08-27T00:00:00Z,158.93,USD/MWh,PT1H,US-TX,ercot_dam,HB_WEST,ercot:NP4-190-CD,https://www.ercot.com/misdownload/servlets/mirDownload?doclookupId=1266561949,2026-09-25T06:37:51Z,2026-08-25T17:42:39Z
ercot:HB_WEST,spp_dam,2026-08-27T01:00:00Z,140.65,USD/MWh,PT1H,US-TX,ercot_dam,HB_WEST,ercot:NP4-190-CD,https://www.ercot.com/misdownload/servlets/mirDownload?doclookupId=1266561949,2026-09-25T06:37:51Z,2026-08-25T17:42:39Z
ercot:HB_WEST,spp_dam,2026-08-27T02:00:00Z,147.62,USD/MWh,PT1H,US-TX,ercot_dam,HB_WEST,ercot:NP4-190-CD,https://www.ercot.com/misdownload/servlets/mirDownload?doclookupId=1266561949,2026-09-25T06:37:51Z,2026-08-25T17:42:39Z
ercot:HB_WEST,spp_dam,2026-08-27T03:00:00Z,102.3,USD/MWh,PT1H,US-TX,ercot_dam,HB_WEST,ercot:NP4-190-CD,https://www.ercot.com/misdownload/servlets/mirDownload?doclookupId=1266561949,2026-09-25T06:37:51Z,2026-08-25T17:42:39Z
ercot:HB_WEST,spp_dam,2026-08-27T04:00:00Z,62.68,USD/MWh,PT1H,US-TX,ercot_dam,HB_WEST,ercot:NP4-190-CD,https://www.ercot.com/misdownload/servlets/mirDownload?doclookupId=1266561949,2026-09-25T06:37:51Z,2026-08-25T17:42:39Z
ercot:HB_WEST,spp_dam,2026-08-27T05:00:00Z,71.3,USD/MWh,PT1H,US-TX,ercot_dam,HB_WEST,ercot:NP4-190-CD,https://www.ercot.com/misdownload/servlets/mirDownload?doclookupId=1266957722,2026-09-25T06:37:50Z,2026-08-26T17:41:45Z
ercot:HB_WEST,spp_dam,2026-08-27T06:00:00Z,57.64,USD/MWh,PT1H,US-TX,ercot_dam,HB_WEST,ercot:NP4-190-CD,https://www.ercot.com/misdownload/servlets/mirDownload?doclookupId=1266957722,2026-09-25T06:37:50Z,2026-08-26T17:41:45Z
ercot:HB_WEST,spp_dam,2026-08-27T07:00:00Z,53.31,USD/MWh,PT1H,US-TX,ercot_dam,HB_WEST,ercot:NP4-190-CD,https://www.ercot.com/misdownload/servlets/mirDownload?doclookupId=1266957722,2026-09-25T06:37:50Z,2026-08-26T17:41:45Z
ercot:HB_WEST,spp_dam,2026-08-27T08:00:00Z,51.63,USD/MWh,PT1H,US-TX,ercot_dam,HB_WEST,ercot:NP4-190-CD,https://www.ercot.com/misdownload/servlets/mirDownload?doclookupId=1266957722,2026-09-25T06:37:50Z,2026-08-26T17:41:45Z
ercot:HB_WEST,spp_dam,2026-08-27T09:00:00Z,51.29,USD/MWh,PT1H,US-TX,ercot_dam,HB_WEST,ercot:NP4-190-CD,https://www.ercot.com/misdownload/servlets/mirDownload?doclookupId=1266957722,2026-09-25T06:37:50Z,2026-08-26T17:41:45Z
ercot:HB_WEST,spp_dam,2026-08-27T10:00:00Z,54.17,USD/MWh,PT1H,US-TX,ercot_dam,HB_WEST,ercot:NP4-190-CD,https://www.ercot.com/misdownload/servlets/mirDownload?doclookupId=1266957722,2026-09-25T06:37:50Z,2026-08-26T17:41:45Z
ercot:HB_WEST,spp_dam,2026-08-27T11:00:00Z,60.63,USD/MWh,PT1H,US-TX,ercot_dam,HB_WEST,ercot:NP4-190-CD,https://www.ercot.com/misdownload/servlets/mirDownload?doclookupId=1266957722,2026-09-25T06:37:50Z,2026-08-26T17:41:45Z
ercot:HB_WEST,spp_dam,2026-08-27T12:00:00Z,52.09,USD/MWh,PT1H,US-TX,ercot_dam,HB_WEST,ercot:NP4-190-CD,https://www.ercot.com/misdownload/servlets/mirDownload?doclookupId=1266957722,2026-09-25T06:37:50Z,2026-08-26T17:41:45Z
ercot:HB_WEST,spp_dam,2026-08-27T13:00:00Z,32.85,USD/MWh,PT1H,US-TX,ercot_dam,HB_WEST,ercot:NP4-190-CD,https://www.ercot.com/misdownload/servlets/mirDownload?doclookupId=1266957722,2026-09-25T06:37:50Z,2026-08-26T17:41:45Z
ercot:HB_WEST,spp_dam,2026-08-27T14:00:00Z,30.35,USD/MWh,PT1H,US-TX,ercot_dam,HB_WEST,ercot:NP4-190-CD,https://www.ercot.com/misdownload/servlets/mirDownload?doclookupId=1266957722,2026-09-25T06:37:50Z,2026-08-26T17:41:45Z
ercot:HB_WEST,spp_dam,2026-08-27T15:00:00Z,30.01,USD/MWh,PT1H,US-TX,ercot_dam,HB_WEST,ercot:NP4-190-CD,https://www.ercot.com/misdownload/servlets/mirDownload?doclookupId=1266957722,2026-09-25T06:37:50Z,2026-08-26T17:41:45Z
ercot:HB_WEST,spp_dam,2026-08-27T16:00:00Z,30.89,USD/MWh,PT1H,US-TX,ercot_dam,HB_WEST,ercot:NP4-190-CD,https://www.ercot.com/misdownload/servlets/mirDownload?doclookupId=1266957722,2026-09-25T06:37:50Z,2026-08-26T17:41:45Z
ercot:HB_WEST,spp_dam,2026-08-27T17:00:00Z,37.29,USD/MWh,PT1H,US-TX,ercot_dam,HB_WEST,ercot:NP4-190-CD,https://www.ercot.com/misdownload/servlets/mirDownload?doclookupId=1266957722,2026-09-25T06:37:50Z,2026-08-26T17:41:45Z
ercot:HB_WEST,spp_dam,2026-08-27T18:00:00Z,41.31,USD/MWh,PT1H,US-TX,ercot_dam,HB_WEST,ercot:NP4-190-CD,https://www.ercot.com/misdownload/servlets/mirDownload?doclookupId=1266957722,2026-09-25T06:37:50Z,2026-08-26T17:41:45Z
ercot:HB_WEST,spp_dam,2026-08-27T19:00:00Z,44.53,USD/MWh,PT1H,US-TX,ercot_dam,HB_WEST,ercot:NP4-190-CD,https://www.ercot.com/misdownload/servlets/mirDownload?doclookupId=1266957722,2026-09-25T06:37:50Z,2026-08-26T17:41:45Z
ercot:HB_WEST,spp_dam,2026-08-27T20:00:00Z,45.76,USD/MWh,PT1H,US-TX,ercot_dam,HB_WEST,ercot:NP4-190-CD,https://www.ercot.com/misdownload/servlets/mirDownload?doclookupId=1266957722,2026-09-25T06:37:50Z,2026-08-26T17:41:45Z
ercot:HB_WEST,spp_dam,2026-08-27T21:00:00Z,53.21,USD/MWh,PT1H,US-TX,ercot_dam,HB_WEST,ercot:NP4-190-CD,https://www.ercot.com/misdownload/servlets/mirDownload?doclookupId=1266957722,2026-09-25T06:37:50Z,2026-08-26T17:41:45Z
ercot:HB_WEST,spp_dam,2026-08-27T22:00:00Z,63.14,USD/MWh,PT1H,US-TX,ercot_dam,HB_WEST,ercot:NP4-190-CD,https://www.ercot.com/misdownload/servlets/mirDownload?doclookupId=1266957722,2026-09-25T06:37:50Z,2026-08-26T17:41:45Z
ercot:HB_WEST,spp_dam,2026-08-27T23:00:00Z,91.95,USD/MWh,PT1H,US-TX,ercot_dam,HB_WEST,ercot:NP4-190-CD,https://www.ercot.com/misdownload/servlets/mirDownload?doclookupId=1266957722,2026-09-25T06:37:50Z,2026-08-26T17:41:45Z
ercot:HB_WEST,spp_dam,2026-08-28T00:00:00Z,103.04,USD/MWh,PT1H,US-TX,ercot_dam,HB_WEST,ercot:NP4-190-CD,https://www.ercot.com/misdownload/servlets/mirDownload?doclookupId=1266957722,2026-09-25T06:37:50Z,2026-08-26T17:41:45Z
ercot:HB_WEST,spp_dam,2026-08-28T01:00:00Z,109.44,USD/MWh,PT1H,US-TX,ercot_dam,HB_WEST,ercot:NP4-190-CD,https://www.ercot.com/misdownload/servlets/mirDownload?doclookupId=1266957722,2026-09-25T06:37:50Z,2026-08-26T17:41:45Z
ercot:HB_WEST,spp_dam,2026-08-28T02:00:00Z,104.93,USD/MWh,PT1H,US-TX,ercot_dam,HB_WEST,ercot:NP4-190-CD,https://www.ercot.com/misdownload/servlets/mirDownload?doclookupId=1266957722,2026-09-25T06:37:50Z,2026-08-26T17:41:45Z
ercot:HB_WEST,spp_dam,2026-08-28T03:00:00Z,84.75,USD/MWh,PT1H,US-TX,ercot_dam,HB_WEST,ercot:NP4-190-CD,https://www.ercot.com/misdownload/servlets/mirDownload?doclookupId=1266957722,2026-09-25T06:37:50Z,2026-08-26T17:41:45Z
ercot:HB_WEST,spp_dam,2026-08-28T04:00:00Z,56.02,USD/MWh,PT1H,US-TX,ercot_dam,HB_WEST,ercot:NP4-190-CD,https://www.ercot.com/misdownload/servlets/mirDownload?doclookupId=1266957722,2026-09-25T06:37:50Z,2026-08-26T17:41:45Z
ercot:HB_WEST,spp_dam,2026-08-28T05:00:00Z,52.02,USD/MWh,PT1H,US-TX,ercot_dam,HB_WEST,ercot:NP4-190-CD,https://www.ercot.com/misdownload/servlets/mirDownload?doclookupId=1267361150,2026-09-25T06:37:48Z,2026-08-27T18:20:13Z
ercot:HB_WEST,spp_dam,2026-08-28T06:00:00Z,46.89,USD/MWh,PT1H,US-TX,ercot_dam,HB_WEST,ercot:NP4-190-CD,https://www.ercot.com/misdownload/servlets/mirDownload?doclookupId=1267361150,2026-09-25T06:37:48Z,2026-08-27T18:20:13Z
ercot:HB_WEST,spp_dam,2026-08-28T07:00:00Z,46.11,USD/MWh,PT1H,US-TX,ercot_dam,HB_WEST,ercot:NP4-190-CD,https://www.ercot.com/misdownload/servlets/mirDownload?doclookupId=1267361150,2026-09-25T06:37:48Z,2026-08-27T18:20:13Z
ercot:HB_WEST,spp_dam,2026-08-28T08:00:00Z,42.45,USD/MWh,PT1H,US-TX,ercot_dam,HB_WEST,ercot:NP4-190-CD,https://www.ercot.com/misdownload/servlets/mirDownload?doclookupId=1267361150,2026-09-25T06:37:48Z,2026-08-27T18:20:13Z
ercot:HB_WEST,spp_dam,2026-08-28T09:00:00Z,44.09,USD/MWh,PT1H,US-TX,ercot_dam,HB_WEST,ercot:NP4-190-CD,https://www.ercot.com/misdownload/servlets/mirDownload?doclookupId=1267361150,2026-09-25T06:37:48Z,2026-08-27T18:20:13Z
ercot:HB_WEST,spp_dam,2026-08-28T10:00:00Z,43.17,USD/MWh,PT1H,US-TX,ercot_dam,HB_WEST,ercot:NP4-190-CD,https://www.ercot.com/misdownload/servlets/mirDownload?doclookupId=1267361150,2026-09-25T06:37:48Z,2026-08-27T18:20:13Z
ercot:HB_WEST,spp_dam,2026-08-28T11:00:00Z,48.05,USD/MWh,PT1H,US-TX,ercot_dam,HB_WEST,ercot:NP4-190-CD,https://www.ercot.com/misdownload/servlets/mirDownload?doclookupId=1267361150,2026-09-25T06:37:48Z,2026-08-27T18:20:13Z
ercot:HB_WEST,spp_dam,2026-08-28T12:00:00Z,42.38,USD/MWh,PT1H,US-TX,ercot_dam,HB_WEST,ercot:NP4-190-CD,https://www.ercot.com/misdownload/servlets/mirDownload?doclookupId=1267361150,2026-09-25T06:37:48Z,2026-08-27T18:20:13Z
ercot:HB_WEST,spp_dam,2026-08-28T13:00:00Z,27.13,USD/MWh,PT1H,US-TX,ercot_dam,HB_WEST,ercot:NP4-190-CD,https://www.ercot.com/misdownload/servlets/mirDownload?doclookupId=1267361150,2026-09-25T06:37:48Z,2026-08-27T18:20:13Z
ercot:HB_WEST,spp_dam,2026-08-28T14:00:00Z,24.0,USD/MWh,PT1H,US-TX,ercot_dam,HB_WEST,ercot:NP4-190-CD,https://www.ercot.com/misdownload/servlets/mirDownload?doclookupId=1267361150,2026-09-25T06:37:48Z,2026-08-27T18:20:13Z
ercot:HB_WEST,spp_dam,2026-08-28T15:00:00Z,23.74,USD/MWh,PT1H,US-TX,ercot_dam,HB_WEST,ercot:NP4-190-CD,https://www.ercot.com/misdownload/servlets/mirDownload?doclookupId=1267361150,2026-09-25T06:37:48Z,2026-08-27T18:20:13Z
ercot:HB_WEST,spp_dam,2026-08-28T16:00:00Z,25.26,USD/MWh,PT1H,US-TX,ercot_dam,HB_WEST,ercot:NP4-190-CD,https://www.ercot.com/misdownload/servlets/mirDownload?doclookupId=1267361150,2026-09-25T06:37:48Z,2026-08-27T18:20:13Z
ercot:HB_WEST,spp_dam,2026-08-28T17:00:00Z,30.94,USD/MWh,PT1H,US-TX,ercot_dam,HB_WEST,ercot:NP4-190-CD,https://www.ercot.com/misdownload/servlets/mirDownload?doclookupId=1267361150,2026-09-25T06:37:48Z,2026-08-27T18:20:13Z
ercot:HB_WEST,spp_dam,2026-08-28T18:00:00Z,38.49,USD/MWh,PT1H,US-TX,ercot_dam,HB_WEST,ercot:NP4-190-CD,https://www.ercot.com/misdownload/servlets/mirDownload?doclookupId=1267361150,2026-09-25T06:37:48Z,2026-08-27T18:20:13Z
ercot:HB_WEST,spp_dam,2026-08-28T19:00:00Z,39.77,USD/MWh,PT1H,US-TX,ercot_dam,HB_WEST,ercot:NP4-190-CD,https://www.ercot.com/misdownload/servlets/mirDownload?doclookupId=1267361150,2026-09-25T06:37:48Z,2026-08-27T18:20:13Z
ercot:HB_WEST,spp_dam,2026-08-28T20:00:00Z,40.79,USD/MWh,PT1H,US-TX,ercot_dam,HB_WEST,ercot:NP4-190-CD,https://www.ercot.com/misdownload/servlets/mirDownload?doclookupId=1267361150,2026-09-25T06:37:48Z,2026-08-27T18:20:13Z
ercot:HB_WEST,spp_dam,2026-08-28T21:00:00Z,43.54,USD/MWh,PT1H,US-TX,ercot_dam,HB_WEST,ercot:NP4-190-CD,https://www.ercot.com/misdownload/servlets/mirDownload?doclookupId=1267361150,2026-09-25T06:37:48Z,2026-08-27T18:20:13Z
ercot:HB_WEST,spp_dam,2026-08-28T22:00:00Z,50.0,USD/MWh,PT1H,US-TX,ercot_dam,HB_WEST,ercot:NP4-190-CD,https://www.ercot.com/misdownload/servlets/mirDownload?doclookupId=1267361150,2026-09-25T06:37:48Z,2026-08-27T18:20:13Z
ercot:HB_WEST,spp_dam,2026-08-28T23:00:00Z,77.32,USD/MWh,PT1H,US-TX,ercot_dam,HB_WEST,ercot:NP4-190-CD,https://www.ercot.com/misdownload/servlets/mirDownload?doclookupId=1267361150,2026-09-25T06:37:48Z,2026-08-27T18:20:13Z
ercot:HB_WEST,spp_dam,2026-08-29T00:00:00Z,88.2,USD/MWh,PT1H,US-TX,ercot_dam,HB_WEST,ercot:NP4-190-CD,https://www.ercot.com/misdownload/servlets/mirDownload?doclookupId=1267361150,2026-09-25T06:37:48Z,2026-08-27T18:20:13Z
ercot:HB_WEST,spp_dam,2026-08-29T01:00:00Z,78.48,USD/MWh,PT1H,US-TX,ercot_dam,HB_WEST,ercot:NP4-190-CD,https://www.ercot.com/misdownload/servlets/mirDownload?doclookupId=1267361150,2026-09-25T06:37:48Z,2026-08-27T18:20:13Z
ercot:HB_WEST,spp_dam,2026-08-29T02:00:00Z,64.61,USD/MWh,PT1H,US-TX,ercot_dam,HB_WEST,ercot:NP4-190-CD,https://www.ercot.com/misdownload/servlets/mirDownload?doclookupId=1267361150,2026-09-25T06:37:48Z,2026-08-27T18:20:13Z
ercot:HB_WEST,spp_dam,2026-08-29T03:00:00Z,48.04,USD/MWh,PT1H,US-TX,ercot_dam,HB_WEST,ercot:NP4-190-CD,https://www.ercot.com/misdownload/servlets/mirDownload?doclookupId=1267361150,2026-09-25T06:37:48Z,2026-08-27T18:20:13Z
ercot:HB_WEST,spp_dam,2026-08-29T04:00:00Z,37.94,USD/MWh,PT1H,US-TX,ercot_dam,HB_WEST,ercot:NP4-190-CD,https://www.ercot.com/misdownload/servlets/mirDownload?doclookupId=1267361150,2026-09-25T06:37:48Z,2026-08-27T18:20:13Z
ercot:HB_WEST,spp_dam,2026-08-29T05:00:00Z,37.71,USD/MWh,PT1H,US-TX,ercot_dam,HB_WEST,ercot:NP4-190-CD,https://www.ercot.com/misdownload/servlets/mirDownload?doclookupId=1267748284,2026-09-25T06:37:47Z,2026-08-28T17:33:57Z
ercot:HB_WEST,spp_dam,2026-08-29T06:00:00Z,34.32,USD/MWh,PT1H,US-TX,ercot_dam,HB_WEST,ercot:NP4-190-CD,https://www.ercot.com/misdownload/servlets/mirDownload?doclookupId=1267748284,2026-09-25T06:37:47Z,2026-08-28T17:33:57Z
ercot:HB_WEST,spp_dam,2026-08-29T07:00:00Z,32.16,USD/MWh,PT1H,US-TX,ercot_dam,HB_WEST,ercot:NP4-190-CD,https://www.ercot.com/misdownload/servlets/mirDownload?doclookupId=1267748284,2026-09-25T06:37:47Z,2026-08-28T17:33:57Z
ercot:HB_WEST,spp_dam,2026-08-29T08:00:00Z,30.75,USD/MWh,PT1H,US-TX,ercot_dam,HB_WEST,ercot:NP4-190-CD,https://www.ercot.com/misdownload/servlets/mirDownload?doclookupId=1267748284,2026-09-25T06:37:47Z,2026-08-28T17:33:57Z
ercot:HB_WEST,spp_dam,2026-08-29T09:00:00Z,28.47,USD/MWh,PT1H,US-TX,ercot_dam,HB_WEST,ercot:NP4-190-CD,https://www.ercot.com/misdownload/servlets/mirDownload?doclookupId=1267748284,2026-09-25T06:37:47Z,2026-08-28T17:33:57Z
ercot:HB_WEST,spp_dam,2026-08-29T10:00:00Z,29.89,USD/MWh,PT1H,US-TX,ercot_dam,HB_WEST,ercot:NP4-190-CD,https://www.ercot.com/misdownload/servlets/mirDownload?doclookupId=1267748284,2026-09-25T06:37:47Z,2026-08-28T17:33:57Z
ercot:HB_WEST,spp_dam,2026-08-29T11:00:00Z,28.86,USD/MWh,PT1H,US-TX,ercot_dam,HB_WEST,ercot:NP4-190-CD,https://www.ercot.com/misdownload/servlets/mirDownload?doclookupId=1267748284,2026-09-25T06:37:47Z,2026-08-28T17:33:57Z
ercot:HB_WEST,spp_dam,2026-08-29T12:00:00Z,28.03,USD/MWh,PT1H,US-TX,ercot_dam,HB_WEST,ercot:NP4-190-CD,https://www.ercot.com/misdownload/servlets/mirDownload?doclookupId=1267748284,2026-09-25T06:37:47Z,2026-08-28T17:33:57Z
ercot:HB_WEST,spp_dam,2026-08-29T13:00:00Z,19.21,USD/MWh,PT1H,US-TX,ercot_dam,HB_WEST,ercot:NP4-190-CD,https://www.ercot.com/misdownload/servlets/mirDownload?doclookupId=1267748284,2026-09-25T06:37:47Z,2026-08-28T17:33:57Z
ercot:HB_WEST,spp_dam,2026-08-29T14:00:00Z,17.32,USD/MWh,PT1H,US-TX,ercot_dam,HB_WEST,ercot:NP4-190-CD,https://www.ercot.com/misdownload/servlets/mirDownload?doclookupId=1267748284,2026-09-25T06:37:47Z,2026-08-28T17:33:57Z
ercot:HB_WEST,spp_dam,2026-08-29T15:00:00Z,17.98,USD/MWh,PT1H,US-TX,ercot_dam,HB_WEST,ercot:NP4-190-CD,https://www.ercot.com/misdownload/servlets/mirDownload?doclookupId=1267748284,2026-09-25T06:37:47Z,2026-08-28T17:33:57Z
ercot:HB_WEST,spp_dam,2026-08-29T16:00:00Z,18.87,USD/MWh,PT1H,US-TX,ercot_dam,HB_WEST,ercot:NP4-190-CD,https://www.ercot.com/misdownload/servlets/mirDownload?doclookupId=1267748284,2026-09-25T06:37:47Z,2026-08-28T17:33:57Z
ercot:HB_WEST,spp_dam,2026-08-29T17:00:00Z,22.95,USD/MWh,PT1H,US-TX,ercot_dam,HB_WEST,ercot:NP4-190-CD,https://www.ercot.com/misdownload/servlets/mirDownload?doclookupId=1267748284,2026-09-25T06:37:47Z,2026-08-28T17:33:57Z
ercot:HB_WEST,spp_dam,2026-08-29T18:00:00Z,28.27,USD/MWh,PT1H,US-TX,ercot_dam,HB_WEST,ercot:NP4-190-CD,https://www.ercot.com/misdownload/servlets/mirDownload?doclookupId=1267748284,2026-09-25T06:37:47Z,2026-08-28T17:33:57Z
ercot:HB_WEST,spp_dam,2026-08-29T19:00:00Z,30.77,USD/MWh,PT1H,US-TX,ercot_dam,HB_WEST,ercot:NP4-190-CD,https://www.ercot.com/misdownload/servlets/mirDownload?doclookupId=1267748284,2026-09-25T06:37:47Z,2026-08-28T17:33:57Z
ercot:HB_WEST,spp_dam,2026-08-29T20:00:00Z,33.58,USD/MWh,PT1H,US-TX,ercot_dam,HB_WEST,ercot:NP4-190-CD,https://www.ercot.com/misdownload/servlets/mirDownload?doclookupId=1267748284,2026-09-25T06:37:47Z,2026-08-28T17:33:57Z
ercot:HB_WEST,spp_dam,2026-08-29T21:00:00Z,34.0,USD/MWh,PT1H,US-TX,ercot_dam,HB_WEST,ercot:NP4-190-CD,https://www.ercot.com/misdownload/servlets/mirDownload?doclookupId=1267748284,2026-09-25T06:37:47Z,2026-08-28T17:33:57Z
ercot:HB_WEST,spp_dam,2026-08-29T22:00:00Z,38.0,USD/MWh,PT1H,US-TX,ercot_dam,HB_WEST,ercot:NP4-190-CD,https://www.ercot.com/misdownload/servlets/mirDownload?doclookupId=1267748284,2026-09-25T06:37:47Z,2026-08-28T17:33:57Z
ercot:HB_WEST,spp_dam,2026-08-29T23:00:00Z,56.14,USD/MWh,PT1H,US-TX,ercot_dam,HB_WEST,ercot:NP4-190-CD,https://www.ercot.com/misdownload/servlets/mirDownload?doclookupId=1267748284,2026-09-25T06:37:47Z,2026-08-28T17:33:57Z
ercot:HB_WEST,spp_dam,2026-08-30T00:00:00Z,69.18,USD/MWh,PT1H,US-TX,ercot_dam,HB_WEST,ercot:NP4-190-CD,https://www.ercot.com/misdownload/servlets/mirDownload?doclookupId=1267748284,2026-09-25T06:37:47Z,2026-08-28T17:33:57Z
ercot:HB_WEST,spp_dam,2026-08-30T01:00:00Z,62.62,USD/MWh,PT1H,US-TX,ercot_dam,HB_WEST,ercot:NP4-190-CD,https://www.ercot.com/misdownload/servlets/mirDownload?doclookupId=1267748284,2026-09-25T06:37:47Z,2026-08-28T17:33:57Z
ercot:HB_WEST,spp_dam,2026-08-30T02:00:00Z,53.6,USD/MWh,PT1H,US-TX,ercot_dam,HB_WEST,ercot:NP4-190-CD,https://www.ercot.com/misdownload/servlets/mirDownload?doclookupId=1267748284,2026-09-25T06:37:47Z,2026-08-28T17:33:57Z
ercot:HB_WEST,spp_dam,2026-08-30T03:00:00Z,38.26,USD/MWh,PT1H,US-TX,ercot_dam,HB_WEST,ercot:NP4-190-CD,https://www.ercot.com/misdownload/servlets/mirDownload?doclookupId=1267748284,2026-09-25T06:37:47Z,2026-08-28T17:33:57Z
ercot:HB_WEST,spp_dam,2026-08-30T04:00:00Z,31.31,USD/MWh,PT1H,US-TX,ercot_dam,HB_WEST,ercot:NP4-190-CD,https://www.ercot.com/misdownload/servlets/mirDownload?doclookupId=1267748284,2026-09-25T06:37:47Z,2026-08-28T17:33:57Z
ercot:HB_WEST,spp_dam,2026-08-30T05:00:00Z,24.04,USD/MWh,PT1H,US-TX,ercot_dam,HB_WEST,ercot:NP4-190-CD,https://www.ercot.com/misdownload/servlets/mirDownload?doclookupId=1268138600,2026-09-25T06:37:46Z,2026-08-29T17:52:11Z
ercot:HB_WEST,spp_dam,2026-08-30T06:00:00Z,22.35,USD/MWh,PT1H,US-TX,ercot_dam,HB_WEST,ercot:NP4-190-CD,https://www.ercot.com/misdownload/servlets/mirDownload?doclookupId=1268138600,2026-09-25T06:37:46Z,2026-08-29T17:52:11Z
ercot:HB_WEST,spp_dam,2026-08-30T07:00:00Z,21.59,USD/MWh,PT1H,US-TX,ercot_dam,HB_WEST,ercot:NP4-190-CD,https://www.ercot.com/misdownload/servlets/mirDownload?doclookupId=1268138600,2026-09-25T06:37:46Z,2026-08-29T17:52:11Z
ercot:HB_WEST,spp_dam,2026-08-30T08:00:00Z,20.4,USD/MWh,PT1H,US-TX,ercot_dam,HB_WEST,ercot:NP4-190-CD,https://www.ercot.com/misdownload/servlets/mirDownload?doclookupId=1268138600,2026-09-25T06:37:46Z,2026-08-29T17:52:11Z
ercot:HB_WEST,spp_dam,2026-08-30T09:00:00Z,20.05,USD/MWh,PT1H,US-TX,ercot_dam,HB_WEST,ercot:NP4-190-CD,https://www.ercot.com/misdownload/servlets/mirDownload?doclookupId=1268138600,2026-09-25T06:37:46Z,2026-08-29T17:52:11Z
ercot:HB_WEST,spp_dam,2026-08-30T10:00:00Z,19.99,USD/MWh,PT1H,US-TX,ercot_dam,HB_WEST,ercot:NP4-190-CD,https://www.ercot.com/misdownload/servlets/mirDownload?doclookupId=1268138600,2026-09-25T06:37:46Z,2026-08-29T17:52:11Z
ercot:HB_WEST,spp_dam,2026-08-30T11:00:00Z,19.75,USD/MWh,PT1H,US-TX,ercot_dam,HB_WEST,ercot:NP4-190-CD,https://www.ercot.com/misdownload/servlets/mirDownload?doclookupId=1268138600,2026-09-25T06:37:46Z,2026-08-29T17:52:11Z
ercot:HB_WEST,spp_dam,2026-08-30T12:00:00Z,18.77,USD/MWh,PT1H,US-TX,ercot_dam,HB_WEST,ercot:NP4-190-CD,https://www.ercot.com/misdownload/servlets/mirDownload?doclookupId=1268138600,2026-09-25T06:37:46Z,2026-08-29T17:52:11Z
ercot:HB_WEST,spp_dam,2026-08-30T13:00:00Z,14.31,USD/MWh,PT1H,US-TX,ercot_dam,HB_WEST,ercot:NP4-190-CD,https://www.ercot.com/misdownload/servlets/mirDownload?doclookupId=1268138600,2026-09-25T06:37:46Z,2026-08-29T17:52:11Z
ercot:HB_WEST,spp_dam,2026-08-30T14:00:00Z,5.93,USD/MWh,PT1H,US-TX,ercot_dam,HB_WEST,ercot:NP4-190-CD,https://www.ercot.com/misdownload/servlets/mirDownload?doclookupId=1268138600,2026-09-25T06:37:46Z,2026-08-29T17:52:11Z
ercot:HB_WEST,spp_dam,2026-08-30T15:00:00Z,6.53,USD/MWh,PT1H,US-TX,ercot_dam,HB_WEST,ercot:NP4-190-CD,https://www.ercot.com/misdownload/servlets/mirDownload?doclookupId=1268138600,2026-09-25T06:37:46Z,2026-08-29T17:52:11Z
ercot:HB_WEST,spp_dam,2026-08-30T16:00:00Z,10.03,USD/MWh,PT1H,US-TX,ercot_dam,HB_WEST,ercot:NP4-190-CD,https://www.ercot.com/misdownload/servlets/mirDownload?doclookupId=1268138600,2026-09-25T06:37:46Z,2026-08-29T17:52:11Z
ercot:HB_WEST,spp_dam,2026-08-30T17:00:00Z,14.31,USD/MWh,PT1H,US-TX,ercot_dam,HB_WEST,ercot:NP4-190-CD,https://www.ercot.com/misdownload/servlets/mirDownload?doclookupId=1268138600,2026-09-25T06:37:46Z,2026-08-29T17:52:11Z
ercot:HB_WEST,spp_dam,2026-08-30T18:00:00Z,18.93,USD/MWh,PT1H,US-TX,ercot_dam,HB_WEST,ercot:NP4-190-CD,https://www.ercot.com/misdownload/servlets/mirDownload?doclookupId=1268138600,2026-09-25T06:37:46Z,2026-08-29T17:52:11Z
ercot:HB_WEST,spp_dam,2026-08-30T19:00:00Z,22.91,USD/MWh,PT1H,US-TX,ercot_dam,HB_WEST,ercot:NP4-190-CD,https://www.ercot.com/misdownload/servlets/mirDownload?doclookupId=1268138600,2026-09-25T06:37:46Z,2026-08-29T17:52:11Z
ercot:HB_WEST,spp_dam,2026-08-30T20:00:00Z,23.6,USD/MWh,PT1H,US-TX,ercot_dam,HB_WEST,ercot:NP4-190-CD,https://www.ercot.com/misdownload/servlets/mirDownload?doclookupId=1268138600,2026-09-25T06:37:46Z,2026-08-29T17:52:11Z
ercot:HB_WEST,spp_dam,2026-08-30T21:00:00Z,24.58,USD/MWh,PT1H,US-TX,ercot_dam,HB_WEST,ercot:NP4-190-CD,https://www.ercot.com/misdownload/servlets/mirDownload?doclookupId=1268138600,2026-09-25T06:37:46Z,2026-08-29T17:52:11Z
ercot:HB_WEST,spp_dam,2026-08-30T22:00:00Z,26.49,USD/MWh,PT1H,US-TX,ercot_dam,HB_WEST,ercot:NP4-190-CD,https://www.ercot.com/misdownload/servlets/mirDownload?doclookupId=1268138600,2026-09-25T06:37:46Z,2026-08-29T17:52:11Z
ercot:HB_WEST,spp_dam,2026-08-30T23:00:00Z,43.23,USD/MWh,PT1H,US-TX,ercot_dam,HB_WEST,ercot:NP4-190-CD,https://www.ercot.com/misdownload/servlets/mirDownload?doclookupId=1268138600,2026-09-25T06:37:46Z,2026-08-29T17:52:11Z
ercot:HB_WEST,spp_dam,2026-08-31T00:00:00Z,59.76,USD/MWh,PT1H,US-TX,ercot_dam,HB_WEST,ercot:NP4-190-CD,https://www.ercot.com/misdownload/servlets/mirDownload?doclookupId=1268138600,2026-09-25T06:37:46Z,2026-08-29T17:52:11Z
ercot:HB_WEST,spp_dam,2026-08-31T01:00:00Z,52.02,USD/MWh,PT1H,US-TX,ercot_dam,HB_WEST,ercot:NP4-190-CD,https://www.ercot.com/misdownload/servlets/mirDownload?doclookupId=1268138600,2026-09-25T06:37:46Z,2026-08-29T17:52:11Z
ercot:HB_WEST,spp_dam,2026-08-31T02:00:00Z,44.56,USD/MWh,PT1H,US-TX,ercot_dam,HB_WEST,ercot:NP4-190-CD,https://www.ercot.com/misdownload/servlets/mirDownload?doclookupId=1268138600,2026-09-25T06:37:46Z,2026-08-29T17:52:11Z
ercot:HB_WEST,spp_dam,2026-08-31T03:00:00Z,36.23,USD/MWh,PT1H,US-TX,ercot_dam,HB_WEST,ercot:NP4-190-CD,https://www.ercot.com/misdownload/servlets/mirDownload?doclookupId=1268138600,2026-09-25T06:37:46Z,2026-08-29T17:52:11Z
ercot:HB_WEST,spp_dam,2026-08-31T04:00:00Z,25.63,USD/MWh,PT1H,US-TX,ercot_dam,HB_WEST,ercot:NP4-190-CD,https://www.ercot.com/misdownload/servlets/mirDownload?doclookupId=1268138600,2026-09-25T06:37:46Z,2026-08-29T17:52:11Z
ercot:HB_WEST,spp_dam,2026-08-31T05:00:00Z,24.24,USD/MWh,PT1H,US-TX,ercot_dam,HB_WEST,ercot:NP4-190-CD,https://www.ercot.com/misdownload/servlets/mirDownload?doclookupId=1268525450,2026-09-25T06:37:45Z,2026-08-30T18:00:59Z
ercot:HB_WEST,spp_dam,2026-08-31T06:00:00Z,22.14,USD/MWh,PT1H,US-TX,ercot_dam,HB_WEST,ercot:NP4-190-CD,https://www.ercot.com/misdownload/servlets/mirDownload?doclookupId=1268525450,2026-09-25T06:37:45Z,2026-08-30T18:00:59Z
ercot:HB_WEST,spp_dam,2026-08-31T07:00:00Z,21.64,USD/MWh,PT1H,US-TX,ercot_dam,HB_WEST,ercot:NP4-190-CD,https://www.ercot.com/misdownload/servlets/mirDownload?doclookupId=1268525450,2026-09-25T06:37:45Z,2026-08-30T18:00:59Z
ercot:HB_WEST,spp_dam,2026-08-31T08:00:00Z,21.05,USD/MWh,PT1H,US-TX,ercot_dam,HB_WEST,ercot:NP4-190-CD,https://www.ercot.com/misdownload/servlets/mirDownload?doclookupId=1268525450,2026-09-25T06:37:45Z,2026-08-30T18:00:59Z
ercot:HB_WEST,spp_dam,2026-08-31T09:00:00Z,21.19,USD/MWh,PT1H,US-TX,ercot_dam,HB_WEST,ercot:NP4-190-CD,https://www.ercot.com/misdownload/servlets/mirDownload?doclookupId=1268525450,2026-09-25T06:37:45Z,2026-08-30T18:00:59Z
ercot:HB_WEST,spp_dam,2026-08-31T10:00:00Z,22.9,USD/MWh,PT1H,US-TX,ercot_dam,HB_WEST,ercot:NP4-190-CD,https://www.ercot.com/misdownload/servlets/mirDownload?doclookupId=1268525450,2026-09-25T06:37:45Z,2026-08-30T18:00:59Z
ercot:HB_WEST,spp_dam,2026-08-31T11:00:00Z,24.43,USD/MWh,PT1H,US-TX,ercot_dam,HB_WEST,ercot:NP4-190-CD,https://www.ercot.com/misdownload/servlets/mirDownload?doclookupId=1268525450,2026-09-25T06:37:45Z,2026-08-30T18:00:59Z
ercot:HB_WEST,spp_dam,2026-08-31T12:00:00Z,24.18,USD/MWh,PT1H,US-TX,ercot_dam,HB_WEST,ercot:NP4-190-CD,https://www.ercot.com/misdownload/servlets/mirDownload?doclookupId=1268525450,2026-09-25T06:37:45Z,2026-08-30T18:00:59Z
ercot:HB_WEST,spp_dam,2026-08-31T13:00:00Z,18.15,USD/MWh,PT1H,US-TX,ercot_dam,HB_WEST,ercot:NP4-190-CD,https://www.ercot.com/misdownload/servlets/mirDownload?doclookupId=1268525450,2026-09-25T06:37:45Z,2026-08-30T18:00:59Z
ercot:HB_WEST,spp_dam,2026-08-31T14:00:00Z,14.55,USD/MWh,PT1H,US-TX,ercot_dam,HB_WEST,ercot:NP4-190-CD,https://www.ercot.com/misdownload/servlets/mirDownload?doclookupId=1268525450,2026-09-25T06:37:45Z,2026-08-30T18:00:59Z
ercot:HB_WEST,spp_dam,2026-08-31T15:00:00Z,14.55,USD/MWh,PT1H,US-TX,ercot_dam,HB_WEST,ercot:NP4-190-CD,https://www.ercot.com/misdownload/servlets/mirDownload?doclookupId=1268525450,2026-09-25T06:37:45Z,2026-08-30T18:00:59Z
ercot:HB_WEST,spp_dam,2026-08-31T16:00:00Z,18.17,USD/MWh,PT1H,US-TX,ercot_dam,HB_WEST,ercot:NP4-190-CD,https://www.ercot.com/misdownload/servlets/mirDownload?doclookupId=1268525450,2026-09-25T06:37:45Z,2026-08-30T18:00:59Z
ercot:HB_WEST,spp_dam,2026-08-31T17:00:00Z,22.91,USD/MWh,PT1H,US-TX,ercot_dam,HB_WEST,ercot:NP4-190-CD,https://www.ercot.com/misdownload/servlets/mirDownload?doclookupId=1268525450,2026-09-25T06:37:45Z,2026-08-30T18:00:59Z
ercot:HB_WEST,spp_dam,2026-08-31T18:00:00Z,28.37,USD/MWh,PT1H,US-TX,ercot_dam,HB_WEST,ercot:NP4-190-CD,https://www.ercot.com/misdownload/servlets/mirDownload?doclookupId=1268525450,2026-09-25T06:37:45Z,2026-08-30T18:00:59Z
ercot:HB_WEST,spp_dam,2026-08-31T19:00:00Z,30.17,USD/MWh,PT1H,US-TX,ercot_dam,HB_WEST,ercot:NP4-190-CD,https://www.ercot.com/misdownload/servlets/mirDownload?doclookupId=1268525450,2026-09-25T06:37:45Z,2026-08-30T18:00:59Z
ercot:HB_WEST,spp_dam,2026-08-31T20:00:00Z,31.7,USD/MWh,PT1H,US-TX,ercot_dam,HB_WEST,ercot:NP4-190-CD,https://www.ercot.com/misdownload/servlets/mirDownload?doclookupId=1268525450,2026-09-25T06:37:45Z,2026-08-30T18:00:59Z
ercot:HB_WEST,spp_dam,2026-08-31T21:00:00Z,31.77,USD/MWh,PT1H,US-TX,ercot_dam,HB_WEST,ercot:NP4-190-CD,https://www.ercot.com/misdownload/servlets/mirDownload?doclookupId=1268525450,2026-09-25T06:37:45Z,2026-08-30T18:00:59Z
ercot:HB_WEST,spp_dam,2026-08-31T22:00:00Z,34.42,USD/MWh,PT1H,US-TX,ercot_dam,HB_WEST,ercot:NP4-190-CD,https://www.ercot.com/misdownload/servlets/mirDownload?doclookupId=1268525450,2026-09-25T06:37:45Z,2026-08-30T18:00:59Z
ercot:HB_WEST,spp_dam,2026-08-31T23:00:00Z,52.56,USD/MWh,PT1H,US-TX,ercot_dam,HB_WEST,ercot:NP4-190-CD,https://www.ercot.com/misdownload/servlets/mirDownload?doclookupId=1268525450,2026-09-25T06:37:45Z,2026-08-30T18:00:59Z
ercot:HB_WEST,spp_dam,2026-09-01T00:00:00Z,74.09,USD/MWh,PT1H,US-TX,ercot_dam,HB_WEST,ercot:NP4-190-CD,https://www.ercot.com/misdownload/servlets/mirDownload?doclookupId=1268525450,2026-09-25T06:37:45Z,2026-08-30T18:00:59Z
ercot:HB_WEST,spp_dam,2026-09-01T01:00:00Z,66.13,USD/MWh,PT1H,US-TX,ercot_dam,HB_WEST,ercot:NP4-190-CD,https://www.ercot.com/misdownload/servlets/mirDownload?doclookupId=1268525450,2026-09-25T06:37:45Z,2026-08-30T18:00:59Z
ercot:HB_WEST,spp_dam,2026-09-01T02:00:00Z,51.58,USD/MWh,PT1H,US-TX,ercot_dam,HB_WEST,ercot:NP4-190-CD,https://www.ercot.com/misdownload/servlets/mirDownload?doclookupId=1268525450,2026-09-25T06:37:45Z,2026-08-30T18:00:59Z
ercot:HB_WEST,spp_dam,2026-09-01T03:00:00Z,40.8,USD/MWh,PT1H,US-TX,ercot_dam,HB_WEST,ercot:NP4-190-CD,https://www.ercot.com/misdownload/servlets/mirDownload?doclookupId=1268525450,2026-09-25T06:37:45Z,2026-08-30T18:00:59Z
ercot:HB_WEST,spp_dam,2026-09-01T04:00:00Z,29.57,USD/MWh,PT1H,US-TX,ercot_dam,HB_WEST,ercot:NP4-190-CD,https://www.ercot.com/misdownload/servlets/mirDownload?doclookupId=1268525450,2026-09-25T06:37:45Z,2026-08-30T18:00:59Z
ercot:HB_WEST,spp_dam,2026-09-01T05:00:00Z,26.36,USD/MWh,PT1H,US-TX,ercot_dam,HB_WEST,ercot:NP4-190-CD,https://www.ercot.com/misdownload/servlets/mirDownload?doclookupId=1268915317,2026-09-25T06:37:44Z,2026-08-31T17:33:51Z
ercot:HB_WEST,spp_dam,2026-09-01T06:00:00Z,24.55,USD/MWh,PT1H,US-TX,ercot_dam,HB_WEST,ercot:NP4-190-CD,https://www.ercot.com/misdownload/servlets/mirDownload?doclookupId=1268915317,2026-09-25T06:37:44Z,2026-08-31T17:33:51Z
ercot:HB_WEST,spp_dam,2026-09-01T07:00:00Z,24.28,USD/MWh,PT1H,US-TX,ercot_dam,HB_WEST,ercot:NP4-190-CD,https://www.ercot.com/misdownload/servlets/mirDownload?doclookupId=1268915317,2026-09-25T06:37:44Z,2026-08-31T17:33:51Z
ercot:HB_WEST,spp_dam,2026-09-01T08:00:00Z,24.88,USD/MWh,PT1H,US-TX,ercot_dam,HB_WEST,ercot:NP4-190-CD,https://www.ercot.com/misdownload/servlets/mirDownload?doclookupId=1268915317,2026-09-25T06:37:44Z,2026-08-31T17:33:51Z
ercot:HB_WEST,spp_dam,2026-09-01T09:00:00Z,23.82,USD/MWh,PT1H,US-TX,ercot_dam,HB_WEST,ercot:NP4-190-CD,https://www.ercot.com/misdownload/servlets/mirDownload?doclookupId=1268915317,2026-09-25T06:37:44Z,2026-08-31T17:33:51Z
ercot:HB_WEST,spp_dam,2026-09-01T10:00:00Z,28.0,USD/MWh,PT1H,US-TX,ercot_dam,HB_WEST,ercot:NP4-190-CD,https://www.ercot.com/misdownload/servlets/mirDownload?doclookupId=1268915317,2026-09-25T06:37:44Z,2026-08-31T17:33:51Z
ercot:HB_WEST,spp_dam,2026-09-01T11:00:00Z,31.25,USD/MWh,PT1H,US-TX,ercot_dam,HB_WEST,ercot:NP4-190-CD,https://www.ercot.com/misdownload/servlets/mirDownload?doclookupId=1268915317,2026-09-25T06:37:44Z,2026-08-31T17:33:51Z
ercot:HB_WEST,spp_dam,2026-09-01T12:00:00Z,28.78,USD/MWh,PT1H,US-TX,ercot_dam,HB_WEST,ercot:NP4-190-CD,https://www.ercot.com/misdownload/servlets/mirDownload?doclookupId=1268915317,2026-09-25T06:37:44Z,2026-08-31T17:33:51Z
ercot:HB_WEST,spp_dam,2026-09-01T13:00:00Z,22.18,USD/MWh,PT1H,US-TX,ercot_dam,HB_WEST,ercot:NP4-190-CD,https://www.ercot.com/misdownload/servlets/mirDownload?doclookupId=1268915317,2026-09-25T06:37:44Z,2026-08-31T17:33:51Z
ercot:HB_WEST,spp_dam,2026-09-01T14:00:00Z,19.66,USD/MWh,PT1H,US-TX,ercot_dam,HB_WEST,ercot:NP4-190-CD,https://www.ercot.com/misdownload/servlets/mirDownload?doclookupId=1268915317,2026-09-25T06:37:44Z,2026-08-31T17:33:51Z
ercot:HB_WEST,spp_dam,2026-09-01T15:00:00Z,20.05,USD/MWh,PT1H,US-TX,ercot_dam,HB_WEST,ercot:NP4-190-CD,https://www.ercot.com/misdownload/servlets/mirDownload?doclookupId=1268915317,2026-09-25T06:37:44Z,2026-08-31T17:33:51Z
ercot:HB_WEST,spp_dam,2026-09-01T16:00:00Z,22.95,USD/MWh,PT1H,US-TX,ercot_dam,HB_WEST,ercot:NP4-190-CD,https://www.ercot.com/misdownload/servlets/mirDownload?doclookupId=1268915317,2026-09-25T06:37:44Z,2026-08-31T17:33:51Z
ercot:HB_WEST,spp_dam,2026-09-01T17:00:00Z,29.14,USD/MWh,PT1H,US-TX,ercot_dam,HB_WEST,ercot:NP4-190-CD,https://www.ercot.com/misdownload/servlets/mirDownload?doclookupId=1268915317,2026-09-25T06:37:44Z,2026-08-31T17:33:51Z
ercot:HB_WEST,spp_dam,2026-09-01T18:00:00Z,36.76,USD/MWh,PT1H,US-TX,ercot_dam,HB_WEST,ercot:NP4-190-CD,https://www.ercot.com/misdownload/servlets/mirDownload?doclookupId=1268915317,2026-09-25T06:37:44Z,2026-08-31T17:33:51Z
ercot:HB_WEST,spp_dam,2026-09-01T19:00:00Z,39.84,USD/MWh,PT1H,US-TX,ercot_dam,HB_WEST,ercot:NP4-190-CD,https://www.ercot.com/misdownload/servlets/mirDownload?doclookupId=1268915317,2026-09-25T06:37:44Z,2026-08-31T17:33:51Z
ercot:HB_WEST,spp_dam,2026-09-01T20:00:00Z,41.96,USD/MWh,PT1H,US-TX,ercot_dam,HB_WEST,ercot:NP4-190-CD,https://www.ercot.com/misdownload/servlets/mirDownload?doclookupId=1268915317,2026-09-25T06:37:44Z,2026-08-31T17:33:51Z
ercot:HB_WEST,spp_dam,2026-09-01T21:00:00Z,45.41,USD/MWh,PT1H,US-TX,ercot_dam,HB_WEST,ercot:NP4-190-CD,https://www.ercot.com/misdownload/servlets/mirDownload?doclookupId=1268915317,2026-09-25T06:37:44Z,2026-08-31T17:33:51Z
ercot:HB_WEST,spp_dam,2026-09-01T22:00:00Z,51.61,USD/MWh,PT1H,US-TX,ercot_dam,HB_WEST,ercot:NP4-190-CD,https://www.ercot.com/misdownload/servlets/mirDownload?doclookupId=1268915317,2026-09-25T06:37:44Z,2026-08-31T17:33:51Z
ercot:HB_WEST,spp_dam,2026-09-01T23:00:00Z,67.8,USD/MWh,PT1H,US-TX,ercot_dam,HB_WEST,ercot:NP4-190-CD,https://www.ercot.com/misdownload/servlets/mirDownload?doclookupId=1268915317,2026-09-25T06:37:44Z,2026-08-31T17:33:51Z
ercot:HB_WEST,spp_dam,2026-09-02T00:00:00Z,69.0,USD/MWh,PT1H,US-TX,ercot_dam,HB_WEST,ercot:NP4-190-CD,https://www.ercot.com/misdownload/servlets/mirDownload?doclookupId=1268915317,2026-09-25T06:37:44Z,2026-08-31T17:33:51Z
ercot:HB_WEST,spp_dam,2026-09-02T01:00:00Z,59.43,USD/MWh,PT1H,US-TX,ercot_dam,HB_WEST,ercot:NP4-190-CD,https://www.ercot.com/misdownload/servlets/mirDownload?doclookupId=1268915317,2026-09-25T06:37:44Z,2026-08-31T17:33:51Z
ercot:HB_WEST,spp_dam,2026-09-02T02:00:00Z,51.41,USD/MWh,PT1H,US-TX,ercot_dam,HB_WEST,ercot:NP4-190-CD,https://www.ercot.com/misdownload/servlets/mirDownload?doclookupId=1268915317,2026-09-25T06:37:44Z,2026-08-31T17:33:51Z
ercot:HB_WEST,spp_dam,2026-09-02T03:00:00Z,40.53,USD/MWh,PT1H,US-TX,ercot_dam,HB_WEST,ercot:NP4-190-CD,https://www.ercot.com/misdownload/servlets/mirDownload?doclookupId=1268915317,2026-09-25T06:37:44Z,2026-08-31T17:33:51Z
ercot:HB_WEST,spp_dam,2026-09-02T04:00:00Z,32.32,USD/MWh,PT1H,US-TX,ercot_dam,HB_WEST,ercot:NP4-190-CD,https://www.ercot.com/misdownload/servlets/mirDownload?doclookupId=1268915317,2026-09-25T06:37:44Z,2026-08-31T17:33:51Z
ercot:HB_WEST,spp_dam,2026-09-02T05:00:00Z,28.46,USD/MWh,PT1H,US-TX,ercot_dam,HB_WEST,ercot:NP4-190-CD,https://www.ercot.com/misdownload/servlets/mirDownload?doclookupId=1269328607,2026-09-25T06:37:43Z,2026-09-01T17:49:12Z
ercot:HB_WEST,spp_dam,2026-09-02T06:00:00Z,25.92,USD/MWh,PT1H,US-TX,ercot_dam,HB_WEST,ercot:NP4-190-CD,https://www.ercot.com/misdownload/servlets/mirDownload?doclookupId=1269328607,2026-09-25T06:37:43Z,2026-09-01T17:49:12Z
ercot:HB_WEST,spp_dam,2026-09-02T07:00:00Z,24.97,USD/MWh,PT1H,US-TX,ercot_dam,HB_WEST,ercot:NP4-190-CD,https://www.ercot.com/misdownload/servlets/mirDownload?doclookupId=1269328607,2026-09-25T06:37:43Z,2026-09-01T17:49:12Z
ercot:HB_WEST,spp_dam,2026-09-02T08:00:00Z,24.7,USD/MWh,PT1H,US-TX,ercot_dam,HB_WEST,ercot:NP4-190-CD,https://www.ercot.com/misdownload/servlets/mirDownload?doclookupId=1269328607,2026-09-25T06:37:43Z,2026-09-01T17:49:12Z
ercot:HB_WEST,spp_dam,2026-09-02T09:00:00Z,25.97,USD/MWh,PT1H,US-TX,ercot_dam,HB_WEST,ercot:NP4-190-CD,https://www.ercot.com/misdownload/servlets/mirDownload?doclookupId=1269328607,2026-09-25T06:37:43Z,2026-09-01T17:49:12Z
ercot:HB_WEST,spp_dam,2026-09-02T10:00:00Z,28.72,USD/MWh,PT1H,US-TX,ercot_dam,HB_WEST,ercot:NP4-190-CD,https://www.ercot.com/misdownload/servlets/mirDownload?doclookupId=1269328607,2026-09-25T06:37:43Z,2026-09-01T17:49:12Z
ercot:HB_WEST,spp_dam,2026-09-02T11:00:00Z,31.07,USD/MWh,PT1H,US-TX,ercot_dam,HB_WEST,ercot:NP4-190-CD,https://www.ercot.com/misdownload/servlets/mirDownload?doclookupId=1269328607,2026-09-25T06:37:43Z,2026-09-01T17:49:12Z
ercot:HB_WEST,spp_dam,2026-09-02T12:00:00Z,30.3,USD/MWh,PT1H,US-TX,ercot_dam,HB_WEST,ercot:NP4-190-CD,https://www.ercot.com/misdownload/servlets/mirDownload?doclookupId=1269328607,2026-09-25T06:37:43Z,2026-09-01T17:49:12Z
ercot:HB_WEST,spp_dam,2026-09-02T13:00:00Z,24.1,USD/MWh,PT1H,US-TX,ercot_dam,HB_WEST,ercot:NP4-190-CD,https://www.ercot.com/misdownload/servlets/mirDownload?doclookupId=1269328607,2026-09-25T06:37:43Z,2026-09-01T17:49:12Z
ercot:HB_WEST,spp_dam,2026-09-02T14:00:00Z,23.17,USD/MWh,PT1H,US-TX,ercot_dam,HB_WEST,ercot:NP4-190-CD,https://www.ercot.com/misdownload/servlets/mirDownload?doclookupId=1269328607,2026-09-25T06:37:43Z,2026-09-01T17:49:12Z
ercot:HB_WEST,spp_dam,2026-09-02T15:00:00Z,23.42,USD/MWh,PT1H,US-TX,ercot_dam,HB_WEST,ercot:NP4-190-CD,https://www.ercot.com/misdownload/servlets/mirDownload?doclookupId=1269328607,2026-09-25T06:37:43Z,2026-09-01T17:49:12Z
ercot:HB_WEST,spp_dam,2026-09-02T16:00:00Z,26.57,USD/MWh,PT1H,US-TX,ercot_dam,HB_WEST,ercot:NP4-190-CD,https://www.ercot.com/misdownload/servlets/mirDownload?doclookupId=1269328607,2026-09-25T06:37:43Z,2026-09-01T17:49:12Z
ercot:HB_WEST,spp_dam,2026-09-02T17:00:00Z,33.92,USD/MWh,PT1H,US-TX,ercot_dam,HB_WEST,ercot:NP4-190-CD,https://www.ercot.com/misdownload/servlets/mirDownload?doclookupId=1269328607,2026-09-25T06:37:43Z,2026-09-01T17:49:12Z
ercot:HB_WEST,spp_dam,2026-09-02T18:00:00Z,40.91,USD/MWh,PT1H,US-TX,ercot_dam,HB_WEST,ercot:NP4-190-CD,https://www.ercot.com/misdownload/servlets/mirDownload?doclookupId=1269328607,2026-09-25T06:37:43Z,2026-09-01T17:49:12Z
ercot:HB_WEST,spp_dam,2026-09-02T19:00:00Z,44.74,USD/MWh,PT1H,US-TX,ercot_dam,HB_WEST,ercot:NP4-190-CD,https://www.ercot.com/misdownload/servlets/mirDownload?doclookupId=1269328607,2026-09-25T06:37:43Z,2026-09-01T17:49:12Z
ercot:HB_WEST,spp_dam,2026-09-02T20:00:00Z,53.07,USD/MWh,PT1H,US-TX,ercot_dam,HB_WEST,ercot:NP4-190-CD,https://www.ercot.com/misdownload/servlets/mirDownload?doclookupId=1269328607,2026-09-25T06:37:43Z,2026-09-01T17:49:12Z
ercot:HB_WEST,spp_dam,2026-09-02T21:00:00Z,54.16,USD/MWh,PT1H,US-TX,ercot_dam,HB_WEST,ercot:NP4-190-CD,https://www.ercot.com/misdownload/servlets/mirDownload?doclookupId=1269328607,2026-09-25T06:37:43Z,2026-09-01T17:49:12Z
ercot:HB_WEST,spp_dam,2026-09-02T22:00:00Z,61.12,USD/MWh,PT1H,US-TX,ercot_dam,HB_WEST,ercot:NP4-190-CD,https://www.ercot.com/misdownload/servlets/mirDownload?doclookupId=1269328607,2026-09-25T06:37:43Z,2026-09-01T17:49:12Z
ercot:HB_WEST,spp_dam,2026-09-02T23:00:00Z,70.16,USD/MWh,PT1H,US-TX,ercot_dam,HB_WEST,ercot:NP4-190-CD,https://www.ercot.com/misdownload/servlets/mirDownload?doclookupId=1269328607,2026-09-25T06:37:43Z,2026-09-01T17:49:12Z
ercot:HB_WEST,spp_dam,2026-09-03T00:00:00Z,69.8,USD/MWh,PT1H,US-TX,ercot_dam,HB_WEST,ercot:NP4-190-CD,https://www.ercot.com/misdownload/servlets/mirDownload?doclookupId=1269328607,2026-09-25T06:37:43Z,2026-09-01T17:49:12Z
ercot:HB_WEST,spp_dam,2026-09-03T01:00:00Z,63.01,USD/MWh,PT1H,US-TX,ercot_dam,HB_WEST,ercot:NP4-190-CD,https://www.ercot.com/misdownload/servlets/mirDownload?doclookupId=1269328607,2026-09-25T06:37:43Z,2026-09-01T17:49:12Z
ercot:HB_WEST,spp_dam,2026-09-03T02:00:00Z,50.88,USD/MWh,PT1H,US-TX,ercot_dam,HB_WEST,ercot:NP4-190-CD,https://www.ercot.com/misdownload/servlets/mirDownload?doclookupId=1269328607,2026-09-25T06:37:43Z,2026-09-01T17:49:12Z
ercot:HB_WEST,spp_dam,2026-09-03T03:00:00Z,36.35,USD/MWh,PT1H,US-TX,ercot_dam,HB_WEST,ercot:NP4-190-CD,https://www.ercot.com/misdownload/servlets/mirDownload?doclookupId=1269328607,2026-09-25T06:37:43Z,2026-09-01T17:49:12Z
ercot:HB_WEST,spp_dam,2026-09-03T04:00:00Z,29.96,USD/MWh,PT1H,US-TX,ercot_dam,HB_WEST,ercot:NP4-190-CD,https://www.ercot.com/misdownload/servlets/mirDownload?doclookupId=1269328607,2026-09-25T06:37:43Z,2026-09-01T17:49:12Z
ercot:HB_WEST,spp_dam,2026-09-03T05:00:00Z,27.46,USD/MWh,PT1H,US-TX,ercot_dam,HB_WEST,ercot:NP4-190-CD,https://www.ercot.com/misdownload/servlets/mirDownload?doclookupId=1269724005,2026-09-25T06:37:42Z,2026-09-02T17:37:16Z
ercot:HB_WEST,spp_dam,2026-09-03T06:00:00Z,25.21,USD/MWh,PT1H,US-TX,ercot_dam,HB_WEST,ercot:NP4-190-CD,https://www.ercot.com/misdownload/servlets/mirDownload?doclookupId=1269724005,2026-09-25T06:37:42Z,2026-09-02T17:37:16Z
ercot:HB_WEST,spp_dam,2026-09-03T07:00:00Z,25.59,USD/MWh,PT1H,US-TX,ercot_dam,HB_WEST,ercot:NP4-190-CD,https://www.ercot.com/misdownload/servlets/mirDownload?doclookupId=1269724005,2026-09-25T06:37:42Z,2026-09-02T17:37:16Z
ercot:HB_WEST,spp_dam,2026-09-03T08:00:00Z,25.55,USD/MWh,PT1H,US-TX,ercot_dam,HB_WEST,ercot:NP4-190-CD,https://www.ercot.com/misdownload/servlets/mirDownload?doclookupId=1269724005,2026-09-25T06:37:42Z,2026-09-02T17:37:16Z
ercot:HB_WEST,spp_dam,2026-09-03T09:00:00Z,25.32,USD/MWh,PT1H,US-TX,ercot_dam,HB_WEST,ercot:NP4-190-CD,https://www.ercot.com/misdownload/servlets/mirDownload?doclookupId=1269724005,2026-09-25T06:37:42Z,2026-09-02T17:37:16Z
ercot:HB_WEST,spp_dam,2026-09-03T10:00:00Z,29.47,USD/MWh,PT1H,US-TX,ercot_dam,HB_WEST,ercot:NP4-190-CD,https://www.ercot.com/misdownload/servlets/mirDownload?doclookupId=1269724005,2026-09-25T06:37:42Z,2026-09-02T17:37:16Z
ercot:HB_WEST,spp_dam,2026-09-03T11:00:00Z,32.03,USD/MWh,PT1H,US-TX,ercot_dam,HB_WEST,ercot:NP4-190-CD,https://www.ercot.com/misdownload/servlets/mirDownload?doclookupId=1269724005,2026-09-25T06:37:42Z,2026-09-02T17:37:16Z
ercot:HB_WEST,spp_dam,2026-09-03T12:00:00Z,31.34,USD/MWh,PT1H,US-TX,ercot_dam,HB_WEST,ercot:NP4-190-CD,https://www.ercot.com/misdownload/servlets/mirDownload?doclookupId=1269724005,2026-09-25T06:37:42Z,2026-09-02T17:37:16Z
ercot:HB_WEST,spp_dam,2026-09-03T13:00:00Z,26.35,USD/MWh,PT1H,US-TX,ercot_dam,HB_WEST,ercot:NP4-190-CD,https://www.ercot.com/misdownload/servlets/mirDownload?doclookupId=1269724005,2026-09-25T06:37:42Z,2026-09-02T17:37:16Z
ercot:HB_WEST,spp_dam,2026-09-03T14:00:00Z,25.05,USD/MWh,PT1H,US-TX,ercot_dam,HB_WEST,ercot:NP4-190-CD,https://www.ercot.com/misdownload/servlets/mirDownload?doclookupId=1269724005,2026-09-25T06:37:42Z,2026-09-02T17:37:16Z
ercot:HB_WEST,spp_dam,2026-09-03T15:00:00Z,26.36,USD/MWh,PT1H,US-TX,ercot_dam,HB_WEST,ercot:NP4-190-CD,https://www.ercot.com/misdownload/servlets/mirDownload?doclookupId=1269724005,2026-09-25T06:37:42Z,2026-09-02T17:37:16Z
ercot:HB_WEST,spp_dam,2026-09-03T16:00:00Z,28.73,USD/MWh,PT1H,US-TX,ercot_dam,HB_WEST,ercot:NP4-190-CD,https://www.ercot.com/misdownload/servlets/mirDownload?doclookupId=1269724005,2026-09-25T06:37:42Z,2026-09-02T17:37:16Z
ercot:HB_WEST,spp_dam,2026-09-03T17:00:00Z,34.6,USD/MWh,PT1H,US-TX,ercot_dam,HB_WEST,ercot:NP4-190-CD,https://www.ercot.com/misdownload/servlets/mirDownload?doclookupId=1269724005,2026-09-25T06:37:42Z,2026-09-02T17:37:16Z
ercot:HB_WEST,spp_dam,2026-09-03T18:00:00Z,39.31,USD/MWh,PT1H,US-TX,ercot_dam,HB_WEST,ercot:NP4-190-CD,https://www.ercot.com/misdownload/servlets/mirDownload?doclookupId=1269724005,2026-09-25T06:37:42Z,2026-09-02T17:37:16Z
ercot:HB_WEST,spp_dam,2026-09-03T19:00:00Z,42.23,USD/MWh,PT1H,US-TX,ercot_dam,HB_WEST,ercot:NP4-190-CD,https://www.ercot.com/misdownload/servlets/mirDownload?doclookupId=1269724005,2026-09-25T06:37:42Z,2026-09-02T17:37:16Z
ercot:HB_WEST,spp_dam,2026-09-03T20:00:00Z,43.58,USD/MWh,PT1H,US-TX,ercot_dam,HB_WEST,ercot:NP4-190-CD,https://www.ercot.com/misdownload/servlets/mirDownload?doclookupId=1269724005,2026-09-25T06:37:42Z,2026-09-02T17:37:16Z
ercot:HB_WEST,spp_dam,2026-09-03T21:00:00Z,43.49,USD/MWh,PT1H,US-TX,ercot_dam,HB_WEST,ercot:NP4-190-CD,https://www.ercot.com/misdownload/servlets/mirDownload?doclookupId=1269724005,2026-09-25T06:37:42Z,2026-09-02T17:37:16Z
ercot:HB_WEST,spp_dam,2026-09-03T22:00:00Z,48.39,USD/MWh,PT1H,US-TX,ercot_dam,HB_WEST,ercot:NP4-190-CD,https://www.ercot.com/misdownload/servlets/mirDownload?doclookupId=1269724005,2026-09-25T06:37:42Z,2026-09-02T17:37:16Z
ercot:HB_WEST,spp_dam,2026-09-03T23:00:00Z,59.34,USD/MWh,PT1H,US-TX,ercot_dam,HB_WEST,ercot:NP4-190-CD,https://www.ercot.com/misdownload/servlets/mirDownload?doclookupId=1269724005,2026-09-25T06:37:42Z,2026-09-02T17:37:16Z
ercot:HB_WEST,spp_dam,2026-09-04T00:00:00Z,62.0,USD/MWh,PT1H,US-TX,ercot_dam,HB_WEST,ercot:NP4-190-CD,https://www.ercot.com/misdownload/servlets/mirDownload?doclookupId=1269724005,2026-09-25T06:37:42Z,2026-09-02T17:37:16Z
ercot:HB_WEST,spp_dam,2026-09-04T01:00:00Z,58.24,USD/MWh,PT1H,US-TX,ercot_dam,HB_WEST,ercot:NP4-190-CD,https://www.ercot.com/misdownload/servlets/mirDownload?doclookupId=1269724005,2026-09-25T06:37:42Z,2026-09-02T17:37:16Z
ercot:HB_WEST,spp_dam,2026-09-04T02:00:00Z,43.52,USD/MWh,PT1H,US-TX,ercot_dam,HB_WEST,ercot:NP4-190-CD,https://www.ercot.com/misdownload/servlets/mirDownload?doclookupId=1269724005,2026-09-25T06:37:42Z,2026-09-02T17:37:16Z
ercot:HB_WEST,spp_dam,2026-09-04T03:00:00Z,35.07,USD/MWh,PT1H,US-TX,ercot_dam,HB_WEST,ercot:NP4-190-CD,https://www.ercot.com/misdownload/servlets/mirDownload?doclookupId=1269724005,2026-09-25T06:37:42Z,2026-09-02T17:37:16Z
ercot:HB_WEST,spp_dam,2026-09-04T04:00:00Z,27.52,USD/MWh,PT1H,US-TX,ercot_dam,HB_WEST,ercot:NP4-190-CD,https://www.ercot.com/misdownload/servlets/mirDownload?doclookupId=1269724005,2026-09-25T06:37:42Z,2026-09-02T17:37:16Z
ercot:HB_WEST,spp_dam,2026-09-04T05:00:00Z,29.13,USD/MWh,PT1H,US-TX,ercot_dam,HB_WEST,ercot:NP4-190-CD,https://www.ercot.com/misdownload/servlets/mirDownload?doclookupId=1270120604,2026-09-25T06:37:41Z,2026-09-03T17:32:53Z
ercot:HB_WEST,spp_dam,2026-09-04T06:00:00Z,26.49,USD/MWh,PT1H,US-TX,ercot_dam,HB_WEST,ercot:NP4-190-CD,https://www.ercot.com/misdownload/servlets/mirDownload?doclookupId=1270120604,2026-09-25T06:37:41Z,2026-09-03T17:32:53Z
ercot:HB_WEST,spp_dam,2026-09-04T07:00:00Z,26.06,USD/MWh,PT1H,US-TX,ercot_dam,HB_WEST,ercot:NP4-190-CD,https://www.ercot.com/misdownload/servlets/mirDownload?doclookupId=1270120604,2026-09-25T06:37:41Z,2026-09-03T17:32:53Z
ercot:HB_WEST,spp_dam,2026-09-04T08:00:00Z,26.12,USD/MWh,PT1H,US-TX,ercot_dam,HB_WEST,ercot:NP4-190-CD,https://www.ercot.com/misdownload/servlets/mirDownload?doclookupId=1270120604,2026-09-25T06:37:41Z,2026-09-03T17:32:53Z
ercot:HB_WEST,spp_dam,2026-09-04T09:00:00Z,27.21,USD/MWh,PT1H,US-TX,ercot_dam,HB_WEST,ercot:NP4-190-CD,https://www.ercot.com/misdownload/servlets/mirDownload?doclookupId=1270120604,2026-09-25T06:37:41Z,2026-09-03T17:32:53Z
ercot:HB_WEST,spp_dam,2026-09-04T10:00:00Z,30.21,USD/MWh,PT1H,US-TX,ercot_dam,HB_WEST,ercot:NP4-190-CD,https://www.ercot.com/misdownload/servlets/mirDownload?doclookupId=1270120604,2026-09-25T06:37:41Z,2026-09-03T17:32:53Z
ercot:HB_WEST,spp_dam,2026-09-04T11:00:00Z,31.81,USD/MWh,PT1H,US-TX,ercot_dam,HB_WEST,ercot:NP4-190-CD,https://www.ercot.com/misdownload/servlets/mirDownload?doclookupId=1270120604,2026-09-25T06:37:41Z,2026-09-03T17:32:53Z
ercot:HB_WEST,spp_dam,2026-09-04T12:00:00Z,31.28,USD/MWh,PT1H,US-TX,ercot_dam,HB_WEST,ercot:NP4-190-CD,https://www.ercot.com/misdownload/servlets/mirDownload?doclookupId=1270120604,2026-09-25T06:37:41Z,2026-09-03T17:32:53Z
ercot:HB_WEST,spp_dam,2026-09-04T13:00:00Z,24.95,USD/MWh,PT1H,US-TX,ercot_dam,HB_WEST,ercot:NP4-190-CD,https://www.ercot.com/misdownload/servlets/mirDownload?doclookupId=1270120604,2026-09-25T06:37:41Z,2026-09-03T17:32:53Z
ercot:HB_WEST,spp_dam,2026-09-04T14:00:00Z,22.75,USD/MWh,PT1H,US-TX,ercot_dam,HB_WEST,ercot:NP4-190-CD,https://www.ercot.com/misdownload/servlets/mirDownload?doclookupId=1270120604,2026-09-25T06:37:41Z,2026-09-03T17:32:53Z
ercot:HB_WEST,spp_dam,2026-09-04T15:00:00Z,22.79,USD/MWh,PT1H,US-TX,ercot_dam,HB_WEST,ercot:NP4-190-CD,https://www.ercot.com/misdownload/servlets/mirDownload?doclookupId=1270120604,2026-09-25T06:37:41Z,2026-09-03T17:32:53Z
ercot:HB_WEST,spp_dam,2026-09-04T16:00:00Z,24.28,USD/MWh,PT1H,US-TX,ercot_dam,HB_WEST,ercot:NP4-190-CD,https://www.ercot.com/misdownload/servlets/mirDownload?doclookupId=1270120604,2026-09-25T06:37:41Z,2026-09-03T17:32:53Z
ercot:HB_WEST,spp_dam,2026-09-04T17:00:00Z,28.5,USD/MWh,PT1H,US-TX,ercot_dam,HB_WEST,ercot:NP4-190-CD,https://www.ercot.com/misdownload/servlets/mirDownload?doclookupId=1270120604,2026-09-25T06:37:41Z,2026-09-03T17:32:53Z
ercot:HB_WEST,spp_dam,2026-09-04T18:00:00Z,32.43,USD/MWh,PT1H,US-TX,ercot_dam,HB_WEST,ercot:NP4-190-CD,https://www.ercot.com/misdownload/servlets/mirDownload?doclookupId=1270120604,2026-09-25T06:37:41Z,2026-09-03T17:32:53Z
ercot:HB_WEST,spp_dam,2026-09-04T19:00:00Z,33.59,USD/MWh,PT1H,US-TX,ercot_dam,HB_WEST,ercot:NP4-190-CD,https://www.ercot.com/misdownload/servlets/mirDownload?doclookupId=1270120604,2026-09-25T06:37:41Z,2026-09-03T17:32:53Z
ercot:HB_WEST,spp_dam,2026-09-04T20:00:00Z,35.0,USD/MWh,PT1H,US-TX,ercot_dam,HB_WEST,ercot:NP4-190-CD,https://www.ercot.com/misdownload/servlets/mirDownload?doclookupId=1270120604,2026-09-25T06:37:41Z,2026-09-03T17:32:53Z
ercot:HB_WEST,spp_dam,2026-09-04T21:00:00Z,36.27,USD/MWh,PT1H,US-TX,ercot_dam,HB_WEST,ercot:NP4-190-CD,https://www.ercot.com/misdownload/servlets/mirDownload?doclookupId=1270120604,2026-09-25T06:37:41Z,2026-09-03T17:32:53Z
ercot:HB_WEST,spp_dam,2026-09-04T22:00:00Z,37.12,USD/MWh,PT1H,US-TX,ercot_dam,HB_WEST,ercot:NP4-190-CD,https://www.ercot.com/misdownload/servlets/mirDownload?doclookupId=1270120604,2026-09-25T06:37:41Z,2026-09-03T17:32:53Z
ercot:HB_WEST,spp_dam,2026-09-04T23:00:00Z,47.61,USD/MWh,PT1H,US-TX,ercot_dam,HB_WEST,ercot:NP4-190-CD,https://www.ercot.com/misdownload/servlets/mirDownload?doclookupId=1270120604,2026-09-25T06:37:41Z,2026-09-03T17:32:53Z
ercot:HB_WEST,spp_dam,2026-09-05T00:00:00Z,51.87,USD/MWh,PT1H,US-TX,ercot_dam,HB_WEST,ercot:NP4-190-CD,https://www.ercot.com/misdownload/servlets/mirDownload?doclookupId=1270120604,2026-09-25T06:37:41Z,2026-09-03T17:32:53Z
ercot:HB_WEST,spp_dam,2026-09-05T01:00:00Z,47.51,USD/MWh,PT1H,US-TX,ercot_dam,HB_WEST,ercot:NP4-190-CD,https://www.ercot.com/misdownload/servlets/mirDownload?doclookupId=1270120604,2026-09-25T06:37:41Z,2026-09-03T17:32:53Z
ercot:HB_WEST,spp_dam,2026-09-05T02:00:00Z,39.71,USD/MWh,PT1H,US-TX,ercot_dam,HB_WEST,ercot:NP4-190-CD,https://www.ercot.com/misdownload/servlets/mirDownload?doclookupId=1270120604,2026-09-25T06:37:41Z,2026-09-03T17:32:53Z
ercot:HB_WEST,spp_dam,2026-09-05T03:00:00Z,35.83,USD/MWh,PT1H,US-TX,ercot_dam,HB_WEST,ercot:NP4-190-CD,https://www.ercot.com/misdownload/servlets/mirDownload?doclookupId=1270120604,2026-09-25T06:37:41Z,2026-09-03T17:32:53Z
ercot:HB_WEST,spp_dam,2026-09-05T04:00:00Z,31.84,USD/MWh,PT1H,US-TX,ercot_dam,HB_WEST,ercot:NP4-190-CD,https://www.ercot.com/misdownload/servlets/mirDownload?doclookupId=1270120604,2026-09-25T06:37:41Z,2026-09-03T17:32:53Z
ercot:HB_WEST,spp_dam,2026-09-05T05:00:00Z,30.25,USD/MWh,PT1H,US-TX,ercot_dam,HB_WEST,ercot:NP4-190-CD,https://www.ercot.com/misdownload/servlets/mirDownload?doclookupId=1270519007,2026-09-25T06:37:40Z,2026-09-04T17:32:40Z
ercot:HB_WEST,spp_dam,2026-09-05T06:00:00Z,28.01,USD/MWh,PT1H,US-TX,ercot_dam,HB_WEST,ercot:NP4-190-CD,https://www.ercot.com/misdownload/servlets/mirDownload?doclookupId=1270519007,2026-09-25T06:37:40Z,2026-09-04T17:32:40Z
ercot:HB_WEST,spp_dam,2026-09-05T07:00:00Z,28.27,USD/MWh,PT1H,US-TX,ercot_dam,HB_WEST,ercot:NP4-190-CD,https://www.ercot.com/misdownload/servlets/mirDownload?doclookupId=1270519007,2026-09-25T06:37:40Z,2026-09-04T17:32:40Z
ercot:HB_WEST,spp_dam,2026-09-05T08:00:00Z,27.63,USD/MWh,PT1H,US-TX,ercot_dam,HB_WEST,ercot:NP4-190-CD,https://www.ercot.com/misdownload/servlets/mirDownload?doclookupId=1270519007,2026-09-25T06:37:40Z,2026-09-04T17:32:40Z
ercot:HB_WEST,spp_dam,2026-09-05T09:00:00Z,27.98,USD/MWh,PT1H,US-TX,ercot_dam,HB_WEST,ercot:NP4-190-CD,https://www.ercot.com/misdownload/servlets/mirDownload?doclookupId=1270519007,2026-09-25T06:37:40Z,2026-09-04T17:32:40Z
ercot:HB_WEST,spp_dam,2026-09-05T10:00:00Z,30.5,USD/MWh,PT1H,US-TX,ercot_dam,HB_WEST,ercot:NP4-190-CD,https://www.ercot.com/misdownload/servlets/mirDownload?doclookupId=1270519007,2026-09-25T06:37:40Z,2026-09-04T17:32:40Z
ercot:HB_WEST,spp_dam,2026-09-05T11:00:00Z,31.25,USD/MWh,PT1H,US-TX,ercot_dam,HB_WEST,ercot:NP4-190-CD,https://www.ercot.com/misdownload/servlets/mirDownload?doclookupId=1270519007,2026-09-25T06:37:40Z,2026-09-04T17:32:40Z
ercot:HB_WEST,spp_dam,2026-09-05T12:00:00Z,31.41,USD/MWh,PT1H,US-TX,ercot_dam,HB_WEST,ercot:NP4-190-CD,https://www.ercot.com/misdownload/servlets/mirDownload?doclookupId=1270519007,2026-09-25T06:37:40Z,2026-09-04T17:32:40Z
ercot:HB_WEST,spp_dam,2026-09-05T13:00:00Z,23.61,USD/MWh,PT1H,US-TX,ercot_dam,HB_WEST,ercot:NP4-190-CD,https://www.ercot.com/misdownload/servlets/mirDownload?doclookupId=1270519007,2026-09-25T06:37:40Z,2026-09-04T17:32:40Z
ercot:HB_WEST,spp_dam,2026-09-05T14:00:00Z,21.77,USD/MWh,PT1H,US-TX,ercot_dam,HB_WEST,ercot:NP4-190-CD,https://www.ercot.com/misdownload/servlets/mirDownload?doclookupId=1270519007,2026-09-25T06:37:40Z,2026-09-04T17:32:40Z
ercot:HB_WEST,spp_dam,2026-09-05T15:00:00Z,22.62,USD/MWh,PT1H,US-TX,ercot_dam,HB_WEST,ercot:NP4-190-CD,https://www.ercot.com/misdownload/servlets/mirDownload?doclookupId=1270519007,2026-09-25T06:37:40Z,2026-09-04T17:32:40Z
ercot:HB_WEST,spp_dam,2026-09-05T16:00:00Z,24.75,USD/MWh,PT1H,US-TX,ercot_dam,HB_WEST,ercot:NP4-190-CD,https://www.ercot.com/misdownload/servlets/mirDownload?doclookupId=1270519007,2026-09-25T06:37:40Z,2026-09-04T17:32:40Z
ercot:HB_WEST,spp_dam,2026-09-05T17:00:00Z,30.21,USD/MWh,PT1H,US-TX,ercot_dam,HB_WEST,ercot:NP4-190-CD,https://www.ercot.com/misdownload/servlets/mirDownload?doclookupId=1270519007,2026-09-25T06:37:40Z,2026-09-04T17:32:40Z
ercot:HB_WEST,spp_dam,2026-09-05T18:00:00Z,36.34,USD/MWh,PT1H,US-TX,ercot_dam,HB_WEST,ercot:NP4-190-CD,https://www.ercot.com/misdownload/servlets/mirDownload?doclookupId=1270519007,2026-09-25T06:37:40Z,2026-09-04T17:32:40Z
ercot:HB_WEST,spp_dam,2026-09-05T19:00:00Z,37.02,USD/MWh,PT1H,US-TX,ercot_dam,HB_WEST,ercot:NP4-190-CD,https://www.ercot.com/misdownload/servlets/mirDownload?doclookupId=1270519007,2026-09-25T06:37:40Z,2026-09-04T17:32:40Z
ercot:HB_WEST,spp_dam,2026-09-05T20:00:00Z,39.22,USD/MWh,PT1H,US-TX,ercot_dam,HB_WEST,ercot:NP4-190-CD,https://www.ercot.com/misdownload/servlets/mirDownload?doclookupId=1270519007,2026-09-25T06:37:40Z,2026-09-04T17:32:40Z
ercot:HB_WEST,spp_dam,2026-09-05T21:00:00Z,41.13,USD/MWh,PT1H,US-TX,ercot_dam,HB_WEST,ercot:NP4-190-CD,https://www.ercot.com/misdownload/servlets/mirDownload?doclookupId=1270519007,2026-09-25T06:37:40Z,2026-09-04T17:32:40Z
ercot:HB_WEST,spp_dam,2026-09-05T22:00:00Z,48.11,USD/MWh,PT1H,US-TX,ercot_dam,HB_WEST,ercot:NP4-190-CD,https://www.ercot.com/misdownload/servlets/mirDownload?doclookupId=1270519007,2026-09-25T06:37:40Z,2026-09-04T17:32:40Z
ercot:HB_WEST,spp_dam,2026-09-05T23:00:00Z,59.62,USD/MWh,PT1H,US-TX,ercot_dam,HB_WEST,ercot:NP4-190-CD,https://www.ercot.com/misdownload/servlets/mirDownload?doclookupId=1270519007,2026-09-25T06:37:40Z,2026-09-04T17:32:40Z
ercot:HB_WEST,spp_dam,2026-09-06T00:00:00Z,65.33,USD/MWh,PT1H,US-TX,ercot_dam,HB_WEST,ercot:NP4-190-CD,https://www.ercot.com/misdownload/servlets/mirDownload?doclookupId=1270519007,2026-09-25T06:37:40Z,2026-09-04T17:32:40Z
ercot:HB_WEST,spp_dam,2026-09-06T01:00:00Z,59.87,USD/MWh,PT1H,US-TX,ercot_dam,HB_WEST,ercot:NP4-190-CD,https://www.ercot.com/misdownload/servlets/mirDownload?doclookupId=1270519007,2026-09-25T06:37:40Z,2026-09-04T17:32:40Z
ercot:HB_WEST,spp_dam,2026-09-06T02:00:00Z,54.88,USD/MWh,PT1H,US-TX,ercot_dam,HB_WEST,ercot:NP4-190-CD,https://www.ercot.com/misdownload/servlets/mirDownload?doclookupId=1270519007,2026-09-25T06:37:40Z,2026-09-04T17:32:40Z
ercot:HB_WEST,spp_dam,2026-09-06T03:00:00Z,41.34,USD/MWh,PT1H,US-TX,ercot_dam,HB_WEST,ercot:NP4-190-CD,https://www.ercot.com/misdownload/servlets/mirDownload?doclookupId=1270519007,2026-09-25T06:37:40Z,2026-09-04T17:32:40Z
ercot:HB_WEST,spp_dam,2026-09-06T04:00:00Z,36.76,USD/MWh,PT1H,US-TX,ercot_dam,HB_WEST,ercot:NP4-190-CD,https://www.ercot.com/misdownload/servlets/mirDownload?doclookupId=1270519007,2026-09-25T06:37:40Z,2026-09-04T17:32:40Z
ercot:HB_WEST,spp_dam,2026-09-06T05:00:00Z,32.21,USD/MWh,PT1H,US-TX,ercot_dam,HB_WEST,ercot:NP4-190-CD,https://www.ercot.com/misdownload/servlets/mirDownload?doclookupId=1270910083,2026-09-25T06:37:39Z,2026-09-05T17:32:38Z
ercot:HB_WEST,spp_dam,2026-09-06T06:00:00Z,31.11,USD/MWh,PT1H,US-TX,ercot_dam,HB_WEST,ercot:NP4-190-CD,https://www.ercot.com/misdownload/servlets/mirDownload?doclookupId=1270910083,2026-09-25T06:37:39Z,2026-09-05T17:32:38Z
ercot:HB_WEST,spp_dam,2026-09-06T07:00:00Z,31.39,USD/MWh,PT1H,US-TX,ercot_dam,HB_WEST,ercot:NP4-190-CD,https://www.ercot.com/misdownload/servlets/mirDownload?doclookupId=1270910083,2026-09-25T06:37:39Z,2026-09-05T17:32:38Z
ercot:HB_WEST,spp_dam,2026-09-06T08:00:00Z,34.18,USD/MWh,PT1H,US-TX,ercot_dam,HB_WEST,ercot:NP4-190-CD,https://www.ercot.com/misdownload/servlets/mirDownload?doclookupId=1270910083,2026-09-25T06:37:39Z,2026-09-05T17:32:38Z
ercot:HB_WEST,spp_dam,2026-09-06T09:00:00Z,36.6,USD/MWh,PT1H,US-TX,ercot_dam,HB_WEST,ercot:NP4-190-CD,https://www.ercot.com/misdownload/servlets/mirDownload?doclookupId=1270910083,2026-09-25T06:37:39Z,2026-09-05T17:32:38Z
ercot:HB_WEST,spp_dam,2026-09-06T10:00:00Z,39.31,USD/MWh,PT1H,US-TX,ercot_dam,HB_WEST,ercot:NP4-190-CD,https://www.ercot.com/misdownload/servlets/mirDownload?doclookupId=1270910083,2026-09-25T06:37:39Z,2026-09-05T17:32:38Z
ercot:HB_WEST,spp_dam,2026-09-06T11:00:00Z,36.61,USD/MWh,PT1H,US-TX,ercot_dam,HB_WEST,ercot:NP4-190-CD,https://www.ercot.com/misdownload/servlets/mirDownload?doclookupId=1270910083,2026-09-25T06:37:39Z,2026-09-05T17:32:38Z
ercot:HB_WEST,spp_dam,2026-09-06T12:00:00Z,35.4,USD/MWh,PT1H,US-TX,ercot_dam,HB_WEST,ercot:NP4-190-CD,https://www.ercot.com/misdownload/servlets/mirDownload?doclookupId=1270910083,2026-09-25T06:37:39Z,2026-09-05T17:32:38Z
ercot:HB_WEST,spp_dam,2026-09-06T13:00:00Z,24.05,USD/MWh,PT1H,US-TX,ercot_dam,HB_WEST,ercot:NP4-190-CD,https://www.ercot.com/misdownload/servlets/mirDownload?doclookupId=1270910083,2026-09-25T06:37:39Z,2026-09-05T17:32:38Z
ercot:HB_WEST,spp_dam,2026-09-06T14:00:00Z,21.37,USD/MWh,PT1H,US-TX,ercot_dam,HB_WEST,ercot:NP4-190-CD,https://www.ercot.com/misdownload/servlets/mirDownload?doclookupId=1270910083,2026-09-25T06:37:39Z,2026-09-05T17:32:38Z
ercot:HB_WEST,spp_dam,2026-09-06T15:00:00Z,21.0,USD/MWh,PT1H,US-TX,ercot_dam,HB_WEST,ercot:NP4-190-CD,https://www.ercot.com/misdownload/servlets/mirDownload?doclookupId=1270910083,2026-09-25T06:37:39Z,2026-09-05T17:32:38Z
ercot:HB_WEST,spp_dam,2026-09-06T16:00:00Z,22.86,USD/MWh,PT1H,US-TX,ercot_dam,HB_WEST,ercot:NP4-190-CD,https://www.ercot.com/misdownload/servlets/mirDownload?doclookupId=1270910083,2026-09-25T06:37:39Z,2026-09-05T17:32:38Z
ercot:HB_WEST,spp_dam,2026-09-06T17:00:00Z,25.6,USD/MWh,PT1H,US-TX,ercot_dam,HB_WEST,ercot:NP4-190-CD,https://www.ercot.com/misdownload/servlets/mirDownload?doclookupId=1270910083,2026-09-25T06:37:39Z,2026-09-05T17:32:38Z
ercot:HB_WEST,spp_dam,2026-09-06T18:00:00Z,30.05,USD/MWh,PT1H,US-TX,ercot_dam,HB_WEST,ercot:NP4-190-CD,https://www.ercot.com/misdownload/servlets/mirDownload?doclookupId=1270910083,2026-09-25T06:37:39Z,2026-09-05T17:32:38Z
ercot:HB_WEST,spp_dam,2026-09-06T19:00:00Z,34.14,USD/MWh,PT1H,US-TX,ercot_dam,HB_WEST,ercot:NP4-190-CD,https://www.ercot.com/misdownload/servlets/mirDownload?doclookupId=1270910083,2026-09-25T06:37:39Z,2026-09-05T17:32:38Z
ercot:HB_WEST,spp_dam,2026-09-06T20:00:00Z,36.86,USD/MWh,PT1H,US-TX,ercot_dam,HB_WEST,ercot:NP4-190-CD,https://www.ercot.com/misdownload/servlets/mirDownload?doclookupId=1270910083,2026-09-25T06:37:39Z,2026-09-05T17:32:38Z
ercot:HB_WEST,spp_dam,2026-09-06T21:00:00Z,39.71,USD/MWh,PT1H,US-TX,ercot_dam,HB_WEST,ercot:NP4-190-CD,https://www.ercot.com/misdownload/servlets/mirDownload?doclookupId=1270910083,2026-09-25T06:37:39Z,2026-09-05T17:32:38Z
ercot:HB_WEST,spp_dam,2026-09-06T22:00:00Z,44.89,USD/MWh,PT1H,US-TX,ercot_dam,HB_WEST,ercot:NP4-190-CD,https://www.ercot.com/misdownload/servlets/mirDownload?doclookupId=1270910083,2026-09-25T06:37:39Z,2026-09-05T17:32:38Z
ercot:HB_WEST,spp_dam,2026-09-06T23:00:00Z,56.14,USD/MWh,PT1H,US-TX,ercot_dam,HB_WEST,ercot:NP4-190-CD,https://www.ercot.com/misdownload/servlets/mirDownload?doclookupId=1270910083,2026-09-25T06:37:39Z,2026-09-05T17:32:38Z
ercot:HB_WEST,spp_dam,2026-09-07T00:00:00Z,65.68,USD/MWh,PT1H,US-TX,ercot_dam,HB_WEST,ercot:NP4-190-CD,https://www.ercot.com/misdownload/servlets/mirDownload?doclookupId=1270910083,2026-09-25T06:37:39Z,2026-09-05T17:32:38Z
ercot:HB_WEST,spp_dam,2026-09-07T01:00:00Z,62.82,USD/MWh,PT1H,US-TX,ercot_dam,HB_WEST,ercot:NP4-190-CD,https://www.ercot.com/misdownload/servlets/mirDownload?doclookupId=1270910083,2026-09-25T06:37:39Z,2026-09-05T17:32:38Z
ercot:HB_WEST,spp_dam,2026-09-07T02:00:00Z,57.51,USD/MWh,PT1H,US-TX,ercot_dam,HB_WEST,ercot:NP4-190-CD,https://www.ercot.com/misdownload/servlets/mirDownload?doclookupId=1270910083,2026-09-25T06:37:39Z,2026-09-05T17:32:38Z
ercot:HB_WEST,spp_dam,2026-09-07T03:00:00Z,51.63,USD/MWh,PT1H,US-TX,ercot_dam,HB_WEST,ercot:NP4-190-CD,https://www.ercot.com/misdownload/servlets/mirDownload?doclookupId=1270910083,2026-09-25T06:37:39Z,2026-09-05T17:32:38Z
ercot:HB_WEST,spp_dam,2026-09-07T04:00:00Z,39.23,USD/MWh,PT1H,US-TX,ercot_dam,HB_WEST,ercot:NP4-190-CD,https://www.ercot.com/misdownload/servlets/mirDownload?doclookupId=1270910083,2026-09-25T06:37:39Z,2026-09-05T17:32:38Z
ercot:HB_WEST,spp_dam,2026-09-07T05:00:00Z,45.62,USD/MWh,PT1H,US-TX,ercot_dam,HB_WEST,ercot:NP4-190-CD,https://www.ercot.com/misdownload/servlets/mirDownload?doclookupId=1271299081,2026-09-25T06:37:38Z,2026-09-06T17:32:41Z
ercot:HB_WEST,spp_dam,2026-09-07T06:00:00Z,41.28,USD/MWh,PT1H,US-TX,ercot_dam,HB_WEST,ercot:NP4-190-CD,https://www.ercot.com/misdownload/servlets/mirDownload?doclookupId=1271299081,2026-09-25T06:37:38Z,2026-09-06T17:32:41Z
ercot:HB_WEST,spp_dam,2026-09-07T07:00:00Z,38.86,USD/MWh,PT1H,US-TX,ercot_dam,HB_WEST,ercot:NP4-190-CD,https://www.ercot.com/misdownload/servlets/mirDownload?doclookupId=1271299081,2026-09-25T06:37:38Z,2026-09-06T17:32:41Z
ercot:HB_WEST,spp_dam,2026-09-07T08:00:00Z,37.05,USD/MWh,PT1H,US-TX,ercot_dam,HB_WEST,ercot:NP4-190-CD,https://www.ercot.com/misdownload/servlets/mirDownload?doclookupId=1271299081,2026-09-25T06:37:38Z,2026-09-06T17:32:41Z
ercot:HB_WEST,spp_dam,2026-09-07T09:00:00Z,37.76,USD/MWh,PT1H,US-TX,ercot_dam,HB_WEST,ercot:NP4-190-CD,https://www.ercot.com/misdownload/servlets/mirDownload?doclookupId=1271299081,2026-09-25T06:37:38Z,2026-09-06T17:32:41Z
ercot:HB_WEST,spp_dam,2026-09-07T10:00:00Z,41.3,USD/MWh,PT1H,US-TX,ercot_dam,HB_WEST,ercot:NP4-190-CD,https://www.ercot.com/misdownload/servlets/mirDownload?doclookupId=1271299081,2026-09-25T06:37:38Z,2026-09-06T17:32:41Z
ercot:HB_WEST,spp_dam,2026-09-07T11:00:00Z,38.2,USD/MWh,PT1H,US-TX,ercot_dam,HB_WEST,ercot:NP4-190-CD,https://www.ercot.com/misdownload/servlets/mirDownload?doclookupId=1271299081,2026-09-25T06:37:38Z,2026-09-06T17:32:41Z
ercot:HB_WEST,spp_dam,2026-09-07T12:00:00Z,35.3,USD/MWh,PT1H,US-TX,ercot_dam,HB_WEST,ercot:NP4-190-CD,https://www.ercot.com/misdownload/servlets/mirDownload?doclookupId=1271299081,2026-09-25T06:37:38Z,2026-09-06T17:32:41Z
ercot:HB_WEST,spp_dam,2026-09-07T13:00:00Z,24.7,USD/MWh,PT1H,US-TX,ercot_dam,HB_WEST,ercot:NP4-190-CD,https://www.ercot.com/misdownload/servlets/mirDownload?doclookupId=1271299081,2026-09-25T06:37:38Z,2026-09-06T17:32:41Z
ercot:HB_WEST,spp_dam,2026-09-07T14:00:00Z,22.36,USD/MWh,PT1H,US-TX,ercot_dam,HB_WEST,ercot:NP4-190-CD,https://www.ercot.com/misdownload/servlets/mirDownload?doclookupId=1271299081,2026-09-25T06:37:38Z,2026-09-06T17:32:41Z
ercot:HB_WEST,spp_dam,2026-09-07T15:00:00Z,21.9,USD/MWh,PT1H,US-TX,ercot_dam,HB_WEST,ercot:NP4-190-CD,https://www.ercot.com/misdownload/servlets/mirDownload?doclookupId=1271299081,2026-09-25T06:37:38Z,2026-09-06T17:32:41Z
ercot:HB_WEST,spp_dam,2026-09-07T16:00:00Z,23.04,USD/MWh,PT1H,US-TX,ercot_dam,HB_WEST,ercot:NP4-190-CD,https://www.ercot.com/misdownload/servlets/mirDownload?doclookupId=1271299081,2026-09-25T06:37:38Z,2026-09-06T17:32:41Z
ercot:HB_WEST,spp_dam,2026-09-07T17:00:00Z,27.05,USD/MWh,PT1H,US-TX,ercot_dam,HB_WEST,ercot:NP4-190-CD,https://www.ercot.com/misdownload/servlets/mirDownload?doclookupId=1271299081,2026-09-25T06:37:38Z,2026-09-06T17:32:41Z
ercot:HB_WEST,spp_dam,2026-09-07T18:00:00Z,33.61,USD/MWh,PT1H,US-TX,ercot_dam,HB_WEST,ercot:NP4-190-CD,https://www.ercot.com/misdownload/servlets/mirDownload?doclookupId=1271299081,2026-09-25T06:37:38Z,2026-09-06T17:32:41Z
ercot:HB_WEST,spp_dam,2026-09-07T19:00:00Z,38.39,USD/MWh,PT1H,US-TX,ercot_dam,HB_WEST,ercot:NP4-190-CD,https://www.ercot.com/misdownload/servlets/mirDownload?doclookupId=1271299081,2026-09-25T06:37:38Z,2026-09-06T17:32:41Z
ercot:HB_WEST,spp_dam,2026-09-07T20:00:00Z,41.3,USD/MWh,PT1H,US-TX,ercot_dam,HB_WEST,ercot:NP4-190-CD,https://www.ercot.com/misdownload/servlets/mirDownload?doclookupId=1271299081,2026-09-25T06:37:38Z,2026-09-06T17:32:41Z
ercot:HB_WEST,spp_dam,2026-09-07T21:00:00Z,42.65,USD/MWh,PT1H,US-TX,ercot_dam,HB_WEST,ercot:NP4-190-CD,https://www.ercot.com/misdownload/servlets/mirDownload?doclookupId=1271299081,2026-09-25T06:37:38Z,2026-09-06T17:32:41Z
ercot:HB_WEST,spp_dam,2026-09-07T22:00:00Z,52.76,USD/MWh,PT1H,US-TX,ercot_dam,HB_WEST,ercot:NP4-190-CD,https://www.ercot.com/misdownload/servlets/mirDownload?doclookupId=1271299081,2026-09-25T06:37:38Z,2026-09-06T17:32:41Z
ercot:HB_WEST,spp_dam,2026-09-07T23:00:00Z,77.65,USD/MWh,PT1H,US-TX,ercot_dam,HB_WEST,ercot:NP4-190-CD,https://www.ercot.com/misdownload/servlets/mirDownload?doclookupId=1271299081,2026-09-25T06:37:38Z,2026-09-06T17:32:41Z
ercot:HB_WEST,spp_dam,2026-09-08T00:00:00Z,89.95,USD/MWh,PT1H,US-TX,ercot_dam,HB_WEST,ercot:NP4-190-CD,https://www.ercot.com/misdownload/servlets/mirDownload?doclookupId=1271299081,2026-09-25T06:37:38Z,2026-09-06T17:32:41Z
ercot:HB_WEST,spp_dam,2026-09-08T01:00:00Z,82.75,USD/MWh,PT1H,US-TX,ercot_dam,HB_WEST,ercot:NP4-190-CD,https://www.ercot.com/misdownload/servlets/mirDownload?doclookupId=1271299081,2026-09-25T06:37:38Z,2026-09-06T17:32:41Z
ercot:HB_WEST,spp_dam,2026-09-08T02:00:00Z,72.2,USD/MWh,PT1H,US-TX,ercot_dam,HB_WEST,ercot:NP4-190-CD,https://www.ercot.com/misdownload/servlets/mirDownload?doclookupId=1271299081,2026-09-25T06:37:38Z,2026-09-06T17:32:41Z
ercot:HB_WEST,spp_dam,2026-09-08T03:00:00Z,64.48,USD/MWh,PT1H,US-TX,ercot_dam,HB_WEST,ercot:NP4-190-CD,https://www.ercot.com/misdownload/servlets/mirDownload?doclookupId=1271299081,2026-09-25T06:37:38Z,2026-09-06T17:32:41Z
ercot:HB_WEST,spp_dam,2026-09-08T04:00:00Z,42.39,USD/MWh,PT1H,US-TX,ercot_dam,HB_WEST,ercot:NP4-190-CD,https://www.ercot.com/misdownload/servlets/mirDownload?doclookupId=1271299081,2026-09-25T06:37:38Z,2026-09-06T17:32:41Z
ercot:HB_WEST,spp_dam,2026-09-08T05:00:00Z,33.54,USD/MWh,PT1H,US-TX,ercot_dam,HB_WEST,ercot:NP4-190-CD,https://www.ercot.com/misdownload/servlets/mirDownload?doclookupId=1271688868,2026-09-25T06:37:37Z,2026-09-07T17:32:52Z
ercot:HB_WEST,spp_dam,2026-09-08T06:00:00Z,31.0,USD/MWh,PT1H,US-TX,ercot_dam,HB_WEST,ercot:NP4-190-CD,https://www.ercot.com/misdownload/servlets/mirDownload?doclookupId=1271688868,2026-09-25T06:37:37Z,2026-09-07T17:32:52Z
ercot:HB_WEST,spp_dam,2026-09-08T07:00:00Z,30.55,USD/MWh,PT1H,US-TX,ercot_dam,HB_WEST,ercot:NP4-190-CD,https://www.ercot.com/misdownload/servlets/mirDownload?doclookupId=1271688868,2026-09-25T06:37:37Z,2026-09-07T17:32:52Z
ercot:HB_WEST,spp_dam,2026-09-08T08:00:00Z,29.25,USD/MWh,PT1H,US-TX,ercot_dam,HB_WEST,ercot:NP4-190-CD,https://www.ercot.com/misdownload/servlets/mirDownload?doclookupId=1271688868,2026-09-25T06:37:37Z,2026-09-07T17:32:52Z
ercot:HB_WEST,spp_dam,2026-09-08T09:00:00Z,29.96,USD/MWh,PT1H,US-TX,ercot_dam,HB_WEST,ercot:NP4-190-CD,https://www.ercot.com/misdownload/servlets/mirDownload?doclookupId=1271688868,2026-09-25T06:37:37Z,2026-09-07T17:32:52Z
ercot:HB_WEST,spp_dam,2026-09-08T10:00:00Z,35.18,USD/MWh,PT1H,US-TX,ercot_dam,HB_WEST,ercot:NP4-190-CD,https://www.ercot.com/misdownload/servlets/mirDownload?doclookupId=1271688868,2026-09-25T06:37:37Z,2026-09-07T17:32:52Z
ercot:HB_WEST,spp_dam,2026-09-08T11:00:00Z,37.32,USD/MWh,PT1H,US-TX,ercot_dam,HB_WEST,ercot:NP4-190-CD,https://www.ercot.com/misdownload/servlets/mirDownload?doclookupId=1271688868,2026-09-25T06:37:37Z,2026-09-07T17:32:52Z
ercot:HB_WEST,spp_dam,2026-09-08T12:00:00Z,34.87,USD/MWh,PT1H,US-TX,ercot_dam,HB_WEST,ercot:NP4-190-CD,https://www.ercot.com/misdownload/servlets/mirDownload?doclookupId=1271688868,2026-09-25T06:37:37Z,2026-09-07T17:32:52Z
ercot:HB_WEST,spp_dam,2026-09-08T13:00:00Z,24.68,USD/MWh,PT1H,US-TX,ercot_dam,HB_WEST,ercot:NP4-190-CD,https://www.ercot.com/misdownload/servlets/mirDownload?doclookupId=1271688868,2026-09-25T06:37:37Z,2026-09-07T17:32:52Z
ercot:HB_WEST,spp_dam,2026-09-08T14:00:00Z,20.5,USD/MWh,PT1H,US-TX,ercot_dam,HB_WEST,ercot:NP4-190-CD,https://www.ercot.com/misdownload/servlets/mirDownload?doclookupId=1271688868,2026-09-25T06:37:37Z,2026-09-07T17:32:52Z
ercot:HB_WEST,spp_dam,2026-09-08T15:00:00Z,19.97,USD/MWh,PT1H,US-TX,ercot_dam,HB_WEST,ercot:NP4-190-CD,https://www.ercot.com/misdownload/servlets/mirDownload?doclookupId=1271688868,2026-09-25T06:37:37Z,2026-09-07T17:32:52Z
ercot:HB_WEST,spp_dam,2026-09-08T16:00:00Z,21.69,USD/MWh,PT1H,US-TX,ercot_dam,HB_WEST,ercot:NP4-190-CD,https://www.ercot.com/misdownload/servlets/mirDownload?doclookupId=1271688868,2026-09-25T06:37:37Z,2026-09-07T17:32:52Z
ercot:HB_WEST,spp_dam,2026-09-08T17:00:00Z,27.39,USD/MWh,PT1H,US-TX,ercot_dam,HB_WEST,ercot:NP4-190-CD,https://www.ercot.com/misdownload/servlets/mirDownload?doclookupId=1271688868,2026-09-25T06:37:37Z,2026-09-07T17:32:52Z
ercot:HB_WEST,spp_dam,2026-09-08T18:00:00Z,33.38,USD/MWh,PT1H,US-TX,ercot_dam,HB_WEST,ercot:NP4-190-CD,https://www.ercot.com/misdownload/servlets/mirDownload?doclookupId=1271688868,2026-09-25T06:37:37Z,2026-09-07T17:32:52Z
ercot:HB_WEST,spp_dam,2026-09-08T19:00:00Z,34.97,USD/MWh,PT1H,US-TX,ercot_dam,HB_WEST,ercot:NP4-190-CD,https://www.ercot.com/misdownload/servlets/mirDownload?doclookupId=1271688868,2026-09-25T06:37:37Z,2026-09-07T17:32:52Z
ercot:HB_WEST,spp_dam,2026-09-08T20:00:00Z,36.88,USD/MWh,PT1H,US-TX,ercot_dam,HB_WEST,ercot:NP4-190-CD,https://www.ercot.com/misdownload/servlets/mirDownload?doclookupId=1271688868,2026-09-25T06:37:37Z,2026-09-07T17:32:52Z
ercot:HB_WEST,spp_dam,2026-09-08T21:00:00Z,40.79,USD/MWh,PT1H,US-TX,ercot_dam,HB_WEST,ercot:NP4-190-CD,https://www.ercot.com/misdownload/servlets/mirDownload?doclookupId=1271688868,2026-09-25T06:37:37Z,2026-09-07T17:32:52Z
ercot:HB_WEST,spp_dam,2026-09-08T22:00:00Z,46.09,USD/MWh,PT1H,US-TX,ercot_dam,HB_WEST,ercot:NP4-190-CD,https://www.ercot.com/misdownload/servlets/mirDownload?doclookupId=1271688868,2026-09-25T06:37:37Z,2026-09-07T17:32:52Z
ercot:HB_WEST,spp_dam,2026-09-08T23:00:00Z,69.9,USD/MWh,PT1H,US-TX,ercot_dam,HB_WEST,ercot:NP4-190-CD,https://www.ercot.com/misdownload/servlets/mirDownload?doclookupId=1271688868,2026-09-25T06:37:37Z,2026-09-07T17:32:52Z
ercot:HB_WEST,spp_dam,2026-09-09T00:00:00Z,88.78,USD/MWh,PT1H,US-TX,ercot_dam,HB_WEST,ercot:NP4-190-CD,https://www.ercot.com/misdownload/servlets/mirDownload?doclookupId=1271688868,2026-09-25T06:37:37Z,2026-09-07T17:32:52Z
ercot:HB_WEST,spp_dam,2026-09-09T01:00:00Z,80.39,USD/MWh,PT1H,US-TX,ercot_dam,HB_WEST,ercot:NP4-190-CD,https://www.ercot.com/misdownload/servlets/mirDownload?doclookupId=1271688868,2026-09-25T06:37:37Z,2026-09-07T17:32:52Z
ercot:HB_WEST,spp_dam,2026-09-09T02:00:00Z,68.44,USD/MWh,PT1H,US-TX,ercot_dam,HB_WEST,ercot:NP4-190-CD,https://www.ercot.com/misdownload/servlets/mirDownload?doclookupId=1271688868,2026-09-25T06:37:37Z,2026-09-07T17:32:52Z
ercot:HB_WEST,spp_dam,2026-09-09T03:00:00Z,49.56,USD/MWh,PT1H,US-TX,ercot_dam,HB_WEST,ercot:NP4-190-CD,https://www.ercot.com/misdownload/servlets/mirDownload?doclookupId=1271688868,2026-09-25T06:37:37Z,2026-09-07T17:32:52Z
ercot:HB_WEST,spp_dam,2026-09-09T04:00:00Z,37.69,USD/MWh,PT1H,US-TX,ercot_dam,HB_WEST,ercot:NP4-190-CD,https://www.ercot.com/misdownload/servlets/mirDownload?doclookupId=1271688868,2026-09-25T06:37:37Z,2026-09-07T17:32:52Z
ercot:HB_WEST,spp_dam,2026-09-09T05:00:00Z,32.9,USD/MWh,PT1H,US-TX,ercot_dam,HB_WEST,ercot:NP4-190-CD,https://www.ercot.com/misdownload/servlets/mirDownload?doclookupId=1272093341,2026-09-25T06:37:36Z,2026-09-08T17:33:15Z
ercot:HB_WEST,spp_dam,2026-09-09T06:00:00Z,30.62,USD/MWh,PT1H,US-TX,ercot_dam,HB_WEST,ercot:NP4-190-CD,https://www.ercot.com/misdownload/servlets/mirDownload?doclookupId=1272093341,2026-09-25T06:37:36Z,2026-09-08T17:33:15Z
ercot:HB_WEST,spp_dam,2026-09-09T07:00:00Z,30.18,USD/MWh,PT1H,US-TX,ercot_dam,HB_WEST,ercot:NP4-190-CD,https://www.ercot.com/misdownload/servlets/mirDownload?doclookupId=1272093341,2026-09-25T06:37:36Z,2026-09-08T17:33:15Z
ercot:HB_WEST,spp_dam,2026-09-09T08:00:00Z,28.78,USD/MWh,PT1H,US-TX,ercot_dam,HB_WEST,ercot:NP4-190-CD,https://www.ercot.com/misdownload/servlets/mirDownload?doclookupId=1272093341,2026-09-25T06:37:36Z,2026-09-08T17:33:15Z
ercot:HB_WEST,spp_dam,2026-09-09T09:00:00Z,30.13,USD/MWh,PT1H,US-TX,ercot_dam,HB_WEST,ercot:NP4-190-CD,https://www.ercot.com/misdownload/servlets/mirDownload?doclookupId=1272093341,2026-09-25T06:37:36Z,2026-09-08T17:33:15Z
ercot:HB_WEST,spp_dam,2026-09-09T10:00:00Z,34.01,USD/MWh,PT1H,US-TX,ercot_dam,HB_WEST,ercot:NP4-190-CD,https://www.ercot.com/misdownload/servlets/mirDownload?doclookupId=1272093341,2026-09-25T06:37:36Z,2026-09-08T17:33:15Z
ercot:HB_WEST,spp_dam,2026-09-09T11:00:00Z,40.04,USD/MWh,PT1H,US-TX,ercot_dam,HB_WEST,ercot:NP4-190-CD,https://www.ercot.com/misdownload/servlets/mirDownload?doclookupId=1272093341,2026-09-25T06:37:36Z,2026-09-08T17:33:15Z
ercot:HB_WEST,spp_dam,2026-09-09T12:00:00Z,35.3,USD/MWh,PT1H,US-TX,ercot_dam,HB_WEST,ercot:NP4-190-CD,https://www.ercot.com/misdownload/servlets/mirDownload?doclookupId=1272093341,2026-09-25T06:37:36Z,2026-09-08T17:33:15Z
ercot:HB_WEST,spp_dam,2026-09-09T13:00:00Z,26.38,USD/MWh,PT1H,US-TX,ercot_dam,HB_WEST,ercot:NP4-190-CD,https://www.ercot.com/misdownload/servlets/mirDownload?doclookupId=1272093341,2026-09-25T06:37:36Z,2026-09-08T17:33:15Z
ercot:HB_WEST,spp_dam,2026-09-09T14:00:00Z,21.49,USD/MWh,PT1H,US-TX,ercot_dam,HB_WEST,ercot:NP4-190-CD,https://www.ercot.com/misdownload/servlets/mirDownload?doclookupId=1272093341,2026-09-25T06:37:36Z,2026-09-08T17:33:15Z
ercot:HB_WEST,spp_dam,2026-09-09T15:00:00Z,21.97,USD/MWh,PT1H,US-TX,ercot_dam,HB_WEST,ercot:NP4-190-CD,https://www.ercot.com/misdownload/servlets/mirDownload?doclookupId=1272093341,2026-09-25T06:37:36Z,2026-09-08T17:33:15Z
ercot:HB_WEST,spp_dam,2026-09-09T16:00:00Z,25.51,USD/MWh,PT1H,US-TX,ercot_dam,HB_WEST,ercot:NP4-190-CD,https://www.ercot.com/misdownload/servlets/mirDownload?doclookupId=1272093341,2026-09-25T06:37:36Z,2026-09-08T17:33:15Z
ercot:HB_WEST,spp_dam,2026-09-09T17:00:00Z,34.16,USD/MWh,PT1H,US-TX,ercot_dam,HB_WEST,ercot:NP4-190-CD,https://www.ercot.com/misdownload/servlets/mirDownload?doclookupId=1272093341,2026-09-25T06:37:36Z,2026-09-08T17:33:15Z
ercot:HB_WEST,spp_dam,2026-09-09T18:00:00Z,40.8,USD/MWh,PT1H,US-TX,ercot_dam,HB_WEST,ercot:NP4-190-CD,https://www.ercot.com/misdownload/servlets/mirDownload?doclookupId=1272093341,2026-09-25T06:37:36Z,2026-09-08T17:33:15Z
ercot:HB_WEST,spp_dam,2026-09-09T19:00:00Z,43.12,USD/MWh,PT1H,US-TX,ercot_dam,HB_WEST,ercot:NP4-190-CD,https://www.ercot.com/misdownload/servlets/mirDownload?doclookupId=1272093341,2026-09-25T06:37:36Z,2026-09-08T17:33:15Z
ercot:HB_WEST,spp_dam,2026-09-09T20:00:00Z,45.04,USD/MWh,PT1H,US-TX,ercot_dam,HB_WEST,ercot:NP4-190-CD,https://www.ercot.com/misdownload/servlets/mirDownload?doclookupId=1272093341,2026-09-25T06:37:36Z,2026-09-08T17:33:15Z
ercot:HB_WEST,spp_dam,2026-09-09T21:00:00Z,45.4,USD/MWh,PT1H,US-TX,ercot_dam,HB_WEST,ercot:NP4-190-CD,https://www.ercot.com/misdownload/servlets/mirDownload?doclookupId=1272093341,2026-09-25T06:37:36Z,2026-09-08T17:33:15Z
ercot:HB_WEST,spp_dam,2026-09-09T22:00:00Z,58.03,USD/MWh,PT1H,US-TX,ercot_dam,HB_WEST,ercot:NP4-190-CD,https://www.ercot.com/misdownload/servlets/mirDownload?doclookupId=1272093341,2026-09-25T06:37:36Z,2026-09-08T17:33:15Z
ercot:HB_WEST,spp_dam,2026-09-09T23:00:00Z,86.46,USD/MWh,PT1H,US-TX,ercot_dam,HB_WEST,ercot:NP4-190-CD,https://www.ercot.com/misdownload/servlets/mirDownload?doclookupId=1272093341,2026-09-25T06:37:36Z,2026-09-08T17:33:15Z
ercot:HB_WEST,spp_dam,2026-09-10T00:00:00Z,105.94,USD/MWh,PT1H,US-TX,ercot_dam,HB_WEST,ercot:NP4-190-CD,https://www.ercot.com/misdownload/servlets/mirDownload?doclookupId=1272093341,2026-09-25T06:37:36Z,2026-09-08T17:33:15Z
ercot:HB_WEST,spp_dam,2026-09-10T01:00:00Z,100.16,USD/MWh,PT1H,US-TX,ercot_dam,HB_WEST,ercot:NP4-190-CD,https://www.ercot.com/misdownload/servlets/mirDownload?doclookupId=1272093341,2026-09-25T06:37:36Z,2026-09-08T17:33:15Z
ercot:HB_WEST,spp_dam,2026-09-10T02:00:00Z,92.69,USD/MWh,PT1H,US-TX,ercot_dam,HB_WEST,ercot:NP4-190-CD,https://www.ercot.com/misdownload/servlets/mirDownload?doclookupId=1272093341,2026-09-25T06:37:36Z,2026-09-08T17:33:15Z
ercot:HB_WEST,spp_dam,2026-09-10T03:00:00Z,58.59,USD/MWh,PT1H,US-TX,ercot_dam,HB_WEST,ercot:NP4-190-CD,https://www.ercot.com/misdownload/servlets/mirDownload?doclookupId=1272093341,2026-09-25T06:37:36Z,2026-09-08T17:33:15Z
ercot:HB_WEST,spp_dam,2026-09-10T04:00:00Z,40.24,USD/MWh,PT1H,US-TX,ercot_dam,HB_WEST,ercot:NP4-190-CD,https://www.ercot.com/misdownload/servlets/mirDownload?doclookupId=1272093341,2026-09-25T06:37:36Z,2026-09-08T17:33:15Z
ercot:HB_WEST,spp_dam,2026-09-10T05:00:00Z,32.57,USD/MWh,PT1H,US-TX,ercot_dam,HB_WEST,ercot:NP4-190-CD,https://www.ercot.com/misdownload/servlets/mirDownload?doclookupId=1272509790,2026-09-25T06:37:35Z,2026-09-09T17:57:39Z
ercot:HB_WEST,spp_dam,2026-09-10T06:00:00Z,29.53,USD/MWh,PT1H,US-TX,ercot_dam,HB_WEST,ercot:NP4-190-CD,https://www.ercot.com/misdownload/servlets/mirDownload?doclookupId=1272509790,2026-09-25T06:37:35Z,2026-09-09T17:57:39Z
ercot:HB_WEST,spp_dam,2026-09-10T07:00:00Z,30.53,USD/MWh,PT1H,US-TX,ercot_dam,HB_WEST,ercot:NP4-190-CD,https://www.ercot.com/misdownload/servlets/mirDownload?doclookupId=1272509790,2026-09-25T06:37:35Z,2026-09-09T17:57:39Z
ercot:HB_WEST,spp_dam,2026-09-10T08:00:00Z,28.87,USD/MWh,PT1H,US-TX,ercot_dam,HB_WEST,ercot:NP4-190-CD,https://www.ercot.com/misdownload/servlets/mirDownload?doclookupId=1272509790,2026-09-25T06:37:35Z,2026-09-09T17:57:39Z
ercot:HB_WEST,spp_dam,2026-09-10T09:00:00Z,30.09,USD/MWh,PT1H,US-TX,ercot_dam,HB_WEST,ercot:NP4-190-CD,https://www.ercot.com/misdownload/servlets/mirDownload?doclookupId=1272509790,2026-09-25T06:37:35Z,2026-09-09T17:57:39Z
ercot:HB_WEST,spp_dam,2026-09-10T10:00:00Z,33.92,USD/MWh,PT1H,US-TX,ercot_dam,HB_WEST,ercot:NP4-190-CD,https://www.ercot.com/misdownload/servlets/mirDownload?doclookupId=1272509790,2026-09-25T06:37:35Z,2026-09-09T17:57:39Z
ercot:HB_WEST,spp_dam,2026-09-10T11:00:00Z,39.02,USD/MWh,PT1H,US-TX,ercot_dam,HB_WEST,ercot:NP4-190-CD,https://www.ercot.com/misdownload/servlets/mirDownload?doclookupId=1272509790,2026-09-25T06:37:35Z,2026-09-09T17:57:39Z
ercot:HB_WEST,spp_dam,2026-09-10T12:00:00Z,37.46,USD/MWh,PT1H,US-TX,ercot_dam,HB_WEST,ercot:NP4-190-CD,https://www.ercot.com/misdownload/servlets/mirDownload?doclookupId=1272509790,2026-09-25T06:37:35Z,2026-09-09T17:57:39Z
ercot:HB_WEST,spp_dam,2026-09-10T13:00:00Z,26.29,USD/MWh,PT1H,US-TX,ercot_dam,HB_WEST,ercot:NP4-190-CD,https://www.ercot.com/misdownload/servlets/mirDownload?doclookupId=1272509790,2026-09-25T06:37:35Z,2026-09-09T17:57:39Z
ercot:HB_WEST,spp_dam,2026-09-10T14:00:00Z,22.76,USD/MWh,PT1H,US-TX,ercot_dam,HB_WEST,ercot:NP4-190-CD,https://www.ercot.com/misdownload/servlets/mirDownload?doclookupId=1272509790,2026-09-25T06:37:35Z,2026-09-09T17:57:39Z
ercot:HB_WEST,spp_dam,2026-09-10T15:00:00Z,24.11,USD/MWh,PT1H,US-TX,ercot_dam,HB_WEST,ercot:NP4-190-CD,https://www.ercot.com/misdownload/servlets/mirDownload?doclookupId=1272509790,2026-09-25T06:37:35Z,2026-09-09T17:57:39Z
ercot:HB_WEST,spp_dam,2026-09-10T16:00:00Z,25.71,USD/MWh,PT1H,US-TX,ercot_dam,HB_WEST,ercot:NP4-190-CD,https://www.ercot.com/misdownload/servlets/mirDownload?doclookupId=1272509790,2026-09-25T06:37:35Z,2026-09-09T17:57:39Z
ercot:HB_WEST,spp_dam,2026-09-10T17:00:00Z,33.13,USD/MWh,PT1H,US-TX,ercot_dam,HB_WEST,ercot:NP4-190-CD,https://www.ercot.com/misdownload/servlets/mirDownload?doclookupId=1272509790,2026-09-25T06:37:35Z,2026-09-09T17:57:39Z
ercot:HB_WEST,spp_dam,2026-09-10T18:00:00Z,45.34,USD/MWh,PT1H,US-TX,ercot_dam,HB_WEST,ercot:NP4-190-CD,https://www.ercot.com/misdownload/servlets/mirDownload?doclookupId=1272509790,2026-09-25T06:37:35Z,2026-09-09T17:57:39Z
ercot:HB_WEST,spp_dam,2026-09-10T19:00:00Z,46.5,USD/MWh,PT1H,US-TX,ercot_dam,HB_WEST,ercot:NP4-190-CD,https://www.ercot.com/misdownload/servlets/mirDownload?doclookupId=1272509790,2026-09-25T06:37:35Z,2026-09-09T17:57:39Z
ercot:HB_WEST,spp_dam,2026-09-10T20:00:00Z,46.42,USD/MWh,PT1H,US-TX,ercot_dam,HB_WEST,ercot:NP4-190-CD,https://www.ercot.com/misdownload/servlets/mirDownload?doclookupId=1272509790,2026-09-25T06:37:35Z,2026-09-09T17:57:39Z
ercot:HB_WEST,spp_dam,2026-09-10T21:00:00Z,50.7,USD/MWh,PT1H,US-TX,ercot_dam,HB_WEST,ercot:NP4-190-CD,https://www.ercot.com/misdownload/servlets/mirDownload?doclookupId=1272509790,2026-09-25T06:37:35Z,2026-09-09T17:57:39Z
ercot:HB_WEST,spp_dam,2026-09-10T22:00:00Z,62.13,USD/MWh,PT1H,US-TX,ercot_dam,HB_WEST,ercot:NP4-190-CD,https://www.ercot.com/misdownload/servlets/mirDownload?doclookupId=1272509790,2026-09-25T06:37:35Z,2026-09-09T17:57:39Z
ercot:HB_WEST,spp_dam,2026-09-10T23:00:00Z,86.24,USD/MWh,PT1H,US-TX,ercot_dam,HB_WEST,ercot:NP4-190-CD,https://www.ercot.com/misdownload/servlets/mirDownload?doclookupId=1272509790,2026-09-25T06:37:35Z,2026-09-09T17:57:39Z
ercot:HB_WEST,spp_dam,2026-09-11T00:00:00Z,98.43,USD/MWh,PT1H,US-TX,ercot_dam,HB_WEST,ercot:NP4-190-CD,https://www.ercot.com/misdownload/servlets/mirDownload?doclookupId=1272509790,2026-09-25T06:37:35Z,2026-09-09T17:57:39Z
ercot:HB_WEST,spp_dam,2026-09-11T01:00:00Z,98.81,USD/MWh,PT1H,US-TX,ercot_dam,HB_WEST,ercot:NP4-190-CD,https://www.ercot.com/misdownload/servlets/mirDownload?doclookupId=1272509790,2026-09-25T06:37:35Z,2026-09-09T17:57:39Z
ercot:HB_WEST,spp_dam,2026-09-11T02:00:00Z,85.03,USD/MWh,PT1H,US-TX,ercot_dam,HB_WEST,ercot:NP4-190-CD,https://www.ercot.com/misdownload/servlets/mirDownload?doclookupId=1272509790,2026-09-25T06:37:35Z,2026-09-09T17:57:39Z
ercot:HB_WEST,spp_dam,2026-09-11T03:00:00Z,59.34,USD/MWh,PT1H,US-TX,ercot_dam,HB_WEST,ercot:NP4-190-CD,https://www.ercot.com/misdownload/servlets/mirDownload?doclookupId=1272509790,2026-09-25T06:37:35Z,2026-09-09T17:57:39Z
ercot:HB_WEST,spp_dam,2026-09-11T04:00:00Z,40.43,USD/MWh,PT1H,US-TX,ercot_dam,HB_WEST,ercot:NP4-190-CD,https://www.ercot.com/misdownload/servlets/mirDownload?doclookupId=1272509790,2026-09-25T06:37:35Z,2026-09-09T17:57:39Z
ercot:HB_WEST,spp_dam,2026-09-11T05:00:00Z,34.85,USD/MWh,PT1H,US-TX,ercot_dam,HB_WEST,ercot:NP4-190-CD,https://www.ercot.com/misdownload/servlets/mirDownload?doclookupId=1272916697,2026-09-25T06:37:35Z,2026-09-10T17:33:26Z
ercot:HB_WEST,spp_dam,2026-09-11T06:00:00Z,31.51,USD/MWh,PT1H,US-TX,ercot_dam,HB_WEST,ercot:NP4-190-CD,https://www.ercot.com/misdownload/servlets/mirDownload?doclookupId=1272916697,2026-09-25T06:37:35Z,2026-09-10T17:33:26Z
ercot:HB_WEST,spp_dam,2026-09-11T07:00:00Z,30.55,USD/MWh,PT1H,US-TX,ercot_dam,HB_WEST,ercot:NP4-190-CD,https://www.ercot.com/misdownload/servlets/mirDownload?doclookupId=1272916697,2026-09-25T06:37:35Z,2026-09-10T17:33:26Z
ercot:HB_WEST,spp_dam,2026-09-11T08:00:00Z,30.0,USD/MWh,PT1H,US-TX,ercot_dam,HB_WEST,ercot:NP4-190-CD,https://www.ercot.com/misdownload/servlets/mirDownload?doclookupId=1272916697,2026-09-25T06:37:35Z,2026-09-10T17:33:26Z
ercot:HB_WEST,spp_dam,2026-09-11T09:00:00Z,30.01,USD/MWh,PT1H,US-TX,ercot_dam,HB_WEST,ercot:NP4-190-CD,https://www.ercot.com/misdownload/servlets/mirDownload?doclookupId=1272916697,2026-09-25T06:37:35Z,2026-09-10T17:33:26Z
ercot:HB_WEST,spp_dam,2026-09-11T10:00:00Z,32.5,USD/MWh,PT1H,US-TX,ercot_dam,HB_WEST,ercot:NP4-190-CD,https://www.ercot.com/misdownload/servlets/mirDownload?doclookupId=1272916697,2026-09-25T06:37:35Z,2026-09-10T17:33:26Z
ercot:HB_WEST,spp_dam,2026-09-11T11:00:00Z,37.82,USD/MWh,PT1H,US-TX,ercot_dam,HB_WEST,ercot:NP4-190-CD,https://www.ercot.com/misdownload/servlets/mirDownload?doclookupId=1272916697,2026-09-25T06:37:35Z,2026-09-10T17:33:26Z
ercot:HB_WEST,spp_dam,2026-09-11T12:00:00Z,35.45,USD/MWh,PT1H,US-TX,ercot_dam,HB_WEST,ercot:NP4-190-CD,https://www.ercot.com/misdownload/servlets/mirDownload?doclookupId=1272916697,2026-09-25T06:37:35Z,2026-09-10T17:33:26Z
ercot:HB_WEST,spp_dam,2026-09-11T13:00:00Z,27.11,USD/MWh,PT1H,US-TX,ercot_dam,HB_WEST,ercot:NP4-190-CD,https://www.ercot.com/misdownload/servlets/mirDownload?doclookupId=1272916697,2026-09-25T06:37:35Z,2026-09-10T17:33:26Z
ercot:HB_WEST,spp_dam,2026-09-11T14:00:00Z,23.53,USD/MWh,PT1H,US-TX,ercot_dam,HB_WEST,ercot:NP4-190-CD,https://www.ercot.com/misdownload/servlets/mirDownload?doclookupId=1272916697,2026-09-25T06:37:35Z,2026-09-10T17:33:26Z
ercot:HB_WEST,spp_dam,2026-09-11T15:00:00Z,22.74,USD/MWh,PT1H,US-TX,ercot_dam,HB_WEST,ercot:NP4-190-CD,https://www.ercot.com/misdownload/servlets/mirDownload?doclookupId=1272916697,2026-09-25T06:37:35Z,2026-09-10T17:33:26Z
ercot:HB_WEST,spp_dam,2026-09-11T16:00:00Z,23.4,USD/MWh,PT1H,US-TX,ercot_dam,HB_WEST,ercot:NP4-190-CD,https://www.ercot.com/misdownload/servlets/mirDownload?doclookupId=1272916697,2026-09-25T06:37:35Z,2026-09-10T17:33:26Z
ercot:HB_WEST,spp_dam,2026-09-11T17:00:00Z,26.53,USD/MWh,PT1H,US-TX,ercot_dam,HB_WEST,ercot:NP4-190-CD,https://www.ercot.com/misdownload/servlets/mirDownload?doclookupId=1272916697,2026-09-25T06:37:35Z,2026-09-10T17:33:26Z
ercot:HB_WEST,spp_dam,2026-09-11T18:00:00Z,32.39,USD/MWh,PT1H,US-TX,ercot_dam,HB_WEST,ercot:NP4-190-CD,https://www.ercot.com/misdownload/servlets/mirDownload?doclookupId=1272916697,2026-09-25T06:37:35Z,2026-09-10T17:33:26Z
ercot:HB_WEST,spp_dam,2026-09-11T19:00:00Z,33.79,USD/MWh,PT1H,US-TX,ercot_dam,HB_WEST,ercot:NP4-190-CD,https://www.ercot.com/misdownload/servlets/mirDownload?doclookupId=1272916697,2026-09-25T06:37:35Z,2026-09-10T17:33:26Z
ercot:HB_WEST,spp_dam,2026-09-11T20:00:00Z,34.8,USD/MWh,PT1H,US-TX,ercot_dam,HB_WEST,ercot:NP4-190-CD,https://www.ercot.com/misdownload/servlets/mirDownload?doclookupId=1272916697,2026-09-25T06:37:35Z,2026-09-10T17:33:26Z
ercot:HB_WEST,spp_dam,2026-09-11T21:00:00Z,34.75,USD/MWh,PT1H,US-TX,ercot_dam,HB_WEST,ercot:NP4-190-CD,https://www.ercot.com/misdownload/servlets/mirDownload?doclookupId=1272916697,2026-09-25T06:37:35Z,2026-09-10T17:33:26Z
ercot:HB_WEST,spp_dam,2026-09-11T22:00:00Z,39.4,USD/MWh,PT1H,US-TX,ercot_dam,HB_WEST,ercot:NP4-190-CD,https://www.ercot.com/misdownload/servlets/mirDownload?doclookupId=1272916697,2026-09-25T06:37:35Z,2026-09-10T17:33:26Z
ercot:HB_WEST,spp_dam,2026-09-11T23:00:00Z,54.63,USD/MWh,PT1H,US-TX,ercot_dam,HB_WEST,ercot:NP4-190-CD,https://www.ercot.com/misdownload/servlets/mirDownload?doclookupId=1272916697,2026-09-25T06:37:35Z,2026-09-10T17:33:26Z
ercot:HB_WEST,spp_dam,2026-09-12T00:00:00Z,57.9,USD/MWh,PT1H,US-TX,ercot_dam,HB_WEST,ercot:NP4-190-CD,https://www.ercot.com/misdownload/servlets/mirDownload?doclookupId=1272916697,2026-09-25T06:37:35Z,2026-09-10T17:33:26Z
ercot:HB_WEST,spp_dam,2026-09-12T01:00:00Z,50.44,USD/MWh,PT1H,US-TX,ercot_dam,HB_WEST,ercot:NP4-190-CD,https://www.ercot.com/misdownload/servlets/mirDownload?doclookupId=1272916697,2026-09-25T06:37:35Z,2026-09-10T17:33:26Z
ercot:HB_WEST,spp_dam,2026-09-12T02:00:00Z,37.47,USD/MWh,PT1H,US-TX,ercot_dam,HB_WEST,ercot:NP4-190-CD,https://www.ercot.com/misdownload/servlets/mirDownload?doclookupId=1272916697,2026-09-25T06:37:35Z,2026-09-10T17:33:26Z
ercot:HB_WEST,spp_dam,2026-09-12T03:00:00Z,28.45,USD/MWh,PT1H,US-TX,ercot_dam,HB_WEST,ercot:NP4-190-CD,https://www.ercot.com/misdownload/servlets/mirDownload?doclookupId=1272916697,2026-09-25T06:37:35Z,2026-09-10T17:33:26Z
ercot:HB_WEST,spp_dam,2026-09-12T04:00:00Z,23.17,USD/MWh,PT1H,US-TX,ercot_dam,HB_WEST,ercot:NP4-190-CD,https://www.ercot.com/misdownload/servlets/mirDownload?doclookupId=1272916697,2026-09-25T06:37:35Z,2026-09-10T17:33:26Z
ercot:HB_WEST,spp_dam,2026-09-12T05:00:00Z,22.98,USD/MWh,PT1H,US-TX,ercot_dam,HB_WEST,ercot:NP4-190-CD,https://www.ercot.com/misdownload/servlets/mirDownload?doclookupId=1273328216,2026-09-25T06:37:33Z,2026-09-11T18:09:10Z
ercot:HB_WEST,spp_dam,2026-09-12T06:00:00Z,22.36,USD/MWh,PT1H,US-TX,ercot_dam,HB_WEST,ercot:NP4-190-CD,https://www.ercot.com/misdownload/servlets/mirDownload?doclookupId=1273328216,2026-09-25T06:37:33Z,2026-09-11T18:09:10Z
ercot:HB_WEST,spp_dam,2026-09-12T07:00:00Z,22.08,USD/MWh,PT1H,US-TX,ercot_dam,HB_WEST,ercot:NP4-190-CD,https://www.ercot.com/misdownload/servlets/mirDownload?doclookupId=1273328216,2026-09-25T06:37:33Z,2026-09-11T18:09:10Z
ercot:HB_WEST,spp_dam,2026-09-12T08:00:00Z,22.22,USD/MWh,PT1H,US-TX,ercot_dam,HB_WEST,ercot:NP4-190-CD,https://www.ercot.com/misdownload/servlets/mirDownload?doclookupId=1273328216,2026-09-25T06:37:33Z,2026-09-11T18:09:10Z
ercot:HB_WEST,spp_dam,2026-09-12T09:00:00Z,22.04,USD/MWh,PT1H,US-TX,ercot_dam,HB_WEST,ercot:NP4-190-CD,https://www.ercot.com/misdownload/servlets/mirDownload?doclookupId=1273328216,2026-09-25T06:37:33Z,2026-09-11T18:09:10Z
ercot:HB_WEST,spp_dam,2026-09-12T10:00:00Z,23.27,USD/MWh,PT1H,US-TX,ercot_dam,HB_WEST,ercot:NP4-190-CD,https://www.ercot.com/misdownload/servlets/mirDownload?doclookupId=1273328216,2026-09-25T06:37:33Z,2026-09-11T18:09:10Z
ercot:HB_WEST,spp_dam,2026-09-12T11:00:00Z,25.48,USD/MWh,PT1H,US-TX,ercot_dam,HB_WEST,ercot:NP4-190-CD,https://www.ercot.com/misdownload/servlets/mirDownload?doclookupId=1273328216,2026-09-25T06:37:33Z,2026-09-11T18:09:10Z
ercot:HB_WEST,spp_dam,2026-09-12T12:00:00Z,24.33,USD/MWh,PT1H,US-TX,ercot_dam,HB_WEST,ercot:NP4-190-CD,https://www.ercot.com/misdownload/servlets/mirDownload?doclookupId=1273328216,2026-09-25T06:37:33Z,2026-09-11T18:09:10Z
ercot:HB_WEST,spp_dam,2026-09-12T13:00:00Z,17.28,USD/MWh,PT1H,US-TX,ercot_dam,HB_WEST,ercot:NP4-190-CD,https://www.ercot.com/misdownload/servlets/mirDownload?doclookupId=1273328216,2026-09-25T06:37:33Z,2026-09-11T18:09:10Z
ercot:HB_WEST,spp_dam,2026-09-12T14:00:00Z,10.53,USD/MWh,PT1H,US-TX,ercot_dam,HB_WEST,ercot:NP4-190-CD,https://www.ercot.com/misdownload/servlets/mirDownload?doclookupId=1273328216,2026-09-25T06:37:33Z,2026-09-11T18:09:10Z
ercot:HB_WEST,spp_dam,2026-09-12T15:00:00Z,10.37,USD/MWh,PT1H,US-TX,ercot_dam,HB_WEST,ercot:NP4-190-CD,https://www.ercot.com/misdownload/servlets/mirDownload?doclookupId=1273328216,2026-09-25T06:37:33Z,2026-09-11T18:09:10Z
ercot:HB_WEST,spp_dam,2026-09-12T16:00:00Z,12.43,USD/MWh,PT1H,US-TX,ercot_dam,HB_WEST,ercot:NP4-190-CD,https://www.ercot.com/misdownload/servlets/mirDownload?doclookupId=1273328216,2026-09-25T06:37:33Z,2026-09-11T18:09:10Z
ercot:HB_WEST,spp_dam,2026-09-12T17:00:00Z,16.1,USD/MWh,PT1H,US-TX,ercot_dam,HB_WEST,ercot:NP4-190-CD,https://www.ercot.com/misdownload/servlets/mirDownload?doclookupId=1273328216,2026-09-25T06:37:33Z,2026-09-11T18:09:10Z
ercot:HB_WEST,spp_dam,2026-09-12T18:00:00Z,19.75,USD/MWh,PT1H,US-TX,ercot_dam,HB_WEST,ercot:NP4-190-CD,https://www.ercot.com/misdownload/servlets/mirDownload?doclookupId=1273328216,2026-09-25T06:37:33Z,2026-09-11T18:09:10Z
ercot:HB_WEST,spp_dam,2026-09-12T19:00:00Z,21.14,USD/MWh,PT1H,US-TX,ercot_dam,HB_WEST,ercot:NP4-190-CD,https://www.ercot.com/misdownload/servlets/mirDownload?doclookupId=1273328216,2026-09-25T06:37:33Z,2026-09-11T18:09:10Z
ercot:HB_WEST,spp_dam,2026-09-12T20:00:00Z,22.45,USD/MWh,PT1H,US-TX,ercot_dam,HB_WEST,ercot:NP4-190-CD,https://www.ercot.com/misdownload/servlets/mirDownload?doclookupId=1273328216,2026-09-25T06:37:33Z,2026-09-11T18:09:10Z
ercot:HB_WEST,spp_dam,2026-09-12T21:00:00Z,24.07,USD/MWh,PT1H,US-TX,ercot_dam,HB_WEST,ercot:NP4-190-CD,https://www.ercot.com/misdownload/servlets/mirDownload?doclookupId=1273328216,2026-09-25T06:37:33Z,2026-09-11T18:09:10Z
ercot:HB_WEST,spp_dam,2026-09-12T22:00:00Z,27.23,USD/MWh,PT1H,US-TX,ercot_dam,HB_WEST,ercot:NP4-190-CD,https://www.ercot.com/misdownload/servlets/mirDownload?doclookupId=1273328216,2026-09-25T06:37:33Z,2026-09-11T18:09:10Z
ercot:HB_WEST,spp_dam,2026-09-12T23:00:00Z,48.56,USD/MWh,PT1H,US-TX,ercot_dam,HB_WEST,ercot:NP4-190-CD,https://www.ercot.com/misdownload/servlets/mirDownload?doclookupId=1273328216,2026-09-25T06:37:33Z,2026-09-11T18:09:10Z
ercot:HB_WEST,spp_dam,2026-09-13T00:00:00Z,55.63,USD/MWh,PT1H,US-TX,ercot_dam,HB_WEST,ercot:NP4-190-CD,https://www.ercot.com/misdownload/servlets/mirDownload?doclookupId=1273328216,2026-09-25T06:37:33Z,2026-09-11T18:09:10Z
ercot:HB_WEST,spp_dam,2026-09-13T01:00:00Z,52.65,USD/MWh,PT1H,US-TX,ercot_dam,HB_WEST,ercot:NP4-190-CD,https://www.ercot.com/misdownload/servlets/mirDownload?doclookupId=1273328216,2026-09-25T06:37:33Z,2026-09-11T18:09:10Z
ercot:HB_WEST,spp_dam,2026-09-13T02:00:00Z,48.75,USD/MWh,PT1H,US-TX,ercot_dam,HB_WEST,ercot:NP4-190-CD,https://www.ercot.com/misdownload/servlets/mirDownload?doclookupId=1273328216,2026-09-25T06:37:33Z,2026-09-11T18:09:10Z
ercot:HB_WEST,spp_dam,2026-09-13T03:00:00Z,33.72,USD/MWh,PT1H,US-TX,ercot_dam,HB_WEST,ercot:NP4-190-CD,https://www.ercot.com/misdownload/servlets/mirDownload?doclookupId=1273328216,2026-09-25T06:37:33Z,2026-09-11T18:09:10Z
ercot:HB_WEST,spp_dam,2026-09-13T04:00:00Z,27.99,USD/MWh,PT1H,US-TX,ercot_dam,HB_WEST,ercot:NP4-190-CD,https://www.ercot.com/misdownload/servlets/mirDownload?doclookupId=1273328216,2026-09-25T06:37:33Z,2026-09-11T18:09:10Z
ercot:HB_WEST,spp_dam,2026-09-13T05:00:00Z,28.01,USD/MWh,PT1H,US-TX,ercot_dam,HB_WEST,ercot:NP4-190-CD,https://www.ercot.com/misdownload/servlets/mirDownload?doclookupId=1273705666,2026-09-25T06:37:32Z,2026-09-12T17:41:25Z
ercot:HB_WEST,spp_dam,2026-09-13T06:00:00Z,25.76,USD/MWh,PT1H,US-TX,ercot_dam,HB_WEST,ercot:NP4-190-CD,https://www.ercot.com/misdownload/servlets/mirDownload?doclookupId=1273705666,2026-09-25T06:37:32Z,2026-09-12T17:41:25Z
ercot:HB_WEST,spp_dam,2026-09-13T07:00:00Z,26.02,USD/MWh,PT1H,US-TX,ercot_dam,HB_WEST,ercot:NP4-190-CD,https://www.ercot.com/misdownload/servlets/mirDownload?doclookupId=1273705666,2026-09-25T06:37:32Z,2026-09-12T17:41:25Z
ercot:HB_WEST,spp_dam,2026-09-13T08:00:00Z,25.86,USD/MWh,PT1H,US-TX,ercot_dam,HB_WEST,ercot:NP4-190-CD,https://www.ercot.com/misdownload/servlets/mirDownload?doclookupId=1273705666,2026-09-25T06:37:32Z,2026-09-12T17:41:25Z
ercot:HB_WEST,spp_dam,2026-09-13T09:00:00Z,26.45,USD/MWh,PT1H,US-TX,ercot_dam,HB_WEST,ercot:NP4-190-CD,https://www.ercot.com/misdownload/servlets/mirDownload?doclookupId=1273705666,2026-09-25T06:37:32Z,2026-09-12T17:41:25Z
ercot:HB_WEST,spp_dam,2026-09-13T10:00:00Z,29.02,USD/MWh,PT1H,US-TX,ercot_dam,HB_WEST,ercot:NP4-190-CD,https://www.ercot.com/misdownload/servlets/mirDownload?doclookupId=1273705666,2026-09-25T06:37:32Z,2026-09-12T17:41:25Z
ercot:HB_WEST,spp_dam,2026-09-13T11:00:00Z,31.98,USD/MWh,PT1H,US-TX,ercot_dam,HB_WEST,ercot:NP4-190-CD,https://www.ercot.com/misdownload/servlets/mirDownload?doclookupId=1273705666,2026-09-25T06:37:32Z,2026-09-12T17:41:25Z
ercot:HB_WEST,spp_dam,2026-09-13T12:00:00Z,29.72,USD/MWh,PT1H,US-TX,ercot_dam,HB_WEST,ercot:NP4-190-CD,https://www.ercot.com/misdownload/servlets/mirDownload?doclookupId=1273705666,2026-09-25T06:37:32Z,2026-09-12T17:41:25Z
ercot:HB_WEST,spp_dam,2026-09-13T13:00:00Z,20.07,USD/MWh,PT1H,US-TX,ercot_dam,HB_WEST,ercot:NP4-190-CD,https://www.ercot.com/misdownload/servlets/mirDownload?doclookupId=1273705666,2026-09-25T06:37:32Z,2026-09-12T17:41:25Z
ercot:HB_WEST,spp_dam,2026-09-13T14:00:00Z,15.47,USD/MWh,PT1H,US-TX,ercot_dam,HB_WEST,ercot:NP4-190-CD,https://www.ercot.com/misdownload/servlets/mirDownload?doclookupId=1273705666,2026-09-25T06:37:32Z,2026-09-12T17:41:25Z
ercot:HB_WEST,spp_dam,2026-09-13T15:00:00Z,14.75,USD/MWh,PT1H,US-TX,ercot_dam,HB_WEST,ercot:NP4-190-CD,https://www.ercot.com/misdownload/servlets/mirDownload?doclookupId=1273705666,2026-09-25T06:37:32Z,2026-09-12T17:41:25Z
ercot:HB_WEST,spp_dam,2026-09-13T16:00:00Z,15.58,USD/MWh,PT1H,US-TX,ercot_dam,HB_WEST,ercot:NP4-190-CD,https://www.ercot.com/misdownload/servlets/mirDownload?doclookupId=1273705666,2026-09-25T06:37:32Z,2026-09-12T17:41:25Z
ercot:HB_WEST,spp_dam,2026-09-13T17:00:00Z,17.03,USD/MWh,PT1H,US-TX,ercot_dam,HB_WEST,ercot:NP4-190-CD,https://www.ercot.com/misdownload/servlets/mirDownload?doclookupId=1273705666,2026-09-25T06:37:32Z,2026-09-12T17:41:25Z
ercot:HB_WEST,spp_dam,2026-09-13T18:00:00Z,19.13,USD/MWh,PT1H,US-TX,ercot_dam,HB_WEST,ercot:NP4-190-CD,https://www.ercot.com/misdownload/servlets/mirDownload?doclookupId=1273705666,2026-09-25T06:37:32Z,2026-09-12T17:41:25Z
ercot:HB_WEST,spp_dam,2026-09-13T19:00:00Z,21.06,USD/MWh,PT1H,US-TX,ercot_dam,HB_WEST,ercot:NP4-190-CD,https://www.ercot.com/misdownload/servlets/mirDownload?doclookupId=1273705666,2026-09-25T06:37:32Z,2026-09-12T17:41:25Z
ercot:HB_WEST,spp_dam,2026-09-13T20:00:00Z,20.85,USD/MWh,PT1H,US-TX,ercot_dam,HB_WEST,ercot:NP4-190-CD,https://www.ercot.com/misdownload/servlets/mirDownload?doclookupId=1273705666,2026-09-25T06:37:32Z,2026-09-12T17:41:25Z
ercot:HB_WEST,spp_dam,2026-09-13T21:00:00Z,21.16,USD/MWh,PT1H,US-TX,ercot_dam,HB_WEST,ercot:NP4-190-CD,https://www.ercot.com/misdownload/servlets/mirDownload?doclookupId=1273705666,2026-09-25T06:37:32Z,2026-09-12T17:41:25Z
ercot:HB_WEST,spp_dam,2026-09-13T22:00:00Z,24.41,USD/MWh,PT1H,US-TX,ercot_dam,HB_WEST,ercot:NP4-190-CD,https://www.ercot.com/misdownload/servlets/mirDownload?doclookupId=1273705666,2026-09-25T06:37:32Z,2026-09-12T17:41:25Z
ercot:HB_WEST,spp_dam,2026-09-13T23:00:00Z,49.83,USD/MWh,PT1H,US-TX,ercot_dam,HB_WEST,ercot:NP4-190-CD,https://www.ercot.com/misdownload/servlets/mirDownload?doclookupId=1273705666,2026-09-25T06:37:32Z,2026-09-12T17:41:25Z
ercot:HB_WEST,spp_dam,2026-09-14T00:00:00Z,57.63,USD/MWh,PT1H,US-TX,ercot_dam,HB_WEST,ercot:NP4-190-CD,https://www.ercot.com/misdownload/servlets/mirDownload?doclookupId=1273705666,2026-09-25T06:37:32Z,2026-09-12T17:41:25Z
ercot:HB_WEST,spp_dam,2026-09-14T01:00:00Z,52.84,USD/MWh,PT1H,US-TX,ercot_dam,HB_WEST,ercot:NP4-190-CD,https://www.ercot.com/misdownload/servlets/mirDownload?doclookupId=1273705666,2026-09-25T06:37:32Z,2026-09-12T17:41:25Z
ercot:HB_WEST,spp_dam,2026-09-14T02:00:00Z,48.31,USD/MWh,PT1H,US-TX,ercot_dam,HB_WEST,ercot:NP4-190-CD,https://www.ercot.com/misdownload/servlets/mirDownload?doclookupId=1273705666,2026-09-25T06:37:32Z,2026-09-12T17:41:25Z
ercot:HB_WEST,spp_dam,2026-09-14T03:00:00Z,35.6,USD/MWh,PT1H,US-TX,ercot_dam,HB_WEST,ercot:NP4-190-CD,https://www.ercot.com/misdownload/servlets/mirDownload?doclookupId=1273705666,2026-09-25T06:37:32Z,2026-09-12T17:41:25Z
ercot:HB_WEST,spp_dam,2026-09-14T04:00:00Z,30.47,USD/MWh,PT1H,US-TX,ercot_dam,HB_WEST,ercot:NP4-190-CD,https://www.ercot.com/misdownload/servlets/mirDownload?doclookupId=1273705666,2026-09-25T06:37:32Z,2026-09-12T17:41:25Z
ercot:HB_WEST,spp_dam,2026-09-14T05:00:00Z,28.42,USD/MWh,PT1H,US-TX,ercot_dam,HB_WEST,ercot:NP4-190-CD,https://www.ercot.com/misdownload/servlets/mirDownload?doclookupId=1274092364,2026-09-25T06:37:31Z,2026-09-13T17:57:21Z
ercot:HB_WEST,spp_dam,2026-09-14T06:00:00Z,25.18,USD/MWh,PT1H,US-TX,ercot_dam,HB_WEST,ercot:NP4-190-CD,https://www.ercot.com/misdownload/servlets/mirDownload?doclookupId=1274092364,2026-09-25T06:37:31Z,2026-09-13T17:57:21Z
ercot:HB_WEST,spp_dam,2026-09-14T07:00:00Z,24.63,USD/MWh,PT1H,US-TX,ercot_dam,HB_WEST,ercot:NP4-190-CD,https://www.ercot.com/misdownload/servlets/mirDownload?doclookupId=1274092364,2026-09-25T06:37:31Z,2026-09-13T17:57:21Z
ercot:HB_WEST,spp_dam,2026-09-14T08:00:00Z,24.19,USD/MWh,PT1H,US-TX,ercot_dam,HB_WEST,ercot:NP4-190-CD,https://www.ercot.com/misdownload/servlets/mirDownload?doclookupId=1274092364,2026-09-25T06:37:31Z,2026-09-13T17:57:21Z
ercot:HB_WEST,spp_dam,2026-09-14T09:00:00Z,24.2,USD/MWh,PT1H,US-TX,ercot_dam,HB_WEST,ercot:NP4-190-CD,https://www.ercot.com/misdownload/servlets/mirDownload?doclookupId=1274092364,2026-09-25T06:37:31Z,2026-09-13T17:57:21Z
ercot:HB_WEST,spp_dam,2026-09-14T10:00:00Z,26.51,USD/MWh,PT1H,US-TX,ercot_dam,HB_WEST,ercot:NP4-190-CD,https://www.ercot.com/misdownload/servlets/mirDownload?doclookupId=1274092364,2026-09-25T06:37:31Z,2026-09-13T17:57:21Z
ercot:HB_WEST,spp_dam,2026-09-14T11:00:00Z,30.33,USD/MWh,PT1H,US-TX,ercot_dam,HB_WEST,ercot:NP4-190-CD,https://www.ercot.com/misdownload/servlets/mirDownload?doclookupId=1274092364,2026-09-25T06:37:31Z,2026-09-13T17:57:21Z
ercot:HB_WEST,spp_dam,2026-09-14T12:00:00Z,28.73,USD/MWh,PT1H,US-TX,ercot_dam,HB_WEST,ercot:NP4-190-CD,https://www.ercot.com/misdownload/servlets/mirDownload?doclookupId=1274092364,2026-09-25T06:37:31Z,2026-09-13T17:57:21Z
ercot:HB_WEST,spp_dam,2026-09-14T13:00:00Z,20.51,USD/MWh,PT1H,US-TX,ercot_dam,HB_WEST,ercot:NP4-190-CD,https://www.ercot.com/misdownload/servlets/mirDownload?doclookupId=1274092364,2026-09-25T06:37:31Z,2026-09-13T17:57:21Z
ercot:HB_WEST,spp_dam,2026-09-14T14:00:00Z,6.19,USD/MWh,PT1H,US-TX,ercot_dam,HB_WEST,ercot:NP4-190-CD,https://www.ercot.com/misdownload/servlets/mirDownload?doclookupId=1274092364,2026-09-25T06:37:31Z,2026-09-13T17:57:21Z
ercot:HB_WEST,spp_dam,2026-09-14T15:00:00Z,2.41,USD/MWh,PT1H,US-TX,ercot_dam,HB_WEST,ercot:NP4-190-CD,https://www.ercot.com/misdownload/servlets/mirDownload?doclookupId=1274092364,2026-09-25T06:37:31Z,2026-09-13T17:57:21Z
ercot:HB_WEST,spp_dam,2026-09-14T16:00:00Z,2.67,USD/MWh,PT1H,US-TX,ercot_dam,HB_WEST,ercot:NP4-190-CD,https://www.ercot.com/misdownload/servlets/mirDownload?doclookupId=1274092364,2026-09-25T06:37:31Z,2026-09-13T17:57:21Z
ercot:HB_WEST,spp_dam,2026-09-14T17:00:00Z,2.36,USD/MWh,PT1H,US-TX,ercot_dam,HB_WEST,ercot:NP4-190-CD,https://www.ercot.com/misdownload/servlets/mirDownload?doclookupId=1274092364,2026-09-25T06:37:31Z,2026-09-13T17:57:21Z
ercot:HB_WEST,spp_dam,2026-09-14T18:00:00Z,4.05,USD/MWh,PT1H,US-TX,ercot_dam,HB_WEST,ercot:NP4-190-CD,https://www.ercot.com/misdownload/servlets/mirDownload?doclookupId=1274092364,2026-09-25T06:37:31Z,2026-09-13T17:57:21Z
ercot:HB_WEST,spp_dam,2026-09-14T19:00:00Z,5.74,USD/MWh,PT1H,US-TX,ercot_dam,HB_WEST,ercot:NP4-190-CD,https://www.ercot.com/misdownload/servlets/mirDownload?doclookupId=1274092364,2026-09-25T06:37:31Z,2026-09-13T17:57:21Z
ercot:HB_WEST,spp_dam,2026-09-14T20:00:00Z,8.73,USD/MWh,PT1H,US-TX,ercot_dam,HB_WEST,ercot:NP4-190-CD,https://www.ercot.com/misdownload/servlets/mirDownload?doclookupId=1274092364,2026-09-25T06:37:31Z,2026-09-13T17:57:21Z
ercot:HB_WEST,spp_dam,2026-09-14T21:00:00Z,9.99,USD/MWh,PT1H,US-TX,ercot_dam,HB_WEST,ercot:NP4-190-CD,https://www.ercot.com/misdownload/servlets/mirDownload?doclookupId=1274092364,2026-09-25T06:37:31Z,2026-09-13T17:57:21Z
ercot:HB_WEST,spp_dam,2026-09-14T22:00:00Z,10.78,USD/MWh,PT1H,US-TX,ercot_dam,HB_WEST,ercot:NP4-190-CD,https://www.ercot.com/misdownload/servlets/mirDownload?doclookupId=1274092364,2026-09-25T06:37:31Z,2026-09-13T17:57:21Z
ercot:HB_WEST,spp_dam,2026-09-14T23:00:00Z,25.55,USD/MWh,PT1H,US-TX,ercot_dam,HB_WEST,ercot:NP4-190-CD,https://www.ercot.com/misdownload/servlets/mirDownload?doclookupId=1274092364,2026-09-25T06:37:31Z,2026-09-13T17:57:21Z
ercot:HB_WEST,spp_dam,2026-09-15T00:00:00Z,45.83,USD/MWh,PT1H,US-TX,ercot_dam,HB_WEST,ercot:NP4-190-CD,https://www.ercot.com/misdownload/servlets/mirDownload?doclookupId=1274092364,2026-09-25T06:37:31Z,2026-09-13T17:57:21Z
ercot:HB_WEST,spp_dam,2026-09-15T01:00:00Z,46.41,USD/MWh,PT1H,US-TX,ercot_dam,HB_WEST,ercot:NP4-190-CD,https://www.ercot.com/misdownload/servlets/mirDownload?doclookupId=1274092364,2026-09-25T06:37:31Z,2026-09-13T17:57:21Z
ercot:HB_WEST,spp_dam,2026-09-15T02:00:00Z,41.4,USD/MWh,PT1H,US-TX,ercot_dam,HB_WEST,ercot:NP4-190-CD,https://www.ercot.com/misdownload/servlets/mirDownload?doclookupId=1274092364,2026-09-25T06:37:31Z,2026-09-13T17:57:21Z
ercot:HB_WEST,spp_dam,2026-09-15T03:00:00Z,32.79,USD/MWh,PT1H,US-TX,ercot_dam,HB_WEST,ercot:NP4-190-CD,https://www.ercot.com/misdownload/servlets/mirDownload?doclookupId=1274092364,2026-09-25T06:37:31Z,2026-09-13T17:57:21Z
ercot:HB_WEST,spp_dam,2026-09-15T04:00:00Z,27.26,USD/MWh,PT1H,US-TX,ercot_dam,HB_WEST,ercot:NP4-190-CD,https://www.ercot.com/misdownload/servlets/mirDownload?doclookupId=1274092364,2026-09-25T06:37:31Z,2026-09-13T17:57:21Z
ercot:HB_WEST,spp_dam,2026-09-15T05:00:00Z,26.6,USD/MWh,PT1H,US-TX,ercot_dam,HB_WEST,ercot:NP4-190-CD,https://www.ercot.com/misdownload/servlets/mirDownload?doclookupId=1274489923,2026-09-25T06:37:30Z,2026-09-14T18:01:11Z
ercot:HB_WEST,spp_dam,2026-09-15T06:00:00Z,24.23,USD/MWh,PT1H,US-TX,ercot_dam,HB_WEST,ercot:NP4-190-CD,https://www.ercot.com/misdownload/servlets/mirDownload?doclookupId=1274489923,2026-09-25T06:37:30Z,2026-09-14T18:01:11Z
ercot:HB_WEST,spp_dam,2026-09-15T07:00:00Z,22.78,USD/MWh,PT1H,US-TX,ercot_dam,HB_WEST,ercot:NP4-190-CD,https://www.ercot.com/misdownload/servlets/mirDownload?doclookupId=1274489923,2026-09-25T06:37:30Z,2026-09-14T18:01:11Z
ercot:HB_WEST,spp_dam,2026-09-15T08:00:00Z,23.02,USD/MWh,PT1H,US-TX,ercot_dam,HB_WEST,ercot:NP4-190-CD,https://www.ercot.com/misdownload/servlets/mirDownload?doclookupId=1274489923,2026-09-25T06:37:30Z,2026-09-14T18:01:11Z
ercot:HB_WEST,spp_dam,2026-09-15T09:00:00Z,23.23,USD/MWh,PT1H,US-TX,ercot_dam,HB_WEST,ercot:NP4-190-CD,https://www.ercot.com/misdownload/servlets/mirDownload?doclookupId=1274489923,2026-09-25T06:37:30Z,2026-09-14T18:01:11Z
ercot:HB_WEST,spp_dam,2026-09-15T10:00:00Z,24.38,USD/MWh,PT1H,US-TX,ercot_dam,HB_WEST,ercot:NP4-190-CD,https://www.ercot.com/misdownload/servlets/mirDownload?doclookupId=1274489923,2026-09-25T06:37:30Z,2026-09-14T18:01:11Z
ercot:HB_WEST,spp_dam,2026-09-15T11:00:00Z,26.15,USD/MWh,PT1H,US-TX,ercot_dam,HB_WEST,ercot:NP4-190-CD,https://www.ercot.com/misdownload/servlets/mirDownload?doclookupId=1274489923,2026-09-25T06:37:30Z,2026-09-14T18:01:11Z
ercot:HB_WEST,spp_dam,2026-09-15T12:00:00Z,25.75,USD/MWh,PT1H,US-TX,ercot_dam,HB_WEST,ercot:NP4-190-CD,https://www.ercot.com/misdownload/servlets/mirDownload?doclookupId=1274489923,2026-09-25T06:37:30Z,2026-09-14T18:01:11Z
ercot:HB_WEST,spp_dam,2026-09-15T13:00:00Z,18.26,USD/MWh,PT1H,US-TX,ercot_dam,HB_WEST,ercot:NP4-190-CD,https://www.ercot.com/misdownload/servlets/mirDownload?doclookupId=1274489923,2026-09-25T06:37:30Z,2026-09-14T18:01:11Z
ercot:HB_WEST,spp_dam,2026-09-15T14:00:00Z,8.73,USD/MWh,PT1H,US-TX,ercot_dam,HB_WEST,ercot:NP4-190-CD,https://www.ercot.com/misdownload/servlets/mirDownload?doclookupId=1274489923,2026-09-25T06:37:30Z,2026-09-14T18:01:11Z
ercot:HB_WEST,spp_dam,2026-09-15T15:00:00Z,6.8,USD/MWh,PT1H,US-TX,ercot_dam,HB_WEST,ercot:NP4-190-CD,https://www.ercot.com/misdownload/servlets/mirDownload?doclookupId=1274489923,2026-09-25T06:37:30Z,2026-09-14T18:01:11Z
ercot:HB_WEST,spp_dam,2026-09-15T16:00:00Z,10.25,USD/MWh,PT1H,US-TX,ercot_dam,HB_WEST,ercot:NP4-190-CD,https://www.ercot.com/misdownload/servlets/mirDownload?doclookupId=1274489923,2026-09-25T06:37:30Z,2026-09-14T18:01:11Z
ercot:HB_WEST,spp_dam,2026-09-15T17:00:00Z,14.77,USD/MWh,PT1H,US-TX,ercot_dam,HB_WEST,ercot:NP4-190-CD,https://www.ercot.com/misdownload/servlets/mirDownload?doclookupId=1274489923,2026-09-25T06:37:30Z,2026-09-14T18:01:11Z
ercot:HB_WEST,spp_dam,2026-09-15T18:00:00Z,19.41,USD/MWh,PT1H,US-TX,ercot_dam,HB_WEST,ercot:NP4-190-CD,https://www.ercot.com/misdownload/servlets/mirDownload?doclookupId=1274489923,2026-09-25T06:37:30Z,2026-09-14T18:01:11Z
ercot:HB_WEST,spp_dam,2026-09-15T19:00:00Z,21.86,USD/MWh,PT1H,US-TX,ercot_dam,HB_WEST,ercot:NP4-190-CD,https://www.ercot.com/misdownload/servlets/mirDownload?doclookupId=1274489923,2026-09-25T06:37:30Z,2026-09-14T18:01:11Z
ercot:HB_WEST,spp_dam,2026-09-15T20:00:00Z,22.92,USD/MWh,PT1H,US-TX,ercot_dam,HB_WEST,ercot:NP4-190-CD,https://www.ercot.com/misdownload/servlets/mirDownload?doclookupId=1274489923,2026-09-25T06:37:30Z,2026-09-14T18:01:11Z
ercot:HB_WEST,spp_dam,2026-09-15T21:00:00Z,23.98,USD/MWh,PT1H,US-TX,ercot_dam,HB_WEST,ercot:NP4-190-CD,https://www.ercot.com/misdownload/servlets/mirDownload?doclookupId=1274489923,2026-09-25T06:37:30Z,2026-09-14T18:01:11Z
ercot:HB_WEST,spp_dam,2026-09-15T22:00:00Z,25.74,USD/MWh,PT1H,US-TX,ercot_dam,HB_WEST,ercot:NP4-190-CD,https://www.ercot.com/misdownload/servlets/mirDownload?doclookupId=1274489923,2026-09-25T06:37:30Z,2026-09-14T18:01:11Z
ercot:HB_WEST,spp_dam,2026-09-15T23:00:00Z,43.85,USD/MWh,PT1H,US-TX,ercot_dam,HB_WEST,ercot:NP4-190-CD,https://www.ercot.com/misdownload/servlets/mirDownload?doclookupId=1274489923,2026-09-25T06:37:30Z,2026-09-14T18:01:11Z
ercot:HB_WEST,spp_dam,2026-09-16T00:00:00Z,60.5,USD/MWh,PT1H,US-TX,ercot_dam,HB_WEST,ercot:NP4-190-CD,https://www.ercot.com/misdownload/servlets/mirDownload?doclookupId=1274489923,2026-09-25T06:37:30Z,2026-09-14T18:01:11Z
ercot:HB_WEST,spp_dam,2026-09-16T01:00:00Z,54.11,USD/MWh,PT1H,US-TX,ercot_dam,HB_WEST,ercot:NP4-190-CD,https://www.ercot.com/misdownload/servlets/mirDownload?doclookupId=1274489923,2026-09-25T06:37:30Z,2026-09-14T18:01:11Z
ercot:HB_WEST,spp_dam,2026-09-16T02:00:00Z,52.22,USD/MWh,PT1H,US-TX,ercot_dam,HB_WEST,ercot:NP4-190-CD,https://www.ercot.com/misdownload/servlets/mirDownload?doclookupId=1274489923,2026-09-25T06:37:30Z,2026-09-14T18:01:11Z
ercot:HB_WEST,spp_dam,2026-09-16T03:00:00Z,44.47,USD/MWh,PT1H,US-TX,ercot_dam,HB_WEST,ercot:NP4-190-CD,https://www.ercot.com/misdownload/servlets/mirDownload?doclookupId=1274489923,2026-09-25T06:37:30Z,2026-09-14T18:01:11Z
ercot:HB_WEST,spp_dam,2026-09-16T04:00:00Z,40.0,USD/MWh,PT1H,US-TX,ercot_dam,HB_WEST,ercot:NP4-190-CD,https://www.ercot.com/misdownload/servlets/mirDownload?doclookupId=1274489923,2026-09-25T06:37:30Z,2026-09-14T18:01:11Z
ercot:HB_WEST,spp_dam,2026-09-16T05:00:00Z,34.57,USD/MWh,PT1H,US-TX,ercot_dam,HB_WEST,ercot:NP4-190-CD,https://www.ercot.com/misdownload/servlets/mirDownload?doclookupId=1274910529,2026-09-25T06:37:29Z,2026-09-15T18:50:14Z
ercot:HB_WEST,spp_dam,2026-09-16T06:00:00Z,31.48,USD/MWh,PT1H,US-TX,ercot_dam,HB_WEST,ercot:NP4-190-CD,https://www.ercot.com/misdownload/servlets/mirDownload?doclookupId=1274910529,2026-09-25T06:37:29Z,2026-09-15T18:50:14Z
ercot:HB_WEST,spp_dam,2026-09-16T07:00:00Z,31.12,USD/MWh,PT1H,US-TX,ercot_dam,HB_WEST,ercot:NP4-190-CD,https://www.ercot.com/misdownload/servlets/mirDownload?doclookupId=1274910529,2026-09-25T06:37:29Z,2026-09-15T18:50:14Z
ercot:HB_WEST,spp_dam,2026-09-16T08:00:00Z,30.72,USD/MWh,PT1H,US-TX,ercot_dam,HB_WEST,ercot:NP4-190-CD,https://www.ercot.com/misdownload/servlets/mirDownload?doclookupId=1274910529,2026-09-25T06:37:29Z,2026-09-15T18:50:14Z
ercot:HB_WEST,spp_dam,2026-09-16T09:00:00Z,32.16,USD/MWh,PT1H,US-TX,ercot_dam,HB_WEST,ercot:NP4-190-CD,https://www.ercot.com/misdownload/servlets/mirDownload?doclookupId=1274910529,2026-09-25T06:37:29Z,2026-09-15T18:50:14Z
ercot:HB_WEST,spp_dam,2026-09-16T10:00:00Z,38.4,USD/MWh,PT1H,US-TX,ercot_dam,HB_WEST,ercot:NP4-190-CD,https://www.ercot.com/misdownload/servlets/mirDownload?doclookupId=1274910529,2026-09-25T06:37:29Z,2026-09-15T18:50:14Z
ercot:HB_WEST,spp_dam,2026-09-16T11:00:00Z,40.04,USD/MWh,PT1H,US-TX,ercot_dam,HB_WEST,ercot:NP4-190-CD,https://www.ercot.com/misdownload/servlets/mirDownload?doclookupId=1274910529,2026-09-25T06:37:29Z,2026-09-15T18:50:14Z
ercot:HB_WEST,spp_dam,2026-09-16T12:00:00Z,36.31,USD/MWh,PT1H,US-TX,ercot_dam,HB_WEST,ercot:NP4-190-CD,https://www.ercot.com/misdownload/servlets/mirDownload?doclookupId=1274910529,2026-09-25T06:37:29Z,2026-09-15T18:50:14Z
ercot:HB_WEST,spp_dam,2026-09-16T13:00:00Z,26.42,USD/MWh,PT1H,US-TX,ercot_dam,HB_WEST,ercot:NP4-190-CD,https://www.ercot.com/misdownload/servlets/mirDownload?doclookupId=1274910529,2026-09-25T06:37:29Z,2026-09-15T18:50:14Z
ercot:HB_WEST,spp_dam,2026-09-16T14:00:00Z,19.94,USD/MWh,PT1H,US-TX,ercot_dam,HB_WEST,ercot:NP4-190-CD,https://www.ercot.com/misdownload/servlets/mirDownload?doclookupId=1274910529,2026-09-25T06:37:29Z,2026-09-15T18:50:14Z
ercot:HB_WEST,spp_dam,2026-09-16T15:00:00Z,16.22,USD/MWh,PT1H,US-TX,ercot_dam,HB_WEST,ercot:NP4-190-CD,https://www.ercot.com/misdownload/servlets/mirDownload?doclookupId=1274910529,2026-09-25T06:37:29Z,2026-09-15T18:50:14Z
ercot:HB_WEST,spp_dam,2026-09-16T16:00:00Z,14.58,USD/MWh,PT1H,US-TX,ercot_dam,HB_WEST,ercot:NP4-190-CD,https://www.ercot.com/misdownload/servlets/mirDownload?doclookupId=1274910529,2026-09-25T06:37:29Z,2026-09-15T18:50:14Z
ercot:HB_WEST,spp_dam,2026-09-16T17:00:00Z,14.82,USD/MWh,PT1H,US-TX,ercot_dam,HB_WEST,ercot:NP4-190-CD,https://www.ercot.com/misdownload/servlets/mirDownload?doclookupId=1274910529,2026-09-25T06:37:29Z,2026-09-15T18:50:14Z
ercot:HB_WEST,spp_dam,2026-09-16T18:00:00Z,15.51,USD/MWh,PT1H,US-TX,ercot_dam,HB_WEST,ercot:NP4-190-CD,https://www.ercot.com/misdownload/servlets/mirDownload?doclookupId=1274910529,2026-09-25T06:37:29Z,2026-09-15T18:50:14Z
ercot:HB_WEST,spp_dam,2026-09-16T19:00:00Z,12.91,USD/MWh,PT1H,US-TX,ercot_dam,HB_WEST,ercot:NP4-190-CD,https://www.ercot.com/misdownload/servlets/mirDownload?doclookupId=1274910529,2026-09-25T06:37:29Z,2026-09-15T18:50:14Z
ercot:HB_WEST,spp_dam,2026-09-16T20:00:00Z,13.67,USD/MWh,PT1H,US-TX,ercot_dam,HB_WEST,ercot:NP4-190-CD,https://www.ercot.com/misdownload/servlets/mirDownload?doclookupId=1274910529,2026-09-25T06:37:29Z,2026-09-15T18:50:14Z
ercot:HB_WEST,spp_dam,2026-09-16T21:00:00Z,11.43,USD/MWh,PT1H,US-TX,ercot_dam,HB_WEST,ercot:NP4-190-CD,https://www.ercot.com/misdownload/servlets/mirDownload?doclookupId=1274910529,2026-09-25T06:37:29Z,2026-09-15T18:50:14Z
ercot:HB_WEST,spp_dam,2026-09-16T22:00:00Z,13.84,USD/MWh,PT1H,US-TX,ercot_dam,HB_WEST,ercot:NP4-190-CD,https://www.ercot.com/misdownload/servlets/mirDownload?doclookupId=1274910529,2026-09-25T06:37:29Z,2026-09-15T18:50:14Z
ercot:HB_WEST,spp_dam,2026-09-16T23:00:00Z,36.78,USD/MWh,PT1H,US-TX,ercot_dam,HB_WEST,ercot:NP4-190-CD,https://www.ercot.com/misdownload/servlets/mirDownload?doclookupId=1274910529,2026-09-25T06:37:29Z,2026-09-15T18:50:14Z
ercot:HB_WEST,spp_dam,2026-09-17T00:00:00Z,60.74,USD/MWh,PT1H,US-TX,ercot_dam,HB_WEST,ercot:NP4-190-CD,https://www.ercot.com/misdownload/servlets/mirDownload?doclookupId=1274910529,2026-09-25T06:37:29Z,2026-09-15T18:50:14Z
ercot:HB_WEST,spp_dam,2026-09-17T01:00:00Z,64.91,USD/MWh,PT1H,US-TX,ercot_dam,HB_WEST,ercot:NP4-190-CD,https://www.ercot.com/misdownload/servlets/mirDownload?doclookupId=1274910529,2026-09-25T06:37:29Z,2026-09-15T18:50:14Z
ercot:HB_WEST,spp_dam,2026-09-17T02:00:00Z,57.58,USD/MWh,PT1H,US-TX,ercot_dam,HB_WEST,ercot:NP4-190-CD,https://www.ercot.com/misdownload/servlets/mirDownload?doclookupId=1274910529,2026-09-25T06:37:29Z,2026-09-15T18:50:14Z
ercot:HB_WEST,spp_dam,2026-09-17T03:00:00Z,47.57,USD/MWh,PT1H,US-TX,ercot_dam,HB_WEST,ercot:NP4-190-CD,https://www.ercot.com/misdownload/servlets/mirDownload?doclookupId=1274910529,2026-09-25T06:37:29Z,2026-09-15T18:50:14Z
ercot:HB_WEST,spp_dam,2026-09-17T04:00:00Z,38.78,USD/MWh,PT1H,US-TX,ercot_dam,HB_WEST,ercot:NP4-190-CD,https://www.ercot.com/misdownload/servlets/mirDownload?doclookupId=1274910529,2026-09-25T06:37:29Z,2026-09-15T18:50:14Z
ercot:HB_WEST,spp_dam,2026-09-17T05:00:00Z,36.38,USD/MWh,PT1H,US-TX,ercot_dam,HB_WEST,ercot:NP4-190-CD,https://www.ercot.com/misdownload/servlets/mirDownload?doclookupId=1275287943,2026-09-25T06:37:28Z,2026-09-16T17:36:06Z
ercot:HB_WEST,spp_dam,2026-09-17T06:00:00Z,34.33,USD/MWh,PT1H,US-TX,ercot_dam,HB_WEST,ercot:NP4-190-CD,https://www.ercot.com/misdownload/servlets/mirDownload?doclookupId=1275287943,2026-09-25T06:37:28Z,2026-09-16T17:36:06Z
ercot:HB_WEST,spp_dam,2026-09-17T07:00:00Z,35.42,USD/MWh,PT1H,US-TX,ercot_dam,HB_WEST,ercot:NP4-190-CD,https://www.ercot.com/misdownload/servlets/mirDownload?doclookupId=1275287943,2026-09-25T06:37:28Z,2026-09-16T17:36:06Z
ercot:HB_WEST,spp_dam,2026-09-17T08:00:00Z,34.1,USD/MWh,PT1H,US-TX,ercot_dam,HB_WEST,ercot:NP4-190-CD,https://www.ercot.com/misdownload/servlets/mirDownload?doclookupId=1275287943,2026-09-25T06:37:28Z,2026-09-16T17:36:06Z
ercot:HB_WEST,spp_dam,2026-09-17T09:00:00Z,36.06,USD/MWh,PT1H,US-TX,ercot_dam,HB_WEST,ercot:NP4-190-CD,https://www.ercot.com/misdownload/servlets/mirDownload?doclookupId=1275287943,2026-09-25T06:37:28Z,2026-09-16T17:36:06Z
ercot:HB_WEST,spp_dam,2026-09-17T10:00:00Z,38.38,USD/MWh,PT1H,US-TX,ercot_dam,HB_WEST,ercot:NP4-190-CD,https://www.ercot.com/misdownload/servlets/mirDownload?doclookupId=1275287943,2026-09-25T06:37:28Z,2026-09-16T17:36:06Z
ercot:HB_WEST,spp_dam,2026-09-17T11:00:00Z,43.29,USD/MWh,PT1H,US-TX,ercot_dam,HB_WEST,ercot:NP4-190-CD,https://www.ercot.com/misdownload/servlets/mirDownload?doclookupId=1275287943,2026-09-25T06:37:28Z,2026-09-16T17:36:06Z
ercot:HB_WEST,spp_dam,2026-09-17T12:00:00Z,43.0,USD/MWh,PT1H,US-TX,ercot_dam,HB_WEST,ercot:NP4-190-CD,https://www.ercot.com/misdownload/servlets/mirDownload?doclookupId=1275287943,2026-09-25T06:37:28Z,2026-09-16T17:36:06Z
ercot:HB_WEST,spp_dam,2026-09-17T13:00:00Z,32.18,USD/MWh,PT1H,US-TX,ercot_dam,HB_WEST,ercot:NP4-190-CD,https://www.ercot.com/misdownload/servlets/mirDownload?doclookupId=1275287943,2026-09-25T06:37:28Z,2026-09-16T17:36:06Z
ercot:HB_WEST,spp_dam,2026-09-17T14:00:00Z,26.35,USD/MWh,PT1H,US-TX,ercot_dam,HB_WEST,ercot:NP4-190-CD,https://www.ercot.com/misdownload/servlets/mirDownload?doclookupId=1275287943,2026-09-25T06:37:28Z,2026-09-16T17:36:06Z
ercot:HB_WEST,spp_dam,2026-09-17T15:00:00Z,25.04,USD/MWh,PT1H,US-TX,ercot_dam,HB_WEST,ercot:NP4-190-CD,https://www.ercot.com/misdownload/servlets/mirDownload?doclookupId=1275287943,2026-09-25T06:37:28Z,2026-09-16T17:36:06Z
ercot:HB_WEST,spp_dam,2026-09-17T16:00:00Z,26.1,USD/MWh,PT1H,US-TX,ercot_dam,HB_WEST,ercot:NP4-190-CD,https://www.ercot.com/misdownload/servlets/mirDownload?doclookupId=1275287943,2026-09-25T06:37:28Z,2026-09-16T17:36:06Z
ercot:HB_WEST,spp_dam,2026-09-17T17:00:00Z,31.07,USD/MWh,PT1H,US-TX,ercot_dam,HB_WEST,ercot:NP4-190-CD,https://www.ercot.com/misdownload/servlets/mirDownload?doclookupId=1275287943,2026-09-25T06:37:28Z,2026-09-16T17:36:06Z
ercot:HB_WEST,spp_dam,2026-09-17T18:00:00Z,40.02,USD/MWh,PT1H,US-TX,ercot_dam,HB_WEST,ercot:NP4-190-CD,https://www.ercot.com/misdownload/servlets/mirDownload?doclookupId=1275287943,2026-09-25T06:37:28Z,2026-09-16T17:36:06Z
ercot:HB_WEST,spp_dam,2026-09-17T19:00:00Z,40.25,USD/MWh,PT1H,US-TX,ercot_dam,HB_WEST,ercot:NP4-190-CD,https://www.ercot.com/misdownload/servlets/mirDownload?doclookupId=1275287943,2026-09-25T06:37:28Z,2026-09-16T17:36:06Z
ercot:HB_WEST,spp_dam,2026-09-17T20:00:00Z,41.31,USD/MWh,PT1H,US-TX,ercot_dam,HB_WEST,ercot:NP4-190-CD,https://www.ercot.com/misdownload/servlets/mirDownload?doclookupId=1275287943,2026-09-25T06:37:28Z,2026-09-16T17:36:06Z
ercot:HB_WEST,spp_dam,2026-09-17T21:00:00Z,43.1,USD/MWh,PT1H,US-TX,ercot_dam,HB_WEST,ercot:NP4-190-CD,https://www.ercot.com/misdownload/servlets/mirDownload?doclookupId=1275287943,2026-09-25T06:37:28Z,2026-09-16T17:36:06Z
ercot:HB_WEST,spp_dam,2026-09-17T22:00:00Z,49.14,USD/MWh,PT1H,US-TX,ercot_dam,HB_WEST,ercot:NP4-190-CD,https://www.ercot.com/misdownload/servlets/mirDownload?doclookupId=1275287943,2026-09-25T06:37:28Z,2026-09-16T17:36:06Z
ercot:HB_WEST,spp_dam,2026-09-17T23:00:00Z,67.75,USD/MWh,PT1H,US-TX,ercot_dam,HB_WEST,ercot:NP4-190-CD,https://www.ercot.com/misdownload/servlets/mirDownload?doclookupId=1275287943,2026-09-25T06:37:28Z,2026-09-16T17:36:06Z
ercot:HB_WEST,spp_dam,2026-09-18T00:00:00Z,77.43,USD/MWh,PT1H,US-TX,ercot_dam,HB_WEST,ercot:NP4-190-CD,https://www.ercot.com/misdownload/servlets/mirDownload?doclookupId=1275287943,2026-09-25T06:37:28Z,2026-09-16T17:36:06Z
ercot:HB_WEST,spp_dam,2026-09-18T01:00:00Z,77.82,USD/MWh,PT1H,US-TX,ercot_dam,HB_WEST,ercot:NP4-190-CD,https://www.ercot.com/misdownload/servlets/mirDownload?doclookupId=1275287943,2026-09-25T06:37:28Z,2026-09-16T17:36:06Z
ercot:HB_WEST,spp_dam,2026-09-18T02:00:00Z,60.58,USD/MWh,PT1H,US-TX,ercot_dam,HB_WEST,ercot:NP4-190-CD,https://www.ercot.com/misdownload/servlets/mirDownload?doclookupId=1275287943,2026-09-25T06:37:28Z,2026-09-16T17:36:06Z
ercot:HB_WEST,spp_dam,2026-09-18T03:00:00Z,48.07,USD/MWh,PT1H,US-TX,ercot_dam,HB_WEST,ercot:NP4-190-CD,https://www.ercot.com/misdownload/servlets/mirDownload?doclookupId=1275287943,2026-09-25T06:37:28Z,2026-09-16T17:36:06Z
ercot:HB_WEST,spp_dam,2026-09-18T04:00:00Z,39.5,USD/MWh,PT1H,US-TX,ercot_dam,HB_WEST,ercot:NP4-190-CD,https://www.ercot.com/misdownload/servlets/mirDownload?doclookupId=1275287943,2026-09-25T06:37:28Z,2026-09-16T17:36:06Z
ercot:HB_WEST,spp_dam,2026-09-18T05:00:00Z,35.68,USD/MWh,PT1H,US-TX,ercot_dam,HB_WEST,ercot:NP4-190-CD,https://www.ercot.com/misdownload/servlets/mirDownload?doclookupId=1275678653,2026-09-25T06:37:27Z,2026-09-17T17:33:44Z
ercot:HB_WEST,spp_dam,2026-09-18T06:00:00Z,32.9,USD/MWh,PT1H,US-TX,ercot_dam,HB_WEST,ercot:NP4-190-CD,https://www.ercot.com/misdownload/servlets/mirDownload?doclookupId=1275678653,2026-09-25T06:37:27Z,2026-09-17T17:33:44Z
ercot:HB_WEST,spp_dam,2026-09-18T07:00:00Z,31.69,USD/MWh,PT1H,US-TX,ercot_dam,HB_WEST,ercot:NP4-190-CD,https://www.ercot.com/misdownload/servlets/mirDownload?doclookupId=1275678653,2026-09-25T06:37:27Z,2026-09-17T17:33:44Z
ercot:HB_WEST,spp_dam,2026-09-18T08:00:00Z,30.53,USD/MWh,PT1H,US-TX,ercot_dam,HB_WEST,ercot:NP4-190-CD,https://www.ercot.com/misdownload/servlets/mirDownload?doclookupId=1275678653,2026-09-25T06:37:27Z,2026-09-17T17:33:44Z
ercot:HB_WEST,spp_dam,2026-09-18T09:00:00Z,31.55,USD/MWh,PT1H,US-TX,ercot_dam,HB_WEST,ercot:NP4-190-CD,https://www.ercot.com/misdownload/servlets/mirDownload?doclookupId=1275678653,2026-09-25T06:37:27Z,2026-09-17T17:33:44Z
ercot:HB_WEST,spp_dam,2026-09-18T10:00:00Z,36.57,USD/MWh,PT1H,US-TX,ercot_dam,HB_WEST,ercot:NP4-190-CD,https://www.ercot.com/misdownload/servlets/mirDownload?doclookupId=1275678653,2026-09-25T06:37:27Z,2026-09-17T17:33:44Z
ercot:HB_WEST,spp_dam,2026-09-18T11:00:00Z,43.16,USD/MWh,PT1H,US-TX,ercot_dam,HB_WEST,ercot:NP4-190-CD,https://www.ercot.com/misdownload/servlets/mirDownload?doclookupId=1275678653,2026-09-25T06:37:27Z,2026-09-17T17:33:44Z
ercot:HB_WEST,spp_dam,2026-09-18T12:00:00Z,43.03,USD/MWh,PT1H,US-TX,ercot_dam,HB_WEST,ercot:NP4-190-CD,https://www.ercot.com/misdownload/servlets/mirDownload?doclookupId=1275678653,2026-09-25T06:37:27Z,2026-09-17T17:33:44Z
ercot:HB_WEST,spp_dam,2026-09-18T13:00:00Z,27.66,USD/MWh,PT1H,US-TX,ercot_dam,HB_WEST,ercot:NP4-190-CD,https://www.ercot.com/misdownload/servlets/mirDownload?doclookupId=1275678653,2026-09-25T06:37:27Z,2026-09-17T17:33:44Z
ercot:HB_WEST,spp_dam,2026-09-18T14:00:00Z,22.91,USD/MWh,PT1H,US-TX,ercot_dam,HB_WEST,ercot:NP4-190-CD,https://www.ercot.com/misdownload/servlets/mirDownload?doclookupId=1275678653,2026-09-25T06:37:27Z,2026-09-17T17:33:44Z
ercot:HB_WEST,spp_dam,2026-09-18T15:00:00Z,21.19,USD/MWh,PT1H,US-TX,ercot_dam,HB_WEST,ercot:NP4-190-CD,https://www.ercot.com/misdownload/servlets/mirDownload?doclookupId=1275678653,2026-09-25T06:37:27Z,2026-09-17T17:33:44Z
ercot:HB_WEST,spp_dam,2026-09-18T16:00:00Z,22.45,USD/MWh,PT1H,US-TX,ercot_dam,HB_WEST,ercot:NP4-190-CD,https://www.ercot.com/misdownload/servlets/mirDownload?doclookupId=1275678653,2026-09-25T06:37:27Z,2026-09-17T17:33:44Z
ercot:HB_WEST,spp_dam,2026-09-18T17:00:00Z,25.01,USD/MWh,PT1H,US-TX,ercot_dam,HB_WEST,ercot:NP4-190-CD,https://www.ercot.com/misdownload/servlets/mirDownload?doclookupId=1275678653,2026-09-25T06:37:27Z,2026-09-17T17:33:44Z
ercot:HB_WEST,spp_dam,2026-09-18T18:00:00Z,30.86,USD/MWh,PT1H,US-TX,ercot_dam,HB_WEST,ercot:NP4-190-CD,https://www.ercot.com/misdownload/servlets/mirDownload?doclookupId=1275678653,2026-09-25T06:37:27Z,2026-09-17T17:33:44Z
ercot:HB_WEST,spp_dam,2026-09-18T19:00:00Z,29.48,USD/MWh,PT1H,US-TX,ercot_dam,HB_WEST,ercot:NP4-190-CD,https://www.ercot.com/misdownload/servlets/mirDownload?doclookupId=1275678653,2026-09-25T06:37:27Z,2026-09-17T17:33:44Z
ercot:HB_WEST,spp_dam,2026-09-18T20:00:00Z,28.56,USD/MWh,PT1H,US-TX,ercot_dam,HB_WEST,ercot:NP4-190-CD,https://www.ercot.com/misdownload/servlets/mirDownload?doclookupId=1275678653,2026-09-25T06:37:27Z,2026-09-17T17:33:44Z
ercot:HB_WEST,spp_dam,2026-09-18T21:00:00Z,29.84,USD/MWh,PT1H,US-TX,ercot_dam,HB_WEST,ercot:NP4-190-CD,https://www.ercot.com/misdownload/servlets/mirDownload?doclookupId=1275678653,2026-09-25T06:37:27Z,2026-09-17T17:33:44Z
ercot:HB_WEST,spp_dam,2026-09-18T22:00:00Z,36.4,USD/MWh,PT1H,US-TX,ercot_dam,HB_WEST,ercot:NP4-190-CD,https://www.ercot.com/misdownload/servlets/mirDownload?doclookupId=1275678653,2026-09-25T06:37:27Z,2026-09-17T17:33:44Z
ercot:HB_WEST,spp_dam,2026-09-18T23:00:00Z,64.75,USD/MWh,PT1H,US-TX,ercot_dam,HB_WEST,ercot:NP4-190-CD,https://www.ercot.com/misdownload/servlets/mirDownload?doclookupId=1275678653,2026-09-25T06:37:27Z,2026-09-17T17:33:44Z
ercot:HB_WEST,spp_dam,2026-09-19T00:00:00Z,84.9,USD/MWh,PT1H,US-TX,ercot_dam,HB_WEST,ercot:NP4-190-CD,https://www.ercot.com/misdownload/servlets/mirDownload?doclookupId=1275678653,2026-09-25T06:37:27Z,2026-09-17T17:33:44Z
ercot:HB_WEST,spp_dam,2026-09-19T01:00:00Z,74.7,USD/MWh,PT1H,US-TX,ercot_dam,HB_WEST,ercot:NP4-190-CD,https://www.ercot.com/misdownload/servlets/mirDownload?doclookupId=1275678653,2026-09-25T06:37:27Z,2026-09-17T17:33:44Z
ercot:HB_WEST,spp_dam,2026-09-19T02:00:00Z,59.13,USD/MWh,PT1H,US-TX,ercot_dam,HB_WEST,ercot:NP4-190-CD,https://www.ercot.com/misdownload/servlets/mirDownload?doclookupId=1275678653,2026-09-25T06:37:27Z,2026-09-17T17:33:44Z
ercot:HB_WEST,spp_dam,2026-09-19T03:00:00Z,42.56,USD/MWh,PT1H,US-TX,ercot_dam,HB_WEST,ercot:NP4-190-CD,https://www.ercot.com/misdownload/servlets/mirDownload?doclookupId=1275678653,2026-09-25T06:37:27Z,2026-09-17T17:33:44Z
ercot:HB_WEST,spp_dam,2026-09-19T04:00:00Z,32.74,USD/MWh,PT1H,US-TX,ercot_dam,HB_WEST,ercot:NP4-190-CD,https://www.ercot.com/misdownload/servlets/mirDownload?doclookupId=1275678653,2026-09-25T06:37:27Z,2026-09-17T17:33:44Z
ercot:HB_WEST,spp_dam,2026-09-19T05:00:00Z,35.63,USD/MWh,PT1H,US-TX,ercot_dam,HB_WEST,ercot:NP4-190-CD,https://www.ercot.com/misdownload/servlets/mirDownload?doclookupId=1276076285,2026-09-25T06:37:26Z,2026-09-18T17:32:52Z
ercot:HB_WEST,spp_dam,2026-09-19T06:00:00Z,30.4,USD/MWh,PT1H,US-TX,ercot_dam,HB_WEST,ercot:NP4-190-CD,https://www.ercot.com/misdownload/servlets/mirDownload?doclookupId=1276076285,2026-09-25T06:37:26Z,2026-09-18T17:32:52Z
ercot:HB_WEST,spp_dam,2026-09-19T07:00:00Z,28.52,USD/MWh,PT1H,US-TX,ercot_dam,HB_WEST,ercot:NP4-190-CD,https://www.ercot.com/misdownload/servlets/mirDownload?doclookupId=1276076285,2026-09-25T06:37:26Z,2026-09-18T17:32:52Z
ercot:HB_WEST,spp_dam,2026-09-19T08:00:00Z,27.86,USD/MWh,PT1H,US-TX,ercot_dam,HB_WEST,ercot:NP4-190-CD,https://www.ercot.com/misdownload/servlets/mirDownload?doclookupId=1276076285,2026-09-25T06:37:26Z,2026-09-18T17:32:52Z
ercot:HB_WEST,spp_dam,2026-09-19T09:00:00Z,28.05,USD/MWh,PT1H,US-TX,ercot_dam,HB_WEST,ercot:NP4-190-CD,https://www.ercot.com/misdownload/servlets/mirDownload?doclookupId=1276076285,2026-09-25T06:37:26Z,2026-09-18T17:32:52Z
ercot:HB_WEST,spp_dam,2026-09-19T10:00:00Z,31.24,USD/MWh,PT1H,US-TX,ercot_dam,HB_WEST,ercot:NP4-190-CD,https://www.ercot.com/misdownload/servlets/mirDownload?doclookupId=1276076285,2026-09-25T06:37:26Z,2026-09-18T17:32:52Z
ercot:HB_WEST,spp_dam,2026-09-19T11:00:00Z,33.3,USD/MWh,PT1H,US-TX,ercot_dam,HB_WEST,ercot:NP4-190-CD,https://www.ercot.com/misdownload/servlets/mirDownload?doclookupId=1276076285,2026-09-25T06:37:26Z,2026-09-18T17:32:52Z
ercot:HB_WEST,spp_dam,2026-09-19T12:00:00Z,33.24,USD/MWh,PT1H,US-TX,ercot_dam,HB_WEST,ercot:NP4-190-CD,https://www.ercot.com/misdownload/servlets/mirDownload?doclookupId=1276076285,2026-09-25T06:37:26Z,2026-09-18T17:32:52Z
ercot:HB_WEST,spp_dam,2026-09-19T13:00:00Z,24.58,USD/MWh,PT1H,US-TX,ercot_dam,HB_WEST,ercot:NP4-190-CD,https://www.ercot.com/misdownload/servlets/mirDownload?doclookupId=1276076285,2026-09-25T06:37:26Z,2026-09-18T17:32:52Z
ercot:HB_WEST,spp_dam,2026-09-19T14:00:00Z,19.79,USD/MWh,PT1H,US-TX,ercot_dam,HB_WEST,ercot:NP4-190-CD,https://www.ercot.com/misdownload/servlets/mirDownload?doclookupId=1276076285,2026-09-25T06:37:26Z,2026-09-18T17:32:52Z
ercot:HB_WEST,spp_dam,2026-09-19T15:00:00Z,19.48,USD/MWh,PT1H,US-TX,ercot_dam,HB_WEST,ercot:NP4-190-CD,https://www.ercot.com/misdownload/servlets/mirDownload?doclookupId=1276076285,2026-09-25T06:37:26Z,2026-09-18T17:32:52Z
ercot:HB_WEST,spp_dam,2026-09-19T16:00:00Z,22.24,USD/MWh,PT1H,US-TX,ercot_dam,HB_WEST,ercot:NP4-190-CD,https://www.ercot.com/misdownload/servlets/mirDownload?doclookupId=1276076285,2026-09-25T06:37:26Z,2026-09-18T17:32:52Z
ercot:HB_WEST,spp_dam,2026-09-19T17:00:00Z,26.47,USD/MWh,PT1H,US-TX,ercot_dam,HB_WEST,ercot:NP4-190-CD,https://www.ercot.com/misdownload/servlets/mirDownload?doclookupId=1276076285,2026-09-25T06:37:26Z,2026-09-18T17:32:52Z
ercot:HB_WEST,spp_dam,2026-09-19T18:00:00Z,29.86,USD/MWh,PT1H,US-TX,ercot_dam,HB_WEST,ercot:NP4-190-CD,https://www.ercot.com/misdownload/servlets/mirDownload?doclookupId=1276076285,2026-09-25T06:37:26Z,2026-09-18T17:32:52Z
ercot:HB_WEST,spp_dam,2026-09-19T19:00:00Z,34.62,USD/MWh,PT1H,US-TX,ercot_dam,HB_WEST,ercot:NP4-190-CD,https://www.ercot.com/misdownload/servlets/mirDownload?doclookupId=1276076285,2026-09-25T06:37:26Z,2026-09-18T17:32:52Z
ercot:HB_WEST,spp_dam,2026-09-19T20:00:00Z,39.1,USD/MWh,PT1H,US-TX,ercot_dam,HB_WEST,ercot:NP4-190-CD,https://www.ercot.com/misdownload/servlets/mirDownload?doclookupId=1276076285,2026-09-25T06:37:26Z,2026-09-18T17:32:52Z
ercot:HB_WEST,spp_dam,2026-09-19T21:00:00Z,42.85,USD/MWh,PT1H,US-TX,ercot_dam,HB_WEST,ercot:NP4-190-CD,https://www.ercot.com/misdownload/servlets/mirDownload?doclookupId=1276076285,2026-09-25T06:37:26Z,2026-09-18T17:32:52Z
ercot:HB_WEST,spp_dam,2026-09-19T22:00:00Z,59.53,USD/MWh,PT1H,US-TX,ercot_dam,HB_WEST,ercot:NP4-190-CD,https://www.ercot.com/misdownload/servlets/mirDownload?doclookupId=1276076285,2026-09-25T06:37:26Z,2026-09-18T17:32:52Z
ercot:HB_WEST,spp_dam,2026-09-19T23:00:00Z,98.8,USD/MWh,PT1H,US-TX,ercot_dam,HB_WEST,ercot:NP4-190-CD,https://www.ercot.com/misdownload/servlets/mirDownload?doclookupId=1276076285,2026-09-25T06:37:26Z,2026-09-18T17:32:52Z
ercot:HB_WEST,spp_dam,2026-09-20T00:00:00Z,103.97,USD/MWh,PT1H,US-TX,ercot_dam,HB_WEST,ercot:NP4-190-CD,https://www.ercot.com/misdownload/servlets/mirDownload?doclookupId=1276076285,2026-09-25T06:37:26Z,2026-09-18T17:32:52Z
ercot:HB_WEST,spp_dam,2026-09-20T01:00:00Z,76.87,USD/MWh,PT1H,US-TX,ercot_dam,HB_WEST,ercot:NP4-190-CD,https://www.ercot.com/misdownload/servlets/mirDownload?doclookupId=1276076285,2026-09-25T06:37:26Z,2026-09-18T17:32:52Z
ercot:HB_WEST,spp_dam,2026-09-20T02:00:00Z,64.4,USD/MWh,PT1H,US-TX,ercot_dam,HB_WEST,ercot:NP4-190-CD,https://www.ercot.com/misdownload/servlets/mirDownload?doclookupId=1276076285,2026-09-25T06:37:26Z,2026-09-18T17:32:52Z
ercot:HB_WEST,spp_dam,2026-09-20T03:00:00Z,50.12,USD/MWh,PT1H,US-TX,ercot_dam,HB_WEST,ercot:NP4-190-CD,https://www.ercot.com/misdownload/servlets/mirDownload?doclookupId=1276076285,2026-09-25T06:37:26Z,2026-09-18T17:32:52Z
ercot:HB_WEST,spp_dam,2026-09-20T04:00:00Z,39.61,USD/MWh,PT1H,US-TX,ercot_dam,HB_WEST,ercot:NP4-190-CD,https://www.ercot.com/misdownload/servlets/mirDownload?doclookupId=1276076285,2026-09-25T06:37:26Z,2026-09-18T17:32:52Z
ercot:HB_WEST,spp_dam,2026-09-20T05:00:00Z,40.21,USD/MWh,PT1H,US-TX,ercot_dam,HB_WEST,ercot:NP4-190-CD,https://www.ercot.com/misdownload/servlets/mirDownload?doclookupId=1276470243,2026-09-25T06:37:25Z,2026-09-19T17:35:07Z
ercot:HB_WEST,spp_dam,2026-09-20T06:00:00Z,37.32,USD/MWh,PT1H,US-TX,ercot_dam,HB_WEST,ercot:NP4-190-CD,https://www.ercot.com/misdownload/servlets/mirDownload?doclookupId=1276470243,2026-09-25T06:37:25Z,2026-09-19T17:35:07Z
ercot:HB_WEST,spp_dam,2026-09-20T07:00:00Z,36.35,USD/MWh,PT1H,US-TX,ercot_dam,HB_WEST,ercot:NP4-190-CD,https://www.ercot.com/misdownload/servlets/mirDownload?doclookupId=1276470243,2026-09-25T06:37:25Z,2026-09-19T17:35:07Z
ercot:HB_WEST,spp_dam,2026-09-20T08:00:00Z,34.72,USD/MWh,PT1H,US-TX,ercot_dam,HB_WEST,ercot:NP4-190-CD,https://www.ercot.com/misdownload/servlets/mirDownload?doclookupId=1276470243,2026-09-25T06:37:25Z,2026-09-19T17:35:07Z
ercot:HB_WEST,spp_dam,2026-09-20T09:00:00Z,33.27,USD/MWh,PT1H,US-TX,ercot_dam,HB_WEST,ercot:NP4-190-CD,https://www.ercot.com/misdownload/servlets/mirDownload?doclookupId=1276470243,2026-09-25T06:37:25Z,2026-09-19T17:35:07Z
ercot:HB_WEST,spp_dam,2026-09-20T10:00:00Z,32.6,USD/MWh,PT1H,US-TX,ercot_dam,HB_WEST,ercot:NP4-190-CD,https://www.ercot.com/misdownload/servlets/mirDownload?doclookupId=1276470243,2026-09-25T06:37:25Z,2026-09-19T17:35:07Z
ercot:HB_WEST,spp_dam,2026-09-20T11:00:00Z,34.14,USD/MWh,PT1H,US-TX,ercot_dam,HB_WEST,ercot:NP4-190-CD,https://www.ercot.com/misdownload/servlets/mirDownload?doclookupId=1276470243,2026-09-25T06:37:25Z,2026-09-19T17:35:07Z
ercot:HB_WEST,spp_dam,2026-09-20T12:00:00Z,34.77,USD/MWh,PT1H,US-TX,ercot_dam,HB_WEST,ercot:NP4-190-CD,https://www.ercot.com/misdownload/servlets/mirDownload?doclookupId=1276470243,2026-09-25T06:37:25Z,2026-09-19T17:35:07Z
ercot:HB_WEST,spp_dam,2026-09-20T13:00:00Z,27.79,USD/MWh,PT1H,US-TX,ercot_dam,HB_WEST,ercot:NP4-190-CD,https://www.ercot.com/misdownload/servlets/mirDownload?doclookupId=1276470243,2026-09-25T06:37:25Z,2026-09-19T17:35:07Z
ercot:HB_WEST,spp_dam,2026-09-20T14:00:00Z,24.86,USD/MWh,PT1H,US-TX,ercot_dam,HB_WEST,ercot:NP4-190-CD,https://www.ercot.com/misdownload/servlets/mirDownload?doclookupId=1276470243,2026-09-25T06:37:25Z,2026-09-19T17:35:07Z
ercot:HB_WEST,spp_dam,2026-09-20T15:00:00Z,24.68,USD/MWh,PT1H,US-TX,ercot_dam,HB_WEST,ercot:NP4-190-CD,https://www.ercot.com/misdownload/servlets/mirDownload?doclookupId=1276470243,2026-09-25T06:37:25Z,2026-09-19T17:35:07Z
ercot:HB_WEST,spp_dam,2026-09-20T16:00:00Z,26.6,USD/MWh,PT1H,US-TX,ercot_dam,HB_WEST,ercot:NP4-190-CD,https://www.ercot.com/misdownload/servlets/mirDownload?doclookupId=1276470243,2026-09-25T06:37:25Z,2026-09-19T17:35:07Z
ercot:HB_WEST,spp_dam,2026-09-20T17:00:00Z,32.22,USD/MWh,PT1H,US-TX,ercot_dam,HB_WEST,ercot:NP4-190-CD,https://www.ercot.com/misdownload/servlets/mirDownload?doclookupId=1276470243,2026-09-25T06:37:25Z,2026-09-19T17:35:07Z
ercot:HB_WEST,spp_dam,2026-09-20T18:00:00Z,41.06,USD/MWh,PT1H,US-TX,ercot_dam,HB_WEST,ercot:NP4-190-CD,https://www.ercot.com/misdownload/servlets/mirDownload?doclookupId=1276470243,2026-09-25T06:37:25Z,2026-09-19T17:35:07Z
ercot:HB_WEST,spp_dam,2026-09-20T19:00:00Z,49.06,USD/MWh,PT1H,US-TX,ercot_dam,HB_WEST,ercot:NP4-190-CD,https://www.ercot.com/misdownload/servlets/mirDownload?doclookupId=1276470243,2026-09-25T06:37:25Z,2026-09-19T17:35:07Z
ercot:HB_WEST,spp_dam,2026-09-20T20:00:00Z,59.99,USD/MWh,PT1H,US-TX,ercot_dam,HB_WEST,ercot:NP4-190-CD,https://www.ercot.com/misdownload/servlets/mirDownload?doclookupId=1276470243,2026-09-25T06:37:25Z,2026-09-19T17:35:07Z
ercot:HB_WEST,spp_dam,2026-09-20T21:00:00Z,65.12,USD/MWh,PT1H,US-TX,ercot_dam,HB_WEST,ercot:NP4-190-CD,https://www.ercot.com/misdownload/servlets/mirDownload?doclookupId=1276470243,2026-09-25T06:37:25Z,2026-09-19T17:35:07Z
ercot:HB_WEST,spp_dam,2026-09-20T22:00:00Z,85.96,USD/MWh,PT1H,US-TX,ercot_dam,HB_WEST,ercot:NP4-190-CD,https://www.ercot.com/misdownload/servlets/mirDownload?doclookupId=1276470243,2026-09-25T06:37:25Z,2026-09-19T17:35:07Z
ercot:HB_WEST,spp_dam,2026-09-20T23:00:00Z,123.81,USD/MWh,PT1H,US-TX,ercot_dam,HB_WEST,ercot:NP4-190-CD,https://www.ercot.com/misdownload/servlets/mirDownload?doclookupId=1276470243,2026-09-25T06:37:25Z,2026-09-19T17:35:07Z
ercot:HB_WEST,spp_dam,2026-09-21T00:00:00Z,130.91,USD/MWh,PT1H,US-TX,ercot_dam,HB_WEST,ercot:NP4-190-CD,https://www.ercot.com/misdownload/servlets/mirDownload?doclookupId=1276470243,2026-09-25T06:37:25Z,2026-09-19T17:35:07Z
ercot:HB_WEST,spp_dam,2026-09-21T01:00:00Z,109.99,USD/MWh,PT1H,US-TX,ercot_dam,HB_WEST,ercot:NP4-190-CD,https://www.ercot.com/misdownload/servlets/mirDownload?doclookupId=1276470243,2026-09-25T06:37:25Z,2026-09-19T17:35:07Z
ercot:HB_WEST,spp_dam,2026-09-21T02:00:00Z,101.62,USD/MWh,PT1H,US-TX,ercot_dam,HB_WEST,ercot:NP4-190-CD,https://www.ercot.com/misdownload/servlets/mirDownload?doclookupId=1276470243,2026-09-25T06:37:25Z,2026-09-19T17:35:07Z
ercot:HB_WEST,spp_dam,2026-09-21T03:00:00Z,77.44,USD/MWh,PT1H,US-TX,ercot_dam,HB_WEST,ercot:NP4-190-CD,https://www.ercot.com/misdownload/servlets/mirDownload?doclookupId=1276470243,2026-09-25T06:37:25Z,2026-09-19T17:35:07Z
ercot:HB_WEST,spp_dam,2026-09-21T04:00:00Z,49.89,USD/MWh,PT1H,US-TX,ercot_dam,HB_WEST,ercot:NP4-190-CD,https://www.ercot.com/misdownload/servlets/mirDownload?doclookupId=1276470243,2026-09-25T06:37:25Z,2026-09-19T17:35:07Z
ercot:HB_WEST,spp_dam,2026-09-21T05:00:00Z,42.91,USD/MWh,PT1H,US-TX,ercot_dam,HB_WEST,ercot:NP4-190-CD,https://www.ercot.com/misdownload/servlets/mirDownload?doclookupId=1276864315,2026-09-25T06:37:24Z,2026-09-20T18:00:57Z
ercot:HB_WEST,spp_dam,2026-09-21T06:00:00Z,41.31,USD/MWh,PT1H,US-TX,ercot_dam,HB_WEST,ercot:NP4-190-CD,https://www.ercot.com/misdownload/servlets/mirDownload?doclookupId=1276864315,2026-09-25T06:37:24Z,2026-09-20T18:00:57Z
ercot:HB_WEST,spp_dam,2026-09-21T07:00:00Z,42.99,USD/MWh,PT1H,US-TX,ercot_dam,HB_WEST,ercot:NP4-190-CD,https://www.ercot.com/misdownload/servlets/mirDownload?doclookupId=1276864315,2026-09-25T06:37:24Z,2026-09-20T18:00:57Z
ercot:HB_WEST,spp_dam,2026-09-21T08:00:00Z,43.82,USD/MWh,PT1H,US-TX,ercot_dam,HB_WEST,ercot:NP4-190-CD,https://www.ercot.com/misdownload/servlets/mirDownload?doclookupId=1276864315,2026-09-25T06:37:24Z,2026-09-20T18:00:57Z
ercot:HB_WEST,spp_dam,2026-09-21T09:00:00Z,46.07,USD/MWh,PT1H,US-TX,ercot_dam,HB_WEST,ercot:NP4-190-CD,https://www.ercot.com/misdownload/servlets/mirDownload?doclookupId=1276864315,2026-09-25T06:37:24Z,2026-09-20T18:00:57Z
ercot:HB_WEST,spp_dam,2026-09-21T10:00:00Z,55.85,USD/MWh,PT1H,US-TX,ercot_dam,HB_WEST,ercot:NP4-190-CD,https://www.ercot.com/misdownload/servlets/mirDownload?doclookupId=1276864315,2026-09-25T06:37:24Z,2026-09-20T18:00:57Z
ercot:HB_WEST,spp_dam,2026-09-21T11:00:00Z,63.68,USD/MWh,PT1H,US-TX,ercot_dam,HB_WEST,ercot:NP4-190-CD,https://www.ercot.com/misdownload/servlets/mirDownload?doclookupId=1276864315,2026-09-25T06:37:24Z,2026-09-20T18:00:57Z
ercot:HB_WEST,spp_dam,2026-09-21T12:00:00Z,56.45,USD/MWh,PT1H,US-TX,ercot_dam,HB_WEST,ercot:NP4-190-CD,https://www.ercot.com/misdownload/servlets/mirDownload?doclookupId=1276864315,2026-09-25T06:37:24Z,2026-09-20T18:00:57Z
ercot:HB_WEST,spp_dam,2026-09-21T13:00:00Z,43.42,USD/MWh,PT1H,US-TX,ercot_dam,HB_WEST,ercot:NP4-190-CD,https://www.ercot.com/misdownload/servlets/mirDownload?doclookupId=1276864315,2026-09-25T06:37:24Z,2026-09-20T18:00:57Z
ercot:HB_WEST,spp_dam,2026-09-21T14:00:00Z,30.87,USD/MWh,PT1H,US-TX,ercot_dam,HB_WEST,ercot:NP4-190-CD,https://www.ercot.com/misdownload/servlets/mirDownload?doclookupId=1276864315,2026-09-25T06:37:24Z,2026-09-20T18:00:57Z
ercot:HB_WEST,spp_dam,2026-09-21T15:00:00Z,28.5,USD/MWh,PT1H,US-TX,ercot_dam,HB_WEST,ercot:NP4-190-CD,https://www.ercot.com/misdownload/servlets/mirDownload?doclookupId=1276864315,2026-09-25T06:37:24Z,2026-09-20T18:00:57Z
ercot:HB_WEST,spp_dam,2026-09-21T16:00:00Z,29.68,USD/MWh,PT1H,US-TX,ercot_dam,HB_WEST,ercot:NP4-190-CD,https://www.ercot.com/misdownload/servlets/mirDownload?doclookupId=1276864315,2026-09-25T06:37:24Z,2026-09-20T18:00:57Z
ercot:HB_WEST,spp_dam,2026-09-21T17:00:00Z,32.6,USD/MWh,PT1H,US-TX,ercot_dam,HB_WEST,ercot:NP4-190-CD,https://www.ercot.com/misdownload/servlets/mirDownload?doclookupId=1276864315,2026-09-25T06:37:24Z,2026-09-20T18:00:57Z
ercot:HB_WEST,spp_dam,2026-09-21T18:00:00Z,42.03,USD/MWh,PT1H,US-TX,ercot_dam,HB_WEST,ercot:NP4-190-CD,https://www.ercot.com/misdownload/servlets/mirDownload?doclookupId=1276864315,2026-09-25T06:37:24Z,2026-09-20T18:00:57Z
ercot:HB_WEST,spp_dam,2026-09-21T19:00:00Z,46.09,USD/MWh,PT1H,US-TX,ercot_dam,HB_WEST,ercot:NP4-190-CD,https://www.ercot.com/misdownload/servlets/mirDownload?doclookupId=1276864315,2026-09-25T06:37:24Z,2026-09-20T18:00:57Z
ercot:HB_WEST,spp_dam,2026-09-21T20:00:00Z,56.36,USD/MWh,PT1H,US-TX,ercot_dam,HB_WEST,ercot:NP4-190-CD,https://www.ercot.com/misdownload/servlets/mirDownload?doclookupId=1276864315,2026-09-25T06:37:24Z,2026-09-20T18:00:57Z
ercot:HB_WEST,spp_dam,2026-09-21T21:00:00Z,66.17,USD/MWh,PT1H,US-TX,ercot_dam,HB_WEST,ercot:NP4-190-CD,https://www.ercot.com/misdownload/servlets/mirDownload?doclookupId=1276864315,2026-09-25T06:37:24Z,2026-09-20T18:00:57Z
ercot:HB_WEST,spp_dam,2026-09-21T22:00:00Z,72.01,USD/MWh,PT1H,US-TX,ercot_dam,HB_WEST,ercot:NP4-190-CD,https://www.ercot.com/misdownload/servlets/mirDownload?doclookupId=1276864315,2026-09-25T06:37:24Z,2026-09-20T18:00:57Z
ercot:HB_WEST,spp_dam,2026-09-21T23:00:00Z,105.57,USD/MWh,PT1H,US-TX,ercot_dam,HB_WEST,ercot:NP4-190-CD,https://www.ercot.com/misdownload/servlets/mirDownload?doclookupId=1276864315,2026-09-25T06:37:24Z,2026-09-20T18:00:57Z
ercot:HB_WEST,spp_dam,2026-09-22T00:00:00Z,121.59,USD/MWh,PT1H,US-TX,ercot_dam,HB_WEST,ercot:NP4-190-CD,https://www.ercot.com/misdownload/servlets/mirDownload?doclookupId=1276864315,2026-09-25T06:37:24Z,2026-09-20T18:00:57Z
ercot:HB_WEST,spp_dam,2026-09-22T01:00:00Z,114.22,USD/MWh,PT1H,US-TX,ercot_dam,HB_WEST,ercot:NP4-190-CD,https://www.ercot.com/misdownload/servlets/mirDownload?doclookupId=1276864315,2026-09-25T06:37:24Z,2026-09-20T18:00:57Z
ercot:HB_WEST,spp_dam,2026-09-22T02:00:00Z,108.78,USD/MWh,PT1H,US-TX,ercot_dam,HB_WEST,ercot:NP4-190-CD,https://www.ercot.com/misdownload/servlets/mirDownload?doclookupId=1276864315,2026-09-25T06:37:24Z,2026-09-20T18:00:57Z
ercot:HB_WEST,spp_dam,2026-09-22T03:00:00Z,91.51,USD/MWh,PT1H,US-TX,ercot_dam,HB_WEST,ercot:NP4-190-CD,https://www.ercot.com/misdownload/servlets/mirDownload?doclookupId=1276864315,2026-09-25T06:37:24Z,2026-09-20T18:00:57Z
ercot:HB_WEST,spp_dam,2026-09-22T04:00:00Z,64.11,USD/MWh,PT1H,US-TX,ercot_dam,HB_WEST,ercot:NP4-190-CD,https://www.ercot.com/misdownload/servlets/mirDownload?doclookupId=1276864315,2026-09-25T06:37:24Z,2026-09-20T18:00:57Z
ercot:HB_WEST,spp_dam,2026-09-22T05:00:00Z,41.62,USD/MWh,PT1H,US-TX,ercot_dam,HB_WEST,ercot:NP4-190-CD,https://www.ercot.com/misdownload/servlets/mirDownload?doclookupId=1277258060,2026-09-25T19:48:54Z,2026-09-21T17:32:44Z
ercot:HB_WEST,spp_dam,2026-09-22T06:00:00Z,38.94,USD/MWh,PT1H,US-TX,ercot_dam,HB_WEST,ercot:NP4-190-CD,https://www.ercot.com/misdownload/servlets/mirDownload?doclookupId=1277258060,2026-09-25T19:48:54Z,2026-09-21T17:32:44Z
ercot:HB_WEST,spp_dam,2026-09-22T07:00:00Z,39.32,USD/MWh,PT1H,US-TX,ercot_dam,HB_WEST,ercot:NP4-190-CD,https://www.ercot.com/misdownload/servlets/mirDownload?doclookupId=1277258060,2026-09-25T19:48:54Z,2026-09-21T17:32:44Z
ercot:HB_WEST,spp_dam,2026-09-22T08:00:00Z,39.05,USD/MWh,PT1H,US-TX,ercot_dam,HB_WEST,ercot:NP4-190-CD,https://www.ercot.com/misdownload/servlets/mirDownload?doclookupId=1277258060,2026-09-25T19:48:54Z,2026-09-21T17:32:44Z
ercot:HB_WEST,spp_dam,2026-09-22T09:00:00Z,38.83,USD/MWh,PT1H,US-TX,ercot_dam,HB_WEST,ercot:NP4-190-CD,https://www.ercot.com/misdownload/servlets/mirDownload?doclookupId=1277258060,2026-09-25T19:48:54Z,2026-09-21T17:32:44Z
ercot:HB_WEST,spp_dam,2026-09-22T10:00:00Z,43.3,USD/MWh,PT1H,US-TX,ercot_dam,HB_WEST,ercot:NP4-190-CD,https://www.ercot.com/misdownload/servlets/mirDownload?doclookupId=1277258060,2026-09-25T19:48:54Z,2026-09-21T17:32:44Z
ercot:HB_WEST,spp_dam,2026-09-22T11:00:00Z,47.33,USD/MWh,PT1H,US-TX,ercot_dam,HB_WEST,ercot:NP4-190-CD,https://www.ercot.com/misdownload/servlets/mirDownload?doclookupId=1277258060,2026-09-25T19:48:54Z,2026-09-21T17:32:44Z
ercot:HB_WEST,spp_dam,2026-09-22T12:00:00Z,46.77,USD/MWh,PT1H,US-TX,ercot_dam,HB_WEST,ercot:NP4-190-CD,https://www.ercot.com/misdownload/servlets/mirDownload?doclookupId=1277258060,2026-09-25T19:48:54Z,2026-09-21T17:32:44Z
ercot:HB_WEST,spp_dam,2026-09-22T13:00:00Z,32.85,USD/MWh,PT1H,US-TX,ercot_dam,HB_WEST,ercot:NP4-190-CD,https://www.ercot.com/misdownload/servlets/mirDownload?doclookupId=1277258060,2026-09-25T19:48:54Z,2026-09-21T17:32:44Z
ercot:HB_WEST,spp_dam,2026-09-22T14:00:00Z,27.04,USD/MWh,PT1H,US-TX,ercot_dam,HB_WEST,ercot:NP4-190-CD,https://www.ercot.com/misdownload/servlets/mirDownload?doclookupId=1277258060,2026-09-25T19:48:54Z,2026-09-21T17:32:44Z
ercot:HB_WEST,spp_dam,2026-09-22T15:00:00Z,26.5,USD/MWh,PT1H,US-TX,ercot_dam,HB_WEST,ercot:NP4-190-CD,https://www.ercot.com/misdownload/servlets/mirDownload?doclookupId=1277258060,2026-09-25T19:48:54Z,2026-09-21T17:32:44Z
ercot:HB_WEST,spp_dam,2026-09-22T16:00:00Z,28.55,USD/MWh,PT1H,US-TX,ercot_dam,HB_WEST,ercot:NP4-190-CD,https://www.ercot.com/misdownload/servlets/mirDownload?doclookupId=1277258060,2026-09-25T19:48:54Z,2026-09-21T17:32:44Z
ercot:HB_WEST,spp_dam,2026-09-22T17:00:00Z,32.35,USD/MWh,PT1H,US-TX,ercot_dam,HB_WEST,ercot:NP4-190-CD,https://www.ercot.com/misdownload/servlets/mirDownload?doclookupId=1277258060,2026-09-25T19:48:54Z,2026-09-21T17:32:44Z
ercot:HB_WEST,spp_dam,2026-09-22T18:00:00Z,38.16,USD/MWh,PT1H,US-TX,ercot_dam,HB_WEST,ercot:NP4-190-CD,https://www.ercot.com/misdownload/servlets/mirDownload?doclookupId=1277258060,2026-09-25T19:48:54Z,2026-09-21T17:32:44Z
ercot:HB_WEST,spp_dam,2026-09-22T19:00:00Z,40.89,USD/MWh,PT1H,US-TX,ercot_dam,HB_WEST,ercot:NP4-190-CD,https://www.ercot.com/misdownload/servlets/mirDownload?doclookupId=1277258060,2026-09-25T19:48:54Z,2026-09-21T17:32:44Z
ercot:HB_WEST,spp_dam,2026-09-22T20:00:00Z,44.85,USD/MWh,PT1H,US-TX,ercot_dam,HB_WEST,ercot:NP4-190-CD,https://www.ercot.com/misdownload/servlets/mirDownload?doclookupId=1277258060,2026-09-25T19:48:54Z,2026-09-21T17:32:44Z
ercot:HB_WEST,spp_dam,2026-09-22T21:00:00Z,51.3,USD/MWh,PT1H,US-TX,ercot_dam,HB_WEST,ercot:NP4-190-CD,https://www.ercot.com/misdownload/servlets/mirDownload?doclookupId=1277258060,2026-09-25T19:48:54Z,2026-09-21T17:32:44Z
ercot:HB_WEST,spp_dam,2026-09-22T22:00:00Z,66.73,USD/MWh,PT1H,US-TX,ercot_dam,HB_WEST,ercot:NP4-190-CD,https://www.ercot.com/misdownload/servlets/mirDownload?doclookupId=1277258060,2026-09-25T19:48:54Z,2026-09-21T17:32:44Z
ercot:HB_WEST,spp_dam,2026-09-22T23:00:00Z,101.73,USD/MWh,PT1H,US-TX,ercot_dam,HB_WEST,ercot:NP4-190-CD,https://www.ercot.com/misdownload/servlets/mirDownload?doclookupId=1277258060,2026-09-25T19:48:54Z,2026-09-21T17:32:44Z
ercot:HB_WEST,spp_dam,2026-09-23T00:00:00Z,100.96,USD/MWh,PT1H,US-TX,ercot_dam,HB_WEST,ercot:NP4-190-CD,https://www.ercot.com/misdownload/servlets/mirDownload?doclookupId=1277258060,2026-09-25T19:48:54Z,2026-09-21T17:32:44Z
ercot:HB_WEST,spp_dam,2026-09-23T01:00:00Z,96.31,USD/MWh,PT1H,US-TX,ercot_dam,HB_WEST,ercot:NP4-190-CD,https://www.ercot.com/misdownload/servlets/mirDownload?doclookupId=1277258060,2026-09-25T19:48:54Z,2026-09-21T17:32:44Z
ercot:HB_WEST,spp_dam,2026-09-23T02:00:00Z,83.87,USD/MWh,PT1H,US-TX,ercot_dam,HB_WEST,ercot:NP4-190-CD,https://www.ercot.com/misdownload/servlets/mirDownload?doclookupId=1277258060,2026-09-25T19:48:54Z,2026-09-21T17:32:44Z
ercot:HB_WEST,spp_dam,2026-09-23T03:00:00Z,62.29,USD/MWh,PT1H,US-TX,ercot_dam,HB_WEST,ercot:NP4-190-CD,https://www.ercot.com/misdownload/servlets/mirDownload?doclookupId=1277258060,2026-09-25T19:48:54Z,2026-09-21T17:32:44Z
ercot:HB_WEST,spp_dam,2026-09-23T04:00:00Z,44.89,USD/MWh,PT1H,US-TX,ercot_dam,HB_WEST,ercot:NP4-190-CD,https://www.ercot.com/misdownload/servlets/mirDownload?doclookupId=1277258060,2026-09-25T19:48:54Z,2026-09-21T17:32:44Z
ercot:HB_WEST,spp_dam,2026-09-23T05:00:00Z,41.26,USD/MWh,PT1H,US-TX,ercot_dam,HB_WEST,ercot:NP4-190-CD,https://www.ercot.com/misdownload/servlets/mirDownload?doclookupId=1277674202,2026-09-25T19:48:53Z,2026-09-22T17:45:50Z
ercot:HB_WEST,spp_dam,2026-09-23T06:00:00Z,39.45,USD/MWh,PT1H,US-TX,ercot_dam,HB_WEST,ercot:NP4-190-CD,https://www.ercot.com/misdownload/servlets/mirDownload?doclookupId=1277674202,2026-09-25T19:48:53Z,2026-09-22T17:45:50Z
ercot:HB_WEST,spp_dam,2026-09-23T07:00:00Z,36.61,USD/MWh,PT1H,US-TX,ercot_dam,HB_WEST,ercot:NP4-190-CD,https://www.ercot.com/misdownload/servlets/mirDownload?doclookupId=1277674202,2026-09-25T19:48:53Z,2026-09-22T17:45:50Z
ercot:HB_WEST,spp_dam,2026-09-23T08:00:00Z,36.27,USD/MWh,PT1H,US-TX,ercot_dam,HB_WEST,ercot:NP4-190-CD,https://www.ercot.com/misdownload/servlets/mirDownload?doclookupId=1277674202,2026-09-25T19:48:53Z,2026-09-22T17:45:50Z
ercot:HB_WEST,spp_dam,2026-09-23T09:00:00Z,36.92,USD/MWh,PT1H,US-TX,ercot_dam,HB_WEST,ercot:NP4-190-CD,https://www.ercot.com/misdownload/servlets/mirDownload?doclookupId=1277674202,2026-09-25T19:48:53Z,2026-09-22T17:45:50Z
ercot:HB_WEST,spp_dam,2026-09-23T10:00:00Z,41.75,USD/MWh,PT1H,US-TX,ercot_dam,HB_WEST,ercot:NP4-190-CD,https://www.ercot.com/misdownload/servlets/mirDownload?doclookupId=1277674202,2026-09-25T19:48:53Z,2026-09-22T17:45:50Z
ercot:HB_WEST,spp_dam,2026-09-23T11:00:00Z,45.35,USD/MWh,PT1H,US-TX,ercot_dam,HB_WEST,ercot:NP4-190-CD,https://www.ercot.com/misdownload/servlets/mirDownload?doclookupId=1277674202,2026-09-25T19:48:53Z,2026-09-22T17:45:50Z
ercot:HB_WEST,spp_dam,2026-09-23T12:00:00Z,42.88,USD/MWh,PT1H,US-TX,ercot_dam,HB_WEST,ercot:NP4-190-CD,https://www.ercot.com/misdownload/servlets/mirDownload?doclookupId=1277674202,2026-09-25T19:48:53Z,2026-09-22T17:45:50Z
ercot:HB_WEST,spp_dam,2026-09-23T13:00:00Z,35.49,USD/MWh,PT1H,US-TX,ercot_dam,HB_WEST,ercot:NP4-190-CD,https://www.ercot.com/misdownload/servlets/mirDownload?doclookupId=1277674202,2026-09-25T19:48:53Z,2026-09-22T17:45:50Z
ercot:HB_WEST,spp_dam,2026-09-23T14:00:00Z,32.77,USD/MWh,PT1H,US-TX,ercot_dam,HB_WEST,ercot:NP4-190-CD,https://www.ercot.com/misdownload/servlets/mirDownload?doclookupId=1277674202,2026-09-25T19:48:53Z,2026-09-22T17:45:50Z
ercot:HB_WEST,spp_dam,2026-09-23T15:00:00Z,27.75,USD/MWh,PT1H,US-TX,ercot_dam,HB_WEST,ercot:NP4-190-CD,https://www.ercot.com/misdownload/servlets/mirDownload?doclookupId=1277674202,2026-09-25T19:48:53Z,2026-09-22T17:45:50Z
ercot:HB_WEST,spp_dam,2026-09-23T16:00:00Z,24.98,USD/MWh,PT1H,US-TX,ercot_dam,HB_WEST,ercot:NP4-190-CD,https://www.ercot.com/misdownload/servlets/mirDownload?doclookupId=1277674202,2026-09-25T19:48:53Z,2026-09-22T17:45:50Z
ercot:HB_WEST,spp_dam,2026-09-23T17:00:00Z,24.32,USD/MWh,PT1H,US-TX,ercot_dam,HB_WEST,ercot:NP4-190-CD,https://www.ercot.com/misdownload/servlets/mirDownload?doclookupId=1277674202,2026-09-25T19:48:53Z,2026-09-22T17:45:50Z
ercot:HB_WEST,spp_dam,2026-09-23T18:00:00Z,27.65,USD/MWh,PT1H,US-TX,ercot_dam,HB_WEST,ercot:NP4-190-CD,https://www.ercot.com/misdownload/servlets/mirDownload?doclookupId=1277674202,2026-09-25T19:48:53Z,2026-09-22T17:45:50Z
ercot:HB_WEST,spp_dam,2026-09-23T19:00:00Z,31.67,USD/MWh,PT1H,US-TX,ercot_dam,HB_WEST,ercot:NP4-190-CD,https://www.ercot.com/misdownload/servlets/mirDownload?doclookupId=1277674202,2026-09-25T19:48:53Z,2026-09-22T17:45:50Z
ercot:HB_WEST,spp_dam,2026-09-23T20:00:00Z,34.75,USD/MWh,PT1H,US-TX,ercot_dam,HB_WEST,ercot:NP4-190-CD,https://www.ercot.com/misdownload/servlets/mirDownload?doclookupId=1277674202,2026-09-25T19:48:53Z,2026-09-22T17:45:50Z
ercot:HB_WEST,spp_dam,2026-09-23T21:00:00Z,40.29,USD/MWh,PT1H,US-TX,ercot_dam,HB_WEST,ercot:NP4-190-CD,https://www.ercot.com/misdownload/servlets/mirDownload?doclookupId=1277674202,2026-09-25T19:48:53Z,2026-09-22T17:45:50Z
ercot:HB_WEST,spp_dam,2026-09-23T22:00:00Z,58.26,USD/MWh,PT1H,US-TX,ercot_dam,HB_WEST,ercot:NP4-190-CD,https://www.ercot.com/misdownload/servlets/mirDownload?doclookupId=1277674202,2026-09-25T19:48:53Z,2026-09-22T17:45:50Z
ercot:HB_WEST,spp_dam,2026-09-23T23:00:00Z,86.98,USD/MWh,PT1H,US-TX,ercot_dam,HB_WEST,ercot:NP4-190-CD,https://www.ercot.com/misdownload/servlets/mirDownload?doclookupId=1277674202,2026-09-25T19:48:53Z,2026-09-22T17:45:50Z
ercot:HB_WEST,spp_dam,2026-09-24T00:00:00Z,91.4,USD/MWh,PT1H,US-TX,ercot_dam,HB_WEST,ercot:NP4-190-CD,https://www.ercot.com/misdownload/servlets/mirDownload?doclookupId=1277674202,2026-09-25T19:48:53Z,2026-09-22T17:45:50Z
ercot:HB_WEST,spp_dam,2026-09-24T01:00:00Z,82.13,USD/MWh,PT1H,US-TX,ercot_dam,HB_WEST,ercot:NP4-190-CD,https://www.ercot.com/misdownload/servlets/mirDownload?doclookupId=1277674202,2026-09-25T19:48:53Z,2026-09-22T17:45:50Z
ercot:HB_WEST,spp_dam,2026-09-24T02:00:00Z,65.81,USD/MWh,PT1H,US-TX,ercot_dam,HB_WEST,ercot:NP4-190-CD,https://www.ercot.com/misdownload/servlets/mirDownload?doclookupId=1277674202,2026-09-25T19:48:53Z,2026-09-22T17:45:50Z
ercot:HB_WEST,spp_dam,2026-09-24T03:00:00Z,45.94,USD/MWh,PT1H,US-TX,ercot_dam,HB_WEST,ercot:NP4-190-CD,https://www.ercot.com/misdownload/servlets/mirDownload?doclookupId=1277674202,2026-09-25T19:48:53Z,2026-09-22T17:45:50Z
ercot:HB_WEST,spp_dam,2026-09-24T04:00:00Z,37.54,USD/MWh,PT1H,US-TX,ercot_dam,HB_WEST,ercot:NP4-190-CD,https://www.ercot.com/misdownload/servlets/mirDownload?doclookupId=1277674202,2026-09-25T19:48:53Z,2026-09-22T17:45:50Z
ercot:HB_WEST,spp_dam,2026-09-24T05:00:00Z,36.48,USD/MWh,PT1H,US-TX,ercot_dam,HB_WEST,ercot:NP4-190-CD,https://www.ercot.com/misdownload/servlets/mirDownload?doclookupId=1278079530,2026-09-25T19:48:51Z,2026-09-23T18:16:21Z
ercot:HB_WEST,spp_dam,2026-09-24T06:00:00Z,33.5,USD/MWh,PT1H,US-TX,ercot_dam,HB_WEST,ercot:NP4-190-CD,https://www.ercot.com/misdownload/servlets/mirDownload?doclookupId=1278079530,2026-09-25T19:48:51Z,2026-09-23T18:16:21Z
ercot:HB_WEST,spp_dam,2026-09-24T07:00:00Z,32.56,USD/MWh,PT1H,US-TX,ercot_dam,HB_WEST,ercot:NP4-190-CD,https://www.ercot.com/misdownload/servlets/mirDownload?doclookupId=1278079530,2026-09-25T19:48:51Z,2026-09-23T18:16:21Z
ercot:HB_WEST,spp_dam,2026-09-24T08:00:00Z,33.01,USD/MWh,PT1H,US-TX,ercot_dam,HB_WEST,ercot:NP4-190-CD,https://www.ercot.com/misdownload/servlets/mirDownload?doclookupId=1278079530,2026-09-25T19:48:51Z,2026-09-23T18:16:21Z
ercot:HB_WEST,spp_dam,2026-09-24T09:00:00Z,33.56,USD/MWh,PT1H,US-TX,ercot_dam,HB_WEST,ercot:NP4-190-CD,https://www.ercot.com/misdownload/servlets/mirDownload?doclookupId=1278079530,2026-09-25T19:48:51Z,2026-09-23T18:16:21Z
ercot:HB_WEST,spp_dam,2026-09-24T10:00:00Z,38.17,USD/MWh,PT1H,US-TX,ercot_dam,HB_WEST,ercot:NP4-190-CD,https://www.ercot.com/misdownload/servlets/mirDownload?doclookupId=1278079530,2026-09-25T19:48:51Z,2026-09-23T18:16:21Z
ercot:HB_WEST,spp_dam,2026-09-24T11:00:00Z,38.64,USD/MWh,PT1H,US-TX,ercot_dam,HB_WEST,ercot:NP4-190-CD,https://www.ercot.com/misdownload/servlets/mirDownload?doclookupId=1278079530,2026-09-25T19:48:51Z,2026-09-23T18:16:21Z
ercot:HB_WEST,spp_dam,2026-09-24T12:00:00Z,38.77,USD/MWh,PT1H,US-TX,ercot_dam,HB_WEST,ercot:NP4-190-CD,https://www.ercot.com/misdownload/servlets/mirDownload?doclookupId=1278079530,2026-09-25T19:48:51Z,2026-09-23T18:16:21Z
ercot:HB_WEST,spp_dam,2026-09-24T13:00:00Z,31.9,USD/MWh,PT1H,US-TX,ercot_dam,HB_WEST,ercot:NP4-190-CD,https://www.ercot.com/misdownload/servlets/mirDownload?doclookupId=1278079530,2026-09-25T19:48:51Z,2026-09-23T18:16:21Z
ercot:HB_WEST,spp_dam,2026-09-24T14:00:00Z,26.06,USD/MWh,PT1H,US-TX,ercot_dam,HB_WEST,ercot:NP4-190-CD,https://www.ercot.com/misdownload/servlets/mirDownload?doclookupId=1278079530,2026-09-25T19:48:51Z,2026-09-23T18:16:21Z
ercot:HB_WEST,spp_dam,2026-09-24T15:00:00Z,23.01,USD/MWh,PT1H,US-TX,ercot_dam,HB_WEST,ercot:NP4-190-CD,https://www.ercot.com/misdownload/servlets/mirDownload?doclookupId=1278079530,2026-09-25T19:48:51Z,2026-09-23T18:16:21Z
ercot:HB_WEST,spp_dam,2026-09-24T16:00:00Z,20.85,USD/MWh,PT1H,US-TX,ercot_dam,HB_WEST,ercot:NP4-190-CD,https://www.ercot.com/misdownload/servlets/mirDownload?doclookupId=1278079530,2026-09-25T19:48:51Z,2026-09-23T18:16:21Z
ercot:HB_WEST,spp_dam,2026-09-24T17:00:00Z,22.25,USD/MWh,PT1H,US-TX,ercot_dam,HB_WEST,ercot:NP4-190-CD,https://www.ercot.com/misdownload/servlets/mirDownload?doclookupId=1278079530,2026-09-25T19:48:51Z,2026-09-23T18:16:21Z
ercot:HB_WEST,spp_dam,2026-09-24T18:00:00Z,27.52,USD/MWh,PT1H,US-TX,ercot_dam,HB_WEST,ercot:NP4-190-CD,https://www.ercot.com/misdownload/servlets/mirDownload?doclookupId=1278079530,2026-09-25T19:48:51Z,2026-09-23T18:16:21Z
ercot:HB_WEST,spp_dam,2026-09-24T19:00:00Z,33.7,USD/MWh,PT1H,US-TX,ercot_dam,HB_WEST,ercot:NP4-190-CD,https://www.ercot.com/misdownload/servlets/mirDownload?doclookupId=1278079530,2026-09-25T19:48:51Z,2026-09-23T18:16:21Z
ercot:HB_WEST,spp_dam,2026-09-24T20:00:00Z,38.91,USD/MWh,PT1H,US-TX,ercot_dam,HB_WEST,ercot:NP4-190-CD,https://www.ercot.com/misdownload/servlets/mirDownload?doclookupId=1278079530,2026-09-25T19:48:51Z,2026-09-23T18:16:21Z
ercot:HB_WEST,spp_dam,2026-09-24T21:00:00Z,43.46,USD/MWh,PT1H,US-TX,ercot_dam,HB_WEST,ercot:NP4-190-CD,https://www.ercot.com/misdownload/servlets/mirDownload?doclookupId=1278079530,2026-09-25T19:48:51Z,2026-09-23T18:16:21Z
ercot:HB_WEST,spp_dam,2026-09-24T22:00:00Z,63.15,USD/MWh,PT1H,US-TX,ercot_dam,HB_WEST,ercot:NP4-190-CD,https://www.ercot.com/misdownload/servlets/mirDownload?doclookupId=1278079530,2026-09-25T19:48:51Z,2026-09-23T18:16:21Z
ercot:HB_WEST,spp_dam,2026-09-24T23:00:00Z,97.87,USD/MWh,PT1H,US-TX,ercot_dam,HB_WEST,ercot:NP4-190-CD,https://www.ercot.com/misdownload/servlets/mirDownload?doclookupId=1278079530,2026-09-25T19:48:51Z,2026-09-23T18:16:21Z
ercot:HB_WEST,spp_dam,2026-09-25T00:00:00Z,94.42,USD/MWh,PT1H,US-TX,ercot_dam,HB_WEST,ercot:NP4-190-CD,https://www.ercot.com/misdownload/servlets/mirDownload?doclookupId=1278079530,2026-09-25T19:48:51Z,2026-09-23T18:16:21Z
ercot:HB_WEST,spp_dam,2026-09-25T01:00:00Z,87.47,USD/MWh,PT1H,US-TX,ercot_dam,HB_WEST,ercot:NP4-190-CD,https://www.ercot.com/misdownload/servlets/mirDownload?doclookupId=1278079530,2026-09-25T19:48:51Z,2026-09-23T18:16:21Z
ercot:HB_WEST,spp_dam,2026-09-25T02:00:00Z,72.75,USD/MWh,PT1H,US-TX,ercot_dam,HB_WEST,ercot:NP4-190-CD,https://www.ercot.com/misdownload/servlets/mirDownload?doclookupId=1278079530,2026-09-25T19:48:51Z,2026-09-23T18:16:21Z
ercot:HB_WEST,spp_dam,2026-09-25T03:00:00Z,51.95,USD/MWh,PT1H,US-TX,ercot_dam,HB_WEST,ercot:NP4-190-CD,https://www.ercot.com/misdownload/servlets/mirDownload?doclookupId=1278079530,2026-09-25T19:48:51Z,2026-09-23T18:16:21Z
ercot:HB_WEST,spp_dam,2026-09-25T04:00:00Z,40.06,USD/MWh,PT1H,US-TX,ercot_dam,HB_WEST,ercot:NP4-190-CD,https://www.ercot.com/misdownload/servlets/mirDownload?doclookupId=1278079530,2026-09-25T19:48:51Z,2026-09-23T18:16:21Z
ercot:HB_WEST,spp_dam,2026-09-25T05:00:00Z,32.32,USD/MWh,PT1H,US-TX,ercot_dam,HB_WEST,ercot:NP4-190-CD,https://www.ercot.com/misdownload/servlets/mirDownload?doclookupId=1278479653,2026-09-25T19:48:50Z,2026-09-24T17:51:24Z
ercot:HB_WEST,spp_dam,2026-09-25T06:00:00Z,31.07,USD/MWh,PT1H,US-TX,ercot_dam,HB_WEST,ercot:NP4-190-CD,https://www.ercot.com/misdownload/servlets/mirDownload?doclookupId=1278479653,2026-09-25T19:48:50Z,2026-09-24T17:51:24Z
ercot:HB_WEST,spp_dam,2026-09-25T07:00:00Z,30.82,USD/MWh,PT1H,US-TX,ercot_dam,HB_WEST,ercot:NP4-190-CD,https://www.ercot.com/misdownload/servlets/mirDownload?doclookupId=1278479653,2026-09-25T19:48:50Z,2026-09-24T17:51:24Z
ercot:HB_WEST,spp_dam,2026-09-25T08:00:00Z,29.01,USD/MWh,PT1H,US-TX,ercot_dam,HB_WEST,ercot:NP4-190-CD,https://www.ercot.com/misdownload/servlets/mirDownload?doclookupId=1278479653,2026-09-25T19:48:50Z,2026-09-24T17:51:24Z
ercot:HB_WEST,spp_dam,2026-09-25T09:00:00Z,29.31,USD/MWh,PT1H,US-TX,ercot_dam,HB_WEST,ercot:NP4-190-CD,https://www.ercot.com/misdownload/servlets/mirDownload?doclookupId=1278479653,2026-09-25T19:48:50Z,2026-09-24T17:51:24Z
ercot:HB_WEST,spp_dam,2026-09-25T10:00:00Z,34.03,USD/MWh,PT1H,US-TX,ercot_dam,HB_WEST,ercot:NP4-190-CD,https://www.ercot.com/misdownload/servlets/mirDownload?doclookupId=1278479653,2026-09-25T19:48:50Z,2026-09-24T17:51:24Z
ercot:HB_WEST,spp_dam,2026-09-25T11:00:00Z,37.01,USD/MWh,PT1H,US-TX,ercot_dam,HB_WEST,ercot:NP4-190-CD,https://www.ercot.com/misdownload/servlets/mirDownload?doclookupId=1278479653,2026-09-25T19:48:50Z,2026-09-24T17:51:24Z
ercot:HB_WEST,spp_dam,2026-09-25T12:00:00Z,38.18,USD/MWh,PT1H,US-TX,ercot_dam,HB_WEST,ercot:NP4-190-CD,https://www.ercot.com/misdownload/servlets/mirDownload?doclookupId=1278479653,2026-09-25T19:48:50Z,2026-09-24T17:51:24Z
ercot:HB_WEST,spp_dam,2026-09-25T13:00:00Z,31.07,USD/MWh,PT1H,US-TX,ercot_dam,HB_WEST,ercot:NP4-190-CD,https://www.ercot.com/misdownload/servlets/mirDownload?doclookupId=1278479653,2026-09-25T19:48:50Z,2026-09-24T17:51:24Z
ercot:HB_WEST,spp_dam,2026-09-25T14:00:00Z,25.92,USD/MWh,PT1H,US-TX,ercot_dam,HB_WEST,ercot:NP4-190-CD,https://www.ercot.com/misdownload/servlets/mirDownload?doclookupId=1278479653,2026-09-25T19:48:50Z,2026-09-24T17:51:24Z
ercot:HB_WEST,spp_dam,2026-09-25T15:00:00Z,22.94,USD/MWh,PT1H,US-TX,ercot_dam,HB_WEST,ercot:NP4-190-CD,https://www.ercot.com/misdownload/servlets/mirDownload?doclookupId=1278479653,2026-09-25T19:48:50Z,2026-09-24T17:51:24Z
ercot:HB_WEST,spp_dam,2026-09-25T16:00:00Z,21.98,USD/MWh,PT1H,US-TX,ercot_dam,HB_WEST,ercot:NP4-190-CD,https://www.ercot.com/misdownload/servlets/mirDownload?doclookupId=1278479653,2026-09-25T19:48:50Z,2026-09-24T17:51:24Z
ercot:HB_WEST,spp_dam,2026-09-25T17:00:00Z,22.84,USD/MWh,PT1H,US-TX,ercot_dam,HB_WEST,ercot:NP4-190-CD,https://www.ercot.com/misdownload/servlets/mirDownload?doclookupId=1278479653,2026-09-25T19:48:50Z,2026-09-24T17:51:24Z
ercot:HB_WEST,spp_dam,2026-09-25T18:00:00Z,26.41,USD/MWh,PT1H,US-TX,ercot_dam,HB_WEST,ercot:NP4-190-CD,https://www.ercot.com/misdownload/servlets/mirDownload?doclookupId=1278479653,2026-09-25T19:48:50Z,2026-09-24T17:51:24Z
ercot:HB_WEST,spp_dam,2026-09-25T19:00:00Z,30.52,USD/MWh,PT1H,US-TX,ercot_dam,HB_WEST,ercot:NP4-190-CD,https://www.ercot.com/misdownload/servlets/mirDownload?doclookupId=1278479653,2026-09-25T19:48:50Z,2026-09-24T17:51:24Z
ercot:HB_WEST,spp_dam,2026-09-25T20:00:00Z,35.17,USD/MWh,PT1H,US-TX,ercot_dam,HB_WEST,ercot:NP4-190-CD,https://www.ercot.com/misdownload/servlets/mirDownload?doclookupId=1278479653,2026-09-25T19:48:50Z,2026-09-24T17:51:24Z
ercot:HB_WEST,spp_dam,2026-09-25T21:00:00Z,39.67,USD/MWh,PT1H,US-TX,ercot_dam,HB_WEST,ercot:NP4-190-CD,https://www.ercot.com/misdownload/servlets/mirDownload?doclookupId=1278479653,2026-09-25T19:48:50Z,2026-09-24T17:51:24Z
ercot:HB_WEST,spp_dam,2026-09-25T22:00:00Z,51.56,USD/MWh,PT1H,US-TX,ercot_dam,HB_WEST,ercot:NP4-190-CD,https://www.ercot.com/misdownload/servlets/mirDownload?doclookupId=1278479653,2026-09-25T19:48:50Z,2026-09-24T17:51:24Z
ercot:HB_WEST,spp_dam,2026-09-25T23:00:00Z,70.68,USD/MWh,PT1H,US-TX,ercot_dam,HB_WEST,ercot:NP4-190-CD,https://www.ercot.com/misdownload/servlets/mirDownload?doclookupId=1278479653,2026-09-25T19:48:50Z,2026-09-24T17:51:24Z
ercot:HB_WEST,spp_dam,2026-09-26T00:00:00Z,70.32,USD/MWh,PT1H,US-TX,ercot_dam,HB_WEST,ercot:NP4-190-CD,https://www.ercot.com/misdownload/servlets/mirDownload?doclookupId=1278479653,2026-09-25T19:48:50Z,2026-09-24T17:51:24Z
ercot:HB_WEST,spp_dam,2026-09-26T01:00:00Z,56.77,USD/MWh,PT1H,US-TX,ercot_dam,HB_WEST,ercot:NP4-190-CD,https://www.ercot.com/misdownload/servlets/mirDownload?doclookupId=1278479653,2026-09-25T19:48:50Z,2026-09-24T17:51:24Z
ercot:HB_WEST,spp_dam,2026-09-26T02:00:00Z,49.35,USD/MWh,PT1H,US-TX,ercot_dam,HB_WEST,ercot:NP4-190-CD,https://www.ercot.com/misdownload/servlets/mirDownload?doclookupId=1278479653,2026-09-25T19:48:50Z,2026-09-24T17:51:24Z
ercot:HB_WEST,spp_dam,2026-09-26T03:00:00Z,43.07,USD/MWh,PT1H,US-TX,ercot_dam,HB_WEST,ercot:NP4-190-CD,https://www.ercot.com/misdownload/servlets/mirDownload?doclookupId=1278479653,2026-09-25T19:48:50Z,2026-09-24T17:51:24Z
ercot:HB_WEST,spp_dam,2026-09-26T04:00:00Z,37.25,USD/MWh,PT1H,US-TX,ercot_dam,HB_WEST,ercot:NP4-190-CD,https://www.ercot.com/misdownload/servlets/mirDownload?doclookupId=1278479653,2026-09-25T19:48:50Z,2026-09-24T17:51:24Z
ercot:HB_WEST,spp_dam,2026-09-26T05:00:00Z,32.5,USD/MWh,PT1H,US-TX,ercot_dam,HB_WEST,ercot:NP4-190-CD,https://www.ercot.com/misdownload/servlets/mirDownload?doclookupId=1278881897,2026-09-25T19:48:49Z,2026-09-25T17:41:14Z
ercot:HB_WEST,spp_dam,2026-09-26T06:00:00Z,29.71,USD/MWh,PT1H,US-TX,ercot_dam,HB_WEST,ercot:NP4-190-CD,https://www.ercot.com/misdownload/servlets/mirDownload?doclookupId=1278881897,2026-09-25T19:48:49Z,2026-09-25T17:41:14Z
ercot:HB_WEST,spp_dam,2026-09-26T07:00:00Z,28.25,USD/MWh,PT1H,US-TX,ercot_dam,HB_WEST,ercot:NP4-190-CD,https://www.ercot.com/misdownload/servlets/mirDownload?doclookupId=1278881897,2026-09-25T19:48:49Z,2026-09-25T17:41:14Z
ercot:HB_WEST,spp_dam,2026-09-26T08:00:00Z,27.5,USD/MWh,PT1H,US-TX,ercot_dam,HB_WEST,ercot:NP4-190-CD,https://www.ercot.com/misdownload/servlets/mirDownload?doclookupId=1278881897,2026-09-25T19:48:49Z,2026-09-25T17:41:14Z
ercot:HB_WEST,spp_dam,2026-09-26T09:00:00Z,27.21,USD/MWh,PT1H,US-TX,ercot_dam,HB_WEST,ercot:NP4-190-CD,https://www.ercot.com/misdownload/servlets/mirDownload?doclookupId=1278881897,2026-09-25T19:48:49Z,2026-09-25T17:41:14Z
ercot:HB_WEST,spp_dam,2026-09-26T10:00:00Z,28.76,USD/MWh,PT1H,US-TX,ercot_dam,HB_WEST,ercot:NP4-190-CD,https://www.ercot.com/misdownload/servlets/mirDownload?doclookupId=1278881897,2026-09-25T19:48:49Z,2026-09-25T17:41:14Z
ercot:HB_WEST,spp_dam,2026-09-26T11:00:00Z,30.63,USD/MWh,PT1H,US-TX,ercot_dam,HB_WEST,ercot:NP4-190-CD,https://www.ercot.com/misdownload/servlets/mirDownload?doclookupId=1278881897,2026-09-25T19:48:49Z,2026-09-25T17:41:14Z
ercot:HB_WEST,spp_dam,2026-09-26T12:00:00Z,31.12,USD/MWh,PT1H,US-TX,ercot_dam,HB_WEST,ercot:NP4-190-CD,https://www.ercot.com/misdownload/servlets/mirDownload?doclookupId=1278881897,2026-09-25T19:48:49Z,2026-09-25T17:41:14Z
ercot:HB_WEST,spp_dam,2026-09-26T13:00:00Z,24.85,USD/MWh,PT1H,US-TX,ercot_dam,HB_WEST,ercot:NP4-190-CD,https://www.ercot.com/misdownload/servlets/mirDownload?doclookupId=1278881897,2026-09-25T19:48:49Z,2026-09-25T17:41:14Z
ercot:HB_WEST,spp_dam,2026-09-26T14:00:00Z,20.53,USD/MWh,PT1H,US-TX,ercot_dam,HB_WEST,ercot:NP4-190-CD,https://www.ercot.com/misdownload/servlets/mirDownload?doclookupId=1278881897,2026-09-25T19:48:49Z,2026-09-25T17:41:14Z
ercot:HB_WEST,spp_dam,2026-09-26T15:00:00Z,17.28,USD/MWh,PT1H,US-TX,ercot_dam,HB_WEST,ercot:NP4-190-CD,https://www.ercot.com/misdownload/servlets/mirDownload?doclookupId=1278881897,2026-09-25T19:48:49Z,2026-09-25T17:41:14Z
ercot:HB_WEST,spp_dam,2026-09-26T16:00:00Z,16.41,USD/MWh,PT1H,US-TX,ercot_dam,HB_WEST,ercot:NP4-190-CD,https://www.ercot.com/misdownload/servlets/mirDownload?doclookupId=1278881897,2026-09-25T19:48:49Z,2026-09-25T17:41:14Z
ercot:HB_WEST,spp_dam,2026-09-26T17:00:00Z,18.88,USD/MWh,PT1H,US-TX,ercot_dam,HB_WEST,ercot:NP4-190-CD,https://www.ercot.com/misdownload/servlets/mirDownload?doclookupId=1278881897,2026-09-25T19:48:49Z,2026-09-25T17:41:14Z
ercot:HB_WEST,spp_dam,2026-09-26T18:00:00Z,23.24,USD/MWh,PT1H,US-TX,ercot_dam,HB_WEST,ercot:NP4-190-CD,https://www.ercot.com/misdownload/servlets/mirDownload?doclookupId=1278881897,2026-09-25T19:48:49Z,2026-09-25T17:41:14Z
ercot:HB_WEST,spp_dam,2026-09-26T19:00:00Z,27.5,USD/MWh,PT1H,US-TX,ercot_dam,HB_WEST,ercot:NP4-190-CD,https://www.ercot.com/misdownload/servlets/mirDownload?doclookupId=1278881897,2026-09-25T19:48:49Z,2026-09-25T17:41:14Z
ercot:HB_WEST,spp_dam,2026-09-26T20:00:00Z,32.06,USD/MWh,PT1H,US-TX,ercot_dam,HB_WEST,ercot:NP4-190-CD,https://www.ercot.com/misdownload/servlets/mirDownload?doclookupId=1278881897,2026-09-25T19:48:49Z,2026-09-25T17:41:14Z
ercot:HB_WEST,spp_dam,2026-09-26T21:00:00Z,36.07,USD/MWh,PT1H,US-TX,ercot_dam,HB_WEST,ercot:NP4-190-CD,https://www.ercot.com/misdownload/servlets/mirDownload?doclookupId=1278881897,2026-09-25T19:48:49Z,2026-09-25T17:41:14Z
ercot:HB_WEST,spp_dam,2026-09-26T22:00:00Z,46.51,USD/MWh,PT1H,US-TX,ercot_dam,HB_WEST,ercot:NP4-190-CD,https://www.ercot.com/misdownload/servlets/mirDownload?doclookupId=1278881897,2026-09-25T19:48:49Z,2026-09-25T17:41:14Z
ercot:HB_WEST,spp_dam,2026-09-26T23:00:00Z,64.68,USD/MWh,PT1H,US-TX,ercot_dam,HB_WEST,ercot:NP4-190-CD,https://www.ercot.com/misdownload/servlets/mirDownload?doclookupId=1278881897,2026-09-25T19:48:49Z,2026-09-25T17:41:14Z
ercot:HB_WEST,spp_dam,2026-09-27T00:00:00Z,66.32,USD/MWh,PT1H,US-TX,ercot_dam,HB_WEST,ercot:NP4-190-CD,https://www.ercot.com/misdownload/servlets/mirDownload?doclookupId=1278881897,2026-09-25T19:48:49Z,2026-09-25T17:41:14Z
ercot:HB_WEST,spp_dam,2026-09-27T01:00:00Z,55.27,USD/MWh,PT1H,US-TX,ercot_dam,HB_WEST,ercot:NP4-190-CD,https://www.ercot.com/misdownload/servlets/mirDownload?doclookupId=1278881897,2026-09-25T19:48:49Z,2026-09-25T17:41:14Z
ercot:HB_WEST,spp_dam,2026-09-27T02:00:00Z,46.15,USD/MWh,PT1H,US-TX,ercot_dam,HB_WEST,ercot:NP4-190-CD,https://www.ercot.com/misdownload/servlets/mirDownload?doclookupId=1278881897,2026-09-25T19:48:49Z,2026-09-25T17:41:14Z
ercot:HB_WEST,spp_dam,2026-09-27T03:00:00Z,38.8,USD/MWh,PT1H,US-TX,ercot_dam,HB_WEST,ercot:NP4-190-CD,https://www.ercot.com/misdownload/servlets/mirDownload?doclookupId=1278881897,2026-09-25T19:48:49Z,2026-09-25T17:41:14Z
ercot:HB_WEST,spp_dam,2026-09-27T04:00:00Z,34.12,USD/MWh,PT1H,US-TX,ercot_dam,HB_WEST,ercot:NP4-190-CD,https://www.ercot.com/misdownload/servlets/mirDownload?doclookupId=1278881897,2026-09-25T19:48:49Z,2026-09-25T17:41:14Z
