# Energy Research Warehouse (ERW): FRED IMF global commodity prices, monthly: EU gas, Asia LNG, Australian coal, uranium, nickel
# Shape: series (docs/datastandard.md v0). freq P1M: ts_utc is FRED's observation date at 00:00:00Z (monthly: first of the month).
# Retrieved: 20260925T222654Z (UTC) by warehouse/connectors/fred_series.py (FRED graph CSV, no key)
# Run log: warehouse/output/logs/fred_series_20260925T222654Z.log
# Raw files: warehouse/raw/fred_series/20260925T222654Z/ (not in git)
# Publisher: Federal Reserve Bank of St. Louis, FRED (https://fred.stlouisfed.org/)
# Source: fred:PNGASEUUSDM Global price of Natural gas, EU (PNGASEUUSDM), https://fred.stlouisfed.org/series/PNGASEUUSDM
# Source: fred:PNGASJPUSDM Global price of LNG, Asia (PNGASJPUSDM), https://fred.stlouisfed.org/series/PNGASJPUSDM
# Source: fred:PCOALAUUSDM Global price of Coal, Australia (PCOALAUUSDM), https://fred.stlouisfed.org/series/PCOALAUUSDM
# Source: fred:PURANUSDM Global price of Uranium (PURANUSDM), https://fred.stlouisfed.org/series/PURANUSDM
# Source: fred:PNICKUSDM Global price of Nickel (PNICKUSDM), https://fred.stlouisfed.org/series/PNICKUSDM
# FRED rights line on every series page: Copyrighted: Citation Required. Dates without a value omitted: 0.
# License: internal. IMF data on FRED; non-personal use needs the owner's permission.
# File holds 2075 rows, 1992-01-01T00:00:00Z to 2026-07-01T00:00:00Z. This run wrote 2075 rows: 0 new, 2075 replacing earlier rows with the same (entity, variable, ts_utc); 0 rows are kept from earlier runs. Per row, source, source_url and retrieved_at say where it came from; earlier run logs are in warehouse/output/logs/.
entity,variable,ts_utc,value,unit,freq,geo,market,node,source,source_url,retrieved_at,vintage
fred:PCOALAUUSDM,price,1992-01-01T00:00:00Z,39.5,USD/t,P1M,,,,fred:PCOALAUUSDM,https://fred.stlouisfed.org/graph/fredgraph.csv?id=PCOALAUUSDM,2026-09-25T22:26:59Z,
fred:PCOALAUUSDM,price,1992-02-01T00:00:00Z,39.5,USD/t,P1M,,,,fred:PCOALAUUSDM,https://fred.stlouisfed.org/graph/fredgraph.csv?id=PCOALAUUSDM,2026-09-25T22:26:59Z,
fred:PCOALAUUSDM,price,1992-03-01T00:00:00Z,39.5,USD/t,P1M,,,,fred:PCOALAUUSDM,https://fred.stlouisfed.org/graph/fredgraph.csv?id=PCOALAUUSDM,2026-09-25T22:26:59Z,
fred:PCOALAUUSDM,price,1992-04-01T00:00:00Z,39.5,USD/t,P1M,,,,fred:PCOALAUUSDM,https://fred.stlouisfed.org/graph/fredgraph.csv?id=PCOALAUUSDM,2026-09-25T22:26:59Z,
fred:PCOALAUUSDM,price,1992-05-01T00:00:00Z,39.5,USD/t,P1M,,,,fred:PCOALAUUSDM,https://fred.stlouisfed.org/graph/fredgraph.csv?id=PCOALAUUSDM,2026-09-25T22:26:59Z,
fred:PCOALAUUSDM,price,1992-06-01T00:00:00Z,39.5,USD/t,P1M,,,,fred:PCOALAUUSDM,https://fred.stlouisfed.org/graph/fredgraph.csv?id=PCOALAUUSDM,2026-09-25T22:26:59Z,
fred:PCOALAUUSDM,price,1992-07-01T00:00:00Z,39.5,USD/t,P1M,,,,fred:PCOALAUUSDM,https://fred.stlouisfed.org/graph/fredgraph.csv?id=PCOALAUUSDM,2026-09-25T22:26:59Z,
fred:PCOALAUUSDM,price,1992-08-01T00:00:00Z,39.5,USD/t,P1M,,,,fred:PCOALAUUSDM,https://fred.stlouisfed.org/graph/fredgraph.csv?id=PCOALAUUSDM,2026-09-25T22:26:59Z,
fred:PCOALAUUSDM,price,1992-09-01T00:00:00Z,39.5,USD/t,P1M,,,,fred:PCOALAUUSDM,https://fred.stlouisfed.org/graph/fredgraph.csv?id=PCOALAUUSDM,2026-09-25T22:26:59Z,
fred:PCOALAUUSDM,price,1992-10-01T00:00:00Z,37.25,USD/t,P1M,,,,fred:PCOALAUUSDM,https://fred.stlouisfed.org/graph/fredgraph.csv?id=PCOALAUUSDM,2026-09-25T22:26:59Z,
fred:PCOALAUUSDM,price,1992-11-01T00:00:00Z,35.0,USD/t,P1M,,,,fred:PCOALAUUSDM,https://fred.stlouisfed.org/graph/fredgraph.csv?id=PCOALAUUSDM,2026-09-25T22:26:59Z,
fred:PCOALAUUSDM,price,1992-12-01T00:00:00Z,35.0,USD/t,P1M,,,,fred:PCOALAUUSDM,https://fred.stlouisfed.org/graph/fredgraph.csv?id=PCOALAUUSDM,2026-09-25T22:26:59Z,
fred:PCOALAUUSDM,price,1993-01-01T00:00:00Z,35.0,USD/t,P1M,,,,fred:PCOALAUUSDM,https://fred.stlouisfed.org/graph/fredgraph.csv?id=PCOALAUUSDM,2026-09-25T22:26:59Z,
fred:PCOALAUUSDM,price,1993-02-01T00:00:00Z,31.0,USD/t,P1M,,,,fred:PCOALAUUSDM,https://fred.stlouisfed.org/graph/fredgraph.csv?id=PCOALAUUSDM,2026-09-25T22:26:59Z,
fred:PCOALAUUSDM,price,1993-03-01T00:00:00Z,31.0,USD/t,P1M,,,,fred:PCOALAUUSDM,https://fred.stlouisfed.org/graph/fredgraph.csv?id=PCOALAUUSDM,2026-09-25T22:26:59Z,
fred:PCOALAUUSDM,price,1993-04-01T00:00:00Z,31.0,USD/t,P1M,,,,fred:PCOALAUUSDM,https://fred.stlouisfed.org/graph/fredgraph.csv?id=PCOALAUUSDM,2026-09-25T22:26:59Z,
fred:PCOALAUUSDM,price,1993-05-01T00:00:00Z,31.0,USD/t,P1M,,,,fred:PCOALAUUSDM,https://fred.stlouisfed.org/graph/fredgraph.csv?id=PCOALAUUSDM,2026-09-25T22:26:59Z,
fred:PCOALAUUSDM,price,1993-06-01T00:00:00Z,31.0,USD/t,P1M,,,,fred:PCOALAUUSDM,https://fred.stlouisfed.org/graph/fredgraph.csv?id=PCOALAUUSDM,2026-09-25T22:26:59Z,
fred:PCOALAUUSDM,price,1993-07-01T00:00:00Z,31.0,USD/t,P1M,,,,fred:PCOALAUUSDM,https://fred.stlouisfed.org/graph/fredgraph.csv?id=PCOALAUUSDM,2026-09-25T22:26:59Z,
fred:PCOALAUUSDM,price,1993-08-01T00:00:00Z,31.0,USD/t,P1M,,,,fred:PCOALAUUSDM,https://fred.stlouisfed.org/graph/fredgraph.csv?id=PCOALAUUSDM,2026-09-25T22:26:59Z,
fred:PCOALAUUSDM,price,1993-09-01T00:00:00Z,31.0,USD/t,P1M,,,,fred:PCOALAUUSDM,https://fred.stlouisfed.org/graph/fredgraph.csv?id=PCOALAUUSDM,2026-09-25T22:26:59Z,
fred:PCOALAUUSDM,price,1993-10-01T00:00:00Z,31.0,USD/t,P1M,,,,fred:PCOALAUUSDM,https://fred.stlouisfed.org/graph/fredgraph.csv?id=PCOALAUUSDM,2026-09-25T22:26:59Z,
fred:PCOALAUUSDM,price,1993-11-01T00:00:00Z,31.0,USD/t,P1M,,,,fred:PCOALAUUSDM,https://fred.stlouisfed.org/graph/fredgraph.csv?id=PCOALAUUSDM,2026-09-25T22:26:59Z,
fred:PCOALAUUSDM,price,1993-12-01T00:00:00Z,31.0,USD/t,P1M,,,,fred:PCOALAUUSDM,https://fred.stlouisfed.org/graph/fredgraph.csv?id=PCOALAUUSDM,2026-09-25T22:26:59Z,
fred:PCOALAUUSDM,price,1994-01-01T00:00:00Z,31.0,USD/t,P1M,,,,fred:PCOALAUUSDM,https://fred.stlouisfed.org/graph/fredgraph.csv?id=PCOALAUUSDM,2026-09-25T22:26:59Z,
fred:PCOALAUUSDM,price,1994-02-01T00:00:00Z,31.0,USD/t,P1M,,,,fred:PCOALAUUSDM,https://fred.stlouisfed.org/graph/fredgraph.csv?id=PCOALAUUSDM,2026-09-25T22:26:59Z,
fred:PCOALAUUSDM,price,1994-03-01T00:00:00Z,29.5,USD/t,P1M,,,,fred:PCOALAUUSDM,https://fred.stlouisfed.org/graph/fredgraph.csv?id=PCOALAUUSDM,2026-09-25T22:26:59Z,
fred:PCOALAUUSDM,price,1994-04-01T00:00:00Z,29.5,USD/t,P1M,,,,fred:PCOALAUUSDM,https://fred.stlouisfed.org/graph/fredgraph.csv?id=PCOALAUUSDM,2026-09-25T22:26:59Z,
fred:PCOALAUUSDM,price,1994-05-01T00:00:00Z,31.4,USD/t,P1M,,,,fred:PCOALAUUSDM,https://fred.stlouisfed.org/graph/fredgraph.csv?id=PCOALAUUSDM,2026-09-25T22:26:59Z,
fred:PCOALAUUSDM,price,1994-06-01T00:00:00Z,33.6,USD/t,P1M,,,,fred:PCOALAUUSDM,https://fred.stlouisfed.org/graph/fredgraph.csv?id=PCOALAUUSDM,2026-09-25T22:26:59Z,
fred:PCOALAUUSDM,price,1994-07-01T00:00:00Z,33.1,USD/t,P1M,,,,fred:PCOALAUUSDM,https://fred.stlouisfed.org/graph/fredgraph.csv?id=PCOALAUUSDM,2026-09-25T22:26:59Z,
fred:PCOALAUUSDM,price,1994-08-01T00:00:00Z,33.1,USD/t,P1M,,,,fred:PCOALAUUSDM,https://fred.stlouisfed.org/graph/fredgraph.csv?id=PCOALAUUSDM,2026-09-25T22:26:59Z,
fred:PCOALAUUSDM,price,1994-09-01T00:00:00Z,33.1,USD/t,P1M,,,,fred:PCOALAUUSDM,https://fred.stlouisfed.org/graph/fredgraph.csv?id=PCOALAUUSDM,2026-09-25T22:26:59Z,
fred:PCOALAUUSDM,price,1994-10-01T00:00:00Z,33.1,USD/t,P1M,,,,fred:PCOALAUUSDM,https://fred.stlouisfed.org/graph/fredgraph.csv?id=PCOALAUUSDM,2026-09-25T22:26:59Z,
fred:PCOALAUUSDM,price,1994-11-01T00:00:00Z,33.1,USD/t,P1M,,,,fred:PCOALAUUSDM,https://fred.stlouisfed.org/graph/fredgraph.csv?id=PCOALAUUSDM,2026-09-25T22:26:59Z,
fred:PCOALAUUSDM,price,1994-12-01T00:00:00Z,36.1,USD/t,P1M,,,,fred:PCOALAUUSDM,https://fred.stlouisfed.org/graph/fredgraph.csv?id=PCOALAUUSDM,2026-09-25T22:26:59Z,
fred:PCOALAUUSDM,price,1995-01-01T00:00:00Z,37.1,USD/t,P1M,,,,fred:PCOALAUUSDM,https://fred.stlouisfed.org/graph/fredgraph.csv?id=PCOALAUUSDM,2026-09-25T22:26:59Z,
fred:PCOALAUUSDM,price,1995-02-01T00:00:00Z,37.6,USD/t,P1M,,,,fred:PCOALAUUSDM,https://fred.stlouisfed.org/graph/fredgraph.csv?id=PCOALAUUSDM,2026-09-25T22:26:59Z,
fred:PCOALAUUSDM,price,1995-03-01T00:00:00Z,38.35,USD/t,P1M,,,,fred:PCOALAUUSDM,https://fred.stlouisfed.org/graph/fredgraph.csv?id=PCOALAUUSDM,2026-09-25T22:26:59Z,
fred:PCOALAUUSDM,price,1995-04-01T00:00:00Z,37.1,USD/t,P1M,,,,fred:PCOALAUUSDM,https://fred.stlouisfed.org/graph/fredgraph.csv?id=PCOALAUUSDM,2026-09-25T22:26:59Z,
fred:PCOALAUUSDM,price,1995-05-01T00:00:00Z,38.77,USD/t,P1M,,,,fred:PCOALAUUSDM,https://fred.stlouisfed.org/graph/fredgraph.csv?id=PCOALAUUSDM,2026-09-25T22:26:59Z,
fred:PCOALAUUSDM,price,1995-06-01T00:00:00Z,40.77,USD/t,P1M,,,,fred:PCOALAUUSDM,https://fred.stlouisfed.org/graph/fredgraph.csv?id=PCOALAUUSDM,2026-09-25T22:26:59Z,
fred:PCOALAUUSDM,price,1995-07-01T00:00:00Z,41.05,USD/t,P1M,,,,fred:PCOALAUUSDM,https://fred.stlouisfed.org/graph/fredgraph.csv?id=PCOALAUUSDM,2026-09-25T22:26:59Z,
fred:PCOALAUUSDM,price,1995-08-01T00:00:00Z,40.88,USD/t,P1M,,,,fred:PCOALAUUSDM,https://fred.stlouisfed.org/graph/fredgraph.csv?id=PCOALAUUSDM,2026-09-25T22:26:59Z,
fred:PCOALAUUSDM,price,1995-09-01T00:00:00Z,40.93,USD/t,P1M,,,,fred:PCOALAUUSDM,https://fred.stlouisfed.org/graph/fredgraph.csv?id=PCOALAUUSDM,2026-09-25T22:26:59Z,
fred:PCOALAUUSDM,price,1995-10-01T00:00:00Z,40.97,USD/t,P1M,,,,fred:PCOALAUUSDM,https://fred.stlouisfed.org/graph/fredgraph.csv?id=PCOALAUUSDM,2026-09-25T22:26:59Z,
fred:PCOALAUUSDM,price,1995-11-01T00:00:00Z,39.59,USD/t,P1M,,,,fred:PCOALAUUSDM,https://fred.stlouisfed.org/graph/fredgraph.csv?id=PCOALAUUSDM,2026-09-25T22:26:59Z,
fred:PCOALAUUSDM,price,1995-12-01T00:00:00Z,39.35,USD/t,P1M,,,,fred:PCOALAUUSDM,https://fred.stlouisfed.org/graph/fredgraph.csv?id=PCOALAUUSDM,2026-09-25T22:26:59Z,
fred:PCOALAUUSDM,price,1996-01-01T00:00:00Z,39.37,USD/t,P1M,,,,fred:PCOALAUUSDM,https://fred.stlouisfed.org/graph/fredgraph.csv?id=PCOALAUUSDM,2026-09-25T22:26:59Z,
fred:PCOALAUUSDM,price,1996-02-01T00:00:00Z,39.28,USD/t,P1M,,,,fred:PCOALAUUSDM,https://fred.stlouisfed.org/graph/fredgraph.csv?id=PCOALAUUSDM,2026-09-25T22:26:59Z,
fred:PCOALAUUSDM,price,1996-03-01T00:00:00Z,39.01,USD/t,P1M,,,,fred:PCOALAUUSDM,https://fred.stlouisfed.org/graph/fredgraph.csv?id=PCOALAUUSDM,2026-09-25T22:26:59Z,
fred:PCOALAUUSDM,price,1996-04-01T00:00:00Z,39.33,USD/t,P1M,,,,fred:PCOALAUUSDM,https://fred.stlouisfed.org/graph/fredgraph.csv?id=PCOALAUUSDM,2026-09-25T22:26:59Z,
fred:PCOALAUUSDM,price,1996-05-01T00:00:00Z,38.2,USD/t,P1M,,,,fred:PCOALAUUSDM,https://fred.stlouisfed.org/graph/fredgraph.csv?id=PCOALAUUSDM,2026-09-25T22:26:59Z,
fred:PCOALAUUSDM,price,1996-06-01T00:00:00Z,38.2,USD/t,P1M,,,,fred:PCOALAUUSDM,https://fred.stlouisfed.org/graph/fredgraph.csv?id=PCOALAUUSDM,2026-09-25T22:26:59Z,
fred:PCOALAUUSDM,price,1996-07-01T00:00:00Z,38.4,USD/t,P1M,,,,fred:PCOALAUUSDM,https://fred.stlouisfed.org/graph/fredgraph.csv?id=PCOALAUUSDM,2026-09-25T22:26:59Z,
fred:PCOALAUUSDM,price,1996-08-01T00:00:00Z,38.35,USD/t,P1M,,,,fred:PCOALAUUSDM,https://fred.stlouisfed.org/graph/fredgraph.csv?id=PCOALAUUSDM,2026-09-25T22:26:59Z,
fred:PCOALAUUSDM,price,1996-09-01T00:00:00Z,38.1,USD/t,P1M,,,,fred:PCOALAUUSDM,https://fred.stlouisfed.org/graph/fredgraph.csv?id=PCOALAUUSDM,2026-09-25T22:26:59Z,
fred:PCOALAUUSDM,price,1996-10-01T00:00:00Z,37.6,USD/t,P1M,,,,fred:PCOALAUUSDM,https://fred.stlouisfed.org/graph/fredgraph.csv?id=PCOALAUUSDM,2026-09-25T22:26:59Z,
fred:PCOALAUUSDM,price,1996-11-01T00:00:00Z,35.7,USD/t,P1M,,,,fred:PCOALAUUSDM,https://fred.stlouisfed.org/graph/fredgraph.csv?id=PCOALAUUSDM,2026-09-25T22:26:59Z,
fred:PCOALAUUSDM,price,1996-12-01T00:00:00Z,35.35,USD/t,P1M,,,,fred:PCOALAUUSDM,https://fred.stlouisfed.org/graph/fredgraph.csv?id=PCOALAUUSDM,2026-09-25T22:26:59Z,
fred:PCOALAUUSDM,price,1997-01-01T00:00:00Z,35.23,USD/t,P1M,,,,fred:PCOALAUUSDM,https://fred.stlouisfed.org/graph/fredgraph.csv?id=PCOALAUUSDM,2026-09-25T22:26:59Z,
fred:PCOALAUUSDM,price,1997-02-01T00:00:00Z,34.6,USD/t,P1M,,,,fred:PCOALAUUSDM,https://fred.stlouisfed.org/graph/fredgraph.csv?id=PCOALAUUSDM,2026-09-25T22:26:59Z,
fred:PCOALAUUSDM,price,1997-03-01T00:00:00Z,34.5,USD/t,P1M,,,,fred:PCOALAUUSDM,https://fred.stlouisfed.org/graph/fredgraph.csv?id=PCOALAUUSDM,2026-09-25T22:26:59Z,
fred:PCOALAUUSDM,price,1997-04-01T00:00:00Z,35.4,USD/t,P1M,,,,fred:PCOALAUUSDM,https://fred.stlouisfed.org/graph/fredgraph.csv?id=PCOALAUUSDM,2026-09-25T22:26:59Z,
fred:PCOALAUUSDM,price,1997-05-01T00:00:00Z,35.73,USD/t,P1M,,,,fred:PCOALAUUSDM,https://fred.stlouisfed.org/graph/fredgraph.csv?id=PCOALAUUSDM,2026-09-25T22:26:59Z,
fred:PCOALAUUSDM,price,1997-06-01T00:00:00Z,34.5,USD/t,P1M,,,,fred:PCOALAUUSDM,https://fred.stlouisfed.org/graph/fredgraph.csv?id=PCOALAUUSDM,2026-09-25T22:26:59Z,
fred:PCOALAUUSDM,price,1997-07-01T00:00:00Z,35.0,USD/t,P1M,,,,fred:PCOALAUUSDM,https://fred.stlouisfed.org/graph/fredgraph.csv?id=PCOALAUUSDM,2026-09-25T22:26:59Z,
fred:PCOALAUUSDM,price,1997-08-01T00:00:00Z,36.93,USD/t,P1M,,,,fred:PCOALAUUSDM,https://fred.stlouisfed.org/graph/fredgraph.csv?id=PCOALAUUSDM,2026-09-25T22:26:59Z,
fred:PCOALAUUSDM,price,1997-09-01T00:00:00Z,37.15,USD/t,P1M,,,,fred:PCOALAUUSDM,https://fred.stlouisfed.org/graph/fredgraph.csv?id=PCOALAUUSDM,2026-09-25T22:26:59Z,
fred:PCOALAUUSDM,price,1997-10-01T00:00:00Z,37.15,USD/t,P1M,,,,fred:PCOALAUUSDM,https://fred.stlouisfed.org/graph/fredgraph.csv?id=PCOALAUUSDM,2026-09-25T22:26:59Z,
fred:PCOALAUUSDM,price,1997-11-01T00:00:00Z,33.6,USD/t,P1M,,,,fred:PCOALAUUSDM,https://fred.stlouisfed.org/graph/fredgraph.csv?id=PCOALAUUSDM,2026-09-25T22:26:59Z,
fred:PCOALAUUSDM,price,1997-12-01T00:00:00Z,31.4,USD/t,P1M,,,,fred:PCOALAUUSDM,https://fred.stlouisfed.org/graph/fredgraph.csv?id=PCOALAUUSDM,2026-09-25T22:26:59Z,
fred:PCOALAUUSDM,price,1998-01-01T00:00:00Z,31.4,USD/t,P1M,,,,fred:PCOALAUUSDM,https://fred.stlouisfed.org/graph/fredgraph.csv?id=PCOALAUUSDM,2026-09-25T22:26:59Z,
fred:PCOALAUUSDM,price,1998-02-01T00:00:00Z,33.44,USD/t,P1M,,,,fred:PCOALAUUSDM,https://fred.stlouisfed.org/graph/fredgraph.csv?id=PCOALAUUSDM,2026-09-25T22:26:59Z,
fred:PCOALAUUSDM,price,1998-03-01T00:00:00Z,31.88,USD/t,P1M,,,,fred:PCOALAUUSDM,https://fred.stlouisfed.org/graph/fredgraph.csv?id=PCOALAUUSDM,2026-09-25T22:26:59Z,
fred:PCOALAUUSDM,price,1998-04-01T00:00:00Z,31.18,USD/t,P1M,,,,fred:PCOALAUUSDM,https://fred.stlouisfed.org/graph/fredgraph.csv?id=PCOALAUUSDM,2026-09-25T22:26:59Z,
fred:PCOALAUUSDM,price,1998-05-01T00:00:00Z,30.28,USD/t,P1M,,,,fred:PCOALAUUSDM,https://fred.stlouisfed.org/graph/fredgraph.csv?id=PCOALAUUSDM,2026-09-25T22:26:59Z,
fred:PCOALAUUSDM,price,1998-06-01T00:00:00Z,30.0,USD/t,P1M,,,,fred:PCOALAUUSDM,https://fred.stlouisfed.org/graph/fredgraph.csv?id=PCOALAUUSDM,2026-09-25T22:26:59Z,
fred:PCOALAUUSDM,price,1998-07-01T00:00:00Z,30.0,USD/t,P1M,,,,fred:PCOALAUUSDM,https://fred.stlouisfed.org/graph/fredgraph.csv?id=PCOALAUUSDM,2026-09-25T22:26:59Z,
fred:PCOALAUUSDM,price,1998-08-01T00:00:00Z,26.2,USD/t,P1M,,,,fred:PCOALAUUSDM,https://fred.stlouisfed.org/graph/fredgraph.csv?id=PCOALAUUSDM,2026-09-25T22:26:59Z,
fred:PCOALAUUSDM,price,1998-09-01T00:00:00Z,27.09,USD/t,P1M,,,,fred:PCOALAUUSDM,https://fred.stlouisfed.org/graph/fredgraph.csv?id=PCOALAUUSDM,2026-09-25T22:26:59Z,
fred:PCOALAUUSDM,price,1998-10-01T00:00:00Z,27.1,USD/t,P1M,,,,fred:PCOALAUUSDM,https://fred.stlouisfed.org/graph/fredgraph.csv?id=PCOALAUUSDM,2026-09-25T22:26:59Z,
fred:PCOALAUUSDM,price,1998-11-01T00:00:00Z,26.1,USD/t,P1M,,,,fred:PCOALAUUSDM,https://fred.stlouisfed.org/graph/fredgraph.csv?id=PCOALAUUSDM,2026-09-25T22:26:59Z,
fred:PCOALAUUSDM,price,1998-12-01T00:00:00Z,26.1,USD/t,P1M,,,,fred:PCOALAUUSDM,https://fred.stlouisfed.org/graph/fredgraph.csv?id=PCOALAUUSDM,2026-09-25T22:26:59Z,
fred:PCOALAUUSDM,price,1999-01-01T00:00:00Z,26.1,USD/t,P1M,,,,fred:PCOALAUUSDM,https://fred.stlouisfed.org/graph/fredgraph.csv?id=PCOALAUUSDM,2026-09-25T22:26:59Z,
fred:PCOALAUUSDM,price,1999-02-01T00:00:00Z,26.1,USD/t,P1M,,,,fred:PCOALAUUSDM,https://fred.stlouisfed.org/graph/fredgraph.csv?id=PCOALAUUSDM,2026-09-25T22:26:59Z,
fred:PCOALAUUSDM,price,1999-03-01T00:00:00Z,26.1,USD/t,P1M,,,,fred:PCOALAUUSDM,https://fred.stlouisfed.org/graph/fredgraph.csv?id=PCOALAUUSDM,2026-09-25T22:26:59Z,
fred:PCOALAUUSDM,price,1999-04-01T00:00:00Z,26.1,USD/t,P1M,,,,fred:PCOALAUUSDM,https://fred.stlouisfed.org/graph/fredgraph.csv?id=PCOALAUUSDM,2026-09-25T22:26:59Z,
fred:PCOALAUUSDM,price,1999-05-01T00:00:00Z,26.1,USD/t,P1M,,,,fred:PCOALAUUSDM,https://fred.stlouisfed.org/graph/fredgraph.csv?id=PCOALAUUSDM,2026-09-25T22:26:59Z,
fred:PCOALAUUSDM,price,1999-06-01T00:00:00Z,26.1,USD/t,P1M,,,,fred:PCOALAUUSDM,https://fred.stlouisfed.org/graph/fredgraph.csv?id=PCOALAUUSDM,2026-09-25T22:26:59Z,
fred:PCOALAUUSDM,price,1999-07-01T00:00:00Z,26.1,USD/t,P1M,,,,fred:PCOALAUUSDM,https://fred.stlouisfed.org/graph/fredgraph.csv?id=PCOALAUUSDM,2026-09-25T22:26:59Z,
fred:PCOALAUUSDM,price,1999-08-01T00:00:00Z,26.1,USD/t,P1M,,,,fred:PCOALAUUSDM,https://fred.stlouisfed.org/graph/fredgraph.csv?id=PCOALAUUSDM,2026-09-25T22:26:59Z,
fred:PCOALAUUSDM,price,1999-09-01T00:00:00Z,26.1,USD/t,P1M,,,,fred:PCOALAUUSDM,https://fred.stlouisfed.org/graph/fredgraph.csv?id=PCOALAUUSDM,2026-09-25T22:26:59Z,
fred:PCOALAUUSDM,price,1999-10-01T00:00:00Z,25.6,USD/t,P1M,,,,fred:PCOALAUUSDM,https://fred.stlouisfed.org/graph/fredgraph.csv?id=PCOALAUUSDM,2026-09-25T22:26:59Z,
fred:PCOALAUUSDM,price,1999-11-01T00:00:00Z,25.1,USD/t,P1M,,,,fred:PCOALAUUSDM,https://fred.stlouisfed.org/graph/fredgraph.csv?id=PCOALAUUSDM,2026-09-25T22:26:59Z,
fred:PCOALAUUSDM,price,1999-12-01T00:00:00Z,25.1,USD/t,P1M,,,,fred:PCOALAUUSDM,https://fred.stlouisfed.org/graph/fredgraph.csv?id=PCOALAUUSDM,2026-09-25T22:26:59Z,
fred:PCOALAUUSDM,price,2000-01-01T00:00:00Z,25.1,USD/t,P1M,,,,fred:PCOALAUUSDM,https://fred.stlouisfed.org/graph/fredgraph.csv?id=PCOALAUUSDM,2026-09-25T22:26:59Z,
fred:PCOALAUUSDM,price,2000-02-01T00:00:00Z,25.1,USD/t,P1M,,,,fred:PCOALAUUSDM,https://fred.stlouisfed.org/graph/fredgraph.csv?id=PCOALAUUSDM,2026-09-25T22:26:59Z,
fred:PCOALAUUSDM,price,2000-03-01T00:00:00Z,25.1,USD/t,P1M,,,,fred:PCOALAUUSDM,https://fred.stlouisfed.org/graph/fredgraph.csv?id=PCOALAUUSDM,2026-09-25T22:26:59Z,
fred:PCOALAUUSDM,price,2000-04-01T00:00:00Z,25.1,USD/t,P1M,,,,fred:PCOALAUUSDM,https://fred.stlouisfed.org/graph/fredgraph.csv?id=PCOALAUUSDM,2026-09-25T22:26:59Z,
fred:PCOALAUUSDM,price,2000-05-01T00:00:00Z,25.6,USD/t,P1M,,,,fred:PCOALAUUSDM,https://fred.stlouisfed.org/graph/fredgraph.csv?id=PCOALAUUSDM,2026-09-25T22:26:59Z,
fred:PCOALAUUSDM,price,2000-06-01T00:00:00Z,25.6,USD/t,P1M,,,,fred:PCOALAUUSDM,https://fred.stlouisfed.org/graph/fredgraph.csv?id=PCOALAUUSDM,2026-09-25T22:26:59Z,
fred:PCOALAUUSDM,price,2000-07-01T00:00:00Z,25.6,USD/t,P1M,,,,fred:PCOALAUUSDM,https://fred.stlouisfed.org/graph/fredgraph.csv?id=PCOALAUUSDM,2026-09-25T22:26:59Z,
fred:PCOALAUUSDM,price,2000-08-01T00:00:00Z,25.6,USD/t,P1M,,,,fred:PCOALAUUSDM,https://fred.stlouisfed.org/graph/fredgraph.csv?id=PCOALAUUSDM,2026-09-25T22:26:59Z,
fred:PCOALAUUSDM,price,2000-09-01T00:00:00Z,27.15,USD/t,P1M,,,,fred:PCOALAUUSDM,https://fred.stlouisfed.org/graph/fredgraph.csv?id=PCOALAUUSDM,2026-09-25T22:26:59Z,
fred:PCOALAUUSDM,price,2000-10-01T00:00:00Z,27.15,USD/t,P1M,,,,fred:PCOALAUUSDM,https://fred.stlouisfed.org/graph/fredgraph.csv?id=PCOALAUUSDM,2026-09-25T22:26:59Z,
fred:PCOALAUUSDM,price,2000-11-01T00:00:00Z,27.15,USD/t,P1M,,,,fred:PCOALAUUSDM,https://fred.stlouisfed.org/graph/fredgraph.csv?id=PCOALAUUSDM,2026-09-25T22:26:59Z,
fred:PCOALAUUSDM,price,2000-12-01T00:00:00Z,30.75,USD/t,P1M,,,,fred:PCOALAUUSDM,https://fred.stlouisfed.org/graph/fredgraph.csv?id=PCOALAUUSDM,2026-09-25T22:26:59Z,
fred:PCOALAUUSDM,price,2001-01-01T00:00:00Z,32.1,USD/t,P1M,,,,fred:PCOALAUUSDM,https://fred.stlouisfed.org/graph/fredgraph.csv?id=PCOALAUUSDM,2026-09-25T22:26:59Z,
fred:PCOALAUUSDM,price,2001-02-01T00:00:00Z,32.1,USD/t,P1M,,,,fred:PCOALAUUSDM,https://fred.stlouisfed.org/graph/fredgraph.csv?id=PCOALAUUSDM,2026-09-25T22:26:59Z,
fred:PCOALAUUSDM,price,2001-03-01T00:00:00Z,32.6,USD/t,P1M,,,,fred:PCOALAUUSDM,https://fred.stlouisfed.org/graph/fredgraph.csv?id=PCOALAUUSDM,2026-09-25T22:26:59Z,
fred:PCOALAUUSDM,price,2001-04-01T00:00:00Z,33.5,USD/t,P1M,,,,fred:PCOALAUUSDM,https://fred.stlouisfed.org/graph/fredgraph.csv?id=PCOALAUUSDM,2026-09-25T22:26:59Z,
fred:PCOALAUUSDM,price,2001-05-01T00:00:00Z,33.8,USD/t,P1M,,,,fred:PCOALAUUSDM,https://fred.stlouisfed.org/graph/fredgraph.csv?id=PCOALAUUSDM,2026-09-25T22:26:59Z,
fred:PCOALAUUSDM,price,2001-06-01T00:00:00Z,33.9,USD/t,P1M,,,,fred:PCOALAUUSDM,https://fred.stlouisfed.org/graph/fredgraph.csv?id=PCOALAUUSDM,2026-09-25T22:26:59Z,
fred:PCOALAUUSDM,price,2001-07-01T00:00:00Z,34.0,USD/t,P1M,,,,fred:PCOALAUUSDM,https://fred.stlouisfed.org/graph/fredgraph.csv?id=PCOALAUUSDM,2026-09-25T22:26:59Z,
fred:PCOALAUUSDM,price,2001-08-01T00:00:00Z,33.8,USD/t,P1M,,,,fred:PCOALAUUSDM,https://fred.stlouisfed.org/graph/fredgraph.csv?id=PCOALAUUSDM,2026-09-25T22:26:59Z,
fred:PCOALAUUSDM,price,2001-09-01T00:00:00Z,32.8,USD/t,P1M,,,,fred:PCOALAUUSDM,https://fred.stlouisfed.org/graph/fredgraph.csv?id=PCOALAUUSDM,2026-09-25T22:26:59Z,
fred:PCOALAUUSDM,price,2001-10-01T00:00:00Z,32.4,USD/t,P1M,,,,fred:PCOALAUUSDM,https://fred.stlouisfed.org/graph/fredgraph.csv?id=PCOALAUUSDM,2026-09-25T22:26:59Z,
fred:PCOALAUUSDM,price,2001-11-01T00:00:00Z,29.4,USD/t,P1M,,,,fred:PCOALAUUSDM,https://fred.stlouisfed.org/graph/fredgraph.csv?id=PCOALAUUSDM,2026-09-25T22:26:59Z,
fred:PCOALAUUSDM,price,2001-12-01T00:00:00Z,27.35,USD/t,P1M,,,,fred:PCOALAUUSDM,https://fred.stlouisfed.org/graph/fredgraph.csv?id=PCOALAUUSDM,2026-09-25T22:26:59Z,
fred:PCOALAUUSDM,price,2002-01-01T00:00:00Z,29.1,USD/t,P1M,,,,fred:PCOALAUUSDM,https://fred.stlouisfed.org/graph/fredgraph.csv?id=PCOALAUUSDM,2026-09-25T22:26:59Z,
fred:PCOALAUUSDM,price,2002-02-01T00:00:00Z,29.85,USD/t,P1M,,,,fred:PCOALAUUSDM,https://fred.stlouisfed.org/graph/fredgraph.csv?id=PCOALAUUSDM,2026-09-25T22:26:59Z,
fred:PCOALAUUSDM,price,2002-03-01T00:00:00Z,29.55,USD/t,P1M,,,,fred:PCOALAUUSDM,https://fred.stlouisfed.org/graph/fredgraph.csv?id=PCOALAUUSDM,2026-09-25T22:26:59Z,
fred:PCOALAUUSDM,price,2002-04-01T00:00:00Z,28.84,USD/t,P1M,,,,fred:PCOALAUUSDM,https://fred.stlouisfed.org/graph/fredgraph.csv?id=PCOALAUUSDM,2026-09-25T22:26:59Z,
fred:PCOALAUUSDM,price,2002-05-01T00:00:00Z,28.63,USD/t,P1M,,,,fred:PCOALAUUSDM,https://fred.stlouisfed.org/graph/fredgraph.csv?id=PCOALAUUSDM,2026-09-25T22:26:59Z,
fred:PCOALAUUSDM,price,2002-06-01T00:00:00Z,26.65,USD/t,P1M,,,,fred:PCOALAUUSDM,https://fred.stlouisfed.org/graph/fredgraph.csv?id=PCOALAUUSDM,2026-09-25T22:26:59Z,
fred:PCOALAUUSDM,price,2002-07-01T00:00:00Z,24.9,USD/t,P1M,,,,fred:PCOALAUUSDM,https://fred.stlouisfed.org/graph/fredgraph.csv?id=PCOALAUUSDM,2026-09-25T22:26:59Z,
fred:PCOALAUUSDM,price,2002-08-01T00:00:00Z,24.0,USD/t,P1M,,,,fred:PCOALAUUSDM,https://fred.stlouisfed.org/graph/fredgraph.csv?id=PCOALAUUSDM,2026-09-25T22:26:59Z,
fred:PCOALAUUSDM,price,2002-09-01T00:00:00Z,24.45,USD/t,P1M,,,,fred:PCOALAUUSDM,https://fred.stlouisfed.org/graph/fredgraph.csv?id=PCOALAUUSDM,2026-09-25T22:26:59Z,
fred:PCOALAUUSDM,price,2002-10-01T00:00:00Z,26.25,USD/t,P1M,,,,fred:PCOALAUUSDM,https://fred.stlouisfed.org/graph/fredgraph.csv?id=PCOALAUUSDM,2026-09-25T22:26:59Z,
fred:PCOALAUUSDM,price,2002-11-01T00:00:00Z,26.25,USD/t,P1M,,,,fred:PCOALAUUSDM,https://fred.stlouisfed.org/graph/fredgraph.csv?id=PCOALAUUSDM,2026-09-25T22:26:59Z,
fred:PCOALAUUSDM,price,2002-12-01T00:00:00Z,26.25,USD/t,P1M,,,,fred:PCOALAUUSDM,https://fred.stlouisfed.org/graph/fredgraph.csv?id=PCOALAUUSDM,2026-09-25T22:26:59Z,
fred:PCOALAUUSDM,price,2003-01-01T00:00:00Z,26.678571,USD/t,P1M,,,,fred:PCOALAUUSDM,https://fred.stlouisfed.org/graph/fredgraph.csv?id=PCOALAUUSDM,2026-09-25T22:26:59Z,
fred:PCOALAUUSDM,price,2003-02-01T00:00:00Z,26.946429,USD/t,P1M,,,,fred:PCOALAUUSDM,https://fred.stlouisfed.org/graph/fredgraph.csv?id=PCOALAUUSDM,2026-09-25T22:26:59Z,
fred:PCOALAUUSDM,price,2003-03-01T00:00:00Z,26.142857,USD/t,P1M,,,,fred:PCOALAUUSDM,https://fred.stlouisfed.org/graph/fredgraph.csv?id=PCOALAUUSDM,2026-09-25T22:26:59Z,
fred:PCOALAUUSDM,price,2003-04-01T00:00:00Z,25.125,USD/t,P1M,,,,fred:PCOALAUUSDM,https://fred.stlouisfed.org/graph/fredgraph.csv?id=PCOALAUUSDM,2026-09-25T22:26:59Z,
fred:PCOALAUUSDM,price,2003-05-01T00:00:00Z,24.964286,USD/t,P1M,,,,fred:PCOALAUUSDM,https://fred.stlouisfed.org/graph/fredgraph.csv?id=PCOALAUUSDM,2026-09-25T22:26:59Z,
fred:PCOALAUUSDM,price,2003-06-01T00:00:00Z,25.821429,USD/t,P1M,,,,fred:PCOALAUUSDM,https://fred.stlouisfed.org/graph/fredgraph.csv?id=PCOALAUUSDM,2026-09-25T22:26:59Z,
fred:PCOALAUUSDM,price,2003-07-01T00:00:00Z,26.089286,USD/t,P1M,,,,fred:PCOALAUUSDM,https://fred.stlouisfed.org/graph/fredgraph.csv?id=PCOALAUUSDM,2026-09-25T22:26:59Z,
fred:PCOALAUUSDM,price,2003-08-01T00:00:00Z,27.133929,USD/t,P1M,,,,fred:PCOALAUUSDM,https://fred.stlouisfed.org/graph/fredgraph.csv?id=PCOALAUUSDM,2026-09-25T22:26:59Z,
fred:PCOALAUUSDM,price,2003-09-01T00:00:00Z,28.607143,USD/t,P1M,,,,fred:PCOALAUUSDM,https://fred.stlouisfed.org/graph/fredgraph.csv?id=PCOALAUUSDM,2026-09-25T22:26:59Z,
fred:PCOALAUUSDM,price,2003-10-01T00:00:00Z,29.464286,USD/t,P1M,,,,fred:PCOALAUUSDM,https://fred.stlouisfed.org/graph/fredgraph.csv?id=PCOALAUUSDM,2026-09-25T22:26:59Z,
fred:PCOALAUUSDM,price,2003-11-01T00:00:00Z,32.049107,USD/t,P1M,,,,fred:PCOALAUUSDM,https://fred.stlouisfed.org/graph/fredgraph.csv?id=PCOALAUUSDM,2026-09-25T22:26:59Z,
fred:PCOALAUUSDM,price,2003-12-01T00:00:00Z,36.428571,USD/t,P1M,,,,fred:PCOALAUUSDM,https://fred.stlouisfed.org/graph/fredgraph.csv?id=PCOALAUUSDM,2026-09-25T22:26:59Z,
fred:PCOALAUUSDM,price,2004-01-01T00:00:00Z,40.446429,USD/t,P1M,,,,fred:PCOALAUUSDM,https://fred.stlouisfed.org/graph/fredgraph.csv?id=PCOALAUUSDM,2026-09-25T22:26:59Z,
fred:PCOALAUUSDM,price,2004-02-01T00:00:00Z,44.732143,USD/t,P1M,,,,fred:PCOALAUUSDM,https://fred.stlouisfed.org/graph/fredgraph.csv?id=PCOALAUUSDM,2026-09-25T22:26:59Z,
fred:PCOALAUUSDM,price,2004-03-01T00:00:00Z,52.433036,USD/t,P1M,,,,fred:PCOALAUUSDM,https://fred.stlouisfed.org/graph/fredgraph.csv?id=PCOALAUUSDM,2026-09-25T22:26:59Z,
fred:PCOALAUUSDM,price,2004-04-01T00:00:00Z,57.053571,USD/t,P1M,,,,fred:PCOALAUUSDM,https://fred.stlouisfed.org/graph/fredgraph.csv?id=PCOALAUUSDM,2026-09-25T22:26:59Z,
fred:PCOALAUUSDM,price,2004-05-01T00:00:00Z,60.46875,USD/t,P1M,,,,fred:PCOALAUUSDM,https://fred.stlouisfed.org/graph/fredgraph.csv?id=PCOALAUUSDM,2026-09-25T22:26:59Z,
fred:PCOALAUUSDM,price,2004-06-01T00:00:00Z,63.803571,USD/t,P1M,,,,fred:PCOALAUUSDM,https://fred.stlouisfed.org/graph/fredgraph.csv?id=PCOALAUUSDM,2026-09-25T22:26:59Z,
fred:PCOALAUUSDM,price,2004-07-01T00:00:00Z,65.758929,USD/t,P1M,,,,fred:PCOALAUUSDM,https://fred.stlouisfed.org/graph/fredgraph.csv?id=PCOALAUUSDM,2026-09-25T22:26:59Z,
fred:PCOALAUUSDM,price,2004-08-01T00:00:00Z,63.482143,USD/t,P1M,,,,fred:PCOALAUUSDM,https://fred.stlouisfed.org/graph/fredgraph.csv?id=PCOALAUUSDM,2026-09-25T22:26:59Z,
fred:PCOALAUUSDM,price,2004-09-01T00:00:00Z,59.330357,USD/t,P1M,,,,fred:PCOALAUUSDM,https://fred.stlouisfed.org/graph/fredgraph.csv?id=PCOALAUUSDM,2026-09-25T22:26:59Z,
fred:PCOALAUUSDM,price,2004-10-01T00:00:00Z,60.669643,USD/t,P1M,,,,fred:PCOALAUUSDM,https://fred.stlouisfed.org/graph/fredgraph.csv?id=PCOALAUUSDM,2026-09-25T22:26:59Z,
fred:PCOALAUUSDM,price,2004-11-01T00:00:00Z,56.598214,USD/t,P1M,,,,fred:PCOALAUUSDM,https://fred.stlouisfed.org/graph/fredgraph.csv?id=PCOALAUUSDM,2026-09-25T22:26:59Z,
fred:PCOALAUUSDM,price,2004-12-01T00:00:00Z,55.982143,USD/t,P1M,,,,fred:PCOALAUUSDM,https://fred.stlouisfed.org/graph/fredgraph.csv?id=PCOALAUUSDM,2026-09-25T22:26:59Z,
fred:PCOALAUUSDM,price,2005-01-01T00:00:00Z,56.833929,USD/t,P1M,,,,fred:PCOALAUUSDM,https://fred.stlouisfed.org/graph/fredgraph.csv?id=PCOALAUUSDM,2026-09-25T22:26:59Z,
fred:PCOALAUUSDM,price,2005-02-01T00:00:00Z,53.461607,USD/t,P1M,,,,fred:PCOALAUUSDM,https://fred.stlouisfed.org/graph/fredgraph.csv?id=PCOALAUUSDM,2026-09-25T22:26:59Z,
fred:PCOALAUUSDM,price,2005-03-01T00:00:00Z,54.5625,USD/t,P1M,,,,fred:PCOALAUUSDM,https://fred.stlouisfed.org/graph/fredgraph.csv?id=PCOALAUUSDM,2026-09-25T22:26:59Z,
fred:PCOALAUUSDM,price,2005-04-01T00:00:00Z,54.910714,USD/t,P1M,,,,fred:PCOALAUUSDM,https://fred.stlouisfed.org/graph/fredgraph.csv?id=PCOALAUUSDM,2026-09-25T22:26:59Z,
fred:PCOALAUUSDM,price,2005-05-01T00:00:00Z,54.977679,USD/t,P1M,,,,fred:PCOALAUUSDM,https://fred.stlouisfed.org/graph/fredgraph.csv?id=PCOALAUUSDM,2026-09-25T22:26:59Z,
fred:PCOALAUUSDM,price,2005-06-01T00:00:00Z,54.642857,USD/t,P1M,,,,fred:PCOALAUUSDM,https://fred.stlouisfed.org/graph/fredgraph.csv?id=PCOALAUUSDM,2026-09-25T22:26:59Z,
fred:PCOALAUUSDM,price,2005-07-01T00:00:00Z,54.535714,USD/t,P1M,,,,fred:PCOALAUUSDM,https://fred.stlouisfed.org/graph/fredgraph.csv?id=PCOALAUUSDM,2026-09-25T22:26:59Z,
fred:PCOALAUUSDM,price,2005-08-01T00:00:00Z,50.690747,USD/t,P1M,,,,fred:PCOALAUUSDM,https://fred.stlouisfed.org/graph/fredgraph.csv?id=PCOALAUUSDM,2026-09-25T22:26:59Z,
fred:PCOALAUUSDM,price,2005-09-01T00:00:00Z,48.321429,USD/t,P1M,,,,fred:PCOALAUUSDM,https://fred.stlouisfed.org/graph/fredgraph.csv?id=PCOALAUUSDM,2026-09-25T22:26:59Z,
fred:PCOALAUUSDM,price,2005-10-01T00:00:00Z,44.528061,USD/t,P1M,,,,fred:PCOALAUUSDM,https://fred.stlouisfed.org/graph/fredgraph.csv?id=PCOALAUUSDM,2026-09-25T22:26:59Z,
fred:PCOALAUUSDM,price,2005-11-01T00:00:00Z,40.641234,USD/t,P1M,,,,fred:PCOALAUUSDM,https://fred.stlouisfed.org/graph/fredgraph.csv?id=PCOALAUUSDM,2026-09-25T22:26:59Z,
fred:PCOALAUUSDM,price,2005-12-01T00:00:00Z,41.689286,USD/t,P1M,,,,fred:PCOALAUUSDM,https://fred.stlouisfed.org/graph/fredgraph.csv?id=PCOALAUUSDM,2026-09-25T22:26:59Z,
fred:PCOALAUUSDM,price,2006-01-01T00:00:00Z,45.642857,USD/t,P1M,,,,fred:PCOALAUUSDM,https://fred.stlouisfed.org/graph/fredgraph.csv?id=PCOALAUUSDM,2026-09-25T22:26:59Z,
fred:PCOALAUUSDM,price,2006-02-01T00:00:00Z,50.919643,USD/t,P1M,,,,fred:PCOALAUUSDM,https://fred.stlouisfed.org/graph/fredgraph.csv?id=PCOALAUUSDM,2026-09-25T22:26:59Z,
fred:PCOALAUUSDM,price,2006-03-01T00:00:00Z,53.212733,USD/t,P1M,,,,fred:PCOALAUUSDM,https://fred.stlouisfed.org/graph/fredgraph.csv?id=PCOALAUUSDM,2026-09-25T22:26:59Z,
fred:PCOALAUUSDM,price,2006-04-01T00:00:00Z,56.470238,USD/t,P1M,,,,fred:PCOALAUUSDM,https://fred.stlouisfed.org/graph/fredgraph.csv?id=PCOALAUUSDM,2026-09-25T22:26:59Z,
fred:PCOALAUUSDM,price,2006-05-01T00:00:00Z,56.721939,USD/t,P1M,,,,fred:PCOALAUUSDM,https://fred.stlouisfed.org/graph/fredgraph.csv?id=PCOALAUUSDM,2026-09-25T22:26:59Z,
fred:PCOALAUUSDM,price,2006-06-01T00:00:00Z,54.910714,USD/t,P1M,,,,fred:PCOALAUUSDM,https://fred.stlouisfed.org/graph/fredgraph.csv?id=PCOALAUUSDM,2026-09-25T22:26:59Z,
fred:PCOALAUUSDM,price,2006-07-01T00:00:00Z,56.954082,USD/t,P1M,,,,fred:PCOALAUUSDM,https://fred.stlouisfed.org/graph/fredgraph.csv?id=PCOALAUUSDM,2026-09-25T22:26:59Z,
fred:PCOALAUUSDM,price,2006-08-01T00:00:00Z,55.633929,USD/t,P1M,,,,fred:PCOALAUUSDM,https://fred.stlouisfed.org/graph/fredgraph.csv?id=PCOALAUUSDM,2026-09-25T22:26:59Z,
fred:PCOALAUUSDM,price,2006-09-01T00:00:00Z,51.887755,USD/t,P1M,,,,fred:PCOALAUUSDM,https://fred.stlouisfed.org/graph/fredgraph.csv?id=PCOALAUUSDM,2026-09-25T22:26:59Z,
fred:PCOALAUUSDM,price,2006-10-01T00:00:00Z,47.690747,USD/t,P1M,,,,fred:PCOALAUUSDM,https://fred.stlouisfed.org/graph/fredgraph.csv?id=PCOALAUUSDM,2026-09-25T22:26:59Z,
fred:PCOALAUUSDM,price,2006-11-01T00:00:00Z,48.214286,USD/t,P1M,,,,fred:PCOALAUUSDM,https://fred.stlouisfed.org/graph/fredgraph.csv?id=PCOALAUUSDM,2026-09-25T22:26:59Z,
fred:PCOALAUUSDM,price,2006-12-01T00:00:00Z,54.510338,USD/t,P1M,,,,fred:PCOALAUUSDM,https://fred.stlouisfed.org/graph/fredgraph.csv?id=PCOALAUUSDM,2026-09-25T22:26:59Z,
fred:PCOALAUUSDM,price,2007-01-01T00:00:00Z,55.762987,USD/t,P1M,,,,fred:PCOALAUUSDM,https://fred.stlouisfed.org/graph/fredgraph.csv?id=PCOALAUUSDM,2026-09-25T22:26:59Z,
fred:PCOALAUUSDM,price,2007-02-01T00:00:00Z,56.00625,USD/t,P1M,,,,fred:PCOALAUUSDM,https://fred.stlouisfed.org/graph/fredgraph.csv?id=PCOALAUUSDM,2026-09-25T22:26:59Z,
fred:PCOALAUUSDM,price,2007-03-01T00:00:00Z,56.924513,USD/t,P1M,,,,fred:PCOALAUUSDM,https://fred.stlouisfed.org/graph/fredgraph.csv?id=PCOALAUUSDM,2026-09-25T22:26:59Z,
fred:PCOALAUUSDM,price,2007-04-01T00:00:00Z,58.051692,USD/t,P1M,,,,fred:PCOALAUUSDM,https://fred.stlouisfed.org/graph/fredgraph.csv?id=PCOALAUUSDM,2026-09-25T22:26:59Z,
fred:PCOALAUUSDM,price,2007-05-01T00:00:00Z,58.456633,USD/t,P1M,,,,fred:PCOALAUUSDM,https://fred.stlouisfed.org/graph/fredgraph.csv?id=PCOALAUUSDM,2026-09-25T22:26:59Z,
fred:PCOALAUUSDM,price,2007-06-01T00:00:00Z,63.15051,USD/t,P1M,,,,fred:PCOALAUUSDM,https://fred.stlouisfed.org/graph/fredgraph.csv?id=PCOALAUUSDM,2026-09-25T22:26:59Z,
fred:PCOALAUUSDM,price,2007-07-01T00:00:00Z,72.793831,USD/t,P1M,,,,fred:PCOALAUUSDM,https://fred.stlouisfed.org/graph/fredgraph.csv?id=PCOALAUUSDM,2026-09-25T22:26:59Z,
fred:PCOALAUUSDM,price,2007-08-01T00:00:00Z,74.834416,USD/t,P1M,,,,fred:PCOALAUUSDM,https://fred.stlouisfed.org/graph/fredgraph.csv?id=PCOALAUUSDM,2026-09-25T22:26:59Z,
fred:PCOALAUUSDM,price,2007-09-01T00:00:00Z,73.553571,USD/t,P1M,,,,fred:PCOALAUUSDM,https://fred.stlouisfed.org/graph/fredgraph.csv?id=PCOALAUUSDM,2026-09-25T22:26:59Z,
fred:PCOALAUUSDM,price,2007-10-01T00:00:00Z,79.509317,USD/t,P1M,,,,fred:PCOALAUUSDM,https://fred.stlouisfed.org/graph/fredgraph.csv?id=PCOALAUUSDM,2026-09-25T22:26:59Z,
fred:PCOALAUUSDM,price,2007-11-01T00:00:00Z,93.116883,USD/t,P1M,,,,fred:PCOALAUUSDM,https://fred.stlouisfed.org/graph/fredgraph.csv?id=PCOALAUUSDM,2026-09-25T22:26:59Z,
fred:PCOALAUUSDM,price,2007-12-01T00:00:00Z,98.909774,USD/t,P1M,,,,fred:PCOALAUUSDM,https://fred.stlouisfed.org/graph/fredgraph.csv?id=PCOALAUUSDM,2026-09-25T22:26:59Z,
fred:PCOALAUUSDM,price,2008-01-01T00:00:00Z,98.486201,USD/t,P1M,,,,fred:PCOALAUUSDM,https://fred.stlouisfed.org/graph/fredgraph.csv?id=PCOALAUUSDM,2026-09-25T22:26:59Z,
fred:PCOALAUUSDM,price,2008-02-01T00:00:00Z,141.887755,USD/t,P1M,,,,fred:PCOALAUUSDM,https://fred.stlouisfed.org/graph/fredgraph.csv?id=PCOALAUUSDM,2026-09-25T22:26:59Z,
fred:PCOALAUUSDM,price,2008-03-01T00:00:00Z,137.763158,USD/t,P1M,,,,fred:PCOALAUUSDM,https://fred.stlouisfed.org/graph/fredgraph.csv?id=PCOALAUUSDM,2026-09-25T22:26:59Z,
fred:PCOALAUUSDM,price,2008-04-01T00:00:00Z,131.737013,USD/t,P1M,,,,fred:PCOALAUUSDM,https://fred.stlouisfed.org/graph/fredgraph.csv?id=PCOALAUUSDM,2026-09-25T22:26:59Z,
fred:PCOALAUUSDM,price,2008-05-01T00:00:00Z,143.075893,USD/t,P1M,,,,fred:PCOALAUUSDM,https://fred.stlouisfed.org/graph/fredgraph.csv?id=PCOALAUUSDM,2026-09-25T22:26:59Z,
fred:PCOALAUUSDM,price,2008-06-01T00:00:00Z,166.989796,USD/t,P1M,,,,fred:PCOALAUUSDM,https://fred.stlouisfed.org/graph/fredgraph.csv?id=PCOALAUUSDM,2026-09-25T22:26:59Z,
fred:PCOALAUUSDM,price,2008-07-01T00:00:00Z,195.186335,USD/t,P1M,,,,fred:PCOALAUUSDM,https://fred.stlouisfed.org/graph/fredgraph.csv?id=PCOALAUUSDM,2026-09-25T22:26:59Z,
fred:PCOALAUUSDM,price,2008-08-01T00:00:00Z,173.303571,USD/t,P1M,,,,fred:PCOALAUUSDM,https://fred.stlouisfed.org/graph/fredgraph.csv?id=PCOALAUUSDM,2026-09-25T22:26:59Z,
fred:PCOALAUUSDM,price,2008-09-01T00:00:00Z,164.498377,USD/t,P1M,,,,fred:PCOALAUUSDM,https://fred.stlouisfed.org/graph/fredgraph.csv?id=PCOALAUUSDM,2026-09-25T22:26:59Z,
fred:PCOALAUUSDM,price,2008-10-01T00:00:00Z,119.36646,USD/t,P1M,,,,fred:PCOALAUUSDM,https://fred.stlouisfed.org/graph/fredgraph.csv?id=PCOALAUUSDM,2026-09-25T22:26:59Z,
fred:PCOALAUUSDM,price,2008-11-01T00:00:00Z,101.382321,USD/t,P1M,,,,fred:PCOALAUUSDM,https://fred.stlouisfed.org/graph/fredgraph.csv?id=PCOALAUUSDM,2026-09-25T22:26:59Z,
fred:PCOALAUUSDM,price,2008-12-01T00:00:00Z,82.608673,USD/t,P1M,,,,fred:PCOALAUUSDM,https://fred.stlouisfed.org/graph/fredgraph.csv?id=PCOALAUUSDM,2026-09-25T22:26:59Z,
fred:PCOALAUUSDM,price,2009-01-01T00:00:00Z,85.561735,USD/t,P1M,,,,fred:PCOALAUUSDM,https://fred.stlouisfed.org/graph/fredgraph.csv?id=PCOALAUUSDM,2026-09-25T22:26:59Z,
fred:PCOALAUUSDM,price,2009-02-01T00:00:00Z,80.822679,USD/t,P1M,,,,fred:PCOALAUUSDM,https://fred.stlouisfed.org/graph/fredgraph.csv?id=PCOALAUUSDM,2026-09-25T22:26:59Z,
fred:PCOALAUUSDM,price,2009-03-01T00:00:00Z,65.45211,USD/t,P1M,,,,fred:PCOALAUUSDM,https://fred.stlouisfed.org/graph/fredgraph.csv?id=PCOALAUUSDM,2026-09-25T22:26:59Z,
fred:PCOALAUUSDM,price,2009-04-01T00:00:00Z,66.270536,USD/t,P1M,,,,fred:PCOALAUUSDM,https://fred.stlouisfed.org/graph/fredgraph.csv?id=PCOALAUUSDM,2026-09-25T22:26:59Z,
fred:PCOALAUUSDM,price,2009-05-01T00:00:00Z,67.015038,USD/t,P1M,,,,fred:PCOALAUUSDM,https://fred.stlouisfed.org/graph/fredgraph.csv?id=PCOALAUUSDM,2026-09-25T22:26:59Z,
fred:PCOALAUUSDM,price,2009-06-01T00:00:00Z,75.813312,USD/t,P1M,,,,fred:PCOALAUUSDM,https://fred.stlouisfed.org/graph/fredgraph.csv?id=PCOALAUUSDM,2026-09-25T22:26:59Z,
fred:PCOALAUUSDM,price,2009-07-01T00:00:00Z,77.620342,USD/t,P1M,,,,fred:PCOALAUUSDM,https://fred.stlouisfed.org/graph/fredgraph.csv?id=PCOALAUUSDM,2026-09-25T22:26:59Z,
fred:PCOALAUUSDM,price,2009-08-01T00:00:00Z,77.882143,USD/t,P1M,,,,fred:PCOALAUUSDM,https://fred.stlouisfed.org/graph/fredgraph.csv?id=PCOALAUUSDM,2026-09-25T22:26:59Z,
fred:PCOALAUUSDM,price,2009-09-01T00:00:00Z,73.149351,USD/t,P1M,,,,fred:PCOALAUUSDM,https://fred.stlouisfed.org/graph/fredgraph.csv?id=PCOALAUUSDM,2026-09-25T22:26:59Z,
fred:PCOALAUUSDM,price,2009-10-01T00:00:00Z,75.703734,USD/t,P1M,,,,fred:PCOALAUUSDM,https://fred.stlouisfed.org/graph/fredgraph.csv?id=PCOALAUUSDM,2026-09-25T22:26:59Z,
fred:PCOALAUUSDM,price,2009-11-01T00:00:00Z,82.265306,USD/t,P1M,,,,fred:PCOALAUUSDM,https://fred.stlouisfed.org/graph/fredgraph.csv?id=PCOALAUUSDM,2026-09-25T22:26:59Z,
fred:PCOALAUUSDM,price,2009-12-01T00:00:00Z,86.359694,USD/t,P1M,,,,fred:PCOALAUUSDM,https://fred.stlouisfed.org/graph/fredgraph.csv?id=PCOALAUUSDM,2026-09-25T22:26:59Z,
fred:PCOALAUUSDM,price,2010-01-01T00:00:00Z,100.14375,USD/t,P1M,,,,fred:PCOALAUUSDM,https://fred.stlouisfed.org/graph/fredgraph.csv?id=PCOALAUUSDM,2026-09-25T22:26:59Z,
fred:PCOALAUUSDM,price,2010-02-01T00:00:00Z,98.158929,USD/t,P1M,,,,fred:PCOALAUUSDM,https://fred.stlouisfed.org/graph/fredgraph.csv?id=PCOALAUUSDM,2026-09-25T22:26:59Z,
fred:PCOALAUUSDM,price,2010-03-01T00:00:00Z,100.099379,USD/t,P1M,,,,fred:PCOALAUUSDM,https://fred.stlouisfed.org/graph/fredgraph.csv?id=PCOALAUUSDM,2026-09-25T22:26:59Z,
fred:PCOALAUUSDM,price,2010-04-01T00:00:00Z,104.9625,USD/t,P1M,,,,fred:PCOALAUUSDM,https://fred.stlouisfed.org/graph/fredgraph.csv?id=PCOALAUUSDM,2026-09-25T22:26:59Z,
fred:PCOALAUUSDM,price,2010-05-01T00:00:00Z,107.93515,USD/t,P1M,,,,fred:PCOALAUUSDM,https://fred.stlouisfed.org/graph/fredgraph.csv?id=PCOALAUUSDM,2026-09-25T22:26:59Z,
fred:PCOALAUUSDM,price,2010-06-01T00:00:00Z,104.483766,USD/t,P1M,,,,fred:PCOALAUUSDM,https://fred.stlouisfed.org/graph/fredgraph.csv?id=PCOALAUUSDM,2026-09-25T22:26:59Z,
fred:PCOALAUUSDM,price,2010-07-01T00:00:00Z,102.861526,USD/t,P1M,,,,fred:PCOALAUUSDM,https://fred.stlouisfed.org/graph/fredgraph.csv?id=PCOALAUUSDM,2026-09-25T22:26:59Z,
fred:PCOALAUUSDM,price,2010-08-01T00:00:00Z,96.846939,USD/t,P1M,,,,fred:PCOALAUUSDM,https://fred.stlouisfed.org/graph/fredgraph.csv?id=PCOALAUUSDM,2026-09-25T22:26:59Z,
fred:PCOALAUUSDM,price,2010-09-01T00:00:00Z,100.117208,USD/t,P1M,,,,fred:PCOALAUUSDM,https://fred.stlouisfed.org/graph/fredgraph.csv?id=PCOALAUUSDM,2026-09-25T22:26:59Z,
fred:PCOALAUUSDM,price,2010-10-01T00:00:00Z,103.207143,USD/t,P1M,,,,fred:PCOALAUUSDM,https://fred.stlouisfed.org/graph/fredgraph.csv?id=PCOALAUUSDM,2026-09-25T22:26:59Z,
fred:PCOALAUUSDM,price,2010-11-01T00:00:00Z,112.583766,USD/t,P1M,,,,fred:PCOALAUUSDM,https://fred.stlouisfed.org/graph/fredgraph.csv?id=PCOALAUUSDM,2026-09-25T22:26:59Z,
fred:PCOALAUUSDM,price,2010-12-01T00:00:00Z,123.785714,USD/t,P1M,,,,fred:PCOALAUUSDM,https://fred.stlouisfed.org/graph/fredgraph.csv?id=PCOALAUUSDM,2026-09-25T22:26:59Z,
fred:PCOALAUUSDM,price,2011-01-01T00:00:00Z,140.993571,USD/t,P1M,,,,fred:PCOALAUUSDM,https://fred.stlouisfed.org/graph/fredgraph.csv?id=PCOALAUUSDM,2026-09-25T22:26:59Z,
fred:PCOALAUUSDM,price,2011-02-01T00:00:00Z,134.624464,USD/t,P1M,,,,fred:PCOALAUUSDM,https://fred.stlouisfed.org/graph/fredgraph.csv?id=PCOALAUUSDM,2026-09-25T22:26:59Z,
fred:PCOALAUUSDM,price,2011-03-01T00:00:00Z,135.971273,USD/t,P1M,,,,fred:PCOALAUUSDM,https://fred.stlouisfed.org/graph/fredgraph.csv?id=PCOALAUUSDM,2026-09-25T22:26:59Z,
fred:PCOALAUUSDM,price,2011-04-01T00:00:00Z,131.525595,USD/t,P1M,,,,fred:PCOALAUUSDM,https://fred.stlouisfed.org/graph/fredgraph.csv?id=PCOALAUUSDM,2026-09-25T22:26:59Z,
fred:PCOALAUUSDM,price,2011-05-01T00:00:00Z,127.962857,USD/t,P1M,,,,fred:PCOALAUUSDM,https://fred.stlouisfed.org/graph/fredgraph.csv?id=PCOALAUUSDM,2026-09-25T22:26:59Z,
fred:PCOALAUUSDM,price,2011-06-01T00:00:00Z,128.362013,USD/t,P1M,,,,fred:PCOALAUUSDM,https://fred.stlouisfed.org/graph/fredgraph.csv?id=PCOALAUUSDM,2026-09-25T22:26:59Z,
fred:PCOALAUUSDM,price,2011-07-01T00:00:00Z,128.989286,USD/t,P1M,,,,fred:PCOALAUUSDM,https://fred.stlouisfed.org/graph/fredgraph.csv?id=PCOALAUUSDM,2026-09-25T22:26:59Z,
fred:PCOALAUUSDM,price,2011-08-01T00:00:00Z,127.462013,USD/t,P1M,,,,fred:PCOALAUUSDM,https://fred.stlouisfed.org/graph/fredgraph.csv?id=PCOALAUUSDM,2026-09-25T22:26:59Z,
fred:PCOALAUUSDM,price,2011-09-01T00:00:00Z,130.561851,USD/t,P1M,,,,fred:PCOALAUUSDM,https://fred.stlouisfed.org/graph/fredgraph.csv?id=PCOALAUUSDM,2026-09-25T22:26:59Z,
fred:PCOALAUUSDM,price,2011-10-01T00:00:00Z,127.912755,USD/t,P1M,,,,fred:PCOALAUUSDM,https://fred.stlouisfed.org/graph/fredgraph.csv?id=PCOALAUUSDM,2026-09-25T22:26:59Z,
fred:PCOALAUUSDM,price,2011-11-01T00:00:00Z,122.745292,USD/t,P1M,,,,fred:PCOALAUUSDM,https://fred.stlouisfed.org/graph/fredgraph.csv?id=PCOALAUUSDM,2026-09-25T22:26:59Z,
fred:PCOALAUUSDM,price,2011-12-01T00:00:00Z,118.176429,USD/t,P1M,,,,fred:PCOALAUUSDM,https://fred.stlouisfed.org/graph/fredgraph.csv?id=PCOALAUUSDM,2026-09-25T22:26:59Z,
fred:PCOALAUUSDM,price,2012-01-01T00:00:00Z,123.085714,USD/t,P1M,,,,fred:PCOALAUUSDM,https://fred.stlouisfed.org/graph/fredgraph.csv?id=PCOALAUUSDM,2026-09-25T22:26:59Z,
fred:PCOALAUUSDM,price,2012-02-01T00:00:00Z,124.966837,USD/t,P1M,,,,fred:PCOALAUUSDM,https://fred.stlouisfed.org/graph/fredgraph.csv?id=PCOALAUUSDM,2026-09-25T22:26:59Z,
fred:PCOALAUUSDM,price,2012-03-01T00:00:00Z,114.150974,USD/t,P1M,,,,fred:PCOALAUUSDM,https://fred.stlouisfed.org/graph/fredgraph.csv?id=PCOALAUUSDM,2026-09-25T22:26:59Z,
fred:PCOALAUUSDM,price,2012-04-01T00:00:00Z,110.353759,USD/t,P1M,,,,fred:PCOALAUUSDM,https://fred.stlouisfed.org/graph/fredgraph.csv?id=PCOALAUUSDM,2026-09-25T22:26:59Z,
fred:PCOALAUUSDM,price,2012-05-01T00:00:00Z,103.819481,USD/t,P1M,,,,fred:PCOALAUUSDM,https://fred.stlouisfed.org/graph/fredgraph.csv?id=PCOALAUUSDM,2026-09-25T22:26:59Z,
fred:PCOALAUUSDM,price,2012-06-01T00:00:00Z,92.754699,USD/t,P1M,,,,fred:PCOALAUUSDM,https://fred.stlouisfed.org/graph/fredgraph.csv?id=PCOALAUUSDM,2026-09-25T22:26:59Z,
fred:PCOALAUUSDM,price,2012-07-01T00:00:00Z,91.364123,USD/t,P1M,,,,fred:PCOALAUUSDM,https://fred.stlouisfed.org/graph/fredgraph.csv?id=PCOALAUUSDM,2026-09-25T22:26:59Z,
fred:PCOALAUUSDM,price,2012-08-01T00:00:00Z,93.456331,USD/t,P1M,,,,fred:PCOALAUUSDM,https://fred.stlouisfed.org/graph/fredgraph.csv?id=PCOALAUUSDM,2026-09-25T22:26:59Z,
fred:PCOALAUUSDM,price,2012-09-01T00:00:00Z,93.181607,USD/t,P1M,,,,fred:PCOALAUUSDM,https://fred.stlouisfed.org/graph/fredgraph.csv?id=PCOALAUUSDM,2026-09-25T22:26:59Z,
fred:PCOALAUUSDM,price,2012-10-01T00:00:00Z,86.885404,USD/t,P1M,,,,fred:PCOALAUUSDM,https://fred.stlouisfed.org/graph/fredgraph.csv?id=PCOALAUUSDM,2026-09-25T22:26:59Z,
fred:PCOALAUUSDM,price,2012-11-01T00:00:00Z,87.219643,USD/t,P1M,,,,fred:PCOALAUUSDM,https://fred.stlouisfed.org/graph/fredgraph.csv?id=PCOALAUUSDM,2026-09-25T22:26:59Z,
fred:PCOALAUUSDM,price,2012-12-01T00:00:00Z,96.076128,USD/t,P1M,,,,fred:PCOALAUUSDM,https://fred.stlouisfed.org/graph/fredgraph.csv?id=PCOALAUUSDM,2026-09-25T22:26:59Z,
fred:PCOALAUUSDM,price,2013-01-01T00:00:00Z,96.95211,USD/t,P1M,,,,fred:PCOALAUUSDM,https://fred.stlouisfed.org/graph/fredgraph.csv?id=PCOALAUUSDM,2026-09-25T22:26:59Z,
fred:PCOALAUUSDM,price,2013-02-01T00:00:00Z,100.347321,USD/t,P1M,,,,fred:PCOALAUUSDM,https://fred.stlouisfed.org/graph/fredgraph.csv?id=PCOALAUUSDM,2026-09-25T22:26:59Z,
fred:PCOALAUUSDM,price,2013-03-01T00:00:00Z,97.316786,USD/t,P1M,,,,fred:PCOALAUUSDM,https://fred.stlouisfed.org/graph/fredgraph.csv?id=PCOALAUUSDM,2026-09-25T22:26:59Z,
fred:PCOALAUUSDM,price,2013-04-01T00:00:00Z,93.233163,USD/t,P1M,,,,fred:PCOALAUUSDM,https://fred.stlouisfed.org/graph/fredgraph.csv?id=PCOALAUUSDM,2026-09-25T22:26:59Z,
fred:PCOALAUUSDM,price,2013-05-01T00:00:00Z,93.12602,USD/t,P1M,,,,fred:PCOALAUUSDM,https://fred.stlouisfed.org/graph/fredgraph.csv?id=PCOALAUUSDM,2026-09-25T22:26:59Z,
fred:PCOALAUUSDM,price,2013-06-01T00:00:00Z,89.642679,USD/t,P1M,,,,fred:PCOALAUUSDM,https://fred.stlouisfed.org/graph/fredgraph.csv?id=PCOALAUUSDM,2026-09-25T22:26:59Z,
fred:PCOALAUUSDM,price,2013-07-01T00:00:00Z,82.22236,USD/t,P1M,,,,fred:PCOALAUUSDM,https://fred.stlouisfed.org/graph/fredgraph.csv?id=PCOALAUUSDM,2026-09-25T22:26:59Z,
fred:PCOALAUUSDM,price,2013-08-01T00:00:00Z,82.221429,USD/t,P1M,,,,fred:PCOALAUUSDM,https://fred.stlouisfed.org/graph/fredgraph.csv?id=PCOALAUUSDM,2026-09-25T22:26:59Z,
fred:PCOALAUUSDM,price,2013-09-01T00:00:00Z,83.295918,USD/t,P1M,,,,fred:PCOALAUUSDM,https://fred.stlouisfed.org/graph/fredgraph.csv?id=PCOALAUUSDM,2026-09-25T22:26:59Z,
fred:PCOALAUUSDM,price,2013-10-01T00:00:00Z,85.443634,USD/t,P1M,,,,fred:PCOALAUUSDM,https://fred.stlouisfed.org/graph/fredgraph.csv?id=PCOALAUUSDM,2026-09-25T22:26:59Z,
fred:PCOALAUUSDM,price,2013-11-01T00:00:00Z,88.363265,USD/t,P1M,,,,fred:PCOALAUUSDM,https://fred.stlouisfed.org/graph/fredgraph.csv?id=PCOALAUUSDM,2026-09-25T22:26:59Z,
fred:PCOALAUUSDM,price,2013-12-01T00:00:00Z,89.444464,USD/t,P1M,,,,fred:PCOALAUUSDM,https://fred.stlouisfed.org/graph/fredgraph.csv?id=PCOALAUUSDM,2026-09-25T22:26:59Z,
fred:PCOALAUUSDM,price,2014-01-01T00:00:00Z,87.973539,USD/t,P1M,,,,fred:PCOALAUUSDM,https://fred.stlouisfed.org/graph/fredgraph.csv?id=PCOALAUUSDM,2026-09-25T22:26:59Z,
fred:PCOALAUUSDM,price,2014-02-01T00:00:00Z,83.027679,USD/t,P1M,,,,fred:PCOALAUUSDM,https://fred.stlouisfed.org/graph/fredgraph.csv?id=PCOALAUUSDM,2026-09-25T22:26:59Z,
fred:PCOALAUUSDM,price,2014-03-01T00:00:00Z,79.753061,USD/t,P1M,,,,fred:PCOALAUUSDM,https://fred.stlouisfed.org/graph/fredgraph.csv?id=PCOALAUUSDM,2026-09-25T22:26:59Z,
fred:PCOALAUUSDM,price,2014-04-01T00:00:00Z,78.520714,USD/t,P1M,,,,fred:PCOALAUUSDM,https://fred.stlouisfed.org/graph/fredgraph.csv?id=PCOALAUUSDM,2026-09-25T22:26:59Z,
fred:PCOALAUUSDM,price,2014-05-01T00:00:00Z,78.834643,USD/t,P1M,,,,fred:PCOALAUUSDM,https://fred.stlouisfed.org/graph/fredgraph.csv?id=PCOALAUUSDM,2026-09-25T22:26:59Z,
fred:PCOALAUUSDM,price,2014-06-01T00:00:00Z,77.348469,USD/t,P1M,,,,fred:PCOALAUUSDM,https://fred.stlouisfed.org/graph/fredgraph.csv?id=PCOALAUUSDM,2026-09-25T22:26:59Z,
fred:PCOALAUUSDM,price,2014-07-01T00:00:00Z,74.038043,USD/t,P1M,,,,fred:PCOALAUUSDM,https://fred.stlouisfed.org/graph/fredgraph.csv?id=PCOALAUUSDM,2026-09-25T22:26:59Z,
fred:PCOALAUUSDM,price,2014-08-01T00:00:00Z,74.248393,USD/t,P1M,,,,fred:PCOALAUUSDM,https://fred.stlouisfed.org/graph/fredgraph.csv?id=PCOALAUUSDM,2026-09-25T22:26:59Z,
fred:PCOALAUUSDM,price,2014-09-01T00:00:00Z,71.525649,USD/t,P1M,,,,fred:PCOALAUUSDM,https://fred.stlouisfed.org/graph/fredgraph.csv?id=PCOALAUUSDM,2026-09-25T22:26:59Z,
fred:PCOALAUUSDM,price,2014-10-01T00:00:00Z,68.984627,USD/t,P1M,,,,fred:PCOALAUUSDM,https://fred.stlouisfed.org/graph/fredgraph.csv?id=PCOALAUUSDM,2026-09-25T22:26:59Z,
fred:PCOALAUUSDM,price,2014-11-01T00:00:00Z,67.330714,USD/t,P1M,,,,fred:PCOALAUUSDM,https://fred.stlouisfed.org/graph/fredgraph.csv?id=PCOALAUUSDM,2026-09-25T22:26:59Z,
fred:PCOALAUUSDM,price,2014-12-01T00:00:00Z,67.162245,USD/t,P1M,,,,fred:PCOALAUUSDM,https://fred.stlouisfed.org/graph/fredgraph.csv?id=PCOALAUUSDM,2026-09-25T22:26:59Z,
fred:PCOALAUUSDM,price,2015-01-01T00:00:00Z,64.716327,USD/t,P1M,,,,fred:PCOALAUUSDM,https://fred.stlouisfed.org/graph/fredgraph.csv?id=PCOALAUUSDM,2026-09-25T22:26:59Z,
fred:PCOALAUUSDM,price,2015-02-01T00:00:00Z,70.659107,USD/t,P1M,,,,fred:PCOALAUUSDM,https://fred.stlouisfed.org/graph/fredgraph.csv?id=PCOALAUUSDM,2026-09-25T22:26:59Z,
fred:PCOALAUUSDM,price,2015-03-01T00:00:00Z,68.344968,USD/t,P1M,,,,fred:PCOALAUUSDM,https://fred.stlouisfed.org/graph/fredgraph.csv?id=PCOALAUUSDM,2026-09-25T22:26:59Z,
fred:PCOALAUUSDM,price,2015-04-01T00:00:00Z,61.197857,USD/t,P1M,,,,fred:PCOALAUUSDM,https://fred.stlouisfed.org/graph/fredgraph.csv?id=PCOALAUUSDM,2026-09-25T22:26:59Z,
fred:PCOALAUUSDM,price,2015-05-01T00:00:00Z,65.671241,USD/t,P1M,,,,fred:PCOALAUUSDM,https://fred.stlouisfed.org/graph/fredgraph.csv?id=PCOALAUUSDM,2026-09-25T22:26:59Z,
fred:PCOALAUUSDM,price,2015-06-01T00:00:00Z,63.104708,USD/t,P1M,,,,fred:PCOALAUUSDM,https://fred.stlouisfed.org/graph/fredgraph.csv?id=PCOALAUUSDM,2026-09-25T22:26:59Z,
fred:PCOALAUUSDM,price,2015-07-01T00:00:00Z,64.48323,USD/t,P1M,,,,fred:PCOALAUUSDM,https://fred.stlouisfed.org/graph/fredgraph.csv?id=PCOALAUUSDM,2026-09-25T22:26:59Z,
fred:PCOALAUUSDM,price,2015-08-01T00:00:00Z,63.393214,USD/t,P1M,,,,fred:PCOALAUUSDM,https://fred.stlouisfed.org/graph/fredgraph.csv?id=PCOALAUUSDM,2026-09-25T22:26:59Z,
fred:PCOALAUUSDM,price,2015-09-01T00:00:00Z,61.765422,USD/t,P1M,,,,fred:PCOALAUUSDM,https://fred.stlouisfed.org/graph/fredgraph.csv?id=PCOALAUUSDM,2026-09-25T22:26:59Z,
fred:PCOALAUUSDM,price,2015-10-01T00:00:00Z,57.330682,USD/t,P1M,,,,fred:PCOALAUUSDM,https://fred.stlouisfed.org/graph/fredgraph.csv?id=PCOALAUUSDM,2026-09-25T22:26:59Z,
fred:PCOALAUUSDM,price,2015-11-01T00:00:00Z,55.778061,USD/t,P1M,,,,fred:PCOALAUUSDM,https://fred.stlouisfed.org/graph/fredgraph.csv?id=PCOALAUUSDM,2026-09-25T22:26:59Z,
fred:PCOALAUUSDM,price,2015-12-01T00:00:00Z,55.865816,USD/t,P1M,,,,fred:PCOALAUUSDM,https://fred.stlouisfed.org/graph/fredgraph.csv?id=PCOALAUUSDM,2026-09-25T22:26:59Z,
fred:PCOALAUUSDM,price,2016-01-01T00:00:00Z,53.428929,USD/t,P1M,,,,fred:PCOALAUUSDM,https://fred.stlouisfed.org/graph/fredgraph.csv?id=PCOALAUUSDM,2026-09-25T22:26:59Z,
fred:PCOALAUUSDM,price,2016-02-01T00:00:00Z,53.781633,USD/t,P1M,,,,fred:PCOALAUUSDM,https://fred.stlouisfed.org/graph/fredgraph.csv?id=PCOALAUUSDM,2026-09-25T22:26:59Z,
fred:PCOALAUUSDM,price,2016-03-01T00:00:00Z,55.435204,USD/t,P1M,,,,fred:PCOALAUUSDM,https://fred.stlouisfed.org/graph/fredgraph.csv?id=PCOALAUUSDM,2026-09-25T22:26:59Z,
fred:PCOALAUUSDM,price,2016-04-01T00:00:00Z,54.658673,USD/t,P1M,,,,fred:PCOALAUUSDM,https://fred.stlouisfed.org/graph/fredgraph.csv?id=PCOALAUUSDM,2026-09-25T22:26:59Z,
fred:PCOALAUUSDM,price,2016-05-01T00:00:00Z,54.527143,USD/t,P1M,,,,fred:PCOALAUUSDM,https://fred.stlouisfed.org/graph/fredgraph.csv?id=PCOALAUUSDM,2026-09-25T22:26:59Z,
fred:PCOALAUUSDM,price,2016-06-01T00:00:00Z,56.228571,USD/t,P1M,,,,fred:PCOALAUUSDM,https://fred.stlouisfed.org/graph/fredgraph.csv?id=PCOALAUUSDM,2026-09-25T22:26:59Z,
fred:PCOALAUUSDM,price,2016-07-01T00:00:00Z,64.418367,USD/t,P1M,,,,fred:PCOALAUUSDM,https://fred.stlouisfed.org/graph/fredgraph.csv?id=PCOALAUUSDM,2026-09-25T22:26:59Z,
fred:PCOALAUUSDM,price,2016-08-01T00:00:00Z,71.326948,USD/t,P1M,,,,fred:PCOALAUUSDM,https://fred.stlouisfed.org/graph/fredgraph.csv?id=PCOALAUUSDM,2026-09-25T22:26:59Z,
fred:PCOALAUUSDM,price,2016-09-01T00:00:00Z,76.373864,USD/t,P1M,,,,fred:PCOALAUUSDM,https://fred.stlouisfed.org/graph/fredgraph.csv?id=PCOALAUUSDM,2026-09-25T22:26:59Z,
fred:PCOALAUUSDM,price,2016-10-01T00:00:00Z,96.239796,USD/t,P1M,,,,fred:PCOALAUUSDM,https://fred.stlouisfed.org/graph/fredgraph.csv?id=PCOALAUUSDM,2026-09-25T22:26:59Z,
fred:PCOALAUUSDM,price,2016-11-01T00:00:00Z,111.428084,USD/t,P1M,,,,fred:PCOALAUUSDM,https://fred.stlouisfed.org/graph/fredgraph.csv?id=PCOALAUUSDM,2026-09-25T22:26:59Z,
fred:PCOALAUUSDM,price,2016-12-01T00:00:00Z,93.134464,USD/t,P1M,,,,fred:PCOALAUUSDM,https://fred.stlouisfed.org/graph/fredgraph.csv?id=PCOALAUUSDM,2026-09-25T22:26:59Z,
fred:PCOALAUUSDM,price,2017-01-01T00:00:00Z,91.42449,USD/t,P1M,,,,fred:PCOALAUUSDM,https://fred.stlouisfed.org/graph/fredgraph.csv?id=PCOALAUUSDM,2026-09-25T22:26:59Z,
fred:PCOALAUUSDM,price,2017-02-01T00:00:00Z,85.969286,USD/t,P1M,,,,fred:PCOALAUUSDM,https://fred.stlouisfed.org/graph/fredgraph.csv?id=PCOALAUUSDM,2026-09-25T22:26:59Z,
fred:PCOALAUUSDM,price,2017-03-01T00:00:00Z,86.333851,USD/t,P1M,,,,fred:PCOALAUUSDM,https://fred.stlouisfed.org/graph/fredgraph.csv?id=PCOALAUUSDM,2026-09-25T22:26:59Z,
fred:PCOALAUUSDM,price,2017-04-01T00:00:00Z,90.110714,USD/t,P1M,,,,fred:PCOALAUUSDM,https://fred.stlouisfed.org/graph/fredgraph.csv?id=PCOALAUUSDM,2026-09-25T22:26:59Z,
fred:PCOALAUUSDM,price,2017-05-01T00:00:00Z,80.118367,USD/t,P1M,,,,fred:PCOALAUUSDM,https://fred.stlouisfed.org/graph/fredgraph.csv?id=PCOALAUUSDM,2026-09-25T22:26:59Z,
fred:PCOALAUUSDM,price,2017-06-01T00:00:00Z,85.673377,USD/t,P1M,,,,fred:PCOALAUUSDM,https://fred.stlouisfed.org/graph/fredgraph.csv?id=PCOALAUUSDM,2026-09-25T22:26:59Z,
fred:PCOALAUUSDM,price,2017-07-01T00:00:00Z,90.77398,USD/t,P1M,,,,fred:PCOALAUUSDM,https://fred.stlouisfed.org/graph/fredgraph.csv?id=PCOALAUUSDM,2026-09-25T22:26:59Z,
fred:PCOALAUUSDM,price,2017-08-01T00:00:00Z,102.772403,USD/t,P1M,,,,fred:PCOALAUUSDM,https://fred.stlouisfed.org/graph/fredgraph.csv?id=PCOALAUUSDM,2026-09-25T22:26:59Z,
fred:PCOALAUUSDM,price,2017-09-01T00:00:00Z,104.775,USD/t,P1M,,,,fred:PCOALAUUSDM,https://fred.stlouisfed.org/graph/fredgraph.csv?id=PCOALAUUSDM,2026-09-25T22:26:59Z,
fred:PCOALAUUSDM,price,2017-10-01T00:00:00Z,103.249675,USD/t,P1M,,,,fred:PCOALAUUSDM,https://fred.stlouisfed.org/graph/fredgraph.csv?id=PCOALAUUSDM,2026-09-25T22:26:59Z,
fred:PCOALAUUSDM,price,2017-11-01T00:00:00Z,102.487013,USD/t,P1M,,,,fred:PCOALAUUSDM,https://fred.stlouisfed.org/graph/fredgraph.csv?id=PCOALAUUSDM,2026-09-25T22:26:59Z,
fred:PCOALAUUSDM,price,2017-12-01T00:00:00Z,105.968797,USD/t,P1M,,,,fred:PCOALAUUSDM,https://fred.stlouisfed.org/graph/fredgraph.csv?id=PCOALAUUSDM,2026-09-25T22:26:59Z,
fred:PCOALAUUSDM,price,2018-01-01T00:00:00Z,111.93263,USD/t,P1M,,,,fred:PCOALAUUSDM,https://fred.stlouisfed.org/graph/fredgraph.csv?id=PCOALAUUSDM,2026-09-25T22:26:59Z,
fred:PCOALAUUSDM,price,2018-02-01T00:00:00Z,111.477321,USD/t,P1M,,,,fred:PCOALAUUSDM,https://fred.stlouisfed.org/graph/fredgraph.csv?id=PCOALAUUSDM,2026-09-25T22:26:59Z,
fred:PCOALAUUSDM,price,2018-03-01T00:00:00Z,105.728061,USD/t,P1M,,,,fred:PCOALAUUSDM,https://fred.stlouisfed.org/graph/fredgraph.csv?id=PCOALAUUSDM,2026-09-25T22:26:59Z,
fred:PCOALAUUSDM,price,2018-04-01T00:00:00Z,99.223393,USD/t,P1M,,,,fred:PCOALAUUSDM,https://fred.stlouisfed.org/graph/fredgraph.csv?id=PCOALAUUSDM,2026-09-25T22:26:59Z,
fred:PCOALAUUSDM,price,2018-05-01T00:00:00Z,109.375,USD/t,P1M,,,,fred:PCOALAUUSDM,https://fred.stlouisfed.org/graph/fredgraph.csv?id=PCOALAUUSDM,2026-09-25T22:26:59Z,
fred:PCOALAUUSDM,price,2018-06-01T00:00:00Z,121.52449,USD/t,P1M,,,,fred:PCOALAUUSDM,https://fred.stlouisfed.org/graph/fredgraph.csv?id=PCOALAUUSDM,2026-09-25T22:26:59Z,
fred:PCOALAUUSDM,price,2018-07-01T00:00:00Z,125.085877,USD/t,P1M,,,,fred:PCOALAUUSDM,https://fred.stlouisfed.org/graph/fredgraph.csv?id=PCOALAUUSDM,2026-09-25T22:26:59Z,
fred:PCOALAUUSDM,price,2018-08-01T00:00:00Z,123.734903,USD/t,P1M,,,,fred:PCOALAUUSDM,https://fred.stlouisfed.org/graph/fredgraph.csv?id=PCOALAUUSDM,2026-09-25T22:26:59Z,
fred:PCOALAUUSDM,price,2018-09-01T00:00:00Z,122.229107,USD/t,P1M,,,,fred:PCOALAUUSDM,https://fred.stlouisfed.org/graph/fredgraph.csv?id=PCOALAUUSDM,2026-09-25T22:26:59Z,
fred:PCOALAUUSDM,price,2018-10-01T00:00:00Z,114.762112,USD/t,P1M,,,,fred:PCOALAUUSDM,https://fred.stlouisfed.org/graph/fredgraph.csv?id=PCOALAUUSDM,2026-09-25T22:26:59Z,
fred:PCOALAUUSDM,price,2018-11-01T00:00:00Z,107.552922,USD/t,P1M,,,,fred:PCOALAUUSDM,https://fred.stlouisfed.org/graph/fredgraph.csv?id=PCOALAUUSDM,2026-09-25T22:26:59Z,
fred:PCOALAUUSDM,price,2018-12-01T00:00:00Z,106.143609,USD/t,P1M,,,,fred:PCOALAUUSDM,https://fred.stlouisfed.org/graph/fredgraph.csv?id=PCOALAUUSDM,2026-09-25T22:26:59Z,
fred:PCOALAUUSDM,price,2019-01-01T00:00:00Z,105.401299,USD/t,P1M,,,,fred:PCOALAUUSDM,https://fred.stlouisfed.org/graph/fredgraph.csv?id=PCOALAUUSDM,2026-09-25T22:26:59Z,
fred:PCOALAUUSDM,price,2019-02-01T00:00:00Z,101.357143,USD/t,P1M,,,,fred:PCOALAUUSDM,https://fred.stlouisfed.org/graph/fredgraph.csv?id=PCOALAUUSDM,2026-09-25T22:26:59Z,
fred:PCOALAUUSDM,price,2019-03-01T00:00:00Z,99.669898,USD/t,P1M,,,,fred:PCOALAUUSDM,https://fred.stlouisfed.org/graph/fredgraph.csv?id=PCOALAUUSDM,2026-09-25T22:26:59Z,
fred:PCOALAUUSDM,price,2019-04-01T00:00:00Z,88.764643,USD/t,P1M,,,,fred:PCOALAUUSDM,https://fred.stlouisfed.org/graph/fredgraph.csv?id=PCOALAUUSDM,2026-09-25T22:26:59Z,
fred:PCOALAUUSDM,price,2019-05-01T00:00:00Z,89.564286,USD/t,P1M,,,,fred:PCOALAUUSDM,https://fred.stlouisfed.org/graph/fredgraph.csv?id=PCOALAUUSDM,2026-09-25T22:26:59Z,
fred:PCOALAUUSDM,price,2019-06-01T00:00:00Z,77.629821,USD/t,P1M,,,,fred:PCOALAUUSDM,https://fred.stlouisfed.org/graph/fredgraph.csv?id=PCOALAUUSDM,2026-09-25T22:26:59Z,
fred:PCOALAUUSDM,price,2019-07-01T00:00:00Z,77.845807,USD/t,P1M,,,,fred:PCOALAUUSDM,https://fred.stlouisfed.org/graph/fredgraph.csv?id=PCOALAUUSDM,2026-09-25T22:26:59Z,
fred:PCOALAUUSDM,price,2019-08-01T00:00:00Z,69.739286,USD/t,P1M,,,,fred:PCOALAUUSDM,https://fred.stlouisfed.org/graph/fredgraph.csv?id=PCOALAUUSDM,2026-09-25T22:26:59Z,
fred:PCOALAUUSDM,price,2019-09-01T00:00:00Z,66.958673,USD/t,P1M,,,,fred:PCOALAUUSDM,https://fred.stlouisfed.org/graph/fredgraph.csv?id=PCOALAUUSDM,2026-09-25T22:26:59Z,
fred:PCOALAUUSDM,price,2019-10-01T00:00:00Z,69.194255,USD/t,P1M,,,,fred:PCOALAUUSDM,https://fred.stlouisfed.org/graph/fredgraph.csv?id=PCOALAUUSDM,2026-09-25T22:26:59Z,
fred:PCOALAUUSDM,price,2019-11-01T00:00:00Z,69.729082,USD/t,P1M,,,,fred:PCOALAUUSDM,https://fred.stlouisfed.org/graph/fredgraph.csv?id=PCOALAUUSDM,2026-09-25T22:26:59Z,
fred:PCOALAUUSDM,price,2019-12-01T00:00:00Z,70.464643,USD/t,P1M,,,,fred:PCOALAUUSDM,https://fred.stlouisfed.org/graph/fredgraph.csv?id=PCOALAUUSDM,2026-09-25T22:26:59Z,
fred:PCOALAUUSDM,price,2020-01-01T00:00:00Z,72.106169,USD/t,P1M,,,,fred:PCOALAUUSDM,https://fred.stlouisfed.org/graph/fredgraph.csv?id=PCOALAUUSDM,2026-09-25T22:26:59Z,
fred:PCOALAUUSDM,price,2020-02-01T00:00:00Z,71.050179,USD/t,P1M,,,,fred:PCOALAUUSDM,https://fred.stlouisfed.org/graph/fredgraph.csv?id=PCOALAUUSDM,2026-09-25T22:26:59Z,
fred:PCOALAUUSDM,price,2020-03-01T00:00:00Z,70.20487,USD/t,P1M,,,,fred:PCOALAUUSDM,https://fred.stlouisfed.org/graph/fredgraph.csv?id=PCOALAUUSDM,2026-09-25T22:26:59Z,
fred:PCOALAUUSDM,price,2020-04-01T00:00:00Z,64.62,USD/t,P1M,,,,fred:PCOALAUUSDM,https://fred.stlouisfed.org/graph/fredgraph.csv?id=PCOALAUUSDM,2026-09-25T22:26:59Z,
fred:PCOALAUUSDM,price,2020-05-01T00:00:00Z,54.148308,USD/t,P1M,,,,fred:PCOALAUUSDM,https://fred.stlouisfed.org/graph/fredgraph.csv?id=PCOALAUUSDM,2026-09-25T22:26:59Z,
fred:PCOALAUUSDM,price,2020-06-01T00:00:00Z,55.00276,USD/t,P1M,,,,fred:PCOALAUUSDM,https://fred.stlouisfed.org/graph/fredgraph.csv?id=PCOALAUUSDM,2026-09-25T22:26:59Z,
fred:PCOALAUUSDM,price,2020-07-01T00:00:00Z,51.672205,USD/t,P1M,,,,fred:PCOALAUUSDM,https://fred.stlouisfed.org/graph/fredgraph.csv?id=PCOALAUUSDM,2026-09-25T22:26:59Z,
fred:PCOALAUUSDM,price,2020-08-01T00:00:00Z,51.3825,USD/t,P1M,,,,fred:PCOALAUUSDM,https://fred.stlouisfed.org/graph/fredgraph.csv?id=PCOALAUUSDM,2026-09-25T22:26:59Z,
fred:PCOALAUUSDM,price,2020-09-01T00:00:00Z,52.005682,USD/t,P1M,,,,fred:PCOALAUUSDM,https://fred.stlouisfed.org/graph/fredgraph.csv?id=PCOALAUUSDM,2026-09-25T22:26:59Z,
fred:PCOALAUUSDM,price,2020-10-01T00:00:00Z,58.069481,USD/t,P1M,,,,fred:PCOALAUUSDM,https://fred.stlouisfed.org/graph/fredgraph.csv?id=PCOALAUUSDM,2026-09-25T22:26:59Z,
fred:PCOALAUUSDM,price,2020-11-01T00:00:00Z,62.946429,USD/t,P1M,,,,fred:PCOALAUUSDM,https://fred.stlouisfed.org/graph/fredgraph.csv?id=PCOALAUUSDM,2026-09-25T22:26:59Z,
fred:PCOALAUUSDM,price,2020-12-01T00:00:00Z,80.589796,USD/t,P1M,,,,fred:PCOALAUUSDM,https://fred.stlouisfed.org/graph/fredgraph.csv?id=PCOALAUUSDM,2026-09-25T22:26:59Z,
fred:PCOALAUUSDM,price,2021-01-01T00:00:00Z,90.995357,USD/t,P1M,,,,fred:PCOALAUUSDM,https://fred.stlouisfed.org/graph/fredgraph.csv?id=PCOALAUUSDM,2026-09-25T22:26:59Z,
fred:PCOALAUUSDM,price,2021-02-01T00:00:00Z,92.485714,USD/t,P1M,,,,fred:PCOALAUUSDM,https://fred.stlouisfed.org/graph/fredgraph.csv?id=PCOALAUUSDM,2026-09-25T22:26:59Z,
fred:PCOALAUUSDM,price,2021-03-01T00:00:00Z,95.230901,USD/t,P1M,,,,fred:PCOALAUUSDM,https://fred.stlouisfed.org/graph/fredgraph.csv?id=PCOALAUUSDM,2026-09-25T22:26:59Z,
fred:PCOALAUUSDM,price,2021-04-01T00:00:00Z,97.847679,USD/t,P1M,,,,fred:PCOALAUUSDM,https://fred.stlouisfed.org/graph/fredgraph.csv?id=PCOALAUUSDM,2026-09-25T22:26:59Z,
fred:PCOALAUUSDM,price,2021-05-01T00:00:00Z,104.207143,USD/t,P1M,,,,fred:PCOALAUUSDM,https://fred.stlouisfed.org/graph/fredgraph.csv?id=PCOALAUUSDM,2026-09-25T22:26:59Z,
fred:PCOALAUUSDM,price,2021-06-01T00:00:00Z,132.152922,USD/t,P1M,,,,fred:PCOALAUUSDM,https://fred.stlouisfed.org/graph/fredgraph.csv?id=PCOALAUUSDM,2026-09-25T22:26:59Z,
fred:PCOALAUUSDM,price,2021-07-01T00:00:00Z,153.198214,USD/t,P1M,,,,fred:PCOALAUUSDM,https://fred.stlouisfed.org/graph/fredgraph.csv?id=PCOALAUUSDM,2026-09-25T22:26:59Z,
fred:PCOALAUUSDM,price,2021-08-01T00:00:00Z,173.568367,USD/t,P1M,,,,fred:PCOALAUUSDM,https://fred.stlouisfed.org/graph/fredgraph.csv?id=PCOALAUUSDM,2026-09-25T22:26:59Z,
fred:PCOALAUUSDM,price,2021-09-01T00:00:00Z,188.12289,USD/t,P1M,,,,fred:PCOALAUUSDM,https://fred.stlouisfed.org/graph/fredgraph.csv?id=PCOALAUUSDM,2026-09-25T22:26:59Z,
fred:PCOALAUUSDM,price,2021-10-01T00:00:00Z,240.732143,USD/t,P1M,,,,fred:PCOALAUUSDM,https://fred.stlouisfed.org/graph/fredgraph.csv?id=PCOALAUUSDM,2026-09-25T22:26:59Z,
fred:PCOALAUUSDM,price,2021-11-01T00:00:00Z,177.801623,USD/t,P1M,,,,fred:PCOALAUUSDM,https://fred.stlouisfed.org/graph/fredgraph.csv?id=PCOALAUUSDM,2026-09-25T22:26:59Z,
fred:PCOALAUUSDM,price,2021-12-01T00:00:00Z,181.47398,USD/t,P1M,,,,fred:PCOALAUUSDM,https://fred.stlouisfed.org/graph/fredgraph.csv?id=PCOALAUUSDM,2026-09-25T22:26:59Z,
fred:PCOALAUUSDM,price,2022-01-01T00:00:00Z,231.760179,USD/t,P1M,,,,fred:PCOALAUUSDM,https://fred.stlouisfed.org/graph/fredgraph.csv?id=PCOALAUUSDM,2026-09-25T22:26:59Z,
fred:PCOALAUUSDM,price,2022-02-01T00:00:00Z,272.486786,USD/t,P1M,,,,fred:PCOALAUUSDM,https://fred.stlouisfed.org/graph/fredgraph.csv?id=PCOALAUUSDM,2026-09-25T22:26:59Z,
fred:PCOALAUUSDM,price,2022-03-01T00:00:00Z,353.440528,USD/t,P1M,,,,fred:PCOALAUUSDM,https://fred.stlouisfed.org/graph/fredgraph.csv?id=PCOALAUUSDM,2026-09-25T22:26:59Z,
fred:PCOALAUUSDM,price,2022-04-01T00:00:00Z,334.718233,USD/t,P1M,,,,fred:PCOALAUUSDM,https://fred.stlouisfed.org/graph/fredgraph.csv?id=PCOALAUUSDM,2026-09-25T22:26:59Z,
fred:PCOALAUUSDM,price,2022-05-01T00:00:00Z,418.493878,USD/t,P1M,,,,fred:PCOALAUUSDM,https://fred.stlouisfed.org/graph/fredgraph.csv?id=PCOALAUUSDM,2026-09-25T22:26:59Z,
fred:PCOALAUUSDM,price,2022-06-01T00:00:00Z,427.425,USD/t,P1M,,,,fred:PCOALAUUSDM,https://fred.stlouisfed.org/graph/fredgraph.csv?id=PCOALAUUSDM,2026-09-25T22:26:59Z,
fred:PCOALAUUSDM,price,2022-07-01T00:00:00Z,433.626531,USD/t,P1M,,,,fred:PCOALAUUSDM,https://fred.stlouisfed.org/graph/fredgraph.csv?id=PCOALAUUSDM,2026-09-25T22:26:59Z,
fred:PCOALAUUSDM,price,2022-08-01T00:00:00Z,447.447565,USD/t,P1M,,,,fred:PCOALAUUSDM,https://fred.stlouisfed.org/graph/fredgraph.csv?id=PCOALAUUSDM,2026-09-25T22:26:59Z,
fred:PCOALAUUSDM,price,2022-09-01T00:00:00Z,467.783674,USD/t,P1M,,,,fred:PCOALAUUSDM,https://fred.stlouisfed.org/graph/fredgraph.csv?id=PCOALAUUSDM,2026-09-25T22:26:59Z,
fred:PCOALAUUSDM,price,2022-10-01T00:00:00Z,426.909184,USD/t,P1M,,,,fred:PCOALAUUSDM,https://fred.stlouisfed.org/graph/fredgraph.csv?id=PCOALAUUSDM,2026-09-25T22:26:59Z,
fred:PCOALAUUSDM,price,2022-11-01T00:00:00Z,368.258279,USD/t,P1M,,,,fred:PCOALAUUSDM,https://fred.stlouisfed.org/graph/fredgraph.csv?id=PCOALAUUSDM,2026-09-25T22:26:59Z,
fred:PCOALAUUSDM,price,2022-12-01T00:00:00Z,427.686964,USD/t,P1M,,,,fred:PCOALAUUSDM,https://fred.stlouisfed.org/graph/fredgraph.csv?id=PCOALAUUSDM,2026-09-25T22:26:59Z,
fred:PCOALAUUSDM,price,2023-01-01T00:00:00Z,404.535204,USD/t,P1M,,,,fred:PCOALAUUSDM,https://fred.stlouisfed.org/graph/fredgraph.csv?id=PCOALAUUSDM,2026-09-25T22:26:59Z,
fred:PCOALAUUSDM,price,2023-02-01T00:00:00Z,244.205357,USD/t,P1M,,,,fred:PCOALAUUSDM,https://fred.stlouisfed.org/graph/fredgraph.csv?id=PCOALAUUSDM,2026-09-25T22:26:59Z,
fred:PCOALAUUSDM,price,2023-03-01T00:00:00Z,195.999224,USD/t,P1M,,,,fred:PCOALAUUSDM,https://fred.stlouisfed.org/graph/fredgraph.csv?id=PCOALAUUSDM,2026-09-25T22:26:59Z,
fred:PCOALAUUSDM,price,2023-04-01T00:00:00Z,200.67619,USD/t,P1M,,,,fred:PCOALAUUSDM,https://fred.stlouisfed.org/graph/fredgraph.csv?id=PCOALAUUSDM,2026-09-25T22:26:59Z,
fred:PCOALAUUSDM,price,2023-05-01T00:00:00Z,179.262321,USD/t,P1M,,,,fred:PCOALAUUSDM,https://fred.stlouisfed.org/graph/fredgraph.csv?id=PCOALAUUSDM,2026-09-25T22:26:59Z,
fred:PCOALAUUSDM,price,2023-06-01T00:00:00Z,138.631656,USD/t,P1M,,,,fred:PCOALAUUSDM,https://fred.stlouisfed.org/graph/fredgraph.csv?id=PCOALAUUSDM,2026-09-25T22:26:59Z,
fred:PCOALAUUSDM,price,2023-07-01T00:00:00Z,141.029592,USD/t,P1M,,,,fred:PCOALAUUSDM,https://fred.stlouisfed.org/graph/fredgraph.csv?id=PCOALAUUSDM,2026-09-25T22:26:59Z,
fred:PCOALAUUSDM,price,2023-08-01T00:00:00Z,152.792532,USD/t,P1M,,,,fred:PCOALAUUSDM,https://fred.stlouisfed.org/graph/fredgraph.csv?id=PCOALAUUSDM,2026-09-25T22:26:59Z,
fred:PCOALAUUSDM,price,2023-09-01T00:00:00Z,168.479082,USD/t,P1M,,,,fred:PCOALAUUSDM,https://fred.stlouisfed.org/graph/fredgraph.csv?id=PCOALAUUSDM,2026-09-25T22:26:59Z,
fred:PCOALAUUSDM,price,2023-10-01T00:00:00Z,150.738312,USD/t,P1M,,,,fred:PCOALAUUSDM,https://fred.stlouisfed.org/graph/fredgraph.csv?id=PCOALAUUSDM,2026-09-25T22:26:59Z,
fred:PCOALAUUSDM,price,2023-11-01T00:00:00Z,132.119318,USD/t,P1M,,,,fred:PCOALAUUSDM,https://fred.stlouisfed.org/graph/fredgraph.csv?id=PCOALAUUSDM,2026-09-25T22:26:59Z,
fred:PCOALAUUSDM,price,2023-12-01T00:00:00Z,149.362218,USD/t,P1M,,,,fred:PCOALAUUSDM,https://fred.stlouisfed.org/graph/fredgraph.csv?id=PCOALAUUSDM,2026-09-25T22:26:59Z,
fred:PCOALAUUSDM,price,2024-01-01T00:00:00Z,140.817857,USD/t,P1M,,,,fred:PCOALAUUSDM,https://fred.stlouisfed.org/graph/fredgraph.csv?id=PCOALAUUSDM,2026-09-25T22:26:59Z,
fred:PCOALAUUSDM,price,2024-02-01T00:00:00Z,128.70051,USD/t,P1M,,,,fred:PCOALAUUSDM,https://fred.stlouisfed.org/graph/fredgraph.csv?id=PCOALAUUSDM,2026-09-25T22:26:59Z,
fred:PCOALAUUSDM,price,2024-03-01T00:00:00Z,137.703214,USD/t,P1M,,,,fred:PCOALAUUSDM,https://fred.stlouisfed.org/graph/fredgraph.csv?id=PCOALAUUSDM,2026-09-25T22:26:59Z,
fred:PCOALAUUSDM,price,2024-04-01T00:00:00Z,137.495357,USD/t,P1M,,,,fred:PCOALAUUSDM,https://fred.stlouisfed.org/graph/fredgraph.csv?id=PCOALAUUSDM,2026-09-25T22:26:59Z,
fred:PCOALAUUSDM,price,2024-05-01T00:00:00Z,148.006071,USD/t,P1M,,,,fred:PCOALAUUSDM,https://fred.stlouisfed.org/graph/fredgraph.csv?id=PCOALAUUSDM,2026-09-25T22:26:59Z,
fred:PCOALAUUSDM,price,2024-06-01T00:00:00Z,143.509286,USD/t,P1M,,,,fred:PCOALAUUSDM,https://fred.stlouisfed.org/graph/fredgraph.csv?id=PCOALAUUSDM,2026-09-25T22:26:59Z,
fred:PCOALAUUSDM,price,2024-07-01T00:00:00Z,141.994286,USD/t,P1M,,,,fred:PCOALAUUSDM,https://fred.stlouisfed.org/graph/fredgraph.csv?id=PCOALAUUSDM,2026-09-25T22:26:59Z,
fred:PCOALAUUSDM,price,2024-08-01T00:00:00Z,151.635,USD/t,P1M,,,,fred:PCOALAUUSDM,https://fred.stlouisfed.org/graph/fredgraph.csv?id=PCOALAUUSDM,2026-09-25T22:26:59Z,
fred:PCOALAUUSDM,price,2024-09-01T00:00:00Z,148.743214,USD/t,P1M,,,,fred:PCOALAUUSDM,https://fred.stlouisfed.org/graph/fredgraph.csv?id=PCOALAUUSDM,2026-09-25T22:26:59Z,
fred:PCOALAUUSDM,price,2024-10-01T00:00:00Z,153.2175,USD/t,P1M,,,,fred:PCOALAUUSDM,https://fred.stlouisfed.org/graph/fredgraph.csv?id=PCOALAUUSDM,2026-09-25T22:26:59Z,
fred:PCOALAUUSDM,price,2024-11-01T00:00:00Z,150.57,USD/t,P1M,,,,fred:PCOALAUUSDM,https://fred.stlouisfed.org/graph/fredgraph.csv?id=PCOALAUUSDM,2026-09-25T22:26:59Z,
fred:PCOALAUUSDM,price,2024-12-01T00:00:00Z,140.224286,USD/t,P1M,,,,fred:PCOALAUUSDM,https://fred.stlouisfed.org/graph/fredgraph.csv?id=PCOALAUUSDM,2026-09-25T22:26:59Z,
fred:PCOALAUUSDM,price,2025-01-01T00:00:00Z,125.322857,USD/t,P1M,,,,fred:PCOALAUUSDM,https://fred.stlouisfed.org/graph/fredgraph.csv?id=PCOALAUUSDM,2026-09-25T22:26:59Z,
fred:PCOALAUUSDM,price,2025-02-01T00:00:00Z,113.173929,USD/t,P1M,,,,fred:PCOALAUUSDM,https://fred.stlouisfed.org/graph/fredgraph.csv?id=PCOALAUUSDM,2026-09-25T22:26:59Z,
fred:PCOALAUUSDM,price,2025-03-01T00:00:00Z,104.768571,USD/t,P1M,,,,fred:PCOALAUUSDM,https://fred.stlouisfed.org/graph/fredgraph.csv?id=PCOALAUUSDM,2026-09-25T22:26:59Z,
fred:PCOALAUUSDM,price,2025-04-01T00:00:00Z,101.142857,USD/t,P1M,,,,fred:PCOALAUUSDM,https://fred.stlouisfed.org/graph/fredgraph.csv?id=PCOALAUUSDM,2026-09-25T22:26:59Z,
fred:PCOALAUUSDM,price,2025-05-01T00:00:00Z,104.037857,USD/t,P1M,,,,fred:PCOALAUUSDM,https://fred.stlouisfed.org/graph/fredgraph.csv?id=PCOALAUUSDM,2026-09-25T22:26:59Z,
fred:PCOALAUUSDM,price,2025-06-01T00:00:00Z,110.138571,USD/t,P1M,,,,fred:PCOALAUUSDM,https://fred.stlouisfed.org/graph/fredgraph.csv?id=PCOALAUUSDM,2026-09-25T22:26:59Z,
fred:PCOALAUUSDM,price,2025-07-01T00:00:00Z,116.299286,USD/t,P1M,,,,fred:PCOALAUUSDM,https://fred.stlouisfed.org/graph/fredgraph.csv?id=PCOALAUUSDM,2026-09-25T22:26:59Z,
fred:PCOALAUUSDM,price,2025-08-01T00:00:00Z,119.213571,USD/t,P1M,,,,fred:PCOALAUUSDM,https://fred.stlouisfed.org/graph/fredgraph.csv?id=PCOALAUUSDM,2026-09-25T22:26:59Z,
fred:PCOALAUUSDM,price,2025-09-01T00:00:00Z,112.534286,USD/t,P1M,,,,fred:PCOALAUUSDM,https://fred.stlouisfed.org/graph/fredgraph.csv?id=PCOALAUUSDM,2026-09-25T22:26:59Z,
fred:PCOALAUUSDM,price,2025-10-01T00:00:00Z,111.498214,USD/t,P1M,,,,fred:PCOALAUUSDM,https://fred.stlouisfed.org/graph/fredgraph.csv?id=PCOALAUUSDM,2026-09-25T22:26:59Z,
fred:PCOALAUUSDM,price,2025-11-01T00:00:00Z,115.436786,USD/t,P1M,,,,fred:PCOALAUUSDM,https://fred.stlouisfed.org/graph/fredgraph.csv?id=PCOALAUUSDM,2026-09-25T22:26:59Z,
fred:PCOALAUUSDM,price,2025-12-01T00:00:00Z,115.684286,USD/t,P1M,,,,fred:PCOALAUUSDM,https://fred.stlouisfed.org/graph/fredgraph.csv?id=PCOALAUUSDM,2026-09-25T22:26:59Z,
fred:PCOALAUUSDM,price,2026-01-01T00:00:00Z,115.815,USD/t,P1M,,,,fred:PCOALAUUSDM,https://fred.stlouisfed.org/graph/fredgraph.csv?id=PCOALAUUSDM,2026-09-25T22:26:59Z,
fred:PCOALAUUSDM,price,2026-02-01T00:00:00Z,122.209286,USD/t,P1M,,,,fred:PCOALAUUSDM,https://fred.stlouisfed.org/graph/fredgraph.csv?id=PCOALAUUSDM,2026-09-25T22:26:59Z,
fred:PCOALAUUSDM,price,2026-03-01T00:00:00Z,140.056071,USD/t,P1M,,,,fred:PCOALAUUSDM,https://fred.stlouisfed.org/graph/fredgraph.csv?id=PCOALAUUSDM,2026-09-25T22:26:59Z,
fred:PCOALAUUSDM,price,2026-04-01T00:00:00Z,142.11,USD/t,P1M,,,,fred:PCOALAUUSDM,https://fred.stlouisfed.org/graph/fredgraph.csv?id=PCOALAUUSDM,2026-09-25T22:26:59Z,
fred:PCOALAUUSDM,price,2026-05-01T00:00:00Z,141.453214,USD/t,P1M,,,,fred:PCOALAUUSDM,https://fred.stlouisfed.org/graph/fredgraph.csv?id=PCOALAUUSDM,2026-09-25T22:26:59Z,
fred:PCOALAUUSDM,price,2026-06-01T00:00:00Z,150.362143,USD/t,P1M,,,,fred:PCOALAUUSDM,https://fred.stlouisfed.org/graph/fredgraph.csv?id=PCOALAUUSDM,2026-09-25T22:26:59Z,
fred:PCOALAUUSDM,price,2026-07-01T00:00:00Z,140.396786,USD/t,P1M,,,,fred:PCOALAUUSDM,https://fred.stlouisfed.org/graph/fredgraph.csv?id=PCOALAUUSDM,2026-09-25T22:26:59Z,
fred:PNGASEUUSDM,price,1992-01-01T00:00:00Z,2.38,USD/MMBtu,P1M,,,,fred:PNGASEUUSDM,https://fred.stlouisfed.org/graph/fredgraph.csv?id=PNGASEUUSDM,2026-09-25T22:26:57Z,
fred:PNGASEUUSDM,price,1992-02-01T00:00:00Z,2.38,USD/MMBtu,P1M,,,,fred:PNGASEUUSDM,https://fred.stlouisfed.org/graph/fredgraph.csv?id=PNGASEUUSDM,2026-09-25T22:26:57Z,
fred:PNGASEUUSDM,price,1992-03-01T00:00:00Z,2.38,USD/MMBtu,P1M,,,,fred:PNGASEUUSDM,https://fred.stlouisfed.org/graph/fredgraph.csv?id=PNGASEUUSDM,2026-09-25T22:26:57Z,
fred:PNGASEUUSDM,price,1992-04-01T00:00:00Z,2.34,USD/MMBtu,P1M,,,,fred:PNGASEUUSDM,https://fred.stlouisfed.org/graph/fredgraph.csv?id=PNGASEUUSDM,2026-09-25T22:26:57Z,
fred:PNGASEUUSDM,price,1992-05-01T00:00:00Z,2.34,USD/MMBtu,P1M,,,,fred:PNGASEUUSDM,https://fred.stlouisfed.org/graph/fredgraph.csv?id=PNGASEUUSDM,2026-09-25T22:26:57Z,
fred:PNGASEUUSDM,price,1992-06-01T00:00:00Z,2.34,USD/MMBtu,P1M,,,,fred:PNGASEUUSDM,https://fred.stlouisfed.org/graph/fredgraph.csv?id=PNGASEUUSDM,2026-09-25T22:26:57Z,
fred:PNGASEUUSDM,price,1992-07-01T00:00:00Z,2.39,USD/MMBtu,P1M,,,,fred:PNGASEUUSDM,https://fred.stlouisfed.org/graph/fredgraph.csv?id=PNGASEUUSDM,2026-09-25T22:26:57Z,
fred:PNGASEUUSDM,price,1992-08-01T00:00:00Z,2.39,USD/MMBtu,P1M,,,,fred:PNGASEUUSDM,https://fred.stlouisfed.org/graph/fredgraph.csv?id=PNGASEUUSDM,2026-09-25T22:26:57Z,
fred:PNGASEUUSDM,price,1992-09-01T00:00:00Z,2.39,USD/MMBtu,P1M,,,,fred:PNGASEUUSDM,https://fred.stlouisfed.org/graph/fredgraph.csv?id=PNGASEUUSDM,2026-09-25T22:26:57Z,
fred:PNGASEUUSDM,price,1992-10-01T00:00:00Z,2.35,USD/MMBtu,P1M,,,,fred:PNGASEUUSDM,https://fred.stlouisfed.org/graph/fredgraph.csv?id=PNGASEUUSDM,2026-09-25T22:26:57Z,
fred:PNGASEUUSDM,price,1992-11-01T00:00:00Z,2.35,USD/MMBtu,P1M,,,,fred:PNGASEUUSDM,https://fred.stlouisfed.org/graph/fredgraph.csv?id=PNGASEUUSDM,2026-09-25T22:26:57Z,
fred:PNGASEUUSDM,price,1992-12-01T00:00:00Z,2.35,USD/MMBtu,P1M,,,,fred:PNGASEUUSDM,https://fred.stlouisfed.org/graph/fredgraph.csv?id=PNGASEUUSDM,2026-09-25T22:26:57Z,
fred:PNGASEUUSDM,price,1993-01-01T00:00:00Z,2.7,USD/MMBtu,P1M,,,,fred:PNGASEUUSDM,https://fred.stlouisfed.org/graph/fredgraph.csv?id=PNGASEUUSDM,2026-09-25T22:26:57Z,
fred:PNGASEUUSDM,price,1993-02-01T00:00:00Z,2.7,USD/MMBtu,P1M,,,,fred:PNGASEUUSDM,https://fred.stlouisfed.org/graph/fredgraph.csv?id=PNGASEUUSDM,2026-09-25T22:26:57Z,
fred:PNGASEUUSDM,price,1993-03-01T00:00:00Z,2.7,USD/MMBtu,P1M,,,,fred:PNGASEUUSDM,https://fred.stlouisfed.org/graph/fredgraph.csv?id=PNGASEUUSDM,2026-09-25T22:26:57Z,
fred:PNGASEUUSDM,price,1993-04-01T00:00:00Z,2.61,USD/MMBtu,P1M,,,,fred:PNGASEUUSDM,https://fred.stlouisfed.org/graph/fredgraph.csv?id=PNGASEUUSDM,2026-09-25T22:26:57Z,
fred:PNGASEUUSDM,price,1993-05-01T00:00:00Z,2.6,USD/MMBtu,P1M,,,,fred:PNGASEUUSDM,https://fred.stlouisfed.org/graph/fredgraph.csv?id=PNGASEUUSDM,2026-09-25T22:26:57Z,
fred:PNGASEUUSDM,price,1993-06-01T00:00:00Z,2.6,USD/MMBtu,P1M,,,,fred:PNGASEUUSDM,https://fred.stlouisfed.org/graph/fredgraph.csv?id=PNGASEUUSDM,2026-09-25T22:26:57Z,
fred:PNGASEUUSDM,price,1993-07-01T00:00:00Z,2.55,USD/MMBtu,P1M,,,,fred:PNGASEUUSDM,https://fred.stlouisfed.org/graph/fredgraph.csv?id=PNGASEUUSDM,2026-09-25T22:26:57Z,
fred:PNGASEUUSDM,price,1993-08-01T00:00:00Z,2.55,USD/MMBtu,P1M,,,,fred:PNGASEUUSDM,https://fred.stlouisfed.org/graph/fredgraph.csv?id=PNGASEUUSDM,2026-09-25T22:26:57Z,
fred:PNGASEUUSDM,price,1993-09-01T00:00:00Z,2.55,USD/MMBtu,P1M,,,,fred:PNGASEUUSDM,https://fred.stlouisfed.org/graph/fredgraph.csv?id=PNGASEUUSDM,2026-09-25T22:26:57Z,
fred:PNGASEUUSDM,price,1993-10-01T00:00:00Z,2.54,USD/MMBtu,P1M,,,,fred:PNGASEUUSDM,https://fred.stlouisfed.org/graph/fredgraph.csv?id=PNGASEUUSDM,2026-09-25T22:26:57Z,
fred:PNGASEUUSDM,price,1993-11-01T00:00:00Z,2.54,USD/MMBtu,P1M,,,,fred:PNGASEUUSDM,https://fred.stlouisfed.org/graph/fredgraph.csv?id=PNGASEUUSDM,2026-09-25T22:26:57Z,
fred:PNGASEUUSDM,price,1993-12-01T00:00:00Z,2.54,USD/MMBtu,P1M,,,,fred:PNGASEUUSDM,https://fred.stlouisfed.org/graph/fredgraph.csv?id=PNGASEUUSDM,2026-09-25T22:26:57Z,
fred:PNGASEUUSDM,price,1994-01-01T00:00:00Z,2.22,USD/MMBtu,P1M,,,,fred:PNGASEUUSDM,https://fred.stlouisfed.org/graph/fredgraph.csv?id=PNGASEUUSDM,2026-09-25T22:26:57Z,
fred:PNGASEUUSDM,price,1994-02-01T00:00:00Z,2.22,USD/MMBtu,P1M,,,,fred:PNGASEUUSDM,https://fred.stlouisfed.org/graph/fredgraph.csv?id=PNGASEUUSDM,2026-09-25T22:26:57Z,
fred:PNGASEUUSDM,price,1994-03-01T00:00:00Z,2.22,USD/MMBtu,P1M,,,,fred:PNGASEUUSDM,https://fred.stlouisfed.org/graph/fredgraph.csv?id=PNGASEUUSDM,2026-09-25T22:26:57Z,
fred:PNGASEUUSDM,price,1994-04-01T00:00:00Z,2.24,USD/MMBtu,P1M,,,,fred:PNGASEUUSDM,https://fred.stlouisfed.org/graph/fredgraph.csv?id=PNGASEUUSDM,2026-09-25T22:26:57Z,
fred:PNGASEUUSDM,price,1994-05-01T00:00:00Z,2.24,USD/MMBtu,P1M,,,,fred:PNGASEUUSDM,https://fred.stlouisfed.org/graph/fredgraph.csv?id=PNGASEUUSDM,2026-09-25T22:26:57Z,
fred:PNGASEUUSDM,price,1994-06-01T00:00:00Z,2.24,USD/MMBtu,P1M,,,,fred:PNGASEUUSDM,https://fred.stlouisfed.org/graph/fredgraph.csv?id=PNGASEUUSDM,2026-09-25T22:26:57Z,
fred:PNGASEUUSDM,price,1994-07-01T00:00:00Z,2.35,USD/MMBtu,P1M,,,,fred:PNGASEUUSDM,https://fred.stlouisfed.org/graph/fredgraph.csv?id=PNGASEUUSDM,2026-09-25T22:26:57Z,
fred:PNGASEUUSDM,price,1994-08-01T00:00:00Z,2.35,USD/MMBtu,P1M,,,,fred:PNGASEUUSDM,https://fred.stlouisfed.org/graph/fredgraph.csv?id=PNGASEUUSDM,2026-09-25T22:26:57Z,
fred:PNGASEUUSDM,price,1994-09-01T00:00:00Z,2.35,USD/MMBtu,P1M,,,,fred:PNGASEUUSDM,https://fred.stlouisfed.org/graph/fredgraph.csv?id=PNGASEUUSDM,2026-09-25T22:26:57Z,
fred:PNGASEUUSDM,price,1994-10-01T00:00:00Z,2.44,USD/MMBtu,P1M,,,,fred:PNGASEUUSDM,https://fred.stlouisfed.org/graph/fredgraph.csv?id=PNGASEUUSDM,2026-09-25T22:26:57Z,
fred:PNGASEUUSDM,price,1994-11-01T00:00:00Z,2.44,USD/MMBtu,P1M,,,,fred:PNGASEUUSDM,https://fred.stlouisfed.org/graph/fredgraph.csv?id=PNGASEUUSDM,2026-09-25T22:26:57Z,
fred:PNGASEUUSDM,price,1994-12-01T00:00:00Z,2.44,USD/MMBtu,P1M,,,,fred:PNGASEUUSDM,https://fred.stlouisfed.org/graph/fredgraph.csv?id=PNGASEUUSDM,2026-09-25T22:26:57Z,
fred:PNGASEUUSDM,price,1995-01-01T00:00:00Z,2.59,USD/MMBtu,P1M,,,,fred:PNGASEUUSDM,https://fred.stlouisfed.org/graph/fredgraph.csv?id=PNGASEUUSDM,2026-09-25T22:26:57Z,
fred:PNGASEUUSDM,price,1995-02-01T00:00:00Z,2.59,USD/MMBtu,P1M,,,,fred:PNGASEUUSDM,https://fred.stlouisfed.org/graph/fredgraph.csv?id=PNGASEUUSDM,2026-09-25T22:26:57Z,
fred:PNGASEUUSDM,price,1995-03-01T00:00:00Z,2.59,USD/MMBtu,P1M,,,,fred:PNGASEUUSDM,https://fred.stlouisfed.org/graph/fredgraph.csv?id=PNGASEUUSDM,2026-09-25T22:26:57Z,
fred:PNGASEUUSDM,price,1995-04-01T00:00:00Z,2.69,USD/MMBtu,P1M,,,,fred:PNGASEUUSDM,https://fred.stlouisfed.org/graph/fredgraph.csv?id=PNGASEUUSDM,2026-09-25T22:26:57Z,
fred:PNGASEUUSDM,price,1995-05-01T00:00:00Z,2.69,USD/MMBtu,P1M,,,,fred:PNGASEUUSDM,https://fred.stlouisfed.org/graph/fredgraph.csv?id=PNGASEUUSDM,2026-09-25T22:26:57Z,
fred:PNGASEUUSDM,price,1995-06-01T00:00:00Z,2.69,USD/MMBtu,P1M,,,,fred:PNGASEUUSDM,https://fred.stlouisfed.org/graph/fredgraph.csv?id=PNGASEUUSDM,2026-09-25T22:26:57Z,
fred:PNGASEUUSDM,price,1995-07-01T00:00:00Z,2.769444,USD/MMBtu,P1M,,,,fred:PNGASEUUSDM,https://fred.stlouisfed.org/graph/fredgraph.csv?id=PNGASEUUSDM,2026-09-25T22:26:57Z,
fred:PNGASEUUSDM,price,1995-08-01T00:00:00Z,2.769444,USD/MMBtu,P1M,,,,fred:PNGASEUUSDM,https://fred.stlouisfed.org/graph/fredgraph.csv?id=PNGASEUUSDM,2026-09-25T22:26:57Z,
fred:PNGASEUUSDM,price,1995-09-01T00:00:00Z,2.769444,USD/MMBtu,P1M,,,,fred:PNGASEUUSDM,https://fred.stlouisfed.org/graph/fredgraph.csv?id=PNGASEUUSDM,2026-09-25T22:26:57Z,
fred:PNGASEUUSDM,price,1995-10-01T00:00:00Z,2.825,USD/MMBtu,P1M,,,,fred:PNGASEUUSDM,https://fred.stlouisfed.org/graph/fredgraph.csv?id=PNGASEUUSDM,2026-09-25T22:26:57Z,
fred:PNGASEUUSDM,price,1995-11-01T00:00:00Z,2.69,USD/MMBtu,P1M,,,,fred:PNGASEUUSDM,https://fred.stlouisfed.org/graph/fredgraph.csv?id=PNGASEUUSDM,2026-09-25T22:26:57Z,
fred:PNGASEUUSDM,price,1995-12-01T00:00:00Z,2.69,USD/MMBtu,P1M,,,,fred:PNGASEUUSDM,https://fred.stlouisfed.org/graph/fredgraph.csv?id=PNGASEUUSDM,2026-09-25T22:26:57Z,
fred:PNGASEUUSDM,price,1996-01-01T00:00:00Z,2.68,USD/MMBtu,P1M,,,,fred:PNGASEUUSDM,https://fred.stlouisfed.org/graph/fredgraph.csv?id=PNGASEUUSDM,2026-09-25T22:26:57Z,
fred:PNGASEUUSDM,price,1996-02-01T00:00:00Z,2.68,USD/MMBtu,P1M,,,,fred:PNGASEUUSDM,https://fred.stlouisfed.org/graph/fredgraph.csv?id=PNGASEUUSDM,2026-09-25T22:26:57Z,
fred:PNGASEUUSDM,price,1996-03-01T00:00:00Z,2.68,USD/MMBtu,P1M,,,,fred:PNGASEUUSDM,https://fred.stlouisfed.org/graph/fredgraph.csv?id=PNGASEUUSDM,2026-09-25T22:26:57Z,
fred:PNGASEUUSDM,price,1996-04-01T00:00:00Z,2.69,USD/MMBtu,P1M,,,,fred:PNGASEUUSDM,https://fred.stlouisfed.org/graph/fredgraph.csv?id=PNGASEUUSDM,2026-09-25T22:26:57Z,
fred:PNGASEUUSDM,price,1996-05-01T00:00:00Z,2.69,USD/MMBtu,P1M,,,,fred:PNGASEUUSDM,https://fred.stlouisfed.org/graph/fredgraph.csv?id=PNGASEUUSDM,2026-09-25T22:26:57Z,
fred:PNGASEUUSDM,price,1996-06-01T00:00:00Z,2.69,USD/MMBtu,P1M,,,,fred:PNGASEUUSDM,https://fred.stlouisfed.org/graph/fredgraph.csv?id=PNGASEUUSDM,2026-09-25T22:26:57Z,
fred:PNGASEUUSDM,price,1996-07-01T00:00:00Z,2.69,USD/MMBtu,P1M,,,,fred:PNGASEUUSDM,https://fred.stlouisfed.org/graph/fredgraph.csv?id=PNGASEUUSDM,2026-09-25T22:26:57Z,
fred:PNGASEUUSDM,price,1996-08-01T00:00:00Z,2.69,USD/MMBtu,P1M,,,,fred:PNGASEUUSDM,https://fred.stlouisfed.org/graph/fredgraph.csv?id=PNGASEUUSDM,2026-09-25T22:26:57Z,
fred:PNGASEUUSDM,price,1996-09-01T00:00:00Z,2.69,USD/MMBtu,P1M,,,,fred:PNGASEUUSDM,https://fred.stlouisfed.org/graph/fredgraph.csv?id=PNGASEUUSDM,2026-09-25T22:26:57Z,
fred:PNGASEUUSDM,price,1996-10-01T00:00:00Z,2.94,USD/MMBtu,P1M,,,,fred:PNGASEUUSDM,https://fred.stlouisfed.org/graph/fredgraph.csv?id=PNGASEUUSDM,2026-09-25T22:26:57Z,
fred:PNGASEUUSDM,price,1996-11-01T00:00:00Z,2.94,USD/MMBtu,P1M,,,,fred:PNGASEUUSDM,https://fred.stlouisfed.org/graph/fredgraph.csv?id=PNGASEUUSDM,2026-09-25T22:26:57Z,
fred:PNGASEUUSDM,price,1996-12-01T00:00:00Z,2.94,USD/MMBtu,P1M,,,,fred:PNGASEUUSDM,https://fred.stlouisfed.org/graph/fredgraph.csv?id=PNGASEUUSDM,2026-09-25T22:26:57Z,
fred:PNGASEUUSDM,price,1997-01-01T00:00:00Z,3.0,USD/MMBtu,P1M,,,,fred:PNGASEUUSDM,https://fred.stlouisfed.org/graph/fredgraph.csv?id=PNGASEUUSDM,2026-09-25T22:26:57Z,
fred:PNGASEUUSDM,price,1997-02-01T00:00:00Z,2.944444,USD/MMBtu,P1M,,,,fred:PNGASEUUSDM,https://fred.stlouisfed.org/graph/fredgraph.csv?id=PNGASEUUSDM,2026-09-25T22:26:57Z,
fred:PNGASEUUSDM,price,1997-03-01T00:00:00Z,2.76,USD/MMBtu,P1M,,,,fred:PNGASEUUSDM,https://fred.stlouisfed.org/graph/fredgraph.csv?id=PNGASEUUSDM,2026-09-25T22:26:57Z,
fred:PNGASEUUSDM,price,1997-04-01T00:00:00Z,2.73,USD/MMBtu,P1M,,,,fred:PNGASEUUSDM,https://fred.stlouisfed.org/graph/fredgraph.csv?id=PNGASEUUSDM,2026-09-25T22:26:57Z,
fred:PNGASEUUSDM,price,1997-05-01T00:00:00Z,2.73,USD/MMBtu,P1M,,,,fred:PNGASEUUSDM,https://fred.stlouisfed.org/graph/fredgraph.csv?id=PNGASEUUSDM,2026-09-25T22:26:57Z,
fred:PNGASEUUSDM,price,1997-06-01T00:00:00Z,2.73,USD/MMBtu,P1M,,,,fred:PNGASEUUSDM,https://fred.stlouisfed.org/graph/fredgraph.csv?id=PNGASEUUSDM,2026-09-25T22:26:57Z,
fred:PNGASEUUSDM,price,1997-07-01T00:00:00Z,2.6,USD/MMBtu,P1M,,,,fred:PNGASEUUSDM,https://fred.stlouisfed.org/graph/fredgraph.csv?id=PNGASEUUSDM,2026-09-25T22:26:57Z,
fred:PNGASEUUSDM,price,1997-08-01T00:00:00Z,2.6,USD/MMBtu,P1M,,,,fred:PNGASEUUSDM,https://fred.stlouisfed.org/graph/fredgraph.csv?id=PNGASEUUSDM,2026-09-25T22:26:57Z,
fred:PNGASEUUSDM,price,1997-09-01T00:00:00Z,2.6,USD/MMBtu,P1M,,,,fred:PNGASEUUSDM,https://fred.stlouisfed.org/graph/fredgraph.csv?id=PNGASEUUSDM,2026-09-25T22:26:57Z,
fred:PNGASEUUSDM,price,1997-10-01T00:00:00Z,2.45,USD/MMBtu,P1M,,,,fred:PNGASEUUSDM,https://fred.stlouisfed.org/graph/fredgraph.csv?id=PNGASEUUSDM,2026-09-25T22:26:57Z,
fred:PNGASEUUSDM,price,1997-11-01T00:00:00Z,2.45,USD/MMBtu,P1M,,,,fred:PNGASEUUSDM,https://fred.stlouisfed.org/graph/fredgraph.csv?id=PNGASEUUSDM,2026-09-25T22:26:57Z,
fred:PNGASEUUSDM,price,1997-12-01T00:00:00Z,2.45,USD/MMBtu,P1M,,,,fred:PNGASEUUSDM,https://fred.stlouisfed.org/graph/fredgraph.csv?id=PNGASEUUSDM,2026-09-25T22:26:57Z,
fred:PNGASEUUSDM,price,1998-01-01T00:00:00Z,2.49,USD/MMBtu,P1M,,,,fred:PNGASEUUSDM,https://fred.stlouisfed.org/graph/fredgraph.csv?id=PNGASEUUSDM,2026-09-25T22:26:57Z,
fred:PNGASEUUSDM,price,1998-02-01T00:00:00Z,2.49,USD/MMBtu,P1M,,,,fred:PNGASEUUSDM,https://fred.stlouisfed.org/graph/fredgraph.csv?id=PNGASEUUSDM,2026-09-25T22:26:57Z,
fred:PNGASEUUSDM,price,1998-03-01T00:00:00Z,2.49,USD/MMBtu,P1M,,,,fred:PNGASEUUSDM,https://fred.stlouisfed.org/graph/fredgraph.csv?id=PNGASEUUSDM,2026-09-25T22:26:57Z,
fred:PNGASEUUSDM,price,1998-04-01T00:00:00Z,2.37,USD/MMBtu,P1M,,,,fred:PNGASEUUSDM,https://fred.stlouisfed.org/graph/fredgraph.csv?id=PNGASEUUSDM,2026-09-25T22:26:57Z,
fred:PNGASEUUSDM,price,1998-05-01T00:00:00Z,2.37,USD/MMBtu,P1M,,,,fred:PNGASEUUSDM,https://fred.stlouisfed.org/graph/fredgraph.csv?id=PNGASEUUSDM,2026-09-25T22:26:57Z,
fred:PNGASEUUSDM,price,1998-06-01T00:00:00Z,2.37,USD/MMBtu,P1M,,,,fred:PNGASEUUSDM,https://fred.stlouisfed.org/graph/fredgraph.csv?id=PNGASEUUSDM,2026-09-25T22:26:57Z,
fred:PNGASEUUSDM,price,1998-07-01T00:00:00Z,2.21,USD/MMBtu,P1M,,,,fred:PNGASEUUSDM,https://fred.stlouisfed.org/graph/fredgraph.csv?id=PNGASEUUSDM,2026-09-25T22:26:57Z,
fred:PNGASEUUSDM,price,1998-08-01T00:00:00Z,2.21,USD/MMBtu,P1M,,,,fred:PNGASEUUSDM,https://fred.stlouisfed.org/graph/fredgraph.csv?id=PNGASEUUSDM,2026-09-25T22:26:57Z,
fred:PNGASEUUSDM,price,1998-09-01T00:00:00Z,2.21,USD/MMBtu,P1M,,,,fred:PNGASEUUSDM,https://fred.stlouisfed.org/graph/fredgraph.csv?id=PNGASEUUSDM,2026-09-25T22:26:57Z,
fred:PNGASEUUSDM,price,1998-10-01T00:00:00Z,1.91,USD/MMBtu,P1M,,,,fred:PNGASEUUSDM,https://fred.stlouisfed.org/graph/fredgraph.csv?id=PNGASEUUSDM,2026-09-25T22:26:57Z,
fred:PNGASEUUSDM,price,1998-11-01T00:00:00Z,1.91,USD/MMBtu,P1M,,,,fred:PNGASEUUSDM,https://fred.stlouisfed.org/graph/fredgraph.csv?id=PNGASEUUSDM,2026-09-25T22:26:57Z,
fred:PNGASEUUSDM,price,1998-12-01T00:00:00Z,1.91,USD/MMBtu,P1M,,,,fred:PNGASEUUSDM,https://fred.stlouisfed.org/graph/fredgraph.csv?id=PNGASEUUSDM,2026-09-25T22:26:57Z,
fred:PNGASEUUSDM,price,1999-01-01T00:00:00Z,1.788889,USD/MMBtu,P1M,,,,fred:PNGASEUUSDM,https://fred.stlouisfed.org/graph/fredgraph.csv?id=PNGASEUUSDM,2026-09-25T22:26:57Z,
fred:PNGASEUUSDM,price,1999-02-01T00:00:00Z,1.788889,USD/MMBtu,P1M,,,,fred:PNGASEUUSDM,https://fred.stlouisfed.org/graph/fredgraph.csv?id=PNGASEUUSDM,2026-09-25T22:26:57Z,
fred:PNGASEUUSDM,price,1999-03-01T00:00:00Z,1.788889,USD/MMBtu,P1M,,,,fred:PNGASEUUSDM,https://fred.stlouisfed.org/graph/fredgraph.csv?id=PNGASEUUSDM,2026-09-25T22:26:57Z,
fred:PNGASEUUSDM,price,1999-04-01T00:00:00Z,1.67,USD/MMBtu,P1M,,,,fred:PNGASEUUSDM,https://fred.stlouisfed.org/graph/fredgraph.csv?id=PNGASEUUSDM,2026-09-25T22:26:57Z,
fred:PNGASEUUSDM,price,1999-05-01T00:00:00Z,1.67,USD/MMBtu,P1M,,,,fred:PNGASEUUSDM,https://fred.stlouisfed.org/graph/fredgraph.csv?id=PNGASEUUSDM,2026-09-25T22:26:57Z,
fred:PNGASEUUSDM,price,1999-06-01T00:00:00Z,1.67,USD/MMBtu,P1M,,,,fred:PNGASEUUSDM,https://fred.stlouisfed.org/graph/fredgraph.csv?id=PNGASEUUSDM,2026-09-25T22:26:57Z,
fred:PNGASEUUSDM,price,1999-07-01T00:00:00Z,1.73,USD/MMBtu,P1M,,,,fred:PNGASEUUSDM,https://fred.stlouisfed.org/graph/fredgraph.csv?id=PNGASEUUSDM,2026-09-25T22:26:57Z,
fred:PNGASEUUSDM,price,1999-08-01T00:00:00Z,1.73,USD/MMBtu,P1M,,,,fred:PNGASEUUSDM,https://fred.stlouisfed.org/graph/fredgraph.csv?id=PNGASEUUSDM,2026-09-25T22:26:57Z,
fred:PNGASEUUSDM,price,1999-09-01T00:00:00Z,1.73,USD/MMBtu,P1M,,,,fred:PNGASEUUSDM,https://fred.stlouisfed.org/graph/fredgraph.csv?id=PNGASEUUSDM,2026-09-25T22:26:57Z,
fred:PNGASEUUSDM,price,1999-10-01T00:00:00Z,2.038889,USD/MMBtu,P1M,,,,fred:PNGASEUUSDM,https://fred.stlouisfed.org/graph/fredgraph.csv?id=PNGASEUUSDM,2026-09-25T22:26:57Z,
fred:PNGASEUUSDM,price,1999-11-01T00:00:00Z,2.038889,USD/MMBtu,P1M,,,,fred:PNGASEUUSDM,https://fred.stlouisfed.org/graph/fredgraph.csv?id=PNGASEUUSDM,2026-09-25T22:26:57Z,
fred:PNGASEUUSDM,price,1999-12-01T00:00:00Z,2.038889,USD/MMBtu,P1M,,,,fred:PNGASEUUSDM,https://fred.stlouisfed.org/graph/fredgraph.csv?id=PNGASEUUSDM,2026-09-25T22:26:57Z,
fred:PNGASEUUSDM,price,2000-01-01T00:00:00Z,3.055556,USD/MMBtu,P1M,,,,fred:PNGASEUUSDM,https://fred.stlouisfed.org/graph/fredgraph.csv?id=PNGASEUUSDM,2026-09-25T22:26:57Z,
fred:PNGASEUUSDM,price,2000-02-01T00:00:00Z,3.055556,USD/MMBtu,P1M,,,,fred:PNGASEUUSDM,https://fred.stlouisfed.org/graph/fredgraph.csv?id=PNGASEUUSDM,2026-09-25T22:26:57Z,
fred:PNGASEUUSDM,price,2000-03-01T00:00:00Z,3.055556,USD/MMBtu,P1M,,,,fred:PNGASEUUSDM,https://fred.stlouisfed.org/graph/fredgraph.csv?id=PNGASEUUSDM,2026-09-25T22:26:57Z,
fred:PNGASEUUSDM,price,2000-04-01T00:00:00Z,3.24,USD/MMBtu,P1M,,,,fred:PNGASEUUSDM,https://fred.stlouisfed.org/graph/fredgraph.csv?id=PNGASEUUSDM,2026-09-25T22:26:57Z,
fred:PNGASEUUSDM,price,2000-05-01T00:00:00Z,3.24,USD/MMBtu,P1M,,,,fred:PNGASEUUSDM,https://fred.stlouisfed.org/graph/fredgraph.csv?id=PNGASEUUSDM,2026-09-25T22:26:57Z,
fred:PNGASEUUSDM,price,2000-06-01T00:00:00Z,3.24,USD/MMBtu,P1M,,,,fred:PNGASEUUSDM,https://fred.stlouisfed.org/graph/fredgraph.csv?id=PNGASEUUSDM,2026-09-25T22:26:57Z,
fred:PNGASEUUSDM,price,2000-07-01T00:00:00Z,3.59,USD/MMBtu,P1M,,,,fred:PNGASEUUSDM,https://fred.stlouisfed.org/graph/fredgraph.csv?id=PNGASEUUSDM,2026-09-25T22:26:57Z,
fred:PNGASEUUSDM,price,2000-08-01T00:00:00Z,3.59,USD/MMBtu,P1M,,,,fred:PNGASEUUSDM,https://fred.stlouisfed.org/graph/fredgraph.csv?id=PNGASEUUSDM,2026-09-25T22:26:57Z,
fred:PNGASEUUSDM,price,2000-09-01T00:00:00Z,3.59,USD/MMBtu,P1M,,,,fred:PNGASEUUSDM,https://fred.stlouisfed.org/graph/fredgraph.csv?id=PNGASEUUSDM,2026-09-25T22:26:57Z,
fred:PNGASEUUSDM,price,2000-10-01T00:00:00Z,3.93,USD/MMBtu,P1M,,,,fred:PNGASEUUSDM,https://fred.stlouisfed.org/graph/fredgraph.csv?id=PNGASEUUSDM,2026-09-25T22:26:57Z,
fred:PNGASEUUSDM,price,2000-11-01T00:00:00Z,3.93,USD/MMBtu,P1M,,,,fred:PNGASEUUSDM,https://fred.stlouisfed.org/graph/fredgraph.csv?id=PNGASEUUSDM,2026-09-25T22:26:57Z,
fred:PNGASEUUSDM,price,2000-12-01T00:00:00Z,3.93,USD/MMBtu,P1M,,,,fred:PNGASEUUSDM,https://fred.stlouisfed.org/graph/fredgraph.csv?id=PNGASEUUSDM,2026-09-25T22:26:57Z,
fred:PNGASEUUSDM,price,2001-01-01T00:00:00Z,4.22,USD/MMBtu,P1M,,,,fred:PNGASEUUSDM,https://fred.stlouisfed.org/graph/fredgraph.csv?id=PNGASEUUSDM,2026-09-25T22:26:57Z,
fred:PNGASEUUSDM,price,2001-02-01T00:00:00Z,4.22,USD/MMBtu,P1M,,,,fred:PNGASEUUSDM,https://fred.stlouisfed.org/graph/fredgraph.csv?id=PNGASEUUSDM,2026-09-25T22:26:57Z,
fred:PNGASEUUSDM,price,2001-03-01T00:00:00Z,4.22,USD/MMBtu,P1M,,,,fred:PNGASEUUSDM,https://fred.stlouisfed.org/graph/fredgraph.csv?id=PNGASEUUSDM,2026-09-25T22:26:57Z,
fred:PNGASEUUSDM,price,2001-04-01T00:00:00Z,4.26,USD/MMBtu,P1M,,,,fred:PNGASEUUSDM,https://fred.stlouisfed.org/graph/fredgraph.csv?id=PNGASEUUSDM,2026-09-25T22:26:57Z,
fred:PNGASEUUSDM,price,2001-05-01T00:00:00Z,4.26,USD/MMBtu,P1M,,,,fred:PNGASEUUSDM,https://fred.stlouisfed.org/graph/fredgraph.csv?id=PNGASEUUSDM,2026-09-25T22:26:57Z,
fred:PNGASEUUSDM,price,2001-06-01T00:00:00Z,4.26,USD/MMBtu,P1M,,,,fred:PNGASEUUSDM,https://fred.stlouisfed.org/graph/fredgraph.csv?id=PNGASEUUSDM,2026-09-25T22:26:57Z,
fred:PNGASEUUSDM,price,2001-07-01T00:00:00Z,3.78,USD/MMBtu,P1M,,,,fred:PNGASEUUSDM,https://fred.stlouisfed.org/graph/fredgraph.csv?id=PNGASEUUSDM,2026-09-25T22:26:57Z,
fred:PNGASEUUSDM,price,2001-08-01T00:00:00Z,3.78,USD/MMBtu,P1M,,,,fred:PNGASEUUSDM,https://fred.stlouisfed.org/graph/fredgraph.csv?id=PNGASEUUSDM,2026-09-25T22:26:57Z,
fred:PNGASEUUSDM,price,2001-09-01T00:00:00Z,3.78,USD/MMBtu,P1M,,,,fred:PNGASEUUSDM,https://fred.stlouisfed.org/graph/fredgraph.csv?id=PNGASEUUSDM,2026-09-25T22:26:57Z,
fred:PNGASEUUSDM,price,2001-10-01T00:00:00Z,3.24,USD/MMBtu,P1M,,,,fred:PNGASEUUSDM,https://fred.stlouisfed.org/graph/fredgraph.csv?id=PNGASEUUSDM,2026-09-25T22:26:57Z,
fred:PNGASEUUSDM,price,2001-11-01T00:00:00Z,3.24,USD/MMBtu,P1M,,,,fred:PNGASEUUSDM,https://fred.stlouisfed.org/graph/fredgraph.csv?id=PNGASEUUSDM,2026-09-25T22:26:57Z,
fred:PNGASEUUSDM,price,2001-12-01T00:00:00Z,3.218571,USD/MMBtu,P1M,,,,fred:PNGASEUUSDM,https://fred.stlouisfed.org/graph/fredgraph.csv?id=PNGASEUUSDM,2026-09-25T22:26:57Z,
fred:PNGASEUUSDM,price,2002-01-01T00:00:00Z,2.79,USD/MMBtu,P1M,,,,fred:PNGASEUUSDM,https://fred.stlouisfed.org/graph/fredgraph.csv?id=PNGASEUUSDM,2026-09-25T22:26:57Z,
fred:PNGASEUUSDM,price,2002-02-01T00:00:00Z,2.79,USD/MMBtu,P1M,,,,fred:PNGASEUUSDM,https://fred.stlouisfed.org/graph/fredgraph.csv?id=PNGASEUUSDM,2026-09-25T22:26:57Z,
fred:PNGASEUUSDM,price,2002-03-01T00:00:00Z,2.79,USD/MMBtu,P1M,,,,fred:PNGASEUUSDM,https://fred.stlouisfed.org/graph/fredgraph.csv?id=PNGASEUUSDM,2026-09-25T22:26:57Z,
fred:PNGASEUUSDM,price,2002-04-01T00:00:00Z,2.56,USD/MMBtu,P1M,,,,fred:PNGASEUUSDM,https://fred.stlouisfed.org/graph/fredgraph.csv?id=PNGASEUUSDM,2026-09-25T22:26:57Z,
fred:PNGASEUUSDM,price,2002-05-01T00:00:00Z,2.56,USD/MMBtu,P1M,,,,fred:PNGASEUUSDM,https://fred.stlouisfed.org/graph/fredgraph.csv?id=PNGASEUUSDM,2026-09-25T22:26:57Z,
fred:PNGASEUUSDM,price,2002-06-01T00:00:00Z,2.56,USD/MMBtu,P1M,,,,fred:PNGASEUUSDM,https://fred.stlouisfed.org/graph/fredgraph.csv?id=PNGASEUUSDM,2026-09-25T22:26:57Z,
fred:PNGASEUUSDM,price,2002-07-01T00:00:00Z,2.52,USD/MMBtu,P1M,,,,fred:PNGASEUUSDM,https://fred.stlouisfed.org/graph/fredgraph.csv?id=PNGASEUUSDM,2026-09-25T22:26:57Z,
fred:PNGASEUUSDM,price,2002-08-01T00:00:00Z,2.52,USD/MMBtu,P1M,,,,fred:PNGASEUUSDM,https://fred.stlouisfed.org/graph/fredgraph.csv?id=PNGASEUUSDM,2026-09-25T22:26:57Z,
fred:PNGASEUUSDM,price,2002-09-01T00:00:00Z,2.532381,USD/MMBtu,P1M,,,,fred:PNGASEUUSDM,https://fred.stlouisfed.org/graph/fredgraph.csv?id=PNGASEUUSDM,2026-09-25T22:26:57Z,
fred:PNGASEUUSDM,price,2002-10-01T00:00:00Z,2.78,USD/MMBtu,P1M,,,,fred:PNGASEUUSDM,https://fred.stlouisfed.org/graph/fredgraph.csv?id=PNGASEUUSDM,2026-09-25T22:26:57Z,
fred:PNGASEUUSDM,price,2002-11-01T00:00:00Z,2.78,USD/MMBtu,P1M,,,,fred:PNGASEUUSDM,https://fred.stlouisfed.org/graph/fredgraph.csv?id=PNGASEUUSDM,2026-09-25T22:26:57Z,
fred:PNGASEUUSDM,price,2002-12-01T00:00:00Z,2.813636,USD/MMBtu,P1M,,,,fred:PNGASEUUSDM,https://fred.stlouisfed.org/graph/fredgraph.csv?id=PNGASEUUSDM,2026-09-25T22:26:57Z,
fred:PNGASEUUSDM,price,2003-01-01T00:00:00Z,3.15,USD/MMBtu,P1M,,,,fred:PNGASEUUSDM,https://fred.stlouisfed.org/graph/fredgraph.csv?id=PNGASEUUSDM,2026-09-25T22:26:57Z,
fred:PNGASEUUSDM,price,2003-02-01T00:00:00Z,3.15,USD/MMBtu,P1M,,,,fred:PNGASEUUSDM,https://fred.stlouisfed.org/graph/fredgraph.csv?id=PNGASEUUSDM,2026-09-25T22:26:57Z,
fred:PNGASEUUSDM,price,2003-03-01T00:00:00Z,3.17037,USD/MMBtu,P1M,,,,fred:PNGASEUUSDM,https://fred.stlouisfed.org/graph/fredgraph.csv?id=PNGASEUUSDM,2026-09-25T22:26:57Z,
fred:PNGASEUUSDM,price,2003-04-01T00:00:00Z,3.577778,USD/MMBtu,P1M,,,,fred:PNGASEUUSDM,https://fred.stlouisfed.org/graph/fredgraph.csv?id=PNGASEUUSDM,2026-09-25T22:26:57Z,
fred:PNGASEUUSDM,price,2003-05-01T00:00:00Z,3.577778,USD/MMBtu,P1M,,,,fred:PNGASEUUSDM,https://fred.stlouisfed.org/graph/fredgraph.csv?id=PNGASEUUSDM,2026-09-25T22:26:57Z,
fred:PNGASEUUSDM,price,2003-06-01T00:00:00Z,3.58,USD/MMBtu,P1M,,,,fred:PNGASEUUSDM,https://fred.stlouisfed.org/graph/fredgraph.csv?id=PNGASEUUSDM,2026-09-25T22:26:57Z,
fred:PNGASEUUSDM,price,2003-07-01T00:00:00Z,3.61,USD/MMBtu,P1M,,,,fred:PNGASEUUSDM,https://fred.stlouisfed.org/graph/fredgraph.csv?id=PNGASEUUSDM,2026-09-25T22:26:57Z,
fred:PNGASEUUSDM,price,2003-08-01T00:00:00Z,3.61,USD/MMBtu,P1M,,,,fred:PNGASEUUSDM,https://fred.stlouisfed.org/graph/fredgraph.csv?id=PNGASEUUSDM,2026-09-25T22:26:57Z,
fred:PNGASEUUSDM,price,2003-09-01T00:00:00Z,3.61,USD/MMBtu,P1M,,,,fred:PNGASEUUSDM,https://fred.stlouisfed.org/graph/fredgraph.csv?id=PNGASEUUSDM,2026-09-25T22:26:57Z,
fred:PNGASEUUSDM,price,2003-10-01T00:00:00Z,3.6,USD/MMBtu,P1M,,,,fred:PNGASEUUSDM,https://fred.stlouisfed.org/graph/fredgraph.csv?id=PNGASEUUSDM,2026-09-25T22:26:57Z,
fred:PNGASEUUSDM,price,2003-11-01T00:00:00Z,3.6,USD/MMBtu,P1M,,,,fred:PNGASEUUSDM,https://fred.stlouisfed.org/graph/fredgraph.csv?id=PNGASEUUSDM,2026-09-25T22:26:57Z,
fred:PNGASEUUSDM,price,2003-12-01T00:00:00Z,3.6,USD/MMBtu,P1M,,,,fred:PNGASEUUSDM,https://fred.stlouisfed.org/graph/fredgraph.csv?id=PNGASEUUSDM,2026-09-25T22:26:57Z,
fred:PNGASEUUSDM,price,2004-01-01T00:00:00Z,3.39,USD/MMBtu,P1M,,,,fred:PNGASEUUSDM,https://fred.stlouisfed.org/graph/fredgraph.csv?id=PNGASEUUSDM,2026-09-25T22:26:57Z,
fred:PNGASEUUSDM,price,2004-02-01T00:00:00Z,3.39,USD/MMBtu,P1M,,,,fred:PNGASEUUSDM,https://fred.stlouisfed.org/graph/fredgraph.csv?id=PNGASEUUSDM,2026-09-25T22:26:57Z,
fred:PNGASEUUSDM,price,2004-03-01T00:00:00Z,3.39,USD/MMBtu,P1M,,,,fred:PNGASEUUSDM,https://fred.stlouisfed.org/graph/fredgraph.csv?id=PNGASEUUSDM,2026-09-25T22:26:57Z,
fred:PNGASEUUSDM,price,2004-04-01T00:00:00Z,3.48,USD/MMBtu,P1M,,,,fred:PNGASEUUSDM,https://fred.stlouisfed.org/graph/fredgraph.csv?id=PNGASEUUSDM,2026-09-25T22:26:57Z,
fred:PNGASEUUSDM,price,2004-05-01T00:00:00Z,3.48,USD/MMBtu,P1M,,,,fred:PNGASEUUSDM,https://fred.stlouisfed.org/graph/fredgraph.csv?id=PNGASEUUSDM,2026-09-25T22:26:57Z,
fred:PNGASEUUSDM,price,2004-06-01T00:00:00Z,3.48,USD/MMBtu,P1M,,,,fred:PNGASEUUSDM,https://fred.stlouisfed.org/graph/fredgraph.csv?id=PNGASEUUSDM,2026-09-25T22:26:57Z,
fred:PNGASEUUSDM,price,2004-07-01T00:00:00Z,3.81,USD/MMBtu,P1M,,,,fred:PNGASEUUSDM,https://fred.stlouisfed.org/graph/fredgraph.csv?id=PNGASEUUSDM,2026-09-25T22:26:57Z,
fred:PNGASEUUSDM,price,2004-08-01T00:00:00Z,3.81,USD/MMBtu,P1M,,,,fred:PNGASEUUSDM,https://fred.stlouisfed.org/graph/fredgraph.csv?id=PNGASEUUSDM,2026-09-25T22:26:57Z,
fred:PNGASEUUSDM,price,2004-09-01T00:00:00Z,3.81,USD/MMBtu,P1M,,,,fred:PNGASEUUSDM,https://fred.stlouisfed.org/graph/fredgraph.csv?id=PNGASEUUSDM,2026-09-25T22:26:57Z,
fred:PNGASEUUSDM,price,2004-10-01T00:00:00Z,4.34,USD/MMBtu,P1M,,,,fred:PNGASEUUSDM,https://fred.stlouisfed.org/graph/fredgraph.csv?id=PNGASEUUSDM,2026-09-25T22:26:57Z,
fred:PNGASEUUSDM,price,2004-11-01T00:00:00Z,4.34,USD/MMBtu,P1M,,,,fred:PNGASEUUSDM,https://fred.stlouisfed.org/graph/fredgraph.csv?id=PNGASEUUSDM,2026-09-25T22:26:57Z,
fred:PNGASEUUSDM,price,2004-12-01T00:00:00Z,4.34,USD/MMBtu,P1M,,,,fred:PNGASEUUSDM,https://fred.stlouisfed.org/graph/fredgraph.csv?id=PNGASEUUSDM,2026-09-25T22:26:57Z,
fred:PNGASEUUSDM,price,2005-01-01T00:00:00Z,5.06,USD/MMBtu,P1M,,,,fred:PNGASEUUSDM,https://fred.stlouisfed.org/graph/fredgraph.csv?id=PNGASEUUSDM,2026-09-25T22:26:57Z,
fred:PNGASEUUSDM,price,2005-02-01T00:00:00Z,5.06,USD/MMBtu,P1M,,,,fred:PNGASEUUSDM,https://fred.stlouisfed.org/graph/fredgraph.csv?id=PNGASEUUSDM,2026-09-25T22:26:57Z,
fred:PNGASEUUSDM,price,2005-03-01T00:00:00Z,5.06,USD/MMBtu,P1M,,,,fred:PNGASEUUSDM,https://fred.stlouisfed.org/graph/fredgraph.csv?id=PNGASEUUSDM,2026-09-25T22:26:57Z,
fred:PNGASEUUSDM,price,2005-04-01T00:00:00Z,5.51,USD/MMBtu,P1M,,,,fred:PNGASEUUSDM,https://fred.stlouisfed.org/graph/fredgraph.csv?id=PNGASEUUSDM,2026-09-25T22:26:57Z,
fred:PNGASEUUSDM,price,2005-05-01T00:00:00Z,5.51,USD/MMBtu,P1M,,,,fred:PNGASEUUSDM,https://fred.stlouisfed.org/graph/fredgraph.csv?id=PNGASEUUSDM,2026-09-25T22:26:57Z,
fred:PNGASEUUSDM,price,2005-06-01T00:00:00Z,5.51,USD/MMBtu,P1M,,,,fred:PNGASEUUSDM,https://fred.stlouisfed.org/graph/fredgraph.csv?id=PNGASEUUSDM,2026-09-25T22:26:57Z,
fred:PNGASEUUSDM,price,2005-07-01T00:00:00Z,6.13,USD/MMBtu,P1M,,,,fred:PNGASEUUSDM,https://fred.stlouisfed.org/graph/fredgraph.csv?id=PNGASEUUSDM,2026-09-25T22:26:57Z,
fred:PNGASEUUSDM,price,2005-08-01T00:00:00Z,6.13,USD/MMBtu,P1M,,,,fred:PNGASEUUSDM,https://fred.stlouisfed.org/graph/fredgraph.csv?id=PNGASEUUSDM,2026-09-25T22:26:57Z,
fred:PNGASEUUSDM,price,2005-09-01T00:00:00Z,6.13,USD/MMBtu,P1M,,,,fred:PNGASEUUSDM,https://fred.stlouisfed.org/graph/fredgraph.csv?id=PNGASEUUSDM,2026-09-25T22:26:57Z,
fred:PNGASEUUSDM,price,2005-10-01T00:00:00Z,6.96,USD/MMBtu,P1M,,,,fred:PNGASEUUSDM,https://fred.stlouisfed.org/graph/fredgraph.csv?id=PNGASEUUSDM,2026-09-25T22:26:57Z,
fred:PNGASEUUSDM,price,2005-11-01T00:00:00Z,6.96,USD/MMBtu,P1M,,,,fred:PNGASEUUSDM,https://fred.stlouisfed.org/graph/fredgraph.csv?id=PNGASEUUSDM,2026-09-25T22:26:57Z,
fred:PNGASEUUSDM,price,2005-12-01T00:00:00Z,6.96,USD/MMBtu,P1M,,,,fred:PNGASEUUSDM,https://fred.stlouisfed.org/graph/fredgraph.csv?id=PNGASEUUSDM,2026-09-25T22:26:57Z,
fred:PNGASEUUSDM,price,2006-01-01T00:00:00Z,7.66,USD/MMBtu,P1M,,,,fred:PNGASEUUSDM,https://fred.stlouisfed.org/graph/fredgraph.csv?id=PNGASEUUSDM,2026-09-25T22:26:57Z,
fred:PNGASEUUSDM,price,2006-02-01T00:00:00Z,7.66,USD/MMBtu,P1M,,,,fred:PNGASEUUSDM,https://fred.stlouisfed.org/graph/fredgraph.csv?id=PNGASEUUSDM,2026-09-25T22:26:57Z,
fred:PNGASEUUSDM,price,2006-03-01T00:00:00Z,7.66,USD/MMBtu,P1M,,,,fred:PNGASEUUSDM,https://fred.stlouisfed.org/graph/fredgraph.csv?id=PNGASEUUSDM,2026-09-25T22:26:57Z,
fred:PNGASEUUSDM,price,2006-04-01T00:00:00Z,8.14,USD/MMBtu,P1M,,,,fred:PNGASEUUSDM,https://fred.stlouisfed.org/graph/fredgraph.csv?id=PNGASEUUSDM,2026-09-25T22:26:57Z,
fred:PNGASEUUSDM,price,2006-05-01T00:00:00Z,8.14,USD/MMBtu,P1M,,,,fred:PNGASEUUSDM,https://fred.stlouisfed.org/graph/fredgraph.csv?id=PNGASEUUSDM,2026-09-25T22:26:57Z,
fred:PNGASEUUSDM,price,2006-06-01T00:00:00Z,8.14,USD/MMBtu,P1M,,,,fred:PNGASEUUSDM,https://fred.stlouisfed.org/graph/fredgraph.csv?id=PNGASEUUSDM,2026-09-25T22:26:57Z,
fred:PNGASEUUSDM,price,2006-07-01T00:00:00Z,8.4,USD/MMBtu,P1M,,,,fred:PNGASEUUSDM,https://fred.stlouisfed.org/graph/fredgraph.csv?id=PNGASEUUSDM,2026-09-25T22:26:57Z,
fred:PNGASEUUSDM,price,2006-08-01T00:00:00Z,8.4,USD/MMBtu,P1M,,,,fred:PNGASEUUSDM,https://fred.stlouisfed.org/graph/fredgraph.csv?id=PNGASEUUSDM,2026-09-25T22:26:57Z,
fred:PNGASEUUSDM,price,2006-09-01T00:00:00Z,8.4,USD/MMBtu,P1M,,,,fred:PNGASEUUSDM,https://fred.stlouisfed.org/graph/fredgraph.csv?id=PNGASEUUSDM,2026-09-25T22:26:57Z,
fred:PNGASEUUSDM,price,2006-10-01T00:00:00Z,8.65,USD/MMBtu,P1M,,,,fred:PNGASEUUSDM,https://fred.stlouisfed.org/graph/fredgraph.csv?id=PNGASEUUSDM,2026-09-25T22:26:57Z,
fred:PNGASEUUSDM,price,2006-11-01T00:00:00Z,8.65,USD/MMBtu,P1M,,,,fred:PNGASEUUSDM,https://fred.stlouisfed.org/graph/fredgraph.csv?id=PNGASEUUSDM,2026-09-25T22:26:57Z,
fred:PNGASEUUSDM,price,2006-12-01T00:00:00Z,8.65,USD/MMBtu,P1M,,,,fred:PNGASEUUSDM,https://fred.stlouisfed.org/graph/fredgraph.csv?id=PNGASEUUSDM,2026-09-25T22:26:57Z,
fred:PNGASEUUSDM,price,2007-01-01T00:00:00Z,8.39,USD/MMBtu,P1M,,,,fred:PNGASEUUSDM,https://fred.stlouisfed.org/graph/fredgraph.csv?id=PNGASEUUSDM,2026-09-25T22:26:57Z,
fred:PNGASEUUSDM,price,2007-02-01T00:00:00Z,8.39,USD/MMBtu,P1M,,,,fred:PNGASEUUSDM,https://fred.stlouisfed.org/graph/fredgraph.csv?id=PNGASEUUSDM,2026-09-25T22:26:57Z,
fred:PNGASEUUSDM,price,2007-03-01T00:00:00Z,8.39,USD/MMBtu,P1M,,,,fred:PNGASEUUSDM,https://fred.stlouisfed.org/graph/fredgraph.csv?id=PNGASEUUSDM,2026-09-25T22:26:57Z,
fred:PNGASEUUSDM,price,2007-04-01T00:00:00Z,7.83,USD/MMBtu,P1M,,,,fred:PNGASEUUSDM,https://fred.stlouisfed.org/graph/fredgraph.csv?id=PNGASEUUSDM,2026-09-25T22:26:57Z,
fred:PNGASEUUSDM,price,2007-05-01T00:00:00Z,7.83,USD/MMBtu,P1M,,,,fred:PNGASEUUSDM,https://fred.stlouisfed.org/graph/fredgraph.csv?id=PNGASEUUSDM,2026-09-25T22:26:57Z,
fred:PNGASEUUSDM,price,2007-06-01T00:00:00Z,7.83,USD/MMBtu,P1M,,,,fred:PNGASEUUSDM,https://fred.stlouisfed.org/graph/fredgraph.csv?id=PNGASEUUSDM,2026-09-25T22:26:57Z,
fred:PNGASEUUSDM,price,2007-07-01T00:00:00Z,7.79,USD/MMBtu,P1M,,,,fred:PNGASEUUSDM,https://fred.stlouisfed.org/graph/fredgraph.csv?id=PNGASEUUSDM,2026-09-25T22:26:57Z,
fred:PNGASEUUSDM,price,2007-08-01T00:00:00Z,7.79,USD/MMBtu,P1M,,,,fred:PNGASEUUSDM,https://fred.stlouisfed.org/graph/fredgraph.csv?id=PNGASEUUSDM,2026-09-25T22:26:57Z,
fred:PNGASEUUSDM,price,2007-09-01T00:00:00Z,7.79,USD/MMBtu,P1M,,,,fred:PNGASEUUSDM,https://fred.stlouisfed.org/graph/fredgraph.csv?id=PNGASEUUSDM,2026-09-25T22:26:57Z,
fred:PNGASEUUSDM,price,2007-10-01T00:00:00Z,8.56,USD/MMBtu,P1M,,,,fred:PNGASEUUSDM,https://fred.stlouisfed.org/graph/fredgraph.csv?id=PNGASEUUSDM,2026-09-25T22:26:57Z,
fred:PNGASEUUSDM,price,2007-11-01T00:00:00Z,8.56,USD/MMBtu,P1M,,,,fred:PNGASEUUSDM,https://fred.stlouisfed.org/graph/fredgraph.csv?id=PNGASEUUSDM,2026-09-25T22:26:57Z,
fred:PNGASEUUSDM,price,2007-12-01T00:00:00Z,8.56,USD/MMBtu,P1M,,,,fred:PNGASEUUSDM,https://fred.stlouisfed.org/graph/fredgraph.csv?id=PNGASEUUSDM,2026-09-25T22:26:57Z,
fred:PNGASEUUSDM,price,2008-01-01T00:00:00Z,10.27,USD/MMBtu,P1M,,,,fred:PNGASEUUSDM,https://fred.stlouisfed.org/graph/fredgraph.csv?id=PNGASEUUSDM,2026-09-25T22:26:57Z,
fred:PNGASEUUSDM,price,2008-02-01T00:00:00Z,10.27,USD/MMBtu,P1M,,,,fred:PNGASEUUSDM,https://fred.stlouisfed.org/graph/fredgraph.csv?id=PNGASEUUSDM,2026-09-25T22:26:57Z,
fred:PNGASEUUSDM,price,2008-03-01T00:00:00Z,10.27,USD/MMBtu,P1M,,,,fred:PNGASEUUSDM,https://fred.stlouisfed.org/graph/fredgraph.csv?id=PNGASEUUSDM,2026-09-25T22:26:57Z,
fred:PNGASEUUSDM,price,2008-04-01T00:00:00Z,11.9,USD/MMBtu,P1M,,,,fred:PNGASEUUSDM,https://fred.stlouisfed.org/graph/fredgraph.csv?id=PNGASEUUSDM,2026-09-25T22:26:57Z,
fred:PNGASEUUSDM,price,2008-05-01T00:00:00Z,11.9,USD/MMBtu,P1M,,,,fred:PNGASEUUSDM,https://fred.stlouisfed.org/graph/fredgraph.csv?id=PNGASEUUSDM,2026-09-25T22:26:57Z,
fred:PNGASEUUSDM,price,2008-06-01T00:00:00Z,11.9,USD/MMBtu,P1M,,,,fred:PNGASEUUSDM,https://fred.stlouisfed.org/graph/fredgraph.csv?id=PNGASEUUSDM,2026-09-25T22:26:57Z,
fred:PNGASEUUSDM,price,2008-07-01T00:00:00Z,14.36,USD/MMBtu,P1M,,,,fred:PNGASEUUSDM,https://fred.stlouisfed.org/graph/fredgraph.csv?id=PNGASEUUSDM,2026-09-25T22:26:57Z,
fred:PNGASEUUSDM,price,2008-08-01T00:00:00Z,14.36,USD/MMBtu,P1M,,,,fred:PNGASEUUSDM,https://fred.stlouisfed.org/graph/fredgraph.csv?id=PNGASEUUSDM,2026-09-25T22:26:57Z,
fred:PNGASEUUSDM,price,2008-09-01T00:00:00Z,14.36,USD/MMBtu,P1M,,,,fred:PNGASEUUSDM,https://fred.stlouisfed.org/graph/fredgraph.csv?id=PNGASEUUSDM,2026-09-25T22:26:57Z,
fred:PNGASEUUSDM,price,2008-10-01T00:00:00Z,16.02,USD/MMBtu,P1M,,,,fred:PNGASEUUSDM,https://fred.stlouisfed.org/graph/fredgraph.csv?id=PNGASEUUSDM,2026-09-25T22:26:57Z,
fred:PNGASEUUSDM,price,2008-11-01T00:00:00Z,16.02,USD/MMBtu,P1M,,,,fred:PNGASEUUSDM,https://fred.stlouisfed.org/graph/fredgraph.csv?id=PNGASEUUSDM,2026-09-25T22:26:57Z,
fred:PNGASEUUSDM,price,2008-12-01T00:00:00Z,16.02,USD/MMBtu,P1M,,,,fred:PNGASEUUSDM,https://fred.stlouisfed.org/graph/fredgraph.csv?id=PNGASEUUSDM,2026-09-25T22:26:57Z,
fred:PNGASEUUSDM,price,2009-01-01T00:00:00Z,16.02,USD/MMBtu,P1M,,,,fred:PNGASEUUSDM,https://fred.stlouisfed.org/graph/fredgraph.csv?id=PNGASEUUSDM,2026-09-25T22:26:57Z,
fred:PNGASEUUSDM,price,2009-02-01T00:00:00Z,14.47,USD/MMBtu,P1M,,,,fred:PNGASEUUSDM,https://fred.stlouisfed.org/graph/fredgraph.csv?id=PNGASEUUSDM,2026-09-25T22:26:57Z,
fred:PNGASEUUSDM,price,2009-03-01T00:00:00Z,11.47,USD/MMBtu,P1M,,,,fred:PNGASEUUSDM,https://fred.stlouisfed.org/graph/fredgraph.csv?id=PNGASEUUSDM,2026-09-25T22:26:57Z,
fred:PNGASEUUSDM,price,2009-04-01T00:00:00Z,8.6,USD/MMBtu,P1M,,,,fred:PNGASEUUSDM,https://fred.stlouisfed.org/graph/fredgraph.csv?id=PNGASEUUSDM,2026-09-25T22:26:57Z,
fred:PNGASEUUSDM,price,2009-05-01T00:00:00Z,8.6,USD/MMBtu,P1M,,,,fred:PNGASEUUSDM,https://fred.stlouisfed.org/graph/fredgraph.csv?id=PNGASEUUSDM,2026-09-25T22:26:57Z,
fred:PNGASEUUSDM,price,2009-06-01T00:00:00Z,8.6,USD/MMBtu,P1M,,,,fred:PNGASEUUSDM,https://fred.stlouisfed.org/graph/fredgraph.csv?id=PNGASEUUSDM,2026-09-25T22:26:57Z,
fred:PNGASEUUSDM,price,2009-07-01T00:00:00Z,6.79,USD/MMBtu,P1M,,,,fred:PNGASEUUSDM,https://fred.stlouisfed.org/graph/fredgraph.csv?id=PNGASEUUSDM,2026-09-25T22:26:57Z,
fred:PNGASEUUSDM,price,2009-08-01T00:00:00Z,6.18,USD/MMBtu,P1M,,,,fred:PNGASEUUSDM,https://fred.stlouisfed.org/graph/fredgraph.csv?id=PNGASEUUSDM,2026-09-25T22:26:57Z,
fred:PNGASEUUSDM,price,2009-09-01T00:00:00Z,6.18,USD/MMBtu,P1M,,,,fred:PNGASEUUSDM,https://fred.stlouisfed.org/graph/fredgraph.csv?id=PNGASEUUSDM,2026-09-25T22:26:57Z,
fred:PNGASEUUSDM,price,2009-10-01T00:00:00Z,6.45,USD/MMBtu,P1M,,,,fred:PNGASEUUSDM,https://fred.stlouisfed.org/graph/fredgraph.csv?id=PNGASEUUSDM,2026-09-25T22:26:57Z,
fred:PNGASEUUSDM,price,2009-11-01T00:00:00Z,6.45,USD/MMBtu,P1M,,,,fred:PNGASEUUSDM,https://fred.stlouisfed.org/graph/fredgraph.csv?id=PNGASEUUSDM,2026-09-25T22:26:57Z,
fred:PNGASEUUSDM,price,2009-12-01T00:00:00Z,6.45,USD/MMBtu,P1M,,,,fred:PNGASEUUSDM,https://fred.stlouisfed.org/graph/fredgraph.csv?id=PNGASEUUSDM,2026-09-25T22:26:57Z,
fred:PNGASEUUSDM,price,2010-01-01T00:00:00Z,7.59,USD/MMBtu,P1M,,,,fred:PNGASEUUSDM,https://fred.stlouisfed.org/graph/fredgraph.csv?id=PNGASEUUSDM,2026-09-25T22:26:57Z,
fred:PNGASEUUSDM,price,2010-02-01T00:00:00Z,7.59,USD/MMBtu,P1M,,,,fred:PNGASEUUSDM,https://fred.stlouisfed.org/graph/fredgraph.csv?id=PNGASEUUSDM,2026-09-25T22:26:57Z,
fred:PNGASEUUSDM,price,2010-03-01T00:00:00Z,7.59,USD/MMBtu,P1M,,,,fred:PNGASEUUSDM,https://fred.stlouisfed.org/graph/fredgraph.csv?id=PNGASEUUSDM,2026-09-25T22:26:57Z,
fred:PNGASEUUSDM,price,2010-04-01T00:00:00Z,8.35,USD/MMBtu,P1M,,,,fred:PNGASEUUSDM,https://fred.stlouisfed.org/graph/fredgraph.csv?id=PNGASEUUSDM,2026-09-25T22:26:57Z,
fred:PNGASEUUSDM,price,2010-05-01T00:00:00Z,7.87,USD/MMBtu,P1M,,,,fred:PNGASEUUSDM,https://fred.stlouisfed.org/graph/fredgraph.csv?id=PNGASEUUSDM,2026-09-25T22:26:57Z,
fred:PNGASEUUSDM,price,2010-06-01T00:00:00Z,8.06,USD/MMBtu,P1M,,,,fred:PNGASEUUSDM,https://fred.stlouisfed.org/graph/fredgraph.csv?id=PNGASEUUSDM,2026-09-25T22:26:57Z,
fred:PNGASEUUSDM,price,2010-07-01T00:00:00Z,8.48,USD/MMBtu,P1M,,,,fred:PNGASEUUSDM,https://fred.stlouisfed.org/graph/fredgraph.csv?id=PNGASEUUSDM,2026-09-25T22:26:57Z,
fred:PNGASEUUSDM,price,2010-08-01T00:00:00Z,8.57,USD/MMBtu,P1M,,,,fred:PNGASEUUSDM,https://fred.stlouisfed.org/graph/fredgraph.csv?id=PNGASEUUSDM,2026-09-25T22:26:57Z,
fred:PNGASEUUSDM,price,2010-09-01T00:00:00Z,8.49,USD/MMBtu,P1M,,,,fred:PNGASEUUSDM,https://fred.stlouisfed.org/graph/fredgraph.csv?id=PNGASEUUSDM,2026-09-25T22:26:57Z,
fred:PNGASEUUSDM,price,2010-10-01T00:00:00Z,8.64,USD/MMBtu,P1M,,,,fred:PNGASEUUSDM,https://fred.stlouisfed.org/graph/fredgraph.csv?id=PNGASEUUSDM,2026-09-25T22:26:57Z,
fred:PNGASEUUSDM,price,2010-11-01T00:00:00Z,8.71,USD/MMBtu,P1M,,,,fred:PNGASEUUSDM,https://fred.stlouisfed.org/graph/fredgraph.csv?id=PNGASEUUSDM,2026-09-25T22:26:57Z,
fred:PNGASEUUSDM,price,2010-12-01T00:00:00Z,8.73,USD/MMBtu,P1M,,,,fred:PNGASEUUSDM,https://fred.stlouisfed.org/graph/fredgraph.csv?id=PNGASEUUSDM,2026-09-25T22:26:57Z,
fred:PNGASEUUSDM,price,2011-01-01T00:00:00Z,9.19,USD/MMBtu,P1M,,,,fred:PNGASEUUSDM,https://fred.stlouisfed.org/graph/fredgraph.csv?id=PNGASEUUSDM,2026-09-25T22:26:57Z,
fred:PNGASEUUSDM,price,2011-02-01T00:00:00Z,9.14,USD/MMBtu,P1M,,,,fred:PNGASEUUSDM,https://fred.stlouisfed.org/graph/fredgraph.csv?id=PNGASEUUSDM,2026-09-25T22:26:57Z,
fred:PNGASEUUSDM,price,2011-03-01T00:00:00Z,9.12,USD/MMBtu,P1M,,,,fred:PNGASEUUSDM,https://fred.stlouisfed.org/graph/fredgraph.csv?id=PNGASEUUSDM,2026-09-25T22:26:57Z,
fred:PNGASEUUSDM,price,2011-04-01T00:00:00Z,10.03,USD/MMBtu,P1M,,,,fred:PNGASEUUSDM,https://fred.stlouisfed.org/graph/fredgraph.csv?id=PNGASEUUSDM,2026-09-25T22:26:57Z,
fred:PNGASEUUSDM,price,2011-05-01T00:00:00Z,10.02,USD/MMBtu,P1M,,,,fred:PNGASEUUSDM,https://fred.stlouisfed.org/graph/fredgraph.csv?id=PNGASEUUSDM,2026-09-25T22:26:57Z,
fred:PNGASEUUSDM,price,2011-06-01T00:00:00Z,10.0,USD/MMBtu,P1M,,,,fred:PNGASEUUSDM,https://fred.stlouisfed.org/graph/fredgraph.csv?id=PNGASEUUSDM,2026-09-25T22:26:57Z,
fred:PNGASEUUSDM,price,2011-07-01T00:00:00Z,11.2,USD/MMBtu,P1M,,,,fred:PNGASEUUSDM,https://fred.stlouisfed.org/graph/fredgraph.csv?id=PNGASEUUSDM,2026-09-25T22:26:57Z,
fred:PNGASEUUSDM,price,2011-08-01T00:00:00Z,11.11,USD/MMBtu,P1M,,,,fred:PNGASEUUSDM,https://fred.stlouisfed.org/graph/fredgraph.csv?id=PNGASEUUSDM,2026-09-25T22:26:57Z,
fred:PNGASEUUSDM,price,2011-09-01T00:00:00Z,11.11,USD/MMBtu,P1M,,,,fred:PNGASEUUSDM,https://fred.stlouisfed.org/graph/fredgraph.csv?id=PNGASEUUSDM,2026-09-25T22:26:57Z,
fred:PNGASEUUSDM,price,2011-10-01T00:00:00Z,12.11,USD/MMBtu,P1M,,,,fred:PNGASEUUSDM,https://fred.stlouisfed.org/graph/fredgraph.csv?id=PNGASEUUSDM,2026-09-25T22:26:57Z,
fred:PNGASEUUSDM,price,2011-11-01T00:00:00Z,12.02,USD/MMBtu,P1M,,,,fred:PNGASEUUSDM,https://fred.stlouisfed.org/graph/fredgraph.csv?id=PNGASEUUSDM,2026-09-25T22:26:57Z,
fred:PNGASEUUSDM,price,2011-12-01T00:00:00Z,12.11,USD/MMBtu,P1M,,,,fred:PNGASEUUSDM,https://fred.stlouisfed.org/graph/fredgraph.csv?id=PNGASEUUSDM,2026-09-25T22:26:57Z,
fred:PNGASEUUSDM,price,2012-01-01T00:00:00Z,12.33,USD/MMBtu,P1M,,,,fred:PNGASEUUSDM,https://fred.stlouisfed.org/graph/fredgraph.csv?id=PNGASEUUSDM,2026-09-25T22:26:57Z,
fred:PNGASEUUSDM,price,2012-02-01T00:00:00Z,12.22,USD/MMBtu,P1M,,,,fred:PNGASEUUSDM,https://fred.stlouisfed.org/graph/fredgraph.csv?id=PNGASEUUSDM,2026-09-25T22:26:57Z,
fred:PNGASEUUSDM,price,2012-03-01T00:00:00Z,12.51,USD/MMBtu,P1M,,,,fred:PNGASEUUSDM,https://fred.stlouisfed.org/graph/fredgraph.csv?id=PNGASEUUSDM,2026-09-25T22:26:57Z,
fred:PNGASEUUSDM,price,2012-04-01T00:00:00Z,12.57,USD/MMBtu,P1M,,,,fred:PNGASEUUSDM,https://fred.stlouisfed.org/graph/fredgraph.csv?id=PNGASEUUSDM,2026-09-25T22:26:57Z,
fred:PNGASEUUSDM,price,2012-05-01T00:00:00Z,12.57,USD/MMBtu,P1M,,,,fred:PNGASEUUSDM,https://fred.stlouisfed.org/graph/fredgraph.csv?id=PNGASEUUSDM,2026-09-25T22:26:57Z,
fred:PNGASEUUSDM,price,2012-06-01T00:00:00Z,12.56,USD/MMBtu,P1M,,,,fred:PNGASEUUSDM,https://fred.stlouisfed.org/graph/fredgraph.csv?id=PNGASEUUSDM,2026-09-25T22:26:57Z,
fred:PNGASEUUSDM,price,2012-07-01T00:00:00Z,11.38,USD/MMBtu,P1M,,,,fred:PNGASEUUSDM,https://fred.stlouisfed.org/graph/fredgraph.csv?id=PNGASEUUSDM,2026-09-25T22:26:57Z,
fred:PNGASEUUSDM,price,2012-08-01T00:00:00Z,11.4,USD/MMBtu,P1M,,,,fred:PNGASEUUSDM,https://fred.stlouisfed.org/graph/fredgraph.csv?id=PNGASEUUSDM,2026-09-25T22:26:57Z,
fred:PNGASEUUSDM,price,2012-09-01T00:00:00Z,11.38,USD/MMBtu,P1M,,,,fred:PNGASEUUSDM,https://fred.stlouisfed.org/graph/fredgraph.csv?id=PNGASEUUSDM,2026-09-25T22:26:57Z,
fred:PNGASEUUSDM,price,2012-10-01T00:00:00Z,11.57,USD/MMBtu,P1M,,,,fred:PNGASEUUSDM,https://fred.stlouisfed.org/graph/fredgraph.csv?id=PNGASEUUSDM,2026-09-25T22:26:57Z,
fred:PNGASEUUSDM,price,2012-11-01T00:00:00Z,11.64,USD/MMBtu,P1M,,,,fred:PNGASEUUSDM,https://fred.stlouisfed.org/graph/fredgraph.csv?id=PNGASEUUSDM,2026-09-25T22:26:57Z,
fred:PNGASEUUSDM,price,2012-12-01T00:00:00Z,11.64,USD/MMBtu,P1M,,,,fred:PNGASEUUSDM,https://fred.stlouisfed.org/graph/fredgraph.csv?id=PNGASEUUSDM,2026-09-25T22:26:57Z,
fred:PNGASEUUSDM,price,2013-01-01T00:00:00Z,11.39,USD/MMBtu,P1M,,,,fred:PNGASEUUSDM,https://fred.stlouisfed.org/graph/fredgraph.csv?id=PNGASEUUSDM,2026-09-25T22:26:57Z,
fred:PNGASEUUSDM,price,2013-02-01T00:00:00Z,11.36,USD/MMBtu,P1M,,,,fred:PNGASEUUSDM,https://fred.stlouisfed.org/graph/fredgraph.csv?id=PNGASEUUSDM,2026-09-25T22:26:57Z,
fred:PNGASEUUSDM,price,2013-03-01T00:00:00Z,11.36,USD/MMBtu,P1M,,,,fred:PNGASEUUSDM,https://fred.stlouisfed.org/graph/fredgraph.csv?id=PNGASEUUSDM,2026-09-25T22:26:57Z,
fred:PNGASEUUSDM,price,2013-04-01T00:00:00Z,11.64,USD/MMBtu,P1M,,,,fred:PNGASEUUSDM,https://fred.stlouisfed.org/graph/fredgraph.csv?id=PNGASEUUSDM,2026-09-25T22:26:57Z,
fred:PNGASEUUSDM,price,2013-05-01T00:00:00Z,11.41,USD/MMBtu,P1M,,,,fred:PNGASEUUSDM,https://fred.stlouisfed.org/graph/fredgraph.csv?id=PNGASEUUSDM,2026-09-25T22:26:57Z,
fred:PNGASEUUSDM,price,2013-06-01T00:00:00Z,11.32,USD/MMBtu,P1M,,,,fred:PNGASEUUSDM,https://fred.stlouisfed.org/graph/fredgraph.csv?id=PNGASEUUSDM,2026-09-25T22:26:57Z,
fred:PNGASEUUSDM,price,2013-07-01T00:00:00Z,10.98,USD/MMBtu,P1M,,,,fred:PNGASEUUSDM,https://fred.stlouisfed.org/graph/fredgraph.csv?id=PNGASEUUSDM,2026-09-25T22:26:57Z,
fred:PNGASEUUSDM,price,2013-08-01T00:00:00Z,10.97,USD/MMBtu,P1M,,,,fred:PNGASEUUSDM,https://fred.stlouisfed.org/graph/fredgraph.csv?id=PNGASEUUSDM,2026-09-25T22:26:57Z,
fred:PNGASEUUSDM,price,2013-09-01T00:00:00Z,10.96,USD/MMBtu,P1M,,,,fred:PNGASEUUSDM,https://fred.stlouisfed.org/graph/fredgraph.csv?id=PNGASEUUSDM,2026-09-25T22:26:57Z,
fred:PNGASEUUSDM,price,2013-10-01T00:00:00Z,10.93,USD/MMBtu,P1M,,,,fred:PNGASEUUSDM,https://fred.stlouisfed.org/graph/fredgraph.csv?id=PNGASEUUSDM,2026-09-25T22:26:57Z,
fred:PNGASEUUSDM,price,2013-11-01T00:00:00Z,10.96,USD/MMBtu,P1M,,,,fred:PNGASEUUSDM,https://fred.stlouisfed.org/graph/fredgraph.csv?id=PNGASEUUSDM,2026-09-25T22:26:57Z,
fred:PNGASEUUSDM,price,2013-12-01T00:00:00Z,10.99,USD/MMBtu,P1M,,,,fred:PNGASEUUSDM,https://fred.stlouisfed.org/graph/fredgraph.csv?id=PNGASEUUSDM,2026-09-25T22:26:57Z,
fred:PNGASEUUSDM,price,2014-01-01T00:00:00Z,10.9,USD/MMBtu,P1M,,,,fred:PNGASEUUSDM,https://fred.stlouisfed.org/graph/fredgraph.csv?id=PNGASEUUSDM,2026-09-25T22:26:57Z,
fred:PNGASEUUSDM,price,2014-02-01T00:00:00Z,10.83,USD/MMBtu,P1M,,,,fred:PNGASEUUSDM,https://fred.stlouisfed.org/graph/fredgraph.csv?id=PNGASEUUSDM,2026-09-25T22:26:57Z,
fred:PNGASEUUSDM,price,2014-03-01T00:00:00Z,10.69,USD/MMBtu,P1M,,,,fred:PNGASEUUSDM,https://fred.stlouisfed.org/graph/fredgraph.csv?id=PNGASEUUSDM,2026-09-25T22:26:57Z,
fred:PNGASEUUSDM,price,2014-04-01T00:00:00Z,10.79,USD/MMBtu,P1M,,,,fred:PNGASEUUSDM,https://fred.stlouisfed.org/graph/fredgraph.csv?id=PNGASEUUSDM,2026-09-25T22:26:57Z,
fred:PNGASEUUSDM,price,2014-05-01T00:00:00Z,10.64,USD/MMBtu,P1M,,,,fred:PNGASEUUSDM,https://fred.stlouisfed.org/graph/fredgraph.csv?id=PNGASEUUSDM,2026-09-25T22:26:57Z,
fred:PNGASEUUSDM,price,2014-06-01T00:00:00Z,10.52,USD/MMBtu,P1M,,,,fred:PNGASEUUSDM,https://fred.stlouisfed.org/graph/fredgraph.csv?id=PNGASEUUSDM,2026-09-25T22:26:57Z,
fred:PNGASEUUSDM,price,2014-07-01T00:00:00Z,9.4,USD/MMBtu,P1M,,,,fred:PNGASEUUSDM,https://fred.stlouisfed.org/graph/fredgraph.csv?id=PNGASEUUSDM,2026-09-25T22:26:57Z,
fred:PNGASEUUSDM,price,2014-08-01T00:00:00Z,10.38,USD/MMBtu,P1M,,,,fred:PNGASEUUSDM,https://fred.stlouisfed.org/graph/fredgraph.csv?id=PNGASEUUSDM,2026-09-25T22:26:57Z,
fred:PNGASEUUSDM,price,2014-09-01T00:00:00Z,10.4,USD/MMBtu,P1M,,,,fred:PNGASEUUSDM,https://fred.stlouisfed.org/graph/fredgraph.csv?id=PNGASEUUSDM,2026-09-25T22:26:57Z,
fred:PNGASEUUSDM,price,2014-10-01T00:00:00Z,10.4,USD/MMBtu,P1M,,,,fred:PNGASEUUSDM,https://fred.stlouisfed.org/graph/fredgraph.csv?id=PNGASEUUSDM,2026-09-25T22:26:57Z,
fred:PNGASEUUSDM,price,2014-11-01T00:00:00Z,10.16,USD/MMBtu,P1M,,,,fred:PNGASEUUSDM,https://fred.stlouisfed.org/graph/fredgraph.csv?id=PNGASEUUSDM,2026-09-25T22:26:57Z,
fred:PNGASEUUSDM,price,2014-12-01T00:00:00Z,10.45,USD/MMBtu,P1M,,,,fred:PNGASEUUSDM,https://fred.stlouisfed.org/graph/fredgraph.csv?id=PNGASEUUSDM,2026-09-25T22:26:57Z,
fred:PNGASEUUSDM,price,2015-01-01T00:00:00Z,9.5,USD/MMBtu,P1M,,,,fred:PNGASEUUSDM,https://fred.stlouisfed.org/graph/fredgraph.csv?id=PNGASEUUSDM,2026-09-25T22:26:57Z,
fred:PNGASEUUSDM,price,2015-02-01T00:00:00Z,9.29,USD/MMBtu,P1M,,,,fred:PNGASEUUSDM,https://fred.stlouisfed.org/graph/fredgraph.csv?id=PNGASEUUSDM,2026-09-25T22:26:57Z,
fred:PNGASEUUSDM,price,2015-03-01T00:00:00Z,9.29,USD/MMBtu,P1M,,,,fred:PNGASEUUSDM,https://fred.stlouisfed.org/graph/fredgraph.csv?id=PNGASEUUSDM,2026-09-25T22:26:57Z,
fred:PNGASEUUSDM,price,2015-04-01T00:00:00Z,7.39,USD/MMBtu,P1M,,,,fred:PNGASEUUSDM,https://fred.stlouisfed.org/graph/fredgraph.csv?id=PNGASEUUSDM,2026-09-25T22:26:57Z,
fred:PNGASEUUSDM,price,2015-05-01T00:00:00Z,7.37,USD/MMBtu,P1M,,,,fred:PNGASEUUSDM,https://fred.stlouisfed.org/graph/fredgraph.csv?id=PNGASEUUSDM,2026-09-25T22:26:57Z,
fred:PNGASEUUSDM,price,2015-06-01T00:00:00Z,7.3,USD/MMBtu,P1M,,,,fred:PNGASEUUSDM,https://fred.stlouisfed.org/graph/fredgraph.csv?id=PNGASEUUSDM,2026-09-25T22:26:57Z,
fred:PNGASEUUSDM,price,2015-07-01T00:00:00Z,6.68,USD/MMBtu,P1M,,,,fred:PNGASEUUSDM,https://fred.stlouisfed.org/graph/fredgraph.csv?id=PNGASEUUSDM,2026-09-25T22:26:57Z,
fred:PNGASEUUSDM,price,2015-08-01T00:00:00Z,6.66,USD/MMBtu,P1M,,,,fred:PNGASEUUSDM,https://fred.stlouisfed.org/graph/fredgraph.csv?id=PNGASEUUSDM,2026-09-25T22:26:57Z,
fred:PNGASEUUSDM,price,2015-09-01T00:00:00Z,6.49,USD/MMBtu,P1M,,,,fred:PNGASEUUSDM,https://fred.stlouisfed.org/graph/fredgraph.csv?id=PNGASEUUSDM,2026-09-25T22:26:57Z,
fred:PNGASEUUSDM,price,2015-10-01T00:00:00Z,6.01,USD/MMBtu,P1M,,,,fred:PNGASEUUSDM,https://fred.stlouisfed.org/graph/fredgraph.csv?id=PNGASEUUSDM,2026-09-25T22:26:57Z,
fred:PNGASEUUSDM,price,2015-11-01T00:00:00Z,5.87,USD/MMBtu,P1M,,,,fred:PNGASEUUSDM,https://fred.stlouisfed.org/graph/fredgraph.csv?id=PNGASEUUSDM,2026-09-25T22:26:57Z,
fred:PNGASEUUSDM,price,2015-12-01T00:00:00Z,5.81,USD/MMBtu,P1M,,,,fred:PNGASEUUSDM,https://fred.stlouisfed.org/graph/fredgraph.csv?id=PNGASEUUSDM,2026-09-25T22:26:57Z,
fred:PNGASEUUSDM,price,2016-01-01T00:00:00Z,5.09,USD/MMBtu,P1M,,,,fred:PNGASEUUSDM,https://fred.stlouisfed.org/graph/fredgraph.csv?id=PNGASEUUSDM,2026-09-25T22:26:57Z,
fred:PNGASEUUSDM,price,2016-02-01T00:00:00Z,4.79,USD/MMBtu,P1M,,,,fred:PNGASEUUSDM,https://fred.stlouisfed.org/graph/fredgraph.csv?id=PNGASEUUSDM,2026-09-25T22:26:57Z,
fred:PNGASEUUSDM,price,2016-03-01T00:00:00Z,4.09,USD/MMBtu,P1M,,,,fred:PNGASEUUSDM,https://fred.stlouisfed.org/graph/fredgraph.csv?id=PNGASEUUSDM,2026-09-25T22:26:57Z,
fred:PNGASEUUSDM,price,2016-04-01T00:00:00Z,4.02,USD/MMBtu,P1M,,,,fred:PNGASEUUSDM,https://fred.stlouisfed.org/graph/fredgraph.csv?id=PNGASEUUSDM,2026-09-25T22:26:57Z,
fred:PNGASEUUSDM,price,2016-05-01T00:00:00Z,3.99,USD/MMBtu,P1M,,,,fred:PNGASEUUSDM,https://fred.stlouisfed.org/graph/fredgraph.csv?id=PNGASEUUSDM,2026-09-25T22:26:57Z,
fred:PNGASEUUSDM,price,2016-06-01T00:00:00Z,4.04,USD/MMBtu,P1M,,,,fred:PNGASEUUSDM,https://fred.stlouisfed.org/graph/fredgraph.csv?id=PNGASEUUSDM,2026-09-25T22:26:57Z,
fred:PNGASEUUSDM,price,2016-07-01T00:00:00Z,4.3,USD/MMBtu,P1M,,,,fred:PNGASEUUSDM,https://fred.stlouisfed.org/graph/fredgraph.csv?id=PNGASEUUSDM,2026-09-25T22:26:57Z,
fred:PNGASEUUSDM,price,2016-08-01T00:00:00Z,4.25,USD/MMBtu,P1M,,,,fred:PNGASEUUSDM,https://fred.stlouisfed.org/graph/fredgraph.csv?id=PNGASEUUSDM,2026-09-25T22:26:57Z,
fred:PNGASEUUSDM,price,2016-09-01T00:00:00Z,3.96,USD/MMBtu,P1M,,,,fred:PNGASEUUSDM,https://fred.stlouisfed.org/graph/fredgraph.csv?id=PNGASEUUSDM,2026-09-25T22:26:57Z,
fred:PNGASEUUSDM,price,2016-10-01T00:00:00Z,4.01,USD/MMBtu,P1M,,,,fred:PNGASEUUSDM,https://fred.stlouisfed.org/graph/fredgraph.csv?id=PNGASEUUSDM,2026-09-25T22:26:57Z,
fred:PNGASEUUSDM,price,2016-11-01T00:00:00Z,4.54,USD/MMBtu,P1M,,,,fred:PNGASEUUSDM,https://fred.stlouisfed.org/graph/fredgraph.csv?id=PNGASEUUSDM,2026-09-25T22:26:57Z,
fred:PNGASEUUSDM,price,2016-12-01T00:00:00Z,5.16,USD/MMBtu,P1M,,,,fred:PNGASEUUSDM,https://fred.stlouisfed.org/graph/fredgraph.csv?id=PNGASEUUSDM,2026-09-25T22:26:57Z,
fred:PNGASEUUSDM,price,2017-01-01T00:00:00Z,6.27814,USD/MMBtu,P1M,,,,fred:PNGASEUUSDM,https://fred.stlouisfed.org/graph/fredgraph.csv?id=PNGASEUUSDM,2026-09-25T22:26:57Z,
fred:PNGASEUUSDM,price,2017-02-01T00:00:00Z,6.100298,USD/MMBtu,P1M,,,,fred:PNGASEUUSDM,https://fred.stlouisfed.org/graph/fredgraph.csv?id=PNGASEUUSDM,2026-09-25T22:26:57Z,
fred:PNGASEUUSDM,price,2017-03-01T00:00:00Z,4.94502,USD/MMBtu,P1M,,,,fred:PNGASEUUSDM,https://fred.stlouisfed.org/graph/fredgraph.csv?id=PNGASEUUSDM,2026-09-25T22:26:57Z,
fred:PNGASEUUSDM,price,2017-04-01T00:00:00Z,5.035127,USD/MMBtu,P1M,,,,fred:PNGASEUUSDM,https://fred.stlouisfed.org/graph/fredgraph.csv?id=PNGASEUUSDM,2026-09-25T22:26:57Z,
fred:PNGASEUUSDM,price,2017-05-01T00:00:00Z,5.077171,USD/MMBtu,P1M,,,,fred:PNGASEUUSDM,https://fred.stlouisfed.org/graph/fredgraph.csv?id=PNGASEUUSDM,2026-09-25T22:26:57Z,
fred:PNGASEUUSDM,price,2017-06-01T00:00:00Z,4.983818,USD/MMBtu,P1M,,,,fred:PNGASEUUSDM,https://fred.stlouisfed.org/graph/fredgraph.csv?id=PNGASEUUSDM,2026-09-25T22:26:57Z,
fred:PNGASEUUSDM,price,2017-07-01T00:00:00Z,5.096028,USD/MMBtu,P1M,,,,fred:PNGASEUUSDM,https://fred.stlouisfed.org/graph/fredgraph.csv?id=PNGASEUUSDM,2026-09-25T22:26:57Z,
fred:PNGASEUUSDM,price,2017-08-01T00:00:00Z,5.536059,USD/MMBtu,P1M,,,,fred:PNGASEUUSDM,https://fred.stlouisfed.org/graph/fredgraph.csv?id=PNGASEUUSDM,2026-09-25T22:26:57Z,
fred:PNGASEUUSDM,price,2017-09-01T00:00:00Z,6.040606,USD/MMBtu,P1M,,,,fred:PNGASEUUSDM,https://fred.stlouisfed.org/graph/fredgraph.csv?id=PNGASEUUSDM,2026-09-25T22:26:57Z,
fred:PNGASEUUSDM,price,2017-10-01T00:00:00Z,5.892519,USD/MMBtu,P1M,,,,fred:PNGASEUUSDM,https://fred.stlouisfed.org/graph/fredgraph.csv?id=PNGASEUUSDM,2026-09-25T22:26:57Z,
fred:PNGASEUUSDM,price,2017-11-01T00:00:00Z,6.734038,USD/MMBtu,P1M,,,,fred:PNGASEUUSDM,https://fred.stlouisfed.org/graph/fredgraph.csv?id=PNGASEUUSDM,2026-09-25T22:26:57Z,
fred:PNGASEUUSDM,price,2017-12-01T00:00:00Z,7.209792,USD/MMBtu,P1M,,,,fred:PNGASEUUSDM,https://fred.stlouisfed.org/graph/fredgraph.csv?id=PNGASEUUSDM,2026-09-25T22:26:57Z,
fred:PNGASEUUSDM,price,2018-01-01T00:00:00Z,6.648303,USD/MMBtu,P1M,,,,fred:PNGASEUUSDM,https://fred.stlouisfed.org/graph/fredgraph.csv?id=PNGASEUUSDM,2026-09-25T22:26:57Z,
fred:PNGASEUUSDM,price,2018-02-01T00:00:00Z,7.841036,USD/MMBtu,P1M,,,,fred:PNGASEUUSDM,https://fred.stlouisfed.org/graph/fredgraph.csv?id=PNGASEUUSDM,2026-09-25T22:26:57Z,
fred:PNGASEUUSDM,price,2018-03-01T00:00:00Z,8.536361,USD/MMBtu,P1M,,,,fred:PNGASEUUSDM,https://fred.stlouisfed.org/graph/fredgraph.csv?id=PNGASEUUSDM,2026-09-25T22:26:57Z,
fred:PNGASEUUSDM,price,2018-04-01T00:00:00Z,7.064733,USD/MMBtu,P1M,,,,fred:PNGASEUUSDM,https://fred.stlouisfed.org/graph/fredgraph.csv?id=PNGASEUUSDM,2026-09-25T22:26:57Z,
fred:PNGASEUUSDM,price,2018-05-01T00:00:00Z,7.460863,USD/MMBtu,P1M,,,,fred:PNGASEUUSDM,https://fred.stlouisfed.org/graph/fredgraph.csv?id=PNGASEUUSDM,2026-09-25T22:26:57Z,
fred:PNGASEUUSDM,price,2018-06-01T00:00:00Z,7.504423,USD/MMBtu,P1M,,,,fred:PNGASEUUSDM,https://fred.stlouisfed.org/graph/fredgraph.csv?id=PNGASEUUSDM,2026-09-25T22:26:57Z,
fred:PNGASEUUSDM,price,2018-07-01T00:00:00Z,7.621063,USD/MMBtu,P1M,,,,fred:PNGASEUUSDM,https://fred.stlouisfed.org/graph/fredgraph.csv?id=PNGASEUUSDM,2026-09-25T22:26:57Z,
fred:PNGASEUUSDM,price,2018-08-01T00:00:00Z,8.104114,USD/MMBtu,P1M,,,,fred:PNGASEUUSDM,https://fred.stlouisfed.org/graph/fredgraph.csv?id=PNGASEUUSDM,2026-09-25T22:26:57Z,
fred:PNGASEUUSDM,price,2018-09-01T00:00:00Z,9.51888,USD/MMBtu,P1M,,,,fred:PNGASEUUSDM,https://fred.stlouisfed.org/graph/fredgraph.csv?id=PNGASEUUSDM,2026-09-25T22:26:57Z,
fred:PNGASEUUSDM,price,2018-10-01T00:00:00Z,8.595915,USD/MMBtu,P1M,,,,fred:PNGASEUUSDM,https://fred.stlouisfed.org/graph/fredgraph.csv?id=PNGASEUUSDM,2026-09-25T22:26:57Z,
fred:PNGASEUUSDM,price,2018-11-01T00:00:00Z,8.20449,USD/MMBtu,P1M,,,,fred:PNGASEUUSDM,https://fred.stlouisfed.org/graph/fredgraph.csv?id=PNGASEUUSDM,2026-09-25T22:26:57Z,
fred:PNGASEUUSDM,price,2018-12-01T00:00:00Z,7.892946,USD/MMBtu,P1M,,,,fred:PNGASEUUSDM,https://fred.stlouisfed.org/graph/fredgraph.csv?id=PNGASEUUSDM,2026-09-25T22:26:57Z,
fred:PNGASEUUSDM,price,2019-01-01T00:00:00Z,7.161065,USD/MMBtu,P1M,,,,fred:PNGASEUUSDM,https://fred.stlouisfed.org/graph/fredgraph.csv?id=PNGASEUUSDM,2026-09-25T22:26:57Z,
fred:PNGASEUUSDM,price,2019-02-01T00:00:00Z,5.986339,USD/MMBtu,P1M,,,,fred:PNGASEUUSDM,https://fred.stlouisfed.org/graph/fredgraph.csv?id=PNGASEUUSDM,2026-09-25T22:26:57Z,
fred:PNGASEUUSDM,price,2019-03-01T00:00:00Z,5.19718,USD/MMBtu,P1M,,,,fred:PNGASEUUSDM,https://fred.stlouisfed.org/graph/fredgraph.csv?id=PNGASEUUSDM,2026-09-25T22:26:57Z,
fred:PNGASEUUSDM,price,2019-04-01T00:00:00Z,4.95325,USD/MMBtu,P1M,,,,fred:PNGASEUUSDM,https://fred.stlouisfed.org/graph/fredgraph.csv?id=PNGASEUUSDM,2026-09-25T22:26:57Z,
fred:PNGASEUUSDM,price,2019-05-01T00:00:00Z,4.360183,USD/MMBtu,P1M,,,,fred:PNGASEUUSDM,https://fred.stlouisfed.org/graph/fredgraph.csv?id=PNGASEUUSDM,2026-09-25T22:26:57Z,
fred:PNGASEUUSDM,price,2019-06-01T00:00:00Z,3.483036,USD/MMBtu,P1M,,,,fred:PNGASEUUSDM,https://fred.stlouisfed.org/graph/fredgraph.csv?id=PNGASEUUSDM,2026-09-25T22:26:57Z,
fred:PNGASEUUSDM,price,2019-07-01T00:00:00Z,3.595944,USD/MMBtu,P1M,,,,fred:PNGASEUUSDM,https://fred.stlouisfed.org/graph/fredgraph.csv?id=PNGASEUUSDM,2026-09-25T22:26:57Z,
fred:PNGASEUUSDM,price,2019-08-01T00:00:00Z,3.270197,USD/MMBtu,P1M,,,,fred:PNGASEUUSDM,https://fred.stlouisfed.org/graph/fredgraph.csv?id=PNGASEUUSDM,2026-09-25T22:26:57Z,
fred:PNGASEUUSDM,price,2019-09-01T00:00:00Z,3.086805,USD/MMBtu,P1M,,,,fred:PNGASEUUSDM,https://fred.stlouisfed.org/graph/fredgraph.csv?id=PNGASEUUSDM,2026-09-25T22:26:57Z,
fred:PNGASEUUSDM,price,2019-10-01T00:00:00Z,3.339724,USD/MMBtu,P1M,,,,fred:PNGASEUUSDM,https://fred.stlouisfed.org/graph/fredgraph.csv?id=PNGASEUUSDM,2026-09-25T22:26:57Z,
fred:PNGASEUUSDM,price,2019-11-01T00:00:00Z,4.78102,USD/MMBtu,P1M,,,,fred:PNGASEUUSDM,https://fred.stlouisfed.org/graph/fredgraph.csv?id=PNGASEUUSDM,2026-09-25T22:26:57Z,
fred:PNGASEUUSDM,price,2019-12-01T00:00:00Z,4.243549,USD/MMBtu,P1M,,,,fred:PNGASEUUSDM,https://fred.stlouisfed.org/graph/fredgraph.csv?id=PNGASEUUSDM,2026-09-25T22:26:57Z,
fred:PNGASEUUSDM,price,2020-01-01T00:00:00Z,3.62627,USD/MMBtu,P1M,,,,fred:PNGASEUUSDM,https://fred.stlouisfed.org/graph/fredgraph.csv?id=PNGASEUUSDM,2026-09-25T22:26:57Z,
fred:PNGASEUUSDM,price,2020-02-01T00:00:00Z,2.995477,USD/MMBtu,P1M,,,,fred:PNGASEUUSDM,https://fred.stlouisfed.org/graph/fredgraph.csv?id=PNGASEUUSDM,2026-09-25T22:26:57Z,
fred:PNGASEUUSDM,price,2020-03-01T00:00:00Z,2.789824,USD/MMBtu,P1M,,,,fred:PNGASEUUSDM,https://fred.stlouisfed.org/graph/fredgraph.csv?id=PNGASEUUSDM,2026-09-25T22:26:57Z,
fred:PNGASEUUSDM,price,2020-04-01T00:00:00Z,2.083882,USD/MMBtu,P1M,,,,fred:PNGASEUUSDM,https://fred.stlouisfed.org/graph/fredgraph.csv?id=PNGASEUUSDM,2026-09-25T22:26:57Z,
fred:PNGASEUUSDM,price,2020-05-01T00:00:00Z,1.462612,USD/MMBtu,P1M,,,,fred:PNGASEUUSDM,https://fred.stlouisfed.org/graph/fredgraph.csv?id=PNGASEUUSDM,2026-09-25T22:26:57Z,
fred:PNGASEUUSDM,price,2020-06-01T00:00:00Z,1.6473,USD/MMBtu,P1M,,,,fred:PNGASEUUSDM,https://fred.stlouisfed.org/graph/fredgraph.csv?id=PNGASEUUSDM,2026-09-25T22:26:57Z,
fred:PNGASEUUSDM,price,2020-07-01T00:00:00Z,1.640863,USD/MMBtu,P1M,,,,fred:PNGASEUUSDM,https://fred.stlouisfed.org/graph/fredgraph.csv?id=PNGASEUUSDM,2026-09-25T22:26:57Z,
fred:PNGASEUUSDM,price,2020-08-01T00:00:00Z,2.611566,USD/MMBtu,P1M,,,,fred:PNGASEUUSDM,https://fred.stlouisfed.org/graph/fredgraph.csv?id=PNGASEUUSDM,2026-09-25T22:26:57Z,
fred:PNGASEUUSDM,price,2020-09-01T00:00:00Z,3.854996,USD/MMBtu,P1M,,,,fred:PNGASEUUSDM,https://fred.stlouisfed.org/graph/fredgraph.csv?id=PNGASEUUSDM,2026-09-25T22:26:57Z,
fred:PNGASEUUSDM,price,2020-10-01T00:00:00Z,4.813822,USD/MMBtu,P1M,,,,fred:PNGASEUUSDM,https://fred.stlouisfed.org/graph/fredgraph.csv?id=PNGASEUUSDM,2026-09-25T22:26:57Z,
fred:PNGASEUUSDM,price,2020-11-01T00:00:00Z,4.783508,USD/MMBtu,P1M,,,,fred:PNGASEUUSDM,https://fred.stlouisfed.org/graph/fredgraph.csv?id=PNGASEUUSDM,2026-09-25T22:26:57Z,
fred:PNGASEUUSDM,price,2020-12-01T00:00:00Z,5.828639,USD/MMBtu,P1M,,,,fred:PNGASEUUSDM,https://fred.stlouisfed.org/graph/fredgraph.csv?id=PNGASEUUSDM,2026-09-25T22:26:57Z,
fred:PNGASEUUSDM,price,2021-01-01T00:00:00Z,7.302821,USD/MMBtu,P1M,,,,fred:PNGASEUUSDM,https://fred.stlouisfed.org/graph/fredgraph.csv?id=PNGASEUUSDM,2026-09-25T22:26:57Z,
fred:PNGASEUUSDM,price,2021-02-01T00:00:00Z,6.171341,USD/MMBtu,P1M,,,,fred:PNGASEUUSDM,https://fred.stlouisfed.org/graph/fredgraph.csv?id=PNGASEUUSDM,2026-09-25T22:26:57Z,
fred:PNGASEUUSDM,price,2021-03-01T00:00:00Z,6.205197,USD/MMBtu,P1M,,,,fred:PNGASEUUSDM,https://fred.stlouisfed.org/graph/fredgraph.csv?id=PNGASEUUSDM,2026-09-25T22:26:57Z,
fred:PNGASEUUSDM,price,2021-04-01T00:00:00Z,7.282724,USD/MMBtu,P1M,,,,fred:PNGASEUUSDM,https://fred.stlouisfed.org/graph/fredgraph.csv?id=PNGASEUUSDM,2026-09-25T22:26:57Z,
fred:PNGASEUUSDM,price,2021-05-01T00:00:00Z,9.004704,USD/MMBtu,P1M,,,,fred:PNGASEUUSDM,https://fred.stlouisfed.org/graph/fredgraph.csv?id=PNGASEUUSDM,2026-09-25T22:26:57Z,
fred:PNGASEUUSDM,price,2021-06-01T00:00:00Z,10.324139,USD/MMBtu,P1M,,,,fred:PNGASEUUSDM,https://fred.stlouisfed.org/graph/fredgraph.csv?id=PNGASEUUSDM,2026-09-25T22:26:57Z,
fred:PNGASEUUSDM,price,2021-07-01T00:00:00Z,12.524247,USD/MMBtu,P1M,,,,fred:PNGASEUUSDM,https://fred.stlouisfed.org/graph/fredgraph.csv?id=PNGASEUUSDM,2026-09-25T22:26:57Z,
fred:PNGASEUUSDM,price,2021-08-01T00:00:00Z,15.279029,USD/MMBtu,P1M,,,,fred:PNGASEUUSDM,https://fred.stlouisfed.org/graph/fredgraph.csv?id=PNGASEUUSDM,2026-09-25T22:26:57Z,
fred:PNGASEUUSDM,price,2021-09-01T00:00:00Z,22.232827,USD/MMBtu,P1M,,,,fred:PNGASEUUSDM,https://fred.stlouisfed.org/graph/fredgraph.csv?id=PNGASEUUSDM,2026-09-25T22:26:57Z,
fred:PNGASEUUSDM,price,2021-10-01T00:00:00Z,29.814143,USD/MMBtu,P1M,,,,fred:PNGASEUUSDM,https://fred.stlouisfed.org/graph/fredgraph.csv?id=PNGASEUUSDM,2026-09-25T22:26:57Z,
fred:PNGASEUUSDM,price,2021-11-01T00:00:00Z,27.383826,USD/MMBtu,P1M,,,,fred:PNGASEUUSDM,https://fred.stlouisfed.org/graph/fredgraph.csv?id=PNGASEUUSDM,2026-09-25T22:26:57Z,
fred:PNGASEUUSDM,price,2021-12-01T00:00:00Z,37.363363,USD/MMBtu,P1M,,,,fred:PNGASEUUSDM,https://fred.stlouisfed.org/graph/fredgraph.csv?id=PNGASEUUSDM,2026-09-25T22:26:57Z,
fred:PNGASEUUSDM,price,2022-01-01T00:00:00Z,27.890945,USD/MMBtu,P1M,,,,fred:PNGASEUUSDM,https://fred.stlouisfed.org/graph/fredgraph.csv?id=PNGASEUUSDM,2026-09-25T22:26:57Z,
fred:PNGASEUUSDM,price,2022-02-01T00:00:00Z,26.984281,USD/MMBtu,P1M,,,,fred:PNGASEUUSDM,https://fred.stlouisfed.org/graph/fredgraph.csv?id=PNGASEUUSDM,2026-09-25T22:26:57Z,
fred:PNGASEUUSDM,price,2022-03-01T00:00:00Z,41.727688,USD/MMBtu,P1M,,,,fred:PNGASEUUSDM,https://fred.stlouisfed.org/graph/fredgraph.csv?id=PNGASEUUSDM,2026-09-25T22:26:57Z,
fred:PNGASEUUSDM,price,2022-04-01T00:00:00Z,31.989874,USD/MMBtu,P1M,,,,fred:PNGASEUUSDM,https://fred.stlouisfed.org/graph/fredgraph.csv?id=PNGASEUUSDM,2026-09-25T22:26:57Z,
fred:PNGASEUUSDM,price,2022-05-01T00:00:00Z,27.464166,USD/MMBtu,P1M,,,,fred:PNGASEUUSDM,https://fred.stlouisfed.org/graph/fredgraph.csv?id=PNGASEUUSDM,2026-09-25T22:26:57Z,
fred:PNGASEUUSDM,price,2022-06-01T00:00:00Z,32.912607,USD/MMBtu,P1M,,,,fred:PNGASEUUSDM,https://fred.stlouisfed.org/graph/fredgraph.csv?id=PNGASEUUSDM,2026-09-25T22:26:57Z,
fred:PNGASEUUSDM,price,2022-07-01T00:00:00Z,51.145913,USD/MMBtu,P1M,,,,fred:PNGASEUUSDM,https://fred.stlouisfed.org/graph/fredgraph.csv?id=PNGASEUUSDM,2026-09-25T22:26:57Z,
fred:PNGASEUUSDM,price,2022-08-01T00:00:00Z,69.977239,USD/MMBtu,P1M,,,,fred:PNGASEUUSDM,https://fred.stlouisfed.org/graph/fredgraph.csv?id=PNGASEUUSDM,2026-09-25T22:26:57Z,
fred:PNGASEUUSDM,price,2022-09-01T00:00:00Z,55.179127,USD/MMBtu,P1M,,,,fred:PNGASEUUSDM,https://fred.stlouisfed.org/graph/fredgraph.csv?id=PNGASEUUSDM,2026-09-25T22:26:57Z,
fred:PNGASEUUSDM,price,2022-10-01T00:00:00Z,20.806637,USD/MMBtu,P1M,,,,fred:PNGASEUUSDM,https://fred.stlouisfed.org/graph/fredgraph.csv?id=PNGASEUUSDM,2026-09-25T22:26:57Z,
fred:PNGASEUUSDM,price,2022-11-01T00:00:00Z,28.790805,USD/MMBtu,P1M,,,,fred:PNGASEUUSDM,https://fred.stlouisfed.org/graph/fredgraph.csv?id=PNGASEUUSDM,2026-09-25T22:26:57Z,
fred:PNGASEUUSDM,price,2022-12-01T00:00:00Z,35.368731,USD/MMBtu,P1M,,,,fred:PNGASEUUSDM,https://fred.stlouisfed.org/graph/fredgraph.csv?id=PNGASEUUSDM,2026-09-25T22:26:57Z,
fred:PNGASEUUSDM,price,2023-01-01T00:00:00Z,19.886187,USD/MMBtu,P1M,,,,fred:PNGASEUUSDM,https://fred.stlouisfed.org/graph/fredgraph.csv?id=PNGASEUUSDM,2026-09-25T22:26:57Z,
fred:PNGASEUUSDM,price,2023-02-01T00:00:00Z,16.737259,USD/MMBtu,P1M,,,,fred:PNGASEUUSDM,https://fred.stlouisfed.org/graph/fredgraph.csv?id=PNGASEUUSDM,2026-09-25T22:26:57Z,
fred:PNGASEUUSDM,price,2023-03-01T00:00:00Z,13.87044,USD/MMBtu,P1M,,,,fred:PNGASEUUSDM,https://fred.stlouisfed.org/graph/fredgraph.csv?id=PNGASEUUSDM,2026-09-25T22:26:57Z,
fred:PNGASEUUSDM,price,2023-04-01T00:00:00Z,13.683987,USD/MMBtu,P1M,,,,fred:PNGASEUUSDM,https://fred.stlouisfed.org/graph/fredgraph.csv?id=PNGASEUUSDM,2026-09-25T22:26:57Z,
fred:PNGASEUUSDM,price,2023-05-01T00:00:00Z,9.970049,USD/MMBtu,P1M,,,,fred:PNGASEUUSDM,https://fred.stlouisfed.org/graph/fredgraph.csv?id=PNGASEUUSDM,2026-09-25T22:26:57Z,
fred:PNGASEUUSDM,price,2023-06-01T00:00:00Z,10.293732,USD/MMBtu,P1M,,,,fred:PNGASEUUSDM,https://fred.stlouisfed.org/graph/fredgraph.csv?id=PNGASEUUSDM,2026-09-25T22:26:57Z,
fred:PNGASEUUSDM,price,2023-07-01T00:00:00Z,9.611719,USD/MMBtu,P1M,,,,fred:PNGASEUUSDM,https://fred.stlouisfed.org/graph/fredgraph.csv?id=PNGASEUUSDM,2026-09-25T22:26:57Z,
fred:PNGASEUUSDM,price,2023-08-01T00:00:00Z,10.717421,USD/MMBtu,P1M,,,,fred:PNGASEUUSDM,https://fred.stlouisfed.org/graph/fredgraph.csv?id=PNGASEUUSDM,2026-09-25T22:26:57Z,
fred:PNGASEUUSDM,price,2023-09-01T00:00:00Z,11.42793,USD/MMBtu,P1M,,,,fred:PNGASEUUSDM,https://fred.stlouisfed.org/graph/fredgraph.csv?id=PNGASEUUSDM,2026-09-25T22:26:57Z,
fred:PNGASEUUSDM,price,2023-10-01T00:00:00Z,13.388843,USD/MMBtu,P1M,,,,fred:PNGASEUUSDM,https://fred.stlouisfed.org/graph/fredgraph.csv?id=PNGASEUUSDM,2026-09-25T22:26:57Z,
fred:PNGASEUUSDM,price,2023-11-01T00:00:00Z,13.714316,USD/MMBtu,P1M,,,,fred:PNGASEUUSDM,https://fred.stlouisfed.org/graph/fredgraph.csv?id=PNGASEUUSDM,2026-09-25T22:26:57Z,
fred:PNGASEUUSDM,price,2023-12-01T00:00:00Z,11.296291,USD/MMBtu,P1M,,,,fred:PNGASEUUSDM,https://fred.stlouisfed.org/graph/fredgraph.csv?id=PNGASEUUSDM,2026-09-25T22:26:57Z,
fred:PNGASEUUSDM,price,2024-01-01T00:00:00Z,9.531191,USD/MMBtu,P1M,,,,fred:PNGASEUUSDM,https://fred.stlouisfed.org/graph/fredgraph.csv?id=PNGASEUUSDM,2026-09-25T22:26:57Z,
fred:PNGASEUUSDM,price,2024-02-01T00:00:00Z,8.098181,USD/MMBtu,P1M,,,,fred:PNGASEUUSDM,https://fred.stlouisfed.org/graph/fredgraph.csv?id=PNGASEUUSDM,2026-09-25T22:26:57Z,
fred:PNGASEUUSDM,price,2024-03-01T00:00:00Z,8.511036,USD/MMBtu,P1M,,,,fred:PNGASEUUSDM,https://fred.stlouisfed.org/graph/fredgraph.csv?id=PNGASEUUSDM,2026-09-25T22:26:57Z,
fred:PNGASEUUSDM,price,2024-04-01T00:00:00Z,9.129581,USD/MMBtu,P1M,,,,fred:PNGASEUUSDM,https://fred.stlouisfed.org/graph/fredgraph.csv?id=PNGASEUUSDM,2026-09-25T22:26:57Z,
fred:PNGASEUUSDM,price,2024-05-01T00:00:00Z,10.109621,USD/MMBtu,P1M,,,,fred:PNGASEUUSDM,https://fred.stlouisfed.org/graph/fredgraph.csv?id=PNGASEUUSDM,2026-09-25T22:26:57Z,
fred:PNGASEUUSDM,price,2024-06-01T00:00:00Z,10.806626,USD/MMBtu,P1M,,,,fred:PNGASEUUSDM,https://fred.stlouisfed.org/graph/fredgraph.csv?id=PNGASEUUSDM,2026-09-25T22:26:57Z,
fred:PNGASEUUSDM,price,2024-07-01T00:00:00Z,10.239792,USD/MMBtu,P1M,,,,fred:PNGASEUUSDM,https://fred.stlouisfed.org/graph/fredgraph.csv?id=PNGASEUUSDM,2026-09-25T22:26:57Z,
fred:PNGASEUUSDM,price,2024-08-01T00:00:00Z,12.193846,USD/MMBtu,P1M,,,,fred:PNGASEUUSDM,https://fred.stlouisfed.org/graph/fredgraph.csv?id=PNGASEUUSDM,2026-09-25T22:26:57Z,
fred:PNGASEUUSDM,price,2024-09-01T00:00:00Z,11.750812,USD/MMBtu,P1M,,,,fred:PNGASEUUSDM,https://fred.stlouisfed.org/graph/fredgraph.csv?id=PNGASEUUSDM,2026-09-25T22:26:57Z,
fred:PNGASEUUSDM,price,2024-10-01T00:00:00Z,12.755,USD/MMBtu,P1M,,,,fred:PNGASEUUSDM,https://fred.stlouisfed.org/graph/fredgraph.csv?id=PNGASEUUSDM,2026-09-25T22:26:57Z,
fred:PNGASEUUSDM,price,2024-11-01T00:00:00Z,13.811,USD/MMBtu,P1M,,,,fred:PNGASEUUSDM,https://fred.stlouisfed.org/graph/fredgraph.csv?id=PNGASEUUSDM,2026-09-25T22:26:57Z,
fred:PNGASEUUSDM,price,2024-12-01T00:00:00Z,13.757,USD/MMBtu,P1M,,,,fred:PNGASEUUSDM,https://fred.stlouisfed.org/graph/fredgraph.csv?id=PNGASEUUSDM,2026-09-25T22:26:57Z,
fred:PNGASEUUSDM,price,2025-01-01T00:00:00Z,14.759096,USD/MMBtu,P1M,,,,fred:PNGASEUUSDM,https://fred.stlouisfed.org/graph/fredgraph.csv?id=PNGASEUUSDM,2026-09-25T22:26:57Z,
fred:PNGASEUUSDM,price,2025-02-01T00:00:00Z,15.376383,USD/MMBtu,P1M,,,,fred:PNGASEUUSDM,https://fred.stlouisfed.org/graph/fredgraph.csv?id=PNGASEUUSDM,2026-09-25T22:26:57Z,
fred:PNGASEUUSDM,price,2025-03-01T00:00:00Z,13.15601,USD/MMBtu,P1M,,,,fred:PNGASEUUSDM,https://fred.stlouisfed.org/graph/fredgraph.csv?id=PNGASEUUSDM,2026-09-25T22:26:57Z,
fred:PNGASEUUSDM,price,2025-04-01T00:00:00Z,11.571957,USD/MMBtu,P1M,,,,fred:PNGASEUUSDM,https://fred.stlouisfed.org/graph/fredgraph.csv?id=PNGASEUUSDM,2026-09-25T22:26:57Z,
fred:PNGASEUUSDM,price,2025-05-01T00:00:00Z,11.623797,USD/MMBtu,P1M,,,,fred:PNGASEUUSDM,https://fred.stlouisfed.org/graph/fredgraph.csv?id=PNGASEUUSDM,2026-09-25T22:26:57Z,
fred:PNGASEUUSDM,price,2025-06-01T00:00:00Z,12.300587,USD/MMBtu,P1M,,,,fred:PNGASEUUSDM,https://fred.stlouisfed.org/graph/fredgraph.csv?id=PNGASEUUSDM,2026-09-25T22:26:57Z,
fred:PNGASEUUSDM,price,2025-07-01T00:00:00Z,11.470646,USD/MMBtu,P1M,,,,fred:PNGASEUUSDM,https://fred.stlouisfed.org/graph/fredgraph.csv?id=PNGASEUUSDM,2026-09-25T22:26:57Z,
fred:PNGASEUUSDM,price,2025-08-01T00:00:00Z,10.975232,USD/MMBtu,P1M,,,,fred:PNGASEUUSDM,https://fred.stlouisfed.org/graph/fredgraph.csv?id=PNGASEUUSDM,2026-09-25T22:26:57Z,
fred:PNGASEUUSDM,price,2025-09-01T00:00:00Z,11.003,USD/MMBtu,P1M,,,,fred:PNGASEUUSDM,https://fred.stlouisfed.org/graph/fredgraph.csv?id=PNGASEUUSDM,2026-09-25T22:26:57Z,
fred:PNGASEUUSDM,price,2025-10-01T00:00:00Z,10.897,USD/MMBtu,P1M,,,,fred:PNGASEUUSDM,https://fred.stlouisfed.org/graph/fredgraph.csv?id=PNGASEUUSDM,2026-09-25T22:26:57Z,
fred:PNGASEUUSDM,price,2025-11-01T00:00:00Z,10.355,USD/MMBtu,P1M,,,,fred:PNGASEUUSDM,https://fred.stlouisfed.org/graph/fredgraph.csv?id=PNGASEUUSDM,2026-09-25T22:26:57Z,
fred:PNGASEUUSDM,price,2025-12-01T00:00:00Z,9.46,USD/MMBtu,P1M,,,,fred:PNGASEUUSDM,https://fred.stlouisfed.org/graph/fredgraph.csv?id=PNGASEUUSDM,2026-09-25T22:26:57Z,
fred:PNGASEUUSDM,price,2026-01-01T00:00:00Z,11.987,USD/MMBtu,P1M,,,,fred:PNGASEUUSDM,https://fred.stlouisfed.org/graph/fredgraph.csv?id=PNGASEUUSDM,2026-09-25T22:26:57Z,
fred:PNGASEUUSDM,price,2026-02-01T00:00:00Z,11.19,USD/MMBtu,P1M,,,,fred:PNGASEUUSDM,https://fred.stlouisfed.org/graph/fredgraph.csv?id=PNGASEUUSDM,2026-09-25T22:26:57Z,
fred:PNGASEUUSDM,price,2026-03-01T00:00:00Z,17.67,USD/MMBtu,P1M,,,,fred:PNGASEUUSDM,https://fred.stlouisfed.org/graph/fredgraph.csv?id=PNGASEUUSDM,2026-09-25T22:26:57Z,
fred:PNGASEUUSDM,price,2026-04-01T00:00:00Z,15.393,USD/MMBtu,P1M,,,,fred:PNGASEUUSDM,https://fred.stlouisfed.org/graph/fredgraph.csv?id=PNGASEUUSDM,2026-09-25T22:26:57Z,
fred:PNGASEUUSDM,price,2026-05-01T00:00:00Z,16.153,USD/MMBtu,P1M,,,,fred:PNGASEUUSDM,https://fred.stlouisfed.org/graph/fredgraph.csv?id=PNGASEUUSDM,2026-09-25T22:26:57Z,
fred:PNGASEUUSDM,price,2026-06-01T00:00:00Z,15.092,USD/MMBtu,P1M,,,,fred:PNGASEUUSDM,https://fred.stlouisfed.org/graph/fredgraph.csv?id=PNGASEUUSDM,2026-09-25T22:26:57Z,
fred:PNGASEUUSDM,price,2026-07-01T00:00:00Z,17.93,USD/MMBtu,P1M,,,,fred:PNGASEUUSDM,https://fred.stlouisfed.org/graph/fredgraph.csv?id=PNGASEUUSDM,2026-09-25T22:26:57Z,
fred:PNGASJPUSDM,price,1992-01-01T00:00:00Z,3.8,USD/MMBtu,P1M,,,,fred:PNGASJPUSDM,https://fred.stlouisfed.org/graph/fredgraph.csv?id=PNGASJPUSDM,2026-09-25T22:26:58Z,
fred:PNGASJPUSDM,price,1992-02-01T00:00:00Z,3.55,USD/MMBtu,P1M,,,,fred:PNGASJPUSDM,https://fred.stlouisfed.org/graph/fredgraph.csv?id=PNGASJPUSDM,2026-09-25T22:26:58Z,
fred:PNGASJPUSDM,price,1992-03-01T00:00:00Z,3.45,USD/MMBtu,P1M,,,,fred:PNGASJPUSDM,https://fred.stlouisfed.org/graph/fredgraph.csv?id=PNGASJPUSDM,2026-09-25T22:26:58Z,
fred:PNGASJPUSDM,price,1992-04-01T00:00:00Z,3.45,USD/MMBtu,P1M,,,,fred:PNGASJPUSDM,https://fred.stlouisfed.org/graph/fredgraph.csv?id=PNGASJPUSDM,2026-09-25T22:26:58Z,
fred:PNGASJPUSDM,price,1992-05-01T00:00:00Z,3.585,USD/MMBtu,P1M,,,,fred:PNGASJPUSDM,https://fred.stlouisfed.org/graph/fredgraph.csv?id=PNGASJPUSDM,2026-09-25T22:26:58Z,
fred:PNGASJPUSDM,price,1992-06-01T00:00:00Z,3.72,USD/MMBtu,P1M,,,,fred:PNGASJPUSDM,https://fred.stlouisfed.org/graph/fredgraph.csv?id=PNGASJPUSDM,2026-09-25T22:26:58Z,
fred:PNGASJPUSDM,price,1992-07-01T00:00:00Z,3.94,USD/MMBtu,P1M,,,,fred:PNGASJPUSDM,https://fred.stlouisfed.org/graph/fredgraph.csv?id=PNGASJPUSDM,2026-09-25T22:26:58Z,
fred:PNGASJPUSDM,price,1992-08-01T00:00:00Z,3.96,USD/MMBtu,P1M,,,,fred:PNGASJPUSDM,https://fred.stlouisfed.org/graph/fredgraph.csv?id=PNGASJPUSDM,2026-09-25T22:26:58Z,
fred:PNGASJPUSDM,price,1992-09-01T00:00:00Z,3.98,USD/MMBtu,P1M,,,,fred:PNGASJPUSDM,https://fred.stlouisfed.org/graph/fredgraph.csv?id=PNGASJPUSDM,2026-09-25T22:26:58Z,
fred:PNGASJPUSDM,price,1992-10-01T00:00:00Z,3.87,USD/MMBtu,P1M,,,,fred:PNGASJPUSDM,https://fred.stlouisfed.org/graph/fredgraph.csv?id=PNGASJPUSDM,2026-09-25T22:26:58Z,
fred:PNGASJPUSDM,price,1992-11-01T00:00:00Z,3.84,USD/MMBtu,P1M,,,,fred:PNGASJPUSDM,https://fred.stlouisfed.org/graph/fredgraph.csv?id=PNGASJPUSDM,2026-09-25T22:26:58Z,
fred:PNGASJPUSDM,price,1992-12-01T00:00:00Z,3.78,USD/MMBtu,P1M,,,,fred:PNGASJPUSDM,https://fred.stlouisfed.org/graph/fredgraph.csv?id=PNGASJPUSDM,2026-09-25T22:26:58Z,
fred:PNGASJPUSDM,price,1993-01-01T00:00:00Z,3.61,USD/MMBtu,P1M,,,,fred:PNGASJPUSDM,https://fred.stlouisfed.org/graph/fredgraph.csv?id=PNGASJPUSDM,2026-09-25T22:26:58Z,
fred:PNGASJPUSDM,price,1993-02-01T00:00:00Z,3.68,USD/MMBtu,P1M,,,,fred:PNGASJPUSDM,https://fred.stlouisfed.org/graph/fredgraph.csv?id=PNGASJPUSDM,2026-09-25T22:26:58Z,
fred:PNGASJPUSDM,price,1993-03-01T00:00:00Z,3.6,USD/MMBtu,P1M,,,,fred:PNGASJPUSDM,https://fred.stlouisfed.org/graph/fredgraph.csv?id=PNGASJPUSDM,2026-09-25T22:26:58Z,
fred:PNGASJPUSDM,price,1993-04-01T00:00:00Z,3.82,USD/MMBtu,P1M,,,,fred:PNGASJPUSDM,https://fred.stlouisfed.org/graph/fredgraph.csv?id=PNGASJPUSDM,2026-09-25T22:26:58Z,
fred:PNGASJPUSDM,price,1993-05-01T00:00:00Z,3.8,USD/MMBtu,P1M,,,,fred:PNGASJPUSDM,https://fred.stlouisfed.org/graph/fredgraph.csv?id=PNGASJPUSDM,2026-09-25T22:26:58Z,
fred:PNGASJPUSDM,price,1993-06-01T00:00:00Z,3.79,USD/MMBtu,P1M,,,,fred:PNGASJPUSDM,https://fred.stlouisfed.org/graph/fredgraph.csv?id=PNGASJPUSDM,2026-09-25T22:26:58Z,
fred:PNGASJPUSDM,price,1993-07-01T00:00:00Z,3.76,USD/MMBtu,P1M,,,,fred:PNGASJPUSDM,https://fred.stlouisfed.org/graph/fredgraph.csv?id=PNGASJPUSDM,2026-09-25T22:26:58Z,
fred:PNGASJPUSDM,price,1993-08-01T00:00:00Z,3.63,USD/MMBtu,P1M,,,,fred:PNGASJPUSDM,https://fred.stlouisfed.org/graph/fredgraph.csv?id=PNGASJPUSDM,2026-09-25T22:26:58Z,
fred:PNGASJPUSDM,price,1993-09-01T00:00:00Z,3.5,USD/MMBtu,P1M,,,,fred:PNGASJPUSDM,https://fred.stlouisfed.org/graph/fredgraph.csv?id=PNGASJPUSDM,2026-09-25T22:26:58Z,
fred:PNGASJPUSDM,price,1993-10-01T00:00:00Z,3.36,USD/MMBtu,P1M,,,,fred:PNGASJPUSDM,https://fred.stlouisfed.org/graph/fredgraph.csv?id=PNGASJPUSDM,2026-09-25T22:26:58Z,
fred:PNGASJPUSDM,price,1993-11-01T00:00:00Z,3.41,USD/MMBtu,P1M,,,,fred:PNGASJPUSDM,https://fred.stlouisfed.org/graph/fredgraph.csv?id=PNGASJPUSDM,2026-09-25T22:26:58Z,
fred:PNGASJPUSDM,price,1993-12-01T00:00:00Z,3.21,USD/MMBtu,P1M,,,,fred:PNGASJPUSDM,https://fred.stlouisfed.org/graph/fredgraph.csv?id=PNGASJPUSDM,2026-09-25T22:26:58Z,
fred:PNGASJPUSDM,price,1994-01-01T00:00:00Z,3.07,USD/MMBtu,P1M,,,,fred:PNGASJPUSDM,https://fred.stlouisfed.org/graph/fredgraph.csv?id=PNGASJPUSDM,2026-09-25T22:26:58Z,
fred:PNGASJPUSDM,price,1994-02-01T00:00:00Z,3.17,USD/MMBtu,P1M,,,,fred:PNGASJPUSDM,https://fred.stlouisfed.org/graph/fredgraph.csv?id=PNGASJPUSDM,2026-09-25T22:26:58Z,
fred:PNGASJPUSDM,price,1994-03-01T00:00:00Z,3.16,USD/MMBtu,P1M,,,,fred:PNGASJPUSDM,https://fred.stlouisfed.org/graph/fredgraph.csv?id=PNGASJPUSDM,2026-09-25T22:26:58Z,
fred:PNGASJPUSDM,price,1994-04-01T00:00:00Z,3.11,USD/MMBtu,P1M,,,,fred:PNGASJPUSDM,https://fred.stlouisfed.org/graph/fredgraph.csv?id=PNGASJPUSDM,2026-09-25T22:26:58Z,
fred:PNGASJPUSDM,price,1994-05-01T00:00:00Z,3.11,USD/MMBtu,P1M,,,,fred:PNGASJPUSDM,https://fred.stlouisfed.org/graph/fredgraph.csv?id=PNGASJPUSDM,2026-09-25T22:26:58Z,
fred:PNGASJPUSDM,price,1994-06-01T00:00:00Z,3.32,USD/MMBtu,P1M,,,,fred:PNGASJPUSDM,https://fred.stlouisfed.org/graph/fredgraph.csv?id=PNGASJPUSDM,2026-09-25T22:26:58Z,
fred:PNGASJPUSDM,price,1994-07-01T00:00:00Z,3.43,USD/MMBtu,P1M,,,,fred:PNGASJPUSDM,https://fred.stlouisfed.org/graph/fredgraph.csv?id=PNGASJPUSDM,2026-09-25T22:26:58Z,
fred:PNGASJPUSDM,price,1994-08-01T00:00:00Z,3.55,USD/MMBtu,P1M,,,,fred:PNGASJPUSDM,https://fred.stlouisfed.org/graph/fredgraph.csv?id=PNGASJPUSDM,2026-09-25T22:26:58Z,
fred:PNGASJPUSDM,price,1994-09-01T00:00:00Z,3.6,USD/MMBtu,P1M,,,,fred:PNGASJPUSDM,https://fred.stlouisfed.org/graph/fredgraph.csv?id=PNGASJPUSDM,2026-09-25T22:26:58Z,
fred:PNGASJPUSDM,price,1994-10-01T00:00:00Z,3.42,USD/MMBtu,P1M,,,,fred:PNGASJPUSDM,https://fred.stlouisfed.org/graph/fredgraph.csv?id=PNGASJPUSDM,2026-09-25T22:26:58Z,
fred:PNGASJPUSDM,price,1994-11-01T00:00:00Z,3.25,USD/MMBtu,P1M,,,,fred:PNGASJPUSDM,https://fred.stlouisfed.org/graph/fredgraph.csv?id=PNGASJPUSDM,2026-09-25T22:26:58Z,
fred:PNGASJPUSDM,price,1994-12-01T00:00:00Z,3.23,USD/MMBtu,P1M,,,,fred:PNGASJPUSDM,https://fred.stlouisfed.org/graph/fredgraph.csv?id=PNGASJPUSDM,2026-09-25T22:26:58Z,
fred:PNGASJPUSDM,price,1995-01-01T00:00:00Z,3.38,USD/MMBtu,P1M,,,,fred:PNGASJPUSDM,https://fred.stlouisfed.org/graph/fredgraph.csv?id=PNGASJPUSDM,2026-09-25T22:26:58Z,
fred:PNGASJPUSDM,price,1995-02-01T00:00:00Z,3.54,USD/MMBtu,P1M,,,,fred:PNGASJPUSDM,https://fred.stlouisfed.org/graph/fredgraph.csv?id=PNGASJPUSDM,2026-09-25T22:26:58Z,
fred:PNGASJPUSDM,price,1995-03-01T00:00:00Z,3.8,USD/MMBtu,P1M,,,,fred:PNGASJPUSDM,https://fred.stlouisfed.org/graph/fredgraph.csv?id=PNGASJPUSDM,2026-09-25T22:26:58Z,
fred:PNGASJPUSDM,price,1995-04-01T00:00:00Z,3.82,USD/MMBtu,P1M,,,,fred:PNGASJPUSDM,https://fred.stlouisfed.org/graph/fredgraph.csv?id=PNGASJPUSDM,2026-09-25T22:26:58Z,
fred:PNGASJPUSDM,price,1995-05-01T00:00:00Z,3.71,USD/MMBtu,P1M,,,,fred:PNGASJPUSDM,https://fred.stlouisfed.org/graph/fredgraph.csv?id=PNGASJPUSDM,2026-09-25T22:26:58Z,
fred:PNGASJPUSDM,price,1995-06-01T00:00:00Z,3.85,USD/MMBtu,P1M,,,,fred:PNGASJPUSDM,https://fred.stlouisfed.org/graph/fredgraph.csv?id=PNGASJPUSDM,2026-09-25T22:26:58Z,
fred:PNGASJPUSDM,price,1995-07-01T00:00:00Z,3.62,USD/MMBtu,P1M,,,,fred:PNGASJPUSDM,https://fred.stlouisfed.org/graph/fredgraph.csv?id=PNGASJPUSDM,2026-09-25T22:26:58Z,
fred:PNGASJPUSDM,price,1995-08-01T00:00:00Z,3.32,USD/MMBtu,P1M,,,,fred:PNGASJPUSDM,https://fred.stlouisfed.org/graph/fredgraph.csv?id=PNGASJPUSDM,2026-09-25T22:26:58Z,
fred:PNGASJPUSDM,price,1995-09-01T00:00:00Z,3.35,USD/MMBtu,P1M,,,,fred:PNGASJPUSDM,https://fred.stlouisfed.org/graph/fredgraph.csv?id=PNGASJPUSDM,2026-09-25T22:26:58Z,
fred:PNGASJPUSDM,price,1995-10-01T00:00:00Z,3.43,USD/MMBtu,P1M,,,,fred:PNGASJPUSDM,https://fred.stlouisfed.org/graph/fredgraph.csv?id=PNGASJPUSDM,2026-09-25T22:26:58Z,
fred:PNGASJPUSDM,price,1995-11-01T00:00:00Z,3.41,USD/MMBtu,P1M,,,,fred:PNGASJPUSDM,https://fred.stlouisfed.org/graph/fredgraph.csv?id=PNGASJPUSDM,2026-09-25T22:26:58Z,
fred:PNGASJPUSDM,price,1995-12-01T00:00:00Z,3.45,USD/MMBtu,P1M,,,,fred:PNGASJPUSDM,https://fred.stlouisfed.org/graph/fredgraph.csv?id=PNGASJPUSDM,2026-09-25T22:26:58Z,
fred:PNGASJPUSDM,price,1996-01-01T00:00:00Z,3.59,USD/MMBtu,P1M,,,,fred:PNGASJPUSDM,https://fred.stlouisfed.org/graph/fredgraph.csv?id=PNGASJPUSDM,2026-09-25T22:26:58Z,
fred:PNGASJPUSDM,price,1996-02-01T00:00:00Z,3.81,USD/MMBtu,P1M,,,,fred:PNGASJPUSDM,https://fred.stlouisfed.org/graph/fredgraph.csv?id=PNGASJPUSDM,2026-09-25T22:26:58Z,
fred:PNGASJPUSDM,price,1996-03-01T00:00:00Z,3.76,USD/MMBtu,P1M,,,,fred:PNGASJPUSDM,https://fred.stlouisfed.org/graph/fredgraph.csv?id=PNGASJPUSDM,2026-09-25T22:26:58Z,
fred:PNGASJPUSDM,price,1996-04-01T00:00:00Z,3.82,USD/MMBtu,P1M,,,,fred:PNGASJPUSDM,https://fred.stlouisfed.org/graph/fredgraph.csv?id=PNGASJPUSDM,2026-09-25T22:26:58Z,
fred:PNGASJPUSDM,price,1996-05-01T00:00:00Z,3.82,USD/MMBtu,P1M,,,,fred:PNGASJPUSDM,https://fred.stlouisfed.org/graph/fredgraph.csv?id=PNGASJPUSDM,2026-09-25T22:26:58Z,
fred:PNGASJPUSDM,price,1996-06-01T00:00:00Z,3.79,USD/MMBtu,P1M,,,,fred:PNGASJPUSDM,https://fred.stlouisfed.org/graph/fredgraph.csv?id=PNGASJPUSDM,2026-09-25T22:26:58Z,
fred:PNGASJPUSDM,price,1996-07-01T00:00:00Z,3.79,USD/MMBtu,P1M,,,,fred:PNGASJPUSDM,https://fred.stlouisfed.org/graph/fredgraph.csv?id=PNGASJPUSDM,2026-09-25T22:26:58Z,
fred:PNGASJPUSDM,price,1996-08-01T00:00:00Z,3.87,USD/MMBtu,P1M,,,,fred:PNGASJPUSDM,https://fred.stlouisfed.org/graph/fredgraph.csv?id=PNGASJPUSDM,2026-09-25T22:26:58Z,
fred:PNGASJPUSDM,price,1996-09-01T00:00:00Z,3.81,USD/MMBtu,P1M,,,,fred:PNGASJPUSDM,https://fred.stlouisfed.org/graph/fredgraph.csv?id=PNGASJPUSDM,2026-09-25T22:26:58Z,
fred:PNGASJPUSDM,price,1996-10-01T00:00:00Z,4.04,USD/MMBtu,P1M,,,,fred:PNGASJPUSDM,https://fred.stlouisfed.org/graph/fredgraph.csv?id=PNGASJPUSDM,2026-09-25T22:26:58Z,
fred:PNGASJPUSDM,price,1996-11-01T00:00:00Z,4.41,USD/MMBtu,P1M,,,,fred:PNGASJPUSDM,https://fred.stlouisfed.org/graph/fredgraph.csv?id=PNGASJPUSDM,2026-09-25T22:26:58Z,
fred:PNGASJPUSDM,price,1996-12-01T00:00:00Z,4.32,USD/MMBtu,P1M,,,,fred:PNGASJPUSDM,https://fred.stlouisfed.org/graph/fredgraph.csv?id=PNGASJPUSDM,2026-09-25T22:26:58Z,
fred:PNGASJPUSDM,price,1997-01-01T00:00:00Z,4.29,USD/MMBtu,P1M,,,,fred:PNGASJPUSDM,https://fred.stlouisfed.org/graph/fredgraph.csv?id=PNGASJPUSDM,2026-09-25T22:26:58Z,
fred:PNGASJPUSDM,price,1997-02-01T00:00:00Z,4.4,USD/MMBtu,P1M,,,,fred:PNGASJPUSDM,https://fred.stlouisfed.org/graph/fredgraph.csv?id=PNGASJPUSDM,2026-09-25T22:26:58Z,
fred:PNGASJPUSDM,price,1997-03-01T00:00:00Z,4.11,USD/MMBtu,P1M,,,,fred:PNGASJPUSDM,https://fred.stlouisfed.org/graph/fredgraph.csv?id=PNGASJPUSDM,2026-09-25T22:26:58Z,
fred:PNGASJPUSDM,price,1997-04-01T00:00:00Z,3.72,USD/MMBtu,P1M,,,,fred:PNGASJPUSDM,https://fred.stlouisfed.org/graph/fredgraph.csv?id=PNGASJPUSDM,2026-09-25T22:26:58Z,
fred:PNGASJPUSDM,price,1997-05-01T00:00:00Z,3.73,USD/MMBtu,P1M,,,,fred:PNGASJPUSDM,https://fred.stlouisfed.org/graph/fredgraph.csv?id=PNGASJPUSDM,2026-09-25T22:26:58Z,
fred:PNGASJPUSDM,price,1997-06-01T00:00:00Z,3.66,USD/MMBtu,P1M,,,,fred:PNGASJPUSDM,https://fred.stlouisfed.org/graph/fredgraph.csv?id=PNGASJPUSDM,2026-09-25T22:26:58Z,
fred:PNGASJPUSDM,price,1997-07-01T00:00:00Z,3.5,USD/MMBtu,P1M,,,,fred:PNGASJPUSDM,https://fred.stlouisfed.org/graph/fredgraph.csv?id=PNGASJPUSDM,2026-09-25T22:26:58Z,
fred:PNGASJPUSDM,price,1997-08-01T00:00:00Z,3.43,USD/MMBtu,P1M,,,,fred:PNGASJPUSDM,https://fred.stlouisfed.org/graph/fredgraph.csv?id=PNGASJPUSDM,2026-09-25T22:26:58Z,
fred:PNGASJPUSDM,price,1997-09-01T00:00:00Z,3.5,USD/MMBtu,P1M,,,,fred:PNGASJPUSDM,https://fred.stlouisfed.org/graph/fredgraph.csv?id=PNGASJPUSDM,2026-09-25T22:26:58Z,
fred:PNGASJPUSDM,price,1997-10-01T00:00:00Z,3.5,USD/MMBtu,P1M,,,,fred:PNGASJPUSDM,https://fred.stlouisfed.org/graph/fredgraph.csv?id=PNGASJPUSDM,2026-09-25T22:26:58Z,
fred:PNGASJPUSDM,price,1997-11-01T00:00:00Z,3.63,USD/MMBtu,P1M,,,,fred:PNGASJPUSDM,https://fred.stlouisfed.org/graph/fredgraph.csv?id=PNGASJPUSDM,2026-09-25T22:26:58Z,
fred:PNGASJPUSDM,price,1997-12-01T00:00:00Z,3.66,USD/MMBtu,P1M,,,,fred:PNGASJPUSDM,https://fred.stlouisfed.org/graph/fredgraph.csv?id=PNGASJPUSDM,2026-09-25T22:26:58Z,
fred:PNGASJPUSDM,price,1998-01-01T00:00:00Z,3.46,USD/MMBtu,P1M,,,,fred:PNGASJPUSDM,https://fred.stlouisfed.org/graph/fredgraph.csv?id=PNGASJPUSDM,2026-09-25T22:26:58Z,
fred:PNGASJPUSDM,price,1998-02-01T00:00:00Z,2.98,USD/MMBtu,P1M,,,,fred:PNGASJPUSDM,https://fred.stlouisfed.org/graph/fredgraph.csv?id=PNGASJPUSDM,2026-09-25T22:26:58Z,
fred:PNGASJPUSDM,price,1998-03-01T00:00:00Z,2.81,USD/MMBtu,P1M,,,,fred:PNGASJPUSDM,https://fred.stlouisfed.org/graph/fredgraph.csv?id=PNGASJPUSDM,2026-09-25T22:26:58Z,
fred:PNGASJPUSDM,price,1998-04-01T00:00:00Z,2.61,USD/MMBtu,P1M,,,,fred:PNGASJPUSDM,https://fred.stlouisfed.org/graph/fredgraph.csv?id=PNGASJPUSDM,2026-09-25T22:26:58Z,
fred:PNGASJPUSDM,price,1998-05-01T00:00:00Z,2.67,USD/MMBtu,P1M,,,,fred:PNGASJPUSDM,https://fred.stlouisfed.org/graph/fredgraph.csv?id=PNGASJPUSDM,2026-09-25T22:26:58Z,
fred:PNGASJPUSDM,price,1998-06-01T00:00:00Z,2.66,USD/MMBtu,P1M,,,,fred:PNGASJPUSDM,https://fred.stlouisfed.org/graph/fredgraph.csv?id=PNGASJPUSDM,2026-09-25T22:26:58Z,
fred:PNGASJPUSDM,price,1998-07-01T00:00:00Z,2.57,USD/MMBtu,P1M,,,,fred:PNGASJPUSDM,https://fred.stlouisfed.org/graph/fredgraph.csv?id=PNGASJPUSDM,2026-09-25T22:26:58Z,
fred:PNGASJPUSDM,price,1998-08-01T00:00:00Z,2.57,USD/MMBtu,P1M,,,,fred:PNGASJPUSDM,https://fred.stlouisfed.org/graph/fredgraph.csv?id=PNGASJPUSDM,2026-09-25T22:26:58Z,
fred:PNGASJPUSDM,price,1998-09-01T00:00:00Z,2.65,USD/MMBtu,P1M,,,,fred:PNGASJPUSDM,https://fred.stlouisfed.org/graph/fredgraph.csv?id=PNGASJPUSDM,2026-09-25T22:26:58Z,
fred:PNGASJPUSDM,price,1998-10-01T00:00:00Z,2.76,USD/MMBtu,P1M,,,,fred:PNGASJPUSDM,https://fred.stlouisfed.org/graph/fredgraph.csv?id=PNGASJPUSDM,2026-09-25T22:26:58Z,
fred:PNGASJPUSDM,price,1998-11-01T00:00:00Z,2.67,USD/MMBtu,P1M,,,,fred:PNGASJPUSDM,https://fred.stlouisfed.org/graph/fredgraph.csv?id=PNGASJPUSDM,2026-09-25T22:26:58Z,
fred:PNGASJPUSDM,price,1998-12-01T00:00:00Z,2.64,USD/MMBtu,P1M,,,,fred:PNGASJPUSDM,https://fred.stlouisfed.org/graph/fredgraph.csv?id=PNGASJPUSDM,2026-09-25T22:26:58Z,
fred:PNGASJPUSDM,price,1999-01-01T00:00:00Z,2.64,USD/MMBtu,P1M,,,,fred:PNGASJPUSDM,https://fred.stlouisfed.org/graph/fredgraph.csv?id=PNGASJPUSDM,2026-09-25T22:26:58Z,
fred:PNGASJPUSDM,price,1999-02-01T00:00:00Z,2.57,USD/MMBtu,P1M,,,,fred:PNGASJPUSDM,https://fred.stlouisfed.org/graph/fredgraph.csv?id=PNGASJPUSDM,2026-09-25T22:26:58Z,
fred:PNGASJPUSDM,price,1999-03-01T00:00:00Z,2.61,USD/MMBtu,P1M,,,,fred:PNGASJPUSDM,https://fred.stlouisfed.org/graph/fredgraph.csv?id=PNGASJPUSDM,2026-09-25T22:26:58Z,
fred:PNGASJPUSDM,price,1999-04-01T00:00:00Z,2.68,USD/MMBtu,P1M,,,,fred:PNGASJPUSDM,https://fred.stlouisfed.org/graph/fredgraph.csv?id=PNGASJPUSDM,2026-09-25T22:26:58Z,
fred:PNGASJPUSDM,price,1999-05-01T00:00:00Z,3.02,USD/MMBtu,P1M,,,,fred:PNGASJPUSDM,https://fred.stlouisfed.org/graph/fredgraph.csv?id=PNGASJPUSDM,2026-09-25T22:26:58Z,
fred:PNGASJPUSDM,price,1999-06-01T00:00:00Z,3.19,USD/MMBtu,P1M,,,,fred:PNGASJPUSDM,https://fred.stlouisfed.org/graph/fredgraph.csv?id=PNGASJPUSDM,2026-09-25T22:26:58Z,
fred:PNGASJPUSDM,price,1999-07-01T00:00:00Z,3.23,USD/MMBtu,P1M,,,,fred:PNGASJPUSDM,https://fred.stlouisfed.org/graph/fredgraph.csv?id=PNGASJPUSDM,2026-09-25T22:26:58Z,
fred:PNGASJPUSDM,price,1999-08-01T00:00:00Z,3.52,USD/MMBtu,P1M,,,,fred:PNGASJPUSDM,https://fred.stlouisfed.org/graph/fredgraph.csv?id=PNGASJPUSDM,2026-09-25T22:26:58Z,
fred:PNGASJPUSDM,price,1999-09-01T00:00:00Z,3.83,USD/MMBtu,P1M,,,,fred:PNGASJPUSDM,https://fred.stlouisfed.org/graph/fredgraph.csv?id=PNGASJPUSDM,2026-09-25T22:26:58Z,
fred:PNGASJPUSDM,price,1999-10-01T00:00:00Z,4.14,USD/MMBtu,P1M,,,,fred:PNGASJPUSDM,https://fred.stlouisfed.org/graph/fredgraph.csv?id=PNGASJPUSDM,2026-09-25T22:26:58Z,
fred:PNGASJPUSDM,price,1999-11-01T00:00:00Z,4.25,USD/MMBtu,P1M,,,,fred:PNGASJPUSDM,https://fred.stlouisfed.org/graph/fredgraph.csv?id=PNGASJPUSDM,2026-09-25T22:26:58Z,
fred:PNGASJPUSDM,price,1999-12-01T00:00:00Z,4.43,USD/MMBtu,P1M,,,,fred:PNGASJPUSDM,https://fred.stlouisfed.org/graph/fredgraph.csv?id=PNGASJPUSDM,2026-09-25T22:26:58Z,
fred:PNGASJPUSDM,price,2000-01-01T00:00:00Z,4.54,USD/MMBtu,P1M,,,,fred:PNGASJPUSDM,https://fred.stlouisfed.org/graph/fredgraph.csv?id=PNGASJPUSDM,2026-09-25T22:26:58Z,
fred:PNGASJPUSDM,price,2000-02-01T00:00:00Z,4.58,USD/MMBtu,P1M,,,,fred:PNGASJPUSDM,https://fred.stlouisfed.org/graph/fredgraph.csv?id=PNGASJPUSDM,2026-09-25T22:26:58Z,
fred:PNGASJPUSDM,price,2000-03-01T00:00:00Z,4.95,USD/MMBtu,P1M,,,,fred:PNGASJPUSDM,https://fred.stlouisfed.org/graph/fredgraph.csv?id=PNGASJPUSDM,2026-09-25T22:26:58Z,
fred:PNGASJPUSDM,price,2000-04-01T00:00:00Z,5.08,USD/MMBtu,P1M,,,,fred:PNGASJPUSDM,https://fred.stlouisfed.org/graph/fredgraph.csv?id=PNGASJPUSDM,2026-09-25T22:26:58Z,
fred:PNGASJPUSDM,price,2000-05-01T00:00:00Z,4.58,USD/MMBtu,P1M,,,,fred:PNGASJPUSDM,https://fred.stlouisfed.org/graph/fredgraph.csv?id=PNGASJPUSDM,2026-09-25T22:26:58Z,
fred:PNGASJPUSDM,price,2000-06-01T00:00:00Z,5.14,USD/MMBtu,P1M,,,,fred:PNGASJPUSDM,https://fred.stlouisfed.org/graph/fredgraph.csv?id=PNGASJPUSDM,2026-09-25T22:26:58Z,
fred:PNGASJPUSDM,price,2000-07-01T00:00:00Z,5.38,USD/MMBtu,P1M,,,,fred:PNGASJPUSDM,https://fred.stlouisfed.org/graph/fredgraph.csv?id=PNGASJPUSDM,2026-09-25T22:26:58Z,
fred:PNGASJPUSDM,price,2000-08-01T00:00:00Z,5.51,USD/MMBtu,P1M,,,,fred:PNGASJPUSDM,https://fred.stlouisfed.org/graph/fredgraph.csv?id=PNGASJPUSDM,2026-09-25T22:26:58Z,
fred:PNGASJPUSDM,price,2000-09-01T00:00:00Z,5.56,USD/MMBtu,P1M,,,,fred:PNGASJPUSDM,https://fred.stlouisfed.org/graph/fredgraph.csv?id=PNGASJPUSDM,2026-09-25T22:26:58Z,
fred:PNGASJPUSDM,price,2000-10-01T00:00:00Z,5.92,USD/MMBtu,P1M,,,,fred:PNGASJPUSDM,https://fred.stlouisfed.org/graph/fredgraph.csv?id=PNGASJPUSDM,2026-09-25T22:26:58Z,
fred:PNGASJPUSDM,price,2000-11-01T00:00:00Z,5.86,USD/MMBtu,P1M,,,,fred:PNGASJPUSDM,https://fred.stlouisfed.org/graph/fredgraph.csv?id=PNGASJPUSDM,2026-09-25T22:26:58Z,
fred:PNGASJPUSDM,price,2000-12-01T00:00:00Z,5.72,USD/MMBtu,P1M,,,,fred:PNGASJPUSDM,https://fred.stlouisfed.org/graph/fredgraph.csv?id=PNGASJPUSDM,2026-09-25T22:26:58Z,
fred:PNGASJPUSDM,price,2001-01-01T00:00:00Z,4.98,USD/MMBtu,P1M,,,,fred:PNGASJPUSDM,https://fred.stlouisfed.org/graph/fredgraph.csv?id=PNGASJPUSDM,2026-09-25T22:26:58Z,
fred:PNGASJPUSDM,price,2001-02-01T00:00:00Z,4.66,USD/MMBtu,P1M,,,,fred:PNGASJPUSDM,https://fred.stlouisfed.org/graph/fredgraph.csv?id=PNGASJPUSDM,2026-09-25T22:26:58Z,
fred:PNGASJPUSDM,price,2001-03-01T00:00:00Z,4.85,USD/MMBtu,P1M,,,,fred:PNGASJPUSDM,https://fred.stlouisfed.org/graph/fredgraph.csv?id=PNGASJPUSDM,2026-09-25T22:26:58Z,
fred:PNGASJPUSDM,price,2001-04-01T00:00:00Z,4.79,USD/MMBtu,P1M,,,,fred:PNGASJPUSDM,https://fred.stlouisfed.org/graph/fredgraph.csv?id=PNGASJPUSDM,2026-09-25T22:26:58Z,
fred:PNGASJPUSDM,price,2001-05-01T00:00:00Z,4.95,USD/MMBtu,P1M,,,,fred:PNGASJPUSDM,https://fred.stlouisfed.org/graph/fredgraph.csv?id=PNGASJPUSDM,2026-09-25T22:26:58Z,
fred:PNGASJPUSDM,price,2001-06-01T00:00:00Z,5.11,USD/MMBtu,P1M,,,,fred:PNGASJPUSDM,https://fred.stlouisfed.org/graph/fredgraph.csv?id=PNGASJPUSDM,2026-09-25T22:26:58Z,
fred:PNGASJPUSDM,price,2001-07-01T00:00:00Z,5.05,USD/MMBtu,P1M,,,,fred:PNGASJPUSDM,https://fred.stlouisfed.org/graph/fredgraph.csv?id=PNGASJPUSDM,2026-09-25T22:26:58Z,
fred:PNGASJPUSDM,price,2001-08-01T00:00:00Z,4.73,USD/MMBtu,P1M,,,,fred:PNGASJPUSDM,https://fred.stlouisfed.org/graph/fredgraph.csv?id=PNGASJPUSDM,2026-09-25T22:26:58Z,
fred:PNGASJPUSDM,price,2001-09-01T00:00:00Z,4.63,USD/MMBtu,P1M,,,,fred:PNGASJPUSDM,https://fred.stlouisfed.org/graph/fredgraph.csv?id=PNGASJPUSDM,2026-09-25T22:26:58Z,
fred:PNGASJPUSDM,price,2001-10-01T00:00:00Z,4.65,USD/MMBtu,P1M,,,,fred:PNGASJPUSDM,https://fred.stlouisfed.org/graph/fredgraph.csv?id=PNGASJPUSDM,2026-09-25T22:26:58Z,
fred:PNGASJPUSDM,price,2001-11-01T00:00:00Z,3.95,USD/MMBtu,P1M,,,,fred:PNGASJPUSDM,https://fred.stlouisfed.org/graph/fredgraph.csv?id=PNGASJPUSDM,2026-09-25T22:26:58Z,
fred:PNGASJPUSDM,price,2001-12-01T00:00:00Z,3.68,USD/MMBtu,P1M,,,,fred:PNGASJPUSDM,https://fred.stlouisfed.org/graph/fredgraph.csv?id=PNGASJPUSDM,2026-09-25T22:26:58Z,
fred:PNGASJPUSDM,price,2002-01-01T00:00:00Z,3.57,USD/MMBtu,P1M,,,,fred:PNGASJPUSDM,https://fred.stlouisfed.org/graph/fredgraph.csv?id=PNGASJPUSDM,2026-09-25T22:26:58Z,
fred:PNGASJPUSDM,price,2002-02-01T00:00:00Z,3.64,USD/MMBtu,P1M,,,,fred:PNGASJPUSDM,https://fred.stlouisfed.org/graph/fredgraph.csv?id=PNGASJPUSDM,2026-09-25T22:26:58Z,
fred:PNGASJPUSDM,price,2002-03-01T00:00:00Z,3.69,USD/MMBtu,P1M,,,,fred:PNGASJPUSDM,https://fred.stlouisfed.org/graph/fredgraph.csv?id=PNGASJPUSDM,2026-09-25T22:26:58Z,
fred:PNGASJPUSDM,price,2002-04-01T00:00:00Z,4.07,USD/MMBtu,P1M,,,,fred:PNGASJPUSDM,https://fred.stlouisfed.org/graph/fredgraph.csv?id=PNGASJPUSDM,2026-09-25T22:26:58Z,
fred:PNGASJPUSDM,price,2002-05-01T00:00:00Z,4.44,USD/MMBtu,P1M,,,,fred:PNGASJPUSDM,https://fred.stlouisfed.org/graph/fredgraph.csv?id=PNGASJPUSDM,2026-09-25T22:26:58Z,
fred:PNGASJPUSDM,price,2002-06-01T00:00:00Z,4.53,USD/MMBtu,P1M,,,,fred:PNGASJPUSDM,https://fred.stlouisfed.org/graph/fredgraph.csv?id=PNGASJPUSDM,2026-09-25T22:26:58Z,
fred:PNGASJPUSDM,price,2002-07-01T00:00:00Z,5.76,USD/MMBtu,P1M,,,,fred:PNGASJPUSDM,https://fred.stlouisfed.org/graph/fredgraph.csv?id=PNGASJPUSDM,2026-09-25T22:26:58Z,
fred:PNGASJPUSDM,price,2002-08-01T00:00:00Z,4.52,USD/MMBtu,P1M,,,,fred:PNGASJPUSDM,https://fred.stlouisfed.org/graph/fredgraph.csv?id=PNGASJPUSDM,2026-09-25T22:26:58Z,
fred:PNGASJPUSDM,price,2002-09-01T00:00:00Z,4.63,USD/MMBtu,P1M,,,,fred:PNGASJPUSDM,https://fred.stlouisfed.org/graph/fredgraph.csv?id=PNGASJPUSDM,2026-09-25T22:26:58Z,
fred:PNGASJPUSDM,price,2002-10-01T00:00:00Z,4.76,USD/MMBtu,P1M,,,,fred:PNGASJPUSDM,https://fred.stlouisfed.org/graph/fredgraph.csv?id=PNGASJPUSDM,2026-09-25T22:26:58Z,
fred:PNGASJPUSDM,price,2002-11-01T00:00:00Z,4.8,USD/MMBtu,P1M,,,,fred:PNGASJPUSDM,https://fred.stlouisfed.org/graph/fredgraph.csv?id=PNGASJPUSDM,2026-09-25T22:26:58Z,
fred:PNGASJPUSDM,price,2002-12-01T00:00:00Z,4.71,USD/MMBtu,P1M,,,,fred:PNGASJPUSDM,https://fred.stlouisfed.org/graph/fredgraph.csv?id=PNGASJPUSDM,2026-09-25T22:26:58Z,
fred:PNGASJPUSDM,price,2003-01-01T00:00:00Z,5.01,USD/MMBtu,P1M,,,,fred:PNGASJPUSDM,https://fred.stlouisfed.org/graph/fredgraph.csv?id=PNGASJPUSDM,2026-09-25T22:26:58Z,
fred:PNGASJPUSDM,price,2003-02-01T00:00:00Z,5.31,USD/MMBtu,P1M,,,,fred:PNGASJPUSDM,https://fred.stlouisfed.org/graph/fredgraph.csv?id=PNGASJPUSDM,2026-09-25T22:26:58Z,
fred:PNGASJPUSDM,price,2003-03-01T00:00:00Z,5.44,USD/MMBtu,P1M,,,,fred:PNGASJPUSDM,https://fred.stlouisfed.org/graph/fredgraph.csv?id=PNGASJPUSDM,2026-09-25T22:26:58Z,
fred:PNGASJPUSDM,price,2003-04-01T00:00:00Z,5.18,USD/MMBtu,P1M,,,,fred:PNGASJPUSDM,https://fred.stlouisfed.org/graph/fredgraph.csv?id=PNGASJPUSDM,2026-09-25T22:26:58Z,
fred:PNGASJPUSDM,price,2003-05-01T00:00:00Z,4.87,USD/MMBtu,P1M,,,,fred:PNGASJPUSDM,https://fred.stlouisfed.org/graph/fredgraph.csv?id=PNGASJPUSDM,2026-09-25T22:26:58Z,
fred:PNGASJPUSDM,price,2003-06-01T00:00:00Z,4.7,USD/MMBtu,P1M,,,,fred:PNGASJPUSDM,https://fred.stlouisfed.org/graph/fredgraph.csv?id=PNGASJPUSDM,2026-09-25T22:26:58Z,
fred:PNGASJPUSDM,price,2003-07-01T00:00:00Z,4.67,USD/MMBtu,P1M,,,,fred:PNGASJPUSDM,https://fred.stlouisfed.org/graph/fredgraph.csv?id=PNGASJPUSDM,2026-09-25T22:26:58Z,
fred:PNGASJPUSDM,price,2003-08-01T00:00:00Z,4.75,USD/MMBtu,P1M,,,,fred:PNGASJPUSDM,https://fred.stlouisfed.org/graph/fredgraph.csv?id=PNGASJPUSDM,2026-09-25T22:26:58Z,
fred:PNGASJPUSDM,price,2003-09-01T00:00:00Z,4.93,USD/MMBtu,P1M,,,,fred:PNGASJPUSDM,https://fred.stlouisfed.org/graph/fredgraph.csv?id=PNGASJPUSDM,2026-09-25T22:26:58Z,
fred:PNGASJPUSDM,price,2003-10-01T00:00:00Z,4.82,USD/MMBtu,P1M,,,,fred:PNGASJPUSDM,https://fred.stlouisfed.org/graph/fredgraph.csv?id=PNGASJPUSDM,2026-09-25T22:26:58Z,
fred:PNGASJPUSDM,price,2003-11-01T00:00:00Z,5.05,USD/MMBtu,P1M,,,,fred:PNGASJPUSDM,https://fred.stlouisfed.org/graph/fredgraph.csv?id=PNGASJPUSDM,2026-09-25T22:26:58Z,
fred:PNGASJPUSDM,price,2003-12-01T00:00:00Z,5.04,USD/MMBtu,P1M,,,,fred:PNGASJPUSDM,https://fred.stlouisfed.org/graph/fredgraph.csv?id=PNGASJPUSDM,2026-09-25T22:26:58Z,
fred:PNGASJPUSDM,price,2004-01-01T00:00:00Z,5.14,USD/MMBtu,P1M,,,,fred:PNGASJPUSDM,https://fred.stlouisfed.org/graph/fredgraph.csv?id=PNGASJPUSDM,2026-09-25T22:26:58Z,
fred:PNGASJPUSDM,price,2004-02-01T00:00:00Z,5.2,USD/MMBtu,P1M,,,,fred:PNGASJPUSDM,https://fred.stlouisfed.org/graph/fredgraph.csv?id=PNGASJPUSDM,2026-09-25T22:26:58Z,
fred:PNGASJPUSDM,price,2004-03-01T00:00:00Z,5.29,USD/MMBtu,P1M,,,,fred:PNGASJPUSDM,https://fred.stlouisfed.org/graph/fredgraph.csv?id=PNGASJPUSDM,2026-09-25T22:26:58Z,
fred:PNGASJPUSDM,price,2004-04-01T00:00:00Z,5.5,USD/MMBtu,P1M,,,,fred:PNGASJPUSDM,https://fred.stlouisfed.org/graph/fredgraph.csv?id=PNGASJPUSDM,2026-09-25T22:26:58Z,
fred:PNGASJPUSDM,price,2004-05-01T00:00:00Z,5.47,USD/MMBtu,P1M,,,,fred:PNGASJPUSDM,https://fred.stlouisfed.org/graph/fredgraph.csv?id=PNGASJPUSDM,2026-09-25T22:26:58Z,
fred:PNGASJPUSDM,price,2004-06-01T00:00:00Z,5.88,USD/MMBtu,P1M,,,,fred:PNGASJPUSDM,https://fred.stlouisfed.org/graph/fredgraph.csv?id=PNGASJPUSDM,2026-09-25T22:26:58Z,
fred:PNGASJPUSDM,price,2004-07-01T00:00:00Z,5.73,USD/MMBtu,P1M,,,,fred:PNGASJPUSDM,https://fred.stlouisfed.org/graph/fredgraph.csv?id=PNGASJPUSDM,2026-09-25T22:26:58Z,
fred:PNGASJPUSDM,price,2004-08-01T00:00:00Z,5.9,USD/MMBtu,P1M,,,,fred:PNGASJPUSDM,https://fred.stlouisfed.org/graph/fredgraph.csv?id=PNGASJPUSDM,2026-09-25T22:26:58Z,
fred:PNGASJPUSDM,price,2004-09-01T00:00:00Z,6.44,USD/MMBtu,P1M,,,,fred:PNGASJPUSDM,https://fred.stlouisfed.org/graph/fredgraph.csv?id=PNGASJPUSDM,2026-09-25T22:26:58Z,
fred:PNGASJPUSDM,price,2004-10-01T00:00:00Z,6.66,USD/MMBtu,P1M,,,,fred:PNGASJPUSDM,https://fred.stlouisfed.org/graph/fredgraph.csv?id=PNGASJPUSDM,2026-09-25T22:26:58Z,
fred:PNGASJPUSDM,price,2004-11-01T00:00:00Z,6.94,USD/MMBtu,P1M,,,,fred:PNGASJPUSDM,https://fred.stlouisfed.org/graph/fredgraph.csv?id=PNGASJPUSDM,2026-09-25T22:26:58Z,
fred:PNGASJPUSDM,price,2004-12-01T00:00:00Z,6.54,USD/MMBtu,P1M,,,,fred:PNGASJPUSDM,https://fred.stlouisfed.org/graph/fredgraph.csv?id=PNGASJPUSDM,2026-09-25T22:26:58Z,
fred:PNGASJPUSDM,price,2005-01-01T00:00:00Z,5.82,USD/MMBtu,P1M,,,,fred:PNGASJPUSDM,https://fred.stlouisfed.org/graph/fredgraph.csv?id=PNGASJPUSDM,2026-09-25T22:26:58Z,
fred:PNGASJPUSDM,price,2005-02-01T00:00:00Z,6.1,USD/MMBtu,P1M,,,,fred:PNGASJPUSDM,https://fred.stlouisfed.org/graph/fredgraph.csv?id=PNGASJPUSDM,2026-09-25T22:26:58Z,
fred:PNGASJPUSDM,price,2005-03-01T00:00:00Z,6.46,USD/MMBtu,P1M,,,,fred:PNGASJPUSDM,https://fred.stlouisfed.org/graph/fredgraph.csv?id=PNGASJPUSDM,2026-09-25T22:26:58Z,
fred:PNGASJPUSDM,price,2005-04-01T00:00:00Z,7.04,USD/MMBtu,P1M,,,,fred:PNGASJPUSDM,https://fred.stlouisfed.org/graph/fredgraph.csv?id=PNGASJPUSDM,2026-09-25T22:26:58Z,
fred:PNGASJPUSDM,price,2005-05-01T00:00:00Z,7.22,USD/MMBtu,P1M,,,,fred:PNGASJPUSDM,https://fred.stlouisfed.org/graph/fredgraph.csv?id=PNGASJPUSDM,2026-09-25T22:26:58Z,
fred:PNGASJPUSDM,price,2005-06-01T00:00:00Z,6.55,USD/MMBtu,P1M,,,,fred:PNGASJPUSDM,https://fred.stlouisfed.org/graph/fredgraph.csv?id=PNGASJPUSDM,2026-09-25T22:26:58Z,
fred:PNGASJPUSDM,price,2005-07-01T00:00:00Z,7.06,USD/MMBtu,P1M,,,,fred:PNGASJPUSDM,https://fred.stlouisfed.org/graph/fredgraph.csv?id=PNGASJPUSDM,2026-09-25T22:26:58Z,
fred:PNGASJPUSDM,price,2005-08-01T00:00:00Z,7.22,USD/MMBtu,P1M,,,,fred:PNGASJPUSDM,https://fred.stlouisfed.org/graph/fredgraph.csv?id=PNGASJPUSDM,2026-09-25T22:26:58Z,
fred:PNGASJPUSDM,price,2005-09-01T00:00:00Z,7.71,USD/MMBtu,P1M,,,,fred:PNGASJPUSDM,https://fred.stlouisfed.org/graph/fredgraph.csv?id=PNGASJPUSDM,2026-09-25T22:26:58Z,
fred:PNGASJPUSDM,price,2005-10-01T00:00:00Z,8.01,USD/MMBtu,P1M,,,,fred:PNGASJPUSDM,https://fred.stlouisfed.org/graph/fredgraph.csv?id=PNGASJPUSDM,2026-09-25T22:26:58Z,
fred:PNGASJPUSDM,price,2005-11-01T00:00:00Z,8.11,USD/MMBtu,P1M,,,,fred:PNGASJPUSDM,https://fred.stlouisfed.org/graph/fredgraph.csv?id=PNGASJPUSDM,2026-09-25T22:26:58Z,
fred:PNGASJPUSDM,price,2005-12-01T00:00:00Z,7.09,USD/MMBtu,P1M,,,,fred:PNGASJPUSDM,https://fred.stlouisfed.org/graph/fredgraph.csv?id=PNGASJPUSDM,2026-09-25T22:26:58Z,
fred:PNGASJPUSDM,price,2006-01-01T00:00:00Z,7.34,USD/MMBtu,P1M,,,,fred:PNGASJPUSDM,https://fred.stlouisfed.org/graph/fredgraph.csv?id=PNGASJPUSDM,2026-09-25T22:26:58Z,
fred:PNGASJPUSDM,price,2006-02-01T00:00:00Z,7.89,USD/MMBtu,P1M,,,,fred:PNGASJPUSDM,https://fred.stlouisfed.org/graph/fredgraph.csv?id=PNGASJPUSDM,2026-09-25T22:26:58Z,
fred:PNGASJPUSDM,price,2006-03-01T00:00:00Z,7.91,USD/MMBtu,P1M,,,,fred:PNGASJPUSDM,https://fred.stlouisfed.org/graph/fredgraph.csv?id=PNGASJPUSDM,2026-09-25T22:26:58Z,
fred:PNGASJPUSDM,price,2006-04-01T00:00:00Z,7.81,USD/MMBtu,P1M,,,,fred:PNGASJPUSDM,https://fred.stlouisfed.org/graph/fredgraph.csv?id=PNGASJPUSDM,2026-09-25T22:26:58Z,
fred:PNGASJPUSDM,price,2006-05-01T00:00:00Z,8.56,USD/MMBtu,P1M,,,,fred:PNGASJPUSDM,https://fred.stlouisfed.org/graph/fredgraph.csv?id=PNGASJPUSDM,2026-09-25T22:26:58Z,
fred:PNGASJPUSDM,price,2006-06-01T00:00:00Z,8.64,USD/MMBtu,P1M,,,,fred:PNGASJPUSDM,https://fred.stlouisfed.org/graph/fredgraph.csv?id=PNGASJPUSDM,2026-09-25T22:26:58Z,
fred:PNGASJPUSDM,price,2006-07-01T00:00:00Z,8.51,USD/MMBtu,P1M,,,,fred:PNGASJPUSDM,https://fred.stlouisfed.org/graph/fredgraph.csv?id=PNGASJPUSDM,2026-09-25T22:26:58Z,
fred:PNGASJPUSDM,price,2006-08-01T00:00:00Z,8.37,USD/MMBtu,P1M,,,,fred:PNGASJPUSDM,https://fred.stlouisfed.org/graph/fredgraph.csv?id=PNGASJPUSDM,2026-09-25T22:26:58Z,
fred:PNGASJPUSDM,price,2006-09-01T00:00:00Z,8.83,USD/MMBtu,P1M,,,,fred:PNGASJPUSDM,https://fred.stlouisfed.org/graph/fredgraph.csv?id=PNGASJPUSDM,2026-09-25T22:26:58Z,
fred:PNGASJPUSDM,price,2006-10-01T00:00:00Z,7.94,USD/MMBtu,P1M,,,,fred:PNGASJPUSDM,https://fred.stlouisfed.org/graph/fredgraph.csv?id=PNGASJPUSDM,2026-09-25T22:26:58Z,
fred:PNGASJPUSDM,price,2006-11-01T00:00:00Z,7.5,USD/MMBtu,P1M,,,,fred:PNGASJPUSDM,https://fred.stlouisfed.org/graph/fredgraph.csv?id=PNGASJPUSDM,2026-09-25T22:26:58Z,
fred:PNGASJPUSDM,price,2006-12-01T00:00:00Z,7.29,USD/MMBtu,P1M,,,,fred:PNGASJPUSDM,https://fred.stlouisfed.org/graph/fredgraph.csv?id=PNGASJPUSDM,2026-09-25T22:26:58Z,
fred:PNGASJPUSDM,price,2007-01-01T00:00:00Z,7.66,USD/MMBtu,P1M,,,,fred:PNGASJPUSDM,https://fred.stlouisfed.org/graph/fredgraph.csv?id=PNGASJPUSDM,2026-09-25T22:26:58Z,
fred:PNGASJPUSDM,price,2007-02-01T00:00:00Z,7.17,USD/MMBtu,P1M,,,,fred:PNGASJPUSDM,https://fred.stlouisfed.org/graph/fredgraph.csv?id=PNGASJPUSDM,2026-09-25T22:26:58Z,
fred:PNGASJPUSDM,price,2007-03-01T00:00:00Z,7.36,USD/MMBtu,P1M,,,,fred:PNGASJPUSDM,https://fred.stlouisfed.org/graph/fredgraph.csv?id=PNGASJPUSDM,2026-09-25T22:26:58Z,
fred:PNGASJPUSDM,price,2007-04-01T00:00:00Z,7.72,USD/MMBtu,P1M,,,,fred:PNGASJPUSDM,https://fred.stlouisfed.org/graph/fredgraph.csv?id=PNGASJPUSDM,2026-09-25T22:26:58Z,
fred:PNGASJPUSDM,price,2007-05-01T00:00:00Z,8.21,USD/MMBtu,P1M,,,,fred:PNGASJPUSDM,https://fred.stlouisfed.org/graph/fredgraph.csv?id=PNGASJPUSDM,2026-09-25T22:26:58Z,
fred:PNGASJPUSDM,price,2007-06-01T00:00:00Z,8.48,USD/MMBtu,P1M,,,,fred:PNGASJPUSDM,https://fred.stlouisfed.org/graph/fredgraph.csv?id=PNGASJPUSDM,2026-09-25T22:26:58Z,
fred:PNGASJPUSDM,price,2007-07-01T00:00:00Z,8.22,USD/MMBtu,P1M,,,,fred:PNGASJPUSDM,https://fred.stlouisfed.org/graph/fredgraph.csv?id=PNGASJPUSDM,2026-09-25T22:26:58Z,
fred:PNGASJPUSDM,price,2007-08-01T00:00:00Z,8.61,USD/MMBtu,P1M,,,,fred:PNGASJPUSDM,https://fred.stlouisfed.org/graph/fredgraph.csv?id=PNGASJPUSDM,2026-09-25T22:26:58Z,
fred:PNGASJPUSDM,price,2007-09-01T00:00:00Z,8.55,USD/MMBtu,P1M,,,,fred:PNGASJPUSDM,https://fred.stlouisfed.org/graph/fredgraph.csv?id=PNGASJPUSDM,2026-09-25T22:26:58Z,
fred:PNGASJPUSDM,price,2007-10-01T00:00:00Z,9.16,USD/MMBtu,P1M,,,,fred:PNGASJPUSDM,https://fred.stlouisfed.org/graph/fredgraph.csv?id=PNGASJPUSDM,2026-09-25T22:26:58Z,
fred:PNGASJPUSDM,price,2007-11-01T00:00:00Z,9.52,USD/MMBtu,P1M,,,,fred:PNGASJPUSDM,https://fred.stlouisfed.org/graph/fredgraph.csv?id=PNGASJPUSDM,2026-09-25T22:26:58Z,
fred:PNGASJPUSDM,price,2007-12-01T00:00:00Z,10.27,USD/MMBtu,P1M,,,,fred:PNGASJPUSDM,https://fred.stlouisfed.org/graph/fredgraph.csv?id=PNGASJPUSDM,2026-09-25T22:26:58Z,
fred:PNGASJPUSDM,price,2008-01-01T00:00:00Z,10.5,USD/MMBtu,P1M,,,,fred:PNGASJPUSDM,https://fred.stlouisfed.org/graph/fredgraph.csv?id=PNGASJPUSDM,2026-09-25T22:26:58Z,
fred:PNGASJPUSDM,price,2008-02-01T00:00:00Z,10.75,USD/MMBtu,P1M,,,,fred:PNGASJPUSDM,https://fred.stlouisfed.org/graph/fredgraph.csv?id=PNGASJPUSDM,2026-09-25T22:26:58Z,
fred:PNGASJPUSDM,price,2008-03-01T00:00:00Z,10.63,USD/MMBtu,P1M,,,,fred:PNGASJPUSDM,https://fred.stlouisfed.org/graph/fredgraph.csv?id=PNGASJPUSDM,2026-09-25T22:26:58Z,
fred:PNGASJPUSDM,price,2008-04-01T00:00:00Z,11.48,USD/MMBtu,P1M,,,,fred:PNGASJPUSDM,https://fred.stlouisfed.org/graph/fredgraph.csv?id=PNGASJPUSDM,2026-09-25T22:26:58Z,
fred:PNGASJPUSDM,price,2008-05-01T00:00:00Z,12.3,USD/MMBtu,P1M,,,,fred:PNGASJPUSDM,https://fred.stlouisfed.org/graph/fredgraph.csv?id=PNGASJPUSDM,2026-09-25T22:26:58Z,
fred:PNGASJPUSDM,price,2008-06-01T00:00:00Z,13.31,USD/MMBtu,P1M,,,,fred:PNGASJPUSDM,https://fred.stlouisfed.org/graph/fredgraph.csv?id=PNGASJPUSDM,2026-09-25T22:26:58Z,
fred:PNGASJPUSDM,price,2008-07-01T00:00:00Z,14.08,USD/MMBtu,P1M,,,,fred:PNGASJPUSDM,https://fred.stlouisfed.org/graph/fredgraph.csv?id=PNGASJPUSDM,2026-09-25T22:26:58Z,
fred:PNGASJPUSDM,price,2008-08-01T00:00:00Z,13.81,USD/MMBtu,P1M,,,,fred:PNGASJPUSDM,https://fred.stlouisfed.org/graph/fredgraph.csv?id=PNGASJPUSDM,2026-09-25T22:26:58Z,
fred:PNGASJPUSDM,price,2008-09-01T00:00:00Z,12.6,USD/MMBtu,P1M,,,,fred:PNGASJPUSDM,https://fred.stlouisfed.org/graph/fredgraph.csv?id=PNGASJPUSDM,2026-09-25T22:26:58Z,
fred:PNGASJPUSDM,price,2008-10-01T00:00:00Z,13.15,USD/MMBtu,P1M,,,,fred:PNGASJPUSDM,https://fred.stlouisfed.org/graph/fredgraph.csv?id=PNGASJPUSDM,2026-09-25T22:26:58Z,
fred:PNGASJPUSDM,price,2008-11-01T00:00:00Z,9.1,USD/MMBtu,P1M,,,,fred:PNGASJPUSDM,https://fred.stlouisfed.org/graph/fredgraph.csv?id=PNGASJPUSDM,2026-09-25T22:26:58Z,
fred:PNGASJPUSDM,price,2008-12-01T00:00:00Z,7.38,USD/MMBtu,P1M,,,,fred:PNGASJPUSDM,https://fred.stlouisfed.org/graph/fredgraph.csv?id=PNGASJPUSDM,2026-09-25T22:26:58Z,
fred:PNGASJPUSDM,price,2009-01-01T00:00:00Z,6.03,USD/MMBtu,P1M,,,,fred:PNGASJPUSDM,https://fred.stlouisfed.org/graph/fredgraph.csv?id=PNGASJPUSDM,2026-09-25T22:26:58Z,
fred:PNGASJPUSDM,price,2009-02-01T00:00:00Z,5.83,USD/MMBtu,P1M,,,,fred:PNGASJPUSDM,https://fred.stlouisfed.org/graph/fredgraph.csv?id=PNGASJPUSDM,2026-09-25T22:26:58Z,
fred:PNGASJPUSDM,price,2009-03-01T00:00:00Z,6.25,USD/MMBtu,P1M,,,,fred:PNGASJPUSDM,https://fred.stlouisfed.org/graph/fredgraph.csv?id=PNGASJPUSDM,2026-09-25T22:26:58Z,
fred:PNGASJPUSDM,price,2009-04-01T00:00:00Z,6.47,USD/MMBtu,P1M,,,,fred:PNGASJPUSDM,https://fred.stlouisfed.org/graph/fredgraph.csv?id=PNGASJPUSDM,2026-09-25T22:26:58Z,
fred:PNGASJPUSDM,price,2009-05-01T00:00:00Z,6.79,USD/MMBtu,P1M,,,,fred:PNGASJPUSDM,https://fred.stlouisfed.org/graph/fredgraph.csv?id=PNGASJPUSDM,2026-09-25T22:26:58Z,
fred:PNGASJPUSDM,price,2009-06-01T00:00:00Z,6.97,USD/MMBtu,P1M,,,,fred:PNGASJPUSDM,https://fred.stlouisfed.org/graph/fredgraph.csv?id=PNGASJPUSDM,2026-09-25T22:26:58Z,
fred:PNGASJPUSDM,price,2009-07-01T00:00:00Z,8.05,USD/MMBtu,P1M,,,,fred:PNGASJPUSDM,https://fred.stlouisfed.org/graph/fredgraph.csv?id=PNGASJPUSDM,2026-09-25T22:26:58Z,
fred:PNGASJPUSDM,price,2009-08-01T00:00:00Z,8.48,USD/MMBtu,P1M,,,,fred:PNGASJPUSDM,https://fred.stlouisfed.org/graph/fredgraph.csv?id=PNGASJPUSDM,2026-09-25T22:26:58Z,
fred:PNGASJPUSDM,price,2009-09-01T00:00:00Z,8.55,USD/MMBtu,P1M,,,,fred:PNGASJPUSDM,https://fred.stlouisfed.org/graph/fredgraph.csv?id=PNGASJPUSDM,2026-09-25T22:26:58Z,
fred:PNGASJPUSDM,price,2009-10-01T00:00:00Z,8.75,USD/MMBtu,P1M,,,,fred:PNGASJPUSDM,https://fred.stlouisfed.org/graph/fredgraph.csv?id=PNGASJPUSDM,2026-09-25T22:26:58Z,
fred:PNGASJPUSDM,price,2009-11-01T00:00:00Z,8.56,USD/MMBtu,P1M,,,,fred:PNGASJPUSDM,https://fred.stlouisfed.org/graph/fredgraph.csv?id=PNGASJPUSDM,2026-09-25T22:26:58Z,
fred:PNGASJPUSDM,price,2009-12-01T00:00:00Z,9.16,USD/MMBtu,P1M,,,,fred:PNGASJPUSDM,https://fred.stlouisfed.org/graph/fredgraph.csv?id=PNGASJPUSDM,2026-09-25T22:26:58Z,
fred:PNGASJPUSDM,price,2010-01-01T00:00:00Z,9.34,USD/MMBtu,P1M,,,,fred:PNGASJPUSDM,https://fred.stlouisfed.org/graph/fredgraph.csv?id=PNGASJPUSDM,2026-09-25T22:26:58Z,
fred:PNGASJPUSDM,price,2010-02-01T00:00:00Z,9.01,USD/MMBtu,P1M,,,,fred:PNGASJPUSDM,https://fred.stlouisfed.org/graph/fredgraph.csv?id=PNGASJPUSDM,2026-09-25T22:26:58Z,
fred:PNGASJPUSDM,price,2010-03-01T00:00:00Z,9.17,USD/MMBtu,P1M,,,,fred:PNGASJPUSDM,https://fred.stlouisfed.org/graph/fredgraph.csv?id=PNGASJPUSDM,2026-09-25T22:26:58Z,
fred:PNGASJPUSDM,price,2010-04-01T00:00:00Z,9.34,USD/MMBtu,P1M,,,,fred:PNGASJPUSDM,https://fred.stlouisfed.org/graph/fredgraph.csv?id=PNGASJPUSDM,2026-09-25T22:26:58Z,
fred:PNGASJPUSDM,price,2010-05-01T00:00:00Z,10.04,USD/MMBtu,P1M,,,,fred:PNGASJPUSDM,https://fred.stlouisfed.org/graph/fredgraph.csv?id=PNGASJPUSDM,2026-09-25T22:26:58Z,
fred:PNGASJPUSDM,price,2010-06-01T00:00:00Z,9.28,USD/MMBtu,P1M,,,,fred:PNGASJPUSDM,https://fred.stlouisfed.org/graph/fredgraph.csv?id=PNGASJPUSDM,2026-09-25T22:26:58Z,
fred:PNGASJPUSDM,price,2010-07-01T00:00:00Z,9.09,USD/MMBtu,P1M,,,,fred:PNGASJPUSDM,https://fred.stlouisfed.org/graph/fredgraph.csv?id=PNGASJPUSDM,2026-09-25T22:26:58Z,
fred:PNGASJPUSDM,price,2010-08-01T00:00:00Z,8.85,USD/MMBtu,P1M,,,,fred:PNGASJPUSDM,https://fred.stlouisfed.org/graph/fredgraph.csv?id=PNGASJPUSDM,2026-09-25T22:26:58Z,
fred:PNGASJPUSDM,price,2010-09-01T00:00:00Z,8.98,USD/MMBtu,P1M,,,,fred:PNGASJPUSDM,https://fred.stlouisfed.org/graph/fredgraph.csv?id=PNGASJPUSDM,2026-09-25T22:26:58Z,
fred:PNGASJPUSDM,price,2010-10-01T00:00:00Z,9.52,USD/MMBtu,P1M,,,,fred:PNGASJPUSDM,https://fred.stlouisfed.org/graph/fredgraph.csv?id=PNGASJPUSDM,2026-09-25T22:26:58Z,
fred:PNGASJPUSDM,price,2010-11-01T00:00:00Z,10.0,USD/MMBtu,P1M,,,,fred:PNGASJPUSDM,https://fred.stlouisfed.org/graph/fredgraph.csv?id=PNGASJPUSDM,2026-09-25T22:26:58Z,
fred:PNGASJPUSDM,price,2010-12-01T00:00:00Z,9.95,USD/MMBtu,P1M,,,,fred:PNGASJPUSDM,https://fred.stlouisfed.org/graph/fredgraph.csv?id=PNGASJPUSDM,2026-09-25T22:26:58Z,
fred:PNGASJPUSDM,price,2011-01-01T00:00:00Z,10.81,USD/MMBtu,P1M,,,,fred:PNGASJPUSDM,https://fred.stlouisfed.org/graph/fredgraph.csv?id=PNGASJPUSDM,2026-09-25T22:26:58Z,
fred:PNGASJPUSDM,price,2011-02-01T00:00:00Z,11.89,USD/MMBtu,P1M,,,,fred:PNGASJPUSDM,https://fred.stlouisfed.org/graph/fredgraph.csv?id=PNGASJPUSDM,2026-09-25T22:26:58Z,
fred:PNGASJPUSDM,price,2011-03-01T00:00:00Z,12.18,USD/MMBtu,P1M,,,,fred:PNGASJPUSDM,https://fred.stlouisfed.org/graph/fredgraph.csv?id=PNGASJPUSDM,2026-09-25T22:26:58Z,
fred:PNGASJPUSDM,price,2011-04-01T00:00:00Z,14.41,USD/MMBtu,P1M,,,,fred:PNGASJPUSDM,https://fred.stlouisfed.org/graph/fredgraph.csv?id=PNGASJPUSDM,2026-09-25T22:26:58Z,
fred:PNGASJPUSDM,price,2011-05-01T00:00:00Z,15.75,USD/MMBtu,P1M,,,,fred:PNGASJPUSDM,https://fred.stlouisfed.org/graph/fredgraph.csv?id=PNGASJPUSDM,2026-09-25T22:26:58Z,
fred:PNGASJPUSDM,price,2011-06-01T00:00:00Z,16.29,USD/MMBtu,P1M,,,,fred:PNGASJPUSDM,https://fred.stlouisfed.org/graph/fredgraph.csv?id=PNGASJPUSDM,2026-09-25T22:26:58Z,
fred:PNGASJPUSDM,price,2011-07-01T00:00:00Z,16.29,USD/MMBtu,P1M,,,,fred:PNGASJPUSDM,https://fred.stlouisfed.org/graph/fredgraph.csv?id=PNGASJPUSDM,2026-09-25T22:26:58Z,
fred:PNGASJPUSDM,price,2011-08-01T00:00:00Z,17.7,USD/MMBtu,P1M,,,,fred:PNGASJPUSDM,https://fred.stlouisfed.org/graph/fredgraph.csv?id=PNGASJPUSDM,2026-09-25T22:26:58Z,
fred:PNGASJPUSDM,price,2011-09-01T00:00:00Z,17.78,USD/MMBtu,P1M,,,,fred:PNGASJPUSDM,https://fred.stlouisfed.org/graph/fredgraph.csv?id=PNGASJPUSDM,2026-09-25T22:26:58Z,
fred:PNGASJPUSDM,price,2011-10-01T00:00:00Z,17.6,USD/MMBtu,P1M,,,,fred:PNGASJPUSDM,https://fred.stlouisfed.org/graph/fredgraph.csv?id=PNGASJPUSDM,2026-09-25T22:26:58Z,
fred:PNGASJPUSDM,price,2011-11-01T00:00:00Z,17.89,USD/MMBtu,P1M,,,,fred:PNGASJPUSDM,https://fred.stlouisfed.org/graph/fredgraph.csv?id=PNGASJPUSDM,2026-09-25T22:26:58Z,
fred:PNGASJPUSDM,price,2011-12-01T00:00:00Z,18.05,USD/MMBtu,P1M,,,,fred:PNGASJPUSDM,https://fred.stlouisfed.org/graph/fredgraph.csv?id=PNGASJPUSDM,2026-09-25T22:26:58Z,
fred:PNGASJPUSDM,price,2012-01-01T00:00:00Z,17.46,USD/MMBtu,P1M,,,,fred:PNGASJPUSDM,https://fred.stlouisfed.org/graph/fredgraph.csv?id=PNGASJPUSDM,2026-09-25T22:26:58Z,
fred:PNGASJPUSDM,price,2012-02-01T00:00:00Z,16.71,USD/MMBtu,P1M,,,,fred:PNGASJPUSDM,https://fred.stlouisfed.org/graph/fredgraph.csv?id=PNGASJPUSDM,2026-09-25T22:26:58Z,
fred:PNGASJPUSDM,price,2012-03-01T00:00:00Z,18.42,USD/MMBtu,P1M,,,,fred:PNGASJPUSDM,https://fred.stlouisfed.org/graph/fredgraph.csv?id=PNGASJPUSDM,2026-09-25T22:26:58Z,
fred:PNGASJPUSDM,price,2012-04-01T00:00:00Z,19.57,USD/MMBtu,P1M,,,,fred:PNGASJPUSDM,https://fred.stlouisfed.org/graph/fredgraph.csv?id=PNGASJPUSDM,2026-09-25T22:26:58Z,
fred:PNGASJPUSDM,price,2012-05-01T00:00:00Z,18.33,USD/MMBtu,P1M,,,,fred:PNGASJPUSDM,https://fred.stlouisfed.org/graph/fredgraph.csv?id=PNGASJPUSDM,2026-09-25T22:26:58Z,
fred:PNGASJPUSDM,price,2012-06-01T00:00:00Z,19.38,USD/MMBtu,P1M,,,,fred:PNGASJPUSDM,https://fred.stlouisfed.org/graph/fredgraph.csv?id=PNGASJPUSDM,2026-09-25T22:26:58Z,
fred:PNGASJPUSDM,price,2012-07-01T00:00:00Z,19.1,USD/MMBtu,P1M,,,,fred:PNGASJPUSDM,https://fred.stlouisfed.org/graph/fredgraph.csv?id=PNGASJPUSDM,2026-09-25T22:26:58Z,
fred:PNGASJPUSDM,price,2012-08-01T00:00:00Z,18.39,USD/MMBtu,P1M,,,,fred:PNGASJPUSDM,https://fred.stlouisfed.org/graph/fredgraph.csv?id=PNGASJPUSDM,2026-09-25T22:26:58Z,
fred:PNGASJPUSDM,price,2012-09-01T00:00:00Z,18.76,USD/MMBtu,P1M,,,,fred:PNGASJPUSDM,https://fred.stlouisfed.org/graph/fredgraph.csv?id=PNGASJPUSDM,2026-09-25T22:26:58Z,
fred:PNGASJPUSDM,price,2012-10-01T00:00:00Z,17.27,USD/MMBtu,P1M,,,,fred:PNGASJPUSDM,https://fred.stlouisfed.org/graph/fredgraph.csv?id=PNGASJPUSDM,2026-09-25T22:26:58Z,
fred:PNGASJPUSDM,price,2012-11-01T00:00:00Z,16.83,USD/MMBtu,P1M,,,,fred:PNGASJPUSDM,https://fred.stlouisfed.org/graph/fredgraph.csv?id=PNGASJPUSDM,2026-09-25T22:26:58Z,
fred:PNGASJPUSDM,price,2012-12-01T00:00:00Z,17.52,USD/MMBtu,P1M,,,,fred:PNGASJPUSDM,https://fred.stlouisfed.org/graph/fredgraph.csv?id=PNGASJPUSDM,2026-09-25T22:26:58Z,
fred:PNGASJPUSDM,price,2013-01-01T00:00:00Z,17.79,USD/MMBtu,P1M,,,,fred:PNGASJPUSDM,https://fred.stlouisfed.org/graph/fredgraph.csv?id=PNGASJPUSDM,2026-09-25T22:26:58Z,
fred:PNGASJPUSDM,price,2013-02-01T00:00:00Z,17.72,USD/MMBtu,P1M,,,,fred:PNGASJPUSDM,https://fred.stlouisfed.org/graph/fredgraph.csv?id=PNGASJPUSDM,2026-09-25T22:26:58Z,
fred:PNGASJPUSDM,price,2013-03-01T00:00:00Z,18.31,USD/MMBtu,P1M,,,,fred:PNGASJPUSDM,https://fred.stlouisfed.org/graph/fredgraph.csv?id=PNGASJPUSDM,2026-09-25T22:26:58Z,
fred:PNGASJPUSDM,price,2013-04-01T00:00:00Z,17.71,USD/MMBtu,P1M,,,,fred:PNGASJPUSDM,https://fred.stlouisfed.org/graph/fredgraph.csv?id=PNGASJPUSDM,2026-09-25T22:26:58Z,
fred:PNGASJPUSDM,price,2013-05-01T00:00:00Z,16.94,USD/MMBtu,P1M,,,,fred:PNGASJPUSDM,https://fred.stlouisfed.org/graph/fredgraph.csv?id=PNGASJPUSDM,2026-09-25T22:26:58Z,
fred:PNGASJPUSDM,price,2013-06-01T00:00:00Z,17.69,USD/MMBtu,P1M,,,,fred:PNGASJPUSDM,https://fred.stlouisfed.org/graph/fredgraph.csv?id=PNGASJPUSDM,2026-09-25T22:26:58Z,
fred:PNGASJPUSDM,price,2013-07-01T00:00:00Z,16.98,USD/MMBtu,P1M,,,,fred:PNGASJPUSDM,https://fred.stlouisfed.org/graph/fredgraph.csv?id=PNGASJPUSDM,2026-09-25T22:26:58Z,
fred:PNGASJPUSDM,price,2013-08-01T00:00:00Z,17.0,USD/MMBtu,P1M,,,,fred:PNGASJPUSDM,https://fred.stlouisfed.org/graph/fredgraph.csv?id=PNGASJPUSDM,2026-09-25T22:26:58Z,
fred:PNGASJPUSDM,price,2013-09-01T00:00:00Z,17.01,USD/MMBtu,P1M,,,,fred:PNGASJPUSDM,https://fred.stlouisfed.org/graph/fredgraph.csv?id=PNGASJPUSDM,2026-09-25T22:26:58Z,
fred:PNGASJPUSDM,price,2013-10-01T00:00:00Z,16.49,USD/MMBtu,P1M,,,,fred:PNGASJPUSDM,https://fred.stlouisfed.org/graph/fredgraph.csv?id=PNGASJPUSDM,2026-09-25T22:26:58Z,
fred:PNGASJPUSDM,price,2013-11-01T00:00:00Z,16.71,USD/MMBtu,P1M,,,,fred:PNGASJPUSDM,https://fred.stlouisfed.org/graph/fredgraph.csv?id=PNGASJPUSDM,2026-09-25T22:26:58Z,
fred:PNGASJPUSDM,price,2013-12-01T00:00:00Z,17.72,USD/MMBtu,P1M,,,,fred:PNGASJPUSDM,https://fred.stlouisfed.org/graph/fredgraph.csv?id=PNGASJPUSDM,2026-09-25T22:26:58Z,
fred:PNGASJPUSDM,price,2014-01-01T00:00:00Z,17.76,USD/MMBtu,P1M,,,,fred:PNGASJPUSDM,https://fred.stlouisfed.org/graph/fredgraph.csv?id=PNGASJPUSDM,2026-09-25T22:26:58Z,
fred:PNGASJPUSDM,price,2014-02-01T00:00:00Z,17.96,USD/MMBtu,P1M,,,,fred:PNGASJPUSDM,https://fred.stlouisfed.org/graph/fredgraph.csv?id=PNGASJPUSDM,2026-09-25T22:26:58Z,
fred:PNGASJPUSDM,price,2014-03-01T00:00:00Z,17.81,USD/MMBtu,P1M,,,,fred:PNGASJPUSDM,https://fred.stlouisfed.org/graph/fredgraph.csv?id=PNGASJPUSDM,2026-09-25T22:26:58Z,
fred:PNGASJPUSDM,price,2014-04-01T00:00:00Z,17.67,USD/MMBtu,P1M,,,,fred:PNGASJPUSDM,https://fred.stlouisfed.org/graph/fredgraph.csv?id=PNGASJPUSDM,2026-09-25T22:26:58Z,
fred:PNGASJPUSDM,price,2014-05-01T00:00:00Z,17.68,USD/MMBtu,P1M,,,,fred:PNGASJPUSDM,https://fred.stlouisfed.org/graph/fredgraph.csv?id=PNGASJPUSDM,2026-09-25T22:26:58Z,
fred:PNGASJPUSDM,price,2014-06-01T00:00:00Z,17.51,USD/MMBtu,P1M,,,,fred:PNGASJPUSDM,https://fred.stlouisfed.org/graph/fredgraph.csv?id=PNGASJPUSDM,2026-09-25T22:26:58Z,
fred:PNGASJPUSDM,price,2014-07-01T00:00:00Z,17.43,USD/MMBtu,P1M,,,,fred:PNGASJPUSDM,https://fred.stlouisfed.org/graph/fredgraph.csv?id=PNGASJPUSDM,2026-09-25T22:26:58Z,
fred:PNGASJPUSDM,price,2014-08-01T00:00:00Z,16.23,USD/MMBtu,P1M,,,,fred:PNGASJPUSDM,https://fred.stlouisfed.org/graph/fredgraph.csv?id=PNGASJPUSDM,2026-09-25T22:26:58Z,
fred:PNGASJPUSDM,price,2014-09-01T00:00:00Z,15.7,USD/MMBtu,P1M,,,,fred:PNGASJPUSDM,https://fred.stlouisfed.org/graph/fredgraph.csv?id=PNGASJPUSDM,2026-09-25T22:26:58Z,
fred:PNGASJPUSDM,price,2014-10-01T00:00:00Z,15.23,USD/MMBtu,P1M,,,,fred:PNGASJPUSDM,https://fred.stlouisfed.org/graph/fredgraph.csv?id=PNGASJPUSDM,2026-09-25T22:26:58Z,
fred:PNGASJPUSDM,price,2014-11-01T00:00:00Z,16.41,USD/MMBtu,P1M,,,,fred:PNGASJPUSDM,https://fred.stlouisfed.org/graph/fredgraph.csv?id=PNGASJPUSDM,2026-09-25T22:26:58Z,
fred:PNGASJPUSDM,price,2014-12-01T00:00:00Z,16.58,USD/MMBtu,P1M,,,,fred:PNGASJPUSDM,https://fred.stlouisfed.org/graph/fredgraph.csv?id=PNGASJPUSDM,2026-09-25T22:26:58Z,
fred:PNGASJPUSDM,price,2015-01-01T00:00:00Z,15.5,USD/MMBtu,P1M,,,,fred:PNGASJPUSDM,https://fred.stlouisfed.org/graph/fredgraph.csv?id=PNGASJPUSDM,2026-09-25T22:26:58Z,
fred:PNGASJPUSDM,price,2015-02-01T00:00:00Z,14.69,USD/MMBtu,P1M,,,,fred:PNGASJPUSDM,https://fred.stlouisfed.org/graph/fredgraph.csv?id=PNGASJPUSDM,2026-09-25T22:26:58Z,
fred:PNGASJPUSDM,price,2015-03-01T00:00:00Z,13.05,USD/MMBtu,P1M,,,,fred:PNGASJPUSDM,https://fred.stlouisfed.org/graph/fredgraph.csv?id=PNGASJPUSDM,2026-09-25T22:26:58Z,
fred:PNGASJPUSDM,price,2015-04-01T00:00:00Z,11.02,USD/MMBtu,P1M,,,,fred:PNGASJPUSDM,https://fred.stlouisfed.org/graph/fredgraph.csv?id=PNGASJPUSDM,2026-09-25T22:26:58Z,
fred:PNGASJPUSDM,price,2015-05-01T00:00:00Z,9.04,USD/MMBtu,P1M,,,,fred:PNGASJPUSDM,https://fred.stlouisfed.org/graph/fredgraph.csv?id=PNGASJPUSDM,2026-09-25T22:26:58Z,
fred:PNGASJPUSDM,price,2015-06-01T00:00:00Z,8.79,USD/MMBtu,P1M,,,,fred:PNGASJPUSDM,https://fred.stlouisfed.org/graph/fredgraph.csv?id=PNGASJPUSDM,2026-09-25T22:26:58Z,
fred:PNGASJPUSDM,price,2015-07-01T00:00:00Z,9.32,USD/MMBtu,P1M,,,,fred:PNGASJPUSDM,https://fred.stlouisfed.org/graph/fredgraph.csv?id=PNGASJPUSDM,2026-09-25T22:26:58Z,
fred:PNGASJPUSDM,price,2015-08-01T00:00:00Z,10.16,USD/MMBtu,P1M,,,,fred:PNGASJPUSDM,https://fred.stlouisfed.org/graph/fredgraph.csv?id=PNGASJPUSDM,2026-09-25T22:26:58Z,
fred:PNGASJPUSDM,price,2015-09-01T00:00:00Z,10.01,USD/MMBtu,P1M,,,,fred:PNGASJPUSDM,https://fred.stlouisfed.org/graph/fredgraph.csv?id=PNGASJPUSDM,2026-09-25T22:26:58Z,
fred:PNGASJPUSDM,price,2015-10-01T00:00:00Z,10.37,USD/MMBtu,P1M,,,,fred:PNGASJPUSDM,https://fred.stlouisfed.org/graph/fredgraph.csv?id=PNGASJPUSDM,2026-09-25T22:26:58Z,
fred:PNGASJPUSDM,price,2015-11-01T00:00:00Z,9.4,USD/MMBtu,P1M,,,,fred:PNGASJPUSDM,https://fred.stlouisfed.org/graph/fredgraph.csv?id=PNGASJPUSDM,2026-09-25T22:26:58Z,
fred:PNGASJPUSDM,price,2015-12-01T00:00:00Z,10.15,USD/MMBtu,P1M,,,,fred:PNGASJPUSDM,https://fred.stlouisfed.org/graph/fredgraph.csv?id=PNGASJPUSDM,2026-09-25T22:26:58Z,
fred:PNGASJPUSDM,price,2016-01-01T00:00:00Z,8.46,USD/MMBtu,P1M,,,,fred:PNGASJPUSDM,https://fred.stlouisfed.org/graph/fredgraph.csv?id=PNGASJPUSDM,2026-09-25T22:26:58Z,
fred:PNGASJPUSDM,price,2016-02-01T00:00:00Z,7.99,USD/MMBtu,P1M,,,,fred:PNGASJPUSDM,https://fred.stlouisfed.org/graph/fredgraph.csv?id=PNGASJPUSDM,2026-09-25T22:26:58Z,
fred:PNGASJPUSDM,price,2016-03-01T00:00:00Z,8.01,USD/MMBtu,P1M,,,,fred:PNGASJPUSDM,https://fred.stlouisfed.org/graph/fredgraph.csv?id=PNGASJPUSDM,2026-09-25T22:26:58Z,
fred:PNGASJPUSDM,price,2016-04-01T00:00:00Z,6.68,USD/MMBtu,P1M,,,,fred:PNGASJPUSDM,https://fred.stlouisfed.org/graph/fredgraph.csv?id=PNGASJPUSDM,2026-09-25T22:26:58Z,
fred:PNGASJPUSDM,price,2016-05-01T00:00:00Z,6.81,USD/MMBtu,P1M,,,,fred:PNGASJPUSDM,https://fred.stlouisfed.org/graph/fredgraph.csv?id=PNGASJPUSDM,2026-09-25T22:26:58Z,
fred:PNGASJPUSDM,price,2016-06-01T00:00:00Z,7.08,USD/MMBtu,P1M,,,,fred:PNGASJPUSDM,https://fred.stlouisfed.org/graph/fredgraph.csv?id=PNGASJPUSDM,2026-09-25T22:26:58Z,
fred:PNGASJPUSDM,price,2016-07-01T00:00:00Z,6.85,USD/MMBtu,P1M,,,,fred:PNGASJPUSDM,https://fred.stlouisfed.org/graph/fredgraph.csv?id=PNGASJPUSDM,2026-09-25T22:26:58Z,
fred:PNGASJPUSDM,price,2016-08-01T00:00:00Z,7.42,USD/MMBtu,P1M,,,,fred:PNGASJPUSDM,https://fred.stlouisfed.org/graph/fredgraph.csv?id=PNGASJPUSDM,2026-09-25T22:26:58Z,
fred:PNGASJPUSDM,price,2016-09-01T00:00:00Z,7.79,USD/MMBtu,P1M,,,,fred:PNGASJPUSDM,https://fred.stlouisfed.org/graph/fredgraph.csv?id=PNGASJPUSDM,2026-09-25T22:26:58Z,
fred:PNGASJPUSDM,price,2016-10-01T00:00:00Z,7.93,USD/MMBtu,P1M,,,,fred:PNGASJPUSDM,https://fred.stlouisfed.org/graph/fredgraph.csv?id=PNGASJPUSDM,2026-09-25T22:26:58Z,
fred:PNGASJPUSDM,price,2016-11-01T00:00:00Z,7.16,USD/MMBtu,P1M,,,,fred:PNGASJPUSDM,https://fred.stlouisfed.org/graph/fredgraph.csv?id=PNGASJPUSDM,2026-09-25T22:26:58Z,
fred:PNGASJPUSDM,price,2016-12-01T00:00:00Z,7.09,USD/MMBtu,P1M,,,,fred:PNGASJPUSDM,https://fred.stlouisfed.org/graph/fredgraph.csv?id=PNGASJPUSDM,2026-09-25T22:26:58Z,
fred:PNGASJPUSDM,price,2017-01-01T00:00:00Z,9.174091,USD/MMBtu,P1M,,,,fred:PNGASJPUSDM,https://fred.stlouisfed.org/graph/fredgraph.csv?id=PNGASJPUSDM,2026-09-25T22:26:58Z,
fred:PNGASJPUSDM,price,2017-02-01T00:00:00Z,7.128,USD/MMBtu,P1M,,,,fred:PNGASJPUSDM,https://fred.stlouisfed.org/graph/fredgraph.csv?id=PNGASJPUSDM,2026-09-25T22:26:58Z,
fred:PNGASJPUSDM,price,2017-03-01T00:00:00Z,5.794783,USD/MMBtu,P1M,,,,fred:PNGASJPUSDM,https://fred.stlouisfed.org/graph/fredgraph.csv?id=PNGASJPUSDM,2026-09-25T22:26:58Z,
fred:PNGASJPUSDM,price,2017-04-01T00:00:00Z,5.7095,USD/MMBtu,P1M,,,,fred:PNGASJPUSDM,https://fred.stlouisfed.org/graph/fredgraph.csv?id=PNGASJPUSDM,2026-09-25T22:26:58Z,
fred:PNGASJPUSDM,price,2017-05-01T00:00:00Z,5.719062,USD/MMBtu,P1M,,,,fred:PNGASJPUSDM,https://fred.stlouisfed.org/graph/fredgraph.csv?id=PNGASJPUSDM,2026-09-25T22:26:58Z,
fred:PNGASJPUSDM,price,2017-06-01T00:00:00Z,5.523636,USD/MMBtu,P1M,,,,fred:PNGASJPUSDM,https://fred.stlouisfed.org/graph/fredgraph.csv?id=PNGASJPUSDM,2026-09-25T22:26:58Z,
fred:PNGASJPUSDM,price,2017-07-01T00:00:00Z,5.631905,USD/MMBtu,P1M,,,,fred:PNGASJPUSDM,https://fred.stlouisfed.org/graph/fredgraph.csv?id=PNGASJPUSDM,2026-09-25T22:26:58Z,
fred:PNGASJPUSDM,price,2017-08-01T00:00:00Z,6.13087,USD/MMBtu,P1M,,,,fred:PNGASJPUSDM,https://fred.stlouisfed.org/graph/fredgraph.csv?id=PNGASJPUSDM,2026-09-25T22:26:58Z,
fred:PNGASJPUSDM,price,2017-09-01T00:00:00Z,7.084286,USD/MMBtu,P1M,,,,fred:PNGASJPUSDM,https://fred.stlouisfed.org/graph/fredgraph.csv?id=PNGASJPUSDM,2026-09-25T22:26:58Z,
fred:PNGASJPUSDM,price,2017-10-01T00:00:00Z,8.792727,USD/MMBtu,P1M,,,,fred:PNGASJPUSDM,https://fred.stlouisfed.org/graph/fredgraph.csv?id=PNGASJPUSDM,2026-09-25T22:26:58Z,
fred:PNGASJPUSDM,price,2017-11-01T00:00:00Z,9.571429,USD/MMBtu,P1M,,,,fred:PNGASJPUSDM,https://fred.stlouisfed.org/graph/fredgraph.csv?id=PNGASJPUSDM,2026-09-25T22:26:58Z,
fred:PNGASJPUSDM,price,2017-12-01T00:00:00Z,10.709048,USD/MMBtu,P1M,,,,fred:PNGASJPUSDM,https://fred.stlouisfed.org/graph/fredgraph.csv?id=PNGASJPUSDM,2026-09-25T22:26:58Z,
fred:PNGASJPUSDM,price,2018-01-01T00:00:00Z,11.669565,USD/MMBtu,P1M,,,,fred:PNGASJPUSDM,https://fred.stlouisfed.org/graph/fredgraph.csv?id=PNGASJPUSDM,2026-09-25T22:26:58Z,
fred:PNGASJPUSDM,price,2018-02-01T00:00:00Z,10.471,USD/MMBtu,P1M,,,,fred:PNGASJPUSDM,https://fred.stlouisfed.org/graph/fredgraph.csv?id=PNGASJPUSDM,2026-09-25T22:26:58Z,
fred:PNGASJPUSDM,price,2018-03-01T00:00:00Z,8.460909,USD/MMBtu,P1M,,,,fred:PNGASJPUSDM,https://fred.stlouisfed.org/graph/fredgraph.csv?id=PNGASJPUSDM,2026-09-25T22:26:58Z,
fred:PNGASJPUSDM,price,2018-04-01T00:00:00Z,7.475238,USD/MMBtu,P1M,,,,fred:PNGASJPUSDM,https://fred.stlouisfed.org/graph/fredgraph.csv?id=PNGASJPUSDM,2026-09-25T22:26:58Z,
fred:PNGASJPUSDM,price,2018-05-01T00:00:00Z,8.612609,USD/MMBtu,P1M,,,,fred:PNGASJPUSDM,https://fred.stlouisfed.org/graph/fredgraph.csv?id=PNGASJPUSDM,2026-09-25T22:26:58Z,
fred:PNGASJPUSDM,price,2018-06-01T00:00:00Z,10.437619,USD/MMBtu,P1M,,,,fred:PNGASJPUSDM,https://fred.stlouisfed.org/graph/fredgraph.csv?id=PNGASJPUSDM,2026-09-25T22:26:58Z,
fred:PNGASJPUSDM,price,2018-07-01T00:00:00Z,9.972273,USD/MMBtu,P1M,,,,fred:PNGASJPUSDM,https://fred.stlouisfed.org/graph/fredgraph.csv?id=PNGASJPUSDM,2026-09-25T22:26:58Z,
fred:PNGASJPUSDM,price,2018-08-01T00:00:00Z,10.590435,USD/MMBtu,P1M,,,,fred:PNGASJPUSDM,https://fred.stlouisfed.org/graph/fredgraph.csv?id=PNGASJPUSDM,2026-09-25T22:26:58Z,
fred:PNGASJPUSDM,price,2018-09-01T00:00:00Z,11.0905,USD/MMBtu,P1M,,,,fred:PNGASJPUSDM,https://fred.stlouisfed.org/graph/fredgraph.csv?id=PNGASJPUSDM,2026-09-25T22:26:58Z,
fred:PNGASJPUSDM,price,2018-10-01T00:00:00Z,10.035652,USD/MMBtu,P1M,,,,fred:PNGASJPUSDM,https://fred.stlouisfed.org/graph/fredgraph.csv?id=PNGASJPUSDM,2026-09-25T22:26:58Z,
fred:PNGASJPUSDM,price,2018-11-01T00:00:00Z,9.777273,USD/MMBtu,P1M,,,,fred:PNGASJPUSDM,https://fred.stlouisfed.org/graph/fredgraph.csv?id=PNGASJPUSDM,2026-09-25T22:26:58Z,
fred:PNGASJPUSDM,price,2018-12-01T00:00:00Z,8.951905,USD/MMBtu,P1M,,,,fred:PNGASJPUSDM,https://fred.stlouisfed.org/graph/fredgraph.csv?id=PNGASJPUSDM,2026-09-25T22:26:58Z,
fred:PNGASJPUSDM,price,2019-01-01T00:00:00Z,8.285652,USD/MMBtu,P1M,,,,fred:PNGASJPUSDM,https://fred.stlouisfed.org/graph/fredgraph.csv?id=PNGASJPUSDM,2026-09-25T22:26:58Z,
fred:PNGASJPUSDM,price,2019-02-01T00:00:00Z,6.501,USD/MMBtu,P1M,,,,fred:PNGASJPUSDM,https://fred.stlouisfed.org/graph/fredgraph.csv?id=PNGASJPUSDM,2026-09-25T22:26:58Z,
fred:PNGASJPUSDM,price,2019-03-01T00:00:00Z,5.245238,USD/MMBtu,P1M,,,,fred:PNGASJPUSDM,https://fred.stlouisfed.org/graph/fredgraph.csv?id=PNGASJPUSDM,2026-09-25T22:26:58Z,
fred:PNGASJPUSDM,price,2019-04-01T00:00:00Z,5.079762,USD/MMBtu,P1M,,,,fred:PNGASJPUSDM,https://fred.stlouisfed.org/graph/fredgraph.csv?id=PNGASJPUSDM,2026-09-25T22:26:58Z,
fred:PNGASJPUSDM,price,2019-05-01T00:00:00Z,5.033261,USD/MMBtu,P1M,,,,fred:PNGASJPUSDM,https://fred.stlouisfed.org/graph/fredgraph.csv?id=PNGASJPUSDM,2026-09-25T22:26:58Z,
fred:PNGASJPUSDM,price,2019-06-01T00:00:00Z,4.38925,USD/MMBtu,P1M,,,,fred:PNGASJPUSDM,https://fred.stlouisfed.org/graph/fredgraph.csv?id=PNGASJPUSDM,2026-09-25T22:26:58Z,
fred:PNGASJPUSDM,price,2019-07-01T00:00:00Z,4.419348,USD/MMBtu,P1M,,,,fred:PNGASJPUSDM,https://fred.stlouisfed.org/graph/fredgraph.csv?id=PNGASJPUSDM,2026-09-25T22:26:58Z,
fred:PNGASJPUSDM,price,2019-08-01T00:00:00Z,4.280227,USD/MMBtu,P1M,,,,fred:PNGASJPUSDM,https://fred.stlouisfed.org/graph/fredgraph.csv?id=PNGASJPUSDM,2026-09-25T22:26:58Z,
fred:PNGASJPUSDM,price,2019-09-01T00:00:00Z,5.054524,USD/MMBtu,P1M,,,,fred:PNGASJPUSDM,https://fred.stlouisfed.org/graph/fredgraph.csv?id=PNGASJPUSDM,2026-09-25T22:26:58Z,
fred:PNGASJPUSDM,price,2019-10-01T00:00:00Z,6.017391,USD/MMBtu,P1M,,,,fred:PNGASJPUSDM,https://fred.stlouisfed.org/graph/fredgraph.csv?id=PNGASJPUSDM,2026-09-25T22:26:58Z,
fred:PNGASJPUSDM,price,2019-11-01T00:00:00Z,5.456429,USD/MMBtu,P1M,,,,fred:PNGASJPUSDM,https://fred.stlouisfed.org/graph/fredgraph.csv?id=PNGASJPUSDM,2026-09-25T22:26:58Z,
fred:PNGASJPUSDM,price,2019-12-01T00:00:00Z,5.573409,USD/MMBtu,P1M,,,,fred:PNGASJPUSDM,https://fred.stlouisfed.org/graph/fredgraph.csv?id=PNGASJPUSDM,2026-09-25T22:26:58Z,
fred:PNGASJPUSDM,price,2020-01-01T00:00:00Z,4.913696,USD/MMBtu,P1M,,,,fred:PNGASJPUSDM,https://fred.stlouisfed.org/graph/fredgraph.csv?id=PNGASJPUSDM,2026-09-25T22:26:58Z,
fred:PNGASJPUSDM,price,2020-02-01T00:00:00Z,2.92025,USD/MMBtu,P1M,,,,fred:PNGASJPUSDM,https://fred.stlouisfed.org/graph/fredgraph.csv?id=PNGASJPUSDM,2026-09-25T22:26:58Z,
fred:PNGASJPUSDM,price,2020-03-01T00:00:00Z,3.278864,USD/MMBtu,P1M,,,,fred:PNGASJPUSDM,https://fred.stlouisfed.org/graph/fredgraph.csv?id=PNGASJPUSDM,2026-09-25T22:26:58Z,
fred:PNGASJPUSDM,price,2020-04-01T00:00:00Z,2.126364,USD/MMBtu,P1M,,,,fred:PNGASJPUSDM,https://fred.stlouisfed.org/graph/fredgraph.csv?id=PNGASJPUSDM,2026-09-25T22:26:58Z,
fred:PNGASJPUSDM,price,2020-05-01T00:00:00Z,2.032143,USD/MMBtu,P1M,,,,fred:PNGASJPUSDM,https://fred.stlouisfed.org/graph/fredgraph.csv?id=PNGASJPUSDM,2026-09-25T22:26:58Z,
fred:PNGASJPUSDM,price,2020-06-01T00:00:00Z,2.050455,USD/MMBtu,P1M,,,,fred:PNGASJPUSDM,https://fred.stlouisfed.org/graph/fredgraph.csv?id=PNGASJPUSDM,2026-09-25T22:26:58Z,
fred:PNGASJPUSDM,price,2020-07-01T00:00:00Z,2.286957,USD/MMBtu,P1M,,,,fred:PNGASJPUSDM,https://fred.stlouisfed.org/graph/fredgraph.csv?id=PNGASJPUSDM,2026-09-25T22:26:58Z,
fred:PNGASJPUSDM,price,2020-08-01T00:00:00Z,3.625714,USD/MMBtu,P1M,,,,fred:PNGASJPUSDM,https://fred.stlouisfed.org/graph/fredgraph.csv?id=PNGASJPUSDM,2026-09-25T22:26:58Z,
fred:PNGASJPUSDM,price,2020-09-01T00:00:00Z,4.609773,USD/MMBtu,P1M,,,,fred:PNGASJPUSDM,https://fred.stlouisfed.org/graph/fredgraph.csv?id=PNGASJPUSDM,2026-09-25T22:26:58Z,
fred:PNGASJPUSDM,price,2020-10-01T00:00:00Z,6.121818,USD/MMBtu,P1M,,,,fred:PNGASJPUSDM,https://fred.stlouisfed.org/graph/fredgraph.csv?id=PNGASJPUSDM,2026-09-25T22:26:58Z,
fred:PNGASJPUSDM,price,2020-11-01T00:00:00Z,6.822143,USD/MMBtu,P1M,,,,fred:PNGASJPUSDM,https://fred.stlouisfed.org/graph/fredgraph.csv?id=PNGASJPUSDM,2026-09-25T22:26:58Z,
fred:PNGASJPUSDM,price,2020-12-01T00:00:00Z,11.608913,USD/MMBtu,P1M,,,,fred:PNGASJPUSDM,https://fred.stlouisfed.org/graph/fredgraph.csv?id=PNGASJPUSDM,2026-09-25T22:26:58Z,
fred:PNGASJPUSDM,price,2021-01-01T00:00:00Z,20.415238,USD/MMBtu,P1M,,,,fred:PNGASJPUSDM,https://fred.stlouisfed.org/graph/fredgraph.csv?id=PNGASJPUSDM,2026-09-25T22:26:58Z,
fred:PNGASJPUSDM,price,2021-02-01T00:00:00Z,7.16875,USD/MMBtu,P1M,,,,fred:PNGASJPUSDM,https://fred.stlouisfed.org/graph/fredgraph.csv?id=PNGASJPUSDM,2026-09-25T22:26:58Z,
fred:PNGASJPUSDM,price,2021-03-01T00:00:00Z,6.443478,USD/MMBtu,P1M,,,,fred:PNGASJPUSDM,https://fred.stlouisfed.org/graph/fredgraph.csv?id=PNGASJPUSDM,2026-09-25T22:26:58Z,
fred:PNGASJPUSDM,price,2021-04-01T00:00:00Z,7.89413,USD/MMBtu,P1M,,,,fred:PNGASJPUSDM,https://fred.stlouisfed.org/graph/fredgraph.csv?id=PNGASJPUSDM,2026-09-25T22:26:58Z,
fred:PNGASJPUSDM,price,2021-05-01T00:00:00Z,10.0145,USD/MMBtu,P1M,,,,fred:PNGASJPUSDM,https://fred.stlouisfed.org/graph/fredgraph.csv?id=PNGASJPUSDM,2026-09-25T22:26:58Z,
fred:PNGASJPUSDM,price,2021-06-01T00:00:00Z,12.017273,USD/MMBtu,P1M,,,,fred:PNGASJPUSDM,https://fred.stlouisfed.org/graph/fredgraph.csv?id=PNGASJPUSDM,2026-09-25T22:26:58Z,
fred:PNGASJPUSDM,price,2021-07-01T00:00:00Z,14.096818,USD/MMBtu,P1M,,,,fred:PNGASJPUSDM,https://fred.stlouisfed.org/graph/fredgraph.csv?id=PNGASJPUSDM,2026-09-25T22:26:58Z,
fred:PNGASJPUSDM,price,2021-08-01T00:00:00Z,16.643864,USD/MMBtu,P1M,,,,fred:PNGASJPUSDM,https://fred.stlouisfed.org/graph/fredgraph.csv?id=PNGASJPUSDM,2026-09-25T22:26:58Z,
fred:PNGASJPUSDM,price,2021-09-01T00:00:00Z,24.062955,USD/MMBtu,P1M,,,,fred:PNGASJPUSDM,https://fred.stlouisfed.org/graph/fredgraph.csv?id=PNGASJPUSDM,2026-09-25T22:26:58Z,
fred:PNGASJPUSDM,price,2021-10-01T00:00:00Z,35.065238,USD/MMBtu,P1M,,,,fred:PNGASJPUSDM,https://fred.stlouisfed.org/graph/fredgraph.csv?id=PNGASJPUSDM,2026-09-25T22:26:58Z,
fred:PNGASJPUSDM,price,2021-11-01T00:00:00Z,31.963571,USD/MMBtu,P1M,,,,fred:PNGASJPUSDM,https://fred.stlouisfed.org/graph/fredgraph.csv?id=PNGASJPUSDM,2026-09-25T22:26:58Z,
fred:PNGASJPUSDM,price,2021-12-01T00:00:00Z,37.419783,USD/MMBtu,P1M,,,,fred:PNGASJPUSDM,https://fred.stlouisfed.org/graph/fredgraph.csv?id=PNGASJPUSDM,2026-09-25T22:26:58Z,
fred:PNGASJPUSDM,price,2022-01-01T00:00:00Z,26.828333,USD/MMBtu,P1M,,,,fred:PNGASJPUSDM,https://fred.stlouisfed.org/graph/fredgraph.csv?id=PNGASJPUSDM,2026-09-25T22:26:58Z,
fred:PNGASJPUSDM,price,2022-02-01T00:00:00Z,27.82325,USD/MMBtu,P1M,,,,fred:PNGASJPUSDM,https://fred.stlouisfed.org/graph/fredgraph.csv?id=PNGASJPUSDM,2026-09-25T22:26:58Z,
fred:PNGASJPUSDM,price,2022-03-01T00:00:00Z,38.73587,USD/MMBtu,P1M,,,,fred:PNGASJPUSDM,https://fred.stlouisfed.org/graph/fredgraph.csv?id=PNGASJPUSDM,2026-09-25T22:26:58Z,
fred:PNGASJPUSDM,price,2022-04-01T00:00:00Z,29.014762,USD/MMBtu,P1M,,,,fred:PNGASJPUSDM,https://fred.stlouisfed.org/graph/fredgraph.csv?id=PNGASJPUSDM,2026-09-25T22:26:58Z,
fred:PNGASJPUSDM,price,2022-05-01T00:00:00Z,21.937727,USD/MMBtu,P1M,,,,fred:PNGASJPUSDM,https://fred.stlouisfed.org/graph/fredgraph.csv?id=PNGASJPUSDM,2026-09-25T22:26:58Z,
fred:PNGASJPUSDM,price,2022-06-01T00:00:00Z,29.538182,USD/MMBtu,P1M,,,,fred:PNGASJPUSDM,https://fred.stlouisfed.org/graph/fredgraph.csv?id=PNGASJPUSDM,2026-09-25T22:26:58Z,
fred:PNGASJPUSDM,price,2022-07-01T00:00:00Z,41.1695,USD/MMBtu,P1M,,,,fred:PNGASJPUSDM,https://fred.stlouisfed.org/graph/fredgraph.csv?id=PNGASJPUSDM,2026-09-25T22:26:58Z,
fred:PNGASJPUSDM,price,2022-08-01T00:00:00Z,54.1575,USD/MMBtu,P1M,,,,fred:PNGASJPUSDM,https://fred.stlouisfed.org/graph/fredgraph.csv?id=PNGASJPUSDM,2026-09-25T22:26:58Z,
fred:PNGASJPUSDM,price,2022-09-01T00:00:00Z,44.682273,USD/MMBtu,P1M,,,,fred:PNGASJPUSDM,https://fred.stlouisfed.org/graph/fredgraph.csv?id=PNGASJPUSDM,2026-09-25T22:26:58Z,
fred:PNGASJPUSDM,price,2022-10-01T00:00:00Z,29.742,USD/MMBtu,P1M,,,,fred:PNGASJPUSDM,https://fred.stlouisfed.org/graph/fredgraph.csv?id=PNGASJPUSDM,2026-09-25T22:26:58Z,
fred:PNGASJPUSDM,price,2022-11-01T00:00:00Z,25.217727,USD/MMBtu,P1M,,,,fred:PNGASJPUSDM,https://fred.stlouisfed.org/graph/fredgraph.csv?id=PNGASJPUSDM,2026-09-25T22:26:58Z,
fred:PNGASJPUSDM,price,2022-12-01T00:00:00Z,30.717143,USD/MMBtu,P1M,,,,fred:PNGASJPUSDM,https://fred.stlouisfed.org/graph/fredgraph.csv?id=PNGASJPUSDM,2026-09-25T22:26:58Z,
fred:PNGASJPUSDM,price,2023-01-01T00:00:00Z,20.685526,USD/MMBtu,P1M,,,,fred:PNGASJPUSDM,https://fred.stlouisfed.org/graph/fredgraph.csv?id=PNGASJPUSDM,2026-09-25T22:26:58Z,
fred:PNGASJPUSDM,price,2023-02-01T00:00:00Z,15.9625,USD/MMBtu,P1M,,,,fred:PNGASJPUSDM,https://fred.stlouisfed.org/graph/fredgraph.csv?id=PNGASJPUSDM,2026-09-25T22:26:58Z,
fred:PNGASJPUSDM,price,2023-03-01T00:00:00Z,13.350435,USD/MMBtu,P1M,,,,fred:PNGASJPUSDM,https://fred.stlouisfed.org/graph/fredgraph.csv?id=PNGASJPUSDM,2026-09-25T22:26:58Z,
fred:PNGASJPUSDM,price,2023-04-01T00:00:00Z,12.011053,USD/MMBtu,P1M,,,,fred:PNGASJPUSDM,https://fred.stlouisfed.org/graph/fredgraph.csv?id=PNGASJPUSDM,2026-09-25T22:26:58Z,
fred:PNGASJPUSDM,price,2023-05-01T00:00:00Z,9.900682,USD/MMBtu,P1M,,,,fred:PNGASJPUSDM,https://fred.stlouisfed.org/graph/fredgraph.csv?id=PNGASJPUSDM,2026-09-25T22:26:58Z,
fred:PNGASJPUSDM,price,2023-06-01T00:00:00Z,10.10725,USD/MMBtu,P1M,,,,fred:PNGASJPUSDM,https://fred.stlouisfed.org/graph/fredgraph.csv?id=PNGASJPUSDM,2026-09-25T22:26:58Z,
fred:PNGASJPUSDM,price,2023-07-01T00:00:00Z,10.88119,USD/MMBtu,P1M,,,,fred:PNGASJPUSDM,https://fred.stlouisfed.org/graph/fredgraph.csv?id=PNGASJPUSDM,2026-09-25T22:26:58Z,
fred:PNGASJPUSDM,price,2023-08-01T00:00:00Z,11.752955,USD/MMBtu,P1M,,,,fred:PNGASJPUSDM,https://fred.stlouisfed.org/graph/fredgraph.csv?id=PNGASJPUSDM,2026-09-25T22:26:58Z,
fred:PNGASJPUSDM,price,2023-09-01T00:00:00Z,13.1515,USD/MMBtu,P1M,,,,fred:PNGASJPUSDM,https://fred.stlouisfed.org/graph/fredgraph.csv?id=PNGASJPUSDM,2026-09-25T22:26:58Z,
fred:PNGASJPUSDM,price,2023-10-01T00:00:00Z,15.293409,USD/MMBtu,P1M,,,,fred:PNGASJPUSDM,https://fred.stlouisfed.org/graph/fredgraph.csv?id=PNGASJPUSDM,2026-09-25T22:26:58Z,
fred:PNGASJPUSDM,price,2023-11-01T00:00:00Z,15.41381,USD/MMBtu,P1M,,,,fred:PNGASJPUSDM,https://fred.stlouisfed.org/graph/fredgraph.csv?id=PNGASJPUSDM,2026-09-25T22:26:58Z,
fred:PNGASJPUSDM,price,2023-12-01T00:00:00Z,13.05175,USD/MMBtu,P1M,,,,fred:PNGASJPUSDM,https://fred.stlouisfed.org/graph/fredgraph.csv?id=PNGASJPUSDM,2026-09-25T22:26:58Z,
fred:PNGASJPUSDM,price,2024-01-01T00:00:00Z,10.016818,USD/MMBtu,P1M,,,,fred:PNGASJPUSDM,https://fred.stlouisfed.org/graph/fredgraph.csv?id=PNGASJPUSDM,2026-09-25T22:26:58Z,
fred:PNGASJPUSDM,price,2024-02-01T00:00:00Z,8.82225,USD/MMBtu,P1M,,,,fred:PNGASJPUSDM,https://fred.stlouisfed.org/graph/fredgraph.csv?id=PNGASJPUSDM,2026-09-25T22:26:58Z,
fred:PNGASJPUSDM,price,2024-03-01T00:00:00Z,8.99325,USD/MMBtu,P1M,,,,fred:PNGASJPUSDM,https://fred.stlouisfed.org/graph/fredgraph.csv?id=PNGASJPUSDM,2026-09-25T22:26:58Z,
fred:PNGASJPUSDM,price,2024-04-01T00:00:00Z,9.794,USD/MMBtu,P1M,,,,fred:PNGASJPUSDM,https://fred.stlouisfed.org/graph/fredgraph.csv?id=PNGASJPUSDM,2026-09-25T22:26:58Z,
fred:PNGASJPUSDM,price,2024-05-01T00:00:00Z,10.847,USD/MMBtu,P1M,,,,fred:PNGASJPUSDM,https://fred.stlouisfed.org/graph/fredgraph.csv?id=PNGASJPUSDM,2026-09-25T22:26:58Z,
fred:PNGASJPUSDM,price,2024-06-01T00:00:00Z,12.368,USD/MMBtu,P1M,,,,fred:PNGASJPUSDM,https://fred.stlouisfed.org/graph/fredgraph.csv?id=PNGASJPUSDM,2026-09-25T22:26:58Z,
fred:PNGASJPUSDM,price,2024-07-01T00:00:00Z,11.995,USD/MMBtu,P1M,,,,fred:PNGASJPUSDM,https://fred.stlouisfed.org/graph/fredgraph.csv?id=PNGASJPUSDM,2026-09-25T22:26:58Z,
fred:PNGASJPUSDM,price,2024-08-01T00:00:00Z,13.213,USD/MMBtu,P1M,,,,fred:PNGASJPUSDM,https://fred.stlouisfed.org/graph/fredgraph.csv?id=PNGASJPUSDM,2026-09-25T22:26:58Z,
fred:PNGASJPUSDM,price,2024-09-01T00:00:00Z,13.09,USD/MMBtu,P1M,,,,fred:PNGASJPUSDM,https://fred.stlouisfed.org/graph/fredgraph.csv?id=PNGASJPUSDM,2026-09-25T22:26:58Z,
fred:PNGASJPUSDM,price,2024-10-01T00:00:00Z,13.113,USD/MMBtu,P1M,,,,fred:PNGASJPUSDM,https://fred.stlouisfed.org/graph/fredgraph.csv?id=PNGASJPUSDM,2026-09-25T22:26:58Z,
fred:PNGASJPUSDM,price,2024-11-01T00:00:00Z,14.025,USD/MMBtu,P1M,,,,fred:PNGASJPUSDM,https://fred.stlouisfed.org/graph/fredgraph.csv?id=PNGASJPUSDM,2026-09-25T22:26:58Z,
fred:PNGASJPUSDM,price,2024-12-01T00:00:00Z,14.225,USD/MMBtu,P1M,,,,fred:PNGASJPUSDM,https://fred.stlouisfed.org/graph/fredgraph.csv?id=PNGASJPUSDM,2026-09-25T22:26:58Z,
fred:PNGASJPUSDM,price,2025-01-01T00:00:00Z,14.126,USD/MMBtu,P1M,,,,fred:PNGASJPUSDM,https://fred.stlouisfed.org/graph/fredgraph.csv?id=PNGASJPUSDM,2026-09-25T22:26:58Z,
fred:PNGASJPUSDM,price,2025-02-01T00:00:00Z,14.721,USD/MMBtu,P1M,,,,fred:PNGASJPUSDM,https://fred.stlouisfed.org/graph/fredgraph.csv?id=PNGASJPUSDM,2026-09-25T22:26:58Z,
fred:PNGASJPUSDM,price,2025-03-01T00:00:00Z,13.118,USD/MMBtu,P1M,,,,fred:PNGASJPUSDM,https://fred.stlouisfed.org/graph/fredgraph.csv?id=PNGASJPUSDM,2026-09-25T22:26:58Z,
fred:PNGASJPUSDM,price,2025-04-01T00:00:00Z,11.569,USD/MMBtu,P1M,,,,fred:PNGASJPUSDM,https://fred.stlouisfed.org/graph/fredgraph.csv?id=PNGASJPUSDM,2026-09-25T22:26:58Z,
fred:PNGASJPUSDM,price,2025-05-01T00:00:00Z,11.678,USD/MMBtu,P1M,,,,fred:PNGASJPUSDM,https://fred.stlouisfed.org/graph/fredgraph.csv?id=PNGASJPUSDM,2026-09-25T22:26:58Z,
fred:PNGASJPUSDM,price,2025-06-01T00:00:00Z,12.963,USD/MMBtu,P1M,,,,fred:PNGASJPUSDM,https://fred.stlouisfed.org/graph/fredgraph.csv?id=PNGASJPUSDM,2026-09-25T22:26:58Z,
fred:PNGASJPUSDM,price,2025-07-01T00:00:00Z,12.261,USD/MMBtu,P1M,,,,fred:PNGASJPUSDM,https://fred.stlouisfed.org/graph/fredgraph.csv?id=PNGASJPUSDM,2026-09-25T22:26:58Z,
fred:PNGASJPUSDM,price,2025-08-01T00:00:00Z,11.521,USD/MMBtu,P1M,,,,fred:PNGASJPUSDM,https://fred.stlouisfed.org/graph/fredgraph.csv?id=PNGASJPUSDM,2026-09-25T22:26:58Z,
fred:PNGASJPUSDM,price,2025-09-01T00:00:00Z,11.277,USD/MMBtu,P1M,,,,fred:PNGASJPUSDM,https://fred.stlouisfed.org/graph/fredgraph.csv?id=PNGASJPUSDM,2026-09-25T22:26:58Z,
fred:PNGASJPUSDM,price,2025-10-01T00:00:00Z,10.842,USD/MMBtu,P1M,,,,fred:PNGASJPUSDM,https://fred.stlouisfed.org/graph/fredgraph.csv?id=PNGASJPUSDM,2026-09-25T22:26:58Z,
fred:PNGASJPUSDM,price,2025-11-01T00:00:00Z,11.067,USD/MMBtu,P1M,,,,fred:PNGASJPUSDM,https://fred.stlouisfed.org/graph/fredgraph.csv?id=PNGASJPUSDM,2026-09-25T22:26:58Z,
fred:PNGASJPUSDM,price,2025-12-01T00:00:00Z,9.91,USD/MMBtu,P1M,,,,fred:PNGASJPUSDM,https://fred.stlouisfed.org/graph/fredgraph.csv?id=PNGASJPUSDM,2026-09-25T22:26:58Z,
fred:PNGASJPUSDM,price,2026-01-01T00:00:00Z,10.435,USD/MMBtu,P1M,,,,fred:PNGASJPUSDM,https://fred.stlouisfed.org/graph/fredgraph.csv?id=PNGASJPUSDM,2026-09-25T22:26:58Z,
fred:PNGASJPUSDM,price,2026-02-01T00:00:00Z,10.752,USD/MMBtu,P1M,,,,fred:PNGASJPUSDM,https://fred.stlouisfed.org/graph/fredgraph.csv?id=PNGASJPUSDM,2026-09-25T22:26:58Z,
fred:PNGASJPUSDM,price,2026-03-01T00:00:00Z,20.812,USD/MMBtu,P1M,,,,fred:PNGASJPUSDM,https://fred.stlouisfed.org/graph/fredgraph.csv?id=PNGASJPUSDM,2026-09-25T22:26:58Z,
fred:PNGASJPUSDM,price,2026-04-01T00:00:00Z,16.569,USD/MMBtu,P1M,,,,fred:PNGASJPUSDM,https://fred.stlouisfed.org/graph/fredgraph.csv?id=PNGASJPUSDM,2026-09-25T22:26:58Z,
fred:PNGASJPUSDM,price,2026-05-01T00:00:00Z,18.101,USD/MMBtu,P1M,,,,fred:PNGASJPUSDM,https://fred.stlouisfed.org/graph/fredgraph.csv?id=PNGASJPUSDM,2026-09-25T22:26:58Z,
fred:PNGASJPUSDM,price,2026-06-01T00:00:00Z,17.189,USD/MMBtu,P1M,,,,fred:PNGASJPUSDM,https://fred.stlouisfed.org/graph/fredgraph.csv?id=PNGASJPUSDM,2026-09-25T22:26:58Z,
fred:PNGASJPUSDM,price,2026-07-01T00:00:00Z,19.562,USD/MMBtu,P1M,,,,fred:PNGASJPUSDM,https://fred.stlouisfed.org/graph/fredgraph.csv?id=PNGASJPUSDM,2026-09-25T22:26:58Z,
fred:PNICKUSDM,price,1992-01-01T00:00:00Z,7531.136719,USD/t,P1M,,,,fred:PNICKUSDM,https://fred.stlouisfed.org/graph/fredgraph.csv?id=PNICKUSDM,2026-09-25T22:27:00Z,
fred:PNICKUSDM,price,1992-02-01T00:00:00Z,7888.0,USD/t,P1M,,,,fred:PNICKUSDM,https://fred.stlouisfed.org/graph/fredgraph.csv?id=PNICKUSDM,2026-09-25T22:27:00Z,
fred:PNICKUSDM,price,1992-03-01T00:00:00Z,7430.455078,USD/t,P1M,,,,fred:PNICKUSDM,https://fred.stlouisfed.org/graph/fredgraph.csv?id=PNICKUSDM,2026-09-25T22:27:00Z,
fred:PNICKUSDM,price,1992-04-01T00:00:00Z,7417.951172,USD/t,P1M,,,,fred:PNICKUSDM,https://fred.stlouisfed.org/graph/fredgraph.csv?id=PNICKUSDM,2026-09-25T22:27:00Z,
fred:PNICKUSDM,price,1992-05-01T00:00:00Z,7333.947266,USD/t,P1M,,,,fred:PNICKUSDM,https://fred.stlouisfed.org/graph/fredgraph.csv?id=PNICKUSDM,2026-09-25T22:27:00Z,
fred:PNICKUSDM,price,1992-06-01T00:00:00Z,7202.363281,USD/t,P1M,,,,fred:PNICKUSDM,https://fred.stlouisfed.org/graph/fredgraph.csv?id=PNICKUSDM,2026-09-25T22:27:00Z,
fred:PNICKUSDM,price,1992-07-01T00:00:00Z,7516.173828,USD/t,P1M,,,,fred:PNICKUSDM,https://fred.stlouisfed.org/graph/fredgraph.csv?id=PNICKUSDM,2026-09-25T22:27:00Z,
fred:PNICKUSDM,price,1992-08-01T00:00:00Z,7279.75,USD/t,P1M,,,,fred:PNICKUSDM,https://fred.stlouisfed.org/graph/fredgraph.csv?id=PNICKUSDM,2026-09-25T22:27:00Z,
fred:PNICKUSDM,price,1992-09-01T00:00:00Z,6918.572266,USD/t,P1M,,,,fred:PNICKUSDM,https://fred.stlouisfed.org/graph/fredgraph.csv?id=PNICKUSDM,2026-09-25T22:27:00Z,
fred:PNICKUSDM,price,1992-10-01T00:00:00Z,6322.5,USD/t,P1M,,,,fred:PNICKUSDM,https://fred.stlouisfed.org/graph/fredgraph.csv?id=PNICKUSDM,2026-09-25T22:27:00Z,
fred:PNICKUSDM,price,1992-11-01T00:00:00Z,5593.714844,USD/t,P1M,,,,fred:PNICKUSDM,https://fred.stlouisfed.org/graph/fredgraph.csv?id=PNICKUSDM,2026-09-25T22:27:00Z,
fred:PNICKUSDM,price,1992-12-01T00:00:00Z,5751.19043,USD/t,P1M,,,,fred:PNICKUSDM,https://fred.stlouisfed.org/graph/fredgraph.csv?id=PNICKUSDM,2026-09-25T22:27:00Z,
fred:PNICKUSDM,price,1993-01-01T00:00:00Z,5948.100098,USD/t,P1M,,,,fred:PNICKUSDM,https://fred.stlouisfed.org/graph/fredgraph.csv?id=PNICKUSDM,2026-09-25T22:27:00Z,
fred:PNICKUSDM,price,1993-02-01T00:00:00Z,6050.75,USD/t,P1M,,,,fred:PNICKUSDM,https://fred.stlouisfed.org/graph/fredgraph.csv?id=PNICKUSDM,2026-09-25T22:27:00Z,
fred:PNICKUSDM,price,1993-03-01T00:00:00Z,5974.913086,USD/t,P1M,,,,fred:PNICKUSDM,https://fred.stlouisfed.org/graph/fredgraph.csv?id=PNICKUSDM,2026-09-25T22:27:00Z,
fred:PNICKUSDM,price,1993-04-01T00:00:00Z,5987.5,USD/t,P1M,,,,fred:PNICKUSDM,https://fred.stlouisfed.org/graph/fredgraph.csv?id=PNICKUSDM,2026-09-25T22:27:00Z,
fred:PNICKUSDM,price,1993-05-01T00:00:00Z,5777.789551,USD/t,P1M,,,,fred:PNICKUSDM,https://fred.stlouisfed.org/graph/fredgraph.csv?id=PNICKUSDM,2026-09-25T22:27:00Z,
fred:PNICKUSDM,price,1993-06-01T00:00:00Z,5544.318359,USD/t,P1M,,,,fred:PNICKUSDM,https://fred.stlouisfed.org/graph/fredgraph.csv?id=PNICKUSDM,2026-09-25T22:27:00Z,
fred:PNICKUSDM,price,1993-07-01T00:00:00Z,5051.181641,USD/t,P1M,,,,fred:PNICKUSDM,https://fred.stlouisfed.org/graph/fredgraph.csv?id=PNICKUSDM,2026-09-25T22:27:00Z,
fred:PNICKUSDM,price,1993-08-01T00:00:00Z,4740.476074,USD/t,P1M,,,,fred:PNICKUSDM,https://fred.stlouisfed.org/graph/fredgraph.csv?id=PNICKUSDM,2026-09-25T22:27:00Z,
fred:PNICKUSDM,price,1993-09-01T00:00:00Z,4376.04541,USD/t,P1M,,,,fred:PNICKUSDM,https://fred.stlouisfed.org/graph/fredgraph.csv?id=PNICKUSDM,2026-09-25T22:27:00Z,
fred:PNICKUSDM,price,1993-10-01T00:00:00Z,4464.856934,USD/t,P1M,,,,fred:PNICKUSDM,https://fred.stlouisfed.org/graph/fredgraph.csv?id=PNICKUSDM,2026-09-25T22:27:00Z,
fred:PNICKUSDM,price,1993-11-01T00:00:00Z,4642.272949,USD/t,P1M,,,,fred:PNICKUSDM,https://fred.stlouisfed.org/graph/fredgraph.csv?id=PNICKUSDM,2026-09-25T22:27:00Z,
fred:PNICKUSDM,price,1993-12-01T00:00:00Z,5139.799805,USD/t,P1M,,,,fred:PNICKUSDM,https://fred.stlouisfed.org/graph/fredgraph.csv?id=PNICKUSDM,2026-09-25T22:27:00Z,
fred:PNICKUSDM,price,1994-01-01T00:00:00Z,5584.047852,USD/t,P1M,,,,fred:PNICKUSDM,https://fred.stlouisfed.org/graph/fredgraph.csv?id=PNICKUSDM,2026-09-25T22:27:00Z,
fred:PNICKUSDM,price,1994-02-01T00:00:00Z,5830.100098,USD/t,P1M,,,,fred:PNICKUSDM,https://fred.stlouisfed.org/graph/fredgraph.csv?id=PNICKUSDM,2026-09-25T22:27:00Z,
fred:PNICKUSDM,price,1994-03-01T00:00:00Z,5590.43457,USD/t,P1M,,,,fred:PNICKUSDM,https://fred.stlouisfed.org/graph/fredgraph.csv?id=PNICKUSDM,2026-09-25T22:27:00Z,
fred:PNICKUSDM,price,1994-04-01T00:00:00Z,5400.263184,USD/t,P1M,,,,fred:PNICKUSDM,https://fred.stlouisfed.org/graph/fredgraph.csv?id=PNICKUSDM,2026-09-25T22:27:00Z,
fred:PNICKUSDM,price,1994-05-01T00:00:00Z,6082.856934,USD/t,P1M,,,,fred:PNICKUSDM,https://fred.stlouisfed.org/graph/fredgraph.csv?id=PNICKUSDM,2026-09-25T22:27:00Z,
fred:PNICKUSDM,price,1994-06-01T00:00:00Z,6287.04541,USD/t,P1M,,,,fred:PNICKUSDM,https://fred.stlouisfed.org/graph/fredgraph.csv?id=PNICKUSDM,2026-09-25T22:27:00Z,
fred:PNICKUSDM,price,1994-07-01T00:00:00Z,6230.571289,USD/t,P1M,,,,fred:PNICKUSDM,https://fred.stlouisfed.org/graph/fredgraph.csv?id=PNICKUSDM,2026-09-25T22:27:00Z,
fred:PNICKUSDM,price,1994-08-01T00:00:00Z,5856.13623,USD/t,P1M,,,,fred:PNICKUSDM,https://fred.stlouisfed.org/graph/fredgraph.csv?id=PNICKUSDM,2026-09-25T22:27:00Z,
fred:PNICKUSDM,price,1994-09-01T00:00:00Z,6370.681641,USD/t,P1M,,,,fred:PNICKUSDM,https://fred.stlouisfed.org/graph/fredgraph.csv?id=PNICKUSDM,2026-09-25T22:27:00Z,
fred:PNICKUSDM,price,1994-10-01T00:00:00Z,6735.856934,USD/t,P1M,,,,fred:PNICKUSDM,https://fred.stlouisfed.org/graph/fredgraph.csv?id=PNICKUSDM,2026-09-25T22:27:00Z,
fred:PNICKUSDM,price,1994-11-01T00:00:00Z,7474.54541,USD/t,P1M,,,,fred:PNICKUSDM,https://fred.stlouisfed.org/graph/fredgraph.csv?id=PNICKUSDM,2026-09-25T22:27:00Z,
fred:PNICKUSDM,price,1994-12-01T00:00:00Z,8540.650391,USD/t,P1M,,,,fred:PNICKUSDM,https://fred.stlouisfed.org/graph/fredgraph.csv?id=PNICKUSDM,2026-09-25T22:27:00Z,
fred:PNICKUSDM,price,1995-01-01T00:00:00Z,9596.19043,USD/t,P1M,,,,fred:PNICKUSDM,https://fred.stlouisfed.org/graph/fredgraph.csv?id=PNICKUSDM,2026-09-25T22:27:00Z,
fred:PNICKUSDM,price,1995-02-01T00:00:00Z,8431.25,USD/t,P1M,,,,fred:PNICKUSDM,https://fred.stlouisfed.org/graph/fredgraph.csv?id=PNICKUSDM,2026-09-25T22:27:00Z,
fred:PNICKUSDM,price,1995-03-01T00:00:00Z,7522.391113,USD/t,P1M,,,,fred:PNICKUSDM,https://fred.stlouisfed.org/graph/fredgraph.csv?id=PNICKUSDM,2026-09-25T22:27:00Z,
fred:PNICKUSDM,price,1995-04-01T00:00:00Z,7405.0,USD/t,P1M,,,,fred:PNICKUSDM,https://fred.stlouisfed.org/graph/fredgraph.csv?id=PNICKUSDM,2026-09-25T22:27:00Z,
fred:PNICKUSDM,price,1995-05-01T00:00:00Z,7262.380859,USD/t,P1M,,,,fred:PNICKUSDM,https://fred.stlouisfed.org/graph/fredgraph.csv?id=PNICKUSDM,2026-09-25T22:27:00Z,
fred:PNICKUSDM,price,1995-06-01T00:00:00Z,7877.272949,USD/t,P1M,,,,fred:PNICKUSDM,https://fred.stlouisfed.org/graph/fredgraph.csv?id=PNICKUSDM,2026-09-25T22:27:00Z,
fred:PNICKUSDM,price,1995-07-01T00:00:00Z,8618.0,USD/t,P1M,,,,fred:PNICKUSDM,https://fred.stlouisfed.org/graph/fredgraph.csv?id=PNICKUSDM,2026-09-25T22:27:00Z,
fred:PNICKUSDM,price,1995-08-01T00:00:00Z,8931.818359,USD/t,P1M,,,,fred:PNICKUSDM,https://fred.stlouisfed.org/graph/fredgraph.csv?id=PNICKUSDM,2026-09-25T22:27:00Z,
fred:PNICKUSDM,price,1995-09-01T00:00:00Z,8397.25,USD/t,P1M,,,,fred:PNICKUSDM,https://fred.stlouisfed.org/graph/fredgraph.csv?id=PNICKUSDM,2026-09-25T22:27:00Z,
fred:PNICKUSDM,price,1995-10-01T00:00:00Z,8068.86377,USD/t,P1M,,,,fred:PNICKUSDM,https://fred.stlouisfed.org/graph/fredgraph.csv?id=PNICKUSDM,2026-09-25T22:27:00Z,
fred:PNICKUSDM,price,1995-11-01T00:00:00Z,8498.095703,USD/t,P1M,,,,fred:PNICKUSDM,https://fred.stlouisfed.org/graph/fredgraph.csv?id=PNICKUSDM,2026-09-25T22:27:00Z,
fred:PNICKUSDM,price,1995-12-01T00:00:00Z,8074.210449,USD/t,P1M,,,,fred:PNICKUSDM,https://fred.stlouisfed.org/graph/fredgraph.csv?id=PNICKUSDM,2026-09-25T22:27:00Z,
fred:PNICKUSDM,price,1996-01-01T00:00:00Z,7870.714355,USD/t,P1M,,,,fred:PNICKUSDM,https://fred.stlouisfed.org/graph/fredgraph.csv?id=PNICKUSDM,2026-09-25T22:27:00Z,
fred:PNICKUSDM,price,1996-02-01T00:00:00Z,8198.5,USD/t,P1M,,,,fred:PNICKUSDM,https://fred.stlouisfed.org/graph/fredgraph.csv?id=PNICKUSDM,2026-09-25T22:27:00Z,
fred:PNICKUSDM,price,1996-03-01T00:00:00Z,8046.399902,USD/t,P1M,,,,fred:PNICKUSDM,https://fred.stlouisfed.org/graph/fredgraph.csv?id=PNICKUSDM,2026-09-25T22:27:00Z,
fred:PNICKUSDM,price,1996-04-01T00:00:00Z,8047.0,USD/t,P1M,,,,fred:PNICKUSDM,https://fred.stlouisfed.org/graph/fredgraph.csv?id=PNICKUSDM,2026-09-25T22:27:00Z,
fred:PNICKUSDM,price,1996-05-01T00:00:00Z,8042.856934,USD/t,P1M,,,,fred:PNICKUSDM,https://fred.stlouisfed.org/graph/fredgraph.csv?id=PNICKUSDM,2026-09-25T22:27:00Z,
fred:PNICKUSDM,price,1996-06-01T00:00:00Z,7713.157715,USD/t,P1M,,,,fred:PNICKUSDM,https://fred.stlouisfed.org/graph/fredgraph.csv?id=PNICKUSDM,2026-09-25T22:27:00Z,
fred:PNICKUSDM,price,1996-07-01T00:00:00Z,7202.608887,USD/t,P1M,,,,fred:PNICKUSDM,https://fred.stlouisfed.org/graph/fredgraph.csv?id=PNICKUSDM,2026-09-25T22:27:00Z,
fred:PNICKUSDM,price,1996-08-01T00:00:00Z,7037.619141,USD/t,P1M,,,,fred:PNICKUSDM,https://fred.stlouisfed.org/graph/fredgraph.csv?id=PNICKUSDM,2026-09-25T22:27:00Z,
fred:PNICKUSDM,price,1996-09-01T00:00:00Z,7329.80957,USD/t,P1M,,,,fred:PNICKUSDM,https://fred.stlouisfed.org/graph/fredgraph.csv?id=PNICKUSDM,2026-09-25T22:27:00Z,
fred:PNICKUSDM,price,1996-10-01T00:00:00Z,7028.695801,USD/t,P1M,,,,fred:PNICKUSDM,https://fred.stlouisfed.org/graph/fredgraph.csv?id=PNICKUSDM,2026-09-25T22:27:00Z,
fred:PNICKUSDM,price,1996-11-01T00:00:00Z,6960.714355,USD/t,P1M,,,,fred:PNICKUSDM,https://fred.stlouisfed.org/graph/fredgraph.csv?id=PNICKUSDM,2026-09-25T22:27:00Z,
fred:PNICKUSDM,price,1996-12-01T00:00:00Z,6571.047852,USD/t,P1M,,,,fred:PNICKUSDM,https://fred.stlouisfed.org/graph/fredgraph.csv?id=PNICKUSDM,2026-09-25T22:27:00Z,
fred:PNICKUSDM,price,1997-01-01T00:00:00Z,7069.13623,USD/t,P1M,,,,fred:PNICKUSDM,https://fred.stlouisfed.org/graph/fredgraph.csv?id=PNICKUSDM,2026-09-25T22:27:00Z,
fred:PNICKUSDM,price,1997-02-01T00:00:00Z,7736.579102,USD/t,P1M,,,,fred:PNICKUSDM,https://fred.stlouisfed.org/graph/fredgraph.csv?id=PNICKUSDM,2026-09-25T22:27:00Z,
fred:PNICKUSDM,price,1997-03-01T00:00:00Z,7893.210449,USD/t,P1M,,,,fred:PNICKUSDM,https://fred.stlouisfed.org/graph/fredgraph.csv?id=PNICKUSDM,2026-09-25T22:27:00Z,
fred:PNICKUSDM,price,1997-04-01T00:00:00Z,7313.13623,USD/t,P1M,,,,fred:PNICKUSDM,https://fred.stlouisfed.org/graph/fredgraph.csv?id=PNICKUSDM,2026-09-25T22:27:00Z,
fred:PNICKUSDM,price,1997-05-01T00:00:00Z,7476.0,USD/t,P1M,,,,fred:PNICKUSDM,https://fred.stlouisfed.org/graph/fredgraph.csv?id=PNICKUSDM,2026-09-25T22:27:00Z,
fred:PNICKUSDM,price,1997-06-01T00:00:00Z,7060.0,USD/t,P1M,,,,fred:PNICKUSDM,https://fred.stlouisfed.org/graph/fredgraph.csv?id=PNICKUSDM,2026-09-25T22:27:00Z,
fred:PNICKUSDM,price,1997-07-01T00:00:00Z,6832.739258,USD/t,P1M,,,,fred:PNICKUSDM,https://fred.stlouisfed.org/graph/fredgraph.csv?id=PNICKUSDM,2026-09-25T22:27:00Z,
fred:PNICKUSDM,price,1997-08-01T00:00:00Z,6764.450195,USD/t,P1M,,,,fred:PNICKUSDM,https://fred.stlouisfed.org/graph/fredgraph.csv?id=PNICKUSDM,2026-09-25T22:27:00Z,
fred:PNICKUSDM,price,1997-09-01T00:00:00Z,6498.285645,USD/t,P1M,,,,fred:PNICKUSDM,https://fred.stlouisfed.org/graph/fredgraph.csv?id=PNICKUSDM,2026-09-25T22:27:00Z,
fred:PNICKUSDM,price,1997-10-01T00:00:00Z,6373.478027,USD/t,P1M,,,,fred:PNICKUSDM,https://fred.stlouisfed.org/graph/fredgraph.csv?id=PNICKUSDM,2026-09-25T22:27:00Z,
fred:PNICKUSDM,price,1997-11-01T00:00:00Z,6137.25,USD/t,P1M,,,,fred:PNICKUSDM,https://fred.stlouisfed.org/graph/fredgraph.csv?id=PNICKUSDM,2026-09-25T22:27:00Z,
fred:PNICKUSDM,price,1997-12-01T00:00:00Z,5942.380859,USD/t,P1M,,,,fred:PNICKUSDM,https://fred.stlouisfed.org/graph/fredgraph.csv?id=PNICKUSDM,2026-09-25T22:27:00Z,
fred:PNICKUSDM,price,1998-01-01T00:00:00Z,5489.0,USD/t,P1M,,,,fred:PNICKUSDM,https://fred.stlouisfed.org/graph/fredgraph.csv?id=PNICKUSDM,2026-09-25T22:27:00Z,
fred:PNICKUSDM,price,1998-02-01T00:00:00Z,5367.25,USD/t,P1M,,,,fred:PNICKUSDM,https://fred.stlouisfed.org/graph/fredgraph.csv?id=PNICKUSDM,2026-09-25T22:27:00Z,
fred:PNICKUSDM,price,1998-03-01T00:00:00Z,5397.04541,USD/t,P1M,,,,fred:PNICKUSDM,https://fred.stlouisfed.org/graph/fredgraph.csv?id=PNICKUSDM,2026-09-25T22:27:00Z,
fred:PNICKUSDM,price,1998-04-01T00:00:00Z,5391.0,USD/t,P1M,,,,fred:PNICKUSDM,https://fred.stlouisfed.org/graph/fredgraph.csv?id=PNICKUSDM,2026-09-25T22:27:00Z,
fred:PNICKUSDM,price,1998-05-01T00:00:00Z,5016.842285,USD/t,P1M,,,,fred:PNICKUSDM,https://fred.stlouisfed.org/graph/fredgraph.csv?id=PNICKUSDM,2026-09-25T22:27:00Z,
fred:PNICKUSDM,price,1998-06-01T00:00:00Z,4456.904785,USD/t,P1M,,,,fred:PNICKUSDM,https://fred.stlouisfed.org/graph/fredgraph.csv?id=PNICKUSDM,2026-09-25T22:27:00Z,
fred:PNICKUSDM,price,1998-07-01T00:00:00Z,4332.619141,USD/t,P1M,,,,fred:PNICKUSDM,https://fred.stlouisfed.org/graph/fredgraph.csv?id=PNICKUSDM,2026-09-25T22:27:00Z,
fred:PNICKUSDM,price,1998-08-01T00:00:00Z,4078.0,USD/t,P1M,,,,fred:PNICKUSDM,https://fred.stlouisfed.org/graph/fredgraph.csv?id=PNICKUSDM,2026-09-25T22:27:00Z,
fred:PNICKUSDM,price,1998-09-01T00:00:00Z,4100.90918,USD/t,P1M,,,,fred:PNICKUSDM,https://fred.stlouisfed.org/graph/fredgraph.csv?id=PNICKUSDM,2026-09-25T22:27:00Z,
fred:PNICKUSDM,price,1998-10-01T00:00:00Z,3870.45459,USD/t,P1M,,,,fred:PNICKUSDM,https://fred.stlouisfed.org/graph/fredgraph.csv?id=PNICKUSDM,2026-09-25T22:27:00Z,
fred:PNICKUSDM,price,1998-11-01T00:00:00Z,4117.25,USD/t,P1M,,,,fred:PNICKUSDM,https://fred.stlouisfed.org/graph/fredgraph.csv?id=PNICKUSDM,2026-09-25T22:27:00Z,
fred:PNICKUSDM,price,1998-12-01T00:00:00Z,3865.763184,USD/t,P1M,,,,fred:PNICKUSDM,https://fred.stlouisfed.org/graph/fredgraph.csv?id=PNICKUSDM,2026-09-25T22:27:00Z,
fred:PNICKUSDM,price,1999-01-01T00:00:00Z,4264.0,USD/t,P1M,,,,fred:PNICKUSDM,https://fred.stlouisfed.org/graph/fredgraph.csv?id=PNICKUSDM,2026-09-25T22:27:00Z,
fred:PNICKUSDM,price,1999-02-01T00:00:00Z,4623.25,USD/t,P1M,,,,fred:PNICKUSDM,https://fred.stlouisfed.org/graph/fredgraph.csv?id=PNICKUSDM,2026-09-25T22:27:00Z,
fred:PNICKUSDM,price,1999-03-01T00:00:00Z,5002.954545,USD/t,P1M,,,,fred:PNICKUSDM,https://fred.stlouisfed.org/graph/fredgraph.csv?id=PNICKUSDM,2026-09-25T22:27:00Z,
fred:PNICKUSDM,price,1999-04-01T00:00:00Z,5054.75,USD/t,P1M,,,,fred:PNICKUSDM,https://fred.stlouisfed.org/graph/fredgraph.csv?id=PNICKUSDM,2026-09-25T22:27:00Z,
fred:PNICKUSDM,price,1999-05-01T00:00:00Z,5395.789474,USD/t,P1M,,,,fred:PNICKUSDM,https://fred.stlouisfed.org/graph/fredgraph.csv?id=PNICKUSDM,2026-09-25T22:27:00Z,
fred:PNICKUSDM,price,1999-06-01T00:00:00Z,5194.772727,USD/t,P1M,,,,fred:PNICKUSDM,https://fred.stlouisfed.org/graph/fredgraph.csv?id=PNICKUSDM,2026-09-25T22:27:00Z,
fred:PNICKUSDM,price,1999-07-01T00:00:00Z,5696.363636,USD/t,P1M,,,,fred:PNICKUSDM,https://fred.stlouisfed.org/graph/fredgraph.csv?id=PNICKUSDM,2026-09-25T22:27:00Z,
fred:PNICKUSDM,price,1999-08-01T00:00:00Z,6431.428571,USD/t,P1M,,,,fred:PNICKUSDM,https://fred.stlouisfed.org/graph/fredgraph.csv?id=PNICKUSDM,2026-09-25T22:27:00Z,
fred:PNICKUSDM,price,1999-09-01T00:00:00Z,7029.090909,USD/t,P1M,,,,fred:PNICKUSDM,https://fred.stlouisfed.org/graph/fredgraph.csv?id=PNICKUSDM,2026-09-25T22:27:00Z,
fred:PNICKUSDM,price,1999-10-01T00:00:00Z,7317.619048,USD/t,P1M,,,,fred:PNICKUSDM,https://fred.stlouisfed.org/graph/fredgraph.csv?id=PNICKUSDM,2026-09-25T22:27:00Z,
fred:PNICKUSDM,price,1999-11-01T00:00:00Z,7946.818182,USD/t,P1M,,,,fred:PNICKUSDM,https://fred.stlouisfed.org/graph/fredgraph.csv?id=PNICKUSDM,2026-09-25T22:27:00Z,
fred:PNICKUSDM,price,1999-12-01T00:00:00Z,8073.235294,USD/t,P1M,,,,fred:PNICKUSDM,https://fred.stlouisfed.org/graph/fredgraph.csv?id=PNICKUSDM,2026-09-25T22:27:00Z,
fred:PNICKUSDM,price,2000-01-01T00:00:00Z,8315.25,USD/t,P1M,,,,fred:PNICKUSDM,https://fred.stlouisfed.org/graph/fredgraph.csv?id=PNICKUSDM,2026-09-25T22:27:00Z,
fred:PNICKUSDM,price,2000-02-01T00:00:00Z,9583.75,USD/t,P1M,,,,fred:PNICKUSDM,https://fred.stlouisfed.org/graph/fredgraph.csv?id=PNICKUSDM,2026-09-25T22:27:00Z,
fred:PNICKUSDM,price,2000-03-01T00:00:00Z,10255.4,USD/t,P1M,,,,fred:PNICKUSDM,https://fred.stlouisfed.org/graph/fredgraph.csv?id=PNICKUSDM,2026-09-25T22:27:00Z,
fred:PNICKUSDM,price,2000-04-01T00:00:00Z,9746.5,USD/t,P1M,,,,fred:PNICKUSDM,https://fred.stlouisfed.org/graph/fredgraph.csv?id=PNICKUSDM,2026-09-25T22:27:00Z,
fred:PNICKUSDM,price,2000-05-01T00:00:00Z,10122.913043,USD/t,P1M,,,,fred:PNICKUSDM,https://fred.stlouisfed.org/graph/fredgraph.csv?id=PNICKUSDM,2026-09-25T22:27:00Z,
fred:PNICKUSDM,price,2000-06-01T00:00:00Z,8384.318182,USD/t,P1M,,,,fred:PNICKUSDM,https://fred.stlouisfed.org/graph/fredgraph.csv?id=PNICKUSDM,2026-09-25T22:27:00Z,
fred:PNICKUSDM,price,2000-07-01T00:00:00Z,8174.809524,USD/t,P1M,,,,fred:PNICKUSDM,https://fred.stlouisfed.org/graph/fredgraph.csv?id=PNICKUSDM,2026-09-25T22:27:00Z,
fred:PNICKUSDM,price,2000-08-01T00:00:00Z,8038.434783,USD/t,P1M,,,,fred:PNICKUSDM,https://fred.stlouisfed.org/graph/fredgraph.csv?id=PNICKUSDM,2026-09-25T22:27:00Z,
fred:PNICKUSDM,price,2000-09-01T00:00:00Z,8624.809524,USD/t,P1M,,,,fred:PNICKUSDM,https://fred.stlouisfed.org/graph/fredgraph.csv?id=PNICKUSDM,2026-09-25T22:27:00Z,
fred:PNICKUSDM,price,2000-10-01T00:00:00Z,7650.636364,USD/t,P1M,,,,fred:PNICKUSDM,https://fred.stlouisfed.org/graph/fredgraph.csv?id=PNICKUSDM,2026-09-25T22:27:00Z,
fred:PNICKUSDM,price,2000-11-01T00:00:00Z,7350.590909,USD/t,P1M,,,,fred:PNICKUSDM,https://fred.stlouisfed.org/graph/fredgraph.csv?id=PNICKUSDM,2026-09-25T22:27:00Z,
fred:PNICKUSDM,price,2000-12-01T00:00:00Z,7318.8,USD/t,P1M,,,,fred:PNICKUSDM,https://fred.stlouisfed.org/graph/fredgraph.csv?id=PNICKUSDM,2026-09-25T22:27:00Z,
fred:PNICKUSDM,price,2001-01-01T00:00:00Z,6975.909091,USD/t,P1M,,,,fred:PNICKUSDM,https://fred.stlouisfed.org/graph/fredgraph.csv?id=PNICKUSDM,2026-09-25T22:27:00Z,
fred:PNICKUSDM,price,2001-02-01T00:00:00Z,6546.8,USD/t,P1M,,,,fred:PNICKUSDM,https://fred.stlouisfed.org/graph/fredgraph.csv?id=PNICKUSDM,2026-09-25T22:27:00Z,
fred:PNICKUSDM,price,2001-03-01T00:00:00Z,6165.181818,USD/t,P1M,,,,fred:PNICKUSDM,https://fred.stlouisfed.org/graph/fredgraph.csv?id=PNICKUSDM,2026-09-25T22:27:00Z,
fred:PNICKUSDM,price,2001-04-01T00:00:00Z,6363.111111,USD/t,P1M,,,,fred:PNICKUSDM,https://fred.stlouisfed.org/graph/fredgraph.csv?id=PNICKUSDM,2026-09-25T22:27:00Z,
fred:PNICKUSDM,price,2001-05-01T00:00:00Z,7086.47619,USD/t,P1M,,,,fred:PNICKUSDM,https://fred.stlouisfed.org/graph/fredgraph.csv?id=PNICKUSDM,2026-09-25T22:27:00Z,
fred:PNICKUSDM,price,2001-06-01T00:00:00Z,6674.333333,USD/t,P1M,,,,fred:PNICKUSDM,https://fred.stlouisfed.org/graph/fredgraph.csv?id=PNICKUSDM,2026-09-25T22:27:00Z,
fred:PNICKUSDM,price,2001-07-01T00:00:00Z,5962.545455,USD/t,P1M,,,,fred:PNICKUSDM,https://fred.stlouisfed.org/graph/fredgraph.csv?id=PNICKUSDM,2026-09-25T22:27:00Z,
fred:PNICKUSDM,price,2001-08-01T00:00:00Z,5525.636364,USD/t,P1M,,,,fred:PNICKUSDM,https://fred.stlouisfed.org/graph/fredgraph.csv?id=PNICKUSDM,2026-09-25T22:27:00Z,
fred:PNICKUSDM,price,2001-09-01T00:00:00Z,5057.65,USD/t,P1M,,,,fred:PNICKUSDM,https://fred.stlouisfed.org/graph/fredgraph.csv?id=PNICKUSDM,2026-09-25T22:27:00Z,
fred:PNICKUSDM,price,2001-10-01T00:00:00Z,4830.782609,USD/t,P1M,,,,fred:PNICKUSDM,https://fred.stlouisfed.org/graph/fredgraph.csv?id=PNICKUSDM,2026-09-25T22:27:00Z,
fred:PNICKUSDM,price,2001-11-01T00:00:00Z,5131.318182,USD/t,P1M,,,,fred:PNICKUSDM,https://fred.stlouisfed.org/graph/fredgraph.csv?id=PNICKUSDM,2026-09-25T22:27:00Z,
fred:PNICKUSDM,price,2001-12-01T00:00:00Z,5315.823529,USD/t,P1M,,,,fred:PNICKUSDM,https://fred.stlouisfed.org/graph/fredgraph.csv?id=PNICKUSDM,2026-09-25T22:27:00Z,
fred:PNICKUSDM,price,2002-01-01T00:00:00Z,6061.363636,USD/t,P1M,,,,fred:PNICKUSDM,https://fred.stlouisfed.org/graph/fredgraph.csv?id=PNICKUSDM,2026-09-25T22:27:00Z,
fred:PNICKUSDM,price,2002-02-01T00:00:00Z,6039.95,USD/t,P1M,,,,fred:PNICKUSDM,https://fred.stlouisfed.org/graph/fredgraph.csv?id=PNICKUSDM,2026-09-25T22:27:00Z,
fred:PNICKUSDM,price,2002-03-01T00:00:00Z,6543.2,USD/t,P1M,,,,fred:PNICKUSDM,https://fred.stlouisfed.org/graph/fredgraph.csv?id=PNICKUSDM,2026-09-25T22:27:00Z,
fred:PNICKUSDM,price,2002-04-01T00:00:00Z,6956.809524,USD/t,P1M,,,,fred:PNICKUSDM,https://fred.stlouisfed.org/graph/fredgraph.csv?id=PNICKUSDM,2026-09-25T22:27:00Z,
fred:PNICKUSDM,price,2002-05-01T00:00:00Z,6771.181818,USD/t,P1M,,,,fred:PNICKUSDM,https://fred.stlouisfed.org/graph/fredgraph.csv?id=PNICKUSDM,2026-09-25T22:27:00Z,
fred:PNICKUSDM,price,2002-06-01T00:00:00Z,7147.611111,USD/t,P1M,,,,fred:PNICKUSDM,https://fred.stlouisfed.org/graph/fredgraph.csv?id=PNICKUSDM,2026-09-25T22:27:00Z,
fred:PNICKUSDM,price,2002-07-01T00:00:00Z,7137.695652,USD/t,P1M,,,,fred:PNICKUSDM,https://fred.stlouisfed.org/graph/fredgraph.csv?id=PNICKUSDM,2026-09-25T22:27:00Z,
fred:PNICKUSDM,price,2002-08-01T00:00:00Z,6736.857143,USD/t,P1M,,,,fred:PNICKUSDM,https://fred.stlouisfed.org/graph/fredgraph.csv?id=PNICKUSDM,2026-09-25T22:27:00Z,
fred:PNICKUSDM,price,2002-09-01T00:00:00Z,6664.952381,USD/t,P1M,,,,fred:PNICKUSDM,https://fred.stlouisfed.org/graph/fredgraph.csv?id=PNICKUSDM,2026-09-25T22:27:00Z,
fred:PNICKUSDM,price,2002-10-01T00:00:00Z,6818.913043,USD/t,P1M,,,,fred:PNICKUSDM,https://fred.stlouisfed.org/graph/fredgraph.csv?id=PNICKUSDM,2026-09-25T22:27:00Z,
fred:PNICKUSDM,price,2002-11-01T00:00:00Z,7314.809524,USD/t,P1M,,,,fred:PNICKUSDM,https://fred.stlouisfed.org/graph/fredgraph.csv?id=PNICKUSDM,2026-09-25T22:27:00Z,
fred:PNICKUSDM,price,2002-12-01T00:00:00Z,7206.333333,USD/t,P1M,,,,fred:PNICKUSDM,https://fred.stlouisfed.org/graph/fredgraph.csv?id=PNICKUSDM,2026-09-25T22:27:00Z,
fred:PNICKUSDM,price,2003-01-01T00:00:00Z,8032.806818,USD/t,P1M,,,,fred:PNICKUSDM,https://fred.stlouisfed.org/graph/fredgraph.csv?id=PNICKUSDM,2026-09-25T22:27:00Z,
fred:PNICKUSDM,price,2003-02-01T00:00:00Z,8607.9,USD/t,P1M,,,,fred:PNICKUSDM,https://fred.stlouisfed.org/graph/fredgraph.csv?id=PNICKUSDM,2026-09-25T22:27:00Z,
fred:PNICKUSDM,price,2003-03-01T00:00:00Z,8339.619048,USD/t,P1M,,,,fred:PNICKUSDM,https://fred.stlouisfed.org/graph/fredgraph.csv?id=PNICKUSDM,2026-09-25T22:27:00Z,
fred:PNICKUSDM,price,2003-04-01T00:00:00Z,7930.525,USD/t,P1M,,,,fred:PNICKUSDM,https://fred.stlouisfed.org/graph/fredgraph.csv?id=PNICKUSDM,2026-09-25T22:27:00Z,
fred:PNICKUSDM,price,2003-05-01T00:00:00Z,8347.725,USD/t,P1M,,,,fred:PNICKUSDM,https://fred.stlouisfed.org/graph/fredgraph.csv?id=PNICKUSDM,2026-09-25T22:27:00Z,
fred:PNICKUSDM,price,2003-06-01T00:00:00Z,8839.02381,USD/t,P1M,,,,fred:PNICKUSDM,https://fred.stlouisfed.org/graph/fredgraph.csv?id=PNICKUSDM,2026-09-25T22:27:00Z,
fred:PNICKUSDM,price,2003-07-01T00:00:00Z,8831.7,USD/t,P1M,,,,fred:PNICKUSDM,https://fred.stlouisfed.org/graph/fredgraph.csv?id=PNICKUSDM,2026-09-25T22:27:00Z,
fred:PNICKUSDM,price,2003-08-01T00:00:00Z,9359.875,USD/t,P1M,,,,fred:PNICKUSDM,https://fred.stlouisfed.org/graph/fredgraph.csv?id=PNICKUSDM,2026-09-25T22:27:00Z,
fred:PNICKUSDM,price,2003-09-01T00:00:00Z,9995.772727,USD/t,P1M,,,,fred:PNICKUSDM,https://fred.stlouisfed.org/graph/fredgraph.csv?id=PNICKUSDM,2026-09-25T22:27:00Z,
fred:PNICKUSDM,price,2003-10-01T00:00:00Z,11040.282609,USD/t,P1M,,,,fred:PNICKUSDM,https://fred.stlouisfed.org/graph/fredgraph.csv?id=PNICKUSDM,2026-09-25T22:27:00Z,
fred:PNICKUSDM,price,2003-11-01T00:00:00Z,12052.375,USD/t,P1M,,,,fred:PNICKUSDM,https://fred.stlouisfed.org/graph/fredgraph.csv?id=PNICKUSDM,2026-09-25T22:27:00Z,
fred:PNICKUSDM,price,2003-12-01T00:00:00Z,14185.209524,USD/t,P1M,,,,fred:PNICKUSDM,https://fred.stlouisfed.org/graph/fredgraph.csv?id=PNICKUSDM,2026-09-25T22:27:00Z,
fred:PNICKUSDM,price,2004-01-01T00:00:00Z,15089.333333,USD/t,P1M,,,,fred:PNICKUSDM,https://fred.stlouisfed.org/graph/fredgraph.csv?id=PNICKUSDM,2026-09-25T22:27:00Z,
fred:PNICKUSDM,price,2004-02-01T00:00:00Z,15099.35,USD/t,P1M,,,,fred:PNICKUSDM,https://fred.stlouisfed.org/graph/fredgraph.csv?id=PNICKUSDM,2026-09-25T22:27:00Z,
fred:PNICKUSDM,price,2004-03-01T00:00:00Z,13786.543478,USD/t,P1M,,,,fred:PNICKUSDM,https://fred.stlouisfed.org/graph/fredgraph.csv?id=PNICKUSDM,2026-09-25T22:27:00Z,
fred:PNICKUSDM,price,2004-04-01T00:00:00Z,12725.9,USD/t,P1M,,,,fred:PNICKUSDM,https://fred.stlouisfed.org/graph/fredgraph.csv?id=PNICKUSDM,2026-09-25T22:27:00Z,
fred:PNICKUSDM,price,2004-05-01T00:00:00Z,11228.605263,USD/t,P1M,,,,fred:PNICKUSDM,https://fred.stlouisfed.org/graph/fredgraph.csv?id=PNICKUSDM,2026-09-25T22:27:00Z,
fred:PNICKUSDM,price,2004-06-01T00:00:00Z,13599.363636,USD/t,P1M,,,,fred:PNICKUSDM,https://fred.stlouisfed.org/graph/fredgraph.csv?id=PNICKUSDM,2026-09-25T22:27:00Z,
fred:PNICKUSDM,price,2004-07-01T00:00:00Z,15020.068182,USD/t,P1M,,,,fred:PNICKUSDM,https://fred.stlouisfed.org/graph/fredgraph.csv?id=PNICKUSDM,2026-09-25T22:27:00Z,
fred:PNICKUSDM,price,2004-08-01T00:00:00Z,13639.619048,USD/t,P1M,,,,fred:PNICKUSDM,https://fred.stlouisfed.org/graph/fredgraph.csv?id=PNICKUSDM,2026-09-25T22:27:00Z,
fred:PNICKUSDM,price,2004-09-01T00:00:00Z,13430.363636,USD/t,P1M,,,,fred:PNICKUSDM,https://fred.stlouisfed.org/graph/fredgraph.csv?id=PNICKUSDM,2026-09-25T22:27:00Z,
fred:PNICKUSDM,price,2004-10-01T00:00:00Z,14378.47619,USD/t,P1M,,,,fred:PNICKUSDM,https://fred.stlouisfed.org/graph/fredgraph.csv?id=PNICKUSDM,2026-09-25T22:27:00Z,
fred:PNICKUSDM,price,2004-11-01T00:00:00Z,14089.512273,USD/t,P1M,,,,fred:PNICKUSDM,https://fred.stlouisfed.org/graph/fredgraph.csv?id=PNICKUSDM,2026-09-25T22:27:00Z,
fred:PNICKUSDM,price,2004-12-01T00:00:00Z,13764.97619,USD/t,P1M,,,,fred:PNICKUSDM,https://fred.stlouisfed.org/graph/fredgraph.csv?id=PNICKUSDM,2026-09-25T22:27:00Z,
fred:PNICKUSDM,price,2005-01-01T00:00:00Z,14563.75,USD/t,P1M,,,,fred:PNICKUSDM,https://fred.stlouisfed.org/graph/fredgraph.csv?id=PNICKUSDM,2026-09-25T22:27:00Z,
fred:PNICKUSDM,price,2005-02-01T00:00:00Z,15415.6,USD/t,P1M,,,,fred:PNICKUSDM,https://fred.stlouisfed.org/graph/fredgraph.csv?id=PNICKUSDM,2026-09-25T22:27:00Z,
fred:PNICKUSDM,price,2005-03-01T00:00:00Z,16239.904762,USD/t,P1M,,,,fred:PNICKUSDM,https://fred.stlouisfed.org/graph/fredgraph.csv?id=PNICKUSDM,2026-09-25T22:27:00Z,
fred:PNICKUSDM,price,2005-04-01T00:00:00Z,16138.333333,USD/t,P1M,,,,fred:PNICKUSDM,https://fred.stlouisfed.org/graph/fredgraph.csv?id=PNICKUSDM,2026-09-25T22:27:00Z,
fred:PNICKUSDM,price,2005-05-01T00:00:00Z,17002.25,USD/t,P1M,,,,fred:PNICKUSDM,https://fred.stlouisfed.org/graph/fredgraph.csv?id=PNICKUSDM,2026-09-25T22:27:00Z,
fred:PNICKUSDM,price,2005-06-01T00:00:00Z,16113.181818,USD/t,P1M,,,,fred:PNICKUSDM,https://fred.stlouisfed.org/graph/fredgraph.csv?id=PNICKUSDM,2026-09-25T22:27:00Z,
fred:PNICKUSDM,price,2005-07-01T00:00:00Z,14587.595238,USD/t,P1M,,,,fred:PNICKUSDM,https://fred.stlouisfed.org/graph/fredgraph.csv?id=PNICKUSDM,2026-09-25T22:27:00Z,
fred:PNICKUSDM,price,2005-08-01T00:00:00Z,14962.0,USD/t,P1M,,,,fred:PNICKUSDM,https://fred.stlouisfed.org/graph/fredgraph.csv?id=PNICKUSDM,2026-09-25T22:27:00Z,
fred:PNICKUSDM,price,2005-09-01T00:00:00Z,14154.545455,USD/t,P1M,,,,fred:PNICKUSDM,https://fred.stlouisfed.org/graph/fredgraph.csv?id=PNICKUSDM,2026-09-25T22:27:00Z,
fred:PNICKUSDM,price,2005-10-01T00:00:00Z,12431.119048,USD/t,P1M,,,,fred:PNICKUSDM,https://fred.stlouisfed.org/graph/fredgraph.csv?id=PNICKUSDM,2026-09-25T22:27:00Z,
fred:PNICKUSDM,price,2005-11-01T00:00:00Z,12235.045455,USD/t,P1M,,,,fred:PNICKUSDM,https://fred.stlouisfed.org/graph/fredgraph.csv?id=PNICKUSDM,2026-09-25T22:27:00Z,
fred:PNICKUSDM,price,2005-12-01T00:00:00Z,13490.45,USD/t,P1M,,,,fred:PNICKUSDM,https://fred.stlouisfed.org/graph/fredgraph.csv?id=PNICKUSDM,2026-09-25T22:27:00Z,
fred:PNICKUSDM,price,2006-01-01T00:00:00Z,14660.809524,USD/t,P1M,,,,fred:PNICKUSDM,https://fred.stlouisfed.org/graph/fredgraph.csv?id=PNICKUSDM,2026-09-25T22:27:00Z,
fred:PNICKUSDM,price,2006-02-01T00:00:00Z,14974.5,USD/t,P1M,,,,fred:PNICKUSDM,https://fred.stlouisfed.org/graph/fredgraph.csv?id=PNICKUSDM,2026-09-25T22:27:00Z,
fred:PNICKUSDM,price,2006-03-01T00:00:00Z,14925.478261,USD/t,P1M,,,,fred:PNICKUSDM,https://fred.stlouisfed.org/graph/fredgraph.csv?id=PNICKUSDM,2026-09-25T22:27:00Z,
fred:PNICKUSDM,price,2006-04-01T00:00:00Z,18028.888889,USD/t,P1M,,,,fred:PNICKUSDM,https://fred.stlouisfed.org/graph/fredgraph.csv?id=PNICKUSDM,2026-09-25T22:27:00Z,
fred:PNICKUSDM,price,2006-05-01T00:00:00Z,21131.333333,USD/t,P1M,,,,fred:PNICKUSDM,https://fred.stlouisfed.org/graph/fredgraph.csv?id=PNICKUSDM,2026-09-25T22:27:00Z,
fred:PNICKUSDM,price,2006-06-01T00:00:00Z,20585.909091,USD/t,P1M,,,,fred:PNICKUSDM,https://fred.stlouisfed.org/graph/fredgraph.csv?id=PNICKUSDM,2026-09-25T22:27:00Z,
fred:PNICKUSDM,price,2006-07-01T00:00:00Z,26185.714286,USD/t,P1M,,,,fred:PNICKUSDM,https://fred.stlouisfed.org/graph/fredgraph.csv?id=PNICKUSDM,2026-09-25T22:27:00Z,
fred:PNICKUSDM,price,2006-08-01T00:00:00Z,30468.863636,USD/t,P1M,,,,fred:PNICKUSDM,https://fred.stlouisfed.org/graph/fredgraph.csv?id=PNICKUSDM,2026-09-25T22:27:00Z,
fred:PNICKUSDM,price,2006-09-01T00:00:00Z,29702.619048,USD/t,P1M,,,,fred:PNICKUSDM,https://fred.stlouisfed.org/graph/fredgraph.csv?id=PNICKUSDM,2026-09-25T22:27:00Z,
fred:PNICKUSDM,price,2006-10-01T00:00:00Z,32551.136364,USD/t,P1M,,,,fred:PNICKUSDM,https://fred.stlouisfed.org/graph/fredgraph.csv?id=PNICKUSDM,2026-09-25T22:27:00Z,
fred:PNICKUSDM,price,2006-11-01T00:00:00Z,31891.590909,USD/t,P1M,,,,fred:PNICKUSDM,https://fred.stlouisfed.org/graph/fredgraph.csv?id=PNICKUSDM,2026-09-25T22:27:00Z,
fred:PNICKUSDM,price,2006-12-01T00:00:00Z,34400.526316,USD/t,P1M,,,,fred:PNICKUSDM,https://fred.stlouisfed.org/graph/fredgraph.csv?id=PNICKUSDM,2026-09-25T22:27:00Z,
fred:PNICKUSDM,price,2007-01-01T00:00:00Z,36821.590909,USD/t,P1M,,,,fred:PNICKUSDM,https://fred.stlouisfed.org/graph/fredgraph.csv?id=PNICKUSDM,2026-09-25T22:27:00Z,
fred:PNICKUSDM,price,2007-02-01T00:00:00Z,41078.25,USD/t,P1M,,,,fred:PNICKUSDM,https://fred.stlouisfed.org/graph/fredgraph.csv?id=PNICKUSDM,2026-09-25T22:27:00Z,
fred:PNICKUSDM,price,2007-03-01T00:00:00Z,46125.227273,USD/t,P1M,,,,fred:PNICKUSDM,https://fred.stlouisfed.org/graph/fredgraph.csv?id=PNICKUSDM,2026-09-25T22:27:00Z,
fred:PNICKUSDM,price,2007-04-01T00:00:00Z,49956.578947,USD/t,P1M,,,,fred:PNICKUSDM,https://fred.stlouisfed.org/graph/fredgraph.csv?id=PNICKUSDM,2026-09-25T22:27:00Z,
fred:PNICKUSDM,price,2007-05-01T00:00:00Z,51783.333333,USD/t,P1M,,,,fred:PNICKUSDM,https://fred.stlouisfed.org/graph/fredgraph.csv?id=PNICKUSDM,2026-09-25T22:27:00Z,
fred:PNICKUSDM,price,2007-06-01T00:00:00Z,41551.666667,USD/t,P1M,,,,fred:PNICKUSDM,https://fred.stlouisfed.org/graph/fredgraph.csv?id=PNICKUSDM,2026-09-25T22:27:00Z,
fred:PNICKUSDM,price,2007-07-01T00:00:00Z,33400.227273,USD/t,P1M,,,,fred:PNICKUSDM,https://fred.stlouisfed.org/graph/fredgraph.csv?id=PNICKUSDM,2026-09-25T22:27:00Z,
fred:PNICKUSDM,price,2007-08-01T00:00:00Z,27649.636364,USD/t,P1M,,,,fred:PNICKUSDM,https://fred.stlouisfed.org/graph/fredgraph.csv?id=PNICKUSDM,2026-09-25T22:27:00Z,
fred:PNICKUSDM,price,2007-09-01T00:00:00Z,29548.4,USD/t,P1M,,,,fred:PNICKUSDM,https://fred.stlouisfed.org/graph/fredgraph.csv?id=PNICKUSDM,2026-09-25T22:27:00Z,
fred:PNICKUSDM,price,2007-10-01T00:00:00Z,31156.0,USD/t,P1M,,,,fred:PNICKUSDM,https://fred.stlouisfed.org/graph/fredgraph.csv?id=PNICKUSDM,2026-09-25T22:27:00Z,
fred:PNICKUSDM,price,2007-11-01T00:00:00Z,30505.636364,USD/t,P1M,,,,fred:PNICKUSDM,https://fred.stlouisfed.org/graph/fredgraph.csv?id=PNICKUSDM,2026-09-25T22:27:00Z,
fred:PNICKUSDM,price,2007-12-01T00:00:00Z,26053.555556,USD/t,P1M,,,,fred:PNICKUSDM,https://fred.stlouisfed.org/graph/fredgraph.csv?id=PNICKUSDM,2026-09-25T22:27:00Z,
fred:PNICKUSDM,price,2008-01-01T00:00:00Z,27774.772727,USD/t,P1M,,,,fred:PNICKUSDM,https://fred.stlouisfed.org/graph/fredgraph.csv?id=PNICKUSDM,2026-09-25T22:27:00Z,
fred:PNICKUSDM,price,2008-02-01T00:00:00Z,28064.952381,USD/t,P1M,,,,fred:PNICKUSDM,https://fred.stlouisfed.org/graph/fredgraph.csv?id=PNICKUSDM,2026-09-25T22:27:00Z,
fred:PNICKUSDM,price,2008-03-01T00:00:00Z,31093.052632,USD/t,P1M,,,,fred:PNICKUSDM,https://fred.stlouisfed.org/graph/fredgraph.csv?id=PNICKUSDM,2026-09-25T22:27:00Z,
fred:PNICKUSDM,price,2008-04-01T00:00:00Z,28776.818182,USD/t,P1M,,,,fred:PNICKUSDM,https://fred.stlouisfed.org/graph/fredgraph.csv?id=PNICKUSDM,2026-09-25T22:27:00Z,
fred:PNICKUSDM,price,2008-05-01T00:00:00Z,25656.5,USD/t,P1M,,,,fred:PNICKUSDM,https://fred.stlouisfed.org/graph/fredgraph.csv?id=PNICKUSDM,2026-09-25T22:27:00Z,
fred:PNICKUSDM,price,2008-06-01T00:00:00Z,22562.571429,USD/t,P1M,,,,fred:PNICKUSDM,https://fred.stlouisfed.org/graph/fredgraph.csv?id=PNICKUSDM,2026-09-25T22:27:00Z,
fred:PNICKUSDM,price,2008-07-01T00:00:00Z,20106.956522,USD/t,P1M,,,,fred:PNICKUSDM,https://fred.stlouisfed.org/graph/fredgraph.csv?id=PNICKUSDM,2026-09-25T22:27:00Z,
fred:PNICKUSDM,price,2008-08-01T00:00:00Z,19111.8,USD/t,P1M,,,,fred:PNICKUSDM,https://fred.stlouisfed.org/graph/fredgraph.csv?id=PNICKUSDM,2026-09-25T22:27:00Z,
fred:PNICKUSDM,price,2008-09-01T00:00:00Z,17781.863636,USD/t,P1M,,,,fred:PNICKUSDM,https://fred.stlouisfed.org/graph/fredgraph.csv?id=PNICKUSDM,2026-09-25T22:27:00Z,
fred:PNICKUSDM,price,2008-10-01T00:00:00Z,12144.869565,USD/t,P1M,,,,fred:PNICKUSDM,https://fred.stlouisfed.org/graph/fredgraph.csv?id=PNICKUSDM,2026-09-25T22:27:00Z,
fred:PNICKUSDM,price,2008-11-01T00:00:00Z,10776.5,USD/t,P1M,,,,fred:PNICKUSDM,https://fred.stlouisfed.org/graph/fredgraph.csv?id=PNICKUSDM,2026-09-25T22:27:00Z,
fred:PNICKUSDM,price,2008-12-01T00:00:00Z,9846.928571,USD/t,P1M,,,,fred:PNICKUSDM,https://fred.stlouisfed.org/graph/fredgraph.csv?id=PNICKUSDM,2026-09-25T22:27:00Z,
fred:PNICKUSDM,price,2009-01-01T00:00:00Z,11562.952381,USD/t,P1M,,,,fred:PNICKUSDM,https://fred.stlouisfed.org/graph/fredgraph.csv?id=PNICKUSDM,2026-09-25T22:27:00Z,
fred:PNICKUSDM,price,2009-02-01T00:00:00Z,10410.75,USD/t,P1M,,,,fred:PNICKUSDM,https://fred.stlouisfed.org/graph/fredgraph.csv?id=PNICKUSDM,2026-09-25T22:27:00Z,
fred:PNICKUSDM,price,2009-03-01T00:00:00Z,9710.727273,USD/t,P1M,,,,fred:PNICKUSDM,https://fred.stlouisfed.org/graph/fredgraph.csv?id=PNICKUSDM,2026-09-25T22:27:00Z,
fred:PNICKUSDM,price,2009-04-01T00:00:00Z,11331.6,USD/t,P1M,,,,fred:PNICKUSDM,https://fred.stlouisfed.org/graph/fredgraph.csv?id=PNICKUSDM,2026-09-25T22:27:00Z,
fred:PNICKUSDM,price,2009-05-01T00:00:00Z,12720.078947,USD/t,P1M,,,,fred:PNICKUSDM,https://fred.stlouisfed.org/graph/fredgraph.csv?id=PNICKUSDM,2026-09-25T22:27:00Z,
fred:PNICKUSDM,price,2009-06-01T00:00:00Z,14944.363636,USD/t,P1M,,,,fred:PNICKUSDM,https://fred.stlouisfed.org/graph/fredgraph.csv?id=PNICKUSDM,2026-09-25T22:27:00Z,
fred:PNICKUSDM,price,2009-07-01T00:00:00Z,16017.391304,USD/t,P1M,,,,fred:PNICKUSDM,https://fred.stlouisfed.org/graph/fredgraph.csv?id=PNICKUSDM,2026-09-25T22:27:00Z,
fred:PNICKUSDM,price,2009-08-01T00:00:00Z,19375.925,USD/t,P1M,,,,fred:PNICKUSDM,https://fred.stlouisfed.org/graph/fredgraph.csv?id=PNICKUSDM,2026-09-25T22:27:00Z,
fred:PNICKUSDM,price,2009-09-01T00:00:00Z,17404.636364,USD/t,P1M,,,,fred:PNICKUSDM,https://fred.stlouisfed.org/graph/fredgraph.csv?id=PNICKUSDM,2026-09-25T22:27:00Z,
fred:PNICKUSDM,price,2009-10-01T00:00:00Z,18489.477273,USD/t,P1M,,,,fred:PNICKUSDM,https://fred.stlouisfed.org/graph/fredgraph.csv?id=PNICKUSDM,2026-09-25T22:27:00Z,
fred:PNICKUSDM,price,2009-11-01T00:00:00Z,16911.333333,USD/t,P1M,,,,fred:PNICKUSDM,https://fred.stlouisfed.org/graph/fredgraph.csv?id=PNICKUSDM,2026-09-25T22:27:00Z,
fred:PNICKUSDM,price,2009-12-01T00:00:00Z,17121.619048,USD/t,P1M,,,,fred:PNICKUSDM,https://fred.stlouisfed.org/graph/fredgraph.csv?id=PNICKUSDM,2026-09-25T22:27:00Z,
fred:PNICKUSDM,price,2010-01-01T00:00:00Z,18405.55,USD/t,P1M,,,,fred:PNICKUSDM,https://fred.stlouisfed.org/graph/fredgraph.csv?id=PNICKUSDM,2026-09-25T22:27:00Z,
fred:PNICKUSDM,price,2010-02-01T00:00:00Z,19060.55,USD/t,P1M,,,,fred:PNICKUSDM,https://fred.stlouisfed.org/graph/fredgraph.csv?id=PNICKUSDM,2026-09-25T22:27:00Z,
fred:PNICKUSDM,price,2010-03-01T00:00:00Z,22467.173913,USD/t,P1M,,,,fred:PNICKUSDM,https://fred.stlouisfed.org/graph/fredgraph.csv?id=PNICKUSDM,2026-09-25T22:27:00Z,
fred:PNICKUSDM,price,2010-04-01T00:00:00Z,26028.5,USD/t,P1M,,,,fred:PNICKUSDM,https://fred.stlouisfed.org/graph/fredgraph.csv?id=PNICKUSDM,2026-09-25T22:27:00Z,
fred:PNICKUSDM,price,2010-05-01T00:00:00Z,21930.0,USD/t,P1M,,,,fred:PNICKUSDM,https://fred.stlouisfed.org/graph/fredgraph.csv?id=PNICKUSDM,2026-09-25T22:27:00Z,
fred:PNICKUSDM,price,2010-06-01T00:00:00Z,19411.295455,USD/t,P1M,,,,fred:PNICKUSDM,https://fred.stlouisfed.org/graph/fredgraph.csv?id=PNICKUSDM,2026-09-25T22:27:00Z,
fred:PNICKUSDM,price,2010-07-01T00:00:00Z,19548.522727,USD/t,P1M,,,,fred:PNICKUSDM,https://fred.stlouisfed.org/graph/fredgraph.csv?id=PNICKUSDM,2026-09-25T22:27:00Z,
fred:PNICKUSDM,price,2010-08-01T00:00:00Z,21448.785714,USD/t,P1M,,,,fred:PNICKUSDM,https://fred.stlouisfed.org/graph/fredgraph.csv?id=PNICKUSDM,2026-09-25T22:27:00Z,
fred:PNICKUSDM,price,2010-09-01T00:00:00Z,22690.136364,USD/t,P1M,,,,fred:PNICKUSDM,https://fred.stlouisfed.org/graph/fredgraph.csv?id=PNICKUSDM,2026-09-25T22:27:00Z,
fred:PNICKUSDM,price,2010-10-01T00:00:00Z,23793.678571,USD/t,P1M,,,,fred:PNICKUSDM,https://fred.stlouisfed.org/graph/fredgraph.csv?id=PNICKUSDM,2026-09-25T22:27:00Z,
fred:PNICKUSDM,price,2010-11-01T00:00:00Z,22836.227273,USD/t,P1M,,,,fred:PNICKUSDM,https://fred.stlouisfed.org/graph/fredgraph.csv?id=PNICKUSDM,2026-09-25T22:27:00Z,
fred:PNICKUSDM,price,2010-12-01T00:00:00Z,24099.571429,USD/t,P1M,,,,fred:PNICKUSDM,https://fred.stlouisfed.org/graph/fredgraph.csv?id=PNICKUSDM,2026-09-25T22:27:00Z,
fred:PNICKUSDM,price,2011-01-01T00:00:00Z,25621.225,USD/t,P1M,,,,fred:PNICKUSDM,https://fred.stlouisfed.org/graph/fredgraph.csv?id=PNICKUSDM,2026-09-25T22:27:00Z,
fred:PNICKUSDM,price,2011-02-01T00:00:00Z,28412.175,USD/t,P1M,,,,fred:PNICKUSDM,https://fred.stlouisfed.org/graph/fredgraph.csv?id=PNICKUSDM,2026-09-25T22:27:00Z,
fred:PNICKUSDM,price,2011-03-01T00:00:00Z,26710.347826,USD/t,P1M,,,,fred:PNICKUSDM,https://fred.stlouisfed.org/graph/fredgraph.csv?id=PNICKUSDM,2026-09-25T22:27:00Z,
fred:PNICKUSDM,price,2011-04-01T00:00:00Z,26332.166667,USD/t,P1M,,,,fred:PNICKUSDM,https://fred.stlouisfed.org/graph/fredgraph.csv?id=PNICKUSDM,2026-09-25T22:27:00Z,
fred:PNICKUSDM,price,2011-05-01T00:00:00Z,24164.55,USD/t,P1M,,,,fred:PNICKUSDM,https://fred.stlouisfed.org/graph/fredgraph.csv?id=PNICKUSDM,2026-09-25T22:27:00Z,
fred:PNICKUSDM,price,2011-06-01T00:00:00Z,22420.931818,USD/t,P1M,,,,fred:PNICKUSDM,https://fred.stlouisfed.org/graph/fredgraph.csv?id=PNICKUSDM,2026-09-25T22:27:00Z,
fred:PNICKUSDM,price,2011-07-01T00:00:00Z,23847.952381,USD/t,P1M,,,,fred:PNICKUSDM,https://fred.stlouisfed.org/graph/fredgraph.csv?id=PNICKUSDM,2026-09-25T22:27:00Z,
fred:PNICKUSDM,price,2011-08-01T00:00:00Z,21864.681818,USD/t,P1M,,,,fred:PNICKUSDM,https://fred.stlouisfed.org/graph/fredgraph.csv?id=PNICKUSDM,2026-09-25T22:27:00Z,
fred:PNICKUSDM,price,2011-09-01T00:00:00Z,20377.590909,USD/t,P1M,,,,fred:PNICKUSDM,https://fred.stlouisfed.org/graph/fredgraph.csv?id=PNICKUSDM,2026-09-25T22:27:00Z,
fred:PNICKUSDM,price,2011-10-01T00:00:00Z,19039.047619,USD/t,P1M,,,,fred:PNICKUSDM,https://fred.stlouisfed.org/graph/fredgraph.csv?id=PNICKUSDM,2026-09-25T22:27:00Z,
fred:PNICKUSDM,price,2011-11-01T00:00:00Z,17873.0,USD/t,P1M,,,,fred:PNICKUSDM,https://fred.stlouisfed.org/graph/fredgraph.csv?id=PNICKUSDM,2026-09-25T22:27:00Z,
fred:PNICKUSDM,price,2011-12-01T00:00:00Z,18246.0375,USD/t,P1M,,,,fred:PNICKUSDM,https://fred.stlouisfed.org/graph/fredgraph.csv?id=PNICKUSDM,2026-09-25T22:27:00Z,
fred:PNICKUSDM,price,2012-01-01T00:00:00Z,19908.619048,USD/t,P1M,,,,fred:PNICKUSDM,https://fred.stlouisfed.org/graph/fredgraph.csv?id=PNICKUSDM,2026-09-25T22:27:00Z,
fred:PNICKUSDM,price,2012-02-01T00:00:00Z,20393.666667,USD/t,P1M,,,,fred:PNICKUSDM,https://fred.stlouisfed.org/graph/fredgraph.csv?id=PNICKUSDM,2026-09-25T22:27:00Z,
fred:PNICKUSDM,price,2012-03-01T00:00:00Z,18660.806818,USD/t,P1M,,,,fred:PNICKUSDM,https://fred.stlouisfed.org/graph/fredgraph.csv?id=PNICKUSDM,2026-09-25T22:27:00Z,
fred:PNICKUSDM,price,2012-04-01T00:00:00Z,17892.815789,USD/t,P1M,,,,fred:PNICKUSDM,https://fred.stlouisfed.org/graph/fredgraph.csv?id=PNICKUSDM,2026-09-25T22:27:00Z,
fred:PNICKUSDM,price,2012-05-01T00:00:00Z,16968.318182,USD/t,P1M,,,,fred:PNICKUSDM,https://fred.stlouisfed.org/graph/fredgraph.csv?id=PNICKUSDM,2026-09-25T22:27:00Z,
fred:PNICKUSDM,price,2012-06-01T00:00:00Z,16603.684211,USD/t,P1M,,,,fred:PNICKUSDM,https://fred.stlouisfed.org/graph/fredgraph.csv?id=PNICKUSDM,2026-09-25T22:27:00Z,
fred:PNICKUSDM,price,2012-07-01T00:00:00Z,16128.409091,USD/t,P1M,,,,fred:PNICKUSDM,https://fred.stlouisfed.org/graph/fredgraph.csv?id=PNICKUSDM,2026-09-25T22:27:00Z,
fred:PNICKUSDM,price,2012-08-01T00:00:00Z,15703.988636,USD/t,P1M,,,,fred:PNICKUSDM,https://fred.stlouisfed.org/graph/fredgraph.csv?id=PNICKUSDM,2026-09-25T22:27:00Z,
fred:PNICKUSDM,price,2012-09-01T00:00:00Z,17287.9625,USD/t,P1M,,,,fred:PNICKUSDM,https://fred.stlouisfed.org/graph/fredgraph.csv?id=PNICKUSDM,2026-09-25T22:27:00Z,
fred:PNICKUSDM,price,2012-10-01T00:00:00Z,17168.73913,USD/t,P1M,,,,fred:PNICKUSDM,https://fred.stlouisfed.org/graph/fredgraph.csv?id=PNICKUSDM,2026-09-25T22:27:00Z,
fred:PNICKUSDM,price,2012-11-01T00:00:00Z,16335.363636,USD/t,P1M,,,,fred:PNICKUSDM,https://fred.stlouisfed.org/graph/fredgraph.csv?id=PNICKUSDM,2026-09-25T22:27:00Z,
fred:PNICKUSDM,price,2012-12-01T00:00:00Z,17448.5,USD/t,P1M,,,,fred:PNICKUSDM,https://fred.stlouisfed.org/graph/fredgraph.csv?id=PNICKUSDM,2026-09-25T22:27:00Z,
fred:PNICKUSDM,price,2013-01-01T00:00:00Z,17494.068182,USD/t,P1M,,,,fred:PNICKUSDM,https://fred.stlouisfed.org/graph/fredgraph.csv?id=PNICKUSDM,2026-09-25T22:27:00Z,
fred:PNICKUSDM,price,2013-02-01T00:00:00Z,17690.1,USD/t,P1M,,,,fred:PNICKUSDM,https://fred.stlouisfed.org/graph/fredgraph.csv?id=PNICKUSDM,2026-09-25T22:27:00Z,
fred:PNICKUSDM,price,2013-03-01T00:00:00Z,16731.7,USD/t,P1M,,,,fred:PNICKUSDM,https://fred.stlouisfed.org/graph/fredgraph.csv?id=PNICKUSDM,2026-09-25T22:27:00Z,
fred:PNICKUSDM,price,2013-04-01T00:00:00Z,15629.309524,USD/t,P1M,,,,fred:PNICKUSDM,https://fred.stlouisfed.org/graph/fredgraph.csv?id=PNICKUSDM,2026-09-25T22:27:00Z,
fred:PNICKUSDM,price,2013-05-01T00:00:00Z,14948.22619,USD/t,P1M,,,,fred:PNICKUSDM,https://fred.stlouisfed.org/graph/fredgraph.csv?id=PNICKUSDM,2026-09-25T22:27:00Z,
fred:PNICKUSDM,price,2013-06-01T00:00:00Z,14280.275,USD/t,P1M,,,,fred:PNICKUSDM,https://fred.stlouisfed.org/graph/fredgraph.csv?id=PNICKUSDM,2026-09-25T22:27:00Z,
fred:PNICKUSDM,price,2013-07-01T00:00:00Z,13750.315217,USD/t,P1M,,,,fred:PNICKUSDM,https://fred.stlouisfed.org/graph/fredgraph.csv?id=PNICKUSDM,2026-09-25T22:27:00Z,
fred:PNICKUSDM,price,2013-08-01T00:00:00Z,14308.261905,USD/t,P1M,,,,fred:PNICKUSDM,https://fred.stlouisfed.org/graph/fredgraph.csv?id=PNICKUSDM,2026-09-25T22:27:00Z,
fred:PNICKUSDM,price,2013-09-01T00:00:00Z,13801.392857,USD/t,P1M,,,,fred:PNICKUSDM,https://fred.stlouisfed.org/graph/fredgraph.csv?id=PNICKUSDM,2026-09-25T22:27:00Z,
fred:PNICKUSDM,price,2013-10-01T00:00:00Z,14117.652174,USD/t,P1M,,,,fred:PNICKUSDM,https://fred.stlouisfed.org/graph/fredgraph.csv?id=PNICKUSDM,2026-09-25T22:27:00Z,
fred:PNICKUSDM,price,2013-11-01T00:00:00Z,13684.011905,USD/t,P1M,,,,fred:PNICKUSDM,https://fred.stlouisfed.org/graph/fredgraph.csv?id=PNICKUSDM,2026-09-25T22:27:00Z,
fred:PNICKUSDM,price,2013-12-01T00:00:00Z,13924.55,USD/t,P1M,,,,fred:PNICKUSDM,https://fred.stlouisfed.org/graph/fredgraph.csv?id=PNICKUSDM,2026-09-25T22:27:00Z,
fred:PNICKUSDM,price,2014-01-01T00:00:00Z,14101.25,USD/t,P1M,,,,fred:PNICKUSDM,https://fred.stlouisfed.org/graph/fredgraph.csv?id=PNICKUSDM,2026-09-25T22:27:00Z,
fred:PNICKUSDM,price,2014-02-01T00:00:00Z,14203.55,USD/t,P1M,,,,fred:PNICKUSDM,https://fred.stlouisfed.org/graph/fredgraph.csv?id=PNICKUSDM,2026-09-25T22:27:00Z,
fred:PNICKUSDM,price,2014-03-01T00:00:00Z,15678.095238,USD/t,P1M,,,,fred:PNICKUSDM,https://fred.stlouisfed.org/graph/fredgraph.csv?id=PNICKUSDM,2026-09-25T22:27:00Z,
fred:PNICKUSDM,price,2014-04-01T00:00:00Z,17373.6,USD/t,P1M,,,,fred:PNICKUSDM,https://fred.stlouisfed.org/graph/fredgraph.csv?id=PNICKUSDM,2026-09-25T22:27:00Z,
fred:PNICKUSDM,price,2014-05-01T00:00:00Z,19401.075,USD/t,P1M,,,,fred:PNICKUSDM,https://fred.stlouisfed.org/graph/fredgraph.csv?id=PNICKUSDM,2026-09-25T22:27:00Z,
fred:PNICKUSDM,price,2014-06-01T00:00:00Z,18628.809524,USD/t,P1M,,,,fred:PNICKUSDM,https://fred.stlouisfed.org/graph/fredgraph.csv?id=PNICKUSDM,2026-09-25T22:27:00Z,
fred:PNICKUSDM,price,2014-07-01T00:00:00Z,19117.652174,USD/t,P1M,,,,fred:PNICKUSDM,https://fred.stlouisfed.org/graph/fredgraph.csv?id=PNICKUSDM,2026-09-25T22:27:00Z,
fred:PNICKUSDM,price,2014-08-01T00:00:00Z,18600.2,USD/t,P1M,,,,fred:PNICKUSDM,https://fred.stlouisfed.org/graph/fredgraph.csv?id=PNICKUSDM,2026-09-25T22:27:00Z,
fred:PNICKUSDM,price,2014-09-01T00:00:00Z,18034.795455,USD/t,P1M,,,,fred:PNICKUSDM,https://fred.stlouisfed.org/graph/fredgraph.csv?id=PNICKUSDM,2026-09-25T22:27:00Z,
fred:PNICKUSDM,price,2014-10-01T00:00:00Z,15812.369565,USD/t,P1M,,,,fred:PNICKUSDM,https://fred.stlouisfed.org/graph/fredgraph.csv?id=PNICKUSDM,2026-09-25T22:27:00Z,
fred:PNICKUSDM,price,2014-11-01T00:00:00Z,15807.05,USD/t,P1M,,,,fred:PNICKUSDM,https://fred.stlouisfed.org/graph/fredgraph.csv?id=PNICKUSDM,2026-09-25T22:27:00Z,
fred:PNICKUSDM,price,2014-12-01T00:00:00Z,15962.047619,USD/t,P1M,,,,fred:PNICKUSDM,https://fred.stlouisfed.org/graph/fredgraph.csv?id=PNICKUSDM,2026-09-25T22:27:00Z,
fred:PNICKUSDM,price,2015-01-01T00:00:00Z,14849.190476,USD/t,P1M,,,,fred:PNICKUSDM,https://fred.stlouisfed.org/graph/fredgraph.csv?id=PNICKUSDM,2026-09-25T22:27:00Z,
fred:PNICKUSDM,price,2015-02-01T00:00:00Z,14573.8375,USD/t,P1M,,,,fred:PNICKUSDM,https://fred.stlouisfed.org/graph/fredgraph.csv?id=PNICKUSDM,2026-09-25T22:27:00Z,
fred:PNICKUSDM,price,2015-03-01T00:00:00Z,13755.5,USD/t,P1M,,,,fred:PNICKUSDM,https://fred.stlouisfed.org/graph/fredgraph.csv?id=PNICKUSDM,2026-09-25T22:27:00Z,
fred:PNICKUSDM,price,2015-04-01T00:00:00Z,12830.925,USD/t,P1M,,,,fred:PNICKUSDM,https://fred.stlouisfed.org/graph/fredgraph.csv?id=PNICKUSDM,2026-09-25T22:27:00Z,
fred:PNICKUSDM,price,2015-05-01T00:00:00Z,13511.342105,USD/t,P1M,,,,fred:PNICKUSDM,https://fred.stlouisfed.org/graph/fredgraph.csv?id=PNICKUSDM,2026-09-25T22:27:00Z,
fred:PNICKUSDM,price,2015-06-01T00:00:00Z,12825.227273,USD/t,P1M,,,,fred:PNICKUSDM,https://fred.stlouisfed.org/graph/fredgraph.csv?id=PNICKUSDM,2026-09-25T22:27:00Z,
fred:PNICKUSDM,price,2015-07-01T00:00:00Z,11413.097826,USD/t,P1M,,,,fred:PNICKUSDM,https://fred.stlouisfed.org/graph/fredgraph.csv?id=PNICKUSDM,2026-09-25T22:27:00Z,
fred:PNICKUSDM,price,2015-08-01T00:00:00Z,10386.0,USD/t,P1M,,,,fred:PNICKUSDM,https://fred.stlouisfed.org/graph/fredgraph.csv?id=PNICKUSDM,2026-09-25T22:27:00Z,
fred:PNICKUSDM,price,2015-09-01T00:00:00Z,9937.545455,USD/t,P1M,,,,fred:PNICKUSDM,https://fred.stlouisfed.org/graph/fredgraph.csv?id=PNICKUSDM,2026-09-25T22:27:00Z,
fred:PNICKUSDM,price,2015-10-01T00:00:00Z,10316.829545,USD/t,P1M,,,,fred:PNICKUSDM,https://fred.stlouisfed.org/graph/fredgraph.csv?id=PNICKUSDM,2026-09-25T22:27:00Z,
fred:PNICKUSDM,price,2015-11-01T00:00:00Z,9244.333333,USD/t,P1M,,,,fred:PNICKUSDM,https://fred.stlouisfed.org/graph/fredgraph.csv?id=PNICKUSDM,2026-09-25T22:27:00Z,
fred:PNICKUSDM,price,2015-12-01T00:00:00Z,8707.785714,USD/t,P1M,,,,fred:PNICKUSDM,https://fred.stlouisfed.org/graph/fredgraph.csv?id=PNICKUSDM,2026-09-25T22:27:00Z,
fred:PNICKUSDM,price,2016-01-01T00:00:00Z,8507.2875,USD/t,P1M,,,,fred:PNICKUSDM,https://fred.stlouisfed.org/graph/fredgraph.csv?id=PNICKUSDM,2026-09-25T22:27:00Z,
fred:PNICKUSDM,price,2016-02-01T00:00:00Z,8298.5,USD/t,P1M,,,,fred:PNICKUSDM,https://fred.stlouisfed.org/graph/fredgraph.csv?id=PNICKUSDM,2026-09-25T22:27:00Z,
fred:PNICKUSDM,price,2016-03-01T00:00:00Z,8717.25,USD/t,P1M,,,,fred:PNICKUSDM,https://fred.stlouisfed.org/graph/fredgraph.csv?id=PNICKUSDM,2026-09-25T22:27:00Z,
fred:PNICKUSDM,price,2016-04-01T00:00:00Z,8878.857143,USD/t,P1M,,,,fred:PNICKUSDM,https://fred.stlouisfed.org/graph/fredgraph.csv?id=PNICKUSDM,2026-09-25T22:27:00Z,
fred:PNICKUSDM,price,2016-05-01T00:00:00Z,8660.35,USD/t,P1M,,,,fred:PNICKUSDM,https://fred.stlouisfed.org/graph/fredgraph.csv?id=PNICKUSDM,2026-09-25T22:27:00Z,
fred:PNICKUSDM,price,2016-06-01T00:00:00Z,8928.352273,USD/t,P1M,,,,fred:PNICKUSDM,https://fred.stlouisfed.org/graph/fredgraph.csv?id=PNICKUSDM,2026-09-25T22:27:00Z,
fred:PNICKUSDM,price,2016-07-01T00:00:00Z,10262.857143,USD/t,P1M,,,,fred:PNICKUSDM,https://fred.stlouisfed.org/graph/fredgraph.csv?id=PNICKUSDM,2026-09-25T22:27:00Z,
fred:PNICKUSDM,price,2016-08-01T00:00:00Z,10335.988636,USD/t,P1M,,,,fred:PNICKUSDM,https://fred.stlouisfed.org/graph/fredgraph.csv?id=PNICKUSDM,2026-09-25T22:27:00Z,
fred:PNICKUSDM,price,2016-09-01T00:00:00Z,10191.784091,USD/t,P1M,,,,fred:PNICKUSDM,https://fred.stlouisfed.org/graph/fredgraph.csv?id=PNICKUSDM,2026-09-25T22:27:00Z,
fred:PNICKUSDM,price,2016-10-01T00:00:00Z,10259.738095,USD/t,P1M,,,,fred:PNICKUSDM,https://fred.stlouisfed.org/graph/fredgraph.csv?id=PNICKUSDM,2026-09-25T22:27:00Z,
fred:PNICKUSDM,price,2016-11-01T00:00:00Z,11128.909091,USD/t,P1M,,,,fred:PNICKUSDM,https://fred.stlouisfed.org/graph/fredgraph.csv?id=PNICKUSDM,2026-09-25T22:27:00Z,
fred:PNICKUSDM,price,2016-12-01T00:00:00Z,10972.275,USD/t,P1M,,,,fred:PNICKUSDM,https://fred.stlouisfed.org/graph/fredgraph.csv?id=PNICKUSDM,2026-09-25T22:27:00Z,
fred:PNICKUSDM,price,2017-01-01T00:00:00Z,9971.464286,USD/t,P1M,,,,fred:PNICKUSDM,https://fred.stlouisfed.org/graph/fredgraph.csv?id=PNICKUSDM,2026-09-25T22:27:00Z,
fred:PNICKUSDM,price,2017-02-01T00:00:00Z,10643.3,USD/t,P1M,,,,fred:PNICKUSDM,https://fred.stlouisfed.org/graph/fredgraph.csv?id=PNICKUSDM,2026-09-25T22:27:00Z,
fred:PNICKUSDM,price,2017-03-01T00:00:00Z,10204.663043,USD/t,P1M,,,,fred:PNICKUSDM,https://fred.stlouisfed.org/graph/fredgraph.csv?id=PNICKUSDM,2026-09-25T22:27:00Z,
fred:PNICKUSDM,price,2017-04-01T00:00:00Z,9609.277778,USD/t,P1M,,,,fred:PNICKUSDM,https://fred.stlouisfed.org/graph/fredgraph.csv?id=PNICKUSDM,2026-09-25T22:27:00Z,
fred:PNICKUSDM,price,2017-05-01T00:00:00Z,9155.119048,USD/t,P1M,,,,fred:PNICKUSDM,https://fred.stlouisfed.org/graph/fredgraph.csv?id=PNICKUSDM,2026-09-25T22:27:00Z,
fred:PNICKUSDM,price,2017-06-01T00:00:00Z,8931.761364,USD/t,P1M,,,,fred:PNICKUSDM,https://fred.stlouisfed.org/graph/fredgraph.csv?id=PNICKUSDM,2026-09-25T22:27:00Z,
fred:PNICKUSDM,price,2017-07-01T00:00:00Z,9491.392857,USD/t,P1M,,,,fred:PNICKUSDM,https://fred.stlouisfed.org/graph/fredgraph.csv?id=PNICKUSDM,2026-09-25T22:27:00Z,
fred:PNICKUSDM,price,2017-08-01T00:00:00Z,10889.977273,USD/t,P1M,,,,fred:PNICKUSDM,https://fred.stlouisfed.org/graph/fredgraph.csv?id=PNICKUSDM,2026-09-25T22:27:00Z,
fred:PNICKUSDM,price,2017-09-01T00:00:00Z,11215.785714,USD/t,P1M,,,,fred:PNICKUSDM,https://fred.stlouisfed.org/graph/fredgraph.csv?id=PNICKUSDM,2026-09-25T22:27:00Z,
fred:PNICKUSDM,price,2017-10-01T00:00:00Z,11335.772727,USD/t,P1M,,,,fred:PNICKUSDM,https://fred.stlouisfed.org/graph/fredgraph.csv?id=PNICKUSDM,2026-09-25T22:27:00Z,
fred:PNICKUSDM,price,2017-11-01T00:00:00Z,11972.0,USD/t,P1M,,,,fred:PNICKUSDM,https://fred.stlouisfed.org/graph/fredgraph.csv?id=PNICKUSDM,2026-09-25T22:27:00Z,
fred:PNICKUSDM,price,2017-12-01T00:00:00Z,11495.105263,USD/t,P1M,,,,fred:PNICKUSDM,https://fred.stlouisfed.org/graph/fredgraph.csv?id=PNICKUSDM,2026-09-25T22:27:00Z,
fred:PNICKUSDM,price,2018-01-01T00:00:00Z,12864.875,USD/t,P1M,,,,fred:PNICKUSDM,https://fred.stlouisfed.org/graph/fredgraph.csv?id=PNICKUSDM,2026-09-25T22:27:00Z,
fred:PNICKUSDM,price,2018-02-01T00:00:00Z,13595.875,USD/t,P1M,,,,fred:PNICKUSDM,https://fred.stlouisfed.org/graph/fredgraph.csv?id=PNICKUSDM,2026-09-25T22:27:00Z,
fred:PNICKUSDM,price,2018-03-01T00:00:00Z,13392.5,USD/t,P1M,,,,fred:PNICKUSDM,https://fred.stlouisfed.org/graph/fredgraph.csv?id=PNICKUSDM,2026-09-25T22:27:00Z,
fred:PNICKUSDM,price,2018-04-01T00:00:00Z,13938.1,USD/t,P1M,,,,fred:PNICKUSDM,https://fred.stlouisfed.org/graph/fredgraph.csv?id=PNICKUSDM,2026-09-25T22:27:00Z,
fred:PNICKUSDM,price,2018-05-01T00:00:00Z,14366.488095,USD/t,P1M,,,,fred:PNICKUSDM,https://fred.stlouisfed.org/graph/fredgraph.csv?id=PNICKUSDM,2026-09-25T22:27:00Z,
fred:PNICKUSDM,price,2018-06-01T00:00:00Z,15105.654762,USD/t,P1M,,,,fred:PNICKUSDM,https://fred.stlouisfed.org/graph/fredgraph.csv?id=PNICKUSDM,2026-09-25T22:27:00Z,
fred:PNICKUSDM,price,2018-07-01T00:00:00Z,13793.863636,USD/t,P1M,,,,fred:PNICKUSDM,https://fred.stlouisfed.org/graph/fredgraph.csv?id=PNICKUSDM,2026-09-25T22:27:00Z,
fred:PNICKUSDM,price,2018-08-01T00:00:00Z,13411.352273,USD/t,P1M,,,,fred:PNICKUSDM,https://fred.stlouisfed.org/graph/fredgraph.csv?id=PNICKUSDM,2026-09-25T22:27:00Z,
fred:PNICKUSDM,price,2018-09-01T00:00:00Z,12510.35,USD/t,P1M,,,,fred:PNICKUSDM,https://fred.stlouisfed.org/graph/fredgraph.csv?id=PNICKUSDM,2026-09-25T22:27:00Z,
fred:PNICKUSDM,price,2018-10-01T00:00:00Z,12314.913043,USD/t,P1M,,,,fred:PNICKUSDM,https://fred.stlouisfed.org/graph/fredgraph.csv?id=PNICKUSDM,2026-09-25T22:27:00Z,
fred:PNICKUSDM,price,2018-11-01T00:00:00Z,11239.715909,USD/t,P1M,,,,fred:PNICKUSDM,https://fred.stlouisfed.org/graph/fredgraph.csv?id=PNICKUSDM,2026-09-25T22:27:00Z,
fred:PNICKUSDM,price,2018-12-01T00:00:00Z,10835.078947,USD/t,P1M,,,,fred:PNICKUSDM,https://fred.stlouisfed.org/graph/fredgraph.csv?id=PNICKUSDM,2026-09-25T22:27:00Z,
fred:PNICKUSDM,price,2019-01-01T00:00:00Z,11523.090909,USD/t,P1M,,,,fred:PNICKUSDM,https://fred.stlouisfed.org/graph/fredgraph.csv?id=PNICKUSDM,2026-09-25T22:27:00Z,
fred:PNICKUSDM,price,2019-02-01T00:00:00Z,12685.225,USD/t,P1M,,,,fred:PNICKUSDM,https://fred.stlouisfed.org/graph/fredgraph.csv?id=PNICKUSDM,2026-09-25T22:27:00Z,
fred:PNICKUSDM,price,2019-03-01T00:00:00Z,13026.27381,USD/t,P1M,,,,fred:PNICKUSDM,https://fred.stlouisfed.org/graph/fredgraph.csv?id=PNICKUSDM,2026-09-25T22:27:00Z,
fred:PNICKUSDM,price,2019-04-01T00:00:00Z,12772.7875,USD/t,P1M,,,,fred:PNICKUSDM,https://fred.stlouisfed.org/graph/fredgraph.csv?id=PNICKUSDM,2026-09-25T22:27:00Z,
fred:PNICKUSDM,price,2019-05-01T00:00:00Z,12016.309524,USD/t,P1M,,,,fred:PNICKUSDM,https://fred.stlouisfed.org/graph/fredgraph.csv?id=PNICKUSDM,2026-09-25T22:27:00Z,
fred:PNICKUSDM,price,2019-06-01T00:00:00Z,11943.9375,USD/t,P1M,,,,fred:PNICKUSDM,https://fred.stlouisfed.org/graph/fredgraph.csv?id=PNICKUSDM,2026-09-25T22:27:00Z,
fred:PNICKUSDM,price,2019-07-01T00:00:00Z,13546.304348,USD/t,P1M,,,,fred:PNICKUSDM,https://fred.stlouisfed.org/graph/fredgraph.csv?id=PNICKUSDM,2026-09-25T22:27:00Z,
fred:PNICKUSDM,price,2019-08-01T00:00:00Z,15748.642857,USD/t,P1M,,,,fred:PNICKUSDM,https://fred.stlouisfed.org/graph/fredgraph.csv?id=PNICKUSDM,2026-09-25T22:27:00Z,
fred:PNICKUSDM,price,2019-09-01T00:00:00Z,17656.880952,USD/t,P1M,,,,fred:PNICKUSDM,https://fred.stlouisfed.org/graph/fredgraph.csv?id=PNICKUSDM,2026-09-25T22:27:00Z,
fred:PNICKUSDM,price,2019-10-01T00:00:00Z,17046.217391,USD/t,P1M,,,,fred:PNICKUSDM,https://fred.stlouisfed.org/graph/fredgraph.csv?id=PNICKUSDM,2026-09-25T22:27:00Z,
fred:PNICKUSDM,price,2019-11-01T00:00:00Z,15171.809524,USD/t,P1M,,,,fred:PNICKUSDM,https://fred.stlouisfed.org/graph/fredgraph.csv?id=PNICKUSDM,2026-09-25T22:27:00Z,
fred:PNICKUSDM,price,2019-12-01T00:00:00Z,13829.425,USD/t,P1M,,,,fred:PNICKUSDM,https://fred.stlouisfed.org/graph/fredgraph.csv?id=PNICKUSDM,2026-09-25T22:27:00Z,
fred:PNICKUSDM,price,2020-01-01T00:00:00Z,13506.863636,USD/t,P1M,,,,fred:PNICKUSDM,https://fred.stlouisfed.org/graph/fredgraph.csv?id=PNICKUSDM,2026-09-25T22:27:00Z,
fred:PNICKUSDM,price,2020-02-01T00:00:00Z,12715.55,USD/t,P1M,,,,fred:PNICKUSDM,https://fred.stlouisfed.org/graph/fredgraph.csv?id=PNICKUSDM,2026-09-25T22:27:00Z,
fred:PNICKUSDM,price,2020-03-01T00:00:00Z,11846.227273,USD/t,P1M,,,,fred:PNICKUSDM,https://fred.stlouisfed.org/graph/fredgraph.csv?id=PNICKUSDM,2026-09-25T22:27:00Z,
fred:PNICKUSDM,price,2020-04-01T00:00:00Z,11804.0095,USD/t,P1M,,,,fred:PNICKUSDM,https://fred.stlouisfed.org/graph/fredgraph.csv?id=PNICKUSDM,2026-09-25T22:27:00Z,
fred:PNICKUSDM,price,2020-05-01T00:00:00Z,12179.605263,USD/t,P1M,,,,fred:PNICKUSDM,https://fred.stlouisfed.org/graph/fredgraph.csv?id=PNICKUSDM,2026-09-25T22:27:00Z,
fred:PNICKUSDM,price,2020-06-01T00:00:00Z,12727.152273,USD/t,P1M,,,,fred:PNICKUSDM,https://fred.stlouisfed.org/graph/fredgraph.csv?id=PNICKUSDM,2026-09-25T22:27:00Z,
fred:PNICKUSDM,price,2020-07-01T00:00:00Z,13402.303913,USD/t,P1M,,,,fred:PNICKUSDM,https://fred.stlouisfed.org/graph/fredgraph.csv?id=PNICKUSDM,2026-09-25T22:27:00Z,
fred:PNICKUSDM,price,2020-08-01T00:00:00Z,14575.782857,USD/t,P1M,,,,fred:PNICKUSDM,https://fred.stlouisfed.org/graph/fredgraph.csv?id=PNICKUSDM,2026-09-25T22:27:00Z,
fred:PNICKUSDM,price,2020-09-01T00:00:00Z,14857.488636,USD/t,P1M,,,,fred:PNICKUSDM,https://fred.stlouisfed.org/graph/fredgraph.csv?id=PNICKUSDM,2026-09-25T22:27:00Z,
fred:PNICKUSDM,price,2020-10-01T00:00:00Z,15239.363636,USD/t,P1M,,,,fred:PNICKUSDM,https://fred.stlouisfed.org/graph/fredgraph.csv?id=PNICKUSDM,2026-09-25T22:27:00Z,
fred:PNICKUSDM,price,2020-11-01T00:00:00Z,15807.733333,USD/t,P1M,,,,fred:PNICKUSDM,https://fred.stlouisfed.org/graph/fredgraph.csv?id=PNICKUSDM,2026-09-25T22:27:00Z,
fred:PNICKUSDM,price,2020-12-01T00:00:00Z,16823.038571,USD/t,P1M,,,,fred:PNICKUSDM,https://fred.stlouisfed.org/graph/fredgraph.csv?id=PNICKUSDM,2026-09-25T22:27:00Z,
fred:PNICKUSDM,price,2021-01-01T00:00:00Z,17863.176,USD/t,P1M,,,,fred:PNICKUSDM,https://fred.stlouisfed.org/graph/fredgraph.csv?id=PNICKUSDM,2026-09-25T22:27:00Z,
fred:PNICKUSDM,price,2021-02-01T00:00:00Z,18584.38,USD/t,P1M,,,,fred:PNICKUSDM,https://fred.stlouisfed.org/graph/fredgraph.csv?id=PNICKUSDM,2026-09-25T22:27:00Z,
fred:PNICKUSDM,price,2021-03-01T00:00:00Z,16406.660435,USD/t,P1M,,,,fred:PNICKUSDM,https://fred.stlouisfed.org/graph/fredgraph.csv?id=PNICKUSDM,2026-09-25T22:27:00Z,
fred:PNICKUSDM,price,2021-04-01T00:00:00Z,16521.25,USD/t,P1M,,,,fred:PNICKUSDM,https://fred.stlouisfed.org/graph/fredgraph.csv?id=PNICKUSDM,2026-09-25T22:27:00Z,
fred:PNICKUSDM,price,2021-05-01T00:00:00Z,17602.1025,USD/t,P1M,,,,fred:PNICKUSDM,https://fred.stlouisfed.org/graph/fredgraph.csv?id=PNICKUSDM,2026-09-25T22:27:00Z,
fred:PNICKUSDM,price,2021-06-01T00:00:00Z,17979.565909,USD/t,P1M,,,,fred:PNICKUSDM,https://fred.stlouisfed.org/graph/fredgraph.csv?id=PNICKUSDM,2026-09-25T22:27:00Z,
fred:PNICKUSDM,price,2021-07-01T00:00:00Z,18818.511364,USD/t,P1M,,,,fred:PNICKUSDM,https://fred.stlouisfed.org/graph/fredgraph.csv?id=PNICKUSDM,2026-09-25T22:27:00Z,
fred:PNICKUSDM,price,2021-08-01T00:00:00Z,19141.296667,USD/t,P1M,,,,fred:PNICKUSDM,https://fred.stlouisfed.org/graph/fredgraph.csv?id=PNICKUSDM,2026-09-25T22:27:00Z,
fred:PNICKUSDM,price,2021-09-01T00:00:00Z,19376.875,USD/t,P1M,,,,fred:PNICKUSDM,https://fred.stlouisfed.org/graph/fredgraph.csv?id=PNICKUSDM,2026-09-25T22:27:00Z,
fred:PNICKUSDM,price,2021-10-01T00:00:00Z,19362.392857,USD/t,P1M,,,,fred:PNICKUSDM,https://fred.stlouisfed.org/graph/fredgraph.csv?id=PNICKUSDM,2026-09-25T22:27:00Z,
fred:PNICKUSDM,price,2021-11-01T00:00:00Z,19932.863182,USD/t,P1M,,,,fred:PNICKUSDM,https://fred.stlouisfed.org/graph/fredgraph.csv?id=PNICKUSDM,2026-09-25T22:27:00Z,
fred:PNICKUSDM,price,2021-12-01T00:00:00Z,20015.548571,USD/t,P1M,,,,fred:PNICKUSDM,https://fred.stlouisfed.org/graph/fredgraph.csv?id=PNICKUSDM,2026-09-25T22:27:00Z,
fred:PNICKUSDM,price,2022-01-01T00:00:00Z,22355.4,USD/t,P1M,,,,fred:PNICKUSDM,https://fred.stlouisfed.org/graph/fredgraph.csv?id=PNICKUSDM,2026-09-25T22:27:00Z,
fred:PNICKUSDM,price,2022-02-01T00:00:00Z,24015.55,USD/t,P1M,,,,fred:PNICKUSDM,https://fred.stlouisfed.org/graph/fredgraph.csv?id=PNICKUSDM,2026-09-25T22:27:00Z,
fred:PNICKUSDM,price,2022-03-01T00:00:00Z,33924.176471,USD/t,P1M,,,,fred:PNICKUSDM,https://fred.stlouisfed.org/graph/fredgraph.csv?id=PNICKUSDM,2026-09-25T22:27:00Z,
fred:PNICKUSDM,price,2022-04-01T00:00:00Z,33133.809524,USD/t,P1M,,,,fred:PNICKUSDM,https://fred.stlouisfed.org/graph/fredgraph.csv?id=PNICKUSDM,2026-09-25T22:27:00Z,
fred:PNICKUSDM,price,2022-05-01T00:00:00Z,28228.886818,USD/t,P1M,,,,fred:PNICKUSDM,https://fred.stlouisfed.org/graph/fredgraph.csv?id=PNICKUSDM,2026-09-25T22:27:00Z,
fred:PNICKUSDM,price,2022-06-01T00:00:00Z,25877.068182,USD/t,P1M,,,,fred:PNICKUSDM,https://fred.stlouisfed.org/graph/fredgraph.csv?id=PNICKUSDM,2026-09-25T22:27:00Z,
fred:PNICKUSDM,price,2022-07-01T00:00:00Z,21481.892857,USD/t,P1M,,,,fred:PNICKUSDM,https://fred.stlouisfed.org/graph/fredgraph.csv?id=PNICKUSDM,2026-09-25T22:27:00Z,
fred:PNICKUSDM,price,2022-08-01T00:00:00Z,22034.891304,USD/t,P1M,,,,fred:PNICKUSDM,https://fred.stlouisfed.org/graph/fredgraph.csv?id=PNICKUSDM,2026-09-25T22:27:00Z,
fred:PNICKUSDM,price,2022-09-01T00:00:00Z,22773.966364,USD/t,P1M,,,,fred:PNICKUSDM,https://fred.stlouisfed.org/graph/fredgraph.csv?id=PNICKUSDM,2026-09-25T22:27:00Z,
fred:PNICKUSDM,price,2022-10-01T00:00:00Z,22032.892857,USD/t,P1M,,,,fred:PNICKUSDM,https://fred.stlouisfed.org/graph/fredgraph.csv?id=PNICKUSDM,2026-09-25T22:27:00Z,
fred:PNICKUSDM,price,2022-11-01T00:00:00Z,25562.697727,USD/t,P1M,,,,fred:PNICKUSDM,https://fred.stlouisfed.org/graph/fredgraph.csv?id=PNICKUSDM,2026-09-25T22:27:00Z,
fred:PNICKUSDM,price,2022-12-01T00:00:00Z,28985.920455,USD/t,P1M,,,,fred:PNICKUSDM,https://fred.stlouisfed.org/graph/fredgraph.csv?id=PNICKUSDM,2026-09-25T22:27:00Z,
fred:PNICKUSDM,price,2023-01-01T00:00:00Z,28271.490909,USD/t,P1M,,,,fred:PNICKUSDM,https://fred.stlouisfed.org/graph/fredgraph.csv?id=PNICKUSDM,2026-09-25T22:27:00Z,
fred:PNICKUSDM,price,2023-02-01T00:00:00Z,26727.95,USD/t,P1M,,,,fred:PNICKUSDM,https://fred.stlouisfed.org/graph/fredgraph.csv?id=PNICKUSDM,2026-09-25T22:27:00Z,
fred:PNICKUSDM,price,2023-03-01T00:00:00Z,23288.608261,USD/t,P1M,,,,fred:PNICKUSDM,https://fred.stlouisfed.org/graph/fredgraph.csv?id=PNICKUSDM,2026-09-25T22:27:00Z,
fred:PNICKUSDM,price,2023-04-01T00:00:00Z,23770.7995,USD/t,P1M,,,,fred:PNICKUSDM,https://fred.stlouisfed.org/graph/fredgraph.csv?id=PNICKUSDM,2026-09-25T22:27:00Z,
fred:PNICKUSDM,price,2023-05-01T00:00:00Z,22134.782609,USD/t,P1M,,,,fred:PNICKUSDM,https://fred.stlouisfed.org/graph/fredgraph.csv?id=PNICKUSDM,2026-09-25T22:27:00Z,
fred:PNICKUSDM,price,2023-06-01T00:00:00Z,21233.278182,USD/t,P1M,,,,fred:PNICKUSDM,https://fred.stlouisfed.org/graph/fredgraph.csv?id=PNICKUSDM,2026-09-25T22:27:00Z,
fred:PNICKUSDM,price,2023-07-01T00:00:00Z,21091.261905,USD/t,P1M,,,,fred:PNICKUSDM,https://fred.stlouisfed.org/graph/fredgraph.csv?id=PNICKUSDM,2026-09-25T22:27:00Z,
fred:PNICKUSDM,price,2023-08-01T00:00:00Z,20446.358261,USD/t,P1M,,,,fred:PNICKUSDM,https://fred.stlouisfed.org/graph/fredgraph.csv?id=PNICKUSDM,2026-09-25T22:27:00Z,
fred:PNICKUSDM,price,2023-09-01T00:00:00Z,19644.642857,USD/t,P1M,,,,fred:PNICKUSDM,https://fred.stlouisfed.org/graph/fredgraph.csv?id=PNICKUSDM,2026-09-25T22:27:00Z,
fred:PNICKUSDM,price,2023-10-01T00:00:00Z,18264.035455,USD/t,P1M,,,,fred:PNICKUSDM,https://fred.stlouisfed.org/graph/fredgraph.csv?id=PNICKUSDM,2026-09-25T22:27:00Z,
fred:PNICKUSDM,price,2023-11-01T00:00:00Z,17027.363636,USD/t,P1M,,,,fred:PNICKUSDM,https://fred.stlouisfed.org/graph/fredgraph.csv?id=PNICKUSDM,2026-09-25T22:27:00Z,
fred:PNICKUSDM,price,2023-12-01T00:00:00Z,16443.52381,USD/t,P1M,,,,fred:PNICKUSDM,https://fred.stlouisfed.org/graph/fredgraph.csv?id=PNICKUSDM,2026-09-25T22:27:00Z,
fred:PNICKUSDM,price,2024-01-01T00:00:00Z,16111.666957,USD/t,P1M,,,,fred:PNICKUSDM,https://fred.stlouisfed.org/graph/fredgraph.csv?id=PNICKUSDM,2026-09-25T22:27:00Z,
fred:PNICKUSDM,price,2024-02-01T00:00:00Z,16338.464286,USD/t,P1M,,,,fred:PNICKUSDM,https://fred.stlouisfed.org/graph/fredgraph.csv?id=PNICKUSDM,2026-09-25T22:27:00Z,
fred:PNICKUSDM,price,2024-03-01T00:00:00Z,17397.360476,USD/t,P1M,,,,fred:PNICKUSDM,https://fred.stlouisfed.org/graph/fredgraph.csv?id=PNICKUSDM,2026-09-25T22:27:00Z,
fred:PNICKUSDM,price,2024-04-01T00:00:00Z,18132.364091,USD/t,P1M,,,,fred:PNICKUSDM,https://fred.stlouisfed.org/graph/fredgraph.csv?id=PNICKUSDM,2026-09-25T22:27:00Z,
fred:PNICKUSDM,price,2024-05-01T00:00:00Z,19576.546522,USD/t,P1M,,,,fred:PNICKUSDM,https://fred.stlouisfed.org/graph/fredgraph.csv?id=PNICKUSDM,2026-09-25T22:27:00Z,
fred:PNICKUSDM,price,2024-06-01T00:00:00Z,17498.0075,USD/t,P1M,,,,fred:PNICKUSDM,https://fred.stlouisfed.org/graph/fredgraph.csv?id=PNICKUSDM,2026-09-25T22:27:00Z,
fred:PNICKUSDM,price,2024-07-01T00:00:00Z,16334.875217,USD/t,P1M,,,,fred:PNICKUSDM,https://fred.stlouisfed.org/graph/fredgraph.csv?id=PNICKUSDM,2026-09-25T22:27:00Z,
fred:PNICKUSDM,price,2024-08-01T00:00:00Z,16303.287727,USD/t,P1M,,,,fred:PNICKUSDM,https://fred.stlouisfed.org/graph/fredgraph.csv?id=PNICKUSDM,2026-09-25T22:27:00Z,
fred:PNICKUSDM,price,2024-09-01T00:00:00Z,16167.677619,USD/t,P1M,,,,fred:PNICKUSDM,https://fred.stlouisfed.org/graph/fredgraph.csv?id=PNICKUSDM,2026-09-25T22:27:00Z,
fred:PNICKUSDM,price,2024-10-01T00:00:00Z,16765.803478,USD/t,P1M,,,,fred:PNICKUSDM,https://fred.stlouisfed.org/graph/fredgraph.csv?id=PNICKUSDM,2026-09-25T22:27:00Z,
fred:PNICKUSDM,price,2024-11-01T00:00:00Z,15726.947619,USD/t,P1M,,,,fred:PNICKUSDM,https://fred.stlouisfed.org/graph/fredgraph.csv?id=PNICKUSDM,2026-09-25T22:27:00Z,
fred:PNICKUSDM,price,2024-12-01T00:00:00Z,15438.656364,USD/t,P1M,,,,fred:PNICKUSDM,https://fred.stlouisfed.org/graph/fredgraph.csv?id=PNICKUSDM,2026-09-25T22:27:00Z,
fred:PNICKUSDM,price,2025-01-01T00:00:00Z,15374.06087,USD/t,P1M,,,,fred:PNICKUSDM,https://fred.stlouisfed.org/graph/fredgraph.csv?id=PNICKUSDM,2026-09-25T22:27:00Z,
fred:PNICKUSDM,price,2025-02-01T00:00:00Z,15287.031,USD/t,P1M,,,,fred:PNICKUSDM,https://fred.stlouisfed.org/graph/fredgraph.csv?id=PNICKUSDM,2026-09-25T22:27:00Z,
fred:PNICKUSDM,price,2025-03-01T00:00:00Z,16048.201905,USD/t,P1M,,,,fred:PNICKUSDM,https://fred.stlouisfed.org/graph/fredgraph.csv?id=PNICKUSDM,2026-09-25T22:27:00Z,
fred:PNICKUSDM,price,2025-04-01T00:00:00Z,15146.002273,USD/t,P1M,,,,fred:PNICKUSDM,https://fred.stlouisfed.org/graph/fredgraph.csv?id=PNICKUSDM,2026-09-25T22:27:00Z,
fred:PNICKUSDM,price,2025-05-01T00:00:00Z,15350.403182,USD/t,P1M,,,,fred:PNICKUSDM,https://fred.stlouisfed.org/graph/fredgraph.csv?id=PNICKUSDM,2026-09-25T22:27:00Z,
fred:PNICKUSDM,price,2025-06-01T00:00:00Z,15003.107619,USD/t,P1M,,,,fred:PNICKUSDM,https://fred.stlouisfed.org/graph/fredgraph.csv?id=PNICKUSDM,2026-09-25T22:27:00Z,
fred:PNICKUSDM,price,2025-07-01T00:00:00Z,15034.018696,USD/t,P1M,,,,fred:PNICKUSDM,https://fred.stlouisfed.org/graph/fredgraph.csv?id=PNICKUSDM,2026-09-25T22:27:00Z,
fred:PNICKUSDM,price,2025-08-01T00:00:00Z,14948.056667,USD/t,P1M,,,,fred:PNICKUSDM,https://fred.stlouisfed.org/graph/fredgraph.csv?id=PNICKUSDM,2026-09-25T22:27:00Z,
fred:PNICKUSDM,price,2025-09-01T00:00:00Z,15103.183636,USD/t,P1M,,,,fred:PNICKUSDM,https://fred.stlouisfed.org/graph/fredgraph.csv?id=PNICKUSDM,2026-09-25T22:27:00Z,
fred:PNICKUSDM,price,2025-10-01T00:00:00Z,15092.114348,USD/t,P1M,,,,fred:PNICKUSDM,https://fred.stlouisfed.org/graph/fredgraph.csv?id=PNICKUSDM,2026-09-25T22:27:00Z,
fred:PNICKUSDM,price,2025-11-01T00:00:00Z,14670.7685,USD/t,P1M,,,,fred:PNICKUSDM,https://fred.stlouisfed.org/graph/fredgraph.csv?id=PNICKUSDM,2026-09-25T22:27:00Z,
fred:PNICKUSDM,price,2025-12-01T00:00:00Z,14879.03,USD/t,P1M,,,,fred:PNICKUSDM,https://fred.stlouisfed.org/graph/fredgraph.csv?id=PNICKUSDM,2026-09-25T22:27:00Z,
fred:PNICKUSDM,price,2026-01-01T00:00:00Z,17710.863636,USD/t,P1M,,,,fred:PNICKUSDM,https://fred.stlouisfed.org/graph/fredgraph.csv?id=PNICKUSDM,2026-09-25T22:27:00Z,
fred:PNICKUSDM,price,2026-02-01T00:00:00Z,17173.1035,USD/t,P1M,,,,fred:PNICKUSDM,https://fred.stlouisfed.org/graph/fredgraph.csv?id=PNICKUSDM,2026-09-25T22:27:00Z,
fred:PNICKUSDM,price,2026-03-01T00:00:00Z,17076.292727,USD/t,P1M,,,,fred:PNICKUSDM,https://fred.stlouisfed.org/graph/fredgraph.csv?id=PNICKUSDM,2026-09-25T22:27:00Z,
fred:PNICKUSDM,price,2026-04-01T00:00:00Z,17864.916364,USD/t,P1M,,,,fred:PNICKUSDM,https://fred.stlouisfed.org/graph/fredgraph.csv?id=PNICKUSDM,2026-09-25T22:27:00Z,
fred:PNICKUSDM,price,2026-05-01T00:00:00Z,18792.748571,USD/t,P1M,,,,fred:PNICKUSDM,https://fred.stlouisfed.org/graph/fredgraph.csv?id=PNICKUSDM,2026-09-25T22:27:00Z,
fred:PNICKUSDM,price,2026-06-01T00:00:00Z,17588.285455,USD/t,P1M,,,,fred:PNICKUSDM,https://fred.stlouisfed.org/graph/fredgraph.csv?id=PNICKUSDM,2026-09-25T22:27:00Z,
fred:PNICKUSDM,price,2026-07-01T00:00:00Z,16632.361364,USD/t,P1M,,,,fred:PNICKUSDM,https://fred.stlouisfed.org/graph/fredgraph.csv?id=PNICKUSDM,2026-09-25T22:27:00Z,
fred:PURANUSDM,price,1992-01-01T00:00:00Z,8.75,USD/lb,P1M,,,,fred:PURANUSDM,https://fred.stlouisfed.org/graph/fredgraph.csv?id=PURANUSDM,2026-09-25T22:26:59Z,
fred:PURANUSDM,price,1992-02-01T00:00:00Z,7.9,USD/lb,P1M,,,,fred:PURANUSDM,https://fred.stlouisfed.org/graph/fredgraph.csv?id=PURANUSDM,2026-09-25T22:26:59Z,
fred:PURANUSDM,price,1992-03-01T00:00:00Z,7.75,USD/lb,P1M,,,,fred:PURANUSDM,https://fred.stlouisfed.org/graph/fredgraph.csv?id=PURANUSDM,2026-09-25T22:26:59Z,
fred:PURANUSDM,price,1992-04-01T00:00:00Z,7.75,USD/lb,P1M,,,,fred:PURANUSDM,https://fred.stlouisfed.org/graph/fredgraph.csv?id=PURANUSDM,2026-09-25T22:26:59Z,
fred:PURANUSDM,price,1992-05-01T00:00:00Z,7.55,USD/lb,P1M,,,,fred:PURANUSDM,https://fred.stlouisfed.org/graph/fredgraph.csv?id=PURANUSDM,2026-09-25T22:26:59Z,
fred:PURANUSDM,price,1992-06-01T00:00:00Z,7.75,USD/lb,P1M,,,,fred:PURANUSDM,https://fred.stlouisfed.org/graph/fredgraph.csv?id=PURANUSDM,2026-09-25T22:26:59Z,
fred:PURANUSDM,price,1992-07-01T00:00:00Z,7.75,USD/lb,P1M,,,,fred:PURANUSDM,https://fred.stlouisfed.org/graph/fredgraph.csv?id=PURANUSDM,2026-09-25T22:26:59Z,
fred:PURANUSDM,price,1992-08-01T00:00:00Z,8.05,USD/lb,P1M,,,,fred:PURANUSDM,https://fred.stlouisfed.org/graph/fredgraph.csv?id=PURANUSDM,2026-09-25T22:26:59Z,
fred:PURANUSDM,price,1992-09-01T00:00:00Z,8.75,USD/lb,P1M,,,,fred:PURANUSDM,https://fred.stlouisfed.org/graph/fredgraph.csv?id=PURANUSDM,2026-09-25T22:26:59Z,
fred:PURANUSDM,price,1992-10-01T00:00:00Z,10.25,USD/lb,P1M,,,,fred:PURANUSDM,https://fred.stlouisfed.org/graph/fredgraph.csv?id=PURANUSDM,2026-09-25T22:26:59Z,
fred:PURANUSDM,price,1992-11-01T00:00:00Z,10.5,USD/lb,P1M,,,,fred:PURANUSDM,https://fred.stlouisfed.org/graph/fredgraph.csv?id=PURANUSDM,2026-09-25T22:26:59Z,
fred:PURANUSDM,price,1992-12-01T00:00:00Z,10.0,USD/lb,P1M,,,,fred:PURANUSDM,https://fred.stlouisfed.org/graph/fredgraph.csv?id=PURANUSDM,2026-09-25T22:26:59Z,
fred:PURANUSDM,price,1993-01-01T00:00:00Z,9.8,USD/lb,P1M,,,,fred:PURANUSDM,https://fred.stlouisfed.org/graph/fredgraph.csv?id=PURANUSDM,2026-09-25T22:26:59Z,
fred:PURANUSDM,price,1993-02-01T00:00:00Z,10.1,USD/lb,P1M,,,,fred:PURANUSDM,https://fred.stlouisfed.org/graph/fredgraph.csv?id=PURANUSDM,2026-09-25T22:26:59Z,
fred:PURANUSDM,price,1993-03-01T00:00:00Z,10.2,USD/lb,P1M,,,,fred:PURANUSDM,https://fred.stlouisfed.org/graph/fredgraph.csv?id=PURANUSDM,2026-09-25T22:26:59Z,
fred:PURANUSDM,price,1993-04-01T00:00:00Z,10.35,USD/lb,P1M,,,,fred:PURANUSDM,https://fred.stlouisfed.org/graph/fredgraph.csv?id=PURANUSDM,2026-09-25T22:26:59Z,
fred:PURANUSDM,price,1993-05-01T00:00:00Z,10.1,USD/lb,P1M,,,,fred:PURANUSDM,https://fred.stlouisfed.org/graph/fredgraph.csv?id=PURANUSDM,2026-09-25T22:26:59Z,
fred:PURANUSDM,price,1993-06-01T00:00:00Z,10.3,USD/lb,P1M,,,,fred:PURANUSDM,https://fred.stlouisfed.org/graph/fredgraph.csv?id=PURANUSDM,2026-09-25T22:26:59Z,
fred:PURANUSDM,price,1993-07-01T00:00:00Z,9.9,USD/lb,P1M,,,,fred:PURANUSDM,https://fred.stlouisfed.org/graph/fredgraph.csv?id=PURANUSDM,2026-09-25T22:26:59Z,
fred:PURANUSDM,price,1993-08-01T00:00:00Z,10.05,USD/lb,P1M,,,,fred:PURANUSDM,https://fred.stlouisfed.org/graph/fredgraph.csv?id=PURANUSDM,2026-09-25T22:26:59Z,
fred:PURANUSDM,price,1993-09-01T00:00:00Z,10.2,USD/lb,P1M,,,,fred:PURANUSDM,https://fred.stlouisfed.org/graph/fredgraph.csv?id=PURANUSDM,2026-09-25T22:26:59Z,
fred:PURANUSDM,price,1993-10-01T00:00:00Z,10.175,USD/lb,P1M,,,,fred:PURANUSDM,https://fred.stlouisfed.org/graph/fredgraph.csv?id=PURANUSDM,2026-09-25T22:26:59Z,
fred:PURANUSDM,price,1993-11-01T00:00:00Z,9.9,USD/lb,P1M,,,,fred:PURANUSDM,https://fred.stlouisfed.org/graph/fredgraph.csv?id=PURANUSDM,2026-09-25T22:26:59Z,
fred:PURANUSDM,price,1993-12-01T00:00:00Z,9.85,USD/lb,P1M,,,,fred:PURANUSDM,https://fred.stlouisfed.org/graph/fredgraph.csv?id=PURANUSDM,2026-09-25T22:26:59Z,
fred:PURANUSDM,price,1994-01-01T00:00:00Z,9.45,USD/lb,P1M,,,,fred:PURANUSDM,https://fred.stlouisfed.org/graph/fredgraph.csv?id=PURANUSDM,2026-09-25T22:26:59Z,
fred:PURANUSDM,price,1994-02-01T00:00:00Z,9.45,USD/lb,P1M,,,,fred:PURANUSDM,https://fred.stlouisfed.org/graph/fredgraph.csv?id=PURANUSDM,2026-09-25T22:26:59Z,
fred:PURANUSDM,price,1994-03-01T00:00:00Z,9.3,USD/lb,P1M,,,,fred:PURANUSDM,https://fred.stlouisfed.org/graph/fredgraph.csv?id=PURANUSDM,2026-09-25T22:26:59Z,
fred:PURANUSDM,price,1994-04-01T00:00:00Z,9.25,USD/lb,P1M,,,,fred:PURANUSDM,https://fred.stlouisfed.org/graph/fredgraph.csv?id=PURANUSDM,2026-09-25T22:26:59Z,
fred:PURANUSDM,price,1994-05-01T00:00:00Z,9.25,USD/lb,P1M,,,,fred:PURANUSDM,https://fred.stlouisfed.org/graph/fredgraph.csv?id=PURANUSDM,2026-09-25T22:26:59Z,
fred:PURANUSDM,price,1994-06-01T00:00:00Z,9.25,USD/lb,P1M,,,,fred:PURANUSDM,https://fred.stlouisfed.org/graph/fredgraph.csv?id=PURANUSDM,2026-09-25T22:26:59Z,
fred:PURANUSDM,price,1994-07-01T00:00:00Z,9.1,USD/lb,P1M,,,,fred:PURANUSDM,https://fred.stlouisfed.org/graph/fredgraph.csv?id=PURANUSDM,2026-09-25T22:26:59Z,
fred:PURANUSDM,price,1994-08-01T00:00:00Z,9.05,USD/lb,P1M,,,,fred:PURANUSDM,https://fred.stlouisfed.org/graph/fredgraph.csv?id=PURANUSDM,2026-09-25T22:26:59Z,
fred:PURANUSDM,price,1994-09-01T00:00:00Z,9.45,USD/lb,P1M,,,,fred:PURANUSDM,https://fred.stlouisfed.org/graph/fredgraph.csv?id=PURANUSDM,2026-09-25T22:26:59Z,
fred:PURANUSDM,price,1994-10-01T00:00:00Z,9.5,USD/lb,P1M,,,,fred:PURANUSDM,https://fred.stlouisfed.org/graph/fredgraph.csv?id=PURANUSDM,2026-09-25T22:26:59Z,
fred:PURANUSDM,price,1994-11-01T00:00:00Z,9.6,USD/lb,P1M,,,,fred:PURANUSDM,https://fred.stlouisfed.org/graph/fredgraph.csv?id=PURANUSDM,2026-09-25T22:26:59Z,
fred:PURANUSDM,price,1994-12-01T00:00:00Z,10.4,USD/lb,P1M,,,,fred:PURANUSDM,https://fred.stlouisfed.org/graph/fredgraph.csv?id=PURANUSDM,2026-09-25T22:26:59Z,
fred:PURANUSDM,price,1995-01-01T00:00:00Z,10.775,USD/lb,P1M,,,,fred:PURANUSDM,https://fred.stlouisfed.org/graph/fredgraph.csv?id=PURANUSDM,2026-09-25T22:26:59Z,
fred:PURANUSDM,price,1995-02-01T00:00:00Z,11.15,USD/lb,P1M,,,,fred:PURANUSDM,https://fred.stlouisfed.org/graph/fredgraph.csv?id=PURANUSDM,2026-09-25T22:26:59Z,
fred:PURANUSDM,price,1995-03-01T00:00:00Z,11.8,USD/lb,P1M,,,,fred:PURANUSDM,https://fred.stlouisfed.org/graph/fredgraph.csv?id=PURANUSDM,2026-09-25T22:26:59Z,
fred:PURANUSDM,price,1995-04-01T00:00:00Z,11.85,USD/lb,P1M,,,,fred:PURANUSDM,https://fred.stlouisfed.org/graph/fredgraph.csv?id=PURANUSDM,2026-09-25T22:26:59Z,
fred:PURANUSDM,price,1995-05-01T00:00:00Z,11.9,USD/lb,P1M,,,,fred:PURANUSDM,https://fred.stlouisfed.org/graph/fredgraph.csv?id=PURANUSDM,2026-09-25T22:26:59Z,
fred:PURANUSDM,price,1995-06-01T00:00:00Z,11.7,USD/lb,P1M,,,,fred:PURANUSDM,https://fred.stlouisfed.org/graph/fredgraph.csv?id=PURANUSDM,2026-09-25T22:26:59Z,
fred:PURANUSDM,price,1995-07-01T00:00:00Z,11.7,USD/lb,P1M,,,,fred:PURANUSDM,https://fred.stlouisfed.org/graph/fredgraph.csv?id=PURANUSDM,2026-09-25T22:26:59Z,
fred:PURANUSDM,price,1995-08-01T00:00:00Z,11.7,USD/lb,P1M,,,,fred:PURANUSDM,https://fred.stlouisfed.org/graph/fredgraph.csv?id=PURANUSDM,2026-09-25T22:26:59Z,
fred:PURANUSDM,price,1995-09-01T00:00:00Z,11.85,USD/lb,P1M,,,,fred:PURANUSDM,https://fred.stlouisfed.org/graph/fredgraph.csv?id=PURANUSDM,2026-09-25T22:26:59Z,
fred:PURANUSDM,price,1995-10-01T00:00:00Z,11.85,USD/lb,P1M,,,,fred:PURANUSDM,https://fred.stlouisfed.org/graph/fredgraph.csv?id=PURANUSDM,2026-09-25T22:26:59Z,
fred:PURANUSDM,price,1995-11-01T00:00:00Z,11.85,USD/lb,P1M,,,,fred:PURANUSDM,https://fred.stlouisfed.org/graph/fredgraph.csv?id=PURANUSDM,2026-09-25T22:26:59Z,
fred:PURANUSDM,price,1995-12-01T00:00:00Z,11.85,USD/lb,P1M,,,,fred:PURANUSDM,https://fred.stlouisfed.org/graph/fredgraph.csv?id=PURANUSDM,2026-09-25T22:26:59Z,
fred:PURANUSDM,price,1996-01-01T00:00:00Z,12.2,USD/lb,P1M,,,,fred:PURANUSDM,https://fred.stlouisfed.org/graph/fredgraph.csv?id=PURANUSDM,2026-09-25T22:26:59Z,
fred:PURANUSDM,price,1996-02-01T00:00:00Z,15.75,USD/lb,P1M,,,,fred:PURANUSDM,https://fred.stlouisfed.org/graph/fredgraph.csv?id=PURANUSDM,2026-09-25T22:26:59Z,
fred:PURANUSDM,price,1996-03-01T00:00:00Z,15.75,USD/lb,P1M,,,,fred:PURANUSDM,https://fred.stlouisfed.org/graph/fredgraph.csv?id=PURANUSDM,2026-09-25T22:26:59Z,
fred:PURANUSDM,price,1996-04-01T00:00:00Z,15.9875,USD/lb,P1M,,,,fred:PURANUSDM,https://fred.stlouisfed.org/graph/fredgraph.csv?id=PURANUSDM,2026-09-25T22:26:59Z,
fred:PURANUSDM,price,1996-05-01T00:00:00Z,16.383333,USD/lb,P1M,,,,fred:PURANUSDM,https://fred.stlouisfed.org/graph/fredgraph.csv?id=PURANUSDM,2026-09-25T22:26:59Z,
fred:PURANUSDM,price,1996-06-01T00:00:00Z,16.5,USD/lb,P1M,,,,fred:PURANUSDM,https://fred.stlouisfed.org/graph/fredgraph.csv?id=PURANUSDM,2026-09-25T22:26:59Z,
fred:PURANUSDM,price,1996-07-01T00:00:00Z,16.5,USD/lb,P1M,,,,fred:PURANUSDM,https://fred.stlouisfed.org/graph/fredgraph.csv?id=PURANUSDM,2026-09-25T22:26:59Z,
fred:PURANUSDM,price,1996-08-01T00:00:00Z,16.46,USD/lb,P1M,,,,fred:PURANUSDM,https://fred.stlouisfed.org/graph/fredgraph.csv?id=PURANUSDM,2026-09-25T22:26:59Z,
fred:PURANUSDM,price,1996-09-01T00:00:00Z,16.15,USD/lb,P1M,,,,fred:PURANUSDM,https://fred.stlouisfed.org/graph/fredgraph.csv?id=PURANUSDM,2026-09-25T22:26:59Z,
fred:PURANUSDM,price,1996-10-01T00:00:00Z,15.74,USD/lb,P1M,,,,fred:PURANUSDM,https://fred.stlouisfed.org/graph/fredgraph.csv?id=PURANUSDM,2026-09-25T22:26:59Z,
fred:PURANUSDM,price,1996-11-01T00:00:00Z,15.07,USD/lb,P1M,,,,fred:PURANUSDM,https://fred.stlouisfed.org/graph/fredgraph.csv?id=PURANUSDM,2026-09-25T22:26:59Z,
fred:PURANUSDM,price,1996-12-01T00:00:00Z,14.7625,USD/lb,P1M,,,,fred:PURANUSDM,https://fred.stlouisfed.org/graph/fredgraph.csv?id=PURANUSDM,2026-09-25T22:26:59Z,
fred:PURANUSDM,price,1997-01-01T00:00:00Z,14.4875,USD/lb,P1M,,,,fred:PURANUSDM,https://fred.stlouisfed.org/graph/fredgraph.csv?id=PURANUSDM,2026-09-25T22:26:59Z,
fred:PURANUSDM,price,1997-02-01T00:00:00Z,13.81,USD/lb,P1M,,,,fred:PURANUSDM,https://fred.stlouisfed.org/graph/fredgraph.csv?id=PURANUSDM,2026-09-25T22:26:59Z,
fred:PURANUSDM,price,1997-03-01T00:00:00Z,13.62,USD/lb,P1M,,,,fred:PURANUSDM,https://fred.stlouisfed.org/graph/fredgraph.csv?id=PURANUSDM,2026-09-25T22:26:59Z,
fred:PURANUSDM,price,1997-04-01T00:00:00Z,12.825,USD/lb,P1M,,,,fred:PURANUSDM,https://fred.stlouisfed.org/graph/fredgraph.csv?id=PURANUSDM,2026-09-25T22:26:59Z,
fred:PURANUSDM,price,1997-05-01T00:00:00Z,11.827778,USD/lb,P1M,,,,fred:PURANUSDM,https://fred.stlouisfed.org/graph/fredgraph.csv?id=PURANUSDM,2026-09-25T22:26:59Z,
fred:PURANUSDM,price,1997-06-01T00:00:00Z,10.944444,USD/lb,P1M,,,,fred:PURANUSDM,https://fred.stlouisfed.org/graph/fredgraph.csv?id=PURANUSDM,2026-09-25T22:26:59Z,
fred:PURANUSDM,price,1997-07-01T00:00:00Z,10.485,USD/lb,P1M,,,,fred:PURANUSDM,https://fred.stlouisfed.org/graph/fredgraph.csv?id=PURANUSDM,2026-09-25T22:26:59Z,
fred:PURANUSDM,price,1997-08-01T00:00:00Z,10.394444,USD/lb,P1M,,,,fred:PURANUSDM,https://fred.stlouisfed.org/graph/fredgraph.csv?id=PURANUSDM,2026-09-25T22:26:59Z,
fred:PURANUSDM,price,1997-09-01T00:00:00Z,10.25,USD/lb,P1M,,,,fred:PURANUSDM,https://fred.stlouisfed.org/graph/fredgraph.csv?id=PURANUSDM,2026-09-25T22:26:59Z,
fred:PURANUSDM,price,1997-10-01T00:00:00Z,11.28,USD/lb,P1M,,,,fred:PURANUSDM,https://fred.stlouisfed.org/graph/fredgraph.csv?id=PURANUSDM,2026-09-25T22:26:59Z,
fred:PURANUSDM,price,1997-11-01T00:00:00Z,12.75,USD/lb,P1M,,,,fred:PURANUSDM,https://fred.stlouisfed.org/graph/fredgraph.csv?id=PURANUSDM,2026-09-25T22:26:59Z,
fred:PURANUSDM,price,1997-12-01T00:00:00Z,12.5,USD/lb,P1M,,,,fred:PURANUSDM,https://fred.stlouisfed.org/graph/fredgraph.csv?id=PURANUSDM,2026-09-25T22:26:59Z,
fred:PURANUSDM,price,1998-01-01T00:00:00Z,12.0375,USD/lb,P1M,,,,fred:PURANUSDM,https://fred.stlouisfed.org/graph/fredgraph.csv?id=PURANUSDM,2026-09-25T22:26:59Z,
fred:PURANUSDM,price,1998-02-01T00:00:00Z,11.375,USD/lb,P1M,,,,fred:PURANUSDM,https://fred.stlouisfed.org/graph/fredgraph.csv?id=PURANUSDM,2026-09-25T22:26:59Z,
fred:PURANUSDM,price,1998-03-01T00:00:00Z,10.6625,USD/lb,P1M,,,,fred:PURANUSDM,https://fred.stlouisfed.org/graph/fredgraph.csv?id=PURANUSDM,2026-09-25T22:26:59Z,
fred:PURANUSDM,price,1998-04-01T00:00:00Z,10.75,USD/lb,P1M,,,,fred:PURANUSDM,https://fred.stlouisfed.org/graph/fredgraph.csv?id=PURANUSDM,2026-09-25T22:26:59Z,
fred:PURANUSDM,price,1998-05-01T00:00:00Z,10.75,USD/lb,P1M,,,,fred:PURANUSDM,https://fred.stlouisfed.org/graph/fredgraph.csv?id=PURANUSDM,2026-09-25T22:26:59Z,
fred:PURANUSDM,price,1998-06-01T00:00:00Z,10.75,USD/lb,P1M,,,,fred:PURANUSDM,https://fred.stlouisfed.org/graph/fredgraph.csv?id=PURANUSDM,2026-09-25T22:26:59Z,
fred:PURANUSDM,price,1998-07-01T00:00:00Z,10.611111,USD/lb,P1M,,,,fred:PURANUSDM,https://fred.stlouisfed.org/graph/fredgraph.csv?id=PURANUSDM,2026-09-25T22:26:59Z,
fred:PURANUSDM,price,1998-08-01T00:00:00Z,10.5,USD/lb,P1M,,,,fred:PURANUSDM,https://fred.stlouisfed.org/graph/fredgraph.csv?id=PURANUSDM,2026-09-25T22:26:59Z,
fred:PURANUSDM,price,1998-09-01T00:00:00Z,10.233333,USD/lb,P1M,,,,fred:PURANUSDM,https://fred.stlouisfed.org/graph/fredgraph.csv?id=PURANUSDM,2026-09-25T22:26:59Z,
fred:PURANUSDM,price,1998-10-01T00:00:00Z,9.605556,USD/lb,P1M,,,,fred:PURANUSDM,https://fred.stlouisfed.org/graph/fredgraph.csv?id=PURANUSDM,2026-09-25T22:26:59Z,
fred:PURANUSDM,price,1998-11-01T00:00:00Z,8.883333,USD/lb,P1M,,,,fred:PURANUSDM,https://fred.stlouisfed.org/graph/fredgraph.csv?id=PURANUSDM,2026-09-25T22:26:59Z,
fred:PURANUSDM,price,1998-12-01T00:00:00Z,8.4875,USD/lb,P1M,,,,fred:PURANUSDM,https://fred.stlouisfed.org/graph/fredgraph.csv?id=PURANUSDM,2026-09-25T22:26:59Z,
fred:PURANUSDM,price,1999-01-01T00:00:00Z,9.0125,USD/lb,P1M,,,,fred:PURANUSDM,https://fred.stlouisfed.org/graph/fredgraph.csv?id=PURANUSDM,2026-09-25T22:26:59Z,
fred:PURANUSDM,price,1999-02-01T00:00:00Z,9.2,USD/lb,P1M,,,,fred:PURANUSDM,https://fred.stlouisfed.org/graph/fredgraph.csv?id=PURANUSDM,2026-09-25T22:26:59Z,
fred:PURANUSDM,price,1999-03-01T00:00:00Z,10.435714,USD/lb,P1M,,,,fred:PURANUSDM,https://fred.stlouisfed.org/graph/fredgraph.csv?id=PURANUSDM,2026-09-25T22:26:59Z,
fred:PURANUSDM,price,1999-04-01T00:00:00Z,10.85,USD/lb,P1M,,,,fred:PURANUSDM,https://fred.stlouisfed.org/graph/fredgraph.csv?id=PURANUSDM,2026-09-25T22:26:59Z,
fred:PURANUSDM,price,1999-05-01T00:00:00Z,10.725,USD/lb,P1M,,,,fred:PURANUSDM,https://fred.stlouisfed.org/graph/fredgraph.csv?id=PURANUSDM,2026-09-25T22:26:59Z,
fred:PURANUSDM,price,1999-06-01T00:00:00Z,10.555556,USD/lb,P1M,,,,fred:PURANUSDM,https://fred.stlouisfed.org/graph/fredgraph.csv?id=PURANUSDM,2026-09-25T22:26:59Z,
fred:PURANUSDM,price,1999-07-01T00:00:00Z,10.2625,USD/lb,P1M,,,,fred:PURANUSDM,https://fred.stlouisfed.org/graph/fredgraph.csv?id=PURANUSDM,2026-09-25T22:26:59Z,
fred:PURANUSDM,price,1999-08-01T00:00:00Z,10.114286,USD/lb,P1M,,,,fred:PURANUSDM,https://fred.stlouisfed.org/graph/fredgraph.csv?id=PURANUSDM,2026-09-25T22:26:59Z,
fred:PURANUSDM,price,1999-09-01T00:00:00Z,9.916667,USD/lb,P1M,,,,fred:PURANUSDM,https://fred.stlouisfed.org/graph/fredgraph.csv?id=PURANUSDM,2026-09-25T22:26:59Z,
fred:PURANUSDM,price,1999-10-01T00:00:00Z,9.761111,USD/lb,P1M,,,,fred:PURANUSDM,https://fred.stlouisfed.org/graph/fredgraph.csv?id=PURANUSDM,2026-09-25T22:26:59Z,
fred:PURANUSDM,price,1999-11-01T00:00:00Z,9.7125,USD/lb,P1M,,,,fred:PURANUSDM,https://fred.stlouisfed.org/graph/fredgraph.csv?id=PURANUSDM,2026-09-25T22:26:59Z,
fred:PURANUSDM,price,1999-12-01T00:00:00Z,9.6375,USD/lb,P1M,,,,fred:PURANUSDM,https://fred.stlouisfed.org/graph/fredgraph.csv?id=PURANUSDM,2026-09-25T22:26:59Z,
fred:PURANUSDM,price,2000-01-01T00:00:00Z,9.55,USD/lb,P1M,,,,fred:PURANUSDM,https://fred.stlouisfed.org/graph/fredgraph.csv?id=PURANUSDM,2026-09-25T22:26:59Z,
fred:PURANUSDM,price,2000-02-01T00:00:00Z,9.39375,USD/lb,P1M,,,,fred:PURANUSDM,https://fred.stlouisfed.org/graph/fredgraph.csv?id=PURANUSDM,2026-09-25T22:26:59Z,
fred:PURANUSDM,price,2000-03-01T00:00:00Z,9.31,USD/lb,P1M,,,,fred:PURANUSDM,https://fred.stlouisfed.org/graph/fredgraph.csv?id=PURANUSDM,2026-09-25T22:26:59Z,
fred:PURANUSDM,price,2000-04-01T00:00:00Z,9.142857,USD/lb,P1M,,,,fred:PURANUSDM,https://fred.stlouisfed.org/graph/fredgraph.csv?id=PURANUSDM,2026-09-25T22:26:59Z,
fred:PURANUSDM,price,2000-05-01T00:00:00Z,8.5,USD/lb,P1M,,,,fred:PURANUSDM,https://fred.stlouisfed.org/graph/fredgraph.csv?id=PURANUSDM,2026-09-25T22:26:59Z,
fred:PURANUSDM,price,2000-06-01T00:00:00Z,8.23125,USD/lb,P1M,,,,fred:PURANUSDM,https://fred.stlouisfed.org/graph/fredgraph.csv?id=PURANUSDM,2026-09-25T22:26:59Z,
fred:PURANUSDM,price,2000-07-01T00:00:00Z,8.1,USD/lb,P1M,,,,fred:PURANUSDM,https://fred.stlouisfed.org/graph/fredgraph.csv?id=PURANUSDM,2026-09-25T22:26:59Z,
fred:PURANUSDM,price,2000-08-01T00:00:00Z,7.957143,USD/lb,P1M,,,,fred:PURANUSDM,https://fred.stlouisfed.org/graph/fredgraph.csv?id=PURANUSDM,2026-09-25T22:26:59Z,
fred:PURANUSDM,price,2000-09-01T00:00:00Z,7.566667,USD/lb,P1M,,,,fred:PURANUSDM,https://fred.stlouisfed.org/graph/fredgraph.csv?id=PURANUSDM,2026-09-25T22:26:59Z,
fred:PURANUSDM,price,2000-10-01T00:00:00Z,7.4,USD/lb,P1M,,,,fred:PURANUSDM,https://fred.stlouisfed.org/graph/fredgraph.csv?id=PURANUSDM,2026-09-25T22:26:59Z,
fred:PURANUSDM,price,2000-11-01T00:00:00Z,7.127778,USD/lb,P1M,,,,fred:PURANUSDM,https://fred.stlouisfed.org/graph/fredgraph.csv?id=PURANUSDM,2026-09-25T22:26:59Z,
fred:PURANUSDM,price,2000-12-01T00:00:00Z,7.135714,USD/lb,P1M,,,,fred:PURANUSDM,https://fred.stlouisfed.org/graph/fredgraph.csv?id=PURANUSDM,2026-09-25T22:26:59Z,
fred:PURANUSDM,price,2001-01-01T00:00:00Z,7.1,USD/lb,P1M,,,,fred:PURANUSDM,https://fred.stlouisfed.org/graph/fredgraph.csv?id=PURANUSDM,2026-09-25T22:26:59Z,
fred:PURANUSDM,price,2001-02-01T00:00:00Z,7.3875,USD/lb,P1M,,,,fred:PURANUSDM,https://fred.stlouisfed.org/graph/fredgraph.csv?id=PURANUSDM,2026-09-25T22:26:59Z,
fred:PURANUSDM,price,2001-03-01T00:00:00Z,7.694444,USD/lb,P1M,,,,fred:PURANUSDM,https://fred.stlouisfed.org/graph/fredgraph.csv?id=PURANUSDM,2026-09-25T22:26:59Z,
fred:PURANUSDM,price,2001-04-01T00:00:00Z,8.228571,USD/lb,P1M,,,,fred:PURANUSDM,https://fred.stlouisfed.org/graph/fredgraph.csv?id=PURANUSDM,2026-09-25T22:26:59Z,
fred:PURANUSDM,price,2001-05-01T00:00:00Z,9.0,USD/lb,P1M,,,,fred:PURANUSDM,https://fred.stlouisfed.org/graph/fredgraph.csv?id=PURANUSDM,2026-09-25T22:26:59Z,
fred:PURANUSDM,price,2001-06-01T00:00:00Z,8.777778,USD/lb,P1M,,,,fred:PURANUSDM,https://fred.stlouisfed.org/graph/fredgraph.csv?id=PURANUSDM,2026-09-25T22:26:59Z,
fred:PURANUSDM,price,2001-07-01T00:00:00Z,8.75,USD/lb,P1M,,,,fred:PURANUSDM,https://fred.stlouisfed.org/graph/fredgraph.csv?id=PURANUSDM,2026-09-25T22:26:59Z,
fred:PURANUSDM,price,2001-08-01T00:00:00Z,8.95,USD/lb,P1M,,,,fred:PURANUSDM,https://fred.stlouisfed.org/graph/fredgraph.csv?id=PURANUSDM,2026-09-25T22:26:59Z,
fred:PURANUSDM,price,2001-09-01T00:00:00Z,9.15,USD/lb,P1M,,,,fred:PURANUSDM,https://fred.stlouisfed.org/graph/fredgraph.csv?id=PURANUSDM,2026-09-25T22:26:59Z,
fred:PURANUSDM,price,2001-10-01T00:00:00Z,9.466667,USD/lb,P1M,,,,fred:PURANUSDM,https://fred.stlouisfed.org/graph/fredgraph.csv?id=PURANUSDM,2026-09-25T22:26:59Z,
fred:PURANUSDM,price,2001-11-01T00:00:00Z,9.433333,USD/lb,P1M,,,,fred:PURANUSDM,https://fred.stlouisfed.org/graph/fredgraph.csv?id=PURANUSDM,2026-09-25T22:26:59Z,
fred:PURANUSDM,price,2001-12-01T00:00:00Z,9.5,USD/lb,P1M,,,,fred:PURANUSDM,https://fred.stlouisfed.org/graph/fredgraph.csv?id=PURANUSDM,2026-09-25T22:26:59Z,
fred:PURANUSDM,price,2002-01-01T00:00:00Z,9.5875,USD/lb,P1M,,,,fred:PURANUSDM,https://fred.stlouisfed.org/graph/fredgraph.csv?id=PURANUSDM,2026-09-25T22:26:59Z,
fred:PURANUSDM,price,2002-02-01T00:00:00Z,9.71875,USD/lb,P1M,,,,fred:PURANUSDM,https://fred.stlouisfed.org/graph/fredgraph.csv?id=PURANUSDM,2026-09-25T22:26:59Z,
fred:PURANUSDM,price,2002-03-01T00:00:00Z,9.95,USD/lb,P1M,,,,fred:PURANUSDM,https://fred.stlouisfed.org/graph/fredgraph.csv?id=PURANUSDM,2026-09-25T22:26:59Z,
fred:PURANUSDM,price,2002-04-01T00:00:00Z,9.75,USD/lb,P1M,,,,fred:PURANUSDM,https://fred.stlouisfed.org/graph/fredgraph.csv?id=PURANUSDM,2026-09-25T22:26:59Z,
fred:PURANUSDM,price,2002-05-01T00:00:00Z,9.9,USD/lb,P1M,,,,fred:PURANUSDM,https://fred.stlouisfed.org/graph/fredgraph.csv?id=PURANUSDM,2026-09-25T22:26:59Z,
fred:PURANUSDM,price,2002-06-01T00:00:00Z,9.9,USD/lb,P1M,,,,fred:PURANUSDM,https://fred.stlouisfed.org/graph/fredgraph.csv?id=PURANUSDM,2026-09-25T22:26:59Z,
fred:PURANUSDM,price,2002-07-01T00:00:00Z,9.89375,USD/lb,P1M,,,,fred:PURANUSDM,https://fred.stlouisfed.org/graph/fredgraph.csv?id=PURANUSDM,2026-09-25T22:26:59Z,
fred:PURANUSDM,price,2002-08-01T00:00:00Z,9.85,USD/lb,P1M,,,,fred:PURANUSDM,https://fred.stlouisfed.org/graph/fredgraph.csv?id=PURANUSDM,2026-09-25T22:26:59Z,
fred:PURANUSDM,price,2002-09-01T00:00:00Z,9.797619,USD/lb,P1M,,,,fred:PURANUSDM,https://fred.stlouisfed.org/graph/fredgraph.csv?id=PURANUSDM,2026-09-25T22:26:59Z,
fred:PURANUSDM,price,2002-10-01T00:00:00Z,9.841304,USD/lb,P1M,,,,fred:PURANUSDM,https://fred.stlouisfed.org/graph/fredgraph.csv?id=PURANUSDM,2026-09-25T22:26:59Z,
fred:PURANUSDM,price,2002-11-01T00:00:00Z,9.864286,USD/lb,P1M,,,,fred:PURANUSDM,https://fred.stlouisfed.org/graph/fredgraph.csv?id=PURANUSDM,2026-09-25T22:26:59Z,
fred:PURANUSDM,price,2002-12-01T00:00:00Z,9.881818,USD/lb,P1M,,,,fred:PURANUSDM,https://fred.stlouisfed.org/graph/fredgraph.csv?id=PURANUSDM,2026-09-25T22:26:59Z,
fred:PURANUSDM,price,2003-01-01T00:00:00Z,10.156522,USD/lb,P1M,,,,fred:PURANUSDM,https://fred.stlouisfed.org/graph/fredgraph.csv?id=PURANUSDM,2026-09-25T22:26:59Z,
fred:PURANUSDM,price,2003-02-01T00:00:00Z,10.1,USD/lb,P1M,,,,fred:PURANUSDM,https://fred.stlouisfed.org/graph/fredgraph.csv?id=PURANUSDM,2026-09-25T22:26:59Z,
fred:PURANUSDM,price,2003-03-01T00:00:00Z,10.1,USD/lb,P1M,,,,fred:PURANUSDM,https://fred.stlouisfed.org/graph/fredgraph.csv?id=PURANUSDM,2026-09-25T22:26:59Z,
fred:PURANUSDM,price,2003-04-01T00:00:00Z,10.1,USD/lb,P1M,,,,fred:PURANUSDM,https://fred.stlouisfed.org/graph/fredgraph.csv?id=PURANUSDM,2026-09-25T22:26:59Z,
fred:PURANUSDM,price,2003-05-01T00:00:00Z,10.895455,USD/lb,P1M,,,,fred:PURANUSDM,https://fred.stlouisfed.org/graph/fredgraph.csv?id=PURANUSDM,2026-09-25T22:26:59Z,
fred:PURANUSDM,price,2003-06-01T00:00:00Z,10.9,USD/lb,P1M,,,,fred:PURANUSDM,https://fred.stlouisfed.org/graph/fredgraph.csv?id=PURANUSDM,2026-09-25T22:26:59Z,
fred:PURANUSDM,price,2003-07-01T00:00:00Z,10.952174,USD/lb,P1M,,,,fred:PURANUSDM,https://fred.stlouisfed.org/graph/fredgraph.csv?id=PURANUSDM,2026-09-25T22:26:59Z,
fred:PURANUSDM,price,2003-08-01T00:00:00Z,11.2375,USD/lb,P1M,,,,fred:PURANUSDM,https://fred.stlouisfed.org/graph/fredgraph.csv?id=PURANUSDM,2026-09-25T22:26:59Z,
fred:PURANUSDM,price,2003-09-01T00:00:00Z,11.492857,USD/lb,P1M,,,,fred:PURANUSDM,https://fred.stlouisfed.org/graph/fredgraph.csv?id=PURANUSDM,2026-09-25T22:26:59Z,
fred:PURANUSDM,price,2003-10-01T00:00:00Z,12.372222,USD/lb,P1M,,,,fred:PURANUSDM,https://fred.stlouisfed.org/graph/fredgraph.csv?id=PURANUSDM,2026-09-25T22:26:59Z,
fred:PURANUSDM,price,2003-11-01T00:00:00Z,13.175,USD/lb,P1M,,,,fred:PURANUSDM,https://fred.stlouisfed.org/graph/fredgraph.csv?id=PURANUSDM,2026-09-25T22:26:59Z,
fred:PURANUSDM,price,2003-12-01T00:00:00Z,13.35,USD/lb,P1M,,,,fred:PURANUSDM,https://fred.stlouisfed.org/graph/fredgraph.csv?id=PURANUSDM,2026-09-25T22:26:59Z,
fred:PURANUSDM,price,2004-01-01T00:00:00Z,14.8,USD/lb,P1M,,,,fred:PURANUSDM,https://fred.stlouisfed.org/graph/fredgraph.csv?id=PURANUSDM,2026-09-25T22:26:59Z,
fred:PURANUSDM,price,2004-02-01T00:00:00Z,16.05,USD/lb,P1M,,,,fred:PURANUSDM,https://fred.stlouisfed.org/graph/fredgraph.csv?id=PURANUSDM,2026-09-25T22:26:59Z,
fred:PURANUSDM,price,2004-03-01T00:00:00Z,17.138889,USD/lb,P1M,,,,fred:PURANUSDM,https://fred.stlouisfed.org/graph/fredgraph.csv?id=PURANUSDM,2026-09-25T22:26:59Z,
fred:PURANUSDM,price,2004-04-01T00:00:00Z,17.75,USD/lb,P1M,,,,fred:PURANUSDM,https://fred.stlouisfed.org/graph/fredgraph.csv?id=PURANUSDM,2026-09-25T22:26:59Z,
fred:PURANUSDM,price,2004-05-01T00:00:00Z,17.75,USD/lb,P1M,,,,fred:PURANUSDM,https://fred.stlouisfed.org/graph/fredgraph.csv?id=PURANUSDM,2026-09-25T22:26:59Z,
fred:PURANUSDM,price,2004-06-01T00:00:00Z,17.88125,USD/lb,P1M,,,,fred:PURANUSDM,https://fred.stlouisfed.org/graph/fredgraph.csv?id=PURANUSDM,2026-09-25T22:26:59Z,
fred:PURANUSDM,price,2004-07-01T00:00:00Z,17.9,USD/lb,P1M,,,,fred:PURANUSDM,https://fred.stlouisfed.org/graph/fredgraph.csv?id=PURANUSDM,2026-09-25T22:26:59Z,
fred:PURANUSDM,price,2004-08-01T00:00:00Z,17.9,USD/lb,P1M,,,,fred:PURANUSDM,https://fred.stlouisfed.org/graph/fredgraph.csv?id=PURANUSDM,2026-09-25T22:26:59Z,
fred:PURANUSDM,price,2004-09-01T00:00:00Z,18.6,USD/lb,P1M,,,,fred:PURANUSDM,https://fred.stlouisfed.org/graph/fredgraph.csv?id=PURANUSDM,2026-09-25T22:26:59Z,
fred:PURANUSDM,price,2004-10-01T00:00:00Z,20.08,USD/lb,P1M,,,,fred:PURANUSDM,https://fred.stlouisfed.org/graph/fredgraph.csv?id=PURANUSDM,2026-09-25T22:26:59Z,
fred:PURANUSDM,price,2004-11-01T00:00:00Z,20.2,USD/lb,P1M,,,,fred:PURANUSDM,https://fred.stlouisfed.org/graph/fredgraph.csv?id=PURANUSDM,2026-09-25T22:26:59Z,
fred:PURANUSDM,price,2004-12-01T00:00:00Z,20.5,USD/lb,P1M,,,,fred:PURANUSDM,https://fred.stlouisfed.org/graph/fredgraph.csv?id=PURANUSDM,2026-09-25T22:26:59Z,
fred:PURANUSDM,price,2005-01-01T00:00:00Z,20.535714,USD/lb,P1M,,,,fred:PURANUSDM,https://fred.stlouisfed.org/graph/fredgraph.csv?id=PURANUSDM,2026-09-25T22:26:59Z,
fred:PURANUSDM,price,2005-02-01T00:00:00Z,21.2,USD/lb,P1M,,,,fred:PURANUSDM,https://fred.stlouisfed.org/graph/fredgraph.csv?id=PURANUSDM,2026-09-25T22:26:59Z,
fred:PURANUSDM,price,2005-03-01T00:00:00Z,21.844444,USD/lb,P1M,,,,fred:PURANUSDM,https://fred.stlouisfed.org/graph/fredgraph.csv?id=PURANUSDM,2026-09-25T22:26:59Z,
fred:PURANUSDM,price,2005-04-01T00:00:00Z,23.144444,USD/lb,P1M,,,,fred:PURANUSDM,https://fred.stlouisfed.org/graph/fredgraph.csv?id=PURANUSDM,2026-09-25T22:26:59Z,
fred:PURANUSDM,price,2005-05-01T00:00:00Z,28.25,USD/lb,P1M,,,,fred:PURANUSDM,https://fred.stlouisfed.org/graph/fredgraph.csv?id=PURANUSDM,2026-09-25T22:26:59Z,
fred:PURANUSDM,price,2005-06-01T00:00:00Z,29.0,USD/lb,P1M,,,,fred:PURANUSDM,https://fred.stlouisfed.org/graph/fredgraph.csv?id=PURANUSDM,2026-09-25T22:26:59Z,
fred:PURANUSDM,price,2005-07-01T00:00:00Z,29.277778,USD/lb,P1M,,,,fred:PURANUSDM,https://fred.stlouisfed.org/graph/fredgraph.csv?id=PURANUSDM,2026-09-25T22:26:59Z,
fred:PURANUSDM,price,2005-08-01T00:00:00Z,29.65,USD/lb,P1M,,,,fred:PURANUSDM,https://fred.stlouisfed.org/graph/fredgraph.csv?id=PURANUSDM,2026-09-25T22:26:59Z,
fred:PURANUSDM,price,2005-09-01T00:00:00Z,30.43125,USD/lb,P1M,,,,fred:PURANUSDM,https://fred.stlouisfed.org/graph/fredgraph.csv?id=PURANUSDM,2026-09-25T22:26:59Z,
fred:PURANUSDM,price,2005-10-01T00:00:00Z,32.75,USD/lb,P1M,,,,fred:PURANUSDM,https://fred.stlouisfed.org/graph/fredgraph.csv?id=PURANUSDM,2026-09-25T22:26:59Z,
fred:PURANUSDM,price,2005-11-01T00:00:00Z,33.555556,USD/lb,P1M,,,,fred:PURANUSDM,https://fred.stlouisfed.org/graph/fredgraph.csv?id=PURANUSDM,2026-09-25T22:26:59Z,
fred:PURANUSDM,price,2005-12-01T00:00:00Z,35.53125,USD/lb,P1M,,,,fred:PURANUSDM,https://fred.stlouisfed.org/graph/fredgraph.csv?id=PURANUSDM,2026-09-25T22:26:59Z,
fred:PURANUSDM,price,2006-01-01T00:00:00Z,36.75,USD/lb,P1M,,,,fred:PURANUSDM,https://fred.stlouisfed.org/graph/fredgraph.csv?id=PURANUSDM,2026-09-25T22:26:59Z,
fred:PURANUSDM,price,2006-02-01T00:00:00Z,37.6875,USD/lb,P1M,,,,fred:PURANUSDM,https://fred.stlouisfed.org/graph/fredgraph.csv?id=PURANUSDM,2026-09-25T22:26:59Z,
fred:PURANUSDM,price,2006-03-01T00:00:00Z,39.77,USD/lb,P1M,,,,fred:PURANUSDM,https://fred.stlouisfed.org/graph/fredgraph.csv?id=PURANUSDM,2026-09-25T22:26:59Z,
fred:PURANUSDM,price,2006-04-01T00:00:00Z,41.1,USD/lb,P1M,,,,fred:PURANUSDM,https://fred.stlouisfed.org/graph/fredgraph.csv?id=PURANUSDM,2026-09-25T22:26:59Z,
fred:PURANUSDM,price,2006-05-01T00:00:00Z,42.277778,USD/lb,P1M,,,,fred:PURANUSDM,https://fred.stlouisfed.org/graph/fredgraph.csv?id=PURANUSDM,2026-09-25T22:26:59Z,
fred:PURANUSDM,price,2006-06-01T00:00:00Z,44.166667,USD/lb,P1M,,,,fred:PURANUSDM,https://fred.stlouisfed.org/graph/fredgraph.csv?id=PURANUSDM,2026-09-25T22:26:59Z,
fred:PURANUSDM,price,2006-07-01T00:00:00Z,46.5,USD/lb,P1M,,,,fred:PURANUSDM,https://fred.stlouisfed.org/graph/fredgraph.csv?id=PURANUSDM,2026-09-25T22:26:59Z,
fred:PURANUSDM,price,2006-08-01T00:00:00Z,47.444444,USD/lb,P1M,,,,fred:PURANUSDM,https://fred.stlouisfed.org/graph/fredgraph.csv?id=PURANUSDM,2026-09-25T22:26:59Z,
fred:PURANUSDM,price,2006-09-01T00:00:00Z,52.444444,USD/lb,P1M,,,,fred:PURANUSDM,https://fred.stlouisfed.org/graph/fredgraph.csv?id=PURANUSDM,2026-09-25T22:26:59Z,
fred:PURANUSDM,price,2006-10-01T00:00:00Z,56.0625,USD/lb,P1M,,,,fred:PURANUSDM,https://fred.stlouisfed.org/graph/fredgraph.csv?id=PURANUSDM,2026-09-25T22:26:59Z,
fred:PURANUSDM,price,2006-11-01T00:00:00Z,61.444444,USD/lb,P1M,,,,fred:PURANUSDM,https://fred.stlouisfed.org/graph/fredgraph.csv?id=PURANUSDM,2026-09-25T22:26:59Z,
fred:PURANUSDM,price,2006-12-01T00:00:00Z,66.571429,USD/lb,P1M,,,,fred:PURANUSDM,https://fred.stlouisfed.org/graph/fredgraph.csv?id=PURANUSDM,2026-09-25T22:26:59Z,
fred:PURANUSDM,price,2007-01-01T00:00:00Z,72.0,USD/lb,P1M,,,,fred:PURANUSDM,https://fred.stlouisfed.org/graph/fredgraph.csv?id=PURANUSDM,2026-09-25T22:26:59Z,
fred:PURANUSDM,price,2007-02-01T00:00:00Z,76.25,USD/lb,P1M,,,,fred:PURANUSDM,https://fred.stlouisfed.org/graph/fredgraph.csv?id=PURANUSDM,2026-09-25T22:26:59Z,
fred:PURANUSDM,price,2007-03-01T00:00:00Z,89.444444,USD/lb,P1M,,,,fred:PURANUSDM,https://fred.stlouisfed.org/graph/fredgraph.csv?id=PURANUSDM,2026-09-25T22:26:59Z,
fred:PURANUSDM,price,2007-04-01T00:00:00Z,110.428571,USD/lb,P1M,,,,fred:PURANUSDM,https://fred.stlouisfed.org/graph/fredgraph.csv?id=PURANUSDM,2026-09-25T22:26:59Z,
fred:PURANUSDM,price,2007-05-01T00:00:00Z,119.111111,USD/lb,P1M,,,,fred:PURANUSDM,https://fred.stlouisfed.org/graph/fredgraph.csv?id=PURANUSDM,2026-09-25T22:26:59Z,
fred:PURANUSDM,price,2007-06-01T00:00:00Z,136.222222,USD/lb,P1M,,,,fred:PURANUSDM,https://fred.stlouisfed.org/graph/fredgraph.csv?id=PURANUSDM,2026-09-25T22:26:59Z,
fred:PURANUSDM,price,2007-07-01T00:00:00Z,131.5,USD/lb,P1M,,,,fred:PURANUSDM,https://fred.stlouisfed.org/graph/fredgraph.csv?id=PURANUSDM,2026-09-25T22:26:59Z,
fred:PURANUSDM,price,2007-08-01T00:00:00Z,109.6,USD/lb,P1M,,,,fred:PURANUSDM,https://fred.stlouisfed.org/graph/fredgraph.csv?id=PURANUSDM,2026-09-25T22:26:59Z,
fred:PURANUSDM,price,2007-09-01T00:00:00Z,85.0,USD/lb,P1M,,,,fred:PURANUSDM,https://fred.stlouisfed.org/graph/fredgraph.csv?id=PURANUSDM,2026-09-25T22:26:59Z,
fred:PURANUSDM,price,2007-10-01T00:00:00Z,77.5,USD/lb,P1M,,,,fred:PURANUSDM,https://fred.stlouisfed.org/graph/fredgraph.csv?id=PURANUSDM,2026-09-25T22:26:59Z,
fred:PURANUSDM,price,2007-11-01T00:00:00Z,92.0,USD/lb,P1M,,,,fred:PURANUSDM,https://fred.stlouisfed.org/graph/fredgraph.csv?id=PURANUSDM,2026-09-25T22:26:59Z,
fred:PURANUSDM,price,2007-12-01T00:00:00Z,91.8,USD/lb,P1M,,,,fred:PURANUSDM,https://fred.stlouisfed.org/graph/fredgraph.csv?id=PURANUSDM,2026-09-25T22:26:59Z,
fred:PURANUSDM,price,2008-01-01T00:00:00Z,87.555556,USD/lb,P1M,,,,fred:PURANUSDM,https://fred.stlouisfed.org/graph/fredgraph.csv?id=PURANUSDM,2026-09-25T22:26:59Z,
fred:PURANUSDM,price,2008-02-01T00:00:00Z,76.0,USD/lb,P1M,,,,fred:PURANUSDM,https://fred.stlouisfed.org/graph/fredgraph.csv?id=PURANUSDM,2026-09-25T22:26:59Z,
fred:PURANUSDM,price,2008-03-01T00:00:00Z,73.714286,USD/lb,P1M,,,,fred:PURANUSDM,https://fred.stlouisfed.org/graph/fredgraph.csv?id=PURANUSDM,2026-09-25T22:26:59Z,
fred:PURANUSDM,price,2008-04-01T00:00:00Z,69.444444,USD/lb,P1M,,,,fred:PURANUSDM,https://fred.stlouisfed.org/graph/fredgraph.csv?id=PURANUSDM,2026-09-25T22:26:59Z,
fred:PURANUSDM,price,2008-05-01T00:00:00Z,61.666667,USD/lb,P1M,,,,fred:PURANUSDM,https://fred.stlouisfed.org/graph/fredgraph.csv?id=PURANUSDM,2026-09-25T22:26:59Z,
fred:PURANUSDM,price,2008-06-01T00:00:00Z,59.0,USD/lb,P1M,,,,fred:PURANUSDM,https://fred.stlouisfed.org/graph/fredgraph.csv?id=PURANUSDM,2026-09-25T22:26:59Z,
fred:PURANUSDM,price,2008-07-01T00:00:00Z,61.84375,USD/lb,P1M,,,,fred:PURANUSDM,https://fred.stlouisfed.org/graph/fredgraph.csv?id=PURANUSDM,2026-09-25T22:26:59Z,
fred:PURANUSDM,price,2008-08-01T00:00:00Z,64.5,USD/lb,P1M,,,,fred:PURANUSDM,https://fred.stlouisfed.org/graph/fredgraph.csv?id=PURANUSDM,2026-09-25T22:26:59Z,
fred:PURANUSDM,price,2008-09-01T00:00:00Z,63.0,USD/lb,P1M,,,,fred:PURANUSDM,https://fred.stlouisfed.org/graph/fredgraph.csv?id=PURANUSDM,2026-09-25T22:26:59Z,
fred:PURANUSDM,price,2008-10-01T00:00:00Z,48.6,USD/lb,P1M,,,,fred:PURANUSDM,https://fred.stlouisfed.org/graph/fredgraph.csv?id=PURANUSDM,2026-09-25T22:26:59Z,
fred:PURANUSDM,price,2008-11-01T00:00:00Z,50.5,USD/lb,P1M,,,,fred:PURANUSDM,https://fred.stlouisfed.org/graph/fredgraph.csv?id=PURANUSDM,2026-09-25T22:26:59Z,
fred:PURANUSDM,price,2008-12-01T00:00:00Z,54.333333,USD/lb,P1M,,,,fred:PURANUSDM,https://fred.stlouisfed.org/graph/fredgraph.csv?id=PURANUSDM,2026-09-25T22:26:59Z,
fred:PURANUSDM,price,2009-01-01T00:00:00Z,51.444444,USD/lb,P1M,,,,fred:PURANUSDM,https://fred.stlouisfed.org/graph/fredgraph.csv?id=PURANUSDM,2026-09-25T22:26:59Z,
fred:PURANUSDM,price,2009-02-01T00:00:00Z,47.0,USD/lb,P1M,,,,fred:PURANUSDM,https://fred.stlouisfed.org/graph/fredgraph.csv?id=PURANUSDM,2026-09-25T22:26:59Z,
fred:PURANUSDM,price,2009-03-01T00:00:00Z,43.375,USD/lb,P1M,,,,fred:PURANUSDM,https://fred.stlouisfed.org/graph/fredgraph.csv?id=PURANUSDM,2026-09-25T22:26:59Z,
fred:PURANUSDM,price,2009-04-01T00:00:00Z,41.71875,USD/lb,P1M,,,,fred:PURANUSDM,https://fred.stlouisfed.org/graph/fredgraph.csv?id=PURANUSDM,2026-09-25T22:26:59Z,
fred:PURANUSDM,price,2009-05-01T00:00:00Z,48.555556,USD/lb,P1M,,,,fred:PURANUSDM,https://fred.stlouisfed.org/graph/fredgraph.csv?id=PURANUSDM,2026-09-25T22:26:59Z,
fred:PURANUSDM,price,2009-06-01T00:00:00Z,51.5,USD/lb,P1M,,,,fred:PURANUSDM,https://fred.stlouisfed.org/graph/fredgraph.csv?id=PURANUSDM,2026-09-25T22:26:59Z,
fred:PURANUSDM,price,2009-07-01T00:00:00Z,49.7,USD/lb,P1M,,,,fred:PURANUSDM,https://fred.stlouisfed.org/graph/fredgraph.csv?id=PURANUSDM,2026-09-25T22:26:59Z,
fred:PURANUSDM,price,2009-08-01T00:00:00Z,47.1875,USD/lb,P1M,,,,fred:PURANUSDM,https://fred.stlouisfed.org/graph/fredgraph.csv?id=PURANUSDM,2026-09-25T22:26:59Z,
fred:PURANUSDM,price,2009-09-01T00:00:00Z,44.277778,USD/lb,P1M,,,,fred:PURANUSDM,https://fred.stlouisfed.org/graph/fredgraph.csv?id=PURANUSDM,2026-09-25T22:26:59Z,
fred:PURANUSDM,price,2009-10-01T00:00:00Z,46.111111,USD/lb,P1M,,,,fred:PURANUSDM,https://fred.stlouisfed.org/graph/fredgraph.csv?id=PURANUSDM,2026-09-25T22:26:59Z,
fred:PURANUSDM,price,2009-11-01T00:00:00Z,44.75,USD/lb,P1M,,,,fred:PURANUSDM,https://fred.stlouisfed.org/graph/fredgraph.csv?id=PURANUSDM,2026-09-25T22:26:59Z,
fred:PURANUSDM,price,2009-12-01T00:00:00Z,44.4375,USD/lb,P1M,,,,fred:PURANUSDM,https://fred.stlouisfed.org/graph/fredgraph.csv?id=PURANUSDM,2026-09-25T22:26:59Z,
fred:PURANUSDM,price,2010-01-01T00:00:00Z,43.825,USD/lb,P1M,,,,fred:PURANUSDM,https://fred.stlouisfed.org/graph/fredgraph.csv?id=PURANUSDM,2026-09-25T22:26:59Z,
fred:PURANUSDM,price,2010-02-01T00:00:00Z,42.1,USD/lb,P1M,,,,fred:PURANUSDM,https://fred.stlouisfed.org/graph/fredgraph.csv?id=PURANUSDM,2026-09-25T22:26:59Z,
fred:PURANUSDM,price,2010-03-01T00:00:00Z,40.911111,USD/lb,P1M,,,,fred:PURANUSDM,https://fred.stlouisfed.org/graph/fredgraph.csv?id=PURANUSDM,2026-09-25T22:26:59Z,
fred:PURANUSDM,price,2010-04-01T00:00:00Z,41.325,USD/lb,P1M,,,,fred:PURANUSDM,https://fred.stlouisfed.org/graph/fredgraph.csv?id=PURANUSDM,2026-09-25T22:26:59Z,
fred:PURANUSDM,price,2010-05-01T00:00:00Z,41.3,USD/lb,P1M,,,,fred:PURANUSDM,https://fred.stlouisfed.org/graph/fredgraph.csv?id=PURANUSDM,2026-09-25T22:26:59Z,
fred:PURANUSDM,price,2010-06-01T00:00:00Z,40.777778,USD/lb,P1M,,,,fred:PURANUSDM,https://fred.stlouisfed.org/graph/fredgraph.csv?id=PURANUSDM,2026-09-25T22:26:59Z,
fred:PURANUSDM,price,2010-07-01T00:00:00Z,41.944444,USD/lb,P1M,,,,fred:PURANUSDM,https://fred.stlouisfed.org/graph/fredgraph.csv?id=PURANUSDM,2026-09-25T22:26:59Z,
fred:PURANUSDM,price,2010-08-01T00:00:00Z,46.0625,USD/lb,P1M,,,,fred:PURANUSDM,https://fred.stlouisfed.org/graph/fredgraph.csv?id=PURANUSDM,2026-09-25T22:26:59Z,
fred:PURANUSDM,price,2010-09-01T00:00:00Z,46.666667,USD/lb,P1M,,,,fred:PURANUSDM,https://fred.stlouisfed.org/graph/fredgraph.csv?id=PURANUSDM,2026-09-25T22:26:59Z,
fred:PURANUSDM,price,2010-10-01T00:00:00Z,48.833333,USD/lb,P1M,,,,fred:PURANUSDM,https://fred.stlouisfed.org/graph/fredgraph.csv?id=PURANUSDM,2026-09-25T22:26:59Z,
fred:PURANUSDM,price,2010-11-01T00:00:00Z,57.1625,USD/lb,P1M,,,,fred:PURANUSDM,https://fred.stlouisfed.org/graph/fredgraph.csv?id=PURANUSDM,2026-09-25T22:26:59Z,
fred:PURANUSDM,price,2010-12-01T00:00:00Z,60.625,USD/lb,P1M,,,,fred:PURANUSDM,https://fred.stlouisfed.org/graph/fredgraph.csv?id=PURANUSDM,2026-09-25T22:26:59Z,
fred:PURANUSDM,price,2011-01-01T00:00:00Z,63.875,USD/lb,P1M,,,,fred:PURANUSDM,https://fred.stlouisfed.org/graph/fredgraph.csv?id=PURANUSDM,2026-09-25T22:26:59Z,
fred:PURANUSDM,price,2011-02-01T00:00:00Z,65.0,USD/lb,P1M,,,,fred:PURANUSDM,https://fred.stlouisfed.org/graph/fredgraph.csv?id=PURANUSDM,2026-09-25T22:26:59Z,
fred:PURANUSDM,price,2011-03-01T00:00:00Z,63.5,USD/lb,P1M,,,,fred:PURANUSDM,https://fred.stlouisfed.org/graph/fredgraph.csv?id=PURANUSDM,2026-09-25T22:26:59Z,
fred:PURANUSDM,price,2011-04-01T00:00:00Z,57.821429,USD/lb,P1M,,,,fred:PURANUSDM,https://fred.stlouisfed.org/graph/fredgraph.csv?id=PURANUSDM,2026-09-25T22:26:59Z,
fred:PURANUSDM,price,2011-05-01T00:00:00Z,56.0625,USD/lb,P1M,,,,fred:PURANUSDM,https://fred.stlouisfed.org/graph/fredgraph.csv?id=PURANUSDM,2026-09-25T22:26:59Z,
fred:PURANUSDM,price,2011-06-01T00:00:00Z,55.4,USD/lb,P1M,,,,fred:PURANUSDM,https://fred.stlouisfed.org/graph/fredgraph.csv?id=PURANUSDM,2026-09-25T22:26:59Z,
fred:PURANUSDM,price,2011-07-01T00:00:00Z,52.788889,USD/lb,P1M,,,,fred:PURANUSDM,https://fred.stlouisfed.org/graph/fredgraph.csv?id=PURANUSDM,2026-09-25T22:26:59Z,
fred:PURANUSDM,price,2011-08-01T00:00:00Z,50.683333,USD/lb,P1M,,,,fred:PURANUSDM,https://fred.stlouisfed.org/graph/fredgraph.csv?id=PURANUSDM,2026-09-25T22:26:59Z,
fred:PURANUSDM,price,2011-09-01T00:00:00Z,51.983333,USD/lb,P1M,,,,fred:PURANUSDM,https://fred.stlouisfed.org/graph/fredgraph.csv?id=PURANUSDM,2026-09-25T22:26:59Z,
fred:PURANUSDM,price,2011-10-01T00:00:00Z,52.3375,USD/lb,P1M,,,,fred:PURANUSDM,https://fred.stlouisfed.org/graph/fredgraph.csv?id=PURANUSDM,2026-09-25T22:26:59Z,
fred:PURANUSDM,price,2011-11-01T00:00:00Z,53.194444,USD/lb,P1M,,,,fred:PURANUSDM,https://fred.stlouisfed.org/graph/fredgraph.csv?id=PURANUSDM,2026-09-25T22:26:59Z,
fred:PURANUSDM,price,2011-12-01T00:00:00Z,52.178571,USD/lb,P1M,,,,fred:PURANUSDM,https://fred.stlouisfed.org/graph/fredgraph.csv?id=PURANUSDM,2026-09-25T22:26:59Z,
fred:PURANUSDM,price,2012-01-01T00:00:00Z,52.3125,USD/lb,P1M,,,,fred:PURANUSDM,https://fred.stlouisfed.org/graph/fredgraph.csv?id=PURANUSDM,2026-09-25T22:26:59Z,
fred:PURANUSDM,price,2012-02-01T00:00:00Z,52.055556,USD/lb,P1M,,,,fred:PURANUSDM,https://fred.stlouisfed.org/graph/fredgraph.csv?id=PURANUSDM,2026-09-25T22:26:59Z,
fred:PURANUSDM,price,2012-03-01T00:00:00Z,51.288889,USD/lb,P1M,,,,fred:PURANUSDM,https://fred.stlouisfed.org/graph/fredgraph.csv?id=PURANUSDM,2026-09-25T22:26:59Z,
fred:PURANUSDM,price,2012-04-01T00:00:00Z,51.3,USD/lb,P1M,,,,fred:PURANUSDM,https://fred.stlouisfed.org/graph/fredgraph.csv?id=PURANUSDM,2026-09-25T22:26:59Z,
fred:PURANUSDM,price,2012-05-01T00:00:00Z,51.888889,USD/lb,P1M,,,,fred:PURANUSDM,https://fred.stlouisfed.org/graph/fredgraph.csv?id=PURANUSDM,2026-09-25T22:26:59Z,
fred:PURANUSDM,price,2012-06-01T00:00:00Z,50.833333,USD/lb,P1M,,,,fred:PURANUSDM,https://fred.stlouisfed.org/graph/fredgraph.csv?id=PURANUSDM,2026-09-25T22:26:59Z,
fred:PURANUSDM,price,2012-07-01T00:00:00Z,50.355556,USD/lb,P1M,,,,fred:PURANUSDM,https://fred.stlouisfed.org/graph/fredgraph.csv?id=PURANUSDM,2026-09-25T22:26:59Z,
fred:PURANUSDM,price,2012-08-01T00:00:00Z,49.25,USD/lb,P1M,,,,fred:PURANUSDM,https://fred.stlouisfed.org/graph/fredgraph.csv?id=PURANUSDM,2026-09-25T22:26:59Z,
fred:PURANUSDM,price,2012-09-01T00:00:00Z,47.725,USD/lb,P1M,,,,fred:PURANUSDM,https://fred.stlouisfed.org/graph/fredgraph.csv?id=PURANUSDM,2026-09-25T22:26:59Z,
fred:PURANUSDM,price,2012-10-01T00:00:00Z,44.611111,USD/lb,P1M,,,,fred:PURANUSDM,https://fred.stlouisfed.org/graph/fredgraph.csv?id=PURANUSDM,2026-09-25T22:26:59Z,
fred:PURANUSDM,price,2012-11-01T00:00:00Z,41.5,USD/lb,P1M,,,,fred:PURANUSDM,https://fred.stlouisfed.org/graph/fredgraph.csv?id=PURANUSDM,2026-09-25T22:26:59Z,
fred:PURANUSDM,price,2012-12-01T00:00:00Z,43.666667,USD/lb,P1M,,,,fred:PURANUSDM,https://fred.stlouisfed.org/graph/fredgraph.csv?id=PURANUSDM,2026-09-25T22:26:59Z,
fred:PURANUSDM,price,2013-01-01T00:00:00Z,42.75,USD/lb,P1M,,,,fred:PURANUSDM,https://fred.stlouisfed.org/graph/fredgraph.csv?id=PURANUSDM,2026-09-25T22:26:59Z,
fred:PURANUSDM,price,2013-02-01T00:00:00Z,43.40625,USD/lb,P1M,,,,fred:PURANUSDM,https://fred.stlouisfed.org/graph/fredgraph.csv?id=PURANUSDM,2026-09-25T22:26:59Z,
fred:PURANUSDM,price,2013-03-01T00:00:00Z,42.28125,USD/lb,P1M,,,,fred:PURANUSDM,https://fred.stlouisfed.org/graph/fredgraph.csv?id=PURANUSDM,2026-09-25T22:26:59Z,
fred:PURANUSDM,price,2013-04-01T00:00:00Z,41.4125,USD/lb,P1M,,,,fred:PURANUSDM,https://fred.stlouisfed.org/graph/fredgraph.csv?id=PURANUSDM,2026-09-25T22:26:59Z,
fred:PURANUSDM,price,2013-05-01T00:00:00Z,40.605,USD/lb,P1M,,,,fred:PURANUSDM,https://fred.stlouisfed.org/graph/fredgraph.csv?id=PURANUSDM,2026-09-25T22:26:59Z,
fred:PURANUSDM,price,2013-06-01T00:00:00Z,39.9375,USD/lb,P1M,,,,fred:PURANUSDM,https://fred.stlouisfed.org/graph/fredgraph.csv?id=PURANUSDM,2026-09-25T22:26:59Z,
fred:PURANUSDM,price,2013-07-01T00:00:00Z,38.022222,USD/lb,P1M,,,,fred:PURANUSDM,https://fred.stlouisfed.org/graph/fredgraph.csv?id=PURANUSDM,2026-09-25T22:26:59Z,
fred:PURANUSDM,price,2013-08-01T00:00:00Z,34.994163,USD/lb,P1M,,,,fred:PURANUSDM,https://fred.stlouisfed.org/graph/fredgraph.csv?id=PURANUSDM,2026-09-25T22:26:59Z,
fred:PURANUSDM,price,2013-09-01T00:00:00Z,34.453287,USD/lb,P1M,,,,fred:PURANUSDM,https://fred.stlouisfed.org/graph/fredgraph.csv?id=PURANUSDM,2026-09-25T22:26:59Z,
fred:PURANUSDM,price,2013-10-01T00:00:00Z,34.848496,USD/lb,P1M,,,,fred:PURANUSDM,https://fred.stlouisfed.org/graph/fredgraph.csv?id=PURANUSDM,2026-09-25T22:26:59Z,
fred:PURANUSDM,price,2013-11-01T00:00:00Z,35.592003,USD/lb,P1M,,,,fred:PURANUSDM,https://fred.stlouisfed.org/graph/fredgraph.csv?id=PURANUSDM,2026-09-25T22:26:59Z,
fred:PURANUSDM,price,2013-12-01T00:00:00Z,34.593297,USD/lb,P1M,,,,fred:PURANUSDM,https://fred.stlouisfed.org/graph/fredgraph.csv?id=PURANUSDM,2026-09-25T22:26:59Z,
fred:PURANUSDM,price,2014-01-01T00:00:00Z,35.214989,USD/lb,P1M,,,,fred:PURANUSDM,https://fred.stlouisfed.org/graph/fredgraph.csv?id=PURANUSDM,2026-09-25T22:26:59Z,
fred:PURANUSDM,price,2014-02-01T00:00:00Z,35.546739,USD/lb,P1M,,,,fred:PURANUSDM,https://fred.stlouisfed.org/graph/fredgraph.csv?id=PURANUSDM,2026-09-25T22:26:59Z,
fred:PURANUSDM,price,2014-03-01T00:00:00Z,34.702855,USD/lb,P1M,,,,fred:PURANUSDM,https://fred.stlouisfed.org/graph/fredgraph.csv?id=PURANUSDM,2026-09-25T22:26:59Z,
fred:PURANUSDM,price,2014-04-01T00:00:00Z,32.744565,USD/lb,P1M,,,,fred:PURANUSDM,https://fred.stlouisfed.org/graph/fredgraph.csv?id=PURANUSDM,2026-09-25T22:26:59Z,
fred:PURANUSDM,price,2014-05-01T00:00:00Z,28.539855,USD/lb,P1M,,,,fred:PURANUSDM,https://fred.stlouisfed.org/graph/fredgraph.csv?id=PURANUSDM,2026-09-25T22:26:59Z,
fred:PURANUSDM,price,2014-06-01T00:00:00Z,28.225457,USD/lb,P1M,,,,fred:PURANUSDM,https://fred.stlouisfed.org/graph/fredgraph.csv?id=PURANUSDM,2026-09-25T22:26:59Z,
fred:PURANUSDM,price,2014-07-01T00:00:00Z,28.400205,USD/lb,P1M,,,,fred:PURANUSDM,https://fred.stlouisfed.org/graph/fredgraph.csv?id=PURANUSDM,2026-09-25T22:26:59Z,
fred:PURANUSDM,price,2014-08-01T00:00:00Z,30.829322,USD/lb,P1M,,,,fred:PURANUSDM,https://fred.stlouisfed.org/graph/fredgraph.csv?id=PURANUSDM,2026-09-25T22:26:59Z,
fred:PURANUSDM,price,2014-09-01T00:00:00Z,34.37183,USD/lb,P1M,,,,fred:PURANUSDM,https://fred.stlouisfed.org/graph/fredgraph.csv?id=PURANUSDM,2026-09-25T22:26:59Z,
fred:PURANUSDM,price,2014-10-01T00:00:00Z,35.751733,USD/lb,P1M,,,,fred:PURANUSDM,https://fred.stlouisfed.org/graph/fredgraph.csv?id=PURANUSDM,2026-09-25T22:26:59Z,
fred:PURANUSDM,price,2014-11-01T00:00:00Z,40.597373,USD/lb,P1M,,,,fred:PURANUSDM,https://fred.stlouisfed.org/graph/fredgraph.csv?id=PURANUSDM,2026-09-25T22:26:59Z,
fred:PURANUSDM,price,2014-12-01T00:00:00Z,36.948251,USD/lb,P1M,,,,fred:PURANUSDM,https://fred.stlouisfed.org/graph/fredgraph.csv?id=PURANUSDM,2026-09-25T22:26:59Z,
fred:PURANUSDM,price,2015-01-01T00:00:00Z,35.897727,USD/lb,P1M,,,,fred:PURANUSDM,https://fred.stlouisfed.org/graph/fredgraph.csv?id=PURANUSDM,2026-09-25T22:26:59Z,
fred:PURANUSDM,price,2015-02-01T00:00:00Z,38.1875,USD/lb,P1M,,,,fred:PURANUSDM,https://fred.stlouisfed.org/graph/fredgraph.csv?id=PURANUSDM,2026-09-25T22:26:59Z,
fred:PURANUSDM,price,2015-03-01T00:00:00Z,39.318182,USD/lb,P1M,,,,fred:PURANUSDM,https://fred.stlouisfed.org/graph/fredgraph.csv?id=PURANUSDM,2026-09-25T22:26:59Z,
fred:PURANUSDM,price,2015-04-01T00:00:00Z,38.840909,USD/lb,P1M,,,,fred:PURANUSDM,https://fred.stlouisfed.org/graph/fredgraph.csv?id=PURANUSDM,2026-09-25T22:26:59Z,
fred:PURANUSDM,price,2015-05-01T00:00:00Z,35.690476,USD/lb,P1M,,,,fred:PURANUSDM,https://fred.stlouisfed.org/graph/fredgraph.csv?id=PURANUSDM,2026-09-25T22:26:59Z,
fred:PURANUSDM,price,2015-06-01T00:00:00Z,36.045455,USD/lb,P1M,,,,fred:PURANUSDM,https://fred.stlouisfed.org/graph/fredgraph.csv?id=PURANUSDM,2026-09-25T22:26:59Z,
fred:PURANUSDM,price,2015-07-01T00:00:00Z,36.282609,USD/lb,P1M,,,,fred:PURANUSDM,https://fred.stlouisfed.org/graph/fredgraph.csv?id=PURANUSDM,2026-09-25T22:26:59Z,
fred:PURANUSDM,price,2015-08-01T00:00:00Z,36.095238,USD/lb,P1M,,,,fred:PURANUSDM,https://fred.stlouisfed.org/graph/fredgraph.csv?id=PURANUSDM,2026-09-25T22:26:59Z,
fred:PURANUSDM,price,2015-09-01T00:00:00Z,37.056818,USD/lb,P1M,,,,fred:PURANUSDM,https://fred.stlouisfed.org/graph/fredgraph.csv?id=PURANUSDM,2026-09-25T22:26:59Z,
fred:PURANUSDM,price,2015-10-01T00:00:00Z,37.238636,USD/lb,P1M,,,,fred:PURANUSDM,https://fred.stlouisfed.org/graph/fredgraph.csv?id=PURANUSDM,2026-09-25T22:26:59Z,
fred:PURANUSDM,price,2015-11-01T00:00:00Z,35.964286,USD/lb,P1M,,,,fred:PURANUSDM,https://fred.stlouisfed.org/graph/fredgraph.csv?id=PURANUSDM,2026-09-25T22:26:59Z,
fred:PURANUSDM,price,2015-12-01T00:00:00Z,35.163043,USD/lb,P1M,,,,fred:PURANUSDM,https://fred.stlouisfed.org/graph/fredgraph.csv?id=PURANUSDM,2026-09-25T22:26:59Z,
fred:PURANUSDM,price,2016-01-01T00:00:00Z,34.690476,USD/lb,P1M,,,,fred:PURANUSDM,https://fred.stlouisfed.org/graph/fredgraph.csv?id=PURANUSDM,2026-09-25T22:26:59Z,
fred:PURANUSDM,price,2016-02-01T00:00:00Z,34.007143,USD/lb,P1M,,,,fred:PURANUSDM,https://fred.stlouisfed.org/graph/fredgraph.csv?id=PURANUSDM,2026-09-25T22:26:59Z,
fred:PURANUSDM,price,2016-03-01T00:00:00Z,30.106522,USD/lb,P1M,,,,fred:PURANUSDM,https://fred.stlouisfed.org/graph/fredgraph.csv?id=PURANUSDM,2026-09-25T22:26:59Z,
fred:PURANUSDM,price,2016-04-01T00:00:00Z,27.816667,USD/lb,P1M,,,,fred:PURANUSDM,https://fred.stlouisfed.org/graph/fredgraph.csv?id=PURANUSDM,2026-09-25T22:26:59Z,
fred:PURANUSDM,price,2016-05-01T00:00:00Z,27.954545,USD/lb,P1M,,,,fred:PURANUSDM,https://fred.stlouisfed.org/graph/fredgraph.csv?id=PURANUSDM,2026-09-25T22:26:59Z,
fred:PURANUSDM,price,2016-06-01T00:00:00Z,27.352273,USD/lb,P1M,,,,fred:PURANUSDM,https://fred.stlouisfed.org/graph/fredgraph.csv?id=PURANUSDM,2026-09-25T22:26:59Z,
fred:PURANUSDM,price,2016-07-01T00:00:00Z,25.845238,USD/lb,P1M,,,,fred:PURANUSDM,https://fred.stlouisfed.org/graph/fredgraph.csv?id=PURANUSDM,2026-09-25T22:26:59Z,
fred:PURANUSDM,price,2016-08-01T00:00:00Z,25.902174,USD/lb,P1M,,,,fred:PURANUSDM,https://fred.stlouisfed.org/graph/fredgraph.csv?id=PURANUSDM,2026-09-25T22:26:59Z,
fred:PURANUSDM,price,2016-09-01T00:00:00Z,24.875,USD/lb,P1M,,,,fred:PURANUSDM,https://fred.stlouisfed.org/graph/fredgraph.csv?id=PURANUSDM,2026-09-25T22:26:59Z,
fred:PURANUSDM,price,2016-10-01T00:00:00Z,21.488095,USD/lb,P1M,,,,fred:PURANUSDM,https://fred.stlouisfed.org/graph/fredgraph.csv?id=PURANUSDM,2026-09-25T22:26:59Z,
fred:PURANUSDM,price,2016-11-01T00:00:00Z,18.568182,USD/lb,P1M,,,,fred:PURANUSDM,https://fred.stlouisfed.org/graph/fredgraph.csv?id=PURANUSDM,2026-09-25T22:26:59Z,
fred:PURANUSDM,price,2016-12-01T00:00:00Z,19.215909,USD/lb,P1M,,,,fred:PURANUSDM,https://fred.stlouisfed.org/graph/fredgraph.csv?id=PURANUSDM,2026-09-25T22:26:59Z,
fred:PURANUSDM,price,2017-01-01T00:00:00Z,22.170455,USD/lb,P1M,,,,fred:PURANUSDM,https://fred.stlouisfed.org/graph/fredgraph.csv?id=PURANUSDM,2026-09-25T22:26:59Z,
fred:PURANUSDM,price,2017-02-01T00:00:00Z,25.15,USD/lb,P1M,,,,fred:PURANUSDM,https://fred.stlouisfed.org/graph/fredgraph.csv?id=PURANUSDM,2026-09-25T22:26:59Z,
fred:PURANUSDM,price,2017-03-01T00:00:00Z,24.641304,USD/lb,P1M,,,,fred:PURANUSDM,https://fred.stlouisfed.org/graph/fredgraph.csv?id=PURANUSDM,2026-09-25T22:26:59Z,
fred:PURANUSDM,price,2017-04-01T00:00:00Z,23.25,USD/lb,P1M,,,,fred:PURANUSDM,https://fred.stlouisfed.org/graph/fredgraph.csv?id=PURANUSDM,2026-09-25T22:26:59Z,
fred:PURANUSDM,price,2017-05-01T00:00:00Z,21.641304,USD/lb,P1M,,,,fred:PURANUSDM,https://fred.stlouisfed.org/graph/fredgraph.csv?id=PURANUSDM,2026-09-25T22:26:59Z,
fred:PURANUSDM,price,2017-06-01T00:00:00Z,19.75,USD/lb,P1M,,,,fred:PURANUSDM,https://fred.stlouisfed.org/graph/fredgraph.csv?id=PURANUSDM,2026-09-25T22:26:59Z,
fred:PURANUSDM,price,2017-07-01T00:00:00Z,20.364286,USD/lb,P1M,,,,fred:PURANUSDM,https://fred.stlouisfed.org/graph/fredgraph.csv?id=PURANUSDM,2026-09-25T22:26:59Z,
fred:PURANUSDM,price,2017-08-01T00:00:00Z,20.406522,USD/lb,P1M,,,,fred:PURANUSDM,https://fred.stlouisfed.org/graph/fredgraph.csv?id=PURANUSDM,2026-09-25T22:26:59Z,
fred:PURANUSDM,price,2017-09-01T00:00:00Z,20.428571,USD/lb,P1M,,,,fred:PURANUSDM,https://fred.stlouisfed.org/graph/fredgraph.csv?id=PURANUSDM,2026-09-25T22:26:59Z,
fred:PURANUSDM,price,2017-10-01T00:00:00Z,20.234091,USD/lb,P1M,,,,fred:PURANUSDM,https://fred.stlouisfed.org/graph/fredgraph.csv?id=PURANUSDM,2026-09-25T22:26:59Z,
fred:PURANUSDM,price,2017-11-01T00:00:00Z,22.345455,USD/lb,P1M,,,,fred:PURANUSDM,https://fred.stlouisfed.org/graph/fredgraph.csv?id=PURANUSDM,2026-09-25T22:26:59Z,
fred:PURANUSDM,price,2017-12-01T00:00:00Z,24.690476,USD/lb,P1M,,,,fred:PURANUSDM,https://fred.stlouisfed.org/graph/fredgraph.csv?id=PURANUSDM,2026-09-25T22:26:59Z,
fred:PURANUSDM,price,2018-01-01T00:00:00Z,23.369565,USD/lb,P1M,,,,fred:PURANUSDM,https://fred.stlouisfed.org/graph/fredgraph.csv?id=PURANUSDM,2026-09-25T22:26:59Z,
fred:PURANUSDM,price,2018-02-01T00:00:00Z,21.7625,USD/lb,P1M,,,,fred:PURANUSDM,https://fred.stlouisfed.org/graph/fredgraph.csv?id=PURANUSDM,2026-09-25T22:26:59Z,
fred:PURANUSDM,price,2018-03-01T00:00:00Z,21.727273,USD/lb,P1M,,,,fred:PURANUSDM,https://fred.stlouisfed.org/graph/fredgraph.csv?id=PURANUSDM,2026-09-25T22:26:59Z,
fred:PURANUSDM,price,2018-04-01T00:00:00Z,20.845238,USD/lb,P1M,,,,fred:PURANUSDM,https://fred.stlouisfed.org/graph/fredgraph.csv?id=PURANUSDM,2026-09-25T22:26:59Z,
fred:PURANUSDM,price,2018-05-01T00:00:00Z,21.978261,USD/lb,P1M,,,,fred:PURANUSDM,https://fred.stlouisfed.org/graph/fredgraph.csv?id=PURANUSDM,2026-09-25T22:26:59Z,
fred:PURANUSDM,price,2018-06-01T00:00:00Z,23.071429,USD/lb,P1M,,,,fred:PURANUSDM,https://fred.stlouisfed.org/graph/fredgraph.csv?id=PURANUSDM,2026-09-25T22:26:59Z,
fred:PURANUSDM,price,2018-07-01T00:00:00Z,23.415909,USD/lb,P1M,,,,fred:PURANUSDM,https://fred.stlouisfed.org/graph/fredgraph.csv?id=PURANUSDM,2026-09-25T22:26:59Z,
fred:PURANUSDM,price,2018-08-01T00:00:00Z,26.047826,USD/lb,P1M,,,,fred:PURANUSDM,https://fred.stlouisfed.org/graph/fredgraph.csv?id=PURANUSDM,2026-09-25T22:26:59Z,
fred:PURANUSDM,price,2018-09-01T00:00:00Z,27.1075,USD/lb,P1M,,,,fred:PURANUSDM,https://fred.stlouisfed.org/graph/fredgraph.csv?id=PURANUSDM,2026-09-25T22:26:59Z,
fred:PURANUSDM,price,2018-10-01T00:00:00Z,27.508696,USD/lb,P1M,,,,fred:PURANUSDM,https://fred.stlouisfed.org/graph/fredgraph.csv?id=PURANUSDM,2026-09-25T22:26:59Z,
fred:PURANUSDM,price,2018-11-01T00:00:00Z,28.934091,USD/lb,P1M,,,,fred:PURANUSDM,https://fred.stlouisfed.org/graph/fredgraph.csv?id=PURANUSDM,2026-09-25T22:26:59Z,
fred:PURANUSDM,price,2018-12-01T00:00:00Z,28.761905,USD/lb,P1M,,,,fred:PURANUSDM,https://fred.stlouisfed.org/graph/fredgraph.csv?id=PURANUSDM,2026-09-25T22:26:59Z,
fred:PURANUSDM,price,2019-01-01T00:00:00Z,28.71087,USD/lb,P1M,,,,fred:PURANUSDM,https://fred.stlouisfed.org/graph/fredgraph.csv?id=PURANUSDM,2026-09-25T22:26:59Z,
fred:PURANUSDM,price,2019-02-01T00:00:00Z,28.645,USD/lb,P1M,,,,fred:PURANUSDM,https://fred.stlouisfed.org/graph/fredgraph.csv?id=PURANUSDM,2026-09-25T22:26:59Z,
fred:PURANUSDM,price,2019-03-01T00:00:00Z,27.202381,USD/lb,P1M,,,,fred:PURANUSDM,https://fred.stlouisfed.org/graph/fredgraph.csv?id=PURANUSDM,2026-09-25T22:26:59Z,
fred:PURANUSDM,price,2019-04-01T00:00:00Z,25.704545,USD/lb,P1M,,,,fred:PURANUSDM,https://fred.stlouisfed.org/graph/fredgraph.csv?id=PURANUSDM,2026-09-25T22:26:59Z,
fred:PURANUSDM,price,2019-05-01T00:00:00Z,24.684783,USD/lb,P1M,,,,fred:PURANUSDM,https://fred.stlouisfed.org/graph/fredgraph.csv?id=PURANUSDM,2026-09-25T22:26:59Z,
fred:PURANUSDM,price,2019-06-01T00:00:00Z,24.475,USD/lb,P1M,,,,fred:PURANUSDM,https://fred.stlouisfed.org/graph/fredgraph.csv?id=PURANUSDM,2026-09-25T22:26:59Z,
fred:PURANUSDM,price,2019-07-01T00:00:00Z,25.228261,USD/lb,P1M,,,,fred:PURANUSDM,https://fred.stlouisfed.org/graph/fredgraph.csv?id=PURANUSDM,2026-09-25T22:26:59Z,
fred:PURANUSDM,price,2019-08-01T00:00:00Z,25.284091,USD/lb,P1M,,,,fred:PURANUSDM,https://fred.stlouisfed.org/graph/fredgraph.csv?id=PURANUSDM,2026-09-25T22:26:59Z,
fred:PURANUSDM,price,2019-09-01T00:00:00Z,25.411905,USD/lb,P1M,,,,fred:PURANUSDM,https://fred.stlouisfed.org/graph/fredgraph.csv?id=PURANUSDM,2026-09-25T22:26:59Z,
fred:PURANUSDM,price,2019-10-01T00:00:00Z,24.917391,USD/lb,P1M,,,,fred:PURANUSDM,https://fred.stlouisfed.org/graph/fredgraph.csv?id=PURANUSDM,2026-09-25T22:26:59Z,
fred:PURANUSDM,price,2019-11-01T00:00:00Z,24.988095,USD/lb,P1M,,,,fred:PURANUSDM,https://fred.stlouisfed.org/graph/fredgraph.csv?id=PURANUSDM,2026-09-25T22:26:59Z,
fred:PURANUSDM,price,2019-12-01T00:00:00Z,25.625,USD/lb,P1M,,,,fred:PURANUSDM,https://fred.stlouisfed.org/graph/fredgraph.csv?id=PURANUSDM,2026-09-25T22:26:59Z,
fred:PURANUSDM,price,2020-01-01T00:00:00Z,24.641304,USD/lb,P1M,,,,fred:PURANUSDM,https://fred.stlouisfed.org/graph/fredgraph.csv?id=PURANUSDM,2026-09-25T22:26:59Z,
fred:PURANUSDM,price,2020-02-01T00:00:00Z,24.6875,USD/lb,P1M,,,,fred:PURANUSDM,https://fred.stlouisfed.org/graph/fredgraph.csv?id=PURANUSDM,2026-09-25T22:26:59Z,
fred:PURANUSDM,price,2020-03-01T00:00:00Z,24.661364,USD/lb,P1M,,,,fred:PURANUSDM,https://fred.stlouisfed.org/graph/fredgraph.csv?id=PURANUSDM,2026-09-25T22:26:59Z,
fred:PURANUSDM,price,2020-04-01T00:00:00Z,29.963636,USD/lb,P1M,,,,fred:PURANUSDM,https://fred.stlouisfed.org/graph/fredgraph.csv?id=PURANUSDM,2026-09-25T22:26:59Z,
fred:PURANUSDM,price,2020-05-01T00:00:00Z,33.511905,USD/lb,P1M,,,,fred:PURANUSDM,https://fred.stlouisfed.org/graph/fredgraph.csv?id=PURANUSDM,2026-09-25T22:26:59Z,
fred:PURANUSDM,price,2020-06-01T00:00:00Z,33.088636,USD/lb,P1M,,,,fred:PURANUSDM,https://fred.stlouisfed.org/graph/fredgraph.csv?id=PURANUSDM,2026-09-25T22:26:59Z,
fred:PURANUSDM,price,2020-07-01T00:00:00Z,32.36087,USD/lb,P1M,,,,fred:PURANUSDM,https://fred.stlouisfed.org/graph/fredgraph.csv?id=PURANUSDM,2026-09-25T22:26:59Z,
fred:PURANUSDM,price,2020-08-01T00:00:00Z,31.37619,USD/lb,P1M,,,,fred:PURANUSDM,https://fred.stlouisfed.org/graph/fredgraph.csv?id=PURANUSDM,2026-09-25T22:26:59Z,
fred:PURANUSDM,price,2020-09-01T00:00:00Z,29.981818,USD/lb,P1M,,,,fred:PURANUSDM,https://fred.stlouisfed.org/graph/fredgraph.csv?id=PURANUSDM,2026-09-25T22:26:59Z,
fred:PURANUSDM,price,2020-10-01T00:00:00Z,29.636364,USD/lb,P1M,,,,fred:PURANUSDM,https://fred.stlouisfed.org/graph/fredgraph.csv?id=PURANUSDM,2026-09-25T22:26:59Z,
fred:PURANUSDM,price,2020-11-01T00:00:00Z,29.485714,USD/lb,P1M,,,,fred:PURANUSDM,https://fred.stlouisfed.org/graph/fredgraph.csv?id=PURANUSDM,2026-09-25T22:26:59Z,
fred:PURANUSDM,price,2020-12-01T00:00:00Z,29.773913,USD/lb,P1M,,,,fred:PURANUSDM,https://fred.stlouisfed.org/graph/fredgraph.csv?id=PURANUSDM,2026-09-25T22:26:59Z,
fred:PURANUSDM,price,2021-01-01T00:00:00Z,29.857143,USD/lb,P1M,,,,fred:PURANUSDM,https://fred.stlouisfed.org/graph/fredgraph.csv?id=PURANUSDM,2026-09-25T22:26:59Z,
fred:PURANUSDM,price,2021-02-01T00:00:00Z,28.6625,USD/lb,P1M,,,,fred:PURANUSDM,https://fred.stlouisfed.org/graph/fredgraph.csv?id=PURANUSDM,2026-09-25T22:26:59Z,
fred:PURANUSDM,price,2021-03-01T00:00:00Z,28.334783,USD/lb,P1M,,,,fred:PURANUSDM,https://fred.stlouisfed.org/graph/fredgraph.csv?id=PURANUSDM,2026-09-25T22:26:59Z,
fred:PURANUSDM,price,2021-04-01T00:00:00Z,29.752273,USD/lb,P1M,,,,fred:PURANUSDM,https://fred.stlouisfed.org/graph/fredgraph.csv?id=PURANUSDM,2026-09-25T22:26:59Z,
fred:PURANUSDM,price,2021-05-01T00:00:00Z,30.257143,USD/lb,P1M,,,,fred:PURANUSDM,https://fred.stlouisfed.org/graph/fredgraph.csv?id=PURANUSDM,2026-09-25T22:26:59Z,
fred:PURANUSDM,price,2021-06-01T00:00:00Z,32.142105,USD/lb,P1M,,,,fred:PURANUSDM,https://fred.stlouisfed.org/graph/fredgraph.csv?id=PURANUSDM,2026-09-25T22:26:59Z,
fred:PURANUSDM,price,2021-07-01T00:00:00Z,32.338636,USD/lb,P1M,,,,fred:PURANUSDM,https://fred.stlouisfed.org/graph/fredgraph.csv?id=PURANUSDM,2026-09-25T22:26:59Z,
fred:PURANUSDM,price,2021-08-01T00:00:00Z,32.147727,USD/lb,P1M,,,,fred:PURANUSDM,https://fred.stlouisfed.org/graph/fredgraph.csv?id=PURANUSDM,2026-09-25T22:26:59Z,
fred:PURANUSDM,price,2021-09-01T00:00:00Z,45.078125,USD/lb,P1M,,,,fred:PURANUSDM,https://fred.stlouisfed.org/graph/fredgraph.csv?id=PURANUSDM,2026-09-25T22:26:59Z,
fred:PURANUSDM,price,2021-10-01T00:00:00Z,38.47619,USD/lb,P1M,,,,fred:PURANUSDM,https://fred.stlouisfed.org/graph/fredgraph.csv?id=PURANUSDM,2026-09-25T22:26:59Z,
fred:PURANUSDM,price,2021-11-01T00:00:00Z,31.099584,USD/lb,P1M,,,,fred:PURANUSDM,https://fred.stlouisfed.org/graph/fredgraph.csv?id=PURANUSDM,2026-09-25T22:26:59Z,
fred:PURANUSDM,price,2021-12-01T00:00:00Z,36.129303,USD/lb,P1M,,,,fred:PURANUSDM,https://fred.stlouisfed.org/graph/fredgraph.csv?id=PURANUSDM,2026-09-25T22:26:59Z,
fred:PURANUSDM,price,2022-01-01T00:00:00Z,36.872921,USD/lb,P1M,,,,fred:PURANUSDM,https://fred.stlouisfed.org/graph/fredgraph.csv?id=PURANUSDM,2026-09-25T22:26:59Z,
fred:PURANUSDM,price,2022-02-01T00:00:00Z,35.831914,USD/lb,P1M,,,,fred:PURANUSDM,https://fred.stlouisfed.org/graph/fredgraph.csv?id=PURANUSDM,2026-09-25T22:26:59Z,
fred:PURANUSDM,price,2022-03-01T00:00:00Z,45.514701,USD/lb,P1M,,,,fred:PURANUSDM,https://fred.stlouisfed.org/graph/fredgraph.csv?id=PURANUSDM,2026-09-25T22:26:59Z,
fred:PURANUSDM,price,2022-04-01T00:00:00Z,48.704731,USD/lb,P1M,,,,fred:PURANUSDM,https://fred.stlouisfed.org/graph/fredgraph.csv?id=PURANUSDM,2026-09-25T22:26:59Z,
fred:PURANUSDM,price,2022-05-01T00:00:00Z,40.891626,USD/lb,P1M,,,,fred:PURANUSDM,https://fred.stlouisfed.org/graph/fredgraph.csv?id=PURANUSDM,2026-09-25T22:26:59Z,
fred:PURANUSDM,price,2022-06-01T00:00:00Z,40.331517,USD/lb,P1M,,,,fred:PURANUSDM,https://fred.stlouisfed.org/graph/fredgraph.csv?id=PURANUSDM,2026-09-25T22:26:59Z,
fred:PURANUSDM,price,2022-07-01T00:00:00Z,38.939159,USD/lb,P1M,,,,fred:PURANUSDM,https://fred.stlouisfed.org/graph/fredgraph.csv?id=PURANUSDM,2026-09-25T22:26:59Z,
fred:PURANUSDM,price,2022-08-01T00:00:00Z,39.802308,USD/lb,P1M,,,,fred:PURANUSDM,https://fred.stlouisfed.org/graph/fredgraph.csv?id=PURANUSDM,2026-09-25T22:26:59Z,
fred:PURANUSDM,price,2022-09-01T00:00:00Z,40.950392,USD/lb,P1M,,,,fred:PURANUSDM,https://fred.stlouisfed.org/graph/fredgraph.csv?id=PURANUSDM,2026-09-25T22:26:59Z,
fred:PURANUSDM,price,2022-10-01T00:00:00Z,41.303597,USD/lb,P1M,,,,fred:PURANUSDM,https://fred.stlouisfed.org/graph/fredgraph.csv?id=PURANUSDM,2026-09-25T22:26:59Z,
fred:PURANUSDM,price,2022-11-01T00:00:00Z,40.954065,USD/lb,P1M,,,,fred:PURANUSDM,https://fred.stlouisfed.org/graph/fredgraph.csv?id=PURANUSDM,2026-09-25T22:26:59Z,
fred:PURANUSDM,price,2022-12-01T00:00:00Z,39.178244,USD/lb,P1M,,,,fred:PURANUSDM,https://fred.stlouisfed.org/graph/fredgraph.csv?id=PURANUSDM,2026-09-25T22:26:59Z,
fred:PURANUSDM,price,2023-01-01T00:00:00Z,40.0634,USD/lb,P1M,,,,fred:PURANUSDM,https://fred.stlouisfed.org/graph/fredgraph.csv?id=PURANUSDM,2026-09-25T22:26:59Z,
fred:PURANUSDM,price,2023-02-01T00:00:00Z,41.314371,USD/lb,P1M,,,,fred:PURANUSDM,https://fred.stlouisfed.org/graph/fredgraph.csv?id=PURANUSDM,2026-09-25T22:26:59Z,
fred:PURANUSDM,price,2023-03-01T00:00:00Z,40.741523,USD/lb,P1M,,,,fred:PURANUSDM,https://fred.stlouisfed.org/graph/fredgraph.csv?id=PURANUSDM,2026-09-25T22:26:59Z,
fred:PURANUSDM,price,2023-04-01T00:00:00Z,41.762017,USD/lb,P1M,,,,fred:PURANUSDM,https://fred.stlouisfed.org/graph/fredgraph.csv?id=PURANUSDM,2026-09-25T22:26:59Z,
fred:PURANUSDM,price,2023-05-01T00:00:00Z,43.462666,USD/lb,P1M,,,,fred:PURANUSDM,https://fred.stlouisfed.org/graph/fredgraph.csv?id=PURANUSDM,2026-09-25T22:26:59Z,
fred:PURANUSDM,price,2023-06-01T00:00:00Z,45.700483,USD/lb,P1M,,,,fred:PURANUSDM,https://fred.stlouisfed.org/graph/fredgraph.csv?id=PURANUSDM,2026-09-25T22:26:59Z,
fred:PURANUSDM,price,2023-07-01T00:00:00Z,45.247534,USD/lb,P1M,,,,fred:PURANUSDM,https://fred.stlouisfed.org/graph/fredgraph.csv?id=PURANUSDM,2026-09-25T22:26:59Z,
fred:PURANUSDM,price,2023-08-01T00:00:00Z,46.377181,USD/lb,P1M,,,,fred:PURANUSDM,https://fred.stlouisfed.org/graph/fredgraph.csv?id=PURANUSDM,2026-09-25T22:26:59Z,
fred:PURANUSDM,price,2023-09-01T00:00:00Z,53.202742,USD/lb,P1M,,,,fred:PURANUSDM,https://fred.stlouisfed.org/graph/fredgraph.csv?id=PURANUSDM,2026-09-25T22:26:59Z,
fred:PURANUSDM,price,2023-10-01T00:00:00Z,57.646413,USD/lb,P1M,,,,fred:PURANUSDM,https://fred.stlouisfed.org/graph/fredgraph.csv?id=PURANUSDM,2026-09-25T22:26:59Z,
fred:PURANUSDM,price,2023-11-01T00:00:00Z,62.285952,USD/lb,P1M,,,,fred:PURANUSDM,https://fred.stlouisfed.org/graph/fredgraph.csv?id=PURANUSDM,2026-09-25T22:26:59Z,
fred:PURANUSDM,price,2023-12-01T00:00:00Z,70.059705,USD/lb,P1M,,,,fred:PURANUSDM,https://fred.stlouisfed.org/graph/fredgraph.csv?id=PURANUSDM,2026-09-25T22:26:59Z,
fred:PURANUSDM,price,2024-01-01T00:00:00Z,80.363458,USD/lb,P1M,,,,fred:PURANUSDM,https://fred.stlouisfed.org/graph/fredgraph.csv?id=PURANUSDM,2026-09-25T22:26:59Z,
fred:PURANUSDM,price,2024-02-01T00:00:00Z,81.318201,USD/lb,P1M,,,,fred:PURANUSDM,https://fred.stlouisfed.org/graph/fredgraph.csv?id=PURANUSDM,2026-09-25T22:26:59Z,
fred:PURANUSDM,price,2024-03-01T00:00:00Z,71.814275,USD/lb,P1M,,,,fred:PURANUSDM,https://fred.stlouisfed.org/graph/fredgraph.csv?id=PURANUSDM,2026-09-25T22:26:59Z,
fred:PURANUSDM,price,2024-04-01T00:00:00Z,71.638853,USD/lb,P1M,,,,fred:PURANUSDM,https://fred.stlouisfed.org/graph/fredgraph.csv?id=PURANUSDM,2026-09-25T22:26:59Z,
fred:PURANUSDM,price,2024-05-01T00:00:00Z,73.950191,USD/lb,P1M,,,,fred:PURANUSDM,https://fred.stlouisfed.org/graph/fredgraph.csv?id=PURANUSDM,2026-09-25T22:26:59Z,
fred:PURANUSDM,price,2024-06-01T00:00:00Z,69.187229,USD/lb,P1M,,,,fred:PURANUSDM,https://fred.stlouisfed.org/graph/fredgraph.csv?id=PURANUSDM,2026-09-25T22:26:59Z,
fred:PURANUSDM,price,2024-07-01T00:00:00Z,68.251851,USD/lb,P1M,,,,fred:PURANUSDM,https://fred.stlouisfed.org/graph/fredgraph.csv?id=PURANUSDM,2026-09-25T22:26:59Z,
fred:PURANUSDM,price,2024-08-01T00:00:00Z,65.288503,USD/lb,P1M,,,,fred:PURANUSDM,https://fred.stlouisfed.org/graph/fredgraph.csv?id=PURANUSDM,2026-09-25T22:26:59Z,
fred:PURANUSDM,price,2024-09-01T00:00:00Z,64.630539,USD/lb,P1M,,,,fred:PURANUSDM,https://fred.stlouisfed.org/graph/fredgraph.csv?id=PURANUSDM,2026-09-25T22:26:59Z,
fred:PURANUSDM,price,2024-10-01T00:00:00Z,66.511082,USD/lb,P1M,,,,fred:PURANUSDM,https://fred.stlouisfed.org/graph/fredgraph.csv?id=PURANUSDM,2026-09-25T22:26:59Z,
fred:PURANUSDM,price,2024-11-01T00:00:00Z,63.158778,USD/lb,P1M,,,,fred:PURANUSDM,https://fred.stlouisfed.org/graph/fredgraph.csv?id=PURANUSDM,2026-09-25T22:26:59Z,
fred:PURANUSDM,price,2024-12-01T00:00:00Z,60.219976,USD/lb,P1M,,,,fred:PURANUSDM,https://fred.stlouisfed.org/graph/fredgraph.csv?id=PURANUSDM,2026-09-25T22:26:59Z,
fred:PURANUSDM,price,2025-01-01T00:00:00Z,58.959552,USD/lb,P1M,,,,fred:PURANUSDM,https://fred.stlouisfed.org/graph/fredgraph.csv?id=PURANUSDM,2026-09-25T22:26:59Z,
fred:PURANUSDM,price,2025-02-01T00:00:00Z,54.31551,USD/lb,P1M,,,,fred:PURANUSDM,https://fred.stlouisfed.org/graph/fredgraph.csv?id=PURANUSDM,2026-09-25T22:26:59Z,
fred:PURANUSDM,price,2025-03-01T00:00:00Z,51.83487,USD/lb,P1M,,,,fred:PURANUSDM,https://fred.stlouisfed.org/graph/fredgraph.csv?id=PURANUSDM,2026-09-25T22:26:59Z,
fred:PURANUSDM,price,2025-04-01T00:00:00Z,52.685134,USD/lb,P1M,,,,fred:PURANUSDM,https://fred.stlouisfed.org/graph/fredgraph.csv?id=PURANUSDM,2026-09-25T22:26:59Z,
fred:PURANUSDM,price,2025-05-01T00:00:00Z,57.305573,USD/lb,P1M,,,,fred:PURANUSDM,https://fred.stlouisfed.org/graph/fredgraph.csv?id=PURANUSDM,2026-09-25T22:26:59Z,
fred:PURANUSDM,price,2025-06-01T00:00:00Z,59.576529,USD/lb,P1M,,,,fred:PURANUSDM,https://fred.stlouisfed.org/graph/fredgraph.csv?id=PURANUSDM,2026-09-25T22:26:59Z,
fred:PURANUSDM,price,2025-07-01T00:00:00Z,58.947255,USD/lb,P1M,,,,fred:PURANUSDM,https://fred.stlouisfed.org/graph/fredgraph.csv?id=PURANUSDM,2026-09-25T22:26:59Z,
fred:PURANUSDM,price,2025-08-01T00:00:00Z,58.966662,USD/lb,P1M,,,,fred:PURANUSDM,https://fred.stlouisfed.org/graph/fredgraph.csv?id=PURANUSDM,2026-09-25T22:26:59Z,
fred:PURANUSDM,price,2025-09-01T00:00:00Z,62.875444,USD/lb,P1M,,,,fred:PURANUSDM,https://fred.stlouisfed.org/graph/fredgraph.csv?id=PURANUSDM,2026-09-25T22:26:59Z,
fred:PURANUSDM,price,2025-10-01T00:00:00Z,63.958773,USD/lb,P1M,,,,fred:PURANUSDM,https://fred.stlouisfed.org/graph/fredgraph.csv?id=PURANUSDM,2026-09-25T22:26:59Z,
fred:PURANUSDM,price,2025-11-01T00:00:00Z,62.240225,USD/lb,P1M,,,,fred:PURANUSDM,https://fred.stlouisfed.org/graph/fredgraph.csv?id=PURANUSDM,2026-09-25T22:26:59Z,
fred:PURANUSDM,price,2025-12-01T00:00:00Z,63.514519,USD/lb,P1M,,,,fred:PURANUSDM,https://fred.stlouisfed.org/graph/fredgraph.csv?id=PURANUSDM,2026-09-25T22:26:59Z,
fred:PURANUSDM,price,2026-01-01T00:00:00Z,69.712446,USD/lb,P1M,,,,fred:PURANUSDM,https://fred.stlouisfed.org/graph/fredgraph.csv?id=PURANUSDM,2026-09-25T22:26:59Z,
fred:PURANUSDM,price,2026-02-01T00:00:00Z,71.298197,USD/lb,P1M,,,,fred:PURANUSDM,https://fred.stlouisfed.org/graph/fredgraph.csv?id=PURANUSDM,2026-09-25T22:26:59Z,
fred:PURANUSDM,price,2026-03-01T00:00:00Z,68.786889,USD/lb,P1M,,,,fred:PURANUSDM,https://fred.stlouisfed.org/graph/fredgraph.csv?id=PURANUSDM,2026-09-25T22:26:59Z,
fred:PURANUSDM,price,2026-04-01T00:00:00Z,69.394745,USD/lb,P1M,,,,fred:PURANUSDM,https://fred.stlouisfed.org/graph/fredgraph.csv?id=PURANUSDM,2026-09-25T22:26:59Z,
fred:PURANUSDM,price,2026-05-01T00:00:00Z,69.055444,USD/lb,P1M,,,,fred:PURANUSDM,https://fred.stlouisfed.org/graph/fredgraph.csv?id=PURANUSDM,2026-09-25T22:26:59Z,
fred:PURANUSDM,price,2026-06-01T00:00:00Z,69.113772,USD/lb,P1M,,,,fred:PURANUSDM,https://fred.stlouisfed.org/graph/fredgraph.csv?id=PURANUSDM,2026-09-25T22:26:59Z,
fred:PURANUSDM,price,2026-07-01T00:00:00Z,69.233778,USD/lb,P1M,,,,fred:PURANUSDM,https://fred.stlouisfed.org/graph/fredgraph.csv?id=PURANUSDM,2026-09-25T22:26:59Z,
