# Energy Research Warehouse (ERW): ISO-NE real-time market LMPs, 8 load zones and the Internal Hub, 15-minute means of 5-minute prices
# Shape: series (docs/datastandard.md v0). Units: USD/MWh. ts_utc is interval start, UTC.
# Window: ISO-NE operating days 2026-09-22 to 2026-09-24 (America/New_York), [2026-09-22T04:00:00Z, 2026-09-25T04:00:00Z)
# Retrieved: 20260925T200734Z (UTC) by warehouse/connectors/iso_prices.py via gridstatus 0.36.0
# Run log: warehouse/output/logs/isone_prices_20260925T200734Z.log (every source document, by name)
# Raw files: warehouse/raw/isone/20260925T200734Z/ (not in git; manifest.csv lists each file and URL)
# Source: isone:rt_lmp_5min Real-Time Energy Market Five-Minute LMPs, https://www.iso-ne.com/isoexpress/web/reports/pricing/-/tree/lmps-rt-five-min-final
#   1 distinct file URL(s), publish time not given by source; per row: see source_url and vintage
# RTM values are 15-minute means of the ISO's 5-minute real-time prices: each is the arithmetic mean of exactly three 5-minute LMPs (interval starts :00, :05, :10 of the quarter hour), rounded to 4 decimals. A quarter hour missing any 5-minute price is incomplete and fails the file.
# File holds 2592 rows, 2026-09-22T04:00:00Z to 2026-09-25T03:45:00Z. This run wrote 2592 rows: 0 new, 2592 replacing earlier rows with the same (entity, variable, ts_utc); 0 rows are kept from earlier runs. Per row, source, source_url, retrieved_at and vintage say where it came from; earlier run logs are in warehouse/output/logs/.
entity,variable,ts_utc,value,unit,freq,geo,market,node,source,source_url,retrieved_at,vintage
isone:.H.INTERNAL_HUB,lmp_rtm_15m_mean,2026-09-22T04:00:00Z,25.6233,USD/MWh,PT15M,"US-CT,US-MA,US-ME,US-NH,US-RI,US-VT",isone_rtm,.H.INTERNAL_HUB,isone:rt_lmp_5min,https://www.iso-ne.com/isoexpress/web/reports/pricing/-/tree/lmps-rt-five-min-final,2026-09-25T20:08:05Z,
isone:.H.INTERNAL_HUB,lmp_rtm_15m_mean,2026-09-22T04:15:00Z,31.59,USD/MWh,PT15M,"US-CT,US-MA,US-ME,US-NH,US-RI,US-VT",isone_rtm,.H.INTERNAL_HUB,isone:rt_lmp_5min,https://www.iso-ne.com/isoexpress/web/reports/pricing/-/tree/lmps-rt-five-min-final,2026-09-25T20:08:05Z,
isone:.H.INTERNAL_HUB,lmp_rtm_15m_mean,2026-09-22T04:30:00Z,30.3933,USD/MWh,PT15M,"US-CT,US-MA,US-ME,US-NH,US-RI,US-VT",isone_rtm,.H.INTERNAL_HUB,isone:rt_lmp_5min,https://www.iso-ne.com/isoexpress/web/reports/pricing/-/tree/lmps-rt-five-min-final,2026-09-25T20:08:05Z,
isone:.H.INTERNAL_HUB,lmp_rtm_15m_mean,2026-09-22T04:45:00Z,33.19,USD/MWh,PT15M,"US-CT,US-MA,US-ME,US-NH,US-RI,US-VT",isone_rtm,.H.INTERNAL_HUB,isone:rt_lmp_5min,https://www.iso-ne.com/isoexpress/web/reports/pricing/-/tree/lmps-rt-five-min-final,2026-09-25T20:08:05Z,
isone:.H.INTERNAL_HUB,lmp_rtm_15m_mean,2026-09-22T05:00:00Z,31.6233,USD/MWh,PT15M,"US-CT,US-MA,US-ME,US-NH,US-RI,US-VT",isone_rtm,.H.INTERNAL_HUB,isone:rt_lmp_5min,https://www.iso-ne.com/isoexpress/web/reports/pricing/-/tree/lmps-rt-five-min-final,2026-09-25T20:08:05Z,
isone:.H.INTERNAL_HUB,lmp_rtm_15m_mean,2026-09-22T05:15:00Z,28.6567,USD/MWh,PT15M,"US-CT,US-MA,US-ME,US-NH,US-RI,US-VT",isone_rtm,.H.INTERNAL_HUB,isone:rt_lmp_5min,https://www.iso-ne.com/isoexpress/web/reports/pricing/-/tree/lmps-rt-five-min-final,2026-09-25T20:08:05Z,
isone:.H.INTERNAL_HUB,lmp_rtm_15m_mean,2026-09-22T05:30:00Z,27.7067,USD/MWh,PT15M,"US-CT,US-MA,US-ME,US-NH,US-RI,US-VT",isone_rtm,.H.INTERNAL_HUB,isone:rt_lmp_5min,https://www.iso-ne.com/isoexpress/web/reports/pricing/-/tree/lmps-rt-five-min-final,2026-09-25T20:08:05Z,
isone:.H.INTERNAL_HUB,lmp_rtm_15m_mean,2026-09-22T05:45:00Z,28.42,USD/MWh,PT15M,"US-CT,US-MA,US-ME,US-NH,US-RI,US-VT",isone_rtm,.H.INTERNAL_HUB,isone:rt_lmp_5min,https://www.iso-ne.com/isoexpress/web/reports/pricing/-/tree/lmps-rt-five-min-final,2026-09-25T20:08:05Z,
isone:.H.INTERNAL_HUB,lmp_rtm_15m_mean,2026-09-22T06:00:00Z,27.19,USD/MWh,PT15M,"US-CT,US-MA,US-ME,US-NH,US-RI,US-VT",isone_rtm,.H.INTERNAL_HUB,isone:rt_lmp_5min,https://www.iso-ne.com/isoexpress/web/reports/pricing/-/tree/lmps-rt-five-min-final,2026-09-25T20:08:05Z,
isone:.H.INTERNAL_HUB,lmp_rtm_15m_mean,2026-09-22T06:15:00Z,26.0433,USD/MWh,PT15M,"US-CT,US-MA,US-ME,US-NH,US-RI,US-VT",isone_rtm,.H.INTERNAL_HUB,isone:rt_lmp_5min,https://www.iso-ne.com/isoexpress/web/reports/pricing/-/tree/lmps-rt-five-min-final,2026-09-25T20:08:05Z,
isone:.H.INTERNAL_HUB,lmp_rtm_15m_mean,2026-09-22T06:30:00Z,27.33,USD/MWh,PT15M,"US-CT,US-MA,US-ME,US-NH,US-RI,US-VT",isone_rtm,.H.INTERNAL_HUB,isone:rt_lmp_5min,https://www.iso-ne.com/isoexpress/web/reports/pricing/-/tree/lmps-rt-five-min-final,2026-09-25T20:08:05Z,
isone:.H.INTERNAL_HUB,lmp_rtm_15m_mean,2026-09-22T06:45:00Z,28.1167,USD/MWh,PT15M,"US-CT,US-MA,US-ME,US-NH,US-RI,US-VT",isone_rtm,.H.INTERNAL_HUB,isone:rt_lmp_5min,https://www.iso-ne.com/isoexpress/web/reports/pricing/-/tree/lmps-rt-five-min-final,2026-09-25T20:08:05Z,
isone:.H.INTERNAL_HUB,lmp_rtm_15m_mean,2026-09-22T07:00:00Z,27.3667,USD/MWh,PT15M,"US-CT,US-MA,US-ME,US-NH,US-RI,US-VT",isone_rtm,.H.INTERNAL_HUB,isone:rt_lmp_5min,https://www.iso-ne.com/isoexpress/web/reports/pricing/-/tree/lmps-rt-five-min-final,2026-09-25T20:08:05Z,
isone:.H.INTERNAL_HUB,lmp_rtm_15m_mean,2026-09-22T07:15:00Z,27.71,USD/MWh,PT15M,"US-CT,US-MA,US-ME,US-NH,US-RI,US-VT",isone_rtm,.H.INTERNAL_HUB,isone:rt_lmp_5min,https://www.iso-ne.com/isoexpress/web/reports/pricing/-/tree/lmps-rt-five-min-final,2026-09-25T20:08:05Z,
isone:.H.INTERNAL_HUB,lmp_rtm_15m_mean,2026-09-22T07:30:00Z,28.3767,USD/MWh,PT15M,"US-CT,US-MA,US-ME,US-NH,US-RI,US-VT",isone_rtm,.H.INTERNAL_HUB,isone:rt_lmp_5min,https://www.iso-ne.com/isoexpress/web/reports/pricing/-/tree/lmps-rt-five-min-final,2026-09-25T20:08:05Z,
isone:.H.INTERNAL_HUB,lmp_rtm_15m_mean,2026-09-22T07:45:00Z,28.2533,USD/MWh,PT15M,"US-CT,US-MA,US-ME,US-NH,US-RI,US-VT",isone_rtm,.H.INTERNAL_HUB,isone:rt_lmp_5min,https://www.iso-ne.com/isoexpress/web/reports/pricing/-/tree/lmps-rt-five-min-final,2026-09-25T20:08:05Z,
isone:.H.INTERNAL_HUB,lmp_rtm_15m_mean,2026-09-22T08:00:00Z,27.6067,USD/MWh,PT15M,"US-CT,US-MA,US-ME,US-NH,US-RI,US-VT",isone_rtm,.H.INTERNAL_HUB,isone:rt_lmp_5min,https://www.iso-ne.com/isoexpress/web/reports/pricing/-/tree/lmps-rt-five-min-final,2026-09-25T20:08:05Z,
isone:.H.INTERNAL_HUB,lmp_rtm_15m_mean,2026-09-22T08:15:00Z,27.4867,USD/MWh,PT15M,"US-CT,US-MA,US-ME,US-NH,US-RI,US-VT",isone_rtm,.H.INTERNAL_HUB,isone:rt_lmp_5min,https://www.iso-ne.com/isoexpress/web/reports/pricing/-/tree/lmps-rt-five-min-final,2026-09-25T20:08:05Z,
isone:.H.INTERNAL_HUB,lmp_rtm_15m_mean,2026-09-22T08:30:00Z,28.0533,USD/MWh,PT15M,"US-CT,US-MA,US-ME,US-NH,US-RI,US-VT",isone_rtm,.H.INTERNAL_HUB,isone:rt_lmp_5min,https://www.iso-ne.com/isoexpress/web/reports/pricing/-/tree/lmps-rt-five-min-final,2026-09-25T20:08:05Z,
isone:.H.INTERNAL_HUB,lmp_rtm_15m_mean,2026-09-22T08:45:00Z,29.1367,USD/MWh,PT15M,"US-CT,US-MA,US-ME,US-NH,US-RI,US-VT",isone_rtm,.H.INTERNAL_HUB,isone:rt_lmp_5min,https://www.iso-ne.com/isoexpress/web/reports/pricing/-/tree/lmps-rt-five-min-final,2026-09-25T20:08:05Z,
isone:.H.INTERNAL_HUB,lmp_rtm_15m_mean,2026-09-22T09:00:00Z,27.2967,USD/MWh,PT15M,"US-CT,US-MA,US-ME,US-NH,US-RI,US-VT",isone_rtm,.H.INTERNAL_HUB,isone:rt_lmp_5min,https://www.iso-ne.com/isoexpress/web/reports/pricing/-/tree/lmps-rt-five-min-final,2026-09-25T20:08:05Z,
isone:.H.INTERNAL_HUB,lmp_rtm_15m_mean,2026-09-22T09:15:00Z,27.66,USD/MWh,PT15M,"US-CT,US-MA,US-ME,US-NH,US-RI,US-VT",isone_rtm,.H.INTERNAL_HUB,isone:rt_lmp_5min,https://www.iso-ne.com/isoexpress/web/reports/pricing/-/tree/lmps-rt-five-min-final,2026-09-25T20:08:05Z,
isone:.H.INTERNAL_HUB,lmp_rtm_15m_mean,2026-09-22T09:30:00Z,28.8667,USD/MWh,PT15M,"US-CT,US-MA,US-ME,US-NH,US-RI,US-VT",isone_rtm,.H.INTERNAL_HUB,isone:rt_lmp_5min,https://www.iso-ne.com/isoexpress/web/reports/pricing/-/tree/lmps-rt-five-min-final,2026-09-25T20:08:05Z,
isone:.H.INTERNAL_HUB,lmp_rtm_15m_mean,2026-09-22T09:45:00Z,29.22,USD/MWh,PT15M,"US-CT,US-MA,US-ME,US-NH,US-RI,US-VT",isone_rtm,.H.INTERNAL_HUB,isone:rt_lmp_5min,https://www.iso-ne.com/isoexpress/web/reports/pricing/-/tree/lmps-rt-five-min-final,2026-09-25T20:08:05Z,
isone:.H.INTERNAL_HUB,lmp_rtm_15m_mean,2026-09-22T10:00:00Z,24.8233,USD/MWh,PT15M,"US-CT,US-MA,US-ME,US-NH,US-RI,US-VT",isone_rtm,.H.INTERNAL_HUB,isone:rt_lmp_5min,https://www.iso-ne.com/isoexpress/web/reports/pricing/-/tree/lmps-rt-five-min-final,2026-09-25T20:08:05Z,
isone:.H.INTERNAL_HUB,lmp_rtm_15m_mean,2026-09-22T10:15:00Z,27.0,USD/MWh,PT15M,"US-CT,US-MA,US-ME,US-NH,US-RI,US-VT",isone_rtm,.H.INTERNAL_HUB,isone:rt_lmp_5min,https://www.iso-ne.com/isoexpress/web/reports/pricing/-/tree/lmps-rt-five-min-final,2026-09-25T20:08:05Z,
isone:.H.INTERNAL_HUB,lmp_rtm_15m_mean,2026-09-22T10:30:00Z,36.2533,USD/MWh,PT15M,"US-CT,US-MA,US-ME,US-NH,US-RI,US-VT",isone_rtm,.H.INTERNAL_HUB,isone:rt_lmp_5min,https://www.iso-ne.com/isoexpress/web/reports/pricing/-/tree/lmps-rt-five-min-final,2026-09-25T20:08:05Z,
isone:.H.INTERNAL_HUB,lmp_rtm_15m_mean,2026-09-22T10:45:00Z,46.7333,USD/MWh,PT15M,"US-CT,US-MA,US-ME,US-NH,US-RI,US-VT",isone_rtm,.H.INTERNAL_HUB,isone:rt_lmp_5min,https://www.iso-ne.com/isoexpress/web/reports/pricing/-/tree/lmps-rt-five-min-final,2026-09-25T20:08:05Z,
isone:.H.INTERNAL_HUB,lmp_rtm_15m_mean,2026-09-22T11:00:00Z,36.88,USD/MWh,PT15M,"US-CT,US-MA,US-ME,US-NH,US-RI,US-VT",isone_rtm,.H.INTERNAL_HUB,isone:rt_lmp_5min,https://www.iso-ne.com/isoexpress/web/reports/pricing/-/tree/lmps-rt-five-min-final,2026-09-25T20:08:05Z,
isone:.H.INTERNAL_HUB,lmp_rtm_15m_mean,2026-09-22T11:15:00Z,30.08,USD/MWh,PT15M,"US-CT,US-MA,US-ME,US-NH,US-RI,US-VT",isone_rtm,.H.INTERNAL_HUB,isone:rt_lmp_5min,https://www.iso-ne.com/isoexpress/web/reports/pricing/-/tree/lmps-rt-five-min-final,2026-09-25T20:08:05Z,
isone:.H.INTERNAL_HUB,lmp_rtm_15m_mean,2026-09-22T11:30:00Z,27.79,USD/MWh,PT15M,"US-CT,US-MA,US-ME,US-NH,US-RI,US-VT",isone_rtm,.H.INTERNAL_HUB,isone:rt_lmp_5min,https://www.iso-ne.com/isoexpress/web/reports/pricing/-/tree/lmps-rt-five-min-final,2026-09-25T20:08:05Z,
isone:.H.INTERNAL_HUB,lmp_rtm_15m_mean,2026-09-22T11:45:00Z,26.6667,USD/MWh,PT15M,"US-CT,US-MA,US-ME,US-NH,US-RI,US-VT",isone_rtm,.H.INTERNAL_HUB,isone:rt_lmp_5min,https://www.iso-ne.com/isoexpress/web/reports/pricing/-/tree/lmps-rt-five-min-final,2026-09-25T20:08:05Z,
isone:.H.INTERNAL_HUB,lmp_rtm_15m_mean,2026-09-22T12:00:00Z,40.8533,USD/MWh,PT15M,"US-CT,US-MA,US-ME,US-NH,US-RI,US-VT",isone_rtm,.H.INTERNAL_HUB,isone:rt_lmp_5min,https://www.iso-ne.com/isoexpress/web/reports/pricing/-/tree/lmps-rt-five-min-final,2026-09-25T20:08:05Z,
isone:.H.INTERNAL_HUB,lmp_rtm_15m_mean,2026-09-22T12:15:00Z,26.6667,USD/MWh,PT15M,"US-CT,US-MA,US-ME,US-NH,US-RI,US-VT",isone_rtm,.H.INTERNAL_HUB,isone:rt_lmp_5min,https://www.iso-ne.com/isoexpress/web/reports/pricing/-/tree/lmps-rt-five-min-final,2026-09-25T20:08:05Z,
isone:.H.INTERNAL_HUB,lmp_rtm_15m_mean,2026-09-22T12:30:00Z,25.1967,USD/MWh,PT15M,"US-CT,US-MA,US-ME,US-NH,US-RI,US-VT",isone_rtm,.H.INTERNAL_HUB,isone:rt_lmp_5min,https://www.iso-ne.com/isoexpress/web/reports/pricing/-/tree/lmps-rt-five-min-final,2026-09-25T20:08:05Z,
isone:.H.INTERNAL_HUB,lmp_rtm_15m_mean,2026-09-22T12:45:00Z,24.63,USD/MWh,PT15M,"US-CT,US-MA,US-ME,US-NH,US-RI,US-VT",isone_rtm,.H.INTERNAL_HUB,isone:rt_lmp_5min,https://www.iso-ne.com/isoexpress/web/reports/pricing/-/tree/lmps-rt-five-min-final,2026-09-25T20:08:05Z,
isone:.H.INTERNAL_HUB,lmp_rtm_15m_mean,2026-09-22T13:00:00Z,24.4033,USD/MWh,PT15M,"US-CT,US-MA,US-ME,US-NH,US-RI,US-VT",isone_rtm,.H.INTERNAL_HUB,isone:rt_lmp_5min,https://www.iso-ne.com/isoexpress/web/reports/pricing/-/tree/lmps-rt-five-min-final,2026-09-25T20:08:05Z,
isone:.H.INTERNAL_HUB,lmp_rtm_15m_mean,2026-09-22T13:15:00Z,25.4467,USD/MWh,PT15M,"US-CT,US-MA,US-ME,US-NH,US-RI,US-VT",isone_rtm,.H.INTERNAL_HUB,isone:rt_lmp_5min,https://www.iso-ne.com/isoexpress/web/reports/pricing/-/tree/lmps-rt-five-min-final,2026-09-25T20:08:05Z,
isone:.H.INTERNAL_HUB,lmp_rtm_15m_mean,2026-09-22T13:30:00Z,25.8967,USD/MWh,PT15M,"US-CT,US-MA,US-ME,US-NH,US-RI,US-VT",isone_rtm,.H.INTERNAL_HUB,isone:rt_lmp_5min,https://www.iso-ne.com/isoexpress/web/reports/pricing/-/tree/lmps-rt-five-min-final,2026-09-25T20:08:05Z,
isone:.H.INTERNAL_HUB,lmp_rtm_15m_mean,2026-09-22T13:45:00Z,25.1267,USD/MWh,PT15M,"US-CT,US-MA,US-ME,US-NH,US-RI,US-VT",isone_rtm,.H.INTERNAL_HUB,isone:rt_lmp_5min,https://www.iso-ne.com/isoexpress/web/reports/pricing/-/tree/lmps-rt-five-min-final,2026-09-25T20:08:05Z,
isone:.H.INTERNAL_HUB,lmp_rtm_15m_mean,2026-09-22T14:00:00Z,27.3067,USD/MWh,PT15M,"US-CT,US-MA,US-ME,US-NH,US-RI,US-VT",isone_rtm,.H.INTERNAL_HUB,isone:rt_lmp_5min,https://www.iso-ne.com/isoexpress/web/reports/pricing/-/tree/lmps-rt-five-min-final,2026-09-25T20:08:05Z,
isone:.H.INTERNAL_HUB,lmp_rtm_15m_mean,2026-09-22T14:15:00Z,26.7667,USD/MWh,PT15M,"US-CT,US-MA,US-ME,US-NH,US-RI,US-VT",isone_rtm,.H.INTERNAL_HUB,isone:rt_lmp_5min,https://www.iso-ne.com/isoexpress/web/reports/pricing/-/tree/lmps-rt-five-min-final,2026-09-25T20:08:05Z,
isone:.H.INTERNAL_HUB,lmp_rtm_15m_mean,2026-09-22T14:30:00Z,26.3967,USD/MWh,PT15M,"US-CT,US-MA,US-ME,US-NH,US-RI,US-VT",isone_rtm,.H.INTERNAL_HUB,isone:rt_lmp_5min,https://www.iso-ne.com/isoexpress/web/reports/pricing/-/tree/lmps-rt-five-min-final,2026-09-25T20:08:05Z,
isone:.H.INTERNAL_HUB,lmp_rtm_15m_mean,2026-09-22T14:45:00Z,24.2733,USD/MWh,PT15M,"US-CT,US-MA,US-ME,US-NH,US-RI,US-VT",isone_rtm,.H.INTERNAL_HUB,isone:rt_lmp_5min,https://www.iso-ne.com/isoexpress/web/reports/pricing/-/tree/lmps-rt-five-min-final,2026-09-25T20:08:05Z,
isone:.H.INTERNAL_HUB,lmp_rtm_15m_mean,2026-09-22T15:00:00Z,16.15,USD/MWh,PT15M,"US-CT,US-MA,US-ME,US-NH,US-RI,US-VT",isone_rtm,.H.INTERNAL_HUB,isone:rt_lmp_5min,https://www.iso-ne.com/isoexpress/web/reports/pricing/-/tree/lmps-rt-five-min-final,2026-09-25T20:08:05Z,
isone:.H.INTERNAL_HUB,lmp_rtm_15m_mean,2026-09-22T15:15:00Z,23.2467,USD/MWh,PT15M,"US-CT,US-MA,US-ME,US-NH,US-RI,US-VT",isone_rtm,.H.INTERNAL_HUB,isone:rt_lmp_5min,https://www.iso-ne.com/isoexpress/web/reports/pricing/-/tree/lmps-rt-five-min-final,2026-09-25T20:08:05Z,
isone:.H.INTERNAL_HUB,lmp_rtm_15m_mean,2026-09-22T15:30:00Z,22.9867,USD/MWh,PT15M,"US-CT,US-MA,US-ME,US-NH,US-RI,US-VT",isone_rtm,.H.INTERNAL_HUB,isone:rt_lmp_5min,https://www.iso-ne.com/isoexpress/web/reports/pricing/-/tree/lmps-rt-five-min-final,2026-09-25T20:08:05Z,
isone:.H.INTERNAL_HUB,lmp_rtm_15m_mean,2026-09-22T15:45:00Z,22.78,USD/MWh,PT15M,"US-CT,US-MA,US-ME,US-NH,US-RI,US-VT",isone_rtm,.H.INTERNAL_HUB,isone:rt_lmp_5min,https://www.iso-ne.com/isoexpress/web/reports/pricing/-/tree/lmps-rt-five-min-final,2026-09-25T20:08:05Z,
isone:.H.INTERNAL_HUB,lmp_rtm_15m_mean,2026-09-22T16:00:00Z,20.65,USD/MWh,PT15M,"US-CT,US-MA,US-ME,US-NH,US-RI,US-VT",isone_rtm,.H.INTERNAL_HUB,isone:rt_lmp_5min,https://www.iso-ne.com/isoexpress/web/reports/pricing/-/tree/lmps-rt-five-min-final,2026-09-25T20:08:05Z,
isone:.H.INTERNAL_HUB,lmp_rtm_15m_mean,2026-09-22T16:15:00Z,19.65,USD/MWh,PT15M,"US-CT,US-MA,US-ME,US-NH,US-RI,US-VT",isone_rtm,.H.INTERNAL_HUB,isone:rt_lmp_5min,https://www.iso-ne.com/isoexpress/web/reports/pricing/-/tree/lmps-rt-five-min-final,2026-09-25T20:08:05Z,
isone:.H.INTERNAL_HUB,lmp_rtm_15m_mean,2026-09-22T16:30:00Z,20.0,USD/MWh,PT15M,"US-CT,US-MA,US-ME,US-NH,US-RI,US-VT",isone_rtm,.H.INTERNAL_HUB,isone:rt_lmp_5min,https://www.iso-ne.com/isoexpress/web/reports/pricing/-/tree/lmps-rt-five-min-final,2026-09-25T20:08:05Z,
isone:.H.INTERNAL_HUB,lmp_rtm_15m_mean,2026-09-22T16:45:00Z,22.4,USD/MWh,PT15M,"US-CT,US-MA,US-ME,US-NH,US-RI,US-VT",isone_rtm,.H.INTERNAL_HUB,isone:rt_lmp_5min,https://www.iso-ne.com/isoexpress/web/reports/pricing/-/tree/lmps-rt-five-min-final,2026-09-25T20:08:05Z,
isone:.H.INTERNAL_HUB,lmp_rtm_15m_mean,2026-09-22T17:00:00Z,22.8667,USD/MWh,PT15M,"US-CT,US-MA,US-ME,US-NH,US-RI,US-VT",isone_rtm,.H.INTERNAL_HUB,isone:rt_lmp_5min,https://www.iso-ne.com/isoexpress/web/reports/pricing/-/tree/lmps-rt-five-min-final,2026-09-25T20:08:05Z,
isone:.H.INTERNAL_HUB,lmp_rtm_15m_mean,2026-09-22T17:15:00Z,24.0667,USD/MWh,PT15M,"US-CT,US-MA,US-ME,US-NH,US-RI,US-VT",isone_rtm,.H.INTERNAL_HUB,isone:rt_lmp_5min,https://www.iso-ne.com/isoexpress/web/reports/pricing/-/tree/lmps-rt-five-min-final,2026-09-25T20:08:05Z,
isone:.H.INTERNAL_HUB,lmp_rtm_15m_mean,2026-09-22T17:30:00Z,26.4733,USD/MWh,PT15M,"US-CT,US-MA,US-ME,US-NH,US-RI,US-VT",isone_rtm,.H.INTERNAL_HUB,isone:rt_lmp_5min,https://www.iso-ne.com/isoexpress/web/reports/pricing/-/tree/lmps-rt-five-min-final,2026-09-25T20:08:05Z,
isone:.H.INTERNAL_HUB,lmp_rtm_15m_mean,2026-09-22T17:45:00Z,26.6067,USD/MWh,PT15M,"US-CT,US-MA,US-ME,US-NH,US-RI,US-VT",isone_rtm,.H.INTERNAL_HUB,isone:rt_lmp_5min,https://www.iso-ne.com/isoexpress/web/reports/pricing/-/tree/lmps-rt-five-min-final,2026-09-25T20:08:05Z,
isone:.H.INTERNAL_HUB,lmp_rtm_15m_mean,2026-09-22T18:00:00Z,25.9733,USD/MWh,PT15M,"US-CT,US-MA,US-ME,US-NH,US-RI,US-VT",isone_rtm,.H.INTERNAL_HUB,isone:rt_lmp_5min,https://www.iso-ne.com/isoexpress/web/reports/pricing/-/tree/lmps-rt-five-min-final,2026-09-25T20:08:05Z,
isone:.H.INTERNAL_HUB,lmp_rtm_15m_mean,2026-09-22T18:15:00Z,25.8433,USD/MWh,PT15M,"US-CT,US-MA,US-ME,US-NH,US-RI,US-VT",isone_rtm,.H.INTERNAL_HUB,isone:rt_lmp_5min,https://www.iso-ne.com/isoexpress/web/reports/pricing/-/tree/lmps-rt-five-min-final,2026-09-25T20:08:05Z,
isone:.H.INTERNAL_HUB,lmp_rtm_15m_mean,2026-09-22T18:30:00Z,24.8567,USD/MWh,PT15M,"US-CT,US-MA,US-ME,US-NH,US-RI,US-VT",isone_rtm,.H.INTERNAL_HUB,isone:rt_lmp_5min,https://www.iso-ne.com/isoexpress/web/reports/pricing/-/tree/lmps-rt-five-min-final,2026-09-25T20:08:05Z,
isone:.H.INTERNAL_HUB,lmp_rtm_15m_mean,2026-09-22T18:45:00Z,24.9033,USD/MWh,PT15M,"US-CT,US-MA,US-ME,US-NH,US-RI,US-VT",isone_rtm,.H.INTERNAL_HUB,isone:rt_lmp_5min,https://www.iso-ne.com/isoexpress/web/reports/pricing/-/tree/lmps-rt-five-min-final,2026-09-25T20:08:05Z,
isone:.H.INTERNAL_HUB,lmp_rtm_15m_mean,2026-09-22T19:00:00Z,24.99,USD/MWh,PT15M,"US-CT,US-MA,US-ME,US-NH,US-RI,US-VT",isone_rtm,.H.INTERNAL_HUB,isone:rt_lmp_5min,https://www.iso-ne.com/isoexpress/web/reports/pricing/-/tree/lmps-rt-five-min-final,2026-09-25T20:08:05Z,
isone:.H.INTERNAL_HUB,lmp_rtm_15m_mean,2026-09-22T19:15:00Z,26.1567,USD/MWh,PT15M,"US-CT,US-MA,US-ME,US-NH,US-RI,US-VT",isone_rtm,.H.INTERNAL_HUB,isone:rt_lmp_5min,https://www.iso-ne.com/isoexpress/web/reports/pricing/-/tree/lmps-rt-five-min-final,2026-09-25T20:08:05Z,
isone:.H.INTERNAL_HUB,lmp_rtm_15m_mean,2026-09-22T19:30:00Z,26.64,USD/MWh,PT15M,"US-CT,US-MA,US-ME,US-NH,US-RI,US-VT",isone_rtm,.H.INTERNAL_HUB,isone:rt_lmp_5min,https://www.iso-ne.com/isoexpress/web/reports/pricing/-/tree/lmps-rt-five-min-final,2026-09-25T20:08:05Z,
isone:.H.INTERNAL_HUB,lmp_rtm_15m_mean,2026-09-22T19:45:00Z,27.1167,USD/MWh,PT15M,"US-CT,US-MA,US-ME,US-NH,US-RI,US-VT",isone_rtm,.H.INTERNAL_HUB,isone:rt_lmp_5min,https://www.iso-ne.com/isoexpress/web/reports/pricing/-/tree/lmps-rt-five-min-final,2026-09-25T20:08:05Z,
isone:.H.INTERNAL_HUB,lmp_rtm_15m_mean,2026-09-22T20:00:00Z,23.6767,USD/MWh,PT15M,"US-CT,US-MA,US-ME,US-NH,US-RI,US-VT",isone_rtm,.H.INTERNAL_HUB,isone:rt_lmp_5min,https://www.iso-ne.com/isoexpress/web/reports/pricing/-/tree/lmps-rt-five-min-final,2026-09-25T20:08:05Z,
isone:.H.INTERNAL_HUB,lmp_rtm_15m_mean,2026-09-22T20:15:00Z,23.82,USD/MWh,PT15M,"US-CT,US-MA,US-ME,US-NH,US-RI,US-VT",isone_rtm,.H.INTERNAL_HUB,isone:rt_lmp_5min,https://www.iso-ne.com/isoexpress/web/reports/pricing/-/tree/lmps-rt-five-min-final,2026-09-25T20:08:05Z,
isone:.H.INTERNAL_HUB,lmp_rtm_15m_mean,2026-09-22T20:30:00Z,27.2233,USD/MWh,PT15M,"US-CT,US-MA,US-ME,US-NH,US-RI,US-VT",isone_rtm,.H.INTERNAL_HUB,isone:rt_lmp_5min,https://www.iso-ne.com/isoexpress/web/reports/pricing/-/tree/lmps-rt-five-min-final,2026-09-25T20:08:05Z,
isone:.H.INTERNAL_HUB,lmp_rtm_15m_mean,2026-09-22T20:45:00Z,30.7233,USD/MWh,PT15M,"US-CT,US-MA,US-ME,US-NH,US-RI,US-VT",isone_rtm,.H.INTERNAL_HUB,isone:rt_lmp_5min,https://www.iso-ne.com/isoexpress/web/reports/pricing/-/tree/lmps-rt-five-min-final,2026-09-25T20:08:05Z,
isone:.H.INTERNAL_HUB,lmp_rtm_15m_mean,2026-09-22T21:00:00Z,27.9033,USD/MWh,PT15M,"US-CT,US-MA,US-ME,US-NH,US-RI,US-VT",isone_rtm,.H.INTERNAL_HUB,isone:rt_lmp_5min,https://www.iso-ne.com/isoexpress/web/reports/pricing/-/tree/lmps-rt-five-min-final,2026-09-25T20:08:05Z,
isone:.H.INTERNAL_HUB,lmp_rtm_15m_mean,2026-09-22T21:15:00Z,24.7767,USD/MWh,PT15M,"US-CT,US-MA,US-ME,US-NH,US-RI,US-VT",isone_rtm,.H.INTERNAL_HUB,isone:rt_lmp_5min,https://www.iso-ne.com/isoexpress/web/reports/pricing/-/tree/lmps-rt-five-min-final,2026-09-25T20:08:05Z,
isone:.H.INTERNAL_HUB,lmp_rtm_15m_mean,2026-09-22T21:30:00Z,27.8233,USD/MWh,PT15M,"US-CT,US-MA,US-ME,US-NH,US-RI,US-VT",isone_rtm,.H.INTERNAL_HUB,isone:rt_lmp_5min,https://www.iso-ne.com/isoexpress/web/reports/pricing/-/tree/lmps-rt-five-min-final,2026-09-25T20:08:05Z,
isone:.H.INTERNAL_HUB,lmp_rtm_15m_mean,2026-09-22T21:45:00Z,29.59,USD/MWh,PT15M,"US-CT,US-MA,US-ME,US-NH,US-RI,US-VT",isone_rtm,.H.INTERNAL_HUB,isone:rt_lmp_5min,https://www.iso-ne.com/isoexpress/web/reports/pricing/-/tree/lmps-rt-five-min-final,2026-09-25T20:08:05Z,
isone:.H.INTERNAL_HUB,lmp_rtm_15m_mean,2026-09-22T22:00:00Z,27.8433,USD/MWh,PT15M,"US-CT,US-MA,US-ME,US-NH,US-RI,US-VT",isone_rtm,.H.INTERNAL_HUB,isone:rt_lmp_5min,https://www.iso-ne.com/isoexpress/web/reports/pricing/-/tree/lmps-rt-five-min-final,2026-09-25T20:08:05Z,
isone:.H.INTERNAL_HUB,lmp_rtm_15m_mean,2026-09-22T22:15:00Z,30.7333,USD/MWh,PT15M,"US-CT,US-MA,US-ME,US-NH,US-RI,US-VT",isone_rtm,.H.INTERNAL_HUB,isone:rt_lmp_5min,https://www.iso-ne.com/isoexpress/web/reports/pricing/-/tree/lmps-rt-five-min-final,2026-09-25T20:08:05Z,
isone:.H.INTERNAL_HUB,lmp_rtm_15m_mean,2026-09-22T22:30:00Z,33.1633,USD/MWh,PT15M,"US-CT,US-MA,US-ME,US-NH,US-RI,US-VT",isone_rtm,.H.INTERNAL_HUB,isone:rt_lmp_5min,https://www.iso-ne.com/isoexpress/web/reports/pricing/-/tree/lmps-rt-five-min-final,2026-09-25T20:08:05Z,
isone:.H.INTERNAL_HUB,lmp_rtm_15m_mean,2026-09-22T22:45:00Z,33.7533,USD/MWh,PT15M,"US-CT,US-MA,US-ME,US-NH,US-RI,US-VT",isone_rtm,.H.INTERNAL_HUB,isone:rt_lmp_5min,https://www.iso-ne.com/isoexpress/web/reports/pricing/-/tree/lmps-rt-five-min-final,2026-09-25T20:08:05Z,
isone:.H.INTERNAL_HUB,lmp_rtm_15m_mean,2026-09-22T23:00:00Z,32.6733,USD/MWh,PT15M,"US-CT,US-MA,US-ME,US-NH,US-RI,US-VT",isone_rtm,.H.INTERNAL_HUB,isone:rt_lmp_5min,https://www.iso-ne.com/isoexpress/web/reports/pricing/-/tree/lmps-rt-five-min-final,2026-09-25T20:08:05Z,
isone:.H.INTERNAL_HUB,lmp_rtm_15m_mean,2026-09-22T23:15:00Z,29.82,USD/MWh,PT15M,"US-CT,US-MA,US-ME,US-NH,US-RI,US-VT",isone_rtm,.H.INTERNAL_HUB,isone:rt_lmp_5min,https://www.iso-ne.com/isoexpress/web/reports/pricing/-/tree/lmps-rt-five-min-final,2026-09-25T20:08:05Z,
isone:.H.INTERNAL_HUB,lmp_rtm_15m_mean,2026-09-22T23:30:00Z,31.1833,USD/MWh,PT15M,"US-CT,US-MA,US-ME,US-NH,US-RI,US-VT",isone_rtm,.H.INTERNAL_HUB,isone:rt_lmp_5min,https://www.iso-ne.com/isoexpress/web/reports/pricing/-/tree/lmps-rt-five-min-final,2026-09-25T20:08:05Z,
isone:.H.INTERNAL_HUB,lmp_rtm_15m_mean,2026-09-22T23:45:00Z,30.6033,USD/MWh,PT15M,"US-CT,US-MA,US-ME,US-NH,US-RI,US-VT",isone_rtm,.H.INTERNAL_HUB,isone:rt_lmp_5min,https://www.iso-ne.com/isoexpress/web/reports/pricing/-/tree/lmps-rt-five-min-final,2026-09-25T20:08:05Z,
isone:.H.INTERNAL_HUB,lmp_rtm_15m_mean,2026-09-23T00:00:00Z,38.9333,USD/MWh,PT15M,"US-CT,US-MA,US-ME,US-NH,US-RI,US-VT",isone_rtm,.H.INTERNAL_HUB,isone:rt_lmp_5min,https://www.iso-ne.com/isoexpress/web/reports/pricing/-/tree/lmps-rt-five-min-final,2026-09-25T20:08:05Z,
isone:.H.INTERNAL_HUB,lmp_rtm_15m_mean,2026-09-23T00:15:00Z,34.78,USD/MWh,PT15M,"US-CT,US-MA,US-ME,US-NH,US-RI,US-VT",isone_rtm,.H.INTERNAL_HUB,isone:rt_lmp_5min,https://www.iso-ne.com/isoexpress/web/reports/pricing/-/tree/lmps-rt-five-min-final,2026-09-25T20:08:05Z,
isone:.H.INTERNAL_HUB,lmp_rtm_15m_mean,2026-09-23T00:30:00Z,29.13,USD/MWh,PT15M,"US-CT,US-MA,US-ME,US-NH,US-RI,US-VT",isone_rtm,.H.INTERNAL_HUB,isone:rt_lmp_5min,https://www.iso-ne.com/isoexpress/web/reports/pricing/-/tree/lmps-rt-five-min-final,2026-09-25T20:08:05Z,
isone:.H.INTERNAL_HUB,lmp_rtm_15m_mean,2026-09-23T00:45:00Z,28.6233,USD/MWh,PT15M,"US-CT,US-MA,US-ME,US-NH,US-RI,US-VT",isone_rtm,.H.INTERNAL_HUB,isone:rt_lmp_5min,https://www.iso-ne.com/isoexpress/web/reports/pricing/-/tree/lmps-rt-five-min-final,2026-09-25T20:08:05Z,
isone:.H.INTERNAL_HUB,lmp_rtm_15m_mean,2026-09-23T01:00:00Z,33.2967,USD/MWh,PT15M,"US-CT,US-MA,US-ME,US-NH,US-RI,US-VT",isone_rtm,.H.INTERNAL_HUB,isone:rt_lmp_5min,https://www.iso-ne.com/isoexpress/web/reports/pricing/-/tree/lmps-rt-five-min-final,2026-09-25T20:08:05Z,
isone:.H.INTERNAL_HUB,lmp_rtm_15m_mean,2026-09-23T01:15:00Z,30.2833,USD/MWh,PT15M,"US-CT,US-MA,US-ME,US-NH,US-RI,US-VT",isone_rtm,.H.INTERNAL_HUB,isone:rt_lmp_5min,https://www.iso-ne.com/isoexpress/web/reports/pricing/-/tree/lmps-rt-five-min-final,2026-09-25T20:08:05Z,
isone:.H.INTERNAL_HUB,lmp_rtm_15m_mean,2026-09-23T01:30:00Z,29.4767,USD/MWh,PT15M,"US-CT,US-MA,US-ME,US-NH,US-RI,US-VT",isone_rtm,.H.INTERNAL_HUB,isone:rt_lmp_5min,https://www.iso-ne.com/isoexpress/web/reports/pricing/-/tree/lmps-rt-five-min-final,2026-09-25T20:08:05Z,
isone:.H.INTERNAL_HUB,lmp_rtm_15m_mean,2026-09-23T01:45:00Z,27.6067,USD/MWh,PT15M,"US-CT,US-MA,US-ME,US-NH,US-RI,US-VT",isone_rtm,.H.INTERNAL_HUB,isone:rt_lmp_5min,https://www.iso-ne.com/isoexpress/web/reports/pricing/-/tree/lmps-rt-five-min-final,2026-09-25T20:08:05Z,
isone:.H.INTERNAL_HUB,lmp_rtm_15m_mean,2026-09-23T02:00:00Z,27.9833,USD/MWh,PT15M,"US-CT,US-MA,US-ME,US-NH,US-RI,US-VT",isone_rtm,.H.INTERNAL_HUB,isone:rt_lmp_5min,https://www.iso-ne.com/isoexpress/web/reports/pricing/-/tree/lmps-rt-five-min-final,2026-09-25T20:08:05Z,
isone:.H.INTERNAL_HUB,lmp_rtm_15m_mean,2026-09-23T02:15:00Z,27.77,USD/MWh,PT15M,"US-CT,US-MA,US-ME,US-NH,US-RI,US-VT",isone_rtm,.H.INTERNAL_HUB,isone:rt_lmp_5min,https://www.iso-ne.com/isoexpress/web/reports/pricing/-/tree/lmps-rt-five-min-final,2026-09-25T20:08:05Z,
isone:.H.INTERNAL_HUB,lmp_rtm_15m_mean,2026-09-23T02:30:00Z,26.62,USD/MWh,PT15M,"US-CT,US-MA,US-ME,US-NH,US-RI,US-VT",isone_rtm,.H.INTERNAL_HUB,isone:rt_lmp_5min,https://www.iso-ne.com/isoexpress/web/reports/pricing/-/tree/lmps-rt-five-min-final,2026-09-25T20:08:05Z,
isone:.H.INTERNAL_HUB,lmp_rtm_15m_mean,2026-09-23T02:45:00Z,23.7467,USD/MWh,PT15M,"US-CT,US-MA,US-ME,US-NH,US-RI,US-VT",isone_rtm,.H.INTERNAL_HUB,isone:rt_lmp_5min,https://www.iso-ne.com/isoexpress/web/reports/pricing/-/tree/lmps-rt-five-min-final,2026-09-25T20:08:05Z,
isone:.H.INTERNAL_HUB,lmp_rtm_15m_mean,2026-09-23T03:00:00Z,24.1767,USD/MWh,PT15M,"US-CT,US-MA,US-ME,US-NH,US-RI,US-VT",isone_rtm,.H.INTERNAL_HUB,isone:rt_lmp_5min,https://www.iso-ne.com/isoexpress/web/reports/pricing/-/tree/lmps-rt-five-min-final,2026-09-25T20:08:05Z,
isone:.H.INTERNAL_HUB,lmp_rtm_15m_mean,2026-09-23T03:15:00Z,26.45,USD/MWh,PT15M,"US-CT,US-MA,US-ME,US-NH,US-RI,US-VT",isone_rtm,.H.INTERNAL_HUB,isone:rt_lmp_5min,https://www.iso-ne.com/isoexpress/web/reports/pricing/-/tree/lmps-rt-five-min-final,2026-09-25T20:08:05Z,
isone:.H.INTERNAL_HUB,lmp_rtm_15m_mean,2026-09-23T03:30:00Z,25.47,USD/MWh,PT15M,"US-CT,US-MA,US-ME,US-NH,US-RI,US-VT",isone_rtm,.H.INTERNAL_HUB,isone:rt_lmp_5min,https://www.iso-ne.com/isoexpress/web/reports/pricing/-/tree/lmps-rt-five-min-final,2026-09-25T20:08:05Z,
isone:.H.INTERNAL_HUB,lmp_rtm_15m_mean,2026-09-23T03:45:00Z,25.04,USD/MWh,PT15M,"US-CT,US-MA,US-ME,US-NH,US-RI,US-VT",isone_rtm,.H.INTERNAL_HUB,isone:rt_lmp_5min,https://www.iso-ne.com/isoexpress/web/reports/pricing/-/tree/lmps-rt-five-min-final,2026-09-25T20:08:05Z,
isone:.H.INTERNAL_HUB,lmp_rtm_15m_mean,2026-09-23T04:00:00Z,25.3767,USD/MWh,PT15M,"US-CT,US-MA,US-ME,US-NH,US-RI,US-VT",isone_rtm,.H.INTERNAL_HUB,isone:rt_lmp_5min,https://www.iso-ne.com/isoexpress/web/reports/pricing/-/tree/lmps-rt-five-min-final,2026-09-25T20:08:21Z,
isone:.H.INTERNAL_HUB,lmp_rtm_15m_mean,2026-09-23T04:15:00Z,27.4333,USD/MWh,PT15M,"US-CT,US-MA,US-ME,US-NH,US-RI,US-VT",isone_rtm,.H.INTERNAL_HUB,isone:rt_lmp_5min,https://www.iso-ne.com/isoexpress/web/reports/pricing/-/tree/lmps-rt-five-min-final,2026-09-25T20:08:21Z,
isone:.H.INTERNAL_HUB,lmp_rtm_15m_mean,2026-09-23T04:30:00Z,26.78,USD/MWh,PT15M,"US-CT,US-MA,US-ME,US-NH,US-RI,US-VT",isone_rtm,.H.INTERNAL_HUB,isone:rt_lmp_5min,https://www.iso-ne.com/isoexpress/web/reports/pricing/-/tree/lmps-rt-five-min-final,2026-09-25T20:08:21Z,
isone:.H.INTERNAL_HUB,lmp_rtm_15m_mean,2026-09-23T04:45:00Z,24.54,USD/MWh,PT15M,"US-CT,US-MA,US-ME,US-NH,US-RI,US-VT",isone_rtm,.H.INTERNAL_HUB,isone:rt_lmp_5min,https://www.iso-ne.com/isoexpress/web/reports/pricing/-/tree/lmps-rt-five-min-final,2026-09-25T20:08:21Z,
isone:.H.INTERNAL_HUB,lmp_rtm_15m_mean,2026-09-23T05:00:00Z,23.8333,USD/MWh,PT15M,"US-CT,US-MA,US-ME,US-NH,US-RI,US-VT",isone_rtm,.H.INTERNAL_HUB,isone:rt_lmp_5min,https://www.iso-ne.com/isoexpress/web/reports/pricing/-/tree/lmps-rt-five-min-final,2026-09-25T20:08:21Z,
isone:.H.INTERNAL_HUB,lmp_rtm_15m_mean,2026-09-23T05:15:00Z,23.1433,USD/MWh,PT15M,"US-CT,US-MA,US-ME,US-NH,US-RI,US-VT",isone_rtm,.H.INTERNAL_HUB,isone:rt_lmp_5min,https://www.iso-ne.com/isoexpress/web/reports/pricing/-/tree/lmps-rt-five-min-final,2026-09-25T20:08:21Z,
isone:.H.INTERNAL_HUB,lmp_rtm_15m_mean,2026-09-23T05:30:00Z,22.5733,USD/MWh,PT15M,"US-CT,US-MA,US-ME,US-NH,US-RI,US-VT",isone_rtm,.H.INTERNAL_HUB,isone:rt_lmp_5min,https://www.iso-ne.com/isoexpress/web/reports/pricing/-/tree/lmps-rt-five-min-final,2026-09-25T20:08:21Z,
isone:.H.INTERNAL_HUB,lmp_rtm_15m_mean,2026-09-23T05:45:00Z,22.14,USD/MWh,PT15M,"US-CT,US-MA,US-ME,US-NH,US-RI,US-VT",isone_rtm,.H.INTERNAL_HUB,isone:rt_lmp_5min,https://www.iso-ne.com/isoexpress/web/reports/pricing/-/tree/lmps-rt-five-min-final,2026-09-25T20:08:21Z,
isone:.H.INTERNAL_HUB,lmp_rtm_15m_mean,2026-09-23T06:00:00Z,22.2233,USD/MWh,PT15M,"US-CT,US-MA,US-ME,US-NH,US-RI,US-VT",isone_rtm,.H.INTERNAL_HUB,isone:rt_lmp_5min,https://www.iso-ne.com/isoexpress/web/reports/pricing/-/tree/lmps-rt-five-min-final,2026-09-25T20:08:21Z,
isone:.H.INTERNAL_HUB,lmp_rtm_15m_mean,2026-09-23T06:15:00Z,22.7833,USD/MWh,PT15M,"US-CT,US-MA,US-ME,US-NH,US-RI,US-VT",isone_rtm,.H.INTERNAL_HUB,isone:rt_lmp_5min,https://www.iso-ne.com/isoexpress/web/reports/pricing/-/tree/lmps-rt-five-min-final,2026-09-25T20:08:21Z,
isone:.H.INTERNAL_HUB,lmp_rtm_15m_mean,2026-09-23T06:30:00Z,23.24,USD/MWh,PT15M,"US-CT,US-MA,US-ME,US-NH,US-RI,US-VT",isone_rtm,.H.INTERNAL_HUB,isone:rt_lmp_5min,https://www.iso-ne.com/isoexpress/web/reports/pricing/-/tree/lmps-rt-five-min-final,2026-09-25T20:08:21Z,
isone:.H.INTERNAL_HUB,lmp_rtm_15m_mean,2026-09-23T06:45:00Z,23.0167,USD/MWh,PT15M,"US-CT,US-MA,US-ME,US-NH,US-RI,US-VT",isone_rtm,.H.INTERNAL_HUB,isone:rt_lmp_5min,https://www.iso-ne.com/isoexpress/web/reports/pricing/-/tree/lmps-rt-five-min-final,2026-09-25T20:08:21Z,
isone:.H.INTERNAL_HUB,lmp_rtm_15m_mean,2026-09-23T07:00:00Z,22.6733,USD/MWh,PT15M,"US-CT,US-MA,US-ME,US-NH,US-RI,US-VT",isone_rtm,.H.INTERNAL_HUB,isone:rt_lmp_5min,https://www.iso-ne.com/isoexpress/web/reports/pricing/-/tree/lmps-rt-five-min-final,2026-09-25T20:08:21Z,
isone:.H.INTERNAL_HUB,lmp_rtm_15m_mean,2026-09-23T07:15:00Z,22.6833,USD/MWh,PT15M,"US-CT,US-MA,US-ME,US-NH,US-RI,US-VT",isone_rtm,.H.INTERNAL_HUB,isone:rt_lmp_5min,https://www.iso-ne.com/isoexpress/web/reports/pricing/-/tree/lmps-rt-five-min-final,2026-09-25T20:08:21Z,
isone:.H.INTERNAL_HUB,lmp_rtm_15m_mean,2026-09-23T07:30:00Z,23.0967,USD/MWh,PT15M,"US-CT,US-MA,US-ME,US-NH,US-RI,US-VT",isone_rtm,.H.INTERNAL_HUB,isone:rt_lmp_5min,https://www.iso-ne.com/isoexpress/web/reports/pricing/-/tree/lmps-rt-five-min-final,2026-09-25T20:08:21Z,
isone:.H.INTERNAL_HUB,lmp_rtm_15m_mean,2026-09-23T07:45:00Z,23.2233,USD/MWh,PT15M,"US-CT,US-MA,US-ME,US-NH,US-RI,US-VT",isone_rtm,.H.INTERNAL_HUB,isone:rt_lmp_5min,https://www.iso-ne.com/isoexpress/web/reports/pricing/-/tree/lmps-rt-five-min-final,2026-09-25T20:08:21Z,
isone:.H.INTERNAL_HUB,lmp_rtm_15m_mean,2026-09-23T08:00:00Z,23.1,USD/MWh,PT15M,"US-CT,US-MA,US-ME,US-NH,US-RI,US-VT",isone_rtm,.H.INTERNAL_HUB,isone:rt_lmp_5min,https://www.iso-ne.com/isoexpress/web/reports/pricing/-/tree/lmps-rt-five-min-final,2026-09-25T20:08:21Z,
isone:.H.INTERNAL_HUB,lmp_rtm_15m_mean,2026-09-23T08:15:00Z,22.8767,USD/MWh,PT15M,"US-CT,US-MA,US-ME,US-NH,US-RI,US-VT",isone_rtm,.H.INTERNAL_HUB,isone:rt_lmp_5min,https://www.iso-ne.com/isoexpress/web/reports/pricing/-/tree/lmps-rt-five-min-final,2026-09-25T20:08:21Z,
isone:.H.INTERNAL_HUB,lmp_rtm_15m_mean,2026-09-23T08:30:00Z,23.1933,USD/MWh,PT15M,"US-CT,US-MA,US-ME,US-NH,US-RI,US-VT",isone_rtm,.H.INTERNAL_HUB,isone:rt_lmp_5min,https://www.iso-ne.com/isoexpress/web/reports/pricing/-/tree/lmps-rt-five-min-final,2026-09-25T20:08:21Z,
isone:.H.INTERNAL_HUB,lmp_rtm_15m_mean,2026-09-23T08:45:00Z,23.3867,USD/MWh,PT15M,"US-CT,US-MA,US-ME,US-NH,US-RI,US-VT",isone_rtm,.H.INTERNAL_HUB,isone:rt_lmp_5min,https://www.iso-ne.com/isoexpress/web/reports/pricing/-/tree/lmps-rt-five-min-final,2026-09-25T20:08:21Z,
isone:.H.INTERNAL_HUB,lmp_rtm_15m_mean,2026-09-23T09:00:00Z,23.0367,USD/MWh,PT15M,"US-CT,US-MA,US-ME,US-NH,US-RI,US-VT",isone_rtm,.H.INTERNAL_HUB,isone:rt_lmp_5min,https://www.iso-ne.com/isoexpress/web/reports/pricing/-/tree/lmps-rt-five-min-final,2026-09-25T20:08:21Z,
isone:.H.INTERNAL_HUB,lmp_rtm_15m_mean,2026-09-23T09:15:00Z,25.4233,USD/MWh,PT15M,"US-CT,US-MA,US-ME,US-NH,US-RI,US-VT",isone_rtm,.H.INTERNAL_HUB,isone:rt_lmp_5min,https://www.iso-ne.com/isoexpress/web/reports/pricing/-/tree/lmps-rt-five-min-final,2026-09-25T20:08:21Z,
isone:.H.INTERNAL_HUB,lmp_rtm_15m_mean,2026-09-23T09:30:00Z,31.02,USD/MWh,PT15M,"US-CT,US-MA,US-ME,US-NH,US-RI,US-VT",isone_rtm,.H.INTERNAL_HUB,isone:rt_lmp_5min,https://www.iso-ne.com/isoexpress/web/reports/pricing/-/tree/lmps-rt-five-min-final,2026-09-25T20:08:21Z,
isone:.H.INTERNAL_HUB,lmp_rtm_15m_mean,2026-09-23T09:45:00Z,35.2567,USD/MWh,PT15M,"US-CT,US-MA,US-ME,US-NH,US-RI,US-VT",isone_rtm,.H.INTERNAL_HUB,isone:rt_lmp_5min,https://www.iso-ne.com/isoexpress/web/reports/pricing/-/tree/lmps-rt-five-min-final,2026-09-25T20:08:21Z,
isone:.H.INTERNAL_HUB,lmp_rtm_15m_mean,2026-09-23T10:00:00Z,26.8233,USD/MWh,PT15M,"US-CT,US-MA,US-ME,US-NH,US-RI,US-VT",isone_rtm,.H.INTERNAL_HUB,isone:rt_lmp_5min,https://www.iso-ne.com/isoexpress/web/reports/pricing/-/tree/lmps-rt-five-min-final,2026-09-25T20:08:21Z,
isone:.H.INTERNAL_HUB,lmp_rtm_15m_mean,2026-09-23T10:15:00Z,28.3233,USD/MWh,PT15M,"US-CT,US-MA,US-ME,US-NH,US-RI,US-VT",isone_rtm,.H.INTERNAL_HUB,isone:rt_lmp_5min,https://www.iso-ne.com/isoexpress/web/reports/pricing/-/tree/lmps-rt-five-min-final,2026-09-25T20:08:21Z,
isone:.H.INTERNAL_HUB,lmp_rtm_15m_mean,2026-09-23T10:30:00Z,33.86,USD/MWh,PT15M,"US-CT,US-MA,US-ME,US-NH,US-RI,US-VT",isone_rtm,.H.INTERNAL_HUB,isone:rt_lmp_5min,https://www.iso-ne.com/isoexpress/web/reports/pricing/-/tree/lmps-rt-five-min-final,2026-09-25T20:08:21Z,
isone:.H.INTERNAL_HUB,lmp_rtm_15m_mean,2026-09-23T10:45:00Z,35.7167,USD/MWh,PT15M,"US-CT,US-MA,US-ME,US-NH,US-RI,US-VT",isone_rtm,.H.INTERNAL_HUB,isone:rt_lmp_5min,https://www.iso-ne.com/isoexpress/web/reports/pricing/-/tree/lmps-rt-five-min-final,2026-09-25T20:08:21Z,
isone:.H.INTERNAL_HUB,lmp_rtm_15m_mean,2026-09-23T11:00:00Z,27.5767,USD/MWh,PT15M,"US-CT,US-MA,US-ME,US-NH,US-RI,US-VT",isone_rtm,.H.INTERNAL_HUB,isone:rt_lmp_5min,https://www.iso-ne.com/isoexpress/web/reports/pricing/-/tree/lmps-rt-five-min-final,2026-09-25T20:08:21Z,
isone:.H.INTERNAL_HUB,lmp_rtm_15m_mean,2026-09-23T11:15:00Z,24.21,USD/MWh,PT15M,"US-CT,US-MA,US-ME,US-NH,US-RI,US-VT",isone_rtm,.H.INTERNAL_HUB,isone:rt_lmp_5min,https://www.iso-ne.com/isoexpress/web/reports/pricing/-/tree/lmps-rt-five-min-final,2026-09-25T20:08:21Z,
isone:.H.INTERNAL_HUB,lmp_rtm_15m_mean,2026-09-23T11:30:00Z,23.69,USD/MWh,PT15M,"US-CT,US-MA,US-ME,US-NH,US-RI,US-VT",isone_rtm,.H.INTERNAL_HUB,isone:rt_lmp_5min,https://www.iso-ne.com/isoexpress/web/reports/pricing/-/tree/lmps-rt-five-min-final,2026-09-25T20:08:21Z,
isone:.H.INTERNAL_HUB,lmp_rtm_15m_mean,2026-09-23T11:45:00Z,23.3133,USD/MWh,PT15M,"US-CT,US-MA,US-ME,US-NH,US-RI,US-VT",isone_rtm,.H.INTERNAL_HUB,isone:rt_lmp_5min,https://www.iso-ne.com/isoexpress/web/reports/pricing/-/tree/lmps-rt-five-min-final,2026-09-25T20:08:21Z,
isone:.H.INTERNAL_HUB,lmp_rtm_15m_mean,2026-09-23T12:00:00Z,32.4267,USD/MWh,PT15M,"US-CT,US-MA,US-ME,US-NH,US-RI,US-VT",isone_rtm,.H.INTERNAL_HUB,isone:rt_lmp_5min,https://www.iso-ne.com/isoexpress/web/reports/pricing/-/tree/lmps-rt-five-min-final,2026-09-25T20:08:21Z,
isone:.H.INTERNAL_HUB,lmp_rtm_15m_mean,2026-09-23T12:15:00Z,26.7767,USD/MWh,PT15M,"US-CT,US-MA,US-ME,US-NH,US-RI,US-VT",isone_rtm,.H.INTERNAL_HUB,isone:rt_lmp_5min,https://www.iso-ne.com/isoexpress/web/reports/pricing/-/tree/lmps-rt-five-min-final,2026-09-25T20:08:21Z,
isone:.H.INTERNAL_HUB,lmp_rtm_15m_mean,2026-09-23T12:30:00Z,22.44,USD/MWh,PT15M,"US-CT,US-MA,US-ME,US-NH,US-RI,US-VT",isone_rtm,.H.INTERNAL_HUB,isone:rt_lmp_5min,https://www.iso-ne.com/isoexpress/web/reports/pricing/-/tree/lmps-rt-five-min-final,2026-09-25T20:08:21Z,
isone:.H.INTERNAL_HUB,lmp_rtm_15m_mean,2026-09-23T12:45:00Z,14.18,USD/MWh,PT15M,"US-CT,US-MA,US-ME,US-NH,US-RI,US-VT",isone_rtm,.H.INTERNAL_HUB,isone:rt_lmp_5min,https://www.iso-ne.com/isoexpress/web/reports/pricing/-/tree/lmps-rt-five-min-final,2026-09-25T20:08:21Z,
isone:.H.INTERNAL_HUB,lmp_rtm_15m_mean,2026-09-23T13:00:00Z,15.0167,USD/MWh,PT15M,"US-CT,US-MA,US-ME,US-NH,US-RI,US-VT",isone_rtm,.H.INTERNAL_HUB,isone:rt_lmp_5min,https://www.iso-ne.com/isoexpress/web/reports/pricing/-/tree/lmps-rt-five-min-final,2026-09-25T20:08:21Z,
isone:.H.INTERNAL_HUB,lmp_rtm_15m_mean,2026-09-23T13:15:00Z,17.51,USD/MWh,PT15M,"US-CT,US-MA,US-ME,US-NH,US-RI,US-VT",isone_rtm,.H.INTERNAL_HUB,isone:rt_lmp_5min,https://www.iso-ne.com/isoexpress/web/reports/pricing/-/tree/lmps-rt-five-min-final,2026-09-25T20:08:21Z,
isone:.H.INTERNAL_HUB,lmp_rtm_15m_mean,2026-09-23T13:30:00Z,15.0333,USD/MWh,PT15M,"US-CT,US-MA,US-ME,US-NH,US-RI,US-VT",isone_rtm,.H.INTERNAL_HUB,isone:rt_lmp_5min,https://www.iso-ne.com/isoexpress/web/reports/pricing/-/tree/lmps-rt-five-min-final,2026-09-25T20:08:21Z,
isone:.H.INTERNAL_HUB,lmp_rtm_15m_mean,2026-09-23T13:45:00Z,0.0467,USD/MWh,PT15M,"US-CT,US-MA,US-ME,US-NH,US-RI,US-VT",isone_rtm,.H.INTERNAL_HUB,isone:rt_lmp_5min,https://www.iso-ne.com/isoexpress/web/reports/pricing/-/tree/lmps-rt-five-min-final,2026-09-25T20:08:21Z,
isone:.H.INTERNAL_HUB,lmp_rtm_15m_mean,2026-09-23T14:00:00Z,15.1133,USD/MWh,PT15M,"US-CT,US-MA,US-ME,US-NH,US-RI,US-VT",isone_rtm,.H.INTERNAL_HUB,isone:rt_lmp_5min,https://www.iso-ne.com/isoexpress/web/reports/pricing/-/tree/lmps-rt-five-min-final,2026-09-25T20:08:21Z,
isone:.H.INTERNAL_HUB,lmp_rtm_15m_mean,2026-09-23T14:15:00Z,22.79,USD/MWh,PT15M,"US-CT,US-MA,US-ME,US-NH,US-RI,US-VT",isone_rtm,.H.INTERNAL_HUB,isone:rt_lmp_5min,https://www.iso-ne.com/isoexpress/web/reports/pricing/-/tree/lmps-rt-five-min-final,2026-09-25T20:08:21Z,
isone:.H.INTERNAL_HUB,lmp_rtm_15m_mean,2026-09-23T14:30:00Z,3.65,USD/MWh,PT15M,"US-CT,US-MA,US-ME,US-NH,US-RI,US-VT",isone_rtm,.H.INTERNAL_HUB,isone:rt_lmp_5min,https://www.iso-ne.com/isoexpress/web/reports/pricing/-/tree/lmps-rt-five-min-final,2026-09-25T20:08:21Z,
isone:.H.INTERNAL_HUB,lmp_rtm_15m_mean,2026-09-23T14:45:00Z,-33.7833,USD/MWh,PT15M,"US-CT,US-MA,US-ME,US-NH,US-RI,US-VT",isone_rtm,.H.INTERNAL_HUB,isone:rt_lmp_5min,https://www.iso-ne.com/isoexpress/web/reports/pricing/-/tree/lmps-rt-five-min-final,2026-09-25T20:08:21Z,
isone:.H.INTERNAL_HUB,lmp_rtm_15m_mean,2026-09-23T15:00:00Z,-35.9233,USD/MWh,PT15M,"US-CT,US-MA,US-ME,US-NH,US-RI,US-VT",isone_rtm,.H.INTERNAL_HUB,isone:rt_lmp_5min,https://www.iso-ne.com/isoexpress/web/reports/pricing/-/tree/lmps-rt-five-min-final,2026-09-25T20:08:21Z,
isone:.H.INTERNAL_HUB,lmp_rtm_15m_mean,2026-09-23T15:15:00Z,-0.8933,USD/MWh,PT15M,"US-CT,US-MA,US-ME,US-NH,US-RI,US-VT",isone_rtm,.H.INTERNAL_HUB,isone:rt_lmp_5min,https://www.iso-ne.com/isoexpress/web/reports/pricing/-/tree/lmps-rt-five-min-final,2026-09-25T20:08:21Z,
isone:.H.INTERNAL_HUB,lmp_rtm_15m_mean,2026-09-23T15:30:00Z,10.05,USD/MWh,PT15M,"US-CT,US-MA,US-ME,US-NH,US-RI,US-VT",isone_rtm,.H.INTERNAL_HUB,isone:rt_lmp_5min,https://www.iso-ne.com/isoexpress/web/reports/pricing/-/tree/lmps-rt-five-min-final,2026-09-25T20:08:21Z,
isone:.H.INTERNAL_HUB,lmp_rtm_15m_mean,2026-09-23T15:45:00Z,3.3467,USD/MWh,PT15M,"US-CT,US-MA,US-ME,US-NH,US-RI,US-VT",isone_rtm,.H.INTERNAL_HUB,isone:rt_lmp_5min,https://www.iso-ne.com/isoexpress/web/reports/pricing/-/tree/lmps-rt-five-min-final,2026-09-25T20:08:21Z,
isone:.H.INTERNAL_HUB,lmp_rtm_15m_mean,2026-09-23T16:00:00Z,1.4167,USD/MWh,PT15M,"US-CT,US-MA,US-ME,US-NH,US-RI,US-VT",isone_rtm,.H.INTERNAL_HUB,isone:rt_lmp_5min,https://www.iso-ne.com/isoexpress/web/reports/pricing/-/tree/lmps-rt-five-min-final,2026-09-25T20:08:21Z,
isone:.H.INTERNAL_HUB,lmp_rtm_15m_mean,2026-09-23T16:15:00Z,21.61,USD/MWh,PT15M,"US-CT,US-MA,US-ME,US-NH,US-RI,US-VT",isone_rtm,.H.INTERNAL_HUB,isone:rt_lmp_5min,https://www.iso-ne.com/isoexpress/web/reports/pricing/-/tree/lmps-rt-five-min-final,2026-09-25T20:08:21Z,
isone:.H.INTERNAL_HUB,lmp_rtm_15m_mean,2026-09-23T16:30:00Z,13.11,USD/MWh,PT15M,"US-CT,US-MA,US-ME,US-NH,US-RI,US-VT",isone_rtm,.H.INTERNAL_HUB,isone:rt_lmp_5min,https://www.iso-ne.com/isoexpress/web/reports/pricing/-/tree/lmps-rt-five-min-final,2026-09-25T20:08:21Z,
isone:.H.INTERNAL_HUB,lmp_rtm_15m_mean,2026-09-23T16:45:00Z,19.73,USD/MWh,PT15M,"US-CT,US-MA,US-ME,US-NH,US-RI,US-VT",isone_rtm,.H.INTERNAL_HUB,isone:rt_lmp_5min,https://www.iso-ne.com/isoexpress/web/reports/pricing/-/tree/lmps-rt-five-min-final,2026-09-25T20:08:21Z,
isone:.H.INTERNAL_HUB,lmp_rtm_15m_mean,2026-09-23T17:00:00Z,21.9367,USD/MWh,PT15M,"US-CT,US-MA,US-ME,US-NH,US-RI,US-VT",isone_rtm,.H.INTERNAL_HUB,isone:rt_lmp_5min,https://www.iso-ne.com/isoexpress/web/reports/pricing/-/tree/lmps-rt-five-min-final,2026-09-25T20:08:21Z,
isone:.H.INTERNAL_HUB,lmp_rtm_15m_mean,2026-09-23T17:15:00Z,20.1333,USD/MWh,PT15M,"US-CT,US-MA,US-ME,US-NH,US-RI,US-VT",isone_rtm,.H.INTERNAL_HUB,isone:rt_lmp_5min,https://www.iso-ne.com/isoexpress/web/reports/pricing/-/tree/lmps-rt-five-min-final,2026-09-25T20:08:21Z,
isone:.H.INTERNAL_HUB,lmp_rtm_15m_mean,2026-09-23T17:30:00Z,21.7267,USD/MWh,PT15M,"US-CT,US-MA,US-ME,US-NH,US-RI,US-VT",isone_rtm,.H.INTERNAL_HUB,isone:rt_lmp_5min,https://www.iso-ne.com/isoexpress/web/reports/pricing/-/tree/lmps-rt-five-min-final,2026-09-25T20:08:21Z,
isone:.H.INTERNAL_HUB,lmp_rtm_15m_mean,2026-09-23T17:45:00Z,22.41,USD/MWh,PT15M,"US-CT,US-MA,US-ME,US-NH,US-RI,US-VT",isone_rtm,.H.INTERNAL_HUB,isone:rt_lmp_5min,https://www.iso-ne.com/isoexpress/web/reports/pricing/-/tree/lmps-rt-five-min-final,2026-09-25T20:08:21Z,
isone:.H.INTERNAL_HUB,lmp_rtm_15m_mean,2026-09-23T18:00:00Z,22.6633,USD/MWh,PT15M,"US-CT,US-MA,US-ME,US-NH,US-RI,US-VT",isone_rtm,.H.INTERNAL_HUB,isone:rt_lmp_5min,https://www.iso-ne.com/isoexpress/web/reports/pricing/-/tree/lmps-rt-five-min-final,2026-09-25T20:08:21Z,
isone:.H.INTERNAL_HUB,lmp_rtm_15m_mean,2026-09-23T18:15:00Z,22.01,USD/MWh,PT15M,"US-CT,US-MA,US-ME,US-NH,US-RI,US-VT",isone_rtm,.H.INTERNAL_HUB,isone:rt_lmp_5min,https://www.iso-ne.com/isoexpress/web/reports/pricing/-/tree/lmps-rt-five-min-final,2026-09-25T20:08:21Z,
isone:.H.INTERNAL_HUB,lmp_rtm_15m_mean,2026-09-23T18:30:00Z,22.0467,USD/MWh,PT15M,"US-CT,US-MA,US-ME,US-NH,US-RI,US-VT",isone_rtm,.H.INTERNAL_HUB,isone:rt_lmp_5min,https://www.iso-ne.com/isoexpress/web/reports/pricing/-/tree/lmps-rt-five-min-final,2026-09-25T20:08:21Z,
isone:.H.INTERNAL_HUB,lmp_rtm_15m_mean,2026-09-23T18:45:00Z,22.4167,USD/MWh,PT15M,"US-CT,US-MA,US-ME,US-NH,US-RI,US-VT",isone_rtm,.H.INTERNAL_HUB,isone:rt_lmp_5min,https://www.iso-ne.com/isoexpress/web/reports/pricing/-/tree/lmps-rt-five-min-final,2026-09-25T20:08:21Z,
isone:.H.INTERNAL_HUB,lmp_rtm_15m_mean,2026-09-23T19:00:00Z,5.0067,USD/MWh,PT15M,"US-CT,US-MA,US-ME,US-NH,US-RI,US-VT",isone_rtm,.H.INTERNAL_HUB,isone:rt_lmp_5min,https://www.iso-ne.com/isoexpress/web/reports/pricing/-/tree/lmps-rt-five-min-final,2026-09-25T20:08:21Z,
isone:.H.INTERNAL_HUB,lmp_rtm_15m_mean,2026-09-23T19:15:00Z,21.48,USD/MWh,PT15M,"US-CT,US-MA,US-ME,US-NH,US-RI,US-VT",isone_rtm,.H.INTERNAL_HUB,isone:rt_lmp_5min,https://www.iso-ne.com/isoexpress/web/reports/pricing/-/tree/lmps-rt-five-min-final,2026-09-25T20:08:21Z,
isone:.H.INTERNAL_HUB,lmp_rtm_15m_mean,2026-09-23T19:30:00Z,23.85,USD/MWh,PT15M,"US-CT,US-MA,US-ME,US-NH,US-RI,US-VT",isone_rtm,.H.INTERNAL_HUB,isone:rt_lmp_5min,https://www.iso-ne.com/isoexpress/web/reports/pricing/-/tree/lmps-rt-five-min-final,2026-09-25T20:08:21Z,
isone:.H.INTERNAL_HUB,lmp_rtm_15m_mean,2026-09-23T19:45:00Z,25.5433,USD/MWh,PT15M,"US-CT,US-MA,US-ME,US-NH,US-RI,US-VT",isone_rtm,.H.INTERNAL_HUB,isone:rt_lmp_5min,https://www.iso-ne.com/isoexpress/web/reports/pricing/-/tree/lmps-rt-five-min-final,2026-09-25T20:08:21Z,
isone:.H.INTERNAL_HUB,lmp_rtm_15m_mean,2026-09-23T20:00:00Z,-5.2833,USD/MWh,PT15M,"US-CT,US-MA,US-ME,US-NH,US-RI,US-VT",isone_rtm,.H.INTERNAL_HUB,isone:rt_lmp_5min,https://www.iso-ne.com/isoexpress/web/reports/pricing/-/tree/lmps-rt-five-min-final,2026-09-25T20:08:21Z,
isone:.H.INTERNAL_HUB,lmp_rtm_15m_mean,2026-09-23T20:15:00Z,-5.4633,USD/MWh,PT15M,"US-CT,US-MA,US-ME,US-NH,US-RI,US-VT",isone_rtm,.H.INTERNAL_HUB,isone:rt_lmp_5min,https://www.iso-ne.com/isoexpress/web/reports/pricing/-/tree/lmps-rt-five-min-final,2026-09-25T20:08:21Z,
isone:.H.INTERNAL_HUB,lmp_rtm_15m_mean,2026-09-23T20:30:00Z,25.6767,USD/MWh,PT15M,"US-CT,US-MA,US-ME,US-NH,US-RI,US-VT",isone_rtm,.H.INTERNAL_HUB,isone:rt_lmp_5min,https://www.iso-ne.com/isoexpress/web/reports/pricing/-/tree/lmps-rt-five-min-final,2026-09-25T20:08:21Z,
isone:.H.INTERNAL_HUB,lmp_rtm_15m_mean,2026-09-23T20:45:00Z,28.97,USD/MWh,PT15M,"US-CT,US-MA,US-ME,US-NH,US-RI,US-VT",isone_rtm,.H.INTERNAL_HUB,isone:rt_lmp_5min,https://www.iso-ne.com/isoexpress/web/reports/pricing/-/tree/lmps-rt-five-min-final,2026-09-25T20:08:21Z,
isone:.H.INTERNAL_HUB,lmp_rtm_15m_mean,2026-09-23T21:00:00Z,23.8933,USD/MWh,PT15M,"US-CT,US-MA,US-ME,US-NH,US-RI,US-VT",isone_rtm,.H.INTERNAL_HUB,isone:rt_lmp_5min,https://www.iso-ne.com/isoexpress/web/reports/pricing/-/tree/lmps-rt-five-min-final,2026-09-25T20:08:21Z,
isone:.H.INTERNAL_HUB,lmp_rtm_15m_mean,2026-09-23T21:15:00Z,25.1367,USD/MWh,PT15M,"US-CT,US-MA,US-ME,US-NH,US-RI,US-VT",isone_rtm,.H.INTERNAL_HUB,isone:rt_lmp_5min,https://www.iso-ne.com/isoexpress/web/reports/pricing/-/tree/lmps-rt-five-min-final,2026-09-25T20:08:21Z,
isone:.H.INTERNAL_HUB,lmp_rtm_15m_mean,2026-09-23T21:30:00Z,30.1733,USD/MWh,PT15M,"US-CT,US-MA,US-ME,US-NH,US-RI,US-VT",isone_rtm,.H.INTERNAL_HUB,isone:rt_lmp_5min,https://www.iso-ne.com/isoexpress/web/reports/pricing/-/tree/lmps-rt-five-min-final,2026-09-25T20:08:21Z,
isone:.H.INTERNAL_HUB,lmp_rtm_15m_mean,2026-09-23T21:45:00Z,35.74,USD/MWh,PT15M,"US-CT,US-MA,US-ME,US-NH,US-RI,US-VT",isone_rtm,.H.INTERNAL_HUB,isone:rt_lmp_5min,https://www.iso-ne.com/isoexpress/web/reports/pricing/-/tree/lmps-rt-five-min-final,2026-09-25T20:08:21Z,
isone:.H.INTERNAL_HUB,lmp_rtm_15m_mean,2026-09-23T22:00:00Z,34.8933,USD/MWh,PT15M,"US-CT,US-MA,US-ME,US-NH,US-RI,US-VT",isone_rtm,.H.INTERNAL_HUB,isone:rt_lmp_5min,https://www.iso-ne.com/isoexpress/web/reports/pricing/-/tree/lmps-rt-five-min-final,2026-09-25T20:08:21Z,
isone:.H.INTERNAL_HUB,lmp_rtm_15m_mean,2026-09-23T22:15:00Z,43.5967,USD/MWh,PT15M,"US-CT,US-MA,US-ME,US-NH,US-RI,US-VT",isone_rtm,.H.INTERNAL_HUB,isone:rt_lmp_5min,https://www.iso-ne.com/isoexpress/web/reports/pricing/-/tree/lmps-rt-five-min-final,2026-09-25T20:08:21Z,
isone:.H.INTERNAL_HUB,lmp_rtm_15m_mean,2026-09-23T22:30:00Z,46.77,USD/MWh,PT15M,"US-CT,US-MA,US-ME,US-NH,US-RI,US-VT",isone_rtm,.H.INTERNAL_HUB,isone:rt_lmp_5min,https://www.iso-ne.com/isoexpress/web/reports/pricing/-/tree/lmps-rt-five-min-final,2026-09-25T20:08:21Z,
isone:.H.INTERNAL_HUB,lmp_rtm_15m_mean,2026-09-23T22:45:00Z,48.1733,USD/MWh,PT15M,"US-CT,US-MA,US-ME,US-NH,US-RI,US-VT",isone_rtm,.H.INTERNAL_HUB,isone:rt_lmp_5min,https://www.iso-ne.com/isoexpress/web/reports/pricing/-/tree/lmps-rt-five-min-final,2026-09-25T20:08:21Z,
isone:.H.INTERNAL_HUB,lmp_rtm_15m_mean,2026-09-23T23:00:00Z,48.9667,USD/MWh,PT15M,"US-CT,US-MA,US-ME,US-NH,US-RI,US-VT",isone_rtm,.H.INTERNAL_HUB,isone:rt_lmp_5min,https://www.iso-ne.com/isoexpress/web/reports/pricing/-/tree/lmps-rt-five-min-final,2026-09-25T20:08:21Z,
isone:.H.INTERNAL_HUB,lmp_rtm_15m_mean,2026-09-23T23:15:00Z,42.34,USD/MWh,PT15M,"US-CT,US-MA,US-ME,US-NH,US-RI,US-VT",isone_rtm,.H.INTERNAL_HUB,isone:rt_lmp_5min,https://www.iso-ne.com/isoexpress/web/reports/pricing/-/tree/lmps-rt-five-min-final,2026-09-25T20:08:21Z,
isone:.H.INTERNAL_HUB,lmp_rtm_15m_mean,2026-09-23T23:30:00Z,44.7367,USD/MWh,PT15M,"US-CT,US-MA,US-ME,US-NH,US-RI,US-VT",isone_rtm,.H.INTERNAL_HUB,isone:rt_lmp_5min,https://www.iso-ne.com/isoexpress/web/reports/pricing/-/tree/lmps-rt-five-min-final,2026-09-25T20:08:21Z,
isone:.H.INTERNAL_HUB,lmp_rtm_15m_mean,2026-09-23T23:45:00Z,33.27,USD/MWh,PT15M,"US-CT,US-MA,US-ME,US-NH,US-RI,US-VT",isone_rtm,.H.INTERNAL_HUB,isone:rt_lmp_5min,https://www.iso-ne.com/isoexpress/web/reports/pricing/-/tree/lmps-rt-five-min-final,2026-09-25T20:08:21Z,
isone:.H.INTERNAL_HUB,lmp_rtm_15m_mean,2026-09-24T00:00:00Z,38.3933,USD/MWh,PT15M,"US-CT,US-MA,US-ME,US-NH,US-RI,US-VT",isone_rtm,.H.INTERNAL_HUB,isone:rt_lmp_5min,https://www.iso-ne.com/isoexpress/web/reports/pricing/-/tree/lmps-rt-five-min-final,2026-09-25T20:08:21Z,
isone:.H.INTERNAL_HUB,lmp_rtm_15m_mean,2026-09-24T00:15:00Z,34.3533,USD/MWh,PT15M,"US-CT,US-MA,US-ME,US-NH,US-RI,US-VT",isone_rtm,.H.INTERNAL_HUB,isone:rt_lmp_5min,https://www.iso-ne.com/isoexpress/web/reports/pricing/-/tree/lmps-rt-five-min-final,2026-09-25T20:08:21Z,
isone:.H.INTERNAL_HUB,lmp_rtm_15m_mean,2026-09-24T00:30:00Z,31.9567,USD/MWh,PT15M,"US-CT,US-MA,US-ME,US-NH,US-RI,US-VT",isone_rtm,.H.INTERNAL_HUB,isone:rt_lmp_5min,https://www.iso-ne.com/isoexpress/web/reports/pricing/-/tree/lmps-rt-five-min-final,2026-09-25T20:08:21Z,
isone:.H.INTERNAL_HUB,lmp_rtm_15m_mean,2026-09-24T00:45:00Z,29.59,USD/MWh,PT15M,"US-CT,US-MA,US-ME,US-NH,US-RI,US-VT",isone_rtm,.H.INTERNAL_HUB,isone:rt_lmp_5min,https://www.iso-ne.com/isoexpress/web/reports/pricing/-/tree/lmps-rt-five-min-final,2026-09-25T20:08:21Z,
isone:.H.INTERNAL_HUB,lmp_rtm_15m_mean,2026-09-24T01:00:00Z,43.5367,USD/MWh,PT15M,"US-CT,US-MA,US-ME,US-NH,US-RI,US-VT",isone_rtm,.H.INTERNAL_HUB,isone:rt_lmp_5min,https://www.iso-ne.com/isoexpress/web/reports/pricing/-/tree/lmps-rt-five-min-final,2026-09-25T20:08:21Z,
isone:.H.INTERNAL_HUB,lmp_rtm_15m_mean,2026-09-24T01:15:00Z,32.13,USD/MWh,PT15M,"US-CT,US-MA,US-ME,US-NH,US-RI,US-VT",isone_rtm,.H.INTERNAL_HUB,isone:rt_lmp_5min,https://www.iso-ne.com/isoexpress/web/reports/pricing/-/tree/lmps-rt-five-min-final,2026-09-25T20:08:21Z,
isone:.H.INTERNAL_HUB,lmp_rtm_15m_mean,2026-09-24T01:30:00Z,31.2733,USD/MWh,PT15M,"US-CT,US-MA,US-ME,US-NH,US-RI,US-VT",isone_rtm,.H.INTERNAL_HUB,isone:rt_lmp_5min,https://www.iso-ne.com/isoexpress/web/reports/pricing/-/tree/lmps-rt-five-min-final,2026-09-25T20:08:21Z,
isone:.H.INTERNAL_HUB,lmp_rtm_15m_mean,2026-09-24T01:45:00Z,29.6067,USD/MWh,PT15M,"US-CT,US-MA,US-ME,US-NH,US-RI,US-VT",isone_rtm,.H.INTERNAL_HUB,isone:rt_lmp_5min,https://www.iso-ne.com/isoexpress/web/reports/pricing/-/tree/lmps-rt-five-min-final,2026-09-25T20:08:21Z,
isone:.H.INTERNAL_HUB,lmp_rtm_15m_mean,2026-09-24T02:00:00Z,52.5233,USD/MWh,PT15M,"US-CT,US-MA,US-ME,US-NH,US-RI,US-VT",isone_rtm,.H.INTERNAL_HUB,isone:rt_lmp_5min,https://www.iso-ne.com/isoexpress/web/reports/pricing/-/tree/lmps-rt-five-min-final,2026-09-25T20:08:21Z,
isone:.H.INTERNAL_HUB,lmp_rtm_15m_mean,2026-09-24T02:15:00Z,38.4867,USD/MWh,PT15M,"US-CT,US-MA,US-ME,US-NH,US-RI,US-VT",isone_rtm,.H.INTERNAL_HUB,isone:rt_lmp_5min,https://www.iso-ne.com/isoexpress/web/reports/pricing/-/tree/lmps-rt-five-min-final,2026-09-25T20:08:21Z,
isone:.H.INTERNAL_HUB,lmp_rtm_15m_mean,2026-09-24T02:30:00Z,30.6967,USD/MWh,PT15M,"US-CT,US-MA,US-ME,US-NH,US-RI,US-VT",isone_rtm,.H.INTERNAL_HUB,isone:rt_lmp_5min,https://www.iso-ne.com/isoexpress/web/reports/pricing/-/tree/lmps-rt-five-min-final,2026-09-25T20:08:21Z,
isone:.H.INTERNAL_HUB,lmp_rtm_15m_mean,2026-09-24T02:45:00Z,29.3267,USD/MWh,PT15M,"US-CT,US-MA,US-ME,US-NH,US-RI,US-VT",isone_rtm,.H.INTERNAL_HUB,isone:rt_lmp_5min,https://www.iso-ne.com/isoexpress/web/reports/pricing/-/tree/lmps-rt-five-min-final,2026-09-25T20:08:21Z,
isone:.H.INTERNAL_HUB,lmp_rtm_15m_mean,2026-09-24T03:00:00Z,30.17,USD/MWh,PT15M,"US-CT,US-MA,US-ME,US-NH,US-RI,US-VT",isone_rtm,.H.INTERNAL_HUB,isone:rt_lmp_5min,https://www.iso-ne.com/isoexpress/web/reports/pricing/-/tree/lmps-rt-five-min-final,2026-09-25T20:08:21Z,
isone:.H.INTERNAL_HUB,lmp_rtm_15m_mean,2026-09-24T03:15:00Z,30.4133,USD/MWh,PT15M,"US-CT,US-MA,US-ME,US-NH,US-RI,US-VT",isone_rtm,.H.INTERNAL_HUB,isone:rt_lmp_5min,https://www.iso-ne.com/isoexpress/web/reports/pricing/-/tree/lmps-rt-five-min-final,2026-09-25T20:08:21Z,
isone:.H.INTERNAL_HUB,lmp_rtm_15m_mean,2026-09-24T03:30:00Z,27.4933,USD/MWh,PT15M,"US-CT,US-MA,US-ME,US-NH,US-RI,US-VT",isone_rtm,.H.INTERNAL_HUB,isone:rt_lmp_5min,https://www.iso-ne.com/isoexpress/web/reports/pricing/-/tree/lmps-rt-five-min-final,2026-09-25T20:08:21Z,
isone:.H.INTERNAL_HUB,lmp_rtm_15m_mean,2026-09-24T03:45:00Z,25.41,USD/MWh,PT15M,"US-CT,US-MA,US-ME,US-NH,US-RI,US-VT",isone_rtm,.H.INTERNAL_HUB,isone:rt_lmp_5min,https://www.iso-ne.com/isoexpress/web/reports/pricing/-/tree/lmps-rt-five-min-final,2026-09-25T20:08:21Z,
isone:.H.INTERNAL_HUB,lmp_rtm_15m_mean,2026-09-24T04:00:00Z,26.8533,USD/MWh,PT15M,"US-CT,US-MA,US-ME,US-NH,US-RI,US-VT",isone_rtm,.H.INTERNAL_HUB,isone:rt_lmp_5min,https://www.iso-ne.com/isoexpress/web/reports/pricing/-/tree/lmps-rt-five-min-final,2026-09-25T20:08:36Z,
isone:.H.INTERNAL_HUB,lmp_rtm_15m_mean,2026-09-24T04:15:00Z,27.2467,USD/MWh,PT15M,"US-CT,US-MA,US-ME,US-NH,US-RI,US-VT",isone_rtm,.H.INTERNAL_HUB,isone:rt_lmp_5min,https://www.iso-ne.com/isoexpress/web/reports/pricing/-/tree/lmps-rt-five-min-final,2026-09-25T20:08:36Z,
isone:.H.INTERNAL_HUB,lmp_rtm_15m_mean,2026-09-24T04:30:00Z,26.2733,USD/MWh,PT15M,"US-CT,US-MA,US-ME,US-NH,US-RI,US-VT",isone_rtm,.H.INTERNAL_HUB,isone:rt_lmp_5min,https://www.iso-ne.com/isoexpress/web/reports/pricing/-/tree/lmps-rt-five-min-final,2026-09-25T20:08:36Z,
isone:.H.INTERNAL_HUB,lmp_rtm_15m_mean,2026-09-24T04:45:00Z,25.4233,USD/MWh,PT15M,"US-CT,US-MA,US-ME,US-NH,US-RI,US-VT",isone_rtm,.H.INTERNAL_HUB,isone:rt_lmp_5min,https://www.iso-ne.com/isoexpress/web/reports/pricing/-/tree/lmps-rt-five-min-final,2026-09-25T20:08:36Z,
isone:.H.INTERNAL_HUB,lmp_rtm_15m_mean,2026-09-24T05:00:00Z,25.8867,USD/MWh,PT15M,"US-CT,US-MA,US-ME,US-NH,US-RI,US-VT",isone_rtm,.H.INTERNAL_HUB,isone:rt_lmp_5min,https://www.iso-ne.com/isoexpress/web/reports/pricing/-/tree/lmps-rt-five-min-final,2026-09-25T20:08:36Z,
isone:.H.INTERNAL_HUB,lmp_rtm_15m_mean,2026-09-24T05:15:00Z,26.9533,USD/MWh,PT15M,"US-CT,US-MA,US-ME,US-NH,US-RI,US-VT",isone_rtm,.H.INTERNAL_HUB,isone:rt_lmp_5min,https://www.iso-ne.com/isoexpress/web/reports/pricing/-/tree/lmps-rt-five-min-final,2026-09-25T20:08:36Z,
isone:.H.INTERNAL_HUB,lmp_rtm_15m_mean,2026-09-24T05:30:00Z,25.4833,USD/MWh,PT15M,"US-CT,US-MA,US-ME,US-NH,US-RI,US-VT",isone_rtm,.H.INTERNAL_HUB,isone:rt_lmp_5min,https://www.iso-ne.com/isoexpress/web/reports/pricing/-/tree/lmps-rt-five-min-final,2026-09-25T20:08:36Z,
isone:.H.INTERNAL_HUB,lmp_rtm_15m_mean,2026-09-24T05:45:00Z,25.3433,USD/MWh,PT15M,"US-CT,US-MA,US-ME,US-NH,US-RI,US-VT",isone_rtm,.H.INTERNAL_HUB,isone:rt_lmp_5min,https://www.iso-ne.com/isoexpress/web/reports/pricing/-/tree/lmps-rt-five-min-final,2026-09-25T20:08:36Z,
isone:.H.INTERNAL_HUB,lmp_rtm_15m_mean,2026-09-24T06:00:00Z,25.1033,USD/MWh,PT15M,"US-CT,US-MA,US-ME,US-NH,US-RI,US-VT",isone_rtm,.H.INTERNAL_HUB,isone:rt_lmp_5min,https://www.iso-ne.com/isoexpress/web/reports/pricing/-/tree/lmps-rt-five-min-final,2026-09-25T20:08:36Z,
isone:.H.INTERNAL_HUB,lmp_rtm_15m_mean,2026-09-24T06:15:00Z,24.7567,USD/MWh,PT15M,"US-CT,US-MA,US-ME,US-NH,US-RI,US-VT",isone_rtm,.H.INTERNAL_HUB,isone:rt_lmp_5min,https://www.iso-ne.com/isoexpress/web/reports/pricing/-/tree/lmps-rt-five-min-final,2026-09-25T20:08:36Z,
isone:.H.INTERNAL_HUB,lmp_rtm_15m_mean,2026-09-24T06:30:00Z,25.0,USD/MWh,PT15M,"US-CT,US-MA,US-ME,US-NH,US-RI,US-VT",isone_rtm,.H.INTERNAL_HUB,isone:rt_lmp_5min,https://www.iso-ne.com/isoexpress/web/reports/pricing/-/tree/lmps-rt-five-min-final,2026-09-25T20:08:36Z,
isone:.H.INTERNAL_HUB,lmp_rtm_15m_mean,2026-09-24T06:45:00Z,24.7833,USD/MWh,PT15M,"US-CT,US-MA,US-ME,US-NH,US-RI,US-VT",isone_rtm,.H.INTERNAL_HUB,isone:rt_lmp_5min,https://www.iso-ne.com/isoexpress/web/reports/pricing/-/tree/lmps-rt-five-min-final,2026-09-25T20:08:36Z,
isone:.H.INTERNAL_HUB,lmp_rtm_15m_mean,2026-09-24T07:00:00Z,24.7,USD/MWh,PT15M,"US-CT,US-MA,US-ME,US-NH,US-RI,US-VT",isone_rtm,.H.INTERNAL_HUB,isone:rt_lmp_5min,https://www.iso-ne.com/isoexpress/web/reports/pricing/-/tree/lmps-rt-five-min-final,2026-09-25T20:08:36Z,
isone:.H.INTERNAL_HUB,lmp_rtm_15m_mean,2026-09-24T07:15:00Z,25.07,USD/MWh,PT15M,"US-CT,US-MA,US-ME,US-NH,US-RI,US-VT",isone_rtm,.H.INTERNAL_HUB,isone:rt_lmp_5min,https://www.iso-ne.com/isoexpress/web/reports/pricing/-/tree/lmps-rt-five-min-final,2026-09-25T20:08:36Z,
isone:.H.INTERNAL_HUB,lmp_rtm_15m_mean,2026-09-24T07:30:00Z,25.2133,USD/MWh,PT15M,"US-CT,US-MA,US-ME,US-NH,US-RI,US-VT",isone_rtm,.H.INTERNAL_HUB,isone:rt_lmp_5min,https://www.iso-ne.com/isoexpress/web/reports/pricing/-/tree/lmps-rt-five-min-final,2026-09-25T20:08:36Z,
isone:.H.INTERNAL_HUB,lmp_rtm_15m_mean,2026-09-24T07:45:00Z,25.1933,USD/MWh,PT15M,"US-CT,US-MA,US-ME,US-NH,US-RI,US-VT",isone_rtm,.H.INTERNAL_HUB,isone:rt_lmp_5min,https://www.iso-ne.com/isoexpress/web/reports/pricing/-/tree/lmps-rt-five-min-final,2026-09-25T20:08:36Z,
isone:.H.INTERNAL_HUB,lmp_rtm_15m_mean,2026-09-24T08:00:00Z,24.2267,USD/MWh,PT15M,"US-CT,US-MA,US-ME,US-NH,US-RI,US-VT",isone_rtm,.H.INTERNAL_HUB,isone:rt_lmp_5min,https://www.iso-ne.com/isoexpress/web/reports/pricing/-/tree/lmps-rt-five-min-final,2026-09-25T20:08:36Z,
isone:.H.INTERNAL_HUB,lmp_rtm_15m_mean,2026-09-24T08:15:00Z,24.1367,USD/MWh,PT15M,"US-CT,US-MA,US-ME,US-NH,US-RI,US-VT",isone_rtm,.H.INTERNAL_HUB,isone:rt_lmp_5min,https://www.iso-ne.com/isoexpress/web/reports/pricing/-/tree/lmps-rt-five-min-final,2026-09-25T20:08:36Z,
isone:.H.INTERNAL_HUB,lmp_rtm_15m_mean,2026-09-24T08:30:00Z,24.29,USD/MWh,PT15M,"US-CT,US-MA,US-ME,US-NH,US-RI,US-VT",isone_rtm,.H.INTERNAL_HUB,isone:rt_lmp_5min,https://www.iso-ne.com/isoexpress/web/reports/pricing/-/tree/lmps-rt-five-min-final,2026-09-25T20:08:36Z,
isone:.H.INTERNAL_HUB,lmp_rtm_15m_mean,2026-09-24T08:45:00Z,24.9,USD/MWh,PT15M,"US-CT,US-MA,US-ME,US-NH,US-RI,US-VT",isone_rtm,.H.INTERNAL_HUB,isone:rt_lmp_5min,https://www.iso-ne.com/isoexpress/web/reports/pricing/-/tree/lmps-rt-five-min-final,2026-09-25T20:08:36Z,
isone:.H.INTERNAL_HUB,lmp_rtm_15m_mean,2026-09-24T09:00:00Z,27.0467,USD/MWh,PT15M,"US-CT,US-MA,US-ME,US-NH,US-RI,US-VT",isone_rtm,.H.INTERNAL_HUB,isone:rt_lmp_5min,https://www.iso-ne.com/isoexpress/web/reports/pricing/-/tree/lmps-rt-five-min-final,2026-09-25T20:08:36Z,
isone:.H.INTERNAL_HUB,lmp_rtm_15m_mean,2026-09-24T09:15:00Z,33.0833,USD/MWh,PT15M,"US-CT,US-MA,US-ME,US-NH,US-RI,US-VT",isone_rtm,.H.INTERNAL_HUB,isone:rt_lmp_5min,https://www.iso-ne.com/isoexpress/web/reports/pricing/-/tree/lmps-rt-five-min-final,2026-09-25T20:08:36Z,
isone:.H.INTERNAL_HUB,lmp_rtm_15m_mean,2026-09-24T09:30:00Z,33.1367,USD/MWh,PT15M,"US-CT,US-MA,US-ME,US-NH,US-RI,US-VT",isone_rtm,.H.INTERNAL_HUB,isone:rt_lmp_5min,https://www.iso-ne.com/isoexpress/web/reports/pricing/-/tree/lmps-rt-five-min-final,2026-09-25T20:08:36Z,
isone:.H.INTERNAL_HUB,lmp_rtm_15m_mean,2026-09-24T09:45:00Z,35.6733,USD/MWh,PT15M,"US-CT,US-MA,US-ME,US-NH,US-RI,US-VT",isone_rtm,.H.INTERNAL_HUB,isone:rt_lmp_5min,https://www.iso-ne.com/isoexpress/web/reports/pricing/-/tree/lmps-rt-five-min-final,2026-09-25T20:08:36Z,
isone:.H.INTERNAL_HUB,lmp_rtm_15m_mean,2026-09-24T10:00:00Z,26.57,USD/MWh,PT15M,"US-CT,US-MA,US-ME,US-NH,US-RI,US-VT",isone_rtm,.H.INTERNAL_HUB,isone:rt_lmp_5min,https://www.iso-ne.com/isoexpress/web/reports/pricing/-/tree/lmps-rt-five-min-final,2026-09-25T20:08:36Z,
isone:.H.INTERNAL_HUB,lmp_rtm_15m_mean,2026-09-24T10:15:00Z,25.86,USD/MWh,PT15M,"US-CT,US-MA,US-ME,US-NH,US-RI,US-VT",isone_rtm,.H.INTERNAL_HUB,isone:rt_lmp_5min,https://www.iso-ne.com/isoexpress/web/reports/pricing/-/tree/lmps-rt-five-min-final,2026-09-25T20:08:36Z,
isone:.H.INTERNAL_HUB,lmp_rtm_15m_mean,2026-09-24T10:30:00Z,30.4833,USD/MWh,PT15M,"US-CT,US-MA,US-ME,US-NH,US-RI,US-VT",isone_rtm,.H.INTERNAL_HUB,isone:rt_lmp_5min,https://www.iso-ne.com/isoexpress/web/reports/pricing/-/tree/lmps-rt-five-min-final,2026-09-25T20:08:36Z,
isone:.H.INTERNAL_HUB,lmp_rtm_15m_mean,2026-09-24T10:45:00Z,33.77,USD/MWh,PT15M,"US-CT,US-MA,US-ME,US-NH,US-RI,US-VT",isone_rtm,.H.INTERNAL_HUB,isone:rt_lmp_5min,https://www.iso-ne.com/isoexpress/web/reports/pricing/-/tree/lmps-rt-five-min-final,2026-09-25T20:08:36Z,
isone:.H.INTERNAL_HUB,lmp_rtm_15m_mean,2026-09-24T11:00:00Z,31.1533,USD/MWh,PT15M,"US-CT,US-MA,US-ME,US-NH,US-RI,US-VT",isone_rtm,.H.INTERNAL_HUB,isone:rt_lmp_5min,https://www.iso-ne.com/isoexpress/web/reports/pricing/-/tree/lmps-rt-five-min-final,2026-09-25T20:08:36Z,
isone:.H.INTERNAL_HUB,lmp_rtm_15m_mean,2026-09-24T11:15:00Z,25.2233,USD/MWh,PT15M,"US-CT,US-MA,US-ME,US-NH,US-RI,US-VT",isone_rtm,.H.INTERNAL_HUB,isone:rt_lmp_5min,https://www.iso-ne.com/isoexpress/web/reports/pricing/-/tree/lmps-rt-five-min-final,2026-09-25T20:08:36Z,
isone:.H.INTERNAL_HUB,lmp_rtm_15m_mean,2026-09-24T11:30:00Z,25.1467,USD/MWh,PT15M,"US-CT,US-MA,US-ME,US-NH,US-RI,US-VT",isone_rtm,.H.INTERNAL_HUB,isone:rt_lmp_5min,https://www.iso-ne.com/isoexpress/web/reports/pricing/-/tree/lmps-rt-five-min-final,2026-09-25T20:08:36Z,
isone:.H.INTERNAL_HUB,lmp_rtm_15m_mean,2026-09-24T11:45:00Z,24.6467,USD/MWh,PT15M,"US-CT,US-MA,US-ME,US-NH,US-RI,US-VT",isone_rtm,.H.INTERNAL_HUB,isone:rt_lmp_5min,https://www.iso-ne.com/isoexpress/web/reports/pricing/-/tree/lmps-rt-five-min-final,2026-09-25T20:08:36Z,
isone:.H.INTERNAL_HUB,lmp_rtm_15m_mean,2026-09-24T12:00:00Z,27.1467,USD/MWh,PT15M,"US-CT,US-MA,US-ME,US-NH,US-RI,US-VT",isone_rtm,.H.INTERNAL_HUB,isone:rt_lmp_5min,https://www.iso-ne.com/isoexpress/web/reports/pricing/-/tree/lmps-rt-five-min-final,2026-09-25T20:08:36Z,
isone:.H.INTERNAL_HUB,lmp_rtm_15m_mean,2026-09-24T12:15:00Z,32.6767,USD/MWh,PT15M,"US-CT,US-MA,US-ME,US-NH,US-RI,US-VT",isone_rtm,.H.INTERNAL_HUB,isone:rt_lmp_5min,https://www.iso-ne.com/isoexpress/web/reports/pricing/-/tree/lmps-rt-five-min-final,2026-09-25T20:08:36Z,
isone:.H.INTERNAL_HUB,lmp_rtm_15m_mean,2026-09-24T12:30:00Z,26.36,USD/MWh,PT15M,"US-CT,US-MA,US-ME,US-NH,US-RI,US-VT",isone_rtm,.H.INTERNAL_HUB,isone:rt_lmp_5min,https://www.iso-ne.com/isoexpress/web/reports/pricing/-/tree/lmps-rt-five-min-final,2026-09-25T20:08:36Z,
isone:.H.INTERNAL_HUB,lmp_rtm_15m_mean,2026-09-24T12:45:00Z,23.74,USD/MWh,PT15M,"US-CT,US-MA,US-ME,US-NH,US-RI,US-VT",isone_rtm,.H.INTERNAL_HUB,isone:rt_lmp_5min,https://www.iso-ne.com/isoexpress/web/reports/pricing/-/tree/lmps-rt-five-min-final,2026-09-25T20:08:36Z,
isone:.H.INTERNAL_HUB,lmp_rtm_15m_mean,2026-09-24T13:00:00Z,21.7133,USD/MWh,PT15M,"US-CT,US-MA,US-ME,US-NH,US-RI,US-VT",isone_rtm,.H.INTERNAL_HUB,isone:rt_lmp_5min,https://www.iso-ne.com/isoexpress/web/reports/pricing/-/tree/lmps-rt-five-min-final,2026-09-25T20:08:36Z,
isone:.H.INTERNAL_HUB,lmp_rtm_15m_mean,2026-09-24T13:15:00Z,22.0767,USD/MWh,PT15M,"US-CT,US-MA,US-ME,US-NH,US-RI,US-VT",isone_rtm,.H.INTERNAL_HUB,isone:rt_lmp_5min,https://www.iso-ne.com/isoexpress/web/reports/pricing/-/tree/lmps-rt-five-min-final,2026-09-25T20:08:36Z,
isone:.H.INTERNAL_HUB,lmp_rtm_15m_mean,2026-09-24T13:30:00Z,22.0033,USD/MWh,PT15M,"US-CT,US-MA,US-ME,US-NH,US-RI,US-VT",isone_rtm,.H.INTERNAL_HUB,isone:rt_lmp_5min,https://www.iso-ne.com/isoexpress/web/reports/pricing/-/tree/lmps-rt-five-min-final,2026-09-25T20:08:36Z,
isone:.H.INTERNAL_HUB,lmp_rtm_15m_mean,2026-09-24T13:45:00Z,22.2667,USD/MWh,PT15M,"US-CT,US-MA,US-ME,US-NH,US-RI,US-VT",isone_rtm,.H.INTERNAL_HUB,isone:rt_lmp_5min,https://www.iso-ne.com/isoexpress/web/reports/pricing/-/tree/lmps-rt-five-min-final,2026-09-25T20:08:36Z,
isone:.H.INTERNAL_HUB,lmp_rtm_15m_mean,2026-09-24T14:00:00Z,25.02,USD/MWh,PT15M,"US-CT,US-MA,US-ME,US-NH,US-RI,US-VT",isone_rtm,.H.INTERNAL_HUB,isone:rt_lmp_5min,https://www.iso-ne.com/isoexpress/web/reports/pricing/-/tree/lmps-rt-five-min-final,2026-09-25T20:08:36Z,
isone:.H.INTERNAL_HUB,lmp_rtm_15m_mean,2026-09-24T14:15:00Z,24.9867,USD/MWh,PT15M,"US-CT,US-MA,US-ME,US-NH,US-RI,US-VT",isone_rtm,.H.INTERNAL_HUB,isone:rt_lmp_5min,https://www.iso-ne.com/isoexpress/web/reports/pricing/-/tree/lmps-rt-five-min-final,2026-09-25T20:08:36Z,
isone:.H.INTERNAL_HUB,lmp_rtm_15m_mean,2026-09-24T14:30:00Z,24.8767,USD/MWh,PT15M,"US-CT,US-MA,US-ME,US-NH,US-RI,US-VT",isone_rtm,.H.INTERNAL_HUB,isone:rt_lmp_5min,https://www.iso-ne.com/isoexpress/web/reports/pricing/-/tree/lmps-rt-five-min-final,2026-09-25T20:08:36Z,
isone:.H.INTERNAL_HUB,lmp_rtm_15m_mean,2026-09-24T14:45:00Z,24.58,USD/MWh,PT15M,"US-CT,US-MA,US-ME,US-NH,US-RI,US-VT",isone_rtm,.H.INTERNAL_HUB,isone:rt_lmp_5min,https://www.iso-ne.com/isoexpress/web/reports/pricing/-/tree/lmps-rt-five-min-final,2026-09-25T20:08:36Z,
isone:.H.INTERNAL_HUB,lmp_rtm_15m_mean,2026-09-24T15:00:00Z,22.9267,USD/MWh,PT15M,"US-CT,US-MA,US-ME,US-NH,US-RI,US-VT",isone_rtm,.H.INTERNAL_HUB,isone:rt_lmp_5min,https://www.iso-ne.com/isoexpress/web/reports/pricing/-/tree/lmps-rt-five-min-final,2026-09-25T20:08:36Z,
isone:.H.INTERNAL_HUB,lmp_rtm_15m_mean,2026-09-24T15:15:00Z,6.8433,USD/MWh,PT15M,"US-CT,US-MA,US-ME,US-NH,US-RI,US-VT",isone_rtm,.H.INTERNAL_HUB,isone:rt_lmp_5min,https://www.iso-ne.com/isoexpress/web/reports/pricing/-/tree/lmps-rt-five-min-final,2026-09-25T20:08:36Z,
isone:.H.INTERNAL_HUB,lmp_rtm_15m_mean,2026-09-24T15:30:00Z,-4.54,USD/MWh,PT15M,"US-CT,US-MA,US-ME,US-NH,US-RI,US-VT",isone_rtm,.H.INTERNAL_HUB,isone:rt_lmp_5min,https://www.iso-ne.com/isoexpress/web/reports/pricing/-/tree/lmps-rt-five-min-final,2026-09-25T20:08:36Z,
isone:.H.INTERNAL_HUB,lmp_rtm_15m_mean,2026-09-24T15:45:00Z,-4.52,USD/MWh,PT15M,"US-CT,US-MA,US-ME,US-NH,US-RI,US-VT",isone_rtm,.H.INTERNAL_HUB,isone:rt_lmp_5min,https://www.iso-ne.com/isoexpress/web/reports/pricing/-/tree/lmps-rt-five-min-final,2026-09-25T20:08:36Z,
isone:.H.INTERNAL_HUB,lmp_rtm_15m_mean,2026-09-24T16:00:00Z,-5.86,USD/MWh,PT15M,"US-CT,US-MA,US-ME,US-NH,US-RI,US-VT",isone_rtm,.H.INTERNAL_HUB,isone:rt_lmp_5min,https://www.iso-ne.com/isoexpress/web/reports/pricing/-/tree/lmps-rt-five-min-final,2026-09-25T20:08:36Z,
isone:.H.INTERNAL_HUB,lmp_rtm_15m_mean,2026-09-24T16:15:00Z,-12.6167,USD/MWh,PT15M,"US-CT,US-MA,US-ME,US-NH,US-RI,US-VT",isone_rtm,.H.INTERNAL_HUB,isone:rt_lmp_5min,https://www.iso-ne.com/isoexpress/web/reports/pricing/-/tree/lmps-rt-five-min-final,2026-09-25T20:08:36Z,
isone:.H.INTERNAL_HUB,lmp_rtm_15m_mean,2026-09-24T16:30:00Z,-0.7533,USD/MWh,PT15M,"US-CT,US-MA,US-ME,US-NH,US-RI,US-VT",isone_rtm,.H.INTERNAL_HUB,isone:rt_lmp_5min,https://www.iso-ne.com/isoexpress/web/reports/pricing/-/tree/lmps-rt-five-min-final,2026-09-25T20:08:36Z,
isone:.H.INTERNAL_HUB,lmp_rtm_15m_mean,2026-09-24T16:45:00Z,20.5433,USD/MWh,PT15M,"US-CT,US-MA,US-ME,US-NH,US-RI,US-VT",isone_rtm,.H.INTERNAL_HUB,isone:rt_lmp_5min,https://www.iso-ne.com/isoexpress/web/reports/pricing/-/tree/lmps-rt-five-min-final,2026-09-25T20:08:36Z,
isone:.H.INTERNAL_HUB,lmp_rtm_15m_mean,2026-09-24T17:00:00Z,21.73,USD/MWh,PT15M,"US-CT,US-MA,US-ME,US-NH,US-RI,US-VT",isone_rtm,.H.INTERNAL_HUB,isone:rt_lmp_5min,https://www.iso-ne.com/isoexpress/web/reports/pricing/-/tree/lmps-rt-five-min-final,2026-09-25T20:08:36Z,
isone:.H.INTERNAL_HUB,lmp_rtm_15m_mean,2026-09-24T17:15:00Z,19.14,USD/MWh,PT15M,"US-CT,US-MA,US-ME,US-NH,US-RI,US-VT",isone_rtm,.H.INTERNAL_HUB,isone:rt_lmp_5min,https://www.iso-ne.com/isoexpress/web/reports/pricing/-/tree/lmps-rt-five-min-final,2026-09-25T20:08:36Z,
isone:.H.INTERNAL_HUB,lmp_rtm_15m_mean,2026-09-24T17:30:00Z,18.9533,USD/MWh,PT15M,"US-CT,US-MA,US-ME,US-NH,US-RI,US-VT",isone_rtm,.H.INTERNAL_HUB,isone:rt_lmp_5min,https://www.iso-ne.com/isoexpress/web/reports/pricing/-/tree/lmps-rt-five-min-final,2026-09-25T20:08:36Z,
isone:.H.INTERNAL_HUB,lmp_rtm_15m_mean,2026-09-24T17:45:00Z,13.0933,USD/MWh,PT15M,"US-CT,US-MA,US-ME,US-NH,US-RI,US-VT",isone_rtm,.H.INTERNAL_HUB,isone:rt_lmp_5min,https://www.iso-ne.com/isoexpress/web/reports/pricing/-/tree/lmps-rt-five-min-final,2026-09-25T20:08:36Z,
isone:.H.INTERNAL_HUB,lmp_rtm_15m_mean,2026-09-24T18:00:00Z,13.0933,USD/MWh,PT15M,"US-CT,US-MA,US-ME,US-NH,US-RI,US-VT",isone_rtm,.H.INTERNAL_HUB,isone:rt_lmp_5min,https://www.iso-ne.com/isoexpress/web/reports/pricing/-/tree/lmps-rt-five-min-final,2026-09-25T20:08:36Z,
isone:.H.INTERNAL_HUB,lmp_rtm_15m_mean,2026-09-24T18:15:00Z,21.0633,USD/MWh,PT15M,"US-CT,US-MA,US-ME,US-NH,US-RI,US-VT",isone_rtm,.H.INTERNAL_HUB,isone:rt_lmp_5min,https://www.iso-ne.com/isoexpress/web/reports/pricing/-/tree/lmps-rt-five-min-final,2026-09-25T20:08:36Z,
isone:.H.INTERNAL_HUB,lmp_rtm_15m_mean,2026-09-24T18:30:00Z,21.8333,USD/MWh,PT15M,"US-CT,US-MA,US-ME,US-NH,US-RI,US-VT",isone_rtm,.H.INTERNAL_HUB,isone:rt_lmp_5min,https://www.iso-ne.com/isoexpress/web/reports/pricing/-/tree/lmps-rt-five-min-final,2026-09-25T20:08:36Z,
isone:.H.INTERNAL_HUB,lmp_rtm_15m_mean,2026-09-24T18:45:00Z,22.46,USD/MWh,PT15M,"US-CT,US-MA,US-ME,US-NH,US-RI,US-VT",isone_rtm,.H.INTERNAL_HUB,isone:rt_lmp_5min,https://www.iso-ne.com/isoexpress/web/reports/pricing/-/tree/lmps-rt-five-min-final,2026-09-25T20:08:36Z,
isone:.H.INTERNAL_HUB,lmp_rtm_15m_mean,2026-09-24T19:00:00Z,21.4833,USD/MWh,PT15M,"US-CT,US-MA,US-ME,US-NH,US-RI,US-VT",isone_rtm,.H.INTERNAL_HUB,isone:rt_lmp_5min,https://www.iso-ne.com/isoexpress/web/reports/pricing/-/tree/lmps-rt-five-min-final,2026-09-25T20:08:36Z,
isone:.H.INTERNAL_HUB,lmp_rtm_15m_mean,2026-09-24T19:15:00Z,21.0367,USD/MWh,PT15M,"US-CT,US-MA,US-ME,US-NH,US-RI,US-VT",isone_rtm,.H.INTERNAL_HUB,isone:rt_lmp_5min,https://www.iso-ne.com/isoexpress/web/reports/pricing/-/tree/lmps-rt-five-min-final,2026-09-25T20:08:36Z,
isone:.H.INTERNAL_HUB,lmp_rtm_15m_mean,2026-09-24T19:30:00Z,21.69,USD/MWh,PT15M,"US-CT,US-MA,US-ME,US-NH,US-RI,US-VT",isone_rtm,.H.INTERNAL_HUB,isone:rt_lmp_5min,https://www.iso-ne.com/isoexpress/web/reports/pricing/-/tree/lmps-rt-five-min-final,2026-09-25T20:08:36Z,
isone:.H.INTERNAL_HUB,lmp_rtm_15m_mean,2026-09-24T19:45:00Z,22.3967,USD/MWh,PT15M,"US-CT,US-MA,US-ME,US-NH,US-RI,US-VT",isone_rtm,.H.INTERNAL_HUB,isone:rt_lmp_5min,https://www.iso-ne.com/isoexpress/web/reports/pricing/-/tree/lmps-rt-five-min-final,2026-09-25T20:08:36Z,
isone:.H.INTERNAL_HUB,lmp_rtm_15m_mean,2026-09-24T20:00:00Z,21.8633,USD/MWh,PT15M,"US-CT,US-MA,US-ME,US-NH,US-RI,US-VT",isone_rtm,.H.INTERNAL_HUB,isone:rt_lmp_5min,https://www.iso-ne.com/isoexpress/web/reports/pricing/-/tree/lmps-rt-five-min-final,2026-09-25T20:08:36Z,
isone:.H.INTERNAL_HUB,lmp_rtm_15m_mean,2026-09-24T20:15:00Z,21.0367,USD/MWh,PT15M,"US-CT,US-MA,US-ME,US-NH,US-RI,US-VT",isone_rtm,.H.INTERNAL_HUB,isone:rt_lmp_5min,https://www.iso-ne.com/isoexpress/web/reports/pricing/-/tree/lmps-rt-five-min-final,2026-09-25T20:08:36Z,
isone:.H.INTERNAL_HUB,lmp_rtm_15m_mean,2026-09-24T20:30:00Z,21.8567,USD/MWh,PT15M,"US-CT,US-MA,US-ME,US-NH,US-RI,US-VT",isone_rtm,.H.INTERNAL_HUB,isone:rt_lmp_5min,https://www.iso-ne.com/isoexpress/web/reports/pricing/-/tree/lmps-rt-five-min-final,2026-09-25T20:08:36Z,
isone:.H.INTERNAL_HUB,lmp_rtm_15m_mean,2026-09-24T20:45:00Z,24.14,USD/MWh,PT15M,"US-CT,US-MA,US-ME,US-NH,US-RI,US-VT",isone_rtm,.H.INTERNAL_HUB,isone:rt_lmp_5min,https://www.iso-ne.com/isoexpress/web/reports/pricing/-/tree/lmps-rt-five-min-final,2026-09-25T20:08:36Z,
isone:.H.INTERNAL_HUB,lmp_rtm_15m_mean,2026-09-24T21:00:00Z,22.66,USD/MWh,PT15M,"US-CT,US-MA,US-ME,US-NH,US-RI,US-VT",isone_rtm,.H.INTERNAL_HUB,isone:rt_lmp_5min,https://www.iso-ne.com/isoexpress/web/reports/pricing/-/tree/lmps-rt-five-min-final,2026-09-25T20:08:36Z,
isone:.H.INTERNAL_HUB,lmp_rtm_15m_mean,2026-09-24T21:15:00Z,22.35,USD/MWh,PT15M,"US-CT,US-MA,US-ME,US-NH,US-RI,US-VT",isone_rtm,.H.INTERNAL_HUB,isone:rt_lmp_5min,https://www.iso-ne.com/isoexpress/web/reports/pricing/-/tree/lmps-rt-five-min-final,2026-09-25T20:08:36Z,
isone:.H.INTERNAL_HUB,lmp_rtm_15m_mean,2026-09-24T21:30:00Z,29.3267,USD/MWh,PT15M,"US-CT,US-MA,US-ME,US-NH,US-RI,US-VT",isone_rtm,.H.INTERNAL_HUB,isone:rt_lmp_5min,https://www.iso-ne.com/isoexpress/web/reports/pricing/-/tree/lmps-rt-five-min-final,2026-09-25T20:08:36Z,
isone:.H.INTERNAL_HUB,lmp_rtm_15m_mean,2026-09-24T21:45:00Z,38.0533,USD/MWh,PT15M,"US-CT,US-MA,US-ME,US-NH,US-RI,US-VT",isone_rtm,.H.INTERNAL_HUB,isone:rt_lmp_5min,https://www.iso-ne.com/isoexpress/web/reports/pricing/-/tree/lmps-rt-five-min-final,2026-09-25T20:08:36Z,
isone:.H.INTERNAL_HUB,lmp_rtm_15m_mean,2026-09-24T22:00:00Z,33.9233,USD/MWh,PT15M,"US-CT,US-MA,US-ME,US-NH,US-RI,US-VT",isone_rtm,.H.INTERNAL_HUB,isone:rt_lmp_5min,https://www.iso-ne.com/isoexpress/web/reports/pricing/-/tree/lmps-rt-five-min-final,2026-09-25T20:08:36Z,
isone:.H.INTERNAL_HUB,lmp_rtm_15m_mean,2026-09-24T22:15:00Z,33.85,USD/MWh,PT15M,"US-CT,US-MA,US-ME,US-NH,US-RI,US-VT",isone_rtm,.H.INTERNAL_HUB,isone:rt_lmp_5min,https://www.iso-ne.com/isoexpress/web/reports/pricing/-/tree/lmps-rt-five-min-final,2026-09-25T20:08:36Z,
isone:.H.INTERNAL_HUB,lmp_rtm_15m_mean,2026-09-24T22:30:00Z,46.4,USD/MWh,PT15M,"US-CT,US-MA,US-ME,US-NH,US-RI,US-VT",isone_rtm,.H.INTERNAL_HUB,isone:rt_lmp_5min,https://www.iso-ne.com/isoexpress/web/reports/pricing/-/tree/lmps-rt-five-min-final,2026-09-25T20:08:36Z,
isone:.H.INTERNAL_HUB,lmp_rtm_15m_mean,2026-09-24T22:45:00Z,48.2367,USD/MWh,PT15M,"US-CT,US-MA,US-ME,US-NH,US-RI,US-VT",isone_rtm,.H.INTERNAL_HUB,isone:rt_lmp_5min,https://www.iso-ne.com/isoexpress/web/reports/pricing/-/tree/lmps-rt-five-min-final,2026-09-25T20:08:36Z,
isone:.H.INTERNAL_HUB,lmp_rtm_15m_mean,2026-09-24T23:00:00Z,38.74,USD/MWh,PT15M,"US-CT,US-MA,US-ME,US-NH,US-RI,US-VT",isone_rtm,.H.INTERNAL_HUB,isone:rt_lmp_5min,https://www.iso-ne.com/isoexpress/web/reports/pricing/-/tree/lmps-rt-five-min-final,2026-09-25T20:08:36Z,
isone:.H.INTERNAL_HUB,lmp_rtm_15m_mean,2026-09-24T23:15:00Z,37.7733,USD/MWh,PT15M,"US-CT,US-MA,US-ME,US-NH,US-RI,US-VT",isone_rtm,.H.INTERNAL_HUB,isone:rt_lmp_5min,https://www.iso-ne.com/isoexpress/web/reports/pricing/-/tree/lmps-rt-five-min-final,2026-09-25T20:08:36Z,
isone:.H.INTERNAL_HUB,lmp_rtm_15m_mean,2026-09-24T23:30:00Z,37.3667,USD/MWh,PT15M,"US-CT,US-MA,US-ME,US-NH,US-RI,US-VT",isone_rtm,.H.INTERNAL_HUB,isone:rt_lmp_5min,https://www.iso-ne.com/isoexpress/web/reports/pricing/-/tree/lmps-rt-five-min-final,2026-09-25T20:08:36Z,
isone:.H.INTERNAL_HUB,lmp_rtm_15m_mean,2026-09-24T23:45:00Z,32.6567,USD/MWh,PT15M,"US-CT,US-MA,US-ME,US-NH,US-RI,US-VT",isone_rtm,.H.INTERNAL_HUB,isone:rt_lmp_5min,https://www.iso-ne.com/isoexpress/web/reports/pricing/-/tree/lmps-rt-five-min-final,2026-09-25T20:08:36Z,
isone:.H.INTERNAL_HUB,lmp_rtm_15m_mean,2026-09-25T00:00:00Z,36.91,USD/MWh,PT15M,"US-CT,US-MA,US-ME,US-NH,US-RI,US-VT",isone_rtm,.H.INTERNAL_HUB,isone:rt_lmp_5min,https://www.iso-ne.com/isoexpress/web/reports/pricing/-/tree/lmps-rt-five-min-final,2026-09-25T20:08:36Z,
isone:.H.INTERNAL_HUB,lmp_rtm_15m_mean,2026-09-25T00:15:00Z,31.43,USD/MWh,PT15M,"US-CT,US-MA,US-ME,US-NH,US-RI,US-VT",isone_rtm,.H.INTERNAL_HUB,isone:rt_lmp_5min,https://www.iso-ne.com/isoexpress/web/reports/pricing/-/tree/lmps-rt-five-min-final,2026-09-25T20:08:36Z,
isone:.H.INTERNAL_HUB,lmp_rtm_15m_mean,2026-09-25T00:30:00Z,30.3367,USD/MWh,PT15M,"US-CT,US-MA,US-ME,US-NH,US-RI,US-VT",isone_rtm,.H.INTERNAL_HUB,isone:rt_lmp_5min,https://www.iso-ne.com/isoexpress/web/reports/pricing/-/tree/lmps-rt-five-min-final,2026-09-25T20:08:36Z,
isone:.H.INTERNAL_HUB,lmp_rtm_15m_mean,2026-09-25T00:45:00Z,28.9,USD/MWh,PT15M,"US-CT,US-MA,US-ME,US-NH,US-RI,US-VT",isone_rtm,.H.INTERNAL_HUB,isone:rt_lmp_5min,https://www.iso-ne.com/isoexpress/web/reports/pricing/-/tree/lmps-rt-five-min-final,2026-09-25T20:08:36Z,
isone:.H.INTERNAL_HUB,lmp_rtm_15m_mean,2026-09-25T01:00:00Z,35.7833,USD/MWh,PT15M,"US-CT,US-MA,US-ME,US-NH,US-RI,US-VT",isone_rtm,.H.INTERNAL_HUB,isone:rt_lmp_5min,https://www.iso-ne.com/isoexpress/web/reports/pricing/-/tree/lmps-rt-five-min-final,2026-09-25T20:08:36Z,
isone:.H.INTERNAL_HUB,lmp_rtm_15m_mean,2026-09-25T01:15:00Z,29.4867,USD/MWh,PT15M,"US-CT,US-MA,US-ME,US-NH,US-RI,US-VT",isone_rtm,.H.INTERNAL_HUB,isone:rt_lmp_5min,https://www.iso-ne.com/isoexpress/web/reports/pricing/-/tree/lmps-rt-five-min-final,2026-09-25T20:08:36Z,
isone:.H.INTERNAL_HUB,lmp_rtm_15m_mean,2026-09-25T01:30:00Z,28.34,USD/MWh,PT15M,"US-CT,US-MA,US-ME,US-NH,US-RI,US-VT",isone_rtm,.H.INTERNAL_HUB,isone:rt_lmp_5min,https://www.iso-ne.com/isoexpress/web/reports/pricing/-/tree/lmps-rt-five-min-final,2026-09-25T20:08:36Z,
isone:.H.INTERNAL_HUB,lmp_rtm_15m_mean,2026-09-25T01:45:00Z,27.4667,USD/MWh,PT15M,"US-CT,US-MA,US-ME,US-NH,US-RI,US-VT",isone_rtm,.H.INTERNAL_HUB,isone:rt_lmp_5min,https://www.iso-ne.com/isoexpress/web/reports/pricing/-/tree/lmps-rt-five-min-final,2026-09-25T20:08:36Z,
isone:.H.INTERNAL_HUB,lmp_rtm_15m_mean,2026-09-25T02:00:00Z,30.43,USD/MWh,PT15M,"US-CT,US-MA,US-ME,US-NH,US-RI,US-VT",isone_rtm,.H.INTERNAL_HUB,isone:rt_lmp_5min,https://www.iso-ne.com/isoexpress/web/reports/pricing/-/tree/lmps-rt-five-min-final,2026-09-25T20:08:36Z,
isone:.H.INTERNAL_HUB,lmp_rtm_15m_mean,2026-09-25T02:15:00Z,27.0467,USD/MWh,PT15M,"US-CT,US-MA,US-ME,US-NH,US-RI,US-VT",isone_rtm,.H.INTERNAL_HUB,isone:rt_lmp_5min,https://www.iso-ne.com/isoexpress/web/reports/pricing/-/tree/lmps-rt-five-min-final,2026-09-25T20:08:36Z,
isone:.H.INTERNAL_HUB,lmp_rtm_15m_mean,2026-09-25T02:30:00Z,26.3567,USD/MWh,PT15M,"US-CT,US-MA,US-ME,US-NH,US-RI,US-VT",isone_rtm,.H.INTERNAL_HUB,isone:rt_lmp_5min,https://www.iso-ne.com/isoexpress/web/reports/pricing/-/tree/lmps-rt-five-min-final,2026-09-25T20:08:36Z,
isone:.H.INTERNAL_HUB,lmp_rtm_15m_mean,2026-09-25T02:45:00Z,26.3067,USD/MWh,PT15M,"US-CT,US-MA,US-ME,US-NH,US-RI,US-VT",isone_rtm,.H.INTERNAL_HUB,isone:rt_lmp_5min,https://www.iso-ne.com/isoexpress/web/reports/pricing/-/tree/lmps-rt-five-min-final,2026-09-25T20:08:36Z,
isone:.H.INTERNAL_HUB,lmp_rtm_15m_mean,2026-09-25T03:00:00Z,28.9467,USD/MWh,PT15M,"US-CT,US-MA,US-ME,US-NH,US-RI,US-VT",isone_rtm,.H.INTERNAL_HUB,isone:rt_lmp_5min,https://www.iso-ne.com/isoexpress/web/reports/pricing/-/tree/lmps-rt-five-min-final,2026-09-25T20:08:36Z,
isone:.H.INTERNAL_HUB,lmp_rtm_15m_mean,2026-09-25T03:15:00Z,25.54,USD/MWh,PT15M,"US-CT,US-MA,US-ME,US-NH,US-RI,US-VT",isone_rtm,.H.INTERNAL_HUB,isone:rt_lmp_5min,https://www.iso-ne.com/isoexpress/web/reports/pricing/-/tree/lmps-rt-five-min-final,2026-09-25T20:08:36Z,
isone:.H.INTERNAL_HUB,lmp_rtm_15m_mean,2026-09-25T03:30:00Z,24.8367,USD/MWh,PT15M,"US-CT,US-MA,US-ME,US-NH,US-RI,US-VT",isone_rtm,.H.INTERNAL_HUB,isone:rt_lmp_5min,https://www.iso-ne.com/isoexpress/web/reports/pricing/-/tree/lmps-rt-five-min-final,2026-09-25T20:08:36Z,
isone:.H.INTERNAL_HUB,lmp_rtm_15m_mean,2026-09-25T03:45:00Z,23.87,USD/MWh,PT15M,"US-CT,US-MA,US-ME,US-NH,US-RI,US-VT",isone_rtm,.H.INTERNAL_HUB,isone:rt_lmp_5min,https://www.iso-ne.com/isoexpress/web/reports/pricing/-/tree/lmps-rt-five-min-final,2026-09-25T20:08:36Z,
isone:.Z.CONNECTICUT,lmp_rtm_15m_mean,2026-09-22T04:00:00Z,24.9,USD/MWh,PT15M,"US-CT,US-MA,US-ME,US-NH,US-RI,US-VT",isone_rtm,.Z.CONNECTICUT,isone:rt_lmp_5min,https://www.iso-ne.com/isoexpress/web/reports/pricing/-/tree/lmps-rt-five-min-final,2026-09-25T20:08:05Z,
isone:.Z.CONNECTICUT,lmp_rtm_15m_mean,2026-09-22T04:15:00Z,30.6833,USD/MWh,PT15M,"US-CT,US-MA,US-ME,US-NH,US-RI,US-VT",isone_rtm,.Z.CONNECTICUT,isone:rt_lmp_5min,https://www.iso-ne.com/isoexpress/web/reports/pricing/-/tree/lmps-rt-five-min-final,2026-09-25T20:08:05Z,
isone:.Z.CONNECTICUT,lmp_rtm_15m_mean,2026-09-22T04:30:00Z,29.54,USD/MWh,PT15M,"US-CT,US-MA,US-ME,US-NH,US-RI,US-VT",isone_rtm,.Z.CONNECTICUT,isone:rt_lmp_5min,https://www.iso-ne.com/isoexpress/web/reports/pricing/-/tree/lmps-rt-five-min-final,2026-09-25T20:08:05Z,
isone:.Z.CONNECTICUT,lmp_rtm_15m_mean,2026-09-22T04:45:00Z,32.2467,USD/MWh,PT15M,"US-CT,US-MA,US-ME,US-NH,US-RI,US-VT",isone_rtm,.Z.CONNECTICUT,isone:rt_lmp_5min,https://www.iso-ne.com/isoexpress/web/reports/pricing/-/tree/lmps-rt-five-min-final,2026-09-25T20:08:05Z,
isone:.Z.CONNECTICUT,lmp_rtm_15m_mean,2026-09-22T05:00:00Z,30.7033,USD/MWh,PT15M,"US-CT,US-MA,US-ME,US-NH,US-RI,US-VT",isone_rtm,.Z.CONNECTICUT,isone:rt_lmp_5min,https://www.iso-ne.com/isoexpress/web/reports/pricing/-/tree/lmps-rt-five-min-final,2026-09-25T20:08:05Z,
isone:.Z.CONNECTICUT,lmp_rtm_15m_mean,2026-09-22T05:15:00Z,27.7933,USD/MWh,PT15M,"US-CT,US-MA,US-ME,US-NH,US-RI,US-VT",isone_rtm,.Z.CONNECTICUT,isone:rt_lmp_5min,https://www.iso-ne.com/isoexpress/web/reports/pricing/-/tree/lmps-rt-five-min-final,2026-09-25T20:08:05Z,
isone:.Z.CONNECTICUT,lmp_rtm_15m_mean,2026-09-22T05:30:00Z,26.8433,USD/MWh,PT15M,"US-CT,US-MA,US-ME,US-NH,US-RI,US-VT",isone_rtm,.Z.CONNECTICUT,isone:rt_lmp_5min,https://www.iso-ne.com/isoexpress/web/reports/pricing/-/tree/lmps-rt-five-min-final,2026-09-25T20:08:05Z,
isone:.Z.CONNECTICUT,lmp_rtm_15m_mean,2026-09-22T05:45:00Z,27.49,USD/MWh,PT15M,"US-CT,US-MA,US-ME,US-NH,US-RI,US-VT",isone_rtm,.Z.CONNECTICUT,isone:rt_lmp_5min,https://www.iso-ne.com/isoexpress/web/reports/pricing/-/tree/lmps-rt-five-min-final,2026-09-25T20:08:05Z,
isone:.Z.CONNECTICUT,lmp_rtm_15m_mean,2026-09-22T06:00:00Z,26.3233,USD/MWh,PT15M,"US-CT,US-MA,US-ME,US-NH,US-RI,US-VT",isone_rtm,.Z.CONNECTICUT,isone:rt_lmp_5min,https://www.iso-ne.com/isoexpress/web/reports/pricing/-/tree/lmps-rt-five-min-final,2026-09-25T20:08:05Z,
isone:.Z.CONNECTICUT,lmp_rtm_15m_mean,2026-09-22T06:15:00Z,25.1967,USD/MWh,PT15M,"US-CT,US-MA,US-ME,US-NH,US-RI,US-VT",isone_rtm,.Z.CONNECTICUT,isone:rt_lmp_5min,https://www.iso-ne.com/isoexpress/web/reports/pricing/-/tree/lmps-rt-five-min-final,2026-09-25T20:08:05Z,
isone:.Z.CONNECTICUT,lmp_rtm_15m_mean,2026-09-22T06:30:00Z,26.4433,USD/MWh,PT15M,"US-CT,US-MA,US-ME,US-NH,US-RI,US-VT",isone_rtm,.Z.CONNECTICUT,isone:rt_lmp_5min,https://www.iso-ne.com/isoexpress/web/reports/pricing/-/tree/lmps-rt-five-min-final,2026-09-25T20:08:05Z,
isone:.Z.CONNECTICUT,lmp_rtm_15m_mean,2026-09-22T06:45:00Z,27.2233,USD/MWh,PT15M,"US-CT,US-MA,US-ME,US-NH,US-RI,US-VT",isone_rtm,.Z.CONNECTICUT,isone:rt_lmp_5min,https://www.iso-ne.com/isoexpress/web/reports/pricing/-/tree/lmps-rt-five-min-final,2026-09-25T20:08:05Z,
isone:.Z.CONNECTICUT,lmp_rtm_15m_mean,2026-09-22T07:00:00Z,26.5067,USD/MWh,PT15M,"US-CT,US-MA,US-ME,US-NH,US-RI,US-VT",isone_rtm,.Z.CONNECTICUT,isone:rt_lmp_5min,https://www.iso-ne.com/isoexpress/web/reports/pricing/-/tree/lmps-rt-five-min-final,2026-09-25T20:08:05Z,
isone:.Z.CONNECTICUT,lmp_rtm_15m_mean,2026-09-22T07:15:00Z,26.82,USD/MWh,PT15M,"US-CT,US-MA,US-ME,US-NH,US-RI,US-VT",isone_rtm,.Z.CONNECTICUT,isone:rt_lmp_5min,https://www.iso-ne.com/isoexpress/web/reports/pricing/-/tree/lmps-rt-five-min-final,2026-09-25T20:08:05Z,
isone:.Z.CONNECTICUT,lmp_rtm_15m_mean,2026-09-22T07:30:00Z,27.48,USD/MWh,PT15M,"US-CT,US-MA,US-ME,US-NH,US-RI,US-VT",isone_rtm,.Z.CONNECTICUT,isone:rt_lmp_5min,https://www.iso-ne.com/isoexpress/web/reports/pricing/-/tree/lmps-rt-five-min-final,2026-09-25T20:08:05Z,
isone:.Z.CONNECTICUT,lmp_rtm_15m_mean,2026-09-22T07:45:00Z,27.3733,USD/MWh,PT15M,"US-CT,US-MA,US-ME,US-NH,US-RI,US-VT",isone_rtm,.Z.CONNECTICUT,isone:rt_lmp_5min,https://www.iso-ne.com/isoexpress/web/reports/pricing/-/tree/lmps-rt-five-min-final,2026-09-25T20:08:05Z,
isone:.Z.CONNECTICUT,lmp_rtm_15m_mean,2026-09-22T08:00:00Z,26.75,USD/MWh,PT15M,"US-CT,US-MA,US-ME,US-NH,US-RI,US-VT",isone_rtm,.Z.CONNECTICUT,isone:rt_lmp_5min,https://www.iso-ne.com/isoexpress/web/reports/pricing/-/tree/lmps-rt-five-min-final,2026-09-25T20:08:05Z,
isone:.Z.CONNECTICUT,lmp_rtm_15m_mean,2026-09-22T08:15:00Z,26.6233,USD/MWh,PT15M,"US-CT,US-MA,US-ME,US-NH,US-RI,US-VT",isone_rtm,.Z.CONNECTICUT,isone:rt_lmp_5min,https://www.iso-ne.com/isoexpress/web/reports/pricing/-/tree/lmps-rt-five-min-final,2026-09-25T20:08:05Z,
isone:.Z.CONNECTICUT,lmp_rtm_15m_mean,2026-09-22T08:30:00Z,27.1633,USD/MWh,PT15M,"US-CT,US-MA,US-ME,US-NH,US-RI,US-VT",isone_rtm,.Z.CONNECTICUT,isone:rt_lmp_5min,https://www.iso-ne.com/isoexpress/web/reports/pricing/-/tree/lmps-rt-five-min-final,2026-09-25T20:08:05Z,
isone:.Z.CONNECTICUT,lmp_rtm_15m_mean,2026-09-22T08:45:00Z,28.2333,USD/MWh,PT15M,"US-CT,US-MA,US-ME,US-NH,US-RI,US-VT",isone_rtm,.Z.CONNECTICUT,isone:rt_lmp_5min,https://www.iso-ne.com/isoexpress/web/reports/pricing/-/tree/lmps-rt-five-min-final,2026-09-25T20:08:05Z,
isone:.Z.CONNECTICUT,lmp_rtm_15m_mean,2026-09-22T09:00:00Z,26.4367,USD/MWh,PT15M,"US-CT,US-MA,US-ME,US-NH,US-RI,US-VT",isone_rtm,.Z.CONNECTICUT,isone:rt_lmp_5min,https://www.iso-ne.com/isoexpress/web/reports/pricing/-/tree/lmps-rt-five-min-final,2026-09-25T20:08:05Z,
isone:.Z.CONNECTICUT,lmp_rtm_15m_mean,2026-09-22T09:15:00Z,26.78,USD/MWh,PT15M,"US-CT,US-MA,US-ME,US-NH,US-RI,US-VT",isone_rtm,.Z.CONNECTICUT,isone:rt_lmp_5min,https://www.iso-ne.com/isoexpress/web/reports/pricing/-/tree/lmps-rt-five-min-final,2026-09-25T20:08:05Z,
isone:.Z.CONNECTICUT,lmp_rtm_15m_mean,2026-09-22T09:30:00Z,28.0033,USD/MWh,PT15M,"US-CT,US-MA,US-ME,US-NH,US-RI,US-VT",isone_rtm,.Z.CONNECTICUT,isone:rt_lmp_5min,https://www.iso-ne.com/isoexpress/web/reports/pricing/-/tree/lmps-rt-five-min-final,2026-09-25T20:08:05Z,
isone:.Z.CONNECTICUT,lmp_rtm_15m_mean,2026-09-22T09:45:00Z,28.3333,USD/MWh,PT15M,"US-CT,US-MA,US-ME,US-NH,US-RI,US-VT",isone_rtm,.Z.CONNECTICUT,isone:rt_lmp_5min,https://www.iso-ne.com/isoexpress/web/reports/pricing/-/tree/lmps-rt-five-min-final,2026-09-25T20:08:05Z,
isone:.Z.CONNECTICUT,lmp_rtm_15m_mean,2026-09-22T10:00:00Z,24.0467,USD/MWh,PT15M,"US-CT,US-MA,US-ME,US-NH,US-RI,US-VT",isone_rtm,.Z.CONNECTICUT,isone:rt_lmp_5min,https://www.iso-ne.com/isoexpress/web/reports/pricing/-/tree/lmps-rt-five-min-final,2026-09-25T20:08:05Z,
isone:.Z.CONNECTICUT,lmp_rtm_15m_mean,2026-09-22T10:15:00Z,26.18,USD/MWh,PT15M,"US-CT,US-MA,US-ME,US-NH,US-RI,US-VT",isone_rtm,.Z.CONNECTICUT,isone:rt_lmp_5min,https://www.iso-ne.com/isoexpress/web/reports/pricing/-/tree/lmps-rt-five-min-final,2026-09-25T20:08:05Z,
isone:.Z.CONNECTICUT,lmp_rtm_15m_mean,2026-09-22T10:30:00Z,35.1733,USD/MWh,PT15M,"US-CT,US-MA,US-ME,US-NH,US-RI,US-VT",isone_rtm,.Z.CONNECTICUT,isone:rt_lmp_5min,https://www.iso-ne.com/isoexpress/web/reports/pricing/-/tree/lmps-rt-five-min-final,2026-09-25T20:08:05Z,
isone:.Z.CONNECTICUT,lmp_rtm_15m_mean,2026-09-22T10:45:00Z,45.2933,USD/MWh,PT15M,"US-CT,US-MA,US-ME,US-NH,US-RI,US-VT",isone_rtm,.Z.CONNECTICUT,isone:rt_lmp_5min,https://www.iso-ne.com/isoexpress/web/reports/pricing/-/tree/lmps-rt-five-min-final,2026-09-25T20:08:05Z,
isone:.Z.CONNECTICUT,lmp_rtm_15m_mean,2026-09-22T11:00:00Z,35.7233,USD/MWh,PT15M,"US-CT,US-MA,US-ME,US-NH,US-RI,US-VT",isone_rtm,.Z.CONNECTICUT,isone:rt_lmp_5min,https://www.iso-ne.com/isoexpress/web/reports/pricing/-/tree/lmps-rt-five-min-final,2026-09-25T20:08:05Z,
isone:.Z.CONNECTICUT,lmp_rtm_15m_mean,2026-09-22T11:15:00Z,29.16,USD/MWh,PT15M,"US-CT,US-MA,US-ME,US-NH,US-RI,US-VT",isone_rtm,.Z.CONNECTICUT,isone:rt_lmp_5min,https://www.iso-ne.com/isoexpress/web/reports/pricing/-/tree/lmps-rt-five-min-final,2026-09-25T20:08:05Z,
isone:.Z.CONNECTICUT,lmp_rtm_15m_mean,2026-09-22T11:30:00Z,26.9433,USD/MWh,PT15M,"US-CT,US-MA,US-ME,US-NH,US-RI,US-VT",isone_rtm,.Z.CONNECTICUT,isone:rt_lmp_5min,https://www.iso-ne.com/isoexpress/web/reports/pricing/-/tree/lmps-rt-five-min-final,2026-09-25T20:08:05Z,
isone:.Z.CONNECTICUT,lmp_rtm_15m_mean,2026-09-22T11:45:00Z,25.84,USD/MWh,PT15M,"US-CT,US-MA,US-ME,US-NH,US-RI,US-VT",isone_rtm,.Z.CONNECTICUT,isone:rt_lmp_5min,https://www.iso-ne.com/isoexpress/web/reports/pricing/-/tree/lmps-rt-five-min-final,2026-09-25T20:08:05Z,
isone:.Z.CONNECTICUT,lmp_rtm_15m_mean,2026-09-22T12:00:00Z,39.5467,USD/MWh,PT15M,"US-CT,US-MA,US-ME,US-NH,US-RI,US-VT",isone_rtm,.Z.CONNECTICUT,isone:rt_lmp_5min,https://www.iso-ne.com/isoexpress/web/reports/pricing/-/tree/lmps-rt-five-min-final,2026-09-25T20:08:05Z,
isone:.Z.CONNECTICUT,lmp_rtm_15m_mean,2026-09-22T12:15:00Z,25.8833,USD/MWh,PT15M,"US-CT,US-MA,US-ME,US-NH,US-RI,US-VT",isone_rtm,.Z.CONNECTICUT,isone:rt_lmp_5min,https://www.iso-ne.com/isoexpress/web/reports/pricing/-/tree/lmps-rt-five-min-final,2026-09-25T20:08:05Z,
isone:.Z.CONNECTICUT,lmp_rtm_15m_mean,2026-09-22T12:30:00Z,24.43,USD/MWh,PT15M,"US-CT,US-MA,US-ME,US-NH,US-RI,US-VT",isone_rtm,.Z.CONNECTICUT,isone:rt_lmp_5min,https://www.iso-ne.com/isoexpress/web/reports/pricing/-/tree/lmps-rt-five-min-final,2026-09-25T20:08:05Z,
isone:.Z.CONNECTICUT,lmp_rtm_15m_mean,2026-09-22T12:45:00Z,23.8767,USD/MWh,PT15M,"US-CT,US-MA,US-ME,US-NH,US-RI,US-VT",isone_rtm,.Z.CONNECTICUT,isone:rt_lmp_5min,https://www.iso-ne.com/isoexpress/web/reports/pricing/-/tree/lmps-rt-five-min-final,2026-09-25T20:08:05Z,
isone:.Z.CONNECTICUT,lmp_rtm_15m_mean,2026-09-22T13:00:00Z,23.6767,USD/MWh,PT15M,"US-CT,US-MA,US-ME,US-NH,US-RI,US-VT",isone_rtm,.Z.CONNECTICUT,isone:rt_lmp_5min,https://www.iso-ne.com/isoexpress/web/reports/pricing/-/tree/lmps-rt-five-min-final,2026-09-25T20:08:05Z,
isone:.Z.CONNECTICUT,lmp_rtm_15m_mean,2026-09-22T13:15:00Z,24.6933,USD/MWh,PT15M,"US-CT,US-MA,US-ME,US-NH,US-RI,US-VT",isone_rtm,.Z.CONNECTICUT,isone:rt_lmp_5min,https://www.iso-ne.com/isoexpress/web/reports/pricing/-/tree/lmps-rt-five-min-final,2026-09-25T20:08:05Z,
isone:.Z.CONNECTICUT,lmp_rtm_15m_mean,2026-09-22T13:30:00Z,25.1467,USD/MWh,PT15M,"US-CT,US-MA,US-ME,US-NH,US-RI,US-VT",isone_rtm,.Z.CONNECTICUT,isone:rt_lmp_5min,https://www.iso-ne.com/isoexpress/web/reports/pricing/-/tree/lmps-rt-five-min-final,2026-09-25T20:08:05Z,
isone:.Z.CONNECTICUT,lmp_rtm_15m_mean,2026-09-22T13:45:00Z,24.4933,USD/MWh,PT15M,"US-CT,US-MA,US-ME,US-NH,US-RI,US-VT",isone_rtm,.Z.CONNECTICUT,isone:rt_lmp_5min,https://www.iso-ne.com/isoexpress/web/reports/pricing/-/tree/lmps-rt-five-min-final,2026-09-25T20:08:05Z,
isone:.Z.CONNECTICUT,lmp_rtm_15m_mean,2026-09-22T14:00:00Z,26.7133,USD/MWh,PT15M,"US-CT,US-MA,US-ME,US-NH,US-RI,US-VT",isone_rtm,.Z.CONNECTICUT,isone:rt_lmp_5min,https://www.iso-ne.com/isoexpress/web/reports/pricing/-/tree/lmps-rt-five-min-final,2026-09-25T20:08:05Z,
isone:.Z.CONNECTICUT,lmp_rtm_15m_mean,2026-09-22T14:15:00Z,26.17,USD/MWh,PT15M,"US-CT,US-MA,US-ME,US-NH,US-RI,US-VT",isone_rtm,.Z.CONNECTICUT,isone:rt_lmp_5min,https://www.iso-ne.com/isoexpress/web/reports/pricing/-/tree/lmps-rt-five-min-final,2026-09-25T20:08:05Z,
isone:.Z.CONNECTICUT,lmp_rtm_15m_mean,2026-09-22T14:30:00Z,25.8033,USD/MWh,PT15M,"US-CT,US-MA,US-ME,US-NH,US-RI,US-VT",isone_rtm,.Z.CONNECTICUT,isone:rt_lmp_5min,https://www.iso-ne.com/isoexpress/web/reports/pricing/-/tree/lmps-rt-five-min-final,2026-09-25T20:08:05Z,
isone:.Z.CONNECTICUT,lmp_rtm_15m_mean,2026-09-22T14:45:00Z,23.7933,USD/MWh,PT15M,"US-CT,US-MA,US-ME,US-NH,US-RI,US-VT",isone_rtm,.Z.CONNECTICUT,isone:rt_lmp_5min,https://www.iso-ne.com/isoexpress/web/reports/pricing/-/tree/lmps-rt-five-min-final,2026-09-25T20:08:05Z,
isone:.Z.CONNECTICUT,lmp_rtm_15m_mean,2026-09-22T15:00:00Z,15.91,USD/MWh,PT15M,"US-CT,US-MA,US-ME,US-NH,US-RI,US-VT",isone_rtm,.Z.CONNECTICUT,isone:rt_lmp_5min,https://www.iso-ne.com/isoexpress/web/reports/pricing/-/tree/lmps-rt-five-min-final,2026-09-25T20:08:05Z,
isone:.Z.CONNECTICUT,lmp_rtm_15m_mean,2026-09-22T15:15:00Z,22.9233,USD/MWh,PT15M,"US-CT,US-MA,US-ME,US-NH,US-RI,US-VT",isone_rtm,.Z.CONNECTICUT,isone:rt_lmp_5min,https://www.iso-ne.com/isoexpress/web/reports/pricing/-/tree/lmps-rt-five-min-final,2026-09-25T20:08:05Z,
isone:.Z.CONNECTICUT,lmp_rtm_15m_mean,2026-09-22T15:30:00Z,22.7267,USD/MWh,PT15M,"US-CT,US-MA,US-ME,US-NH,US-RI,US-VT",isone_rtm,.Z.CONNECTICUT,isone:rt_lmp_5min,https://www.iso-ne.com/isoexpress/web/reports/pricing/-/tree/lmps-rt-five-min-final,2026-09-25T20:08:05Z,
isone:.Z.CONNECTICUT,lmp_rtm_15m_mean,2026-09-22T15:45:00Z,22.58,USD/MWh,PT15M,"US-CT,US-MA,US-ME,US-NH,US-RI,US-VT",isone_rtm,.Z.CONNECTICUT,isone:rt_lmp_5min,https://www.iso-ne.com/isoexpress/web/reports/pricing/-/tree/lmps-rt-five-min-final,2026-09-25T20:08:05Z,
isone:.Z.CONNECTICUT,lmp_rtm_15m_mean,2026-09-22T16:00:00Z,20.5067,USD/MWh,PT15M,"US-CT,US-MA,US-ME,US-NH,US-RI,US-VT",isone_rtm,.Z.CONNECTICUT,isone:rt_lmp_5min,https://www.iso-ne.com/isoexpress/web/reports/pricing/-/tree/lmps-rt-five-min-final,2026-09-25T20:08:05Z,
isone:.Z.CONNECTICUT,lmp_rtm_15m_mean,2026-09-22T16:15:00Z,19.5333,USD/MWh,PT15M,"US-CT,US-MA,US-ME,US-NH,US-RI,US-VT",isone_rtm,.Z.CONNECTICUT,isone:rt_lmp_5min,https://www.iso-ne.com/isoexpress/web/reports/pricing/-/tree/lmps-rt-five-min-final,2026-09-25T20:08:05Z,
isone:.Z.CONNECTICUT,lmp_rtm_15m_mean,2026-09-22T16:30:00Z,19.8833,USD/MWh,PT15M,"US-CT,US-MA,US-ME,US-NH,US-RI,US-VT",isone_rtm,.Z.CONNECTICUT,isone:rt_lmp_5min,https://www.iso-ne.com/isoexpress/web/reports/pricing/-/tree/lmps-rt-five-min-final,2026-09-25T20:08:05Z,
isone:.Z.CONNECTICUT,lmp_rtm_15m_mean,2026-09-22T16:45:00Z,22.2367,USD/MWh,PT15M,"US-CT,US-MA,US-ME,US-NH,US-RI,US-VT",isone_rtm,.Z.CONNECTICUT,isone:rt_lmp_5min,https://www.iso-ne.com/isoexpress/web/reports/pricing/-/tree/lmps-rt-five-min-final,2026-09-25T20:08:05Z,
isone:.Z.CONNECTICUT,lmp_rtm_15m_mean,2026-09-22T17:00:00Z,22.6633,USD/MWh,PT15M,"US-CT,US-MA,US-ME,US-NH,US-RI,US-VT",isone_rtm,.Z.CONNECTICUT,isone:rt_lmp_5min,https://www.iso-ne.com/isoexpress/web/reports/pricing/-/tree/lmps-rt-five-min-final,2026-09-25T20:08:05Z,
isone:.Z.CONNECTICUT,lmp_rtm_15m_mean,2026-09-22T17:15:00Z,23.8267,USD/MWh,PT15M,"US-CT,US-MA,US-ME,US-NH,US-RI,US-VT",isone_rtm,.Z.CONNECTICUT,isone:rt_lmp_5min,https://www.iso-ne.com/isoexpress/web/reports/pricing/-/tree/lmps-rt-five-min-final,2026-09-25T20:08:05Z,
isone:.Z.CONNECTICUT,lmp_rtm_15m_mean,2026-09-22T17:30:00Z,26.1733,USD/MWh,PT15M,"US-CT,US-MA,US-ME,US-NH,US-RI,US-VT",isone_rtm,.Z.CONNECTICUT,isone:rt_lmp_5min,https://www.iso-ne.com/isoexpress/web/reports/pricing/-/tree/lmps-rt-five-min-final,2026-09-25T20:08:05Z,
isone:.Z.CONNECTICUT,lmp_rtm_15m_mean,2026-09-22T17:45:00Z,26.3467,USD/MWh,PT15M,"US-CT,US-MA,US-ME,US-NH,US-RI,US-VT",isone_rtm,.Z.CONNECTICUT,isone:rt_lmp_5min,https://www.iso-ne.com/isoexpress/web/reports/pricing/-/tree/lmps-rt-five-min-final,2026-09-25T20:08:05Z,
isone:.Z.CONNECTICUT,lmp_rtm_15m_mean,2026-09-22T18:00:00Z,25.72,USD/MWh,PT15M,"US-CT,US-MA,US-ME,US-NH,US-RI,US-VT",isone_rtm,.Z.CONNECTICUT,isone:rt_lmp_5min,https://www.iso-ne.com/isoexpress/web/reports/pricing/-/tree/lmps-rt-five-min-final,2026-09-25T20:08:05Z,
isone:.Z.CONNECTICUT,lmp_rtm_15m_mean,2026-09-22T18:15:00Z,25.59,USD/MWh,PT15M,"US-CT,US-MA,US-ME,US-NH,US-RI,US-VT",isone_rtm,.Z.CONNECTICUT,isone:rt_lmp_5min,https://www.iso-ne.com/isoexpress/web/reports/pricing/-/tree/lmps-rt-five-min-final,2026-09-25T20:08:05Z,
isone:.Z.CONNECTICUT,lmp_rtm_15m_mean,2026-09-22T18:30:00Z,24.6,USD/MWh,PT15M,"US-CT,US-MA,US-ME,US-NH,US-RI,US-VT",isone_rtm,.Z.CONNECTICUT,isone:rt_lmp_5min,https://www.iso-ne.com/isoexpress/web/reports/pricing/-/tree/lmps-rt-five-min-final,2026-09-25T20:08:05Z,
isone:.Z.CONNECTICUT,lmp_rtm_15m_mean,2026-09-22T18:45:00Z,24.6267,USD/MWh,PT15M,"US-CT,US-MA,US-ME,US-NH,US-RI,US-VT",isone_rtm,.Z.CONNECTICUT,isone:rt_lmp_5min,https://www.iso-ne.com/isoexpress/web/reports/pricing/-/tree/lmps-rt-five-min-final,2026-09-25T20:08:05Z,
isone:.Z.CONNECTICUT,lmp_rtm_15m_mean,2026-09-22T19:00:00Z,24.6933,USD/MWh,PT15M,"US-CT,US-MA,US-ME,US-NH,US-RI,US-VT",isone_rtm,.Z.CONNECTICUT,isone:rt_lmp_5min,https://www.iso-ne.com/isoexpress/web/reports/pricing/-/tree/lmps-rt-five-min-final,2026-09-25T20:08:05Z,
isone:.Z.CONNECTICUT,lmp_rtm_15m_mean,2026-09-22T19:15:00Z,25.8267,USD/MWh,PT15M,"US-CT,US-MA,US-ME,US-NH,US-RI,US-VT",isone_rtm,.Z.CONNECTICUT,isone:rt_lmp_5min,https://www.iso-ne.com/isoexpress/web/reports/pricing/-/tree/lmps-rt-five-min-final,2026-09-25T20:08:05Z,
isone:.Z.CONNECTICUT,lmp_rtm_15m_mean,2026-09-22T19:30:00Z,26.2733,USD/MWh,PT15M,"US-CT,US-MA,US-ME,US-NH,US-RI,US-VT",isone_rtm,.Z.CONNECTICUT,isone:rt_lmp_5min,https://www.iso-ne.com/isoexpress/web/reports/pricing/-/tree/lmps-rt-five-min-final,2026-09-25T20:08:05Z,
isone:.Z.CONNECTICUT,lmp_rtm_15m_mean,2026-09-22T19:45:00Z,26.6967,USD/MWh,PT15M,"US-CT,US-MA,US-ME,US-NH,US-RI,US-VT",isone_rtm,.Z.CONNECTICUT,isone:rt_lmp_5min,https://www.iso-ne.com/isoexpress/web/reports/pricing/-/tree/lmps-rt-five-min-final,2026-09-25T20:08:05Z,
isone:.Z.CONNECTICUT,lmp_rtm_15m_mean,2026-09-22T20:00:00Z,23.2767,USD/MWh,PT15M,"US-CT,US-MA,US-ME,US-NH,US-RI,US-VT",isone_rtm,.Z.CONNECTICUT,isone:rt_lmp_5min,https://www.iso-ne.com/isoexpress/web/reports/pricing/-/tree/lmps-rt-five-min-final,2026-09-25T20:08:05Z,
isone:.Z.CONNECTICUT,lmp_rtm_15m_mean,2026-09-22T20:15:00Z,23.4733,USD/MWh,PT15M,"US-CT,US-MA,US-ME,US-NH,US-RI,US-VT",isone_rtm,.Z.CONNECTICUT,isone:rt_lmp_5min,https://www.iso-ne.com/isoexpress/web/reports/pricing/-/tree/lmps-rt-five-min-final,2026-09-25T20:08:05Z,
isone:.Z.CONNECTICUT,lmp_rtm_15m_mean,2026-09-22T20:30:00Z,26.89,USD/MWh,PT15M,"US-CT,US-MA,US-ME,US-NH,US-RI,US-VT",isone_rtm,.Z.CONNECTICUT,isone:rt_lmp_5min,https://www.iso-ne.com/isoexpress/web/reports/pricing/-/tree/lmps-rt-five-min-final,2026-09-25T20:08:05Z,
isone:.Z.CONNECTICUT,lmp_rtm_15m_mean,2026-09-22T20:45:00Z,30.2267,USD/MWh,PT15M,"US-CT,US-MA,US-ME,US-NH,US-RI,US-VT",isone_rtm,.Z.CONNECTICUT,isone:rt_lmp_5min,https://www.iso-ne.com/isoexpress/web/reports/pricing/-/tree/lmps-rt-five-min-final,2026-09-25T20:08:05Z,
isone:.Z.CONNECTICUT,lmp_rtm_15m_mean,2026-09-22T21:00:00Z,27.3667,USD/MWh,PT15M,"US-CT,US-MA,US-ME,US-NH,US-RI,US-VT",isone_rtm,.Z.CONNECTICUT,isone:rt_lmp_5min,https://www.iso-ne.com/isoexpress/web/reports/pricing/-/tree/lmps-rt-five-min-final,2026-09-25T20:08:05Z,
isone:.Z.CONNECTICUT,lmp_rtm_15m_mean,2026-09-22T21:15:00Z,24.2267,USD/MWh,PT15M,"US-CT,US-MA,US-ME,US-NH,US-RI,US-VT",isone_rtm,.Z.CONNECTICUT,isone:rt_lmp_5min,https://www.iso-ne.com/isoexpress/web/reports/pricing/-/tree/lmps-rt-five-min-final,2026-09-25T20:08:05Z,
isone:.Z.CONNECTICUT,lmp_rtm_15m_mean,2026-09-22T21:30:00Z,27.1333,USD/MWh,PT15M,"US-CT,US-MA,US-ME,US-NH,US-RI,US-VT",isone_rtm,.Z.CONNECTICUT,isone:rt_lmp_5min,https://www.iso-ne.com/isoexpress/web/reports/pricing/-/tree/lmps-rt-five-min-final,2026-09-25T20:08:05Z,
isone:.Z.CONNECTICUT,lmp_rtm_15m_mean,2026-09-22T21:45:00Z,28.81,USD/MWh,PT15M,"US-CT,US-MA,US-ME,US-NH,US-RI,US-VT",isone_rtm,.Z.CONNECTICUT,isone:rt_lmp_5min,https://www.iso-ne.com/isoexpress/web/reports/pricing/-/tree/lmps-rt-five-min-final,2026-09-25T20:08:05Z,
isone:.Z.CONNECTICUT,lmp_rtm_15m_mean,2026-09-22T22:00:00Z,27.0767,USD/MWh,PT15M,"US-CT,US-MA,US-ME,US-NH,US-RI,US-VT",isone_rtm,.Z.CONNECTICUT,isone:rt_lmp_5min,https://www.iso-ne.com/isoexpress/web/reports/pricing/-/tree/lmps-rt-five-min-final,2026-09-25T20:08:05Z,
isone:.Z.CONNECTICUT,lmp_rtm_15m_mean,2026-09-22T22:15:00Z,29.9867,USD/MWh,PT15M,"US-CT,US-MA,US-ME,US-NH,US-RI,US-VT",isone_rtm,.Z.CONNECTICUT,isone:rt_lmp_5min,https://www.iso-ne.com/isoexpress/web/reports/pricing/-/tree/lmps-rt-five-min-final,2026-09-25T20:08:05Z,
isone:.Z.CONNECTICUT,lmp_rtm_15m_mean,2026-09-22T22:30:00Z,32.45,USD/MWh,PT15M,"US-CT,US-MA,US-ME,US-NH,US-RI,US-VT",isone_rtm,.Z.CONNECTICUT,isone:rt_lmp_5min,https://www.iso-ne.com/isoexpress/web/reports/pricing/-/tree/lmps-rt-five-min-final,2026-09-25T20:08:05Z,
isone:.Z.CONNECTICUT,lmp_rtm_15m_mean,2026-09-22T22:45:00Z,33.01,USD/MWh,PT15M,"US-CT,US-MA,US-ME,US-NH,US-RI,US-VT",isone_rtm,.Z.CONNECTICUT,isone:rt_lmp_5min,https://www.iso-ne.com/isoexpress/web/reports/pricing/-/tree/lmps-rt-five-min-final,2026-09-25T20:08:05Z,
isone:.Z.CONNECTICUT,lmp_rtm_15m_mean,2026-09-22T23:00:00Z,31.9533,USD/MWh,PT15M,"US-CT,US-MA,US-ME,US-NH,US-RI,US-VT",isone_rtm,.Z.CONNECTICUT,isone:rt_lmp_5min,https://www.iso-ne.com/isoexpress/web/reports/pricing/-/tree/lmps-rt-five-min-final,2026-09-25T20:08:05Z,
isone:.Z.CONNECTICUT,lmp_rtm_15m_mean,2026-09-22T23:15:00Z,29.18,USD/MWh,PT15M,"US-CT,US-MA,US-ME,US-NH,US-RI,US-VT",isone_rtm,.Z.CONNECTICUT,isone:rt_lmp_5min,https://www.iso-ne.com/isoexpress/web/reports/pricing/-/tree/lmps-rt-five-min-final,2026-09-25T20:08:05Z,
isone:.Z.CONNECTICUT,lmp_rtm_15m_mean,2026-09-22T23:30:00Z,30.55,USD/MWh,PT15M,"US-CT,US-MA,US-ME,US-NH,US-RI,US-VT",isone_rtm,.Z.CONNECTICUT,isone:rt_lmp_5min,https://www.iso-ne.com/isoexpress/web/reports/pricing/-/tree/lmps-rt-five-min-final,2026-09-25T20:08:05Z,
isone:.Z.CONNECTICUT,lmp_rtm_15m_mean,2026-09-22T23:45:00Z,30.01,USD/MWh,PT15M,"US-CT,US-MA,US-ME,US-NH,US-RI,US-VT",isone_rtm,.Z.CONNECTICUT,isone:rt_lmp_5min,https://www.iso-ne.com/isoexpress/web/reports/pricing/-/tree/lmps-rt-five-min-final,2026-09-25T20:08:05Z,
isone:.Z.CONNECTICUT,lmp_rtm_15m_mean,2026-09-23T00:00:00Z,38.16,USD/MWh,PT15M,"US-CT,US-MA,US-ME,US-NH,US-RI,US-VT",isone_rtm,.Z.CONNECTICUT,isone:rt_lmp_5min,https://www.iso-ne.com/isoexpress/web/reports/pricing/-/tree/lmps-rt-five-min-final,2026-09-25T20:08:05Z,
isone:.Z.CONNECTICUT,lmp_rtm_15m_mean,2026-09-23T00:15:00Z,34.0333,USD/MWh,PT15M,"US-CT,US-MA,US-ME,US-NH,US-RI,US-VT",isone_rtm,.Z.CONNECTICUT,isone:rt_lmp_5min,https://www.iso-ne.com/isoexpress/web/reports/pricing/-/tree/lmps-rt-five-min-final,2026-09-25T20:08:05Z,
isone:.Z.CONNECTICUT,lmp_rtm_15m_mean,2026-09-23T00:30:00Z,28.38,USD/MWh,PT15M,"US-CT,US-MA,US-ME,US-NH,US-RI,US-VT",isone_rtm,.Z.CONNECTICUT,isone:rt_lmp_5min,https://www.iso-ne.com/isoexpress/web/reports/pricing/-/tree/lmps-rt-five-min-final,2026-09-25T20:08:05Z,
isone:.Z.CONNECTICUT,lmp_rtm_15m_mean,2026-09-23T00:45:00Z,27.9067,USD/MWh,PT15M,"US-CT,US-MA,US-ME,US-NH,US-RI,US-VT",isone_rtm,.Z.CONNECTICUT,isone:rt_lmp_5min,https://www.iso-ne.com/isoexpress/web/reports/pricing/-/tree/lmps-rt-five-min-final,2026-09-25T20:08:05Z,
isone:.Z.CONNECTICUT,lmp_rtm_15m_mean,2026-09-23T01:00:00Z,32.5167,USD/MWh,PT15M,"US-CT,US-MA,US-ME,US-NH,US-RI,US-VT",isone_rtm,.Z.CONNECTICUT,isone:rt_lmp_5min,https://www.iso-ne.com/isoexpress/web/reports/pricing/-/tree/lmps-rt-five-min-final,2026-09-25T20:08:05Z,
isone:.Z.CONNECTICUT,lmp_rtm_15m_mean,2026-09-23T01:15:00Z,29.5567,USD/MWh,PT15M,"US-CT,US-MA,US-ME,US-NH,US-RI,US-VT",isone_rtm,.Z.CONNECTICUT,isone:rt_lmp_5min,https://www.iso-ne.com/isoexpress/web/reports/pricing/-/tree/lmps-rt-five-min-final,2026-09-25T20:08:05Z,
isone:.Z.CONNECTICUT,lmp_rtm_15m_mean,2026-09-23T01:30:00Z,28.68,USD/MWh,PT15M,"US-CT,US-MA,US-ME,US-NH,US-RI,US-VT",isone_rtm,.Z.CONNECTICUT,isone:rt_lmp_5min,https://www.iso-ne.com/isoexpress/web/reports/pricing/-/tree/lmps-rt-five-min-final,2026-09-25T20:08:05Z,
isone:.Z.CONNECTICUT,lmp_rtm_15m_mean,2026-09-23T01:45:00Z,26.8667,USD/MWh,PT15M,"US-CT,US-MA,US-ME,US-NH,US-RI,US-VT",isone_rtm,.Z.CONNECTICUT,isone:rt_lmp_5min,https://www.iso-ne.com/isoexpress/web/reports/pricing/-/tree/lmps-rt-five-min-final,2026-09-25T20:08:05Z,
isone:.Z.CONNECTICUT,lmp_rtm_15m_mean,2026-09-23T02:00:00Z,27.3033,USD/MWh,PT15M,"US-CT,US-MA,US-ME,US-NH,US-RI,US-VT",isone_rtm,.Z.CONNECTICUT,isone:rt_lmp_5min,https://www.iso-ne.com/isoexpress/web/reports/pricing/-/tree/lmps-rt-five-min-final,2026-09-25T20:08:05Z,
isone:.Z.CONNECTICUT,lmp_rtm_15m_mean,2026-09-23T02:15:00Z,27.0533,USD/MWh,PT15M,"US-CT,US-MA,US-ME,US-NH,US-RI,US-VT",isone_rtm,.Z.CONNECTICUT,isone:rt_lmp_5min,https://www.iso-ne.com/isoexpress/web/reports/pricing/-/tree/lmps-rt-five-min-final,2026-09-25T20:08:05Z,
isone:.Z.CONNECTICUT,lmp_rtm_15m_mean,2026-09-23T02:30:00Z,25.82,USD/MWh,PT15M,"US-CT,US-MA,US-ME,US-NH,US-RI,US-VT",isone_rtm,.Z.CONNECTICUT,isone:rt_lmp_5min,https://www.iso-ne.com/isoexpress/web/reports/pricing/-/tree/lmps-rt-five-min-final,2026-09-25T20:08:05Z,
isone:.Z.CONNECTICUT,lmp_rtm_15m_mean,2026-09-23T02:45:00Z,23.0567,USD/MWh,PT15M,"US-CT,US-MA,US-ME,US-NH,US-RI,US-VT",isone_rtm,.Z.CONNECTICUT,isone:rt_lmp_5min,https://www.iso-ne.com/isoexpress/web/reports/pricing/-/tree/lmps-rt-five-min-final,2026-09-25T20:08:05Z,
isone:.Z.CONNECTICUT,lmp_rtm_15m_mean,2026-09-23T03:00:00Z,23.5033,USD/MWh,PT15M,"US-CT,US-MA,US-ME,US-NH,US-RI,US-VT",isone_rtm,.Z.CONNECTICUT,isone:rt_lmp_5min,https://www.iso-ne.com/isoexpress/web/reports/pricing/-/tree/lmps-rt-five-min-final,2026-09-25T20:08:05Z,
isone:.Z.CONNECTICUT,lmp_rtm_15m_mean,2026-09-23T03:15:00Z,25.67,USD/MWh,PT15M,"US-CT,US-MA,US-ME,US-NH,US-RI,US-VT",isone_rtm,.Z.CONNECTICUT,isone:rt_lmp_5min,https://www.iso-ne.com/isoexpress/web/reports/pricing/-/tree/lmps-rt-five-min-final,2026-09-25T20:08:05Z,
isone:.Z.CONNECTICUT,lmp_rtm_15m_mean,2026-09-23T03:30:00Z,24.6667,USD/MWh,PT15M,"US-CT,US-MA,US-ME,US-NH,US-RI,US-VT",isone_rtm,.Z.CONNECTICUT,isone:rt_lmp_5min,https://www.iso-ne.com/isoexpress/web/reports/pricing/-/tree/lmps-rt-five-min-final,2026-09-25T20:08:05Z,
isone:.Z.CONNECTICUT,lmp_rtm_15m_mean,2026-09-23T03:45:00Z,24.2533,USD/MWh,PT15M,"US-CT,US-MA,US-ME,US-NH,US-RI,US-VT",isone_rtm,.Z.CONNECTICUT,isone:rt_lmp_5min,https://www.iso-ne.com/isoexpress/web/reports/pricing/-/tree/lmps-rt-five-min-final,2026-09-25T20:08:05Z,
isone:.Z.CONNECTICUT,lmp_rtm_15m_mean,2026-09-23T04:00:00Z,24.5967,USD/MWh,PT15M,"US-CT,US-MA,US-ME,US-NH,US-RI,US-VT",isone_rtm,.Z.CONNECTICUT,isone:rt_lmp_5min,https://www.iso-ne.com/isoexpress/web/reports/pricing/-/tree/lmps-rt-five-min-final,2026-09-25T20:08:21Z,
isone:.Z.CONNECTICUT,lmp_rtm_15m_mean,2026-09-23T04:15:00Z,26.61,USD/MWh,PT15M,"US-CT,US-MA,US-ME,US-NH,US-RI,US-VT",isone_rtm,.Z.CONNECTICUT,isone:rt_lmp_5min,https://www.iso-ne.com/isoexpress/web/reports/pricing/-/tree/lmps-rt-five-min-final,2026-09-25T20:08:21Z,
isone:.Z.CONNECTICUT,lmp_rtm_15m_mean,2026-09-23T04:30:00Z,25.9667,USD/MWh,PT15M,"US-CT,US-MA,US-ME,US-NH,US-RI,US-VT",isone_rtm,.Z.CONNECTICUT,isone:rt_lmp_5min,https://www.iso-ne.com/isoexpress/web/reports/pricing/-/tree/lmps-rt-five-min-final,2026-09-25T20:08:21Z,
isone:.Z.CONNECTICUT,lmp_rtm_15m_mean,2026-09-23T04:45:00Z,23.7867,USD/MWh,PT15M,"US-CT,US-MA,US-ME,US-NH,US-RI,US-VT",isone_rtm,.Z.CONNECTICUT,isone:rt_lmp_5min,https://www.iso-ne.com/isoexpress/web/reports/pricing/-/tree/lmps-rt-five-min-final,2026-09-25T20:08:21Z,
isone:.Z.CONNECTICUT,lmp_rtm_15m_mean,2026-09-23T05:00:00Z,23.0767,USD/MWh,PT15M,"US-CT,US-MA,US-ME,US-NH,US-RI,US-VT",isone_rtm,.Z.CONNECTICUT,isone:rt_lmp_5min,https://www.iso-ne.com/isoexpress/web/reports/pricing/-/tree/lmps-rt-five-min-final,2026-09-25T20:08:21Z,
isone:.Z.CONNECTICUT,lmp_rtm_15m_mean,2026-09-23T05:15:00Z,22.4067,USD/MWh,PT15M,"US-CT,US-MA,US-ME,US-NH,US-RI,US-VT",isone_rtm,.Z.CONNECTICUT,isone:rt_lmp_5min,https://www.iso-ne.com/isoexpress/web/reports/pricing/-/tree/lmps-rt-five-min-final,2026-09-25T20:08:21Z,
isone:.Z.CONNECTICUT,lmp_rtm_15m_mean,2026-09-23T05:30:00Z,21.87,USD/MWh,PT15M,"US-CT,US-MA,US-ME,US-NH,US-RI,US-VT",isone_rtm,.Z.CONNECTICUT,isone:rt_lmp_5min,https://www.iso-ne.com/isoexpress/web/reports/pricing/-/tree/lmps-rt-five-min-final,2026-09-25T20:08:21Z,
isone:.Z.CONNECTICUT,lmp_rtm_15m_mean,2026-09-23T05:45:00Z,21.46,USD/MWh,PT15M,"US-CT,US-MA,US-ME,US-NH,US-RI,US-VT",isone_rtm,.Z.CONNECTICUT,isone:rt_lmp_5min,https://www.iso-ne.com/isoexpress/web/reports/pricing/-/tree/lmps-rt-five-min-final,2026-09-25T20:08:21Z,
isone:.Z.CONNECTICUT,lmp_rtm_15m_mean,2026-09-23T06:00:00Z,21.5567,USD/MWh,PT15M,"US-CT,US-MA,US-ME,US-NH,US-RI,US-VT",isone_rtm,.Z.CONNECTICUT,isone:rt_lmp_5min,https://www.iso-ne.com/isoexpress/web/reports/pricing/-/tree/lmps-rt-five-min-final,2026-09-25T20:08:21Z,
isone:.Z.CONNECTICUT,lmp_rtm_15m_mean,2026-09-23T06:15:00Z,22.1,USD/MWh,PT15M,"US-CT,US-MA,US-ME,US-NH,US-RI,US-VT",isone_rtm,.Z.CONNECTICUT,isone:rt_lmp_5min,https://www.iso-ne.com/isoexpress/web/reports/pricing/-/tree/lmps-rt-five-min-final,2026-09-25T20:08:21Z,
isone:.Z.CONNECTICUT,lmp_rtm_15m_mean,2026-09-23T06:30:00Z,22.5467,USD/MWh,PT15M,"US-CT,US-MA,US-ME,US-NH,US-RI,US-VT",isone_rtm,.Z.CONNECTICUT,isone:rt_lmp_5min,https://www.iso-ne.com/isoexpress/web/reports/pricing/-/tree/lmps-rt-five-min-final,2026-09-25T20:08:21Z,
isone:.Z.CONNECTICUT,lmp_rtm_15m_mean,2026-09-23T06:45:00Z,22.33,USD/MWh,PT15M,"US-CT,US-MA,US-ME,US-NH,US-RI,US-VT",isone_rtm,.Z.CONNECTICUT,isone:rt_lmp_5min,https://www.iso-ne.com/isoexpress/web/reports/pricing/-/tree/lmps-rt-five-min-final,2026-09-25T20:08:21Z,
isone:.Z.CONNECTICUT,lmp_rtm_15m_mean,2026-09-23T07:00:00Z,22.0067,USD/MWh,PT15M,"US-CT,US-MA,US-ME,US-NH,US-RI,US-VT",isone_rtm,.Z.CONNECTICUT,isone:rt_lmp_5min,https://www.iso-ne.com/isoexpress/web/reports/pricing/-/tree/lmps-rt-five-min-final,2026-09-25T20:08:21Z,
isone:.Z.CONNECTICUT,lmp_rtm_15m_mean,2026-09-23T07:15:00Z,22.0133,USD/MWh,PT15M,"US-CT,US-MA,US-ME,US-NH,US-RI,US-VT",isone_rtm,.Z.CONNECTICUT,isone:rt_lmp_5min,https://www.iso-ne.com/isoexpress/web/reports/pricing/-/tree/lmps-rt-five-min-final,2026-09-25T20:08:21Z,
isone:.Z.CONNECTICUT,lmp_rtm_15m_mean,2026-09-23T07:30:00Z,22.3867,USD/MWh,PT15M,"US-CT,US-MA,US-ME,US-NH,US-RI,US-VT",isone_rtm,.Z.CONNECTICUT,isone:rt_lmp_5min,https://www.iso-ne.com/isoexpress/web/reports/pricing/-/tree/lmps-rt-five-min-final,2026-09-25T20:08:21Z,
isone:.Z.CONNECTICUT,lmp_rtm_15m_mean,2026-09-23T07:45:00Z,22.4933,USD/MWh,PT15M,"US-CT,US-MA,US-ME,US-NH,US-RI,US-VT",isone_rtm,.Z.CONNECTICUT,isone:rt_lmp_5min,https://www.iso-ne.com/isoexpress/web/reports/pricing/-/tree/lmps-rt-five-min-final,2026-09-25T20:08:21Z,
isone:.Z.CONNECTICUT,lmp_rtm_15m_mean,2026-09-23T08:00:00Z,22.3667,USD/MWh,PT15M,"US-CT,US-MA,US-ME,US-NH,US-RI,US-VT",isone_rtm,.Z.CONNECTICUT,isone:rt_lmp_5min,https://www.iso-ne.com/isoexpress/web/reports/pricing/-/tree/lmps-rt-five-min-final,2026-09-25T20:08:21Z,
isone:.Z.CONNECTICUT,lmp_rtm_15m_mean,2026-09-23T08:15:00Z,22.1467,USD/MWh,PT15M,"US-CT,US-MA,US-ME,US-NH,US-RI,US-VT",isone_rtm,.Z.CONNECTICUT,isone:rt_lmp_5min,https://www.iso-ne.com/isoexpress/web/reports/pricing/-/tree/lmps-rt-five-min-final,2026-09-25T20:08:21Z,
isone:.Z.CONNECTICUT,lmp_rtm_15m_mean,2026-09-23T08:30:00Z,22.4433,USD/MWh,PT15M,"US-CT,US-MA,US-ME,US-NH,US-RI,US-VT",isone_rtm,.Z.CONNECTICUT,isone:rt_lmp_5min,https://www.iso-ne.com/isoexpress/web/reports/pricing/-/tree/lmps-rt-five-min-final,2026-09-25T20:08:21Z,
isone:.Z.CONNECTICUT,lmp_rtm_15m_mean,2026-09-23T08:45:00Z,22.6133,USD/MWh,PT15M,"US-CT,US-MA,US-ME,US-NH,US-RI,US-VT",isone_rtm,.Z.CONNECTICUT,isone:rt_lmp_5min,https://www.iso-ne.com/isoexpress/web/reports/pricing/-/tree/lmps-rt-five-min-final,2026-09-25T20:08:21Z,
isone:.Z.CONNECTICUT,lmp_rtm_15m_mean,2026-09-23T09:00:00Z,22.27,USD/MWh,PT15M,"US-CT,US-MA,US-ME,US-NH,US-RI,US-VT",isone_rtm,.Z.CONNECTICUT,isone:rt_lmp_5min,https://www.iso-ne.com/isoexpress/web/reports/pricing/-/tree/lmps-rt-five-min-final,2026-09-25T20:08:21Z,
isone:.Z.CONNECTICUT,lmp_rtm_15m_mean,2026-09-23T09:15:00Z,24.5467,USD/MWh,PT15M,"US-CT,US-MA,US-ME,US-NH,US-RI,US-VT",isone_rtm,.Z.CONNECTICUT,isone:rt_lmp_5min,https://www.iso-ne.com/isoexpress/web/reports/pricing/-/tree/lmps-rt-five-min-final,2026-09-25T20:08:21Z,
isone:.Z.CONNECTICUT,lmp_rtm_15m_mean,2026-09-23T09:30:00Z,29.9367,USD/MWh,PT15M,"US-CT,US-MA,US-ME,US-NH,US-RI,US-VT",isone_rtm,.Z.CONNECTICUT,isone:rt_lmp_5min,https://www.iso-ne.com/isoexpress/web/reports/pricing/-/tree/lmps-rt-five-min-final,2026-09-25T20:08:21Z,
isone:.Z.CONNECTICUT,lmp_rtm_15m_mean,2026-09-23T09:45:00Z,33.9633,USD/MWh,PT15M,"US-CT,US-MA,US-ME,US-NH,US-RI,US-VT",isone_rtm,.Z.CONNECTICUT,isone:rt_lmp_5min,https://www.iso-ne.com/isoexpress/web/reports/pricing/-/tree/lmps-rt-five-min-final,2026-09-25T20:08:21Z,
isone:.Z.CONNECTICUT,lmp_rtm_15m_mean,2026-09-23T10:00:00Z,25.7867,USD/MWh,PT15M,"US-CT,US-MA,US-ME,US-NH,US-RI,US-VT",isone_rtm,.Z.CONNECTICUT,isone:rt_lmp_5min,https://www.iso-ne.com/isoexpress/web/reports/pricing/-/tree/lmps-rt-five-min-final,2026-09-25T20:08:21Z,
isone:.Z.CONNECTICUT,lmp_rtm_15m_mean,2026-09-23T10:15:00Z,27.3067,USD/MWh,PT15M,"US-CT,US-MA,US-ME,US-NH,US-RI,US-VT",isone_rtm,.Z.CONNECTICUT,isone:rt_lmp_5min,https://www.iso-ne.com/isoexpress/web/reports/pricing/-/tree/lmps-rt-five-min-final,2026-09-25T20:08:21Z,
isone:.Z.CONNECTICUT,lmp_rtm_15m_mean,2026-09-23T10:30:00Z,32.71,USD/MWh,PT15M,"US-CT,US-MA,US-ME,US-NH,US-RI,US-VT",isone_rtm,.Z.CONNECTICUT,isone:rt_lmp_5min,https://www.iso-ne.com/isoexpress/web/reports/pricing/-/tree/lmps-rt-five-min-final,2026-09-25T20:08:21Z,
isone:.Z.CONNECTICUT,lmp_rtm_15m_mean,2026-09-23T10:45:00Z,34.4267,USD/MWh,PT15M,"US-CT,US-MA,US-ME,US-NH,US-RI,US-VT",isone_rtm,.Z.CONNECTICUT,isone:rt_lmp_5min,https://www.iso-ne.com/isoexpress/web/reports/pricing/-/tree/lmps-rt-five-min-final,2026-09-25T20:08:21Z,
isone:.Z.CONNECTICUT,lmp_rtm_15m_mean,2026-09-23T11:00:00Z,26.5533,USD/MWh,PT15M,"US-CT,US-MA,US-ME,US-NH,US-RI,US-VT",isone_rtm,.Z.CONNECTICUT,isone:rt_lmp_5min,https://www.iso-ne.com/isoexpress/web/reports/pricing/-/tree/lmps-rt-five-min-final,2026-09-25T20:08:21Z,
isone:.Z.CONNECTICUT,lmp_rtm_15m_mean,2026-09-23T11:15:00Z,23.28,USD/MWh,PT15M,"US-CT,US-MA,US-ME,US-NH,US-RI,US-VT",isone_rtm,.Z.CONNECTICUT,isone:rt_lmp_5min,https://www.iso-ne.com/isoexpress/web/reports/pricing/-/tree/lmps-rt-five-min-final,2026-09-25T20:08:21Z,
isone:.Z.CONNECTICUT,lmp_rtm_15m_mean,2026-09-23T11:30:00Z,22.82,USD/MWh,PT15M,"US-CT,US-MA,US-ME,US-NH,US-RI,US-VT",isone_rtm,.Z.CONNECTICUT,isone:rt_lmp_5min,https://www.iso-ne.com/isoexpress/web/reports/pricing/-/tree/lmps-rt-five-min-final,2026-09-25T20:08:21Z,
isone:.Z.CONNECTICUT,lmp_rtm_15m_mean,2026-09-23T11:45:00Z,22.5233,USD/MWh,PT15M,"US-CT,US-MA,US-ME,US-NH,US-RI,US-VT",isone_rtm,.Z.CONNECTICUT,isone:rt_lmp_5min,https://www.iso-ne.com/isoexpress/web/reports/pricing/-/tree/lmps-rt-five-min-final,2026-09-25T20:08:21Z,
isone:.Z.CONNECTICUT,lmp_rtm_15m_mean,2026-09-23T12:00:00Z,31.38,USD/MWh,PT15M,"US-CT,US-MA,US-ME,US-NH,US-RI,US-VT",isone_rtm,.Z.CONNECTICUT,isone:rt_lmp_5min,https://www.iso-ne.com/isoexpress/web/reports/pricing/-/tree/lmps-rt-five-min-final,2026-09-25T20:08:21Z,
isone:.Z.CONNECTICUT,lmp_rtm_15m_mean,2026-09-23T12:15:00Z,25.9267,USD/MWh,PT15M,"US-CT,US-MA,US-ME,US-NH,US-RI,US-VT",isone_rtm,.Z.CONNECTICUT,isone:rt_lmp_5min,https://www.iso-ne.com/isoexpress/web/reports/pricing/-/tree/lmps-rt-five-min-final,2026-09-25T20:08:21Z,
isone:.Z.CONNECTICUT,lmp_rtm_15m_mean,2026-09-23T12:30:00Z,21.73,USD/MWh,PT15M,"US-CT,US-MA,US-ME,US-NH,US-RI,US-VT",isone_rtm,.Z.CONNECTICUT,isone:rt_lmp_5min,https://www.iso-ne.com/isoexpress/web/reports/pricing/-/tree/lmps-rt-five-min-final,2026-09-25T20:08:21Z,
isone:.Z.CONNECTICUT,lmp_rtm_15m_mean,2026-09-23T12:45:00Z,13.7667,USD/MWh,PT15M,"US-CT,US-MA,US-ME,US-NH,US-RI,US-VT",isone_rtm,.Z.CONNECTICUT,isone:rt_lmp_5min,https://www.iso-ne.com/isoexpress/web/reports/pricing/-/tree/lmps-rt-five-min-final,2026-09-25T20:08:21Z,
isone:.Z.CONNECTICUT,lmp_rtm_15m_mean,2026-09-23T13:00:00Z,14.6467,USD/MWh,PT15M,"US-CT,US-MA,US-ME,US-NH,US-RI,US-VT",isone_rtm,.Z.CONNECTICUT,isone:rt_lmp_5min,https://www.iso-ne.com/isoexpress/web/reports/pricing/-/tree/lmps-rt-five-min-final,2026-09-25T20:08:21Z,
isone:.Z.CONNECTICUT,lmp_rtm_15m_mean,2026-09-23T13:15:00Z,17.0867,USD/MWh,PT15M,"US-CT,US-MA,US-ME,US-NH,US-RI,US-VT",isone_rtm,.Z.CONNECTICUT,isone:rt_lmp_5min,https://www.iso-ne.com/isoexpress/web/reports/pricing/-/tree/lmps-rt-five-min-final,2026-09-25T20:08:21Z,
isone:.Z.CONNECTICUT,lmp_rtm_15m_mean,2026-09-23T13:30:00Z,14.7,USD/MWh,PT15M,"US-CT,US-MA,US-ME,US-NH,US-RI,US-VT",isone_rtm,.Z.CONNECTICUT,isone:rt_lmp_5min,https://www.iso-ne.com/isoexpress/web/reports/pricing/-/tree/lmps-rt-five-min-final,2026-09-25T20:08:21Z,
isone:.Z.CONNECTICUT,lmp_rtm_15m_mean,2026-09-23T13:45:00Z,0.0467,USD/MWh,PT15M,"US-CT,US-MA,US-ME,US-NH,US-RI,US-VT",isone_rtm,.Z.CONNECTICUT,isone:rt_lmp_5min,https://www.iso-ne.com/isoexpress/web/reports/pricing/-/tree/lmps-rt-five-min-final,2026-09-25T20:08:21Z,
isone:.Z.CONNECTICUT,lmp_rtm_15m_mean,2026-09-23T14:00:00Z,14.8467,USD/MWh,PT15M,"US-CT,US-MA,US-ME,US-NH,US-RI,US-VT",isone_rtm,.Z.CONNECTICUT,isone:rt_lmp_5min,https://www.iso-ne.com/isoexpress/web/reports/pricing/-/tree/lmps-rt-five-min-final,2026-09-25T20:08:21Z,
isone:.Z.CONNECTICUT,lmp_rtm_15m_mean,2026-09-23T14:15:00Z,22.39,USD/MWh,PT15M,"US-CT,US-MA,US-ME,US-NH,US-RI,US-VT",isone_rtm,.Z.CONNECTICUT,isone:rt_lmp_5min,https://www.iso-ne.com/isoexpress/web/reports/pricing/-/tree/lmps-rt-five-min-final,2026-09-25T20:08:21Z,
isone:.Z.CONNECTICUT,lmp_rtm_15m_mean,2026-09-23T14:30:00Z,3.5867,USD/MWh,PT15M,"US-CT,US-MA,US-ME,US-NH,US-RI,US-VT",isone_rtm,.Z.CONNECTICUT,isone:rt_lmp_5min,https://www.iso-ne.com/isoexpress/web/reports/pricing/-/tree/lmps-rt-five-min-final,2026-09-25T20:08:21Z,
isone:.Z.CONNECTICUT,lmp_rtm_15m_mean,2026-09-23T14:45:00Z,-33.2333,USD/MWh,PT15M,"US-CT,US-MA,US-ME,US-NH,US-RI,US-VT",isone_rtm,.Z.CONNECTICUT,isone:rt_lmp_5min,https://www.iso-ne.com/isoexpress/web/reports/pricing/-/tree/lmps-rt-five-min-final,2026-09-25T20:08:21Z,
isone:.Z.CONNECTICUT,lmp_rtm_15m_mean,2026-09-23T15:00:00Z,-35.3533,USD/MWh,PT15M,"US-CT,US-MA,US-ME,US-NH,US-RI,US-VT",isone_rtm,.Z.CONNECTICUT,isone:rt_lmp_5min,https://www.iso-ne.com/isoexpress/web/reports/pricing/-/tree/lmps-rt-five-min-final,2026-09-25T20:08:21Z,
isone:.Z.CONNECTICUT,lmp_rtm_15m_mean,2026-09-23T15:15:00Z,-0.8833,USD/MWh,PT15M,"US-CT,US-MA,US-ME,US-NH,US-RI,US-VT",isone_rtm,.Z.CONNECTICUT,isone:rt_lmp_5min,https://www.iso-ne.com/isoexpress/web/reports/pricing/-/tree/lmps-rt-five-min-final,2026-09-25T20:08:21Z,
isone:.Z.CONNECTICUT,lmp_rtm_15m_mean,2026-09-23T15:30:00Z,9.9233,USD/MWh,PT15M,"US-CT,US-MA,US-ME,US-NH,US-RI,US-VT",isone_rtm,.Z.CONNECTICUT,isone:rt_lmp_5min,https://www.iso-ne.com/isoexpress/web/reports/pricing/-/tree/lmps-rt-five-min-final,2026-09-25T20:08:21Z,
isone:.Z.CONNECTICUT,lmp_rtm_15m_mean,2026-09-23T15:45:00Z,3.3033,USD/MWh,PT15M,"US-CT,US-MA,US-ME,US-NH,US-RI,US-VT",isone_rtm,.Z.CONNECTICUT,isone:rt_lmp_5min,https://www.iso-ne.com/isoexpress/web/reports/pricing/-/tree/lmps-rt-five-min-final,2026-09-25T20:08:21Z,
isone:.Z.CONNECTICUT,lmp_rtm_15m_mean,2026-09-23T16:00:00Z,1.3967,USD/MWh,PT15M,"US-CT,US-MA,US-ME,US-NH,US-RI,US-VT",isone_rtm,.Z.CONNECTICUT,isone:rt_lmp_5min,https://www.iso-ne.com/isoexpress/web/reports/pricing/-/tree/lmps-rt-five-min-final,2026-09-25T20:08:21Z,
isone:.Z.CONNECTICUT,lmp_rtm_15m_mean,2026-09-23T16:15:00Z,21.3733,USD/MWh,PT15M,"US-CT,US-MA,US-ME,US-NH,US-RI,US-VT",isone_rtm,.Z.CONNECTICUT,isone:rt_lmp_5min,https://www.iso-ne.com/isoexpress/web/reports/pricing/-/tree/lmps-rt-five-min-final,2026-09-25T20:08:21Z,
isone:.Z.CONNECTICUT,lmp_rtm_15m_mean,2026-09-23T16:30:00Z,12.9667,USD/MWh,PT15M,"US-CT,US-MA,US-ME,US-NH,US-RI,US-VT",isone_rtm,.Z.CONNECTICUT,isone:rt_lmp_5min,https://www.iso-ne.com/isoexpress/web/reports/pricing/-/tree/lmps-rt-five-min-final,2026-09-25T20:08:21Z,
isone:.Z.CONNECTICUT,lmp_rtm_15m_mean,2026-09-23T16:45:00Z,19.52,USD/MWh,PT15M,"US-CT,US-MA,US-ME,US-NH,US-RI,US-VT",isone_rtm,.Z.CONNECTICUT,isone:rt_lmp_5min,https://www.iso-ne.com/isoexpress/web/reports/pricing/-/tree/lmps-rt-five-min-final,2026-09-25T20:08:21Z,
isone:.Z.CONNECTICUT,lmp_rtm_15m_mean,2026-09-23T17:00:00Z,21.7233,USD/MWh,PT15M,"US-CT,US-MA,US-ME,US-NH,US-RI,US-VT",isone_rtm,.Z.CONNECTICUT,isone:rt_lmp_5min,https://www.iso-ne.com/isoexpress/web/reports/pricing/-/tree/lmps-rt-five-min-final,2026-09-25T20:08:21Z,
isone:.Z.CONNECTICUT,lmp_rtm_15m_mean,2026-09-23T17:15:00Z,19.9467,USD/MWh,PT15M,"US-CT,US-MA,US-ME,US-NH,US-RI,US-VT",isone_rtm,.Z.CONNECTICUT,isone:rt_lmp_5min,https://www.iso-ne.com/isoexpress/web/reports/pricing/-/tree/lmps-rt-five-min-final,2026-09-25T20:08:21Z,
isone:.Z.CONNECTICUT,lmp_rtm_15m_mean,2026-09-23T17:30:00Z,21.4967,USD/MWh,PT15M,"US-CT,US-MA,US-ME,US-NH,US-RI,US-VT",isone_rtm,.Z.CONNECTICUT,isone:rt_lmp_5min,https://www.iso-ne.com/isoexpress/web/reports/pricing/-/tree/lmps-rt-five-min-final,2026-09-25T20:08:21Z,
isone:.Z.CONNECTICUT,lmp_rtm_15m_mean,2026-09-23T17:45:00Z,22.1733,USD/MWh,PT15M,"US-CT,US-MA,US-ME,US-NH,US-RI,US-VT",isone_rtm,.Z.CONNECTICUT,isone:rt_lmp_5min,https://www.iso-ne.com/isoexpress/web/reports/pricing/-/tree/lmps-rt-five-min-final,2026-09-25T20:08:21Z,
isone:.Z.CONNECTICUT,lmp_rtm_15m_mean,2026-09-23T18:00:00Z,22.43,USD/MWh,PT15M,"US-CT,US-MA,US-ME,US-NH,US-RI,US-VT",isone_rtm,.Z.CONNECTICUT,isone:rt_lmp_5min,https://www.iso-ne.com/isoexpress/web/reports/pricing/-/tree/lmps-rt-five-min-final,2026-09-25T20:08:21Z,
isone:.Z.CONNECTICUT,lmp_rtm_15m_mean,2026-09-23T18:15:00Z,21.75,USD/MWh,PT15M,"US-CT,US-MA,US-ME,US-NH,US-RI,US-VT",isone_rtm,.Z.CONNECTICUT,isone:rt_lmp_5min,https://www.iso-ne.com/isoexpress/web/reports/pricing/-/tree/lmps-rt-five-min-final,2026-09-25T20:08:21Z,
isone:.Z.CONNECTICUT,lmp_rtm_15m_mean,2026-09-23T18:30:00Z,21.7433,USD/MWh,PT15M,"US-CT,US-MA,US-ME,US-NH,US-RI,US-VT",isone_rtm,.Z.CONNECTICUT,isone:rt_lmp_5min,https://www.iso-ne.com/isoexpress/web/reports/pricing/-/tree/lmps-rt-five-min-final,2026-09-25T20:08:21Z,
isone:.Z.CONNECTICUT,lmp_rtm_15m_mean,2026-09-23T18:45:00Z,22.1,USD/MWh,PT15M,"US-CT,US-MA,US-ME,US-NH,US-RI,US-VT",isone_rtm,.Z.CONNECTICUT,isone:rt_lmp_5min,https://www.iso-ne.com/isoexpress/web/reports/pricing/-/tree/lmps-rt-five-min-final,2026-09-25T20:08:21Z,
isone:.Z.CONNECTICUT,lmp_rtm_15m_mean,2026-09-23T19:00:00Z,4.9733,USD/MWh,PT15M,"US-CT,US-MA,US-ME,US-NH,US-RI,US-VT",isone_rtm,.Z.CONNECTICUT,isone:rt_lmp_5min,https://www.iso-ne.com/isoexpress/web/reports/pricing/-/tree/lmps-rt-five-min-final,2026-09-25T20:08:21Z,
isone:.Z.CONNECTICUT,lmp_rtm_15m_mean,2026-09-23T19:15:00Z,21.0967,USD/MWh,PT15M,"US-CT,US-MA,US-ME,US-NH,US-RI,US-VT",isone_rtm,.Z.CONNECTICUT,isone:rt_lmp_5min,https://www.iso-ne.com/isoexpress/web/reports/pricing/-/tree/lmps-rt-five-min-final,2026-09-25T20:08:21Z,
isone:.Z.CONNECTICUT,lmp_rtm_15m_mean,2026-09-23T19:30:00Z,23.43,USD/MWh,PT15M,"US-CT,US-MA,US-ME,US-NH,US-RI,US-VT",isone_rtm,.Z.CONNECTICUT,isone:rt_lmp_5min,https://www.iso-ne.com/isoexpress/web/reports/pricing/-/tree/lmps-rt-five-min-final,2026-09-25T20:08:21Z,
isone:.Z.CONNECTICUT,lmp_rtm_15m_mean,2026-09-23T19:45:00Z,25.0667,USD/MWh,PT15M,"US-CT,US-MA,US-ME,US-NH,US-RI,US-VT",isone_rtm,.Z.CONNECTICUT,isone:rt_lmp_5min,https://www.iso-ne.com/isoexpress/web/reports/pricing/-/tree/lmps-rt-five-min-final,2026-09-25T20:08:21Z,
isone:.Z.CONNECTICUT,lmp_rtm_15m_mean,2026-09-23T20:00:00Z,-5.1567,USD/MWh,PT15M,"US-CT,US-MA,US-ME,US-NH,US-RI,US-VT",isone_rtm,.Z.CONNECTICUT,isone:rt_lmp_5min,https://www.iso-ne.com/isoexpress/web/reports/pricing/-/tree/lmps-rt-five-min-final,2026-09-25T20:08:21Z,
isone:.Z.CONNECTICUT,lmp_rtm_15m_mean,2026-09-23T20:15:00Z,-5.4167,USD/MWh,PT15M,"US-CT,US-MA,US-ME,US-NH,US-RI,US-VT",isone_rtm,.Z.CONNECTICUT,isone:rt_lmp_5min,https://www.iso-ne.com/isoexpress/web/reports/pricing/-/tree/lmps-rt-five-min-final,2026-09-25T20:08:21Z,
isone:.Z.CONNECTICUT,lmp_rtm_15m_mean,2026-09-23T20:30:00Z,25.3033,USD/MWh,PT15M,"US-CT,US-MA,US-ME,US-NH,US-RI,US-VT",isone_rtm,.Z.CONNECTICUT,isone:rt_lmp_5min,https://www.iso-ne.com/isoexpress/web/reports/pricing/-/tree/lmps-rt-five-min-final,2026-09-25T20:08:21Z,
isone:.Z.CONNECTICUT,lmp_rtm_15m_mean,2026-09-23T20:45:00Z,28.41,USD/MWh,PT15M,"US-CT,US-MA,US-ME,US-NH,US-RI,US-VT",isone_rtm,.Z.CONNECTICUT,isone:rt_lmp_5min,https://www.iso-ne.com/isoexpress/web/reports/pricing/-/tree/lmps-rt-five-min-final,2026-09-25T20:08:21Z,
isone:.Z.CONNECTICUT,lmp_rtm_15m_mean,2026-09-23T21:00:00Z,23.4133,USD/MWh,PT15M,"US-CT,US-MA,US-ME,US-NH,US-RI,US-VT",isone_rtm,.Z.CONNECTICUT,isone:rt_lmp_5min,https://www.iso-ne.com/isoexpress/web/reports/pricing/-/tree/lmps-rt-five-min-final,2026-09-25T20:08:21Z,
isone:.Z.CONNECTICUT,lmp_rtm_15m_mean,2026-09-23T21:15:00Z,24.5567,USD/MWh,PT15M,"US-CT,US-MA,US-ME,US-NH,US-RI,US-VT",isone_rtm,.Z.CONNECTICUT,isone:rt_lmp_5min,https://www.iso-ne.com/isoexpress/web/reports/pricing/-/tree/lmps-rt-five-min-final,2026-09-25T20:08:21Z,
isone:.Z.CONNECTICUT,lmp_rtm_15m_mean,2026-09-23T21:30:00Z,29.3367,USD/MWh,PT15M,"US-CT,US-MA,US-ME,US-NH,US-RI,US-VT",isone_rtm,.Z.CONNECTICUT,isone:rt_lmp_5min,https://www.iso-ne.com/isoexpress/web/reports/pricing/-/tree/lmps-rt-five-min-final,2026-09-25T20:08:21Z,
isone:.Z.CONNECTICUT,lmp_rtm_15m_mean,2026-09-23T21:45:00Z,34.74,USD/MWh,PT15M,"US-CT,US-MA,US-ME,US-NH,US-RI,US-VT",isone_rtm,.Z.CONNECTICUT,isone:rt_lmp_5min,https://www.iso-ne.com/isoexpress/web/reports/pricing/-/tree/lmps-rt-five-min-final,2026-09-25T20:08:21Z,
isone:.Z.CONNECTICUT,lmp_rtm_15m_mean,2026-09-23T22:00:00Z,33.8467,USD/MWh,PT15M,"US-CT,US-MA,US-ME,US-NH,US-RI,US-VT",isone_rtm,.Z.CONNECTICUT,isone:rt_lmp_5min,https://www.iso-ne.com/isoexpress/web/reports/pricing/-/tree/lmps-rt-five-min-final,2026-09-25T20:08:21Z,
isone:.Z.CONNECTICUT,lmp_rtm_15m_mean,2026-09-23T22:15:00Z,42.2267,USD/MWh,PT15M,"US-CT,US-MA,US-ME,US-NH,US-RI,US-VT",isone_rtm,.Z.CONNECTICUT,isone:rt_lmp_5min,https://www.iso-ne.com/isoexpress/web/reports/pricing/-/tree/lmps-rt-five-min-final,2026-09-25T20:08:21Z,
isone:.Z.CONNECTICUT,lmp_rtm_15m_mean,2026-09-23T22:30:00Z,45.2533,USD/MWh,PT15M,"US-CT,US-MA,US-ME,US-NH,US-RI,US-VT",isone_rtm,.Z.CONNECTICUT,isone:rt_lmp_5min,https://www.iso-ne.com/isoexpress/web/reports/pricing/-/tree/lmps-rt-five-min-final,2026-09-25T20:08:21Z,
isone:.Z.CONNECTICUT,lmp_rtm_15m_mean,2026-09-23T22:45:00Z,46.5633,USD/MWh,PT15M,"US-CT,US-MA,US-ME,US-NH,US-RI,US-VT",isone_rtm,.Z.CONNECTICUT,isone:rt_lmp_5min,https://www.iso-ne.com/isoexpress/web/reports/pricing/-/tree/lmps-rt-five-min-final,2026-09-25T20:08:21Z,
isone:.Z.CONNECTICUT,lmp_rtm_15m_mean,2026-09-23T23:00:00Z,47.33,USD/MWh,PT15M,"US-CT,US-MA,US-ME,US-NH,US-RI,US-VT",isone_rtm,.Z.CONNECTICUT,isone:rt_lmp_5min,https://www.iso-ne.com/isoexpress/web/reports/pricing/-/tree/lmps-rt-five-min-final,2026-09-25T20:08:21Z,
isone:.Z.CONNECTICUT,lmp_rtm_15m_mean,2026-09-23T23:15:00Z,41.0967,USD/MWh,PT15M,"US-CT,US-MA,US-ME,US-NH,US-RI,US-VT",isone_rtm,.Z.CONNECTICUT,isone:rt_lmp_5min,https://www.iso-ne.com/isoexpress/web/reports/pricing/-/tree/lmps-rt-five-min-final,2026-09-25T20:08:21Z,
isone:.Z.CONNECTICUT,lmp_rtm_15m_mean,2026-09-23T23:30:00Z,43.5467,USD/MWh,PT15M,"US-CT,US-MA,US-ME,US-NH,US-RI,US-VT",isone_rtm,.Z.CONNECTICUT,isone:rt_lmp_5min,https://www.iso-ne.com/isoexpress/web/reports/pricing/-/tree/lmps-rt-five-min-final,2026-09-25T20:08:21Z,
isone:.Z.CONNECTICUT,lmp_rtm_15m_mean,2026-09-23T23:45:00Z,32.4167,USD/MWh,PT15M,"US-CT,US-MA,US-ME,US-NH,US-RI,US-VT",isone_rtm,.Z.CONNECTICUT,isone:rt_lmp_5min,https://www.iso-ne.com/isoexpress/web/reports/pricing/-/tree/lmps-rt-five-min-final,2026-09-25T20:08:21Z,
isone:.Z.CONNECTICUT,lmp_rtm_15m_mean,2026-09-24T00:00:00Z,37.42,USD/MWh,PT15M,"US-CT,US-MA,US-ME,US-NH,US-RI,US-VT",isone_rtm,.Z.CONNECTICUT,isone:rt_lmp_5min,https://www.iso-ne.com/isoexpress/web/reports/pricing/-/tree/lmps-rt-five-min-final,2026-09-25T20:08:21Z,
isone:.Z.CONNECTICUT,lmp_rtm_15m_mean,2026-09-24T00:15:00Z,33.48,USD/MWh,PT15M,"US-CT,US-MA,US-ME,US-NH,US-RI,US-VT",isone_rtm,.Z.CONNECTICUT,isone:rt_lmp_5min,https://www.iso-ne.com/isoexpress/web/reports/pricing/-/tree/lmps-rt-five-min-final,2026-09-25T20:08:21Z,
isone:.Z.CONNECTICUT,lmp_rtm_15m_mean,2026-09-24T00:30:00Z,31.1467,USD/MWh,PT15M,"US-CT,US-MA,US-ME,US-NH,US-RI,US-VT",isone_rtm,.Z.CONNECTICUT,isone:rt_lmp_5min,https://www.iso-ne.com/isoexpress/web/reports/pricing/-/tree/lmps-rt-five-min-final,2026-09-25T20:08:21Z,
isone:.Z.CONNECTICUT,lmp_rtm_15m_mean,2026-09-24T00:45:00Z,28.86,USD/MWh,PT15M,"US-CT,US-MA,US-ME,US-NH,US-RI,US-VT",isone_rtm,.Z.CONNECTICUT,isone:rt_lmp_5min,https://www.iso-ne.com/isoexpress/web/reports/pricing/-/tree/lmps-rt-five-min-final,2026-09-25T20:08:21Z,
isone:.Z.CONNECTICUT,lmp_rtm_15m_mean,2026-09-24T01:00:00Z,42.46,USD/MWh,PT15M,"US-CT,US-MA,US-ME,US-NH,US-RI,US-VT",isone_rtm,.Z.CONNECTICUT,isone:rt_lmp_5min,https://www.iso-ne.com/isoexpress/web/reports/pricing/-/tree/lmps-rt-five-min-final,2026-09-25T20:08:21Z,
isone:.Z.CONNECTICUT,lmp_rtm_15m_mean,2026-09-24T01:15:00Z,31.33,USD/MWh,PT15M,"US-CT,US-MA,US-ME,US-NH,US-RI,US-VT",isone_rtm,.Z.CONNECTICUT,isone:rt_lmp_5min,https://www.iso-ne.com/isoexpress/web/reports/pricing/-/tree/lmps-rt-five-min-final,2026-09-25T20:08:21Z,
isone:.Z.CONNECTICUT,lmp_rtm_15m_mean,2026-09-24T01:30:00Z,30.5,USD/MWh,PT15M,"US-CT,US-MA,US-ME,US-NH,US-RI,US-VT",isone_rtm,.Z.CONNECTICUT,isone:rt_lmp_5min,https://www.iso-ne.com/isoexpress/web/reports/pricing/-/tree/lmps-rt-five-min-final,2026-09-25T20:08:21Z,
isone:.Z.CONNECTICUT,lmp_rtm_15m_mean,2026-09-24T01:45:00Z,28.8967,USD/MWh,PT15M,"US-CT,US-MA,US-ME,US-NH,US-RI,US-VT",isone_rtm,.Z.CONNECTICUT,isone:rt_lmp_5min,https://www.iso-ne.com/isoexpress/web/reports/pricing/-/tree/lmps-rt-five-min-final,2026-09-25T20:08:21Z,
isone:.Z.CONNECTICUT,lmp_rtm_15m_mean,2026-09-24T02:00:00Z,51.23,USD/MWh,PT15M,"US-CT,US-MA,US-ME,US-NH,US-RI,US-VT",isone_rtm,.Z.CONNECTICUT,isone:rt_lmp_5min,https://www.iso-ne.com/isoexpress/web/reports/pricing/-/tree/lmps-rt-five-min-final,2026-09-25T20:08:21Z,
isone:.Z.CONNECTICUT,lmp_rtm_15m_mean,2026-09-24T02:15:00Z,37.3867,USD/MWh,PT15M,"US-CT,US-MA,US-ME,US-NH,US-RI,US-VT",isone_rtm,.Z.CONNECTICUT,isone:rt_lmp_5min,https://www.iso-ne.com/isoexpress/web/reports/pricing/-/tree/lmps-rt-five-min-final,2026-09-25T20:08:21Z,
isone:.Z.CONNECTICUT,lmp_rtm_15m_mean,2026-09-24T02:30:00Z,29.7533,USD/MWh,PT15M,"US-CT,US-MA,US-ME,US-NH,US-RI,US-VT",isone_rtm,.Z.CONNECTICUT,isone:rt_lmp_5min,https://www.iso-ne.com/isoexpress/web/reports/pricing/-/tree/lmps-rt-five-min-final,2026-09-25T20:08:21Z,
isone:.Z.CONNECTICUT,lmp_rtm_15m_mean,2026-09-24T02:45:00Z,28.4367,USD/MWh,PT15M,"US-CT,US-MA,US-ME,US-NH,US-RI,US-VT",isone_rtm,.Z.CONNECTICUT,isone:rt_lmp_5min,https://www.iso-ne.com/isoexpress/web/reports/pricing/-/tree/lmps-rt-five-min-final,2026-09-25T20:08:21Z,
isone:.Z.CONNECTICUT,lmp_rtm_15m_mean,2026-09-24T03:00:00Z,29.2833,USD/MWh,PT15M,"US-CT,US-MA,US-ME,US-NH,US-RI,US-VT",isone_rtm,.Z.CONNECTICUT,isone:rt_lmp_5min,https://www.iso-ne.com/isoexpress/web/reports/pricing/-/tree/lmps-rt-five-min-final,2026-09-25T20:08:21Z,
isone:.Z.CONNECTICUT,lmp_rtm_15m_mean,2026-09-24T03:15:00Z,29.55,USD/MWh,PT15M,"US-CT,US-MA,US-ME,US-NH,US-RI,US-VT",isone_rtm,.Z.CONNECTICUT,isone:rt_lmp_5min,https://www.iso-ne.com/isoexpress/web/reports/pricing/-/tree/lmps-rt-five-min-final,2026-09-25T20:08:21Z,
isone:.Z.CONNECTICUT,lmp_rtm_15m_mean,2026-09-24T03:30:00Z,26.7,USD/MWh,PT15M,"US-CT,US-MA,US-ME,US-NH,US-RI,US-VT",isone_rtm,.Z.CONNECTICUT,isone:rt_lmp_5min,https://www.iso-ne.com/isoexpress/web/reports/pricing/-/tree/lmps-rt-five-min-final,2026-09-25T20:08:21Z,
isone:.Z.CONNECTICUT,lmp_rtm_15m_mean,2026-09-24T03:45:00Z,24.6667,USD/MWh,PT15M,"US-CT,US-MA,US-ME,US-NH,US-RI,US-VT",isone_rtm,.Z.CONNECTICUT,isone:rt_lmp_5min,https://www.iso-ne.com/isoexpress/web/reports/pricing/-/tree/lmps-rt-five-min-final,2026-09-25T20:08:21Z,
isone:.Z.CONNECTICUT,lmp_rtm_15m_mean,2026-09-24T04:00:00Z,26.0867,USD/MWh,PT15M,"US-CT,US-MA,US-ME,US-NH,US-RI,US-VT",isone_rtm,.Z.CONNECTICUT,isone:rt_lmp_5min,https://www.iso-ne.com/isoexpress/web/reports/pricing/-/tree/lmps-rt-five-min-final,2026-09-25T20:08:36Z,
isone:.Z.CONNECTICUT,lmp_rtm_15m_mean,2026-09-24T04:15:00Z,26.4633,USD/MWh,PT15M,"US-CT,US-MA,US-ME,US-NH,US-RI,US-VT",isone_rtm,.Z.CONNECTICUT,isone:rt_lmp_5min,https://www.iso-ne.com/isoexpress/web/reports/pricing/-/tree/lmps-rt-five-min-final,2026-09-25T20:08:36Z,
isone:.Z.CONNECTICUT,lmp_rtm_15m_mean,2026-09-24T04:30:00Z,25.47,USD/MWh,PT15M,"US-CT,US-MA,US-ME,US-NH,US-RI,US-VT",isone_rtm,.Z.CONNECTICUT,isone:rt_lmp_5min,https://www.iso-ne.com/isoexpress/web/reports/pricing/-/tree/lmps-rt-five-min-final,2026-09-25T20:08:36Z,
isone:.Z.CONNECTICUT,lmp_rtm_15m_mean,2026-09-24T04:45:00Z,24.6167,USD/MWh,PT15M,"US-CT,US-MA,US-ME,US-NH,US-RI,US-VT",isone_rtm,.Z.CONNECTICUT,isone:rt_lmp_5min,https://www.iso-ne.com/isoexpress/web/reports/pricing/-/tree/lmps-rt-five-min-final,2026-09-25T20:08:36Z,
isone:.Z.CONNECTICUT,lmp_rtm_15m_mean,2026-09-24T05:00:00Z,25.0667,USD/MWh,PT15M,"US-CT,US-MA,US-ME,US-NH,US-RI,US-VT",isone_rtm,.Z.CONNECTICUT,isone:rt_lmp_5min,https://www.iso-ne.com/isoexpress/web/reports/pricing/-/tree/lmps-rt-five-min-final,2026-09-25T20:08:36Z,
isone:.Z.CONNECTICUT,lmp_rtm_15m_mean,2026-09-24T05:15:00Z,26.11,USD/MWh,PT15M,"US-CT,US-MA,US-ME,US-NH,US-RI,US-VT",isone_rtm,.Z.CONNECTICUT,isone:rt_lmp_5min,https://www.iso-ne.com/isoexpress/web/reports/pricing/-/tree/lmps-rt-five-min-final,2026-09-25T20:08:36Z,
isone:.Z.CONNECTICUT,lmp_rtm_15m_mean,2026-09-24T05:30:00Z,24.7033,USD/MWh,PT15M,"US-CT,US-MA,US-ME,US-NH,US-RI,US-VT",isone_rtm,.Z.CONNECTICUT,isone:rt_lmp_5min,https://www.iso-ne.com/isoexpress/web/reports/pricing/-/tree/lmps-rt-five-min-final,2026-09-25T20:08:36Z,
isone:.Z.CONNECTICUT,lmp_rtm_15m_mean,2026-09-24T05:45:00Z,24.5567,USD/MWh,PT15M,"US-CT,US-MA,US-ME,US-NH,US-RI,US-VT",isone_rtm,.Z.CONNECTICUT,isone:rt_lmp_5min,https://www.iso-ne.com/isoexpress/web/reports/pricing/-/tree/lmps-rt-five-min-final,2026-09-25T20:08:36Z,
isone:.Z.CONNECTICUT,lmp_rtm_15m_mean,2026-09-24T06:00:00Z,24.3067,USD/MWh,PT15M,"US-CT,US-MA,US-ME,US-NH,US-RI,US-VT",isone_rtm,.Z.CONNECTICUT,isone:rt_lmp_5min,https://www.iso-ne.com/isoexpress/web/reports/pricing/-/tree/lmps-rt-five-min-final,2026-09-25T20:08:36Z,
isone:.Z.CONNECTICUT,lmp_rtm_15m_mean,2026-09-24T06:15:00Z,24.0633,USD/MWh,PT15M,"US-CT,US-MA,US-ME,US-NH,US-RI,US-VT",isone_rtm,.Z.CONNECTICUT,isone:rt_lmp_5min,https://www.iso-ne.com/isoexpress/web/reports/pricing/-/tree/lmps-rt-five-min-final,2026-09-25T20:08:36Z,
isone:.Z.CONNECTICUT,lmp_rtm_15m_mean,2026-09-24T06:30:00Z,24.2767,USD/MWh,PT15M,"US-CT,US-MA,US-ME,US-NH,US-RI,US-VT",isone_rtm,.Z.CONNECTICUT,isone:rt_lmp_5min,https://www.iso-ne.com/isoexpress/web/reports/pricing/-/tree/lmps-rt-five-min-final,2026-09-25T20:08:36Z,
isone:.Z.CONNECTICUT,lmp_rtm_15m_mean,2026-09-24T06:45:00Z,24.0367,USD/MWh,PT15M,"US-CT,US-MA,US-ME,US-NH,US-RI,US-VT",isone_rtm,.Z.CONNECTICUT,isone:rt_lmp_5min,https://www.iso-ne.com/isoexpress/web/reports/pricing/-/tree/lmps-rt-five-min-final,2026-09-25T20:08:36Z,
isone:.Z.CONNECTICUT,lmp_rtm_15m_mean,2026-09-24T07:00:00Z,23.97,USD/MWh,PT15M,"US-CT,US-MA,US-ME,US-NH,US-RI,US-VT",isone_rtm,.Z.CONNECTICUT,isone:rt_lmp_5min,https://www.iso-ne.com/isoexpress/web/reports/pricing/-/tree/lmps-rt-five-min-final,2026-09-25T20:08:36Z,
isone:.Z.CONNECTICUT,lmp_rtm_15m_mean,2026-09-24T07:15:00Z,24.3133,USD/MWh,PT15M,"US-CT,US-MA,US-ME,US-NH,US-RI,US-VT",isone_rtm,.Z.CONNECTICUT,isone:rt_lmp_5min,https://www.iso-ne.com/isoexpress/web/reports/pricing/-/tree/lmps-rt-five-min-final,2026-09-25T20:08:36Z,
isone:.Z.CONNECTICUT,lmp_rtm_15m_mean,2026-09-24T07:30:00Z,24.45,USD/MWh,PT15M,"US-CT,US-MA,US-ME,US-NH,US-RI,US-VT",isone_rtm,.Z.CONNECTICUT,isone:rt_lmp_5min,https://www.iso-ne.com/isoexpress/web/reports/pricing/-/tree/lmps-rt-five-min-final,2026-09-25T20:08:36Z,
isone:.Z.CONNECTICUT,lmp_rtm_15m_mean,2026-09-24T07:45:00Z,24.4233,USD/MWh,PT15M,"US-CT,US-MA,US-ME,US-NH,US-RI,US-VT",isone_rtm,.Z.CONNECTICUT,isone:rt_lmp_5min,https://www.iso-ne.com/isoexpress/web/reports/pricing/-/tree/lmps-rt-five-min-final,2026-09-25T20:08:36Z,
isone:.Z.CONNECTICUT,lmp_rtm_15m_mean,2026-09-24T08:00:00Z,23.4867,USD/MWh,PT15M,"US-CT,US-MA,US-ME,US-NH,US-RI,US-VT",isone_rtm,.Z.CONNECTICUT,isone:rt_lmp_5min,https://www.iso-ne.com/isoexpress/web/reports/pricing/-/tree/lmps-rt-five-min-final,2026-09-25T20:08:36Z,
isone:.Z.CONNECTICUT,lmp_rtm_15m_mean,2026-09-24T08:15:00Z,23.4033,USD/MWh,PT15M,"US-CT,US-MA,US-ME,US-NH,US-RI,US-VT",isone_rtm,.Z.CONNECTICUT,isone:rt_lmp_5min,https://www.iso-ne.com/isoexpress/web/reports/pricing/-/tree/lmps-rt-five-min-final,2026-09-25T20:08:36Z,
isone:.Z.CONNECTICUT,lmp_rtm_15m_mean,2026-09-24T08:30:00Z,23.6,USD/MWh,PT15M,"US-CT,US-MA,US-ME,US-NH,US-RI,US-VT",isone_rtm,.Z.CONNECTICUT,isone:rt_lmp_5min,https://www.iso-ne.com/isoexpress/web/reports/pricing/-/tree/lmps-rt-five-min-final,2026-09-25T20:08:36Z,
isone:.Z.CONNECTICUT,lmp_rtm_15m_mean,2026-09-24T08:45:00Z,24.19,USD/MWh,PT15M,"US-CT,US-MA,US-ME,US-NH,US-RI,US-VT",isone_rtm,.Z.CONNECTICUT,isone:rt_lmp_5min,https://www.iso-ne.com/isoexpress/web/reports/pricing/-/tree/lmps-rt-five-min-final,2026-09-25T20:08:36Z,
isone:.Z.CONNECTICUT,lmp_rtm_15m_mean,2026-09-24T09:00:00Z,26.2433,USD/MWh,PT15M,"US-CT,US-MA,US-ME,US-NH,US-RI,US-VT",isone_rtm,.Z.CONNECTICUT,isone:rt_lmp_5min,https://www.iso-ne.com/isoexpress/web/reports/pricing/-/tree/lmps-rt-five-min-final,2026-09-25T20:08:36Z,
isone:.Z.CONNECTICUT,lmp_rtm_15m_mean,2026-09-24T09:15:00Z,32.0067,USD/MWh,PT15M,"US-CT,US-MA,US-ME,US-NH,US-RI,US-VT",isone_rtm,.Z.CONNECTICUT,isone:rt_lmp_5min,https://www.iso-ne.com/isoexpress/web/reports/pricing/-/tree/lmps-rt-five-min-final,2026-09-25T20:08:36Z,
isone:.Z.CONNECTICUT,lmp_rtm_15m_mean,2026-09-24T09:30:00Z,32.0133,USD/MWh,PT15M,"US-CT,US-MA,US-ME,US-NH,US-RI,US-VT",isone_rtm,.Z.CONNECTICUT,isone:rt_lmp_5min,https://www.iso-ne.com/isoexpress/web/reports/pricing/-/tree/lmps-rt-five-min-final,2026-09-25T20:08:36Z,
isone:.Z.CONNECTICUT,lmp_rtm_15m_mean,2026-09-24T09:45:00Z,34.4233,USD/MWh,PT15M,"US-CT,US-MA,US-ME,US-NH,US-RI,US-VT",isone_rtm,.Z.CONNECTICUT,isone:rt_lmp_5min,https://www.iso-ne.com/isoexpress/web/reports/pricing/-/tree/lmps-rt-five-min-final,2026-09-25T20:08:36Z,
isone:.Z.CONNECTICUT,lmp_rtm_15m_mean,2026-09-24T10:00:00Z,25.63,USD/MWh,PT15M,"US-CT,US-MA,US-ME,US-NH,US-RI,US-VT",isone_rtm,.Z.CONNECTICUT,isone:rt_lmp_5min,https://www.iso-ne.com/isoexpress/web/reports/pricing/-/tree/lmps-rt-five-min-final,2026-09-25T20:08:36Z,
isone:.Z.CONNECTICUT,lmp_rtm_15m_mean,2026-09-24T10:15:00Z,25.0433,USD/MWh,PT15M,"US-CT,US-MA,US-ME,US-NH,US-RI,US-VT",isone_rtm,.Z.CONNECTICUT,isone:rt_lmp_5min,https://www.iso-ne.com/isoexpress/web/reports/pricing/-/tree/lmps-rt-five-min-final,2026-09-25T20:08:36Z,
isone:.Z.CONNECTICUT,lmp_rtm_15m_mean,2026-09-24T10:30:00Z,29.5333,USD/MWh,PT15M,"US-CT,US-MA,US-ME,US-NH,US-RI,US-VT",isone_rtm,.Z.CONNECTICUT,isone:rt_lmp_5min,https://www.iso-ne.com/isoexpress/web/reports/pricing/-/tree/lmps-rt-five-min-final,2026-09-25T20:08:36Z,
isone:.Z.CONNECTICUT,lmp_rtm_15m_mean,2026-09-24T10:45:00Z,32.7,USD/MWh,PT15M,"US-CT,US-MA,US-ME,US-NH,US-RI,US-VT",isone_rtm,.Z.CONNECTICUT,isone:rt_lmp_5min,https://www.iso-ne.com/isoexpress/web/reports/pricing/-/tree/lmps-rt-five-min-final,2026-09-25T20:08:36Z,
isone:.Z.CONNECTICUT,lmp_rtm_15m_mean,2026-09-24T11:00:00Z,30.1267,USD/MWh,PT15M,"US-CT,US-MA,US-ME,US-NH,US-RI,US-VT",isone_rtm,.Z.CONNECTICUT,isone:rt_lmp_5min,https://www.iso-ne.com/isoexpress/web/reports/pricing/-/tree/lmps-rt-five-min-final,2026-09-25T20:08:36Z,
isone:.Z.CONNECTICUT,lmp_rtm_15m_mean,2026-09-24T11:15:00Z,24.3533,USD/MWh,PT15M,"US-CT,US-MA,US-ME,US-NH,US-RI,US-VT",isone_rtm,.Z.CONNECTICUT,isone:rt_lmp_5min,https://www.iso-ne.com/isoexpress/web/reports/pricing/-/tree/lmps-rt-five-min-final,2026-09-25T20:08:36Z,
isone:.Z.CONNECTICUT,lmp_rtm_15m_mean,2026-09-24T11:30:00Z,24.38,USD/MWh,PT15M,"US-CT,US-MA,US-ME,US-NH,US-RI,US-VT",isone_rtm,.Z.CONNECTICUT,isone:rt_lmp_5min,https://www.iso-ne.com/isoexpress/web/reports/pricing/-/tree/lmps-rt-five-min-final,2026-09-25T20:08:36Z,
isone:.Z.CONNECTICUT,lmp_rtm_15m_mean,2026-09-24T11:45:00Z,23.92,USD/MWh,PT15M,"US-CT,US-MA,US-ME,US-NH,US-RI,US-VT",isone_rtm,.Z.CONNECTICUT,isone:rt_lmp_5min,https://www.iso-ne.com/isoexpress/web/reports/pricing/-/tree/lmps-rt-five-min-final,2026-09-25T20:08:36Z,
isone:.Z.CONNECTICUT,lmp_rtm_15m_mean,2026-09-24T12:00:00Z,26.48,USD/MWh,PT15M,"US-CT,US-MA,US-ME,US-NH,US-RI,US-VT",isone_rtm,.Z.CONNECTICUT,isone:rt_lmp_5min,https://www.iso-ne.com/isoexpress/web/reports/pricing/-/tree/lmps-rt-five-min-final,2026-09-25T20:08:36Z,
isone:.Z.CONNECTICUT,lmp_rtm_15m_mean,2026-09-24T12:15:00Z,31.8,USD/MWh,PT15M,"US-CT,US-MA,US-ME,US-NH,US-RI,US-VT",isone_rtm,.Z.CONNECTICUT,isone:rt_lmp_5min,https://www.iso-ne.com/isoexpress/web/reports/pricing/-/tree/lmps-rt-five-min-final,2026-09-25T20:08:36Z,
isone:.Z.CONNECTICUT,lmp_rtm_15m_mean,2026-09-24T12:30:00Z,25.64,USD/MWh,PT15M,"US-CT,US-MA,US-ME,US-NH,US-RI,US-VT",isone_rtm,.Z.CONNECTICUT,isone:rt_lmp_5min,https://www.iso-ne.com/isoexpress/web/reports/pricing/-/tree/lmps-rt-five-min-final,2026-09-25T20:08:36Z,
isone:.Z.CONNECTICUT,lmp_rtm_15m_mean,2026-09-24T12:45:00Z,23.2167,USD/MWh,PT15M,"US-CT,US-MA,US-ME,US-NH,US-RI,US-VT",isone_rtm,.Z.CONNECTICUT,isone:rt_lmp_5min,https://www.iso-ne.com/isoexpress/web/reports/pricing/-/tree/lmps-rt-five-min-final,2026-09-25T20:08:36Z,
isone:.Z.CONNECTICUT,lmp_rtm_15m_mean,2026-09-24T13:00:00Z,21.3233,USD/MWh,PT15M,"US-CT,US-MA,US-ME,US-NH,US-RI,US-VT",isone_rtm,.Z.CONNECTICUT,isone:rt_lmp_5min,https://www.iso-ne.com/isoexpress/web/reports/pricing/-/tree/lmps-rt-five-min-final,2026-09-25T20:08:36Z,
isone:.Z.CONNECTICUT,lmp_rtm_15m_mean,2026-09-24T13:15:00Z,21.75,USD/MWh,PT15M,"US-CT,US-MA,US-ME,US-NH,US-RI,US-VT",isone_rtm,.Z.CONNECTICUT,isone:rt_lmp_5min,https://www.iso-ne.com/isoexpress/web/reports/pricing/-/tree/lmps-rt-five-min-final,2026-09-25T20:08:36Z,
isone:.Z.CONNECTICUT,lmp_rtm_15m_mean,2026-09-24T13:30:00Z,21.6833,USD/MWh,PT15M,"US-CT,US-MA,US-ME,US-NH,US-RI,US-VT",isone_rtm,.Z.CONNECTICUT,isone:rt_lmp_5min,https://www.iso-ne.com/isoexpress/web/reports/pricing/-/tree/lmps-rt-five-min-final,2026-09-25T20:08:36Z,
isone:.Z.CONNECTICUT,lmp_rtm_15m_mean,2026-09-24T13:45:00Z,21.9833,USD/MWh,PT15M,"US-CT,US-MA,US-ME,US-NH,US-RI,US-VT",isone_rtm,.Z.CONNECTICUT,isone:rt_lmp_5min,https://www.iso-ne.com/isoexpress/web/reports/pricing/-/tree/lmps-rt-five-min-final,2026-09-25T20:08:36Z,
isone:.Z.CONNECTICUT,lmp_rtm_15m_mean,2026-09-24T14:00:00Z,24.66,USD/MWh,PT15M,"US-CT,US-MA,US-ME,US-NH,US-RI,US-VT",isone_rtm,.Z.CONNECTICUT,isone:rt_lmp_5min,https://www.iso-ne.com/isoexpress/web/reports/pricing/-/tree/lmps-rt-five-min-final,2026-09-25T20:08:36Z,
isone:.Z.CONNECTICUT,lmp_rtm_15m_mean,2026-09-24T14:15:00Z,24.63,USD/MWh,PT15M,"US-CT,US-MA,US-ME,US-NH,US-RI,US-VT",isone_rtm,.Z.CONNECTICUT,isone:rt_lmp_5min,https://www.iso-ne.com/isoexpress/web/reports/pricing/-/tree/lmps-rt-five-min-final,2026-09-25T20:08:36Z,
isone:.Z.CONNECTICUT,lmp_rtm_15m_mean,2026-09-24T14:30:00Z,24.5367,USD/MWh,PT15M,"US-CT,US-MA,US-ME,US-NH,US-RI,US-VT",isone_rtm,.Z.CONNECTICUT,isone:rt_lmp_5min,https://www.iso-ne.com/isoexpress/web/reports/pricing/-/tree/lmps-rt-five-min-final,2026-09-25T20:08:36Z,
isone:.Z.CONNECTICUT,lmp_rtm_15m_mean,2026-09-24T14:45:00Z,24.2567,USD/MWh,PT15M,"US-CT,US-MA,US-ME,US-NH,US-RI,US-VT",isone_rtm,.Z.CONNECTICUT,isone:rt_lmp_5min,https://www.iso-ne.com/isoexpress/web/reports/pricing/-/tree/lmps-rt-five-min-final,2026-09-25T20:08:36Z,
isone:.Z.CONNECTICUT,lmp_rtm_15m_mean,2026-09-24T15:00:00Z,22.6833,USD/MWh,PT15M,"US-CT,US-MA,US-ME,US-NH,US-RI,US-VT",isone_rtm,.Z.CONNECTICUT,isone:rt_lmp_5min,https://www.iso-ne.com/isoexpress/web/reports/pricing/-/tree/lmps-rt-five-min-final,2026-09-25T20:08:36Z,
isone:.Z.CONNECTICUT,lmp_rtm_15m_mean,2026-09-24T15:15:00Z,6.8,USD/MWh,PT15M,"US-CT,US-MA,US-ME,US-NH,US-RI,US-VT",isone_rtm,.Z.CONNECTICUT,isone:rt_lmp_5min,https://www.iso-ne.com/isoexpress/web/reports/pricing/-/tree/lmps-rt-five-min-final,2026-09-25T20:08:36Z,
isone:.Z.CONNECTICUT,lmp_rtm_15m_mean,2026-09-24T15:30:00Z,-4.5033,USD/MWh,PT15M,"US-CT,US-MA,US-ME,US-NH,US-RI,US-VT",isone_rtm,.Z.CONNECTICUT,isone:rt_lmp_5min,https://www.iso-ne.com/isoexpress/web/reports/pricing/-/tree/lmps-rt-five-min-final,2026-09-25T20:08:36Z,
isone:.Z.CONNECTICUT,lmp_rtm_15m_mean,2026-09-24T15:45:00Z,-4.4933,USD/MWh,PT15M,"US-CT,US-MA,US-ME,US-NH,US-RI,US-VT",isone_rtm,.Z.CONNECTICUT,isone:rt_lmp_5min,https://www.iso-ne.com/isoexpress/web/reports/pricing/-/tree/lmps-rt-five-min-final,2026-09-25T20:08:36Z,
isone:.Z.CONNECTICUT,lmp_rtm_15m_mean,2026-09-24T16:00:00Z,-5.8267,USD/MWh,PT15M,"US-CT,US-MA,US-ME,US-NH,US-RI,US-VT",isone_rtm,.Z.CONNECTICUT,isone:rt_lmp_5min,https://www.iso-ne.com/isoexpress/web/reports/pricing/-/tree/lmps-rt-five-min-final,2026-09-25T20:08:36Z,
isone:.Z.CONNECTICUT,lmp_rtm_15m_mean,2026-09-24T16:15:00Z,-12.5567,USD/MWh,PT15M,"US-CT,US-MA,US-ME,US-NH,US-RI,US-VT",isone_rtm,.Z.CONNECTICUT,isone:rt_lmp_5min,https://www.iso-ne.com/isoexpress/web/reports/pricing/-/tree/lmps-rt-five-min-final,2026-09-25T20:08:36Z,
isone:.Z.CONNECTICUT,lmp_rtm_15m_mean,2026-09-24T16:30:00Z,-0.7367,USD/MWh,PT15M,"US-CT,US-MA,US-ME,US-NH,US-RI,US-VT",isone_rtm,.Z.CONNECTICUT,isone:rt_lmp_5min,https://www.iso-ne.com/isoexpress/web/reports/pricing/-/tree/lmps-rt-five-min-final,2026-09-25T20:08:36Z,
isone:.Z.CONNECTICUT,lmp_rtm_15m_mean,2026-09-24T16:45:00Z,20.4867,USD/MWh,PT15M,"US-CT,US-MA,US-ME,US-NH,US-RI,US-VT",isone_rtm,.Z.CONNECTICUT,isone:rt_lmp_5min,https://www.iso-ne.com/isoexpress/web/reports/pricing/-/tree/lmps-rt-five-min-final,2026-09-25T20:08:36Z,
isone:.Z.CONNECTICUT,lmp_rtm_15m_mean,2026-09-24T17:00:00Z,21.67,USD/MWh,PT15M,"US-CT,US-MA,US-ME,US-NH,US-RI,US-VT",isone_rtm,.Z.CONNECTICUT,isone:rt_lmp_5min,https://www.iso-ne.com/isoexpress/web/reports/pricing/-/tree/lmps-rt-five-min-final,2026-09-25T20:08:36Z,
isone:.Z.CONNECTICUT,lmp_rtm_15m_mean,2026-09-24T17:15:00Z,19.0767,USD/MWh,PT15M,"US-CT,US-MA,US-ME,US-NH,US-RI,US-VT",isone_rtm,.Z.CONNECTICUT,isone:rt_lmp_5min,https://www.iso-ne.com/isoexpress/web/reports/pricing/-/tree/lmps-rt-five-min-final,2026-09-25T20:08:36Z,
isone:.Z.CONNECTICUT,lmp_rtm_15m_mean,2026-09-24T17:30:00Z,18.89,USD/MWh,PT15M,"US-CT,US-MA,US-ME,US-NH,US-RI,US-VT",isone_rtm,.Z.CONNECTICUT,isone:rt_lmp_5min,https://www.iso-ne.com/isoexpress/web/reports/pricing/-/tree/lmps-rt-five-min-final,2026-09-25T20:08:36Z,
isone:.Z.CONNECTICUT,lmp_rtm_15m_mean,2026-09-24T17:45:00Z,13.0467,USD/MWh,PT15M,"US-CT,US-MA,US-ME,US-NH,US-RI,US-VT",isone_rtm,.Z.CONNECTICUT,isone:rt_lmp_5min,https://www.iso-ne.com/isoexpress/web/reports/pricing/-/tree/lmps-rt-five-min-final,2026-09-25T20:08:36Z,
isone:.Z.CONNECTICUT,lmp_rtm_15m_mean,2026-09-24T18:00:00Z,13.01,USD/MWh,PT15M,"US-CT,US-MA,US-ME,US-NH,US-RI,US-VT",isone_rtm,.Z.CONNECTICUT,isone:rt_lmp_5min,https://www.iso-ne.com/isoexpress/web/reports/pricing/-/tree/lmps-rt-five-min-final,2026-09-25T20:08:36Z,
isone:.Z.CONNECTICUT,lmp_rtm_15m_mean,2026-09-24T18:15:00Z,20.9433,USD/MWh,PT15M,"US-CT,US-MA,US-ME,US-NH,US-RI,US-VT",isone_rtm,.Z.CONNECTICUT,isone:rt_lmp_5min,https://www.iso-ne.com/isoexpress/web/reports/pricing/-/tree/lmps-rt-five-min-final,2026-09-25T20:08:36Z,
isone:.Z.CONNECTICUT,lmp_rtm_15m_mean,2026-09-24T18:30:00Z,21.69,USD/MWh,PT15M,"US-CT,US-MA,US-ME,US-NH,US-RI,US-VT",isone_rtm,.Z.CONNECTICUT,isone:rt_lmp_5min,https://www.iso-ne.com/isoexpress/web/reports/pricing/-/tree/lmps-rt-five-min-final,2026-09-25T20:08:36Z,
isone:.Z.CONNECTICUT,lmp_rtm_15m_mean,2026-09-24T18:45:00Z,22.2867,USD/MWh,PT15M,"US-CT,US-MA,US-ME,US-NH,US-RI,US-VT",isone_rtm,.Z.CONNECTICUT,isone:rt_lmp_5min,https://www.iso-ne.com/isoexpress/web/reports/pricing/-/tree/lmps-rt-five-min-final,2026-09-25T20:08:36Z,
isone:.Z.CONNECTICUT,lmp_rtm_15m_mean,2026-09-24T19:00:00Z,21.2967,USD/MWh,PT15M,"US-CT,US-MA,US-ME,US-NH,US-RI,US-VT",isone_rtm,.Z.CONNECTICUT,isone:rt_lmp_5min,https://www.iso-ne.com/isoexpress/web/reports/pricing/-/tree/lmps-rt-five-min-final,2026-09-25T20:08:36Z,
isone:.Z.CONNECTICUT,lmp_rtm_15m_mean,2026-09-24T19:15:00Z,20.86,USD/MWh,PT15M,"US-CT,US-MA,US-ME,US-NH,US-RI,US-VT",isone_rtm,.Z.CONNECTICUT,isone:rt_lmp_5min,https://www.iso-ne.com/isoexpress/web/reports/pricing/-/tree/lmps-rt-five-min-final,2026-09-25T20:08:36Z,
isone:.Z.CONNECTICUT,lmp_rtm_15m_mean,2026-09-24T19:30:00Z,21.4667,USD/MWh,PT15M,"US-CT,US-MA,US-ME,US-NH,US-RI,US-VT",isone_rtm,.Z.CONNECTICUT,isone:rt_lmp_5min,https://www.iso-ne.com/isoexpress/web/reports/pricing/-/tree/lmps-rt-five-min-final,2026-09-25T20:08:36Z,
isone:.Z.CONNECTICUT,lmp_rtm_15m_mean,2026-09-24T19:45:00Z,22.1033,USD/MWh,PT15M,"US-CT,US-MA,US-ME,US-NH,US-RI,US-VT",isone_rtm,.Z.CONNECTICUT,isone:rt_lmp_5min,https://www.iso-ne.com/isoexpress/web/reports/pricing/-/tree/lmps-rt-five-min-final,2026-09-25T20:08:36Z,
isone:.Z.CONNECTICUT,lmp_rtm_15m_mean,2026-09-24T20:00:00Z,21.58,USD/MWh,PT15M,"US-CT,US-MA,US-ME,US-NH,US-RI,US-VT",isone_rtm,.Z.CONNECTICUT,isone:rt_lmp_5min,https://www.iso-ne.com/isoexpress/web/reports/pricing/-/tree/lmps-rt-five-min-final,2026-09-25T20:08:36Z,
isone:.Z.CONNECTICUT,lmp_rtm_15m_mean,2026-09-24T20:15:00Z,20.8867,USD/MWh,PT15M,"US-CT,US-MA,US-ME,US-NH,US-RI,US-VT",isone_rtm,.Z.CONNECTICUT,isone:rt_lmp_5min,https://www.iso-ne.com/isoexpress/web/reports/pricing/-/tree/lmps-rt-five-min-final,2026-09-25T20:08:36Z,
isone:.Z.CONNECTICUT,lmp_rtm_15m_mean,2026-09-24T20:30:00Z,21.7667,USD/MWh,PT15M,"US-CT,US-MA,US-ME,US-NH,US-RI,US-VT",isone_rtm,.Z.CONNECTICUT,isone:rt_lmp_5min,https://www.iso-ne.com/isoexpress/web/reports/pricing/-/tree/lmps-rt-five-min-final,2026-09-25T20:08:36Z,
isone:.Z.CONNECTICUT,lmp_rtm_15m_mean,2026-09-24T20:45:00Z,23.9133,USD/MWh,PT15M,"US-CT,US-MA,US-ME,US-NH,US-RI,US-VT",isone_rtm,.Z.CONNECTICUT,isone:rt_lmp_5min,https://www.iso-ne.com/isoexpress/web/reports/pricing/-/tree/lmps-rt-five-min-final,2026-09-25T20:08:36Z,
isone:.Z.CONNECTICUT,lmp_rtm_15m_mean,2026-09-24T21:00:00Z,22.39,USD/MWh,PT15M,"US-CT,US-MA,US-ME,US-NH,US-RI,US-VT",isone_rtm,.Z.CONNECTICUT,isone:rt_lmp_5min,https://www.iso-ne.com/isoexpress/web/reports/pricing/-/tree/lmps-rt-five-min-final,2026-09-25T20:08:36Z,
isone:.Z.CONNECTICUT,lmp_rtm_15m_mean,2026-09-24T21:15:00Z,22.1,USD/MWh,PT15M,"US-CT,US-MA,US-ME,US-NH,US-RI,US-VT",isone_rtm,.Z.CONNECTICUT,isone:rt_lmp_5min,https://www.iso-ne.com/isoexpress/web/reports/pricing/-/tree/lmps-rt-five-min-final,2026-09-25T20:08:36Z,
isone:.Z.CONNECTICUT,lmp_rtm_15m_mean,2026-09-24T21:30:00Z,28.89,USD/MWh,PT15M,"US-CT,US-MA,US-ME,US-NH,US-RI,US-VT",isone_rtm,.Z.CONNECTICUT,isone:rt_lmp_5min,https://www.iso-ne.com/isoexpress/web/reports/pricing/-/tree/lmps-rt-five-min-final,2026-09-25T20:08:36Z,
isone:.Z.CONNECTICUT,lmp_rtm_15m_mean,2026-09-24T21:45:00Z,37.35,USD/MWh,PT15M,"US-CT,US-MA,US-ME,US-NH,US-RI,US-VT",isone_rtm,.Z.CONNECTICUT,isone:rt_lmp_5min,https://www.iso-ne.com/isoexpress/web/reports/pricing/-/tree/lmps-rt-five-min-final,2026-09-25T20:08:36Z,
isone:.Z.CONNECTICUT,lmp_rtm_15m_mean,2026-09-24T22:00:00Z,33.16,USD/MWh,PT15M,"US-CT,US-MA,US-ME,US-NH,US-RI,US-VT",isone_rtm,.Z.CONNECTICUT,isone:rt_lmp_5min,https://www.iso-ne.com/isoexpress/web/reports/pricing/-/tree/lmps-rt-five-min-final,2026-09-25T20:08:36Z,
isone:.Z.CONNECTICUT,lmp_rtm_15m_mean,2026-09-24T22:15:00Z,33.1167,USD/MWh,PT15M,"US-CT,US-MA,US-ME,US-NH,US-RI,US-VT",isone_rtm,.Z.CONNECTICUT,isone:rt_lmp_5min,https://www.iso-ne.com/isoexpress/web/reports/pricing/-/tree/lmps-rt-five-min-final,2026-09-25T20:08:36Z,
isone:.Z.CONNECTICUT,lmp_rtm_15m_mean,2026-09-24T22:30:00Z,45.39,USD/MWh,PT15M,"US-CT,US-MA,US-ME,US-NH,US-RI,US-VT",isone_rtm,.Z.CONNECTICUT,isone:rt_lmp_5min,https://www.iso-ne.com/isoexpress/web/reports/pricing/-/tree/lmps-rt-five-min-final,2026-09-25T20:08:36Z,
isone:.Z.CONNECTICUT,lmp_rtm_15m_mean,2026-09-24T22:45:00Z,47.13,USD/MWh,PT15M,"US-CT,US-MA,US-ME,US-NH,US-RI,US-VT",isone_rtm,.Z.CONNECTICUT,isone:rt_lmp_5min,https://www.iso-ne.com/isoexpress/web/reports/pricing/-/tree/lmps-rt-five-min-final,2026-09-25T20:08:36Z,
isone:.Z.CONNECTICUT,lmp_rtm_15m_mean,2026-09-24T23:00:00Z,37.8533,USD/MWh,PT15M,"US-CT,US-MA,US-ME,US-NH,US-RI,US-VT",isone_rtm,.Z.CONNECTICUT,isone:rt_lmp_5min,https://www.iso-ne.com/isoexpress/web/reports/pricing/-/tree/lmps-rt-five-min-final,2026-09-25T20:08:36Z,
isone:.Z.CONNECTICUT,lmp_rtm_15m_mean,2026-09-24T23:15:00Z,36.93,USD/MWh,PT15M,"US-CT,US-MA,US-ME,US-NH,US-RI,US-VT",isone_rtm,.Z.CONNECTICUT,isone:rt_lmp_5min,https://www.iso-ne.com/isoexpress/web/reports/pricing/-/tree/lmps-rt-five-min-final,2026-09-25T20:08:36Z,
isone:.Z.CONNECTICUT,lmp_rtm_15m_mean,2026-09-24T23:30:00Z,36.5567,USD/MWh,PT15M,"US-CT,US-MA,US-ME,US-NH,US-RI,US-VT",isone_rtm,.Z.CONNECTICUT,isone:rt_lmp_5min,https://www.iso-ne.com/isoexpress/web/reports/pricing/-/tree/lmps-rt-five-min-final,2026-09-25T20:08:36Z,
isone:.Z.CONNECTICUT,lmp_rtm_15m_mean,2026-09-24T23:45:00Z,31.9933,USD/MWh,PT15M,"US-CT,US-MA,US-ME,US-NH,US-RI,US-VT",isone_rtm,.Z.CONNECTICUT,isone:rt_lmp_5min,https://www.iso-ne.com/isoexpress/web/reports/pricing/-/tree/lmps-rt-five-min-final,2026-09-25T20:08:36Z,
isone:.Z.CONNECTICUT,lmp_rtm_15m_mean,2026-09-25T00:00:00Z,36.1333,USD/MWh,PT15M,"US-CT,US-MA,US-ME,US-NH,US-RI,US-VT",isone_rtm,.Z.CONNECTICUT,isone:rt_lmp_5min,https://www.iso-ne.com/isoexpress/web/reports/pricing/-/tree/lmps-rt-five-min-final,2026-09-25T20:08:36Z,
isone:.Z.CONNECTICUT,lmp_rtm_15m_mean,2026-09-25T00:15:00Z,30.7,USD/MWh,PT15M,"US-CT,US-MA,US-ME,US-NH,US-RI,US-VT",isone_rtm,.Z.CONNECTICUT,isone:rt_lmp_5min,https://www.iso-ne.com/isoexpress/web/reports/pricing/-/tree/lmps-rt-five-min-final,2026-09-25T20:08:36Z,
isone:.Z.CONNECTICUT,lmp_rtm_15m_mean,2026-09-25T00:30:00Z,29.6433,USD/MWh,PT15M,"US-CT,US-MA,US-ME,US-NH,US-RI,US-VT",isone_rtm,.Z.CONNECTICUT,isone:rt_lmp_5min,https://www.iso-ne.com/isoexpress/web/reports/pricing/-/tree/lmps-rt-five-min-final,2026-09-25T20:08:36Z,
isone:.Z.CONNECTICUT,lmp_rtm_15m_mean,2026-09-25T00:45:00Z,28.2867,USD/MWh,PT15M,"US-CT,US-MA,US-ME,US-NH,US-RI,US-VT",isone_rtm,.Z.CONNECTICUT,isone:rt_lmp_5min,https://www.iso-ne.com/isoexpress/web/reports/pricing/-/tree/lmps-rt-five-min-final,2026-09-25T20:08:36Z,
isone:.Z.CONNECTICUT,lmp_rtm_15m_mean,2026-09-25T01:00:00Z,35.0133,USD/MWh,PT15M,"US-CT,US-MA,US-ME,US-NH,US-RI,US-VT",isone_rtm,.Z.CONNECTICUT,isone:rt_lmp_5min,https://www.iso-ne.com/isoexpress/web/reports/pricing/-/tree/lmps-rt-five-min-final,2026-09-25T20:08:36Z,
isone:.Z.CONNECTICUT,lmp_rtm_15m_mean,2026-09-25T01:15:00Z,28.8833,USD/MWh,PT15M,"US-CT,US-MA,US-ME,US-NH,US-RI,US-VT",isone_rtm,.Z.CONNECTICUT,isone:rt_lmp_5min,https://www.iso-ne.com/isoexpress/web/reports/pricing/-/tree/lmps-rt-five-min-final,2026-09-25T20:08:36Z,
isone:.Z.CONNECTICUT,lmp_rtm_15m_mean,2026-09-25T01:30:00Z,27.7767,USD/MWh,PT15M,"US-CT,US-MA,US-ME,US-NH,US-RI,US-VT",isone_rtm,.Z.CONNECTICUT,isone:rt_lmp_5min,https://www.iso-ne.com/isoexpress/web/reports/pricing/-/tree/lmps-rt-five-min-final,2026-09-25T20:08:36Z,
isone:.Z.CONNECTICUT,lmp_rtm_15m_mean,2026-09-25T01:45:00Z,26.94,USD/MWh,PT15M,"US-CT,US-MA,US-ME,US-NH,US-RI,US-VT",isone_rtm,.Z.CONNECTICUT,isone:rt_lmp_5min,https://www.iso-ne.com/isoexpress/web/reports/pricing/-/tree/lmps-rt-five-min-final,2026-09-25T20:08:36Z,
isone:.Z.CONNECTICUT,lmp_rtm_15m_mean,2026-09-25T02:00:00Z,29.8533,USD/MWh,PT15M,"US-CT,US-MA,US-ME,US-NH,US-RI,US-VT",isone_rtm,.Z.CONNECTICUT,isone:rt_lmp_5min,https://www.iso-ne.com/isoexpress/web/reports/pricing/-/tree/lmps-rt-five-min-final,2026-09-25T20:08:36Z,
isone:.Z.CONNECTICUT,lmp_rtm_15m_mean,2026-09-25T02:15:00Z,26.43,USD/MWh,PT15M,"US-CT,US-MA,US-ME,US-NH,US-RI,US-VT",isone_rtm,.Z.CONNECTICUT,isone:rt_lmp_5min,https://www.iso-ne.com/isoexpress/web/reports/pricing/-/tree/lmps-rt-five-min-final,2026-09-25T20:08:36Z,
isone:.Z.CONNECTICUT,lmp_rtm_15m_mean,2026-09-25T02:30:00Z,25.6633,USD/MWh,PT15M,"US-CT,US-MA,US-ME,US-NH,US-RI,US-VT",isone_rtm,.Z.CONNECTICUT,isone:rt_lmp_5min,https://www.iso-ne.com/isoexpress/web/reports/pricing/-/tree/lmps-rt-five-min-final,2026-09-25T20:08:36Z,
isone:.Z.CONNECTICUT,lmp_rtm_15m_mean,2026-09-25T02:45:00Z,25.6333,USD/MWh,PT15M,"US-CT,US-MA,US-ME,US-NH,US-RI,US-VT",isone_rtm,.Z.CONNECTICUT,isone:rt_lmp_5min,https://www.iso-ne.com/isoexpress/web/reports/pricing/-/tree/lmps-rt-five-min-final,2026-09-25T20:08:36Z,
isone:.Z.CONNECTICUT,lmp_rtm_15m_mean,2026-09-25T03:00:00Z,28.25,USD/MWh,PT15M,"US-CT,US-MA,US-ME,US-NH,US-RI,US-VT",isone_rtm,.Z.CONNECTICUT,isone:rt_lmp_5min,https://www.iso-ne.com/isoexpress/web/reports/pricing/-/tree/lmps-rt-five-min-final,2026-09-25T20:08:36Z,
isone:.Z.CONNECTICUT,lmp_rtm_15m_mean,2026-09-25T03:15:00Z,24.9267,USD/MWh,PT15M,"US-CT,US-MA,US-ME,US-NH,US-RI,US-VT",isone_rtm,.Z.CONNECTICUT,isone:rt_lmp_5min,https://www.iso-ne.com/isoexpress/web/reports/pricing/-/tree/lmps-rt-five-min-final,2026-09-25T20:08:36Z,
isone:.Z.CONNECTICUT,lmp_rtm_15m_mean,2026-09-25T03:30:00Z,24.2133,USD/MWh,PT15M,"US-CT,US-MA,US-ME,US-NH,US-RI,US-VT",isone_rtm,.Z.CONNECTICUT,isone:rt_lmp_5min,https://www.iso-ne.com/isoexpress/web/reports/pricing/-/tree/lmps-rt-five-min-final,2026-09-25T20:08:36Z,
isone:.Z.CONNECTICUT,lmp_rtm_15m_mean,2026-09-25T03:45:00Z,23.3033,USD/MWh,PT15M,"US-CT,US-MA,US-ME,US-NH,US-RI,US-VT",isone_rtm,.Z.CONNECTICUT,isone:rt_lmp_5min,https://www.iso-ne.com/isoexpress/web/reports/pricing/-/tree/lmps-rt-five-min-final,2026-09-25T20:08:36Z,
isone:.Z.MAINE,lmp_rtm_15m_mean,2026-09-22T04:00:00Z,23.35,USD/MWh,PT15M,"US-CT,US-MA,US-ME,US-NH,US-RI,US-VT",isone_rtm,.Z.MAINE,isone:rt_lmp_5min,https://www.iso-ne.com/isoexpress/web/reports/pricing/-/tree/lmps-rt-five-min-final,2026-09-25T20:08:05Z,
isone:.Z.MAINE,lmp_rtm_15m_mean,2026-09-22T04:15:00Z,30.0267,USD/MWh,PT15M,"US-CT,US-MA,US-ME,US-NH,US-RI,US-VT",isone_rtm,.Z.MAINE,isone:rt_lmp_5min,https://www.iso-ne.com/isoexpress/web/reports/pricing/-/tree/lmps-rt-five-min-final,2026-09-25T20:08:05Z,
isone:.Z.MAINE,lmp_rtm_15m_mean,2026-09-22T04:30:00Z,28.86,USD/MWh,PT15M,"US-CT,US-MA,US-ME,US-NH,US-RI,US-VT",isone_rtm,.Z.MAINE,isone:rt_lmp_5min,https://www.iso-ne.com/isoexpress/web/reports/pricing/-/tree/lmps-rt-five-min-final,2026-09-25T20:08:05Z,
isone:.Z.MAINE,lmp_rtm_15m_mean,2026-09-22T04:45:00Z,31.5767,USD/MWh,PT15M,"US-CT,US-MA,US-ME,US-NH,US-RI,US-VT",isone_rtm,.Z.MAINE,isone:rt_lmp_5min,https://www.iso-ne.com/isoexpress/web/reports/pricing/-/tree/lmps-rt-five-min-final,2026-09-25T20:08:05Z,
isone:.Z.MAINE,lmp_rtm_15m_mean,2026-09-22T05:00:00Z,29.9867,USD/MWh,PT15M,"US-CT,US-MA,US-ME,US-NH,US-RI,US-VT",isone_rtm,.Z.MAINE,isone:rt_lmp_5min,https://www.iso-ne.com/isoexpress/web/reports/pricing/-/tree/lmps-rt-five-min-final,2026-09-25T20:08:05Z,
isone:.Z.MAINE,lmp_rtm_15m_mean,2026-09-22T05:15:00Z,27.3833,USD/MWh,PT15M,"US-CT,US-MA,US-ME,US-NH,US-RI,US-VT",isone_rtm,.Z.MAINE,isone:rt_lmp_5min,https://www.iso-ne.com/isoexpress/web/reports/pricing/-/tree/lmps-rt-five-min-final,2026-09-25T20:08:05Z,
isone:.Z.MAINE,lmp_rtm_15m_mean,2026-09-22T05:30:00Z,26.6067,USD/MWh,PT15M,"US-CT,US-MA,US-ME,US-NH,US-RI,US-VT",isone_rtm,.Z.MAINE,isone:rt_lmp_5min,https://www.iso-ne.com/isoexpress/web/reports/pricing/-/tree/lmps-rt-five-min-final,2026-09-25T20:08:05Z,
isone:.Z.MAINE,lmp_rtm_15m_mean,2026-09-22T05:45:00Z,27.3867,USD/MWh,PT15M,"US-CT,US-MA,US-ME,US-NH,US-RI,US-VT",isone_rtm,.Z.MAINE,isone:rt_lmp_5min,https://www.iso-ne.com/isoexpress/web/reports/pricing/-/tree/lmps-rt-five-min-final,2026-09-25T20:08:05Z,
isone:.Z.MAINE,lmp_rtm_15m_mean,2026-09-22T06:00:00Z,26.2633,USD/MWh,PT15M,"US-CT,US-MA,US-ME,US-NH,US-RI,US-VT",isone_rtm,.Z.MAINE,isone:rt_lmp_5min,https://www.iso-ne.com/isoexpress/web/reports/pricing/-/tree/lmps-rt-five-min-final,2026-09-25T20:08:05Z,
isone:.Z.MAINE,lmp_rtm_15m_mean,2026-09-22T06:15:00Z,25.1533,USD/MWh,PT15M,"US-CT,US-MA,US-ME,US-NH,US-RI,US-VT",isone_rtm,.Z.MAINE,isone:rt_lmp_5min,https://www.iso-ne.com/isoexpress/web/reports/pricing/-/tree/lmps-rt-five-min-final,2026-09-25T20:08:05Z,
isone:.Z.MAINE,lmp_rtm_15m_mean,2026-09-22T06:30:00Z,26.3767,USD/MWh,PT15M,"US-CT,US-MA,US-ME,US-NH,US-RI,US-VT",isone_rtm,.Z.MAINE,isone:rt_lmp_5min,https://www.iso-ne.com/isoexpress/web/reports/pricing/-/tree/lmps-rt-five-min-final,2026-09-25T20:08:05Z,
isone:.Z.MAINE,lmp_rtm_15m_mean,2026-09-22T06:45:00Z,27.1067,USD/MWh,PT15M,"US-CT,US-MA,US-ME,US-NH,US-RI,US-VT",isone_rtm,.Z.MAINE,isone:rt_lmp_5min,https://www.iso-ne.com/isoexpress/web/reports/pricing/-/tree/lmps-rt-five-min-final,2026-09-25T20:08:05Z,
isone:.Z.MAINE,lmp_rtm_15m_mean,2026-09-22T07:00:00Z,26.3633,USD/MWh,PT15M,"US-CT,US-MA,US-ME,US-NH,US-RI,US-VT",isone_rtm,.Z.MAINE,isone:rt_lmp_5min,https://www.iso-ne.com/isoexpress/web/reports/pricing/-/tree/lmps-rt-five-min-final,2026-09-25T20:08:05Z,
isone:.Z.MAINE,lmp_rtm_15m_mean,2026-09-22T07:15:00Z,26.7533,USD/MWh,PT15M,"US-CT,US-MA,US-ME,US-NH,US-RI,US-VT",isone_rtm,.Z.MAINE,isone:rt_lmp_5min,https://www.iso-ne.com/isoexpress/web/reports/pricing/-/tree/lmps-rt-five-min-final,2026-09-25T20:08:05Z,
isone:.Z.MAINE,lmp_rtm_15m_mean,2026-09-22T07:30:00Z,27.3867,USD/MWh,PT15M,"US-CT,US-MA,US-ME,US-NH,US-RI,US-VT",isone_rtm,.Z.MAINE,isone:rt_lmp_5min,https://www.iso-ne.com/isoexpress/web/reports/pricing/-/tree/lmps-rt-five-min-final,2026-09-25T20:08:05Z,
isone:.Z.MAINE,lmp_rtm_15m_mean,2026-09-22T07:45:00Z,27.2833,USD/MWh,PT15M,"US-CT,US-MA,US-ME,US-NH,US-RI,US-VT",isone_rtm,.Z.MAINE,isone:rt_lmp_5min,https://www.iso-ne.com/isoexpress/web/reports/pricing/-/tree/lmps-rt-five-min-final,2026-09-25T20:08:05Z,
isone:.Z.MAINE,lmp_rtm_15m_mean,2026-09-22T08:00:00Z,26.7,USD/MWh,PT15M,"US-CT,US-MA,US-ME,US-NH,US-RI,US-VT",isone_rtm,.Z.MAINE,isone:rt_lmp_5min,https://www.iso-ne.com/isoexpress/web/reports/pricing/-/tree/lmps-rt-five-min-final,2026-09-25T20:08:05Z,
isone:.Z.MAINE,lmp_rtm_15m_mean,2026-09-22T08:15:00Z,26.64,USD/MWh,PT15M,"US-CT,US-MA,US-ME,US-NH,US-RI,US-VT",isone_rtm,.Z.MAINE,isone:rt_lmp_5min,https://www.iso-ne.com/isoexpress/web/reports/pricing/-/tree/lmps-rt-five-min-final,2026-09-25T20:08:05Z,
isone:.Z.MAINE,lmp_rtm_15m_mean,2026-09-22T08:30:00Z,27.23,USD/MWh,PT15M,"US-CT,US-MA,US-ME,US-NH,US-RI,US-VT",isone_rtm,.Z.MAINE,isone:rt_lmp_5min,https://www.iso-ne.com/isoexpress/web/reports/pricing/-/tree/lmps-rt-five-min-final,2026-09-25T20:08:05Z,
isone:.Z.MAINE,lmp_rtm_15m_mean,2026-09-22T08:45:00Z,28.22,USD/MWh,PT15M,"US-CT,US-MA,US-ME,US-NH,US-RI,US-VT",isone_rtm,.Z.MAINE,isone:rt_lmp_5min,https://www.iso-ne.com/isoexpress/web/reports/pricing/-/tree/lmps-rt-five-min-final,2026-09-25T20:08:05Z,
isone:.Z.MAINE,lmp_rtm_15m_mean,2026-09-22T09:00:00Z,26.4933,USD/MWh,PT15M,"US-CT,US-MA,US-ME,US-NH,US-RI,US-VT",isone_rtm,.Z.MAINE,isone:rt_lmp_5min,https://www.iso-ne.com/isoexpress/web/reports/pricing/-/tree/lmps-rt-five-min-final,2026-09-25T20:08:05Z,
isone:.Z.MAINE,lmp_rtm_15m_mean,2026-09-22T09:15:00Z,26.9467,USD/MWh,PT15M,"US-CT,US-MA,US-ME,US-NH,US-RI,US-VT",isone_rtm,.Z.MAINE,isone:rt_lmp_5min,https://www.iso-ne.com/isoexpress/web/reports/pricing/-/tree/lmps-rt-five-min-final,2026-09-25T20:08:05Z,
isone:.Z.MAINE,lmp_rtm_15m_mean,2026-09-22T09:30:00Z,28.0767,USD/MWh,PT15M,"US-CT,US-MA,US-ME,US-NH,US-RI,US-VT",isone_rtm,.Z.MAINE,isone:rt_lmp_5min,https://www.iso-ne.com/isoexpress/web/reports/pricing/-/tree/lmps-rt-five-min-final,2026-09-25T20:08:05Z,
isone:.Z.MAINE,lmp_rtm_15m_mean,2026-09-22T09:45:00Z,28.5033,USD/MWh,PT15M,"US-CT,US-MA,US-ME,US-NH,US-RI,US-VT",isone_rtm,.Z.MAINE,isone:rt_lmp_5min,https://www.iso-ne.com/isoexpress/web/reports/pricing/-/tree/lmps-rt-five-min-final,2026-09-25T20:08:05Z,
isone:.Z.MAINE,lmp_rtm_15m_mean,2026-09-22T10:00:00Z,24.26,USD/MWh,PT15M,"US-CT,US-MA,US-ME,US-NH,US-RI,US-VT",isone_rtm,.Z.MAINE,isone:rt_lmp_5min,https://www.iso-ne.com/isoexpress/web/reports/pricing/-/tree/lmps-rt-five-min-final,2026-09-25T20:08:05Z,
isone:.Z.MAINE,lmp_rtm_15m_mean,2026-09-22T10:15:00Z,26.5233,USD/MWh,PT15M,"US-CT,US-MA,US-ME,US-NH,US-RI,US-VT",isone_rtm,.Z.MAINE,isone:rt_lmp_5min,https://www.iso-ne.com/isoexpress/web/reports/pricing/-/tree/lmps-rt-five-min-final,2026-09-25T20:08:05Z,
isone:.Z.MAINE,lmp_rtm_15m_mean,2026-09-22T10:30:00Z,35.7533,USD/MWh,PT15M,"US-CT,US-MA,US-ME,US-NH,US-RI,US-VT",isone_rtm,.Z.MAINE,isone:rt_lmp_5min,https://www.iso-ne.com/isoexpress/web/reports/pricing/-/tree/lmps-rt-five-min-final,2026-09-25T20:08:05Z,
isone:.Z.MAINE,lmp_rtm_15m_mean,2026-09-22T10:45:00Z,45.7167,USD/MWh,PT15M,"US-CT,US-MA,US-ME,US-NH,US-RI,US-VT",isone_rtm,.Z.MAINE,isone:rt_lmp_5min,https://www.iso-ne.com/isoexpress/web/reports/pricing/-/tree/lmps-rt-five-min-final,2026-09-25T20:08:05Z,
isone:.Z.MAINE,lmp_rtm_15m_mean,2026-09-22T11:00:00Z,36.07,USD/MWh,PT15M,"US-CT,US-MA,US-ME,US-NH,US-RI,US-VT",isone_rtm,.Z.MAINE,isone:rt_lmp_5min,https://www.iso-ne.com/isoexpress/web/reports/pricing/-/tree/lmps-rt-five-min-final,2026-09-25T20:08:05Z,
isone:.Z.MAINE,lmp_rtm_15m_mean,2026-09-22T11:15:00Z,29.5133,USD/MWh,PT15M,"US-CT,US-MA,US-ME,US-NH,US-RI,US-VT",isone_rtm,.Z.MAINE,isone:rt_lmp_5min,https://www.iso-ne.com/isoexpress/web/reports/pricing/-/tree/lmps-rt-five-min-final,2026-09-25T20:08:05Z,
isone:.Z.MAINE,lmp_rtm_15m_mean,2026-09-22T11:30:00Z,27.2233,USD/MWh,PT15M,"US-CT,US-MA,US-ME,US-NH,US-RI,US-VT",isone_rtm,.Z.MAINE,isone:rt_lmp_5min,https://www.iso-ne.com/isoexpress/web/reports/pricing/-/tree/lmps-rt-five-min-final,2026-09-25T20:08:05Z,
isone:.Z.MAINE,lmp_rtm_15m_mean,2026-09-22T11:45:00Z,26.14,USD/MWh,PT15M,"US-CT,US-MA,US-ME,US-NH,US-RI,US-VT",isone_rtm,.Z.MAINE,isone:rt_lmp_5min,https://www.iso-ne.com/isoexpress/web/reports/pricing/-/tree/lmps-rt-five-min-final,2026-09-25T20:08:05Z,
isone:.Z.MAINE,lmp_rtm_15m_mean,2026-09-22T12:00:00Z,40.0633,USD/MWh,PT15M,"US-CT,US-MA,US-ME,US-NH,US-RI,US-VT",isone_rtm,.Z.MAINE,isone:rt_lmp_5min,https://www.iso-ne.com/isoexpress/web/reports/pricing/-/tree/lmps-rt-five-min-final,2026-09-25T20:08:05Z,
isone:.Z.MAINE,lmp_rtm_15m_mean,2026-09-22T12:15:00Z,25.91,USD/MWh,PT15M,"US-CT,US-MA,US-ME,US-NH,US-RI,US-VT",isone_rtm,.Z.MAINE,isone:rt_lmp_5min,https://www.iso-ne.com/isoexpress/web/reports/pricing/-/tree/lmps-rt-five-min-final,2026-09-25T20:08:05Z,
isone:.Z.MAINE,lmp_rtm_15m_mean,2026-09-22T12:30:00Z,24.4933,USD/MWh,PT15M,"US-CT,US-MA,US-ME,US-NH,US-RI,US-VT",isone_rtm,.Z.MAINE,isone:rt_lmp_5min,https://www.iso-ne.com/isoexpress/web/reports/pricing/-/tree/lmps-rt-five-min-final,2026-09-25T20:08:05Z,
isone:.Z.MAINE,lmp_rtm_15m_mean,2026-09-22T12:45:00Z,23.9633,USD/MWh,PT15M,"US-CT,US-MA,US-ME,US-NH,US-RI,US-VT",isone_rtm,.Z.MAINE,isone:rt_lmp_5min,https://www.iso-ne.com/isoexpress/web/reports/pricing/-/tree/lmps-rt-five-min-final,2026-09-25T20:08:05Z,
isone:.Z.MAINE,lmp_rtm_15m_mean,2026-09-22T13:00:00Z,23.7367,USD/MWh,PT15M,"US-CT,US-MA,US-ME,US-NH,US-RI,US-VT",isone_rtm,.Z.MAINE,isone:rt_lmp_5min,https://www.iso-ne.com/isoexpress/web/reports/pricing/-/tree/lmps-rt-five-min-final,2026-09-25T20:08:05Z,
isone:.Z.MAINE,lmp_rtm_15m_mean,2026-09-22T13:15:00Z,24.7033,USD/MWh,PT15M,"US-CT,US-MA,US-ME,US-NH,US-RI,US-VT",isone_rtm,.Z.MAINE,isone:rt_lmp_5min,https://www.iso-ne.com/isoexpress/web/reports/pricing/-/tree/lmps-rt-five-min-final,2026-09-25T20:08:05Z,
isone:.Z.MAINE,lmp_rtm_15m_mean,2026-09-22T13:30:00Z,25.1433,USD/MWh,PT15M,"US-CT,US-MA,US-ME,US-NH,US-RI,US-VT",isone_rtm,.Z.MAINE,isone:rt_lmp_5min,https://www.iso-ne.com/isoexpress/web/reports/pricing/-/tree/lmps-rt-five-min-final,2026-09-25T20:08:05Z,
isone:.Z.MAINE,lmp_rtm_15m_mean,2026-09-22T13:45:00Z,24.2833,USD/MWh,PT15M,"US-CT,US-MA,US-ME,US-NH,US-RI,US-VT",isone_rtm,.Z.MAINE,isone:rt_lmp_5min,https://www.iso-ne.com/isoexpress/web/reports/pricing/-/tree/lmps-rt-five-min-final,2026-09-25T20:08:05Z,
isone:.Z.MAINE,lmp_rtm_15m_mean,2026-09-22T14:00:00Z,26.3633,USD/MWh,PT15M,"US-CT,US-MA,US-ME,US-NH,US-RI,US-VT",isone_rtm,.Z.MAINE,isone:rt_lmp_5min,https://www.iso-ne.com/isoexpress/web/reports/pricing/-/tree/lmps-rt-five-min-final,2026-09-25T20:08:05Z,
isone:.Z.MAINE,lmp_rtm_15m_mean,2026-09-22T14:15:00Z,25.7567,USD/MWh,PT15M,"US-CT,US-MA,US-ME,US-NH,US-RI,US-VT",isone_rtm,.Z.MAINE,isone:rt_lmp_5min,https://www.iso-ne.com/isoexpress/web/reports/pricing/-/tree/lmps-rt-five-min-final,2026-09-25T20:08:05Z,
isone:.Z.MAINE,lmp_rtm_15m_mean,2026-09-22T14:30:00Z,25.3467,USD/MWh,PT15M,"US-CT,US-MA,US-ME,US-NH,US-RI,US-VT",isone_rtm,.Z.MAINE,isone:rt_lmp_5min,https://www.iso-ne.com/isoexpress/web/reports/pricing/-/tree/lmps-rt-five-min-final,2026-09-25T20:08:05Z,
isone:.Z.MAINE,lmp_rtm_15m_mean,2026-09-22T14:45:00Z,23.2933,USD/MWh,PT15M,"US-CT,US-MA,US-ME,US-NH,US-RI,US-VT",isone_rtm,.Z.MAINE,isone:rt_lmp_5min,https://www.iso-ne.com/isoexpress/web/reports/pricing/-/tree/lmps-rt-five-min-final,2026-09-25T20:08:05Z,
isone:.Z.MAINE,lmp_rtm_15m_mean,2026-09-22T15:00:00Z,15.46,USD/MWh,PT15M,"US-CT,US-MA,US-ME,US-NH,US-RI,US-VT",isone_rtm,.Z.MAINE,isone:rt_lmp_5min,https://www.iso-ne.com/isoexpress/web/reports/pricing/-/tree/lmps-rt-five-min-final,2026-09-25T20:08:05Z,
isone:.Z.MAINE,lmp_rtm_15m_mean,2026-09-22T15:15:00Z,22.2367,USD/MWh,PT15M,"US-CT,US-MA,US-ME,US-NH,US-RI,US-VT",isone_rtm,.Z.MAINE,isone:rt_lmp_5min,https://www.iso-ne.com/isoexpress/web/reports/pricing/-/tree/lmps-rt-five-min-final,2026-09-25T20:08:05Z,
isone:.Z.MAINE,lmp_rtm_15m_mean,2026-09-22T15:30:00Z,21.9667,USD/MWh,PT15M,"US-CT,US-MA,US-ME,US-NH,US-RI,US-VT",isone_rtm,.Z.MAINE,isone:rt_lmp_5min,https://www.iso-ne.com/isoexpress/web/reports/pricing/-/tree/lmps-rt-five-min-final,2026-09-25T20:08:05Z,
isone:.Z.MAINE,lmp_rtm_15m_mean,2026-09-22T15:45:00Z,21.7467,USD/MWh,PT15M,"US-CT,US-MA,US-ME,US-NH,US-RI,US-VT",isone_rtm,.Z.MAINE,isone:rt_lmp_5min,https://www.iso-ne.com/isoexpress/web/reports/pricing/-/tree/lmps-rt-five-min-final,2026-09-25T20:08:05Z,
isone:.Z.MAINE,lmp_rtm_15m_mean,2026-09-22T16:00:00Z,19.68,USD/MWh,PT15M,"US-CT,US-MA,US-ME,US-NH,US-RI,US-VT",isone_rtm,.Z.MAINE,isone:rt_lmp_5min,https://www.iso-ne.com/isoexpress/web/reports/pricing/-/tree/lmps-rt-five-min-final,2026-09-25T20:08:05Z,
isone:.Z.MAINE,lmp_rtm_15m_mean,2026-09-22T16:15:00Z,18.6767,USD/MWh,PT15M,"US-CT,US-MA,US-ME,US-NH,US-RI,US-VT",isone_rtm,.Z.MAINE,isone:rt_lmp_5min,https://www.iso-ne.com/isoexpress/web/reports/pricing/-/tree/lmps-rt-five-min-final,2026-09-25T20:08:05Z,
isone:.Z.MAINE,lmp_rtm_15m_mean,2026-09-22T16:30:00Z,18.9667,USD/MWh,PT15M,"US-CT,US-MA,US-ME,US-NH,US-RI,US-VT",isone_rtm,.Z.MAINE,isone:rt_lmp_5min,https://www.iso-ne.com/isoexpress/web/reports/pricing/-/tree/lmps-rt-five-min-final,2026-09-25T20:08:05Z,
isone:.Z.MAINE,lmp_rtm_15m_mean,2026-09-22T16:45:00Z,21.25,USD/MWh,PT15M,"US-CT,US-MA,US-ME,US-NH,US-RI,US-VT",isone_rtm,.Z.MAINE,isone:rt_lmp_5min,https://www.iso-ne.com/isoexpress/web/reports/pricing/-/tree/lmps-rt-five-min-final,2026-09-25T20:08:05Z,
isone:.Z.MAINE,lmp_rtm_15m_mean,2026-09-22T17:00:00Z,21.7633,USD/MWh,PT15M,"US-CT,US-MA,US-ME,US-NH,US-RI,US-VT",isone_rtm,.Z.MAINE,isone:rt_lmp_5min,https://www.iso-ne.com/isoexpress/web/reports/pricing/-/tree/lmps-rt-five-min-final,2026-09-25T20:08:05Z,
isone:.Z.MAINE,lmp_rtm_15m_mean,2026-09-22T17:15:00Z,22.94,USD/MWh,PT15M,"US-CT,US-MA,US-ME,US-NH,US-RI,US-VT",isone_rtm,.Z.MAINE,isone:rt_lmp_5min,https://www.iso-ne.com/isoexpress/web/reports/pricing/-/tree/lmps-rt-five-min-final,2026-09-25T20:08:05Z,
isone:.Z.MAINE,lmp_rtm_15m_mean,2026-09-22T17:30:00Z,25.2167,USD/MWh,PT15M,"US-CT,US-MA,US-ME,US-NH,US-RI,US-VT",isone_rtm,.Z.MAINE,isone:rt_lmp_5min,https://www.iso-ne.com/isoexpress/web/reports/pricing/-/tree/lmps-rt-five-min-final,2026-09-25T20:08:05Z,
isone:.Z.MAINE,lmp_rtm_15m_mean,2026-09-22T17:45:00Z,25.35,USD/MWh,PT15M,"US-CT,US-MA,US-ME,US-NH,US-RI,US-VT",isone_rtm,.Z.MAINE,isone:rt_lmp_5min,https://www.iso-ne.com/isoexpress/web/reports/pricing/-/tree/lmps-rt-five-min-final,2026-09-25T20:08:05Z,
isone:.Z.MAINE,lmp_rtm_15m_mean,2026-09-22T18:00:00Z,24.69,USD/MWh,PT15M,"US-CT,US-MA,US-ME,US-NH,US-RI,US-VT",isone_rtm,.Z.MAINE,isone:rt_lmp_5min,https://www.iso-ne.com/isoexpress/web/reports/pricing/-/tree/lmps-rt-five-min-final,2026-09-25T20:08:05Z,
isone:.Z.MAINE,lmp_rtm_15m_mean,2026-09-22T18:15:00Z,24.6333,USD/MWh,PT15M,"US-CT,US-MA,US-ME,US-NH,US-RI,US-VT",isone_rtm,.Z.MAINE,isone:rt_lmp_5min,https://www.iso-ne.com/isoexpress/web/reports/pricing/-/tree/lmps-rt-five-min-final,2026-09-25T20:08:05Z,
isone:.Z.MAINE,lmp_rtm_15m_mean,2026-09-22T18:30:00Z,23.71,USD/MWh,PT15M,"US-CT,US-MA,US-ME,US-NH,US-RI,US-VT",isone_rtm,.Z.MAINE,isone:rt_lmp_5min,https://www.iso-ne.com/isoexpress/web/reports/pricing/-/tree/lmps-rt-five-min-final,2026-09-25T20:08:05Z,
isone:.Z.MAINE,lmp_rtm_15m_mean,2026-09-22T18:45:00Z,23.7833,USD/MWh,PT15M,"US-CT,US-MA,US-ME,US-NH,US-RI,US-VT",isone_rtm,.Z.MAINE,isone:rt_lmp_5min,https://www.iso-ne.com/isoexpress/web/reports/pricing/-/tree/lmps-rt-five-min-final,2026-09-25T20:08:05Z,
isone:.Z.MAINE,lmp_rtm_15m_mean,2026-09-22T19:00:00Z,23.9033,USD/MWh,PT15M,"US-CT,US-MA,US-ME,US-NH,US-RI,US-VT",isone_rtm,.Z.MAINE,isone:rt_lmp_5min,https://www.iso-ne.com/isoexpress/web/reports/pricing/-/tree/lmps-rt-five-min-final,2026-09-25T20:08:05Z,
isone:.Z.MAINE,lmp_rtm_15m_mean,2026-09-22T19:15:00Z,25.0467,USD/MWh,PT15M,"US-CT,US-MA,US-ME,US-NH,US-RI,US-VT",isone_rtm,.Z.MAINE,isone:rt_lmp_5min,https://www.iso-ne.com/isoexpress/web/reports/pricing/-/tree/lmps-rt-five-min-final,2026-09-25T20:08:05Z,
isone:.Z.MAINE,lmp_rtm_15m_mean,2026-09-22T19:30:00Z,25.5633,USD/MWh,PT15M,"US-CT,US-MA,US-ME,US-NH,US-RI,US-VT",isone_rtm,.Z.MAINE,isone:rt_lmp_5min,https://www.iso-ne.com/isoexpress/web/reports/pricing/-/tree/lmps-rt-five-min-final,2026-09-25T20:08:05Z,
isone:.Z.MAINE,lmp_rtm_15m_mean,2026-09-22T19:45:00Z,26.08,USD/MWh,PT15M,"US-CT,US-MA,US-ME,US-NH,US-RI,US-VT",isone_rtm,.Z.MAINE,isone:rt_lmp_5min,https://www.iso-ne.com/isoexpress/web/reports/pricing/-/tree/lmps-rt-five-min-final,2026-09-25T20:08:05Z,
isone:.Z.MAINE,lmp_rtm_15m_mean,2026-09-22T20:00:00Z,22.89,USD/MWh,PT15M,"US-CT,US-MA,US-ME,US-NH,US-RI,US-VT",isone_rtm,.Z.MAINE,isone:rt_lmp_5min,https://www.iso-ne.com/isoexpress/web/reports/pricing/-/tree/lmps-rt-five-min-final,2026-09-25T20:08:05Z,
isone:.Z.MAINE,lmp_rtm_15m_mean,2026-09-22T20:15:00Z,23.0633,USD/MWh,PT15M,"US-CT,US-MA,US-ME,US-NH,US-RI,US-VT",isone_rtm,.Z.MAINE,isone:rt_lmp_5min,https://www.iso-ne.com/isoexpress/web/reports/pricing/-/tree/lmps-rt-five-min-final,2026-09-25T20:08:05Z,
isone:.Z.MAINE,lmp_rtm_15m_mean,2026-09-22T20:30:00Z,26.41,USD/MWh,PT15M,"US-CT,US-MA,US-ME,US-NH,US-RI,US-VT",isone_rtm,.Z.MAINE,isone:rt_lmp_5min,https://www.iso-ne.com/isoexpress/web/reports/pricing/-/tree/lmps-rt-five-min-final,2026-09-25T20:08:05Z,
isone:.Z.MAINE,lmp_rtm_15m_mean,2026-09-22T20:45:00Z,29.87,USD/MWh,PT15M,"US-CT,US-MA,US-ME,US-NH,US-RI,US-VT",isone_rtm,.Z.MAINE,isone:rt_lmp_5min,https://www.iso-ne.com/isoexpress/web/reports/pricing/-/tree/lmps-rt-five-min-final,2026-09-25T20:08:05Z,
isone:.Z.MAINE,lmp_rtm_15m_mean,2026-09-22T21:00:00Z,27.14,USD/MWh,PT15M,"US-CT,US-MA,US-ME,US-NH,US-RI,US-VT",isone_rtm,.Z.MAINE,isone:rt_lmp_5min,https://www.iso-ne.com/isoexpress/web/reports/pricing/-/tree/lmps-rt-five-min-final,2026-09-25T20:08:05Z,
isone:.Z.MAINE,lmp_rtm_15m_mean,2026-09-22T21:15:00Z,24.1767,USD/MWh,PT15M,"US-CT,US-MA,US-ME,US-NH,US-RI,US-VT",isone_rtm,.Z.MAINE,isone:rt_lmp_5min,https://www.iso-ne.com/isoexpress/web/reports/pricing/-/tree/lmps-rt-five-min-final,2026-09-25T20:08:05Z,
isone:.Z.MAINE,lmp_rtm_15m_mean,2026-09-22T21:30:00Z,27.3767,USD/MWh,PT15M,"US-CT,US-MA,US-ME,US-NH,US-RI,US-VT",isone_rtm,.Z.MAINE,isone:rt_lmp_5min,https://www.iso-ne.com/isoexpress/web/reports/pricing/-/tree/lmps-rt-five-min-final,2026-09-25T20:08:05Z,
isone:.Z.MAINE,lmp_rtm_15m_mean,2026-09-22T21:45:00Z,29.2067,USD/MWh,PT15M,"US-CT,US-MA,US-ME,US-NH,US-RI,US-VT",isone_rtm,.Z.MAINE,isone:rt_lmp_5min,https://www.iso-ne.com/isoexpress/web/reports/pricing/-/tree/lmps-rt-five-min-final,2026-09-25T20:08:05Z,
isone:.Z.MAINE,lmp_rtm_15m_mean,2026-09-22T22:00:00Z,27.5533,USD/MWh,PT15M,"US-CT,US-MA,US-ME,US-NH,US-RI,US-VT",isone_rtm,.Z.MAINE,isone:rt_lmp_5min,https://www.iso-ne.com/isoexpress/web/reports/pricing/-/tree/lmps-rt-five-min-final,2026-09-25T20:08:05Z,
isone:.Z.MAINE,lmp_rtm_15m_mean,2026-09-22T22:15:00Z,30.4467,USD/MWh,PT15M,"US-CT,US-MA,US-ME,US-NH,US-RI,US-VT",isone_rtm,.Z.MAINE,isone:rt_lmp_5min,https://www.iso-ne.com/isoexpress/web/reports/pricing/-/tree/lmps-rt-five-min-final,2026-09-25T20:08:05Z,
isone:.Z.MAINE,lmp_rtm_15m_mean,2026-09-22T22:30:00Z,32.7567,USD/MWh,PT15M,"US-CT,US-MA,US-ME,US-NH,US-RI,US-VT",isone_rtm,.Z.MAINE,isone:rt_lmp_5min,https://www.iso-ne.com/isoexpress/web/reports/pricing/-/tree/lmps-rt-five-min-final,2026-09-25T20:08:05Z,
isone:.Z.MAINE,lmp_rtm_15m_mean,2026-09-22T22:45:00Z,33.27,USD/MWh,PT15M,"US-CT,US-MA,US-ME,US-NH,US-RI,US-VT",isone_rtm,.Z.MAINE,isone:rt_lmp_5min,https://www.iso-ne.com/isoexpress/web/reports/pricing/-/tree/lmps-rt-five-min-final,2026-09-25T20:08:05Z,
isone:.Z.MAINE,lmp_rtm_15m_mean,2026-09-22T23:00:00Z,32.1667,USD/MWh,PT15M,"US-CT,US-MA,US-ME,US-NH,US-RI,US-VT",isone_rtm,.Z.MAINE,isone:rt_lmp_5min,https://www.iso-ne.com/isoexpress/web/reports/pricing/-/tree/lmps-rt-five-min-final,2026-09-25T20:08:05Z,
isone:.Z.MAINE,lmp_rtm_15m_mean,2026-09-22T23:15:00Z,29.3967,USD/MWh,PT15M,"US-CT,US-MA,US-ME,US-NH,US-RI,US-VT",isone_rtm,.Z.MAINE,isone:rt_lmp_5min,https://www.iso-ne.com/isoexpress/web/reports/pricing/-/tree/lmps-rt-five-min-final,2026-09-25T20:08:05Z,
isone:.Z.MAINE,lmp_rtm_15m_mean,2026-09-22T23:30:00Z,30.7633,USD/MWh,PT15M,"US-CT,US-MA,US-ME,US-NH,US-RI,US-VT",isone_rtm,.Z.MAINE,isone:rt_lmp_5min,https://www.iso-ne.com/isoexpress/web/reports/pricing/-/tree/lmps-rt-five-min-final,2026-09-25T20:08:05Z,
isone:.Z.MAINE,lmp_rtm_15m_mean,2026-09-22T23:45:00Z,30.1267,USD/MWh,PT15M,"US-CT,US-MA,US-ME,US-NH,US-RI,US-VT",isone_rtm,.Z.MAINE,isone:rt_lmp_5min,https://www.iso-ne.com/isoexpress/web/reports/pricing/-/tree/lmps-rt-five-min-final,2026-09-25T20:08:05Z,
isone:.Z.MAINE,lmp_rtm_15m_mean,2026-09-23T00:00:00Z,38.44,USD/MWh,PT15M,"US-CT,US-MA,US-ME,US-NH,US-RI,US-VT",isone_rtm,.Z.MAINE,isone:rt_lmp_5min,https://www.iso-ne.com/isoexpress/web/reports/pricing/-/tree/lmps-rt-five-min-final,2026-09-25T20:08:05Z,
isone:.Z.MAINE,lmp_rtm_15m_mean,2026-09-23T00:15:00Z,34.2567,USD/MWh,PT15M,"US-CT,US-MA,US-ME,US-NH,US-RI,US-VT",isone_rtm,.Z.MAINE,isone:rt_lmp_5min,https://www.iso-ne.com/isoexpress/web/reports/pricing/-/tree/lmps-rt-five-min-final,2026-09-25T20:08:05Z,
isone:.Z.MAINE,lmp_rtm_15m_mean,2026-09-23T00:30:00Z,28.79,USD/MWh,PT15M,"US-CT,US-MA,US-ME,US-NH,US-RI,US-VT",isone_rtm,.Z.MAINE,isone:rt_lmp_5min,https://www.iso-ne.com/isoexpress/web/reports/pricing/-/tree/lmps-rt-five-min-final,2026-09-25T20:08:05Z,
isone:.Z.MAINE,lmp_rtm_15m_mean,2026-09-23T00:45:00Z,28.3233,USD/MWh,PT15M,"US-CT,US-MA,US-ME,US-NH,US-RI,US-VT",isone_rtm,.Z.MAINE,isone:rt_lmp_5min,https://www.iso-ne.com/isoexpress/web/reports/pricing/-/tree/lmps-rt-five-min-final,2026-09-25T20:08:05Z,
isone:.Z.MAINE,lmp_rtm_15m_mean,2026-09-23T01:00:00Z,32.8733,USD/MWh,PT15M,"US-CT,US-MA,US-ME,US-NH,US-RI,US-VT",isone_rtm,.Z.MAINE,isone:rt_lmp_5min,https://www.iso-ne.com/isoexpress/web/reports/pricing/-/tree/lmps-rt-five-min-final,2026-09-25T20:08:05Z,
isone:.Z.MAINE,lmp_rtm_15m_mean,2026-09-23T01:15:00Z,29.6967,USD/MWh,PT15M,"US-CT,US-MA,US-ME,US-NH,US-RI,US-VT",isone_rtm,.Z.MAINE,isone:rt_lmp_5min,https://www.iso-ne.com/isoexpress/web/reports/pricing/-/tree/lmps-rt-five-min-final,2026-09-25T20:08:05Z,
isone:.Z.MAINE,lmp_rtm_15m_mean,2026-09-23T01:30:00Z,28.9367,USD/MWh,PT15M,"US-CT,US-MA,US-ME,US-NH,US-RI,US-VT",isone_rtm,.Z.MAINE,isone:rt_lmp_5min,https://www.iso-ne.com/isoexpress/web/reports/pricing/-/tree/lmps-rt-five-min-final,2026-09-25T20:08:05Z,
isone:.Z.MAINE,lmp_rtm_15m_mean,2026-09-23T01:45:00Z,27.0733,USD/MWh,PT15M,"US-CT,US-MA,US-ME,US-NH,US-RI,US-VT",isone_rtm,.Z.MAINE,isone:rt_lmp_5min,https://www.iso-ne.com/isoexpress/web/reports/pricing/-/tree/lmps-rt-five-min-final,2026-09-25T20:08:05Z,
isone:.Z.MAINE,lmp_rtm_15m_mean,2026-09-23T02:00:00Z,27.2867,USD/MWh,PT15M,"US-CT,US-MA,US-ME,US-NH,US-RI,US-VT",isone_rtm,.Z.MAINE,isone:rt_lmp_5min,https://www.iso-ne.com/isoexpress/web/reports/pricing/-/tree/lmps-rt-five-min-final,2026-09-25T20:08:05Z,
isone:.Z.MAINE,lmp_rtm_15m_mean,2026-09-23T02:15:00Z,26.9267,USD/MWh,PT15M,"US-CT,US-MA,US-ME,US-NH,US-RI,US-VT",isone_rtm,.Z.MAINE,isone:rt_lmp_5min,https://www.iso-ne.com/isoexpress/web/reports/pricing/-/tree/lmps-rt-five-min-final,2026-09-25T20:08:05Z,
isone:.Z.MAINE,lmp_rtm_15m_mean,2026-09-23T02:30:00Z,25.8067,USD/MWh,PT15M,"US-CT,US-MA,US-ME,US-NH,US-RI,US-VT",isone_rtm,.Z.MAINE,isone:rt_lmp_5min,https://www.iso-ne.com/isoexpress/web/reports/pricing/-/tree/lmps-rt-five-min-final,2026-09-25T20:08:05Z,
isone:.Z.MAINE,lmp_rtm_15m_mean,2026-09-23T02:45:00Z,23.0067,USD/MWh,PT15M,"US-CT,US-MA,US-ME,US-NH,US-RI,US-VT",isone_rtm,.Z.MAINE,isone:rt_lmp_5min,https://www.iso-ne.com/isoexpress/web/reports/pricing/-/tree/lmps-rt-five-min-final,2026-09-25T20:08:05Z,
isone:.Z.MAINE,lmp_rtm_15m_mean,2026-09-23T03:00:00Z,23.39,USD/MWh,PT15M,"US-CT,US-MA,US-ME,US-NH,US-RI,US-VT",isone_rtm,.Z.MAINE,isone:rt_lmp_5min,https://www.iso-ne.com/isoexpress/web/reports/pricing/-/tree/lmps-rt-five-min-final,2026-09-25T20:08:05Z,
isone:.Z.MAINE,lmp_rtm_15m_mean,2026-09-23T03:15:00Z,25.5733,USD/MWh,PT15M,"US-CT,US-MA,US-ME,US-NH,US-RI,US-VT",isone_rtm,.Z.MAINE,isone:rt_lmp_5min,https://www.iso-ne.com/isoexpress/web/reports/pricing/-/tree/lmps-rt-five-min-final,2026-09-25T20:08:05Z,
isone:.Z.MAINE,lmp_rtm_15m_mean,2026-09-23T03:30:00Z,24.7333,USD/MWh,PT15M,"US-CT,US-MA,US-ME,US-NH,US-RI,US-VT",isone_rtm,.Z.MAINE,isone:rt_lmp_5min,https://www.iso-ne.com/isoexpress/web/reports/pricing/-/tree/lmps-rt-five-min-final,2026-09-25T20:08:05Z,
isone:.Z.MAINE,lmp_rtm_15m_mean,2026-09-23T03:45:00Z,24.46,USD/MWh,PT15M,"US-CT,US-MA,US-ME,US-NH,US-RI,US-VT",isone_rtm,.Z.MAINE,isone:rt_lmp_5min,https://www.iso-ne.com/isoexpress/web/reports/pricing/-/tree/lmps-rt-five-min-final,2026-09-25T20:08:05Z,
isone:.Z.MAINE,lmp_rtm_15m_mean,2026-09-23T04:00:00Z,24.81,USD/MWh,PT15M,"US-CT,US-MA,US-ME,US-NH,US-RI,US-VT",isone_rtm,.Z.MAINE,isone:rt_lmp_5min,https://www.iso-ne.com/isoexpress/web/reports/pricing/-/tree/lmps-rt-five-min-final,2026-09-25T20:08:21Z,
isone:.Z.MAINE,lmp_rtm_15m_mean,2026-09-23T04:15:00Z,26.7067,USD/MWh,PT15M,"US-CT,US-MA,US-ME,US-NH,US-RI,US-VT",isone_rtm,.Z.MAINE,isone:rt_lmp_5min,https://www.iso-ne.com/isoexpress/web/reports/pricing/-/tree/lmps-rt-five-min-final,2026-09-25T20:08:21Z,
isone:.Z.MAINE,lmp_rtm_15m_mean,2026-09-23T04:30:00Z,26.06,USD/MWh,PT15M,"US-CT,US-MA,US-ME,US-NH,US-RI,US-VT",isone_rtm,.Z.MAINE,isone:rt_lmp_5min,https://www.iso-ne.com/isoexpress/web/reports/pricing/-/tree/lmps-rt-five-min-final,2026-09-25T20:08:21Z,
isone:.Z.MAINE,lmp_rtm_15m_mean,2026-09-23T04:45:00Z,24.0067,USD/MWh,PT15M,"US-CT,US-MA,US-ME,US-NH,US-RI,US-VT",isone_rtm,.Z.MAINE,isone:rt_lmp_5min,https://www.iso-ne.com/isoexpress/web/reports/pricing/-/tree/lmps-rt-five-min-final,2026-09-25T20:08:21Z,
isone:.Z.MAINE,lmp_rtm_15m_mean,2026-09-23T05:00:00Z,23.4367,USD/MWh,PT15M,"US-CT,US-MA,US-ME,US-NH,US-RI,US-VT",isone_rtm,.Z.MAINE,isone:rt_lmp_5min,https://www.iso-ne.com/isoexpress/web/reports/pricing/-/tree/lmps-rt-five-min-final,2026-09-25T20:08:21Z,
isone:.Z.MAINE,lmp_rtm_15m_mean,2026-09-23T05:15:00Z,22.8033,USD/MWh,PT15M,"US-CT,US-MA,US-ME,US-NH,US-RI,US-VT",isone_rtm,.Z.MAINE,isone:rt_lmp_5min,https://www.iso-ne.com/isoexpress/web/reports/pricing/-/tree/lmps-rt-five-min-final,2026-09-25T20:08:21Z,
isone:.Z.MAINE,lmp_rtm_15m_mean,2026-09-23T05:30:00Z,22.2967,USD/MWh,PT15M,"US-CT,US-MA,US-ME,US-NH,US-RI,US-VT",isone_rtm,.Z.MAINE,isone:rt_lmp_5min,https://www.iso-ne.com/isoexpress/web/reports/pricing/-/tree/lmps-rt-five-min-final,2026-09-25T20:08:21Z,
isone:.Z.MAINE,lmp_rtm_15m_mean,2026-09-23T05:45:00Z,21.87,USD/MWh,PT15M,"US-CT,US-MA,US-ME,US-NH,US-RI,US-VT",isone_rtm,.Z.MAINE,isone:rt_lmp_5min,https://www.iso-ne.com/isoexpress/web/reports/pricing/-/tree/lmps-rt-five-min-final,2026-09-25T20:08:21Z,
isone:.Z.MAINE,lmp_rtm_15m_mean,2026-09-23T06:00:00Z,21.93,USD/MWh,PT15M,"US-CT,US-MA,US-ME,US-NH,US-RI,US-VT",isone_rtm,.Z.MAINE,isone:rt_lmp_5min,https://www.iso-ne.com/isoexpress/web/reports/pricing/-/tree/lmps-rt-five-min-final,2026-09-25T20:08:21Z,
isone:.Z.MAINE,lmp_rtm_15m_mean,2026-09-23T06:15:00Z,22.5033,USD/MWh,PT15M,"US-CT,US-MA,US-ME,US-NH,US-RI,US-VT",isone_rtm,.Z.MAINE,isone:rt_lmp_5min,https://www.iso-ne.com/isoexpress/web/reports/pricing/-/tree/lmps-rt-five-min-final,2026-09-25T20:08:21Z,
isone:.Z.MAINE,lmp_rtm_15m_mean,2026-09-23T06:30:00Z,22.9367,USD/MWh,PT15M,"US-CT,US-MA,US-ME,US-NH,US-RI,US-VT",isone_rtm,.Z.MAINE,isone:rt_lmp_5min,https://www.iso-ne.com/isoexpress/web/reports/pricing/-/tree/lmps-rt-five-min-final,2026-09-25T20:08:21Z,
isone:.Z.MAINE,lmp_rtm_15m_mean,2026-09-23T06:45:00Z,22.7433,USD/MWh,PT15M,"US-CT,US-MA,US-ME,US-NH,US-RI,US-VT",isone_rtm,.Z.MAINE,isone:rt_lmp_5min,https://www.iso-ne.com/isoexpress/web/reports/pricing/-/tree/lmps-rt-five-min-final,2026-09-25T20:08:21Z,
isone:.Z.MAINE,lmp_rtm_15m_mean,2026-09-23T07:00:00Z,22.4067,USD/MWh,PT15M,"US-CT,US-MA,US-ME,US-NH,US-RI,US-VT",isone_rtm,.Z.MAINE,isone:rt_lmp_5min,https://www.iso-ne.com/isoexpress/web/reports/pricing/-/tree/lmps-rt-five-min-final,2026-09-25T20:08:21Z,
isone:.Z.MAINE,lmp_rtm_15m_mean,2026-09-23T07:15:00Z,22.46,USD/MWh,PT15M,"US-CT,US-MA,US-ME,US-NH,US-RI,US-VT",isone_rtm,.Z.MAINE,isone:rt_lmp_5min,https://www.iso-ne.com/isoexpress/web/reports/pricing/-/tree/lmps-rt-five-min-final,2026-09-25T20:08:21Z,
isone:.Z.MAINE,lmp_rtm_15m_mean,2026-09-23T07:30:00Z,22.9367,USD/MWh,PT15M,"US-CT,US-MA,US-ME,US-NH,US-RI,US-VT",isone_rtm,.Z.MAINE,isone:rt_lmp_5min,https://www.iso-ne.com/isoexpress/web/reports/pricing/-/tree/lmps-rt-five-min-final,2026-09-25T20:08:21Z,
isone:.Z.MAINE,lmp_rtm_15m_mean,2026-09-23T07:45:00Z,23.09,USD/MWh,PT15M,"US-CT,US-MA,US-ME,US-NH,US-RI,US-VT",isone_rtm,.Z.MAINE,isone:rt_lmp_5min,https://www.iso-ne.com/isoexpress/web/reports/pricing/-/tree/lmps-rt-five-min-final,2026-09-25T20:08:21Z,
isone:.Z.MAINE,lmp_rtm_15m_mean,2026-09-23T08:00:00Z,22.9933,USD/MWh,PT15M,"US-CT,US-MA,US-ME,US-NH,US-RI,US-VT",isone_rtm,.Z.MAINE,isone:rt_lmp_5min,https://www.iso-ne.com/isoexpress/web/reports/pricing/-/tree/lmps-rt-five-min-final,2026-09-25T20:08:21Z,
isone:.Z.MAINE,lmp_rtm_15m_mean,2026-09-23T08:15:00Z,22.7567,USD/MWh,PT15M,"US-CT,US-MA,US-ME,US-NH,US-RI,US-VT",isone_rtm,.Z.MAINE,isone:rt_lmp_5min,https://www.iso-ne.com/isoexpress/web/reports/pricing/-/tree/lmps-rt-five-min-final,2026-09-25T20:08:21Z,
isone:.Z.MAINE,lmp_rtm_15m_mean,2026-09-23T08:30:00Z,23.1067,USD/MWh,PT15M,"US-CT,US-MA,US-ME,US-NH,US-RI,US-VT",isone_rtm,.Z.MAINE,isone:rt_lmp_5min,https://www.iso-ne.com/isoexpress/web/reports/pricing/-/tree/lmps-rt-five-min-final,2026-09-25T20:08:21Z,
isone:.Z.MAINE,lmp_rtm_15m_mean,2026-09-23T08:45:00Z,23.2867,USD/MWh,PT15M,"US-CT,US-MA,US-ME,US-NH,US-RI,US-VT",isone_rtm,.Z.MAINE,isone:rt_lmp_5min,https://www.iso-ne.com/isoexpress/web/reports/pricing/-/tree/lmps-rt-five-min-final,2026-09-25T20:08:21Z,
isone:.Z.MAINE,lmp_rtm_15m_mean,2026-09-23T09:00:00Z,23.04,USD/MWh,PT15M,"US-CT,US-MA,US-ME,US-NH,US-RI,US-VT",isone_rtm,.Z.MAINE,isone:rt_lmp_5min,https://www.iso-ne.com/isoexpress/web/reports/pricing/-/tree/lmps-rt-five-min-final,2026-09-25T20:08:21Z,
isone:.Z.MAINE,lmp_rtm_15m_mean,2026-09-23T09:15:00Z,25.4533,USD/MWh,PT15M,"US-CT,US-MA,US-ME,US-NH,US-RI,US-VT",isone_rtm,.Z.MAINE,isone:rt_lmp_5min,https://www.iso-ne.com/isoexpress/web/reports/pricing/-/tree/lmps-rt-five-min-final,2026-09-25T20:08:21Z,
isone:.Z.MAINE,lmp_rtm_15m_mean,2026-09-23T09:30:00Z,30.93,USD/MWh,PT15M,"US-CT,US-MA,US-ME,US-NH,US-RI,US-VT",isone_rtm,.Z.MAINE,isone:rt_lmp_5min,https://www.iso-ne.com/isoexpress/web/reports/pricing/-/tree/lmps-rt-five-min-final,2026-09-25T20:08:21Z,
isone:.Z.MAINE,lmp_rtm_15m_mean,2026-09-23T09:45:00Z,35.1733,USD/MWh,PT15M,"US-CT,US-MA,US-ME,US-NH,US-RI,US-VT",isone_rtm,.Z.MAINE,isone:rt_lmp_5min,https://www.iso-ne.com/isoexpress/web/reports/pricing/-/tree/lmps-rt-five-min-final,2026-09-25T20:08:21Z,
isone:.Z.MAINE,lmp_rtm_15m_mean,2026-09-23T10:00:00Z,26.8367,USD/MWh,PT15M,"US-CT,US-MA,US-ME,US-NH,US-RI,US-VT",isone_rtm,.Z.MAINE,isone:rt_lmp_5min,https://www.iso-ne.com/isoexpress/web/reports/pricing/-/tree/lmps-rt-five-min-final,2026-09-25T20:08:21Z,
isone:.Z.MAINE,lmp_rtm_15m_mean,2026-09-23T10:15:00Z,28.4033,USD/MWh,PT15M,"US-CT,US-MA,US-ME,US-NH,US-RI,US-VT",isone_rtm,.Z.MAINE,isone:rt_lmp_5min,https://www.iso-ne.com/isoexpress/web/reports/pricing/-/tree/lmps-rt-five-min-final,2026-09-25T20:08:21Z,
isone:.Z.MAINE,lmp_rtm_15m_mean,2026-09-23T10:30:00Z,34.09,USD/MWh,PT15M,"US-CT,US-MA,US-ME,US-NH,US-RI,US-VT",isone_rtm,.Z.MAINE,isone:rt_lmp_5min,https://www.iso-ne.com/isoexpress/web/reports/pricing/-/tree/lmps-rt-five-min-final,2026-09-25T20:08:21Z,
isone:.Z.MAINE,lmp_rtm_15m_mean,2026-09-23T10:45:00Z,35.9067,USD/MWh,PT15M,"US-CT,US-MA,US-ME,US-NH,US-RI,US-VT",isone_rtm,.Z.MAINE,isone:rt_lmp_5min,https://www.iso-ne.com/isoexpress/web/reports/pricing/-/tree/lmps-rt-five-min-final,2026-09-25T20:08:21Z,
isone:.Z.MAINE,lmp_rtm_15m_mean,2026-09-23T11:00:00Z,27.7067,USD/MWh,PT15M,"US-CT,US-MA,US-ME,US-NH,US-RI,US-VT",isone_rtm,.Z.MAINE,isone:rt_lmp_5min,https://www.iso-ne.com/isoexpress/web/reports/pricing/-/tree/lmps-rt-five-min-final,2026-09-25T20:08:21Z,
isone:.Z.MAINE,lmp_rtm_15m_mean,2026-09-23T11:15:00Z,24.3,USD/MWh,PT15M,"US-CT,US-MA,US-ME,US-NH,US-RI,US-VT",isone_rtm,.Z.MAINE,isone:rt_lmp_5min,https://www.iso-ne.com/isoexpress/web/reports/pricing/-/tree/lmps-rt-five-min-final,2026-09-25T20:08:21Z,
isone:.Z.MAINE,lmp_rtm_15m_mean,2026-09-23T11:30:00Z,23.8,USD/MWh,PT15M,"US-CT,US-MA,US-ME,US-NH,US-RI,US-VT",isone_rtm,.Z.MAINE,isone:rt_lmp_5min,https://www.iso-ne.com/isoexpress/web/reports/pricing/-/tree/lmps-rt-five-min-final,2026-09-25T20:08:21Z,
isone:.Z.MAINE,lmp_rtm_15m_mean,2026-09-23T11:45:00Z,23.3233,USD/MWh,PT15M,"US-CT,US-MA,US-ME,US-NH,US-RI,US-VT",isone_rtm,.Z.MAINE,isone:rt_lmp_5min,https://www.iso-ne.com/isoexpress/web/reports/pricing/-/tree/lmps-rt-five-min-final,2026-09-25T20:08:21Z,
isone:.Z.MAINE,lmp_rtm_15m_mean,2026-09-23T12:00:00Z,32.3233,USD/MWh,PT15M,"US-CT,US-MA,US-ME,US-NH,US-RI,US-VT",isone_rtm,.Z.MAINE,isone:rt_lmp_5min,https://www.iso-ne.com/isoexpress/web/reports/pricing/-/tree/lmps-rt-five-min-final,2026-09-25T20:08:21Z,
isone:.Z.MAINE,lmp_rtm_15m_mean,2026-09-23T12:15:00Z,26.55,USD/MWh,PT15M,"US-CT,US-MA,US-ME,US-NH,US-RI,US-VT",isone_rtm,.Z.MAINE,isone:rt_lmp_5min,https://www.iso-ne.com/isoexpress/web/reports/pricing/-/tree/lmps-rt-five-min-final,2026-09-25T20:08:21Z,
isone:.Z.MAINE,lmp_rtm_15m_mean,2026-09-23T12:30:00Z,22.1967,USD/MWh,PT15M,"US-CT,US-MA,US-ME,US-NH,US-RI,US-VT",isone_rtm,.Z.MAINE,isone:rt_lmp_5min,https://www.iso-ne.com/isoexpress/web/reports/pricing/-/tree/lmps-rt-five-min-final,2026-09-25T20:08:21Z,
isone:.Z.MAINE,lmp_rtm_15m_mean,2026-09-23T12:45:00Z,14.0133,USD/MWh,PT15M,"US-CT,US-MA,US-ME,US-NH,US-RI,US-VT",isone_rtm,.Z.MAINE,isone:rt_lmp_5min,https://www.iso-ne.com/isoexpress/web/reports/pricing/-/tree/lmps-rt-five-min-final,2026-09-25T20:08:21Z,
isone:.Z.MAINE,lmp_rtm_15m_mean,2026-09-23T13:00:00Z,14.78,USD/MWh,PT15M,"US-CT,US-MA,US-ME,US-NH,US-RI,US-VT",isone_rtm,.Z.MAINE,isone:rt_lmp_5min,https://www.iso-ne.com/isoexpress/web/reports/pricing/-/tree/lmps-rt-five-min-final,2026-09-25T20:08:21Z,
isone:.Z.MAINE,lmp_rtm_15m_mean,2026-09-23T13:15:00Z,17.1967,USD/MWh,PT15M,"US-CT,US-MA,US-ME,US-NH,US-RI,US-VT",isone_rtm,.Z.MAINE,isone:rt_lmp_5min,https://www.iso-ne.com/isoexpress/web/reports/pricing/-/tree/lmps-rt-five-min-final,2026-09-25T20:08:21Z,
isone:.Z.MAINE,lmp_rtm_15m_mean,2026-09-23T13:30:00Z,14.7167,USD/MWh,PT15M,"US-CT,US-MA,US-ME,US-NH,US-RI,US-VT",isone_rtm,.Z.MAINE,isone:rt_lmp_5min,https://www.iso-ne.com/isoexpress/web/reports/pricing/-/tree/lmps-rt-five-min-final,2026-09-25T20:08:21Z,
isone:.Z.MAINE,lmp_rtm_15m_mean,2026-09-23T13:45:00Z,0.0467,USD/MWh,PT15M,"US-CT,US-MA,US-ME,US-NH,US-RI,US-VT",isone_rtm,.Z.MAINE,isone:rt_lmp_5min,https://www.iso-ne.com/isoexpress/web/reports/pricing/-/tree/lmps-rt-five-min-final,2026-09-25T20:08:21Z,
isone:.Z.MAINE,lmp_rtm_15m_mean,2026-09-23T14:00:00Z,14.7,USD/MWh,PT15M,"US-CT,US-MA,US-ME,US-NH,US-RI,US-VT",isone_rtm,.Z.MAINE,isone:rt_lmp_5min,https://www.iso-ne.com/isoexpress/web/reports/pricing/-/tree/lmps-rt-five-min-final,2026-09-25T20:08:21Z,
isone:.Z.MAINE,lmp_rtm_15m_mean,2026-09-23T14:15:00Z,22.15,USD/MWh,PT15M,"US-CT,US-MA,US-ME,US-NH,US-RI,US-VT",isone_rtm,.Z.MAINE,isone:rt_lmp_5min,https://www.iso-ne.com/isoexpress/web/reports/pricing/-/tree/lmps-rt-five-min-final,2026-09-25T20:08:21Z,
isone:.Z.MAINE,lmp_rtm_15m_mean,2026-09-23T14:30:00Z,3.5633,USD/MWh,PT15M,"US-CT,US-MA,US-ME,US-NH,US-RI,US-VT",isone_rtm,.Z.MAINE,isone:rt_lmp_5min,https://www.iso-ne.com/isoexpress/web/reports/pricing/-/tree/lmps-rt-five-min-final,2026-09-25T20:08:21Z,
isone:.Z.MAINE,lmp_rtm_15m_mean,2026-09-23T14:45:00Z,-32.7567,USD/MWh,PT15M,"US-CT,US-MA,US-ME,US-NH,US-RI,US-VT",isone_rtm,.Z.MAINE,isone:rt_lmp_5min,https://www.iso-ne.com/isoexpress/web/reports/pricing/-/tree/lmps-rt-five-min-final,2026-09-25T20:08:21Z,
isone:.Z.MAINE,lmp_rtm_15m_mean,2026-09-23T15:00:00Z,-34.9267,USD/MWh,PT15M,"US-CT,US-MA,US-ME,US-NH,US-RI,US-VT",isone_rtm,.Z.MAINE,isone:rt_lmp_5min,https://www.iso-ne.com/isoexpress/web/reports/pricing/-/tree/lmps-rt-five-min-final,2026-09-25T20:08:21Z,
isone:.Z.MAINE,lmp_rtm_15m_mean,2026-09-23T15:15:00Z,-0.8567,USD/MWh,PT15M,"US-CT,US-MA,US-ME,US-NH,US-RI,US-VT",isone_rtm,.Z.MAINE,isone:rt_lmp_5min,https://www.iso-ne.com/isoexpress/web/reports/pricing/-/tree/lmps-rt-five-min-final,2026-09-25T20:08:21Z,
isone:.Z.MAINE,lmp_rtm_15m_mean,2026-09-23T15:30:00Z,9.7067,USD/MWh,PT15M,"US-CT,US-MA,US-ME,US-NH,US-RI,US-VT",isone_rtm,.Z.MAINE,isone:rt_lmp_5min,https://www.iso-ne.com/isoexpress/web/reports/pricing/-/tree/lmps-rt-five-min-final,2026-09-25T20:08:21Z,
isone:.Z.MAINE,lmp_rtm_15m_mean,2026-09-23T15:45:00Z,3.2367,USD/MWh,PT15M,"US-CT,US-MA,US-ME,US-NH,US-RI,US-VT",isone_rtm,.Z.MAINE,isone:rt_lmp_5min,https://www.iso-ne.com/isoexpress/web/reports/pricing/-/tree/lmps-rt-five-min-final,2026-09-25T20:08:21Z,
isone:.Z.MAINE,lmp_rtm_15m_mean,2026-09-23T16:00:00Z,1.3967,USD/MWh,PT15M,"US-CT,US-MA,US-ME,US-NH,US-RI,US-VT",isone_rtm,.Z.MAINE,isone:rt_lmp_5min,https://www.iso-ne.com/isoexpress/web/reports/pricing/-/tree/lmps-rt-five-min-final,2026-09-25T20:08:21Z,
isone:.Z.MAINE,lmp_rtm_15m_mean,2026-09-23T16:15:00Z,20.97,USD/MWh,PT15M,"US-CT,US-MA,US-ME,US-NH,US-RI,US-VT",isone_rtm,.Z.MAINE,isone:rt_lmp_5min,https://www.iso-ne.com/isoexpress/web/reports/pricing/-/tree/lmps-rt-five-min-final,2026-09-25T20:08:21Z,
isone:.Z.MAINE,lmp_rtm_15m_mean,2026-09-23T16:30:00Z,12.7033,USD/MWh,PT15M,"US-CT,US-MA,US-ME,US-NH,US-RI,US-VT",isone_rtm,.Z.MAINE,isone:rt_lmp_5min,https://www.iso-ne.com/isoexpress/web/reports/pricing/-/tree/lmps-rt-five-min-final,2026-09-25T20:08:21Z,
isone:.Z.MAINE,lmp_rtm_15m_mean,2026-09-23T16:45:00Z,19.13,USD/MWh,PT15M,"US-CT,US-MA,US-ME,US-NH,US-RI,US-VT",isone_rtm,.Z.MAINE,isone:rt_lmp_5min,https://www.iso-ne.com/isoexpress/web/reports/pricing/-/tree/lmps-rt-five-min-final,2026-09-25T20:08:21Z,
isone:.Z.MAINE,lmp_rtm_15m_mean,2026-09-23T17:00:00Z,21.23,USD/MWh,PT15M,"US-CT,US-MA,US-ME,US-NH,US-RI,US-VT",isone_rtm,.Z.MAINE,isone:rt_lmp_5min,https://www.iso-ne.com/isoexpress/web/reports/pricing/-/tree/lmps-rt-five-min-final,2026-09-25T20:08:21Z,
isone:.Z.MAINE,lmp_rtm_15m_mean,2026-09-23T17:15:00Z,19.5167,USD/MWh,PT15M,"US-CT,US-MA,US-ME,US-NH,US-RI,US-VT",isone_rtm,.Z.MAINE,isone:rt_lmp_5min,https://www.iso-ne.com/isoexpress/web/reports/pricing/-/tree/lmps-rt-five-min-final,2026-09-25T20:08:21Z,
isone:.Z.MAINE,lmp_rtm_15m_mean,2026-09-23T17:30:00Z,21.11,USD/MWh,PT15M,"US-CT,US-MA,US-ME,US-NH,US-RI,US-VT",isone_rtm,.Z.MAINE,isone:rt_lmp_5min,https://www.iso-ne.com/isoexpress/web/reports/pricing/-/tree/lmps-rt-five-min-final,2026-09-25T20:08:21Z,
isone:.Z.MAINE,lmp_rtm_15m_mean,2026-09-23T17:45:00Z,21.7733,USD/MWh,PT15M,"US-CT,US-MA,US-ME,US-NH,US-RI,US-VT",isone_rtm,.Z.MAINE,isone:rt_lmp_5min,https://www.iso-ne.com/isoexpress/web/reports/pricing/-/tree/lmps-rt-five-min-final,2026-09-25T20:08:21Z,
isone:.Z.MAINE,lmp_rtm_15m_mean,2026-09-23T18:00:00Z,21.9967,USD/MWh,PT15M,"US-CT,US-MA,US-ME,US-NH,US-RI,US-VT",isone_rtm,.Z.MAINE,isone:rt_lmp_5min,https://www.iso-ne.com/isoexpress/web/reports/pricing/-/tree/lmps-rt-five-min-final,2026-09-25T20:08:21Z,
isone:.Z.MAINE,lmp_rtm_15m_mean,2026-09-23T18:15:00Z,21.35,USD/MWh,PT15M,"US-CT,US-MA,US-ME,US-NH,US-RI,US-VT",isone_rtm,.Z.MAINE,isone:rt_lmp_5min,https://www.iso-ne.com/isoexpress/web/reports/pricing/-/tree/lmps-rt-five-min-final,2026-09-25T20:08:21Z,
isone:.Z.MAINE,lmp_rtm_15m_mean,2026-09-23T18:30:00Z,21.39,USD/MWh,PT15M,"US-CT,US-MA,US-ME,US-NH,US-RI,US-VT",isone_rtm,.Z.MAINE,isone:rt_lmp_5min,https://www.iso-ne.com/isoexpress/web/reports/pricing/-/tree/lmps-rt-five-min-final,2026-09-25T20:08:21Z,
isone:.Z.MAINE,lmp_rtm_15m_mean,2026-09-23T18:45:00Z,21.7633,USD/MWh,PT15M,"US-CT,US-MA,US-ME,US-NH,US-RI,US-VT",isone_rtm,.Z.MAINE,isone:rt_lmp_5min,https://www.iso-ne.com/isoexpress/web/reports/pricing/-/tree/lmps-rt-five-min-final,2026-09-25T20:08:21Z,
isone:.Z.MAINE,lmp_rtm_15m_mean,2026-09-23T19:00:00Z,4.84,USD/MWh,PT15M,"US-CT,US-MA,US-ME,US-NH,US-RI,US-VT",isone_rtm,.Z.MAINE,isone:rt_lmp_5min,https://www.iso-ne.com/isoexpress/web/reports/pricing/-/tree/lmps-rt-five-min-final,2026-09-25T20:08:21Z,
isone:.Z.MAINE,lmp_rtm_15m_mean,2026-09-23T19:15:00Z,20.9633,USD/MWh,PT15M,"US-CT,US-MA,US-ME,US-NH,US-RI,US-VT",isone_rtm,.Z.MAINE,isone:rt_lmp_5min,https://www.iso-ne.com/isoexpress/web/reports/pricing/-/tree/lmps-rt-five-min-final,2026-09-25T20:08:21Z,
isone:.Z.MAINE,lmp_rtm_15m_mean,2026-09-23T19:30:00Z,23.2767,USD/MWh,PT15M,"US-CT,US-MA,US-ME,US-NH,US-RI,US-VT",isone_rtm,.Z.MAINE,isone:rt_lmp_5min,https://www.iso-ne.com/isoexpress/web/reports/pricing/-/tree/lmps-rt-five-min-final,2026-09-25T20:08:21Z,
isone:.Z.MAINE,lmp_rtm_15m_mean,2026-09-23T19:45:00Z,24.9533,USD/MWh,PT15M,"US-CT,US-MA,US-ME,US-NH,US-RI,US-VT",isone_rtm,.Z.MAINE,isone:rt_lmp_5min,https://www.iso-ne.com/isoexpress/web/reports/pricing/-/tree/lmps-rt-five-min-final,2026-09-25T20:08:21Z,
isone:.Z.MAINE,lmp_rtm_15m_mean,2026-09-23T20:00:00Z,-5.1833,USD/MWh,PT15M,"US-CT,US-MA,US-ME,US-NH,US-RI,US-VT",isone_rtm,.Z.MAINE,isone:rt_lmp_5min,https://www.iso-ne.com/isoexpress/web/reports/pricing/-/tree/lmps-rt-five-min-final,2026-09-25T20:08:21Z,
isone:.Z.MAINE,lmp_rtm_15m_mean,2026-09-23T20:15:00Z,-5.3333,USD/MWh,PT15M,"US-CT,US-MA,US-ME,US-NH,US-RI,US-VT",isone_rtm,.Z.MAINE,isone:rt_lmp_5min,https://www.iso-ne.com/isoexpress/web/reports/pricing/-/tree/lmps-rt-five-min-final,2026-09-25T20:08:21Z,
isone:.Z.MAINE,lmp_rtm_15m_mean,2026-09-23T20:30:00Z,25.2,USD/MWh,PT15M,"US-CT,US-MA,US-ME,US-NH,US-RI,US-VT",isone_rtm,.Z.MAINE,isone:rt_lmp_5min,https://www.iso-ne.com/isoexpress/web/reports/pricing/-/tree/lmps-rt-five-min-final,2026-09-25T20:08:21Z,
isone:.Z.MAINE,lmp_rtm_15m_mean,2026-09-23T20:45:00Z,28.56,USD/MWh,PT15M,"US-CT,US-MA,US-ME,US-NH,US-RI,US-VT",isone_rtm,.Z.MAINE,isone:rt_lmp_5min,https://www.iso-ne.com/isoexpress/web/reports/pricing/-/tree/lmps-rt-five-min-final,2026-09-25T20:08:21Z,
isone:.Z.MAINE,lmp_rtm_15m_mean,2026-09-23T21:00:00Z,23.6033,USD/MWh,PT15M,"US-CT,US-MA,US-ME,US-NH,US-RI,US-VT",isone_rtm,.Z.MAINE,isone:rt_lmp_5min,https://www.iso-ne.com/isoexpress/web/reports/pricing/-/tree/lmps-rt-five-min-final,2026-09-25T20:08:21Z,
isone:.Z.MAINE,lmp_rtm_15m_mean,2026-09-23T21:15:00Z,24.9433,USD/MWh,PT15M,"US-CT,US-MA,US-ME,US-NH,US-RI,US-VT",isone_rtm,.Z.MAINE,isone:rt_lmp_5min,https://www.iso-ne.com/isoexpress/web/reports/pricing/-/tree/lmps-rt-five-min-final,2026-09-25T20:08:21Z,
isone:.Z.MAINE,lmp_rtm_15m_mean,2026-09-23T21:30:00Z,30.0833,USD/MWh,PT15M,"US-CT,US-MA,US-ME,US-NH,US-RI,US-VT",isone_rtm,.Z.MAINE,isone:rt_lmp_5min,https://www.iso-ne.com/isoexpress/web/reports/pricing/-/tree/lmps-rt-five-min-final,2026-09-25T20:08:21Z,
isone:.Z.MAINE,lmp_rtm_15m_mean,2026-09-23T21:45:00Z,35.58,USD/MWh,PT15M,"US-CT,US-MA,US-ME,US-NH,US-RI,US-VT",isone_rtm,.Z.MAINE,isone:rt_lmp_5min,https://www.iso-ne.com/isoexpress/web/reports/pricing/-/tree/lmps-rt-five-min-final,2026-09-25T20:08:21Z,
isone:.Z.MAINE,lmp_rtm_15m_mean,2026-09-23T22:00:00Z,34.8633,USD/MWh,PT15M,"US-CT,US-MA,US-ME,US-NH,US-RI,US-VT",isone_rtm,.Z.MAINE,isone:rt_lmp_5min,https://www.iso-ne.com/isoexpress/web/reports/pricing/-/tree/lmps-rt-five-min-final,2026-09-25T20:08:21Z,
isone:.Z.MAINE,lmp_rtm_15m_mean,2026-09-23T22:15:00Z,43.6267,USD/MWh,PT15M,"US-CT,US-MA,US-ME,US-NH,US-RI,US-VT",isone_rtm,.Z.MAINE,isone:rt_lmp_5min,https://www.iso-ne.com/isoexpress/web/reports/pricing/-/tree/lmps-rt-five-min-final,2026-09-25T20:08:21Z,
isone:.Z.MAINE,lmp_rtm_15m_mean,2026-09-23T22:30:00Z,46.7933,USD/MWh,PT15M,"US-CT,US-MA,US-ME,US-NH,US-RI,US-VT",isone_rtm,.Z.MAINE,isone:rt_lmp_5min,https://www.iso-ne.com/isoexpress/web/reports/pricing/-/tree/lmps-rt-five-min-final,2026-09-25T20:08:21Z,
isone:.Z.MAINE,lmp_rtm_15m_mean,2026-09-23T22:45:00Z,48.2567,USD/MWh,PT15M,"US-CT,US-MA,US-ME,US-NH,US-RI,US-VT",isone_rtm,.Z.MAINE,isone:rt_lmp_5min,https://www.iso-ne.com/isoexpress/web/reports/pricing/-/tree/lmps-rt-five-min-final,2026-09-25T20:08:21Z,
isone:.Z.MAINE,lmp_rtm_15m_mean,2026-09-23T23:00:00Z,49.15,USD/MWh,PT15M,"US-CT,US-MA,US-ME,US-NH,US-RI,US-VT",isone_rtm,.Z.MAINE,isone:rt_lmp_5min,https://www.iso-ne.com/isoexpress/web/reports/pricing/-/tree/lmps-rt-five-min-final,2026-09-25T20:08:21Z,
isone:.Z.MAINE,lmp_rtm_15m_mean,2026-09-23T23:15:00Z,42.1867,USD/MWh,PT15M,"US-CT,US-MA,US-ME,US-NH,US-RI,US-VT",isone_rtm,.Z.MAINE,isone:rt_lmp_5min,https://www.iso-ne.com/isoexpress/web/reports/pricing/-/tree/lmps-rt-five-min-final,2026-09-25T20:08:21Z,
isone:.Z.MAINE,lmp_rtm_15m_mean,2026-09-23T23:30:00Z,44.48,USD/MWh,PT15M,"US-CT,US-MA,US-ME,US-NH,US-RI,US-VT",isone_rtm,.Z.MAINE,isone:rt_lmp_5min,https://www.iso-ne.com/isoexpress/web/reports/pricing/-/tree/lmps-rt-five-min-final,2026-09-25T20:08:21Z,
isone:.Z.MAINE,lmp_rtm_15m_mean,2026-09-23T23:45:00Z,33.0767,USD/MWh,PT15M,"US-CT,US-MA,US-ME,US-NH,US-RI,US-VT",isone_rtm,.Z.MAINE,isone:rt_lmp_5min,https://www.iso-ne.com/isoexpress/web/reports/pricing/-/tree/lmps-rt-five-min-final,2026-09-25T20:08:21Z,
isone:.Z.MAINE,lmp_rtm_15m_mean,2026-09-24T00:00:00Z,38.2133,USD/MWh,PT15M,"US-CT,US-MA,US-ME,US-NH,US-RI,US-VT",isone_rtm,.Z.MAINE,isone:rt_lmp_5min,https://www.iso-ne.com/isoexpress/web/reports/pricing/-/tree/lmps-rt-five-min-final,2026-09-25T20:08:21Z,
isone:.Z.MAINE,lmp_rtm_15m_mean,2026-09-24T00:15:00Z,34.0433,USD/MWh,PT15M,"US-CT,US-MA,US-ME,US-NH,US-RI,US-VT",isone_rtm,.Z.MAINE,isone:rt_lmp_5min,https://www.iso-ne.com/isoexpress/web/reports/pricing/-/tree/lmps-rt-five-min-final,2026-09-25T20:08:21Z,
isone:.Z.MAINE,lmp_rtm_15m_mean,2026-09-24T00:30:00Z,31.62,USD/MWh,PT15M,"US-CT,US-MA,US-ME,US-NH,US-RI,US-VT",isone_rtm,.Z.MAINE,isone:rt_lmp_5min,https://www.iso-ne.com/isoexpress/web/reports/pricing/-/tree/lmps-rt-five-min-final,2026-09-25T20:08:21Z,
isone:.Z.MAINE,lmp_rtm_15m_mean,2026-09-24T00:45:00Z,29.31,USD/MWh,PT15M,"US-CT,US-MA,US-ME,US-NH,US-RI,US-VT",isone_rtm,.Z.MAINE,isone:rt_lmp_5min,https://www.iso-ne.com/isoexpress/web/reports/pricing/-/tree/lmps-rt-five-min-final,2026-09-25T20:08:21Z,
isone:.Z.MAINE,lmp_rtm_15m_mean,2026-09-24T01:00:00Z,43.25,USD/MWh,PT15M,"US-CT,US-MA,US-ME,US-NH,US-RI,US-VT",isone_rtm,.Z.MAINE,isone:rt_lmp_5min,https://www.iso-ne.com/isoexpress/web/reports/pricing/-/tree/lmps-rt-five-min-final,2026-09-25T20:08:21Z,
isone:.Z.MAINE,lmp_rtm_15m_mean,2026-09-24T01:15:00Z,31.7867,USD/MWh,PT15M,"US-CT,US-MA,US-ME,US-NH,US-RI,US-VT",isone_rtm,.Z.MAINE,isone:rt_lmp_5min,https://www.iso-ne.com/isoexpress/web/reports/pricing/-/tree/lmps-rt-five-min-final,2026-09-25T20:08:21Z,
isone:.Z.MAINE,lmp_rtm_15m_mean,2026-09-24T01:30:00Z,30.9167,USD/MWh,PT15M,"US-CT,US-MA,US-ME,US-NH,US-RI,US-VT",isone_rtm,.Z.MAINE,isone:rt_lmp_5min,https://www.iso-ne.com/isoexpress/web/reports/pricing/-/tree/lmps-rt-five-min-final,2026-09-25T20:08:21Z,
isone:.Z.MAINE,lmp_rtm_15m_mean,2026-09-24T01:45:00Z,29.36,USD/MWh,PT15M,"US-CT,US-MA,US-ME,US-NH,US-RI,US-VT",isone_rtm,.Z.MAINE,isone:rt_lmp_5min,https://www.iso-ne.com/isoexpress/web/reports/pricing/-/tree/lmps-rt-five-min-final,2026-09-25T20:08:21Z,
isone:.Z.MAINE,lmp_rtm_15m_mean,2026-09-24T02:00:00Z,51.95,USD/MWh,PT15M,"US-CT,US-MA,US-ME,US-NH,US-RI,US-VT",isone_rtm,.Z.MAINE,isone:rt_lmp_5min,https://www.iso-ne.com/isoexpress/web/reports/pricing/-/tree/lmps-rt-five-min-final,2026-09-25T20:08:21Z,
isone:.Z.MAINE,lmp_rtm_15m_mean,2026-09-24T02:15:00Z,37.9567,USD/MWh,PT15M,"US-CT,US-MA,US-ME,US-NH,US-RI,US-VT",isone_rtm,.Z.MAINE,isone:rt_lmp_5min,https://www.iso-ne.com/isoexpress/web/reports/pricing/-/tree/lmps-rt-five-min-final,2026-09-25T20:08:21Z,
isone:.Z.MAINE,lmp_rtm_15m_mean,2026-09-24T02:30:00Z,30.3367,USD/MWh,PT15M,"US-CT,US-MA,US-ME,US-NH,US-RI,US-VT",isone_rtm,.Z.MAINE,isone:rt_lmp_5min,https://www.iso-ne.com/isoexpress/web/reports/pricing/-/tree/lmps-rt-five-min-final,2026-09-25T20:08:21Z,
isone:.Z.MAINE,lmp_rtm_15m_mean,2026-09-24T02:45:00Z,29.0267,USD/MWh,PT15M,"US-CT,US-MA,US-ME,US-NH,US-RI,US-VT",isone_rtm,.Z.MAINE,isone:rt_lmp_5min,https://www.iso-ne.com/isoexpress/web/reports/pricing/-/tree/lmps-rt-five-min-final,2026-09-25T20:08:21Z,
isone:.Z.MAINE,lmp_rtm_15m_mean,2026-09-24T03:00:00Z,29.84,USD/MWh,PT15M,"US-CT,US-MA,US-ME,US-NH,US-RI,US-VT",isone_rtm,.Z.MAINE,isone:rt_lmp_5min,https://www.iso-ne.com/isoexpress/web/reports/pricing/-/tree/lmps-rt-five-min-final,2026-09-25T20:08:21Z,
isone:.Z.MAINE,lmp_rtm_15m_mean,2026-09-24T03:15:00Z,29.9933,USD/MWh,PT15M,"US-CT,US-MA,US-ME,US-NH,US-RI,US-VT",isone_rtm,.Z.MAINE,isone:rt_lmp_5min,https://www.iso-ne.com/isoexpress/web/reports/pricing/-/tree/lmps-rt-five-min-final,2026-09-25T20:08:21Z,
isone:.Z.MAINE,lmp_rtm_15m_mean,2026-09-24T03:30:00Z,27.0733,USD/MWh,PT15M,"US-CT,US-MA,US-ME,US-NH,US-RI,US-VT",isone_rtm,.Z.MAINE,isone:rt_lmp_5min,https://www.iso-ne.com/isoexpress/web/reports/pricing/-/tree/lmps-rt-five-min-final,2026-09-25T20:08:21Z,
isone:.Z.MAINE,lmp_rtm_15m_mean,2026-09-24T03:45:00Z,25.04,USD/MWh,PT15M,"US-CT,US-MA,US-ME,US-NH,US-RI,US-VT",isone_rtm,.Z.MAINE,isone:rt_lmp_5min,https://www.iso-ne.com/isoexpress/web/reports/pricing/-/tree/lmps-rt-five-min-final,2026-09-25T20:08:21Z,
isone:.Z.MAINE,lmp_rtm_15m_mean,2026-09-24T04:00:00Z,26.4733,USD/MWh,PT15M,"US-CT,US-MA,US-ME,US-NH,US-RI,US-VT",isone_rtm,.Z.MAINE,isone:rt_lmp_5min,https://www.iso-ne.com/isoexpress/web/reports/pricing/-/tree/lmps-rt-five-min-final,2026-09-25T20:08:36Z,
isone:.Z.MAINE,lmp_rtm_15m_mean,2026-09-24T04:15:00Z,26.92,USD/MWh,PT15M,"US-CT,US-MA,US-ME,US-NH,US-RI,US-VT",isone_rtm,.Z.MAINE,isone:rt_lmp_5min,https://www.iso-ne.com/isoexpress/web/reports/pricing/-/tree/lmps-rt-five-min-final,2026-09-25T20:08:36Z,
isone:.Z.MAINE,lmp_rtm_15m_mean,2026-09-24T04:30:00Z,26.06,USD/MWh,PT15M,"US-CT,US-MA,US-ME,US-NH,US-RI,US-VT",isone_rtm,.Z.MAINE,isone:rt_lmp_5min,https://www.iso-ne.com/isoexpress/web/reports/pricing/-/tree/lmps-rt-five-min-final,2026-09-25T20:08:36Z,
isone:.Z.MAINE,lmp_rtm_15m_mean,2026-09-24T04:45:00Z,25.34,USD/MWh,PT15M,"US-CT,US-MA,US-ME,US-NH,US-RI,US-VT",isone_rtm,.Z.MAINE,isone:rt_lmp_5min,https://www.iso-ne.com/isoexpress/web/reports/pricing/-/tree/lmps-rt-five-min-final,2026-09-25T20:08:36Z,
isone:.Z.MAINE,lmp_rtm_15m_mean,2026-09-24T05:00:00Z,25.78,USD/MWh,PT15M,"US-CT,US-MA,US-ME,US-NH,US-RI,US-VT",isone_rtm,.Z.MAINE,isone:rt_lmp_5min,https://www.iso-ne.com/isoexpress/web/reports/pricing/-/tree/lmps-rt-five-min-final,2026-09-25T20:08:36Z,
isone:.Z.MAINE,lmp_rtm_15m_mean,2026-09-24T05:15:00Z,26.84,USD/MWh,PT15M,"US-CT,US-MA,US-ME,US-NH,US-RI,US-VT",isone_rtm,.Z.MAINE,isone:rt_lmp_5min,https://www.iso-ne.com/isoexpress/web/reports/pricing/-/tree/lmps-rt-five-min-final,2026-09-25T20:08:36Z,
isone:.Z.MAINE,lmp_rtm_15m_mean,2026-09-24T05:30:00Z,25.3733,USD/MWh,PT15M,"US-CT,US-MA,US-ME,US-NH,US-RI,US-VT",isone_rtm,.Z.MAINE,isone:rt_lmp_5min,https://www.iso-ne.com/isoexpress/web/reports/pricing/-/tree/lmps-rt-five-min-final,2026-09-25T20:08:36Z,
isone:.Z.MAINE,lmp_rtm_15m_mean,2026-09-24T05:45:00Z,25.1933,USD/MWh,PT15M,"US-CT,US-MA,US-ME,US-NH,US-RI,US-VT",isone_rtm,.Z.MAINE,isone:rt_lmp_5min,https://www.iso-ne.com/isoexpress/web/reports/pricing/-/tree/lmps-rt-five-min-final,2026-09-25T20:08:36Z,
isone:.Z.MAINE,lmp_rtm_15m_mean,2026-09-24T06:00:00Z,24.9433,USD/MWh,PT15M,"US-CT,US-MA,US-ME,US-NH,US-RI,US-VT",isone_rtm,.Z.MAINE,isone:rt_lmp_5min,https://www.iso-ne.com/isoexpress/web/reports/pricing/-/tree/lmps-rt-five-min-final,2026-09-25T20:08:36Z,
isone:.Z.MAINE,lmp_rtm_15m_mean,2026-09-24T06:15:00Z,24.4567,USD/MWh,PT15M,"US-CT,US-MA,US-ME,US-NH,US-RI,US-VT",isone_rtm,.Z.MAINE,isone:rt_lmp_5min,https://www.iso-ne.com/isoexpress/web/reports/pricing/-/tree/lmps-rt-five-min-final,2026-09-25T20:08:36Z,
isone:.Z.MAINE,lmp_rtm_15m_mean,2026-09-24T06:30:00Z,24.7133,USD/MWh,PT15M,"US-CT,US-MA,US-ME,US-NH,US-RI,US-VT",isone_rtm,.Z.MAINE,isone:rt_lmp_5min,https://www.iso-ne.com/isoexpress/web/reports/pricing/-/tree/lmps-rt-five-min-final,2026-09-25T20:08:36Z,
isone:.Z.MAINE,lmp_rtm_15m_mean,2026-09-24T06:45:00Z,24.4867,USD/MWh,PT15M,"US-CT,US-MA,US-ME,US-NH,US-RI,US-VT",isone_rtm,.Z.MAINE,isone:rt_lmp_5min,https://www.iso-ne.com/isoexpress/web/reports/pricing/-/tree/lmps-rt-five-min-final,2026-09-25T20:08:36Z,
isone:.Z.MAINE,lmp_rtm_15m_mean,2026-09-24T07:00:00Z,24.4033,USD/MWh,PT15M,"US-CT,US-MA,US-ME,US-NH,US-RI,US-VT",isone_rtm,.Z.MAINE,isone:rt_lmp_5min,https://www.iso-ne.com/isoexpress/web/reports/pricing/-/tree/lmps-rt-five-min-final,2026-09-25T20:08:36Z,
isone:.Z.MAINE,lmp_rtm_15m_mean,2026-09-24T07:15:00Z,24.7833,USD/MWh,PT15M,"US-CT,US-MA,US-ME,US-NH,US-RI,US-VT",isone_rtm,.Z.MAINE,isone:rt_lmp_5min,https://www.iso-ne.com/isoexpress/web/reports/pricing/-/tree/lmps-rt-five-min-final,2026-09-25T20:08:36Z,
isone:.Z.MAINE,lmp_rtm_15m_mean,2026-09-24T07:30:00Z,24.93,USD/MWh,PT15M,"US-CT,US-MA,US-ME,US-NH,US-RI,US-VT",isone_rtm,.Z.MAINE,isone:rt_lmp_5min,https://www.iso-ne.com/isoexpress/web/reports/pricing/-/tree/lmps-rt-five-min-final,2026-09-25T20:08:36Z,
isone:.Z.MAINE,lmp_rtm_15m_mean,2026-09-24T07:45:00Z,24.91,USD/MWh,PT15M,"US-CT,US-MA,US-ME,US-NH,US-RI,US-VT",isone_rtm,.Z.MAINE,isone:rt_lmp_5min,https://www.iso-ne.com/isoexpress/web/reports/pricing/-/tree/lmps-rt-five-min-final,2026-09-25T20:08:36Z,
isone:.Z.MAINE,lmp_rtm_15m_mean,2026-09-24T08:00:00Z,23.98,USD/MWh,PT15M,"US-CT,US-MA,US-ME,US-NH,US-RI,US-VT",isone_rtm,.Z.MAINE,isone:rt_lmp_5min,https://www.iso-ne.com/isoexpress/web/reports/pricing/-/tree/lmps-rt-five-min-final,2026-09-25T20:08:36Z,
isone:.Z.MAINE,lmp_rtm_15m_mean,2026-09-24T08:15:00Z,23.9233,USD/MWh,PT15M,"US-CT,US-MA,US-ME,US-NH,US-RI,US-VT",isone_rtm,.Z.MAINE,isone:rt_lmp_5min,https://www.iso-ne.com/isoexpress/web/reports/pricing/-/tree/lmps-rt-five-min-final,2026-09-25T20:08:36Z,
isone:.Z.MAINE,lmp_rtm_15m_mean,2026-09-24T08:30:00Z,24.0667,USD/MWh,PT15M,"US-CT,US-MA,US-ME,US-NH,US-RI,US-VT",isone_rtm,.Z.MAINE,isone:rt_lmp_5min,https://www.iso-ne.com/isoexpress/web/reports/pricing/-/tree/lmps-rt-five-min-final,2026-09-25T20:08:36Z,
isone:.Z.MAINE,lmp_rtm_15m_mean,2026-09-24T08:45:00Z,24.68,USD/MWh,PT15M,"US-CT,US-MA,US-ME,US-NH,US-RI,US-VT",isone_rtm,.Z.MAINE,isone:rt_lmp_5min,https://www.iso-ne.com/isoexpress/web/reports/pricing/-/tree/lmps-rt-five-min-final,2026-09-25T20:08:36Z,
isone:.Z.MAINE,lmp_rtm_15m_mean,2026-09-24T09:00:00Z,26.7733,USD/MWh,PT15M,"US-CT,US-MA,US-ME,US-NH,US-RI,US-VT",isone_rtm,.Z.MAINE,isone:rt_lmp_5min,https://www.iso-ne.com/isoexpress/web/reports/pricing/-/tree/lmps-rt-five-min-final,2026-09-25T20:08:36Z,
isone:.Z.MAINE,lmp_rtm_15m_mean,2026-09-24T09:15:00Z,32.74,USD/MWh,PT15M,"US-CT,US-MA,US-ME,US-NH,US-RI,US-VT",isone_rtm,.Z.MAINE,isone:rt_lmp_5min,https://www.iso-ne.com/isoexpress/web/reports/pricing/-/tree/lmps-rt-five-min-final,2026-09-25T20:08:36Z,
isone:.Z.MAINE,lmp_rtm_15m_mean,2026-09-24T09:30:00Z,32.66,USD/MWh,PT15M,"US-CT,US-MA,US-ME,US-NH,US-RI,US-VT",isone_rtm,.Z.MAINE,isone:rt_lmp_5min,https://www.iso-ne.com/isoexpress/web/reports/pricing/-/tree/lmps-rt-five-min-final,2026-09-25T20:08:36Z,
isone:.Z.MAINE,lmp_rtm_15m_mean,2026-09-24T09:45:00Z,35.2133,USD/MWh,PT15M,"US-CT,US-MA,US-ME,US-NH,US-RI,US-VT",isone_rtm,.Z.MAINE,isone:rt_lmp_5min,https://www.iso-ne.com/isoexpress/web/reports/pricing/-/tree/lmps-rt-five-min-final,2026-09-25T20:08:36Z,
isone:.Z.MAINE,lmp_rtm_15m_mean,2026-09-24T10:00:00Z,26.2,USD/MWh,PT15M,"US-CT,US-MA,US-ME,US-NH,US-RI,US-VT",isone_rtm,.Z.MAINE,isone:rt_lmp_5min,https://www.iso-ne.com/isoexpress/web/reports/pricing/-/tree/lmps-rt-five-min-final,2026-09-25T20:08:36Z,
isone:.Z.MAINE,lmp_rtm_15m_mean,2026-09-24T10:15:00Z,25.7233,USD/MWh,PT15M,"US-CT,US-MA,US-ME,US-NH,US-RI,US-VT",isone_rtm,.Z.MAINE,isone:rt_lmp_5min,https://www.iso-ne.com/isoexpress/web/reports/pricing/-/tree/lmps-rt-five-min-final,2026-09-25T20:08:36Z,
isone:.Z.MAINE,lmp_rtm_15m_mean,2026-09-24T10:30:00Z,30.3933,USD/MWh,PT15M,"US-CT,US-MA,US-ME,US-NH,US-RI,US-VT",isone_rtm,.Z.MAINE,isone:rt_lmp_5min,https://www.iso-ne.com/isoexpress/web/reports/pricing/-/tree/lmps-rt-five-min-final,2026-09-25T20:08:36Z,
isone:.Z.MAINE,lmp_rtm_15m_mean,2026-09-24T10:45:00Z,33.53,USD/MWh,PT15M,"US-CT,US-MA,US-ME,US-NH,US-RI,US-VT",isone_rtm,.Z.MAINE,isone:rt_lmp_5min,https://www.iso-ne.com/isoexpress/web/reports/pricing/-/tree/lmps-rt-five-min-final,2026-09-25T20:08:36Z,
isone:.Z.MAINE,lmp_rtm_15m_mean,2026-09-24T11:00:00Z,30.94,USD/MWh,PT15M,"US-CT,US-MA,US-ME,US-NH,US-RI,US-VT",isone_rtm,.Z.MAINE,isone:rt_lmp_5min,https://www.iso-ne.com/isoexpress/web/reports/pricing/-/tree/lmps-rt-five-min-final,2026-09-25T20:08:36Z,
isone:.Z.MAINE,lmp_rtm_15m_mean,2026-09-24T11:15:00Z,25.1067,USD/MWh,PT15M,"US-CT,US-MA,US-ME,US-NH,US-RI,US-VT",isone_rtm,.Z.MAINE,isone:rt_lmp_5min,https://www.iso-ne.com/isoexpress/web/reports/pricing/-/tree/lmps-rt-five-min-final,2026-09-25T20:08:36Z,
isone:.Z.MAINE,lmp_rtm_15m_mean,2026-09-24T11:30:00Z,24.9833,USD/MWh,PT15M,"US-CT,US-MA,US-ME,US-NH,US-RI,US-VT",isone_rtm,.Z.MAINE,isone:rt_lmp_5min,https://www.iso-ne.com/isoexpress/web/reports/pricing/-/tree/lmps-rt-five-min-final,2026-09-25T20:08:36Z,
isone:.Z.MAINE,lmp_rtm_15m_mean,2026-09-24T11:45:00Z,24.41,USD/MWh,PT15M,"US-CT,US-MA,US-ME,US-NH,US-RI,US-VT",isone_rtm,.Z.MAINE,isone:rt_lmp_5min,https://www.iso-ne.com/isoexpress/web/reports/pricing/-/tree/lmps-rt-five-min-final,2026-09-25T20:08:36Z,
isone:.Z.MAINE,lmp_rtm_15m_mean,2026-09-24T12:00:00Z,26.6667,USD/MWh,PT15M,"US-CT,US-MA,US-ME,US-NH,US-RI,US-VT",isone_rtm,.Z.MAINE,isone:rt_lmp_5min,https://www.iso-ne.com/isoexpress/web/reports/pricing/-/tree/lmps-rt-five-min-final,2026-09-25T20:08:36Z,
isone:.Z.MAINE,lmp_rtm_15m_mean,2026-09-24T12:15:00Z,31.8367,USD/MWh,PT15M,"US-CT,US-MA,US-ME,US-NH,US-RI,US-VT",isone_rtm,.Z.MAINE,isone:rt_lmp_5min,https://www.iso-ne.com/isoexpress/web/reports/pricing/-/tree/lmps-rt-five-min-final,2026-09-25T20:08:36Z,
isone:.Z.MAINE,lmp_rtm_15m_mean,2026-09-24T12:30:00Z,25.47,USD/MWh,PT15M,"US-CT,US-MA,US-ME,US-NH,US-RI,US-VT",isone_rtm,.Z.MAINE,isone:rt_lmp_5min,https://www.iso-ne.com/isoexpress/web/reports/pricing/-/tree/lmps-rt-five-min-final,2026-09-25T20:08:36Z,
isone:.Z.MAINE,lmp_rtm_15m_mean,2026-09-24T12:45:00Z,22.8867,USD/MWh,PT15M,"US-CT,US-MA,US-ME,US-NH,US-RI,US-VT",isone_rtm,.Z.MAINE,isone:rt_lmp_5min,https://www.iso-ne.com/isoexpress/web/reports/pricing/-/tree/lmps-rt-five-min-final,2026-09-25T20:08:36Z,
isone:.Z.MAINE,lmp_rtm_15m_mean,2026-09-24T13:00:00Z,20.8733,USD/MWh,PT15M,"US-CT,US-MA,US-ME,US-NH,US-RI,US-VT",isone_rtm,.Z.MAINE,isone:rt_lmp_5min,https://www.iso-ne.com/isoexpress/web/reports/pricing/-/tree/lmps-rt-five-min-final,2026-09-25T20:08:36Z,
isone:.Z.MAINE,lmp_rtm_15m_mean,2026-09-24T13:15:00Z,21.2867,USD/MWh,PT15M,"US-CT,US-MA,US-ME,US-NH,US-RI,US-VT",isone_rtm,.Z.MAINE,isone:rt_lmp_5min,https://www.iso-ne.com/isoexpress/web/reports/pricing/-/tree/lmps-rt-five-min-final,2026-09-25T20:08:36Z,
isone:.Z.MAINE,lmp_rtm_15m_mean,2026-09-24T13:30:00Z,21.2733,USD/MWh,PT15M,"US-CT,US-MA,US-ME,US-NH,US-RI,US-VT",isone_rtm,.Z.MAINE,isone:rt_lmp_5min,https://www.iso-ne.com/isoexpress/web/reports/pricing/-/tree/lmps-rt-five-min-final,2026-09-25T20:08:36Z,
isone:.Z.MAINE,lmp_rtm_15m_mean,2026-09-24T13:45:00Z,21.5667,USD/MWh,PT15M,"US-CT,US-MA,US-ME,US-NH,US-RI,US-VT",isone_rtm,.Z.MAINE,isone:rt_lmp_5min,https://www.iso-ne.com/isoexpress/web/reports/pricing/-/tree/lmps-rt-five-min-final,2026-09-25T20:08:36Z,
isone:.Z.MAINE,lmp_rtm_15m_mean,2026-09-24T14:00:00Z,24.35,USD/MWh,PT15M,"US-CT,US-MA,US-ME,US-NH,US-RI,US-VT",isone_rtm,.Z.MAINE,isone:rt_lmp_5min,https://www.iso-ne.com/isoexpress/web/reports/pricing/-/tree/lmps-rt-five-min-final,2026-09-25T20:08:36Z,
isone:.Z.MAINE,lmp_rtm_15m_mean,2026-09-24T14:15:00Z,24.2767,USD/MWh,PT15M,"US-CT,US-MA,US-ME,US-NH,US-RI,US-VT",isone_rtm,.Z.MAINE,isone:rt_lmp_5min,https://www.iso-ne.com/isoexpress/web/reports/pricing/-/tree/lmps-rt-five-min-final,2026-09-25T20:08:36Z,
isone:.Z.MAINE,lmp_rtm_15m_mean,2026-09-24T14:30:00Z,24.1367,USD/MWh,PT15M,"US-CT,US-MA,US-ME,US-NH,US-RI,US-VT",isone_rtm,.Z.MAINE,isone:rt_lmp_5min,https://www.iso-ne.com/isoexpress/web/reports/pricing/-/tree/lmps-rt-five-min-final,2026-09-25T20:08:36Z,
isone:.Z.MAINE,lmp_rtm_15m_mean,2026-09-24T14:45:00Z,23.86,USD/MWh,PT15M,"US-CT,US-MA,US-ME,US-NH,US-RI,US-VT",isone_rtm,.Z.MAINE,isone:rt_lmp_5min,https://www.iso-ne.com/isoexpress/web/reports/pricing/-/tree/lmps-rt-five-min-final,2026-09-25T20:08:36Z,
isone:.Z.MAINE,lmp_rtm_15m_mean,2026-09-24T15:00:00Z,22.26,USD/MWh,PT15M,"US-CT,US-MA,US-ME,US-NH,US-RI,US-VT",isone_rtm,.Z.MAINE,isone:rt_lmp_5min,https://www.iso-ne.com/isoexpress/web/reports/pricing/-/tree/lmps-rt-five-min-final,2026-09-25T20:08:36Z,
isone:.Z.MAINE,lmp_rtm_15m_mean,2026-09-24T15:15:00Z,6.6333,USD/MWh,PT15M,"US-CT,US-MA,US-ME,US-NH,US-RI,US-VT",isone_rtm,.Z.MAINE,isone:rt_lmp_5min,https://www.iso-ne.com/isoexpress/web/reports/pricing/-/tree/lmps-rt-five-min-final,2026-09-25T20:08:36Z,
isone:.Z.MAINE,lmp_rtm_15m_mean,2026-09-24T15:30:00Z,-4.4067,USD/MWh,PT15M,"US-CT,US-MA,US-ME,US-NH,US-RI,US-VT",isone_rtm,.Z.MAINE,isone:rt_lmp_5min,https://www.iso-ne.com/isoexpress/web/reports/pricing/-/tree/lmps-rt-five-min-final,2026-09-25T20:08:36Z,
isone:.Z.MAINE,lmp_rtm_15m_mean,2026-09-24T15:45:00Z,-4.3933,USD/MWh,PT15M,"US-CT,US-MA,US-ME,US-NH,US-RI,US-VT",isone_rtm,.Z.MAINE,isone:rt_lmp_5min,https://www.iso-ne.com/isoexpress/web/reports/pricing/-/tree/lmps-rt-five-min-final,2026-09-25T20:08:36Z,
isone:.Z.MAINE,lmp_rtm_15m_mean,2026-09-24T16:00:00Z,-5.7067,USD/MWh,PT15M,"US-CT,US-MA,US-ME,US-NH,US-RI,US-VT",isone_rtm,.Z.MAINE,isone:rt_lmp_5min,https://www.iso-ne.com/isoexpress/web/reports/pricing/-/tree/lmps-rt-five-min-final,2026-09-25T20:08:36Z,
isone:.Z.MAINE,lmp_rtm_15m_mean,2026-09-24T16:15:00Z,-12.2933,USD/MWh,PT15M,"US-CT,US-MA,US-ME,US-NH,US-RI,US-VT",isone_rtm,.Z.MAINE,isone:rt_lmp_5min,https://www.iso-ne.com/isoexpress/web/reports/pricing/-/tree/lmps-rt-five-min-final,2026-09-25T20:08:36Z,
isone:.Z.MAINE,lmp_rtm_15m_mean,2026-09-24T16:30:00Z,-0.7533,USD/MWh,PT15M,"US-CT,US-MA,US-ME,US-NH,US-RI,US-VT",isone_rtm,.Z.MAINE,isone:rt_lmp_5min,https://www.iso-ne.com/isoexpress/web/reports/pricing/-/tree/lmps-rt-five-min-final,2026-09-25T20:08:36Z,
isone:.Z.MAINE,lmp_rtm_15m_mean,2026-09-24T16:45:00Z,19.9167,USD/MWh,PT15M,"US-CT,US-MA,US-ME,US-NH,US-RI,US-VT",isone_rtm,.Z.MAINE,isone:rt_lmp_5min,https://www.iso-ne.com/isoexpress/web/reports/pricing/-/tree/lmps-rt-five-min-final,2026-09-25T20:08:36Z,
isone:.Z.MAINE,lmp_rtm_15m_mean,2026-09-24T17:00:00Z,21.0467,USD/MWh,PT15M,"US-CT,US-MA,US-ME,US-NH,US-RI,US-VT",isone_rtm,.Z.MAINE,isone:rt_lmp_5min,https://www.iso-ne.com/isoexpress/web/reports/pricing/-/tree/lmps-rt-five-min-final,2026-09-25T20:08:36Z,
isone:.Z.MAINE,lmp_rtm_15m_mean,2026-09-24T17:15:00Z,18.55,USD/MWh,PT15M,"US-CT,US-MA,US-ME,US-NH,US-RI,US-VT",isone_rtm,.Z.MAINE,isone:rt_lmp_5min,https://www.iso-ne.com/isoexpress/web/reports/pricing/-/tree/lmps-rt-five-min-final,2026-09-25T20:08:36Z,
isone:.Z.MAINE,lmp_rtm_15m_mean,2026-09-24T17:30:00Z,18.4033,USD/MWh,PT15M,"US-CT,US-MA,US-ME,US-NH,US-RI,US-VT",isone_rtm,.Z.MAINE,isone:rt_lmp_5min,https://www.iso-ne.com/isoexpress/web/reports/pricing/-/tree/lmps-rt-five-min-final,2026-09-25T20:08:36Z,
isone:.Z.MAINE,lmp_rtm_15m_mean,2026-09-24T17:45:00Z,12.72,USD/MWh,PT15M,"US-CT,US-MA,US-ME,US-NH,US-RI,US-VT",isone_rtm,.Z.MAINE,isone:rt_lmp_5min,https://www.iso-ne.com/isoexpress/web/reports/pricing/-/tree/lmps-rt-five-min-final,2026-09-25T20:08:36Z,
isone:.Z.MAINE,lmp_rtm_15m_mean,2026-09-24T18:00:00Z,12.8,USD/MWh,PT15M,"US-CT,US-MA,US-ME,US-NH,US-RI,US-VT",isone_rtm,.Z.MAINE,isone:rt_lmp_5min,https://www.iso-ne.com/isoexpress/web/reports/pricing/-/tree/lmps-rt-five-min-final,2026-09-25T20:08:36Z,
isone:.Z.MAINE,lmp_rtm_15m_mean,2026-09-24T18:15:00Z,20.5033,USD/MWh,PT15M,"US-CT,US-MA,US-ME,US-NH,US-RI,US-VT",isone_rtm,.Z.MAINE,isone:rt_lmp_5min,https://www.iso-ne.com/isoexpress/web/reports/pricing/-/tree/lmps-rt-five-min-final,2026-09-25T20:08:36Z,
isone:.Z.MAINE,lmp_rtm_15m_mean,2026-09-24T18:30:00Z,21.2333,USD/MWh,PT15M,"US-CT,US-MA,US-ME,US-NH,US-RI,US-VT",isone_rtm,.Z.MAINE,isone:rt_lmp_5min,https://www.iso-ne.com/isoexpress/web/reports/pricing/-/tree/lmps-rt-five-min-final,2026-09-25T20:08:36Z,
isone:.Z.MAINE,lmp_rtm_15m_mean,2026-09-24T18:45:00Z,21.8133,USD/MWh,PT15M,"US-CT,US-MA,US-ME,US-NH,US-RI,US-VT",isone_rtm,.Z.MAINE,isone:rt_lmp_5min,https://www.iso-ne.com/isoexpress/web/reports/pricing/-/tree/lmps-rt-five-min-final,2026-09-25T20:08:36Z,
isone:.Z.MAINE,lmp_rtm_15m_mean,2026-09-24T19:00:00Z,20.8633,USD/MWh,PT15M,"US-CT,US-MA,US-ME,US-NH,US-RI,US-VT",isone_rtm,.Z.MAINE,isone:rt_lmp_5min,https://www.iso-ne.com/isoexpress/web/reports/pricing/-/tree/lmps-rt-five-min-final,2026-09-25T20:08:36Z,
isone:.Z.MAINE,lmp_rtm_15m_mean,2026-09-24T19:15:00Z,20.5,USD/MWh,PT15M,"US-CT,US-MA,US-ME,US-NH,US-RI,US-VT",isone_rtm,.Z.MAINE,isone:rt_lmp_5min,https://www.iso-ne.com/isoexpress/web/reports/pricing/-/tree/lmps-rt-five-min-final,2026-09-25T20:08:36Z,
isone:.Z.MAINE,lmp_rtm_15m_mean,2026-09-24T19:30:00Z,21.18,USD/MWh,PT15M,"US-CT,US-MA,US-ME,US-NH,US-RI,US-VT",isone_rtm,.Z.MAINE,isone:rt_lmp_5min,https://www.iso-ne.com/isoexpress/web/reports/pricing/-/tree/lmps-rt-five-min-final,2026-09-25T20:08:36Z,
isone:.Z.MAINE,lmp_rtm_15m_mean,2026-09-24T19:45:00Z,21.8833,USD/MWh,PT15M,"US-CT,US-MA,US-ME,US-NH,US-RI,US-VT",isone_rtm,.Z.MAINE,isone:rt_lmp_5min,https://www.iso-ne.com/isoexpress/web/reports/pricing/-/tree/lmps-rt-five-min-final,2026-09-25T20:08:36Z,
isone:.Z.MAINE,lmp_rtm_15m_mean,2026-09-24T20:00:00Z,21.36,USD/MWh,PT15M,"US-CT,US-MA,US-ME,US-NH,US-RI,US-VT",isone_rtm,.Z.MAINE,isone:rt_lmp_5min,https://www.iso-ne.com/isoexpress/web/reports/pricing/-/tree/lmps-rt-five-min-final,2026-09-25T20:08:36Z,
isone:.Z.MAINE,lmp_rtm_15m_mean,2026-09-24T20:15:00Z,20.56,USD/MWh,PT15M,"US-CT,US-MA,US-ME,US-NH,US-RI,US-VT",isone_rtm,.Z.MAINE,isone:rt_lmp_5min,https://www.iso-ne.com/isoexpress/web/reports/pricing/-/tree/lmps-rt-five-min-final,2026-09-25T20:08:36Z,
isone:.Z.MAINE,lmp_rtm_15m_mean,2026-09-24T20:30:00Z,21.3733,USD/MWh,PT15M,"US-CT,US-MA,US-ME,US-NH,US-RI,US-VT",isone_rtm,.Z.MAINE,isone:rt_lmp_5min,https://www.iso-ne.com/isoexpress/web/reports/pricing/-/tree/lmps-rt-five-min-final,2026-09-25T20:08:36Z,
isone:.Z.MAINE,lmp_rtm_15m_mean,2026-09-24T20:45:00Z,23.68,USD/MWh,PT15M,"US-CT,US-MA,US-ME,US-NH,US-RI,US-VT",isone_rtm,.Z.MAINE,isone:rt_lmp_5min,https://www.iso-ne.com/isoexpress/web/reports/pricing/-/tree/lmps-rt-five-min-final,2026-09-25T20:08:36Z,
isone:.Z.MAINE,lmp_rtm_15m_mean,2026-09-24T21:00:00Z,22.1967,USD/MWh,PT15M,"US-CT,US-MA,US-ME,US-NH,US-RI,US-VT",isone_rtm,.Z.MAINE,isone:rt_lmp_5min,https://www.iso-ne.com/isoexpress/web/reports/pricing/-/tree/lmps-rt-five-min-final,2026-09-25T20:08:36Z,
isone:.Z.MAINE,lmp_rtm_15m_mean,2026-09-24T21:15:00Z,22.0,USD/MWh,PT15M,"US-CT,US-MA,US-ME,US-NH,US-RI,US-VT",isone_rtm,.Z.MAINE,isone:rt_lmp_5min,https://www.iso-ne.com/isoexpress/web/reports/pricing/-/tree/lmps-rt-five-min-final,2026-09-25T20:08:36Z,
isone:.Z.MAINE,lmp_rtm_15m_mean,2026-09-24T21:30:00Z,28.96,USD/MWh,PT15M,"US-CT,US-MA,US-ME,US-NH,US-RI,US-VT",isone_rtm,.Z.MAINE,isone:rt_lmp_5min,https://www.iso-ne.com/isoexpress/web/reports/pricing/-/tree/lmps-rt-five-min-final,2026-09-25T20:08:36Z,
isone:.Z.MAINE,lmp_rtm_15m_mean,2026-09-24T21:45:00Z,37.5633,USD/MWh,PT15M,"US-CT,US-MA,US-ME,US-NH,US-RI,US-VT",isone_rtm,.Z.MAINE,isone:rt_lmp_5min,https://www.iso-ne.com/isoexpress/web/reports/pricing/-/tree/lmps-rt-five-min-final,2026-09-25T20:08:36Z,
isone:.Z.MAINE,lmp_rtm_15m_mean,2026-09-24T22:00:00Z,33.5467,USD/MWh,PT15M,"US-CT,US-MA,US-ME,US-NH,US-RI,US-VT",isone_rtm,.Z.MAINE,isone:rt_lmp_5min,https://www.iso-ne.com/isoexpress/web/reports/pricing/-/tree/lmps-rt-five-min-final,2026-09-25T20:08:36Z,
isone:.Z.MAINE,lmp_rtm_15m_mean,2026-09-24T22:15:00Z,33.56,USD/MWh,PT15M,"US-CT,US-MA,US-ME,US-NH,US-RI,US-VT",isone_rtm,.Z.MAINE,isone:rt_lmp_5min,https://www.iso-ne.com/isoexpress/web/reports/pricing/-/tree/lmps-rt-five-min-final,2026-09-25T20:08:36Z,
isone:.Z.MAINE,lmp_rtm_15m_mean,2026-09-24T22:30:00Z,45.9833,USD/MWh,PT15M,"US-CT,US-MA,US-ME,US-NH,US-RI,US-VT",isone_rtm,.Z.MAINE,isone:rt_lmp_5min,https://www.iso-ne.com/isoexpress/web/reports/pricing/-/tree/lmps-rt-five-min-final,2026-09-25T20:08:36Z,
isone:.Z.MAINE,lmp_rtm_15m_mean,2026-09-24T22:45:00Z,47.8767,USD/MWh,PT15M,"US-CT,US-MA,US-ME,US-NH,US-RI,US-VT",isone_rtm,.Z.MAINE,isone:rt_lmp_5min,https://www.iso-ne.com/isoexpress/web/reports/pricing/-/tree/lmps-rt-five-min-final,2026-09-25T20:08:36Z,
isone:.Z.MAINE,lmp_rtm_15m_mean,2026-09-24T23:00:00Z,38.4633,USD/MWh,PT15M,"US-CT,US-MA,US-ME,US-NH,US-RI,US-VT",isone_rtm,.Z.MAINE,isone:rt_lmp_5min,https://www.iso-ne.com/isoexpress/web/reports/pricing/-/tree/lmps-rt-five-min-final,2026-09-25T20:08:36Z,
isone:.Z.MAINE,lmp_rtm_15m_mean,2026-09-24T23:15:00Z,37.43,USD/MWh,PT15M,"US-CT,US-MA,US-ME,US-NH,US-RI,US-VT",isone_rtm,.Z.MAINE,isone:rt_lmp_5min,https://www.iso-ne.com/isoexpress/web/reports/pricing/-/tree/lmps-rt-five-min-final,2026-09-25T20:08:36Z,
isone:.Z.MAINE,lmp_rtm_15m_mean,2026-09-24T23:30:00Z,36.99,USD/MWh,PT15M,"US-CT,US-MA,US-ME,US-NH,US-RI,US-VT",isone_rtm,.Z.MAINE,isone:rt_lmp_5min,https://www.iso-ne.com/isoexpress/web/reports/pricing/-/tree/lmps-rt-five-min-final,2026-09-25T20:08:36Z,
isone:.Z.MAINE,lmp_rtm_15m_mean,2026-09-24T23:45:00Z,32.2967,USD/MWh,PT15M,"US-CT,US-MA,US-ME,US-NH,US-RI,US-VT",isone_rtm,.Z.MAINE,isone:rt_lmp_5min,https://www.iso-ne.com/isoexpress/web/reports/pricing/-/tree/lmps-rt-five-min-final,2026-09-25T20:08:36Z,
isone:.Z.MAINE,lmp_rtm_15m_mean,2026-09-25T00:00:00Z,36.5633,USD/MWh,PT15M,"US-CT,US-MA,US-ME,US-NH,US-RI,US-VT",isone_rtm,.Z.MAINE,isone:rt_lmp_5min,https://www.iso-ne.com/isoexpress/web/reports/pricing/-/tree/lmps-rt-five-min-final,2026-09-25T20:08:36Z,
isone:.Z.MAINE,lmp_rtm_15m_mean,2026-09-25T00:15:00Z,31.0867,USD/MWh,PT15M,"US-CT,US-MA,US-ME,US-NH,US-RI,US-VT",isone_rtm,.Z.MAINE,isone:rt_lmp_5min,https://www.iso-ne.com/isoexpress/web/reports/pricing/-/tree/lmps-rt-five-min-final,2026-09-25T20:08:36Z,
isone:.Z.MAINE,lmp_rtm_15m_mean,2026-09-25T00:30:00Z,30.0167,USD/MWh,PT15M,"US-CT,US-MA,US-ME,US-NH,US-RI,US-VT",isone_rtm,.Z.MAINE,isone:rt_lmp_5min,https://www.iso-ne.com/isoexpress/web/reports/pricing/-/tree/lmps-rt-five-min-final,2026-09-25T20:08:36Z,
isone:.Z.MAINE,lmp_rtm_15m_mean,2026-09-25T00:45:00Z,28.5733,USD/MWh,PT15M,"US-CT,US-MA,US-ME,US-NH,US-RI,US-VT",isone_rtm,.Z.MAINE,isone:rt_lmp_5min,https://www.iso-ne.com/isoexpress/web/reports/pricing/-/tree/lmps-rt-five-min-final,2026-09-25T20:08:36Z,
isone:.Z.MAINE,lmp_rtm_15m_mean,2026-09-25T01:00:00Z,35.5267,USD/MWh,PT15M,"US-CT,US-MA,US-ME,US-NH,US-RI,US-VT",isone_rtm,.Z.MAINE,isone:rt_lmp_5min,https://www.iso-ne.com/isoexpress/web/reports/pricing/-/tree/lmps-rt-five-min-final,2026-09-25T20:08:36Z,
isone:.Z.MAINE,lmp_rtm_15m_mean,2026-09-25T01:15:00Z,29.0333,USD/MWh,PT15M,"US-CT,US-MA,US-ME,US-NH,US-RI,US-VT",isone_rtm,.Z.MAINE,isone:rt_lmp_5min,https://www.iso-ne.com/isoexpress/web/reports/pricing/-/tree/lmps-rt-five-min-final,2026-09-25T20:08:36Z,
isone:.Z.MAINE,lmp_rtm_15m_mean,2026-09-25T01:30:00Z,27.9,USD/MWh,PT15M,"US-CT,US-MA,US-ME,US-NH,US-RI,US-VT",isone_rtm,.Z.MAINE,isone:rt_lmp_5min,https://www.iso-ne.com/isoexpress/web/reports/pricing/-/tree/lmps-rt-five-min-final,2026-09-25T20:08:36Z,
isone:.Z.MAINE,lmp_rtm_15m_mean,2026-09-25T01:45:00Z,27.12,USD/MWh,PT15M,"US-CT,US-MA,US-ME,US-NH,US-RI,US-VT",isone_rtm,.Z.MAINE,isone:rt_lmp_5min,https://www.iso-ne.com/isoexpress/web/reports/pricing/-/tree/lmps-rt-five-min-final,2026-09-25T20:08:36Z,
isone:.Z.MAINE,lmp_rtm_15m_mean,2026-09-25T02:00:00Z,30.0467,USD/MWh,PT15M,"US-CT,US-MA,US-ME,US-NH,US-RI,US-VT",isone_rtm,.Z.MAINE,isone:rt_lmp_5min,https://www.iso-ne.com/isoexpress/web/reports/pricing/-/tree/lmps-rt-five-min-final,2026-09-25T20:08:36Z,
isone:.Z.MAINE,lmp_rtm_15m_mean,2026-09-25T02:15:00Z,26.7,USD/MWh,PT15M,"US-CT,US-MA,US-ME,US-NH,US-RI,US-VT",isone_rtm,.Z.MAINE,isone:rt_lmp_5min,https://www.iso-ne.com/isoexpress/web/reports/pricing/-/tree/lmps-rt-five-min-final,2026-09-25T20:08:36Z,
isone:.Z.MAINE,lmp_rtm_15m_mean,2026-09-25T02:30:00Z,25.9933,USD/MWh,PT15M,"US-CT,US-MA,US-ME,US-NH,US-RI,US-VT",isone_rtm,.Z.MAINE,isone:rt_lmp_5min,https://www.iso-ne.com/isoexpress/web/reports/pricing/-/tree/lmps-rt-five-min-final,2026-09-25T20:08:36Z,
isone:.Z.MAINE,lmp_rtm_15m_mean,2026-09-25T02:45:00Z,25.9467,USD/MWh,PT15M,"US-CT,US-MA,US-ME,US-NH,US-RI,US-VT",isone_rtm,.Z.MAINE,isone:rt_lmp_5min,https://www.iso-ne.com/isoexpress/web/reports/pricing/-/tree/lmps-rt-five-min-final,2026-09-25T20:08:36Z,
isone:.Z.MAINE,lmp_rtm_15m_mean,2026-09-25T03:00:00Z,28.5567,USD/MWh,PT15M,"US-CT,US-MA,US-ME,US-NH,US-RI,US-VT",isone_rtm,.Z.MAINE,isone:rt_lmp_5min,https://www.iso-ne.com/isoexpress/web/reports/pricing/-/tree/lmps-rt-five-min-final,2026-09-25T20:08:36Z,
isone:.Z.MAINE,lmp_rtm_15m_mean,2026-09-25T03:15:00Z,25.1067,USD/MWh,PT15M,"US-CT,US-MA,US-ME,US-NH,US-RI,US-VT",isone_rtm,.Z.MAINE,isone:rt_lmp_5min,https://www.iso-ne.com/isoexpress/web/reports/pricing/-/tree/lmps-rt-five-min-final,2026-09-25T20:08:36Z,
isone:.Z.MAINE,lmp_rtm_15m_mean,2026-09-25T03:30:00Z,24.4467,USD/MWh,PT15M,"US-CT,US-MA,US-ME,US-NH,US-RI,US-VT",isone_rtm,.Z.MAINE,isone:rt_lmp_5min,https://www.iso-ne.com/isoexpress/web/reports/pricing/-/tree/lmps-rt-five-min-final,2026-09-25T20:08:36Z,
isone:.Z.MAINE,lmp_rtm_15m_mean,2026-09-25T03:45:00Z,23.4767,USD/MWh,PT15M,"US-CT,US-MA,US-ME,US-NH,US-RI,US-VT",isone_rtm,.Z.MAINE,isone:rt_lmp_5min,https://www.iso-ne.com/isoexpress/web/reports/pricing/-/tree/lmps-rt-five-min-final,2026-09-25T20:08:36Z,
isone:.Z.NEMASSBOST,lmp_rtm_15m_mean,2026-09-22T04:00:00Z,25.8633,USD/MWh,PT15M,"US-CT,US-MA,US-ME,US-NH,US-RI,US-VT",isone_rtm,.Z.NEMASSBOST,isone:rt_lmp_5min,https://www.iso-ne.com/isoexpress/web/reports/pricing/-/tree/lmps-rt-five-min-final,2026-09-25T20:08:05Z,
isone:.Z.NEMASSBOST,lmp_rtm_15m_mean,2026-09-22T04:15:00Z,31.88,USD/MWh,PT15M,"US-CT,US-MA,US-ME,US-NH,US-RI,US-VT",isone_rtm,.Z.NEMASSBOST,isone:rt_lmp_5min,https://www.iso-ne.com/isoexpress/web/reports/pricing/-/tree/lmps-rt-five-min-final,2026-09-25T20:08:05Z,
isone:.Z.NEMASSBOST,lmp_rtm_15m_mean,2026-09-22T04:30:00Z,30.6633,USD/MWh,PT15M,"US-CT,US-MA,US-ME,US-NH,US-RI,US-VT",isone_rtm,.Z.NEMASSBOST,isone:rt_lmp_5min,https://www.iso-ne.com/isoexpress/web/reports/pricing/-/tree/lmps-rt-five-min-final,2026-09-25T20:08:05Z,
isone:.Z.NEMASSBOST,lmp_rtm_15m_mean,2026-09-22T04:45:00Z,33.4967,USD/MWh,PT15M,"US-CT,US-MA,US-ME,US-NH,US-RI,US-VT",isone_rtm,.Z.NEMASSBOST,isone:rt_lmp_5min,https://www.iso-ne.com/isoexpress/web/reports/pricing/-/tree/lmps-rt-five-min-final,2026-09-25T20:08:05Z,
isone:.Z.NEMASSBOST,lmp_rtm_15m_mean,2026-09-22T05:00:00Z,31.9233,USD/MWh,PT15M,"US-CT,US-MA,US-ME,US-NH,US-RI,US-VT",isone_rtm,.Z.NEMASSBOST,isone:rt_lmp_5min,https://www.iso-ne.com/isoexpress/web/reports/pricing/-/tree/lmps-rt-five-min-final,2026-09-25T20:08:05Z,
isone:.Z.NEMASSBOST,lmp_rtm_15m_mean,2026-09-22T05:15:00Z,28.9533,USD/MWh,PT15M,"US-CT,US-MA,US-ME,US-NH,US-RI,US-VT",isone_rtm,.Z.NEMASSBOST,isone:rt_lmp_5min,https://www.iso-ne.com/isoexpress/web/reports/pricing/-/tree/lmps-rt-five-min-final,2026-09-25T20:08:05Z,
isone:.Z.NEMASSBOST,lmp_rtm_15m_mean,2026-09-22T05:30:00Z,28.0067,USD/MWh,PT15M,"US-CT,US-MA,US-ME,US-NH,US-RI,US-VT",isone_rtm,.Z.NEMASSBOST,isone:rt_lmp_5min,https://www.iso-ne.com/isoexpress/web/reports/pricing/-/tree/lmps-rt-five-min-final,2026-09-25T20:08:05Z,
isone:.Z.NEMASSBOST,lmp_rtm_15m_mean,2026-09-22T05:45:00Z,28.7467,USD/MWh,PT15M,"US-CT,US-MA,US-ME,US-NH,US-RI,US-VT",isone_rtm,.Z.NEMASSBOST,isone:rt_lmp_5min,https://www.iso-ne.com/isoexpress/web/reports/pricing/-/tree/lmps-rt-five-min-final,2026-09-25T20:08:05Z,
isone:.Z.NEMASSBOST,lmp_rtm_15m_mean,2026-09-22T06:00:00Z,27.4933,USD/MWh,PT15M,"US-CT,US-MA,US-ME,US-NH,US-RI,US-VT",isone_rtm,.Z.NEMASSBOST,isone:rt_lmp_5min,https://www.iso-ne.com/isoexpress/web/reports/pricing/-/tree/lmps-rt-five-min-final,2026-09-25T20:08:05Z,
isone:.Z.NEMASSBOST,lmp_rtm_15m_mean,2026-09-22T06:15:00Z,26.3433,USD/MWh,PT15M,"US-CT,US-MA,US-ME,US-NH,US-RI,US-VT",isone_rtm,.Z.NEMASSBOST,isone:rt_lmp_5min,https://www.iso-ne.com/isoexpress/web/reports/pricing/-/tree/lmps-rt-five-min-final,2026-09-25T20:08:05Z,
isone:.Z.NEMASSBOST,lmp_rtm_15m_mean,2026-09-22T06:30:00Z,27.6433,USD/MWh,PT15M,"US-CT,US-MA,US-ME,US-NH,US-RI,US-VT",isone_rtm,.Z.NEMASSBOST,isone:rt_lmp_5min,https://www.iso-ne.com/isoexpress/web/reports/pricing/-/tree/lmps-rt-five-min-final,2026-09-25T20:08:05Z,
isone:.Z.NEMASSBOST,lmp_rtm_15m_mean,2026-09-22T06:45:00Z,28.4167,USD/MWh,PT15M,"US-CT,US-MA,US-ME,US-NH,US-RI,US-VT",isone_rtm,.Z.NEMASSBOST,isone:rt_lmp_5min,https://www.iso-ne.com/isoexpress/web/reports/pricing/-/tree/lmps-rt-five-min-final,2026-09-25T20:08:05Z,
isone:.Z.NEMASSBOST,lmp_rtm_15m_mean,2026-09-22T07:00:00Z,27.6433,USD/MWh,PT15M,"US-CT,US-MA,US-ME,US-NH,US-RI,US-VT",isone_rtm,.Z.NEMASSBOST,isone:rt_lmp_5min,https://www.iso-ne.com/isoexpress/web/reports/pricing/-/tree/lmps-rt-five-min-final,2026-09-25T20:08:05Z,
isone:.Z.NEMASSBOST,lmp_rtm_15m_mean,2026-09-22T07:15:00Z,27.9933,USD/MWh,PT15M,"US-CT,US-MA,US-ME,US-NH,US-RI,US-VT",isone_rtm,.Z.NEMASSBOST,isone:rt_lmp_5min,https://www.iso-ne.com/isoexpress/web/reports/pricing/-/tree/lmps-rt-five-min-final,2026-09-25T20:08:05Z,
isone:.Z.NEMASSBOST,lmp_rtm_15m_mean,2026-09-22T07:30:00Z,28.6633,USD/MWh,PT15M,"US-CT,US-MA,US-ME,US-NH,US-RI,US-VT",isone_rtm,.Z.NEMASSBOST,isone:rt_lmp_5min,https://www.iso-ne.com/isoexpress/web/reports/pricing/-/tree/lmps-rt-five-min-final,2026-09-25T20:08:05Z,
isone:.Z.NEMASSBOST,lmp_rtm_15m_mean,2026-09-22T07:45:00Z,28.54,USD/MWh,PT15M,"US-CT,US-MA,US-ME,US-NH,US-RI,US-VT",isone_rtm,.Z.NEMASSBOST,isone:rt_lmp_5min,https://www.iso-ne.com/isoexpress/web/reports/pricing/-/tree/lmps-rt-five-min-final,2026-09-25T20:08:05Z,
isone:.Z.NEMASSBOST,lmp_rtm_15m_mean,2026-09-22T08:00:00Z,27.8767,USD/MWh,PT15M,"US-CT,US-MA,US-ME,US-NH,US-RI,US-VT",isone_rtm,.Z.NEMASSBOST,isone:rt_lmp_5min,https://www.iso-ne.com/isoexpress/web/reports/pricing/-/tree/lmps-rt-five-min-final,2026-09-25T20:08:05Z,
isone:.Z.NEMASSBOST,lmp_rtm_15m_mean,2026-09-22T08:15:00Z,27.77,USD/MWh,PT15M,"US-CT,US-MA,US-ME,US-NH,US-RI,US-VT",isone_rtm,.Z.NEMASSBOST,isone:rt_lmp_5min,https://www.iso-ne.com/isoexpress/web/reports/pricing/-/tree/lmps-rt-five-min-final,2026-09-25T20:08:05Z,
isone:.Z.NEMASSBOST,lmp_rtm_15m_mean,2026-09-22T08:30:00Z,28.35,USD/MWh,PT15M,"US-CT,US-MA,US-ME,US-NH,US-RI,US-VT",isone_rtm,.Z.NEMASSBOST,isone:rt_lmp_5min,https://www.iso-ne.com/isoexpress/web/reports/pricing/-/tree/lmps-rt-five-min-final,2026-09-25T20:08:05Z,
isone:.Z.NEMASSBOST,lmp_rtm_15m_mean,2026-09-22T08:45:00Z,29.44,USD/MWh,PT15M,"US-CT,US-MA,US-ME,US-NH,US-RI,US-VT",isone_rtm,.Z.NEMASSBOST,isone:rt_lmp_5min,https://www.iso-ne.com/isoexpress/web/reports/pricing/-/tree/lmps-rt-five-min-final,2026-09-25T20:08:05Z,
isone:.Z.NEMASSBOST,lmp_rtm_15m_mean,2026-09-22T09:00:00Z,27.61,USD/MWh,PT15M,"US-CT,US-MA,US-ME,US-NH,US-RI,US-VT",isone_rtm,.Z.NEMASSBOST,isone:rt_lmp_5min,https://www.iso-ne.com/isoexpress/web/reports/pricing/-/tree/lmps-rt-five-min-final,2026-09-25T20:08:05Z,
isone:.Z.NEMASSBOST,lmp_rtm_15m_mean,2026-09-22T09:15:00Z,28.0033,USD/MWh,PT15M,"US-CT,US-MA,US-ME,US-NH,US-RI,US-VT",isone_rtm,.Z.NEMASSBOST,isone:rt_lmp_5min,https://www.iso-ne.com/isoexpress/web/reports/pricing/-/tree/lmps-rt-five-min-final,2026-09-25T20:08:05Z,
isone:.Z.NEMASSBOST,lmp_rtm_15m_mean,2026-09-22T09:30:00Z,29.1967,USD/MWh,PT15M,"US-CT,US-MA,US-ME,US-NH,US-RI,US-VT",isone_rtm,.Z.NEMASSBOST,isone:rt_lmp_5min,https://www.iso-ne.com/isoexpress/web/reports/pricing/-/tree/lmps-rt-five-min-final,2026-09-25T20:08:05Z,
isone:.Z.NEMASSBOST,lmp_rtm_15m_mean,2026-09-22T09:45:00Z,29.5633,USD/MWh,PT15M,"US-CT,US-MA,US-ME,US-NH,US-RI,US-VT",isone_rtm,.Z.NEMASSBOST,isone:rt_lmp_5min,https://www.iso-ne.com/isoexpress/web/reports/pricing/-/tree/lmps-rt-five-min-final,2026-09-25T20:08:05Z,
isone:.Z.NEMASSBOST,lmp_rtm_15m_mean,2026-09-22T10:00:00Z,25.14,USD/MWh,PT15M,"US-CT,US-MA,US-ME,US-NH,US-RI,US-VT",isone_rtm,.Z.NEMASSBOST,isone:rt_lmp_5min,https://www.iso-ne.com/isoexpress/web/reports/pricing/-/tree/lmps-rt-five-min-final,2026-09-25T20:08:05Z,
isone:.Z.NEMASSBOST,lmp_rtm_15m_mean,2026-09-22T10:15:00Z,27.3667,USD/MWh,PT15M,"US-CT,US-MA,US-ME,US-NH,US-RI,US-VT",isone_rtm,.Z.NEMASSBOST,isone:rt_lmp_5min,https://www.iso-ne.com/isoexpress/web/reports/pricing/-/tree/lmps-rt-five-min-final,2026-09-25T20:08:05Z,
isone:.Z.NEMASSBOST,lmp_rtm_15m_mean,2026-09-22T10:30:00Z,36.7733,USD/MWh,PT15M,"US-CT,US-MA,US-ME,US-NH,US-RI,US-VT",isone_rtm,.Z.NEMASSBOST,isone:rt_lmp_5min,https://www.iso-ne.com/isoexpress/web/reports/pricing/-/tree/lmps-rt-five-min-final,2026-09-25T20:08:05Z,
isone:.Z.NEMASSBOST,lmp_rtm_15m_mean,2026-09-22T10:45:00Z,47.33,USD/MWh,PT15M,"US-CT,US-MA,US-ME,US-NH,US-RI,US-VT",isone_rtm,.Z.NEMASSBOST,isone:rt_lmp_5min,https://www.iso-ne.com/isoexpress/web/reports/pricing/-/tree/lmps-rt-five-min-final,2026-09-25T20:08:05Z,
isone:.Z.NEMASSBOST,lmp_rtm_15m_mean,2026-09-22T11:00:00Z,37.38,USD/MWh,PT15M,"US-CT,US-MA,US-ME,US-NH,US-RI,US-VT",isone_rtm,.Z.NEMASSBOST,isone:rt_lmp_5min,https://www.iso-ne.com/isoexpress/web/reports/pricing/-/tree/lmps-rt-five-min-final,2026-09-25T20:08:05Z,
isone:.Z.NEMASSBOST,lmp_rtm_15m_mean,2026-09-22T11:15:00Z,30.5467,USD/MWh,PT15M,"US-CT,US-MA,US-ME,US-NH,US-RI,US-VT",isone_rtm,.Z.NEMASSBOST,isone:rt_lmp_5min,https://www.iso-ne.com/isoexpress/web/reports/pricing/-/tree/lmps-rt-five-min-final,2026-09-25T20:08:05Z,
isone:.Z.NEMASSBOST,lmp_rtm_15m_mean,2026-09-22T11:30:00Z,28.2367,USD/MWh,PT15M,"US-CT,US-MA,US-ME,US-NH,US-RI,US-VT",isone_rtm,.Z.NEMASSBOST,isone:rt_lmp_5min,https://www.iso-ne.com/isoexpress/web/reports/pricing/-/tree/lmps-rt-five-min-final,2026-09-25T20:08:05Z,
isone:.Z.NEMASSBOST,lmp_rtm_15m_mean,2026-09-22T11:45:00Z,27.11,USD/MWh,PT15M,"US-CT,US-MA,US-ME,US-NH,US-RI,US-VT",isone_rtm,.Z.NEMASSBOST,isone:rt_lmp_5min,https://www.iso-ne.com/isoexpress/web/reports/pricing/-/tree/lmps-rt-five-min-final,2026-09-25T20:08:05Z,
isone:.Z.NEMASSBOST,lmp_rtm_15m_mean,2026-09-22T12:00:00Z,41.5167,USD/MWh,PT15M,"US-CT,US-MA,US-ME,US-NH,US-RI,US-VT",isone_rtm,.Z.NEMASSBOST,isone:rt_lmp_5min,https://www.iso-ne.com/isoexpress/web/reports/pricing/-/tree/lmps-rt-five-min-final,2026-09-25T20:08:05Z,
isone:.Z.NEMASSBOST,lmp_rtm_15m_mean,2026-09-22T12:15:00Z,27.07,USD/MWh,PT15M,"US-CT,US-MA,US-ME,US-NH,US-RI,US-VT",isone_rtm,.Z.NEMASSBOST,isone:rt_lmp_5min,https://www.iso-ne.com/isoexpress/web/reports/pricing/-/tree/lmps-rt-five-min-final,2026-09-25T20:08:05Z,
isone:.Z.NEMASSBOST,lmp_rtm_15m_mean,2026-09-22T12:30:00Z,25.5767,USD/MWh,PT15M,"US-CT,US-MA,US-ME,US-NH,US-RI,US-VT",isone_rtm,.Z.NEMASSBOST,isone:rt_lmp_5min,https://www.iso-ne.com/isoexpress/web/reports/pricing/-/tree/lmps-rt-five-min-final,2026-09-25T20:08:05Z,
isone:.Z.NEMASSBOST,lmp_rtm_15m_mean,2026-09-22T12:45:00Z,25.0167,USD/MWh,PT15M,"US-CT,US-MA,US-ME,US-NH,US-RI,US-VT",isone_rtm,.Z.NEMASSBOST,isone:rt_lmp_5min,https://www.iso-ne.com/isoexpress/web/reports/pricing/-/tree/lmps-rt-five-min-final,2026-09-25T20:08:05Z,
isone:.Z.NEMASSBOST,lmp_rtm_15m_mean,2026-09-22T13:00:00Z,24.8067,USD/MWh,PT15M,"US-CT,US-MA,US-ME,US-NH,US-RI,US-VT",isone_rtm,.Z.NEMASSBOST,isone:rt_lmp_5min,https://www.iso-ne.com/isoexpress/web/reports/pricing/-/tree/lmps-rt-five-min-final,2026-09-25T20:08:05Z,
isone:.Z.NEMASSBOST,lmp_rtm_15m_mean,2026-09-22T13:15:00Z,25.8733,USD/MWh,PT15M,"US-CT,US-MA,US-ME,US-NH,US-RI,US-VT",isone_rtm,.Z.NEMASSBOST,isone:rt_lmp_5min,https://www.iso-ne.com/isoexpress/web/reports/pricing/-/tree/lmps-rt-five-min-final,2026-09-25T20:08:05Z,
isone:.Z.NEMASSBOST,lmp_rtm_15m_mean,2026-09-22T13:30:00Z,26.33,USD/MWh,PT15M,"US-CT,US-MA,US-ME,US-NH,US-RI,US-VT",isone_rtm,.Z.NEMASSBOST,isone:rt_lmp_5min,https://www.iso-ne.com/isoexpress/web/reports/pricing/-/tree/lmps-rt-five-min-final,2026-09-25T20:08:05Z,
isone:.Z.NEMASSBOST,lmp_rtm_15m_mean,2026-09-22T13:45:00Z,25.5067,USD/MWh,PT15M,"US-CT,US-MA,US-ME,US-NH,US-RI,US-VT",isone_rtm,.Z.NEMASSBOST,isone:rt_lmp_5min,https://www.iso-ne.com/isoexpress/web/reports/pricing/-/tree/lmps-rt-five-min-final,2026-09-25T20:08:05Z,
isone:.Z.NEMASSBOST,lmp_rtm_15m_mean,2026-09-22T14:00:00Z,27.7167,USD/MWh,PT15M,"US-CT,US-MA,US-ME,US-NH,US-RI,US-VT",isone_rtm,.Z.NEMASSBOST,isone:rt_lmp_5min,https://www.iso-ne.com/isoexpress/web/reports/pricing/-/tree/lmps-rt-five-min-final,2026-09-25T20:08:05Z,
isone:.Z.NEMASSBOST,lmp_rtm_15m_mean,2026-09-22T14:15:00Z,27.1933,USD/MWh,PT15M,"US-CT,US-MA,US-ME,US-NH,US-RI,US-VT",isone_rtm,.Z.NEMASSBOST,isone:rt_lmp_5min,https://www.iso-ne.com/isoexpress/web/reports/pricing/-/tree/lmps-rt-five-min-final,2026-09-25T20:08:05Z,
isone:.Z.NEMASSBOST,lmp_rtm_15m_mean,2026-09-22T14:30:00Z,26.82,USD/MWh,PT15M,"US-CT,US-MA,US-ME,US-NH,US-RI,US-VT",isone_rtm,.Z.NEMASSBOST,isone:rt_lmp_5min,https://www.iso-ne.com/isoexpress/web/reports/pricing/-/tree/lmps-rt-five-min-final,2026-09-25T20:08:05Z,
isone:.Z.NEMASSBOST,lmp_rtm_15m_mean,2026-09-22T14:45:00Z,24.6633,USD/MWh,PT15M,"US-CT,US-MA,US-ME,US-NH,US-RI,US-VT",isone_rtm,.Z.NEMASSBOST,isone:rt_lmp_5min,https://www.iso-ne.com/isoexpress/web/reports/pricing/-/tree/lmps-rt-five-min-final,2026-09-25T20:08:05Z,
isone:.Z.NEMASSBOST,lmp_rtm_15m_mean,2026-09-22T15:00:00Z,16.3867,USD/MWh,PT15M,"US-CT,US-MA,US-ME,US-NH,US-RI,US-VT",isone_rtm,.Z.NEMASSBOST,isone:rt_lmp_5min,https://www.iso-ne.com/isoexpress/web/reports/pricing/-/tree/lmps-rt-five-min-final,2026-09-25T20:08:05Z,
isone:.Z.NEMASSBOST,lmp_rtm_15m_mean,2026-09-22T15:15:00Z,23.58,USD/MWh,PT15M,"US-CT,US-MA,US-ME,US-NH,US-RI,US-VT",isone_rtm,.Z.NEMASSBOST,isone:rt_lmp_5min,https://www.iso-ne.com/isoexpress/web/reports/pricing/-/tree/lmps-rt-five-min-final,2026-09-25T20:08:05Z,
isone:.Z.NEMASSBOST,lmp_rtm_15m_mean,2026-09-22T15:30:00Z,23.3033,USD/MWh,PT15M,"US-CT,US-MA,US-ME,US-NH,US-RI,US-VT",isone_rtm,.Z.NEMASSBOST,isone:rt_lmp_5min,https://www.iso-ne.com/isoexpress/web/reports/pricing/-/tree/lmps-rt-five-min-final,2026-09-25T20:08:05Z,
isone:.Z.NEMASSBOST,lmp_rtm_15m_mean,2026-09-22T15:45:00Z,23.07,USD/MWh,PT15M,"US-CT,US-MA,US-ME,US-NH,US-RI,US-VT",isone_rtm,.Z.NEMASSBOST,isone:rt_lmp_5min,https://www.iso-ne.com/isoexpress/web/reports/pricing/-/tree/lmps-rt-five-min-final,2026-09-25T20:08:05Z,
isone:.Z.NEMASSBOST,lmp_rtm_15m_mean,2026-09-22T16:00:00Z,20.8933,USD/MWh,PT15M,"US-CT,US-MA,US-ME,US-NH,US-RI,US-VT",isone_rtm,.Z.NEMASSBOST,isone:rt_lmp_5min,https://www.iso-ne.com/isoexpress/web/reports/pricing/-/tree/lmps-rt-five-min-final,2026-09-25T20:08:05Z,
isone:.Z.NEMASSBOST,lmp_rtm_15m_mean,2026-09-22T16:15:00Z,19.8667,USD/MWh,PT15M,"US-CT,US-MA,US-ME,US-NH,US-RI,US-VT",isone_rtm,.Z.NEMASSBOST,isone:rt_lmp_5min,https://www.iso-ne.com/isoexpress/web/reports/pricing/-/tree/lmps-rt-five-min-final,2026-09-25T20:08:05Z,
isone:.Z.NEMASSBOST,lmp_rtm_15m_mean,2026-09-22T16:30:00Z,20.2033,USD/MWh,PT15M,"US-CT,US-MA,US-ME,US-NH,US-RI,US-VT",isone_rtm,.Z.NEMASSBOST,isone:rt_lmp_5min,https://www.iso-ne.com/isoexpress/web/reports/pricing/-/tree/lmps-rt-five-min-final,2026-09-25T20:08:05Z,
isone:.Z.NEMASSBOST,lmp_rtm_15m_mean,2026-09-22T16:45:00Z,22.6267,USD/MWh,PT15M,"US-CT,US-MA,US-ME,US-NH,US-RI,US-VT",isone_rtm,.Z.NEMASSBOST,isone:rt_lmp_5min,https://www.iso-ne.com/isoexpress/web/reports/pricing/-/tree/lmps-rt-five-min-final,2026-09-25T20:08:05Z,
isone:.Z.NEMASSBOST,lmp_rtm_15m_mean,2026-09-22T17:00:00Z,23.1133,USD/MWh,PT15M,"US-CT,US-MA,US-ME,US-NH,US-RI,US-VT",isone_rtm,.Z.NEMASSBOST,isone:rt_lmp_5min,https://www.iso-ne.com/isoexpress/web/reports/pricing/-/tree/lmps-rt-five-min-final,2026-09-25T20:08:05Z,
isone:.Z.NEMASSBOST,lmp_rtm_15m_mean,2026-09-22T17:15:00Z,24.3267,USD/MWh,PT15M,"US-CT,US-MA,US-ME,US-NH,US-RI,US-VT",isone_rtm,.Z.NEMASSBOST,isone:rt_lmp_5min,https://www.iso-ne.com/isoexpress/web/reports/pricing/-/tree/lmps-rt-five-min-final,2026-09-25T20:08:05Z,
isone:.Z.NEMASSBOST,lmp_rtm_15m_mean,2026-09-22T17:30:00Z,26.75,USD/MWh,PT15M,"US-CT,US-MA,US-ME,US-NH,US-RI,US-VT",isone_rtm,.Z.NEMASSBOST,isone:rt_lmp_5min,https://www.iso-ne.com/isoexpress/web/reports/pricing/-/tree/lmps-rt-five-min-final,2026-09-25T20:08:05Z,
isone:.Z.NEMASSBOST,lmp_rtm_15m_mean,2026-09-22T17:45:00Z,26.8833,USD/MWh,PT15M,"US-CT,US-MA,US-ME,US-NH,US-RI,US-VT",isone_rtm,.Z.NEMASSBOST,isone:rt_lmp_5min,https://www.iso-ne.com/isoexpress/web/reports/pricing/-/tree/lmps-rt-five-min-final,2026-09-25T20:08:05Z,
isone:.Z.NEMASSBOST,lmp_rtm_15m_mean,2026-09-22T18:00:00Z,26.2367,USD/MWh,PT15M,"US-CT,US-MA,US-ME,US-NH,US-RI,US-VT",isone_rtm,.Z.NEMASSBOST,isone:rt_lmp_5min,https://www.iso-ne.com/isoexpress/web/reports/pricing/-/tree/lmps-rt-five-min-final,2026-09-25T20:08:05Z,
isone:.Z.NEMASSBOST,lmp_rtm_15m_mean,2026-09-22T18:15:00Z,26.1267,USD/MWh,PT15M,"US-CT,US-MA,US-ME,US-NH,US-RI,US-VT",isone_rtm,.Z.NEMASSBOST,isone:rt_lmp_5min,https://www.iso-ne.com/isoexpress/web/reports/pricing/-/tree/lmps-rt-five-min-final,2026-09-25T20:08:05Z,
isone:.Z.NEMASSBOST,lmp_rtm_15m_mean,2026-09-22T18:30:00Z,25.1333,USD/MWh,PT15M,"US-CT,US-MA,US-ME,US-NH,US-RI,US-VT",isone_rtm,.Z.NEMASSBOST,isone:rt_lmp_5min,https://www.iso-ne.com/isoexpress/web/reports/pricing/-/tree/lmps-rt-five-min-final,2026-09-25T20:08:05Z,
isone:.Z.NEMASSBOST,lmp_rtm_15m_mean,2026-09-22T18:45:00Z,25.2033,USD/MWh,PT15M,"US-CT,US-MA,US-ME,US-NH,US-RI,US-VT",isone_rtm,.Z.NEMASSBOST,isone:rt_lmp_5min,https://www.iso-ne.com/isoexpress/web/reports/pricing/-/tree/lmps-rt-five-min-final,2026-09-25T20:08:05Z,
isone:.Z.NEMASSBOST,lmp_rtm_15m_mean,2026-09-22T19:00:00Z,25.31,USD/MWh,PT15M,"US-CT,US-MA,US-ME,US-NH,US-RI,US-VT",isone_rtm,.Z.NEMASSBOST,isone:rt_lmp_5min,https://www.iso-ne.com/isoexpress/web/reports/pricing/-/tree/lmps-rt-five-min-final,2026-09-25T20:08:05Z,
isone:.Z.NEMASSBOST,lmp_rtm_15m_mean,2026-09-22T19:15:00Z,26.4933,USD/MWh,PT15M,"US-CT,US-MA,US-ME,US-NH,US-RI,US-VT",isone_rtm,.Z.NEMASSBOST,isone:rt_lmp_5min,https://www.iso-ne.com/isoexpress/web/reports/pricing/-/tree/lmps-rt-five-min-final,2026-09-25T20:08:05Z,
isone:.Z.NEMASSBOST,lmp_rtm_15m_mean,2026-09-22T19:30:00Z,27.0033,USD/MWh,PT15M,"US-CT,US-MA,US-ME,US-NH,US-RI,US-VT",isone_rtm,.Z.NEMASSBOST,isone:rt_lmp_5min,https://www.iso-ne.com/isoexpress/web/reports/pricing/-/tree/lmps-rt-five-min-final,2026-09-25T20:08:05Z,
isone:.Z.NEMASSBOST,lmp_rtm_15m_mean,2026-09-22T19:45:00Z,27.5067,USD/MWh,PT15M,"US-CT,US-MA,US-ME,US-NH,US-RI,US-VT",isone_rtm,.Z.NEMASSBOST,isone:rt_lmp_5min,https://www.iso-ne.com/isoexpress/web/reports/pricing/-/tree/lmps-rt-five-min-final,2026-09-25T20:08:05Z,
isone:.Z.NEMASSBOST,lmp_rtm_15m_mean,2026-09-22T20:00:00Z,24.0333,USD/MWh,PT15M,"US-CT,US-MA,US-ME,US-NH,US-RI,US-VT",isone_rtm,.Z.NEMASSBOST,isone:rt_lmp_5min,https://www.iso-ne.com/isoexpress/web/reports/pricing/-/tree/lmps-rt-five-min-final,2026-09-25T20:08:05Z,
isone:.Z.NEMASSBOST,lmp_rtm_15m_mean,2026-09-22T20:15:00Z,24.16,USD/MWh,PT15M,"US-CT,US-MA,US-ME,US-NH,US-RI,US-VT",isone_rtm,.Z.NEMASSBOST,isone:rt_lmp_5min,https://www.iso-ne.com/isoexpress/web/reports/pricing/-/tree/lmps-rt-five-min-final,2026-09-25T20:08:05Z,
isone:.Z.NEMASSBOST,lmp_rtm_15m_mean,2026-09-22T20:30:00Z,27.5633,USD/MWh,PT15M,"US-CT,US-MA,US-ME,US-NH,US-RI,US-VT",isone_rtm,.Z.NEMASSBOST,isone:rt_lmp_5min,https://www.iso-ne.com/isoexpress/web/reports/pricing/-/tree/lmps-rt-five-min-final,2026-09-25T20:08:05Z,
isone:.Z.NEMASSBOST,lmp_rtm_15m_mean,2026-09-22T20:45:00Z,31.12,USD/MWh,PT15M,"US-CT,US-MA,US-ME,US-NH,US-RI,US-VT",isone_rtm,.Z.NEMASSBOST,isone:rt_lmp_5min,https://www.iso-ne.com/isoexpress/web/reports/pricing/-/tree/lmps-rt-five-min-final,2026-09-25T20:08:05Z,
isone:.Z.NEMASSBOST,lmp_rtm_15m_mean,2026-09-22T21:00:00Z,28.2867,USD/MWh,PT15M,"US-CT,US-MA,US-ME,US-NH,US-RI,US-VT",isone_rtm,.Z.NEMASSBOST,isone:rt_lmp_5min,https://www.iso-ne.com/isoexpress/web/reports/pricing/-/tree/lmps-rt-five-min-final,2026-09-25T20:08:05Z,
isone:.Z.NEMASSBOST,lmp_rtm_15m_mean,2026-09-22T21:15:00Z,25.1433,USD/MWh,PT15M,"US-CT,US-MA,US-ME,US-NH,US-RI,US-VT",isone_rtm,.Z.NEMASSBOST,isone:rt_lmp_5min,https://www.iso-ne.com/isoexpress/web/reports/pricing/-/tree/lmps-rt-five-min-final,2026-09-25T20:08:05Z,
isone:.Z.NEMASSBOST,lmp_rtm_15m_mean,2026-09-22T21:30:00Z,28.2633,USD/MWh,PT15M,"US-CT,US-MA,US-ME,US-NH,US-RI,US-VT",isone_rtm,.Z.NEMASSBOST,isone:rt_lmp_5min,https://www.iso-ne.com/isoexpress/web/reports/pricing/-/tree/lmps-rt-five-min-final,2026-09-25T20:08:05Z,
isone:.Z.NEMASSBOST,lmp_rtm_15m_mean,2026-09-22T21:45:00Z,30.0633,USD/MWh,PT15M,"US-CT,US-MA,US-ME,US-NH,US-RI,US-VT",isone_rtm,.Z.NEMASSBOST,isone:rt_lmp_5min,https://www.iso-ne.com/isoexpress/web/reports/pricing/-/tree/lmps-rt-five-min-final,2026-09-25T20:08:05Z,
isone:.Z.NEMASSBOST,lmp_rtm_15m_mean,2026-09-22T22:00:00Z,28.28,USD/MWh,PT15M,"US-CT,US-MA,US-ME,US-NH,US-RI,US-VT",isone_rtm,.Z.NEMASSBOST,isone:rt_lmp_5min,https://www.iso-ne.com/isoexpress/web/reports/pricing/-/tree/lmps-rt-five-min-final,2026-09-25T20:08:05Z,
isone:.Z.NEMASSBOST,lmp_rtm_15m_mean,2026-09-22T22:15:00Z,31.16,USD/MWh,PT15M,"US-CT,US-MA,US-ME,US-NH,US-RI,US-VT",isone_rtm,.Z.NEMASSBOST,isone:rt_lmp_5min,https://www.iso-ne.com/isoexpress/web/reports/pricing/-/tree/lmps-rt-five-min-final,2026-09-25T20:08:05Z,
isone:.Z.NEMASSBOST,lmp_rtm_15m_mean,2026-09-22T22:30:00Z,33.5733,USD/MWh,PT15M,"US-CT,US-MA,US-ME,US-NH,US-RI,US-VT",isone_rtm,.Z.NEMASSBOST,isone:rt_lmp_5min,https://www.iso-ne.com/isoexpress/web/reports/pricing/-/tree/lmps-rt-five-min-final,2026-09-25T20:08:05Z,
isone:.Z.NEMASSBOST,lmp_rtm_15m_mean,2026-09-22T22:45:00Z,34.17,USD/MWh,PT15M,"US-CT,US-MA,US-ME,US-NH,US-RI,US-VT",isone_rtm,.Z.NEMASSBOST,isone:rt_lmp_5min,https://www.iso-ne.com/isoexpress/web/reports/pricing/-/tree/lmps-rt-five-min-final,2026-09-25T20:08:05Z,
isone:.Z.NEMASSBOST,lmp_rtm_15m_mean,2026-09-22T23:00:00Z,33.0667,USD/MWh,PT15M,"US-CT,US-MA,US-ME,US-NH,US-RI,US-VT",isone_rtm,.Z.NEMASSBOST,isone:rt_lmp_5min,https://www.iso-ne.com/isoexpress/web/reports/pricing/-/tree/lmps-rt-five-min-final,2026-09-25T20:08:05Z,
isone:.Z.NEMASSBOST,lmp_rtm_15m_mean,2026-09-22T23:15:00Z,30.1767,USD/MWh,PT15M,"US-CT,US-MA,US-ME,US-NH,US-RI,US-VT",isone_rtm,.Z.NEMASSBOST,isone:rt_lmp_5min,https://www.iso-ne.com/isoexpress/web/reports/pricing/-/tree/lmps-rt-five-min-final,2026-09-25T20:08:05Z,
isone:.Z.NEMASSBOST,lmp_rtm_15m_mean,2026-09-22T23:30:00Z,31.5467,USD/MWh,PT15M,"US-CT,US-MA,US-ME,US-NH,US-RI,US-VT",isone_rtm,.Z.NEMASSBOST,isone:rt_lmp_5min,https://www.iso-ne.com/isoexpress/web/reports/pricing/-/tree/lmps-rt-five-min-final,2026-09-25T20:08:05Z,
isone:.Z.NEMASSBOST,lmp_rtm_15m_mean,2026-09-22T23:45:00Z,30.9467,USD/MWh,PT15M,"US-CT,US-MA,US-ME,US-NH,US-RI,US-VT",isone_rtm,.Z.NEMASSBOST,isone:rt_lmp_5min,https://www.iso-ne.com/isoexpress/web/reports/pricing/-/tree/lmps-rt-five-min-final,2026-09-25T20:08:05Z,
isone:.Z.NEMASSBOST,lmp_rtm_15m_mean,2026-09-23T00:00:00Z,39.4033,USD/MWh,PT15M,"US-CT,US-MA,US-ME,US-NH,US-RI,US-VT",isone_rtm,.Z.NEMASSBOST,isone:rt_lmp_5min,https://www.iso-ne.com/isoexpress/web/reports/pricing/-/tree/lmps-rt-five-min-final,2026-09-25T20:08:05Z,
isone:.Z.NEMASSBOST,lmp_rtm_15m_mean,2026-09-23T00:15:00Z,35.22,USD/MWh,PT15M,"US-CT,US-MA,US-ME,US-NH,US-RI,US-VT",isone_rtm,.Z.NEMASSBOST,isone:rt_lmp_5min,https://www.iso-ne.com/isoexpress/web/reports/pricing/-/tree/lmps-rt-five-min-final,2026-09-25T20:08:05Z,
isone:.Z.NEMASSBOST,lmp_rtm_15m_mean,2026-09-23T00:30:00Z,29.55,USD/MWh,PT15M,"US-CT,US-MA,US-ME,US-NH,US-RI,US-VT",isone_rtm,.Z.NEMASSBOST,isone:rt_lmp_5min,https://www.iso-ne.com/isoexpress/web/reports/pricing/-/tree/lmps-rt-five-min-final,2026-09-25T20:08:05Z,
isone:.Z.NEMASSBOST,lmp_rtm_15m_mean,2026-09-23T00:45:00Z,29.0367,USD/MWh,PT15M,"US-CT,US-MA,US-ME,US-NH,US-RI,US-VT",isone_rtm,.Z.NEMASSBOST,isone:rt_lmp_5min,https://www.iso-ne.com/isoexpress/web/reports/pricing/-/tree/lmps-rt-five-min-final,2026-09-25T20:08:05Z,
isone:.Z.NEMASSBOST,lmp_rtm_15m_mean,2026-09-23T01:00:00Z,33.74,USD/MWh,PT15M,"US-CT,US-MA,US-ME,US-NH,US-RI,US-VT",isone_rtm,.Z.NEMASSBOST,isone:rt_lmp_5min,https://www.iso-ne.com/isoexpress/web/reports/pricing/-/tree/lmps-rt-five-min-final,2026-09-25T20:08:05Z,
isone:.Z.NEMASSBOST,lmp_rtm_15m_mean,2026-09-23T01:15:00Z,30.6467,USD/MWh,PT15M,"US-CT,US-MA,US-ME,US-NH,US-RI,US-VT",isone_rtm,.Z.NEMASSBOST,isone:rt_lmp_5min,https://www.iso-ne.com/isoexpress/web/reports/pricing/-/tree/lmps-rt-five-min-final,2026-09-25T20:08:05Z,
isone:.Z.NEMASSBOST,lmp_rtm_15m_mean,2026-09-23T01:30:00Z,29.8567,USD/MWh,PT15M,"US-CT,US-MA,US-ME,US-NH,US-RI,US-VT",isone_rtm,.Z.NEMASSBOST,isone:rt_lmp_5min,https://www.iso-ne.com/isoexpress/web/reports/pricing/-/tree/lmps-rt-five-min-final,2026-09-25T20:08:05Z,
isone:.Z.NEMASSBOST,lmp_rtm_15m_mean,2026-09-23T01:45:00Z,27.9533,USD/MWh,PT15M,"US-CT,US-MA,US-ME,US-NH,US-RI,US-VT",isone_rtm,.Z.NEMASSBOST,isone:rt_lmp_5min,https://www.iso-ne.com/isoexpress/web/reports/pricing/-/tree/lmps-rt-five-min-final,2026-09-25T20:08:05Z,
isone:.Z.NEMASSBOST,lmp_rtm_15m_mean,2026-09-23T02:00:00Z,28.2933,USD/MWh,PT15M,"US-CT,US-MA,US-ME,US-NH,US-RI,US-VT",isone_rtm,.Z.NEMASSBOST,isone:rt_lmp_5min,https://www.iso-ne.com/isoexpress/web/reports/pricing/-/tree/lmps-rt-five-min-final,2026-09-25T20:08:05Z,
isone:.Z.NEMASSBOST,lmp_rtm_15m_mean,2026-09-23T02:15:00Z,28.07,USD/MWh,PT15M,"US-CT,US-MA,US-ME,US-NH,US-RI,US-VT",isone_rtm,.Z.NEMASSBOST,isone:rt_lmp_5min,https://www.iso-ne.com/isoexpress/web/reports/pricing/-/tree/lmps-rt-five-min-final,2026-09-25T20:08:05Z,
isone:.Z.NEMASSBOST,lmp_rtm_15m_mean,2026-09-23T02:30:00Z,26.93,USD/MWh,PT15M,"US-CT,US-MA,US-ME,US-NH,US-RI,US-VT",isone_rtm,.Z.NEMASSBOST,isone:rt_lmp_5min,https://www.iso-ne.com/isoexpress/web/reports/pricing/-/tree/lmps-rt-five-min-final,2026-09-25T20:08:05Z,
isone:.Z.NEMASSBOST,lmp_rtm_15m_mean,2026-09-23T02:45:00Z,24.01,USD/MWh,PT15M,"US-CT,US-MA,US-ME,US-NH,US-RI,US-VT",isone_rtm,.Z.NEMASSBOST,isone:rt_lmp_5min,https://www.iso-ne.com/isoexpress/web/reports/pricing/-/tree/lmps-rt-five-min-final,2026-09-25T20:08:05Z,
isone:.Z.NEMASSBOST,lmp_rtm_15m_mean,2026-09-23T03:00:00Z,24.4333,USD/MWh,PT15M,"US-CT,US-MA,US-ME,US-NH,US-RI,US-VT",isone_rtm,.Z.NEMASSBOST,isone:rt_lmp_5min,https://www.iso-ne.com/isoexpress/web/reports/pricing/-/tree/lmps-rt-five-min-final,2026-09-25T20:08:05Z,
isone:.Z.NEMASSBOST,lmp_rtm_15m_mean,2026-09-23T03:15:00Z,26.7367,USD/MWh,PT15M,"US-CT,US-MA,US-ME,US-NH,US-RI,US-VT",isone_rtm,.Z.NEMASSBOST,isone:rt_lmp_5min,https://www.iso-ne.com/isoexpress/web/reports/pricing/-/tree/lmps-rt-five-min-final,2026-09-25T20:08:05Z,
isone:.Z.NEMASSBOST,lmp_rtm_15m_mean,2026-09-23T03:30:00Z,25.7567,USD/MWh,PT15M,"US-CT,US-MA,US-ME,US-NH,US-RI,US-VT",isone_rtm,.Z.NEMASSBOST,isone:rt_lmp_5min,https://www.iso-ne.com/isoexpress/web/reports/pricing/-/tree/lmps-rt-five-min-final,2026-09-25T20:08:05Z,
isone:.Z.NEMASSBOST,lmp_rtm_15m_mean,2026-09-23T03:45:00Z,25.3267,USD/MWh,PT15M,"US-CT,US-MA,US-ME,US-NH,US-RI,US-VT",isone_rtm,.Z.NEMASSBOST,isone:rt_lmp_5min,https://www.iso-ne.com/isoexpress/web/reports/pricing/-/tree/lmps-rt-five-min-final,2026-09-25T20:08:05Z,
isone:.Z.NEMASSBOST,lmp_rtm_15m_mean,2026-09-23T04:00:00Z,25.6533,USD/MWh,PT15M,"US-CT,US-MA,US-ME,US-NH,US-RI,US-VT",isone_rtm,.Z.NEMASSBOST,isone:rt_lmp_5min,https://www.iso-ne.com/isoexpress/web/reports/pricing/-/tree/lmps-rt-five-min-final,2026-09-25T20:08:21Z,
isone:.Z.NEMASSBOST,lmp_rtm_15m_mean,2026-09-23T04:15:00Z,27.7067,USD/MWh,PT15M,"US-CT,US-MA,US-ME,US-NH,US-RI,US-VT",isone_rtm,.Z.NEMASSBOST,isone:rt_lmp_5min,https://www.iso-ne.com/isoexpress/web/reports/pricing/-/tree/lmps-rt-five-min-final,2026-09-25T20:08:21Z,
isone:.Z.NEMASSBOST,lmp_rtm_15m_mean,2026-09-23T04:30:00Z,27.0367,USD/MWh,PT15M,"US-CT,US-MA,US-ME,US-NH,US-RI,US-VT",isone_rtm,.Z.NEMASSBOST,isone:rt_lmp_5min,https://www.iso-ne.com/isoexpress/web/reports/pricing/-/tree/lmps-rt-five-min-final,2026-09-25T20:08:21Z,
isone:.Z.NEMASSBOST,lmp_rtm_15m_mean,2026-09-23T04:45:00Z,24.78,USD/MWh,PT15M,"US-CT,US-MA,US-ME,US-NH,US-RI,US-VT",isone_rtm,.Z.NEMASSBOST,isone:rt_lmp_5min,https://www.iso-ne.com/isoexpress/web/reports/pricing/-/tree/lmps-rt-five-min-final,2026-09-25T20:08:21Z,
isone:.Z.NEMASSBOST,lmp_rtm_15m_mean,2026-09-23T05:00:00Z,24.09,USD/MWh,PT15M,"US-CT,US-MA,US-ME,US-NH,US-RI,US-VT",isone_rtm,.Z.NEMASSBOST,isone:rt_lmp_5min,https://www.iso-ne.com/isoexpress/web/reports/pricing/-/tree/lmps-rt-five-min-final,2026-09-25T20:08:21Z,
isone:.Z.NEMASSBOST,lmp_rtm_15m_mean,2026-09-23T05:15:00Z,23.3967,USD/MWh,PT15M,"US-CT,US-MA,US-ME,US-NH,US-RI,US-VT",isone_rtm,.Z.NEMASSBOST,isone:rt_lmp_5min,https://www.iso-ne.com/isoexpress/web/reports/pricing/-/tree/lmps-rt-five-min-final,2026-09-25T20:08:21Z,
isone:.Z.NEMASSBOST,lmp_rtm_15m_mean,2026-09-23T05:30:00Z,22.8333,USD/MWh,PT15M,"US-CT,US-MA,US-ME,US-NH,US-RI,US-VT",isone_rtm,.Z.NEMASSBOST,isone:rt_lmp_5min,https://www.iso-ne.com/isoexpress/web/reports/pricing/-/tree/lmps-rt-five-min-final,2026-09-25T20:08:21Z,
isone:.Z.NEMASSBOST,lmp_rtm_15m_mean,2026-09-23T05:45:00Z,22.39,USD/MWh,PT15M,"US-CT,US-MA,US-ME,US-NH,US-RI,US-VT",isone_rtm,.Z.NEMASSBOST,isone:rt_lmp_5min,https://www.iso-ne.com/isoexpress/web/reports/pricing/-/tree/lmps-rt-five-min-final,2026-09-25T20:08:21Z,
isone:.Z.NEMASSBOST,lmp_rtm_15m_mean,2026-09-23T06:00:00Z,22.4633,USD/MWh,PT15M,"US-CT,US-MA,US-ME,US-NH,US-RI,US-VT",isone_rtm,.Z.NEMASSBOST,isone:rt_lmp_5min,https://www.iso-ne.com/isoexpress/web/reports/pricing/-/tree/lmps-rt-five-min-final,2026-09-25T20:08:21Z,
isone:.Z.NEMASSBOST,lmp_rtm_15m_mean,2026-09-23T06:15:00Z,23.03,USD/MWh,PT15M,"US-CT,US-MA,US-ME,US-NH,US-RI,US-VT",isone_rtm,.Z.NEMASSBOST,isone:rt_lmp_5min,https://www.iso-ne.com/isoexpress/web/reports/pricing/-/tree/lmps-rt-five-min-final,2026-09-25T20:08:21Z,
isone:.Z.NEMASSBOST,lmp_rtm_15m_mean,2026-09-23T06:30:00Z,23.4733,USD/MWh,PT15M,"US-CT,US-MA,US-ME,US-NH,US-RI,US-VT",isone_rtm,.Z.NEMASSBOST,isone:rt_lmp_5min,https://www.iso-ne.com/isoexpress/web/reports/pricing/-/tree/lmps-rt-five-min-final,2026-09-25T20:08:21Z,
isone:.Z.NEMASSBOST,lmp_rtm_15m_mean,2026-09-23T06:45:00Z,23.2567,USD/MWh,PT15M,"US-CT,US-MA,US-ME,US-NH,US-RI,US-VT",isone_rtm,.Z.NEMASSBOST,isone:rt_lmp_5min,https://www.iso-ne.com/isoexpress/web/reports/pricing/-/tree/lmps-rt-five-min-final,2026-09-25T20:08:21Z,
isone:.Z.NEMASSBOST,lmp_rtm_15m_mean,2026-09-23T07:00:00Z,22.91,USD/MWh,PT15M,"US-CT,US-MA,US-ME,US-NH,US-RI,US-VT",isone_rtm,.Z.NEMASSBOST,isone:rt_lmp_5min,https://www.iso-ne.com/isoexpress/web/reports/pricing/-/tree/lmps-rt-five-min-final,2026-09-25T20:08:21Z,
isone:.Z.NEMASSBOST,lmp_rtm_15m_mean,2026-09-23T07:15:00Z,22.9233,USD/MWh,PT15M,"US-CT,US-MA,US-ME,US-NH,US-RI,US-VT",isone_rtm,.Z.NEMASSBOST,isone:rt_lmp_5min,https://www.iso-ne.com/isoexpress/web/reports/pricing/-/tree/lmps-rt-five-min-final,2026-09-25T20:08:21Z,
isone:.Z.NEMASSBOST,lmp_rtm_15m_mean,2026-09-23T07:30:00Z,23.3533,USD/MWh,PT15M,"US-CT,US-MA,US-ME,US-NH,US-RI,US-VT",isone_rtm,.Z.NEMASSBOST,isone:rt_lmp_5min,https://www.iso-ne.com/isoexpress/web/reports/pricing/-/tree/lmps-rt-five-min-final,2026-09-25T20:08:21Z,
isone:.Z.NEMASSBOST,lmp_rtm_15m_mean,2026-09-23T07:45:00Z,23.4867,USD/MWh,PT15M,"US-CT,US-MA,US-ME,US-NH,US-RI,US-VT",isone_rtm,.Z.NEMASSBOST,isone:rt_lmp_5min,https://www.iso-ne.com/isoexpress/web/reports/pricing/-/tree/lmps-rt-five-min-final,2026-09-25T20:08:21Z,
isone:.Z.NEMASSBOST,lmp_rtm_15m_mean,2026-09-23T08:00:00Z,23.3667,USD/MWh,PT15M,"US-CT,US-MA,US-ME,US-NH,US-RI,US-VT",isone_rtm,.Z.NEMASSBOST,isone:rt_lmp_5min,https://www.iso-ne.com/isoexpress/web/reports/pricing/-/tree/lmps-rt-five-min-final,2026-09-25T20:08:21Z,
isone:.Z.NEMASSBOST,lmp_rtm_15m_mean,2026-09-23T08:15:00Z,23.1467,USD/MWh,PT15M,"US-CT,US-MA,US-ME,US-NH,US-RI,US-VT",isone_rtm,.Z.NEMASSBOST,isone:rt_lmp_5min,https://www.iso-ne.com/isoexpress/web/reports/pricing/-/tree/lmps-rt-five-min-final,2026-09-25T20:08:21Z,
isone:.Z.NEMASSBOST,lmp_rtm_15m_mean,2026-09-23T08:30:00Z,23.4833,USD/MWh,PT15M,"US-CT,US-MA,US-ME,US-NH,US-RI,US-VT",isone_rtm,.Z.NEMASSBOST,isone:rt_lmp_5min,https://www.iso-ne.com/isoexpress/web/reports/pricing/-/tree/lmps-rt-five-min-final,2026-09-25T20:08:21Z,
isone:.Z.NEMASSBOST,lmp_rtm_15m_mean,2026-09-23T08:45:00Z,23.6767,USD/MWh,PT15M,"US-CT,US-MA,US-ME,US-NH,US-RI,US-VT",isone_rtm,.Z.NEMASSBOST,isone:rt_lmp_5min,https://www.iso-ne.com/isoexpress/web/reports/pricing/-/tree/lmps-rt-five-min-final,2026-09-25T20:08:21Z,
isone:.Z.NEMASSBOST,lmp_rtm_15m_mean,2026-09-23T09:00:00Z,23.3533,USD/MWh,PT15M,"US-CT,US-MA,US-ME,US-NH,US-RI,US-VT",isone_rtm,.Z.NEMASSBOST,isone:rt_lmp_5min,https://www.iso-ne.com/isoexpress/web/reports/pricing/-/tree/lmps-rt-five-min-final,2026-09-25T20:08:21Z,
isone:.Z.NEMASSBOST,lmp_rtm_15m_mean,2026-09-23T09:15:00Z,25.7833,USD/MWh,PT15M,"US-CT,US-MA,US-ME,US-NH,US-RI,US-VT",isone_rtm,.Z.NEMASSBOST,isone:rt_lmp_5min,https://www.iso-ne.com/isoexpress/web/reports/pricing/-/tree/lmps-rt-five-min-final,2026-09-25T20:08:21Z,
isone:.Z.NEMASSBOST,lmp_rtm_15m_mean,2026-09-23T09:30:00Z,31.4567,USD/MWh,PT15M,"US-CT,US-MA,US-ME,US-NH,US-RI,US-VT",isone_rtm,.Z.NEMASSBOST,isone:rt_lmp_5min,https://www.iso-ne.com/isoexpress/web/reports/pricing/-/tree/lmps-rt-five-min-final,2026-09-25T20:08:21Z,
isone:.Z.NEMASSBOST,lmp_rtm_15m_mean,2026-09-23T09:45:00Z,35.7767,USD/MWh,PT15M,"US-CT,US-MA,US-ME,US-NH,US-RI,US-VT",isone_rtm,.Z.NEMASSBOST,isone:rt_lmp_5min,https://www.iso-ne.com/isoexpress/web/reports/pricing/-/tree/lmps-rt-five-min-final,2026-09-25T20:08:21Z,
isone:.Z.NEMASSBOST,lmp_rtm_15m_mean,2026-09-23T10:00:00Z,27.24,USD/MWh,PT15M,"US-CT,US-MA,US-ME,US-NH,US-RI,US-VT",isone_rtm,.Z.NEMASSBOST,isone:rt_lmp_5min,https://www.iso-ne.com/isoexpress/web/reports/pricing/-/tree/lmps-rt-five-min-final,2026-09-25T20:08:21Z,
isone:.Z.NEMASSBOST,lmp_rtm_15m_mean,2026-09-23T10:15:00Z,28.7433,USD/MWh,PT15M,"US-CT,US-MA,US-ME,US-NH,US-RI,US-VT",isone_rtm,.Z.NEMASSBOST,isone:rt_lmp_5min,https://www.iso-ne.com/isoexpress/web/reports/pricing/-/tree/lmps-rt-five-min-final,2026-09-25T20:08:21Z,
isone:.Z.NEMASSBOST,lmp_rtm_15m_mean,2026-09-23T10:30:00Z,34.4,USD/MWh,PT15M,"US-CT,US-MA,US-ME,US-NH,US-RI,US-VT",isone_rtm,.Z.NEMASSBOST,isone:rt_lmp_5min,https://www.iso-ne.com/isoexpress/web/reports/pricing/-/tree/lmps-rt-five-min-final,2026-09-25T20:08:21Z,
isone:.Z.NEMASSBOST,lmp_rtm_15m_mean,2026-09-23T10:45:00Z,36.31,USD/MWh,PT15M,"US-CT,US-MA,US-ME,US-NH,US-RI,US-VT",isone_rtm,.Z.NEMASSBOST,isone:rt_lmp_5min,https://www.iso-ne.com/isoexpress/web/reports/pricing/-/tree/lmps-rt-five-min-final,2026-09-25T20:08:21Z,
isone:.Z.NEMASSBOST,lmp_rtm_15m_mean,2026-09-23T11:00:00Z,28.05,USD/MWh,PT15M,"US-CT,US-MA,US-ME,US-NH,US-RI,US-VT",isone_rtm,.Z.NEMASSBOST,isone:rt_lmp_5min,https://www.iso-ne.com/isoexpress/web/reports/pricing/-/tree/lmps-rt-five-min-final,2026-09-25T20:08:21Z,
isone:.Z.NEMASSBOST,lmp_rtm_15m_mean,2026-09-23T11:15:00Z,24.64,USD/MWh,PT15M,"US-CT,US-MA,US-ME,US-NH,US-RI,US-VT",isone_rtm,.Z.NEMASSBOST,isone:rt_lmp_5min,https://www.iso-ne.com/isoexpress/web/reports/pricing/-/tree/lmps-rt-five-min-final,2026-09-25T20:08:21Z,
isone:.Z.NEMASSBOST,lmp_rtm_15m_mean,2026-09-23T11:30:00Z,24.12,USD/MWh,PT15M,"US-CT,US-MA,US-ME,US-NH,US-RI,US-VT",isone_rtm,.Z.NEMASSBOST,isone:rt_lmp_5min,https://www.iso-ne.com/isoexpress/web/reports/pricing/-/tree/lmps-rt-five-min-final,2026-09-25T20:08:21Z,
isone:.Z.NEMASSBOST,lmp_rtm_15m_mean,2026-09-23T11:45:00Z,23.71,USD/MWh,PT15M,"US-CT,US-MA,US-ME,US-NH,US-RI,US-VT",isone_rtm,.Z.NEMASSBOST,isone:rt_lmp_5min,https://www.iso-ne.com/isoexpress/web/reports/pricing/-/tree/lmps-rt-five-min-final,2026-09-25T20:08:21Z,
isone:.Z.NEMASSBOST,lmp_rtm_15m_mean,2026-09-23T12:00:00Z,32.97,USD/MWh,PT15M,"US-CT,US-MA,US-ME,US-NH,US-RI,US-VT",isone_rtm,.Z.NEMASSBOST,isone:rt_lmp_5min,https://www.iso-ne.com/isoexpress/web/reports/pricing/-/tree/lmps-rt-five-min-final,2026-09-25T20:08:21Z,
isone:.Z.NEMASSBOST,lmp_rtm_15m_mean,2026-09-23T12:15:00Z,27.2167,USD/MWh,PT15M,"US-CT,US-MA,US-ME,US-NH,US-RI,US-VT",isone_rtm,.Z.NEMASSBOST,isone:rt_lmp_5min,https://www.iso-ne.com/isoexpress/web/reports/pricing/-/tree/lmps-rt-five-min-final,2026-09-25T20:08:21Z,
isone:.Z.NEMASSBOST,lmp_rtm_15m_mean,2026-09-23T12:30:00Z,22.8133,USD/MWh,PT15M,"US-CT,US-MA,US-ME,US-NH,US-RI,US-VT",isone_rtm,.Z.NEMASSBOST,isone:rt_lmp_5min,https://www.iso-ne.com/isoexpress/web/reports/pricing/-/tree/lmps-rt-five-min-final,2026-09-25T20:08:21Z,
isone:.Z.NEMASSBOST,lmp_rtm_15m_mean,2026-09-23T12:45:00Z,14.42,USD/MWh,PT15M,"US-CT,US-MA,US-ME,US-NH,US-RI,US-VT",isone_rtm,.Z.NEMASSBOST,isone:rt_lmp_5min,https://www.iso-ne.com/isoexpress/web/reports/pricing/-/tree/lmps-rt-five-min-final,2026-09-25T20:08:21Z,
isone:.Z.NEMASSBOST,lmp_rtm_15m_mean,2026-09-23T13:00:00Z,15.2567,USD/MWh,PT15M,"US-CT,US-MA,US-ME,US-NH,US-RI,US-VT",isone_rtm,.Z.NEMASSBOST,isone:rt_lmp_5min,https://www.iso-ne.com/isoexpress/web/reports/pricing/-/tree/lmps-rt-five-min-final,2026-09-25T20:08:21Z,
isone:.Z.NEMASSBOST,lmp_rtm_15m_mean,2026-09-23T13:15:00Z,17.8,USD/MWh,PT15M,"US-CT,US-MA,US-ME,US-NH,US-RI,US-VT",isone_rtm,.Z.NEMASSBOST,isone:rt_lmp_5min,https://www.iso-ne.com/isoexpress/web/reports/pricing/-/tree/lmps-rt-five-min-final,2026-09-25T20:08:21Z,
isone:.Z.NEMASSBOST,lmp_rtm_15m_mean,2026-09-23T13:30:00Z,15.28,USD/MWh,PT15M,"US-CT,US-MA,US-ME,US-NH,US-RI,US-VT",isone_rtm,.Z.NEMASSBOST,isone:rt_lmp_5min,https://www.iso-ne.com/isoexpress/web/reports/pricing/-/tree/lmps-rt-five-min-final,2026-09-25T20:08:21Z,
isone:.Z.NEMASSBOST,lmp_rtm_15m_mean,2026-09-23T13:45:00Z,0.0467,USD/MWh,PT15M,"US-CT,US-MA,US-ME,US-NH,US-RI,US-VT",isone_rtm,.Z.NEMASSBOST,isone:rt_lmp_5min,https://www.iso-ne.com/isoexpress/web/reports/pricing/-/tree/lmps-rt-five-min-final,2026-09-25T20:08:21Z,
isone:.Z.NEMASSBOST,lmp_rtm_15m_mean,2026-09-23T14:00:00Z,15.3467,USD/MWh,PT15M,"US-CT,US-MA,US-ME,US-NH,US-RI,US-VT",isone_rtm,.Z.NEMASSBOST,isone:rt_lmp_5min,https://www.iso-ne.com/isoexpress/web/reports/pricing/-/tree/lmps-rt-five-min-final,2026-09-25T20:08:21Z,
isone:.Z.NEMASSBOST,lmp_rtm_15m_mean,2026-09-23T14:15:00Z,23.15,USD/MWh,PT15M,"US-CT,US-MA,US-ME,US-NH,US-RI,US-VT",isone_rtm,.Z.NEMASSBOST,isone:rt_lmp_5min,https://www.iso-ne.com/isoexpress/web/reports/pricing/-/tree/lmps-rt-five-min-final,2026-09-25T20:08:21Z,
isone:.Z.NEMASSBOST,lmp_rtm_15m_mean,2026-09-23T14:30:00Z,3.7033,USD/MWh,PT15M,"US-CT,US-MA,US-ME,US-NH,US-RI,US-VT",isone_rtm,.Z.NEMASSBOST,isone:rt_lmp_5min,https://www.iso-ne.com/isoexpress/web/reports/pricing/-/tree/lmps-rt-five-min-final,2026-09-25T20:08:21Z,
isone:.Z.NEMASSBOST,lmp_rtm_15m_mean,2026-09-23T14:45:00Z,-34.2967,USD/MWh,PT15M,"US-CT,US-MA,US-ME,US-NH,US-RI,US-VT",isone_rtm,.Z.NEMASSBOST,isone:rt_lmp_5min,https://www.iso-ne.com/isoexpress/web/reports/pricing/-/tree/lmps-rt-five-min-final,2026-09-25T20:08:21Z,
isone:.Z.NEMASSBOST,lmp_rtm_15m_mean,2026-09-23T15:00:00Z,-36.47,USD/MWh,PT15M,"US-CT,US-MA,US-ME,US-NH,US-RI,US-VT",isone_rtm,.Z.NEMASSBOST,isone:rt_lmp_5min,https://www.iso-ne.com/isoexpress/web/reports/pricing/-/tree/lmps-rt-five-min-final,2026-09-25T20:08:21Z,
isone:.Z.NEMASSBOST,lmp_rtm_15m_mean,2026-09-23T15:15:00Z,-0.9,USD/MWh,PT15M,"US-CT,US-MA,US-ME,US-NH,US-RI,US-VT",isone_rtm,.Z.NEMASSBOST,isone:rt_lmp_5min,https://www.iso-ne.com/isoexpress/web/reports/pricing/-/tree/lmps-rt-five-min-final,2026-09-25T20:08:21Z,
isone:.Z.NEMASSBOST,lmp_rtm_15m_mean,2026-09-23T15:30:00Z,10.1867,USD/MWh,PT15M,"US-CT,US-MA,US-ME,US-NH,US-RI,US-VT",isone_rtm,.Z.NEMASSBOST,isone:rt_lmp_5min,https://www.iso-ne.com/isoexpress/web/reports/pricing/-/tree/lmps-rt-five-min-final,2026-09-25T20:08:21Z,
isone:.Z.NEMASSBOST,lmp_rtm_15m_mean,2026-09-23T15:45:00Z,3.3933,USD/MWh,PT15M,"US-CT,US-MA,US-ME,US-NH,US-RI,US-VT",isone_rtm,.Z.NEMASSBOST,isone:rt_lmp_5min,https://www.iso-ne.com/isoexpress/web/reports/pricing/-/tree/lmps-rt-five-min-final,2026-09-25T20:08:21Z,
isone:.Z.NEMASSBOST,lmp_rtm_15m_mean,2026-09-23T16:00:00Z,1.4467,USD/MWh,PT15M,"US-CT,US-MA,US-ME,US-NH,US-RI,US-VT",isone_rtm,.Z.NEMASSBOST,isone:rt_lmp_5min,https://www.iso-ne.com/isoexpress/web/reports/pricing/-/tree/lmps-rt-five-min-final,2026-09-25T20:08:21Z,
isone:.Z.NEMASSBOST,lmp_rtm_15m_mean,2026-09-23T16:15:00Z,21.8933,USD/MWh,PT15M,"US-CT,US-MA,US-ME,US-NH,US-RI,US-VT",isone_rtm,.Z.NEMASSBOST,isone:rt_lmp_5min,https://www.iso-ne.com/isoexpress/web/reports/pricing/-/tree/lmps-rt-five-min-final,2026-09-25T20:08:21Z,
isone:.Z.NEMASSBOST,lmp_rtm_15m_mean,2026-09-23T16:30:00Z,13.27,USD/MWh,PT15M,"US-CT,US-MA,US-ME,US-NH,US-RI,US-VT",isone_rtm,.Z.NEMASSBOST,isone:rt_lmp_5min,https://www.iso-ne.com/isoexpress/web/reports/pricing/-/tree/lmps-rt-five-min-final,2026-09-25T20:08:21Z,
isone:.Z.NEMASSBOST,lmp_rtm_15m_mean,2026-09-23T16:45:00Z,19.97,USD/MWh,PT15M,"US-CT,US-MA,US-ME,US-NH,US-RI,US-VT",isone_rtm,.Z.NEMASSBOST,isone:rt_lmp_5min,https://www.iso-ne.com/isoexpress/web/reports/pricing/-/tree/lmps-rt-five-min-final,2026-09-25T20:08:21Z,
isone:.Z.NEMASSBOST,lmp_rtm_15m_mean,2026-09-23T17:00:00Z,22.2033,USD/MWh,PT15M,"US-CT,US-MA,US-ME,US-NH,US-RI,US-VT",isone_rtm,.Z.NEMASSBOST,isone:rt_lmp_5min,https://www.iso-ne.com/isoexpress/web/reports/pricing/-/tree/lmps-rt-five-min-final,2026-09-25T20:08:21Z,
isone:.Z.NEMASSBOST,lmp_rtm_15m_mean,2026-09-23T17:15:00Z,20.3967,USD/MWh,PT15M,"US-CT,US-MA,US-ME,US-NH,US-RI,US-VT",isone_rtm,.Z.NEMASSBOST,isone:rt_lmp_5min,https://www.iso-ne.com/isoexpress/web/reports/pricing/-/tree/lmps-rt-five-min-final,2026-09-25T20:08:21Z,
isone:.Z.NEMASSBOST,lmp_rtm_15m_mean,2026-09-23T17:30:00Z,22.0133,USD/MWh,PT15M,"US-CT,US-MA,US-ME,US-NH,US-RI,US-VT",isone_rtm,.Z.NEMASSBOST,isone:rt_lmp_5min,https://www.iso-ne.com/isoexpress/web/reports/pricing/-/tree/lmps-rt-five-min-final,2026-09-25T20:08:21Z,
isone:.Z.NEMASSBOST,lmp_rtm_15m_mean,2026-09-23T17:45:00Z,22.7133,USD/MWh,PT15M,"US-CT,US-MA,US-ME,US-NH,US-RI,US-VT",isone_rtm,.Z.NEMASSBOST,isone:rt_lmp_5min,https://www.iso-ne.com/isoexpress/web/reports/pricing/-/tree/lmps-rt-five-min-final,2026-09-25T20:08:21Z,
isone:.Z.NEMASSBOST,lmp_rtm_15m_mean,2026-09-23T18:00:00Z,22.9567,USD/MWh,PT15M,"US-CT,US-MA,US-ME,US-NH,US-RI,US-VT",isone_rtm,.Z.NEMASSBOST,isone:rt_lmp_5min,https://www.iso-ne.com/isoexpress/web/reports/pricing/-/tree/lmps-rt-five-min-final,2026-09-25T20:08:21Z,
isone:.Z.NEMASSBOST,lmp_rtm_15m_mean,2026-09-23T18:15:00Z,22.3,USD/MWh,PT15M,"US-CT,US-MA,US-ME,US-NH,US-RI,US-VT",isone_rtm,.Z.NEMASSBOST,isone:rt_lmp_5min,https://www.iso-ne.com/isoexpress/web/reports/pricing/-/tree/lmps-rt-five-min-final,2026-09-25T20:08:21Z,
isone:.Z.NEMASSBOST,lmp_rtm_15m_mean,2026-09-23T18:30:00Z,22.34,USD/MWh,PT15M,"US-CT,US-MA,US-ME,US-NH,US-RI,US-VT",isone_rtm,.Z.NEMASSBOST,isone:rt_lmp_5min,https://www.iso-ne.com/isoexpress/web/reports/pricing/-/tree/lmps-rt-five-min-final,2026-09-25T20:08:21Z,
isone:.Z.NEMASSBOST,lmp_rtm_15m_mean,2026-09-23T18:45:00Z,22.7233,USD/MWh,PT15M,"US-CT,US-MA,US-ME,US-NH,US-RI,US-VT",isone_rtm,.Z.NEMASSBOST,isone:rt_lmp_5min,https://www.iso-ne.com/isoexpress/web/reports/pricing/-/tree/lmps-rt-five-min-final,2026-09-25T20:08:21Z,
isone:.Z.NEMASSBOST,lmp_rtm_15m_mean,2026-09-23T19:00:00Z,5.0633,USD/MWh,PT15M,"US-CT,US-MA,US-ME,US-NH,US-RI,US-VT",isone_rtm,.Z.NEMASSBOST,isone:rt_lmp_5min,https://www.iso-ne.com/isoexpress/web/reports/pricing/-/tree/lmps-rt-five-min-final,2026-09-25T20:08:21Z,
isone:.Z.NEMASSBOST,lmp_rtm_15m_mean,2026-09-23T19:15:00Z,21.83,USD/MWh,PT15M,"US-CT,US-MA,US-ME,US-NH,US-RI,US-VT",isone_rtm,.Z.NEMASSBOST,isone:rt_lmp_5min,https://www.iso-ne.com/isoexpress/web/reports/pricing/-/tree/lmps-rt-five-min-final,2026-09-25T20:08:21Z,
isone:.Z.NEMASSBOST,lmp_rtm_15m_mean,2026-09-23T19:30:00Z,24.2267,USD/MWh,PT15M,"US-CT,US-MA,US-ME,US-NH,US-RI,US-VT",isone_rtm,.Z.NEMASSBOST,isone:rt_lmp_5min,https://www.iso-ne.com/isoexpress/web/reports/pricing/-/tree/lmps-rt-five-min-final,2026-09-25T20:08:21Z,
isone:.Z.NEMASSBOST,lmp_rtm_15m_mean,2026-09-23T19:45:00Z,25.9467,USD/MWh,PT15M,"US-CT,US-MA,US-ME,US-NH,US-RI,US-VT",isone_rtm,.Z.NEMASSBOST,isone:rt_lmp_5min,https://www.iso-ne.com/isoexpress/web/reports/pricing/-/tree/lmps-rt-five-min-final,2026-09-25T20:08:21Z,
isone:.Z.NEMASSBOST,lmp_rtm_15m_mean,2026-09-23T20:00:00Z,-5.37,USD/MWh,PT15M,"US-CT,US-MA,US-ME,US-NH,US-RI,US-VT",isone_rtm,.Z.NEMASSBOST,isone:rt_lmp_5min,https://www.iso-ne.com/isoexpress/web/reports/pricing/-/tree/lmps-rt-five-min-final,2026-09-25T20:08:21Z,
isone:.Z.NEMASSBOST,lmp_rtm_15m_mean,2026-09-23T20:15:00Z,-5.5367,USD/MWh,PT15M,"US-CT,US-MA,US-ME,US-NH,US-RI,US-VT",isone_rtm,.Z.NEMASSBOST,isone:rt_lmp_5min,https://www.iso-ne.com/isoexpress/web/reports/pricing/-/tree/lmps-rt-five-min-final,2026-09-25T20:08:21Z,
isone:.Z.NEMASSBOST,lmp_rtm_15m_mean,2026-09-23T20:30:00Z,26.0533,USD/MWh,PT15M,"US-CT,US-MA,US-ME,US-NH,US-RI,US-VT",isone_rtm,.Z.NEMASSBOST,isone:rt_lmp_5min,https://www.iso-ne.com/isoexpress/web/reports/pricing/-/tree/lmps-rt-five-min-final,2026-09-25T20:08:21Z,
isone:.Z.NEMASSBOST,lmp_rtm_15m_mean,2026-09-23T20:45:00Z,29.4067,USD/MWh,PT15M,"US-CT,US-MA,US-ME,US-NH,US-RI,US-VT",isone_rtm,.Z.NEMASSBOST,isone:rt_lmp_5min,https://www.iso-ne.com/isoexpress/web/reports/pricing/-/tree/lmps-rt-five-min-final,2026-09-25T20:08:21Z,
isone:.Z.NEMASSBOST,lmp_rtm_15m_mean,2026-09-23T21:00:00Z,24.26,USD/MWh,PT15M,"US-CT,US-MA,US-ME,US-NH,US-RI,US-VT",isone_rtm,.Z.NEMASSBOST,isone:rt_lmp_5min,https://www.iso-ne.com/isoexpress/web/reports/pricing/-/tree/lmps-rt-five-min-final,2026-09-25T20:08:21Z,
isone:.Z.NEMASSBOST,lmp_rtm_15m_mean,2026-09-23T21:15:00Z,25.55,USD/MWh,PT15M,"US-CT,US-MA,US-ME,US-NH,US-RI,US-VT",isone_rtm,.Z.NEMASSBOST,isone:rt_lmp_5min,https://www.iso-ne.com/isoexpress/web/reports/pricing/-/tree/lmps-rt-five-min-final,2026-09-25T20:08:21Z,
isone:.Z.NEMASSBOST,lmp_rtm_15m_mean,2026-09-23T21:30:00Z,30.7033,USD/MWh,PT15M,"US-CT,US-MA,US-ME,US-NH,US-RI,US-VT",isone_rtm,.Z.NEMASSBOST,isone:rt_lmp_5min,https://www.iso-ne.com/isoexpress/web/reports/pricing/-/tree/lmps-rt-five-min-final,2026-09-25T20:08:21Z,
isone:.Z.NEMASSBOST,lmp_rtm_15m_mean,2026-09-23T21:45:00Z,36.3533,USD/MWh,PT15M,"US-CT,US-MA,US-ME,US-NH,US-RI,US-VT",isone_rtm,.Z.NEMASSBOST,isone:rt_lmp_5min,https://www.iso-ne.com/isoexpress/web/reports/pricing/-/tree/lmps-rt-five-min-final,2026-09-25T20:08:21Z,
isone:.Z.NEMASSBOST,lmp_rtm_15m_mean,2026-09-23T22:00:00Z,35.51,USD/MWh,PT15M,"US-CT,US-MA,US-ME,US-NH,US-RI,US-VT",isone_rtm,.Z.NEMASSBOST,isone:rt_lmp_5min,https://www.iso-ne.com/isoexpress/web/reports/pricing/-/tree/lmps-rt-five-min-final,2026-09-25T20:08:21Z,
isone:.Z.NEMASSBOST,lmp_rtm_15m_mean,2026-09-23T22:15:00Z,44.3333,USD/MWh,PT15M,"US-CT,US-MA,US-ME,US-NH,US-RI,US-VT",isone_rtm,.Z.NEMASSBOST,isone:rt_lmp_5min,https://www.iso-ne.com/isoexpress/web/reports/pricing/-/tree/lmps-rt-five-min-final,2026-09-25T20:08:21Z,
isone:.Z.NEMASSBOST,lmp_rtm_15m_mean,2026-09-23T22:30:00Z,47.5333,USD/MWh,PT15M,"US-CT,US-MA,US-ME,US-NH,US-RI,US-VT",isone_rtm,.Z.NEMASSBOST,isone:rt_lmp_5min,https://www.iso-ne.com/isoexpress/web/reports/pricing/-/tree/lmps-rt-five-min-final,2026-09-25T20:08:21Z,
isone:.Z.NEMASSBOST,lmp_rtm_15m_mean,2026-09-23T22:45:00Z,48.9733,USD/MWh,PT15M,"US-CT,US-MA,US-ME,US-NH,US-RI,US-VT",isone_rtm,.Z.NEMASSBOST,isone:rt_lmp_5min,https://www.iso-ne.com/isoexpress/web/reports/pricing/-/tree/lmps-rt-five-min-final,2026-09-25T20:08:21Z,
isone:.Z.NEMASSBOST,lmp_rtm_15m_mean,2026-09-23T23:00:00Z,49.8,USD/MWh,PT15M,"US-CT,US-MA,US-ME,US-NH,US-RI,US-VT",isone_rtm,.Z.NEMASSBOST,isone:rt_lmp_5min,https://www.iso-ne.com/isoexpress/web/reports/pricing/-/tree/lmps-rt-five-min-final,2026-09-25T20:08:21Z,
isone:.Z.NEMASSBOST,lmp_rtm_15m_mean,2026-09-23T23:15:00Z,43.01,USD/MWh,PT15M,"US-CT,US-MA,US-ME,US-NH,US-RI,US-VT",isone_rtm,.Z.NEMASSBOST,isone:rt_lmp_5min,https://www.iso-ne.com/isoexpress/web/reports/pricing/-/tree/lmps-rt-five-min-final,2026-09-25T20:08:21Z,
isone:.Z.NEMASSBOST,lmp_rtm_15m_mean,2026-09-23T23:30:00Z,45.3767,USD/MWh,PT15M,"US-CT,US-MA,US-ME,US-NH,US-RI,US-VT",isone_rtm,.Z.NEMASSBOST,isone:rt_lmp_5min,https://www.iso-ne.com/isoexpress/web/reports/pricing/-/tree/lmps-rt-five-min-final,2026-09-25T20:08:21Z,
isone:.Z.NEMASSBOST,lmp_rtm_15m_mean,2026-09-23T23:45:00Z,33.75,USD/MWh,PT15M,"US-CT,US-MA,US-ME,US-NH,US-RI,US-VT",isone_rtm,.Z.NEMASSBOST,isone:rt_lmp_5min,https://www.iso-ne.com/isoexpress/web/reports/pricing/-/tree/lmps-rt-five-min-final,2026-09-25T20:08:21Z,
isone:.Z.NEMASSBOST,lmp_rtm_15m_mean,2026-09-24T00:00:00Z,38.9467,USD/MWh,PT15M,"US-CT,US-MA,US-ME,US-NH,US-RI,US-VT",isone_rtm,.Z.NEMASSBOST,isone:rt_lmp_5min,https://www.iso-ne.com/isoexpress/web/reports/pricing/-/tree/lmps-rt-five-min-final,2026-09-25T20:08:21Z,
isone:.Z.NEMASSBOST,lmp_rtm_15m_mean,2026-09-24T00:15:00Z,34.8433,USD/MWh,PT15M,"US-CT,US-MA,US-ME,US-NH,US-RI,US-VT",isone_rtm,.Z.NEMASSBOST,isone:rt_lmp_5min,https://www.iso-ne.com/isoexpress/web/reports/pricing/-/tree/lmps-rt-five-min-final,2026-09-25T20:08:21Z,
isone:.Z.NEMASSBOST,lmp_rtm_15m_mean,2026-09-24T00:30:00Z,32.3967,USD/MWh,PT15M,"US-CT,US-MA,US-ME,US-NH,US-RI,US-VT",isone_rtm,.Z.NEMASSBOST,isone:rt_lmp_5min,https://www.iso-ne.com/isoexpress/web/reports/pricing/-/tree/lmps-rt-five-min-final,2026-09-25T20:08:21Z,
isone:.Z.NEMASSBOST,lmp_rtm_15m_mean,2026-09-24T00:45:00Z,29.99,USD/MWh,PT15M,"US-CT,US-MA,US-ME,US-NH,US-RI,US-VT",isone_rtm,.Z.NEMASSBOST,isone:rt_lmp_5min,https://www.iso-ne.com/isoexpress/web/reports/pricing/-/tree/lmps-rt-five-min-final,2026-09-25T20:08:21Z,
isone:.Z.NEMASSBOST,lmp_rtm_15m_mean,2026-09-24T01:00:00Z,44.0933,USD/MWh,PT15M,"US-CT,US-MA,US-ME,US-NH,US-RI,US-VT",isone_rtm,.Z.NEMASSBOST,isone:rt_lmp_5min,https://www.iso-ne.com/isoexpress/web/reports/pricing/-/tree/lmps-rt-five-min-final,2026-09-25T20:08:21Z,
isone:.Z.NEMASSBOST,lmp_rtm_15m_mean,2026-09-24T01:15:00Z,32.5433,USD/MWh,PT15M,"US-CT,US-MA,US-ME,US-NH,US-RI,US-VT",isone_rtm,.Z.NEMASSBOST,isone:rt_lmp_5min,https://www.iso-ne.com/isoexpress/web/reports/pricing/-/tree/lmps-rt-five-min-final,2026-09-25T20:08:21Z,
isone:.Z.NEMASSBOST,lmp_rtm_15m_mean,2026-09-24T01:30:00Z,31.6633,USD/MWh,PT15M,"US-CT,US-MA,US-ME,US-NH,US-RI,US-VT",isone_rtm,.Z.NEMASSBOST,isone:rt_lmp_5min,https://www.iso-ne.com/isoexpress/web/reports/pricing/-/tree/lmps-rt-five-min-final,2026-09-25T20:08:21Z,
isone:.Z.NEMASSBOST,lmp_rtm_15m_mean,2026-09-24T01:45:00Z,29.9567,USD/MWh,PT15M,"US-CT,US-MA,US-ME,US-NH,US-RI,US-VT",isone_rtm,.Z.NEMASSBOST,isone:rt_lmp_5min,https://www.iso-ne.com/isoexpress/web/reports/pricing/-/tree/lmps-rt-five-min-final,2026-09-25T20:08:21Z,
isone:.Z.NEMASSBOST,lmp_rtm_15m_mean,2026-09-24T02:00:00Z,53.14,USD/MWh,PT15M,"US-CT,US-MA,US-ME,US-NH,US-RI,US-VT",isone_rtm,.Z.NEMASSBOST,isone:rt_lmp_5min,https://www.iso-ne.com/isoexpress/web/reports/pricing/-/tree/lmps-rt-five-min-final,2026-09-25T20:08:21Z,
isone:.Z.NEMASSBOST,lmp_rtm_15m_mean,2026-09-24T02:15:00Z,38.97,USD/MWh,PT15M,"US-CT,US-MA,US-ME,US-NH,US-RI,US-VT",isone_rtm,.Z.NEMASSBOST,isone:rt_lmp_5min,https://www.iso-ne.com/isoexpress/web/reports/pricing/-/tree/lmps-rt-five-min-final,2026-09-25T20:08:21Z,
isone:.Z.NEMASSBOST,lmp_rtm_15m_mean,2026-09-24T02:30:00Z,31.1033,USD/MWh,PT15M,"US-CT,US-MA,US-ME,US-NH,US-RI,US-VT",isone_rtm,.Z.NEMASSBOST,isone:rt_lmp_5min,https://www.iso-ne.com/isoexpress/web/reports/pricing/-/tree/lmps-rt-five-min-final,2026-09-25T20:08:21Z,
isone:.Z.NEMASSBOST,lmp_rtm_15m_mean,2026-09-24T02:45:00Z,29.7167,USD/MWh,PT15M,"US-CT,US-MA,US-ME,US-NH,US-RI,US-VT",isone_rtm,.Z.NEMASSBOST,isone:rt_lmp_5min,https://www.iso-ne.com/isoexpress/web/reports/pricing/-/tree/lmps-rt-five-min-final,2026-09-25T20:08:21Z,
isone:.Z.NEMASSBOST,lmp_rtm_15m_mean,2026-09-24T03:00:00Z,30.5567,USD/MWh,PT15M,"US-CT,US-MA,US-ME,US-NH,US-RI,US-VT",isone_rtm,.Z.NEMASSBOST,isone:rt_lmp_5min,https://www.iso-ne.com/isoexpress/web/reports/pricing/-/tree/lmps-rt-five-min-final,2026-09-25T20:08:21Z,
isone:.Z.NEMASSBOST,lmp_rtm_15m_mean,2026-09-24T03:15:00Z,30.7733,USD/MWh,PT15M,"US-CT,US-MA,US-ME,US-NH,US-RI,US-VT",isone_rtm,.Z.NEMASSBOST,isone:rt_lmp_5min,https://www.iso-ne.com/isoexpress/web/reports/pricing/-/tree/lmps-rt-five-min-final,2026-09-25T20:08:21Z,
isone:.Z.NEMASSBOST,lmp_rtm_15m_mean,2026-09-24T03:30:00Z,27.8033,USD/MWh,PT15M,"US-CT,US-MA,US-ME,US-NH,US-RI,US-VT",isone_rtm,.Z.NEMASSBOST,isone:rt_lmp_5min,https://www.iso-ne.com/isoexpress/web/reports/pricing/-/tree/lmps-rt-five-min-final,2026-09-25T20:08:21Z,
isone:.Z.NEMASSBOST,lmp_rtm_15m_mean,2026-09-24T03:45:00Z,25.7067,USD/MWh,PT15M,"US-CT,US-MA,US-ME,US-NH,US-RI,US-VT",isone_rtm,.Z.NEMASSBOST,isone:rt_lmp_5min,https://www.iso-ne.com/isoexpress/web/reports/pricing/-/tree/lmps-rt-five-min-final,2026-09-25T20:08:21Z,
isone:.Z.NEMASSBOST,lmp_rtm_15m_mean,2026-09-24T04:00:00Z,27.1533,USD/MWh,PT15M,"US-CT,US-MA,US-ME,US-NH,US-RI,US-VT",isone_rtm,.Z.NEMASSBOST,isone:rt_lmp_5min,https://www.iso-ne.com/isoexpress/web/reports/pricing/-/tree/lmps-rt-five-min-final,2026-09-25T20:08:36Z,
isone:.Z.NEMASSBOST,lmp_rtm_15m_mean,2026-09-24T04:15:00Z,27.5567,USD/MWh,PT15M,"US-CT,US-MA,US-ME,US-NH,US-RI,US-VT",isone_rtm,.Z.NEMASSBOST,isone:rt_lmp_5min,https://www.iso-ne.com/isoexpress/web/reports/pricing/-/tree/lmps-rt-five-min-final,2026-09-25T20:08:36Z,
isone:.Z.NEMASSBOST,lmp_rtm_15m_mean,2026-09-24T04:30:00Z,26.59,USD/MWh,PT15M,"US-CT,US-MA,US-ME,US-NH,US-RI,US-VT",isone_rtm,.Z.NEMASSBOST,isone:rt_lmp_5min,https://www.iso-ne.com/isoexpress/web/reports/pricing/-/tree/lmps-rt-five-min-final,2026-09-25T20:08:36Z,
isone:.Z.NEMASSBOST,lmp_rtm_15m_mean,2026-09-24T04:45:00Z,25.7367,USD/MWh,PT15M,"US-CT,US-MA,US-ME,US-NH,US-RI,US-VT",isone_rtm,.Z.NEMASSBOST,isone:rt_lmp_5min,https://www.iso-ne.com/isoexpress/web/reports/pricing/-/tree/lmps-rt-five-min-final,2026-09-25T20:08:36Z,
isone:.Z.NEMASSBOST,lmp_rtm_15m_mean,2026-09-24T05:00:00Z,26.2,USD/MWh,PT15M,"US-CT,US-MA,US-ME,US-NH,US-RI,US-VT",isone_rtm,.Z.NEMASSBOST,isone:rt_lmp_5min,https://www.iso-ne.com/isoexpress/web/reports/pricing/-/tree/lmps-rt-five-min-final,2026-09-25T20:08:36Z,
isone:.Z.NEMASSBOST,lmp_rtm_15m_mean,2026-09-24T05:15:00Z,27.2767,USD/MWh,PT15M,"US-CT,US-MA,US-ME,US-NH,US-RI,US-VT",isone_rtm,.Z.NEMASSBOST,isone:rt_lmp_5min,https://www.iso-ne.com/isoexpress/web/reports/pricing/-/tree/lmps-rt-five-min-final,2026-09-25T20:08:36Z,
isone:.Z.NEMASSBOST,lmp_rtm_15m_mean,2026-09-24T05:30:00Z,25.78,USD/MWh,PT15M,"US-CT,US-MA,US-ME,US-NH,US-RI,US-VT",isone_rtm,.Z.NEMASSBOST,isone:rt_lmp_5min,https://www.iso-ne.com/isoexpress/web/reports/pricing/-/tree/lmps-rt-five-min-final,2026-09-25T20:08:36Z,
isone:.Z.NEMASSBOST,lmp_rtm_15m_mean,2026-09-24T05:45:00Z,25.6267,USD/MWh,PT15M,"US-CT,US-MA,US-ME,US-NH,US-RI,US-VT",isone_rtm,.Z.NEMASSBOST,isone:rt_lmp_5min,https://www.iso-ne.com/isoexpress/web/reports/pricing/-/tree/lmps-rt-five-min-final,2026-09-25T20:08:36Z,
isone:.Z.NEMASSBOST,lmp_rtm_15m_mean,2026-09-24T06:00:00Z,25.3867,USD/MWh,PT15M,"US-CT,US-MA,US-ME,US-NH,US-RI,US-VT",isone_rtm,.Z.NEMASSBOST,isone:rt_lmp_5min,https://www.iso-ne.com/isoexpress/web/reports/pricing/-/tree/lmps-rt-five-min-final,2026-09-25T20:08:36Z,
isone:.Z.NEMASSBOST,lmp_rtm_15m_mean,2026-09-24T06:15:00Z,25.01,USD/MWh,PT15M,"US-CT,US-MA,US-ME,US-NH,US-RI,US-VT",isone_rtm,.Z.NEMASSBOST,isone:rt_lmp_5min,https://www.iso-ne.com/isoexpress/web/reports/pricing/-/tree/lmps-rt-five-min-final,2026-09-25T20:08:36Z,
isone:.Z.NEMASSBOST,lmp_rtm_15m_mean,2026-09-24T06:30:00Z,25.26,USD/MWh,PT15M,"US-CT,US-MA,US-ME,US-NH,US-RI,US-VT",isone_rtm,.Z.NEMASSBOST,isone:rt_lmp_5min,https://www.iso-ne.com/isoexpress/web/reports/pricing/-/tree/lmps-rt-five-min-final,2026-09-25T20:08:36Z,
isone:.Z.NEMASSBOST,lmp_rtm_15m_mean,2026-09-24T06:45:00Z,25.04,USD/MWh,PT15M,"US-CT,US-MA,US-ME,US-NH,US-RI,US-VT",isone_rtm,.Z.NEMASSBOST,isone:rt_lmp_5min,https://www.iso-ne.com/isoexpress/web/reports/pricing/-/tree/lmps-rt-five-min-final,2026-09-25T20:08:36Z,
isone:.Z.NEMASSBOST,lmp_rtm_15m_mean,2026-09-24T07:00:00Z,24.9533,USD/MWh,PT15M,"US-CT,US-MA,US-ME,US-NH,US-RI,US-VT",isone_rtm,.Z.NEMASSBOST,isone:rt_lmp_5min,https://www.iso-ne.com/isoexpress/web/reports/pricing/-/tree/lmps-rt-five-min-final,2026-09-25T20:08:36Z,
isone:.Z.NEMASSBOST,lmp_rtm_15m_mean,2026-09-24T07:15:00Z,25.33,USD/MWh,PT15M,"US-CT,US-MA,US-ME,US-NH,US-RI,US-VT",isone_rtm,.Z.NEMASSBOST,isone:rt_lmp_5min,https://www.iso-ne.com/isoexpress/web/reports/pricing/-/tree/lmps-rt-five-min-final,2026-09-25T20:08:36Z,
isone:.Z.NEMASSBOST,lmp_rtm_15m_mean,2026-09-24T07:30:00Z,25.4733,USD/MWh,PT15M,"US-CT,US-MA,US-ME,US-NH,US-RI,US-VT",isone_rtm,.Z.NEMASSBOST,isone:rt_lmp_5min,https://www.iso-ne.com/isoexpress/web/reports/pricing/-/tree/lmps-rt-five-min-final,2026-09-25T20:08:36Z,
isone:.Z.NEMASSBOST,lmp_rtm_15m_mean,2026-09-24T07:45:00Z,25.4533,USD/MWh,PT15M,"US-CT,US-MA,US-ME,US-NH,US-RI,US-VT",isone_rtm,.Z.NEMASSBOST,isone:rt_lmp_5min,https://www.iso-ne.com/isoexpress/web/reports/pricing/-/tree/lmps-rt-five-min-final,2026-09-25T20:08:36Z,
isone:.Z.NEMASSBOST,lmp_rtm_15m_mean,2026-09-24T08:00:00Z,24.48,USD/MWh,PT15M,"US-CT,US-MA,US-ME,US-NH,US-RI,US-VT",isone_rtm,.Z.NEMASSBOST,isone:rt_lmp_5min,https://www.iso-ne.com/isoexpress/web/reports/pricing/-/tree/lmps-rt-five-min-final,2026-09-25T20:08:36Z,
isone:.Z.NEMASSBOST,lmp_rtm_15m_mean,2026-09-24T08:15:00Z,24.3967,USD/MWh,PT15M,"US-CT,US-MA,US-ME,US-NH,US-RI,US-VT",isone_rtm,.Z.NEMASSBOST,isone:rt_lmp_5min,https://www.iso-ne.com/isoexpress/web/reports/pricing/-/tree/lmps-rt-five-min-final,2026-09-25T20:08:36Z,
isone:.Z.NEMASSBOST,lmp_rtm_15m_mean,2026-09-24T08:30:00Z,24.55,USD/MWh,PT15M,"US-CT,US-MA,US-ME,US-NH,US-RI,US-VT",isone_rtm,.Z.NEMASSBOST,isone:rt_lmp_5min,https://www.iso-ne.com/isoexpress/web/reports/pricing/-/tree/lmps-rt-five-min-final,2026-09-25T20:08:36Z,
isone:.Z.NEMASSBOST,lmp_rtm_15m_mean,2026-09-24T08:45:00Z,25.17,USD/MWh,PT15M,"US-CT,US-MA,US-ME,US-NH,US-RI,US-VT",isone_rtm,.Z.NEMASSBOST,isone:rt_lmp_5min,https://www.iso-ne.com/isoexpress/web/reports/pricing/-/tree/lmps-rt-five-min-final,2026-09-25T20:08:36Z,
isone:.Z.NEMASSBOST,lmp_rtm_15m_mean,2026-09-24T09:00:00Z,27.3433,USD/MWh,PT15M,"US-CT,US-MA,US-ME,US-NH,US-RI,US-VT",isone_rtm,.Z.NEMASSBOST,isone:rt_lmp_5min,https://www.iso-ne.com/isoexpress/web/reports/pricing/-/tree/lmps-rt-five-min-final,2026-09-25T20:08:36Z,
isone:.Z.NEMASSBOST,lmp_rtm_15m_mean,2026-09-24T09:15:00Z,33.4733,USD/MWh,PT15M,"US-CT,US-MA,US-ME,US-NH,US-RI,US-VT",isone_rtm,.Z.NEMASSBOST,isone:rt_lmp_5min,https://www.iso-ne.com/isoexpress/web/reports/pricing/-/tree/lmps-rt-five-min-final,2026-09-25T20:08:36Z,
isone:.Z.NEMASSBOST,lmp_rtm_15m_mean,2026-09-24T09:30:00Z,33.5333,USD/MWh,PT15M,"US-CT,US-MA,US-ME,US-NH,US-RI,US-VT",isone_rtm,.Z.NEMASSBOST,isone:rt_lmp_5min,https://www.iso-ne.com/isoexpress/web/reports/pricing/-/tree/lmps-rt-five-min-final,2026-09-25T20:08:36Z,
isone:.Z.NEMASSBOST,lmp_rtm_15m_mean,2026-09-24T09:45:00Z,36.1267,USD/MWh,PT15M,"US-CT,US-MA,US-ME,US-NH,US-RI,US-VT",isone_rtm,.Z.NEMASSBOST,isone:rt_lmp_5min,https://www.iso-ne.com/isoexpress/web/reports/pricing/-/tree/lmps-rt-five-min-final,2026-09-25T20:08:36Z,
isone:.Z.NEMASSBOST,lmp_rtm_15m_mean,2026-09-24T10:00:00Z,26.92,USD/MWh,PT15M,"US-CT,US-MA,US-ME,US-NH,US-RI,US-VT",isone_rtm,.Z.NEMASSBOST,isone:rt_lmp_5min,https://www.iso-ne.com/isoexpress/web/reports/pricing/-/tree/lmps-rt-five-min-final,2026-09-25T20:08:36Z,
isone:.Z.NEMASSBOST,lmp_rtm_15m_mean,2026-09-24T10:15:00Z,26.2067,USD/MWh,PT15M,"US-CT,US-MA,US-ME,US-NH,US-RI,US-VT",isone_rtm,.Z.NEMASSBOST,isone:rt_lmp_5min,https://www.iso-ne.com/isoexpress/web/reports/pricing/-/tree/lmps-rt-five-min-final,2026-09-25T20:08:36Z,
isone:.Z.NEMASSBOST,lmp_rtm_15m_mean,2026-09-24T10:30:00Z,30.91,USD/MWh,PT15M,"US-CT,US-MA,US-ME,US-NH,US-RI,US-VT",isone_rtm,.Z.NEMASSBOST,isone:rt_lmp_5min,https://www.iso-ne.com/isoexpress/web/reports/pricing/-/tree/lmps-rt-five-min-final,2026-09-25T20:08:36Z,
isone:.Z.NEMASSBOST,lmp_rtm_15m_mean,2026-09-24T10:45:00Z,34.2533,USD/MWh,PT15M,"US-CT,US-MA,US-ME,US-NH,US-RI,US-VT",isone_rtm,.Z.NEMASSBOST,isone:rt_lmp_5min,https://www.iso-ne.com/isoexpress/web/reports/pricing/-/tree/lmps-rt-five-min-final,2026-09-25T20:08:36Z,
isone:.Z.NEMASSBOST,lmp_rtm_15m_mean,2026-09-24T11:00:00Z,31.6167,USD/MWh,PT15M,"US-CT,US-MA,US-ME,US-NH,US-RI,US-VT",isone_rtm,.Z.NEMASSBOST,isone:rt_lmp_5min,https://www.iso-ne.com/isoexpress/web/reports/pricing/-/tree/lmps-rt-five-min-final,2026-09-25T20:08:36Z,
isone:.Z.NEMASSBOST,lmp_rtm_15m_mean,2026-09-24T11:15:00Z,25.6167,USD/MWh,PT15M,"US-CT,US-MA,US-ME,US-NH,US-RI,US-VT",isone_rtm,.Z.NEMASSBOST,isone:rt_lmp_5min,https://www.iso-ne.com/isoexpress/web/reports/pricing/-/tree/lmps-rt-five-min-final,2026-09-25T20:08:36Z,
isone:.Z.NEMASSBOST,lmp_rtm_15m_mean,2026-09-24T11:30:00Z,25.5367,USD/MWh,PT15M,"US-CT,US-MA,US-ME,US-NH,US-RI,US-VT",isone_rtm,.Z.NEMASSBOST,isone:rt_lmp_5min,https://www.iso-ne.com/isoexpress/web/reports/pricing/-/tree/lmps-rt-five-min-final,2026-09-25T20:08:36Z,
isone:.Z.NEMASSBOST,lmp_rtm_15m_mean,2026-09-24T11:45:00Z,25.0167,USD/MWh,PT15M,"US-CT,US-MA,US-ME,US-NH,US-RI,US-VT",isone_rtm,.Z.NEMASSBOST,isone:rt_lmp_5min,https://www.iso-ne.com/isoexpress/web/reports/pricing/-/tree/lmps-rt-five-min-final,2026-09-25T20:08:36Z,
isone:.Z.NEMASSBOST,lmp_rtm_15m_mean,2026-09-24T12:00:00Z,27.5233,USD/MWh,PT15M,"US-CT,US-MA,US-ME,US-NH,US-RI,US-VT",isone_rtm,.Z.NEMASSBOST,isone:rt_lmp_5min,https://www.iso-ne.com/isoexpress/web/reports/pricing/-/tree/lmps-rt-five-min-final,2026-09-25T20:08:36Z,
isone:.Z.NEMASSBOST,lmp_rtm_15m_mean,2026-09-24T12:15:00Z,33.1533,USD/MWh,PT15M,"US-CT,US-MA,US-ME,US-NH,US-RI,US-VT",isone_rtm,.Z.NEMASSBOST,isone:rt_lmp_5min,https://www.iso-ne.com/isoexpress/web/reports/pricing/-/tree/lmps-rt-five-min-final,2026-09-25T20:08:36Z,
isone:.Z.NEMASSBOST,lmp_rtm_15m_mean,2026-09-24T12:30:00Z,26.7433,USD/MWh,PT15M,"US-CT,US-MA,US-ME,US-NH,US-RI,US-VT",isone_rtm,.Z.NEMASSBOST,isone:rt_lmp_5min,https://www.iso-ne.com/isoexpress/web/reports/pricing/-/tree/lmps-rt-five-min-final,2026-09-25T20:08:36Z,
isone:.Z.NEMASSBOST,lmp_rtm_15m_mean,2026-09-24T12:45:00Z,24.0633,USD/MWh,PT15M,"US-CT,US-MA,US-ME,US-NH,US-RI,US-VT",isone_rtm,.Z.NEMASSBOST,isone:rt_lmp_5min,https://www.iso-ne.com/isoexpress/web/reports/pricing/-/tree/lmps-rt-five-min-final,2026-09-25T20:08:36Z,
isone:.Z.NEMASSBOST,lmp_rtm_15m_mean,2026-09-24T13:00:00Z,21.99,USD/MWh,PT15M,"US-CT,US-MA,US-ME,US-NH,US-RI,US-VT",isone_rtm,.Z.NEMASSBOST,isone:rt_lmp_5min,https://www.iso-ne.com/isoexpress/web/reports/pricing/-/tree/lmps-rt-five-min-final,2026-09-25T20:08:36Z,
isone:.Z.NEMASSBOST,lmp_rtm_15m_mean,2026-09-24T13:15:00Z,22.3667,USD/MWh,PT15M,"US-CT,US-MA,US-ME,US-NH,US-RI,US-VT",isone_rtm,.Z.NEMASSBOST,isone:rt_lmp_5min,https://www.iso-ne.com/isoexpress/web/reports/pricing/-/tree/lmps-rt-five-min-final,2026-09-25T20:08:36Z,
isone:.Z.NEMASSBOST,lmp_rtm_15m_mean,2026-09-24T13:30:00Z,22.3,USD/MWh,PT15M,"US-CT,US-MA,US-ME,US-NH,US-RI,US-VT",isone_rtm,.Z.NEMASSBOST,isone:rt_lmp_5min,https://www.iso-ne.com/isoexpress/web/reports/pricing/-/tree/lmps-rt-five-min-final,2026-09-25T20:08:36Z,
isone:.Z.NEMASSBOST,lmp_rtm_15m_mean,2026-09-24T13:45:00Z,22.5733,USD/MWh,PT15M,"US-CT,US-MA,US-ME,US-NH,US-RI,US-VT",isone_rtm,.Z.NEMASSBOST,isone:rt_lmp_5min,https://www.iso-ne.com/isoexpress/web/reports/pricing/-/tree/lmps-rt-five-min-final,2026-09-25T20:08:36Z,
isone:.Z.NEMASSBOST,lmp_rtm_15m_mean,2026-09-24T14:00:00Z,25.36,USD/MWh,PT15M,"US-CT,US-MA,US-ME,US-NH,US-RI,US-VT",isone_rtm,.Z.NEMASSBOST,isone:rt_lmp_5min,https://www.iso-ne.com/isoexpress/web/reports/pricing/-/tree/lmps-rt-five-min-final,2026-09-25T20:08:36Z,
isone:.Z.NEMASSBOST,lmp_rtm_15m_mean,2026-09-24T14:15:00Z,25.3333,USD/MWh,PT15M,"US-CT,US-MA,US-ME,US-NH,US-RI,US-VT",isone_rtm,.Z.NEMASSBOST,isone:rt_lmp_5min,https://www.iso-ne.com/isoexpress/web/reports/pricing/-/tree/lmps-rt-five-min-final,2026-09-25T20:08:36Z,
isone:.Z.NEMASSBOST,lmp_rtm_15m_mean,2026-09-24T14:30:00Z,25.2233,USD/MWh,PT15M,"US-CT,US-MA,US-ME,US-NH,US-RI,US-VT",isone_rtm,.Z.NEMASSBOST,isone:rt_lmp_5min,https://www.iso-ne.com/isoexpress/web/reports/pricing/-/tree/lmps-rt-five-min-final,2026-09-25T20:08:36Z,
isone:.Z.NEMASSBOST,lmp_rtm_15m_mean,2026-09-24T14:45:00Z,24.92,USD/MWh,PT15M,"US-CT,US-MA,US-ME,US-NH,US-RI,US-VT",isone_rtm,.Z.NEMASSBOST,isone:rt_lmp_5min,https://www.iso-ne.com/isoexpress/web/reports/pricing/-/tree/lmps-rt-five-min-final,2026-09-25T20:08:36Z,
isone:.Z.NEMASSBOST,lmp_rtm_15m_mean,2026-09-24T15:00:00Z,23.2333,USD/MWh,PT15M,"US-CT,US-MA,US-ME,US-NH,US-RI,US-VT",isone_rtm,.Z.NEMASSBOST,isone:rt_lmp_5min,https://www.iso-ne.com/isoexpress/web/reports/pricing/-/tree/lmps-rt-five-min-final,2026-09-25T20:08:36Z,
isone:.Z.NEMASSBOST,lmp_rtm_15m_mean,2026-09-24T15:15:00Z,6.93,USD/MWh,PT15M,"US-CT,US-MA,US-ME,US-NH,US-RI,US-VT",isone_rtm,.Z.NEMASSBOST,isone:rt_lmp_5min,https://www.iso-ne.com/isoexpress/web/reports/pricing/-/tree/lmps-rt-five-min-final,2026-09-25T20:08:36Z,
isone:.Z.NEMASSBOST,lmp_rtm_15m_mean,2026-09-24T15:30:00Z,-4.5967,USD/MWh,PT15M,"US-CT,US-MA,US-ME,US-NH,US-RI,US-VT",isone_rtm,.Z.NEMASSBOST,isone:rt_lmp_5min,https://www.iso-ne.com/isoexpress/web/reports/pricing/-/tree/lmps-rt-five-min-final,2026-09-25T20:08:36Z,
isone:.Z.NEMASSBOST,lmp_rtm_15m_mean,2026-09-24T15:45:00Z,-4.5767,USD/MWh,PT15M,"US-CT,US-MA,US-ME,US-NH,US-RI,US-VT",isone_rtm,.Z.NEMASSBOST,isone:rt_lmp_5min,https://www.iso-ne.com/isoexpress/web/reports/pricing/-/tree/lmps-rt-five-min-final,2026-09-25T20:08:36Z,
isone:.Z.NEMASSBOST,lmp_rtm_15m_mean,2026-09-24T16:00:00Z,-5.9433,USD/MWh,PT15M,"US-CT,US-MA,US-ME,US-NH,US-RI,US-VT",isone_rtm,.Z.NEMASSBOST,isone:rt_lmp_5min,https://www.iso-ne.com/isoexpress/web/reports/pricing/-/tree/lmps-rt-five-min-final,2026-09-25T20:08:36Z,
isone:.Z.NEMASSBOST,lmp_rtm_15m_mean,2026-09-24T16:15:00Z,-12.7867,USD/MWh,PT15M,"US-CT,US-MA,US-ME,US-NH,US-RI,US-VT",isone_rtm,.Z.NEMASSBOST,isone:rt_lmp_5min,https://www.iso-ne.com/isoexpress/web/reports/pricing/-/tree/lmps-rt-five-min-final,2026-09-25T20:08:36Z,
isone:.Z.NEMASSBOST,lmp_rtm_15m_mean,2026-09-24T16:30:00Z,-0.77,USD/MWh,PT15M,"US-CT,US-MA,US-ME,US-NH,US-RI,US-VT",isone_rtm,.Z.NEMASSBOST,isone:rt_lmp_5min,https://www.iso-ne.com/isoexpress/web/reports/pricing/-/tree/lmps-rt-five-min-final,2026-09-25T20:08:36Z,
isone:.Z.NEMASSBOST,lmp_rtm_15m_mean,2026-09-24T16:45:00Z,20.7867,USD/MWh,PT15M,"US-CT,US-MA,US-ME,US-NH,US-RI,US-VT",isone_rtm,.Z.NEMASSBOST,isone:rt_lmp_5min,https://www.iso-ne.com/isoexpress/web/reports/pricing/-/tree/lmps-rt-five-min-final,2026-09-25T20:08:36Z,
isone:.Z.NEMASSBOST,lmp_rtm_15m_mean,2026-09-24T17:00:00Z,21.9833,USD/MWh,PT15M,"US-CT,US-MA,US-ME,US-NH,US-RI,US-VT",isone_rtm,.Z.NEMASSBOST,isone:rt_lmp_5min,https://www.iso-ne.com/isoexpress/web/reports/pricing/-/tree/lmps-rt-five-min-final,2026-09-25T20:08:36Z,
isone:.Z.NEMASSBOST,lmp_rtm_15m_mean,2026-09-24T17:15:00Z,19.36,USD/MWh,PT15M,"US-CT,US-MA,US-ME,US-NH,US-RI,US-VT",isone_rtm,.Z.NEMASSBOST,isone:rt_lmp_5min,https://www.iso-ne.com/isoexpress/web/reports/pricing/-/tree/lmps-rt-five-min-final,2026-09-25T20:08:36Z,
isone:.Z.NEMASSBOST,lmp_rtm_15m_mean,2026-09-24T17:30:00Z,19.18,USD/MWh,PT15M,"US-CT,US-MA,US-ME,US-NH,US-RI,US-VT",isone_rtm,.Z.NEMASSBOST,isone:rt_lmp_5min,https://www.iso-ne.com/isoexpress/web/reports/pricing/-/tree/lmps-rt-five-min-final,2026-09-25T20:08:36Z,
isone:.Z.NEMASSBOST,lmp_rtm_15m_mean,2026-09-24T17:45:00Z,13.2533,USD/MWh,PT15M,"US-CT,US-MA,US-ME,US-NH,US-RI,US-VT",isone_rtm,.Z.NEMASSBOST,isone:rt_lmp_5min,https://www.iso-ne.com/isoexpress/web/reports/pricing/-/tree/lmps-rt-five-min-final,2026-09-25T20:08:36Z,
isone:.Z.NEMASSBOST,lmp_rtm_15m_mean,2026-09-24T18:00:00Z,13.27,USD/MWh,PT15M,"US-CT,US-MA,US-ME,US-NH,US-RI,US-VT",isone_rtm,.Z.NEMASSBOST,isone:rt_lmp_5min,https://www.iso-ne.com/isoexpress/web/reports/pricing/-/tree/lmps-rt-five-min-final,2026-09-25T20:08:36Z,
isone:.Z.NEMASSBOST,lmp_rtm_15m_mean,2026-09-24T18:15:00Z,21.3333,USD/MWh,PT15M,"US-CT,US-MA,US-ME,US-NH,US-RI,US-VT",isone_rtm,.Z.NEMASSBOST,isone:rt_lmp_5min,https://www.iso-ne.com/isoexpress/web/reports/pricing/-/tree/lmps-rt-five-min-final,2026-09-25T20:08:36Z,
isone:.Z.NEMASSBOST,lmp_rtm_15m_mean,2026-09-24T18:30:00Z,22.1167,USD/MWh,PT15M,"US-CT,US-MA,US-ME,US-NH,US-RI,US-VT",isone_rtm,.Z.NEMASSBOST,isone:rt_lmp_5min,https://www.iso-ne.com/isoexpress/web/reports/pricing/-/tree/lmps-rt-five-min-final,2026-09-25T20:08:36Z,
isone:.Z.NEMASSBOST,lmp_rtm_15m_mean,2026-09-24T18:45:00Z,22.7467,USD/MWh,PT15M,"US-CT,US-MA,US-ME,US-NH,US-RI,US-VT",isone_rtm,.Z.NEMASSBOST,isone:rt_lmp_5min,https://www.iso-ne.com/isoexpress/web/reports/pricing/-/tree/lmps-rt-five-min-final,2026-09-25T20:08:36Z,
isone:.Z.NEMASSBOST,lmp_rtm_15m_mean,2026-09-24T19:00:00Z,21.75,USD/MWh,PT15M,"US-CT,US-MA,US-ME,US-NH,US-RI,US-VT",isone_rtm,.Z.NEMASSBOST,isone:rt_lmp_5min,https://www.iso-ne.com/isoexpress/web/reports/pricing/-/tree/lmps-rt-five-min-final,2026-09-25T20:08:36Z,
isone:.Z.NEMASSBOST,lmp_rtm_15m_mean,2026-09-24T19:15:00Z,21.31,USD/MWh,PT15M,"US-CT,US-MA,US-ME,US-NH,US-RI,US-VT",isone_rtm,.Z.NEMASSBOST,isone:rt_lmp_5min,https://www.iso-ne.com/isoexpress/web/reports/pricing/-/tree/lmps-rt-five-min-final,2026-09-25T20:08:36Z,
isone:.Z.NEMASSBOST,lmp_rtm_15m_mean,2026-09-24T19:30:00Z,21.9933,USD/MWh,PT15M,"US-CT,US-MA,US-ME,US-NH,US-RI,US-VT",isone_rtm,.Z.NEMASSBOST,isone:rt_lmp_5min,https://www.iso-ne.com/isoexpress/web/reports/pricing/-/tree/lmps-rt-five-min-final,2026-09-25T20:08:36Z,
isone:.Z.NEMASSBOST,lmp_rtm_15m_mean,2026-09-24T19:45:00Z,22.7133,USD/MWh,PT15M,"US-CT,US-MA,US-ME,US-NH,US-RI,US-VT",isone_rtm,.Z.NEMASSBOST,isone:rt_lmp_5min,https://www.iso-ne.com/isoexpress/web/reports/pricing/-/tree/lmps-rt-five-min-final,2026-09-25T20:08:36Z,
isone:.Z.NEMASSBOST,lmp_rtm_15m_mean,2026-09-24T20:00:00Z,22.17,USD/MWh,PT15M,"US-CT,US-MA,US-ME,US-NH,US-RI,US-VT",isone_rtm,.Z.NEMASSBOST,isone:rt_lmp_5min,https://www.iso-ne.com/isoexpress/web/reports/pricing/-/tree/lmps-rt-five-min-final,2026-09-25T20:08:36Z,
isone:.Z.NEMASSBOST,lmp_rtm_15m_mean,2026-09-24T20:15:00Z,21.2867,USD/MWh,PT15M,"US-CT,US-MA,US-ME,US-NH,US-RI,US-VT",isone_rtm,.Z.NEMASSBOST,isone:rt_lmp_5min,https://www.iso-ne.com/isoexpress/web/reports/pricing/-/tree/lmps-rt-five-min-final,2026-09-25T20:08:36Z,
isone:.Z.NEMASSBOST,lmp_rtm_15m_mean,2026-09-24T20:30:00Z,22.08,USD/MWh,PT15M,"US-CT,US-MA,US-ME,US-NH,US-RI,US-VT",isone_rtm,.Z.NEMASSBOST,isone:rt_lmp_5min,https://www.iso-ne.com/isoexpress/web/reports/pricing/-/tree/lmps-rt-five-min-final,2026-09-25T20:08:36Z,
isone:.Z.NEMASSBOST,lmp_rtm_15m_mean,2026-09-24T20:45:00Z,24.41,USD/MWh,PT15M,"US-CT,US-MA,US-ME,US-NH,US-RI,US-VT",isone_rtm,.Z.NEMASSBOST,isone:rt_lmp_5min,https://www.iso-ne.com/isoexpress/web/reports/pricing/-/tree/lmps-rt-five-min-final,2026-09-25T20:08:36Z,
isone:.Z.NEMASSBOST,lmp_rtm_15m_mean,2026-09-24T21:00:00Z,22.91,USD/MWh,PT15M,"US-CT,US-MA,US-ME,US-NH,US-RI,US-VT",isone_rtm,.Z.NEMASSBOST,isone:rt_lmp_5min,https://www.iso-ne.com/isoexpress/web/reports/pricing/-/tree/lmps-rt-five-min-final,2026-09-25T20:08:36Z,
isone:.Z.NEMASSBOST,lmp_rtm_15m_mean,2026-09-24T21:15:00Z,22.6233,USD/MWh,PT15M,"US-CT,US-MA,US-ME,US-NH,US-RI,US-VT",isone_rtm,.Z.NEMASSBOST,isone:rt_lmp_5min,https://www.iso-ne.com/isoexpress/web/reports/pricing/-/tree/lmps-rt-five-min-final,2026-09-25T20:08:36Z,
isone:.Z.NEMASSBOST,lmp_rtm_15m_mean,2026-09-24T21:30:00Z,29.6933,USD/MWh,PT15M,"US-CT,US-MA,US-ME,US-NH,US-RI,US-VT",isone_rtm,.Z.NEMASSBOST,isone:rt_lmp_5min,https://www.iso-ne.com/isoexpress/web/reports/pricing/-/tree/lmps-rt-five-min-final,2026-09-25T20:08:36Z,
isone:.Z.NEMASSBOST,lmp_rtm_15m_mean,2026-09-24T21:45:00Z,38.5267,USD/MWh,PT15M,"US-CT,US-MA,US-ME,US-NH,US-RI,US-VT",isone_rtm,.Z.NEMASSBOST,isone:rt_lmp_5min,https://www.iso-ne.com/isoexpress/web/reports/pricing/-/tree/lmps-rt-five-min-final,2026-09-25T20:08:36Z,
isone:.Z.NEMASSBOST,lmp_rtm_15m_mean,2026-09-24T22:00:00Z,34.3867,USD/MWh,PT15M,"US-CT,US-MA,US-ME,US-NH,US-RI,US-VT",isone_rtm,.Z.NEMASSBOST,isone:rt_lmp_5min,https://www.iso-ne.com/isoexpress/web/reports/pricing/-/tree/lmps-rt-five-min-final,2026-09-25T20:08:36Z,
isone:.Z.NEMASSBOST,lmp_rtm_15m_mean,2026-09-24T22:15:00Z,34.3067,USD/MWh,PT15M,"US-CT,US-MA,US-ME,US-NH,US-RI,US-VT",isone_rtm,.Z.NEMASSBOST,isone:rt_lmp_5min,https://www.iso-ne.com/isoexpress/web/reports/pricing/-/tree/lmps-rt-five-min-final,2026-09-25T20:08:36Z,
isone:.Z.NEMASSBOST,lmp_rtm_15m_mean,2026-09-24T22:30:00Z,47.0167,USD/MWh,PT15M,"US-CT,US-MA,US-ME,US-NH,US-RI,US-VT",isone_rtm,.Z.NEMASSBOST,isone:rt_lmp_5min,https://www.iso-ne.com/isoexpress/web/reports/pricing/-/tree/lmps-rt-five-min-final,2026-09-25T20:08:36Z,
isone:.Z.NEMASSBOST,lmp_rtm_15m_mean,2026-09-24T22:45:00Z,48.89,USD/MWh,PT15M,"US-CT,US-MA,US-ME,US-NH,US-RI,US-VT",isone_rtm,.Z.NEMASSBOST,isone:rt_lmp_5min,https://www.iso-ne.com/isoexpress/web/reports/pricing/-/tree/lmps-rt-five-min-final,2026-09-25T20:08:36Z,
isone:.Z.NEMASSBOST,lmp_rtm_15m_mean,2026-09-24T23:00:00Z,39.2667,USD/MWh,PT15M,"US-CT,US-MA,US-ME,US-NH,US-RI,US-VT",isone_rtm,.Z.NEMASSBOST,isone:rt_lmp_5min,https://www.iso-ne.com/isoexpress/web/reports/pricing/-/tree/lmps-rt-five-min-final,2026-09-25T20:08:36Z,
isone:.Z.NEMASSBOST,lmp_rtm_15m_mean,2026-09-24T23:15:00Z,38.27,USD/MWh,PT15M,"US-CT,US-MA,US-ME,US-NH,US-RI,US-VT",isone_rtm,.Z.NEMASSBOST,isone:rt_lmp_5min,https://www.iso-ne.com/isoexpress/web/reports/pricing/-/tree/lmps-rt-five-min-final,2026-09-25T20:08:36Z,
isone:.Z.NEMASSBOST,lmp_rtm_15m_mean,2026-09-24T23:30:00Z,37.8433,USD/MWh,PT15M,"US-CT,US-MA,US-ME,US-NH,US-RI,US-VT",isone_rtm,.Z.NEMASSBOST,isone:rt_lmp_5min,https://www.iso-ne.com/isoexpress/web/reports/pricing/-/tree/lmps-rt-five-min-final,2026-09-25T20:08:36Z,
isone:.Z.NEMASSBOST,lmp_rtm_15m_mean,2026-09-24T23:45:00Z,33.06,USD/MWh,PT15M,"US-CT,US-MA,US-ME,US-NH,US-RI,US-VT",isone_rtm,.Z.NEMASSBOST,isone:rt_lmp_5min,https://www.iso-ne.com/isoexpress/web/reports/pricing/-/tree/lmps-rt-five-min-final,2026-09-25T20:08:36Z,
isone:.Z.NEMASSBOST,lmp_rtm_15m_mean,2026-09-25T00:00:00Z,37.3733,USD/MWh,PT15M,"US-CT,US-MA,US-ME,US-NH,US-RI,US-VT",isone_rtm,.Z.NEMASSBOST,isone:rt_lmp_5min,https://www.iso-ne.com/isoexpress/web/reports/pricing/-/tree/lmps-rt-five-min-final,2026-09-25T20:08:36Z,
isone:.Z.NEMASSBOST,lmp_rtm_15m_mean,2026-09-25T00:15:00Z,31.84,USD/MWh,PT15M,"US-CT,US-MA,US-ME,US-NH,US-RI,US-VT",isone_rtm,.Z.NEMASSBOST,isone:rt_lmp_5min,https://www.iso-ne.com/isoexpress/web/reports/pricing/-/tree/lmps-rt-five-min-final,2026-09-25T20:08:36Z,
isone:.Z.NEMASSBOST,lmp_rtm_15m_mean,2026-09-25T00:30:00Z,30.7267,USD/MWh,PT15M,"US-CT,US-MA,US-ME,US-NH,US-RI,US-VT",isone_rtm,.Z.NEMASSBOST,isone:rt_lmp_5min,https://www.iso-ne.com/isoexpress/web/reports/pricing/-/tree/lmps-rt-five-min-final,2026-09-25T20:08:36Z,
isone:.Z.NEMASSBOST,lmp_rtm_15m_mean,2026-09-25T00:45:00Z,29.25,USD/MWh,PT15M,"US-CT,US-MA,US-ME,US-NH,US-RI,US-VT",isone_rtm,.Z.NEMASSBOST,isone:rt_lmp_5min,https://www.iso-ne.com/isoexpress/web/reports/pricing/-/tree/lmps-rt-five-min-final,2026-09-25T20:08:36Z,
isone:.Z.NEMASSBOST,lmp_rtm_15m_mean,2026-09-25T01:00:00Z,36.2233,USD/MWh,PT15M,"US-CT,US-MA,US-ME,US-NH,US-RI,US-VT",isone_rtm,.Z.NEMASSBOST,isone:rt_lmp_5min,https://www.iso-ne.com/isoexpress/web/reports/pricing/-/tree/lmps-rt-five-min-final,2026-09-25T20:08:36Z,
isone:.Z.NEMASSBOST,lmp_rtm_15m_mean,2026-09-25T01:15:00Z,29.7833,USD/MWh,PT15M,"US-CT,US-MA,US-ME,US-NH,US-RI,US-VT",isone_rtm,.Z.NEMASSBOST,isone:rt_lmp_5min,https://www.iso-ne.com/isoexpress/web/reports/pricing/-/tree/lmps-rt-five-min-final,2026-09-25T20:08:36Z,
isone:.Z.NEMASSBOST,lmp_rtm_15m_mean,2026-09-25T01:30:00Z,28.6167,USD/MWh,PT15M,"US-CT,US-MA,US-ME,US-NH,US-RI,US-VT",isone_rtm,.Z.NEMASSBOST,isone:rt_lmp_5min,https://www.iso-ne.com/isoexpress/web/reports/pricing/-/tree/lmps-rt-five-min-final,2026-09-25T20:08:36Z,
isone:.Z.NEMASSBOST,lmp_rtm_15m_mean,2026-09-25T01:45:00Z,27.7267,USD/MWh,PT15M,"US-CT,US-MA,US-ME,US-NH,US-RI,US-VT",isone_rtm,.Z.NEMASSBOST,isone:rt_lmp_5min,https://www.iso-ne.com/isoexpress/web/reports/pricing/-/tree/lmps-rt-five-min-final,2026-09-25T20:08:36Z,
isone:.Z.NEMASSBOST,lmp_rtm_15m_mean,2026-09-25T02:00:00Z,30.7167,USD/MWh,PT15M,"US-CT,US-MA,US-ME,US-NH,US-RI,US-VT",isone_rtm,.Z.NEMASSBOST,isone:rt_lmp_5min,https://www.iso-ne.com/isoexpress/web/reports/pricing/-/tree/lmps-rt-five-min-final,2026-09-25T20:08:36Z,
isone:.Z.NEMASSBOST,lmp_rtm_15m_mean,2026-09-25T02:15:00Z,27.33,USD/MWh,PT15M,"US-CT,US-MA,US-ME,US-NH,US-RI,US-VT",isone_rtm,.Z.NEMASSBOST,isone:rt_lmp_5min,https://www.iso-ne.com/isoexpress/web/reports/pricing/-/tree/lmps-rt-five-min-final,2026-09-25T20:08:36Z,
isone:.Z.NEMASSBOST,lmp_rtm_15m_mean,2026-09-25T02:30:00Z,26.65,USD/MWh,PT15M,"US-CT,US-MA,US-ME,US-NH,US-RI,US-VT",isone_rtm,.Z.NEMASSBOST,isone:rt_lmp_5min,https://www.iso-ne.com/isoexpress/web/reports/pricing/-/tree/lmps-rt-five-min-final,2026-09-25T20:08:36Z,
isone:.Z.NEMASSBOST,lmp_rtm_15m_mean,2026-09-25T02:45:00Z,26.5833,USD/MWh,PT15M,"US-CT,US-MA,US-ME,US-NH,US-RI,US-VT",isone_rtm,.Z.NEMASSBOST,isone:rt_lmp_5min,https://www.iso-ne.com/isoexpress/web/reports/pricing/-/tree/lmps-rt-five-min-final,2026-09-25T20:08:36Z,
isone:.Z.NEMASSBOST,lmp_rtm_15m_mean,2026-09-25T03:00:00Z,29.2333,USD/MWh,PT15M,"US-CT,US-MA,US-ME,US-NH,US-RI,US-VT",isone_rtm,.Z.NEMASSBOST,isone:rt_lmp_5min,https://www.iso-ne.com/isoexpress/web/reports/pricing/-/tree/lmps-rt-five-min-final,2026-09-25T20:08:36Z,
isone:.Z.NEMASSBOST,lmp_rtm_15m_mean,2026-09-25T03:15:00Z,25.7567,USD/MWh,PT15M,"US-CT,US-MA,US-ME,US-NH,US-RI,US-VT",isone_rtm,.Z.NEMASSBOST,isone:rt_lmp_5min,https://www.iso-ne.com/isoexpress/web/reports/pricing/-/tree/lmps-rt-five-min-final,2026-09-25T20:08:36Z,
isone:.Z.NEMASSBOST,lmp_rtm_15m_mean,2026-09-25T03:30:00Z,25.0567,USD/MWh,PT15M,"US-CT,US-MA,US-ME,US-NH,US-RI,US-VT",isone_rtm,.Z.NEMASSBOST,isone:rt_lmp_5min,https://www.iso-ne.com/isoexpress/web/reports/pricing/-/tree/lmps-rt-five-min-final,2026-09-25T20:08:36Z,
isone:.Z.NEMASSBOST,lmp_rtm_15m_mean,2026-09-25T03:45:00Z,24.0633,USD/MWh,PT15M,"US-CT,US-MA,US-ME,US-NH,US-RI,US-VT",isone_rtm,.Z.NEMASSBOST,isone:rt_lmp_5min,https://www.iso-ne.com/isoexpress/web/reports/pricing/-/tree/lmps-rt-five-min-final,2026-09-25T20:08:36Z,
isone:.Z.NEWHAMPSHIRE,lmp_rtm_15m_mean,2026-09-22T04:00:00Z,25.4867,USD/MWh,PT15M,"US-CT,US-MA,US-ME,US-NH,US-RI,US-VT",isone_rtm,.Z.NEWHAMPSHIRE,isone:rt_lmp_5min,https://www.iso-ne.com/isoexpress/web/reports/pricing/-/tree/lmps-rt-five-min-final,2026-09-25T20:08:05Z,
isone:.Z.NEWHAMPSHIRE,lmp_rtm_15m_mean,2026-09-22T04:15:00Z,31.4367,USD/MWh,PT15M,"US-CT,US-MA,US-ME,US-NH,US-RI,US-VT",isone_rtm,.Z.NEWHAMPSHIRE,isone:rt_lmp_5min,https://www.iso-ne.com/isoexpress/web/reports/pricing/-/tree/lmps-rt-five-min-final,2026-09-25T20:08:05Z,
isone:.Z.NEWHAMPSHIRE,lmp_rtm_15m_mean,2026-09-22T04:30:00Z,30.25,USD/MWh,PT15M,"US-CT,US-MA,US-ME,US-NH,US-RI,US-VT",isone_rtm,.Z.NEWHAMPSHIRE,isone:rt_lmp_5min,https://www.iso-ne.com/isoexpress/web/reports/pricing/-/tree/lmps-rt-five-min-final,2026-09-25T20:08:05Z,
isone:.Z.NEWHAMPSHIRE,lmp_rtm_15m_mean,2026-09-22T04:45:00Z,33.07,USD/MWh,PT15M,"US-CT,US-MA,US-ME,US-NH,US-RI,US-VT",isone_rtm,.Z.NEWHAMPSHIRE,isone:rt_lmp_5min,https://www.iso-ne.com/isoexpress/web/reports/pricing/-/tree/lmps-rt-five-min-final,2026-09-25T20:08:05Z,
isone:.Z.NEWHAMPSHIRE,lmp_rtm_15m_mean,2026-09-22T05:00:00Z,31.5533,USD/MWh,PT15M,"US-CT,US-MA,US-ME,US-NH,US-RI,US-VT",isone_rtm,.Z.NEWHAMPSHIRE,isone:rt_lmp_5min,https://www.iso-ne.com/isoexpress/web/reports/pricing/-/tree/lmps-rt-five-min-final,2026-09-25T20:08:05Z,
isone:.Z.NEWHAMPSHIRE,lmp_rtm_15m_mean,2026-09-22T05:15:00Z,28.63,USD/MWh,PT15M,"US-CT,US-MA,US-ME,US-NH,US-RI,US-VT",isone_rtm,.Z.NEWHAMPSHIRE,isone:rt_lmp_5min,https://www.iso-ne.com/isoexpress/web/reports/pricing/-/tree/lmps-rt-five-min-final,2026-09-25T20:08:05Z,
isone:.Z.NEWHAMPSHIRE,lmp_rtm_15m_mean,2026-09-22T05:30:00Z,27.7,USD/MWh,PT15M,"US-CT,US-MA,US-ME,US-NH,US-RI,US-VT",isone_rtm,.Z.NEWHAMPSHIRE,isone:rt_lmp_5min,https://www.iso-ne.com/isoexpress/web/reports/pricing/-/tree/lmps-rt-five-min-final,2026-09-25T20:08:05Z,
isone:.Z.NEWHAMPSHIRE,lmp_rtm_15m_mean,2026-09-22T05:45:00Z,28.4233,USD/MWh,PT15M,"US-CT,US-MA,US-ME,US-NH,US-RI,US-VT",isone_rtm,.Z.NEWHAMPSHIRE,isone:rt_lmp_5min,https://www.iso-ne.com/isoexpress/web/reports/pricing/-/tree/lmps-rt-five-min-final,2026-09-25T20:08:05Z,
isone:.Z.NEWHAMPSHIRE,lmp_rtm_15m_mean,2026-09-22T06:00:00Z,27.2133,USD/MWh,PT15M,"US-CT,US-MA,US-ME,US-NH,US-RI,US-VT",isone_rtm,.Z.NEWHAMPSHIRE,isone:rt_lmp_5min,https://www.iso-ne.com/isoexpress/web/reports/pricing/-/tree/lmps-rt-five-min-final,2026-09-25T20:08:05Z,
isone:.Z.NEWHAMPSHIRE,lmp_rtm_15m_mean,2026-09-22T06:15:00Z,26.0667,USD/MWh,PT15M,"US-CT,US-MA,US-ME,US-NH,US-RI,US-VT",isone_rtm,.Z.NEWHAMPSHIRE,isone:rt_lmp_5min,https://www.iso-ne.com/isoexpress/web/reports/pricing/-/tree/lmps-rt-five-min-final,2026-09-25T20:08:05Z,
isone:.Z.NEWHAMPSHIRE,lmp_rtm_15m_mean,2026-09-22T06:30:00Z,27.3533,USD/MWh,PT15M,"US-CT,US-MA,US-ME,US-NH,US-RI,US-VT",isone_rtm,.Z.NEWHAMPSHIRE,isone:rt_lmp_5min,https://www.iso-ne.com/isoexpress/web/reports/pricing/-/tree/lmps-rt-five-min-final,2026-09-25T20:08:05Z,
isone:.Z.NEWHAMPSHIRE,lmp_rtm_15m_mean,2026-09-22T06:45:00Z,28.1333,USD/MWh,PT15M,"US-CT,US-MA,US-ME,US-NH,US-RI,US-VT",isone_rtm,.Z.NEWHAMPSHIRE,isone:rt_lmp_5min,https://www.iso-ne.com/isoexpress/web/reports/pricing/-/tree/lmps-rt-five-min-final,2026-09-25T20:08:05Z,
isone:.Z.NEWHAMPSHIRE,lmp_rtm_15m_mean,2026-09-22T07:00:00Z,27.3767,USD/MWh,PT15M,"US-CT,US-MA,US-ME,US-NH,US-RI,US-VT",isone_rtm,.Z.NEWHAMPSHIRE,isone:rt_lmp_5min,https://www.iso-ne.com/isoexpress/web/reports/pricing/-/tree/lmps-rt-five-min-final,2026-09-25T20:08:05Z,
isone:.Z.NEWHAMPSHIRE,lmp_rtm_15m_mean,2026-09-22T07:15:00Z,27.73,USD/MWh,PT15M,"US-CT,US-MA,US-ME,US-NH,US-RI,US-VT",isone_rtm,.Z.NEWHAMPSHIRE,isone:rt_lmp_5min,https://www.iso-ne.com/isoexpress/web/reports/pricing/-/tree/lmps-rt-five-min-final,2026-09-25T20:08:05Z,
isone:.Z.NEWHAMPSHIRE,lmp_rtm_15m_mean,2026-09-22T07:30:00Z,28.4,USD/MWh,PT15M,"US-CT,US-MA,US-ME,US-NH,US-RI,US-VT",isone_rtm,.Z.NEWHAMPSHIRE,isone:rt_lmp_5min,https://www.iso-ne.com/isoexpress/web/reports/pricing/-/tree/lmps-rt-five-min-final,2026-09-25T20:08:05Z,
isone:.Z.NEWHAMPSHIRE,lmp_rtm_15m_mean,2026-09-22T07:45:00Z,28.2767,USD/MWh,PT15M,"US-CT,US-MA,US-ME,US-NH,US-RI,US-VT",isone_rtm,.Z.NEWHAMPSHIRE,isone:rt_lmp_5min,https://www.iso-ne.com/isoexpress/web/reports/pricing/-/tree/lmps-rt-five-min-final,2026-09-25T20:08:05Z,
isone:.Z.NEWHAMPSHIRE,lmp_rtm_15m_mean,2026-09-22T08:00:00Z,27.6367,USD/MWh,PT15M,"US-CT,US-MA,US-ME,US-NH,US-RI,US-VT",isone_rtm,.Z.NEWHAMPSHIRE,isone:rt_lmp_5min,https://www.iso-ne.com/isoexpress/web/reports/pricing/-/tree/lmps-rt-five-min-final,2026-09-25T20:08:05Z,
isone:.Z.NEWHAMPSHIRE,lmp_rtm_15m_mean,2026-09-22T08:15:00Z,27.54,USD/MWh,PT15M,"US-CT,US-MA,US-ME,US-NH,US-RI,US-VT",isone_rtm,.Z.NEWHAMPSHIRE,isone:rt_lmp_5min,https://www.iso-ne.com/isoexpress/web/reports/pricing/-/tree/lmps-rt-five-min-final,2026-09-25T20:08:05Z,
isone:.Z.NEWHAMPSHIRE,lmp_rtm_15m_mean,2026-09-22T08:30:00Z,28.1233,USD/MWh,PT15M,"US-CT,US-MA,US-ME,US-NH,US-RI,US-VT",isone_rtm,.Z.NEWHAMPSHIRE,isone:rt_lmp_5min,https://www.iso-ne.com/isoexpress/web/reports/pricing/-/tree/lmps-rt-five-min-final,2026-09-25T20:08:05Z,
isone:.Z.NEWHAMPSHIRE,lmp_rtm_15m_mean,2026-09-22T08:45:00Z,29.1967,USD/MWh,PT15M,"US-CT,US-MA,US-ME,US-NH,US-RI,US-VT",isone_rtm,.Z.NEWHAMPSHIRE,isone:rt_lmp_5min,https://www.iso-ne.com/isoexpress/web/reports/pricing/-/tree/lmps-rt-five-min-final,2026-09-25T20:08:05Z,
isone:.Z.NEWHAMPSHIRE,lmp_rtm_15m_mean,2026-09-22T09:00:00Z,27.38,USD/MWh,PT15M,"US-CT,US-MA,US-ME,US-NH,US-RI,US-VT",isone_rtm,.Z.NEWHAMPSHIRE,isone:rt_lmp_5min,https://www.iso-ne.com/isoexpress/web/reports/pricing/-/tree/lmps-rt-five-min-final,2026-09-25T20:08:05Z,
isone:.Z.NEWHAMPSHIRE,lmp_rtm_15m_mean,2026-09-22T09:15:00Z,27.7667,USD/MWh,PT15M,"US-CT,US-MA,US-ME,US-NH,US-RI,US-VT",isone_rtm,.Z.NEWHAMPSHIRE,isone:rt_lmp_5min,https://www.iso-ne.com/isoexpress/web/reports/pricing/-/tree/lmps-rt-five-min-final,2026-09-25T20:08:05Z,
isone:.Z.NEWHAMPSHIRE,lmp_rtm_15m_mean,2026-09-22T09:30:00Z,28.97,USD/MWh,PT15M,"US-CT,US-MA,US-ME,US-NH,US-RI,US-VT",isone_rtm,.Z.NEWHAMPSHIRE,isone:rt_lmp_5min,https://www.iso-ne.com/isoexpress/web/reports/pricing/-/tree/lmps-rt-five-min-final,2026-09-25T20:08:05Z,
isone:.Z.NEWHAMPSHIRE,lmp_rtm_15m_mean,2026-09-22T09:45:00Z,29.3633,USD/MWh,PT15M,"US-CT,US-MA,US-ME,US-NH,US-RI,US-VT",isone_rtm,.Z.NEWHAMPSHIRE,isone:rt_lmp_5min,https://www.iso-ne.com/isoexpress/web/reports/pricing/-/tree/lmps-rt-five-min-final,2026-09-25T20:08:05Z,
isone:.Z.NEWHAMPSHIRE,lmp_rtm_15m_mean,2026-09-22T10:00:00Z,24.98,USD/MWh,PT15M,"US-CT,US-MA,US-ME,US-NH,US-RI,US-VT",isone_rtm,.Z.NEWHAMPSHIRE,isone:rt_lmp_5min,https://www.iso-ne.com/isoexpress/web/reports/pricing/-/tree/lmps-rt-five-min-final,2026-09-25T20:08:05Z,
isone:.Z.NEWHAMPSHIRE,lmp_rtm_15m_mean,2026-09-22T10:15:00Z,27.24,USD/MWh,PT15M,"US-CT,US-MA,US-ME,US-NH,US-RI,US-VT",isone_rtm,.Z.NEWHAMPSHIRE,isone:rt_lmp_5min,https://www.iso-ne.com/isoexpress/web/reports/pricing/-/tree/lmps-rt-five-min-final,2026-09-25T20:08:05Z,
isone:.Z.NEWHAMPSHIRE,lmp_rtm_15m_mean,2026-09-22T10:30:00Z,36.6467,USD/MWh,PT15M,"US-CT,US-MA,US-ME,US-NH,US-RI,US-VT",isone_rtm,.Z.NEWHAMPSHIRE,isone:rt_lmp_5min,https://www.iso-ne.com/isoexpress/web/reports/pricing/-/tree/lmps-rt-five-min-final,2026-09-25T20:08:05Z,
isone:.Z.NEWHAMPSHIRE,lmp_rtm_15m_mean,2026-09-22T10:45:00Z,47.1433,USD/MWh,PT15M,"US-CT,US-MA,US-ME,US-NH,US-RI,US-VT",isone_rtm,.Z.NEWHAMPSHIRE,isone:rt_lmp_5min,https://www.iso-ne.com/isoexpress/web/reports/pricing/-/tree/lmps-rt-five-min-final,2026-09-25T20:08:05Z,
isone:.Z.NEWHAMPSHIRE,lmp_rtm_15m_mean,2026-09-22T11:00:00Z,37.24,USD/MWh,PT15M,"US-CT,US-MA,US-ME,US-NH,US-RI,US-VT",isone_rtm,.Z.NEWHAMPSHIRE,isone:rt_lmp_5min,https://www.iso-ne.com/isoexpress/web/reports/pricing/-/tree/lmps-rt-five-min-final,2026-09-25T20:08:05Z,
isone:.Z.NEWHAMPSHIRE,lmp_rtm_15m_mean,2026-09-22T11:15:00Z,30.41,USD/MWh,PT15M,"US-CT,US-MA,US-ME,US-NH,US-RI,US-VT",isone_rtm,.Z.NEWHAMPSHIRE,isone:rt_lmp_5min,https://www.iso-ne.com/isoexpress/web/reports/pricing/-/tree/lmps-rt-five-min-final,2026-09-25T20:08:05Z,
isone:.Z.NEWHAMPSHIRE,lmp_rtm_15m_mean,2026-09-22T11:30:00Z,28.0867,USD/MWh,PT15M,"US-CT,US-MA,US-ME,US-NH,US-RI,US-VT",isone_rtm,.Z.NEWHAMPSHIRE,isone:rt_lmp_5min,https://www.iso-ne.com/isoexpress/web/reports/pricing/-/tree/lmps-rt-five-min-final,2026-09-25T20:08:05Z,
isone:.Z.NEWHAMPSHIRE,lmp_rtm_15m_mean,2026-09-22T11:45:00Z,26.95,USD/MWh,PT15M,"US-CT,US-MA,US-ME,US-NH,US-RI,US-VT",isone_rtm,.Z.NEWHAMPSHIRE,isone:rt_lmp_5min,https://www.iso-ne.com/isoexpress/web/reports/pricing/-/tree/lmps-rt-five-min-final,2026-09-25T20:08:05Z,
isone:.Z.NEWHAMPSHIRE,lmp_rtm_15m_mean,2026-09-22T12:00:00Z,41.2633,USD/MWh,PT15M,"US-CT,US-MA,US-ME,US-NH,US-RI,US-VT",isone_rtm,.Z.NEWHAMPSHIRE,isone:rt_lmp_5min,https://www.iso-ne.com/isoexpress/web/reports/pricing/-/tree/lmps-rt-five-min-final,2026-09-25T20:08:05Z,
isone:.Z.NEWHAMPSHIRE,lmp_rtm_15m_mean,2026-09-22T12:15:00Z,26.8833,USD/MWh,PT15M,"US-CT,US-MA,US-ME,US-NH,US-RI,US-VT",isone_rtm,.Z.NEWHAMPSHIRE,isone:rt_lmp_5min,https://www.iso-ne.com/isoexpress/web/reports/pricing/-/tree/lmps-rt-five-min-final,2026-09-25T20:08:05Z,
isone:.Z.NEWHAMPSHIRE,lmp_rtm_15m_mean,2026-09-22T12:30:00Z,25.3933,USD/MWh,PT15M,"US-CT,US-MA,US-ME,US-NH,US-RI,US-VT",isone_rtm,.Z.NEWHAMPSHIRE,isone:rt_lmp_5min,https://www.iso-ne.com/isoexpress/web/reports/pricing/-/tree/lmps-rt-five-min-final,2026-09-25T20:08:05Z,
isone:.Z.NEWHAMPSHIRE,lmp_rtm_15m_mean,2026-09-22T12:45:00Z,24.83,USD/MWh,PT15M,"US-CT,US-MA,US-ME,US-NH,US-RI,US-VT",isone_rtm,.Z.NEWHAMPSHIRE,isone:rt_lmp_5min,https://www.iso-ne.com/isoexpress/web/reports/pricing/-/tree/lmps-rt-five-min-final,2026-09-25T20:08:05Z,
isone:.Z.NEWHAMPSHIRE,lmp_rtm_15m_mean,2026-09-22T13:00:00Z,24.6033,USD/MWh,PT15M,"US-CT,US-MA,US-ME,US-NH,US-RI,US-VT",isone_rtm,.Z.NEWHAMPSHIRE,isone:rt_lmp_5min,https://www.iso-ne.com/isoexpress/web/reports/pricing/-/tree/lmps-rt-five-min-final,2026-09-25T20:08:05Z,
isone:.Z.NEWHAMPSHIRE,lmp_rtm_15m_mean,2026-09-22T13:15:00Z,25.6233,USD/MWh,PT15M,"US-CT,US-MA,US-ME,US-NH,US-RI,US-VT",isone_rtm,.Z.NEWHAMPSHIRE,isone:rt_lmp_5min,https://www.iso-ne.com/isoexpress/web/reports/pricing/-/tree/lmps-rt-five-min-final,2026-09-25T20:08:05Z,
isone:.Z.NEWHAMPSHIRE,lmp_rtm_15m_mean,2026-09-22T13:30:00Z,26.0733,USD/MWh,PT15M,"US-CT,US-MA,US-ME,US-NH,US-RI,US-VT",isone_rtm,.Z.NEWHAMPSHIRE,isone:rt_lmp_5min,https://www.iso-ne.com/isoexpress/web/reports/pricing/-/tree/lmps-rt-five-min-final,2026-09-25T20:08:05Z,
isone:.Z.NEWHAMPSHIRE,lmp_rtm_15m_mean,2026-09-22T13:45:00Z,25.24,USD/MWh,PT15M,"US-CT,US-MA,US-ME,US-NH,US-RI,US-VT",isone_rtm,.Z.NEWHAMPSHIRE,isone:rt_lmp_5min,https://www.iso-ne.com/isoexpress/web/reports/pricing/-/tree/lmps-rt-five-min-final,2026-09-25T20:08:05Z,
isone:.Z.NEWHAMPSHIRE,lmp_rtm_15m_mean,2026-09-22T14:00:00Z,27.4233,USD/MWh,PT15M,"US-CT,US-MA,US-ME,US-NH,US-RI,US-VT",isone_rtm,.Z.NEWHAMPSHIRE,isone:rt_lmp_5min,https://www.iso-ne.com/isoexpress/web/reports/pricing/-/tree/lmps-rt-five-min-final,2026-09-25T20:08:05Z,
isone:.Z.NEWHAMPSHIRE,lmp_rtm_15m_mean,2026-09-22T14:15:00Z,26.8733,USD/MWh,PT15M,"US-CT,US-MA,US-ME,US-NH,US-RI,US-VT",isone_rtm,.Z.NEWHAMPSHIRE,isone:rt_lmp_5min,https://www.iso-ne.com/isoexpress/web/reports/pricing/-/tree/lmps-rt-five-min-final,2026-09-25T20:08:05Z,
isone:.Z.NEWHAMPSHIRE,lmp_rtm_15m_mean,2026-09-22T14:30:00Z,26.4833,USD/MWh,PT15M,"US-CT,US-MA,US-ME,US-NH,US-RI,US-VT",isone_rtm,.Z.NEWHAMPSHIRE,isone:rt_lmp_5min,https://www.iso-ne.com/isoexpress/web/reports/pricing/-/tree/lmps-rt-five-min-final,2026-09-25T20:08:05Z,
isone:.Z.NEWHAMPSHIRE,lmp_rtm_15m_mean,2026-09-22T14:45:00Z,24.3467,USD/MWh,PT15M,"US-CT,US-MA,US-ME,US-NH,US-RI,US-VT",isone_rtm,.Z.NEWHAMPSHIRE,isone:rt_lmp_5min,https://www.iso-ne.com/isoexpress/web/reports/pricing/-/tree/lmps-rt-five-min-final,2026-09-25T20:08:05Z,
isone:.Z.NEWHAMPSHIRE,lmp_rtm_15m_mean,2026-09-22T15:00:00Z,16.1667,USD/MWh,PT15M,"US-CT,US-MA,US-ME,US-NH,US-RI,US-VT",isone_rtm,.Z.NEWHAMPSHIRE,isone:rt_lmp_5min,https://www.iso-ne.com/isoexpress/web/reports/pricing/-/tree/lmps-rt-five-min-final,2026-09-25T20:08:05Z,
isone:.Z.NEWHAMPSHIRE,lmp_rtm_15m_mean,2026-09-22T15:15:00Z,23.2867,USD/MWh,PT15M,"US-CT,US-MA,US-ME,US-NH,US-RI,US-VT",isone_rtm,.Z.NEWHAMPSHIRE,isone:rt_lmp_5min,https://www.iso-ne.com/isoexpress/web/reports/pricing/-/tree/lmps-rt-five-min-final,2026-09-25T20:08:05Z,
isone:.Z.NEWHAMPSHIRE,lmp_rtm_15m_mean,2026-09-22T15:30:00Z,23.0267,USD/MWh,PT15M,"US-CT,US-MA,US-ME,US-NH,US-RI,US-VT",isone_rtm,.Z.NEWHAMPSHIRE,isone:rt_lmp_5min,https://www.iso-ne.com/isoexpress/web/reports/pricing/-/tree/lmps-rt-five-min-final,2026-09-25T20:08:05Z,
isone:.Z.NEWHAMPSHIRE,lmp_rtm_15m_mean,2026-09-22T15:45:00Z,22.8067,USD/MWh,PT15M,"US-CT,US-MA,US-ME,US-NH,US-RI,US-VT",isone_rtm,.Z.NEWHAMPSHIRE,isone:rt_lmp_5min,https://www.iso-ne.com/isoexpress/web/reports/pricing/-/tree/lmps-rt-five-min-final,2026-09-25T20:08:05Z,
isone:.Z.NEWHAMPSHIRE,lmp_rtm_15m_mean,2026-09-22T16:00:00Z,20.67,USD/MWh,PT15M,"US-CT,US-MA,US-ME,US-NH,US-RI,US-VT",isone_rtm,.Z.NEWHAMPSHIRE,isone:rt_lmp_5min,https://www.iso-ne.com/isoexpress/web/reports/pricing/-/tree/lmps-rt-five-min-final,2026-09-25T20:08:05Z,
isone:.Z.NEWHAMPSHIRE,lmp_rtm_15m_mean,2026-09-22T16:15:00Z,19.6467,USD/MWh,PT15M,"US-CT,US-MA,US-ME,US-NH,US-RI,US-VT",isone_rtm,.Z.NEWHAMPSHIRE,isone:rt_lmp_5min,https://www.iso-ne.com/isoexpress/web/reports/pricing/-/tree/lmps-rt-five-min-final,2026-09-25T20:08:05Z,
isone:.Z.NEWHAMPSHIRE,lmp_rtm_15m_mean,2026-09-22T16:30:00Z,19.9767,USD/MWh,PT15M,"US-CT,US-MA,US-ME,US-NH,US-RI,US-VT",isone_rtm,.Z.NEWHAMPSHIRE,isone:rt_lmp_5min,https://www.iso-ne.com/isoexpress/web/reports/pricing/-/tree/lmps-rt-five-min-final,2026-09-25T20:08:05Z,
isone:.Z.NEWHAMPSHIRE,lmp_rtm_15m_mean,2026-09-22T16:45:00Z,22.39,USD/MWh,PT15M,"US-CT,US-MA,US-ME,US-NH,US-RI,US-VT",isone_rtm,.Z.NEWHAMPSHIRE,isone:rt_lmp_5min,https://www.iso-ne.com/isoexpress/web/reports/pricing/-/tree/lmps-rt-five-min-final,2026-09-25T20:08:05Z,
isone:.Z.NEWHAMPSHIRE,lmp_rtm_15m_mean,2026-09-22T17:00:00Z,22.88,USD/MWh,PT15M,"US-CT,US-MA,US-ME,US-NH,US-RI,US-VT",isone_rtm,.Z.NEWHAMPSHIRE,isone:rt_lmp_5min,https://www.iso-ne.com/isoexpress/web/reports/pricing/-/tree/lmps-rt-five-min-final,2026-09-25T20:08:05Z,
isone:.Z.NEWHAMPSHIRE,lmp_rtm_15m_mean,2026-09-22T17:15:00Z,24.0933,USD/MWh,PT15M,"US-CT,US-MA,US-ME,US-NH,US-RI,US-VT",isone_rtm,.Z.NEWHAMPSHIRE,isone:rt_lmp_5min,https://www.iso-ne.com/isoexpress/web/reports/pricing/-/tree/lmps-rt-five-min-final,2026-09-25T20:08:05Z,
isone:.Z.NEWHAMPSHIRE,lmp_rtm_15m_mean,2026-09-22T17:30:00Z,26.5133,USD/MWh,PT15M,"US-CT,US-MA,US-ME,US-NH,US-RI,US-VT",isone_rtm,.Z.NEWHAMPSHIRE,isone:rt_lmp_5min,https://www.iso-ne.com/isoexpress/web/reports/pricing/-/tree/lmps-rt-five-min-final,2026-09-25T20:08:05Z,
isone:.Z.NEWHAMPSHIRE,lmp_rtm_15m_mean,2026-09-22T17:45:00Z,26.6467,USD/MWh,PT15M,"US-CT,US-MA,US-ME,US-NH,US-RI,US-VT",isone_rtm,.Z.NEWHAMPSHIRE,isone:rt_lmp_5min,https://www.iso-ne.com/isoexpress/web/reports/pricing/-/tree/lmps-rt-five-min-final,2026-09-25T20:08:05Z,
isone:.Z.NEWHAMPSHIRE,lmp_rtm_15m_mean,2026-09-22T18:00:00Z,25.9967,USD/MWh,PT15M,"US-CT,US-MA,US-ME,US-NH,US-RI,US-VT",isone_rtm,.Z.NEWHAMPSHIRE,isone:rt_lmp_5min,https://www.iso-ne.com/isoexpress/web/reports/pricing/-/tree/lmps-rt-five-min-final,2026-09-25T20:08:05Z,
isone:.Z.NEWHAMPSHIRE,lmp_rtm_15m_mean,2026-09-22T18:15:00Z,25.89,USD/MWh,PT15M,"US-CT,US-MA,US-ME,US-NH,US-RI,US-VT",isone_rtm,.Z.NEWHAMPSHIRE,isone:rt_lmp_5min,https://www.iso-ne.com/isoexpress/web/reports/pricing/-/tree/lmps-rt-five-min-final,2026-09-25T20:08:05Z,
isone:.Z.NEWHAMPSHIRE,lmp_rtm_15m_mean,2026-09-22T18:30:00Z,24.9,USD/MWh,PT15M,"US-CT,US-MA,US-ME,US-NH,US-RI,US-VT",isone_rtm,.Z.NEWHAMPSHIRE,isone:rt_lmp_5min,https://www.iso-ne.com/isoexpress/web/reports/pricing/-/tree/lmps-rt-five-min-final,2026-09-25T20:08:05Z,
isone:.Z.NEWHAMPSHIRE,lmp_rtm_15m_mean,2026-09-22T18:45:00Z,24.9533,USD/MWh,PT15M,"US-CT,US-MA,US-ME,US-NH,US-RI,US-VT",isone_rtm,.Z.NEWHAMPSHIRE,isone:rt_lmp_5min,https://www.iso-ne.com/isoexpress/web/reports/pricing/-/tree/lmps-rt-five-min-final,2026-09-25T20:08:05Z,
isone:.Z.NEWHAMPSHIRE,lmp_rtm_15m_mean,2026-09-22T19:00:00Z,25.0733,USD/MWh,PT15M,"US-CT,US-MA,US-ME,US-NH,US-RI,US-VT",isone_rtm,.Z.NEWHAMPSHIRE,isone:rt_lmp_5min,https://www.iso-ne.com/isoexpress/web/reports/pricing/-/tree/lmps-rt-five-min-final,2026-09-25T20:08:05Z,
isone:.Z.NEWHAMPSHIRE,lmp_rtm_15m_mean,2026-09-22T19:15:00Z,26.25,USD/MWh,PT15M,"US-CT,US-MA,US-ME,US-NH,US-RI,US-VT",isone_rtm,.Z.NEWHAMPSHIRE,isone:rt_lmp_5min,https://www.iso-ne.com/isoexpress/web/reports/pricing/-/tree/lmps-rt-five-min-final,2026-09-25T20:08:05Z,
isone:.Z.NEWHAMPSHIRE,lmp_rtm_15m_mean,2026-09-22T19:30:00Z,26.7667,USD/MWh,PT15M,"US-CT,US-MA,US-ME,US-NH,US-RI,US-VT",isone_rtm,.Z.NEWHAMPSHIRE,isone:rt_lmp_5min,https://www.iso-ne.com/isoexpress/web/reports/pricing/-/tree/lmps-rt-five-min-final,2026-09-25T20:08:05Z,
isone:.Z.NEWHAMPSHIRE,lmp_rtm_15m_mean,2026-09-22T19:45:00Z,27.2767,USD/MWh,PT15M,"US-CT,US-MA,US-ME,US-NH,US-RI,US-VT",isone_rtm,.Z.NEWHAMPSHIRE,isone:rt_lmp_5min,https://www.iso-ne.com/isoexpress/web/reports/pricing/-/tree/lmps-rt-five-min-final,2026-09-25T20:08:05Z,
isone:.Z.NEWHAMPSHIRE,lmp_rtm_15m_mean,2026-09-22T20:00:00Z,23.8567,USD/MWh,PT15M,"US-CT,US-MA,US-ME,US-NH,US-RI,US-VT",isone_rtm,.Z.NEWHAMPSHIRE,isone:rt_lmp_5min,https://www.iso-ne.com/isoexpress/web/reports/pricing/-/tree/lmps-rt-five-min-final,2026-09-25T20:08:05Z,
isone:.Z.NEWHAMPSHIRE,lmp_rtm_15m_mean,2026-09-22T20:15:00Z,23.9633,USD/MWh,PT15M,"US-CT,US-MA,US-ME,US-NH,US-RI,US-VT",isone_rtm,.Z.NEWHAMPSHIRE,isone:rt_lmp_5min,https://www.iso-ne.com/isoexpress/web/reports/pricing/-/tree/lmps-rt-five-min-final,2026-09-25T20:08:05Z,
isone:.Z.NEWHAMPSHIRE,lmp_rtm_15m_mean,2026-09-22T20:30:00Z,27.3733,USD/MWh,PT15M,"US-CT,US-MA,US-ME,US-NH,US-RI,US-VT",isone_rtm,.Z.NEWHAMPSHIRE,isone:rt_lmp_5min,https://www.iso-ne.com/isoexpress/web/reports/pricing/-/tree/lmps-rt-five-min-final,2026-09-25T20:08:05Z,
isone:.Z.NEWHAMPSHIRE,lmp_rtm_15m_mean,2026-09-22T20:45:00Z,30.9233,USD/MWh,PT15M,"US-CT,US-MA,US-ME,US-NH,US-RI,US-VT",isone_rtm,.Z.NEWHAMPSHIRE,isone:rt_lmp_5min,https://www.iso-ne.com/isoexpress/web/reports/pricing/-/tree/lmps-rt-five-min-final,2026-09-25T20:08:05Z,
isone:.Z.NEWHAMPSHIRE,lmp_rtm_15m_mean,2026-09-22T21:00:00Z,28.12,USD/MWh,PT15M,"US-CT,US-MA,US-ME,US-NH,US-RI,US-VT",isone_rtm,.Z.NEWHAMPSHIRE,isone:rt_lmp_5min,https://www.iso-ne.com/isoexpress/web/reports/pricing/-/tree/lmps-rt-five-min-final,2026-09-25T20:08:05Z,
isone:.Z.NEWHAMPSHIRE,lmp_rtm_15m_mean,2026-09-22T21:15:00Z,24.9833,USD/MWh,PT15M,"US-CT,US-MA,US-ME,US-NH,US-RI,US-VT",isone_rtm,.Z.NEWHAMPSHIRE,isone:rt_lmp_5min,https://www.iso-ne.com/isoexpress/web/reports/pricing/-/tree/lmps-rt-five-min-final,2026-09-25T20:08:05Z,
isone:.Z.NEWHAMPSHIRE,lmp_rtm_15m_mean,2026-09-22T21:30:00Z,28.13,USD/MWh,PT15M,"US-CT,US-MA,US-ME,US-NH,US-RI,US-VT",isone_rtm,.Z.NEWHAMPSHIRE,isone:rt_lmp_5min,https://www.iso-ne.com/isoexpress/web/reports/pricing/-/tree/lmps-rt-five-min-final,2026-09-25T20:08:05Z,
isone:.Z.NEWHAMPSHIRE,lmp_rtm_15m_mean,2026-09-22T21:45:00Z,29.97,USD/MWh,PT15M,"US-CT,US-MA,US-ME,US-NH,US-RI,US-VT",isone_rtm,.Z.NEWHAMPSHIRE,isone:rt_lmp_5min,https://www.iso-ne.com/isoexpress/web/reports/pricing/-/tree/lmps-rt-five-min-final,2026-09-25T20:08:05Z,
isone:.Z.NEWHAMPSHIRE,lmp_rtm_15m_mean,2026-09-22T22:00:00Z,28.2233,USD/MWh,PT15M,"US-CT,US-MA,US-ME,US-NH,US-RI,US-VT",isone_rtm,.Z.NEWHAMPSHIRE,isone:rt_lmp_5min,https://www.iso-ne.com/isoexpress/web/reports/pricing/-/tree/lmps-rt-five-min-final,2026-09-25T20:08:05Z,
isone:.Z.NEWHAMPSHIRE,lmp_rtm_15m_mean,2026-09-22T22:15:00Z,31.1367,USD/MWh,PT15M,"US-CT,US-MA,US-ME,US-NH,US-RI,US-VT",isone_rtm,.Z.NEWHAMPSHIRE,isone:rt_lmp_5min,https://www.iso-ne.com/isoexpress/web/reports/pricing/-/tree/lmps-rt-five-min-final,2026-09-25T20:08:05Z,
isone:.Z.NEWHAMPSHIRE,lmp_rtm_15m_mean,2026-09-22T22:30:00Z,33.5667,USD/MWh,PT15M,"US-CT,US-MA,US-ME,US-NH,US-RI,US-VT",isone_rtm,.Z.NEWHAMPSHIRE,isone:rt_lmp_5min,https://www.iso-ne.com/isoexpress/web/reports/pricing/-/tree/lmps-rt-five-min-final,2026-09-25T20:08:05Z,
isone:.Z.NEWHAMPSHIRE,lmp_rtm_15m_mean,2026-09-22T22:45:00Z,34.16,USD/MWh,PT15M,"US-CT,US-MA,US-ME,US-NH,US-RI,US-VT",isone_rtm,.Z.NEWHAMPSHIRE,isone:rt_lmp_5min,https://www.iso-ne.com/isoexpress/web/reports/pricing/-/tree/lmps-rt-five-min-final,2026-09-25T20:08:05Z,
isone:.Z.NEWHAMPSHIRE,lmp_rtm_15m_mean,2026-09-22T23:00:00Z,33.06,USD/MWh,PT15M,"US-CT,US-MA,US-ME,US-NH,US-RI,US-VT",isone_rtm,.Z.NEWHAMPSHIRE,isone:rt_lmp_5min,https://www.iso-ne.com/isoexpress/web/reports/pricing/-/tree/lmps-rt-five-min-final,2026-09-25T20:08:05Z,
isone:.Z.NEWHAMPSHIRE,lmp_rtm_15m_mean,2026-09-22T23:15:00Z,30.1567,USD/MWh,PT15M,"US-CT,US-MA,US-ME,US-NH,US-RI,US-VT",isone_rtm,.Z.NEWHAMPSHIRE,isone:rt_lmp_5min,https://www.iso-ne.com/isoexpress/web/reports/pricing/-/tree/lmps-rt-five-min-final,2026-09-25T20:08:05Z,
isone:.Z.NEWHAMPSHIRE,lmp_rtm_15m_mean,2026-09-22T23:30:00Z,31.51,USD/MWh,PT15M,"US-CT,US-MA,US-ME,US-NH,US-RI,US-VT",isone_rtm,.Z.NEWHAMPSHIRE,isone:rt_lmp_5min,https://www.iso-ne.com/isoexpress/web/reports/pricing/-/tree/lmps-rt-five-min-final,2026-09-25T20:08:05Z,
isone:.Z.NEWHAMPSHIRE,lmp_rtm_15m_mean,2026-09-22T23:45:00Z,30.8967,USD/MWh,PT15M,"US-CT,US-MA,US-ME,US-NH,US-RI,US-VT",isone_rtm,.Z.NEWHAMPSHIRE,isone:rt_lmp_5min,https://www.iso-ne.com/isoexpress/web/reports/pricing/-/tree/lmps-rt-five-min-final,2026-09-25T20:08:05Z,
isone:.Z.NEWHAMPSHIRE,lmp_rtm_15m_mean,2026-09-23T00:00:00Z,39.3167,USD/MWh,PT15M,"US-CT,US-MA,US-ME,US-NH,US-RI,US-VT",isone_rtm,.Z.NEWHAMPSHIRE,isone:rt_lmp_5min,https://www.iso-ne.com/isoexpress/web/reports/pricing/-/tree/lmps-rt-five-min-final,2026-09-25T20:08:05Z,
isone:.Z.NEWHAMPSHIRE,lmp_rtm_15m_mean,2026-09-23T00:15:00Z,35.13,USD/MWh,PT15M,"US-CT,US-MA,US-ME,US-NH,US-RI,US-VT",isone_rtm,.Z.NEWHAMPSHIRE,isone:rt_lmp_5min,https://www.iso-ne.com/isoexpress/web/reports/pricing/-/tree/lmps-rt-five-min-final,2026-09-25T20:08:05Z,
isone:.Z.NEWHAMPSHIRE,lmp_rtm_15m_mean,2026-09-23T00:30:00Z,29.47,USD/MWh,PT15M,"US-CT,US-MA,US-ME,US-NH,US-RI,US-VT",isone_rtm,.Z.NEWHAMPSHIRE,isone:rt_lmp_5min,https://www.iso-ne.com/isoexpress/web/reports/pricing/-/tree/lmps-rt-five-min-final,2026-09-25T20:08:05Z,
isone:.Z.NEWHAMPSHIRE,lmp_rtm_15m_mean,2026-09-23T00:45:00Z,28.9533,USD/MWh,PT15M,"US-CT,US-MA,US-ME,US-NH,US-RI,US-VT",isone_rtm,.Z.NEWHAMPSHIRE,isone:rt_lmp_5min,https://www.iso-ne.com/isoexpress/web/reports/pricing/-/tree/lmps-rt-five-min-final,2026-09-25T20:08:05Z,
isone:.Z.NEWHAMPSHIRE,lmp_rtm_15m_mean,2026-09-23T01:00:00Z,33.6533,USD/MWh,PT15M,"US-CT,US-MA,US-ME,US-NH,US-RI,US-VT",isone_rtm,.Z.NEWHAMPSHIRE,isone:rt_lmp_5min,https://www.iso-ne.com/isoexpress/web/reports/pricing/-/tree/lmps-rt-five-min-final,2026-09-25T20:08:05Z,
isone:.Z.NEWHAMPSHIRE,lmp_rtm_15m_mean,2026-09-23T01:15:00Z,30.5633,USD/MWh,PT15M,"US-CT,US-MA,US-ME,US-NH,US-RI,US-VT",isone_rtm,.Z.NEWHAMPSHIRE,isone:rt_lmp_5min,https://www.iso-ne.com/isoexpress/web/reports/pricing/-/tree/lmps-rt-five-min-final,2026-09-25T20:08:05Z,
isone:.Z.NEWHAMPSHIRE,lmp_rtm_15m_mean,2026-09-23T01:30:00Z,29.76,USD/MWh,PT15M,"US-CT,US-MA,US-ME,US-NH,US-RI,US-VT",isone_rtm,.Z.NEWHAMPSHIRE,isone:rt_lmp_5min,https://www.iso-ne.com/isoexpress/web/reports/pricing/-/tree/lmps-rt-five-min-final,2026-09-25T20:08:05Z,
isone:.Z.NEWHAMPSHIRE,lmp_rtm_15m_mean,2026-09-23T01:45:00Z,27.8667,USD/MWh,PT15M,"US-CT,US-MA,US-ME,US-NH,US-RI,US-VT",isone_rtm,.Z.NEWHAMPSHIRE,isone:rt_lmp_5min,https://www.iso-ne.com/isoexpress/web/reports/pricing/-/tree/lmps-rt-five-min-final,2026-09-25T20:08:05Z,
isone:.Z.NEWHAMPSHIRE,lmp_rtm_15m_mean,2026-09-23T02:00:00Z,28.2,USD/MWh,PT15M,"US-CT,US-MA,US-ME,US-NH,US-RI,US-VT",isone_rtm,.Z.NEWHAMPSHIRE,isone:rt_lmp_5min,https://www.iso-ne.com/isoexpress/web/reports/pricing/-/tree/lmps-rt-five-min-final,2026-09-25T20:08:05Z,
isone:.Z.NEWHAMPSHIRE,lmp_rtm_15m_mean,2026-09-23T02:15:00Z,27.9367,USD/MWh,PT15M,"US-CT,US-MA,US-ME,US-NH,US-RI,US-VT",isone_rtm,.Z.NEWHAMPSHIRE,isone:rt_lmp_5min,https://www.iso-ne.com/isoexpress/web/reports/pricing/-/tree/lmps-rt-five-min-final,2026-09-25T20:08:05Z,
isone:.Z.NEWHAMPSHIRE,lmp_rtm_15m_mean,2026-09-23T02:30:00Z,26.7733,USD/MWh,PT15M,"US-CT,US-MA,US-ME,US-NH,US-RI,US-VT",isone_rtm,.Z.NEWHAMPSHIRE,isone:rt_lmp_5min,https://www.iso-ne.com/isoexpress/web/reports/pricing/-/tree/lmps-rt-five-min-final,2026-09-25T20:08:05Z,
isone:.Z.NEWHAMPSHIRE,lmp_rtm_15m_mean,2026-09-23T02:45:00Z,23.86,USD/MWh,PT15M,"US-CT,US-MA,US-ME,US-NH,US-RI,US-VT",isone_rtm,.Z.NEWHAMPSHIRE,isone:rt_lmp_5min,https://www.iso-ne.com/isoexpress/web/reports/pricing/-/tree/lmps-rt-five-min-final,2026-09-25T20:08:05Z,
isone:.Z.NEWHAMPSHIRE,lmp_rtm_15m_mean,2026-09-23T03:00:00Z,24.2733,USD/MWh,PT15M,"US-CT,US-MA,US-ME,US-NH,US-RI,US-VT",isone_rtm,.Z.NEWHAMPSHIRE,isone:rt_lmp_5min,https://www.iso-ne.com/isoexpress/web/reports/pricing/-/tree/lmps-rt-five-min-final,2026-09-25T20:08:05Z,
isone:.Z.NEWHAMPSHIRE,lmp_rtm_15m_mean,2026-09-23T03:15:00Z,26.5533,USD/MWh,PT15M,"US-CT,US-MA,US-ME,US-NH,US-RI,US-VT",isone_rtm,.Z.NEWHAMPSHIRE,isone:rt_lmp_5min,https://www.iso-ne.com/isoexpress/web/reports/pricing/-/tree/lmps-rt-five-min-final,2026-09-25T20:08:05Z,
isone:.Z.NEWHAMPSHIRE,lmp_rtm_15m_mean,2026-09-23T03:30:00Z,25.59,USD/MWh,PT15M,"US-CT,US-MA,US-ME,US-NH,US-RI,US-VT",isone_rtm,.Z.NEWHAMPSHIRE,isone:rt_lmp_5min,https://www.iso-ne.com/isoexpress/web/reports/pricing/-/tree/lmps-rt-five-min-final,2026-09-25T20:08:05Z,
isone:.Z.NEWHAMPSHIRE,lmp_rtm_15m_mean,2026-09-23T03:45:00Z,25.19,USD/MWh,PT15M,"US-CT,US-MA,US-ME,US-NH,US-RI,US-VT",isone_rtm,.Z.NEWHAMPSHIRE,isone:rt_lmp_5min,https://www.iso-ne.com/isoexpress/web/reports/pricing/-/tree/lmps-rt-five-min-final,2026-09-25T20:08:05Z,
isone:.Z.NEWHAMPSHIRE,lmp_rtm_15m_mean,2026-09-23T04:00:00Z,25.52,USD/MWh,PT15M,"US-CT,US-MA,US-ME,US-NH,US-RI,US-VT",isone_rtm,.Z.NEWHAMPSHIRE,isone:rt_lmp_5min,https://www.iso-ne.com/isoexpress/web/reports/pricing/-/tree/lmps-rt-five-min-final,2026-09-25T20:08:21Z,
isone:.Z.NEWHAMPSHIRE,lmp_rtm_15m_mean,2026-09-23T04:15:00Z,27.55,USD/MWh,PT15M,"US-CT,US-MA,US-ME,US-NH,US-RI,US-VT",isone_rtm,.Z.NEWHAMPSHIRE,isone:rt_lmp_5min,https://www.iso-ne.com/isoexpress/web/reports/pricing/-/tree/lmps-rt-five-min-final,2026-09-25T20:08:21Z,
isone:.Z.NEWHAMPSHIRE,lmp_rtm_15m_mean,2026-09-23T04:30:00Z,26.8967,USD/MWh,PT15M,"US-CT,US-MA,US-ME,US-NH,US-RI,US-VT",isone_rtm,.Z.NEWHAMPSHIRE,isone:rt_lmp_5min,https://www.iso-ne.com/isoexpress/web/reports/pricing/-/tree/lmps-rt-five-min-final,2026-09-25T20:08:21Z,
isone:.Z.NEWHAMPSHIRE,lmp_rtm_15m_mean,2026-09-23T04:45:00Z,24.67,USD/MWh,PT15M,"US-CT,US-MA,US-ME,US-NH,US-RI,US-VT",isone_rtm,.Z.NEWHAMPSHIRE,isone:rt_lmp_5min,https://www.iso-ne.com/isoexpress/web/reports/pricing/-/tree/lmps-rt-five-min-final,2026-09-25T20:08:21Z,
isone:.Z.NEWHAMPSHIRE,lmp_rtm_15m_mean,2026-09-23T05:00:00Z,23.9867,USD/MWh,PT15M,"US-CT,US-MA,US-ME,US-NH,US-RI,US-VT",isone_rtm,.Z.NEWHAMPSHIRE,isone:rt_lmp_5min,https://www.iso-ne.com/isoexpress/web/reports/pricing/-/tree/lmps-rt-five-min-final,2026-09-25T20:08:21Z,
isone:.Z.NEWHAMPSHIRE,lmp_rtm_15m_mean,2026-09-23T05:15:00Z,23.31,USD/MWh,PT15M,"US-CT,US-MA,US-ME,US-NH,US-RI,US-VT",isone_rtm,.Z.NEWHAMPSHIRE,isone:rt_lmp_5min,https://www.iso-ne.com/isoexpress/web/reports/pricing/-/tree/lmps-rt-five-min-final,2026-09-25T20:08:21Z,
isone:.Z.NEWHAMPSHIRE,lmp_rtm_15m_mean,2026-09-23T05:30:00Z,22.75,USD/MWh,PT15M,"US-CT,US-MA,US-ME,US-NH,US-RI,US-VT",isone_rtm,.Z.NEWHAMPSHIRE,isone:rt_lmp_5min,https://www.iso-ne.com/isoexpress/web/reports/pricing/-/tree/lmps-rt-five-min-final,2026-09-25T20:08:21Z,
isone:.Z.NEWHAMPSHIRE,lmp_rtm_15m_mean,2026-09-23T05:45:00Z,22.3133,USD/MWh,PT15M,"US-CT,US-MA,US-ME,US-NH,US-RI,US-VT",isone_rtm,.Z.NEWHAMPSHIRE,isone:rt_lmp_5min,https://www.iso-ne.com/isoexpress/web/reports/pricing/-/tree/lmps-rt-five-min-final,2026-09-25T20:08:21Z,
isone:.Z.NEWHAMPSHIRE,lmp_rtm_15m_mean,2026-09-23T06:00:00Z,22.3833,USD/MWh,PT15M,"US-CT,US-MA,US-ME,US-NH,US-RI,US-VT",isone_rtm,.Z.NEWHAMPSHIRE,isone:rt_lmp_5min,https://www.iso-ne.com/isoexpress/web/reports/pricing/-/tree/lmps-rt-five-min-final,2026-09-25T20:08:21Z,
isone:.Z.NEWHAMPSHIRE,lmp_rtm_15m_mean,2026-09-23T06:15:00Z,22.9533,USD/MWh,PT15M,"US-CT,US-MA,US-ME,US-NH,US-RI,US-VT",isone_rtm,.Z.NEWHAMPSHIRE,isone:rt_lmp_5min,https://www.iso-ne.com/isoexpress/web/reports/pricing/-/tree/lmps-rt-five-min-final,2026-09-25T20:08:21Z,
isone:.Z.NEWHAMPSHIRE,lmp_rtm_15m_mean,2026-09-23T06:30:00Z,23.4067,USD/MWh,PT15M,"US-CT,US-MA,US-ME,US-NH,US-RI,US-VT",isone_rtm,.Z.NEWHAMPSHIRE,isone:rt_lmp_5min,https://www.iso-ne.com/isoexpress/web/reports/pricing/-/tree/lmps-rt-five-min-final,2026-09-25T20:08:21Z,
isone:.Z.NEWHAMPSHIRE,lmp_rtm_15m_mean,2026-09-23T06:45:00Z,23.1833,USD/MWh,PT15M,"US-CT,US-MA,US-ME,US-NH,US-RI,US-VT",isone_rtm,.Z.NEWHAMPSHIRE,isone:rt_lmp_5min,https://www.iso-ne.com/isoexpress/web/reports/pricing/-/tree/lmps-rt-five-min-final,2026-09-25T20:08:21Z,
isone:.Z.NEWHAMPSHIRE,lmp_rtm_15m_mean,2026-09-23T07:00:00Z,22.8367,USD/MWh,PT15M,"US-CT,US-MA,US-ME,US-NH,US-RI,US-VT",isone_rtm,.Z.NEWHAMPSHIRE,isone:rt_lmp_5min,https://www.iso-ne.com/isoexpress/web/reports/pricing/-/tree/lmps-rt-five-min-final,2026-09-25T20:08:21Z,
isone:.Z.NEWHAMPSHIRE,lmp_rtm_15m_mean,2026-09-23T07:15:00Z,22.8567,USD/MWh,PT15M,"US-CT,US-MA,US-ME,US-NH,US-RI,US-VT",isone_rtm,.Z.NEWHAMPSHIRE,isone:rt_lmp_5min,https://www.iso-ne.com/isoexpress/web/reports/pricing/-/tree/lmps-rt-five-min-final,2026-09-25T20:08:21Z,
isone:.Z.NEWHAMPSHIRE,lmp_rtm_15m_mean,2026-09-23T07:30:00Z,23.2967,USD/MWh,PT15M,"US-CT,US-MA,US-ME,US-NH,US-RI,US-VT",isone_rtm,.Z.NEWHAMPSHIRE,isone:rt_lmp_5min,https://www.iso-ne.com/isoexpress/web/reports/pricing/-/tree/lmps-rt-five-min-final,2026-09-25T20:08:21Z,
isone:.Z.NEWHAMPSHIRE,lmp_rtm_15m_mean,2026-09-23T07:45:00Z,23.4333,USD/MWh,PT15M,"US-CT,US-MA,US-ME,US-NH,US-RI,US-VT",isone_rtm,.Z.NEWHAMPSHIRE,isone:rt_lmp_5min,https://www.iso-ne.com/isoexpress/web/reports/pricing/-/tree/lmps-rt-five-min-final,2026-09-25T20:08:21Z,
isone:.Z.NEWHAMPSHIRE,lmp_rtm_15m_mean,2026-09-23T08:00:00Z,23.3133,USD/MWh,PT15M,"US-CT,US-MA,US-ME,US-NH,US-RI,US-VT",isone_rtm,.Z.NEWHAMPSHIRE,isone:rt_lmp_5min,https://www.iso-ne.com/isoexpress/web/reports/pricing/-/tree/lmps-rt-five-min-final,2026-09-25T20:08:21Z,
isone:.Z.NEWHAMPSHIRE,lmp_rtm_15m_mean,2026-09-23T08:15:00Z,23.0867,USD/MWh,PT15M,"US-CT,US-MA,US-ME,US-NH,US-RI,US-VT",isone_rtm,.Z.NEWHAMPSHIRE,isone:rt_lmp_5min,https://www.iso-ne.com/isoexpress/web/reports/pricing/-/tree/lmps-rt-five-min-final,2026-09-25T20:08:21Z,
isone:.Z.NEWHAMPSHIRE,lmp_rtm_15m_mean,2026-09-23T08:30:00Z,23.4233,USD/MWh,PT15M,"US-CT,US-MA,US-ME,US-NH,US-RI,US-VT",isone_rtm,.Z.NEWHAMPSHIRE,isone:rt_lmp_5min,https://www.iso-ne.com/isoexpress/web/reports/pricing/-/tree/lmps-rt-five-min-final,2026-09-25T20:08:21Z,
isone:.Z.NEWHAMPSHIRE,lmp_rtm_15m_mean,2026-09-23T08:45:00Z,23.6233,USD/MWh,PT15M,"US-CT,US-MA,US-ME,US-NH,US-RI,US-VT",isone_rtm,.Z.NEWHAMPSHIRE,isone:rt_lmp_5min,https://www.iso-ne.com/isoexpress/web/reports/pricing/-/tree/lmps-rt-five-min-final,2026-09-25T20:08:21Z,
isone:.Z.NEWHAMPSHIRE,lmp_rtm_15m_mean,2026-09-23T09:00:00Z,23.2933,USD/MWh,PT15M,"US-CT,US-MA,US-ME,US-NH,US-RI,US-VT",isone_rtm,.Z.NEWHAMPSHIRE,isone:rt_lmp_5min,https://www.iso-ne.com/isoexpress/web/reports/pricing/-/tree/lmps-rt-five-min-final,2026-09-25T20:08:21Z,
isone:.Z.NEWHAMPSHIRE,lmp_rtm_15m_mean,2026-09-23T09:15:00Z,25.7067,USD/MWh,PT15M,"US-CT,US-MA,US-ME,US-NH,US-RI,US-VT",isone_rtm,.Z.NEWHAMPSHIRE,isone:rt_lmp_5min,https://www.iso-ne.com/isoexpress/web/reports/pricing/-/tree/lmps-rt-five-min-final,2026-09-25T20:08:21Z,
isone:.Z.NEWHAMPSHIRE,lmp_rtm_15m_mean,2026-09-23T09:30:00Z,31.33,USD/MWh,PT15M,"US-CT,US-MA,US-ME,US-NH,US-RI,US-VT",isone_rtm,.Z.NEWHAMPSHIRE,isone:rt_lmp_5min,https://www.iso-ne.com/isoexpress/web/reports/pricing/-/tree/lmps-rt-five-min-final,2026-09-25T20:08:21Z,
isone:.Z.NEWHAMPSHIRE,lmp_rtm_15m_mean,2026-09-23T09:45:00Z,35.6367,USD/MWh,PT15M,"US-CT,US-MA,US-ME,US-NH,US-RI,US-VT",isone_rtm,.Z.NEWHAMPSHIRE,isone:rt_lmp_5min,https://www.iso-ne.com/isoexpress/web/reports/pricing/-/tree/lmps-rt-five-min-final,2026-09-25T20:08:21Z,
isone:.Z.NEWHAMPSHIRE,lmp_rtm_15m_mean,2026-09-23T10:00:00Z,27.1533,USD/MWh,PT15M,"US-CT,US-MA,US-ME,US-NH,US-RI,US-VT",isone_rtm,.Z.NEWHAMPSHIRE,isone:rt_lmp_5min,https://www.iso-ne.com/isoexpress/web/reports/pricing/-/tree/lmps-rt-five-min-final,2026-09-25T20:08:21Z,
isone:.Z.NEWHAMPSHIRE,lmp_rtm_15m_mean,2026-09-23T10:15:00Z,28.6833,USD/MWh,PT15M,"US-CT,US-MA,US-ME,US-NH,US-RI,US-VT",isone_rtm,.Z.NEWHAMPSHIRE,isone:rt_lmp_5min,https://www.iso-ne.com/isoexpress/web/reports/pricing/-/tree/lmps-rt-five-min-final,2026-09-25T20:08:21Z,
isone:.Z.NEWHAMPSHIRE,lmp_rtm_15m_mean,2026-09-23T10:30:00Z,34.36,USD/MWh,PT15M,"US-CT,US-MA,US-ME,US-NH,US-RI,US-VT",isone_rtm,.Z.NEWHAMPSHIRE,isone:rt_lmp_5min,https://www.iso-ne.com/isoexpress/web/reports/pricing/-/tree/lmps-rt-five-min-final,2026-09-25T20:08:21Z,
isone:.Z.NEWHAMPSHIRE,lmp_rtm_15m_mean,2026-09-23T10:45:00Z,36.26,USD/MWh,PT15M,"US-CT,US-MA,US-ME,US-NH,US-RI,US-VT",isone_rtm,.Z.NEWHAMPSHIRE,isone:rt_lmp_5min,https://www.iso-ne.com/isoexpress/web/reports/pricing/-/tree/lmps-rt-five-min-final,2026-09-25T20:08:21Z,
isone:.Z.NEWHAMPSHIRE,lmp_rtm_15m_mean,2026-09-23T11:00:00Z,28.0067,USD/MWh,PT15M,"US-CT,US-MA,US-ME,US-NH,US-RI,US-VT",isone_rtm,.Z.NEWHAMPSHIRE,isone:rt_lmp_5min,https://www.iso-ne.com/isoexpress/web/reports/pricing/-/tree/lmps-rt-five-min-final,2026-09-25T20:08:21Z,
isone:.Z.NEWHAMPSHIRE,lmp_rtm_15m_mean,2026-09-23T11:15:00Z,24.6,USD/MWh,PT15M,"US-CT,US-MA,US-ME,US-NH,US-RI,US-VT",isone_rtm,.Z.NEWHAMPSHIRE,isone:rt_lmp_5min,https://www.iso-ne.com/isoexpress/web/reports/pricing/-/tree/lmps-rt-five-min-final,2026-09-25T20:08:21Z,
isone:.Z.NEWHAMPSHIRE,lmp_rtm_15m_mean,2026-09-23T11:30:00Z,24.12,USD/MWh,PT15M,"US-CT,US-MA,US-ME,US-NH,US-RI,US-VT",isone_rtm,.Z.NEWHAMPSHIRE,isone:rt_lmp_5min,https://www.iso-ne.com/isoexpress/web/reports/pricing/-/tree/lmps-rt-five-min-final,2026-09-25T20:08:21Z,
isone:.Z.NEWHAMPSHIRE,lmp_rtm_15m_mean,2026-09-23T11:45:00Z,23.72,USD/MWh,PT15M,"US-CT,US-MA,US-ME,US-NH,US-RI,US-VT",isone_rtm,.Z.NEWHAMPSHIRE,isone:rt_lmp_5min,https://www.iso-ne.com/isoexpress/web/reports/pricing/-/tree/lmps-rt-five-min-final,2026-09-25T20:08:21Z,
isone:.Z.NEWHAMPSHIRE,lmp_rtm_15m_mean,2026-09-23T12:00:00Z,32.9633,USD/MWh,PT15M,"US-CT,US-MA,US-ME,US-NH,US-RI,US-VT",isone_rtm,.Z.NEWHAMPSHIRE,isone:rt_lmp_5min,https://www.iso-ne.com/isoexpress/web/reports/pricing/-/tree/lmps-rt-five-min-final,2026-09-25T20:08:21Z,
isone:.Z.NEWHAMPSHIRE,lmp_rtm_15m_mean,2026-09-23T12:15:00Z,27.2067,USD/MWh,PT15M,"US-CT,US-MA,US-ME,US-NH,US-RI,US-VT",isone_rtm,.Z.NEWHAMPSHIRE,isone:rt_lmp_5min,https://www.iso-ne.com/isoexpress/web/reports/pricing/-/tree/lmps-rt-five-min-final,2026-09-25T20:08:21Z,
isone:.Z.NEWHAMPSHIRE,lmp_rtm_15m_mean,2026-09-23T12:30:00Z,22.77,USD/MWh,PT15M,"US-CT,US-MA,US-ME,US-NH,US-RI,US-VT",isone_rtm,.Z.NEWHAMPSHIRE,isone:rt_lmp_5min,https://www.iso-ne.com/isoexpress/web/reports/pricing/-/tree/lmps-rt-five-min-final,2026-09-25T20:08:21Z,
isone:.Z.NEWHAMPSHIRE,lmp_rtm_15m_mean,2026-09-23T12:45:00Z,14.3867,USD/MWh,PT15M,"US-CT,US-MA,US-ME,US-NH,US-RI,US-VT",isone_rtm,.Z.NEWHAMPSHIRE,isone:rt_lmp_5min,https://www.iso-ne.com/isoexpress/web/reports/pricing/-/tree/lmps-rt-five-min-final,2026-09-25T20:08:21Z,
isone:.Z.NEWHAMPSHIRE,lmp_rtm_15m_mean,2026-09-23T13:00:00Z,15.2067,USD/MWh,PT15M,"US-CT,US-MA,US-ME,US-NH,US-RI,US-VT",isone_rtm,.Z.NEWHAMPSHIRE,isone:rt_lmp_5min,https://www.iso-ne.com/isoexpress/web/reports/pricing/-/tree/lmps-rt-five-min-final,2026-09-25T20:08:21Z,
isone:.Z.NEWHAMPSHIRE,lmp_rtm_15m_mean,2026-09-23T13:15:00Z,17.7233,USD/MWh,PT15M,"US-CT,US-MA,US-ME,US-NH,US-RI,US-VT",isone_rtm,.Z.NEWHAMPSHIRE,isone:rt_lmp_5min,https://www.iso-ne.com/isoexpress/web/reports/pricing/-/tree/lmps-rt-five-min-final,2026-09-25T20:08:21Z,
isone:.Z.NEWHAMPSHIRE,lmp_rtm_15m_mean,2026-09-23T13:30:00Z,15.2,USD/MWh,PT15M,"US-CT,US-MA,US-ME,US-NH,US-RI,US-VT",isone_rtm,.Z.NEWHAMPSHIRE,isone:rt_lmp_5min,https://www.iso-ne.com/isoexpress/web/reports/pricing/-/tree/lmps-rt-five-min-final,2026-09-25T20:08:21Z,
isone:.Z.NEWHAMPSHIRE,lmp_rtm_15m_mean,2026-09-23T13:45:00Z,0.0467,USD/MWh,PT15M,"US-CT,US-MA,US-ME,US-NH,US-RI,US-VT",isone_rtm,.Z.NEWHAMPSHIRE,isone:rt_lmp_5min,https://www.iso-ne.com/isoexpress/web/reports/pricing/-/tree/lmps-rt-five-min-final,2026-09-25T20:08:21Z,
isone:.Z.NEWHAMPSHIRE,lmp_rtm_15m_mean,2026-09-23T14:00:00Z,15.24,USD/MWh,PT15M,"US-CT,US-MA,US-ME,US-NH,US-RI,US-VT",isone_rtm,.Z.NEWHAMPSHIRE,isone:rt_lmp_5min,https://www.iso-ne.com/isoexpress/web/reports/pricing/-/tree/lmps-rt-five-min-final,2026-09-25T20:08:21Z,
isone:.Z.NEWHAMPSHIRE,lmp_rtm_15m_mean,2026-09-23T14:15:00Z,22.98,USD/MWh,PT15M,"US-CT,US-MA,US-ME,US-NH,US-RI,US-VT",isone_rtm,.Z.NEWHAMPSHIRE,isone:rt_lmp_5min,https://www.iso-ne.com/isoexpress/web/reports/pricing/-/tree/lmps-rt-five-min-final,2026-09-25T20:08:21Z,
isone:.Z.NEWHAMPSHIRE,lmp_rtm_15m_mean,2026-09-23T14:30:00Z,3.6767,USD/MWh,PT15M,"US-CT,US-MA,US-ME,US-NH,US-RI,US-VT",isone_rtm,.Z.NEWHAMPSHIRE,isone:rt_lmp_5min,https://www.iso-ne.com/isoexpress/web/reports/pricing/-/tree/lmps-rt-five-min-final,2026-09-25T20:08:21Z,
isone:.Z.NEWHAMPSHIRE,lmp_rtm_15m_mean,2026-09-23T14:45:00Z,-33.9767,USD/MWh,PT15M,"US-CT,US-MA,US-ME,US-NH,US-RI,US-VT",isone_rtm,.Z.NEWHAMPSHIRE,isone:rt_lmp_5min,https://www.iso-ne.com/isoexpress/web/reports/pricing/-/tree/lmps-rt-five-min-final,2026-09-25T20:08:21Z,
isone:.Z.NEWHAMPSHIRE,lmp_rtm_15m_mean,2026-09-23T15:00:00Z,-36.1567,USD/MWh,PT15M,"US-CT,US-MA,US-ME,US-NH,US-RI,US-VT",isone_rtm,.Z.NEWHAMPSHIRE,isone:rt_lmp_5min,https://www.iso-ne.com/isoexpress/web/reports/pricing/-/tree/lmps-rt-five-min-final,2026-09-25T20:08:21Z,
isone:.Z.NEWHAMPSHIRE,lmp_rtm_15m_mean,2026-09-23T15:15:00Z,-0.8967,USD/MWh,PT15M,"US-CT,US-MA,US-ME,US-NH,US-RI,US-VT",isone_rtm,.Z.NEWHAMPSHIRE,isone:rt_lmp_5min,https://www.iso-ne.com/isoexpress/web/reports/pricing/-/tree/lmps-rt-five-min-final,2026-09-25T20:08:21Z,
isone:.Z.NEWHAMPSHIRE,lmp_rtm_15m_mean,2026-09-23T15:30:00Z,10.0933,USD/MWh,PT15M,"US-CT,US-MA,US-ME,US-NH,US-RI,US-VT",isone_rtm,.Z.NEWHAMPSHIRE,isone:rt_lmp_5min,https://www.iso-ne.com/isoexpress/web/reports/pricing/-/tree/lmps-rt-five-min-final,2026-09-25T20:08:21Z,
isone:.Z.NEWHAMPSHIRE,lmp_rtm_15m_mean,2026-09-23T15:45:00Z,3.3633,USD/MWh,PT15M,"US-CT,US-MA,US-ME,US-NH,US-RI,US-VT",isone_rtm,.Z.NEWHAMPSHIRE,isone:rt_lmp_5min,https://www.iso-ne.com/isoexpress/web/reports/pricing/-/tree/lmps-rt-five-min-final,2026-09-25T20:08:21Z,
isone:.Z.NEWHAMPSHIRE,lmp_rtm_15m_mean,2026-09-23T16:00:00Z,1.43,USD/MWh,PT15M,"US-CT,US-MA,US-ME,US-NH,US-RI,US-VT",isone_rtm,.Z.NEWHAMPSHIRE,isone:rt_lmp_5min,https://www.iso-ne.com/isoexpress/web/reports/pricing/-/tree/lmps-rt-five-min-final,2026-09-25T20:08:21Z,
isone:.Z.NEWHAMPSHIRE,lmp_rtm_15m_mean,2026-09-23T16:15:00Z,21.7533,USD/MWh,PT15M,"US-CT,US-MA,US-ME,US-NH,US-RI,US-VT",isone_rtm,.Z.NEWHAMPSHIRE,isone:rt_lmp_5min,https://www.iso-ne.com/isoexpress/web/reports/pricing/-/tree/lmps-rt-five-min-final,2026-09-25T20:08:21Z,
isone:.Z.NEWHAMPSHIRE,lmp_rtm_15m_mean,2026-09-23T16:30:00Z,13.1833,USD/MWh,PT15M,"US-CT,US-MA,US-ME,US-NH,US-RI,US-VT",isone_rtm,.Z.NEWHAMPSHIRE,isone:rt_lmp_5min,https://www.iso-ne.com/isoexpress/web/reports/pricing/-/tree/lmps-rt-five-min-final,2026-09-25T20:08:21Z,
isone:.Z.NEWHAMPSHIRE,lmp_rtm_15m_mean,2026-09-23T16:45:00Z,19.85,USD/MWh,PT15M,"US-CT,US-MA,US-ME,US-NH,US-RI,US-VT",isone_rtm,.Z.NEWHAMPSHIRE,isone:rt_lmp_5min,https://www.iso-ne.com/isoexpress/web/reports/pricing/-/tree/lmps-rt-five-min-final,2026-09-25T20:08:21Z,
isone:.Z.NEWHAMPSHIRE,lmp_rtm_15m_mean,2026-09-23T17:00:00Z,22.0567,USD/MWh,PT15M,"US-CT,US-MA,US-ME,US-NH,US-RI,US-VT",isone_rtm,.Z.NEWHAMPSHIRE,isone:rt_lmp_5min,https://www.iso-ne.com/isoexpress/web/reports/pricing/-/tree/lmps-rt-five-min-final,2026-09-25T20:08:21Z,
isone:.Z.NEWHAMPSHIRE,lmp_rtm_15m_mean,2026-09-23T17:15:00Z,20.2733,USD/MWh,PT15M,"US-CT,US-MA,US-ME,US-NH,US-RI,US-VT",isone_rtm,.Z.NEWHAMPSHIRE,isone:rt_lmp_5min,https://www.iso-ne.com/isoexpress/web/reports/pricing/-/tree/lmps-rt-five-min-final,2026-09-25T20:08:21Z,
isone:.Z.NEWHAMPSHIRE,lmp_rtm_15m_mean,2026-09-23T17:30:00Z,21.8867,USD/MWh,PT15M,"US-CT,US-MA,US-ME,US-NH,US-RI,US-VT",isone_rtm,.Z.NEWHAMPSHIRE,isone:rt_lmp_5min,https://www.iso-ne.com/isoexpress/web/reports/pricing/-/tree/lmps-rt-five-min-final,2026-09-25T20:08:21Z,
isone:.Z.NEWHAMPSHIRE,lmp_rtm_15m_mean,2026-09-23T17:45:00Z,22.5833,USD/MWh,PT15M,"US-CT,US-MA,US-ME,US-NH,US-RI,US-VT",isone_rtm,.Z.NEWHAMPSHIRE,isone:rt_lmp_5min,https://www.iso-ne.com/isoexpress/web/reports/pricing/-/tree/lmps-rt-five-min-final,2026-09-25T20:08:21Z,
isone:.Z.NEWHAMPSHIRE,lmp_rtm_15m_mean,2026-09-23T18:00:00Z,22.8333,USD/MWh,PT15M,"US-CT,US-MA,US-ME,US-NH,US-RI,US-VT",isone_rtm,.Z.NEWHAMPSHIRE,isone:rt_lmp_5min,https://www.iso-ne.com/isoexpress/web/reports/pricing/-/tree/lmps-rt-five-min-final,2026-09-25T20:08:21Z,
isone:.Z.NEWHAMPSHIRE,lmp_rtm_15m_mean,2026-09-23T18:15:00Z,22.17,USD/MWh,PT15M,"US-CT,US-MA,US-ME,US-NH,US-RI,US-VT",isone_rtm,.Z.NEWHAMPSHIRE,isone:rt_lmp_5min,https://www.iso-ne.com/isoexpress/web/reports/pricing/-/tree/lmps-rt-five-min-final,2026-09-25T20:08:21Z,
isone:.Z.NEWHAMPSHIRE,lmp_rtm_15m_mean,2026-09-23T18:30:00Z,22.2067,USD/MWh,PT15M,"US-CT,US-MA,US-ME,US-NH,US-RI,US-VT",isone_rtm,.Z.NEWHAMPSHIRE,isone:rt_lmp_5min,https://www.iso-ne.com/isoexpress/web/reports/pricing/-/tree/lmps-rt-five-min-final,2026-09-25T20:08:21Z,
isone:.Z.NEWHAMPSHIRE,lmp_rtm_15m_mean,2026-09-23T18:45:00Z,22.5767,USD/MWh,PT15M,"US-CT,US-MA,US-ME,US-NH,US-RI,US-VT",isone_rtm,.Z.NEWHAMPSHIRE,isone:rt_lmp_5min,https://www.iso-ne.com/isoexpress/web/reports/pricing/-/tree/lmps-rt-five-min-final,2026-09-25T20:08:21Z,
isone:.Z.NEWHAMPSHIRE,lmp_rtm_15m_mean,2026-09-23T19:00:00Z,5.0267,USD/MWh,PT15M,"US-CT,US-MA,US-ME,US-NH,US-RI,US-VT",isone_rtm,.Z.NEWHAMPSHIRE,isone:rt_lmp_5min,https://www.iso-ne.com/isoexpress/web/reports/pricing/-/tree/lmps-rt-five-min-final,2026-09-25T20:08:21Z,
isone:.Z.NEWHAMPSHIRE,lmp_rtm_15m_mean,2026-09-23T19:15:00Z,21.6733,USD/MWh,PT15M,"US-CT,US-MA,US-ME,US-NH,US-RI,US-VT",isone_rtm,.Z.NEWHAMPSHIRE,isone:rt_lmp_5min,https://www.iso-ne.com/isoexpress/web/reports/pricing/-/tree/lmps-rt-five-min-final,2026-09-25T20:08:21Z,
isone:.Z.NEWHAMPSHIRE,lmp_rtm_15m_mean,2026-09-23T19:30:00Z,24.06,USD/MWh,PT15M,"US-CT,US-MA,US-ME,US-NH,US-RI,US-VT",isone_rtm,.Z.NEWHAMPSHIRE,isone:rt_lmp_5min,https://www.iso-ne.com/isoexpress/web/reports/pricing/-/tree/lmps-rt-five-min-final,2026-09-25T20:08:21Z,
isone:.Z.NEWHAMPSHIRE,lmp_rtm_15m_mean,2026-09-23T19:45:00Z,25.7667,USD/MWh,PT15M,"US-CT,US-MA,US-ME,US-NH,US-RI,US-VT",isone_rtm,.Z.NEWHAMPSHIRE,isone:rt_lmp_5min,https://www.iso-ne.com/isoexpress/web/reports/pricing/-/tree/lmps-rt-five-min-final,2026-09-25T20:08:21Z,
isone:.Z.NEWHAMPSHIRE,lmp_rtm_15m_mean,2026-09-23T20:00:00Z,-5.3333,USD/MWh,PT15M,"US-CT,US-MA,US-ME,US-NH,US-RI,US-VT",isone_rtm,.Z.NEWHAMPSHIRE,isone:rt_lmp_5min,https://www.iso-ne.com/isoexpress/web/reports/pricing/-/tree/lmps-rt-five-min-final,2026-09-25T20:08:21Z,
isone:.Z.NEWHAMPSHIRE,lmp_rtm_15m_mean,2026-09-23T20:15:00Z,-5.5067,USD/MWh,PT15M,"US-CT,US-MA,US-ME,US-NH,US-RI,US-VT",isone_rtm,.Z.NEWHAMPSHIRE,isone:rt_lmp_5min,https://www.iso-ne.com/isoexpress/web/reports/pricing/-/tree/lmps-rt-five-min-final,2026-09-25T20:08:21Z,
isone:.Z.NEWHAMPSHIRE,lmp_rtm_15m_mean,2026-09-23T20:30:00Z,25.93,USD/MWh,PT15M,"US-CT,US-MA,US-ME,US-NH,US-RI,US-VT",isone_rtm,.Z.NEWHAMPSHIRE,isone:rt_lmp_5min,https://www.iso-ne.com/isoexpress/web/reports/pricing/-/tree/lmps-rt-five-min-final,2026-09-25T20:08:21Z,
isone:.Z.NEWHAMPSHIRE,lmp_rtm_15m_mean,2026-09-23T20:45:00Z,29.31,USD/MWh,PT15M,"US-CT,US-MA,US-ME,US-NH,US-RI,US-VT",isone_rtm,.Z.NEWHAMPSHIRE,isone:rt_lmp_5min,https://www.iso-ne.com/isoexpress/web/reports/pricing/-/tree/lmps-rt-five-min-final,2026-09-25T20:08:21Z,
isone:.Z.NEWHAMPSHIRE,lmp_rtm_15m_mean,2026-09-23T21:00:00Z,24.2,USD/MWh,PT15M,"US-CT,US-MA,US-ME,US-NH,US-RI,US-VT",isone_rtm,.Z.NEWHAMPSHIRE,isone:rt_lmp_5min,https://www.iso-ne.com/isoexpress/web/reports/pricing/-/tree/lmps-rt-five-min-final,2026-09-25T20:08:21Z,
isone:.Z.NEWHAMPSHIRE,lmp_rtm_15m_mean,2026-09-23T21:15:00Z,25.49,USD/MWh,PT15M,"US-CT,US-MA,US-ME,US-NH,US-RI,US-VT",isone_rtm,.Z.NEWHAMPSHIRE,isone:rt_lmp_5min,https://www.iso-ne.com/isoexpress/web/reports/pricing/-/tree/lmps-rt-five-min-final,2026-09-25T20:08:21Z,
isone:.Z.NEWHAMPSHIRE,lmp_rtm_15m_mean,2026-09-23T21:30:00Z,30.67,USD/MWh,PT15M,"US-CT,US-MA,US-ME,US-NH,US-RI,US-VT",isone_rtm,.Z.NEWHAMPSHIRE,isone:rt_lmp_5min,https://www.iso-ne.com/isoexpress/web/reports/pricing/-/tree/lmps-rt-five-min-final,2026-09-25T20:08:21Z,
isone:.Z.NEWHAMPSHIRE,lmp_rtm_15m_mean,2026-09-23T21:45:00Z,36.3733,USD/MWh,PT15M,"US-CT,US-MA,US-ME,US-NH,US-RI,US-VT",isone_rtm,.Z.NEWHAMPSHIRE,isone:rt_lmp_5min,https://www.iso-ne.com/isoexpress/web/reports/pricing/-/tree/lmps-rt-five-min-final,2026-09-25T20:08:21Z,
isone:.Z.NEWHAMPSHIRE,lmp_rtm_15m_mean,2026-09-23T22:00:00Z,35.58,USD/MWh,PT15M,"US-CT,US-MA,US-ME,US-NH,US-RI,US-VT",isone_rtm,.Z.NEWHAMPSHIRE,isone:rt_lmp_5min,https://www.iso-ne.com/isoexpress/web/reports/pricing/-/tree/lmps-rt-five-min-final,2026-09-25T20:08:21Z,
isone:.Z.NEWHAMPSHIRE,lmp_rtm_15m_mean,2026-09-23T22:15:00Z,44.4467,USD/MWh,PT15M,"US-CT,US-MA,US-ME,US-NH,US-RI,US-VT",isone_rtm,.Z.NEWHAMPSHIRE,isone:rt_lmp_5min,https://www.iso-ne.com/isoexpress/web/reports/pricing/-/tree/lmps-rt-five-min-final,2026-09-25T20:08:21Z,
isone:.Z.NEWHAMPSHIRE,lmp_rtm_15m_mean,2026-09-23T22:30:00Z,47.6467,USD/MWh,PT15M,"US-CT,US-MA,US-ME,US-NH,US-RI,US-VT",isone_rtm,.Z.NEWHAMPSHIRE,isone:rt_lmp_5min,https://www.iso-ne.com/isoexpress/web/reports/pricing/-/tree/lmps-rt-five-min-final,2026-09-25T20:08:21Z,
isone:.Z.NEWHAMPSHIRE,lmp_rtm_15m_mean,2026-09-23T22:45:00Z,49.0967,USD/MWh,PT15M,"US-CT,US-MA,US-ME,US-NH,US-RI,US-VT",isone_rtm,.Z.NEWHAMPSHIRE,isone:rt_lmp_5min,https://www.iso-ne.com/isoexpress/web/reports/pricing/-/tree/lmps-rt-five-min-final,2026-09-25T20:08:21Z,
isone:.Z.NEWHAMPSHIRE,lmp_rtm_15m_mean,2026-09-23T23:00:00Z,49.93,USD/MWh,PT15M,"US-CT,US-MA,US-ME,US-NH,US-RI,US-VT",isone_rtm,.Z.NEWHAMPSHIRE,isone:rt_lmp_5min,https://www.iso-ne.com/isoexpress/web/reports/pricing/-/tree/lmps-rt-five-min-final,2026-09-25T20:08:21Z,
isone:.Z.NEWHAMPSHIRE,lmp_rtm_15m_mean,2026-09-23T23:15:00Z,43.0767,USD/MWh,PT15M,"US-CT,US-MA,US-ME,US-NH,US-RI,US-VT",isone_rtm,.Z.NEWHAMPSHIRE,isone:rt_lmp_5min,https://www.iso-ne.com/isoexpress/web/reports/pricing/-/tree/lmps-rt-five-min-final,2026-09-25T20:08:21Z,
isone:.Z.NEWHAMPSHIRE,lmp_rtm_15m_mean,2026-09-23T23:30:00Z,45.4467,USD/MWh,PT15M,"US-CT,US-MA,US-ME,US-NH,US-RI,US-VT",isone_rtm,.Z.NEWHAMPSHIRE,isone:rt_lmp_5min,https://www.iso-ne.com/isoexpress/web/reports/pricing/-/tree/lmps-rt-five-min-final,2026-09-25T20:08:21Z,
isone:.Z.NEWHAMPSHIRE,lmp_rtm_15m_mean,2026-09-23T23:45:00Z,33.8067,USD/MWh,PT15M,"US-CT,US-MA,US-ME,US-NH,US-RI,US-VT",isone_rtm,.Z.NEWHAMPSHIRE,isone:rt_lmp_5min,https://www.iso-ne.com/isoexpress/web/reports/pricing/-/tree/lmps-rt-five-min-final,2026-09-25T20:08:21Z,
isone:.Z.NEWHAMPSHIRE,lmp_rtm_15m_mean,2026-09-24T00:00:00Z,39.0033,USD/MWh,PT15M,"US-CT,US-MA,US-ME,US-NH,US-RI,US-VT",isone_rtm,.Z.NEWHAMPSHIRE,isone:rt_lmp_5min,https://www.iso-ne.com/isoexpress/web/reports/pricing/-/tree/lmps-rt-five-min-final,2026-09-25T20:08:21Z,
isone:.Z.NEWHAMPSHIRE,lmp_rtm_15m_mean,2026-09-24T00:15:00Z,34.86,USD/MWh,PT15M,"US-CT,US-MA,US-ME,US-NH,US-RI,US-VT",isone_rtm,.Z.NEWHAMPSHIRE,isone:rt_lmp_5min,https://www.iso-ne.com/isoexpress/web/reports/pricing/-/tree/lmps-rt-five-min-final,2026-09-25T20:08:21Z,
isone:.Z.NEWHAMPSHIRE,lmp_rtm_15m_mean,2026-09-24T00:30:00Z,32.3933,USD/MWh,PT15M,"US-CT,US-MA,US-ME,US-NH,US-RI,US-VT",isone_rtm,.Z.NEWHAMPSHIRE,isone:rt_lmp_5min,https://www.iso-ne.com/isoexpress/web/reports/pricing/-/tree/lmps-rt-five-min-final,2026-09-25T20:08:21Z,
isone:.Z.NEWHAMPSHIRE,lmp_rtm_15m_mean,2026-09-24T00:45:00Z,29.99,USD/MWh,PT15M,"US-CT,US-MA,US-ME,US-NH,US-RI,US-VT",isone_rtm,.Z.NEWHAMPSHIRE,isone:rt_lmp_5min,https://www.iso-ne.com/isoexpress/web/reports/pricing/-/tree/lmps-rt-five-min-final,2026-09-25T20:08:21Z,
isone:.Z.NEWHAMPSHIRE,lmp_rtm_15m_mean,2026-09-24T01:00:00Z,44.1233,USD/MWh,PT15M,"US-CT,US-MA,US-ME,US-NH,US-RI,US-VT",isone_rtm,.Z.NEWHAMPSHIRE,isone:rt_lmp_5min,https://www.iso-ne.com/isoexpress/web/reports/pricing/-/tree/lmps-rt-five-min-final,2026-09-25T20:08:21Z,
isone:.Z.NEWHAMPSHIRE,lmp_rtm_15m_mean,2026-09-24T01:15:00Z,32.5533,USD/MWh,PT15M,"US-CT,US-MA,US-ME,US-NH,US-RI,US-VT",isone_rtm,.Z.NEWHAMPSHIRE,isone:rt_lmp_5min,https://www.iso-ne.com/isoexpress/web/reports/pricing/-/tree/lmps-rt-five-min-final,2026-09-25T20:08:21Z,
isone:.Z.NEWHAMPSHIRE,lmp_rtm_15m_mean,2026-09-24T01:30:00Z,31.66,USD/MWh,PT15M,"US-CT,US-MA,US-ME,US-NH,US-RI,US-VT",isone_rtm,.Z.NEWHAMPSHIRE,isone:rt_lmp_5min,https://www.iso-ne.com/isoexpress/web/reports/pricing/-/tree/lmps-rt-five-min-final,2026-09-25T20:08:21Z,
isone:.Z.NEWHAMPSHIRE,lmp_rtm_15m_mean,2026-09-24T01:45:00Z,29.97,USD/MWh,PT15M,"US-CT,US-MA,US-ME,US-NH,US-RI,US-VT",isone_rtm,.Z.NEWHAMPSHIRE,isone:rt_lmp_5min,https://www.iso-ne.com/isoexpress/web/reports/pricing/-/tree/lmps-rt-five-min-final,2026-09-25T20:08:21Z,
isone:.Z.NEWHAMPSHIRE,lmp_rtm_15m_mean,2026-09-24T02:00:00Z,53.1067,USD/MWh,PT15M,"US-CT,US-MA,US-ME,US-NH,US-RI,US-VT",isone_rtm,.Z.NEWHAMPSHIRE,isone:rt_lmp_5min,https://www.iso-ne.com/isoexpress/web/reports/pricing/-/tree/lmps-rt-five-min-final,2026-09-25T20:08:21Z,
isone:.Z.NEWHAMPSHIRE,lmp_rtm_15m_mean,2026-09-24T02:15:00Z,38.9133,USD/MWh,PT15M,"US-CT,US-MA,US-ME,US-NH,US-RI,US-VT",isone_rtm,.Z.NEWHAMPSHIRE,isone:rt_lmp_5min,https://www.iso-ne.com/isoexpress/web/reports/pricing/-/tree/lmps-rt-five-min-final,2026-09-25T20:08:21Z,
isone:.Z.NEWHAMPSHIRE,lmp_rtm_15m_mean,2026-09-24T02:30:00Z,31.0567,USD/MWh,PT15M,"US-CT,US-MA,US-ME,US-NH,US-RI,US-VT",isone_rtm,.Z.NEWHAMPSHIRE,isone:rt_lmp_5min,https://www.iso-ne.com/isoexpress/web/reports/pricing/-/tree/lmps-rt-five-min-final,2026-09-25T20:08:21Z,
isone:.Z.NEWHAMPSHIRE,lmp_rtm_15m_mean,2026-09-24T02:45:00Z,29.6667,USD/MWh,PT15M,"US-CT,US-MA,US-ME,US-NH,US-RI,US-VT",isone_rtm,.Z.NEWHAMPSHIRE,isone:rt_lmp_5min,https://www.iso-ne.com/isoexpress/web/reports/pricing/-/tree/lmps-rt-five-min-final,2026-09-25T20:08:21Z,
isone:.Z.NEWHAMPSHIRE,lmp_rtm_15m_mean,2026-09-24T03:00:00Z,30.4933,USD/MWh,PT15M,"US-CT,US-MA,US-ME,US-NH,US-RI,US-VT",isone_rtm,.Z.NEWHAMPSHIRE,isone:rt_lmp_5min,https://www.iso-ne.com/isoexpress/web/reports/pricing/-/tree/lmps-rt-five-min-final,2026-09-25T20:08:21Z,
isone:.Z.NEWHAMPSHIRE,lmp_rtm_15m_mean,2026-09-24T03:15:00Z,30.6967,USD/MWh,PT15M,"US-CT,US-MA,US-ME,US-NH,US-RI,US-VT",isone_rtm,.Z.NEWHAMPSHIRE,isone:rt_lmp_5min,https://www.iso-ne.com/isoexpress/web/reports/pricing/-/tree/lmps-rt-five-min-final,2026-09-25T20:08:21Z,
isone:.Z.NEWHAMPSHIRE,lmp_rtm_15m_mean,2026-09-24T03:30:00Z,27.7333,USD/MWh,PT15M,"US-CT,US-MA,US-ME,US-NH,US-RI,US-VT",isone_rtm,.Z.NEWHAMPSHIRE,isone:rt_lmp_5min,https://www.iso-ne.com/isoexpress/web/reports/pricing/-/tree/lmps-rt-five-min-final,2026-09-25T20:08:21Z,
isone:.Z.NEWHAMPSHIRE,lmp_rtm_15m_mean,2026-09-24T03:45:00Z,25.6267,USD/MWh,PT15M,"US-CT,US-MA,US-ME,US-NH,US-RI,US-VT",isone_rtm,.Z.NEWHAMPSHIRE,isone:rt_lmp_5min,https://www.iso-ne.com/isoexpress/web/reports/pricing/-/tree/lmps-rt-five-min-final,2026-09-25T20:08:21Z,
isone:.Z.NEWHAMPSHIRE,lmp_rtm_15m_mean,2026-09-24T04:00:00Z,27.0733,USD/MWh,PT15M,"US-CT,US-MA,US-ME,US-NH,US-RI,US-VT",isone_rtm,.Z.NEWHAMPSHIRE,isone:rt_lmp_5min,https://www.iso-ne.com/isoexpress/web/reports/pricing/-/tree/lmps-rt-five-min-final,2026-09-25T20:08:36Z,
isone:.Z.NEWHAMPSHIRE,lmp_rtm_15m_mean,2026-09-24T04:15:00Z,27.49,USD/MWh,PT15M,"US-CT,US-MA,US-ME,US-NH,US-RI,US-VT",isone_rtm,.Z.NEWHAMPSHIRE,isone:rt_lmp_5min,https://www.iso-ne.com/isoexpress/web/reports/pricing/-/tree/lmps-rt-five-min-final,2026-09-25T20:08:36Z,
isone:.Z.NEWHAMPSHIRE,lmp_rtm_15m_mean,2026-09-24T04:30:00Z,26.5567,USD/MWh,PT15M,"US-CT,US-MA,US-ME,US-NH,US-RI,US-VT",isone_rtm,.Z.NEWHAMPSHIRE,isone:rt_lmp_5min,https://www.iso-ne.com/isoexpress/web/reports/pricing/-/tree/lmps-rt-five-min-final,2026-09-25T20:08:36Z,
isone:.Z.NEWHAMPSHIRE,lmp_rtm_15m_mean,2026-09-24T04:45:00Z,25.7267,USD/MWh,PT15M,"US-CT,US-MA,US-ME,US-NH,US-RI,US-VT",isone_rtm,.Z.NEWHAMPSHIRE,isone:rt_lmp_5min,https://www.iso-ne.com/isoexpress/web/reports/pricing/-/tree/lmps-rt-five-min-final,2026-09-25T20:08:36Z,
isone:.Z.NEWHAMPSHIRE,lmp_rtm_15m_mean,2026-09-24T05:00:00Z,26.18,USD/MWh,PT15M,"US-CT,US-MA,US-ME,US-NH,US-RI,US-VT",isone_rtm,.Z.NEWHAMPSHIRE,isone:rt_lmp_5min,https://www.iso-ne.com/isoexpress/web/reports/pricing/-/tree/lmps-rt-five-min-final,2026-09-25T20:08:36Z,
isone:.Z.NEWHAMPSHIRE,lmp_rtm_15m_mean,2026-09-24T05:15:00Z,27.2433,USD/MWh,PT15M,"US-CT,US-MA,US-ME,US-NH,US-RI,US-VT",isone_rtm,.Z.NEWHAMPSHIRE,isone:rt_lmp_5min,https://www.iso-ne.com/isoexpress/web/reports/pricing/-/tree/lmps-rt-five-min-final,2026-09-25T20:08:36Z,
isone:.Z.NEWHAMPSHIRE,lmp_rtm_15m_mean,2026-09-24T05:30:00Z,25.7567,USD/MWh,PT15M,"US-CT,US-MA,US-ME,US-NH,US-RI,US-VT",isone_rtm,.Z.NEWHAMPSHIRE,isone:rt_lmp_5min,https://www.iso-ne.com/isoexpress/web/reports/pricing/-/tree/lmps-rt-five-min-final,2026-09-25T20:08:36Z,
isone:.Z.NEWHAMPSHIRE,lmp_rtm_15m_mean,2026-09-24T05:45:00Z,25.5933,USD/MWh,PT15M,"US-CT,US-MA,US-ME,US-NH,US-RI,US-VT",isone_rtm,.Z.NEWHAMPSHIRE,isone:rt_lmp_5min,https://www.iso-ne.com/isoexpress/web/reports/pricing/-/tree/lmps-rt-five-min-final,2026-09-25T20:08:36Z,
isone:.Z.NEWHAMPSHIRE,lmp_rtm_15m_mean,2026-09-24T06:00:00Z,25.3433,USD/MWh,PT15M,"US-CT,US-MA,US-ME,US-NH,US-RI,US-VT",isone_rtm,.Z.NEWHAMPSHIRE,isone:rt_lmp_5min,https://www.iso-ne.com/isoexpress/web/reports/pricing/-/tree/lmps-rt-five-min-final,2026-09-25T20:08:36Z,
isone:.Z.NEWHAMPSHIRE,lmp_rtm_15m_mean,2026-09-24T06:15:00Z,24.9533,USD/MWh,PT15M,"US-CT,US-MA,US-ME,US-NH,US-RI,US-VT",isone_rtm,.Z.NEWHAMPSHIRE,isone:rt_lmp_5min,https://www.iso-ne.com/isoexpress/web/reports/pricing/-/tree/lmps-rt-five-min-final,2026-09-25T20:08:36Z,
isone:.Z.NEWHAMPSHIRE,lmp_rtm_15m_mean,2026-09-24T06:30:00Z,25.2067,USD/MWh,PT15M,"US-CT,US-MA,US-ME,US-NH,US-RI,US-VT",isone_rtm,.Z.NEWHAMPSHIRE,isone:rt_lmp_5min,https://www.iso-ne.com/isoexpress/web/reports/pricing/-/tree/lmps-rt-five-min-final,2026-09-25T20:08:36Z,
isone:.Z.NEWHAMPSHIRE,lmp_rtm_15m_mean,2026-09-24T06:45:00Z,24.98,USD/MWh,PT15M,"US-CT,US-MA,US-ME,US-NH,US-RI,US-VT",isone_rtm,.Z.NEWHAMPSHIRE,isone:rt_lmp_5min,https://www.iso-ne.com/isoexpress/web/reports/pricing/-/tree/lmps-rt-five-min-final,2026-09-25T20:08:36Z,
isone:.Z.NEWHAMPSHIRE,lmp_rtm_15m_mean,2026-09-24T07:00:00Z,24.89,USD/MWh,PT15M,"US-CT,US-MA,US-ME,US-NH,US-RI,US-VT",isone_rtm,.Z.NEWHAMPSHIRE,isone:rt_lmp_5min,https://www.iso-ne.com/isoexpress/web/reports/pricing/-/tree/lmps-rt-five-min-final,2026-09-25T20:08:36Z,
isone:.Z.NEWHAMPSHIRE,lmp_rtm_15m_mean,2026-09-24T07:15:00Z,25.27,USD/MWh,PT15M,"US-CT,US-MA,US-ME,US-NH,US-RI,US-VT",isone_rtm,.Z.NEWHAMPSHIRE,isone:rt_lmp_5min,https://www.iso-ne.com/isoexpress/web/reports/pricing/-/tree/lmps-rt-five-min-final,2026-09-25T20:08:36Z,
isone:.Z.NEWHAMPSHIRE,lmp_rtm_15m_mean,2026-09-24T07:30:00Z,25.4133,USD/MWh,PT15M,"US-CT,US-MA,US-ME,US-NH,US-RI,US-VT",isone_rtm,.Z.NEWHAMPSHIRE,isone:rt_lmp_5min,https://www.iso-ne.com/isoexpress/web/reports/pricing/-/tree/lmps-rt-five-min-final,2026-09-25T20:08:36Z,
isone:.Z.NEWHAMPSHIRE,lmp_rtm_15m_mean,2026-09-24T07:45:00Z,25.3933,USD/MWh,PT15M,"US-CT,US-MA,US-ME,US-NH,US-RI,US-VT",isone_rtm,.Z.NEWHAMPSHIRE,isone:rt_lmp_5min,https://www.iso-ne.com/isoexpress/web/reports/pricing/-/tree/lmps-rt-five-min-final,2026-09-25T20:08:36Z,
isone:.Z.NEWHAMPSHIRE,lmp_rtm_15m_mean,2026-09-24T08:00:00Z,24.4267,USD/MWh,PT15M,"US-CT,US-MA,US-ME,US-NH,US-RI,US-VT",isone_rtm,.Z.NEWHAMPSHIRE,isone:rt_lmp_5min,https://www.iso-ne.com/isoexpress/web/reports/pricing/-/tree/lmps-rt-five-min-final,2026-09-25T20:08:36Z,
isone:.Z.NEWHAMPSHIRE,lmp_rtm_15m_mean,2026-09-24T08:15:00Z,24.3467,USD/MWh,PT15M,"US-CT,US-MA,US-ME,US-NH,US-RI,US-VT",isone_rtm,.Z.NEWHAMPSHIRE,isone:rt_lmp_5min,https://www.iso-ne.com/isoexpress/web/reports/pricing/-/tree/lmps-rt-five-min-final,2026-09-25T20:08:36Z,
isone:.Z.NEWHAMPSHIRE,lmp_rtm_15m_mean,2026-09-24T08:30:00Z,24.51,USD/MWh,PT15M,"US-CT,US-MA,US-ME,US-NH,US-RI,US-VT",isone_rtm,.Z.NEWHAMPSHIRE,isone:rt_lmp_5min,https://www.iso-ne.com/isoexpress/web/reports/pricing/-/tree/lmps-rt-five-min-final,2026-09-25T20:08:36Z,
isone:.Z.NEWHAMPSHIRE,lmp_rtm_15m_mean,2026-09-24T08:45:00Z,25.13,USD/MWh,PT15M,"US-CT,US-MA,US-ME,US-NH,US-RI,US-VT",isone_rtm,.Z.NEWHAMPSHIRE,isone:rt_lmp_5min,https://www.iso-ne.com/isoexpress/web/reports/pricing/-/tree/lmps-rt-five-min-final,2026-09-25T20:08:36Z,
isone:.Z.NEWHAMPSHIRE,lmp_rtm_15m_mean,2026-09-24T09:00:00Z,27.2967,USD/MWh,PT15M,"US-CT,US-MA,US-ME,US-NH,US-RI,US-VT",isone_rtm,.Z.NEWHAMPSHIRE,isone:rt_lmp_5min,https://www.iso-ne.com/isoexpress/web/reports/pricing/-/tree/lmps-rt-five-min-final,2026-09-25T20:08:36Z,
isone:.Z.NEWHAMPSHIRE,lmp_rtm_15m_mean,2026-09-24T09:15:00Z,33.4267,USD/MWh,PT15M,"US-CT,US-MA,US-ME,US-NH,US-RI,US-VT",isone_rtm,.Z.NEWHAMPSHIRE,isone:rt_lmp_5min,https://www.iso-ne.com/isoexpress/web/reports/pricing/-/tree/lmps-rt-five-min-final,2026-09-25T20:08:36Z,
isone:.Z.NEWHAMPSHIRE,lmp_rtm_15m_mean,2026-09-24T09:30:00Z,33.47,USD/MWh,PT15M,"US-CT,US-MA,US-ME,US-NH,US-RI,US-VT",isone_rtm,.Z.NEWHAMPSHIRE,isone:rt_lmp_5min,https://www.iso-ne.com/isoexpress/web/reports/pricing/-/tree/lmps-rt-five-min-final,2026-09-25T20:08:36Z,
isone:.Z.NEWHAMPSHIRE,lmp_rtm_15m_mean,2026-09-24T09:45:00Z,36.07,USD/MWh,PT15M,"US-CT,US-MA,US-ME,US-NH,US-RI,US-VT",isone_rtm,.Z.NEWHAMPSHIRE,isone:rt_lmp_5min,https://www.iso-ne.com/isoexpress/web/reports/pricing/-/tree/lmps-rt-five-min-final,2026-09-25T20:08:36Z,
isone:.Z.NEWHAMPSHIRE,lmp_rtm_15m_mean,2026-09-24T10:00:00Z,26.88,USD/MWh,PT15M,"US-CT,US-MA,US-ME,US-NH,US-RI,US-VT",isone_rtm,.Z.NEWHAMPSHIRE,isone:rt_lmp_5min,https://www.iso-ne.com/isoexpress/web/reports/pricing/-/tree/lmps-rt-five-min-final,2026-09-25T20:08:36Z,
isone:.Z.NEWHAMPSHIRE,lmp_rtm_15m_mean,2026-09-24T10:15:00Z,26.2367,USD/MWh,PT15M,"US-CT,US-MA,US-ME,US-NH,US-RI,US-VT",isone_rtm,.Z.NEWHAMPSHIRE,isone:rt_lmp_5min,https://www.iso-ne.com/isoexpress/web/reports/pricing/-/tree/lmps-rt-five-min-final,2026-09-25T20:08:36Z,
isone:.Z.NEWHAMPSHIRE,lmp_rtm_15m_mean,2026-09-24T10:30:00Z,30.9633,USD/MWh,PT15M,"US-CT,US-MA,US-ME,US-NH,US-RI,US-VT",isone_rtm,.Z.NEWHAMPSHIRE,isone:rt_lmp_5min,https://www.iso-ne.com/isoexpress/web/reports/pricing/-/tree/lmps-rt-five-min-final,2026-09-25T20:08:36Z,
isone:.Z.NEWHAMPSHIRE,lmp_rtm_15m_mean,2026-09-24T10:45:00Z,34.2833,USD/MWh,PT15M,"US-CT,US-MA,US-ME,US-NH,US-RI,US-VT",isone_rtm,.Z.NEWHAMPSHIRE,isone:rt_lmp_5min,https://www.iso-ne.com/isoexpress/web/reports/pricing/-/tree/lmps-rt-five-min-final,2026-09-25T20:08:36Z,
isone:.Z.NEWHAMPSHIRE,lmp_rtm_15m_mean,2026-09-24T11:00:00Z,31.6467,USD/MWh,PT15M,"US-CT,US-MA,US-ME,US-NH,US-RI,US-VT",isone_rtm,.Z.NEWHAMPSHIRE,isone:rt_lmp_5min,https://www.iso-ne.com/isoexpress/web/reports/pricing/-/tree/lmps-rt-five-min-final,2026-09-25T20:08:36Z,
isone:.Z.NEWHAMPSHIRE,lmp_rtm_15m_mean,2026-09-24T11:15:00Z,25.6467,USD/MWh,PT15M,"US-CT,US-MA,US-ME,US-NH,US-RI,US-VT",isone_rtm,.Z.NEWHAMPSHIRE,isone:rt_lmp_5min,https://www.iso-ne.com/isoexpress/web/reports/pricing/-/tree/lmps-rt-five-min-final,2026-09-25T20:08:36Z,
isone:.Z.NEWHAMPSHIRE,lmp_rtm_15m_mean,2026-09-24T11:30:00Z,25.55,USD/MWh,PT15M,"US-CT,US-MA,US-ME,US-NH,US-RI,US-VT",isone_rtm,.Z.NEWHAMPSHIRE,isone:rt_lmp_5min,https://www.iso-ne.com/isoexpress/web/reports/pricing/-/tree/lmps-rt-five-min-final,2026-09-25T20:08:36Z,
isone:.Z.NEWHAMPSHIRE,lmp_rtm_15m_mean,2026-09-24T11:45:00Z,25.02,USD/MWh,PT15M,"US-CT,US-MA,US-ME,US-NH,US-RI,US-VT",isone_rtm,.Z.NEWHAMPSHIRE,isone:rt_lmp_5min,https://www.iso-ne.com/isoexpress/web/reports/pricing/-/tree/lmps-rt-five-min-final,2026-09-25T20:08:36Z,
isone:.Z.NEWHAMPSHIRE,lmp_rtm_15m_mean,2026-09-24T12:00:00Z,27.48,USD/MWh,PT15M,"US-CT,US-MA,US-ME,US-NH,US-RI,US-VT",isone_rtm,.Z.NEWHAMPSHIRE,isone:rt_lmp_5min,https://www.iso-ne.com/isoexpress/web/reports/pricing/-/tree/lmps-rt-five-min-final,2026-09-25T20:08:36Z,
isone:.Z.NEWHAMPSHIRE,lmp_rtm_15m_mean,2026-09-24T12:15:00Z,33.04,USD/MWh,PT15M,"US-CT,US-MA,US-ME,US-NH,US-RI,US-VT",isone_rtm,.Z.NEWHAMPSHIRE,isone:rt_lmp_5min,https://www.iso-ne.com/isoexpress/web/reports/pricing/-/tree/lmps-rt-five-min-final,2026-09-25T20:08:36Z,
isone:.Z.NEWHAMPSHIRE,lmp_rtm_15m_mean,2026-09-24T12:30:00Z,26.6133,USD/MWh,PT15M,"US-CT,US-MA,US-ME,US-NH,US-RI,US-VT",isone_rtm,.Z.NEWHAMPSHIRE,isone:rt_lmp_5min,https://www.iso-ne.com/isoexpress/web/reports/pricing/-/tree/lmps-rt-five-min-final,2026-09-25T20:08:36Z,
isone:.Z.NEWHAMPSHIRE,lmp_rtm_15m_mean,2026-09-24T12:45:00Z,23.94,USD/MWh,PT15M,"US-CT,US-MA,US-ME,US-NH,US-RI,US-VT",isone_rtm,.Z.NEWHAMPSHIRE,isone:rt_lmp_5min,https://www.iso-ne.com/isoexpress/web/reports/pricing/-/tree/lmps-rt-five-min-final,2026-09-25T20:08:36Z,
isone:.Z.NEWHAMPSHIRE,lmp_rtm_15m_mean,2026-09-24T13:00:00Z,21.8667,USD/MWh,PT15M,"US-CT,US-MA,US-ME,US-NH,US-RI,US-VT",isone_rtm,.Z.NEWHAMPSHIRE,isone:rt_lmp_5min,https://www.iso-ne.com/isoexpress/web/reports/pricing/-/tree/lmps-rt-five-min-final,2026-09-25T20:08:36Z,
isone:.Z.NEWHAMPSHIRE,lmp_rtm_15m_mean,2026-09-24T13:15:00Z,22.22,USD/MWh,PT15M,"US-CT,US-MA,US-ME,US-NH,US-RI,US-VT",isone_rtm,.Z.NEWHAMPSHIRE,isone:rt_lmp_5min,https://www.iso-ne.com/isoexpress/web/reports/pricing/-/tree/lmps-rt-five-min-final,2026-09-25T20:08:36Z,
isone:.Z.NEWHAMPSHIRE,lmp_rtm_15m_mean,2026-09-24T13:30:00Z,22.1667,USD/MWh,PT15M,"US-CT,US-MA,US-ME,US-NH,US-RI,US-VT",isone_rtm,.Z.NEWHAMPSHIRE,isone:rt_lmp_5min,https://www.iso-ne.com/isoexpress/web/reports/pricing/-/tree/lmps-rt-five-min-final,2026-09-25T20:08:36Z,
isone:.Z.NEWHAMPSHIRE,lmp_rtm_15m_mean,2026-09-24T13:45:00Z,22.4433,USD/MWh,PT15M,"US-CT,US-MA,US-ME,US-NH,US-RI,US-VT",isone_rtm,.Z.NEWHAMPSHIRE,isone:rt_lmp_5min,https://www.iso-ne.com/isoexpress/web/reports/pricing/-/tree/lmps-rt-five-min-final,2026-09-25T20:08:36Z,
isone:.Z.NEWHAMPSHIRE,lmp_rtm_15m_mean,2026-09-24T14:00:00Z,25.23,USD/MWh,PT15M,"US-CT,US-MA,US-ME,US-NH,US-RI,US-VT",isone_rtm,.Z.NEWHAMPSHIRE,isone:rt_lmp_5min,https://www.iso-ne.com/isoexpress/web/reports/pricing/-/tree/lmps-rt-five-min-final,2026-09-25T20:08:36Z,
isone:.Z.NEWHAMPSHIRE,lmp_rtm_15m_mean,2026-09-24T14:15:00Z,25.1833,USD/MWh,PT15M,"US-CT,US-MA,US-ME,US-NH,US-RI,US-VT",isone_rtm,.Z.NEWHAMPSHIRE,isone:rt_lmp_5min,https://www.iso-ne.com/isoexpress/web/reports/pricing/-/tree/lmps-rt-five-min-final,2026-09-25T20:08:36Z,
isone:.Z.NEWHAMPSHIRE,lmp_rtm_15m_mean,2026-09-24T14:30:00Z,25.0633,USD/MWh,PT15M,"US-CT,US-MA,US-ME,US-NH,US-RI,US-VT",isone_rtm,.Z.NEWHAMPSHIRE,isone:rt_lmp_5min,https://www.iso-ne.com/isoexpress/web/reports/pricing/-/tree/lmps-rt-five-min-final,2026-09-25T20:08:36Z,
isone:.Z.NEWHAMPSHIRE,lmp_rtm_15m_mean,2026-09-24T14:45:00Z,24.77,USD/MWh,PT15M,"US-CT,US-MA,US-ME,US-NH,US-RI,US-VT",isone_rtm,.Z.NEWHAMPSHIRE,isone:rt_lmp_5min,https://www.iso-ne.com/isoexpress/web/reports/pricing/-/tree/lmps-rt-five-min-final,2026-09-25T20:08:36Z,
isone:.Z.NEWHAMPSHIRE,lmp_rtm_15m_mean,2026-09-24T15:00:00Z,23.1,USD/MWh,PT15M,"US-CT,US-MA,US-ME,US-NH,US-RI,US-VT",isone_rtm,.Z.NEWHAMPSHIRE,isone:rt_lmp_5min,https://www.iso-ne.com/isoexpress/web/reports/pricing/-/tree/lmps-rt-five-min-final,2026-09-25T20:08:36Z,
isone:.Z.NEWHAMPSHIRE,lmp_rtm_15m_mean,2026-09-24T15:15:00Z,6.89,USD/MWh,PT15M,"US-CT,US-MA,US-ME,US-NH,US-RI,US-VT",isone_rtm,.Z.NEWHAMPSHIRE,isone:rt_lmp_5min,https://www.iso-ne.com/isoexpress/web/reports/pricing/-/tree/lmps-rt-five-min-final,2026-09-25T20:08:36Z,
isone:.Z.NEWHAMPSHIRE,lmp_rtm_15m_mean,2026-09-24T15:30:00Z,-4.57,USD/MWh,PT15M,"US-CT,US-MA,US-ME,US-NH,US-RI,US-VT",isone_rtm,.Z.NEWHAMPSHIRE,isone:rt_lmp_5min,https://www.iso-ne.com/isoexpress/web/reports/pricing/-/tree/lmps-rt-five-min-final,2026-09-25T20:08:36Z,
isone:.Z.NEWHAMPSHIRE,lmp_rtm_15m_mean,2026-09-24T15:45:00Z,-4.55,USD/MWh,PT15M,"US-CT,US-MA,US-ME,US-NH,US-RI,US-VT",isone_rtm,.Z.NEWHAMPSHIRE,isone:rt_lmp_5min,https://www.iso-ne.com/isoexpress/web/reports/pricing/-/tree/lmps-rt-five-min-final,2026-09-25T20:08:36Z,
isone:.Z.NEWHAMPSHIRE,lmp_rtm_15m_mean,2026-09-24T16:00:00Z,-5.91,USD/MWh,PT15M,"US-CT,US-MA,US-ME,US-NH,US-RI,US-VT",isone_rtm,.Z.NEWHAMPSHIRE,isone:rt_lmp_5min,https://www.iso-ne.com/isoexpress/web/reports/pricing/-/tree/lmps-rt-five-min-final,2026-09-25T20:08:36Z,
isone:.Z.NEWHAMPSHIRE,lmp_rtm_15m_mean,2026-09-24T16:15:00Z,-12.72,USD/MWh,PT15M,"US-CT,US-MA,US-ME,US-NH,US-RI,US-VT",isone_rtm,.Z.NEWHAMPSHIRE,isone:rt_lmp_5min,https://www.iso-ne.com/isoexpress/web/reports/pricing/-/tree/lmps-rt-five-min-final,2026-09-25T20:08:36Z,
isone:.Z.NEWHAMPSHIRE,lmp_rtm_15m_mean,2026-09-24T16:30:00Z,-0.7667,USD/MWh,PT15M,"US-CT,US-MA,US-ME,US-NH,US-RI,US-VT",isone_rtm,.Z.NEWHAMPSHIRE,isone:rt_lmp_5min,https://www.iso-ne.com/isoexpress/web/reports/pricing/-/tree/lmps-rt-five-min-final,2026-09-25T20:08:36Z,
isone:.Z.NEWHAMPSHIRE,lmp_rtm_15m_mean,2026-09-24T16:45:00Z,20.66,USD/MWh,PT15M,"US-CT,US-MA,US-ME,US-NH,US-RI,US-VT",isone_rtm,.Z.NEWHAMPSHIRE,isone:rt_lmp_5min,https://www.iso-ne.com/isoexpress/web/reports/pricing/-/tree/lmps-rt-five-min-final,2026-09-25T20:08:36Z,
isone:.Z.NEWHAMPSHIRE,lmp_rtm_15m_mean,2026-09-24T17:00:00Z,21.85,USD/MWh,PT15M,"US-CT,US-MA,US-ME,US-NH,US-RI,US-VT",isone_rtm,.Z.NEWHAMPSHIRE,isone:rt_lmp_5min,https://www.iso-ne.com/isoexpress/web/reports/pricing/-/tree/lmps-rt-five-min-final,2026-09-25T20:08:36Z,
isone:.Z.NEWHAMPSHIRE,lmp_rtm_15m_mean,2026-09-24T17:15:00Z,19.25,USD/MWh,PT15M,"US-CT,US-MA,US-ME,US-NH,US-RI,US-VT",isone_rtm,.Z.NEWHAMPSHIRE,isone:rt_lmp_5min,https://www.iso-ne.com/isoexpress/web/reports/pricing/-/tree/lmps-rt-five-min-final,2026-09-25T20:08:36Z,
isone:.Z.NEWHAMPSHIRE,lmp_rtm_15m_mean,2026-09-24T17:30:00Z,19.0633,USD/MWh,PT15M,"US-CT,US-MA,US-ME,US-NH,US-RI,US-VT",isone_rtm,.Z.NEWHAMPSHIRE,isone:rt_lmp_5min,https://www.iso-ne.com/isoexpress/web/reports/pricing/-/tree/lmps-rt-five-min-final,2026-09-25T20:08:36Z,
isone:.Z.NEWHAMPSHIRE,lmp_rtm_15m_mean,2026-09-24T17:45:00Z,13.1733,USD/MWh,PT15M,"US-CT,US-MA,US-ME,US-NH,US-RI,US-VT",isone_rtm,.Z.NEWHAMPSHIRE,isone:rt_lmp_5min,https://www.iso-ne.com/isoexpress/web/reports/pricing/-/tree/lmps-rt-five-min-final,2026-09-25T20:08:36Z,
isone:.Z.NEWHAMPSHIRE,lmp_rtm_15m_mean,2026-09-24T18:00:00Z,13.19,USD/MWh,PT15M,"US-CT,US-MA,US-ME,US-NH,US-RI,US-VT",isone_rtm,.Z.NEWHAMPSHIRE,isone:rt_lmp_5min,https://www.iso-ne.com/isoexpress/web/reports/pricing/-/tree/lmps-rt-five-min-final,2026-09-25T20:08:36Z,
isone:.Z.NEWHAMPSHIRE,lmp_rtm_15m_mean,2026-09-24T18:15:00Z,21.2,USD/MWh,PT15M,"US-CT,US-MA,US-ME,US-NH,US-RI,US-VT",isone_rtm,.Z.NEWHAMPSHIRE,isone:rt_lmp_5min,https://www.iso-ne.com/isoexpress/web/reports/pricing/-/tree/lmps-rt-five-min-final,2026-09-25T20:08:36Z,
isone:.Z.NEWHAMPSHIRE,lmp_rtm_15m_mean,2026-09-24T18:30:00Z,21.9767,USD/MWh,PT15M,"US-CT,US-MA,US-ME,US-NH,US-RI,US-VT",isone_rtm,.Z.NEWHAMPSHIRE,isone:rt_lmp_5min,https://www.iso-ne.com/isoexpress/web/reports/pricing/-/tree/lmps-rt-five-min-final,2026-09-25T20:08:36Z,
isone:.Z.NEWHAMPSHIRE,lmp_rtm_15m_mean,2026-09-24T18:45:00Z,22.5967,USD/MWh,PT15M,"US-CT,US-MA,US-ME,US-NH,US-RI,US-VT",isone_rtm,.Z.NEWHAMPSHIRE,isone:rt_lmp_5min,https://www.iso-ne.com/isoexpress/web/reports/pricing/-/tree/lmps-rt-five-min-final,2026-09-25T20:08:36Z,
isone:.Z.NEWHAMPSHIRE,lmp_rtm_15m_mean,2026-09-24T19:00:00Z,21.6033,USD/MWh,PT15M,"US-CT,US-MA,US-ME,US-NH,US-RI,US-VT",isone_rtm,.Z.NEWHAMPSHIRE,isone:rt_lmp_5min,https://www.iso-ne.com/isoexpress/web/reports/pricing/-/tree/lmps-rt-five-min-final,2026-09-25T20:08:36Z,
isone:.Z.NEWHAMPSHIRE,lmp_rtm_15m_mean,2026-09-24T19:15:00Z,21.1767,USD/MWh,PT15M,"US-CT,US-MA,US-ME,US-NH,US-RI,US-VT",isone_rtm,.Z.NEWHAMPSHIRE,isone:rt_lmp_5min,https://www.iso-ne.com/isoexpress/web/reports/pricing/-/tree/lmps-rt-five-min-final,2026-09-25T20:08:36Z,
isone:.Z.NEWHAMPSHIRE,lmp_rtm_15m_mean,2026-09-24T19:30:00Z,21.87,USD/MWh,PT15M,"US-CT,US-MA,US-ME,US-NH,US-RI,US-VT",isone_rtm,.Z.NEWHAMPSHIRE,isone:rt_lmp_5min,https://www.iso-ne.com/isoexpress/web/reports/pricing/-/tree/lmps-rt-five-min-final,2026-09-25T20:08:36Z,
isone:.Z.NEWHAMPSHIRE,lmp_rtm_15m_mean,2026-09-24T19:45:00Z,22.6,USD/MWh,PT15M,"US-CT,US-MA,US-ME,US-NH,US-RI,US-VT",isone_rtm,.Z.NEWHAMPSHIRE,isone:rt_lmp_5min,https://www.iso-ne.com/isoexpress/web/reports/pricing/-/tree/lmps-rt-five-min-final,2026-09-25T20:08:36Z,
isone:.Z.NEWHAMPSHIRE,lmp_rtm_15m_mean,2026-09-24T20:00:00Z,22.06,USD/MWh,PT15M,"US-CT,US-MA,US-ME,US-NH,US-RI,US-VT",isone_rtm,.Z.NEWHAMPSHIRE,isone:rt_lmp_5min,https://www.iso-ne.com/isoexpress/web/reports/pricing/-/tree/lmps-rt-five-min-final,2026-09-25T20:08:36Z,
isone:.Z.NEWHAMPSHIRE,lmp_rtm_15m_mean,2026-09-24T20:15:00Z,21.2133,USD/MWh,PT15M,"US-CT,US-MA,US-ME,US-NH,US-RI,US-VT",isone_rtm,.Z.NEWHAMPSHIRE,isone:rt_lmp_5min,https://www.iso-ne.com/isoexpress/web/reports/pricing/-/tree/lmps-rt-five-min-final,2026-09-25T20:08:36Z,
isone:.Z.NEWHAMPSHIRE,lmp_rtm_15m_mean,2026-09-24T20:30:00Z,22.03,USD/MWh,PT15M,"US-CT,US-MA,US-ME,US-NH,US-RI,US-VT",isone_rtm,.Z.NEWHAMPSHIRE,isone:rt_lmp_5min,https://www.iso-ne.com/isoexpress/web/reports/pricing/-/tree/lmps-rt-five-min-final,2026-09-25T20:08:36Z,
isone:.Z.NEWHAMPSHIRE,lmp_rtm_15m_mean,2026-09-24T20:45:00Z,24.3633,USD/MWh,PT15M,"US-CT,US-MA,US-ME,US-NH,US-RI,US-VT",isone_rtm,.Z.NEWHAMPSHIRE,isone:rt_lmp_5min,https://www.iso-ne.com/isoexpress/web/reports/pricing/-/tree/lmps-rt-five-min-final,2026-09-25T20:08:36Z,
isone:.Z.NEWHAMPSHIRE,lmp_rtm_15m_mean,2026-09-24T21:00:00Z,22.8767,USD/MWh,PT15M,"US-CT,US-MA,US-ME,US-NH,US-RI,US-VT",isone_rtm,.Z.NEWHAMPSHIRE,isone:rt_lmp_5min,https://www.iso-ne.com/isoexpress/web/reports/pricing/-/tree/lmps-rt-five-min-final,2026-09-25T20:08:36Z,
isone:.Z.NEWHAMPSHIRE,lmp_rtm_15m_mean,2026-09-24T21:15:00Z,22.58,USD/MWh,PT15M,"US-CT,US-MA,US-ME,US-NH,US-RI,US-VT",isone_rtm,.Z.NEWHAMPSHIRE,isone:rt_lmp_5min,https://www.iso-ne.com/isoexpress/web/reports/pricing/-/tree/lmps-rt-five-min-final,2026-09-25T20:08:36Z,
isone:.Z.NEWHAMPSHIRE,lmp_rtm_15m_mean,2026-09-24T21:30:00Z,29.6567,USD/MWh,PT15M,"US-CT,US-MA,US-ME,US-NH,US-RI,US-VT",isone_rtm,.Z.NEWHAMPSHIRE,isone:rt_lmp_5min,https://www.iso-ne.com/isoexpress/web/reports/pricing/-/tree/lmps-rt-five-min-final,2026-09-25T20:08:36Z,
isone:.Z.NEWHAMPSHIRE,lmp_rtm_15m_mean,2026-09-24T21:45:00Z,38.51,USD/MWh,PT15M,"US-CT,US-MA,US-ME,US-NH,US-RI,US-VT",isone_rtm,.Z.NEWHAMPSHIRE,isone:rt_lmp_5min,https://www.iso-ne.com/isoexpress/web/reports/pricing/-/tree/lmps-rt-five-min-final,2026-09-25T20:08:36Z,
isone:.Z.NEWHAMPSHIRE,lmp_rtm_15m_mean,2026-09-24T22:00:00Z,34.3667,USD/MWh,PT15M,"US-CT,US-MA,US-ME,US-NH,US-RI,US-VT",isone_rtm,.Z.NEWHAMPSHIRE,isone:rt_lmp_5min,https://www.iso-ne.com/isoexpress/web/reports/pricing/-/tree/lmps-rt-five-min-final,2026-09-25T20:08:36Z,
isone:.Z.NEWHAMPSHIRE,lmp_rtm_15m_mean,2026-09-24T22:15:00Z,34.3167,USD/MWh,PT15M,"US-CT,US-MA,US-ME,US-NH,US-RI,US-VT",isone_rtm,.Z.NEWHAMPSHIRE,isone:rt_lmp_5min,https://www.iso-ne.com/isoexpress/web/reports/pricing/-/tree/lmps-rt-five-min-final,2026-09-25T20:08:36Z,
isone:.Z.NEWHAMPSHIRE,lmp_rtm_15m_mean,2026-09-24T22:30:00Z,47.0433,USD/MWh,PT15M,"US-CT,US-MA,US-ME,US-NH,US-RI,US-VT",isone_rtm,.Z.NEWHAMPSHIRE,isone:rt_lmp_5min,https://www.iso-ne.com/isoexpress/web/reports/pricing/-/tree/lmps-rt-five-min-final,2026-09-25T20:08:36Z,
isone:.Z.NEWHAMPSHIRE,lmp_rtm_15m_mean,2026-09-24T22:45:00Z,48.9367,USD/MWh,PT15M,"US-CT,US-MA,US-ME,US-NH,US-RI,US-VT",isone_rtm,.Z.NEWHAMPSHIRE,isone:rt_lmp_5min,https://www.iso-ne.com/isoexpress/web/reports/pricing/-/tree/lmps-rt-five-min-final,2026-09-25T20:08:36Z,
isone:.Z.NEWHAMPSHIRE,lmp_rtm_15m_mean,2026-09-24T23:00:00Z,39.3067,USD/MWh,PT15M,"US-CT,US-MA,US-ME,US-NH,US-RI,US-VT",isone_rtm,.Z.NEWHAMPSHIRE,isone:rt_lmp_5min,https://www.iso-ne.com/isoexpress/web/reports/pricing/-/tree/lmps-rt-five-min-final,2026-09-25T20:08:36Z,
isone:.Z.NEWHAMPSHIRE,lmp_rtm_15m_mean,2026-09-24T23:15:00Z,38.3133,USD/MWh,PT15M,"US-CT,US-MA,US-ME,US-NH,US-RI,US-VT",isone_rtm,.Z.NEWHAMPSHIRE,isone:rt_lmp_5min,https://www.iso-ne.com/isoexpress/web/reports/pricing/-/tree/lmps-rt-five-min-final,2026-09-25T20:08:36Z,
isone:.Z.NEWHAMPSHIRE,lmp_rtm_15m_mean,2026-09-24T23:30:00Z,37.8833,USD/MWh,PT15M,"US-CT,US-MA,US-ME,US-NH,US-RI,US-VT",isone_rtm,.Z.NEWHAMPSHIRE,isone:rt_lmp_5min,https://www.iso-ne.com/isoexpress/web/reports/pricing/-/tree/lmps-rt-five-min-final,2026-09-25T20:08:36Z,
isone:.Z.NEWHAMPSHIRE,lmp_rtm_15m_mean,2026-09-24T23:45:00Z,33.0967,USD/MWh,PT15M,"US-CT,US-MA,US-ME,US-NH,US-RI,US-VT",isone_rtm,.Z.NEWHAMPSHIRE,isone:rt_lmp_5min,https://www.iso-ne.com/isoexpress/web/reports/pricing/-/tree/lmps-rt-five-min-final,2026-09-25T20:08:36Z,
isone:.Z.NEWHAMPSHIRE,lmp_rtm_15m_mean,2026-09-25T00:00:00Z,37.4,USD/MWh,PT15M,"US-CT,US-MA,US-ME,US-NH,US-RI,US-VT",isone_rtm,.Z.NEWHAMPSHIRE,isone:rt_lmp_5min,https://www.iso-ne.com/isoexpress/web/reports/pricing/-/tree/lmps-rt-five-min-final,2026-09-25T20:08:36Z,
isone:.Z.NEWHAMPSHIRE,lmp_rtm_15m_mean,2026-09-25T00:15:00Z,31.8433,USD/MWh,PT15M,"US-CT,US-MA,US-ME,US-NH,US-RI,US-VT",isone_rtm,.Z.NEWHAMPSHIRE,isone:rt_lmp_5min,https://www.iso-ne.com/isoexpress/web/reports/pricing/-/tree/lmps-rt-five-min-final,2026-09-25T20:08:36Z,
isone:.Z.NEWHAMPSHIRE,lmp_rtm_15m_mean,2026-09-25T00:30:00Z,30.73,USD/MWh,PT15M,"US-CT,US-MA,US-ME,US-NH,US-RI,US-VT",isone_rtm,.Z.NEWHAMPSHIRE,isone:rt_lmp_5min,https://www.iso-ne.com/isoexpress/web/reports/pricing/-/tree/lmps-rt-five-min-final,2026-09-25T20:08:36Z,
isone:.Z.NEWHAMPSHIRE,lmp_rtm_15m_mean,2026-09-25T00:45:00Z,29.2467,USD/MWh,PT15M,"US-CT,US-MA,US-ME,US-NH,US-RI,US-VT",isone_rtm,.Z.NEWHAMPSHIRE,isone:rt_lmp_5min,https://www.iso-ne.com/isoexpress/web/reports/pricing/-/tree/lmps-rt-five-min-final,2026-09-25T20:08:36Z,
isone:.Z.NEWHAMPSHIRE,lmp_rtm_15m_mean,2026-09-25T01:00:00Z,36.2333,USD/MWh,PT15M,"US-CT,US-MA,US-ME,US-NH,US-RI,US-VT",isone_rtm,.Z.NEWHAMPSHIRE,isone:rt_lmp_5min,https://www.iso-ne.com/isoexpress/web/reports/pricing/-/tree/lmps-rt-five-min-final,2026-09-25T20:08:36Z,
isone:.Z.NEWHAMPSHIRE,lmp_rtm_15m_mean,2026-09-25T01:15:00Z,29.79,USD/MWh,PT15M,"US-CT,US-MA,US-ME,US-NH,US-RI,US-VT",isone_rtm,.Z.NEWHAMPSHIRE,isone:rt_lmp_5min,https://www.iso-ne.com/isoexpress/web/reports/pricing/-/tree/lmps-rt-five-min-final,2026-09-25T20:08:36Z,
isone:.Z.NEWHAMPSHIRE,lmp_rtm_15m_mean,2026-09-25T01:30:00Z,28.63,USD/MWh,PT15M,"US-CT,US-MA,US-ME,US-NH,US-RI,US-VT",isone_rtm,.Z.NEWHAMPSHIRE,isone:rt_lmp_5min,https://www.iso-ne.com/isoexpress/web/reports/pricing/-/tree/lmps-rt-five-min-final,2026-09-25T20:08:36Z,
isone:.Z.NEWHAMPSHIRE,lmp_rtm_15m_mean,2026-09-25T01:45:00Z,27.75,USD/MWh,PT15M,"US-CT,US-MA,US-ME,US-NH,US-RI,US-VT",isone_rtm,.Z.NEWHAMPSHIRE,isone:rt_lmp_5min,https://www.iso-ne.com/isoexpress/web/reports/pricing/-/tree/lmps-rt-five-min-final,2026-09-25T20:08:36Z,
isone:.Z.NEWHAMPSHIRE,lmp_rtm_15m_mean,2026-09-25T02:00:00Z,30.7333,USD/MWh,PT15M,"US-CT,US-MA,US-ME,US-NH,US-RI,US-VT",isone_rtm,.Z.NEWHAMPSHIRE,isone:rt_lmp_5min,https://www.iso-ne.com/isoexpress/web/reports/pricing/-/tree/lmps-rt-five-min-final,2026-09-25T20:08:36Z,
isone:.Z.NEWHAMPSHIRE,lmp_rtm_15m_mean,2026-09-25T02:15:00Z,27.3033,USD/MWh,PT15M,"US-CT,US-MA,US-ME,US-NH,US-RI,US-VT",isone_rtm,.Z.NEWHAMPSHIRE,isone:rt_lmp_5min,https://www.iso-ne.com/isoexpress/web/reports/pricing/-/tree/lmps-rt-five-min-final,2026-09-25T20:08:36Z,
isone:.Z.NEWHAMPSHIRE,lmp_rtm_15m_mean,2026-09-25T02:30:00Z,26.5867,USD/MWh,PT15M,"US-CT,US-MA,US-ME,US-NH,US-RI,US-VT",isone_rtm,.Z.NEWHAMPSHIRE,isone:rt_lmp_5min,https://www.iso-ne.com/isoexpress/web/reports/pricing/-/tree/lmps-rt-five-min-final,2026-09-25T20:08:36Z,
isone:.Z.NEWHAMPSHIRE,lmp_rtm_15m_mean,2026-09-25T02:45:00Z,26.5233,USD/MWh,PT15M,"US-CT,US-MA,US-ME,US-NH,US-RI,US-VT",isone_rtm,.Z.NEWHAMPSHIRE,isone:rt_lmp_5min,https://www.iso-ne.com/isoexpress/web/reports/pricing/-/tree/lmps-rt-five-min-final,2026-09-25T20:08:36Z,
isone:.Z.NEWHAMPSHIRE,lmp_rtm_15m_mean,2026-09-25T03:00:00Z,29.17,USD/MWh,PT15M,"US-CT,US-MA,US-ME,US-NH,US-RI,US-VT",isone_rtm,.Z.NEWHAMPSHIRE,isone:rt_lmp_5min,https://www.iso-ne.com/isoexpress/web/reports/pricing/-/tree/lmps-rt-five-min-final,2026-09-25T20:08:36Z,
isone:.Z.NEWHAMPSHIRE,lmp_rtm_15m_mean,2026-09-25T03:15:00Z,25.6967,USD/MWh,PT15M,"US-CT,US-MA,US-ME,US-NH,US-RI,US-VT",isone_rtm,.Z.NEWHAMPSHIRE,isone:rt_lmp_5min,https://www.iso-ne.com/isoexpress/web/reports/pricing/-/tree/lmps-rt-five-min-final,2026-09-25T20:08:36Z,
isone:.Z.NEWHAMPSHIRE,lmp_rtm_15m_mean,2026-09-25T03:30:00Z,24.99,USD/MWh,PT15M,"US-CT,US-MA,US-ME,US-NH,US-RI,US-VT",isone_rtm,.Z.NEWHAMPSHIRE,isone:rt_lmp_5min,https://www.iso-ne.com/isoexpress/web/reports/pricing/-/tree/lmps-rt-five-min-final,2026-09-25T20:08:36Z,
isone:.Z.NEWHAMPSHIRE,lmp_rtm_15m_mean,2026-09-25T03:45:00Z,24.0067,USD/MWh,PT15M,"US-CT,US-MA,US-ME,US-NH,US-RI,US-VT",isone_rtm,.Z.NEWHAMPSHIRE,isone:rt_lmp_5min,https://www.iso-ne.com/isoexpress/web/reports/pricing/-/tree/lmps-rt-five-min-final,2026-09-25T20:08:36Z,
isone:.Z.RHODEISLAND,lmp_rtm_15m_mean,2026-09-22T04:00:00Z,25.38,USD/MWh,PT15M,"US-CT,US-MA,US-ME,US-NH,US-RI,US-VT",isone_rtm,.Z.RHODEISLAND,isone:rt_lmp_5min,https://www.iso-ne.com/isoexpress/web/reports/pricing/-/tree/lmps-rt-five-min-final,2026-09-25T20:08:05Z,
isone:.Z.RHODEISLAND,lmp_rtm_15m_mean,2026-09-22T04:15:00Z,31.2567,USD/MWh,PT15M,"US-CT,US-MA,US-ME,US-NH,US-RI,US-VT",isone_rtm,.Z.RHODEISLAND,isone:rt_lmp_5min,https://www.iso-ne.com/isoexpress/web/reports/pricing/-/tree/lmps-rt-five-min-final,2026-09-25T20:08:05Z,
isone:.Z.RHODEISLAND,lmp_rtm_15m_mean,2026-09-22T04:30:00Z,30.05,USD/MWh,PT15M,"US-CT,US-MA,US-ME,US-NH,US-RI,US-VT",isone_rtm,.Z.RHODEISLAND,isone:rt_lmp_5min,https://www.iso-ne.com/isoexpress/web/reports/pricing/-/tree/lmps-rt-five-min-final,2026-09-25T20:08:05Z,
isone:.Z.RHODEISLAND,lmp_rtm_15m_mean,2026-09-22T04:45:00Z,32.8033,USD/MWh,PT15M,"US-CT,US-MA,US-ME,US-NH,US-RI,US-VT",isone_rtm,.Z.RHODEISLAND,isone:rt_lmp_5min,https://www.iso-ne.com/isoexpress/web/reports/pricing/-/tree/lmps-rt-five-min-final,2026-09-25T20:08:05Z,
isone:.Z.RHODEISLAND,lmp_rtm_15m_mean,2026-09-22T05:00:00Z,31.2167,USD/MWh,PT15M,"US-CT,US-MA,US-ME,US-NH,US-RI,US-VT",isone_rtm,.Z.RHODEISLAND,isone:rt_lmp_5min,https://www.iso-ne.com/isoexpress/web/reports/pricing/-/tree/lmps-rt-five-min-final,2026-09-25T20:08:05Z,
isone:.Z.RHODEISLAND,lmp_rtm_15m_mean,2026-09-22T05:15:00Z,28.3167,USD/MWh,PT15M,"US-CT,US-MA,US-ME,US-NH,US-RI,US-VT",isone_rtm,.Z.RHODEISLAND,isone:rt_lmp_5min,https://www.iso-ne.com/isoexpress/web/reports/pricing/-/tree/lmps-rt-five-min-final,2026-09-25T20:08:05Z,
isone:.Z.RHODEISLAND,lmp_rtm_15m_mean,2026-09-22T05:30:00Z,27.3933,USD/MWh,PT15M,"US-CT,US-MA,US-ME,US-NH,US-RI,US-VT",isone_rtm,.Z.RHODEISLAND,isone:rt_lmp_5min,https://www.iso-ne.com/isoexpress/web/reports/pricing/-/tree/lmps-rt-five-min-final,2026-09-25T20:08:05Z,
isone:.Z.RHODEISLAND,lmp_rtm_15m_mean,2026-09-22T05:45:00Z,28.12,USD/MWh,PT15M,"US-CT,US-MA,US-ME,US-NH,US-RI,US-VT",isone_rtm,.Z.RHODEISLAND,isone:rt_lmp_5min,https://www.iso-ne.com/isoexpress/web/reports/pricing/-/tree/lmps-rt-five-min-final,2026-09-25T20:08:05Z,
isone:.Z.RHODEISLAND,lmp_rtm_15m_mean,2026-09-22T06:00:00Z,26.87,USD/MWh,PT15M,"US-CT,US-MA,US-ME,US-NH,US-RI,US-VT",isone_rtm,.Z.RHODEISLAND,isone:rt_lmp_5min,https://www.iso-ne.com/isoexpress/web/reports/pricing/-/tree/lmps-rt-five-min-final,2026-09-25T20:08:05Z,
isone:.Z.RHODEISLAND,lmp_rtm_15m_mean,2026-09-22T06:15:00Z,25.7667,USD/MWh,PT15M,"US-CT,US-MA,US-ME,US-NH,US-RI,US-VT",isone_rtm,.Z.RHODEISLAND,isone:rt_lmp_5min,https://www.iso-ne.com/isoexpress/web/reports/pricing/-/tree/lmps-rt-five-min-final,2026-09-25T20:08:05Z,
isone:.Z.RHODEISLAND,lmp_rtm_15m_mean,2026-09-22T06:30:00Z,27.0533,USD/MWh,PT15M,"US-CT,US-MA,US-ME,US-NH,US-RI,US-VT",isone_rtm,.Z.RHODEISLAND,isone:rt_lmp_5min,https://www.iso-ne.com/isoexpress/web/reports/pricing/-/tree/lmps-rt-five-min-final,2026-09-25T20:08:05Z,
isone:.Z.RHODEISLAND,lmp_rtm_15m_mean,2026-09-22T06:45:00Z,27.7933,USD/MWh,PT15M,"US-CT,US-MA,US-ME,US-NH,US-RI,US-VT",isone_rtm,.Z.RHODEISLAND,isone:rt_lmp_5min,https://www.iso-ne.com/isoexpress/web/reports/pricing/-/tree/lmps-rt-five-min-final,2026-09-25T20:08:05Z,
isone:.Z.RHODEISLAND,lmp_rtm_15m_mean,2026-09-22T07:00:00Z,27.0367,USD/MWh,PT15M,"US-CT,US-MA,US-ME,US-NH,US-RI,US-VT",isone_rtm,.Z.RHODEISLAND,isone:rt_lmp_5min,https://www.iso-ne.com/isoexpress/web/reports/pricing/-/tree/lmps-rt-five-min-final,2026-09-25T20:08:05Z,
isone:.Z.RHODEISLAND,lmp_rtm_15m_mean,2026-09-22T07:15:00Z,27.39,USD/MWh,PT15M,"US-CT,US-MA,US-ME,US-NH,US-RI,US-VT",isone_rtm,.Z.RHODEISLAND,isone:rt_lmp_5min,https://www.iso-ne.com/isoexpress/web/reports/pricing/-/tree/lmps-rt-five-min-final,2026-09-25T20:08:05Z,
isone:.Z.RHODEISLAND,lmp_rtm_15m_mean,2026-09-22T07:30:00Z,28.02,USD/MWh,PT15M,"US-CT,US-MA,US-ME,US-NH,US-RI,US-VT",isone_rtm,.Z.RHODEISLAND,isone:rt_lmp_5min,https://www.iso-ne.com/isoexpress/web/reports/pricing/-/tree/lmps-rt-five-min-final,2026-09-25T20:08:05Z,
isone:.Z.RHODEISLAND,lmp_rtm_15m_mean,2026-09-22T07:45:00Z,27.8833,USD/MWh,PT15M,"US-CT,US-MA,US-ME,US-NH,US-RI,US-VT",isone_rtm,.Z.RHODEISLAND,isone:rt_lmp_5min,https://www.iso-ne.com/isoexpress/web/reports/pricing/-/tree/lmps-rt-five-min-final,2026-09-25T20:08:05Z,
isone:.Z.RHODEISLAND,lmp_rtm_15m_mean,2026-09-22T08:00:00Z,27.2467,USD/MWh,PT15M,"US-CT,US-MA,US-ME,US-NH,US-RI,US-VT",isone_rtm,.Z.RHODEISLAND,isone:rt_lmp_5min,https://www.iso-ne.com/isoexpress/web/reports/pricing/-/tree/lmps-rt-five-min-final,2026-09-25T20:08:05Z,
isone:.Z.RHODEISLAND,lmp_rtm_15m_mean,2026-09-22T08:15:00Z,27.13,USD/MWh,PT15M,"US-CT,US-MA,US-ME,US-NH,US-RI,US-VT",isone_rtm,.Z.RHODEISLAND,isone:rt_lmp_5min,https://www.iso-ne.com/isoexpress/web/reports/pricing/-/tree/lmps-rt-five-min-final,2026-09-25T20:08:05Z,
isone:.Z.RHODEISLAND,lmp_rtm_15m_mean,2026-09-22T08:30:00Z,27.67,USD/MWh,PT15M,"US-CT,US-MA,US-ME,US-NH,US-RI,US-VT",isone_rtm,.Z.RHODEISLAND,isone:rt_lmp_5min,https://www.iso-ne.com/isoexpress/web/reports/pricing/-/tree/lmps-rt-five-min-final,2026-09-25T20:08:05Z,
isone:.Z.RHODEISLAND,lmp_rtm_15m_mean,2026-09-22T08:45:00Z,28.7033,USD/MWh,PT15M,"US-CT,US-MA,US-ME,US-NH,US-RI,US-VT",isone_rtm,.Z.RHODEISLAND,isone:rt_lmp_5min,https://www.iso-ne.com/isoexpress/web/reports/pricing/-/tree/lmps-rt-five-min-final,2026-09-25T20:08:05Z,
isone:.Z.RHODEISLAND,lmp_rtm_15m_mean,2026-09-22T09:00:00Z,26.9233,USD/MWh,PT15M,"US-CT,US-MA,US-ME,US-NH,US-RI,US-VT",isone_rtm,.Z.RHODEISLAND,isone:rt_lmp_5min,https://www.iso-ne.com/isoexpress/web/reports/pricing/-/tree/lmps-rt-five-min-final,2026-09-25T20:08:05Z,
isone:.Z.RHODEISLAND,lmp_rtm_15m_mean,2026-09-22T09:15:00Z,27.3467,USD/MWh,PT15M,"US-CT,US-MA,US-ME,US-NH,US-RI,US-VT",isone_rtm,.Z.RHODEISLAND,isone:rt_lmp_5min,https://www.iso-ne.com/isoexpress/web/reports/pricing/-/tree/lmps-rt-five-min-final,2026-09-25T20:08:05Z,
isone:.Z.RHODEISLAND,lmp_rtm_15m_mean,2026-09-22T09:30:00Z,28.51,USD/MWh,PT15M,"US-CT,US-MA,US-ME,US-NH,US-RI,US-VT",isone_rtm,.Z.RHODEISLAND,isone:rt_lmp_5min,https://www.iso-ne.com/isoexpress/web/reports/pricing/-/tree/lmps-rt-five-min-final,2026-09-25T20:08:05Z,
isone:.Z.RHODEISLAND,lmp_rtm_15m_mean,2026-09-22T09:45:00Z,28.7967,USD/MWh,PT15M,"US-CT,US-MA,US-ME,US-NH,US-RI,US-VT",isone_rtm,.Z.RHODEISLAND,isone:rt_lmp_5min,https://www.iso-ne.com/isoexpress/web/reports/pricing/-/tree/lmps-rt-five-min-final,2026-09-25T20:08:05Z,
isone:.Z.RHODEISLAND,lmp_rtm_15m_mean,2026-09-22T10:00:00Z,24.43,USD/MWh,PT15M,"US-CT,US-MA,US-ME,US-NH,US-RI,US-VT",isone_rtm,.Z.RHODEISLAND,isone:rt_lmp_5min,https://www.iso-ne.com/isoexpress/web/reports/pricing/-/tree/lmps-rt-five-min-final,2026-09-25T20:08:05Z,
isone:.Z.RHODEISLAND,lmp_rtm_15m_mean,2026-09-22T10:15:00Z,26.5267,USD/MWh,PT15M,"US-CT,US-MA,US-ME,US-NH,US-RI,US-VT",isone_rtm,.Z.RHODEISLAND,isone:rt_lmp_5min,https://www.iso-ne.com/isoexpress/web/reports/pricing/-/tree/lmps-rt-five-min-final,2026-09-25T20:08:05Z,
isone:.Z.RHODEISLAND,lmp_rtm_15m_mean,2026-09-22T10:30:00Z,35.5433,USD/MWh,PT15M,"US-CT,US-MA,US-ME,US-NH,US-RI,US-VT",isone_rtm,.Z.RHODEISLAND,isone:rt_lmp_5min,https://www.iso-ne.com/isoexpress/web/reports/pricing/-/tree/lmps-rt-five-min-final,2026-09-25T20:08:05Z,
isone:.Z.RHODEISLAND,lmp_rtm_15m_mean,2026-09-22T10:45:00Z,43.9067,USD/MWh,PT15M,"US-CT,US-MA,US-ME,US-NH,US-RI,US-VT",isone_rtm,.Z.RHODEISLAND,isone:rt_lmp_5min,https://www.iso-ne.com/isoexpress/web/reports/pricing/-/tree/lmps-rt-five-min-final,2026-09-25T20:08:05Z,
isone:.Z.RHODEISLAND,lmp_rtm_15m_mean,2026-09-22T11:00:00Z,35.0933,USD/MWh,PT15M,"US-CT,US-MA,US-ME,US-NH,US-RI,US-VT",isone_rtm,.Z.RHODEISLAND,isone:rt_lmp_5min,https://www.iso-ne.com/isoexpress/web/reports/pricing/-/tree/lmps-rt-five-min-final,2026-09-25T20:08:05Z,
isone:.Z.RHODEISLAND,lmp_rtm_15m_mean,2026-09-22T11:15:00Z,29.52,USD/MWh,PT15M,"US-CT,US-MA,US-ME,US-NH,US-RI,US-VT",isone_rtm,.Z.RHODEISLAND,isone:rt_lmp_5min,https://www.iso-ne.com/isoexpress/web/reports/pricing/-/tree/lmps-rt-five-min-final,2026-09-25T20:08:05Z,
isone:.Z.RHODEISLAND,lmp_rtm_15m_mean,2026-09-22T11:30:00Z,27.29,USD/MWh,PT15M,"US-CT,US-MA,US-ME,US-NH,US-RI,US-VT",isone_rtm,.Z.RHODEISLAND,isone:rt_lmp_5min,https://www.iso-ne.com/isoexpress/web/reports/pricing/-/tree/lmps-rt-five-min-final,2026-09-25T20:08:05Z,
isone:.Z.RHODEISLAND,lmp_rtm_15m_mean,2026-09-22T11:45:00Z,26.19,USD/MWh,PT15M,"US-CT,US-MA,US-ME,US-NH,US-RI,US-VT",isone_rtm,.Z.RHODEISLAND,isone:rt_lmp_5min,https://www.iso-ne.com/isoexpress/web/reports/pricing/-/tree/lmps-rt-five-min-final,2026-09-25T20:08:05Z,
isone:.Z.RHODEISLAND,lmp_rtm_15m_mean,2026-09-22T12:00:00Z,38.7233,USD/MWh,PT15M,"US-CT,US-MA,US-ME,US-NH,US-RI,US-VT",isone_rtm,.Z.RHODEISLAND,isone:rt_lmp_5min,https://www.iso-ne.com/isoexpress/web/reports/pricing/-/tree/lmps-rt-five-min-final,2026-09-25T20:08:05Z,
isone:.Z.RHODEISLAND,lmp_rtm_15m_mean,2026-09-22T12:15:00Z,26.1633,USD/MWh,PT15M,"US-CT,US-MA,US-ME,US-NH,US-RI,US-VT",isone_rtm,.Z.RHODEISLAND,isone:rt_lmp_5min,https://www.iso-ne.com/isoexpress/web/reports/pricing/-/tree/lmps-rt-five-min-final,2026-09-25T20:08:05Z,
isone:.Z.RHODEISLAND,lmp_rtm_15m_mean,2026-09-22T12:30:00Z,24.7367,USD/MWh,PT15M,"US-CT,US-MA,US-ME,US-NH,US-RI,US-VT",isone_rtm,.Z.RHODEISLAND,isone:rt_lmp_5min,https://www.iso-ne.com/isoexpress/web/reports/pricing/-/tree/lmps-rt-five-min-final,2026-09-25T20:08:05Z,
isone:.Z.RHODEISLAND,lmp_rtm_15m_mean,2026-09-22T12:45:00Z,24.21,USD/MWh,PT15M,"US-CT,US-MA,US-ME,US-NH,US-RI,US-VT",isone_rtm,.Z.RHODEISLAND,isone:rt_lmp_5min,https://www.iso-ne.com/isoexpress/web/reports/pricing/-/tree/lmps-rt-five-min-final,2026-09-25T20:08:05Z,
isone:.Z.RHODEISLAND,lmp_rtm_15m_mean,2026-09-22T13:00:00Z,24.0033,USD/MWh,PT15M,"US-CT,US-MA,US-ME,US-NH,US-RI,US-VT",isone_rtm,.Z.RHODEISLAND,isone:rt_lmp_5min,https://www.iso-ne.com/isoexpress/web/reports/pricing/-/tree/lmps-rt-five-min-final,2026-09-25T20:08:05Z,
isone:.Z.RHODEISLAND,lmp_rtm_15m_mean,2026-09-22T13:15:00Z,25.0533,USD/MWh,PT15M,"US-CT,US-MA,US-ME,US-NH,US-RI,US-VT",isone_rtm,.Z.RHODEISLAND,isone:rt_lmp_5min,https://www.iso-ne.com/isoexpress/web/reports/pricing/-/tree/lmps-rt-five-min-final,2026-09-25T20:08:05Z,
isone:.Z.RHODEISLAND,lmp_rtm_15m_mean,2026-09-22T13:30:00Z,25.4867,USD/MWh,PT15M,"US-CT,US-MA,US-ME,US-NH,US-RI,US-VT",isone_rtm,.Z.RHODEISLAND,isone:rt_lmp_5min,https://www.iso-ne.com/isoexpress/web/reports/pricing/-/tree/lmps-rt-five-min-final,2026-09-25T20:08:05Z,
isone:.Z.RHODEISLAND,lmp_rtm_15m_mean,2026-09-22T13:45:00Z,24.72,USD/MWh,PT15M,"US-CT,US-MA,US-ME,US-NH,US-RI,US-VT",isone_rtm,.Z.RHODEISLAND,isone:rt_lmp_5min,https://www.iso-ne.com/isoexpress/web/reports/pricing/-/tree/lmps-rt-five-min-final,2026-09-25T20:08:05Z,
isone:.Z.RHODEISLAND,lmp_rtm_15m_mean,2026-09-22T14:00:00Z,26.8733,USD/MWh,PT15M,"US-CT,US-MA,US-ME,US-NH,US-RI,US-VT",isone_rtm,.Z.RHODEISLAND,isone:rt_lmp_5min,https://www.iso-ne.com/isoexpress/web/reports/pricing/-/tree/lmps-rt-five-min-final,2026-09-25T20:08:05Z,
isone:.Z.RHODEISLAND,lmp_rtm_15m_mean,2026-09-22T14:15:00Z,26.29,USD/MWh,PT15M,"US-CT,US-MA,US-ME,US-NH,US-RI,US-VT",isone_rtm,.Z.RHODEISLAND,isone:rt_lmp_5min,https://www.iso-ne.com/isoexpress/web/reports/pricing/-/tree/lmps-rt-five-min-final,2026-09-25T20:08:05Z,
isone:.Z.RHODEISLAND,lmp_rtm_15m_mean,2026-09-22T14:30:00Z,25.9167,USD/MWh,PT15M,"US-CT,US-MA,US-ME,US-NH,US-RI,US-VT",isone_rtm,.Z.RHODEISLAND,isone:rt_lmp_5min,https://www.iso-ne.com/isoexpress/web/reports/pricing/-/tree/lmps-rt-five-min-final,2026-09-25T20:08:05Z,
isone:.Z.RHODEISLAND,lmp_rtm_15m_mean,2026-09-22T14:45:00Z,23.8467,USD/MWh,PT15M,"US-CT,US-MA,US-ME,US-NH,US-RI,US-VT",isone_rtm,.Z.RHODEISLAND,isone:rt_lmp_5min,https://www.iso-ne.com/isoexpress/web/reports/pricing/-/tree/lmps-rt-five-min-final,2026-09-25T20:08:05Z,
isone:.Z.RHODEISLAND,lmp_rtm_15m_mean,2026-09-22T15:00:00Z,15.89,USD/MWh,PT15M,"US-CT,US-MA,US-ME,US-NH,US-RI,US-VT",isone_rtm,.Z.RHODEISLAND,isone:rt_lmp_5min,https://www.iso-ne.com/isoexpress/web/reports/pricing/-/tree/lmps-rt-five-min-final,2026-09-25T20:08:05Z,
isone:.Z.RHODEISLAND,lmp_rtm_15m_mean,2026-09-22T15:15:00Z,22.8567,USD/MWh,PT15M,"US-CT,US-MA,US-ME,US-NH,US-RI,US-VT",isone_rtm,.Z.RHODEISLAND,isone:rt_lmp_5min,https://www.iso-ne.com/isoexpress/web/reports/pricing/-/tree/lmps-rt-five-min-final,2026-09-25T20:08:05Z,
isone:.Z.RHODEISLAND,lmp_rtm_15m_mean,2026-09-22T15:30:00Z,22.5767,USD/MWh,PT15M,"US-CT,US-MA,US-ME,US-NH,US-RI,US-VT",isone_rtm,.Z.RHODEISLAND,isone:rt_lmp_5min,https://www.iso-ne.com/isoexpress/web/reports/pricing/-/tree/lmps-rt-five-min-final,2026-09-25T20:08:05Z,
isone:.Z.RHODEISLAND,lmp_rtm_15m_mean,2026-09-22T15:45:00Z,22.37,USD/MWh,PT15M,"US-CT,US-MA,US-ME,US-NH,US-RI,US-VT",isone_rtm,.Z.RHODEISLAND,isone:rt_lmp_5min,https://www.iso-ne.com/isoexpress/web/reports/pricing/-/tree/lmps-rt-five-min-final,2026-09-25T20:08:05Z,
isone:.Z.RHODEISLAND,lmp_rtm_15m_mean,2026-09-22T16:00:00Z,20.26,USD/MWh,PT15M,"US-CT,US-MA,US-ME,US-NH,US-RI,US-VT",isone_rtm,.Z.RHODEISLAND,isone:rt_lmp_5min,https://www.iso-ne.com/isoexpress/web/reports/pricing/-/tree/lmps-rt-five-min-final,2026-09-25T20:08:05Z,
isone:.Z.RHODEISLAND,lmp_rtm_15m_mean,2026-09-22T16:15:00Z,19.2833,USD/MWh,PT15M,"US-CT,US-MA,US-ME,US-NH,US-RI,US-VT",isone_rtm,.Z.RHODEISLAND,isone:rt_lmp_5min,https://www.iso-ne.com/isoexpress/web/reports/pricing/-/tree/lmps-rt-five-min-final,2026-09-25T20:08:05Z,
isone:.Z.RHODEISLAND,lmp_rtm_15m_mean,2026-09-22T16:30:00Z,19.6133,USD/MWh,PT15M,"US-CT,US-MA,US-ME,US-NH,US-RI,US-VT",isone_rtm,.Z.RHODEISLAND,isone:rt_lmp_5min,https://www.iso-ne.com/isoexpress/web/reports/pricing/-/tree/lmps-rt-five-min-final,2026-09-25T20:08:05Z,
isone:.Z.RHODEISLAND,lmp_rtm_15m_mean,2026-09-22T16:45:00Z,21.93,USD/MWh,PT15M,"US-CT,US-MA,US-ME,US-NH,US-RI,US-VT",isone_rtm,.Z.RHODEISLAND,isone:rt_lmp_5min,https://www.iso-ne.com/isoexpress/web/reports/pricing/-/tree/lmps-rt-five-min-final,2026-09-25T20:08:05Z,
isone:.Z.RHODEISLAND,lmp_rtm_15m_mean,2026-09-22T17:00:00Z,22.3733,USD/MWh,PT15M,"US-CT,US-MA,US-ME,US-NH,US-RI,US-VT",isone_rtm,.Z.RHODEISLAND,isone:rt_lmp_5min,https://www.iso-ne.com/isoexpress/web/reports/pricing/-/tree/lmps-rt-five-min-final,2026-09-25T20:08:05Z,
isone:.Z.RHODEISLAND,lmp_rtm_15m_mean,2026-09-22T17:15:00Z,23.5233,USD/MWh,PT15M,"US-CT,US-MA,US-ME,US-NH,US-RI,US-VT",isone_rtm,.Z.RHODEISLAND,isone:rt_lmp_5min,https://www.iso-ne.com/isoexpress/web/reports/pricing/-/tree/lmps-rt-five-min-final,2026-09-25T20:08:05Z,
isone:.Z.RHODEISLAND,lmp_rtm_15m_mean,2026-09-22T17:30:00Z,25.8067,USD/MWh,PT15M,"US-CT,US-MA,US-ME,US-NH,US-RI,US-VT",isone_rtm,.Z.RHODEISLAND,isone:rt_lmp_5min,https://www.iso-ne.com/isoexpress/web/reports/pricing/-/tree/lmps-rt-five-min-final,2026-09-25T20:08:05Z,
isone:.Z.RHODEISLAND,lmp_rtm_15m_mean,2026-09-22T17:45:00Z,25.9267,USD/MWh,PT15M,"US-CT,US-MA,US-ME,US-NH,US-RI,US-VT",isone_rtm,.Z.RHODEISLAND,isone:rt_lmp_5min,https://www.iso-ne.com/isoexpress/web/reports/pricing/-/tree/lmps-rt-five-min-final,2026-09-25T20:08:05Z,
isone:.Z.RHODEISLAND,lmp_rtm_15m_mean,2026-09-22T18:00:00Z,25.3167,USD/MWh,PT15M,"US-CT,US-MA,US-ME,US-NH,US-RI,US-VT",isone_rtm,.Z.RHODEISLAND,isone:rt_lmp_5min,https://www.iso-ne.com/isoexpress/web/reports/pricing/-/tree/lmps-rt-five-min-final,2026-09-25T20:08:05Z,
isone:.Z.RHODEISLAND,lmp_rtm_15m_mean,2026-09-22T18:15:00Z,25.1967,USD/MWh,PT15M,"US-CT,US-MA,US-ME,US-NH,US-RI,US-VT",isone_rtm,.Z.RHODEISLAND,isone:rt_lmp_5min,https://www.iso-ne.com/isoexpress/web/reports/pricing/-/tree/lmps-rt-five-min-final,2026-09-25T20:08:05Z,
isone:.Z.RHODEISLAND,lmp_rtm_15m_mean,2026-09-22T18:30:00Z,24.25,USD/MWh,PT15M,"US-CT,US-MA,US-ME,US-NH,US-RI,US-VT",isone_rtm,.Z.RHODEISLAND,isone:rt_lmp_5min,https://www.iso-ne.com/isoexpress/web/reports/pricing/-/tree/lmps-rt-five-min-final,2026-09-25T20:08:05Z,
isone:.Z.RHODEISLAND,lmp_rtm_15m_mean,2026-09-22T18:45:00Z,24.3533,USD/MWh,PT15M,"US-CT,US-MA,US-ME,US-NH,US-RI,US-VT",isone_rtm,.Z.RHODEISLAND,isone:rt_lmp_5min,https://www.iso-ne.com/isoexpress/web/reports/pricing/-/tree/lmps-rt-five-min-final,2026-09-25T20:08:05Z,
isone:.Z.RHODEISLAND,lmp_rtm_15m_mean,2026-09-22T19:00:00Z,24.44,USD/MWh,PT15M,"US-CT,US-MA,US-ME,US-NH,US-RI,US-VT",isone_rtm,.Z.RHODEISLAND,isone:rt_lmp_5min,https://www.iso-ne.com/isoexpress/web/reports/pricing/-/tree/lmps-rt-five-min-final,2026-09-25T20:08:05Z,
isone:.Z.RHODEISLAND,lmp_rtm_15m_mean,2026-09-22T19:15:00Z,25.5767,USD/MWh,PT15M,"US-CT,US-MA,US-ME,US-NH,US-RI,US-VT",isone_rtm,.Z.RHODEISLAND,isone:rt_lmp_5min,https://www.iso-ne.com/isoexpress/web/reports/pricing/-/tree/lmps-rt-five-min-final,2026-09-25T20:08:05Z,
isone:.Z.RHODEISLAND,lmp_rtm_15m_mean,2026-09-22T19:30:00Z,26.01,USD/MWh,PT15M,"US-CT,US-MA,US-ME,US-NH,US-RI,US-VT",isone_rtm,.Z.RHODEISLAND,isone:rt_lmp_5min,https://www.iso-ne.com/isoexpress/web/reports/pricing/-/tree/lmps-rt-five-min-final,2026-09-25T20:08:05Z,
isone:.Z.RHODEISLAND,lmp_rtm_15m_mean,2026-09-22T19:45:00Z,26.4733,USD/MWh,PT15M,"US-CT,US-MA,US-ME,US-NH,US-RI,US-VT",isone_rtm,.Z.RHODEISLAND,isone:rt_lmp_5min,https://www.iso-ne.com/isoexpress/web/reports/pricing/-/tree/lmps-rt-five-min-final,2026-09-25T20:08:05Z,
isone:.Z.RHODEISLAND,lmp_rtm_15m_mean,2026-09-22T20:00:00Z,23.11,USD/MWh,PT15M,"US-CT,US-MA,US-ME,US-NH,US-RI,US-VT",isone_rtm,.Z.RHODEISLAND,isone:rt_lmp_5min,https://www.iso-ne.com/isoexpress/web/reports/pricing/-/tree/lmps-rt-five-min-final,2026-09-25T20:08:05Z,
isone:.Z.RHODEISLAND,lmp_rtm_15m_mean,2026-09-22T20:15:00Z,23.3167,USD/MWh,PT15M,"US-CT,US-MA,US-ME,US-NH,US-RI,US-VT",isone_rtm,.Z.RHODEISLAND,isone:rt_lmp_5min,https://www.iso-ne.com/isoexpress/web/reports/pricing/-/tree/lmps-rt-five-min-final,2026-09-25T20:08:05Z,
isone:.Z.RHODEISLAND,lmp_rtm_15m_mean,2026-09-22T20:30:00Z,26.7133,USD/MWh,PT15M,"US-CT,US-MA,US-ME,US-NH,US-RI,US-VT",isone_rtm,.Z.RHODEISLAND,isone:rt_lmp_5min,https://www.iso-ne.com/isoexpress/web/reports/pricing/-/tree/lmps-rt-five-min-final,2026-09-25T20:08:05Z,
isone:.Z.RHODEISLAND,lmp_rtm_15m_mean,2026-09-22T20:45:00Z,30.08,USD/MWh,PT15M,"US-CT,US-MA,US-ME,US-NH,US-RI,US-VT",isone_rtm,.Z.RHODEISLAND,isone:rt_lmp_5min,https://www.iso-ne.com/isoexpress/web/reports/pricing/-/tree/lmps-rt-five-min-final,2026-09-25T20:08:05Z,
isone:.Z.RHODEISLAND,lmp_rtm_15m_mean,2026-09-22T21:00:00Z,27.3133,USD/MWh,PT15M,"US-CT,US-MA,US-ME,US-NH,US-RI,US-VT",isone_rtm,.Z.RHODEISLAND,isone:rt_lmp_5min,https://www.iso-ne.com/isoexpress/web/reports/pricing/-/tree/lmps-rt-five-min-final,2026-09-25T20:08:05Z,
isone:.Z.RHODEISLAND,lmp_rtm_15m_mean,2026-09-22T21:15:00Z,24.3067,USD/MWh,PT15M,"US-CT,US-MA,US-ME,US-NH,US-RI,US-VT",isone_rtm,.Z.RHODEISLAND,isone:rt_lmp_5min,https://www.iso-ne.com/isoexpress/web/reports/pricing/-/tree/lmps-rt-five-min-final,2026-09-25T20:08:05Z,
isone:.Z.RHODEISLAND,lmp_rtm_15m_mean,2026-09-22T21:30:00Z,27.3333,USD/MWh,PT15M,"US-CT,US-MA,US-ME,US-NH,US-RI,US-VT",isone_rtm,.Z.RHODEISLAND,isone:rt_lmp_5min,https://www.iso-ne.com/isoexpress/web/reports/pricing/-/tree/lmps-rt-five-min-final,2026-09-25T20:08:05Z,
isone:.Z.RHODEISLAND,lmp_rtm_15m_mean,2026-09-22T21:45:00Z,29.01,USD/MWh,PT15M,"US-CT,US-MA,US-ME,US-NH,US-RI,US-VT",isone_rtm,.Z.RHODEISLAND,isone:rt_lmp_5min,https://www.iso-ne.com/isoexpress/web/reports/pricing/-/tree/lmps-rt-five-min-final,2026-09-25T20:08:05Z,
isone:.Z.RHODEISLAND,lmp_rtm_15m_mean,2026-09-22T22:00:00Z,27.2567,USD/MWh,PT15M,"US-CT,US-MA,US-ME,US-NH,US-RI,US-VT",isone_rtm,.Z.RHODEISLAND,isone:rt_lmp_5min,https://www.iso-ne.com/isoexpress/web/reports/pricing/-/tree/lmps-rt-five-min-final,2026-09-25T20:08:05Z,
isone:.Z.RHODEISLAND,lmp_rtm_15m_mean,2026-09-22T22:15:00Z,30.09,USD/MWh,PT15M,"US-CT,US-MA,US-ME,US-NH,US-RI,US-VT",isone_rtm,.Z.RHODEISLAND,isone:rt_lmp_5min,https://www.iso-ne.com/isoexpress/web/reports/pricing/-/tree/lmps-rt-five-min-final,2026-09-25T20:08:05Z,
isone:.Z.RHODEISLAND,lmp_rtm_15m_mean,2026-09-22T22:30:00Z,32.4667,USD/MWh,PT15M,"US-CT,US-MA,US-ME,US-NH,US-RI,US-VT",isone_rtm,.Z.RHODEISLAND,isone:rt_lmp_5min,https://www.iso-ne.com/isoexpress/web/reports/pricing/-/tree/lmps-rt-five-min-final,2026-09-25T20:08:05Z,
isone:.Z.RHODEISLAND,lmp_rtm_15m_mean,2026-09-22T22:45:00Z,33.05,USD/MWh,PT15M,"US-CT,US-MA,US-ME,US-NH,US-RI,US-VT",isone_rtm,.Z.RHODEISLAND,isone:rt_lmp_5min,https://www.iso-ne.com/isoexpress/web/reports/pricing/-/tree/lmps-rt-five-min-final,2026-09-25T20:08:05Z,
isone:.Z.RHODEISLAND,lmp_rtm_15m_mean,2026-09-22T23:00:00Z,31.9933,USD/MWh,PT15M,"US-CT,US-MA,US-ME,US-NH,US-RI,US-VT",isone_rtm,.Z.RHODEISLAND,isone:rt_lmp_5min,https://www.iso-ne.com/isoexpress/web/reports/pricing/-/tree/lmps-rt-five-min-final,2026-09-25T20:08:05Z,
isone:.Z.RHODEISLAND,lmp_rtm_15m_mean,2026-09-22T23:15:00Z,29.2033,USD/MWh,PT15M,"US-CT,US-MA,US-ME,US-NH,US-RI,US-VT",isone_rtm,.Z.RHODEISLAND,isone:rt_lmp_5min,https://www.iso-ne.com/isoexpress/web/reports/pricing/-/tree/lmps-rt-five-min-final,2026-09-25T20:08:05Z,
isone:.Z.RHODEISLAND,lmp_rtm_15m_mean,2026-09-22T23:30:00Z,30.5467,USD/MWh,PT15M,"US-CT,US-MA,US-ME,US-NH,US-RI,US-VT",isone_rtm,.Z.RHODEISLAND,isone:rt_lmp_5min,https://www.iso-ne.com/isoexpress/web/reports/pricing/-/tree/lmps-rt-five-min-final,2026-09-25T20:08:05Z,
isone:.Z.RHODEISLAND,lmp_rtm_15m_mean,2026-09-22T23:45:00Z,29.98,USD/MWh,PT15M,"US-CT,US-MA,US-ME,US-NH,US-RI,US-VT",isone_rtm,.Z.RHODEISLAND,isone:rt_lmp_5min,https://www.iso-ne.com/isoexpress/web/reports/pricing/-/tree/lmps-rt-five-min-final,2026-09-25T20:08:05Z,
isone:.Z.RHODEISLAND,lmp_rtm_15m_mean,2026-09-23T00:00:00Z,38.16,USD/MWh,PT15M,"US-CT,US-MA,US-ME,US-NH,US-RI,US-VT",isone_rtm,.Z.RHODEISLAND,isone:rt_lmp_5min,https://www.iso-ne.com/isoexpress/web/reports/pricing/-/tree/lmps-rt-five-min-final,2026-09-25T20:08:05Z,
isone:.Z.RHODEISLAND,lmp_rtm_15m_mean,2026-09-23T00:15:00Z,34.0867,USD/MWh,PT15M,"US-CT,US-MA,US-ME,US-NH,US-RI,US-VT",isone_rtm,.Z.RHODEISLAND,isone:rt_lmp_5min,https://www.iso-ne.com/isoexpress/web/reports/pricing/-/tree/lmps-rt-five-min-final,2026-09-25T20:08:05Z,
isone:.Z.RHODEISLAND,lmp_rtm_15m_mean,2026-09-23T00:30:00Z,28.5467,USD/MWh,PT15M,"US-CT,US-MA,US-ME,US-NH,US-RI,US-VT",isone_rtm,.Z.RHODEISLAND,isone:rt_lmp_5min,https://www.iso-ne.com/isoexpress/web/reports/pricing/-/tree/lmps-rt-five-min-final,2026-09-25T20:08:05Z,
isone:.Z.RHODEISLAND,lmp_rtm_15m_mean,2026-09-23T00:45:00Z,28.0567,USD/MWh,PT15M,"US-CT,US-MA,US-ME,US-NH,US-RI,US-VT",isone_rtm,.Z.RHODEISLAND,isone:rt_lmp_5min,https://www.iso-ne.com/isoexpress/web/reports/pricing/-/tree/lmps-rt-five-min-final,2026-09-25T20:08:05Z,
isone:.Z.RHODEISLAND,lmp_rtm_15m_mean,2026-09-23T01:00:00Z,32.6167,USD/MWh,PT15M,"US-CT,US-MA,US-ME,US-NH,US-RI,US-VT",isone_rtm,.Z.RHODEISLAND,isone:rt_lmp_5min,https://www.iso-ne.com/isoexpress/web/reports/pricing/-/tree/lmps-rt-five-min-final,2026-09-25T20:08:05Z,
isone:.Z.RHODEISLAND,lmp_rtm_15m_mean,2026-09-23T01:15:00Z,29.6167,USD/MWh,PT15M,"US-CT,US-MA,US-ME,US-NH,US-RI,US-VT",isone_rtm,.Z.RHODEISLAND,isone:rt_lmp_5min,https://www.iso-ne.com/isoexpress/web/reports/pricing/-/tree/lmps-rt-five-min-final,2026-09-25T20:08:05Z,
isone:.Z.RHODEISLAND,lmp_rtm_15m_mean,2026-09-23T01:30:00Z,28.81,USD/MWh,PT15M,"US-CT,US-MA,US-ME,US-NH,US-RI,US-VT",isone_rtm,.Z.RHODEISLAND,isone:rt_lmp_5min,https://www.iso-ne.com/isoexpress/web/reports/pricing/-/tree/lmps-rt-five-min-final,2026-09-25T20:08:05Z,
isone:.Z.RHODEISLAND,lmp_rtm_15m_mean,2026-09-23T01:45:00Z,26.9767,USD/MWh,PT15M,"US-CT,US-MA,US-ME,US-NH,US-RI,US-VT",isone_rtm,.Z.RHODEISLAND,isone:rt_lmp_5min,https://www.iso-ne.com/isoexpress/web/reports/pricing/-/tree/lmps-rt-five-min-final,2026-09-25T20:08:05Z,
isone:.Z.RHODEISLAND,lmp_rtm_15m_mean,2026-09-23T02:00:00Z,27.3433,USD/MWh,PT15M,"US-CT,US-MA,US-ME,US-NH,US-RI,US-VT",isone_rtm,.Z.RHODEISLAND,isone:rt_lmp_5min,https://www.iso-ne.com/isoexpress/web/reports/pricing/-/tree/lmps-rt-five-min-final,2026-09-25T20:08:05Z,
isone:.Z.RHODEISLAND,lmp_rtm_15m_mean,2026-09-23T02:15:00Z,27.18,USD/MWh,PT15M,"US-CT,US-MA,US-ME,US-NH,US-RI,US-VT",isone_rtm,.Z.RHODEISLAND,isone:rt_lmp_5min,https://www.iso-ne.com/isoexpress/web/reports/pricing/-/tree/lmps-rt-five-min-final,2026-09-25T20:08:05Z,
isone:.Z.RHODEISLAND,lmp_rtm_15m_mean,2026-09-23T02:30:00Z,26.1667,USD/MWh,PT15M,"US-CT,US-MA,US-ME,US-NH,US-RI,US-VT",isone_rtm,.Z.RHODEISLAND,isone:rt_lmp_5min,https://www.iso-ne.com/isoexpress/web/reports/pricing/-/tree/lmps-rt-five-min-final,2026-09-25T20:08:05Z,
isone:.Z.RHODEISLAND,lmp_rtm_15m_mean,2026-09-23T02:45:00Z,23.37,USD/MWh,PT15M,"US-CT,US-MA,US-ME,US-NH,US-RI,US-VT",isone_rtm,.Z.RHODEISLAND,isone:rt_lmp_5min,https://www.iso-ne.com/isoexpress/web/reports/pricing/-/tree/lmps-rt-five-min-final,2026-09-25T20:08:05Z,
isone:.Z.RHODEISLAND,lmp_rtm_15m_mean,2026-09-23T03:00:00Z,23.82,USD/MWh,PT15M,"US-CT,US-MA,US-ME,US-NH,US-RI,US-VT",isone_rtm,.Z.RHODEISLAND,isone:rt_lmp_5min,https://www.iso-ne.com/isoexpress/web/reports/pricing/-/tree/lmps-rt-five-min-final,2026-09-25T20:08:05Z,
isone:.Z.RHODEISLAND,lmp_rtm_15m_mean,2026-09-23T03:15:00Z,26.01,USD/MWh,PT15M,"US-CT,US-MA,US-ME,US-NH,US-RI,US-VT",isone_rtm,.Z.RHODEISLAND,isone:rt_lmp_5min,https://www.iso-ne.com/isoexpress/web/reports/pricing/-/tree/lmps-rt-five-min-final,2026-09-25T20:08:05Z,
isone:.Z.RHODEISLAND,lmp_rtm_15m_mean,2026-09-23T03:30:00Z,25.0133,USD/MWh,PT15M,"US-CT,US-MA,US-ME,US-NH,US-RI,US-VT",isone_rtm,.Z.RHODEISLAND,isone:rt_lmp_5min,https://www.iso-ne.com/isoexpress/web/reports/pricing/-/tree/lmps-rt-five-min-final,2026-09-25T20:08:05Z,
isone:.Z.RHODEISLAND,lmp_rtm_15m_mean,2026-09-23T03:45:00Z,24.5933,USD/MWh,PT15M,"US-CT,US-MA,US-ME,US-NH,US-RI,US-VT",isone_rtm,.Z.RHODEISLAND,isone:rt_lmp_5min,https://www.iso-ne.com/isoexpress/web/reports/pricing/-/tree/lmps-rt-five-min-final,2026-09-25T20:08:05Z,
isone:.Z.RHODEISLAND,lmp_rtm_15m_mean,2026-09-23T04:00:00Z,24.92,USD/MWh,PT15M,"US-CT,US-MA,US-ME,US-NH,US-RI,US-VT",isone_rtm,.Z.RHODEISLAND,isone:rt_lmp_5min,https://www.iso-ne.com/isoexpress/web/reports/pricing/-/tree/lmps-rt-five-min-final,2026-09-25T20:08:21Z,
isone:.Z.RHODEISLAND,lmp_rtm_15m_mean,2026-09-23T04:15:00Z,26.9167,USD/MWh,PT15M,"US-CT,US-MA,US-ME,US-NH,US-RI,US-VT",isone_rtm,.Z.RHODEISLAND,isone:rt_lmp_5min,https://www.iso-ne.com/isoexpress/web/reports/pricing/-/tree/lmps-rt-five-min-final,2026-09-25T20:08:21Z,
isone:.Z.RHODEISLAND,lmp_rtm_15m_mean,2026-09-23T04:30:00Z,26.2667,USD/MWh,PT15M,"US-CT,US-MA,US-ME,US-NH,US-RI,US-VT",isone_rtm,.Z.RHODEISLAND,isone:rt_lmp_5min,https://www.iso-ne.com/isoexpress/web/reports/pricing/-/tree/lmps-rt-five-min-final,2026-09-25T20:08:21Z,
isone:.Z.RHODEISLAND,lmp_rtm_15m_mean,2026-09-23T04:45:00Z,24.0667,USD/MWh,PT15M,"US-CT,US-MA,US-ME,US-NH,US-RI,US-VT",isone_rtm,.Z.RHODEISLAND,isone:rt_lmp_5min,https://www.iso-ne.com/isoexpress/web/reports/pricing/-/tree/lmps-rt-five-min-final,2026-09-25T20:08:21Z,
isone:.Z.RHODEISLAND,lmp_rtm_15m_mean,2026-09-23T05:00:00Z,23.4067,USD/MWh,PT15M,"US-CT,US-MA,US-ME,US-NH,US-RI,US-VT",isone_rtm,.Z.RHODEISLAND,isone:rt_lmp_5min,https://www.iso-ne.com/isoexpress/web/reports/pricing/-/tree/lmps-rt-five-min-final,2026-09-25T20:08:21Z,
isone:.Z.RHODEISLAND,lmp_rtm_15m_mean,2026-09-23T05:15:00Z,22.7367,USD/MWh,PT15M,"US-CT,US-MA,US-ME,US-NH,US-RI,US-VT",isone_rtm,.Z.RHODEISLAND,isone:rt_lmp_5min,https://www.iso-ne.com/isoexpress/web/reports/pricing/-/tree/lmps-rt-five-min-final,2026-09-25T20:08:21Z,
isone:.Z.RHODEISLAND,lmp_rtm_15m_mean,2026-09-23T05:30:00Z,22.1967,USD/MWh,PT15M,"US-CT,US-MA,US-ME,US-NH,US-RI,US-VT",isone_rtm,.Z.RHODEISLAND,isone:rt_lmp_5min,https://www.iso-ne.com/isoexpress/web/reports/pricing/-/tree/lmps-rt-five-min-final,2026-09-25T20:08:21Z,
isone:.Z.RHODEISLAND,lmp_rtm_15m_mean,2026-09-23T05:45:00Z,21.77,USD/MWh,PT15M,"US-CT,US-MA,US-ME,US-NH,US-RI,US-VT",isone_rtm,.Z.RHODEISLAND,isone:rt_lmp_5min,https://www.iso-ne.com/isoexpress/web/reports/pricing/-/tree/lmps-rt-five-min-final,2026-09-25T20:08:21Z,
isone:.Z.RHODEISLAND,lmp_rtm_15m_mean,2026-09-23T06:00:00Z,21.85,USD/MWh,PT15M,"US-CT,US-MA,US-ME,US-NH,US-RI,US-VT",isone_rtm,.Z.RHODEISLAND,isone:rt_lmp_5min,https://www.iso-ne.com/isoexpress/web/reports/pricing/-/tree/lmps-rt-five-min-final,2026-09-25T20:08:21Z,
isone:.Z.RHODEISLAND,lmp_rtm_15m_mean,2026-09-23T06:15:00Z,22.3933,USD/MWh,PT15M,"US-CT,US-MA,US-ME,US-NH,US-RI,US-VT",isone_rtm,.Z.RHODEISLAND,isone:rt_lmp_5min,https://www.iso-ne.com/isoexpress/web/reports/pricing/-/tree/lmps-rt-five-min-final,2026-09-25T20:08:21Z,
isone:.Z.RHODEISLAND,lmp_rtm_15m_mean,2026-09-23T06:30:00Z,22.8233,USD/MWh,PT15M,"US-CT,US-MA,US-ME,US-NH,US-RI,US-VT",isone_rtm,.Z.RHODEISLAND,isone:rt_lmp_5min,https://www.iso-ne.com/isoexpress/web/reports/pricing/-/tree/lmps-rt-five-min-final,2026-09-25T20:08:21Z,
isone:.Z.RHODEISLAND,lmp_rtm_15m_mean,2026-09-23T06:45:00Z,22.6033,USD/MWh,PT15M,"US-CT,US-MA,US-ME,US-NH,US-RI,US-VT",isone_rtm,.Z.RHODEISLAND,isone:rt_lmp_5min,https://www.iso-ne.com/isoexpress/web/reports/pricing/-/tree/lmps-rt-five-min-final,2026-09-25T20:08:21Z,
isone:.Z.RHODEISLAND,lmp_rtm_15m_mean,2026-09-23T07:00:00Z,22.2733,USD/MWh,PT15M,"US-CT,US-MA,US-ME,US-NH,US-RI,US-VT",isone_rtm,.Z.RHODEISLAND,isone:rt_lmp_5min,https://www.iso-ne.com/isoexpress/web/reports/pricing/-/tree/lmps-rt-five-min-final,2026-09-25T20:08:21Z,
isone:.Z.RHODEISLAND,lmp_rtm_15m_mean,2026-09-23T07:15:00Z,22.2867,USD/MWh,PT15M,"US-CT,US-MA,US-ME,US-NH,US-RI,US-VT",isone_rtm,.Z.RHODEISLAND,isone:rt_lmp_5min,https://www.iso-ne.com/isoexpress/web/reports/pricing/-/tree/lmps-rt-five-min-final,2026-09-25T20:08:21Z,
isone:.Z.RHODEISLAND,lmp_rtm_15m_mean,2026-09-23T07:30:00Z,22.6867,USD/MWh,PT15M,"US-CT,US-MA,US-ME,US-NH,US-RI,US-VT",isone_rtm,.Z.RHODEISLAND,isone:rt_lmp_5min,https://www.iso-ne.com/isoexpress/web/reports/pricing/-/tree/lmps-rt-five-min-final,2026-09-25T20:08:21Z,
isone:.Z.RHODEISLAND,lmp_rtm_15m_mean,2026-09-23T07:45:00Z,22.8067,USD/MWh,PT15M,"US-CT,US-MA,US-ME,US-NH,US-RI,US-VT",isone_rtm,.Z.RHODEISLAND,isone:rt_lmp_5min,https://www.iso-ne.com/isoexpress/web/reports/pricing/-/tree/lmps-rt-five-min-final,2026-09-25T20:08:21Z,
isone:.Z.RHODEISLAND,lmp_rtm_15m_mean,2026-09-23T08:00:00Z,22.68,USD/MWh,PT15M,"US-CT,US-MA,US-ME,US-NH,US-RI,US-VT",isone_rtm,.Z.RHODEISLAND,isone:rt_lmp_5min,https://www.iso-ne.com/isoexpress/web/reports/pricing/-/tree/lmps-rt-five-min-final,2026-09-25T20:08:21Z,
isone:.Z.RHODEISLAND,lmp_rtm_15m_mean,2026-09-23T08:15:00Z,22.4633,USD/MWh,PT15M,"US-CT,US-MA,US-ME,US-NH,US-RI,US-VT",isone_rtm,.Z.RHODEISLAND,isone:rt_lmp_5min,https://www.iso-ne.com/isoexpress/web/reports/pricing/-/tree/lmps-rt-five-min-final,2026-09-25T20:08:21Z,
isone:.Z.RHODEISLAND,lmp_rtm_15m_mean,2026-09-23T08:30:00Z,22.7867,USD/MWh,PT15M,"US-CT,US-MA,US-ME,US-NH,US-RI,US-VT",isone_rtm,.Z.RHODEISLAND,isone:rt_lmp_5min,https://www.iso-ne.com/isoexpress/web/reports/pricing/-/tree/lmps-rt-five-min-final,2026-09-25T20:08:21Z,
isone:.Z.RHODEISLAND,lmp_rtm_15m_mean,2026-09-23T08:45:00Z,22.9533,USD/MWh,PT15M,"US-CT,US-MA,US-ME,US-NH,US-RI,US-VT",isone_rtm,.Z.RHODEISLAND,isone:rt_lmp_5min,https://www.iso-ne.com/isoexpress/web/reports/pricing/-/tree/lmps-rt-five-min-final,2026-09-25T20:08:21Z,
isone:.Z.RHODEISLAND,lmp_rtm_15m_mean,2026-09-23T09:00:00Z,22.6467,USD/MWh,PT15M,"US-CT,US-MA,US-ME,US-NH,US-RI,US-VT",isone_rtm,.Z.RHODEISLAND,isone:rt_lmp_5min,https://www.iso-ne.com/isoexpress/web/reports/pricing/-/tree/lmps-rt-five-min-final,2026-09-25T20:08:21Z,
isone:.Z.RHODEISLAND,lmp_rtm_15m_mean,2026-09-23T09:15:00Z,25.0133,USD/MWh,PT15M,"US-CT,US-MA,US-ME,US-NH,US-RI,US-VT",isone_rtm,.Z.RHODEISLAND,isone:rt_lmp_5min,https://www.iso-ne.com/isoexpress/web/reports/pricing/-/tree/lmps-rt-five-min-final,2026-09-25T20:08:21Z,
isone:.Z.RHODEISLAND,lmp_rtm_15m_mean,2026-09-23T09:30:00Z,30.48,USD/MWh,PT15M,"US-CT,US-MA,US-ME,US-NH,US-RI,US-VT",isone_rtm,.Z.RHODEISLAND,isone:rt_lmp_5min,https://www.iso-ne.com/isoexpress/web/reports/pricing/-/tree/lmps-rt-five-min-final,2026-09-25T20:08:21Z,
isone:.Z.RHODEISLAND,lmp_rtm_15m_mean,2026-09-23T09:45:00Z,34.5667,USD/MWh,PT15M,"US-CT,US-MA,US-ME,US-NH,US-RI,US-VT",isone_rtm,.Z.RHODEISLAND,isone:rt_lmp_5min,https://www.iso-ne.com/isoexpress/web/reports/pricing/-/tree/lmps-rt-five-min-final,2026-09-25T20:08:21Z,
isone:.Z.RHODEISLAND,lmp_rtm_15m_mean,2026-09-23T10:00:00Z,26.2533,USD/MWh,PT15M,"US-CT,US-MA,US-ME,US-NH,US-RI,US-VT",isone_rtm,.Z.RHODEISLAND,isone:rt_lmp_5min,https://www.iso-ne.com/isoexpress/web/reports/pricing/-/tree/lmps-rt-five-min-final,2026-09-25T20:08:21Z,
isone:.Z.RHODEISLAND,lmp_rtm_15m_mean,2026-09-23T10:15:00Z,26.7833,USD/MWh,PT15M,"US-CT,US-MA,US-ME,US-NH,US-RI,US-VT",isone_rtm,.Z.RHODEISLAND,isone:rt_lmp_5min,https://www.iso-ne.com/isoexpress/web/reports/pricing/-/tree/lmps-rt-five-min-final,2026-09-25T20:08:21Z,
isone:.Z.RHODEISLAND,lmp_rtm_15m_mean,2026-09-23T10:30:00Z,33.09,USD/MWh,PT15M,"US-CT,US-MA,US-ME,US-NH,US-RI,US-VT",isone_rtm,.Z.RHODEISLAND,isone:rt_lmp_5min,https://www.iso-ne.com/isoexpress/web/reports/pricing/-/tree/lmps-rt-five-min-final,2026-09-25T20:08:21Z,
isone:.Z.RHODEISLAND,lmp_rtm_15m_mean,2026-09-23T10:45:00Z,34.8667,USD/MWh,PT15M,"US-CT,US-MA,US-ME,US-NH,US-RI,US-VT",isone_rtm,.Z.RHODEISLAND,isone:rt_lmp_5min,https://www.iso-ne.com/isoexpress/web/reports/pricing/-/tree/lmps-rt-five-min-final,2026-09-25T20:08:21Z,
isone:.Z.RHODEISLAND,lmp_rtm_15m_mean,2026-09-23T11:00:00Z,26.9267,USD/MWh,PT15M,"US-CT,US-MA,US-ME,US-NH,US-RI,US-VT",isone_rtm,.Z.RHODEISLAND,isone:rt_lmp_5min,https://www.iso-ne.com/isoexpress/web/reports/pricing/-/tree/lmps-rt-five-min-final,2026-09-25T20:08:21Z,
isone:.Z.RHODEISLAND,lmp_rtm_15m_mean,2026-09-23T11:15:00Z,23.71,USD/MWh,PT15M,"US-CT,US-MA,US-ME,US-NH,US-RI,US-VT",isone_rtm,.Z.RHODEISLAND,isone:rt_lmp_5min,https://www.iso-ne.com/isoexpress/web/reports/pricing/-/tree/lmps-rt-five-min-final,2026-09-25T20:08:21Z,
isone:.Z.RHODEISLAND,lmp_rtm_15m_mean,2026-09-23T11:30:00Z,23.1833,USD/MWh,PT15M,"US-CT,US-MA,US-ME,US-NH,US-RI,US-VT",isone_rtm,.Z.RHODEISLAND,isone:rt_lmp_5min,https://www.iso-ne.com/isoexpress/web/reports/pricing/-/tree/lmps-rt-five-min-final,2026-09-25T20:08:21Z,
isone:.Z.RHODEISLAND,lmp_rtm_15m_mean,2026-09-23T11:45:00Z,22.83,USD/MWh,PT15M,"US-CT,US-MA,US-ME,US-NH,US-RI,US-VT",isone_rtm,.Z.RHODEISLAND,isone:rt_lmp_5min,https://www.iso-ne.com/isoexpress/web/reports/pricing/-/tree/lmps-rt-five-min-final,2026-09-25T20:08:21Z,
isone:.Z.RHODEISLAND,lmp_rtm_15m_mean,2026-09-23T12:00:00Z,31.69,USD/MWh,PT15M,"US-CT,US-MA,US-ME,US-NH,US-RI,US-VT",isone_rtm,.Z.RHODEISLAND,isone:rt_lmp_5min,https://www.iso-ne.com/isoexpress/web/reports/pricing/-/tree/lmps-rt-five-min-final,2026-09-25T20:08:21Z,
isone:.Z.RHODEISLAND,lmp_rtm_15m_mean,2026-09-23T12:15:00Z,26.1,USD/MWh,PT15M,"US-CT,US-MA,US-ME,US-NH,US-RI,US-VT",isone_rtm,.Z.RHODEISLAND,isone:rt_lmp_5min,https://www.iso-ne.com/isoexpress/web/reports/pricing/-/tree/lmps-rt-five-min-final,2026-09-25T20:08:21Z,
isone:.Z.RHODEISLAND,lmp_rtm_15m_mean,2026-09-23T12:30:00Z,21.9133,USD/MWh,PT15M,"US-CT,US-MA,US-ME,US-NH,US-RI,US-VT",isone_rtm,.Z.RHODEISLAND,isone:rt_lmp_5min,https://www.iso-ne.com/isoexpress/web/reports/pricing/-/tree/lmps-rt-five-min-final,2026-09-25T20:08:21Z,
isone:.Z.RHODEISLAND,lmp_rtm_15m_mean,2026-09-23T12:45:00Z,13.86,USD/MWh,PT15M,"US-CT,US-MA,US-ME,US-NH,US-RI,US-VT",isone_rtm,.Z.RHODEISLAND,isone:rt_lmp_5min,https://www.iso-ne.com/isoexpress/web/reports/pricing/-/tree/lmps-rt-five-min-final,2026-09-25T20:08:21Z,
isone:.Z.RHODEISLAND,lmp_rtm_15m_mean,2026-09-23T13:00:00Z,14.6933,USD/MWh,PT15M,"US-CT,US-MA,US-ME,US-NH,US-RI,US-VT",isone_rtm,.Z.RHODEISLAND,isone:rt_lmp_5min,https://www.iso-ne.com/isoexpress/web/reports/pricing/-/tree/lmps-rt-five-min-final,2026-09-25T20:08:21Z,
isone:.Z.RHODEISLAND,lmp_rtm_15m_mean,2026-09-23T13:15:00Z,17.1433,USD/MWh,PT15M,"US-CT,US-MA,US-ME,US-NH,US-RI,US-VT",isone_rtm,.Z.RHODEISLAND,isone:rt_lmp_5min,https://www.iso-ne.com/isoexpress/web/reports/pricing/-/tree/lmps-rt-five-min-final,2026-09-25T20:08:21Z,
isone:.Z.RHODEISLAND,lmp_rtm_15m_mean,2026-09-23T13:30:00Z,14.7133,USD/MWh,PT15M,"US-CT,US-MA,US-ME,US-NH,US-RI,US-VT",isone_rtm,.Z.RHODEISLAND,isone:rt_lmp_5min,https://www.iso-ne.com/isoexpress/web/reports/pricing/-/tree/lmps-rt-five-min-final,2026-09-25T20:08:21Z,
isone:.Z.RHODEISLAND,lmp_rtm_15m_mean,2026-09-23T13:45:00Z,0.0467,USD/MWh,PT15M,"US-CT,US-MA,US-ME,US-NH,US-RI,US-VT",isone_rtm,.Z.RHODEISLAND,isone:rt_lmp_5min,https://www.iso-ne.com/isoexpress/web/reports/pricing/-/tree/lmps-rt-five-min-final,2026-09-25T20:08:21Z,
isone:.Z.RHODEISLAND,lmp_rtm_15m_mean,2026-09-23T14:00:00Z,14.7867,USD/MWh,PT15M,"US-CT,US-MA,US-ME,US-NH,US-RI,US-VT",isone_rtm,.Z.RHODEISLAND,isone:rt_lmp_5min,https://www.iso-ne.com/isoexpress/web/reports/pricing/-/tree/lmps-rt-five-min-final,2026-09-25T20:08:21Z,
isone:.Z.RHODEISLAND,lmp_rtm_15m_mean,2026-09-23T14:15:00Z,22.29,USD/MWh,PT15M,"US-CT,US-MA,US-ME,US-NH,US-RI,US-VT",isone_rtm,.Z.RHODEISLAND,isone:rt_lmp_5min,https://www.iso-ne.com/isoexpress/web/reports/pricing/-/tree/lmps-rt-five-min-final,2026-09-25T20:08:21Z,
isone:.Z.RHODEISLAND,lmp_rtm_15m_mean,2026-09-23T14:30:00Z,3.5567,USD/MWh,PT15M,"US-CT,US-MA,US-ME,US-NH,US-RI,US-VT",isone_rtm,.Z.RHODEISLAND,isone:rt_lmp_5min,https://www.iso-ne.com/isoexpress/web/reports/pricing/-/tree/lmps-rt-five-min-final,2026-09-25T20:08:21Z,
isone:.Z.RHODEISLAND,lmp_rtm_15m_mean,2026-09-23T14:45:00Z,-33.0167,USD/MWh,PT15M,"US-CT,US-MA,US-ME,US-NH,US-RI,US-VT",isone_rtm,.Z.RHODEISLAND,isone:rt_lmp_5min,https://www.iso-ne.com/isoexpress/web/reports/pricing/-/tree/lmps-rt-five-min-final,2026-09-25T20:08:21Z,
isone:.Z.RHODEISLAND,lmp_rtm_15m_mean,2026-09-23T15:00:00Z,-35.1,USD/MWh,PT15M,"US-CT,US-MA,US-ME,US-NH,US-RI,US-VT",isone_rtm,.Z.RHODEISLAND,isone:rt_lmp_5min,https://www.iso-ne.com/isoexpress/web/reports/pricing/-/tree/lmps-rt-five-min-final,2026-09-25T20:08:21Z,
isone:.Z.RHODEISLAND,lmp_rtm_15m_mean,2026-09-23T15:15:00Z,-0.87,USD/MWh,PT15M,"US-CT,US-MA,US-ME,US-NH,US-RI,US-VT",isone_rtm,.Z.RHODEISLAND,isone:rt_lmp_5min,https://www.iso-ne.com/isoexpress/web/reports/pricing/-/tree/lmps-rt-five-min-final,2026-09-25T20:08:21Z,
isone:.Z.RHODEISLAND,lmp_rtm_15m_mean,2026-09-23T15:30:00Z,9.7967,USD/MWh,PT15M,"US-CT,US-MA,US-ME,US-NH,US-RI,US-VT",isone_rtm,.Z.RHODEISLAND,isone:rt_lmp_5min,https://www.iso-ne.com/isoexpress/web/reports/pricing/-/tree/lmps-rt-five-min-final,2026-09-25T20:08:21Z,
isone:.Z.RHODEISLAND,lmp_rtm_15m_mean,2026-09-23T15:45:00Z,3.2633,USD/MWh,PT15M,"US-CT,US-MA,US-ME,US-NH,US-RI,US-VT",isone_rtm,.Z.RHODEISLAND,isone:rt_lmp_5min,https://www.iso-ne.com/isoexpress/web/reports/pricing/-/tree/lmps-rt-five-min-final,2026-09-25T20:08:21Z,
isone:.Z.RHODEISLAND,lmp_rtm_15m_mean,2026-09-23T16:00:00Z,1.3867,USD/MWh,PT15M,"US-CT,US-MA,US-ME,US-NH,US-RI,US-VT",isone_rtm,.Z.RHODEISLAND,isone:rt_lmp_5min,https://www.iso-ne.com/isoexpress/web/reports/pricing/-/tree/lmps-rt-five-min-final,2026-09-25T20:08:21Z,
isone:.Z.RHODEISLAND,lmp_rtm_15m_mean,2026-09-23T16:15:00Z,21.05,USD/MWh,PT15M,"US-CT,US-MA,US-ME,US-NH,US-RI,US-VT",isone_rtm,.Z.RHODEISLAND,isone:rt_lmp_5min,https://www.iso-ne.com/isoexpress/web/reports/pricing/-/tree/lmps-rt-five-min-final,2026-09-25T20:08:21Z,
isone:.Z.RHODEISLAND,lmp_rtm_15m_mean,2026-09-23T16:30:00Z,12.76,USD/MWh,PT15M,"US-CT,US-MA,US-ME,US-NH,US-RI,US-VT",isone_rtm,.Z.RHODEISLAND,isone:rt_lmp_5min,https://www.iso-ne.com/isoexpress/web/reports/pricing/-/tree/lmps-rt-five-min-final,2026-09-25T20:08:21Z,
isone:.Z.RHODEISLAND,lmp_rtm_15m_mean,2026-09-23T16:45:00Z,19.2,USD/MWh,PT15M,"US-CT,US-MA,US-ME,US-NH,US-RI,US-VT",isone_rtm,.Z.RHODEISLAND,isone:rt_lmp_5min,https://www.iso-ne.com/isoexpress/web/reports/pricing/-/tree/lmps-rt-five-min-final,2026-09-25T20:08:21Z,
isone:.Z.RHODEISLAND,lmp_rtm_15m_mean,2026-09-23T17:00:00Z,21.3533,USD/MWh,PT15M,"US-CT,US-MA,US-ME,US-NH,US-RI,US-VT",isone_rtm,.Z.RHODEISLAND,isone:rt_lmp_5min,https://www.iso-ne.com/isoexpress/web/reports/pricing/-/tree/lmps-rt-five-min-final,2026-09-25T20:08:21Z,
isone:.Z.RHODEISLAND,lmp_rtm_15m_mean,2026-09-23T17:15:00Z,19.5933,USD/MWh,PT15M,"US-CT,US-MA,US-ME,US-NH,US-RI,US-VT",isone_rtm,.Z.RHODEISLAND,isone:rt_lmp_5min,https://www.iso-ne.com/isoexpress/web/reports/pricing/-/tree/lmps-rt-five-min-final,2026-09-25T20:08:21Z,
isone:.Z.RHODEISLAND,lmp_rtm_15m_mean,2026-09-23T17:30:00Z,21.1667,USD/MWh,PT15M,"US-CT,US-MA,US-ME,US-NH,US-RI,US-VT",isone_rtm,.Z.RHODEISLAND,isone:rt_lmp_5min,https://www.iso-ne.com/isoexpress/web/reports/pricing/-/tree/lmps-rt-five-min-final,2026-09-25T20:08:21Z,
isone:.Z.RHODEISLAND,lmp_rtm_15m_mean,2026-09-23T17:45:00Z,21.8267,USD/MWh,PT15M,"US-CT,US-MA,US-ME,US-NH,US-RI,US-VT",isone_rtm,.Z.RHODEISLAND,isone:rt_lmp_5min,https://www.iso-ne.com/isoexpress/web/reports/pricing/-/tree/lmps-rt-five-min-final,2026-09-25T20:08:21Z,
isone:.Z.RHODEISLAND,lmp_rtm_15m_mean,2026-09-23T18:00:00Z,22.0367,USD/MWh,PT15M,"US-CT,US-MA,US-ME,US-NH,US-RI,US-VT",isone_rtm,.Z.RHODEISLAND,isone:rt_lmp_5min,https://www.iso-ne.com/isoexpress/web/reports/pricing/-/tree/lmps-rt-five-min-final,2026-09-25T20:08:21Z,
isone:.Z.RHODEISLAND,lmp_rtm_15m_mean,2026-09-23T18:15:00Z,21.4,USD/MWh,PT15M,"US-CT,US-MA,US-ME,US-NH,US-RI,US-VT",isone_rtm,.Z.RHODEISLAND,isone:rt_lmp_5min,https://www.iso-ne.com/isoexpress/web/reports/pricing/-/tree/lmps-rt-five-min-final,2026-09-25T20:08:21Z,
isone:.Z.RHODEISLAND,lmp_rtm_15m_mean,2026-09-23T18:30:00Z,21.4467,USD/MWh,PT15M,"US-CT,US-MA,US-ME,US-NH,US-RI,US-VT",isone_rtm,.Z.RHODEISLAND,isone:rt_lmp_5min,https://www.iso-ne.com/isoexpress/web/reports/pricing/-/tree/lmps-rt-five-min-final,2026-09-25T20:08:21Z,
isone:.Z.RHODEISLAND,lmp_rtm_15m_mean,2026-09-23T18:45:00Z,21.8167,USD/MWh,PT15M,"US-CT,US-MA,US-ME,US-NH,US-RI,US-VT",isone_rtm,.Z.RHODEISLAND,isone:rt_lmp_5min,https://www.iso-ne.com/isoexpress/web/reports/pricing/-/tree/lmps-rt-five-min-final,2026-09-25T20:08:21Z,
isone:.Z.RHODEISLAND,lmp_rtm_15m_mean,2026-09-23T19:00:00Z,4.86,USD/MWh,PT15M,"US-CT,US-MA,US-ME,US-NH,US-RI,US-VT",isone_rtm,.Z.RHODEISLAND,isone:rt_lmp_5min,https://www.iso-ne.com/isoexpress/web/reports/pricing/-/tree/lmps-rt-five-min-final,2026-09-25T20:08:21Z,
isone:.Z.RHODEISLAND,lmp_rtm_15m_mean,2026-09-23T19:15:00Z,20.9833,USD/MWh,PT15M,"US-CT,US-MA,US-ME,US-NH,US-RI,US-VT",isone_rtm,.Z.RHODEISLAND,isone:rt_lmp_5min,https://www.iso-ne.com/isoexpress/web/reports/pricing/-/tree/lmps-rt-five-min-final,2026-09-25T20:08:21Z,
isone:.Z.RHODEISLAND,lmp_rtm_15m_mean,2026-09-23T19:30:00Z,23.2833,USD/MWh,PT15M,"US-CT,US-MA,US-ME,US-NH,US-RI,US-VT",isone_rtm,.Z.RHODEISLAND,isone:rt_lmp_5min,https://www.iso-ne.com/isoexpress/web/reports/pricing/-/tree/lmps-rt-five-min-final,2026-09-25T20:08:21Z,
isone:.Z.RHODEISLAND,lmp_rtm_15m_mean,2026-09-23T19:45:00Z,24.93,USD/MWh,PT15M,"US-CT,US-MA,US-ME,US-NH,US-RI,US-VT",isone_rtm,.Z.RHODEISLAND,isone:rt_lmp_5min,https://www.iso-ne.com/isoexpress/web/reports/pricing/-/tree/lmps-rt-five-min-final,2026-09-25T20:08:21Z,
isone:.Z.RHODEISLAND,lmp_rtm_15m_mean,2026-09-23T20:00:00Z,-5.1367,USD/MWh,PT15M,"US-CT,US-MA,US-ME,US-NH,US-RI,US-VT",isone_rtm,.Z.RHODEISLAND,isone:rt_lmp_5min,https://www.iso-ne.com/isoexpress/web/reports/pricing/-/tree/lmps-rt-five-min-final,2026-09-25T20:08:21Z,
isone:.Z.RHODEISLAND,lmp_rtm_15m_mean,2026-09-23T20:15:00Z,-5.3667,USD/MWh,PT15M,"US-CT,US-MA,US-ME,US-NH,US-RI,US-VT",isone_rtm,.Z.RHODEISLAND,isone:rt_lmp_5min,https://www.iso-ne.com/isoexpress/web/reports/pricing/-/tree/lmps-rt-five-min-final,2026-09-25T20:08:21Z,
isone:.Z.RHODEISLAND,lmp_rtm_15m_mean,2026-09-23T20:30:00Z,25.19,USD/MWh,PT15M,"US-CT,US-MA,US-ME,US-NH,US-RI,US-VT",isone_rtm,.Z.RHODEISLAND,isone:rt_lmp_5min,https://www.iso-ne.com/isoexpress/web/reports/pricing/-/tree/lmps-rt-five-min-final,2026-09-25T20:08:21Z,
isone:.Z.RHODEISLAND,lmp_rtm_15m_mean,2026-09-23T20:45:00Z,28.3267,USD/MWh,PT15M,"US-CT,US-MA,US-ME,US-NH,US-RI,US-VT",isone_rtm,.Z.RHODEISLAND,isone:rt_lmp_5min,https://www.iso-ne.com/isoexpress/web/reports/pricing/-/tree/lmps-rt-five-min-final,2026-09-25T20:08:21Z,
isone:.Z.RHODEISLAND,lmp_rtm_15m_mean,2026-09-23T21:00:00Z,23.34,USD/MWh,PT15M,"US-CT,US-MA,US-ME,US-NH,US-RI,US-VT",isone_rtm,.Z.RHODEISLAND,isone:rt_lmp_5min,https://www.iso-ne.com/isoexpress/web/reports/pricing/-/tree/lmps-rt-five-min-final,2026-09-25T20:08:21Z,
isone:.Z.RHODEISLAND,lmp_rtm_15m_mean,2026-09-23T21:15:00Z,24.6367,USD/MWh,PT15M,"US-CT,US-MA,US-ME,US-NH,US-RI,US-VT",isone_rtm,.Z.RHODEISLAND,isone:rt_lmp_5min,https://www.iso-ne.com/isoexpress/web/reports/pricing/-/tree/lmps-rt-five-min-final,2026-09-25T20:08:21Z,
isone:.Z.RHODEISLAND,lmp_rtm_15m_mean,2026-09-23T21:30:00Z,29.5633,USD/MWh,PT15M,"US-CT,US-MA,US-ME,US-NH,US-RI,US-VT",isone_rtm,.Z.RHODEISLAND,isone:rt_lmp_5min,https://www.iso-ne.com/isoexpress/web/reports/pricing/-/tree/lmps-rt-five-min-final,2026-09-25T20:08:21Z,
isone:.Z.RHODEISLAND,lmp_rtm_15m_mean,2026-09-23T21:45:00Z,34.9133,USD/MWh,PT15M,"US-CT,US-MA,US-ME,US-NH,US-RI,US-VT",isone_rtm,.Z.RHODEISLAND,isone:rt_lmp_5min,https://www.iso-ne.com/isoexpress/web/reports/pricing/-/tree/lmps-rt-five-min-final,2026-09-25T20:08:21Z,
isone:.Z.RHODEISLAND,lmp_rtm_15m_mean,2026-09-23T22:00:00Z,34.0867,USD/MWh,PT15M,"US-CT,US-MA,US-ME,US-NH,US-RI,US-VT",isone_rtm,.Z.RHODEISLAND,isone:rt_lmp_5min,https://www.iso-ne.com/isoexpress/web/reports/pricing/-/tree/lmps-rt-five-min-final,2026-09-25T20:08:21Z,
isone:.Z.RHODEISLAND,lmp_rtm_15m_mean,2026-09-23T22:15:00Z,41.07,USD/MWh,PT15M,"US-CT,US-MA,US-ME,US-NH,US-RI,US-VT",isone_rtm,.Z.RHODEISLAND,isone:rt_lmp_5min,https://www.iso-ne.com/isoexpress/web/reports/pricing/-/tree/lmps-rt-five-min-final,2026-09-25T20:08:21Z,
isone:.Z.RHODEISLAND,lmp_rtm_15m_mean,2026-09-23T22:30:00Z,43.41,USD/MWh,PT15M,"US-CT,US-MA,US-ME,US-NH,US-RI,US-VT",isone_rtm,.Z.RHODEISLAND,isone:rt_lmp_5min,https://www.iso-ne.com/isoexpress/web/reports/pricing/-/tree/lmps-rt-five-min-final,2026-09-25T20:08:21Z,
isone:.Z.RHODEISLAND,lmp_rtm_15m_mean,2026-09-23T22:45:00Z,44.4167,USD/MWh,PT15M,"US-CT,US-MA,US-ME,US-NH,US-RI,US-VT",isone_rtm,.Z.RHODEISLAND,isone:rt_lmp_5min,https://www.iso-ne.com/isoexpress/web/reports/pricing/-/tree/lmps-rt-five-min-final,2026-09-25T20:08:21Z,
isone:.Z.RHODEISLAND,lmp_rtm_15m_mean,2026-09-23T23:00:00Z,45.0033,USD/MWh,PT15M,"US-CT,US-MA,US-ME,US-NH,US-RI,US-VT",isone_rtm,.Z.RHODEISLAND,isone:rt_lmp_5min,https://www.iso-ne.com/isoexpress/web/reports/pricing/-/tree/lmps-rt-five-min-final,2026-09-25T20:08:21Z,
isone:.Z.RHODEISLAND,lmp_rtm_15m_mean,2026-09-23T23:15:00Z,40.1967,USD/MWh,PT15M,"US-CT,US-MA,US-ME,US-NH,US-RI,US-VT",isone_rtm,.Z.RHODEISLAND,isone:rt_lmp_5min,https://www.iso-ne.com/isoexpress/web/reports/pricing/-/tree/lmps-rt-five-min-final,2026-09-25T20:08:21Z,
isone:.Z.RHODEISLAND,lmp_rtm_15m_mean,2026-09-23T23:30:00Z,41.85,USD/MWh,PT15M,"US-CT,US-MA,US-ME,US-NH,US-RI,US-VT",isone_rtm,.Z.RHODEISLAND,isone:rt_lmp_5min,https://www.iso-ne.com/isoexpress/web/reports/pricing/-/tree/lmps-rt-five-min-final,2026-09-25T20:08:21Z,
isone:.Z.RHODEISLAND,lmp_rtm_15m_mean,2026-09-23T23:45:00Z,32.4967,USD/MWh,PT15M,"US-CT,US-MA,US-ME,US-NH,US-RI,US-VT",isone_rtm,.Z.RHODEISLAND,isone:rt_lmp_5min,https://www.iso-ne.com/isoexpress/web/reports/pricing/-/tree/lmps-rt-five-min-final,2026-09-25T20:08:21Z,
isone:.Z.RHODEISLAND,lmp_rtm_15m_mean,2026-09-24T00:00:00Z,36.9567,USD/MWh,PT15M,"US-CT,US-MA,US-ME,US-NH,US-RI,US-VT",isone_rtm,.Z.RHODEISLAND,isone:rt_lmp_5min,https://www.iso-ne.com/isoexpress/web/reports/pricing/-/tree/lmps-rt-five-min-final,2026-09-25T20:08:21Z,
isone:.Z.RHODEISLAND,lmp_rtm_15m_mean,2026-09-24T00:15:00Z,33.5533,USD/MWh,PT15M,"US-CT,US-MA,US-ME,US-NH,US-RI,US-VT",isone_rtm,.Z.RHODEISLAND,isone:rt_lmp_5min,https://www.iso-ne.com/isoexpress/web/reports/pricing/-/tree/lmps-rt-five-min-final,2026-09-25T20:08:21Z,
isone:.Z.RHODEISLAND,lmp_rtm_15m_mean,2026-09-24T00:30:00Z,31.2167,USD/MWh,PT15M,"US-CT,US-MA,US-ME,US-NH,US-RI,US-VT",isone_rtm,.Z.RHODEISLAND,isone:rt_lmp_5min,https://www.iso-ne.com/isoexpress/web/reports/pricing/-/tree/lmps-rt-five-min-final,2026-09-25T20:08:21Z,
isone:.Z.RHODEISLAND,lmp_rtm_15m_mean,2026-09-24T00:45:00Z,28.9,USD/MWh,PT15M,"US-CT,US-MA,US-ME,US-NH,US-RI,US-VT",isone_rtm,.Z.RHODEISLAND,isone:rt_lmp_5min,https://www.iso-ne.com/isoexpress/web/reports/pricing/-/tree/lmps-rt-five-min-final,2026-09-25T20:08:21Z,
isone:.Z.RHODEISLAND,lmp_rtm_15m_mean,2026-09-24T01:00:00Z,40.8233,USD/MWh,PT15M,"US-CT,US-MA,US-ME,US-NH,US-RI,US-VT",isone_rtm,.Z.RHODEISLAND,isone:rt_lmp_5min,https://www.iso-ne.com/isoexpress/web/reports/pricing/-/tree/lmps-rt-five-min-final,2026-09-25T20:08:21Z,
isone:.Z.RHODEISLAND,lmp_rtm_15m_mean,2026-09-24T01:15:00Z,31.3,USD/MWh,PT15M,"US-CT,US-MA,US-ME,US-NH,US-RI,US-VT",isone_rtm,.Z.RHODEISLAND,isone:rt_lmp_5min,https://www.iso-ne.com/isoexpress/web/reports/pricing/-/tree/lmps-rt-five-min-final,2026-09-25T20:08:21Z,
isone:.Z.RHODEISLAND,lmp_rtm_15m_mean,2026-09-24T01:30:00Z,30.4767,USD/MWh,PT15M,"US-CT,US-MA,US-ME,US-NH,US-RI,US-VT",isone_rtm,.Z.RHODEISLAND,isone:rt_lmp_5min,https://www.iso-ne.com/isoexpress/web/reports/pricing/-/tree/lmps-rt-five-min-final,2026-09-25T20:08:21Z,
isone:.Z.RHODEISLAND,lmp_rtm_15m_mean,2026-09-24T01:45:00Z,28.8467,USD/MWh,PT15M,"US-CT,US-MA,US-ME,US-NH,US-RI,US-VT",isone_rtm,.Z.RHODEISLAND,isone:rt_lmp_5min,https://www.iso-ne.com/isoexpress/web/reports/pricing/-/tree/lmps-rt-five-min-final,2026-09-25T20:08:21Z,
isone:.Z.RHODEISLAND,lmp_rtm_15m_mean,2026-09-24T02:00:00Z,51.2467,USD/MWh,PT15M,"US-CT,US-MA,US-ME,US-NH,US-RI,US-VT",isone_rtm,.Z.RHODEISLAND,isone:rt_lmp_5min,https://www.iso-ne.com/isoexpress/web/reports/pricing/-/tree/lmps-rt-five-min-final,2026-09-25T20:08:21Z,
isone:.Z.RHODEISLAND,lmp_rtm_15m_mean,2026-09-24T02:15:00Z,37.6867,USD/MWh,PT15M,"US-CT,US-MA,US-ME,US-NH,US-RI,US-VT",isone_rtm,.Z.RHODEISLAND,isone:rt_lmp_5min,https://www.iso-ne.com/isoexpress/web/reports/pricing/-/tree/lmps-rt-five-min-final,2026-09-25T20:08:21Z,
isone:.Z.RHODEISLAND,lmp_rtm_15m_mean,2026-09-24T02:30:00Z,30.12,USD/MWh,PT15M,"US-CT,US-MA,US-ME,US-NH,US-RI,US-VT",isone_rtm,.Z.RHODEISLAND,isone:rt_lmp_5min,https://www.iso-ne.com/isoexpress/web/reports/pricing/-/tree/lmps-rt-five-min-final,2026-09-25T20:08:21Z,
isone:.Z.RHODEISLAND,lmp_rtm_15m_mean,2026-09-24T02:45:00Z,28.7767,USD/MWh,PT15M,"US-CT,US-MA,US-ME,US-NH,US-RI,US-VT",isone_rtm,.Z.RHODEISLAND,isone:rt_lmp_5min,https://www.iso-ne.com/isoexpress/web/reports/pricing/-/tree/lmps-rt-five-min-final,2026-09-25T20:08:21Z,
isone:.Z.RHODEISLAND,lmp_rtm_15m_mean,2026-09-24T03:00:00Z,29.61,USD/MWh,PT15M,"US-CT,US-MA,US-ME,US-NH,US-RI,US-VT",isone_rtm,.Z.RHODEISLAND,isone:rt_lmp_5min,https://www.iso-ne.com/isoexpress/web/reports/pricing/-/tree/lmps-rt-five-min-final,2026-09-25T20:08:21Z,
isone:.Z.RHODEISLAND,lmp_rtm_15m_mean,2026-09-24T03:15:00Z,29.8433,USD/MWh,PT15M,"US-CT,US-MA,US-ME,US-NH,US-RI,US-VT",isone_rtm,.Z.RHODEISLAND,isone:rt_lmp_5min,https://www.iso-ne.com/isoexpress/web/reports/pricing/-/tree/lmps-rt-five-min-final,2026-09-25T20:08:21Z,
isone:.Z.RHODEISLAND,lmp_rtm_15m_mean,2026-09-24T03:30:00Z,26.9633,USD/MWh,PT15M,"US-CT,US-MA,US-ME,US-NH,US-RI,US-VT",isone_rtm,.Z.RHODEISLAND,isone:rt_lmp_5min,https://www.iso-ne.com/isoexpress/web/reports/pricing/-/tree/lmps-rt-five-min-final,2026-09-25T20:08:21Z,
isone:.Z.RHODEISLAND,lmp_rtm_15m_mean,2026-09-24T03:45:00Z,24.9333,USD/MWh,PT15M,"US-CT,US-MA,US-ME,US-NH,US-RI,US-VT",isone_rtm,.Z.RHODEISLAND,isone:rt_lmp_5min,https://www.iso-ne.com/isoexpress/web/reports/pricing/-/tree/lmps-rt-five-min-final,2026-09-25T20:08:21Z,
isone:.Z.RHODEISLAND,lmp_rtm_15m_mean,2026-09-24T04:00:00Z,26.3533,USD/MWh,PT15M,"US-CT,US-MA,US-ME,US-NH,US-RI,US-VT",isone_rtm,.Z.RHODEISLAND,isone:rt_lmp_5min,https://www.iso-ne.com/isoexpress/web/reports/pricing/-/tree/lmps-rt-five-min-final,2026-09-25T20:08:36Z,
isone:.Z.RHODEISLAND,lmp_rtm_15m_mean,2026-09-24T04:15:00Z,26.74,USD/MWh,PT15M,"US-CT,US-MA,US-ME,US-NH,US-RI,US-VT",isone_rtm,.Z.RHODEISLAND,isone:rt_lmp_5min,https://www.iso-ne.com/isoexpress/web/reports/pricing/-/tree/lmps-rt-five-min-final,2026-09-25T20:08:36Z,
isone:.Z.RHODEISLAND,lmp_rtm_15m_mean,2026-09-24T04:30:00Z,25.7733,USD/MWh,PT15M,"US-CT,US-MA,US-ME,US-NH,US-RI,US-VT",isone_rtm,.Z.RHODEISLAND,isone:rt_lmp_5min,https://www.iso-ne.com/isoexpress/web/reports/pricing/-/tree/lmps-rt-five-min-final,2026-09-25T20:08:36Z,
isone:.Z.RHODEISLAND,lmp_rtm_15m_mean,2026-09-24T04:45:00Z,24.95,USD/MWh,PT15M,"US-CT,US-MA,US-ME,US-NH,US-RI,US-VT",isone_rtm,.Z.RHODEISLAND,isone:rt_lmp_5min,https://www.iso-ne.com/isoexpress/web/reports/pricing/-/tree/lmps-rt-five-min-final,2026-09-25T20:08:36Z,
isone:.Z.RHODEISLAND,lmp_rtm_15m_mean,2026-09-24T05:00:00Z,25.4233,USD/MWh,PT15M,"US-CT,US-MA,US-ME,US-NH,US-RI,US-VT",isone_rtm,.Z.RHODEISLAND,isone:rt_lmp_5min,https://www.iso-ne.com/isoexpress/web/reports/pricing/-/tree/lmps-rt-five-min-final,2026-09-25T20:08:36Z,
isone:.Z.RHODEISLAND,lmp_rtm_15m_mean,2026-09-24T05:15:00Z,26.4633,USD/MWh,PT15M,"US-CT,US-MA,US-ME,US-NH,US-RI,US-VT",isone_rtm,.Z.RHODEISLAND,isone:rt_lmp_5min,https://www.iso-ne.com/isoexpress/web/reports/pricing/-/tree/lmps-rt-five-min-final,2026-09-25T20:08:36Z,
isone:.Z.RHODEISLAND,lmp_rtm_15m_mean,2026-09-24T05:30:00Z,24.9967,USD/MWh,PT15M,"US-CT,US-MA,US-ME,US-NH,US-RI,US-VT",isone_rtm,.Z.RHODEISLAND,isone:rt_lmp_5min,https://www.iso-ne.com/isoexpress/web/reports/pricing/-/tree/lmps-rt-five-min-final,2026-09-25T20:08:36Z,
isone:.Z.RHODEISLAND,lmp_rtm_15m_mean,2026-09-24T05:45:00Z,24.89,USD/MWh,PT15M,"US-CT,US-MA,US-ME,US-NH,US-RI,US-VT",isone_rtm,.Z.RHODEISLAND,isone:rt_lmp_5min,https://www.iso-ne.com/isoexpress/web/reports/pricing/-/tree/lmps-rt-five-min-final,2026-09-25T20:08:36Z,
isone:.Z.RHODEISLAND,lmp_rtm_15m_mean,2026-09-24T06:00:00Z,24.6733,USD/MWh,PT15M,"US-CT,US-MA,US-ME,US-NH,US-RI,US-VT",isone_rtm,.Z.RHODEISLAND,isone:rt_lmp_5min,https://www.iso-ne.com/isoexpress/web/reports/pricing/-/tree/lmps-rt-five-min-final,2026-09-25T20:08:36Z,
isone:.Z.RHODEISLAND,lmp_rtm_15m_mean,2026-09-24T06:15:00Z,24.2867,USD/MWh,PT15M,"US-CT,US-MA,US-ME,US-NH,US-RI,US-VT",isone_rtm,.Z.RHODEISLAND,isone:rt_lmp_5min,https://www.iso-ne.com/isoexpress/web/reports/pricing/-/tree/lmps-rt-five-min-final,2026-09-25T20:08:36Z,
isone:.Z.RHODEISLAND,lmp_rtm_15m_mean,2026-09-24T06:30:00Z,24.5067,USD/MWh,PT15M,"US-CT,US-MA,US-ME,US-NH,US-RI,US-VT",isone_rtm,.Z.RHODEISLAND,isone:rt_lmp_5min,https://www.iso-ne.com/isoexpress/web/reports/pricing/-/tree/lmps-rt-five-min-final,2026-09-25T20:08:36Z,
isone:.Z.RHODEISLAND,lmp_rtm_15m_mean,2026-09-24T06:45:00Z,24.2867,USD/MWh,PT15M,"US-CT,US-MA,US-ME,US-NH,US-RI,US-VT",isone_rtm,.Z.RHODEISLAND,isone:rt_lmp_5min,https://www.iso-ne.com/isoexpress/web/reports/pricing/-/tree/lmps-rt-five-min-final,2026-09-25T20:08:36Z,
isone:.Z.RHODEISLAND,lmp_rtm_15m_mean,2026-09-24T07:00:00Z,24.2067,USD/MWh,PT15M,"US-CT,US-MA,US-ME,US-NH,US-RI,US-VT",isone_rtm,.Z.RHODEISLAND,isone:rt_lmp_5min,https://www.iso-ne.com/isoexpress/web/reports/pricing/-/tree/lmps-rt-five-min-final,2026-09-25T20:08:36Z,
isone:.Z.RHODEISLAND,lmp_rtm_15m_mean,2026-09-24T07:15:00Z,24.5667,USD/MWh,PT15M,"US-CT,US-MA,US-ME,US-NH,US-RI,US-VT",isone_rtm,.Z.RHODEISLAND,isone:rt_lmp_5min,https://www.iso-ne.com/isoexpress/web/reports/pricing/-/tree/lmps-rt-five-min-final,2026-09-25T20:08:36Z,
isone:.Z.RHODEISLAND,lmp_rtm_15m_mean,2026-09-24T07:30:00Z,24.71,USD/MWh,PT15M,"US-CT,US-MA,US-ME,US-NH,US-RI,US-VT",isone_rtm,.Z.RHODEISLAND,isone:rt_lmp_5min,https://www.iso-ne.com/isoexpress/web/reports/pricing/-/tree/lmps-rt-five-min-final,2026-09-25T20:08:36Z,
isone:.Z.RHODEISLAND,lmp_rtm_15m_mean,2026-09-24T07:45:00Z,24.6833,USD/MWh,PT15M,"US-CT,US-MA,US-ME,US-NH,US-RI,US-VT",isone_rtm,.Z.RHODEISLAND,isone:rt_lmp_5min,https://www.iso-ne.com/isoexpress/web/reports/pricing/-/tree/lmps-rt-five-min-final,2026-09-25T20:08:36Z,
isone:.Z.RHODEISLAND,lmp_rtm_15m_mean,2026-09-24T08:00:00Z,23.74,USD/MWh,PT15M,"US-CT,US-MA,US-ME,US-NH,US-RI,US-VT",isone_rtm,.Z.RHODEISLAND,isone:rt_lmp_5min,https://www.iso-ne.com/isoexpress/web/reports/pricing/-/tree/lmps-rt-five-min-final,2026-09-25T20:08:36Z,
isone:.Z.RHODEISLAND,lmp_rtm_15m_mean,2026-09-24T08:15:00Z,23.66,USD/MWh,PT15M,"US-CT,US-MA,US-ME,US-NH,US-RI,US-VT",isone_rtm,.Z.RHODEISLAND,isone:rt_lmp_5min,https://www.iso-ne.com/isoexpress/web/reports/pricing/-/tree/lmps-rt-five-min-final,2026-09-25T20:08:36Z,
isone:.Z.RHODEISLAND,lmp_rtm_15m_mean,2026-09-24T08:30:00Z,23.81,USD/MWh,PT15M,"US-CT,US-MA,US-ME,US-NH,US-RI,US-VT",isone_rtm,.Z.RHODEISLAND,isone:rt_lmp_5min,https://www.iso-ne.com/isoexpress/web/reports/pricing/-/tree/lmps-rt-five-min-final,2026-09-25T20:08:36Z,
isone:.Z.RHODEISLAND,lmp_rtm_15m_mean,2026-09-24T08:45:00Z,24.41,USD/MWh,PT15M,"US-CT,US-MA,US-ME,US-NH,US-RI,US-VT",isone_rtm,.Z.RHODEISLAND,isone:rt_lmp_5min,https://www.iso-ne.com/isoexpress/web/reports/pricing/-/tree/lmps-rt-five-min-final,2026-09-25T20:08:36Z,
isone:.Z.RHODEISLAND,lmp_rtm_15m_mean,2026-09-24T09:00:00Z,26.5167,USD/MWh,PT15M,"US-CT,US-MA,US-ME,US-NH,US-RI,US-VT",isone_rtm,.Z.RHODEISLAND,isone:rt_lmp_5min,https://www.iso-ne.com/isoexpress/web/reports/pricing/-/tree/lmps-rt-five-min-final,2026-09-25T20:08:36Z,
isone:.Z.RHODEISLAND,lmp_rtm_15m_mean,2026-09-24T09:15:00Z,32.4433,USD/MWh,PT15M,"US-CT,US-MA,US-ME,US-NH,US-RI,US-VT",isone_rtm,.Z.RHODEISLAND,isone:rt_lmp_5min,https://www.iso-ne.com/isoexpress/web/reports/pricing/-/tree/lmps-rt-five-min-final,2026-09-25T20:08:36Z,
isone:.Z.RHODEISLAND,lmp_rtm_15m_mean,2026-09-24T09:30:00Z,32.5033,USD/MWh,PT15M,"US-CT,US-MA,US-ME,US-NH,US-RI,US-VT",isone_rtm,.Z.RHODEISLAND,isone:rt_lmp_5min,https://www.iso-ne.com/isoexpress/web/reports/pricing/-/tree/lmps-rt-five-min-final,2026-09-25T20:08:36Z,
isone:.Z.RHODEISLAND,lmp_rtm_15m_mean,2026-09-24T09:45:00Z,34.9333,USD/MWh,PT15M,"US-CT,US-MA,US-ME,US-NH,US-RI,US-VT",isone_rtm,.Z.RHODEISLAND,isone:rt_lmp_5min,https://www.iso-ne.com/isoexpress/web/reports/pricing/-/tree/lmps-rt-five-min-final,2026-09-25T20:08:36Z,
isone:.Z.RHODEISLAND,lmp_rtm_15m_mean,2026-09-24T10:00:00Z,26.0,USD/MWh,PT15M,"US-CT,US-MA,US-ME,US-NH,US-RI,US-VT",isone_rtm,.Z.RHODEISLAND,isone:rt_lmp_5min,https://www.iso-ne.com/isoexpress/web/reports/pricing/-/tree/lmps-rt-five-min-final,2026-09-25T20:08:36Z,
isone:.Z.RHODEISLAND,lmp_rtm_15m_mean,2026-09-24T10:15:00Z,25.21,USD/MWh,PT15M,"US-CT,US-MA,US-ME,US-NH,US-RI,US-VT",isone_rtm,.Z.RHODEISLAND,isone:rt_lmp_5min,https://www.iso-ne.com/isoexpress/web/reports/pricing/-/tree/lmps-rt-five-min-final,2026-09-25T20:08:36Z,
isone:.Z.RHODEISLAND,lmp_rtm_15m_mean,2026-09-24T10:30:00Z,29.7367,USD/MWh,PT15M,"US-CT,US-MA,US-ME,US-NH,US-RI,US-VT",isone_rtm,.Z.RHODEISLAND,isone:rt_lmp_5min,https://www.iso-ne.com/isoexpress/web/reports/pricing/-/tree/lmps-rt-five-min-final,2026-09-25T20:08:36Z,
isone:.Z.RHODEISLAND,lmp_rtm_15m_mean,2026-09-24T10:45:00Z,32.9533,USD/MWh,PT15M,"US-CT,US-MA,US-ME,US-NH,US-RI,US-VT",isone_rtm,.Z.RHODEISLAND,isone:rt_lmp_5min,https://www.iso-ne.com/isoexpress/web/reports/pricing/-/tree/lmps-rt-five-min-final,2026-09-25T20:08:36Z,
isone:.Z.RHODEISLAND,lmp_rtm_15m_mean,2026-09-24T11:00:00Z,30.41,USD/MWh,PT15M,"US-CT,US-MA,US-ME,US-NH,US-RI,US-VT",isone_rtm,.Z.RHODEISLAND,isone:rt_lmp_5min,https://www.iso-ne.com/isoexpress/web/reports/pricing/-/tree/lmps-rt-five-min-final,2026-09-25T20:08:36Z,
isone:.Z.RHODEISLAND,lmp_rtm_15m_mean,2026-09-24T11:15:00Z,24.6233,USD/MWh,PT15M,"US-CT,US-MA,US-ME,US-NH,US-RI,US-VT",isone_rtm,.Z.RHODEISLAND,isone:rt_lmp_5min,https://www.iso-ne.com/isoexpress/web/reports/pricing/-/tree/lmps-rt-five-min-final,2026-09-25T20:08:36Z,
isone:.Z.RHODEISLAND,lmp_rtm_15m_mean,2026-09-24T11:30:00Z,24.5567,USD/MWh,PT15M,"US-CT,US-MA,US-ME,US-NH,US-RI,US-VT",isone_rtm,.Z.RHODEISLAND,isone:rt_lmp_5min,https://www.iso-ne.com/isoexpress/web/reports/pricing/-/tree/lmps-rt-five-min-final,2026-09-25T20:08:36Z,
isone:.Z.RHODEISLAND,lmp_rtm_15m_mean,2026-09-24T11:45:00Z,24.0633,USD/MWh,PT15M,"US-CT,US-MA,US-ME,US-NH,US-RI,US-VT",isone_rtm,.Z.RHODEISLAND,isone:rt_lmp_5min,https://www.iso-ne.com/isoexpress/web/reports/pricing/-/tree/lmps-rt-five-min-final,2026-09-25T20:08:36Z,
isone:.Z.RHODEISLAND,lmp_rtm_15m_mean,2026-09-24T12:00:00Z,26.5,USD/MWh,PT15M,"US-CT,US-MA,US-ME,US-NH,US-RI,US-VT",isone_rtm,.Z.RHODEISLAND,isone:rt_lmp_5min,https://www.iso-ne.com/isoexpress/web/reports/pricing/-/tree/lmps-rt-five-min-final,2026-09-25T20:08:36Z,
isone:.Z.RHODEISLAND,lmp_rtm_15m_mean,2026-09-24T12:15:00Z,31.8733,USD/MWh,PT15M,"US-CT,US-MA,US-ME,US-NH,US-RI,US-VT",isone_rtm,.Z.RHODEISLAND,isone:rt_lmp_5min,https://www.iso-ne.com/isoexpress/web/reports/pricing/-/tree/lmps-rt-five-min-final,2026-09-25T20:08:36Z,
isone:.Z.RHODEISLAND,lmp_rtm_15m_mean,2026-09-24T12:30:00Z,25.6933,USD/MWh,PT15M,"US-CT,US-MA,US-ME,US-NH,US-RI,US-VT",isone_rtm,.Z.RHODEISLAND,isone:rt_lmp_5min,https://www.iso-ne.com/isoexpress/web/reports/pricing/-/tree/lmps-rt-five-min-final,2026-09-25T20:08:36Z,
isone:.Z.RHODEISLAND,lmp_rtm_15m_mean,2026-09-24T12:45:00Z,23.1133,USD/MWh,PT15M,"US-CT,US-MA,US-ME,US-NH,US-RI,US-VT",isone_rtm,.Z.RHODEISLAND,isone:rt_lmp_5min,https://www.iso-ne.com/isoexpress/web/reports/pricing/-/tree/lmps-rt-five-min-final,2026-09-25T20:08:36Z,
isone:.Z.RHODEISLAND,lmp_rtm_15m_mean,2026-09-24T13:00:00Z,21.1333,USD/MWh,PT15M,"US-CT,US-MA,US-ME,US-NH,US-RI,US-VT",isone_rtm,.Z.RHODEISLAND,isone:rt_lmp_5min,https://www.iso-ne.com/isoexpress/web/reports/pricing/-/tree/lmps-rt-five-min-final,2026-09-25T20:08:36Z,
isone:.Z.RHODEISLAND,lmp_rtm_15m_mean,2026-09-24T13:15:00Z,21.5167,USD/MWh,PT15M,"US-CT,US-MA,US-ME,US-NH,US-RI,US-VT",isone_rtm,.Z.RHODEISLAND,isone:rt_lmp_5min,https://www.iso-ne.com/isoexpress/web/reports/pricing/-/tree/lmps-rt-five-min-final,2026-09-25T20:08:36Z,
isone:.Z.RHODEISLAND,lmp_rtm_15m_mean,2026-09-24T13:30:00Z,21.4233,USD/MWh,PT15M,"US-CT,US-MA,US-ME,US-NH,US-RI,US-VT",isone_rtm,.Z.RHODEISLAND,isone:rt_lmp_5min,https://www.iso-ne.com/isoexpress/web/reports/pricing/-/tree/lmps-rt-five-min-final,2026-09-25T20:08:36Z,
isone:.Z.RHODEISLAND,lmp_rtm_15m_mean,2026-09-24T13:45:00Z,21.67,USD/MWh,PT15M,"US-CT,US-MA,US-ME,US-NH,US-RI,US-VT",isone_rtm,.Z.RHODEISLAND,isone:rt_lmp_5min,https://www.iso-ne.com/isoexpress/web/reports/pricing/-/tree/lmps-rt-five-min-final,2026-09-25T20:08:36Z,
isone:.Z.RHODEISLAND,lmp_rtm_15m_mean,2026-09-24T14:00:00Z,24.34,USD/MWh,PT15M,"US-CT,US-MA,US-ME,US-NH,US-RI,US-VT",isone_rtm,.Z.RHODEISLAND,isone:rt_lmp_5min,https://www.iso-ne.com/isoexpress/web/reports/pricing/-/tree/lmps-rt-five-min-final,2026-09-25T20:08:36Z,
isone:.Z.RHODEISLAND,lmp_rtm_15m_mean,2026-09-24T14:15:00Z,24.3467,USD/MWh,PT15M,"US-CT,US-MA,US-ME,US-NH,US-RI,US-VT",isone_rtm,.Z.RHODEISLAND,isone:rt_lmp_5min,https://www.iso-ne.com/isoexpress/web/reports/pricing/-/tree/lmps-rt-five-min-final,2026-09-25T20:08:36Z,
isone:.Z.RHODEISLAND,lmp_rtm_15m_mean,2026-09-24T14:30:00Z,24.2433,USD/MWh,PT15M,"US-CT,US-MA,US-ME,US-NH,US-RI,US-VT",isone_rtm,.Z.RHODEISLAND,isone:rt_lmp_5min,https://www.iso-ne.com/isoexpress/web/reports/pricing/-/tree/lmps-rt-five-min-final,2026-09-25T20:08:36Z,
isone:.Z.RHODEISLAND,lmp_rtm_15m_mean,2026-09-24T14:45:00Z,23.9667,USD/MWh,PT15M,"US-CT,US-MA,US-ME,US-NH,US-RI,US-VT",isone_rtm,.Z.RHODEISLAND,isone:rt_lmp_5min,https://www.iso-ne.com/isoexpress/web/reports/pricing/-/tree/lmps-rt-five-min-final,2026-09-25T20:08:36Z,
isone:.Z.RHODEISLAND,lmp_rtm_15m_mean,2026-09-24T15:00:00Z,22.34,USD/MWh,PT15M,"US-CT,US-MA,US-ME,US-NH,US-RI,US-VT",isone_rtm,.Z.RHODEISLAND,isone:rt_lmp_5min,https://www.iso-ne.com/isoexpress/web/reports/pricing/-/tree/lmps-rt-five-min-final,2026-09-25T20:08:36Z,
isone:.Z.RHODEISLAND,lmp_rtm_15m_mean,2026-09-24T15:15:00Z,6.66,USD/MWh,PT15M,"US-CT,US-MA,US-ME,US-NH,US-RI,US-VT",isone_rtm,.Z.RHODEISLAND,isone:rt_lmp_5min,https://www.iso-ne.com/isoexpress/web/reports/pricing/-/tree/lmps-rt-five-min-final,2026-09-25T20:08:36Z,
isone:.Z.RHODEISLAND,lmp_rtm_15m_mean,2026-09-24T15:30:00Z,-4.4267,USD/MWh,PT15M,"US-CT,US-MA,US-ME,US-NH,US-RI,US-VT",isone_rtm,.Z.RHODEISLAND,isone:rt_lmp_5min,https://www.iso-ne.com/isoexpress/web/reports/pricing/-/tree/lmps-rt-five-min-final,2026-09-25T20:08:36Z,
isone:.Z.RHODEISLAND,lmp_rtm_15m_mean,2026-09-24T15:45:00Z,-4.41,USD/MWh,PT15M,"US-CT,US-MA,US-ME,US-NH,US-RI,US-VT",isone_rtm,.Z.RHODEISLAND,isone:rt_lmp_5min,https://www.iso-ne.com/isoexpress/web/reports/pricing/-/tree/lmps-rt-five-min-final,2026-09-25T20:08:36Z,
isone:.Z.RHODEISLAND,lmp_rtm_15m_mean,2026-09-24T16:00:00Z,-5.7167,USD/MWh,PT15M,"US-CT,US-MA,US-ME,US-NH,US-RI,US-VT",isone_rtm,.Z.RHODEISLAND,isone:rt_lmp_5min,https://www.iso-ne.com/isoexpress/web/reports/pricing/-/tree/lmps-rt-five-min-final,2026-09-25T20:08:36Z,
isone:.Z.RHODEISLAND,lmp_rtm_15m_mean,2026-09-24T16:15:00Z,-12.3033,USD/MWh,PT15M,"US-CT,US-MA,US-ME,US-NH,US-RI,US-VT",isone_rtm,.Z.RHODEISLAND,isone:rt_lmp_5min,https://www.iso-ne.com/isoexpress/web/reports/pricing/-/tree/lmps-rt-five-min-final,2026-09-25T20:08:36Z,
isone:.Z.RHODEISLAND,lmp_rtm_15m_mean,2026-09-24T16:30:00Z,-0.7333,USD/MWh,PT15M,"US-CT,US-MA,US-ME,US-NH,US-RI,US-VT",isone_rtm,.Z.RHODEISLAND,isone:rt_lmp_5min,https://www.iso-ne.com/isoexpress/web/reports/pricing/-/tree/lmps-rt-five-min-final,2026-09-25T20:08:36Z,
isone:.Z.RHODEISLAND,lmp_rtm_15m_mean,2026-09-24T16:45:00Z,20.0167,USD/MWh,PT15M,"US-CT,US-MA,US-ME,US-NH,US-RI,US-VT",isone_rtm,.Z.RHODEISLAND,isone:rt_lmp_5min,https://www.iso-ne.com/isoexpress/web/reports/pricing/-/tree/lmps-rt-five-min-final,2026-09-25T20:08:36Z,
isone:.Z.RHODEISLAND,lmp_rtm_15m_mean,2026-09-24T17:00:00Z,21.1333,USD/MWh,PT15M,"US-CT,US-MA,US-ME,US-NH,US-RI,US-VT",isone_rtm,.Z.RHODEISLAND,isone:rt_lmp_5min,https://www.iso-ne.com/isoexpress/web/reports/pricing/-/tree/lmps-rt-five-min-final,2026-09-25T20:08:36Z,
isone:.Z.RHODEISLAND,lmp_rtm_15m_mean,2026-09-24T17:15:00Z,18.6,USD/MWh,PT15M,"US-CT,US-MA,US-ME,US-NH,US-RI,US-VT",isone_rtm,.Z.RHODEISLAND,isone:rt_lmp_5min,https://www.iso-ne.com/isoexpress/web/reports/pricing/-/tree/lmps-rt-five-min-final,2026-09-25T20:08:36Z,
isone:.Z.RHODEISLAND,lmp_rtm_15m_mean,2026-09-24T17:30:00Z,18.4333,USD/MWh,PT15M,"US-CT,US-MA,US-ME,US-NH,US-RI,US-VT",isone_rtm,.Z.RHODEISLAND,isone:rt_lmp_5min,https://www.iso-ne.com/isoexpress/web/reports/pricing/-/tree/lmps-rt-five-min-final,2026-09-25T20:08:36Z,
isone:.Z.RHODEISLAND,lmp_rtm_15m_mean,2026-09-24T17:45:00Z,12.7333,USD/MWh,PT15M,"US-CT,US-MA,US-ME,US-NH,US-RI,US-VT",isone_rtm,.Z.RHODEISLAND,isone:rt_lmp_5min,https://www.iso-ne.com/isoexpress/web/reports/pricing/-/tree/lmps-rt-five-min-final,2026-09-25T20:08:36Z,
isone:.Z.RHODEISLAND,lmp_rtm_15m_mean,2026-09-24T18:00:00Z,12.7433,USD/MWh,PT15M,"US-CT,US-MA,US-ME,US-NH,US-RI,US-VT",isone_rtm,.Z.RHODEISLAND,isone:rt_lmp_5min,https://www.iso-ne.com/isoexpress/web/reports/pricing/-/tree/lmps-rt-five-min-final,2026-09-25T20:08:36Z,
isone:.Z.RHODEISLAND,lmp_rtm_15m_mean,2026-09-24T18:15:00Z,20.4867,USD/MWh,PT15M,"US-CT,US-MA,US-ME,US-NH,US-RI,US-VT",isone_rtm,.Z.RHODEISLAND,isone:rt_lmp_5min,https://www.iso-ne.com/isoexpress/web/reports/pricing/-/tree/lmps-rt-five-min-final,2026-09-25T20:08:36Z,
isone:.Z.RHODEISLAND,lmp_rtm_15m_mean,2026-09-24T18:30:00Z,21.2267,USD/MWh,PT15M,"US-CT,US-MA,US-ME,US-NH,US-RI,US-VT",isone_rtm,.Z.RHODEISLAND,isone:rt_lmp_5min,https://www.iso-ne.com/isoexpress/web/reports/pricing/-/tree/lmps-rt-five-min-final,2026-09-25T20:08:36Z,
isone:.Z.RHODEISLAND,lmp_rtm_15m_mean,2026-09-24T18:45:00Z,21.8567,USD/MWh,PT15M,"US-CT,US-MA,US-ME,US-NH,US-RI,US-VT",isone_rtm,.Z.RHODEISLAND,isone:rt_lmp_5min,https://www.iso-ne.com/isoexpress/web/reports/pricing/-/tree/lmps-rt-five-min-final,2026-09-25T20:08:36Z,
isone:.Z.RHODEISLAND,lmp_rtm_15m_mean,2026-09-24T19:00:00Z,20.9067,USD/MWh,PT15M,"US-CT,US-MA,US-ME,US-NH,US-RI,US-VT",isone_rtm,.Z.RHODEISLAND,isone:rt_lmp_5min,https://www.iso-ne.com/isoexpress/web/reports/pricing/-/tree/lmps-rt-five-min-final,2026-09-25T20:08:36Z,
isone:.Z.RHODEISLAND,lmp_rtm_15m_mean,2026-09-24T19:15:00Z,20.4667,USD/MWh,PT15M,"US-CT,US-MA,US-ME,US-NH,US-RI,US-VT",isone_rtm,.Z.RHODEISLAND,isone:rt_lmp_5min,https://www.iso-ne.com/isoexpress/web/reports/pricing/-/tree/lmps-rt-five-min-final,2026-09-25T20:08:36Z,
isone:.Z.RHODEISLAND,lmp_rtm_15m_mean,2026-09-24T19:30:00Z,21.0967,USD/MWh,PT15M,"US-CT,US-MA,US-ME,US-NH,US-RI,US-VT",isone_rtm,.Z.RHODEISLAND,isone:rt_lmp_5min,https://www.iso-ne.com/isoexpress/web/reports/pricing/-/tree/lmps-rt-five-min-final,2026-09-25T20:08:36Z,
isone:.Z.RHODEISLAND,lmp_rtm_15m_mean,2026-09-24T19:45:00Z,21.7967,USD/MWh,PT15M,"US-CT,US-MA,US-ME,US-NH,US-RI,US-VT",isone_rtm,.Z.RHODEISLAND,isone:rt_lmp_5min,https://www.iso-ne.com/isoexpress/web/reports/pricing/-/tree/lmps-rt-five-min-final,2026-09-25T20:08:36Z,
isone:.Z.RHODEISLAND,lmp_rtm_15m_mean,2026-09-24T20:00:00Z,21.2967,USD/MWh,PT15M,"US-CT,US-MA,US-ME,US-NH,US-RI,US-VT",isone_rtm,.Z.RHODEISLAND,isone:rt_lmp_5min,https://www.iso-ne.com/isoexpress/web/reports/pricing/-/tree/lmps-rt-five-min-final,2026-09-25T20:08:36Z,
isone:.Z.RHODEISLAND,lmp_rtm_15m_mean,2026-09-24T20:15:00Z,20.4933,USD/MWh,PT15M,"US-CT,US-MA,US-ME,US-NH,US-RI,US-VT",isone_rtm,.Z.RHODEISLAND,isone:rt_lmp_5min,https://www.iso-ne.com/isoexpress/web/reports/pricing/-/tree/lmps-rt-five-min-final,2026-09-25T20:08:36Z,
isone:.Z.RHODEISLAND,lmp_rtm_15m_mean,2026-09-24T20:30:00Z,21.32,USD/MWh,PT15M,"US-CT,US-MA,US-ME,US-NH,US-RI,US-VT",isone_rtm,.Z.RHODEISLAND,isone:rt_lmp_5min,https://www.iso-ne.com/isoexpress/web/reports/pricing/-/tree/lmps-rt-five-min-final,2026-09-25T20:08:36Z,
isone:.Z.RHODEISLAND,lmp_rtm_15m_mean,2026-09-24T20:45:00Z,23.5633,USD/MWh,PT15M,"US-CT,US-MA,US-ME,US-NH,US-RI,US-VT",isone_rtm,.Z.RHODEISLAND,isone:rt_lmp_5min,https://www.iso-ne.com/isoexpress/web/reports/pricing/-/tree/lmps-rt-five-min-final,2026-09-25T20:08:36Z,
isone:.Z.RHODEISLAND,lmp_rtm_15m_mean,2026-09-24T21:00:00Z,22.0933,USD/MWh,PT15M,"US-CT,US-MA,US-ME,US-NH,US-RI,US-VT",isone_rtm,.Z.RHODEISLAND,isone:rt_lmp_5min,https://www.iso-ne.com/isoexpress/web/reports/pricing/-/tree/lmps-rt-five-min-final,2026-09-25T20:08:36Z,
isone:.Z.RHODEISLAND,lmp_rtm_15m_mean,2026-09-24T21:15:00Z,21.7967,USD/MWh,PT15M,"US-CT,US-MA,US-ME,US-NH,US-RI,US-VT",isone_rtm,.Z.RHODEISLAND,isone:rt_lmp_5min,https://www.iso-ne.com/isoexpress/web/reports/pricing/-/tree/lmps-rt-five-min-final,2026-09-25T20:08:36Z,
isone:.Z.RHODEISLAND,lmp_rtm_15m_mean,2026-09-24T21:30:00Z,28.6233,USD/MWh,PT15M,"US-CT,US-MA,US-ME,US-NH,US-RI,US-VT",isone_rtm,.Z.RHODEISLAND,isone:rt_lmp_5min,https://www.iso-ne.com/isoexpress/web/reports/pricing/-/tree/lmps-rt-five-min-final,2026-09-25T20:08:36Z,
isone:.Z.RHODEISLAND,lmp_rtm_15m_mean,2026-09-24T21:45:00Z,37.1533,USD/MWh,PT15M,"US-CT,US-MA,US-ME,US-NH,US-RI,US-VT",isone_rtm,.Z.RHODEISLAND,isone:rt_lmp_5min,https://www.iso-ne.com/isoexpress/web/reports/pricing/-/tree/lmps-rt-five-min-final,2026-09-25T20:08:36Z,
isone:.Z.RHODEISLAND,lmp_rtm_15m_mean,2026-09-24T22:00:00Z,33.1467,USD/MWh,PT15M,"US-CT,US-MA,US-ME,US-NH,US-RI,US-VT",isone_rtm,.Z.RHODEISLAND,isone:rt_lmp_5min,https://www.iso-ne.com/isoexpress/web/reports/pricing/-/tree/lmps-rt-five-min-final,2026-09-25T20:08:36Z,
isone:.Z.RHODEISLAND,lmp_rtm_15m_mean,2026-09-24T22:15:00Z,33.1133,USD/MWh,PT15M,"US-CT,US-MA,US-ME,US-NH,US-RI,US-VT",isone_rtm,.Z.RHODEISLAND,isone:rt_lmp_5min,https://www.iso-ne.com/isoexpress/web/reports/pricing/-/tree/lmps-rt-five-min-final,2026-09-25T20:08:36Z,
isone:.Z.RHODEISLAND,lmp_rtm_15m_mean,2026-09-24T22:30:00Z,45.35,USD/MWh,PT15M,"US-CT,US-MA,US-ME,US-NH,US-RI,US-VT",isone_rtm,.Z.RHODEISLAND,isone:rt_lmp_5min,https://www.iso-ne.com/isoexpress/web/reports/pricing/-/tree/lmps-rt-five-min-final,2026-09-25T20:08:36Z,
isone:.Z.RHODEISLAND,lmp_rtm_15m_mean,2026-09-24T22:45:00Z,47.1267,USD/MWh,PT15M,"US-CT,US-MA,US-ME,US-NH,US-RI,US-VT",isone_rtm,.Z.RHODEISLAND,isone:rt_lmp_5min,https://www.iso-ne.com/isoexpress/web/reports/pricing/-/tree/lmps-rt-five-min-final,2026-09-25T20:08:36Z,
isone:.Z.RHODEISLAND,lmp_rtm_15m_mean,2026-09-24T23:00:00Z,37.8733,USD/MWh,PT15M,"US-CT,US-MA,US-ME,US-NH,US-RI,US-VT",isone_rtm,.Z.RHODEISLAND,isone:rt_lmp_5min,https://www.iso-ne.com/isoexpress/web/reports/pricing/-/tree/lmps-rt-five-min-final,2026-09-25T20:08:36Z,
isone:.Z.RHODEISLAND,lmp_rtm_15m_mean,2026-09-24T23:15:00Z,36.9533,USD/MWh,PT15M,"US-CT,US-MA,US-ME,US-NH,US-RI,US-VT",isone_rtm,.Z.RHODEISLAND,isone:rt_lmp_5min,https://www.iso-ne.com/isoexpress/web/reports/pricing/-/tree/lmps-rt-five-min-final,2026-09-25T20:08:36Z,
isone:.Z.RHODEISLAND,lmp_rtm_15m_mean,2026-09-24T23:30:00Z,36.55,USD/MWh,PT15M,"US-CT,US-MA,US-ME,US-NH,US-RI,US-VT",isone_rtm,.Z.RHODEISLAND,isone:rt_lmp_5min,https://www.iso-ne.com/isoexpress/web/reports/pricing/-/tree/lmps-rt-five-min-final,2026-09-25T20:08:36Z,
isone:.Z.RHODEISLAND,lmp_rtm_15m_mean,2026-09-24T23:45:00Z,31.9467,USD/MWh,PT15M,"US-CT,US-MA,US-ME,US-NH,US-RI,US-VT",isone_rtm,.Z.RHODEISLAND,isone:rt_lmp_5min,https://www.iso-ne.com/isoexpress/web/reports/pricing/-/tree/lmps-rt-five-min-final,2026-09-25T20:08:36Z,
isone:.Z.RHODEISLAND,lmp_rtm_15m_mean,2026-09-25T00:00:00Z,36.13,USD/MWh,PT15M,"US-CT,US-MA,US-ME,US-NH,US-RI,US-VT",isone_rtm,.Z.RHODEISLAND,isone:rt_lmp_5min,https://www.iso-ne.com/isoexpress/web/reports/pricing/-/tree/lmps-rt-five-min-final,2026-09-25T20:08:36Z,
isone:.Z.RHODEISLAND,lmp_rtm_15m_mean,2026-09-25T00:15:00Z,30.7433,USD/MWh,PT15M,"US-CT,US-MA,US-ME,US-NH,US-RI,US-VT",isone_rtm,.Z.RHODEISLAND,isone:rt_lmp_5min,https://www.iso-ne.com/isoexpress/web/reports/pricing/-/tree/lmps-rt-five-min-final,2026-09-25T20:08:36Z,
isone:.Z.RHODEISLAND,lmp_rtm_15m_mean,2026-09-25T00:30:00Z,29.6733,USD/MWh,PT15M,"US-CT,US-MA,US-ME,US-NH,US-RI,US-VT",isone_rtm,.Z.RHODEISLAND,isone:rt_lmp_5min,https://www.iso-ne.com/isoexpress/web/reports/pricing/-/tree/lmps-rt-five-min-final,2026-09-25T20:08:36Z,
isone:.Z.RHODEISLAND,lmp_rtm_15m_mean,2026-09-25T00:45:00Z,28.27,USD/MWh,PT15M,"US-CT,US-MA,US-ME,US-NH,US-RI,US-VT",isone_rtm,.Z.RHODEISLAND,isone:rt_lmp_5min,https://www.iso-ne.com/isoexpress/web/reports/pricing/-/tree/lmps-rt-five-min-final,2026-09-25T20:08:36Z,
isone:.Z.RHODEISLAND,lmp_rtm_15m_mean,2026-09-25T01:00:00Z,34.9967,USD/MWh,PT15M,"US-CT,US-MA,US-ME,US-NH,US-RI,US-VT",isone_rtm,.Z.RHODEISLAND,isone:rt_lmp_5min,https://www.iso-ne.com/isoexpress/web/reports/pricing/-/tree/lmps-rt-five-min-final,2026-09-25T20:08:36Z,
isone:.Z.RHODEISLAND,lmp_rtm_15m_mean,2026-09-25T01:15:00Z,28.7867,USD/MWh,PT15M,"US-CT,US-MA,US-ME,US-NH,US-RI,US-VT",isone_rtm,.Z.RHODEISLAND,isone:rt_lmp_5min,https://www.iso-ne.com/isoexpress/web/reports/pricing/-/tree/lmps-rt-five-min-final,2026-09-25T20:08:36Z,
isone:.Z.RHODEISLAND,lmp_rtm_15m_mean,2026-09-25T01:30:00Z,27.6667,USD/MWh,PT15M,"US-CT,US-MA,US-ME,US-NH,US-RI,US-VT",isone_rtm,.Z.RHODEISLAND,isone:rt_lmp_5min,https://www.iso-ne.com/isoexpress/web/reports/pricing/-/tree/lmps-rt-five-min-final,2026-09-25T20:08:36Z,
isone:.Z.RHODEISLAND,lmp_rtm_15m_mean,2026-09-25T01:45:00Z,26.8067,USD/MWh,PT15M,"US-CT,US-MA,US-ME,US-NH,US-RI,US-VT",isone_rtm,.Z.RHODEISLAND,isone:rt_lmp_5min,https://www.iso-ne.com/isoexpress/web/reports/pricing/-/tree/lmps-rt-five-min-final,2026-09-25T20:08:36Z,
isone:.Z.RHODEISLAND,lmp_rtm_15m_mean,2026-09-25T02:00:00Z,29.6933,USD/MWh,PT15M,"US-CT,US-MA,US-ME,US-NH,US-RI,US-VT",isone_rtm,.Z.RHODEISLAND,isone:rt_lmp_5min,https://www.iso-ne.com/isoexpress/web/reports/pricing/-/tree/lmps-rt-five-min-final,2026-09-25T20:08:36Z,
isone:.Z.RHODEISLAND,lmp_rtm_15m_mean,2026-09-25T02:15:00Z,26.43,USD/MWh,PT15M,"US-CT,US-MA,US-ME,US-NH,US-RI,US-VT",isone_rtm,.Z.RHODEISLAND,isone:rt_lmp_5min,https://www.iso-ne.com/isoexpress/web/reports/pricing/-/tree/lmps-rt-five-min-final,2026-09-25T20:08:36Z,
isone:.Z.RHODEISLAND,lmp_rtm_15m_mean,2026-09-25T02:30:00Z,25.8667,USD/MWh,PT15M,"US-CT,US-MA,US-ME,US-NH,US-RI,US-VT",isone_rtm,.Z.RHODEISLAND,isone:rt_lmp_5min,https://www.iso-ne.com/isoexpress/web/reports/pricing/-/tree/lmps-rt-five-min-final,2026-09-25T20:08:36Z,
isone:.Z.RHODEISLAND,lmp_rtm_15m_mean,2026-09-25T02:45:00Z,25.8267,USD/MWh,PT15M,"US-CT,US-MA,US-ME,US-NH,US-RI,US-VT",isone_rtm,.Z.RHODEISLAND,isone:rt_lmp_5min,https://www.iso-ne.com/isoexpress/web/reports/pricing/-/tree/lmps-rt-five-min-final,2026-09-25T20:08:36Z,
isone:.Z.RHODEISLAND,lmp_rtm_15m_mean,2026-09-25T03:00:00Z,28.3967,USD/MWh,PT15M,"US-CT,US-MA,US-ME,US-NH,US-RI,US-VT",isone_rtm,.Z.RHODEISLAND,isone:rt_lmp_5min,https://www.iso-ne.com/isoexpress/web/reports/pricing/-/tree/lmps-rt-five-min-final,2026-09-25T20:08:36Z,
isone:.Z.RHODEISLAND,lmp_rtm_15m_mean,2026-09-25T03:15:00Z,25.0433,USD/MWh,PT15M,"US-CT,US-MA,US-ME,US-NH,US-RI,US-VT",isone_rtm,.Z.RHODEISLAND,isone:rt_lmp_5min,https://www.iso-ne.com/isoexpress/web/reports/pricing/-/tree/lmps-rt-five-min-final,2026-09-25T20:08:36Z,
isone:.Z.RHODEISLAND,lmp_rtm_15m_mean,2026-09-25T03:30:00Z,24.3633,USD/MWh,PT15M,"US-CT,US-MA,US-ME,US-NH,US-RI,US-VT",isone_rtm,.Z.RHODEISLAND,isone:rt_lmp_5min,https://www.iso-ne.com/isoexpress/web/reports/pricing/-/tree/lmps-rt-five-min-final,2026-09-25T20:08:36Z,
isone:.Z.RHODEISLAND,lmp_rtm_15m_mean,2026-09-25T03:45:00Z,23.4067,USD/MWh,PT15M,"US-CT,US-MA,US-ME,US-NH,US-RI,US-VT",isone_rtm,.Z.RHODEISLAND,isone:rt_lmp_5min,https://www.iso-ne.com/isoexpress/web/reports/pricing/-/tree/lmps-rt-five-min-final,2026-09-25T20:08:36Z,
isone:.Z.SEMASS,lmp_rtm_15m_mean,2026-09-22T04:00:00Z,25.83,USD/MWh,PT15M,"US-CT,US-MA,US-ME,US-NH,US-RI,US-VT",isone_rtm,.Z.SEMASS,isone:rt_lmp_5min,https://www.iso-ne.com/isoexpress/web/reports/pricing/-/tree/lmps-rt-five-min-final,2026-09-25T20:08:05Z,
isone:.Z.SEMASS,lmp_rtm_15m_mean,2026-09-22T04:15:00Z,31.8367,USD/MWh,PT15M,"US-CT,US-MA,US-ME,US-NH,US-RI,US-VT",isone_rtm,.Z.SEMASS,isone:rt_lmp_5min,https://www.iso-ne.com/isoexpress/web/reports/pricing/-/tree/lmps-rt-five-min-final,2026-09-25T20:08:05Z,
isone:.Z.SEMASS,lmp_rtm_15m_mean,2026-09-22T04:30:00Z,30.61,USD/MWh,PT15M,"US-CT,US-MA,US-ME,US-NH,US-RI,US-VT",isone_rtm,.Z.SEMASS,isone:rt_lmp_5min,https://www.iso-ne.com/isoexpress/web/reports/pricing/-/tree/lmps-rt-five-min-final,2026-09-25T20:08:05Z,
isone:.Z.SEMASS,lmp_rtm_15m_mean,2026-09-22T04:45:00Z,33.42,USD/MWh,PT15M,"US-CT,US-MA,US-ME,US-NH,US-RI,US-VT",isone_rtm,.Z.SEMASS,isone:rt_lmp_5min,https://www.iso-ne.com/isoexpress/web/reports/pricing/-/tree/lmps-rt-five-min-final,2026-09-25T20:08:05Z,
isone:.Z.SEMASS,lmp_rtm_15m_mean,2026-09-22T05:00:00Z,31.8233,USD/MWh,PT15M,"US-CT,US-MA,US-ME,US-NH,US-RI,US-VT",isone_rtm,.Z.SEMASS,isone:rt_lmp_5min,https://www.iso-ne.com/isoexpress/web/reports/pricing/-/tree/lmps-rt-five-min-final,2026-09-25T20:08:05Z,
isone:.Z.SEMASS,lmp_rtm_15m_mean,2026-09-22T05:15:00Z,28.8567,USD/MWh,PT15M,"US-CT,US-MA,US-ME,US-NH,US-RI,US-VT",isone_rtm,.Z.SEMASS,isone:rt_lmp_5min,https://www.iso-ne.com/isoexpress/web/reports/pricing/-/tree/lmps-rt-five-min-final,2026-09-25T20:08:05Z,
isone:.Z.SEMASS,lmp_rtm_15m_mean,2026-09-22T05:30:00Z,27.9133,USD/MWh,PT15M,"US-CT,US-MA,US-ME,US-NH,US-RI,US-VT",isone_rtm,.Z.SEMASS,isone:rt_lmp_5min,https://www.iso-ne.com/isoexpress/web/reports/pricing/-/tree/lmps-rt-five-min-final,2026-09-25T20:08:05Z,
isone:.Z.SEMASS,lmp_rtm_15m_mean,2026-09-22T05:45:00Z,28.6667,USD/MWh,PT15M,"US-CT,US-MA,US-ME,US-NH,US-RI,US-VT",isone_rtm,.Z.SEMASS,isone:rt_lmp_5min,https://www.iso-ne.com/isoexpress/web/reports/pricing/-/tree/lmps-rt-five-min-final,2026-09-25T20:08:05Z,
isone:.Z.SEMASS,lmp_rtm_15m_mean,2026-09-22T06:00:00Z,27.4033,USD/MWh,PT15M,"US-CT,US-MA,US-ME,US-NH,US-RI,US-VT",isone_rtm,.Z.SEMASS,isone:rt_lmp_5min,https://www.iso-ne.com/isoexpress/web/reports/pricing/-/tree/lmps-rt-five-min-final,2026-09-25T20:08:05Z,
isone:.Z.SEMASS,lmp_rtm_15m_mean,2026-09-22T06:15:00Z,26.2633,USD/MWh,PT15M,"US-CT,US-MA,US-ME,US-NH,US-RI,US-VT",isone_rtm,.Z.SEMASS,isone:rt_lmp_5min,https://www.iso-ne.com/isoexpress/web/reports/pricing/-/tree/lmps-rt-five-min-final,2026-09-25T20:08:05Z,
isone:.Z.SEMASS,lmp_rtm_15m_mean,2026-09-22T06:30:00Z,27.5667,USD/MWh,PT15M,"US-CT,US-MA,US-ME,US-NH,US-RI,US-VT",isone_rtm,.Z.SEMASS,isone:rt_lmp_5min,https://www.iso-ne.com/isoexpress/web/reports/pricing/-/tree/lmps-rt-five-min-final,2026-09-25T20:08:05Z,
isone:.Z.SEMASS,lmp_rtm_15m_mean,2026-09-22T06:45:00Z,28.33,USD/MWh,PT15M,"US-CT,US-MA,US-ME,US-NH,US-RI,US-VT",isone_rtm,.Z.SEMASS,isone:rt_lmp_5min,https://www.iso-ne.com/isoexpress/web/reports/pricing/-/tree/lmps-rt-five-min-final,2026-09-25T20:08:05Z,
isone:.Z.SEMASS,lmp_rtm_15m_mean,2026-09-22T07:00:00Z,27.5433,USD/MWh,PT15M,"US-CT,US-MA,US-ME,US-NH,US-RI,US-VT",isone_rtm,.Z.SEMASS,isone:rt_lmp_5min,https://www.iso-ne.com/isoexpress/web/reports/pricing/-/tree/lmps-rt-five-min-final,2026-09-25T20:08:05Z,
isone:.Z.SEMASS,lmp_rtm_15m_mean,2026-09-22T07:15:00Z,27.8867,USD/MWh,PT15M,"US-CT,US-MA,US-ME,US-NH,US-RI,US-VT",isone_rtm,.Z.SEMASS,isone:rt_lmp_5min,https://www.iso-ne.com/isoexpress/web/reports/pricing/-/tree/lmps-rt-five-min-final,2026-09-25T20:08:05Z,
isone:.Z.SEMASS,lmp_rtm_15m_mean,2026-09-22T07:30:00Z,28.5533,USD/MWh,PT15M,"US-CT,US-MA,US-ME,US-NH,US-RI,US-VT",isone_rtm,.Z.SEMASS,isone:rt_lmp_5min,https://www.iso-ne.com/isoexpress/web/reports/pricing/-/tree/lmps-rt-five-min-final,2026-09-25T20:08:05Z,
isone:.Z.SEMASS,lmp_rtm_15m_mean,2026-09-22T07:45:00Z,28.4233,USD/MWh,PT15M,"US-CT,US-MA,US-ME,US-NH,US-RI,US-VT",isone_rtm,.Z.SEMASS,isone:rt_lmp_5min,https://www.iso-ne.com/isoexpress/web/reports/pricing/-/tree/lmps-rt-five-min-final,2026-09-25T20:08:05Z,
isone:.Z.SEMASS,lmp_rtm_15m_mean,2026-09-22T08:00:00Z,27.7567,USD/MWh,PT15M,"US-CT,US-MA,US-ME,US-NH,US-RI,US-VT",isone_rtm,.Z.SEMASS,isone:rt_lmp_5min,https://www.iso-ne.com/isoexpress/web/reports/pricing/-/tree/lmps-rt-five-min-final,2026-09-25T20:08:05Z,
isone:.Z.SEMASS,lmp_rtm_15m_mean,2026-09-22T08:15:00Z,27.6367,USD/MWh,PT15M,"US-CT,US-MA,US-ME,US-NH,US-RI,US-VT",isone_rtm,.Z.SEMASS,isone:rt_lmp_5min,https://www.iso-ne.com/isoexpress/web/reports/pricing/-/tree/lmps-rt-five-min-final,2026-09-25T20:08:05Z,
isone:.Z.SEMASS,lmp_rtm_15m_mean,2026-09-22T08:30:00Z,28.2033,USD/MWh,PT15M,"US-CT,US-MA,US-ME,US-NH,US-RI,US-VT",isone_rtm,.Z.SEMASS,isone:rt_lmp_5min,https://www.iso-ne.com/isoexpress/web/reports/pricing/-/tree/lmps-rt-five-min-final,2026-09-25T20:08:05Z,
isone:.Z.SEMASS,lmp_rtm_15m_mean,2026-09-22T08:45:00Z,29.2833,USD/MWh,PT15M,"US-CT,US-MA,US-ME,US-NH,US-RI,US-VT",isone_rtm,.Z.SEMASS,isone:rt_lmp_5min,https://www.iso-ne.com/isoexpress/web/reports/pricing/-/tree/lmps-rt-five-min-final,2026-09-25T20:08:05Z,
isone:.Z.SEMASS,lmp_rtm_15m_mean,2026-09-22T09:00:00Z,27.47,USD/MWh,PT15M,"US-CT,US-MA,US-ME,US-NH,US-RI,US-VT",isone_rtm,.Z.SEMASS,isone:rt_lmp_5min,https://www.iso-ne.com/isoexpress/web/reports/pricing/-/tree/lmps-rt-five-min-final,2026-09-25T20:08:05Z,
isone:.Z.SEMASS,lmp_rtm_15m_mean,2026-09-22T09:15:00Z,27.8933,USD/MWh,PT15M,"US-CT,US-MA,US-ME,US-NH,US-RI,US-VT",isone_rtm,.Z.SEMASS,isone:rt_lmp_5min,https://www.iso-ne.com/isoexpress/web/reports/pricing/-/tree/lmps-rt-five-min-final,2026-09-25T20:08:05Z,
isone:.Z.SEMASS,lmp_rtm_15m_mean,2026-09-22T09:30:00Z,29.0833,USD/MWh,PT15M,"US-CT,US-MA,US-ME,US-NH,US-RI,US-VT",isone_rtm,.Z.SEMASS,isone:rt_lmp_5min,https://www.iso-ne.com/isoexpress/web/reports/pricing/-/tree/lmps-rt-five-min-final,2026-09-25T20:08:05Z,
isone:.Z.SEMASS,lmp_rtm_15m_mean,2026-09-22T09:45:00Z,29.42,USD/MWh,PT15M,"US-CT,US-MA,US-ME,US-NH,US-RI,US-VT",isone_rtm,.Z.SEMASS,isone:rt_lmp_5min,https://www.iso-ne.com/isoexpress/web/reports/pricing/-/tree/lmps-rt-five-min-final,2026-09-25T20:08:05Z,
isone:.Z.SEMASS,lmp_rtm_15m_mean,2026-09-22T10:00:00Z,24.9933,USD/MWh,PT15M,"US-CT,US-MA,US-ME,US-NH,US-RI,US-VT",isone_rtm,.Z.SEMASS,isone:rt_lmp_5min,https://www.iso-ne.com/isoexpress/web/reports/pricing/-/tree/lmps-rt-five-min-final,2026-09-25T20:08:05Z,
isone:.Z.SEMASS,lmp_rtm_15m_mean,2026-09-22T10:15:00Z,27.1833,USD/MWh,PT15M,"US-CT,US-MA,US-ME,US-NH,US-RI,US-VT",isone_rtm,.Z.SEMASS,isone:rt_lmp_5min,https://www.iso-ne.com/isoexpress/web/reports/pricing/-/tree/lmps-rt-five-min-final,2026-09-25T20:08:05Z,
isone:.Z.SEMASS,lmp_rtm_15m_mean,2026-09-22T10:30:00Z,36.52,USD/MWh,PT15M,"US-CT,US-MA,US-ME,US-NH,US-RI,US-VT",isone_rtm,.Z.SEMASS,isone:rt_lmp_5min,https://www.iso-ne.com/isoexpress/web/reports/pricing/-/tree/lmps-rt-five-min-final,2026-09-25T20:08:05Z,
isone:.Z.SEMASS,lmp_rtm_15m_mean,2026-09-22T10:45:00Z,47.0767,USD/MWh,PT15M,"US-CT,US-MA,US-ME,US-NH,US-RI,US-VT",isone_rtm,.Z.SEMASS,isone:rt_lmp_5min,https://www.iso-ne.com/isoexpress/web/reports/pricing/-/tree/lmps-rt-five-min-final,2026-09-25T20:08:05Z,
isone:.Z.SEMASS,lmp_rtm_15m_mean,2026-09-22T11:00:00Z,37.1733,USD/MWh,PT15M,"US-CT,US-MA,US-ME,US-NH,US-RI,US-VT",isone_rtm,.Z.SEMASS,isone:rt_lmp_5min,https://www.iso-ne.com/isoexpress/web/reports/pricing/-/tree/lmps-rt-five-min-final,2026-09-25T20:08:05Z,
isone:.Z.SEMASS,lmp_rtm_15m_mean,2026-09-22T11:15:00Z,30.36,USD/MWh,PT15M,"US-CT,US-MA,US-ME,US-NH,US-RI,US-VT",isone_rtm,.Z.SEMASS,isone:rt_lmp_5min,https://www.iso-ne.com/isoexpress/web/reports/pricing/-/tree/lmps-rt-five-min-final,2026-09-25T20:08:05Z,
isone:.Z.SEMASS,lmp_rtm_15m_mean,2026-09-22T11:30:00Z,28.0667,USD/MWh,PT15M,"US-CT,US-MA,US-ME,US-NH,US-RI,US-VT",isone_rtm,.Z.SEMASS,isone:rt_lmp_5min,https://www.iso-ne.com/isoexpress/web/reports/pricing/-/tree/lmps-rt-five-min-final,2026-09-25T20:08:05Z,
isone:.Z.SEMASS,lmp_rtm_15m_mean,2026-09-22T11:45:00Z,26.9533,USD/MWh,PT15M,"US-CT,US-MA,US-ME,US-NH,US-RI,US-VT",isone_rtm,.Z.SEMASS,isone:rt_lmp_5min,https://www.iso-ne.com/isoexpress/web/reports/pricing/-/tree/lmps-rt-five-min-final,2026-09-25T20:08:05Z,
isone:.Z.SEMASS,lmp_rtm_15m_mean,2026-09-22T12:00:00Z,41.3033,USD/MWh,PT15M,"US-CT,US-MA,US-ME,US-NH,US-RI,US-VT",isone_rtm,.Z.SEMASS,isone:rt_lmp_5min,https://www.iso-ne.com/isoexpress/web/reports/pricing/-/tree/lmps-rt-five-min-final,2026-09-25T20:08:05Z,
isone:.Z.SEMASS,lmp_rtm_15m_mean,2026-09-22T12:15:00Z,26.9267,USD/MWh,PT15M,"US-CT,US-MA,US-ME,US-NH,US-RI,US-VT",isone_rtm,.Z.SEMASS,isone:rt_lmp_5min,https://www.iso-ne.com/isoexpress/web/reports/pricing/-/tree/lmps-rt-five-min-final,2026-09-25T20:08:05Z,
isone:.Z.SEMASS,lmp_rtm_15m_mean,2026-09-22T12:30:00Z,25.44,USD/MWh,PT15M,"US-CT,US-MA,US-ME,US-NH,US-RI,US-VT",isone_rtm,.Z.SEMASS,isone:rt_lmp_5min,https://www.iso-ne.com/isoexpress/web/reports/pricing/-/tree/lmps-rt-five-min-final,2026-09-25T20:08:05Z,
isone:.Z.SEMASS,lmp_rtm_15m_mean,2026-09-22T12:45:00Z,24.8767,USD/MWh,PT15M,"US-CT,US-MA,US-ME,US-NH,US-RI,US-VT",isone_rtm,.Z.SEMASS,isone:rt_lmp_5min,https://www.iso-ne.com/isoexpress/web/reports/pricing/-/tree/lmps-rt-five-min-final,2026-09-25T20:08:05Z,
isone:.Z.SEMASS,lmp_rtm_15m_mean,2026-09-22T13:00:00Z,24.6667,USD/MWh,PT15M,"US-CT,US-MA,US-ME,US-NH,US-RI,US-VT",isone_rtm,.Z.SEMASS,isone:rt_lmp_5min,https://www.iso-ne.com/isoexpress/web/reports/pricing/-/tree/lmps-rt-five-min-final,2026-09-25T20:08:05Z,
isone:.Z.SEMASS,lmp_rtm_15m_mean,2026-09-22T13:15:00Z,25.7333,USD/MWh,PT15M,"US-CT,US-MA,US-ME,US-NH,US-RI,US-VT",isone_rtm,.Z.SEMASS,isone:rt_lmp_5min,https://www.iso-ne.com/isoexpress/web/reports/pricing/-/tree/lmps-rt-five-min-final,2026-09-25T20:08:05Z,
isone:.Z.SEMASS,lmp_rtm_15m_mean,2026-09-22T13:30:00Z,26.1867,USD/MWh,PT15M,"US-CT,US-MA,US-ME,US-NH,US-RI,US-VT",isone_rtm,.Z.SEMASS,isone:rt_lmp_5min,https://www.iso-ne.com/isoexpress/web/reports/pricing/-/tree/lmps-rt-five-min-final,2026-09-25T20:08:05Z,
isone:.Z.SEMASS,lmp_rtm_15m_mean,2026-09-22T13:45:00Z,25.39,USD/MWh,PT15M,"US-CT,US-MA,US-ME,US-NH,US-RI,US-VT",isone_rtm,.Z.SEMASS,isone:rt_lmp_5min,https://www.iso-ne.com/isoexpress/web/reports/pricing/-/tree/lmps-rt-five-min-final,2026-09-25T20:08:05Z,
isone:.Z.SEMASS,lmp_rtm_15m_mean,2026-09-22T14:00:00Z,27.57,USD/MWh,PT15M,"US-CT,US-MA,US-ME,US-NH,US-RI,US-VT",isone_rtm,.Z.SEMASS,isone:rt_lmp_5min,https://www.iso-ne.com/isoexpress/web/reports/pricing/-/tree/lmps-rt-five-min-final,2026-09-25T20:08:05Z,
isone:.Z.SEMASS,lmp_rtm_15m_mean,2026-09-22T14:15:00Z,27.03,USD/MWh,PT15M,"US-CT,US-MA,US-ME,US-NH,US-RI,US-VT",isone_rtm,.Z.SEMASS,isone:rt_lmp_5min,https://www.iso-ne.com/isoexpress/web/reports/pricing/-/tree/lmps-rt-five-min-final,2026-09-25T20:08:05Z,
isone:.Z.SEMASS,lmp_rtm_15m_mean,2026-09-22T14:30:00Z,26.6667,USD/MWh,PT15M,"US-CT,US-MA,US-ME,US-NH,US-RI,US-VT",isone_rtm,.Z.SEMASS,isone:rt_lmp_5min,https://www.iso-ne.com/isoexpress/web/reports/pricing/-/tree/lmps-rt-five-min-final,2026-09-25T20:08:05Z,
isone:.Z.SEMASS,lmp_rtm_15m_mean,2026-09-22T14:45:00Z,24.5067,USD/MWh,PT15M,"US-CT,US-MA,US-ME,US-NH,US-RI,US-VT",isone_rtm,.Z.SEMASS,isone:rt_lmp_5min,https://www.iso-ne.com/isoexpress/web/reports/pricing/-/tree/lmps-rt-five-min-final,2026-09-25T20:08:05Z,
isone:.Z.SEMASS,lmp_rtm_15m_mean,2026-09-22T15:00:00Z,16.28,USD/MWh,PT15M,"US-CT,US-MA,US-ME,US-NH,US-RI,US-VT",isone_rtm,.Z.SEMASS,isone:rt_lmp_5min,https://www.iso-ne.com/isoexpress/web/reports/pricing/-/tree/lmps-rt-five-min-final,2026-09-25T20:08:05Z,
isone:.Z.SEMASS,lmp_rtm_15m_mean,2026-09-22T15:15:00Z,23.4133,USD/MWh,PT15M,"US-CT,US-MA,US-ME,US-NH,US-RI,US-VT",isone_rtm,.Z.SEMASS,isone:rt_lmp_5min,https://www.iso-ne.com/isoexpress/web/reports/pricing/-/tree/lmps-rt-five-min-final,2026-09-25T20:08:05Z,
isone:.Z.SEMASS,lmp_rtm_15m_mean,2026-09-22T15:30:00Z,23.1233,USD/MWh,PT15M,"US-CT,US-MA,US-ME,US-NH,US-RI,US-VT",isone_rtm,.Z.SEMASS,isone:rt_lmp_5min,https://www.iso-ne.com/isoexpress/web/reports/pricing/-/tree/lmps-rt-five-min-final,2026-09-25T20:08:05Z,
isone:.Z.SEMASS,lmp_rtm_15m_mean,2026-09-22T15:45:00Z,22.89,USD/MWh,PT15M,"US-CT,US-MA,US-ME,US-NH,US-RI,US-VT",isone_rtm,.Z.SEMASS,isone:rt_lmp_5min,https://www.iso-ne.com/isoexpress/web/reports/pricing/-/tree/lmps-rt-five-min-final,2026-09-25T20:08:05Z,
isone:.Z.SEMASS,lmp_rtm_15m_mean,2026-09-22T16:00:00Z,20.7167,USD/MWh,PT15M,"US-CT,US-MA,US-ME,US-NH,US-RI,US-VT",isone_rtm,.Z.SEMASS,isone:rt_lmp_5min,https://www.iso-ne.com/isoexpress/web/reports/pricing/-/tree/lmps-rt-five-min-final,2026-09-25T20:08:05Z,
isone:.Z.SEMASS,lmp_rtm_15m_mean,2026-09-22T16:15:00Z,19.71,USD/MWh,PT15M,"US-CT,US-MA,US-ME,US-NH,US-RI,US-VT",isone_rtm,.Z.SEMASS,isone:rt_lmp_5min,https://www.iso-ne.com/isoexpress/web/reports/pricing/-/tree/lmps-rt-five-min-final,2026-09-25T20:08:05Z,
isone:.Z.SEMASS,lmp_rtm_15m_mean,2026-09-22T16:30:00Z,20.0467,USD/MWh,PT15M,"US-CT,US-MA,US-ME,US-NH,US-RI,US-VT",isone_rtm,.Z.SEMASS,isone:rt_lmp_5min,https://www.iso-ne.com/isoexpress/web/reports/pricing/-/tree/lmps-rt-five-min-final,2026-09-25T20:08:05Z,
isone:.Z.SEMASS,lmp_rtm_15m_mean,2026-09-22T16:45:00Z,22.44,USD/MWh,PT15M,"US-CT,US-MA,US-ME,US-NH,US-RI,US-VT",isone_rtm,.Z.SEMASS,isone:rt_lmp_5min,https://www.iso-ne.com/isoexpress/web/reports/pricing/-/tree/lmps-rt-five-min-final,2026-09-25T20:08:05Z,
isone:.Z.SEMASS,lmp_rtm_15m_mean,2026-09-22T17:00:00Z,22.9033,USD/MWh,PT15M,"US-CT,US-MA,US-ME,US-NH,US-RI,US-VT",isone_rtm,.Z.SEMASS,isone:rt_lmp_5min,https://www.iso-ne.com/isoexpress/web/reports/pricing/-/tree/lmps-rt-five-min-final,2026-09-25T20:08:05Z,
isone:.Z.SEMASS,lmp_rtm_15m_mean,2026-09-22T17:15:00Z,24.1033,USD/MWh,PT15M,"US-CT,US-MA,US-ME,US-NH,US-RI,US-VT",isone_rtm,.Z.SEMASS,isone:rt_lmp_5min,https://www.iso-ne.com/isoexpress/web/reports/pricing/-/tree/lmps-rt-five-min-final,2026-09-25T20:08:05Z,
isone:.Z.SEMASS,lmp_rtm_15m_mean,2026-09-22T17:30:00Z,26.4933,USD/MWh,PT15M,"US-CT,US-MA,US-ME,US-NH,US-RI,US-VT",isone_rtm,.Z.SEMASS,isone:rt_lmp_5min,https://www.iso-ne.com/isoexpress/web/reports/pricing/-/tree/lmps-rt-five-min-final,2026-09-25T20:08:05Z,
isone:.Z.SEMASS,lmp_rtm_15m_mean,2026-09-22T17:45:00Z,26.6267,USD/MWh,PT15M,"US-CT,US-MA,US-ME,US-NH,US-RI,US-VT",isone_rtm,.Z.SEMASS,isone:rt_lmp_5min,https://www.iso-ne.com/isoexpress/web/reports/pricing/-/tree/lmps-rt-five-min-final,2026-09-25T20:08:05Z,
isone:.Z.SEMASS,lmp_rtm_15m_mean,2026-09-22T18:00:00Z,25.99,USD/MWh,PT15M,"US-CT,US-MA,US-ME,US-NH,US-RI,US-VT",isone_rtm,.Z.SEMASS,isone:rt_lmp_5min,https://www.iso-ne.com/isoexpress/web/reports/pricing/-/tree/lmps-rt-five-min-final,2026-09-25T20:08:05Z,
isone:.Z.SEMASS,lmp_rtm_15m_mean,2026-09-22T18:15:00Z,25.87,USD/MWh,PT15M,"US-CT,US-MA,US-ME,US-NH,US-RI,US-VT",isone_rtm,.Z.SEMASS,isone:rt_lmp_5min,https://www.iso-ne.com/isoexpress/web/reports/pricing/-/tree/lmps-rt-five-min-final,2026-09-25T20:08:05Z,
isone:.Z.SEMASS,lmp_rtm_15m_mean,2026-09-22T18:30:00Z,24.8967,USD/MWh,PT15M,"US-CT,US-MA,US-ME,US-NH,US-RI,US-VT",isone_rtm,.Z.SEMASS,isone:rt_lmp_5min,https://www.iso-ne.com/isoexpress/web/reports/pricing/-/tree/lmps-rt-five-min-final,2026-09-25T20:08:05Z,
isone:.Z.SEMASS,lmp_rtm_15m_mean,2026-09-22T18:45:00Z,24.9667,USD/MWh,PT15M,"US-CT,US-MA,US-ME,US-NH,US-RI,US-VT",isone_rtm,.Z.SEMASS,isone:rt_lmp_5min,https://www.iso-ne.com/isoexpress/web/reports/pricing/-/tree/lmps-rt-five-min-final,2026-09-25T20:08:05Z,
isone:.Z.SEMASS,lmp_rtm_15m_mean,2026-09-22T19:00:00Z,25.06,USD/MWh,PT15M,"US-CT,US-MA,US-ME,US-NH,US-RI,US-VT",isone_rtm,.Z.SEMASS,isone:rt_lmp_5min,https://www.iso-ne.com/isoexpress/web/reports/pricing/-/tree/lmps-rt-five-min-final,2026-09-25T20:08:05Z,
isone:.Z.SEMASS,lmp_rtm_15m_mean,2026-09-22T19:15:00Z,26.24,USD/MWh,PT15M,"US-CT,US-MA,US-ME,US-NH,US-RI,US-VT",isone_rtm,.Z.SEMASS,isone:rt_lmp_5min,https://www.iso-ne.com/isoexpress/web/reports/pricing/-/tree/lmps-rt-five-min-final,2026-09-25T20:08:05Z,
isone:.Z.SEMASS,lmp_rtm_15m_mean,2026-09-22T19:30:00Z,26.73,USD/MWh,PT15M,"US-CT,US-MA,US-ME,US-NH,US-RI,US-VT",isone_rtm,.Z.SEMASS,isone:rt_lmp_5min,https://www.iso-ne.com/isoexpress/web/reports/pricing/-/tree/lmps-rt-five-min-final,2026-09-25T20:08:05Z,
isone:.Z.SEMASS,lmp_rtm_15m_mean,2026-09-22T19:45:00Z,27.2267,USD/MWh,PT15M,"US-CT,US-MA,US-ME,US-NH,US-RI,US-VT",isone_rtm,.Z.SEMASS,isone:rt_lmp_5min,https://www.iso-ne.com/isoexpress/web/reports/pricing/-/tree/lmps-rt-five-min-final,2026-09-25T20:08:05Z,
isone:.Z.SEMASS,lmp_rtm_15m_mean,2026-09-22T20:00:00Z,23.77,USD/MWh,PT15M,"US-CT,US-MA,US-ME,US-NH,US-RI,US-VT",isone_rtm,.Z.SEMASS,isone:rt_lmp_5min,https://www.iso-ne.com/isoexpress/web/reports/pricing/-/tree/lmps-rt-five-min-final,2026-09-25T20:08:05Z,
isone:.Z.SEMASS,lmp_rtm_15m_mean,2026-09-22T20:15:00Z,23.9367,USD/MWh,PT15M,"US-CT,US-MA,US-ME,US-NH,US-RI,US-VT",isone_rtm,.Z.SEMASS,isone:rt_lmp_5min,https://www.iso-ne.com/isoexpress/web/reports/pricing/-/tree/lmps-rt-five-min-final,2026-09-25T20:08:05Z,
isone:.Z.SEMASS,lmp_rtm_15m_mean,2026-09-22T20:30:00Z,27.3633,USD/MWh,PT15M,"US-CT,US-MA,US-ME,US-NH,US-RI,US-VT",isone_rtm,.Z.SEMASS,isone:rt_lmp_5min,https://www.iso-ne.com/isoexpress/web/reports/pricing/-/tree/lmps-rt-five-min-final,2026-09-25T20:08:05Z,
isone:.Z.SEMASS,lmp_rtm_15m_mean,2026-09-22T20:45:00Z,30.8733,USD/MWh,PT15M,"US-CT,US-MA,US-ME,US-NH,US-RI,US-VT",isone_rtm,.Z.SEMASS,isone:rt_lmp_5min,https://www.iso-ne.com/isoexpress/web/reports/pricing/-/tree/lmps-rt-five-min-final,2026-09-25T20:08:05Z,
isone:.Z.SEMASS,lmp_rtm_15m_mean,2026-09-22T21:00:00Z,28.06,USD/MWh,PT15M,"US-CT,US-MA,US-ME,US-NH,US-RI,US-VT",isone_rtm,.Z.SEMASS,isone:rt_lmp_5min,https://www.iso-ne.com/isoexpress/web/reports/pricing/-/tree/lmps-rt-five-min-final,2026-09-25T20:08:05Z,
isone:.Z.SEMASS,lmp_rtm_15m_mean,2026-09-22T21:15:00Z,24.9467,USD/MWh,PT15M,"US-CT,US-MA,US-ME,US-NH,US-RI,US-VT",isone_rtm,.Z.SEMASS,isone:rt_lmp_5min,https://www.iso-ne.com/isoexpress/web/reports/pricing/-/tree/lmps-rt-five-min-final,2026-09-25T20:08:05Z,
isone:.Z.SEMASS,lmp_rtm_15m_mean,2026-09-22T21:30:00Z,28.0467,USD/MWh,PT15M,"US-CT,US-MA,US-ME,US-NH,US-RI,US-VT",isone_rtm,.Z.SEMASS,isone:rt_lmp_5min,https://www.iso-ne.com/isoexpress/web/reports/pricing/-/tree/lmps-rt-five-min-final,2026-09-25T20:08:05Z,
isone:.Z.SEMASS,lmp_rtm_15m_mean,2026-09-22T21:45:00Z,29.8167,USD/MWh,PT15M,"US-CT,US-MA,US-ME,US-NH,US-RI,US-VT",isone_rtm,.Z.SEMASS,isone:rt_lmp_5min,https://www.iso-ne.com/isoexpress/web/reports/pricing/-/tree/lmps-rt-five-min-final,2026-09-25T20:08:05Z,
isone:.Z.SEMASS,lmp_rtm_15m_mean,2026-09-22T22:00:00Z,28.0267,USD/MWh,PT15M,"US-CT,US-MA,US-ME,US-NH,US-RI,US-VT",isone_rtm,.Z.SEMASS,isone:rt_lmp_5min,https://www.iso-ne.com/isoexpress/web/reports/pricing/-/tree/lmps-rt-five-min-final,2026-09-25T20:08:05Z,
isone:.Z.SEMASS,lmp_rtm_15m_mean,2026-09-22T22:15:00Z,30.9133,USD/MWh,PT15M,"US-CT,US-MA,US-ME,US-NH,US-RI,US-VT",isone_rtm,.Z.SEMASS,isone:rt_lmp_5min,https://www.iso-ne.com/isoexpress/web/reports/pricing/-/tree/lmps-rt-five-min-final,2026-09-25T20:08:05Z,
isone:.Z.SEMASS,lmp_rtm_15m_mean,2026-09-22T22:30:00Z,33.3467,USD/MWh,PT15M,"US-CT,US-MA,US-ME,US-NH,US-RI,US-VT",isone_rtm,.Z.SEMASS,isone:rt_lmp_5min,https://www.iso-ne.com/isoexpress/web/reports/pricing/-/tree/lmps-rt-five-min-final,2026-09-25T20:08:05Z,
isone:.Z.SEMASS,lmp_rtm_15m_mean,2026-09-22T22:45:00Z,33.9433,USD/MWh,PT15M,"US-CT,US-MA,US-ME,US-NH,US-RI,US-VT",isone_rtm,.Z.SEMASS,isone:rt_lmp_5min,https://www.iso-ne.com/isoexpress/web/reports/pricing/-/tree/lmps-rt-five-min-final,2026-09-25T20:08:05Z,
isone:.Z.SEMASS,lmp_rtm_15m_mean,2026-09-22T23:00:00Z,32.8467,USD/MWh,PT15M,"US-CT,US-MA,US-ME,US-NH,US-RI,US-VT",isone_rtm,.Z.SEMASS,isone:rt_lmp_5min,https://www.iso-ne.com/isoexpress/web/reports/pricing/-/tree/lmps-rt-five-min-final,2026-09-25T20:08:05Z,
isone:.Z.SEMASS,lmp_rtm_15m_mean,2026-09-22T23:15:00Z,29.98,USD/MWh,PT15M,"US-CT,US-MA,US-ME,US-NH,US-RI,US-VT",isone_rtm,.Z.SEMASS,isone:rt_lmp_5min,https://www.iso-ne.com/isoexpress/web/reports/pricing/-/tree/lmps-rt-five-min-final,2026-09-25T20:08:05Z,
isone:.Z.SEMASS,lmp_rtm_15m_mean,2026-09-22T23:30:00Z,31.3433,USD/MWh,PT15M,"US-CT,US-MA,US-ME,US-NH,US-RI,US-VT",isone_rtm,.Z.SEMASS,isone:rt_lmp_5min,https://www.iso-ne.com/isoexpress/web/reports/pricing/-/tree/lmps-rt-five-min-final,2026-09-25T20:08:05Z,
isone:.Z.SEMASS,lmp_rtm_15m_mean,2026-09-22T23:45:00Z,30.76,USD/MWh,PT15M,"US-CT,US-MA,US-ME,US-NH,US-RI,US-VT",isone_rtm,.Z.SEMASS,isone:rt_lmp_5min,https://www.iso-ne.com/isoexpress/web/reports/pricing/-/tree/lmps-rt-five-min-final,2026-09-25T20:08:05Z,
isone:.Z.SEMASS,lmp_rtm_15m_mean,2026-09-23T00:00:00Z,39.1867,USD/MWh,PT15M,"US-CT,US-MA,US-ME,US-NH,US-RI,US-VT",isone_rtm,.Z.SEMASS,isone:rt_lmp_5min,https://www.iso-ne.com/isoexpress/web/reports/pricing/-/tree/lmps-rt-five-min-final,2026-09-25T20:08:05Z,
isone:.Z.SEMASS,lmp_rtm_15m_mean,2026-09-23T00:15:00Z,35.0133,USD/MWh,PT15M,"US-CT,US-MA,US-ME,US-NH,US-RI,US-VT",isone_rtm,.Z.SEMASS,isone:rt_lmp_5min,https://www.iso-ne.com/isoexpress/web/reports/pricing/-/tree/lmps-rt-five-min-final,2026-09-25T20:08:05Z,
isone:.Z.SEMASS,lmp_rtm_15m_mean,2026-09-23T00:30:00Z,29.34,USD/MWh,PT15M,"US-CT,US-MA,US-ME,US-NH,US-RI,US-VT",isone_rtm,.Z.SEMASS,isone:rt_lmp_5min,https://www.iso-ne.com/isoexpress/web/reports/pricing/-/tree/lmps-rt-five-min-final,2026-09-25T20:08:05Z,
isone:.Z.SEMASS,lmp_rtm_15m_mean,2026-09-23T00:45:00Z,28.8333,USD/MWh,PT15M,"US-CT,US-MA,US-ME,US-NH,US-RI,US-VT",isone_rtm,.Z.SEMASS,isone:rt_lmp_5min,https://www.iso-ne.com/isoexpress/web/reports/pricing/-/tree/lmps-rt-five-min-final,2026-09-25T20:08:05Z,
isone:.Z.SEMASS,lmp_rtm_15m_mean,2026-09-23T01:00:00Z,33.51,USD/MWh,PT15M,"US-CT,US-MA,US-ME,US-NH,US-RI,US-VT",isone_rtm,.Z.SEMASS,isone:rt_lmp_5min,https://www.iso-ne.com/isoexpress/web/reports/pricing/-/tree/lmps-rt-five-min-final,2026-09-25T20:08:05Z,
isone:.Z.SEMASS,lmp_rtm_15m_mean,2026-09-23T01:15:00Z,30.4333,USD/MWh,PT15M,"US-CT,US-MA,US-ME,US-NH,US-RI,US-VT",isone_rtm,.Z.SEMASS,isone:rt_lmp_5min,https://www.iso-ne.com/isoexpress/web/reports/pricing/-/tree/lmps-rt-five-min-final,2026-09-25T20:08:05Z,
isone:.Z.SEMASS,lmp_rtm_15m_mean,2026-09-23T01:30:00Z,29.6267,USD/MWh,PT15M,"US-CT,US-MA,US-ME,US-NH,US-RI,US-VT",isone_rtm,.Z.SEMASS,isone:rt_lmp_5min,https://www.iso-ne.com/isoexpress/web/reports/pricing/-/tree/lmps-rt-five-min-final,2026-09-25T20:08:05Z,
isone:.Z.SEMASS,lmp_rtm_15m_mean,2026-09-23T01:45:00Z,27.7333,USD/MWh,PT15M,"US-CT,US-MA,US-ME,US-NH,US-RI,US-VT",isone_rtm,.Z.SEMASS,isone:rt_lmp_5min,https://www.iso-ne.com/isoexpress/web/reports/pricing/-/tree/lmps-rt-five-min-final,2026-09-25T20:08:05Z,
isone:.Z.SEMASS,lmp_rtm_15m_mean,2026-09-23T02:00:00Z,28.09,USD/MWh,PT15M,"US-CT,US-MA,US-ME,US-NH,US-RI,US-VT",isone_rtm,.Z.SEMASS,isone:rt_lmp_5min,https://www.iso-ne.com/isoexpress/web/reports/pricing/-/tree/lmps-rt-five-min-final,2026-09-25T20:08:05Z,
isone:.Z.SEMASS,lmp_rtm_15m_mean,2026-09-23T02:15:00Z,27.8733,USD/MWh,PT15M,"US-CT,US-MA,US-ME,US-NH,US-RI,US-VT",isone_rtm,.Z.SEMASS,isone:rt_lmp_5min,https://www.iso-ne.com/isoexpress/web/reports/pricing/-/tree/lmps-rt-five-min-final,2026-09-25T20:08:05Z,
isone:.Z.SEMASS,lmp_rtm_15m_mean,2026-09-23T02:30:00Z,26.7467,USD/MWh,PT15M,"US-CT,US-MA,US-ME,US-NH,US-RI,US-VT",isone_rtm,.Z.SEMASS,isone:rt_lmp_5min,https://www.iso-ne.com/isoexpress/web/reports/pricing/-/tree/lmps-rt-five-min-final,2026-09-25T20:08:05Z,
isone:.Z.SEMASS,lmp_rtm_15m_mean,2026-09-23T02:45:00Z,23.8533,USD/MWh,PT15M,"US-CT,US-MA,US-ME,US-NH,US-RI,US-VT",isone_rtm,.Z.SEMASS,isone:rt_lmp_5min,https://www.iso-ne.com/isoexpress/web/reports/pricing/-/tree/lmps-rt-five-min-final,2026-09-25T20:08:05Z,
isone:.Z.SEMASS,lmp_rtm_15m_mean,2026-09-23T03:00:00Z,24.28,USD/MWh,PT15M,"US-CT,US-MA,US-ME,US-NH,US-RI,US-VT",isone_rtm,.Z.SEMASS,isone:rt_lmp_5min,https://www.iso-ne.com/isoexpress/web/reports/pricing/-/tree/lmps-rt-five-min-final,2026-09-25T20:08:05Z,
isone:.Z.SEMASS,lmp_rtm_15m_mean,2026-09-23T03:15:00Z,26.5433,USD/MWh,PT15M,"US-CT,US-MA,US-ME,US-NH,US-RI,US-VT",isone_rtm,.Z.SEMASS,isone:rt_lmp_5min,https://www.iso-ne.com/isoexpress/web/reports/pricing/-/tree/lmps-rt-five-min-final,2026-09-25T20:08:05Z,
isone:.Z.SEMASS,lmp_rtm_15m_mean,2026-09-23T03:30:00Z,25.5467,USD/MWh,PT15M,"US-CT,US-MA,US-ME,US-NH,US-RI,US-VT",isone_rtm,.Z.SEMASS,isone:rt_lmp_5min,https://www.iso-ne.com/isoexpress/web/reports/pricing/-/tree/lmps-rt-five-min-final,2026-09-25T20:08:05Z,
isone:.Z.SEMASS,lmp_rtm_15m_mean,2026-09-23T03:45:00Z,25.11,USD/MWh,PT15M,"US-CT,US-MA,US-ME,US-NH,US-RI,US-VT",isone_rtm,.Z.SEMASS,isone:rt_lmp_5min,https://www.iso-ne.com/isoexpress/web/reports/pricing/-/tree/lmps-rt-five-min-final,2026-09-25T20:08:05Z,
isone:.Z.SEMASS,lmp_rtm_15m_mean,2026-09-23T04:00:00Z,25.4367,USD/MWh,PT15M,"US-CT,US-MA,US-ME,US-NH,US-RI,US-VT",isone_rtm,.Z.SEMASS,isone:rt_lmp_5min,https://www.iso-ne.com/isoexpress/web/reports/pricing/-/tree/lmps-rt-five-min-final,2026-09-25T20:08:21Z,
isone:.Z.SEMASS,lmp_rtm_15m_mean,2026-09-23T04:15:00Z,27.4767,USD/MWh,PT15M,"US-CT,US-MA,US-ME,US-NH,US-RI,US-VT",isone_rtm,.Z.SEMASS,isone:rt_lmp_5min,https://www.iso-ne.com/isoexpress/web/reports/pricing/-/tree/lmps-rt-five-min-final,2026-09-25T20:08:21Z,
isone:.Z.SEMASS,lmp_rtm_15m_mean,2026-09-23T04:30:00Z,26.8133,USD/MWh,PT15M,"US-CT,US-MA,US-ME,US-NH,US-RI,US-VT",isone_rtm,.Z.SEMASS,isone:rt_lmp_5min,https://www.iso-ne.com/isoexpress/web/reports/pricing/-/tree/lmps-rt-five-min-final,2026-09-25T20:08:21Z,
isone:.Z.SEMASS,lmp_rtm_15m_mean,2026-09-23T04:45:00Z,24.5667,USD/MWh,PT15M,"US-CT,US-MA,US-ME,US-NH,US-RI,US-VT",isone_rtm,.Z.SEMASS,isone:rt_lmp_5min,https://www.iso-ne.com/isoexpress/web/reports/pricing/-/tree/lmps-rt-five-min-final,2026-09-25T20:08:21Z,
isone:.Z.SEMASS,lmp_rtm_15m_mean,2026-09-23T05:00:00Z,23.8767,USD/MWh,PT15M,"US-CT,US-MA,US-ME,US-NH,US-RI,US-VT",isone_rtm,.Z.SEMASS,isone:rt_lmp_5min,https://www.iso-ne.com/isoexpress/web/reports/pricing/-/tree/lmps-rt-five-min-final,2026-09-25T20:08:21Z,
isone:.Z.SEMASS,lmp_rtm_15m_mean,2026-09-23T05:15:00Z,23.1867,USD/MWh,PT15M,"US-CT,US-MA,US-ME,US-NH,US-RI,US-VT",isone_rtm,.Z.SEMASS,isone:rt_lmp_5min,https://www.iso-ne.com/isoexpress/web/reports/pricing/-/tree/lmps-rt-five-min-final,2026-09-25T20:08:21Z,
isone:.Z.SEMASS,lmp_rtm_15m_mean,2026-09-23T05:30:00Z,22.6233,USD/MWh,PT15M,"US-CT,US-MA,US-ME,US-NH,US-RI,US-VT",isone_rtm,.Z.SEMASS,isone:rt_lmp_5min,https://www.iso-ne.com/isoexpress/web/reports/pricing/-/tree/lmps-rt-five-min-final,2026-09-25T20:08:21Z,
isone:.Z.SEMASS,lmp_rtm_15m_mean,2026-09-23T05:45:00Z,22.1867,USD/MWh,PT15M,"US-CT,US-MA,US-ME,US-NH,US-RI,US-VT",isone_rtm,.Z.SEMASS,isone:rt_lmp_5min,https://www.iso-ne.com/isoexpress/web/reports/pricing/-/tree/lmps-rt-five-min-final,2026-09-25T20:08:21Z,
isone:.Z.SEMASS,lmp_rtm_15m_mean,2026-09-23T06:00:00Z,22.26,USD/MWh,PT15M,"US-CT,US-MA,US-ME,US-NH,US-RI,US-VT",isone_rtm,.Z.SEMASS,isone:rt_lmp_5min,https://www.iso-ne.com/isoexpress/web/reports/pricing/-/tree/lmps-rt-five-min-final,2026-09-25T20:08:21Z,
isone:.Z.SEMASS,lmp_rtm_15m_mean,2026-09-23T06:15:00Z,22.8133,USD/MWh,PT15M,"US-CT,US-MA,US-ME,US-NH,US-RI,US-VT",isone_rtm,.Z.SEMASS,isone:rt_lmp_5min,https://www.iso-ne.com/isoexpress/web/reports/pricing/-/tree/lmps-rt-five-min-final,2026-09-25T20:08:21Z,
isone:.Z.SEMASS,lmp_rtm_15m_mean,2026-09-23T06:30:00Z,23.26,USD/MWh,PT15M,"US-CT,US-MA,US-ME,US-NH,US-RI,US-VT",isone_rtm,.Z.SEMASS,isone:rt_lmp_5min,https://www.iso-ne.com/isoexpress/web/reports/pricing/-/tree/lmps-rt-five-min-final,2026-09-25T20:08:21Z,
isone:.Z.SEMASS,lmp_rtm_15m_mean,2026-09-23T06:45:00Z,23.0367,USD/MWh,PT15M,"US-CT,US-MA,US-ME,US-NH,US-RI,US-VT",isone_rtm,.Z.SEMASS,isone:rt_lmp_5min,https://www.iso-ne.com/isoexpress/web/reports/pricing/-/tree/lmps-rt-five-min-final,2026-09-25T20:08:21Z,
isone:.Z.SEMASS,lmp_rtm_15m_mean,2026-09-23T07:00:00Z,22.6933,USD/MWh,PT15M,"US-CT,US-MA,US-ME,US-NH,US-RI,US-VT",isone_rtm,.Z.SEMASS,isone:rt_lmp_5min,https://www.iso-ne.com/isoexpress/web/reports/pricing/-/tree/lmps-rt-five-min-final,2026-09-25T20:08:21Z,
isone:.Z.SEMASS,lmp_rtm_15m_mean,2026-09-23T07:15:00Z,22.7033,USD/MWh,PT15M,"US-CT,US-MA,US-ME,US-NH,US-RI,US-VT",isone_rtm,.Z.SEMASS,isone:rt_lmp_5min,https://www.iso-ne.com/isoexpress/web/reports/pricing/-/tree/lmps-rt-five-min-final,2026-09-25T20:08:21Z,
isone:.Z.SEMASS,lmp_rtm_15m_mean,2026-09-23T07:30:00Z,23.12,USD/MWh,PT15M,"US-CT,US-MA,US-ME,US-NH,US-RI,US-VT",isone_rtm,.Z.SEMASS,isone:rt_lmp_5min,https://www.iso-ne.com/isoexpress/web/reports/pricing/-/tree/lmps-rt-five-min-final,2026-09-25T20:08:21Z,
isone:.Z.SEMASS,lmp_rtm_15m_mean,2026-09-23T07:45:00Z,23.2467,USD/MWh,PT15M,"US-CT,US-MA,US-ME,US-NH,US-RI,US-VT",isone_rtm,.Z.SEMASS,isone:rt_lmp_5min,https://www.iso-ne.com/isoexpress/web/reports/pricing/-/tree/lmps-rt-five-min-final,2026-09-25T20:08:21Z,
isone:.Z.SEMASS,lmp_rtm_15m_mean,2026-09-23T08:00:00Z,23.1233,USD/MWh,PT15M,"US-CT,US-MA,US-ME,US-NH,US-RI,US-VT",isone_rtm,.Z.SEMASS,isone:rt_lmp_5min,https://www.iso-ne.com/isoexpress/web/reports/pricing/-/tree/lmps-rt-five-min-final,2026-09-25T20:08:21Z,
isone:.Z.SEMASS,lmp_rtm_15m_mean,2026-09-23T08:15:00Z,22.9033,USD/MWh,PT15M,"US-CT,US-MA,US-ME,US-NH,US-RI,US-VT",isone_rtm,.Z.SEMASS,isone:rt_lmp_5min,https://www.iso-ne.com/isoexpress/web/reports/pricing/-/tree/lmps-rt-five-min-final,2026-09-25T20:08:21Z,
isone:.Z.SEMASS,lmp_rtm_15m_mean,2026-09-23T08:30:00Z,23.2367,USD/MWh,PT15M,"US-CT,US-MA,US-ME,US-NH,US-RI,US-VT",isone_rtm,.Z.SEMASS,isone:rt_lmp_5min,https://www.iso-ne.com/isoexpress/web/reports/pricing/-/tree/lmps-rt-five-min-final,2026-09-25T20:08:21Z,
isone:.Z.SEMASS,lmp_rtm_15m_mean,2026-09-23T08:45:00Z,23.42,USD/MWh,PT15M,"US-CT,US-MA,US-ME,US-NH,US-RI,US-VT",isone_rtm,.Z.SEMASS,isone:rt_lmp_5min,https://www.iso-ne.com/isoexpress/web/reports/pricing/-/tree/lmps-rt-five-min-final,2026-09-25T20:08:21Z,
isone:.Z.SEMASS,lmp_rtm_15m_mean,2026-09-23T09:00:00Z,23.1067,USD/MWh,PT15M,"US-CT,US-MA,US-ME,US-NH,US-RI,US-VT",isone_rtm,.Z.SEMASS,isone:rt_lmp_5min,https://www.iso-ne.com/isoexpress/web/reports/pricing/-/tree/lmps-rt-five-min-final,2026-09-25T20:08:21Z,
isone:.Z.SEMASS,lmp_rtm_15m_mean,2026-09-23T09:15:00Z,25.5233,USD/MWh,PT15M,"US-CT,US-MA,US-ME,US-NH,US-RI,US-VT",isone_rtm,.Z.SEMASS,isone:rt_lmp_5min,https://www.iso-ne.com/isoexpress/web/reports/pricing/-/tree/lmps-rt-five-min-final,2026-09-25T20:08:21Z,
isone:.Z.SEMASS,lmp_rtm_15m_mean,2026-09-23T09:30:00Z,31.1467,USD/MWh,PT15M,"US-CT,US-MA,US-ME,US-NH,US-RI,US-VT",isone_rtm,.Z.SEMASS,isone:rt_lmp_5min,https://www.iso-ne.com/isoexpress/web/reports/pricing/-/tree/lmps-rt-five-min-final,2026-09-25T20:08:21Z,
isone:.Z.SEMASS,lmp_rtm_15m_mean,2026-09-23T09:45:00Z,35.41,USD/MWh,PT15M,"US-CT,US-MA,US-ME,US-NH,US-RI,US-VT",isone_rtm,.Z.SEMASS,isone:rt_lmp_5min,https://www.iso-ne.com/isoexpress/web/reports/pricing/-/tree/lmps-rt-five-min-final,2026-09-25T20:08:21Z,
isone:.Z.SEMASS,lmp_rtm_15m_mean,2026-09-23T10:00:00Z,26.95,USD/MWh,PT15M,"US-CT,US-MA,US-ME,US-NH,US-RI,US-VT",isone_rtm,.Z.SEMASS,isone:rt_lmp_5min,https://www.iso-ne.com/isoexpress/web/reports/pricing/-/tree/lmps-rt-five-min-final,2026-09-25T20:08:21Z,
isone:.Z.SEMASS,lmp_rtm_15m_mean,2026-09-23T10:15:00Z,28.4467,USD/MWh,PT15M,"US-CT,US-MA,US-ME,US-NH,US-RI,US-VT",isone_rtm,.Z.SEMASS,isone:rt_lmp_5min,https://www.iso-ne.com/isoexpress/web/reports/pricing/-/tree/lmps-rt-five-min-final,2026-09-25T20:08:21Z,
isone:.Z.SEMASS,lmp_rtm_15m_mean,2026-09-23T10:30:00Z,34.04,USD/MWh,PT15M,"US-CT,US-MA,US-ME,US-NH,US-RI,US-VT",isone_rtm,.Z.SEMASS,isone:rt_lmp_5min,https://www.iso-ne.com/isoexpress/web/reports/pricing/-/tree/lmps-rt-five-min-final,2026-09-25T20:08:21Z,
isone:.Z.SEMASS,lmp_rtm_15m_mean,2026-09-23T10:45:00Z,35.92,USD/MWh,PT15M,"US-CT,US-MA,US-ME,US-NH,US-RI,US-VT",isone_rtm,.Z.SEMASS,isone:rt_lmp_5min,https://www.iso-ne.com/isoexpress/web/reports/pricing/-/tree/lmps-rt-five-min-final,2026-09-25T20:08:21Z,
isone:.Z.SEMASS,lmp_rtm_15m_mean,2026-09-23T11:00:00Z,27.7467,USD/MWh,PT15M,"US-CT,US-MA,US-ME,US-NH,US-RI,US-VT",isone_rtm,.Z.SEMASS,isone:rt_lmp_5min,https://www.iso-ne.com/isoexpress/web/reports/pricing/-/tree/lmps-rt-five-min-final,2026-09-25T20:08:21Z,
isone:.Z.SEMASS,lmp_rtm_15m_mean,2026-09-23T11:15:00Z,24.39,USD/MWh,PT15M,"US-CT,US-MA,US-ME,US-NH,US-RI,US-VT",isone_rtm,.Z.SEMASS,isone:rt_lmp_5min,https://www.iso-ne.com/isoexpress/web/reports/pricing/-/tree/lmps-rt-five-min-final,2026-09-25T20:08:21Z,
isone:.Z.SEMASS,lmp_rtm_15m_mean,2026-09-23T11:30:00Z,23.8633,USD/MWh,PT15M,"US-CT,US-MA,US-ME,US-NH,US-RI,US-VT",isone_rtm,.Z.SEMASS,isone:rt_lmp_5min,https://www.iso-ne.com/isoexpress/web/reports/pricing/-/tree/lmps-rt-five-min-final,2026-09-25T20:08:21Z,
isone:.Z.SEMASS,lmp_rtm_15m_mean,2026-09-23T11:45:00Z,23.4767,USD/MWh,PT15M,"US-CT,US-MA,US-ME,US-NH,US-RI,US-VT",isone_rtm,.Z.SEMASS,isone:rt_lmp_5min,https://www.iso-ne.com/isoexpress/web/reports/pricing/-/tree/lmps-rt-five-min-final,2026-09-25T20:08:21Z,
isone:.Z.SEMASS,lmp_rtm_15m_mean,2026-09-23T12:00:00Z,32.6267,USD/MWh,PT15M,"US-CT,US-MA,US-ME,US-NH,US-RI,US-VT",isone_rtm,.Z.SEMASS,isone:rt_lmp_5min,https://www.iso-ne.com/isoexpress/web/reports/pricing/-/tree/lmps-rt-five-min-final,2026-09-25T20:08:21Z,
isone:.Z.SEMASS,lmp_rtm_15m_mean,2026-09-23T12:15:00Z,26.9033,USD/MWh,PT15M,"US-CT,US-MA,US-ME,US-NH,US-RI,US-VT",isone_rtm,.Z.SEMASS,isone:rt_lmp_5min,https://www.iso-ne.com/isoexpress/web/reports/pricing/-/tree/lmps-rt-five-min-final,2026-09-25T20:08:21Z,
isone:.Z.SEMASS,lmp_rtm_15m_mean,2026-09-23T12:30:00Z,22.56,USD/MWh,PT15M,"US-CT,US-MA,US-ME,US-NH,US-RI,US-VT",isone_rtm,.Z.SEMASS,isone:rt_lmp_5min,https://www.iso-ne.com/isoexpress/web/reports/pricing/-/tree/lmps-rt-five-min-final,2026-09-25T20:08:21Z,
isone:.Z.SEMASS,lmp_rtm_15m_mean,2026-09-23T12:45:00Z,14.26,USD/MWh,PT15M,"US-CT,US-MA,US-ME,US-NH,US-RI,US-VT",isone_rtm,.Z.SEMASS,isone:rt_lmp_5min,https://www.iso-ne.com/isoexpress/web/reports/pricing/-/tree/lmps-rt-five-min-final,2026-09-25T20:08:21Z,
isone:.Z.SEMASS,lmp_rtm_15m_mean,2026-09-23T13:00:00Z,15.1,USD/MWh,PT15M,"US-CT,US-MA,US-ME,US-NH,US-RI,US-VT",isone_rtm,.Z.SEMASS,isone:rt_lmp_5min,https://www.iso-ne.com/isoexpress/web/reports/pricing/-/tree/lmps-rt-five-min-final,2026-09-25T20:08:21Z,
isone:.Z.SEMASS,lmp_rtm_15m_mean,2026-09-23T13:15:00Z,17.6133,USD/MWh,PT15M,"US-CT,US-MA,US-ME,US-NH,US-RI,US-VT",isone_rtm,.Z.SEMASS,isone:rt_lmp_5min,https://www.iso-ne.com/isoexpress/web/reports/pricing/-/tree/lmps-rt-five-min-final,2026-09-25T20:08:21Z,
isone:.Z.SEMASS,lmp_rtm_15m_mean,2026-09-23T13:30:00Z,15.1133,USD/MWh,PT15M,"US-CT,US-MA,US-ME,US-NH,US-RI,US-VT",isone_rtm,.Z.SEMASS,isone:rt_lmp_5min,https://www.iso-ne.com/isoexpress/web/reports/pricing/-/tree/lmps-rt-five-min-final,2026-09-25T20:08:21Z,
isone:.Z.SEMASS,lmp_rtm_15m_mean,2026-09-23T13:45:00Z,0.0467,USD/MWh,PT15M,"US-CT,US-MA,US-ME,US-NH,US-RI,US-VT",isone_rtm,.Z.SEMASS,isone:rt_lmp_5min,https://www.iso-ne.com/isoexpress/web/reports/pricing/-/tree/lmps-rt-five-min-final,2026-09-25T20:08:21Z,
isone:.Z.SEMASS,lmp_rtm_15m_mean,2026-09-23T14:00:00Z,15.1733,USD/MWh,PT15M,"US-CT,US-MA,US-ME,US-NH,US-RI,US-VT",isone_rtm,.Z.SEMASS,isone:rt_lmp_5min,https://www.iso-ne.com/isoexpress/web/reports/pricing/-/tree/lmps-rt-five-min-final,2026-09-25T20:08:21Z,
isone:.Z.SEMASS,lmp_rtm_15m_mean,2026-09-23T14:15:00Z,22.88,USD/MWh,PT15M,"US-CT,US-MA,US-ME,US-NH,US-RI,US-VT",isone_rtm,.Z.SEMASS,isone:rt_lmp_5min,https://www.iso-ne.com/isoexpress/web/reports/pricing/-/tree/lmps-rt-five-min-final,2026-09-25T20:08:21Z,
isone:.Z.SEMASS,lmp_rtm_15m_mean,2026-09-23T14:30:00Z,3.65,USD/MWh,PT15M,"US-CT,US-MA,US-ME,US-NH,US-RI,US-VT",isone_rtm,.Z.SEMASS,isone:rt_lmp_5min,https://www.iso-ne.com/isoexpress/web/reports/pricing/-/tree/lmps-rt-five-min-final,2026-09-25T20:08:21Z,
isone:.Z.SEMASS,lmp_rtm_15m_mean,2026-09-23T14:45:00Z,-33.9233,USD/MWh,PT15M,"US-CT,US-MA,US-ME,US-NH,US-RI,US-VT",isone_rtm,.Z.SEMASS,isone:rt_lmp_5min,https://www.iso-ne.com/isoexpress/web/reports/pricing/-/tree/lmps-rt-five-min-final,2026-09-25T20:08:21Z,
isone:.Z.SEMASS,lmp_rtm_15m_mean,2026-09-23T15:00:00Z,-36.0767,USD/MWh,PT15M,"US-CT,US-MA,US-ME,US-NH,US-RI,US-VT",isone_rtm,.Z.SEMASS,isone:rt_lmp_5min,https://www.iso-ne.com/isoexpress/web/reports/pricing/-/tree/lmps-rt-five-min-final,2026-09-25T20:08:21Z,
isone:.Z.SEMASS,lmp_rtm_15m_mean,2026-09-23T15:15:00Z,-0.8867,USD/MWh,PT15M,"US-CT,US-MA,US-ME,US-NH,US-RI,US-VT",isone_rtm,.Z.SEMASS,isone:rt_lmp_5min,https://www.iso-ne.com/isoexpress/web/reports/pricing/-/tree/lmps-rt-five-min-final,2026-09-25T20:08:21Z,
isone:.Z.SEMASS,lmp_rtm_15m_mean,2026-09-23T15:30:00Z,10.0733,USD/MWh,PT15M,"US-CT,US-MA,US-ME,US-NH,US-RI,US-VT",isone_rtm,.Z.SEMASS,isone:rt_lmp_5min,https://www.iso-ne.com/isoexpress/web/reports/pricing/-/tree/lmps-rt-five-min-final,2026-09-25T20:08:21Z,
isone:.Z.SEMASS,lmp_rtm_15m_mean,2026-09-23T15:45:00Z,3.3567,USD/MWh,PT15M,"US-CT,US-MA,US-ME,US-NH,US-RI,US-VT",isone_rtm,.Z.SEMASS,isone:rt_lmp_5min,https://www.iso-ne.com/isoexpress/web/reports/pricing/-/tree/lmps-rt-five-min-final,2026-09-25T20:08:21Z,
isone:.Z.SEMASS,lmp_rtm_15m_mean,2026-09-23T16:00:00Z,1.4233,USD/MWh,PT15M,"US-CT,US-MA,US-ME,US-NH,US-RI,US-VT",isone_rtm,.Z.SEMASS,isone:rt_lmp_5min,https://www.iso-ne.com/isoexpress/web/reports/pricing/-/tree/lmps-rt-five-min-final,2026-09-25T20:08:21Z,
isone:.Z.SEMASS,lmp_rtm_15m_mean,2026-09-23T16:15:00Z,21.6133,USD/MWh,PT15M,"US-CT,US-MA,US-ME,US-NH,US-RI,US-VT",isone_rtm,.Z.SEMASS,isone:rt_lmp_5min,https://www.iso-ne.com/isoexpress/web/reports/pricing/-/tree/lmps-rt-five-min-final,2026-09-25T20:08:21Z,
isone:.Z.SEMASS,lmp_rtm_15m_mean,2026-09-23T16:30:00Z,13.0967,USD/MWh,PT15M,"US-CT,US-MA,US-ME,US-NH,US-RI,US-VT",isone_rtm,.Z.SEMASS,isone:rt_lmp_5min,https://www.iso-ne.com/isoexpress/web/reports/pricing/-/tree/lmps-rt-five-min-final,2026-09-25T20:08:21Z,
isone:.Z.SEMASS,lmp_rtm_15m_mean,2026-09-23T16:45:00Z,19.71,USD/MWh,PT15M,"US-CT,US-MA,US-ME,US-NH,US-RI,US-VT",isone_rtm,.Z.SEMASS,isone:rt_lmp_5min,https://www.iso-ne.com/isoexpress/web/reports/pricing/-/tree/lmps-rt-five-min-final,2026-09-25T20:08:21Z,
isone:.Z.SEMASS,lmp_rtm_15m_mean,2026-09-23T17:00:00Z,21.9233,USD/MWh,PT15M,"US-CT,US-MA,US-ME,US-NH,US-RI,US-VT",isone_rtm,.Z.SEMASS,isone:rt_lmp_5min,https://www.iso-ne.com/isoexpress/web/reports/pricing/-/tree/lmps-rt-five-min-final,2026-09-25T20:08:21Z,
isone:.Z.SEMASS,lmp_rtm_15m_mean,2026-09-23T17:15:00Z,20.1233,USD/MWh,PT15M,"US-CT,US-MA,US-ME,US-NH,US-RI,US-VT",isone_rtm,.Z.SEMASS,isone:rt_lmp_5min,https://www.iso-ne.com/isoexpress/web/reports/pricing/-/tree/lmps-rt-five-min-final,2026-09-25T20:08:21Z,
isone:.Z.SEMASS,lmp_rtm_15m_mean,2026-09-23T17:30:00Z,21.7333,USD/MWh,PT15M,"US-CT,US-MA,US-ME,US-NH,US-RI,US-VT",isone_rtm,.Z.SEMASS,isone:rt_lmp_5min,https://www.iso-ne.com/isoexpress/web/reports/pricing/-/tree/lmps-rt-five-min-final,2026-09-25T20:08:21Z,
isone:.Z.SEMASS,lmp_rtm_15m_mean,2026-09-23T17:45:00Z,22.4267,USD/MWh,PT15M,"US-CT,US-MA,US-ME,US-NH,US-RI,US-VT",isone_rtm,.Z.SEMASS,isone:rt_lmp_5min,https://www.iso-ne.com/isoexpress/web/reports/pricing/-/tree/lmps-rt-five-min-final,2026-09-25T20:08:21Z,
isone:.Z.SEMASS,lmp_rtm_15m_mean,2026-09-23T18:00:00Z,22.66,USD/MWh,PT15M,"US-CT,US-MA,US-ME,US-NH,US-RI,US-VT",isone_rtm,.Z.SEMASS,isone:rt_lmp_5min,https://www.iso-ne.com/isoexpress/web/reports/pricing/-/tree/lmps-rt-five-min-final,2026-09-25T20:08:21Z,
isone:.Z.SEMASS,lmp_rtm_15m_mean,2026-09-23T18:15:00Z,22.01,USD/MWh,PT15M,"US-CT,US-MA,US-ME,US-NH,US-RI,US-VT",isone_rtm,.Z.SEMASS,isone:rt_lmp_5min,https://www.iso-ne.com/isoexpress/web/reports/pricing/-/tree/lmps-rt-five-min-final,2026-09-25T20:08:21Z,
isone:.Z.SEMASS,lmp_rtm_15m_mean,2026-09-23T18:30:00Z,22.0533,USD/MWh,PT15M,"US-CT,US-MA,US-ME,US-NH,US-RI,US-VT",isone_rtm,.Z.SEMASS,isone:rt_lmp_5min,https://www.iso-ne.com/isoexpress/web/reports/pricing/-/tree/lmps-rt-five-min-final,2026-09-25T20:08:21Z,
isone:.Z.SEMASS,lmp_rtm_15m_mean,2026-09-23T18:45:00Z,22.4433,USD/MWh,PT15M,"US-CT,US-MA,US-ME,US-NH,US-RI,US-VT",isone_rtm,.Z.SEMASS,isone:rt_lmp_5min,https://www.iso-ne.com/isoexpress/web/reports/pricing/-/tree/lmps-rt-five-min-final,2026-09-25T20:08:21Z,
isone:.Z.SEMASS,lmp_rtm_15m_mean,2026-09-23T19:00:00Z,5.0,USD/MWh,PT15M,"US-CT,US-MA,US-ME,US-NH,US-RI,US-VT",isone_rtm,.Z.SEMASS,isone:rt_lmp_5min,https://www.iso-ne.com/isoexpress/web/reports/pricing/-/tree/lmps-rt-five-min-final,2026-09-25T20:08:21Z,
isone:.Z.SEMASS,lmp_rtm_15m_mean,2026-09-23T19:15:00Z,21.6,USD/MWh,PT15M,"US-CT,US-MA,US-ME,US-NH,US-RI,US-VT",isone_rtm,.Z.SEMASS,isone:rt_lmp_5min,https://www.iso-ne.com/isoexpress/web/reports/pricing/-/tree/lmps-rt-five-min-final,2026-09-25T20:08:21Z,
isone:.Z.SEMASS,lmp_rtm_15m_mean,2026-09-23T19:30:00Z,23.9433,USD/MWh,PT15M,"US-CT,US-MA,US-ME,US-NH,US-RI,US-VT",isone_rtm,.Z.SEMASS,isone:rt_lmp_5min,https://www.iso-ne.com/isoexpress/web/reports/pricing/-/tree/lmps-rt-five-min-final,2026-09-25T20:08:21Z,
isone:.Z.SEMASS,lmp_rtm_15m_mean,2026-09-23T19:45:00Z,25.6467,USD/MWh,PT15M,"US-CT,US-MA,US-ME,US-NH,US-RI,US-VT",isone_rtm,.Z.SEMASS,isone:rt_lmp_5min,https://www.iso-ne.com/isoexpress/web/reports/pricing/-/tree/lmps-rt-five-min-final,2026-09-25T20:08:21Z,
isone:.Z.SEMASS,lmp_rtm_15m_mean,2026-09-23T20:00:00Z,-5.3067,USD/MWh,PT15M,"US-CT,US-MA,US-ME,US-NH,US-RI,US-VT",isone_rtm,.Z.SEMASS,isone:rt_lmp_5min,https://www.iso-ne.com/isoexpress/web/reports/pricing/-/tree/lmps-rt-five-min-final,2026-09-25T20:08:21Z,
isone:.Z.SEMASS,lmp_rtm_15m_mean,2026-09-23T20:15:00Z,-5.5033,USD/MWh,PT15M,"US-CT,US-MA,US-ME,US-NH,US-RI,US-VT",isone_rtm,.Z.SEMASS,isone:rt_lmp_5min,https://www.iso-ne.com/isoexpress/web/reports/pricing/-/tree/lmps-rt-five-min-final,2026-09-25T20:08:21Z,
isone:.Z.SEMASS,lmp_rtm_15m_mean,2026-09-23T20:30:00Z,25.8367,USD/MWh,PT15M,"US-CT,US-MA,US-ME,US-NH,US-RI,US-VT",isone_rtm,.Z.SEMASS,isone:rt_lmp_5min,https://www.iso-ne.com/isoexpress/web/reports/pricing/-/tree/lmps-rt-five-min-final,2026-09-25T20:08:21Z,
isone:.Z.SEMASS,lmp_rtm_15m_mean,2026-09-23T20:45:00Z,29.1233,USD/MWh,PT15M,"US-CT,US-MA,US-ME,US-NH,US-RI,US-VT",isone_rtm,.Z.SEMASS,isone:rt_lmp_5min,https://www.iso-ne.com/isoexpress/web/reports/pricing/-/tree/lmps-rt-five-min-final,2026-09-25T20:08:21Z,
isone:.Z.SEMASS,lmp_rtm_15m_mean,2026-09-23T21:00:00Z,24.0133,USD/MWh,PT15M,"US-CT,US-MA,US-ME,US-NH,US-RI,US-VT",isone_rtm,.Z.SEMASS,isone:rt_lmp_5min,https://www.iso-ne.com/isoexpress/web/reports/pricing/-/tree/lmps-rt-five-min-final,2026-09-25T20:08:21Z,
isone:.Z.SEMASS,lmp_rtm_15m_mean,2026-09-23T21:15:00Z,25.2867,USD/MWh,PT15M,"US-CT,US-MA,US-ME,US-NH,US-RI,US-VT",isone_rtm,.Z.SEMASS,isone:rt_lmp_5min,https://www.iso-ne.com/isoexpress/web/reports/pricing/-/tree/lmps-rt-five-min-final,2026-09-25T20:08:21Z,
isone:.Z.SEMASS,lmp_rtm_15m_mean,2026-09-23T21:30:00Z,30.3667,USD/MWh,PT15M,"US-CT,US-MA,US-ME,US-NH,US-RI,US-VT",isone_rtm,.Z.SEMASS,isone:rt_lmp_5min,https://www.iso-ne.com/isoexpress/web/reports/pricing/-/tree/lmps-rt-five-min-final,2026-09-25T20:08:21Z,
isone:.Z.SEMASS,lmp_rtm_15m_mean,2026-09-23T21:45:00Z,35.93,USD/MWh,PT15M,"US-CT,US-MA,US-ME,US-NH,US-RI,US-VT",isone_rtm,.Z.SEMASS,isone:rt_lmp_5min,https://www.iso-ne.com/isoexpress/web/reports/pricing/-/tree/lmps-rt-five-min-final,2026-09-25T20:08:21Z,
isone:.Z.SEMASS,lmp_rtm_15m_mean,2026-09-23T22:00:00Z,35.0767,USD/MWh,PT15M,"US-CT,US-MA,US-ME,US-NH,US-RI,US-VT",isone_rtm,.Z.SEMASS,isone:rt_lmp_5min,https://www.iso-ne.com/isoexpress/web/reports/pricing/-/tree/lmps-rt-five-min-final,2026-09-25T20:08:21Z,
isone:.Z.SEMASS,lmp_rtm_15m_mean,2026-09-23T22:15:00Z,43.81,USD/MWh,PT15M,"US-CT,US-MA,US-ME,US-NH,US-RI,US-VT",isone_rtm,.Z.SEMASS,isone:rt_lmp_5min,https://www.iso-ne.com/isoexpress/web/reports/pricing/-/tree/lmps-rt-five-min-final,2026-09-25T20:08:21Z,
isone:.Z.SEMASS,lmp_rtm_15m_mean,2026-09-23T22:30:00Z,46.9867,USD/MWh,PT15M,"US-CT,US-MA,US-ME,US-NH,US-RI,US-VT",isone_rtm,.Z.SEMASS,isone:rt_lmp_5min,https://www.iso-ne.com/isoexpress/web/reports/pricing/-/tree/lmps-rt-five-min-final,2026-09-25T20:08:21Z,
isone:.Z.SEMASS,lmp_rtm_15m_mean,2026-09-23T22:45:00Z,48.41,USD/MWh,PT15M,"US-CT,US-MA,US-ME,US-NH,US-RI,US-VT",isone_rtm,.Z.SEMASS,isone:rt_lmp_5min,https://www.iso-ne.com/isoexpress/web/reports/pricing/-/tree/lmps-rt-five-min-final,2026-09-25T20:08:21Z,
isone:.Z.SEMASS,lmp_rtm_15m_mean,2026-09-23T23:00:00Z,49.2233,USD/MWh,PT15M,"US-CT,US-MA,US-ME,US-NH,US-RI,US-VT",isone_rtm,.Z.SEMASS,isone:rt_lmp_5min,https://www.iso-ne.com/isoexpress/web/reports/pricing/-/tree/lmps-rt-five-min-final,2026-09-25T20:08:21Z,
isone:.Z.SEMASS,lmp_rtm_15m_mean,2026-09-23T23:15:00Z,42.54,USD/MWh,PT15M,"US-CT,US-MA,US-ME,US-NH,US-RI,US-VT",isone_rtm,.Z.SEMASS,isone:rt_lmp_5min,https://www.iso-ne.com/isoexpress/web/reports/pricing/-/tree/lmps-rt-five-min-final,2026-09-25T20:08:21Z,
isone:.Z.SEMASS,lmp_rtm_15m_mean,2026-09-23T23:30:00Z,44.9367,USD/MWh,PT15M,"US-CT,US-MA,US-ME,US-NH,US-RI,US-VT",isone_rtm,.Z.SEMASS,isone:rt_lmp_5min,https://www.iso-ne.com/isoexpress/web/reports/pricing/-/tree/lmps-rt-five-min-final,2026-09-25T20:08:21Z,
isone:.Z.SEMASS,lmp_rtm_15m_mean,2026-09-23T23:45:00Z,33.3967,USD/MWh,PT15M,"US-CT,US-MA,US-ME,US-NH,US-RI,US-VT",isone_rtm,.Z.SEMASS,isone:rt_lmp_5min,https://www.iso-ne.com/isoexpress/web/reports/pricing/-/tree/lmps-rt-five-min-final,2026-09-25T20:08:21Z,
isone:.Z.SEMASS,lmp_rtm_15m_mean,2026-09-24T00:00:00Z,38.5633,USD/MWh,PT15M,"US-CT,US-MA,US-ME,US-NH,US-RI,US-VT",isone_rtm,.Z.SEMASS,isone:rt_lmp_5min,https://www.iso-ne.com/isoexpress/web/reports/pricing/-/tree/lmps-rt-five-min-final,2026-09-25T20:08:21Z,
isone:.Z.SEMASS,lmp_rtm_15m_mean,2026-09-24T00:15:00Z,34.51,USD/MWh,PT15M,"US-CT,US-MA,US-ME,US-NH,US-RI,US-VT",isone_rtm,.Z.SEMASS,isone:rt_lmp_5min,https://www.iso-ne.com/isoexpress/web/reports/pricing/-/tree/lmps-rt-five-min-final,2026-09-25T20:08:21Z,
isone:.Z.SEMASS,lmp_rtm_15m_mean,2026-09-24T00:30:00Z,32.0833,USD/MWh,PT15M,"US-CT,US-MA,US-ME,US-NH,US-RI,US-VT",isone_rtm,.Z.SEMASS,isone:rt_lmp_5min,https://www.iso-ne.com/isoexpress/web/reports/pricing/-/tree/lmps-rt-five-min-final,2026-09-25T20:08:21Z,
isone:.Z.SEMASS,lmp_rtm_15m_mean,2026-09-24T00:45:00Z,29.7,USD/MWh,PT15M,"US-CT,US-MA,US-ME,US-NH,US-RI,US-VT",isone_rtm,.Z.SEMASS,isone:rt_lmp_5min,https://www.iso-ne.com/isoexpress/web/reports/pricing/-/tree/lmps-rt-five-min-final,2026-09-25T20:08:21Z,
isone:.Z.SEMASS,lmp_rtm_15m_mean,2026-09-24T01:00:00Z,43.6933,USD/MWh,PT15M,"US-CT,US-MA,US-ME,US-NH,US-RI,US-VT",isone_rtm,.Z.SEMASS,isone:rt_lmp_5min,https://www.iso-ne.com/isoexpress/web/reports/pricing/-/tree/lmps-rt-five-min-final,2026-09-25T20:08:21Z,
isone:.Z.SEMASS,lmp_rtm_15m_mean,2026-09-24T01:15:00Z,32.1967,USD/MWh,PT15M,"US-CT,US-MA,US-ME,US-NH,US-RI,US-VT",isone_rtm,.Z.SEMASS,isone:rt_lmp_5min,https://www.iso-ne.com/isoexpress/web/reports/pricing/-/tree/lmps-rt-five-min-final,2026-09-25T20:08:21Z,
isone:.Z.SEMASS,lmp_rtm_15m_mean,2026-09-24T01:30:00Z,31.3333,USD/MWh,PT15M,"US-CT,US-MA,US-ME,US-NH,US-RI,US-VT",isone_rtm,.Z.SEMASS,isone:rt_lmp_5min,https://www.iso-ne.com/isoexpress/web/reports/pricing/-/tree/lmps-rt-five-min-final,2026-09-25T20:08:21Z,
isone:.Z.SEMASS,lmp_rtm_15m_mean,2026-09-24T01:45:00Z,29.64,USD/MWh,PT15M,"US-CT,US-MA,US-ME,US-NH,US-RI,US-VT",isone_rtm,.Z.SEMASS,isone:rt_lmp_5min,https://www.iso-ne.com/isoexpress/web/reports/pricing/-/tree/lmps-rt-five-min-final,2026-09-25T20:08:21Z,
isone:.Z.SEMASS,lmp_rtm_15m_mean,2026-09-24T02:00:00Z,52.5833,USD/MWh,PT15M,"US-CT,US-MA,US-ME,US-NH,US-RI,US-VT",isone_rtm,.Z.SEMASS,isone:rt_lmp_5min,https://www.iso-ne.com/isoexpress/web/reports/pricing/-/tree/lmps-rt-five-min-final,2026-09-25T20:08:21Z,
isone:.Z.SEMASS,lmp_rtm_15m_mean,2026-09-24T02:15:00Z,38.5667,USD/MWh,PT15M,"US-CT,US-MA,US-ME,US-NH,US-RI,US-VT",isone_rtm,.Z.SEMASS,isone:rt_lmp_5min,https://www.iso-ne.com/isoexpress/web/reports/pricing/-/tree/lmps-rt-five-min-final,2026-09-25T20:08:21Z,
isone:.Z.SEMASS,lmp_rtm_15m_mean,2026-09-24T02:30:00Z,30.7767,USD/MWh,PT15M,"US-CT,US-MA,US-ME,US-NH,US-RI,US-VT",isone_rtm,.Z.SEMASS,isone:rt_lmp_5min,https://www.iso-ne.com/isoexpress/web/reports/pricing/-/tree/lmps-rt-five-min-final,2026-09-25T20:08:21Z,
isone:.Z.SEMASS,lmp_rtm_15m_mean,2026-09-24T02:45:00Z,29.4,USD/MWh,PT15M,"US-CT,US-MA,US-ME,US-NH,US-RI,US-VT",isone_rtm,.Z.SEMASS,isone:rt_lmp_5min,https://www.iso-ne.com/isoexpress/web/reports/pricing/-/tree/lmps-rt-five-min-final,2026-09-25T20:08:21Z,
isone:.Z.SEMASS,lmp_rtm_15m_mean,2026-09-24T03:00:00Z,30.2467,USD/MWh,PT15M,"US-CT,US-MA,US-ME,US-NH,US-RI,US-VT",isone_rtm,.Z.SEMASS,isone:rt_lmp_5min,https://www.iso-ne.com/isoexpress/web/reports/pricing/-/tree/lmps-rt-five-min-final,2026-09-25T20:08:21Z,
isone:.Z.SEMASS,lmp_rtm_15m_mean,2026-09-24T03:15:00Z,30.4567,USD/MWh,PT15M,"US-CT,US-MA,US-ME,US-NH,US-RI,US-VT",isone_rtm,.Z.SEMASS,isone:rt_lmp_5min,https://www.iso-ne.com/isoexpress/web/reports/pricing/-/tree/lmps-rt-five-min-final,2026-09-25T20:08:21Z,
isone:.Z.SEMASS,lmp_rtm_15m_mean,2026-09-24T03:30:00Z,27.52,USD/MWh,PT15M,"US-CT,US-MA,US-ME,US-NH,US-RI,US-VT",isone_rtm,.Z.SEMASS,isone:rt_lmp_5min,https://www.iso-ne.com/isoexpress/web/reports/pricing/-/tree/lmps-rt-five-min-final,2026-09-25T20:08:21Z,
isone:.Z.SEMASS,lmp_rtm_15m_mean,2026-09-24T03:45:00Z,25.45,USD/MWh,PT15M,"US-CT,US-MA,US-ME,US-NH,US-RI,US-VT",isone_rtm,.Z.SEMASS,isone:rt_lmp_5min,https://www.iso-ne.com/isoexpress/web/reports/pricing/-/tree/lmps-rt-five-min-final,2026-09-25T20:08:21Z,
isone:.Z.SEMASS,lmp_rtm_15m_mean,2026-09-24T04:00:00Z,26.89,USD/MWh,PT15M,"US-CT,US-MA,US-ME,US-NH,US-RI,US-VT",isone_rtm,.Z.SEMASS,isone:rt_lmp_5min,https://www.iso-ne.com/isoexpress/web/reports/pricing/-/tree/lmps-rt-five-min-final,2026-09-25T20:08:36Z,
isone:.Z.SEMASS,lmp_rtm_15m_mean,2026-09-24T04:15:00Z,27.2833,USD/MWh,PT15M,"US-CT,US-MA,US-ME,US-NH,US-RI,US-VT",isone_rtm,.Z.SEMASS,isone:rt_lmp_5min,https://www.iso-ne.com/isoexpress/web/reports/pricing/-/tree/lmps-rt-five-min-final,2026-09-25T20:08:36Z,
isone:.Z.SEMASS,lmp_rtm_15m_mean,2026-09-24T04:30:00Z,26.3033,USD/MWh,PT15M,"US-CT,US-MA,US-ME,US-NH,US-RI,US-VT",isone_rtm,.Z.SEMASS,isone:rt_lmp_5min,https://www.iso-ne.com/isoexpress/web/reports/pricing/-/tree/lmps-rt-five-min-final,2026-09-25T20:08:36Z,
isone:.Z.SEMASS,lmp_rtm_15m_mean,2026-09-24T04:45:00Z,25.4533,USD/MWh,PT15M,"US-CT,US-MA,US-ME,US-NH,US-RI,US-VT",isone_rtm,.Z.SEMASS,isone:rt_lmp_5min,https://www.iso-ne.com/isoexpress/web/reports/pricing/-/tree/lmps-rt-five-min-final,2026-09-25T20:08:36Z,
isone:.Z.SEMASS,lmp_rtm_15m_mean,2026-09-24T05:00:00Z,25.9167,USD/MWh,PT15M,"US-CT,US-MA,US-ME,US-NH,US-RI,US-VT",isone_rtm,.Z.SEMASS,isone:rt_lmp_5min,https://www.iso-ne.com/isoexpress/web/reports/pricing/-/tree/lmps-rt-five-min-final,2026-09-25T20:08:36Z,
isone:.Z.SEMASS,lmp_rtm_15m_mean,2026-09-24T05:15:00Z,26.99,USD/MWh,PT15M,"US-CT,US-MA,US-ME,US-NH,US-RI,US-VT",isone_rtm,.Z.SEMASS,isone:rt_lmp_5min,https://www.iso-ne.com/isoexpress/web/reports/pricing/-/tree/lmps-rt-five-min-final,2026-09-25T20:08:36Z,
isone:.Z.SEMASS,lmp_rtm_15m_mean,2026-09-24T05:30:00Z,25.51,USD/MWh,PT15M,"US-CT,US-MA,US-ME,US-NH,US-RI,US-VT",isone_rtm,.Z.SEMASS,isone:rt_lmp_5min,https://www.iso-ne.com/isoexpress/web/reports/pricing/-/tree/lmps-rt-five-min-final,2026-09-25T20:08:36Z,
isone:.Z.SEMASS,lmp_rtm_15m_mean,2026-09-24T05:45:00Z,25.38,USD/MWh,PT15M,"US-CT,US-MA,US-ME,US-NH,US-RI,US-VT",isone_rtm,.Z.SEMASS,isone:rt_lmp_5min,https://www.iso-ne.com/isoexpress/web/reports/pricing/-/tree/lmps-rt-five-min-final,2026-09-25T20:08:36Z,
isone:.Z.SEMASS,lmp_rtm_15m_mean,2026-09-24T06:00:00Z,25.15,USD/MWh,PT15M,"US-CT,US-MA,US-ME,US-NH,US-RI,US-VT",isone_rtm,.Z.SEMASS,isone:rt_lmp_5min,https://www.iso-ne.com/isoexpress/web/reports/pricing/-/tree/lmps-rt-five-min-final,2026-09-25T20:08:36Z,
isone:.Z.SEMASS,lmp_rtm_15m_mean,2026-09-24T06:15:00Z,24.7833,USD/MWh,PT15M,"US-CT,US-MA,US-ME,US-NH,US-RI,US-VT",isone_rtm,.Z.SEMASS,isone:rt_lmp_5min,https://www.iso-ne.com/isoexpress/web/reports/pricing/-/tree/lmps-rt-five-min-final,2026-09-25T20:08:36Z,
isone:.Z.SEMASS,lmp_rtm_15m_mean,2026-09-24T06:30:00Z,25.04,USD/MWh,PT15M,"US-CT,US-MA,US-ME,US-NH,US-RI,US-VT",isone_rtm,.Z.SEMASS,isone:rt_lmp_5min,https://www.iso-ne.com/isoexpress/web/reports/pricing/-/tree/lmps-rt-five-min-final,2026-09-25T20:08:36Z,
isone:.Z.SEMASS,lmp_rtm_15m_mean,2026-09-24T06:45:00Z,24.82,USD/MWh,PT15M,"US-CT,US-MA,US-ME,US-NH,US-RI,US-VT",isone_rtm,.Z.SEMASS,isone:rt_lmp_5min,https://www.iso-ne.com/isoexpress/web/reports/pricing/-/tree/lmps-rt-five-min-final,2026-09-25T20:08:36Z,
isone:.Z.SEMASS,lmp_rtm_15m_mean,2026-09-24T07:00:00Z,24.7333,USD/MWh,PT15M,"US-CT,US-MA,US-ME,US-NH,US-RI,US-VT",isone_rtm,.Z.SEMASS,isone:rt_lmp_5min,https://www.iso-ne.com/isoexpress/web/reports/pricing/-/tree/lmps-rt-five-min-final,2026-09-25T20:08:36Z,
isone:.Z.SEMASS,lmp_rtm_15m_mean,2026-09-24T07:15:00Z,25.1033,USD/MWh,PT15M,"US-CT,US-MA,US-ME,US-NH,US-RI,US-VT",isone_rtm,.Z.SEMASS,isone:rt_lmp_5min,https://www.iso-ne.com/isoexpress/web/reports/pricing/-/tree/lmps-rt-five-min-final,2026-09-25T20:08:36Z,
isone:.Z.SEMASS,lmp_rtm_15m_mean,2026-09-24T07:30:00Z,25.25,USD/MWh,PT15M,"US-CT,US-MA,US-ME,US-NH,US-RI,US-VT",isone_rtm,.Z.SEMASS,isone:rt_lmp_5min,https://www.iso-ne.com/isoexpress/web/reports/pricing/-/tree/lmps-rt-five-min-final,2026-09-25T20:08:36Z,
isone:.Z.SEMASS,lmp_rtm_15m_mean,2026-09-24T07:45:00Z,25.2233,USD/MWh,PT15M,"US-CT,US-MA,US-ME,US-NH,US-RI,US-VT",isone_rtm,.Z.SEMASS,isone:rt_lmp_5min,https://www.iso-ne.com/isoexpress/web/reports/pricing/-/tree/lmps-rt-five-min-final,2026-09-25T20:08:36Z,
isone:.Z.SEMASS,lmp_rtm_15m_mean,2026-09-24T08:00:00Z,24.2567,USD/MWh,PT15M,"US-CT,US-MA,US-ME,US-NH,US-RI,US-VT",isone_rtm,.Z.SEMASS,isone:rt_lmp_5min,https://www.iso-ne.com/isoexpress/web/reports/pricing/-/tree/lmps-rt-five-min-final,2026-09-25T20:08:36Z,
isone:.Z.SEMASS,lmp_rtm_15m_mean,2026-09-24T08:15:00Z,24.1733,USD/MWh,PT15M,"US-CT,US-MA,US-ME,US-NH,US-RI,US-VT",isone_rtm,.Z.SEMASS,isone:rt_lmp_5min,https://www.iso-ne.com/isoexpress/web/reports/pricing/-/tree/lmps-rt-five-min-final,2026-09-25T20:08:36Z,
isone:.Z.SEMASS,lmp_rtm_15m_mean,2026-09-24T08:30:00Z,24.31,USD/MWh,PT15M,"US-CT,US-MA,US-ME,US-NH,US-RI,US-VT",isone_rtm,.Z.SEMASS,isone:rt_lmp_5min,https://www.iso-ne.com/isoexpress/web/reports/pricing/-/tree/lmps-rt-five-min-final,2026-09-25T20:08:36Z,
isone:.Z.SEMASS,lmp_rtm_15m_mean,2026-09-24T08:45:00Z,24.92,USD/MWh,PT15M,"US-CT,US-MA,US-ME,US-NH,US-RI,US-VT",isone_rtm,.Z.SEMASS,isone:rt_lmp_5min,https://www.iso-ne.com/isoexpress/web/reports/pricing/-/tree/lmps-rt-five-min-final,2026-09-25T20:08:36Z,
isone:.Z.SEMASS,lmp_rtm_15m_mean,2026-09-24T09:00:00Z,27.08,USD/MWh,PT15M,"US-CT,US-MA,US-ME,US-NH,US-RI,US-VT",isone_rtm,.Z.SEMASS,isone:rt_lmp_5min,https://www.iso-ne.com/isoexpress/web/reports/pricing/-/tree/lmps-rt-five-min-final,2026-09-25T20:08:36Z,
isone:.Z.SEMASS,lmp_rtm_15m_mean,2026-09-24T09:15:00Z,33.1433,USD/MWh,PT15M,"US-CT,US-MA,US-ME,US-NH,US-RI,US-VT",isone_rtm,.Z.SEMASS,isone:rt_lmp_5min,https://www.iso-ne.com/isoexpress/web/reports/pricing/-/tree/lmps-rt-five-min-final,2026-09-25T20:08:36Z,
isone:.Z.SEMASS,lmp_rtm_15m_mean,2026-09-24T09:30:00Z,33.2133,USD/MWh,PT15M,"US-CT,US-MA,US-ME,US-NH,US-RI,US-VT",isone_rtm,.Z.SEMASS,isone:rt_lmp_5min,https://www.iso-ne.com/isoexpress/web/reports/pricing/-/tree/lmps-rt-five-min-final,2026-09-25T20:08:36Z,
isone:.Z.SEMASS,lmp_rtm_15m_mean,2026-09-24T09:45:00Z,35.76,USD/MWh,PT15M,"US-CT,US-MA,US-ME,US-NH,US-RI,US-VT",isone_rtm,.Z.SEMASS,isone:rt_lmp_5min,https://www.iso-ne.com/isoexpress/web/reports/pricing/-/tree/lmps-rt-five-min-final,2026-09-25T20:08:36Z,
isone:.Z.SEMASS,lmp_rtm_15m_mean,2026-09-24T10:00:00Z,26.64,USD/MWh,PT15M,"US-CT,US-MA,US-ME,US-NH,US-RI,US-VT",isone_rtm,.Z.SEMASS,isone:rt_lmp_5min,https://www.iso-ne.com/isoexpress/web/reports/pricing/-/tree/lmps-rt-five-min-final,2026-09-25T20:08:36Z,
isone:.Z.SEMASS,lmp_rtm_15m_mean,2026-09-24T10:15:00Z,25.92,USD/MWh,PT15M,"US-CT,US-MA,US-ME,US-NH,US-RI,US-VT",isone_rtm,.Z.SEMASS,isone:rt_lmp_5min,https://www.iso-ne.com/isoexpress/web/reports/pricing/-/tree/lmps-rt-five-min-final,2026-09-25T20:08:36Z,
isone:.Z.SEMASS,lmp_rtm_15m_mean,2026-09-24T10:30:00Z,30.5833,USD/MWh,PT15M,"US-CT,US-MA,US-ME,US-NH,US-RI,US-VT",isone_rtm,.Z.SEMASS,isone:rt_lmp_5min,https://www.iso-ne.com/isoexpress/web/reports/pricing/-/tree/lmps-rt-five-min-final,2026-09-25T20:08:36Z,
isone:.Z.SEMASS,lmp_rtm_15m_mean,2026-09-24T10:45:00Z,33.9033,USD/MWh,PT15M,"US-CT,US-MA,US-ME,US-NH,US-RI,US-VT",isone_rtm,.Z.SEMASS,isone:rt_lmp_5min,https://www.iso-ne.com/isoexpress/web/reports/pricing/-/tree/lmps-rt-five-min-final,2026-09-25T20:08:36Z,
isone:.Z.SEMASS,lmp_rtm_15m_mean,2026-09-24T11:00:00Z,31.2933,USD/MWh,PT15M,"US-CT,US-MA,US-ME,US-NH,US-RI,US-VT",isone_rtm,.Z.SEMASS,isone:rt_lmp_5min,https://www.iso-ne.com/isoexpress/web/reports/pricing/-/tree/lmps-rt-five-min-final,2026-09-25T20:08:36Z,
isone:.Z.SEMASS,lmp_rtm_15m_mean,2026-09-24T11:15:00Z,25.35,USD/MWh,PT15M,"US-CT,US-MA,US-ME,US-NH,US-RI,US-VT",isone_rtm,.Z.SEMASS,isone:rt_lmp_5min,https://www.iso-ne.com/isoexpress/web/reports/pricing/-/tree/lmps-rt-five-min-final,2026-09-25T20:08:36Z,
isone:.Z.SEMASS,lmp_rtm_15m_mean,2026-09-24T11:30:00Z,25.2833,USD/MWh,PT15M,"US-CT,US-MA,US-ME,US-NH,US-RI,US-VT",isone_rtm,.Z.SEMASS,isone:rt_lmp_5min,https://www.iso-ne.com/isoexpress/web/reports/pricing/-/tree/lmps-rt-five-min-final,2026-09-25T20:08:36Z,
isone:.Z.SEMASS,lmp_rtm_15m_mean,2026-09-24T11:45:00Z,24.78,USD/MWh,PT15M,"US-CT,US-MA,US-ME,US-NH,US-RI,US-VT",isone_rtm,.Z.SEMASS,isone:rt_lmp_5min,https://www.iso-ne.com/isoexpress/web/reports/pricing/-/tree/lmps-rt-five-min-final,2026-09-25T20:08:36Z,
isone:.Z.SEMASS,lmp_rtm_15m_mean,2026-09-24T12:00:00Z,27.2733,USD/MWh,PT15M,"US-CT,US-MA,US-ME,US-NH,US-RI,US-VT",isone_rtm,.Z.SEMASS,isone:rt_lmp_5min,https://www.iso-ne.com/isoexpress/web/reports/pricing/-/tree/lmps-rt-five-min-final,2026-09-25T20:08:36Z,
isone:.Z.SEMASS,lmp_rtm_15m_mean,2026-09-24T12:15:00Z,32.8333,USD/MWh,PT15M,"US-CT,US-MA,US-ME,US-NH,US-RI,US-VT",isone_rtm,.Z.SEMASS,isone:rt_lmp_5min,https://www.iso-ne.com/isoexpress/web/reports/pricing/-/tree/lmps-rt-five-min-final,2026-09-25T20:08:36Z,
isone:.Z.SEMASS,lmp_rtm_15m_mean,2026-09-24T12:30:00Z,26.4833,USD/MWh,PT15M,"US-CT,US-MA,US-ME,US-NH,US-RI,US-VT",isone_rtm,.Z.SEMASS,isone:rt_lmp_5min,https://www.iso-ne.com/isoexpress/web/reports/pricing/-/tree/lmps-rt-five-min-final,2026-09-25T20:08:36Z,
isone:.Z.SEMASS,lmp_rtm_15m_mean,2026-09-24T12:45:00Z,23.8233,USD/MWh,PT15M,"US-CT,US-MA,US-ME,US-NH,US-RI,US-VT",isone_rtm,.Z.SEMASS,isone:rt_lmp_5min,https://www.iso-ne.com/isoexpress/web/reports/pricing/-/tree/lmps-rt-five-min-final,2026-09-25T20:08:36Z,
isone:.Z.SEMASS,lmp_rtm_15m_mean,2026-09-24T13:00:00Z,21.77,USD/MWh,PT15M,"US-CT,US-MA,US-ME,US-NH,US-RI,US-VT",isone_rtm,.Z.SEMASS,isone:rt_lmp_5min,https://www.iso-ne.com/isoexpress/web/reports/pricing/-/tree/lmps-rt-five-min-final,2026-09-25T20:08:36Z,
isone:.Z.SEMASS,lmp_rtm_15m_mean,2026-09-24T13:15:00Z,22.14,USD/MWh,PT15M,"US-CT,US-MA,US-ME,US-NH,US-RI,US-VT",isone_rtm,.Z.SEMASS,isone:rt_lmp_5min,https://www.iso-ne.com/isoexpress/web/reports/pricing/-/tree/lmps-rt-five-min-final,2026-09-25T20:08:36Z,
isone:.Z.SEMASS,lmp_rtm_15m_mean,2026-09-24T13:30:00Z,22.0533,USD/MWh,PT15M,"US-CT,US-MA,US-ME,US-NH,US-RI,US-VT",isone_rtm,.Z.SEMASS,isone:rt_lmp_5min,https://www.iso-ne.com/isoexpress/web/reports/pricing/-/tree/lmps-rt-five-min-final,2026-09-25T20:08:36Z,
isone:.Z.SEMASS,lmp_rtm_15m_mean,2026-09-24T13:45:00Z,22.3067,USD/MWh,PT15M,"US-CT,US-MA,US-ME,US-NH,US-RI,US-VT",isone_rtm,.Z.SEMASS,isone:rt_lmp_5min,https://www.iso-ne.com/isoexpress/web/reports/pricing/-/tree/lmps-rt-five-min-final,2026-09-25T20:08:36Z,
isone:.Z.SEMASS,lmp_rtm_15m_mean,2026-09-24T14:00:00Z,25.06,USD/MWh,PT15M,"US-CT,US-MA,US-ME,US-NH,US-RI,US-VT",isone_rtm,.Z.SEMASS,isone:rt_lmp_5min,https://www.iso-ne.com/isoexpress/web/reports/pricing/-/tree/lmps-rt-five-min-final,2026-09-25T20:08:36Z,
isone:.Z.SEMASS,lmp_rtm_15m_mean,2026-09-24T14:15:00Z,25.03,USD/MWh,PT15M,"US-CT,US-MA,US-ME,US-NH,US-RI,US-VT",isone_rtm,.Z.SEMASS,isone:rt_lmp_5min,https://www.iso-ne.com/isoexpress/web/reports/pricing/-/tree/lmps-rt-five-min-final,2026-09-25T20:08:36Z,
isone:.Z.SEMASS,lmp_rtm_15m_mean,2026-09-24T14:30:00Z,24.9167,USD/MWh,PT15M,"US-CT,US-MA,US-ME,US-NH,US-RI,US-VT",isone_rtm,.Z.SEMASS,isone:rt_lmp_5min,https://www.iso-ne.com/isoexpress/web/reports/pricing/-/tree/lmps-rt-five-min-final,2026-09-25T20:08:36Z,
isone:.Z.SEMASS,lmp_rtm_15m_mean,2026-09-24T14:45:00Z,24.6267,USD/MWh,PT15M,"US-CT,US-MA,US-ME,US-NH,US-RI,US-VT",isone_rtm,.Z.SEMASS,isone:rt_lmp_5min,https://www.iso-ne.com/isoexpress/web/reports/pricing/-/tree/lmps-rt-five-min-final,2026-09-25T20:08:36Z,
isone:.Z.SEMASS,lmp_rtm_15m_mean,2026-09-24T15:00:00Z,22.9567,USD/MWh,PT15M,"US-CT,US-MA,US-ME,US-NH,US-RI,US-VT",isone_rtm,.Z.SEMASS,isone:rt_lmp_5min,https://www.iso-ne.com/isoexpress/web/reports/pricing/-/tree/lmps-rt-five-min-final,2026-09-25T20:08:36Z,
isone:.Z.SEMASS,lmp_rtm_15m_mean,2026-09-24T15:15:00Z,6.8467,USD/MWh,PT15M,"US-CT,US-MA,US-ME,US-NH,US-RI,US-VT",isone_rtm,.Z.SEMASS,isone:rt_lmp_5min,https://www.iso-ne.com/isoexpress/web/reports/pricing/-/tree/lmps-rt-five-min-final,2026-09-25T20:08:36Z,
isone:.Z.SEMASS,lmp_rtm_15m_mean,2026-09-24T15:30:00Z,-4.5433,USD/MWh,PT15M,"US-CT,US-MA,US-ME,US-NH,US-RI,US-VT",isone_rtm,.Z.SEMASS,isone:rt_lmp_5min,https://www.iso-ne.com/isoexpress/web/reports/pricing/-/tree/lmps-rt-five-min-final,2026-09-25T20:08:36Z,
isone:.Z.SEMASS,lmp_rtm_15m_mean,2026-09-24T15:45:00Z,-4.5267,USD/MWh,PT15M,"US-CT,US-MA,US-ME,US-NH,US-RI,US-VT",isone_rtm,.Z.SEMASS,isone:rt_lmp_5min,https://www.iso-ne.com/isoexpress/web/reports/pricing/-/tree/lmps-rt-five-min-final,2026-09-25T20:08:36Z,
isone:.Z.SEMASS,lmp_rtm_15m_mean,2026-09-24T16:00:00Z,-5.8733,USD/MWh,PT15M,"US-CT,US-MA,US-ME,US-NH,US-RI,US-VT",isone_rtm,.Z.SEMASS,isone:rt_lmp_5min,https://www.iso-ne.com/isoexpress/web/reports/pricing/-/tree/lmps-rt-five-min-final,2026-09-25T20:08:36Z,
isone:.Z.SEMASS,lmp_rtm_15m_mean,2026-09-24T16:15:00Z,-12.6333,USD/MWh,PT15M,"US-CT,US-MA,US-ME,US-NH,US-RI,US-VT",isone_rtm,.Z.SEMASS,isone:rt_lmp_5min,https://www.iso-ne.com/isoexpress/web/reports/pricing/-/tree/lmps-rt-five-min-final,2026-09-25T20:08:36Z,
isone:.Z.SEMASS,lmp_rtm_15m_mean,2026-09-24T16:30:00Z,-0.76,USD/MWh,PT15M,"US-CT,US-MA,US-ME,US-NH,US-RI,US-VT",isone_rtm,.Z.SEMASS,isone:rt_lmp_5min,https://www.iso-ne.com/isoexpress/web/reports/pricing/-/tree/lmps-rt-five-min-final,2026-09-25T20:08:36Z,
isone:.Z.SEMASS,lmp_rtm_15m_mean,2026-09-24T16:45:00Z,20.5433,USD/MWh,PT15M,"US-CT,US-MA,US-ME,US-NH,US-RI,US-VT",isone_rtm,.Z.SEMASS,isone:rt_lmp_5min,https://www.iso-ne.com/isoexpress/web/reports/pricing/-/tree/lmps-rt-five-min-final,2026-09-25T20:08:36Z,
isone:.Z.SEMASS,lmp_rtm_15m_mean,2026-09-24T17:00:00Z,21.7133,USD/MWh,PT15M,"US-CT,US-MA,US-ME,US-NH,US-RI,US-VT",isone_rtm,.Z.SEMASS,isone:rt_lmp_5min,https://www.iso-ne.com/isoexpress/web/reports/pricing/-/tree/lmps-rt-five-min-final,2026-09-25T20:08:36Z,
isone:.Z.SEMASS,lmp_rtm_15m_mean,2026-09-24T17:15:00Z,19.1233,USD/MWh,PT15M,"US-CT,US-MA,US-ME,US-NH,US-RI,US-VT",isone_rtm,.Z.SEMASS,isone:rt_lmp_5min,https://www.iso-ne.com/isoexpress/web/reports/pricing/-/tree/lmps-rt-five-min-final,2026-09-25T20:08:36Z,
isone:.Z.SEMASS,lmp_rtm_15m_mean,2026-09-24T17:30:00Z,18.9367,USD/MWh,PT15M,"US-CT,US-MA,US-ME,US-NH,US-RI,US-VT",isone_rtm,.Z.SEMASS,isone:rt_lmp_5min,https://www.iso-ne.com/isoexpress/web/reports/pricing/-/tree/lmps-rt-five-min-final,2026-09-25T20:08:36Z,
isone:.Z.SEMASS,lmp_rtm_15m_mean,2026-09-24T17:45:00Z,13.0833,USD/MWh,PT15M,"US-CT,US-MA,US-ME,US-NH,US-RI,US-VT",isone_rtm,.Z.SEMASS,isone:rt_lmp_5min,https://www.iso-ne.com/isoexpress/web/reports/pricing/-/tree/lmps-rt-five-min-final,2026-09-25T20:08:36Z,
isone:.Z.SEMASS,lmp_rtm_15m_mean,2026-09-24T18:00:00Z,13.0967,USD/MWh,PT15M,"US-CT,US-MA,US-ME,US-NH,US-RI,US-VT",isone_rtm,.Z.SEMASS,isone:rt_lmp_5min,https://www.iso-ne.com/isoexpress/web/reports/pricing/-/tree/lmps-rt-five-min-final,2026-09-25T20:08:36Z,
isone:.Z.SEMASS,lmp_rtm_15m_mean,2026-09-24T18:15:00Z,21.05,USD/MWh,PT15M,"US-CT,US-MA,US-ME,US-NH,US-RI,US-VT",isone_rtm,.Z.SEMASS,isone:rt_lmp_5min,https://www.iso-ne.com/isoexpress/web/reports/pricing/-/tree/lmps-rt-five-min-final,2026-09-25T20:08:36Z,
isone:.Z.SEMASS,lmp_rtm_15m_mean,2026-09-24T18:30:00Z,21.8267,USD/MWh,PT15M,"US-CT,US-MA,US-ME,US-NH,US-RI,US-VT",isone_rtm,.Z.SEMASS,isone:rt_lmp_5min,https://www.iso-ne.com/isoexpress/web/reports/pricing/-/tree/lmps-rt-five-min-final,2026-09-25T20:08:36Z,
isone:.Z.SEMASS,lmp_rtm_15m_mean,2026-09-24T18:45:00Z,22.4533,USD/MWh,PT15M,"US-CT,US-MA,US-ME,US-NH,US-RI,US-VT",isone_rtm,.Z.SEMASS,isone:rt_lmp_5min,https://www.iso-ne.com/isoexpress/web/reports/pricing/-/tree/lmps-rt-five-min-final,2026-09-25T20:08:36Z,
isone:.Z.SEMASS,lmp_rtm_15m_mean,2026-09-24T19:00:00Z,21.48,USD/MWh,PT15M,"US-CT,US-MA,US-ME,US-NH,US-RI,US-VT",isone_rtm,.Z.SEMASS,isone:rt_lmp_5min,https://www.iso-ne.com/isoexpress/web/reports/pricing/-/tree/lmps-rt-five-min-final,2026-09-25T20:08:36Z,
isone:.Z.SEMASS,lmp_rtm_15m_mean,2026-09-24T19:15:00Z,21.0367,USD/MWh,PT15M,"US-CT,US-MA,US-ME,US-NH,US-RI,US-VT",isone_rtm,.Z.SEMASS,isone:rt_lmp_5min,https://www.iso-ne.com/isoexpress/web/reports/pricing/-/tree/lmps-rt-five-min-final,2026-09-25T20:08:36Z,
isone:.Z.SEMASS,lmp_rtm_15m_mean,2026-09-24T19:30:00Z,21.69,USD/MWh,PT15M,"US-CT,US-MA,US-ME,US-NH,US-RI,US-VT",isone_rtm,.Z.SEMASS,isone:rt_lmp_5min,https://www.iso-ne.com/isoexpress/web/reports/pricing/-/tree/lmps-rt-five-min-final,2026-09-25T20:08:36Z,
isone:.Z.SEMASS,lmp_rtm_15m_mean,2026-09-24T19:45:00Z,22.4033,USD/MWh,PT15M,"US-CT,US-MA,US-ME,US-NH,US-RI,US-VT",isone_rtm,.Z.SEMASS,isone:rt_lmp_5min,https://www.iso-ne.com/isoexpress/web/reports/pricing/-/tree/lmps-rt-five-min-final,2026-09-25T20:08:36Z,
isone:.Z.SEMASS,lmp_rtm_15m_mean,2026-09-24T20:00:00Z,21.8733,USD/MWh,PT15M,"US-CT,US-MA,US-ME,US-NH,US-RI,US-VT",isone_rtm,.Z.SEMASS,isone:rt_lmp_5min,https://www.iso-ne.com/isoexpress/web/reports/pricing/-/tree/lmps-rt-five-min-final,2026-09-25T20:08:36Z,
isone:.Z.SEMASS,lmp_rtm_15m_mean,2026-09-24T20:15:00Z,21.0267,USD/MWh,PT15M,"US-CT,US-MA,US-ME,US-NH,US-RI,US-VT",isone_rtm,.Z.SEMASS,isone:rt_lmp_5min,https://www.iso-ne.com/isoexpress/web/reports/pricing/-/tree/lmps-rt-five-min-final,2026-09-25T20:08:36Z,
isone:.Z.SEMASS,lmp_rtm_15m_mean,2026-09-24T20:30:00Z,21.84,USD/MWh,PT15M,"US-CT,US-MA,US-ME,US-NH,US-RI,US-VT",isone_rtm,.Z.SEMASS,isone:rt_lmp_5min,https://www.iso-ne.com/isoexpress/web/reports/pricing/-/tree/lmps-rt-five-min-final,2026-09-25T20:08:36Z,
isone:.Z.SEMASS,lmp_rtm_15m_mean,2026-09-24T20:45:00Z,24.1467,USD/MWh,PT15M,"US-CT,US-MA,US-ME,US-NH,US-RI,US-VT",isone_rtm,.Z.SEMASS,isone:rt_lmp_5min,https://www.iso-ne.com/isoexpress/web/reports/pricing/-/tree/lmps-rt-five-min-final,2026-09-25T20:08:36Z,
isone:.Z.SEMASS,lmp_rtm_15m_mean,2026-09-24T21:00:00Z,22.6567,USD/MWh,PT15M,"US-CT,US-MA,US-ME,US-NH,US-RI,US-VT",isone_rtm,.Z.SEMASS,isone:rt_lmp_5min,https://www.iso-ne.com/isoexpress/web/reports/pricing/-/tree/lmps-rt-five-min-final,2026-09-25T20:08:36Z,
isone:.Z.SEMASS,lmp_rtm_15m_mean,2026-09-24T21:15:00Z,22.37,USD/MWh,PT15M,"US-CT,US-MA,US-ME,US-NH,US-RI,US-VT",isone_rtm,.Z.SEMASS,isone:rt_lmp_5min,https://www.iso-ne.com/isoexpress/web/reports/pricing/-/tree/lmps-rt-five-min-final,2026-09-25T20:08:36Z,
isone:.Z.SEMASS,lmp_rtm_15m_mean,2026-09-24T21:30:00Z,29.3633,USD/MWh,PT15M,"US-CT,US-MA,US-ME,US-NH,US-RI,US-VT",isone_rtm,.Z.SEMASS,isone:rt_lmp_5min,https://www.iso-ne.com/isoexpress/web/reports/pricing/-/tree/lmps-rt-five-min-final,2026-09-25T20:08:36Z,
isone:.Z.SEMASS,lmp_rtm_15m_mean,2026-09-24T21:45:00Z,38.1,USD/MWh,PT15M,"US-CT,US-MA,US-ME,US-NH,US-RI,US-VT",isone_rtm,.Z.SEMASS,isone:rt_lmp_5min,https://www.iso-ne.com/isoexpress/web/reports/pricing/-/tree/lmps-rt-five-min-final,2026-09-25T20:08:36Z,
isone:.Z.SEMASS,lmp_rtm_15m_mean,2026-09-24T22:00:00Z,34.0067,USD/MWh,PT15M,"US-CT,US-MA,US-ME,US-NH,US-RI,US-VT",isone_rtm,.Z.SEMASS,isone:rt_lmp_5min,https://www.iso-ne.com/isoexpress/web/reports/pricing/-/tree/lmps-rt-five-min-final,2026-09-25T20:08:36Z,
isone:.Z.SEMASS,lmp_rtm_15m_mean,2026-09-24T22:15:00Z,33.9533,USD/MWh,PT15M,"US-CT,US-MA,US-ME,US-NH,US-RI,US-VT",isone_rtm,.Z.SEMASS,isone:rt_lmp_5min,https://www.iso-ne.com/isoexpress/web/reports/pricing/-/tree/lmps-rt-five-min-final,2026-09-25T20:08:36Z,
isone:.Z.SEMASS,lmp_rtm_15m_mean,2026-09-24T22:30:00Z,46.5433,USD/MWh,PT15M,"US-CT,US-MA,US-ME,US-NH,US-RI,US-VT",isone_rtm,.Z.SEMASS,isone:rt_lmp_5min,https://www.iso-ne.com/isoexpress/web/reports/pricing/-/tree/lmps-rt-five-min-final,2026-09-25T20:08:36Z,
isone:.Z.SEMASS,lmp_rtm_15m_mean,2026-09-24T22:45:00Z,48.3967,USD/MWh,PT15M,"US-CT,US-MA,US-ME,US-NH,US-RI,US-VT",isone_rtm,.Z.SEMASS,isone:rt_lmp_5min,https://www.iso-ne.com/isoexpress/web/reports/pricing/-/tree/lmps-rt-five-min-final,2026-09-25T20:08:36Z,
isone:.Z.SEMASS,lmp_rtm_15m_mean,2026-09-24T23:00:00Z,38.89,USD/MWh,PT15M,"US-CT,US-MA,US-ME,US-NH,US-RI,US-VT",isone_rtm,.Z.SEMASS,isone:rt_lmp_5min,https://www.iso-ne.com/isoexpress/web/reports/pricing/-/tree/lmps-rt-five-min-final,2026-09-25T20:08:36Z,
isone:.Z.SEMASS,lmp_rtm_15m_mean,2026-09-24T23:15:00Z,37.9233,USD/MWh,PT15M,"US-CT,US-MA,US-ME,US-NH,US-RI,US-VT",isone_rtm,.Z.SEMASS,isone:rt_lmp_5min,https://www.iso-ne.com/isoexpress/web/reports/pricing/-/tree/lmps-rt-five-min-final,2026-09-25T20:08:36Z,
isone:.Z.SEMASS,lmp_rtm_15m_mean,2026-09-24T23:30:00Z,37.51,USD/MWh,PT15M,"US-CT,US-MA,US-ME,US-NH,US-RI,US-VT",isone_rtm,.Z.SEMASS,isone:rt_lmp_5min,https://www.iso-ne.com/isoexpress/web/reports/pricing/-/tree/lmps-rt-five-min-final,2026-09-25T20:08:36Z,
isone:.Z.SEMASS,lmp_rtm_15m_mean,2026-09-24T23:45:00Z,32.7667,USD/MWh,PT15M,"US-CT,US-MA,US-ME,US-NH,US-RI,US-VT",isone_rtm,.Z.SEMASS,isone:rt_lmp_5min,https://www.iso-ne.com/isoexpress/web/reports/pricing/-/tree/lmps-rt-five-min-final,2026-09-25T20:08:36Z,
isone:.Z.SEMASS,lmp_rtm_15m_mean,2026-09-25T00:00:00Z,37.0533,USD/MWh,PT15M,"US-CT,US-MA,US-ME,US-NH,US-RI,US-VT",isone_rtm,.Z.SEMASS,isone:rt_lmp_5min,https://www.iso-ne.com/isoexpress/web/reports/pricing/-/tree/lmps-rt-five-min-final,2026-09-25T20:08:36Z,
isone:.Z.SEMASS,lmp_rtm_15m_mean,2026-09-25T00:15:00Z,31.5567,USD/MWh,PT15M,"US-CT,US-MA,US-ME,US-NH,US-RI,US-VT",isone_rtm,.Z.SEMASS,isone:rt_lmp_5min,https://www.iso-ne.com/isoexpress/web/reports/pricing/-/tree/lmps-rt-five-min-final,2026-09-25T20:08:36Z,
isone:.Z.SEMASS,lmp_rtm_15m_mean,2026-09-25T00:30:00Z,30.45,USD/MWh,PT15M,"US-CT,US-MA,US-ME,US-NH,US-RI,US-VT",isone_rtm,.Z.SEMASS,isone:rt_lmp_5min,https://www.iso-ne.com/isoexpress/web/reports/pricing/-/tree/lmps-rt-five-min-final,2026-09-25T20:08:36Z,
isone:.Z.SEMASS,lmp_rtm_15m_mean,2026-09-25T00:45:00Z,28.9933,USD/MWh,PT15M,"US-CT,US-MA,US-ME,US-NH,US-RI,US-VT",isone_rtm,.Z.SEMASS,isone:rt_lmp_5min,https://www.iso-ne.com/isoexpress/web/reports/pricing/-/tree/lmps-rt-five-min-final,2026-09-25T20:08:36Z,
isone:.Z.SEMASS,lmp_rtm_15m_mean,2026-09-25T01:00:00Z,35.89,USD/MWh,PT15M,"US-CT,US-MA,US-ME,US-NH,US-RI,US-VT",isone_rtm,.Z.SEMASS,isone:rt_lmp_5min,https://www.iso-ne.com/isoexpress/web/reports/pricing/-/tree/lmps-rt-five-min-final,2026-09-25T20:08:36Z,
isone:.Z.SEMASS,lmp_rtm_15m_mean,2026-09-25T01:15:00Z,29.5167,USD/MWh,PT15M,"US-CT,US-MA,US-ME,US-NH,US-RI,US-VT",isone_rtm,.Z.SEMASS,isone:rt_lmp_5min,https://www.iso-ne.com/isoexpress/web/reports/pricing/-/tree/lmps-rt-five-min-final,2026-09-25T20:08:36Z,
isone:.Z.SEMASS,lmp_rtm_15m_mean,2026-09-25T01:30:00Z,28.36,USD/MWh,PT15M,"US-CT,US-MA,US-ME,US-NH,US-RI,US-VT",isone_rtm,.Z.SEMASS,isone:rt_lmp_5min,https://www.iso-ne.com/isoexpress/web/reports/pricing/-/tree/lmps-rt-five-min-final,2026-09-25T20:08:36Z,
isone:.Z.SEMASS,lmp_rtm_15m_mean,2026-09-25T01:45:00Z,27.48,USD/MWh,PT15M,"US-CT,US-MA,US-ME,US-NH,US-RI,US-VT",isone_rtm,.Z.SEMASS,isone:rt_lmp_5min,https://www.iso-ne.com/isoexpress/web/reports/pricing/-/tree/lmps-rt-five-min-final,2026-09-25T20:08:36Z,
isone:.Z.SEMASS,lmp_rtm_15m_mean,2026-09-25T02:00:00Z,30.4267,USD/MWh,PT15M,"US-CT,US-MA,US-ME,US-NH,US-RI,US-VT",isone_rtm,.Z.SEMASS,isone:rt_lmp_5min,https://www.iso-ne.com/isoexpress/web/reports/pricing/-/tree/lmps-rt-five-min-final,2026-09-25T20:08:36Z,
isone:.Z.SEMASS,lmp_rtm_15m_mean,2026-09-25T02:15:00Z,27.0633,USD/MWh,PT15M,"US-CT,US-MA,US-ME,US-NH,US-RI,US-VT",isone_rtm,.Z.SEMASS,isone:rt_lmp_5min,https://www.iso-ne.com/isoexpress/web/reports/pricing/-/tree/lmps-rt-five-min-final,2026-09-25T20:08:36Z,
isone:.Z.SEMASS,lmp_rtm_15m_mean,2026-09-25T02:30:00Z,26.4,USD/MWh,PT15M,"US-CT,US-MA,US-ME,US-NH,US-RI,US-VT",isone_rtm,.Z.SEMASS,isone:rt_lmp_5min,https://www.iso-ne.com/isoexpress/web/reports/pricing/-/tree/lmps-rt-five-min-final,2026-09-25T20:08:36Z,
isone:.Z.SEMASS,lmp_rtm_15m_mean,2026-09-25T02:45:00Z,26.3333,USD/MWh,PT15M,"US-CT,US-MA,US-ME,US-NH,US-RI,US-VT",isone_rtm,.Z.SEMASS,isone:rt_lmp_5min,https://www.iso-ne.com/isoexpress/web/reports/pricing/-/tree/lmps-rt-five-min-final,2026-09-25T20:08:36Z,
isone:.Z.SEMASS,lmp_rtm_15m_mean,2026-09-25T03:00:00Z,28.9567,USD/MWh,PT15M,"US-CT,US-MA,US-ME,US-NH,US-RI,US-VT",isone_rtm,.Z.SEMASS,isone:rt_lmp_5min,https://www.iso-ne.com/isoexpress/web/reports/pricing/-/tree/lmps-rt-five-min-final,2026-09-25T20:08:36Z,
isone:.Z.SEMASS,lmp_rtm_15m_mean,2026-09-25T03:15:00Z,25.5233,USD/MWh,PT15M,"US-CT,US-MA,US-ME,US-NH,US-RI,US-VT",isone_rtm,.Z.SEMASS,isone:rt_lmp_5min,https://www.iso-ne.com/isoexpress/web/reports/pricing/-/tree/lmps-rt-five-min-final,2026-09-25T20:08:36Z,
isone:.Z.SEMASS,lmp_rtm_15m_mean,2026-09-25T03:30:00Z,24.8233,USD/MWh,PT15M,"US-CT,US-MA,US-ME,US-NH,US-RI,US-VT",isone_rtm,.Z.SEMASS,isone:rt_lmp_5min,https://www.iso-ne.com/isoexpress/web/reports/pricing/-/tree/lmps-rt-five-min-final,2026-09-25T20:08:36Z,
isone:.Z.SEMASS,lmp_rtm_15m_mean,2026-09-25T03:45:00Z,23.8433,USD/MWh,PT15M,"US-CT,US-MA,US-ME,US-NH,US-RI,US-VT",isone_rtm,.Z.SEMASS,isone:rt_lmp_5min,https://www.iso-ne.com/isoexpress/web/reports/pricing/-/tree/lmps-rt-five-min-final,2026-09-25T20:08:36Z,
isone:.Z.VERMONT,lmp_rtm_15m_mean,2026-09-22T04:00:00Z,25.6033,USD/MWh,PT15M,"US-CT,US-MA,US-ME,US-NH,US-RI,US-VT",isone_rtm,.Z.VERMONT,isone:rt_lmp_5min,https://www.iso-ne.com/isoexpress/web/reports/pricing/-/tree/lmps-rt-five-min-final,2026-09-25T20:08:05Z,
isone:.Z.VERMONT,lmp_rtm_15m_mean,2026-09-22T04:15:00Z,31.6367,USD/MWh,PT15M,"US-CT,US-MA,US-ME,US-NH,US-RI,US-VT",isone_rtm,.Z.VERMONT,isone:rt_lmp_5min,https://www.iso-ne.com/isoexpress/web/reports/pricing/-/tree/lmps-rt-five-min-final,2026-09-25T20:08:05Z,
isone:.Z.VERMONT,lmp_rtm_15m_mean,2026-09-22T04:30:00Z,30.5033,USD/MWh,PT15M,"US-CT,US-MA,US-ME,US-NH,US-RI,US-VT",isone_rtm,.Z.VERMONT,isone:rt_lmp_5min,https://www.iso-ne.com/isoexpress/web/reports/pricing/-/tree/lmps-rt-five-min-final,2026-09-25T20:08:05Z,
isone:.Z.VERMONT,lmp_rtm_15m_mean,2026-09-22T04:45:00Z,33.32,USD/MWh,PT15M,"US-CT,US-MA,US-ME,US-NH,US-RI,US-VT",isone_rtm,.Z.VERMONT,isone:rt_lmp_5min,https://www.iso-ne.com/isoexpress/web/reports/pricing/-/tree/lmps-rt-five-min-final,2026-09-25T20:08:05Z,
isone:.Z.VERMONT,lmp_rtm_15m_mean,2026-09-22T05:00:00Z,31.7967,USD/MWh,PT15M,"US-CT,US-MA,US-ME,US-NH,US-RI,US-VT",isone_rtm,.Z.VERMONT,isone:rt_lmp_5min,https://www.iso-ne.com/isoexpress/web/reports/pricing/-/tree/lmps-rt-five-min-final,2026-09-25T20:08:05Z,
isone:.Z.VERMONT,lmp_rtm_15m_mean,2026-09-22T05:15:00Z,28.74,USD/MWh,PT15M,"US-CT,US-MA,US-ME,US-NH,US-RI,US-VT",isone_rtm,.Z.VERMONT,isone:rt_lmp_5min,https://www.iso-ne.com/isoexpress/web/reports/pricing/-/tree/lmps-rt-five-min-final,2026-09-25T20:08:05Z,
isone:.Z.VERMONT,lmp_rtm_15m_mean,2026-09-22T05:30:00Z,27.7533,USD/MWh,PT15M,"US-CT,US-MA,US-ME,US-NH,US-RI,US-VT",isone_rtm,.Z.VERMONT,isone:rt_lmp_5min,https://www.iso-ne.com/isoexpress/web/reports/pricing/-/tree/lmps-rt-five-min-final,2026-09-25T20:08:05Z,
isone:.Z.VERMONT,lmp_rtm_15m_mean,2026-09-22T05:45:00Z,28.42,USD/MWh,PT15M,"US-CT,US-MA,US-ME,US-NH,US-RI,US-VT",isone_rtm,.Z.VERMONT,isone:rt_lmp_5min,https://www.iso-ne.com/isoexpress/web/reports/pricing/-/tree/lmps-rt-five-min-final,2026-09-25T20:08:05Z,
isone:.Z.VERMONT,lmp_rtm_15m_mean,2026-09-22T06:00:00Z,27.23,USD/MWh,PT15M,"US-CT,US-MA,US-ME,US-NH,US-RI,US-VT",isone_rtm,.Z.VERMONT,isone:rt_lmp_5min,https://www.iso-ne.com/isoexpress/web/reports/pricing/-/tree/lmps-rt-five-min-final,2026-09-25T20:08:05Z,
isone:.Z.VERMONT,lmp_rtm_15m_mean,2026-09-22T06:15:00Z,26.0733,USD/MWh,PT15M,"US-CT,US-MA,US-ME,US-NH,US-RI,US-VT",isone_rtm,.Z.VERMONT,isone:rt_lmp_5min,https://www.iso-ne.com/isoexpress/web/reports/pricing/-/tree/lmps-rt-five-min-final,2026-09-25T20:08:05Z,
isone:.Z.VERMONT,lmp_rtm_15m_mean,2026-09-22T06:30:00Z,27.3667,USD/MWh,PT15M,"US-CT,US-MA,US-ME,US-NH,US-RI,US-VT",isone_rtm,.Z.VERMONT,isone:rt_lmp_5min,https://www.iso-ne.com/isoexpress/web/reports/pricing/-/tree/lmps-rt-five-min-final,2026-09-25T20:08:05Z,
isone:.Z.VERMONT,lmp_rtm_15m_mean,2026-09-22T06:45:00Z,28.19,USD/MWh,PT15M,"US-CT,US-MA,US-ME,US-NH,US-RI,US-VT",isone_rtm,.Z.VERMONT,isone:rt_lmp_5min,https://www.iso-ne.com/isoexpress/web/reports/pricing/-/tree/lmps-rt-five-min-final,2026-09-25T20:08:05Z,
isone:.Z.VERMONT,lmp_rtm_15m_mean,2026-09-22T07:00:00Z,27.4633,USD/MWh,PT15M,"US-CT,US-MA,US-ME,US-NH,US-RI,US-VT",isone_rtm,.Z.VERMONT,isone:rt_lmp_5min,https://www.iso-ne.com/isoexpress/web/reports/pricing/-/tree/lmps-rt-five-min-final,2026-09-25T20:08:05Z,
isone:.Z.VERMONT,lmp_rtm_15m_mean,2026-09-22T07:15:00Z,27.7833,USD/MWh,PT15M,"US-CT,US-MA,US-ME,US-NH,US-RI,US-VT",isone_rtm,.Z.VERMONT,isone:rt_lmp_5min,https://www.iso-ne.com/isoexpress/web/reports/pricing/-/tree/lmps-rt-five-min-final,2026-09-25T20:08:05Z,
isone:.Z.VERMONT,lmp_rtm_15m_mean,2026-09-22T07:30:00Z,28.48,USD/MWh,PT15M,"US-CT,US-MA,US-ME,US-NH,US-RI,US-VT",isone_rtm,.Z.VERMONT,isone:rt_lmp_5min,https://www.iso-ne.com/isoexpress/web/reports/pricing/-/tree/lmps-rt-five-min-final,2026-09-25T20:08:05Z,
isone:.Z.VERMONT,lmp_rtm_15m_mean,2026-09-22T07:45:00Z,28.3667,USD/MWh,PT15M,"US-CT,US-MA,US-ME,US-NH,US-RI,US-VT",isone_rtm,.Z.VERMONT,isone:rt_lmp_5min,https://www.iso-ne.com/isoexpress/web/reports/pricing/-/tree/lmps-rt-five-min-final,2026-09-25T20:08:05Z,
isone:.Z.VERMONT,lmp_rtm_15m_mean,2026-09-22T08:00:00Z,27.7167,USD/MWh,PT15M,"US-CT,US-MA,US-ME,US-NH,US-RI,US-VT",isone_rtm,.Z.VERMONT,isone:rt_lmp_5min,https://www.iso-ne.com/isoexpress/web/reports/pricing/-/tree/lmps-rt-five-min-final,2026-09-25T20:08:05Z,
isone:.Z.VERMONT,lmp_rtm_15m_mean,2026-09-22T08:15:00Z,27.6,USD/MWh,PT15M,"US-CT,US-MA,US-ME,US-NH,US-RI,US-VT",isone_rtm,.Z.VERMONT,isone:rt_lmp_5min,https://www.iso-ne.com/isoexpress/web/reports/pricing/-/tree/lmps-rt-five-min-final,2026-09-25T20:08:05Z,
isone:.Z.VERMONT,lmp_rtm_15m_mean,2026-09-22T08:30:00Z,28.1667,USD/MWh,PT15M,"US-CT,US-MA,US-ME,US-NH,US-RI,US-VT",isone_rtm,.Z.VERMONT,isone:rt_lmp_5min,https://www.iso-ne.com/isoexpress/web/reports/pricing/-/tree/lmps-rt-five-min-final,2026-09-25T20:08:05Z,
isone:.Z.VERMONT,lmp_rtm_15m_mean,2026-09-22T08:45:00Z,29.28,USD/MWh,PT15M,"US-CT,US-MA,US-ME,US-NH,US-RI,US-VT",isone_rtm,.Z.VERMONT,isone:rt_lmp_5min,https://www.iso-ne.com/isoexpress/web/reports/pricing/-/tree/lmps-rt-five-min-final,2026-09-25T20:08:05Z,
isone:.Z.VERMONT,lmp_rtm_15m_mean,2026-09-22T09:00:00Z,27.4167,USD/MWh,PT15M,"US-CT,US-MA,US-ME,US-NH,US-RI,US-VT",isone_rtm,.Z.VERMONT,isone:rt_lmp_5min,https://www.iso-ne.com/isoexpress/web/reports/pricing/-/tree/lmps-rt-five-min-final,2026-09-25T20:08:05Z,
isone:.Z.VERMONT,lmp_rtm_15m_mean,2026-09-22T09:15:00Z,27.7667,USD/MWh,PT15M,"US-CT,US-MA,US-ME,US-NH,US-RI,US-VT",isone_rtm,.Z.VERMONT,isone:rt_lmp_5min,https://www.iso-ne.com/isoexpress/web/reports/pricing/-/tree/lmps-rt-five-min-final,2026-09-25T20:08:05Z,
isone:.Z.VERMONT,lmp_rtm_15m_mean,2026-09-22T09:30:00Z,29.0633,USD/MWh,PT15M,"US-CT,US-MA,US-ME,US-NH,US-RI,US-VT",isone_rtm,.Z.VERMONT,isone:rt_lmp_5min,https://www.iso-ne.com/isoexpress/web/reports/pricing/-/tree/lmps-rt-five-min-final,2026-09-25T20:08:05Z,
isone:.Z.VERMONT,lmp_rtm_15m_mean,2026-09-22T09:45:00Z,29.4733,USD/MWh,PT15M,"US-CT,US-MA,US-ME,US-NH,US-RI,US-VT",isone_rtm,.Z.VERMONT,isone:rt_lmp_5min,https://www.iso-ne.com/isoexpress/web/reports/pricing/-/tree/lmps-rt-five-min-final,2026-09-25T20:08:05Z,
isone:.Z.VERMONT,lmp_rtm_15m_mean,2026-09-22T10:00:00Z,25.0233,USD/MWh,PT15M,"US-CT,US-MA,US-ME,US-NH,US-RI,US-VT",isone_rtm,.Z.VERMONT,isone:rt_lmp_5min,https://www.iso-ne.com/isoexpress/web/reports/pricing/-/tree/lmps-rt-five-min-final,2026-09-25T20:08:05Z,
isone:.Z.VERMONT,lmp_rtm_15m_mean,2026-09-22T10:15:00Z,27.24,USD/MWh,PT15M,"US-CT,US-MA,US-ME,US-NH,US-RI,US-VT",isone_rtm,.Z.VERMONT,isone:rt_lmp_5min,https://www.iso-ne.com/isoexpress/web/reports/pricing/-/tree/lmps-rt-five-min-final,2026-09-25T20:08:05Z,
isone:.Z.VERMONT,lmp_rtm_15m_mean,2026-09-22T10:30:00Z,36.7267,USD/MWh,PT15M,"US-CT,US-MA,US-ME,US-NH,US-RI,US-VT",isone_rtm,.Z.VERMONT,isone:rt_lmp_5min,https://www.iso-ne.com/isoexpress/web/reports/pricing/-/tree/lmps-rt-five-min-final,2026-09-25T20:08:05Z,
isone:.Z.VERMONT,lmp_rtm_15m_mean,2026-09-22T10:45:00Z,47.3933,USD/MWh,PT15M,"US-CT,US-MA,US-ME,US-NH,US-RI,US-VT",isone_rtm,.Z.VERMONT,isone:rt_lmp_5min,https://www.iso-ne.com/isoexpress/web/reports/pricing/-/tree/lmps-rt-five-min-final,2026-09-25T20:08:05Z,
isone:.Z.VERMONT,lmp_rtm_15m_mean,2026-09-22T11:00:00Z,37.4433,USD/MWh,PT15M,"US-CT,US-MA,US-ME,US-NH,US-RI,US-VT",isone_rtm,.Z.VERMONT,isone:rt_lmp_5min,https://www.iso-ne.com/isoexpress/web/reports/pricing/-/tree/lmps-rt-five-min-final,2026-09-25T20:08:05Z,
isone:.Z.VERMONT,lmp_rtm_15m_mean,2026-09-22T11:15:00Z,30.4967,USD/MWh,PT15M,"US-CT,US-MA,US-ME,US-NH,US-RI,US-VT",isone_rtm,.Z.VERMONT,isone:rt_lmp_5min,https://www.iso-ne.com/isoexpress/web/reports/pricing/-/tree/lmps-rt-five-min-final,2026-09-25T20:08:05Z,
isone:.Z.VERMONT,lmp_rtm_15m_mean,2026-09-22T11:30:00Z,28.1333,USD/MWh,PT15M,"US-CT,US-MA,US-ME,US-NH,US-RI,US-VT",isone_rtm,.Z.VERMONT,isone:rt_lmp_5min,https://www.iso-ne.com/isoexpress/web/reports/pricing/-/tree/lmps-rt-five-min-final,2026-09-25T20:08:05Z,
isone:.Z.VERMONT,lmp_rtm_15m_mean,2026-09-22T11:45:00Z,26.9467,USD/MWh,PT15M,"US-CT,US-MA,US-ME,US-NH,US-RI,US-VT",isone_rtm,.Z.VERMONT,isone:rt_lmp_5min,https://www.iso-ne.com/isoexpress/web/reports/pricing/-/tree/lmps-rt-five-min-final,2026-09-25T20:08:05Z,
isone:.Z.VERMONT,lmp_rtm_15m_mean,2026-09-22T12:00:00Z,41.1567,USD/MWh,PT15M,"US-CT,US-MA,US-ME,US-NH,US-RI,US-VT",isone_rtm,.Z.VERMONT,isone:rt_lmp_5min,https://www.iso-ne.com/isoexpress/web/reports/pricing/-/tree/lmps-rt-five-min-final,2026-09-25T20:08:05Z,
isone:.Z.VERMONT,lmp_rtm_15m_mean,2026-09-22T12:15:00Z,26.9033,USD/MWh,PT15M,"US-CT,US-MA,US-ME,US-NH,US-RI,US-VT",isone_rtm,.Z.VERMONT,isone:rt_lmp_5min,https://www.iso-ne.com/isoexpress/web/reports/pricing/-/tree/lmps-rt-five-min-final,2026-09-25T20:08:05Z,
isone:.Z.VERMONT,lmp_rtm_15m_mean,2026-09-22T12:30:00Z,25.3733,USD/MWh,PT15M,"US-CT,US-MA,US-ME,US-NH,US-RI,US-VT",isone_rtm,.Z.VERMONT,isone:rt_lmp_5min,https://www.iso-ne.com/isoexpress/web/reports/pricing/-/tree/lmps-rt-five-min-final,2026-09-25T20:08:05Z,
isone:.Z.VERMONT,lmp_rtm_15m_mean,2026-09-22T12:45:00Z,24.7333,USD/MWh,PT15M,"US-CT,US-MA,US-ME,US-NH,US-RI,US-VT",isone_rtm,.Z.VERMONT,isone:rt_lmp_5min,https://www.iso-ne.com/isoexpress/web/reports/pricing/-/tree/lmps-rt-five-min-final,2026-09-25T20:08:05Z,
isone:.Z.VERMONT,lmp_rtm_15m_mean,2026-09-22T13:00:00Z,24.47,USD/MWh,PT15M,"US-CT,US-MA,US-ME,US-NH,US-RI,US-VT",isone_rtm,.Z.VERMONT,isone:rt_lmp_5min,https://www.iso-ne.com/isoexpress/web/reports/pricing/-/tree/lmps-rt-five-min-final,2026-09-25T20:08:05Z,
isone:.Z.VERMONT,lmp_rtm_15m_mean,2026-09-22T13:15:00Z,25.3767,USD/MWh,PT15M,"US-CT,US-MA,US-ME,US-NH,US-RI,US-VT",isone_rtm,.Z.VERMONT,isone:rt_lmp_5min,https://www.iso-ne.com/isoexpress/web/reports/pricing/-/tree/lmps-rt-five-min-final,2026-09-25T20:08:05Z,
isone:.Z.VERMONT,lmp_rtm_15m_mean,2026-09-22T13:30:00Z,25.8033,USD/MWh,PT15M,"US-CT,US-MA,US-ME,US-NH,US-RI,US-VT",isone_rtm,.Z.VERMONT,isone:rt_lmp_5min,https://www.iso-ne.com/isoexpress/web/reports/pricing/-/tree/lmps-rt-five-min-final,2026-09-25T20:08:05Z,
isone:.Z.VERMONT,lmp_rtm_15m_mean,2026-09-22T13:45:00Z,25.06,USD/MWh,PT15M,"US-CT,US-MA,US-ME,US-NH,US-RI,US-VT",isone_rtm,.Z.VERMONT,isone:rt_lmp_5min,https://www.iso-ne.com/isoexpress/web/reports/pricing/-/tree/lmps-rt-five-min-final,2026-09-25T20:08:05Z,
isone:.Z.VERMONT,lmp_rtm_15m_mean,2026-09-22T14:00:00Z,27.2567,USD/MWh,PT15M,"US-CT,US-MA,US-ME,US-NH,US-RI,US-VT",isone_rtm,.Z.VERMONT,isone:rt_lmp_5min,https://www.iso-ne.com/isoexpress/web/reports/pricing/-/tree/lmps-rt-five-min-final,2026-09-25T20:08:05Z,
isone:.Z.VERMONT,lmp_rtm_15m_mean,2026-09-22T14:15:00Z,26.7033,USD/MWh,PT15M,"US-CT,US-MA,US-ME,US-NH,US-RI,US-VT",isone_rtm,.Z.VERMONT,isone:rt_lmp_5min,https://www.iso-ne.com/isoexpress/web/reports/pricing/-/tree/lmps-rt-five-min-final,2026-09-25T20:08:05Z,
isone:.Z.VERMONT,lmp_rtm_15m_mean,2026-09-22T14:30:00Z,26.2967,USD/MWh,PT15M,"US-CT,US-MA,US-ME,US-NH,US-RI,US-VT",isone_rtm,.Z.VERMONT,isone:rt_lmp_5min,https://www.iso-ne.com/isoexpress/web/reports/pricing/-/tree/lmps-rt-five-min-final,2026-09-25T20:08:05Z,
isone:.Z.VERMONT,lmp_rtm_15m_mean,2026-09-22T14:45:00Z,24.2067,USD/MWh,PT15M,"US-CT,US-MA,US-ME,US-NH,US-RI,US-VT",isone_rtm,.Z.VERMONT,isone:rt_lmp_5min,https://www.iso-ne.com/isoexpress/web/reports/pricing/-/tree/lmps-rt-five-min-final,2026-09-25T20:08:05Z,
isone:.Z.VERMONT,lmp_rtm_15m_mean,2026-09-22T15:00:00Z,16.0833,USD/MWh,PT15M,"US-CT,US-MA,US-ME,US-NH,US-RI,US-VT",isone_rtm,.Z.VERMONT,isone:rt_lmp_5min,https://www.iso-ne.com/isoexpress/web/reports/pricing/-/tree/lmps-rt-five-min-final,2026-09-25T20:08:05Z,
isone:.Z.VERMONT,lmp_rtm_15m_mean,2026-09-22T15:15:00Z,23.19,USD/MWh,PT15M,"US-CT,US-MA,US-ME,US-NH,US-RI,US-VT",isone_rtm,.Z.VERMONT,isone:rt_lmp_5min,https://www.iso-ne.com/isoexpress/web/reports/pricing/-/tree/lmps-rt-five-min-final,2026-09-25T20:08:05Z,
isone:.Z.VERMONT,lmp_rtm_15m_mean,2026-09-22T15:30:00Z,22.9967,USD/MWh,PT15M,"US-CT,US-MA,US-ME,US-NH,US-RI,US-VT",isone_rtm,.Z.VERMONT,isone:rt_lmp_5min,https://www.iso-ne.com/isoexpress/web/reports/pricing/-/tree/lmps-rt-five-min-final,2026-09-25T20:08:05Z,
isone:.Z.VERMONT,lmp_rtm_15m_mean,2026-09-22T15:45:00Z,22.81,USD/MWh,PT15M,"US-CT,US-MA,US-ME,US-NH,US-RI,US-VT",isone_rtm,.Z.VERMONT,isone:rt_lmp_5min,https://www.iso-ne.com/isoexpress/web/reports/pricing/-/tree/lmps-rt-five-min-final,2026-09-25T20:08:05Z,
isone:.Z.VERMONT,lmp_rtm_15m_mean,2026-09-22T16:00:00Z,20.7367,USD/MWh,PT15M,"US-CT,US-MA,US-ME,US-NH,US-RI,US-VT",isone_rtm,.Z.VERMONT,isone:rt_lmp_5min,https://www.iso-ne.com/isoexpress/web/reports/pricing/-/tree/lmps-rt-five-min-final,2026-09-25T20:08:05Z,
isone:.Z.VERMONT,lmp_rtm_15m_mean,2026-09-22T16:15:00Z,19.75,USD/MWh,PT15M,"US-CT,US-MA,US-ME,US-NH,US-RI,US-VT",isone_rtm,.Z.VERMONT,isone:rt_lmp_5min,https://www.iso-ne.com/isoexpress/web/reports/pricing/-/tree/lmps-rt-five-min-final,2026-09-25T20:08:05Z,
isone:.Z.VERMONT,lmp_rtm_15m_mean,2026-09-22T16:30:00Z,20.11,USD/MWh,PT15M,"US-CT,US-MA,US-ME,US-NH,US-RI,US-VT",isone_rtm,.Z.VERMONT,isone:rt_lmp_5min,https://www.iso-ne.com/isoexpress/web/reports/pricing/-/tree/lmps-rt-five-min-final,2026-09-25T20:08:05Z,
isone:.Z.VERMONT,lmp_rtm_15m_mean,2026-09-22T16:45:00Z,22.52,USD/MWh,PT15M,"US-CT,US-MA,US-ME,US-NH,US-RI,US-VT",isone_rtm,.Z.VERMONT,isone:rt_lmp_5min,https://www.iso-ne.com/isoexpress/web/reports/pricing/-/tree/lmps-rt-five-min-final,2026-09-25T20:08:05Z,
isone:.Z.VERMONT,lmp_rtm_15m_mean,2026-09-22T17:00:00Z,23.0133,USD/MWh,PT15M,"US-CT,US-MA,US-ME,US-NH,US-RI,US-VT",isone_rtm,.Z.VERMONT,isone:rt_lmp_5min,https://www.iso-ne.com/isoexpress/web/reports/pricing/-/tree/lmps-rt-five-min-final,2026-09-25T20:08:05Z,
isone:.Z.VERMONT,lmp_rtm_15m_mean,2026-09-22T17:15:00Z,24.1967,USD/MWh,PT15M,"US-CT,US-MA,US-ME,US-NH,US-RI,US-VT",isone_rtm,.Z.VERMONT,isone:rt_lmp_5min,https://www.iso-ne.com/isoexpress/web/reports/pricing/-/tree/lmps-rt-five-min-final,2026-09-25T20:08:05Z,
isone:.Z.VERMONT,lmp_rtm_15m_mean,2026-09-22T17:30:00Z,26.6967,USD/MWh,PT15M,"US-CT,US-MA,US-ME,US-NH,US-RI,US-VT",isone_rtm,.Z.VERMONT,isone:rt_lmp_5min,https://www.iso-ne.com/isoexpress/web/reports/pricing/-/tree/lmps-rt-five-min-final,2026-09-25T20:08:05Z,
isone:.Z.VERMONT,lmp_rtm_15m_mean,2026-09-22T17:45:00Z,26.8833,USD/MWh,PT15M,"US-CT,US-MA,US-ME,US-NH,US-RI,US-VT",isone_rtm,.Z.VERMONT,isone:rt_lmp_5min,https://www.iso-ne.com/isoexpress/web/reports/pricing/-/tree/lmps-rt-five-min-final,2026-09-25T20:08:05Z,
isone:.Z.VERMONT,lmp_rtm_15m_mean,2026-09-22T18:00:00Z,26.2267,USD/MWh,PT15M,"US-CT,US-MA,US-ME,US-NH,US-RI,US-VT",isone_rtm,.Z.VERMONT,isone:rt_lmp_5min,https://www.iso-ne.com/isoexpress/web/reports/pricing/-/tree/lmps-rt-five-min-final,2026-09-25T20:08:05Z,
isone:.Z.VERMONT,lmp_rtm_15m_mean,2026-09-22T18:15:00Z,26.0733,USD/MWh,PT15M,"US-CT,US-MA,US-ME,US-NH,US-RI,US-VT",isone_rtm,.Z.VERMONT,isone:rt_lmp_5min,https://www.iso-ne.com/isoexpress/web/reports/pricing/-/tree/lmps-rt-five-min-final,2026-09-25T20:08:05Z,
isone:.Z.VERMONT,lmp_rtm_15m_mean,2026-09-22T18:30:00Z,25.02,USD/MWh,PT15M,"US-CT,US-MA,US-ME,US-NH,US-RI,US-VT",isone_rtm,.Z.VERMONT,isone:rt_lmp_5min,https://www.iso-ne.com/isoexpress/web/reports/pricing/-/tree/lmps-rt-five-min-final,2026-09-25T20:08:05Z,
isone:.Z.VERMONT,lmp_rtm_15m_mean,2026-09-22T18:45:00Z,25.0,USD/MWh,PT15M,"US-CT,US-MA,US-ME,US-NH,US-RI,US-VT",isone_rtm,.Z.VERMONT,isone:rt_lmp_5min,https://www.iso-ne.com/isoexpress/web/reports/pricing/-/tree/lmps-rt-five-min-final,2026-09-25T20:08:05Z,
isone:.Z.VERMONT,lmp_rtm_15m_mean,2026-09-22T19:00:00Z,25.1,USD/MWh,PT15M,"US-CT,US-MA,US-ME,US-NH,US-RI,US-VT",isone_rtm,.Z.VERMONT,isone:rt_lmp_5min,https://www.iso-ne.com/isoexpress/web/reports/pricing/-/tree/lmps-rt-five-min-final,2026-09-25T20:08:05Z,
isone:.Z.VERMONT,lmp_rtm_15m_mean,2026-09-22T19:15:00Z,26.2233,USD/MWh,PT15M,"US-CT,US-MA,US-ME,US-NH,US-RI,US-VT",isone_rtm,.Z.VERMONT,isone:rt_lmp_5min,https://www.iso-ne.com/isoexpress/web/reports/pricing/-/tree/lmps-rt-five-min-final,2026-09-25T20:08:05Z,
isone:.Z.VERMONT,lmp_rtm_15m_mean,2026-09-22T19:30:00Z,26.7633,USD/MWh,PT15M,"US-CT,US-MA,US-ME,US-NH,US-RI,US-VT",isone_rtm,.Z.VERMONT,isone:rt_lmp_5min,https://www.iso-ne.com/isoexpress/web/reports/pricing/-/tree/lmps-rt-five-min-final,2026-09-25T20:08:05Z,
isone:.Z.VERMONT,lmp_rtm_15m_mean,2026-09-22T19:45:00Z,27.2267,USD/MWh,PT15M,"US-CT,US-MA,US-ME,US-NH,US-RI,US-VT",isone_rtm,.Z.VERMONT,isone:rt_lmp_5min,https://www.iso-ne.com/isoexpress/web/reports/pricing/-/tree/lmps-rt-five-min-final,2026-09-25T20:08:05Z,
isone:.Z.VERMONT,lmp_rtm_15m_mean,2026-09-22T20:00:00Z,23.7933,USD/MWh,PT15M,"US-CT,US-MA,US-ME,US-NH,US-RI,US-VT",isone_rtm,.Z.VERMONT,isone:rt_lmp_5min,https://www.iso-ne.com/isoexpress/web/reports/pricing/-/tree/lmps-rt-five-min-final,2026-09-25T20:08:05Z,
isone:.Z.VERMONT,lmp_rtm_15m_mean,2026-09-22T20:15:00Z,23.9033,USD/MWh,PT15M,"US-CT,US-MA,US-ME,US-NH,US-RI,US-VT",isone_rtm,.Z.VERMONT,isone:rt_lmp_5min,https://www.iso-ne.com/isoexpress/web/reports/pricing/-/tree/lmps-rt-five-min-final,2026-09-25T20:08:05Z,
isone:.Z.VERMONT,lmp_rtm_15m_mean,2026-09-22T20:30:00Z,27.4,USD/MWh,PT15M,"US-CT,US-MA,US-ME,US-NH,US-RI,US-VT",isone_rtm,.Z.VERMONT,isone:rt_lmp_5min,https://www.iso-ne.com/isoexpress/web/reports/pricing/-/tree/lmps-rt-five-min-final,2026-09-25T20:08:05Z,
isone:.Z.VERMONT,lmp_rtm_15m_mean,2026-09-22T20:45:00Z,30.8733,USD/MWh,PT15M,"US-CT,US-MA,US-ME,US-NH,US-RI,US-VT",isone_rtm,.Z.VERMONT,isone:rt_lmp_5min,https://www.iso-ne.com/isoexpress/web/reports/pricing/-/tree/lmps-rt-five-min-final,2026-09-25T20:08:05Z,
isone:.Z.VERMONT,lmp_rtm_15m_mean,2026-09-22T21:00:00Z,28.1067,USD/MWh,PT15M,"US-CT,US-MA,US-ME,US-NH,US-RI,US-VT",isone_rtm,.Z.VERMONT,isone:rt_lmp_5min,https://www.iso-ne.com/isoexpress/web/reports/pricing/-/tree/lmps-rt-five-min-final,2026-09-25T20:08:05Z,
isone:.Z.VERMONT,lmp_rtm_15m_mean,2026-09-22T21:15:00Z,24.9133,USD/MWh,PT15M,"US-CT,US-MA,US-ME,US-NH,US-RI,US-VT",isone_rtm,.Z.VERMONT,isone:rt_lmp_5min,https://www.iso-ne.com/isoexpress/web/reports/pricing/-/tree/lmps-rt-five-min-final,2026-09-25T20:08:05Z,
isone:.Z.VERMONT,lmp_rtm_15m_mean,2026-09-22T21:30:00Z,27.9867,USD/MWh,PT15M,"US-CT,US-MA,US-ME,US-NH,US-RI,US-VT",isone_rtm,.Z.VERMONT,isone:rt_lmp_5min,https://www.iso-ne.com/isoexpress/web/reports/pricing/-/tree/lmps-rt-five-min-final,2026-09-25T20:08:05Z,
isone:.Z.VERMONT,lmp_rtm_15m_mean,2026-09-22T21:45:00Z,29.8633,USD/MWh,PT15M,"US-CT,US-MA,US-ME,US-NH,US-RI,US-VT",isone_rtm,.Z.VERMONT,isone:rt_lmp_5min,https://www.iso-ne.com/isoexpress/web/reports/pricing/-/tree/lmps-rt-five-min-final,2026-09-25T20:08:05Z,
isone:.Z.VERMONT,lmp_rtm_15m_mean,2026-09-22T22:00:00Z,28.1833,USD/MWh,PT15M,"US-CT,US-MA,US-ME,US-NH,US-RI,US-VT",isone_rtm,.Z.VERMONT,isone:rt_lmp_5min,https://www.iso-ne.com/isoexpress/web/reports/pricing/-/tree/lmps-rt-five-min-final,2026-09-25T20:08:05Z,
isone:.Z.VERMONT,lmp_rtm_15m_mean,2026-09-22T22:15:00Z,31.2467,USD/MWh,PT15M,"US-CT,US-MA,US-ME,US-NH,US-RI,US-VT",isone_rtm,.Z.VERMONT,isone:rt_lmp_5min,https://www.iso-ne.com/isoexpress/web/reports/pricing/-/tree/lmps-rt-five-min-final,2026-09-25T20:08:05Z,
isone:.Z.VERMONT,lmp_rtm_15m_mean,2026-09-22T22:30:00Z,33.8733,USD/MWh,PT15M,"US-CT,US-MA,US-ME,US-NH,US-RI,US-VT",isone_rtm,.Z.VERMONT,isone:rt_lmp_5min,https://www.iso-ne.com/isoexpress/web/reports/pricing/-/tree/lmps-rt-five-min-final,2026-09-25T20:08:05Z,
isone:.Z.VERMONT,lmp_rtm_15m_mean,2026-09-22T22:45:00Z,34.48,USD/MWh,PT15M,"US-CT,US-MA,US-ME,US-NH,US-RI,US-VT",isone_rtm,.Z.VERMONT,isone:rt_lmp_5min,https://www.iso-ne.com/isoexpress/web/reports/pricing/-/tree/lmps-rt-five-min-final,2026-09-25T20:08:05Z,
isone:.Z.VERMONT,lmp_rtm_15m_mean,2026-09-22T23:00:00Z,33.4,USD/MWh,PT15M,"US-CT,US-MA,US-ME,US-NH,US-RI,US-VT",isone_rtm,.Z.VERMONT,isone:rt_lmp_5min,https://www.iso-ne.com/isoexpress/web/reports/pricing/-/tree/lmps-rt-five-min-final,2026-09-25T20:08:05Z,
isone:.Z.VERMONT,lmp_rtm_15m_mean,2026-09-22T23:15:00Z,30.4433,USD/MWh,PT15M,"US-CT,US-MA,US-ME,US-NH,US-RI,US-VT",isone_rtm,.Z.VERMONT,isone:rt_lmp_5min,https://www.iso-ne.com/isoexpress/web/reports/pricing/-/tree/lmps-rt-five-min-final,2026-09-25T20:08:05Z,
isone:.Z.VERMONT,lmp_rtm_15m_mean,2026-09-22T23:30:00Z,31.75,USD/MWh,PT15M,"US-CT,US-MA,US-ME,US-NH,US-RI,US-VT",isone_rtm,.Z.VERMONT,isone:rt_lmp_5min,https://www.iso-ne.com/isoexpress/web/reports/pricing/-/tree/lmps-rt-five-min-final,2026-09-25T20:08:05Z,
isone:.Z.VERMONT,lmp_rtm_15m_mean,2026-09-22T23:45:00Z,31.1733,USD/MWh,PT15M,"US-CT,US-MA,US-ME,US-NH,US-RI,US-VT",isone_rtm,.Z.VERMONT,isone:rt_lmp_5min,https://www.iso-ne.com/isoexpress/web/reports/pricing/-/tree/lmps-rt-five-min-final,2026-09-25T20:08:05Z,
isone:.Z.VERMONT,lmp_rtm_15m_mean,2026-09-23T00:00:00Z,39.58,USD/MWh,PT15M,"US-CT,US-MA,US-ME,US-NH,US-RI,US-VT",isone_rtm,.Z.VERMONT,isone:rt_lmp_5min,https://www.iso-ne.com/isoexpress/web/reports/pricing/-/tree/lmps-rt-five-min-final,2026-09-25T20:08:05Z,
isone:.Z.VERMONT,lmp_rtm_15m_mean,2026-09-23T00:15:00Z,35.33,USD/MWh,PT15M,"US-CT,US-MA,US-ME,US-NH,US-RI,US-VT",isone_rtm,.Z.VERMONT,isone:rt_lmp_5min,https://www.iso-ne.com/isoexpress/web/reports/pricing/-/tree/lmps-rt-five-min-final,2026-09-25T20:08:05Z,
isone:.Z.VERMONT,lmp_rtm_15m_mean,2026-09-23T00:30:00Z,29.49,USD/MWh,PT15M,"US-CT,US-MA,US-ME,US-NH,US-RI,US-VT",isone_rtm,.Z.VERMONT,isone:rt_lmp_5min,https://www.iso-ne.com/isoexpress/web/reports/pricing/-/tree/lmps-rt-five-min-final,2026-09-25T20:08:05Z,
isone:.Z.VERMONT,lmp_rtm_15m_mean,2026-09-23T00:45:00Z,28.9767,USD/MWh,PT15M,"US-CT,US-MA,US-ME,US-NH,US-RI,US-VT",isone_rtm,.Z.VERMONT,isone:rt_lmp_5min,https://www.iso-ne.com/isoexpress/web/reports/pricing/-/tree/lmps-rt-five-min-final,2026-09-25T20:08:05Z,
isone:.Z.VERMONT,lmp_rtm_15m_mean,2026-09-23T01:00:00Z,33.78,USD/MWh,PT15M,"US-CT,US-MA,US-ME,US-NH,US-RI,US-VT",isone_rtm,.Z.VERMONT,isone:rt_lmp_5min,https://www.iso-ne.com/isoexpress/web/reports/pricing/-/tree/lmps-rt-five-min-final,2026-09-25T20:08:05Z,
isone:.Z.VERMONT,lmp_rtm_15m_mean,2026-09-23T01:15:00Z,30.8033,USD/MWh,PT15M,"US-CT,US-MA,US-ME,US-NH,US-RI,US-VT",isone_rtm,.Z.VERMONT,isone:rt_lmp_5min,https://www.iso-ne.com/isoexpress/web/reports/pricing/-/tree/lmps-rt-five-min-final,2026-09-25T20:08:05Z,
isone:.Z.VERMONT,lmp_rtm_15m_mean,2026-09-23T01:30:00Z,29.91,USD/MWh,PT15M,"US-CT,US-MA,US-ME,US-NH,US-RI,US-VT",isone_rtm,.Z.VERMONT,isone:rt_lmp_5min,https://www.iso-ne.com/isoexpress/web/reports/pricing/-/tree/lmps-rt-five-min-final,2026-09-25T20:08:05Z,
isone:.Z.VERMONT,lmp_rtm_15m_mean,2026-09-23T01:45:00Z,28.03,USD/MWh,PT15M,"US-CT,US-MA,US-ME,US-NH,US-RI,US-VT",isone_rtm,.Z.VERMONT,isone:rt_lmp_5min,https://www.iso-ne.com/isoexpress/web/reports/pricing/-/tree/lmps-rt-five-min-final,2026-09-25T20:08:05Z,
isone:.Z.VERMONT,lmp_rtm_15m_mean,2026-09-23T02:00:00Z,28.4733,USD/MWh,PT15M,"US-CT,US-MA,US-ME,US-NH,US-RI,US-VT",isone_rtm,.Z.VERMONT,isone:rt_lmp_5min,https://www.iso-ne.com/isoexpress/web/reports/pricing/-/tree/lmps-rt-five-min-final,2026-09-25T20:08:05Z,
isone:.Z.VERMONT,lmp_rtm_15m_mean,2026-09-23T02:15:00Z,28.2033,USD/MWh,PT15M,"US-CT,US-MA,US-ME,US-NH,US-RI,US-VT",isone_rtm,.Z.VERMONT,isone:rt_lmp_5min,https://www.iso-ne.com/isoexpress/web/reports/pricing/-/tree/lmps-rt-five-min-final,2026-09-25T20:08:05Z,
isone:.Z.VERMONT,lmp_rtm_15m_mean,2026-09-23T02:30:00Z,26.9133,USD/MWh,PT15M,"US-CT,US-MA,US-ME,US-NH,US-RI,US-VT",isone_rtm,.Z.VERMONT,isone:rt_lmp_5min,https://www.iso-ne.com/isoexpress/web/reports/pricing/-/tree/lmps-rt-five-min-final,2026-09-25T20:08:05Z,
isone:.Z.VERMONT,lmp_rtm_15m_mean,2026-09-23T02:45:00Z,23.9967,USD/MWh,PT15M,"US-CT,US-MA,US-ME,US-NH,US-RI,US-VT",isone_rtm,.Z.VERMONT,isone:rt_lmp_5min,https://www.iso-ne.com/isoexpress/web/reports/pricing/-/tree/lmps-rt-five-min-final,2026-09-25T20:08:05Z,
isone:.Z.VERMONT,lmp_rtm_15m_mean,2026-09-23T03:00:00Z,24.4267,USD/MWh,PT15M,"US-CT,US-MA,US-ME,US-NH,US-RI,US-VT",isone_rtm,.Z.VERMONT,isone:rt_lmp_5min,https://www.iso-ne.com/isoexpress/web/reports/pricing/-/tree/lmps-rt-five-min-final,2026-09-25T20:08:05Z,
isone:.Z.VERMONT,lmp_rtm_15m_mean,2026-09-23T03:15:00Z,26.6733,USD/MWh,PT15M,"US-CT,US-MA,US-ME,US-NH,US-RI,US-VT",isone_rtm,.Z.VERMONT,isone:rt_lmp_5min,https://www.iso-ne.com/isoexpress/web/reports/pricing/-/tree/lmps-rt-five-min-final,2026-09-25T20:08:05Z,
isone:.Z.VERMONT,lmp_rtm_15m_mean,2026-09-23T03:30:00Z,25.65,USD/MWh,PT15M,"US-CT,US-MA,US-ME,US-NH,US-RI,US-VT",isone_rtm,.Z.VERMONT,isone:rt_lmp_5min,https://www.iso-ne.com/isoexpress/web/reports/pricing/-/tree/lmps-rt-five-min-final,2026-09-25T20:08:05Z,
isone:.Z.VERMONT,lmp_rtm_15m_mean,2026-09-23T03:45:00Z,25.23,USD/MWh,PT15M,"US-CT,US-MA,US-ME,US-NH,US-RI,US-VT",isone_rtm,.Z.VERMONT,isone:rt_lmp_5min,https://www.iso-ne.com/isoexpress/web/reports/pricing/-/tree/lmps-rt-five-min-final,2026-09-25T20:08:05Z,
isone:.Z.VERMONT,lmp_rtm_15m_mean,2026-09-23T04:00:00Z,25.57,USD/MWh,PT15M,"US-CT,US-MA,US-ME,US-NH,US-RI,US-VT",isone_rtm,.Z.VERMONT,isone:rt_lmp_5min,https://www.iso-ne.com/isoexpress/web/reports/pricing/-/tree/lmps-rt-five-min-final,2026-09-25T20:08:21Z,
isone:.Z.VERMONT,lmp_rtm_15m_mean,2026-09-23T04:15:00Z,27.72,USD/MWh,PT15M,"US-CT,US-MA,US-ME,US-NH,US-RI,US-VT",isone_rtm,.Z.VERMONT,isone:rt_lmp_5min,https://www.iso-ne.com/isoexpress/web/reports/pricing/-/tree/lmps-rt-five-min-final,2026-09-25T20:08:21Z,
isone:.Z.VERMONT,lmp_rtm_15m_mean,2026-09-23T04:30:00Z,27.1233,USD/MWh,PT15M,"US-CT,US-MA,US-ME,US-NH,US-RI,US-VT",isone_rtm,.Z.VERMONT,isone:rt_lmp_5min,https://www.iso-ne.com/isoexpress/web/reports/pricing/-/tree/lmps-rt-five-min-final,2026-09-25T20:08:21Z,
isone:.Z.VERMONT,lmp_rtm_15m_mean,2026-09-23T04:45:00Z,24.85,USD/MWh,PT15M,"US-CT,US-MA,US-ME,US-NH,US-RI,US-VT",isone_rtm,.Z.VERMONT,isone:rt_lmp_5min,https://www.iso-ne.com/isoexpress/web/reports/pricing/-/tree/lmps-rt-five-min-final,2026-09-25T20:08:21Z,
isone:.Z.VERMONT,lmp_rtm_15m_mean,2026-09-23T05:00:00Z,24.08,USD/MWh,PT15M,"US-CT,US-MA,US-ME,US-NH,US-RI,US-VT",isone_rtm,.Z.VERMONT,isone:rt_lmp_5min,https://www.iso-ne.com/isoexpress/web/reports/pricing/-/tree/lmps-rt-five-min-final,2026-09-25T20:08:21Z,
isone:.Z.VERMONT,lmp_rtm_15m_mean,2026-09-23T05:15:00Z,23.3567,USD/MWh,PT15M,"US-CT,US-MA,US-ME,US-NH,US-RI,US-VT",isone_rtm,.Z.VERMONT,isone:rt_lmp_5min,https://www.iso-ne.com/isoexpress/web/reports/pricing/-/tree/lmps-rt-five-min-final,2026-09-25T20:08:21Z,
isone:.Z.VERMONT,lmp_rtm_15m_mean,2026-09-23T05:30:00Z,22.7533,USD/MWh,PT15M,"US-CT,US-MA,US-ME,US-NH,US-RI,US-VT",isone_rtm,.Z.VERMONT,isone:rt_lmp_5min,https://www.iso-ne.com/isoexpress/web/reports/pricing/-/tree/lmps-rt-five-min-final,2026-09-25T20:08:21Z,
isone:.Z.VERMONT,lmp_rtm_15m_mean,2026-09-23T05:45:00Z,22.3133,USD/MWh,PT15M,"US-CT,US-MA,US-ME,US-NH,US-RI,US-VT",isone_rtm,.Z.VERMONT,isone:rt_lmp_5min,https://www.iso-ne.com/isoexpress/web/reports/pricing/-/tree/lmps-rt-five-min-final,2026-09-25T20:08:21Z,
isone:.Z.VERMONT,lmp_rtm_15m_mean,2026-09-23T06:00:00Z,22.4033,USD/MWh,PT15M,"US-CT,US-MA,US-ME,US-NH,US-RI,US-VT",isone_rtm,.Z.VERMONT,isone:rt_lmp_5min,https://www.iso-ne.com/isoexpress/web/reports/pricing/-/tree/lmps-rt-five-min-final,2026-09-25T20:08:21Z,
isone:.Z.VERMONT,lmp_rtm_15m_mean,2026-09-23T06:15:00Z,22.99,USD/MWh,PT15M,"US-CT,US-MA,US-ME,US-NH,US-RI,US-VT",isone_rtm,.Z.VERMONT,isone:rt_lmp_5min,https://www.iso-ne.com/isoexpress/web/reports/pricing/-/tree/lmps-rt-five-min-final,2026-09-25T20:08:21Z,
isone:.Z.VERMONT,lmp_rtm_15m_mean,2026-09-23T06:30:00Z,23.4933,USD/MWh,PT15M,"US-CT,US-MA,US-ME,US-NH,US-RI,US-VT",isone_rtm,.Z.VERMONT,isone:rt_lmp_5min,https://www.iso-ne.com/isoexpress/web/reports/pricing/-/tree/lmps-rt-five-min-final,2026-09-25T20:08:21Z,
isone:.Z.VERMONT,lmp_rtm_15m_mean,2026-09-23T06:45:00Z,23.2667,USD/MWh,PT15M,"US-CT,US-MA,US-ME,US-NH,US-RI,US-VT",isone_rtm,.Z.VERMONT,isone:rt_lmp_5min,https://www.iso-ne.com/isoexpress/web/reports/pricing/-/tree/lmps-rt-five-min-final,2026-09-25T20:08:21Z,
isone:.Z.VERMONT,lmp_rtm_15m_mean,2026-09-23T07:00:00Z,22.9167,USD/MWh,PT15M,"US-CT,US-MA,US-ME,US-NH,US-RI,US-VT",isone_rtm,.Z.VERMONT,isone:rt_lmp_5min,https://www.iso-ne.com/isoexpress/web/reports/pricing/-/tree/lmps-rt-five-min-final,2026-09-25T20:08:21Z,
isone:.Z.VERMONT,lmp_rtm_15m_mean,2026-09-23T07:15:00Z,22.9367,USD/MWh,PT15M,"US-CT,US-MA,US-ME,US-NH,US-RI,US-VT",isone_rtm,.Z.VERMONT,isone:rt_lmp_5min,https://www.iso-ne.com/isoexpress/web/reports/pricing/-/tree/lmps-rt-five-min-final,2026-09-25T20:08:21Z,
isone:.Z.VERMONT,lmp_rtm_15m_mean,2026-09-23T07:30:00Z,23.3367,USD/MWh,PT15M,"US-CT,US-MA,US-ME,US-NH,US-RI,US-VT",isone_rtm,.Z.VERMONT,isone:rt_lmp_5min,https://www.iso-ne.com/isoexpress/web/reports/pricing/-/tree/lmps-rt-five-min-final,2026-09-25T20:08:21Z,
isone:.Z.VERMONT,lmp_rtm_15m_mean,2026-09-23T07:45:00Z,23.45,USD/MWh,PT15M,"US-CT,US-MA,US-ME,US-NH,US-RI,US-VT",isone_rtm,.Z.VERMONT,isone:rt_lmp_5min,https://www.iso-ne.com/isoexpress/web/reports/pricing/-/tree/lmps-rt-five-min-final,2026-09-25T20:08:21Z,
isone:.Z.VERMONT,lmp_rtm_15m_mean,2026-09-23T08:00:00Z,23.32,USD/MWh,PT15M,"US-CT,US-MA,US-ME,US-NH,US-RI,US-VT",isone_rtm,.Z.VERMONT,isone:rt_lmp_5min,https://www.iso-ne.com/isoexpress/web/reports/pricing/-/tree/lmps-rt-five-min-final,2026-09-25T20:08:21Z,
isone:.Z.VERMONT,lmp_rtm_15m_mean,2026-09-23T08:15:00Z,23.0733,USD/MWh,PT15M,"US-CT,US-MA,US-ME,US-NH,US-RI,US-VT",isone_rtm,.Z.VERMONT,isone:rt_lmp_5min,https://www.iso-ne.com/isoexpress/web/reports/pricing/-/tree/lmps-rt-five-min-final,2026-09-25T20:08:21Z,
isone:.Z.VERMONT,lmp_rtm_15m_mean,2026-09-23T08:30:00Z,23.3833,USD/MWh,PT15M,"US-CT,US-MA,US-ME,US-NH,US-RI,US-VT",isone_rtm,.Z.VERMONT,isone:rt_lmp_5min,https://www.iso-ne.com/isoexpress/web/reports/pricing/-/tree/lmps-rt-five-min-final,2026-09-25T20:08:21Z,
isone:.Z.VERMONT,lmp_rtm_15m_mean,2026-09-23T08:45:00Z,23.59,USD/MWh,PT15M,"US-CT,US-MA,US-ME,US-NH,US-RI,US-VT",isone_rtm,.Z.VERMONT,isone:rt_lmp_5min,https://www.iso-ne.com/isoexpress/web/reports/pricing/-/tree/lmps-rt-five-min-final,2026-09-25T20:08:21Z,
isone:.Z.VERMONT,lmp_rtm_15m_mean,2026-09-23T09:00:00Z,23.2067,USD/MWh,PT15M,"US-CT,US-MA,US-ME,US-NH,US-RI,US-VT",isone_rtm,.Z.VERMONT,isone:rt_lmp_5min,https://www.iso-ne.com/isoexpress/web/reports/pricing/-/tree/lmps-rt-five-min-final,2026-09-25T20:08:21Z,
isone:.Z.VERMONT,lmp_rtm_15m_mean,2026-09-23T09:15:00Z,25.5367,USD/MWh,PT15M,"US-CT,US-MA,US-ME,US-NH,US-RI,US-VT",isone_rtm,.Z.VERMONT,isone:rt_lmp_5min,https://www.iso-ne.com/isoexpress/web/reports/pricing/-/tree/lmps-rt-five-min-final,2026-09-25T20:08:21Z,
isone:.Z.VERMONT,lmp_rtm_15m_mean,2026-09-23T09:30:00Z,31.1333,USD/MWh,PT15M,"US-CT,US-MA,US-ME,US-NH,US-RI,US-VT",isone_rtm,.Z.VERMONT,isone:rt_lmp_5min,https://www.iso-ne.com/isoexpress/web/reports/pricing/-/tree/lmps-rt-five-min-final,2026-09-25T20:08:21Z,
isone:.Z.VERMONT,lmp_rtm_15m_mean,2026-09-23T09:45:00Z,35.4,USD/MWh,PT15M,"US-CT,US-MA,US-ME,US-NH,US-RI,US-VT",isone_rtm,.Z.VERMONT,isone:rt_lmp_5min,https://www.iso-ne.com/isoexpress/web/reports/pricing/-/tree/lmps-rt-five-min-final,2026-09-25T20:08:21Z,
isone:.Z.VERMONT,lmp_rtm_15m_mean,2026-09-23T10:00:00Z,26.95,USD/MWh,PT15M,"US-CT,US-MA,US-ME,US-NH,US-RI,US-VT",isone_rtm,.Z.VERMONT,isone:rt_lmp_5min,https://www.iso-ne.com/isoexpress/web/reports/pricing/-/tree/lmps-rt-five-min-final,2026-09-25T20:08:21Z,
isone:.Z.VERMONT,lmp_rtm_15m_mean,2026-09-23T10:15:00Z,28.53,USD/MWh,PT15M,"US-CT,US-MA,US-ME,US-NH,US-RI,US-VT",isone_rtm,.Z.VERMONT,isone:rt_lmp_5min,https://www.iso-ne.com/isoexpress/web/reports/pricing/-/tree/lmps-rt-five-min-final,2026-09-25T20:08:21Z,
isone:.Z.VERMONT,lmp_rtm_15m_mean,2026-09-23T10:30:00Z,34.15,USD/MWh,PT15M,"US-CT,US-MA,US-ME,US-NH,US-RI,US-VT",isone_rtm,.Z.VERMONT,isone:rt_lmp_5min,https://www.iso-ne.com/isoexpress/web/reports/pricing/-/tree/lmps-rt-five-min-final,2026-09-25T20:08:21Z,
isone:.Z.VERMONT,lmp_rtm_15m_mean,2026-09-23T10:45:00Z,36.0433,USD/MWh,PT15M,"US-CT,US-MA,US-ME,US-NH,US-RI,US-VT",isone_rtm,.Z.VERMONT,isone:rt_lmp_5min,https://www.iso-ne.com/isoexpress/web/reports/pricing/-/tree/lmps-rt-five-min-final,2026-09-25T20:08:21Z,
isone:.Z.VERMONT,lmp_rtm_15m_mean,2026-09-23T11:00:00Z,27.8433,USD/MWh,PT15M,"US-CT,US-MA,US-ME,US-NH,US-RI,US-VT",isone_rtm,.Z.VERMONT,isone:rt_lmp_5min,https://www.iso-ne.com/isoexpress/web/reports/pricing/-/tree/lmps-rt-five-min-final,2026-09-25T20:08:21Z,
isone:.Z.VERMONT,lmp_rtm_15m_mean,2026-09-23T11:15:00Z,24.42,USD/MWh,PT15M,"US-CT,US-MA,US-ME,US-NH,US-RI,US-VT",isone_rtm,.Z.VERMONT,isone:rt_lmp_5min,https://www.iso-ne.com/isoexpress/web/reports/pricing/-/tree/lmps-rt-five-min-final,2026-09-25T20:08:21Z,
isone:.Z.VERMONT,lmp_rtm_15m_mean,2026-09-23T11:30:00Z,24.26,USD/MWh,PT15M,"US-CT,US-MA,US-ME,US-NH,US-RI,US-VT",isone_rtm,.Z.VERMONT,isone:rt_lmp_5min,https://www.iso-ne.com/isoexpress/web/reports/pricing/-/tree/lmps-rt-five-min-final,2026-09-25T20:08:21Z,
isone:.Z.VERMONT,lmp_rtm_15m_mean,2026-09-23T11:45:00Z,24.03,USD/MWh,PT15M,"US-CT,US-MA,US-ME,US-NH,US-RI,US-VT",isone_rtm,.Z.VERMONT,isone:rt_lmp_5min,https://www.iso-ne.com/isoexpress/web/reports/pricing/-/tree/lmps-rt-five-min-final,2026-09-25T20:08:21Z,
isone:.Z.VERMONT,lmp_rtm_15m_mean,2026-09-23T12:00:00Z,33.4367,USD/MWh,PT15M,"US-CT,US-MA,US-ME,US-NH,US-RI,US-VT",isone_rtm,.Z.VERMONT,isone:rt_lmp_5min,https://www.iso-ne.com/isoexpress/web/reports/pricing/-/tree/lmps-rt-five-min-final,2026-09-25T20:08:21Z,
isone:.Z.VERMONT,lmp_rtm_15m_mean,2026-09-23T12:15:00Z,27.6467,USD/MWh,PT15M,"US-CT,US-MA,US-ME,US-NH,US-RI,US-VT",isone_rtm,.Z.VERMONT,isone:rt_lmp_5min,https://www.iso-ne.com/isoexpress/web/reports/pricing/-/tree/lmps-rt-five-min-final,2026-09-25T20:08:21Z,
isone:.Z.VERMONT,lmp_rtm_15m_mean,2026-09-23T12:30:00Z,23.0633,USD/MWh,PT15M,"US-CT,US-MA,US-ME,US-NH,US-RI,US-VT",isone_rtm,.Z.VERMONT,isone:rt_lmp_5min,https://www.iso-ne.com/isoexpress/web/reports/pricing/-/tree/lmps-rt-five-min-final,2026-09-25T20:08:21Z,
isone:.Z.VERMONT,lmp_rtm_15m_mean,2026-09-23T12:45:00Z,14.5867,USD/MWh,PT15M,"US-CT,US-MA,US-ME,US-NH,US-RI,US-VT",isone_rtm,.Z.VERMONT,isone:rt_lmp_5min,https://www.iso-ne.com/isoexpress/web/reports/pricing/-/tree/lmps-rt-five-min-final,2026-09-25T20:08:21Z,
isone:.Z.VERMONT,lmp_rtm_15m_mean,2026-09-23T13:00:00Z,15.43,USD/MWh,PT15M,"US-CT,US-MA,US-ME,US-NH,US-RI,US-VT",isone_rtm,.Z.VERMONT,isone:rt_lmp_5min,https://www.iso-ne.com/isoexpress/web/reports/pricing/-/tree/lmps-rt-five-min-final,2026-09-25T20:08:21Z,
isone:.Z.VERMONT,lmp_rtm_15m_mean,2026-09-23T13:15:00Z,17.94,USD/MWh,PT15M,"US-CT,US-MA,US-ME,US-NH,US-RI,US-VT",isone_rtm,.Z.VERMONT,isone:rt_lmp_5min,https://www.iso-ne.com/isoexpress/web/reports/pricing/-/tree/lmps-rt-five-min-final,2026-09-25T20:08:21Z,
isone:.Z.VERMONT,lmp_rtm_15m_mean,2026-09-23T13:30:00Z,15.3733,USD/MWh,PT15M,"US-CT,US-MA,US-ME,US-NH,US-RI,US-VT",isone_rtm,.Z.VERMONT,isone:rt_lmp_5min,https://www.iso-ne.com/isoexpress/web/reports/pricing/-/tree/lmps-rt-five-min-final,2026-09-25T20:08:21Z,
isone:.Z.VERMONT,lmp_rtm_15m_mean,2026-09-23T13:45:00Z,0.0467,USD/MWh,PT15M,"US-CT,US-MA,US-ME,US-NH,US-RI,US-VT",isone_rtm,.Z.VERMONT,isone:rt_lmp_5min,https://www.iso-ne.com/isoexpress/web/reports/pricing/-/tree/lmps-rt-five-min-final,2026-09-25T20:08:21Z,
isone:.Z.VERMONT,lmp_rtm_15m_mean,2026-09-23T14:00:00Z,15.3933,USD/MWh,PT15M,"US-CT,US-MA,US-ME,US-NH,US-RI,US-VT",isone_rtm,.Z.VERMONT,isone:rt_lmp_5min,https://www.iso-ne.com/isoexpress/web/reports/pricing/-/tree/lmps-rt-five-min-final,2026-09-25T20:08:21Z,
isone:.Z.VERMONT,lmp_rtm_15m_mean,2026-09-23T14:15:00Z,23.19,USD/MWh,PT15M,"US-CT,US-MA,US-ME,US-NH,US-RI,US-VT",isone_rtm,.Z.VERMONT,isone:rt_lmp_5min,https://www.iso-ne.com/isoexpress/web/reports/pricing/-/tree/lmps-rt-five-min-final,2026-09-25T20:08:21Z,
isone:.Z.VERMONT,lmp_rtm_15m_mean,2026-09-23T14:30:00Z,3.6933,USD/MWh,PT15M,"US-CT,US-MA,US-ME,US-NH,US-RI,US-VT",isone_rtm,.Z.VERMONT,isone:rt_lmp_5min,https://www.iso-ne.com/isoexpress/web/reports/pricing/-/tree/lmps-rt-five-min-final,2026-09-25T20:08:21Z,
isone:.Z.VERMONT,lmp_rtm_15m_mean,2026-09-23T14:45:00Z,-33.9667,USD/MWh,PT15M,"US-CT,US-MA,US-ME,US-NH,US-RI,US-VT",isone_rtm,.Z.VERMONT,isone:rt_lmp_5min,https://www.iso-ne.com/isoexpress/web/reports/pricing/-/tree/lmps-rt-five-min-final,2026-09-25T20:08:21Z,
isone:.Z.VERMONT,lmp_rtm_15m_mean,2026-09-23T15:00:00Z,-36.1533,USD/MWh,PT15M,"US-CT,US-MA,US-ME,US-NH,US-RI,US-VT",isone_rtm,.Z.VERMONT,isone:rt_lmp_5min,https://www.iso-ne.com/isoexpress/web/reports/pricing/-/tree/lmps-rt-five-min-final,2026-09-25T20:08:21Z,
isone:.Z.VERMONT,lmp_rtm_15m_mean,2026-09-23T15:15:00Z,-0.92,USD/MWh,PT15M,"US-CT,US-MA,US-ME,US-NH,US-RI,US-VT",isone_rtm,.Z.VERMONT,isone:rt_lmp_5min,https://www.iso-ne.com/isoexpress/web/reports/pricing/-/tree/lmps-rt-five-min-final,2026-09-25T20:08:21Z,
isone:.Z.VERMONT,lmp_rtm_15m_mean,2026-09-23T15:30:00Z,10.0933,USD/MWh,PT15M,"US-CT,US-MA,US-ME,US-NH,US-RI,US-VT",isone_rtm,.Z.VERMONT,isone:rt_lmp_5min,https://www.iso-ne.com/isoexpress/web/reports/pricing/-/tree/lmps-rt-five-min-final,2026-09-25T20:08:21Z,
isone:.Z.VERMONT,lmp_rtm_15m_mean,2026-09-23T15:45:00Z,3.36,USD/MWh,PT15M,"US-CT,US-MA,US-ME,US-NH,US-RI,US-VT",isone_rtm,.Z.VERMONT,isone:rt_lmp_5min,https://www.iso-ne.com/isoexpress/web/reports/pricing/-/tree/lmps-rt-five-min-final,2026-09-25T20:08:21Z,
isone:.Z.VERMONT,lmp_rtm_15m_mean,2026-09-23T16:00:00Z,1.4167,USD/MWh,PT15M,"US-CT,US-MA,US-ME,US-NH,US-RI,US-VT",isone_rtm,.Z.VERMONT,isone:rt_lmp_5min,https://www.iso-ne.com/isoexpress/web/reports/pricing/-/tree/lmps-rt-five-min-final,2026-09-25T20:08:21Z,
isone:.Z.VERMONT,lmp_rtm_15m_mean,2026-09-23T16:15:00Z,21.8167,USD/MWh,PT15M,"US-CT,US-MA,US-ME,US-NH,US-RI,US-VT",isone_rtm,.Z.VERMONT,isone:rt_lmp_5min,https://www.iso-ne.com/isoexpress/web/reports/pricing/-/tree/lmps-rt-five-min-final,2026-09-25T20:08:21Z,
isone:.Z.VERMONT,lmp_rtm_15m_mean,2026-09-23T16:30:00Z,13.3133,USD/MWh,PT15M,"US-CT,US-MA,US-ME,US-NH,US-RI,US-VT",isone_rtm,.Z.VERMONT,isone:rt_lmp_5min,https://www.iso-ne.com/isoexpress/web/reports/pricing/-/tree/lmps-rt-five-min-final,2026-09-25T20:08:21Z,
isone:.Z.VERMONT,lmp_rtm_15m_mean,2026-09-23T16:45:00Z,20.04,USD/MWh,PT15M,"US-CT,US-MA,US-ME,US-NH,US-RI,US-VT",isone_rtm,.Z.VERMONT,isone:rt_lmp_5min,https://www.iso-ne.com/isoexpress/web/reports/pricing/-/tree/lmps-rt-five-min-final,2026-09-25T20:08:21Z,
isone:.Z.VERMONT,lmp_rtm_15m_mean,2026-09-23T17:00:00Z,22.2933,USD/MWh,PT15M,"US-CT,US-MA,US-ME,US-NH,US-RI,US-VT",isone_rtm,.Z.VERMONT,isone:rt_lmp_5min,https://www.iso-ne.com/isoexpress/web/reports/pricing/-/tree/lmps-rt-five-min-final,2026-09-25T20:08:21Z,
isone:.Z.VERMONT,lmp_rtm_15m_mean,2026-09-23T17:15:00Z,20.49,USD/MWh,PT15M,"US-CT,US-MA,US-ME,US-NH,US-RI,US-VT",isone_rtm,.Z.VERMONT,isone:rt_lmp_5min,https://www.iso-ne.com/isoexpress/web/reports/pricing/-/tree/lmps-rt-five-min-final,2026-09-25T20:08:21Z,
isone:.Z.VERMONT,lmp_rtm_15m_mean,2026-09-23T17:30:00Z,22.11,USD/MWh,PT15M,"US-CT,US-MA,US-ME,US-NH,US-RI,US-VT",isone_rtm,.Z.VERMONT,isone:rt_lmp_5min,https://www.iso-ne.com/isoexpress/web/reports/pricing/-/tree/lmps-rt-five-min-final,2026-09-25T20:08:21Z,
isone:.Z.VERMONT,lmp_rtm_15m_mean,2026-09-23T17:45:00Z,22.8167,USD/MWh,PT15M,"US-CT,US-MA,US-ME,US-NH,US-RI,US-VT",isone_rtm,.Z.VERMONT,isone:rt_lmp_5min,https://www.iso-ne.com/isoexpress/web/reports/pricing/-/tree/lmps-rt-five-min-final,2026-09-25T20:08:21Z,
isone:.Z.VERMONT,lmp_rtm_15m_mean,2026-09-23T18:00:00Z,23.0933,USD/MWh,PT15M,"US-CT,US-MA,US-ME,US-NH,US-RI,US-VT",isone_rtm,.Z.VERMONT,isone:rt_lmp_5min,https://www.iso-ne.com/isoexpress/web/reports/pricing/-/tree/lmps-rt-five-min-final,2026-09-25T20:08:21Z,
isone:.Z.VERMONT,lmp_rtm_15m_mean,2026-09-23T18:15:00Z,22.43,USD/MWh,PT15M,"US-CT,US-MA,US-ME,US-NH,US-RI,US-VT",isone_rtm,.Z.VERMONT,isone:rt_lmp_5min,https://www.iso-ne.com/isoexpress/web/reports/pricing/-/tree/lmps-rt-five-min-final,2026-09-25T20:08:21Z,
isone:.Z.VERMONT,lmp_rtm_15m_mean,2026-09-23T18:30:00Z,22.45,USD/MWh,PT15M,"US-CT,US-MA,US-ME,US-NH,US-RI,US-VT",isone_rtm,.Z.VERMONT,isone:rt_lmp_5min,https://www.iso-ne.com/isoexpress/web/reports/pricing/-/tree/lmps-rt-five-min-final,2026-09-25T20:08:21Z,
isone:.Z.VERMONT,lmp_rtm_15m_mean,2026-09-23T18:45:00Z,22.7967,USD/MWh,PT15M,"US-CT,US-MA,US-ME,US-NH,US-RI,US-VT",isone_rtm,.Z.VERMONT,isone:rt_lmp_5min,https://www.iso-ne.com/isoexpress/web/reports/pricing/-/tree/lmps-rt-five-min-final,2026-09-25T20:08:21Z,
isone:.Z.VERMONT,lmp_rtm_15m_mean,2026-09-23T19:00:00Z,5.0833,USD/MWh,PT15M,"US-CT,US-MA,US-ME,US-NH,US-RI,US-VT",isone_rtm,.Z.VERMONT,isone:rt_lmp_5min,https://www.iso-ne.com/isoexpress/web/reports/pricing/-/tree/lmps-rt-five-min-final,2026-09-25T20:08:21Z,
isone:.Z.VERMONT,lmp_rtm_15m_mean,2026-09-23T19:15:00Z,21.8033,USD/MWh,PT15M,"US-CT,US-MA,US-ME,US-NH,US-RI,US-VT",isone_rtm,.Z.VERMONT,isone:rt_lmp_5min,https://www.iso-ne.com/isoexpress/web/reports/pricing/-/tree/lmps-rt-five-min-final,2026-09-25T20:08:21Z,
isone:.Z.VERMONT,lmp_rtm_15m_mean,2026-09-23T19:30:00Z,24.23,USD/MWh,PT15M,"US-CT,US-MA,US-ME,US-NH,US-RI,US-VT",isone_rtm,.Z.VERMONT,isone:rt_lmp_5min,https://www.iso-ne.com/isoexpress/web/reports/pricing/-/tree/lmps-rt-five-min-final,2026-09-25T20:08:21Z,
isone:.Z.VERMONT,lmp_rtm_15m_mean,2026-09-23T19:45:00Z,25.9533,USD/MWh,PT15M,"US-CT,US-MA,US-ME,US-NH,US-RI,US-VT",isone_rtm,.Z.VERMONT,isone:rt_lmp_5min,https://www.iso-ne.com/isoexpress/web/reports/pricing/-/tree/lmps-rt-five-min-final,2026-09-25T20:08:21Z,
isone:.Z.VERMONT,lmp_rtm_15m_mean,2026-09-23T20:00:00Z,-5.3733,USD/MWh,PT15M,"US-CT,US-MA,US-ME,US-NH,US-RI,US-VT",isone_rtm,.Z.VERMONT,isone:rt_lmp_5min,https://www.iso-ne.com/isoexpress/web/reports/pricing/-/tree/lmps-rt-five-min-final,2026-09-25T20:08:21Z,
isone:.Z.VERMONT,lmp_rtm_15m_mean,2026-09-23T20:15:00Z,-5.58,USD/MWh,PT15M,"US-CT,US-MA,US-ME,US-NH,US-RI,US-VT",isone_rtm,.Z.VERMONT,isone:rt_lmp_5min,https://www.iso-ne.com/isoexpress/web/reports/pricing/-/tree/lmps-rt-five-min-final,2026-09-25T20:08:21Z,
isone:.Z.VERMONT,lmp_rtm_15m_mean,2026-09-23T20:30:00Z,26.24,USD/MWh,PT15M,"US-CT,US-MA,US-ME,US-NH,US-RI,US-VT",isone_rtm,.Z.VERMONT,isone:rt_lmp_5min,https://www.iso-ne.com/isoexpress/web/reports/pricing/-/tree/lmps-rt-five-min-final,2026-09-25T20:08:21Z,
isone:.Z.VERMONT,lmp_rtm_15m_mean,2026-09-23T20:45:00Z,29.72,USD/MWh,PT15M,"US-CT,US-MA,US-ME,US-NH,US-RI,US-VT",isone_rtm,.Z.VERMONT,isone:rt_lmp_5min,https://www.iso-ne.com/isoexpress/web/reports/pricing/-/tree/lmps-rt-five-min-final,2026-09-25T20:08:21Z,
isone:.Z.VERMONT,lmp_rtm_15m_mean,2026-09-23T21:00:00Z,24.5533,USD/MWh,PT15M,"US-CT,US-MA,US-ME,US-NH,US-RI,US-VT",isone_rtm,.Z.VERMONT,isone:rt_lmp_5min,https://www.iso-ne.com/isoexpress/web/reports/pricing/-/tree/lmps-rt-five-min-final,2026-09-25T20:08:21Z,
isone:.Z.VERMONT,lmp_rtm_15m_mean,2026-09-23T21:15:00Z,25.7667,USD/MWh,PT15M,"US-CT,US-MA,US-ME,US-NH,US-RI,US-VT",isone_rtm,.Z.VERMONT,isone:rt_lmp_5min,https://www.iso-ne.com/isoexpress/web/reports/pricing/-/tree/lmps-rt-five-min-final,2026-09-25T20:08:21Z,
isone:.Z.VERMONT,lmp_rtm_15m_mean,2026-09-23T21:30:00Z,31.0133,USD/MWh,PT15M,"US-CT,US-MA,US-ME,US-NH,US-RI,US-VT",isone_rtm,.Z.VERMONT,isone:rt_lmp_5min,https://www.iso-ne.com/isoexpress/web/reports/pricing/-/tree/lmps-rt-five-min-final,2026-09-25T20:08:21Z,
isone:.Z.VERMONT,lmp_rtm_15m_mean,2026-09-23T21:45:00Z,36.9533,USD/MWh,PT15M,"US-CT,US-MA,US-ME,US-NH,US-RI,US-VT",isone_rtm,.Z.VERMONT,isone:rt_lmp_5min,https://www.iso-ne.com/isoexpress/web/reports/pricing/-/tree/lmps-rt-five-min-final,2026-09-25T20:08:21Z,
isone:.Z.VERMONT,lmp_rtm_15m_mean,2026-09-23T22:00:00Z,36.1933,USD/MWh,PT15M,"US-CT,US-MA,US-ME,US-NH,US-RI,US-VT",isone_rtm,.Z.VERMONT,isone:rt_lmp_5min,https://www.iso-ne.com/isoexpress/web/reports/pricing/-/tree/lmps-rt-five-min-final,2026-09-25T20:08:21Z,
isone:.Z.VERMONT,lmp_rtm_15m_mean,2026-09-23T22:15:00Z,45.2333,USD/MWh,PT15M,"US-CT,US-MA,US-ME,US-NH,US-RI,US-VT",isone_rtm,.Z.VERMONT,isone:rt_lmp_5min,https://www.iso-ne.com/isoexpress/web/reports/pricing/-/tree/lmps-rt-five-min-final,2026-09-25T20:08:21Z,
isone:.Z.VERMONT,lmp_rtm_15m_mean,2026-09-23T22:30:00Z,48.5033,USD/MWh,PT15M,"US-CT,US-MA,US-ME,US-NH,US-RI,US-VT",isone_rtm,.Z.VERMONT,isone:rt_lmp_5min,https://www.iso-ne.com/isoexpress/web/reports/pricing/-/tree/lmps-rt-five-min-final,2026-09-25T20:08:21Z,
isone:.Z.VERMONT,lmp_rtm_15m_mean,2026-09-23T22:45:00Z,49.94,USD/MWh,PT15M,"US-CT,US-MA,US-ME,US-NH,US-RI,US-VT",isone_rtm,.Z.VERMONT,isone:rt_lmp_5min,https://www.iso-ne.com/isoexpress/web/reports/pricing/-/tree/lmps-rt-five-min-final,2026-09-25T20:08:21Z,
isone:.Z.VERMONT,lmp_rtm_15m_mean,2026-09-23T23:00:00Z,50.76,USD/MWh,PT15M,"US-CT,US-MA,US-ME,US-NH,US-RI,US-VT",isone_rtm,.Z.VERMONT,isone:rt_lmp_5min,https://www.iso-ne.com/isoexpress/web/reports/pricing/-/tree/lmps-rt-five-min-final,2026-09-25T20:08:21Z,
isone:.Z.VERMONT,lmp_rtm_15m_mean,2026-09-23T23:15:00Z,43.96,USD/MWh,PT15M,"US-CT,US-MA,US-ME,US-NH,US-RI,US-VT",isone_rtm,.Z.VERMONT,isone:rt_lmp_5min,https://www.iso-ne.com/isoexpress/web/reports/pricing/-/tree/lmps-rt-five-min-final,2026-09-25T20:08:21Z,
isone:.Z.VERMONT,lmp_rtm_15m_mean,2026-09-23T23:30:00Z,46.47,USD/MWh,PT15M,"US-CT,US-MA,US-ME,US-NH,US-RI,US-VT",isone_rtm,.Z.VERMONT,isone:rt_lmp_5min,https://www.iso-ne.com/isoexpress/web/reports/pricing/-/tree/lmps-rt-five-min-final,2026-09-25T20:08:21Z,
isone:.Z.VERMONT,lmp_rtm_15m_mean,2026-09-23T23:45:00Z,34.61,USD/MWh,PT15M,"US-CT,US-MA,US-ME,US-NH,US-RI,US-VT",isone_rtm,.Z.VERMONT,isone:rt_lmp_5min,https://www.iso-ne.com/isoexpress/web/reports/pricing/-/tree/lmps-rt-five-min-final,2026-09-25T20:08:21Z,
isone:.Z.VERMONT,lmp_rtm_15m_mean,2026-09-24T00:00:00Z,39.9067,USD/MWh,PT15M,"US-CT,US-MA,US-ME,US-NH,US-RI,US-VT",isone_rtm,.Z.VERMONT,isone:rt_lmp_5min,https://www.iso-ne.com/isoexpress/web/reports/pricing/-/tree/lmps-rt-five-min-final,2026-09-25T20:08:21Z,
isone:.Z.VERMONT,lmp_rtm_15m_mean,2026-09-24T00:15:00Z,35.7,USD/MWh,PT15M,"US-CT,US-MA,US-ME,US-NH,US-RI,US-VT",isone_rtm,.Z.VERMONT,isone:rt_lmp_5min,https://www.iso-ne.com/isoexpress/web/reports/pricing/-/tree/lmps-rt-five-min-final,2026-09-25T20:08:21Z,
isone:.Z.VERMONT,lmp_rtm_15m_mean,2026-09-24T00:30:00Z,33.16,USD/MWh,PT15M,"US-CT,US-MA,US-ME,US-NH,US-RI,US-VT",isone_rtm,.Z.VERMONT,isone:rt_lmp_5min,https://www.iso-ne.com/isoexpress/web/reports/pricing/-/tree/lmps-rt-five-min-final,2026-09-25T20:08:21Z,
isone:.Z.VERMONT,lmp_rtm_15m_mean,2026-09-24T00:45:00Z,30.7,USD/MWh,PT15M,"US-CT,US-MA,US-ME,US-NH,US-RI,US-VT",isone_rtm,.Z.VERMONT,isone:rt_lmp_5min,https://www.iso-ne.com/isoexpress/web/reports/pricing/-/tree/lmps-rt-five-min-final,2026-09-25T20:08:21Z,
isone:.Z.VERMONT,lmp_rtm_15m_mean,2026-09-24T01:00:00Z,45.1467,USD/MWh,PT15M,"US-CT,US-MA,US-ME,US-NH,US-RI,US-VT",isone_rtm,.Z.VERMONT,isone:rt_lmp_5min,https://www.iso-ne.com/isoexpress/web/reports/pricing/-/tree/lmps-rt-five-min-final,2026-09-25T20:08:21Z,
isone:.Z.VERMONT,lmp_rtm_15m_mean,2026-09-24T01:15:00Z,32.9133,USD/MWh,PT15M,"US-CT,US-MA,US-ME,US-NH,US-RI,US-VT",isone_rtm,.Z.VERMONT,isone:rt_lmp_5min,https://www.iso-ne.com/isoexpress/web/reports/pricing/-/tree/lmps-rt-five-min-final,2026-09-25T20:08:21Z,
isone:.Z.VERMONT,lmp_rtm_15m_mean,2026-09-24T01:30:00Z,31.9333,USD/MWh,PT15M,"US-CT,US-MA,US-ME,US-NH,US-RI,US-VT",isone_rtm,.Z.VERMONT,isone:rt_lmp_5min,https://www.iso-ne.com/isoexpress/web/reports/pricing/-/tree/lmps-rt-five-min-final,2026-09-25T20:08:21Z,
isone:.Z.VERMONT,lmp_rtm_15m_mean,2026-09-24T01:45:00Z,30.18,USD/MWh,PT15M,"US-CT,US-MA,US-ME,US-NH,US-RI,US-VT",isone_rtm,.Z.VERMONT,isone:rt_lmp_5min,https://www.iso-ne.com/isoexpress/web/reports/pricing/-/tree/lmps-rt-five-min-final,2026-09-25T20:08:21Z,
isone:.Z.VERMONT,lmp_rtm_15m_mean,2026-09-24T02:00:00Z,53.44,USD/MWh,PT15M,"US-CT,US-MA,US-ME,US-NH,US-RI,US-VT",isone_rtm,.Z.VERMONT,isone:rt_lmp_5min,https://www.iso-ne.com/isoexpress/web/reports/pricing/-/tree/lmps-rt-five-min-final,2026-09-25T20:08:21Z,
isone:.Z.VERMONT,lmp_rtm_15m_mean,2026-09-24T02:15:00Z,39.31,USD/MWh,PT15M,"US-CT,US-MA,US-ME,US-NH,US-RI,US-VT",isone_rtm,.Z.VERMONT,isone:rt_lmp_5min,https://www.iso-ne.com/isoexpress/web/reports/pricing/-/tree/lmps-rt-five-min-final,2026-09-25T20:08:21Z,
isone:.Z.VERMONT,lmp_rtm_15m_mean,2026-09-24T02:30:00Z,31.42,USD/MWh,PT15M,"US-CT,US-MA,US-ME,US-NH,US-RI,US-VT",isone_rtm,.Z.VERMONT,isone:rt_lmp_5min,https://www.iso-ne.com/isoexpress/web/reports/pricing/-/tree/lmps-rt-five-min-final,2026-09-25T20:08:21Z,
isone:.Z.VERMONT,lmp_rtm_15m_mean,2026-09-24T02:45:00Z,29.9833,USD/MWh,PT15M,"US-CT,US-MA,US-ME,US-NH,US-RI,US-VT",isone_rtm,.Z.VERMONT,isone:rt_lmp_5min,https://www.iso-ne.com/isoexpress/web/reports/pricing/-/tree/lmps-rt-five-min-final,2026-09-25T20:08:21Z,
isone:.Z.VERMONT,lmp_rtm_15m_mean,2026-09-24T03:00:00Z,30.8167,USD/MWh,PT15M,"US-CT,US-MA,US-ME,US-NH,US-RI,US-VT",isone_rtm,.Z.VERMONT,isone:rt_lmp_5min,https://www.iso-ne.com/isoexpress/web/reports/pricing/-/tree/lmps-rt-five-min-final,2026-09-25T20:08:21Z,
isone:.Z.VERMONT,lmp_rtm_15m_mean,2026-09-24T03:15:00Z,31.05,USD/MWh,PT15M,"US-CT,US-MA,US-ME,US-NH,US-RI,US-VT",isone_rtm,.Z.VERMONT,isone:rt_lmp_5min,https://www.iso-ne.com/isoexpress/web/reports/pricing/-/tree/lmps-rt-five-min-final,2026-09-25T20:08:21Z,
isone:.Z.VERMONT,lmp_rtm_15m_mean,2026-09-24T03:30:00Z,28.0667,USD/MWh,PT15M,"US-CT,US-MA,US-ME,US-NH,US-RI,US-VT",isone_rtm,.Z.VERMONT,isone:rt_lmp_5min,https://www.iso-ne.com/isoexpress/web/reports/pricing/-/tree/lmps-rt-five-min-final,2026-09-25T20:08:21Z,
isone:.Z.VERMONT,lmp_rtm_15m_mean,2026-09-24T03:45:00Z,25.92,USD/MWh,PT15M,"US-CT,US-MA,US-ME,US-NH,US-RI,US-VT",isone_rtm,.Z.VERMONT,isone:rt_lmp_5min,https://www.iso-ne.com/isoexpress/web/reports/pricing/-/tree/lmps-rt-five-min-final,2026-09-25T20:08:21Z,
isone:.Z.VERMONT,lmp_rtm_15m_mean,2026-09-24T04:00:00Z,27.3767,USD/MWh,PT15M,"US-CT,US-MA,US-ME,US-NH,US-RI,US-VT",isone_rtm,.Z.VERMONT,isone:rt_lmp_5min,https://www.iso-ne.com/isoexpress/web/reports/pricing/-/tree/lmps-rt-five-min-final,2026-09-25T20:08:36Z,
isone:.Z.VERMONT,lmp_rtm_15m_mean,2026-09-24T04:15:00Z,27.86,USD/MWh,PT15M,"US-CT,US-MA,US-ME,US-NH,US-RI,US-VT",isone_rtm,.Z.VERMONT,isone:rt_lmp_5min,https://www.iso-ne.com/isoexpress/web/reports/pricing/-/tree/lmps-rt-five-min-final,2026-09-25T20:08:36Z,
isone:.Z.VERMONT,lmp_rtm_15m_mean,2026-09-24T04:30:00Z,27.0467,USD/MWh,PT15M,"US-CT,US-MA,US-ME,US-NH,US-RI,US-VT",isone_rtm,.Z.VERMONT,isone:rt_lmp_5min,https://www.iso-ne.com/isoexpress/web/reports/pricing/-/tree/lmps-rt-five-min-final,2026-09-25T20:08:36Z,
isone:.Z.VERMONT,lmp_rtm_15m_mean,2026-09-24T04:45:00Z,26.17,USD/MWh,PT15M,"US-CT,US-MA,US-ME,US-NH,US-RI,US-VT",isone_rtm,.Z.VERMONT,isone:rt_lmp_5min,https://www.iso-ne.com/isoexpress/web/reports/pricing/-/tree/lmps-rt-five-min-final,2026-09-25T20:08:36Z,
isone:.Z.VERMONT,lmp_rtm_15m_mean,2026-09-24T05:00:00Z,26.6267,USD/MWh,PT15M,"US-CT,US-MA,US-ME,US-NH,US-RI,US-VT",isone_rtm,.Z.VERMONT,isone:rt_lmp_5min,https://www.iso-ne.com/isoexpress/web/reports/pricing/-/tree/lmps-rt-five-min-final,2026-09-25T20:08:36Z,
isone:.Z.VERMONT,lmp_rtm_15m_mean,2026-09-24T05:15:00Z,27.71,USD/MWh,PT15M,"US-CT,US-MA,US-ME,US-NH,US-RI,US-VT",isone_rtm,.Z.VERMONT,isone:rt_lmp_5min,https://www.iso-ne.com/isoexpress/web/reports/pricing/-/tree/lmps-rt-five-min-final,2026-09-25T20:08:36Z,
isone:.Z.VERMONT,lmp_rtm_15m_mean,2026-09-24T05:30:00Z,26.2133,USD/MWh,PT15M,"US-CT,US-MA,US-ME,US-NH,US-RI,US-VT",isone_rtm,.Z.VERMONT,isone:rt_lmp_5min,https://www.iso-ne.com/isoexpress/web/reports/pricing/-/tree/lmps-rt-five-min-final,2026-09-25T20:08:36Z,
isone:.Z.VERMONT,lmp_rtm_15m_mean,2026-09-24T05:45:00Z,26.0367,USD/MWh,PT15M,"US-CT,US-MA,US-ME,US-NH,US-RI,US-VT",isone_rtm,.Z.VERMONT,isone:rt_lmp_5min,https://www.iso-ne.com/isoexpress/web/reports/pricing/-/tree/lmps-rt-five-min-final,2026-09-25T20:08:36Z,
isone:.Z.VERMONT,lmp_rtm_15m_mean,2026-09-24T06:00:00Z,25.77,USD/MWh,PT15M,"US-CT,US-MA,US-ME,US-NH,US-RI,US-VT",isone_rtm,.Z.VERMONT,isone:rt_lmp_5min,https://www.iso-ne.com/isoexpress/web/reports/pricing/-/tree/lmps-rt-five-min-final,2026-09-25T20:08:36Z,
isone:.Z.VERMONT,lmp_rtm_15m_mean,2026-09-24T06:15:00Z,25.4367,USD/MWh,PT15M,"US-CT,US-MA,US-ME,US-NH,US-RI,US-VT",isone_rtm,.Z.VERMONT,isone:rt_lmp_5min,https://www.iso-ne.com/isoexpress/web/reports/pricing/-/tree/lmps-rt-five-min-final,2026-09-25T20:08:36Z,
isone:.Z.VERMONT,lmp_rtm_15m_mean,2026-09-24T06:30:00Z,25.6967,USD/MWh,PT15M,"US-CT,US-MA,US-ME,US-NH,US-RI,US-VT",isone_rtm,.Z.VERMONT,isone:rt_lmp_5min,https://www.iso-ne.com/isoexpress/web/reports/pricing/-/tree/lmps-rt-five-min-final,2026-09-25T20:08:36Z,
isone:.Z.VERMONT,lmp_rtm_15m_mean,2026-09-24T06:45:00Z,25.47,USD/MWh,PT15M,"US-CT,US-MA,US-ME,US-NH,US-RI,US-VT",isone_rtm,.Z.VERMONT,isone:rt_lmp_5min,https://www.iso-ne.com/isoexpress/web/reports/pricing/-/tree/lmps-rt-five-min-final,2026-09-25T20:08:36Z,
isone:.Z.VERMONT,lmp_rtm_15m_mean,2026-09-24T07:00:00Z,25.3767,USD/MWh,PT15M,"US-CT,US-MA,US-ME,US-NH,US-RI,US-VT",isone_rtm,.Z.VERMONT,isone:rt_lmp_5min,https://www.iso-ne.com/isoexpress/web/reports/pricing/-/tree/lmps-rt-five-min-final,2026-09-25T20:08:36Z,
isone:.Z.VERMONT,lmp_rtm_15m_mean,2026-09-24T07:15:00Z,25.7567,USD/MWh,PT15M,"US-CT,US-MA,US-ME,US-NH,US-RI,US-VT",isone_rtm,.Z.VERMONT,isone:rt_lmp_5min,https://www.iso-ne.com/isoexpress/web/reports/pricing/-/tree/lmps-rt-five-min-final,2026-09-25T20:08:36Z,
isone:.Z.VERMONT,lmp_rtm_15m_mean,2026-09-24T07:30:00Z,25.9033,USD/MWh,PT15M,"US-CT,US-MA,US-ME,US-NH,US-RI,US-VT",isone_rtm,.Z.VERMONT,isone:rt_lmp_5min,https://www.iso-ne.com/isoexpress/web/reports/pricing/-/tree/lmps-rt-five-min-final,2026-09-25T20:08:36Z,
isone:.Z.VERMONT,lmp_rtm_15m_mean,2026-09-24T07:45:00Z,25.8733,USD/MWh,PT15M,"US-CT,US-MA,US-ME,US-NH,US-RI,US-VT",isone_rtm,.Z.VERMONT,isone:rt_lmp_5min,https://www.iso-ne.com/isoexpress/web/reports/pricing/-/tree/lmps-rt-five-min-final,2026-09-25T20:08:36Z,
isone:.Z.VERMONT,lmp_rtm_15m_mean,2026-09-24T08:00:00Z,24.8833,USD/MWh,PT15M,"US-CT,US-MA,US-ME,US-NH,US-RI,US-VT",isone_rtm,.Z.VERMONT,isone:rt_lmp_5min,https://www.iso-ne.com/isoexpress/web/reports/pricing/-/tree/lmps-rt-five-min-final,2026-09-25T20:08:36Z,
isone:.Z.VERMONT,lmp_rtm_15m_mean,2026-09-24T08:15:00Z,24.7933,USD/MWh,PT15M,"US-CT,US-MA,US-ME,US-NH,US-RI,US-VT",isone_rtm,.Z.VERMONT,isone:rt_lmp_5min,https://www.iso-ne.com/isoexpress/web/reports/pricing/-/tree/lmps-rt-five-min-final,2026-09-25T20:08:36Z,
isone:.Z.VERMONT,lmp_rtm_15m_mean,2026-09-24T08:30:00Z,24.96,USD/MWh,PT15M,"US-CT,US-MA,US-ME,US-NH,US-RI,US-VT",isone_rtm,.Z.VERMONT,isone:rt_lmp_5min,https://www.iso-ne.com/isoexpress/web/reports/pricing/-/tree/lmps-rt-five-min-final,2026-09-25T20:08:36Z,
isone:.Z.VERMONT,lmp_rtm_15m_mean,2026-09-24T08:45:00Z,25.58,USD/MWh,PT15M,"US-CT,US-MA,US-ME,US-NH,US-RI,US-VT",isone_rtm,.Z.VERMONT,isone:rt_lmp_5min,https://www.iso-ne.com/isoexpress/web/reports/pricing/-/tree/lmps-rt-five-min-final,2026-09-25T20:08:36Z,
isone:.Z.VERMONT,lmp_rtm_15m_mean,2026-09-24T09:00:00Z,27.7933,USD/MWh,PT15M,"US-CT,US-MA,US-ME,US-NH,US-RI,US-VT",isone_rtm,.Z.VERMONT,isone:rt_lmp_5min,https://www.iso-ne.com/isoexpress/web/reports/pricing/-/tree/lmps-rt-five-min-final,2026-09-25T20:08:36Z,
isone:.Z.VERMONT,lmp_rtm_15m_mean,2026-09-24T09:15:00Z,34.0567,USD/MWh,PT15M,"US-CT,US-MA,US-ME,US-NH,US-RI,US-VT",isone_rtm,.Z.VERMONT,isone:rt_lmp_5min,https://www.iso-ne.com/isoexpress/web/reports/pricing/-/tree/lmps-rt-five-min-final,2026-09-25T20:08:36Z,
isone:.Z.VERMONT,lmp_rtm_15m_mean,2026-09-24T09:30:00Z,34.1333,USD/MWh,PT15M,"US-CT,US-MA,US-ME,US-NH,US-RI,US-VT",isone_rtm,.Z.VERMONT,isone:rt_lmp_5min,https://www.iso-ne.com/isoexpress/web/reports/pricing/-/tree/lmps-rt-five-min-final,2026-09-25T20:08:36Z,
isone:.Z.VERMONT,lmp_rtm_15m_mean,2026-09-24T09:45:00Z,36.77,USD/MWh,PT15M,"US-CT,US-MA,US-ME,US-NH,US-RI,US-VT",isone_rtm,.Z.VERMONT,isone:rt_lmp_5min,https://www.iso-ne.com/isoexpress/web/reports/pricing/-/tree/lmps-rt-five-min-final,2026-09-25T20:08:36Z,
isone:.Z.VERMONT,lmp_rtm_15m_mean,2026-09-24T10:00:00Z,27.4,USD/MWh,PT15M,"US-CT,US-MA,US-ME,US-NH,US-RI,US-VT",isone_rtm,.Z.VERMONT,isone:rt_lmp_5min,https://www.iso-ne.com/isoexpress/web/reports/pricing/-/tree/lmps-rt-five-min-final,2026-09-25T20:08:36Z,
isone:.Z.VERMONT,lmp_rtm_15m_mean,2026-09-24T10:15:00Z,26.8067,USD/MWh,PT15M,"US-CT,US-MA,US-ME,US-NH,US-RI,US-VT",isone_rtm,.Z.VERMONT,isone:rt_lmp_5min,https://www.iso-ne.com/isoexpress/web/reports/pricing/-/tree/lmps-rt-five-min-final,2026-09-25T20:08:36Z,
isone:.Z.VERMONT,lmp_rtm_15m_mean,2026-09-24T10:30:00Z,31.6133,USD/MWh,PT15M,"US-CT,US-MA,US-ME,US-NH,US-RI,US-VT",isone_rtm,.Z.VERMONT,isone:rt_lmp_5min,https://www.iso-ne.com/isoexpress/web/reports/pricing/-/tree/lmps-rt-five-min-final,2026-09-25T20:08:36Z,
isone:.Z.VERMONT,lmp_rtm_15m_mean,2026-09-24T10:45:00Z,35.0333,USD/MWh,PT15M,"US-CT,US-MA,US-ME,US-NH,US-RI,US-VT",isone_rtm,.Z.VERMONT,isone:rt_lmp_5min,https://www.iso-ne.com/isoexpress/web/reports/pricing/-/tree/lmps-rt-five-min-final,2026-09-25T20:08:36Z,
isone:.Z.VERMONT,lmp_rtm_15m_mean,2026-09-24T11:00:00Z,32.3233,USD/MWh,PT15M,"US-CT,US-MA,US-ME,US-NH,US-RI,US-VT",isone_rtm,.Z.VERMONT,isone:rt_lmp_5min,https://www.iso-ne.com/isoexpress/web/reports/pricing/-/tree/lmps-rt-five-min-final,2026-09-25T20:08:36Z,
isone:.Z.VERMONT,lmp_rtm_15m_mean,2026-09-24T11:15:00Z,26.14,USD/MWh,PT15M,"US-CT,US-MA,US-ME,US-NH,US-RI,US-VT",isone_rtm,.Z.VERMONT,isone:rt_lmp_5min,https://www.iso-ne.com/isoexpress/web/reports/pricing/-/tree/lmps-rt-five-min-final,2026-09-25T20:08:36Z,
isone:.Z.VERMONT,lmp_rtm_15m_mean,2026-09-24T11:30:00Z,26.06,USD/MWh,PT15M,"US-CT,US-MA,US-ME,US-NH,US-RI,US-VT",isone_rtm,.Z.VERMONT,isone:rt_lmp_5min,https://www.iso-ne.com/isoexpress/web/reports/pricing/-/tree/lmps-rt-five-min-final,2026-09-25T20:08:36Z,
isone:.Z.VERMONT,lmp_rtm_15m_mean,2026-09-24T11:45:00Z,25.55,USD/MWh,PT15M,"US-CT,US-MA,US-ME,US-NH,US-RI,US-VT",isone_rtm,.Z.VERMONT,isone:rt_lmp_5min,https://www.iso-ne.com/isoexpress/web/reports/pricing/-/tree/lmps-rt-five-min-final,2026-09-25T20:08:36Z,
isone:.Z.VERMONT,lmp_rtm_15m_mean,2026-09-24T12:00:00Z,28.04,USD/MWh,PT15M,"US-CT,US-MA,US-ME,US-NH,US-RI,US-VT",isone_rtm,.Z.VERMONT,isone:rt_lmp_5min,https://www.iso-ne.com/isoexpress/web/reports/pricing/-/tree/lmps-rt-five-min-final,2026-09-25T20:08:36Z,
isone:.Z.VERMONT,lmp_rtm_15m_mean,2026-09-24T12:15:00Z,33.6733,USD/MWh,PT15M,"US-CT,US-MA,US-ME,US-NH,US-RI,US-VT",isone_rtm,.Z.VERMONT,isone:rt_lmp_5min,https://www.iso-ne.com/isoexpress/web/reports/pricing/-/tree/lmps-rt-five-min-final,2026-09-25T20:08:36Z,
isone:.Z.VERMONT,lmp_rtm_15m_mean,2026-09-24T12:30:00Z,27.1533,USD/MWh,PT15M,"US-CT,US-MA,US-ME,US-NH,US-RI,US-VT",isone_rtm,.Z.VERMONT,isone:rt_lmp_5min,https://www.iso-ne.com/isoexpress/web/reports/pricing/-/tree/lmps-rt-five-min-final,2026-09-25T20:08:36Z,
isone:.Z.VERMONT,lmp_rtm_15m_mean,2026-09-24T12:45:00Z,24.4267,USD/MWh,PT15M,"US-CT,US-MA,US-ME,US-NH,US-RI,US-VT",isone_rtm,.Z.VERMONT,isone:rt_lmp_5min,https://www.iso-ne.com/isoexpress/web/reports/pricing/-/tree/lmps-rt-five-min-final,2026-09-25T20:08:36Z,
isone:.Z.VERMONT,lmp_rtm_15m_mean,2026-09-24T13:00:00Z,22.34,USD/MWh,PT15M,"US-CT,US-MA,US-ME,US-NH,US-RI,US-VT",isone_rtm,.Z.VERMONT,isone:rt_lmp_5min,https://www.iso-ne.com/isoexpress/web/reports/pricing/-/tree/lmps-rt-five-min-final,2026-09-25T20:08:36Z,
isone:.Z.VERMONT,lmp_rtm_15m_mean,2026-09-24T13:15:00Z,22.48,USD/MWh,PT15M,"US-CT,US-MA,US-ME,US-NH,US-RI,US-VT",isone_rtm,.Z.VERMONT,isone:rt_lmp_5min,https://www.iso-ne.com/isoexpress/web/reports/pricing/-/tree/lmps-rt-five-min-final,2026-09-25T20:08:36Z,
isone:.Z.VERMONT,lmp_rtm_15m_mean,2026-09-24T13:30:00Z,22.38,USD/MWh,PT15M,"US-CT,US-MA,US-ME,US-NH,US-RI,US-VT",isone_rtm,.Z.VERMONT,isone:rt_lmp_5min,https://www.iso-ne.com/isoexpress/web/reports/pricing/-/tree/lmps-rt-five-min-final,2026-09-25T20:08:36Z,
isone:.Z.VERMONT,lmp_rtm_15m_mean,2026-09-24T13:45:00Z,22.6433,USD/MWh,PT15M,"US-CT,US-MA,US-ME,US-NH,US-RI,US-VT",isone_rtm,.Z.VERMONT,isone:rt_lmp_5min,https://www.iso-ne.com/isoexpress/web/reports/pricing/-/tree/lmps-rt-five-min-final,2026-09-25T20:08:36Z,
isone:.Z.VERMONT,lmp_rtm_15m_mean,2026-09-24T14:00:00Z,25.39,USD/MWh,PT15M,"US-CT,US-MA,US-ME,US-NH,US-RI,US-VT",isone_rtm,.Z.VERMONT,isone:rt_lmp_5min,https://www.iso-ne.com/isoexpress/web/reports/pricing/-/tree/lmps-rt-five-min-final,2026-09-25T20:08:36Z,
isone:.Z.VERMONT,lmp_rtm_15m_mean,2026-09-24T14:15:00Z,25.4433,USD/MWh,PT15M,"US-CT,US-MA,US-ME,US-NH,US-RI,US-VT",isone_rtm,.Z.VERMONT,isone:rt_lmp_5min,https://www.iso-ne.com/isoexpress/web/reports/pricing/-/tree/lmps-rt-five-min-final,2026-09-25T20:08:36Z,
isone:.Z.VERMONT,lmp_rtm_15m_mean,2026-09-24T14:30:00Z,25.4267,USD/MWh,PT15M,"US-CT,US-MA,US-ME,US-NH,US-RI,US-VT",isone_rtm,.Z.VERMONT,isone:rt_lmp_5min,https://www.iso-ne.com/isoexpress/web/reports/pricing/-/tree/lmps-rt-five-min-final,2026-09-25T20:08:36Z,
isone:.Z.VERMONT,lmp_rtm_15m_mean,2026-09-24T14:45:00Z,25.12,USD/MWh,PT15M,"US-CT,US-MA,US-ME,US-NH,US-RI,US-VT",isone_rtm,.Z.VERMONT,isone:rt_lmp_5min,https://www.iso-ne.com/isoexpress/web/reports/pricing/-/tree/lmps-rt-five-min-final,2026-09-25T20:08:36Z,
isone:.Z.VERMONT,lmp_rtm_15m_mean,2026-09-24T15:00:00Z,23.44,USD/MWh,PT15M,"US-CT,US-MA,US-ME,US-NH,US-RI,US-VT",isone_rtm,.Z.VERMONT,isone:rt_lmp_5min,https://www.iso-ne.com/isoexpress/web/reports/pricing/-/tree/lmps-rt-five-min-final,2026-09-25T20:08:36Z,
isone:.Z.VERMONT,lmp_rtm_15m_mean,2026-09-24T15:15:00Z,6.9867,USD/MWh,PT15M,"US-CT,US-MA,US-ME,US-NH,US-RI,US-VT",isone_rtm,.Z.VERMONT,isone:rt_lmp_5min,https://www.iso-ne.com/isoexpress/web/reports/pricing/-/tree/lmps-rt-five-min-final,2026-09-25T20:08:36Z,
isone:.Z.VERMONT,lmp_rtm_15m_mean,2026-09-24T15:30:00Z,-4.6433,USD/MWh,PT15M,"US-CT,US-MA,US-ME,US-NH,US-RI,US-VT",isone_rtm,.Z.VERMONT,isone:rt_lmp_5min,https://www.iso-ne.com/isoexpress/web/reports/pricing/-/tree/lmps-rt-five-min-final,2026-09-25T20:08:36Z,
isone:.Z.VERMONT,lmp_rtm_15m_mean,2026-09-24T15:45:00Z,-4.62,USD/MWh,PT15M,"US-CT,US-MA,US-ME,US-NH,US-RI,US-VT",isone_rtm,.Z.VERMONT,isone:rt_lmp_5min,https://www.iso-ne.com/isoexpress/web/reports/pricing/-/tree/lmps-rt-five-min-final,2026-09-25T20:08:36Z,
isone:.Z.VERMONT,lmp_rtm_15m_mean,2026-09-24T16:00:00Z,-5.9933,USD/MWh,PT15M,"US-CT,US-MA,US-ME,US-NH,US-RI,US-VT",isone_rtm,.Z.VERMONT,isone:rt_lmp_5min,https://www.iso-ne.com/isoexpress/web/reports/pricing/-/tree/lmps-rt-five-min-final,2026-09-25T20:08:36Z,
isone:.Z.VERMONT,lmp_rtm_15m_mean,2026-09-24T16:15:00Z,-12.9,USD/MWh,PT15M,"US-CT,US-MA,US-ME,US-NH,US-RI,US-VT",isone_rtm,.Z.VERMONT,isone:rt_lmp_5min,https://www.iso-ne.com/isoexpress/web/reports/pricing/-/tree/lmps-rt-five-min-final,2026-09-25T20:08:36Z,
isone:.Z.VERMONT,lmp_rtm_15m_mean,2026-09-24T16:30:00Z,-0.7867,USD/MWh,PT15M,"US-CT,US-MA,US-ME,US-NH,US-RI,US-VT",isone_rtm,.Z.VERMONT,isone:rt_lmp_5min,https://www.iso-ne.com/isoexpress/web/reports/pricing/-/tree/lmps-rt-five-min-final,2026-09-25T20:08:36Z,
isone:.Z.VERMONT,lmp_rtm_15m_mean,2026-09-24T16:45:00Z,20.85,USD/MWh,PT15M,"US-CT,US-MA,US-ME,US-NH,US-RI,US-VT",isone_rtm,.Z.VERMONT,isone:rt_lmp_5min,https://www.iso-ne.com/isoexpress/web/reports/pricing/-/tree/lmps-rt-five-min-final,2026-09-25T20:08:36Z,
isone:.Z.VERMONT,lmp_rtm_15m_mean,2026-09-24T17:00:00Z,22.0367,USD/MWh,PT15M,"US-CT,US-MA,US-ME,US-NH,US-RI,US-VT",isone_rtm,.Z.VERMONT,isone:rt_lmp_5min,https://www.iso-ne.com/isoexpress/web/reports/pricing/-/tree/lmps-rt-five-min-final,2026-09-25T20:08:36Z,
isone:.Z.VERMONT,lmp_rtm_15m_mean,2026-09-24T17:15:00Z,19.4133,USD/MWh,PT15M,"US-CT,US-MA,US-ME,US-NH,US-RI,US-VT",isone_rtm,.Z.VERMONT,isone:rt_lmp_5min,https://www.iso-ne.com/isoexpress/web/reports/pricing/-/tree/lmps-rt-five-min-final,2026-09-25T20:08:36Z,
isone:.Z.VERMONT,lmp_rtm_15m_mean,2026-09-24T17:30:00Z,19.1933,USD/MWh,PT15M,"US-CT,US-MA,US-ME,US-NH,US-RI,US-VT",isone_rtm,.Z.VERMONT,isone:rt_lmp_5min,https://www.iso-ne.com/isoexpress/web/reports/pricing/-/tree/lmps-rt-five-min-final,2026-09-25T20:08:36Z,
isone:.Z.VERMONT,lmp_rtm_15m_mean,2026-09-24T17:45:00Z,13.2533,USD/MWh,PT15M,"US-CT,US-MA,US-ME,US-NH,US-RI,US-VT",isone_rtm,.Z.VERMONT,isone:rt_lmp_5min,https://www.iso-ne.com/isoexpress/web/reports/pricing/-/tree/lmps-rt-five-min-final,2026-09-25T20:08:36Z,
isone:.Z.VERMONT,lmp_rtm_15m_mean,2026-09-24T18:00:00Z,13.21,USD/MWh,PT15M,"US-CT,US-MA,US-ME,US-NH,US-RI,US-VT",isone_rtm,.Z.VERMONT,isone:rt_lmp_5min,https://www.iso-ne.com/isoexpress/web/reports/pricing/-/tree/lmps-rt-five-min-final,2026-09-25T20:08:36Z,
isone:.Z.VERMONT,lmp_rtm_15m_mean,2026-09-24T18:15:00Z,21.2833,USD/MWh,PT15M,"US-CT,US-MA,US-ME,US-NH,US-RI,US-VT",isone_rtm,.Z.VERMONT,isone:rt_lmp_5min,https://www.iso-ne.com/isoexpress/web/reports/pricing/-/tree/lmps-rt-five-min-final,2026-09-25T20:08:36Z,
isone:.Z.VERMONT,lmp_rtm_15m_mean,2026-09-24T18:30:00Z,22.06,USD/MWh,PT15M,"US-CT,US-MA,US-ME,US-NH,US-RI,US-VT",isone_rtm,.Z.VERMONT,isone:rt_lmp_5min,https://www.iso-ne.com/isoexpress/web/reports/pricing/-/tree/lmps-rt-five-min-final,2026-09-25T20:08:36Z,
isone:.Z.VERMONT,lmp_rtm_15m_mean,2026-09-24T18:45:00Z,22.68,USD/MWh,PT15M,"US-CT,US-MA,US-ME,US-NH,US-RI,US-VT",isone_rtm,.Z.VERMONT,isone:rt_lmp_5min,https://www.iso-ne.com/isoexpress/web/reports/pricing/-/tree/lmps-rt-five-min-final,2026-09-25T20:08:36Z,
isone:.Z.VERMONT,lmp_rtm_15m_mean,2026-09-24T19:00:00Z,21.6833,USD/MWh,PT15M,"US-CT,US-MA,US-ME,US-NH,US-RI,US-VT",isone_rtm,.Z.VERMONT,isone:rt_lmp_5min,https://www.iso-ne.com/isoexpress/web/reports/pricing/-/tree/lmps-rt-five-min-final,2026-09-25T20:08:36Z,
isone:.Z.VERMONT,lmp_rtm_15m_mean,2026-09-24T19:15:00Z,21.2133,USD/MWh,PT15M,"US-CT,US-MA,US-ME,US-NH,US-RI,US-VT",isone_rtm,.Z.VERMONT,isone:rt_lmp_5min,https://www.iso-ne.com/isoexpress/web/reports/pricing/-/tree/lmps-rt-five-min-final,2026-09-25T20:08:36Z,
isone:.Z.VERMONT,lmp_rtm_15m_mean,2026-09-24T19:30:00Z,21.85,USD/MWh,PT15M,"US-CT,US-MA,US-ME,US-NH,US-RI,US-VT",isone_rtm,.Z.VERMONT,isone:rt_lmp_5min,https://www.iso-ne.com/isoexpress/web/reports/pricing/-/tree/lmps-rt-five-min-final,2026-09-25T20:08:36Z,
isone:.Z.VERMONT,lmp_rtm_15m_mean,2026-09-24T19:45:00Z,22.58,USD/MWh,PT15M,"US-CT,US-MA,US-ME,US-NH,US-RI,US-VT",isone_rtm,.Z.VERMONT,isone:rt_lmp_5min,https://www.iso-ne.com/isoexpress/web/reports/pricing/-/tree/lmps-rt-five-min-final,2026-09-25T20:08:36Z,
isone:.Z.VERMONT,lmp_rtm_15m_mean,2026-09-24T20:00:00Z,22.0533,USD/MWh,PT15M,"US-CT,US-MA,US-ME,US-NH,US-RI,US-VT",isone_rtm,.Z.VERMONT,isone:rt_lmp_5min,https://www.iso-ne.com/isoexpress/web/reports/pricing/-/tree/lmps-rt-five-min-final,2026-09-25T20:08:36Z,
isone:.Z.VERMONT,lmp_rtm_15m_mean,2026-09-24T20:15:00Z,21.3367,USD/MWh,PT15M,"US-CT,US-MA,US-ME,US-NH,US-RI,US-VT",isone_rtm,.Z.VERMONT,isone:rt_lmp_5min,https://www.iso-ne.com/isoexpress/web/reports/pricing/-/tree/lmps-rt-five-min-final,2026-09-25T20:08:36Z,
isone:.Z.VERMONT,lmp_rtm_15m_mean,2026-09-24T20:30:00Z,22.23,USD/MWh,PT15M,"US-CT,US-MA,US-ME,US-NH,US-RI,US-VT",isone_rtm,.Z.VERMONT,isone:rt_lmp_5min,https://www.iso-ne.com/isoexpress/web/reports/pricing/-/tree/lmps-rt-five-min-final,2026-09-25T20:08:36Z,
isone:.Z.VERMONT,lmp_rtm_15m_mean,2026-09-24T20:45:00Z,24.52,USD/MWh,PT15M,"US-CT,US-MA,US-ME,US-NH,US-RI,US-VT",isone_rtm,.Z.VERMONT,isone:rt_lmp_5min,https://www.iso-ne.com/isoexpress/web/reports/pricing/-/tree/lmps-rt-five-min-final,2026-09-25T20:08:36Z,
isone:.Z.VERMONT,lmp_rtm_15m_mean,2026-09-24T21:00:00Z,23.0467,USD/MWh,PT15M,"US-CT,US-MA,US-ME,US-NH,US-RI,US-VT",isone_rtm,.Z.VERMONT,isone:rt_lmp_5min,https://www.iso-ne.com/isoexpress/web/reports/pricing/-/tree/lmps-rt-five-min-final,2026-09-25T20:08:36Z,
isone:.Z.VERMONT,lmp_rtm_15m_mean,2026-09-24T21:15:00Z,22.6433,USD/MWh,PT15M,"US-CT,US-MA,US-ME,US-NH,US-RI,US-VT",isone_rtm,.Z.VERMONT,isone:rt_lmp_5min,https://www.iso-ne.com/isoexpress/web/reports/pricing/-/tree/lmps-rt-five-min-final,2026-09-25T20:08:36Z,
isone:.Z.VERMONT,lmp_rtm_15m_mean,2026-09-24T21:30:00Z,29.7067,USD/MWh,PT15M,"US-CT,US-MA,US-ME,US-NH,US-RI,US-VT",isone_rtm,.Z.VERMONT,isone:rt_lmp_5min,https://www.iso-ne.com/isoexpress/web/reports/pricing/-/tree/lmps-rt-five-min-final,2026-09-25T20:08:36Z,
isone:.Z.VERMONT,lmp_rtm_15m_mean,2026-09-24T21:45:00Z,38.64,USD/MWh,PT15M,"US-CT,US-MA,US-ME,US-NH,US-RI,US-VT",isone_rtm,.Z.VERMONT,isone:rt_lmp_5min,https://www.iso-ne.com/isoexpress/web/reports/pricing/-/tree/lmps-rt-five-min-final,2026-09-25T20:08:36Z,
isone:.Z.VERMONT,lmp_rtm_15m_mean,2026-09-24T22:00:00Z,34.4733,USD/MWh,PT15M,"US-CT,US-MA,US-ME,US-NH,US-RI,US-VT",isone_rtm,.Z.VERMONT,isone:rt_lmp_5min,https://www.iso-ne.com/isoexpress/web/reports/pricing/-/tree/lmps-rt-five-min-final,2026-09-25T20:08:36Z,
isone:.Z.VERMONT,lmp_rtm_15m_mean,2026-09-24T22:15:00Z,34.4967,USD/MWh,PT15M,"US-CT,US-MA,US-ME,US-NH,US-RI,US-VT",isone_rtm,.Z.VERMONT,isone:rt_lmp_5min,https://www.iso-ne.com/isoexpress/web/reports/pricing/-/tree/lmps-rt-five-min-final,2026-09-25T20:08:36Z,
isone:.Z.VERMONT,lmp_rtm_15m_mean,2026-09-24T22:30:00Z,47.42,USD/MWh,PT15M,"US-CT,US-MA,US-ME,US-NH,US-RI,US-VT",isone_rtm,.Z.VERMONT,isone:rt_lmp_5min,https://www.iso-ne.com/isoexpress/web/reports/pricing/-/tree/lmps-rt-five-min-final,2026-09-25T20:08:36Z,
isone:.Z.VERMONT,lmp_rtm_15m_mean,2026-09-24T22:45:00Z,49.3133,USD/MWh,PT15M,"US-CT,US-MA,US-ME,US-NH,US-RI,US-VT",isone_rtm,.Z.VERMONT,isone:rt_lmp_5min,https://www.iso-ne.com/isoexpress/web/reports/pricing/-/tree/lmps-rt-five-min-final,2026-09-25T20:08:36Z,
isone:.Z.VERMONT,lmp_rtm_15m_mean,2026-09-24T23:00:00Z,39.6167,USD/MWh,PT15M,"US-CT,US-MA,US-ME,US-NH,US-RI,US-VT",isone_rtm,.Z.VERMONT,isone:rt_lmp_5min,https://www.iso-ne.com/isoexpress/web/reports/pricing/-/tree/lmps-rt-five-min-final,2026-09-25T20:08:36Z,
isone:.Z.VERMONT,lmp_rtm_15m_mean,2026-09-24T23:15:00Z,38.6433,USD/MWh,PT15M,"US-CT,US-MA,US-ME,US-NH,US-RI,US-VT",isone_rtm,.Z.VERMONT,isone:rt_lmp_5min,https://www.iso-ne.com/isoexpress/web/reports/pricing/-/tree/lmps-rt-five-min-final,2026-09-25T20:08:36Z,
isone:.Z.VERMONT,lmp_rtm_15m_mean,2026-09-24T23:30:00Z,38.2133,USD/MWh,PT15M,"US-CT,US-MA,US-ME,US-NH,US-RI,US-VT",isone_rtm,.Z.VERMONT,isone:rt_lmp_5min,https://www.iso-ne.com/isoexpress/web/reports/pricing/-/tree/lmps-rt-five-min-final,2026-09-25T20:08:36Z,
isone:.Z.VERMONT,lmp_rtm_15m_mean,2026-09-24T23:45:00Z,33.4333,USD/MWh,PT15M,"US-CT,US-MA,US-ME,US-NH,US-RI,US-VT",isone_rtm,.Z.VERMONT,isone:rt_lmp_5min,https://www.iso-ne.com/isoexpress/web/reports/pricing/-/tree/lmps-rt-five-min-final,2026-09-25T20:08:36Z,
isone:.Z.VERMONT,lmp_rtm_15m_mean,2026-09-25T00:00:00Z,37.7233,USD/MWh,PT15M,"US-CT,US-MA,US-ME,US-NH,US-RI,US-VT",isone_rtm,.Z.VERMONT,isone:rt_lmp_5min,https://www.iso-ne.com/isoexpress/web/reports/pricing/-/tree/lmps-rt-five-min-final,2026-09-25T20:08:36Z,
isone:.Z.VERMONT,lmp_rtm_15m_mean,2026-09-25T00:15:00Z,32.0833,USD/MWh,PT15M,"US-CT,US-MA,US-ME,US-NH,US-RI,US-VT",isone_rtm,.Z.VERMONT,isone:rt_lmp_5min,https://www.iso-ne.com/isoexpress/web/reports/pricing/-/tree/lmps-rt-five-min-final,2026-09-25T20:08:36Z,
isone:.Z.VERMONT,lmp_rtm_15m_mean,2026-09-25T00:30:00Z,30.9367,USD/MWh,PT15M,"US-CT,US-MA,US-ME,US-NH,US-RI,US-VT",isone_rtm,.Z.VERMONT,isone:rt_lmp_5min,https://www.iso-ne.com/isoexpress/web/reports/pricing/-/tree/lmps-rt-five-min-final,2026-09-25T20:08:36Z,
isone:.Z.VERMONT,lmp_rtm_15m_mean,2026-09-25T00:45:00Z,29.46,USD/MWh,PT15M,"US-CT,US-MA,US-ME,US-NH,US-RI,US-VT",isone_rtm,.Z.VERMONT,isone:rt_lmp_5min,https://www.iso-ne.com/isoexpress/web/reports/pricing/-/tree/lmps-rt-five-min-final,2026-09-25T20:08:36Z,
isone:.Z.VERMONT,lmp_rtm_15m_mean,2026-09-25T01:00:00Z,36.45,USD/MWh,PT15M,"US-CT,US-MA,US-ME,US-NH,US-RI,US-VT",isone_rtm,.Z.VERMONT,isone:rt_lmp_5min,https://www.iso-ne.com/isoexpress/web/reports/pricing/-/tree/lmps-rt-five-min-final,2026-09-25T20:08:36Z,
isone:.Z.VERMONT,lmp_rtm_15m_mean,2026-09-25T01:15:00Z,30.0967,USD/MWh,PT15M,"US-CT,US-MA,US-ME,US-NH,US-RI,US-VT",isone_rtm,.Z.VERMONT,isone:rt_lmp_5min,https://www.iso-ne.com/isoexpress/web/reports/pricing/-/tree/lmps-rt-five-min-final,2026-09-25T20:08:36Z,
isone:.Z.VERMONT,lmp_rtm_15m_mean,2026-09-25T01:30:00Z,28.94,USD/MWh,PT15M,"US-CT,US-MA,US-ME,US-NH,US-RI,US-VT",isone_rtm,.Z.VERMONT,isone:rt_lmp_5min,https://www.iso-ne.com/isoexpress/web/reports/pricing/-/tree/lmps-rt-five-min-final,2026-09-25T20:08:36Z,
isone:.Z.VERMONT,lmp_rtm_15m_mean,2026-09-25T01:45:00Z,28.0533,USD/MWh,PT15M,"US-CT,US-MA,US-ME,US-NH,US-RI,US-VT",isone_rtm,.Z.VERMONT,isone:rt_lmp_5min,https://www.iso-ne.com/isoexpress/web/reports/pricing/-/tree/lmps-rt-five-min-final,2026-09-25T20:08:36Z,
isone:.Z.VERMONT,lmp_rtm_15m_mean,2026-09-25T02:00:00Z,31.06,USD/MWh,PT15M,"US-CT,US-MA,US-ME,US-NH,US-RI,US-VT",isone_rtm,.Z.VERMONT,isone:rt_lmp_5min,https://www.iso-ne.com/isoexpress/web/reports/pricing/-/tree/lmps-rt-five-min-final,2026-09-25T20:08:36Z,
isone:.Z.VERMONT,lmp_rtm_15m_mean,2026-09-25T02:15:00Z,27.3833,USD/MWh,PT15M,"US-CT,US-MA,US-ME,US-NH,US-RI,US-VT",isone_rtm,.Z.VERMONT,isone:rt_lmp_5min,https://www.iso-ne.com/isoexpress/web/reports/pricing/-/tree/lmps-rt-five-min-final,2026-09-25T20:08:36Z,
isone:.Z.VERMONT,lmp_rtm_15m_mean,2026-09-25T02:30:00Z,26.5267,USD/MWh,PT15M,"US-CT,US-MA,US-ME,US-NH,US-RI,US-VT",isone_rtm,.Z.VERMONT,isone:rt_lmp_5min,https://www.iso-ne.com/isoexpress/web/reports/pricing/-/tree/lmps-rt-five-min-final,2026-09-25T20:08:36Z,
isone:.Z.VERMONT,lmp_rtm_15m_mean,2026-09-25T02:45:00Z,26.4933,USD/MWh,PT15M,"US-CT,US-MA,US-ME,US-NH,US-RI,US-VT",isone_rtm,.Z.VERMONT,isone:rt_lmp_5min,https://www.iso-ne.com/isoexpress/web/reports/pricing/-/tree/lmps-rt-five-min-final,2026-09-25T20:08:36Z,
isone:.Z.VERMONT,lmp_rtm_15m_mean,2026-09-25T03:00:00Z,29.2,USD/MWh,PT15M,"US-CT,US-MA,US-ME,US-NH,US-RI,US-VT",isone_rtm,.Z.VERMONT,isone:rt_lmp_5min,https://www.iso-ne.com/isoexpress/web/reports/pricing/-/tree/lmps-rt-five-min-final,2026-09-25T20:08:36Z,
isone:.Z.VERMONT,lmp_rtm_15m_mean,2026-09-25T03:15:00Z,25.74,USD/MWh,PT15M,"US-CT,US-MA,US-ME,US-NH,US-RI,US-VT",isone_rtm,.Z.VERMONT,isone:rt_lmp_5min,https://www.iso-ne.com/isoexpress/web/reports/pricing/-/tree/lmps-rt-five-min-final,2026-09-25T20:08:36Z,
isone:.Z.VERMONT,lmp_rtm_15m_mean,2026-09-25T03:30:00Z,24.9867,USD/MWh,PT15M,"US-CT,US-MA,US-ME,US-NH,US-RI,US-VT",isone_rtm,.Z.VERMONT,isone:rt_lmp_5min,https://www.iso-ne.com/isoexpress/web/reports/pricing/-/tree/lmps-rt-five-min-final,2026-09-25T20:08:36Z,
isone:.Z.VERMONT,lmp_rtm_15m_mean,2026-09-25T03:45:00Z,24.0533,USD/MWh,PT15M,"US-CT,US-MA,US-ME,US-NH,US-RI,US-VT",isone_rtm,.Z.VERMONT,isone:rt_lmp_5min,https://www.iso-ne.com/isoexpress/web/reports/pricing/-/tree/lmps-rt-five-min-final,2026-09-25T20:08:36Z,
isone:.Z.WCMASS,lmp_rtm_15m_mean,2026-09-22T04:00:00Z,25.6133,USD/MWh,PT15M,"US-CT,US-MA,US-ME,US-NH,US-RI,US-VT",isone_rtm,.Z.WCMASS,isone:rt_lmp_5min,https://www.iso-ne.com/isoexpress/web/reports/pricing/-/tree/lmps-rt-five-min-final,2026-09-25T20:08:05Z,
isone:.Z.WCMASS,lmp_rtm_15m_mean,2026-09-22T04:15:00Z,31.5767,USD/MWh,PT15M,"US-CT,US-MA,US-ME,US-NH,US-RI,US-VT",isone_rtm,.Z.WCMASS,isone:rt_lmp_5min,https://www.iso-ne.com/isoexpress/web/reports/pricing/-/tree/lmps-rt-five-min-final,2026-09-25T20:08:05Z,
isone:.Z.WCMASS,lmp_rtm_15m_mean,2026-09-22T04:30:00Z,30.4,USD/MWh,PT15M,"US-CT,US-MA,US-ME,US-NH,US-RI,US-VT",isone_rtm,.Z.WCMASS,isone:rt_lmp_5min,https://www.iso-ne.com/isoexpress/web/reports/pricing/-/tree/lmps-rt-five-min-final,2026-09-25T20:08:05Z,
isone:.Z.WCMASS,lmp_rtm_15m_mean,2026-09-22T04:45:00Z,33.21,USD/MWh,PT15M,"US-CT,US-MA,US-ME,US-NH,US-RI,US-VT",isone_rtm,.Z.WCMASS,isone:rt_lmp_5min,https://www.iso-ne.com/isoexpress/web/reports/pricing/-/tree/lmps-rt-five-min-final,2026-09-25T20:08:05Z,
isone:.Z.WCMASS,lmp_rtm_15m_mean,2026-09-22T05:00:00Z,31.6533,USD/MWh,PT15M,"US-CT,US-MA,US-ME,US-NH,US-RI,US-VT",isone_rtm,.Z.WCMASS,isone:rt_lmp_5min,https://www.iso-ne.com/isoexpress/web/reports/pricing/-/tree/lmps-rt-five-min-final,2026-09-25T20:08:05Z,
isone:.Z.WCMASS,lmp_rtm_15m_mean,2026-09-22T05:15:00Z,28.67,USD/MWh,PT15M,"US-CT,US-MA,US-ME,US-NH,US-RI,US-VT",isone_rtm,.Z.WCMASS,isone:rt_lmp_5min,https://www.iso-ne.com/isoexpress/web/reports/pricing/-/tree/lmps-rt-five-min-final,2026-09-25T20:08:05Z,
isone:.Z.WCMASS,lmp_rtm_15m_mean,2026-09-22T05:30:00Z,27.7133,USD/MWh,PT15M,"US-CT,US-MA,US-ME,US-NH,US-RI,US-VT",isone_rtm,.Z.WCMASS,isone:rt_lmp_5min,https://www.iso-ne.com/isoexpress/web/reports/pricing/-/tree/lmps-rt-five-min-final,2026-09-25T20:08:05Z,
isone:.Z.WCMASS,lmp_rtm_15m_mean,2026-09-22T05:45:00Z,28.4133,USD/MWh,PT15M,"US-CT,US-MA,US-ME,US-NH,US-RI,US-VT",isone_rtm,.Z.WCMASS,isone:rt_lmp_5min,https://www.iso-ne.com/isoexpress/web/reports/pricing/-/tree/lmps-rt-five-min-final,2026-09-25T20:08:05Z,
isone:.Z.WCMASS,lmp_rtm_15m_mean,2026-09-22T06:00:00Z,27.19,USD/MWh,PT15M,"US-CT,US-MA,US-ME,US-NH,US-RI,US-VT",isone_rtm,.Z.WCMASS,isone:rt_lmp_5min,https://www.iso-ne.com/isoexpress/web/reports/pricing/-/tree/lmps-rt-five-min-final,2026-09-25T20:08:05Z,
isone:.Z.WCMASS,lmp_rtm_15m_mean,2026-09-22T06:15:00Z,26.04,USD/MWh,PT15M,"US-CT,US-MA,US-ME,US-NH,US-RI,US-VT",isone_rtm,.Z.WCMASS,isone:rt_lmp_5min,https://www.iso-ne.com/isoexpress/web/reports/pricing/-/tree/lmps-rt-five-min-final,2026-09-25T20:08:05Z,
isone:.Z.WCMASS,lmp_rtm_15m_mean,2026-09-22T06:30:00Z,27.3333,USD/MWh,PT15M,"US-CT,US-MA,US-ME,US-NH,US-RI,US-VT",isone_rtm,.Z.WCMASS,isone:rt_lmp_5min,https://www.iso-ne.com/isoexpress/web/reports/pricing/-/tree/lmps-rt-five-min-final,2026-09-25T20:08:05Z,
isone:.Z.WCMASS,lmp_rtm_15m_mean,2026-09-22T06:45:00Z,28.1267,USD/MWh,PT15M,"US-CT,US-MA,US-ME,US-NH,US-RI,US-VT",isone_rtm,.Z.WCMASS,isone:rt_lmp_5min,https://www.iso-ne.com/isoexpress/web/reports/pricing/-/tree/lmps-rt-five-min-final,2026-09-25T20:08:05Z,
isone:.Z.WCMASS,lmp_rtm_15m_mean,2026-09-22T07:00:00Z,27.3767,USD/MWh,PT15M,"US-CT,US-MA,US-ME,US-NH,US-RI,US-VT",isone_rtm,.Z.WCMASS,isone:rt_lmp_5min,https://www.iso-ne.com/isoexpress/web/reports/pricing/-/tree/lmps-rt-five-min-final,2026-09-25T20:08:05Z,
isone:.Z.WCMASS,lmp_rtm_15m_mean,2026-09-22T07:15:00Z,27.7133,USD/MWh,PT15M,"US-CT,US-MA,US-ME,US-NH,US-RI,US-VT",isone_rtm,.Z.WCMASS,isone:rt_lmp_5min,https://www.iso-ne.com/isoexpress/web/reports/pricing/-/tree/lmps-rt-five-min-final,2026-09-25T20:08:05Z,
isone:.Z.WCMASS,lmp_rtm_15m_mean,2026-09-22T07:30:00Z,28.3833,USD/MWh,PT15M,"US-CT,US-MA,US-ME,US-NH,US-RI,US-VT",isone_rtm,.Z.WCMASS,isone:rt_lmp_5min,https://www.iso-ne.com/isoexpress/web/reports/pricing/-/tree/lmps-rt-five-min-final,2026-09-25T20:08:05Z,
isone:.Z.WCMASS,lmp_rtm_15m_mean,2026-09-22T07:45:00Z,28.2633,USD/MWh,PT15M,"US-CT,US-MA,US-ME,US-NH,US-RI,US-VT",isone_rtm,.Z.WCMASS,isone:rt_lmp_5min,https://www.iso-ne.com/isoexpress/web/reports/pricing/-/tree/lmps-rt-five-min-final,2026-09-25T20:08:05Z,
isone:.Z.WCMASS,lmp_rtm_15m_mean,2026-09-22T08:00:00Z,27.6167,USD/MWh,PT15M,"US-CT,US-MA,US-ME,US-NH,US-RI,US-VT",isone_rtm,.Z.WCMASS,isone:rt_lmp_5min,https://www.iso-ne.com/isoexpress/web/reports/pricing/-/tree/lmps-rt-five-min-final,2026-09-25T20:08:05Z,
isone:.Z.WCMASS,lmp_rtm_15m_mean,2026-09-22T08:15:00Z,27.5,USD/MWh,PT15M,"US-CT,US-MA,US-ME,US-NH,US-RI,US-VT",isone_rtm,.Z.WCMASS,isone:rt_lmp_5min,https://www.iso-ne.com/isoexpress/web/reports/pricing/-/tree/lmps-rt-five-min-final,2026-09-25T20:08:05Z,
isone:.Z.WCMASS,lmp_rtm_15m_mean,2026-09-22T08:30:00Z,28.0633,USD/MWh,PT15M,"US-CT,US-MA,US-ME,US-NH,US-RI,US-VT",isone_rtm,.Z.WCMASS,isone:rt_lmp_5min,https://www.iso-ne.com/isoexpress/web/reports/pricing/-/tree/lmps-rt-five-min-final,2026-09-25T20:08:05Z,
isone:.Z.WCMASS,lmp_rtm_15m_mean,2026-09-22T08:45:00Z,29.1533,USD/MWh,PT15M,"US-CT,US-MA,US-ME,US-NH,US-RI,US-VT",isone_rtm,.Z.WCMASS,isone:rt_lmp_5min,https://www.iso-ne.com/isoexpress/web/reports/pricing/-/tree/lmps-rt-five-min-final,2026-09-25T20:08:05Z,
isone:.Z.WCMASS,lmp_rtm_15m_mean,2026-09-22T09:00:00Z,27.31,USD/MWh,PT15M,"US-CT,US-MA,US-ME,US-NH,US-RI,US-VT",isone_rtm,.Z.WCMASS,isone:rt_lmp_5min,https://www.iso-ne.com/isoexpress/web/reports/pricing/-/tree/lmps-rt-five-min-final,2026-09-25T20:08:05Z,
isone:.Z.WCMASS,lmp_rtm_15m_mean,2026-09-22T09:15:00Z,27.6633,USD/MWh,PT15M,"US-CT,US-MA,US-ME,US-NH,US-RI,US-VT",isone_rtm,.Z.WCMASS,isone:rt_lmp_5min,https://www.iso-ne.com/isoexpress/web/reports/pricing/-/tree/lmps-rt-five-min-final,2026-09-25T20:08:05Z,
isone:.Z.WCMASS,lmp_rtm_15m_mean,2026-09-22T09:30:00Z,28.8833,USD/MWh,PT15M,"US-CT,US-MA,US-ME,US-NH,US-RI,US-VT",isone_rtm,.Z.WCMASS,isone:rt_lmp_5min,https://www.iso-ne.com/isoexpress/web/reports/pricing/-/tree/lmps-rt-five-min-final,2026-09-25T20:08:05Z,
isone:.Z.WCMASS,lmp_rtm_15m_mean,2026-09-22T09:45:00Z,29.24,USD/MWh,PT15M,"US-CT,US-MA,US-ME,US-NH,US-RI,US-VT",isone_rtm,.Z.WCMASS,isone:rt_lmp_5min,https://www.iso-ne.com/isoexpress/web/reports/pricing/-/tree/lmps-rt-five-min-final,2026-09-25T20:08:05Z,
isone:.Z.WCMASS,lmp_rtm_15m_mean,2026-09-22T10:00:00Z,24.84,USD/MWh,PT15M,"US-CT,US-MA,US-ME,US-NH,US-RI,US-VT",isone_rtm,.Z.WCMASS,isone:rt_lmp_5min,https://www.iso-ne.com/isoexpress/web/reports/pricing/-/tree/lmps-rt-five-min-final,2026-09-25T20:08:05Z,
isone:.Z.WCMASS,lmp_rtm_15m_mean,2026-09-22T10:15:00Z,27.0267,USD/MWh,PT15M,"US-CT,US-MA,US-ME,US-NH,US-RI,US-VT",isone_rtm,.Z.WCMASS,isone:rt_lmp_5min,https://www.iso-ne.com/isoexpress/web/reports/pricing/-/tree/lmps-rt-five-min-final,2026-09-25T20:08:05Z,
isone:.Z.WCMASS,lmp_rtm_15m_mean,2026-09-22T10:30:00Z,36.3067,USD/MWh,PT15M,"US-CT,US-MA,US-ME,US-NH,US-RI,US-VT",isone_rtm,.Z.WCMASS,isone:rt_lmp_5min,https://www.iso-ne.com/isoexpress/web/reports/pricing/-/tree/lmps-rt-five-min-final,2026-09-25T20:08:05Z,
isone:.Z.WCMASS,lmp_rtm_15m_mean,2026-09-22T10:45:00Z,46.7733,USD/MWh,PT15M,"US-CT,US-MA,US-ME,US-NH,US-RI,US-VT",isone_rtm,.Z.WCMASS,isone:rt_lmp_5min,https://www.iso-ne.com/isoexpress/web/reports/pricing/-/tree/lmps-rt-five-min-final,2026-09-25T20:08:05Z,
isone:.Z.WCMASS,lmp_rtm_15m_mean,2026-09-22T11:00:00Z,36.9167,USD/MWh,PT15M,"US-CT,US-MA,US-ME,US-NH,US-RI,US-VT",isone_rtm,.Z.WCMASS,isone:rt_lmp_5min,https://www.iso-ne.com/isoexpress/web/reports/pricing/-/tree/lmps-rt-five-min-final,2026-09-25T20:08:05Z,
isone:.Z.WCMASS,lmp_rtm_15m_mean,2026-09-22T11:15:00Z,30.12,USD/MWh,PT15M,"US-CT,US-MA,US-ME,US-NH,US-RI,US-VT",isone_rtm,.Z.WCMASS,isone:rt_lmp_5min,https://www.iso-ne.com/isoexpress/web/reports/pricing/-/tree/lmps-rt-five-min-final,2026-09-25T20:08:05Z,
isone:.Z.WCMASS,lmp_rtm_15m_mean,2026-09-22T11:30:00Z,27.82,USD/MWh,PT15M,"US-CT,US-MA,US-ME,US-NH,US-RI,US-VT",isone_rtm,.Z.WCMASS,isone:rt_lmp_5min,https://www.iso-ne.com/isoexpress/web/reports/pricing/-/tree/lmps-rt-five-min-final,2026-09-25T20:08:05Z,
isone:.Z.WCMASS,lmp_rtm_15m_mean,2026-09-22T11:45:00Z,26.6933,USD/MWh,PT15M,"US-CT,US-MA,US-ME,US-NH,US-RI,US-VT",isone_rtm,.Z.WCMASS,isone:rt_lmp_5min,https://www.iso-ne.com/isoexpress/web/reports/pricing/-/tree/lmps-rt-five-min-final,2026-09-25T20:08:05Z,
isone:.Z.WCMASS,lmp_rtm_15m_mean,2026-09-22T12:00:00Z,40.8767,USD/MWh,PT15M,"US-CT,US-MA,US-ME,US-NH,US-RI,US-VT",isone_rtm,.Z.WCMASS,isone:rt_lmp_5min,https://www.iso-ne.com/isoexpress/web/reports/pricing/-/tree/lmps-rt-five-min-final,2026-09-25T20:08:05Z,
isone:.Z.WCMASS,lmp_rtm_15m_mean,2026-09-22T12:15:00Z,26.7033,USD/MWh,PT15M,"US-CT,US-MA,US-ME,US-NH,US-RI,US-VT",isone_rtm,.Z.WCMASS,isone:rt_lmp_5min,https://www.iso-ne.com/isoexpress/web/reports/pricing/-/tree/lmps-rt-five-min-final,2026-09-25T20:08:05Z,
isone:.Z.WCMASS,lmp_rtm_15m_mean,2026-09-22T12:30:00Z,25.23,USD/MWh,PT15M,"US-CT,US-MA,US-ME,US-NH,US-RI,US-VT",isone_rtm,.Z.WCMASS,isone:rt_lmp_5min,https://www.iso-ne.com/isoexpress/web/reports/pricing/-/tree/lmps-rt-five-min-final,2026-09-25T20:08:05Z,
isone:.Z.WCMASS,lmp_rtm_15m_mean,2026-09-22T12:45:00Z,24.67,USD/MWh,PT15M,"US-CT,US-MA,US-ME,US-NH,US-RI,US-VT",isone_rtm,.Z.WCMASS,isone:rt_lmp_5min,https://www.iso-ne.com/isoexpress/web/reports/pricing/-/tree/lmps-rt-five-min-final,2026-09-25T20:08:05Z,
isone:.Z.WCMASS,lmp_rtm_15m_mean,2026-09-22T13:00:00Z,24.4533,USD/MWh,PT15M,"US-CT,US-MA,US-ME,US-NH,US-RI,US-VT",isone_rtm,.Z.WCMASS,isone:rt_lmp_5min,https://www.iso-ne.com/isoexpress/web/reports/pricing/-/tree/lmps-rt-five-min-final,2026-09-25T20:08:05Z,
isone:.Z.WCMASS,lmp_rtm_15m_mean,2026-09-22T13:15:00Z,25.49,USD/MWh,PT15M,"US-CT,US-MA,US-ME,US-NH,US-RI,US-VT",isone_rtm,.Z.WCMASS,isone:rt_lmp_5min,https://www.iso-ne.com/isoexpress/web/reports/pricing/-/tree/lmps-rt-five-min-final,2026-09-25T20:08:05Z,
isone:.Z.WCMASS,lmp_rtm_15m_mean,2026-09-22T13:30:00Z,25.9333,USD/MWh,PT15M,"US-CT,US-MA,US-ME,US-NH,US-RI,US-VT",isone_rtm,.Z.WCMASS,isone:rt_lmp_5min,https://www.iso-ne.com/isoexpress/web/reports/pricing/-/tree/lmps-rt-five-min-final,2026-09-25T20:08:05Z,
isone:.Z.WCMASS,lmp_rtm_15m_mean,2026-09-22T13:45:00Z,25.1767,USD/MWh,PT15M,"US-CT,US-MA,US-ME,US-NH,US-RI,US-VT",isone_rtm,.Z.WCMASS,isone:rt_lmp_5min,https://www.iso-ne.com/isoexpress/web/reports/pricing/-/tree/lmps-rt-five-min-final,2026-09-25T20:08:05Z,
isone:.Z.WCMASS,lmp_rtm_15m_mean,2026-09-22T14:00:00Z,27.3767,USD/MWh,PT15M,"US-CT,US-MA,US-ME,US-NH,US-RI,US-VT",isone_rtm,.Z.WCMASS,isone:rt_lmp_5min,https://www.iso-ne.com/isoexpress/web/reports/pricing/-/tree/lmps-rt-five-min-final,2026-09-25T20:08:05Z,
isone:.Z.WCMASS,lmp_rtm_15m_mean,2026-09-22T14:15:00Z,26.8467,USD/MWh,PT15M,"US-CT,US-MA,US-ME,US-NH,US-RI,US-VT",isone_rtm,.Z.WCMASS,isone:rt_lmp_5min,https://www.iso-ne.com/isoexpress/web/reports/pricing/-/tree/lmps-rt-five-min-final,2026-09-25T20:08:05Z,
isone:.Z.WCMASS,lmp_rtm_15m_mean,2026-09-22T14:30:00Z,26.47,USD/MWh,PT15M,"US-CT,US-MA,US-ME,US-NH,US-RI,US-VT",isone_rtm,.Z.WCMASS,isone:rt_lmp_5min,https://www.iso-ne.com/isoexpress/web/reports/pricing/-/tree/lmps-rt-five-min-final,2026-09-25T20:08:05Z,
isone:.Z.WCMASS,lmp_rtm_15m_mean,2026-09-22T14:45:00Z,24.3433,USD/MWh,PT15M,"US-CT,US-MA,US-ME,US-NH,US-RI,US-VT",isone_rtm,.Z.WCMASS,isone:rt_lmp_5min,https://www.iso-ne.com/isoexpress/web/reports/pricing/-/tree/lmps-rt-five-min-final,2026-09-25T20:08:05Z,
isone:.Z.WCMASS,lmp_rtm_15m_mean,2026-09-22T15:00:00Z,16.2,USD/MWh,PT15M,"US-CT,US-MA,US-ME,US-NH,US-RI,US-VT",isone_rtm,.Z.WCMASS,isone:rt_lmp_5min,https://www.iso-ne.com/isoexpress/web/reports/pricing/-/tree/lmps-rt-five-min-final,2026-09-25T20:08:05Z,
isone:.Z.WCMASS,lmp_rtm_15m_mean,2026-09-22T15:15:00Z,23.32,USD/MWh,PT15M,"US-CT,US-MA,US-ME,US-NH,US-RI,US-VT",isone_rtm,.Z.WCMASS,isone:rt_lmp_5min,https://www.iso-ne.com/isoexpress/web/reports/pricing/-/tree/lmps-rt-five-min-final,2026-09-25T20:08:05Z,
isone:.Z.WCMASS,lmp_rtm_15m_mean,2026-09-22T15:30:00Z,23.0667,USD/MWh,PT15M,"US-CT,US-MA,US-ME,US-NH,US-RI,US-VT",isone_rtm,.Z.WCMASS,isone:rt_lmp_5min,https://www.iso-ne.com/isoexpress/web/reports/pricing/-/tree/lmps-rt-five-min-final,2026-09-25T20:08:05Z,
isone:.Z.WCMASS,lmp_rtm_15m_mean,2026-09-22T15:45:00Z,22.86,USD/MWh,PT15M,"US-CT,US-MA,US-ME,US-NH,US-RI,US-VT",isone_rtm,.Z.WCMASS,isone:rt_lmp_5min,https://www.iso-ne.com/isoexpress/web/reports/pricing/-/tree/lmps-rt-five-min-final,2026-09-25T20:08:05Z,
isone:.Z.WCMASS,lmp_rtm_15m_mean,2026-09-22T16:00:00Z,20.73,USD/MWh,PT15M,"US-CT,US-MA,US-ME,US-NH,US-RI,US-VT",isone_rtm,.Z.WCMASS,isone:rt_lmp_5min,https://www.iso-ne.com/isoexpress/web/reports/pricing/-/tree/lmps-rt-five-min-final,2026-09-25T20:08:05Z,
isone:.Z.WCMASS,lmp_rtm_15m_mean,2026-09-22T16:15:00Z,19.72,USD/MWh,PT15M,"US-CT,US-MA,US-ME,US-NH,US-RI,US-VT",isone_rtm,.Z.WCMASS,isone:rt_lmp_5min,https://www.iso-ne.com/isoexpress/web/reports/pricing/-/tree/lmps-rt-five-min-final,2026-09-25T20:08:05Z,
isone:.Z.WCMASS,lmp_rtm_15m_mean,2026-09-22T16:30:00Z,20.0633,USD/MWh,PT15M,"US-CT,US-MA,US-ME,US-NH,US-RI,US-VT",isone_rtm,.Z.WCMASS,isone:rt_lmp_5min,https://www.iso-ne.com/isoexpress/web/reports/pricing/-/tree/lmps-rt-five-min-final,2026-09-25T20:08:05Z,
isone:.Z.WCMASS,lmp_rtm_15m_mean,2026-09-22T16:45:00Z,22.4733,USD/MWh,PT15M,"US-CT,US-MA,US-ME,US-NH,US-RI,US-VT",isone_rtm,.Z.WCMASS,isone:rt_lmp_5min,https://www.iso-ne.com/isoexpress/web/reports/pricing/-/tree/lmps-rt-five-min-final,2026-09-25T20:08:05Z,
isone:.Z.WCMASS,lmp_rtm_15m_mean,2026-09-22T17:00:00Z,22.9467,USD/MWh,PT15M,"US-CT,US-MA,US-ME,US-NH,US-RI,US-VT",isone_rtm,.Z.WCMASS,isone:rt_lmp_5min,https://www.iso-ne.com/isoexpress/web/reports/pricing/-/tree/lmps-rt-five-min-final,2026-09-25T20:08:05Z,
isone:.Z.WCMASS,lmp_rtm_15m_mean,2026-09-22T17:15:00Z,24.1433,USD/MWh,PT15M,"US-CT,US-MA,US-ME,US-NH,US-RI,US-VT",isone_rtm,.Z.WCMASS,isone:rt_lmp_5min,https://www.iso-ne.com/isoexpress/web/reports/pricing/-/tree/lmps-rt-five-min-final,2026-09-25T20:08:05Z,
isone:.Z.WCMASS,lmp_rtm_15m_mean,2026-09-22T17:30:00Z,26.5567,USD/MWh,PT15M,"US-CT,US-MA,US-ME,US-NH,US-RI,US-VT",isone_rtm,.Z.WCMASS,isone:rt_lmp_5min,https://www.iso-ne.com/isoexpress/web/reports/pricing/-/tree/lmps-rt-five-min-final,2026-09-25T20:08:05Z,
isone:.Z.WCMASS,lmp_rtm_15m_mean,2026-09-22T17:45:00Z,26.7033,USD/MWh,PT15M,"US-CT,US-MA,US-ME,US-NH,US-RI,US-VT",isone_rtm,.Z.WCMASS,isone:rt_lmp_5min,https://www.iso-ne.com/isoexpress/web/reports/pricing/-/tree/lmps-rt-five-min-final,2026-09-25T20:08:05Z,
isone:.Z.WCMASS,lmp_rtm_15m_mean,2026-09-22T18:00:00Z,26.0767,USD/MWh,PT15M,"US-CT,US-MA,US-ME,US-NH,US-RI,US-VT",isone_rtm,.Z.WCMASS,isone:rt_lmp_5min,https://www.iso-ne.com/isoexpress/web/reports/pricing/-/tree/lmps-rt-five-min-final,2026-09-25T20:08:05Z,
isone:.Z.WCMASS,lmp_rtm_15m_mean,2026-09-22T18:15:00Z,25.9467,USD/MWh,PT15M,"US-CT,US-MA,US-ME,US-NH,US-RI,US-VT",isone_rtm,.Z.WCMASS,isone:rt_lmp_5min,https://www.iso-ne.com/isoexpress/web/reports/pricing/-/tree/lmps-rt-five-min-final,2026-09-25T20:08:05Z,
isone:.Z.WCMASS,lmp_rtm_15m_mean,2026-09-22T18:30:00Z,24.9567,USD/MWh,PT15M,"US-CT,US-MA,US-ME,US-NH,US-RI,US-VT",isone_rtm,.Z.WCMASS,isone:rt_lmp_5min,https://www.iso-ne.com/isoexpress/web/reports/pricing/-/tree/lmps-rt-five-min-final,2026-09-25T20:08:05Z,
isone:.Z.WCMASS,lmp_rtm_15m_mean,2026-09-22T18:45:00Z,25.0033,USD/MWh,PT15M,"US-CT,US-MA,US-ME,US-NH,US-RI,US-VT",isone_rtm,.Z.WCMASS,isone:rt_lmp_5min,https://www.iso-ne.com/isoexpress/web/reports/pricing/-/tree/lmps-rt-five-min-final,2026-09-25T20:08:05Z,
isone:.Z.WCMASS,lmp_rtm_15m_mean,2026-09-22T19:00:00Z,25.09,USD/MWh,PT15M,"US-CT,US-MA,US-ME,US-NH,US-RI,US-VT",isone_rtm,.Z.WCMASS,isone:rt_lmp_5min,https://www.iso-ne.com/isoexpress/web/reports/pricing/-/tree/lmps-rt-five-min-final,2026-09-25T20:08:05Z,
isone:.Z.WCMASS,lmp_rtm_15m_mean,2026-09-22T19:15:00Z,26.2533,USD/MWh,PT15M,"US-CT,US-MA,US-ME,US-NH,US-RI,US-VT",isone_rtm,.Z.WCMASS,isone:rt_lmp_5min,https://www.iso-ne.com/isoexpress/web/reports/pricing/-/tree/lmps-rt-five-min-final,2026-09-25T20:08:05Z,
isone:.Z.WCMASS,lmp_rtm_15m_mean,2026-09-22T19:30:00Z,26.75,USD/MWh,PT15M,"US-CT,US-MA,US-ME,US-NH,US-RI,US-VT",isone_rtm,.Z.WCMASS,isone:rt_lmp_5min,https://www.iso-ne.com/isoexpress/web/reports/pricing/-/tree/lmps-rt-five-min-final,2026-09-25T20:08:05Z,
isone:.Z.WCMASS,lmp_rtm_15m_mean,2026-09-22T19:45:00Z,27.22,USD/MWh,PT15M,"US-CT,US-MA,US-ME,US-NH,US-RI,US-VT",isone_rtm,.Z.WCMASS,isone:rt_lmp_5min,https://www.iso-ne.com/isoexpress/web/reports/pricing/-/tree/lmps-rt-five-min-final,2026-09-25T20:08:05Z,
isone:.Z.WCMASS,lmp_rtm_15m_mean,2026-09-22T20:00:00Z,23.7667,USD/MWh,PT15M,"US-CT,US-MA,US-ME,US-NH,US-RI,US-VT",isone_rtm,.Z.WCMASS,isone:rt_lmp_5min,https://www.iso-ne.com/isoexpress/web/reports/pricing/-/tree/lmps-rt-five-min-final,2026-09-25T20:08:05Z,
isone:.Z.WCMASS,lmp_rtm_15m_mean,2026-09-22T20:15:00Z,23.8967,USD/MWh,PT15M,"US-CT,US-MA,US-ME,US-NH,US-RI,US-VT",isone_rtm,.Z.WCMASS,isone:rt_lmp_5min,https://www.iso-ne.com/isoexpress/web/reports/pricing/-/tree/lmps-rt-five-min-final,2026-09-25T20:08:05Z,
isone:.Z.WCMASS,lmp_rtm_15m_mean,2026-09-22T20:30:00Z,27.3033,USD/MWh,PT15M,"US-CT,US-MA,US-ME,US-NH,US-RI,US-VT",isone_rtm,.Z.WCMASS,isone:rt_lmp_5min,https://www.iso-ne.com/isoexpress/web/reports/pricing/-/tree/lmps-rt-five-min-final,2026-09-25T20:08:05Z,
isone:.Z.WCMASS,lmp_rtm_15m_mean,2026-09-22T20:45:00Z,30.7967,USD/MWh,PT15M,"US-CT,US-MA,US-ME,US-NH,US-RI,US-VT",isone_rtm,.Z.WCMASS,isone:rt_lmp_5min,https://www.iso-ne.com/isoexpress/web/reports/pricing/-/tree/lmps-rt-five-min-final,2026-09-25T20:08:05Z,
isone:.Z.WCMASS,lmp_rtm_15m_mean,2026-09-22T21:00:00Z,27.9833,USD/MWh,PT15M,"US-CT,US-MA,US-ME,US-NH,US-RI,US-VT",isone_rtm,.Z.WCMASS,isone:rt_lmp_5min,https://www.iso-ne.com/isoexpress/web/reports/pricing/-/tree/lmps-rt-five-min-final,2026-09-25T20:08:05Z,
isone:.Z.WCMASS,lmp_rtm_15m_mean,2026-09-22T21:15:00Z,24.8333,USD/MWh,PT15M,"US-CT,US-MA,US-ME,US-NH,US-RI,US-VT",isone_rtm,.Z.WCMASS,isone:rt_lmp_5min,https://www.iso-ne.com/isoexpress/web/reports/pricing/-/tree/lmps-rt-five-min-final,2026-09-25T20:08:05Z,
isone:.Z.WCMASS,lmp_rtm_15m_mean,2026-09-22T21:30:00Z,27.8667,USD/MWh,PT15M,"US-CT,US-MA,US-ME,US-NH,US-RI,US-VT",isone_rtm,.Z.WCMASS,isone:rt_lmp_5min,https://www.iso-ne.com/isoexpress/web/reports/pricing/-/tree/lmps-rt-five-min-final,2026-09-25T20:08:05Z,
isone:.Z.WCMASS,lmp_rtm_15m_mean,2026-09-22T21:45:00Z,29.63,USD/MWh,PT15M,"US-CT,US-MA,US-ME,US-NH,US-RI,US-VT",isone_rtm,.Z.WCMASS,isone:rt_lmp_5min,https://www.iso-ne.com/isoexpress/web/reports/pricing/-/tree/lmps-rt-five-min-final,2026-09-25T20:08:05Z,
isone:.Z.WCMASS,lmp_rtm_15m_mean,2026-09-22T22:00:00Z,27.8833,USD/MWh,PT15M,"US-CT,US-MA,US-ME,US-NH,US-RI,US-VT",isone_rtm,.Z.WCMASS,isone:rt_lmp_5min,https://www.iso-ne.com/isoexpress/web/reports/pricing/-/tree/lmps-rt-five-min-final,2026-09-25T20:08:05Z,
isone:.Z.WCMASS,lmp_rtm_15m_mean,2026-09-22T22:15:00Z,30.79,USD/MWh,PT15M,"US-CT,US-MA,US-ME,US-NH,US-RI,US-VT",isone_rtm,.Z.WCMASS,isone:rt_lmp_5min,https://www.iso-ne.com/isoexpress/web/reports/pricing/-/tree/lmps-rt-five-min-final,2026-09-25T20:08:05Z,
isone:.Z.WCMASS,lmp_rtm_15m_mean,2026-09-22T22:30:00Z,33.2467,USD/MWh,PT15M,"US-CT,US-MA,US-ME,US-NH,US-RI,US-VT",isone_rtm,.Z.WCMASS,isone:rt_lmp_5min,https://www.iso-ne.com/isoexpress/web/reports/pricing/-/tree/lmps-rt-five-min-final,2026-09-25T20:08:05Z,
isone:.Z.WCMASS,lmp_rtm_15m_mean,2026-09-22T22:45:00Z,33.8433,USD/MWh,PT15M,"US-CT,US-MA,US-ME,US-NH,US-RI,US-VT",isone_rtm,.Z.WCMASS,isone:rt_lmp_5min,https://www.iso-ne.com/isoexpress/web/reports/pricing/-/tree/lmps-rt-five-min-final,2026-09-25T20:08:05Z,
isone:.Z.WCMASS,lmp_rtm_15m_mean,2026-09-22T23:00:00Z,32.76,USD/MWh,PT15M,"US-CT,US-MA,US-ME,US-NH,US-RI,US-VT",isone_rtm,.Z.WCMASS,isone:rt_lmp_5min,https://www.iso-ne.com/isoexpress/web/reports/pricing/-/tree/lmps-rt-five-min-final,2026-09-25T20:08:05Z,
isone:.Z.WCMASS,lmp_rtm_15m_mean,2026-09-22T23:15:00Z,29.8933,USD/MWh,PT15M,"US-CT,US-MA,US-ME,US-NH,US-RI,US-VT",isone_rtm,.Z.WCMASS,isone:rt_lmp_5min,https://www.iso-ne.com/isoexpress/web/reports/pricing/-/tree/lmps-rt-five-min-final,2026-09-25T20:08:05Z,
isone:.Z.WCMASS,lmp_rtm_15m_mean,2026-09-22T23:30:00Z,31.26,USD/MWh,PT15M,"US-CT,US-MA,US-ME,US-NH,US-RI,US-VT",isone_rtm,.Z.WCMASS,isone:rt_lmp_5min,https://www.iso-ne.com/isoexpress/web/reports/pricing/-/tree/lmps-rt-five-min-final,2026-09-25T20:08:05Z,
isone:.Z.WCMASS,lmp_rtm_15m_mean,2026-09-22T23:45:00Z,30.68,USD/MWh,PT15M,"US-CT,US-MA,US-ME,US-NH,US-RI,US-VT",isone_rtm,.Z.WCMASS,isone:rt_lmp_5min,https://www.iso-ne.com/isoexpress/web/reports/pricing/-/tree/lmps-rt-five-min-final,2026-09-25T20:08:05Z,
isone:.Z.WCMASS,lmp_rtm_15m_mean,2026-09-23T00:00:00Z,39.02,USD/MWh,PT15M,"US-CT,US-MA,US-ME,US-NH,US-RI,US-VT",isone_rtm,.Z.WCMASS,isone:rt_lmp_5min,https://www.iso-ne.com/isoexpress/web/reports/pricing/-/tree/lmps-rt-five-min-final,2026-09-25T20:08:05Z,
isone:.Z.WCMASS,lmp_rtm_15m_mean,2026-09-23T00:15:00Z,34.8533,USD/MWh,PT15M,"US-CT,US-MA,US-ME,US-NH,US-RI,US-VT",isone_rtm,.Z.WCMASS,isone:rt_lmp_5min,https://www.iso-ne.com/isoexpress/web/reports/pricing/-/tree/lmps-rt-five-min-final,2026-09-25T20:08:05Z,
isone:.Z.WCMASS,lmp_rtm_15m_mean,2026-09-23T00:30:00Z,29.18,USD/MWh,PT15M,"US-CT,US-MA,US-ME,US-NH,US-RI,US-VT",isone_rtm,.Z.WCMASS,isone:rt_lmp_5min,https://www.iso-ne.com/isoexpress/web/reports/pricing/-/tree/lmps-rt-five-min-final,2026-09-25T20:08:05Z,
isone:.Z.WCMASS,lmp_rtm_15m_mean,2026-09-23T00:45:00Z,28.6733,USD/MWh,PT15M,"US-CT,US-MA,US-ME,US-NH,US-RI,US-VT",isone_rtm,.Z.WCMASS,isone:rt_lmp_5min,https://www.iso-ne.com/isoexpress/web/reports/pricing/-/tree/lmps-rt-five-min-final,2026-09-25T20:08:05Z,
isone:.Z.WCMASS,lmp_rtm_15m_mean,2026-09-23T01:00:00Z,33.36,USD/MWh,PT15M,"US-CT,US-MA,US-ME,US-NH,US-RI,US-VT",isone_rtm,.Z.WCMASS,isone:rt_lmp_5min,https://www.iso-ne.com/isoexpress/web/reports/pricing/-/tree/lmps-rt-five-min-final,2026-09-25T20:08:05Z,
isone:.Z.WCMASS,lmp_rtm_15m_mean,2026-09-23T01:15:00Z,30.36,USD/MWh,PT15M,"US-CT,US-MA,US-ME,US-NH,US-RI,US-VT",isone_rtm,.Z.WCMASS,isone:rt_lmp_5min,https://www.iso-ne.com/isoexpress/web/reports/pricing/-/tree/lmps-rt-five-min-final,2026-09-25T20:08:05Z,
isone:.Z.WCMASS,lmp_rtm_15m_mean,2026-09-23T01:30:00Z,29.54,USD/MWh,PT15M,"US-CT,US-MA,US-ME,US-NH,US-RI,US-VT",isone_rtm,.Z.WCMASS,isone:rt_lmp_5min,https://www.iso-ne.com/isoexpress/web/reports/pricing/-/tree/lmps-rt-five-min-final,2026-09-25T20:08:05Z,
isone:.Z.WCMASS,lmp_rtm_15m_mean,2026-09-23T01:45:00Z,27.6667,USD/MWh,PT15M,"US-CT,US-MA,US-ME,US-NH,US-RI,US-VT",isone_rtm,.Z.WCMASS,isone:rt_lmp_5min,https://www.iso-ne.com/isoexpress/web/reports/pricing/-/tree/lmps-rt-five-min-final,2026-09-25T20:08:05Z,
isone:.Z.WCMASS,lmp_rtm_15m_mean,2026-09-23T02:00:00Z,28.0533,USD/MWh,PT15M,"US-CT,US-MA,US-ME,US-NH,US-RI,US-VT",isone_rtm,.Z.WCMASS,isone:rt_lmp_5min,https://www.iso-ne.com/isoexpress/web/reports/pricing/-/tree/lmps-rt-five-min-final,2026-09-25T20:08:05Z,
isone:.Z.WCMASS,lmp_rtm_15m_mean,2026-09-23T02:15:00Z,27.83,USD/MWh,PT15M,"US-CT,US-MA,US-ME,US-NH,US-RI,US-VT",isone_rtm,.Z.WCMASS,isone:rt_lmp_5min,https://www.iso-ne.com/isoexpress/web/reports/pricing/-/tree/lmps-rt-five-min-final,2026-09-25T20:08:05Z,
isone:.Z.WCMASS,lmp_rtm_15m_mean,2026-09-23T02:30:00Z,26.66,USD/MWh,PT15M,"US-CT,US-MA,US-ME,US-NH,US-RI,US-VT",isone_rtm,.Z.WCMASS,isone:rt_lmp_5min,https://www.iso-ne.com/isoexpress/web/reports/pricing/-/tree/lmps-rt-five-min-final,2026-09-25T20:08:05Z,
isone:.Z.WCMASS,lmp_rtm_15m_mean,2026-09-23T02:45:00Z,23.7767,USD/MWh,PT15M,"US-CT,US-MA,US-ME,US-NH,US-RI,US-VT",isone_rtm,.Z.WCMASS,isone:rt_lmp_5min,https://www.iso-ne.com/isoexpress/web/reports/pricing/-/tree/lmps-rt-five-min-final,2026-09-25T20:08:05Z,
isone:.Z.WCMASS,lmp_rtm_15m_mean,2026-09-23T03:00:00Z,24.2133,USD/MWh,PT15M,"US-CT,US-MA,US-ME,US-NH,US-RI,US-VT",isone_rtm,.Z.WCMASS,isone:rt_lmp_5min,https://www.iso-ne.com/isoexpress/web/reports/pricing/-/tree/lmps-rt-five-min-final,2026-09-25T20:08:05Z,
isone:.Z.WCMASS,lmp_rtm_15m_mean,2026-09-23T03:15:00Z,26.49,USD/MWh,PT15M,"US-CT,US-MA,US-ME,US-NH,US-RI,US-VT",isone_rtm,.Z.WCMASS,isone:rt_lmp_5min,https://www.iso-ne.com/isoexpress/web/reports/pricing/-/tree/lmps-rt-five-min-final,2026-09-25T20:08:05Z,
isone:.Z.WCMASS,lmp_rtm_15m_mean,2026-09-23T03:30:00Z,25.5,USD/MWh,PT15M,"US-CT,US-MA,US-ME,US-NH,US-RI,US-VT",isone_rtm,.Z.WCMASS,isone:rt_lmp_5min,https://www.iso-ne.com/isoexpress/web/reports/pricing/-/tree/lmps-rt-five-min-final,2026-09-25T20:08:05Z,
isone:.Z.WCMASS,lmp_rtm_15m_mean,2026-09-23T03:45:00Z,25.07,USD/MWh,PT15M,"US-CT,US-MA,US-ME,US-NH,US-RI,US-VT",isone_rtm,.Z.WCMASS,isone:rt_lmp_5min,https://www.iso-ne.com/isoexpress/web/reports/pricing/-/tree/lmps-rt-five-min-final,2026-09-25T20:08:05Z,
isone:.Z.WCMASS,lmp_rtm_15m_mean,2026-09-23T04:00:00Z,25.4033,USD/MWh,PT15M,"US-CT,US-MA,US-ME,US-NH,US-RI,US-VT",isone_rtm,.Z.WCMASS,isone:rt_lmp_5min,https://www.iso-ne.com/isoexpress/web/reports/pricing/-/tree/lmps-rt-five-min-final,2026-09-25T20:08:21Z,
isone:.Z.WCMASS,lmp_rtm_15m_mean,2026-09-23T04:15:00Z,27.4733,USD/MWh,PT15M,"US-CT,US-MA,US-ME,US-NH,US-RI,US-VT",isone_rtm,.Z.WCMASS,isone:rt_lmp_5min,https://www.iso-ne.com/isoexpress/web/reports/pricing/-/tree/lmps-rt-five-min-final,2026-09-25T20:08:21Z,
isone:.Z.WCMASS,lmp_rtm_15m_mean,2026-09-23T04:30:00Z,26.83,USD/MWh,PT15M,"US-CT,US-MA,US-ME,US-NH,US-RI,US-VT",isone_rtm,.Z.WCMASS,isone:rt_lmp_5min,https://www.iso-ne.com/isoexpress/web/reports/pricing/-/tree/lmps-rt-five-min-final,2026-09-25T20:08:21Z,
isone:.Z.WCMASS,lmp_rtm_15m_mean,2026-09-23T04:45:00Z,24.5867,USD/MWh,PT15M,"US-CT,US-MA,US-ME,US-NH,US-RI,US-VT",isone_rtm,.Z.WCMASS,isone:rt_lmp_5min,https://www.iso-ne.com/isoexpress/web/reports/pricing/-/tree/lmps-rt-five-min-final,2026-09-25T20:08:21Z,
isone:.Z.WCMASS,lmp_rtm_15m_mean,2026-09-23T05:00:00Z,23.8767,USD/MWh,PT15M,"US-CT,US-MA,US-ME,US-NH,US-RI,US-VT",isone_rtm,.Z.WCMASS,isone:rt_lmp_5min,https://www.iso-ne.com/isoexpress/web/reports/pricing/-/tree/lmps-rt-five-min-final,2026-09-25T20:08:21Z,
isone:.Z.WCMASS,lmp_rtm_15m_mean,2026-09-23T05:15:00Z,23.1833,USD/MWh,PT15M,"US-CT,US-MA,US-ME,US-NH,US-RI,US-VT",isone_rtm,.Z.WCMASS,isone:rt_lmp_5min,https://www.iso-ne.com/isoexpress/web/reports/pricing/-/tree/lmps-rt-five-min-final,2026-09-25T20:08:21Z,
isone:.Z.WCMASS,lmp_rtm_15m_mean,2026-09-23T05:30:00Z,22.6133,USD/MWh,PT15M,"US-CT,US-MA,US-ME,US-NH,US-RI,US-VT",isone_rtm,.Z.WCMASS,isone:rt_lmp_5min,https://www.iso-ne.com/isoexpress/web/reports/pricing/-/tree/lmps-rt-five-min-final,2026-09-25T20:08:21Z,
isone:.Z.WCMASS,lmp_rtm_15m_mean,2026-09-23T05:45:00Z,22.18,USD/MWh,PT15M,"US-CT,US-MA,US-ME,US-NH,US-RI,US-VT",isone_rtm,.Z.WCMASS,isone:rt_lmp_5min,https://www.iso-ne.com/isoexpress/web/reports/pricing/-/tree/lmps-rt-five-min-final,2026-09-25T20:08:21Z,
isone:.Z.WCMASS,lmp_rtm_15m_mean,2026-09-23T06:00:00Z,22.2667,USD/MWh,PT15M,"US-CT,US-MA,US-ME,US-NH,US-RI,US-VT",isone_rtm,.Z.WCMASS,isone:rt_lmp_5min,https://www.iso-ne.com/isoexpress/web/reports/pricing/-/tree/lmps-rt-five-min-final,2026-09-25T20:08:21Z,
isone:.Z.WCMASS,lmp_rtm_15m_mean,2026-09-23T06:15:00Z,22.83,USD/MWh,PT15M,"US-CT,US-MA,US-ME,US-NH,US-RI,US-VT",isone_rtm,.Z.WCMASS,isone:rt_lmp_5min,https://www.iso-ne.com/isoexpress/web/reports/pricing/-/tree/lmps-rt-five-min-final,2026-09-25T20:08:21Z,
isone:.Z.WCMASS,lmp_rtm_15m_mean,2026-09-23T06:30:00Z,23.29,USD/MWh,PT15M,"US-CT,US-MA,US-ME,US-NH,US-RI,US-VT",isone_rtm,.Z.WCMASS,isone:rt_lmp_5min,https://www.iso-ne.com/isoexpress/web/reports/pricing/-/tree/lmps-rt-five-min-final,2026-09-25T20:08:21Z,
isone:.Z.WCMASS,lmp_rtm_15m_mean,2026-09-23T06:45:00Z,23.0667,USD/MWh,PT15M,"US-CT,US-MA,US-ME,US-NH,US-RI,US-VT",isone_rtm,.Z.WCMASS,isone:rt_lmp_5min,https://www.iso-ne.com/isoexpress/web/reports/pricing/-/tree/lmps-rt-five-min-final,2026-09-25T20:08:21Z,
isone:.Z.WCMASS,lmp_rtm_15m_mean,2026-09-23T07:00:00Z,22.7233,USD/MWh,PT15M,"US-CT,US-MA,US-ME,US-NH,US-RI,US-VT",isone_rtm,.Z.WCMASS,isone:rt_lmp_5min,https://www.iso-ne.com/isoexpress/web/reports/pricing/-/tree/lmps-rt-five-min-final,2026-09-25T20:08:21Z,
isone:.Z.WCMASS,lmp_rtm_15m_mean,2026-09-23T07:15:00Z,22.7333,USD/MWh,PT15M,"US-CT,US-MA,US-ME,US-NH,US-RI,US-VT",isone_rtm,.Z.WCMASS,isone:rt_lmp_5min,https://www.iso-ne.com/isoexpress/web/reports/pricing/-/tree/lmps-rt-five-min-final,2026-09-25T20:08:21Z,
isone:.Z.WCMASS,lmp_rtm_15m_mean,2026-09-23T07:30:00Z,23.1467,USD/MWh,PT15M,"US-CT,US-MA,US-ME,US-NH,US-RI,US-VT",isone_rtm,.Z.WCMASS,isone:rt_lmp_5min,https://www.iso-ne.com/isoexpress/web/reports/pricing/-/tree/lmps-rt-five-min-final,2026-09-25T20:08:21Z,
isone:.Z.WCMASS,lmp_rtm_15m_mean,2026-09-23T07:45:00Z,23.2733,USD/MWh,PT15M,"US-CT,US-MA,US-ME,US-NH,US-RI,US-VT",isone_rtm,.Z.WCMASS,isone:rt_lmp_5min,https://www.iso-ne.com/isoexpress/web/reports/pricing/-/tree/lmps-rt-five-min-final,2026-09-25T20:08:21Z,
isone:.Z.WCMASS,lmp_rtm_15m_mean,2026-09-23T08:00:00Z,23.1467,USD/MWh,PT15M,"US-CT,US-MA,US-ME,US-NH,US-RI,US-VT",isone_rtm,.Z.WCMASS,isone:rt_lmp_5min,https://www.iso-ne.com/isoexpress/web/reports/pricing/-/tree/lmps-rt-five-min-final,2026-09-25T20:08:21Z,
isone:.Z.WCMASS,lmp_rtm_15m_mean,2026-09-23T08:15:00Z,22.92,USD/MWh,PT15M,"US-CT,US-MA,US-ME,US-NH,US-RI,US-VT",isone_rtm,.Z.WCMASS,isone:rt_lmp_5min,https://www.iso-ne.com/isoexpress/web/reports/pricing/-/tree/lmps-rt-five-min-final,2026-09-25T20:08:21Z,
isone:.Z.WCMASS,lmp_rtm_15m_mean,2026-09-23T08:30:00Z,23.24,USD/MWh,PT15M,"US-CT,US-MA,US-ME,US-NH,US-RI,US-VT",isone_rtm,.Z.WCMASS,isone:rt_lmp_5min,https://www.iso-ne.com/isoexpress/web/reports/pricing/-/tree/lmps-rt-five-min-final,2026-09-25T20:08:21Z,
isone:.Z.WCMASS,lmp_rtm_15m_mean,2026-09-23T08:45:00Z,23.43,USD/MWh,PT15M,"US-CT,US-MA,US-ME,US-NH,US-RI,US-VT",isone_rtm,.Z.WCMASS,isone:rt_lmp_5min,https://www.iso-ne.com/isoexpress/web/reports/pricing/-/tree/lmps-rt-five-min-final,2026-09-25T20:08:21Z,
isone:.Z.WCMASS,lmp_rtm_15m_mean,2026-09-23T09:00:00Z,23.0767,USD/MWh,PT15M,"US-CT,US-MA,US-ME,US-NH,US-RI,US-VT",isone_rtm,.Z.WCMASS,isone:rt_lmp_5min,https://www.iso-ne.com/isoexpress/web/reports/pricing/-/tree/lmps-rt-five-min-final,2026-09-25T20:08:21Z,
isone:.Z.WCMASS,lmp_rtm_15m_mean,2026-09-23T09:15:00Z,25.45,USD/MWh,PT15M,"US-CT,US-MA,US-ME,US-NH,US-RI,US-VT",isone_rtm,.Z.WCMASS,isone:rt_lmp_5min,https://www.iso-ne.com/isoexpress/web/reports/pricing/-/tree/lmps-rt-five-min-final,2026-09-25T20:08:21Z,
isone:.Z.WCMASS,lmp_rtm_15m_mean,2026-09-23T09:30:00Z,31.0467,USD/MWh,PT15M,"US-CT,US-MA,US-ME,US-NH,US-RI,US-VT",isone_rtm,.Z.WCMASS,isone:rt_lmp_5min,https://www.iso-ne.com/isoexpress/web/reports/pricing/-/tree/lmps-rt-five-min-final,2026-09-25T20:08:21Z,
isone:.Z.WCMASS,lmp_rtm_15m_mean,2026-09-23T09:45:00Z,35.2867,USD/MWh,PT15M,"US-CT,US-MA,US-ME,US-NH,US-RI,US-VT",isone_rtm,.Z.WCMASS,isone:rt_lmp_5min,https://www.iso-ne.com/isoexpress/web/reports/pricing/-/tree/lmps-rt-five-min-final,2026-09-25T20:08:21Z,
isone:.Z.WCMASS,lmp_rtm_15m_mean,2026-09-23T10:00:00Z,26.8433,USD/MWh,PT15M,"US-CT,US-MA,US-ME,US-NH,US-RI,US-VT",isone_rtm,.Z.WCMASS,isone:rt_lmp_5min,https://www.iso-ne.com/isoexpress/web/reports/pricing/-/tree/lmps-rt-five-min-final,2026-09-25T20:08:21Z,
isone:.Z.WCMASS,lmp_rtm_15m_mean,2026-09-23T10:15:00Z,28.35,USD/MWh,PT15M,"US-CT,US-MA,US-ME,US-NH,US-RI,US-VT",isone_rtm,.Z.WCMASS,isone:rt_lmp_5min,https://www.iso-ne.com/isoexpress/web/reports/pricing/-/tree/lmps-rt-five-min-final,2026-09-25T20:08:21Z,
isone:.Z.WCMASS,lmp_rtm_15m_mean,2026-09-23T10:30:00Z,33.91,USD/MWh,PT15M,"US-CT,US-MA,US-ME,US-NH,US-RI,US-VT",isone_rtm,.Z.WCMASS,isone:rt_lmp_5min,https://www.iso-ne.com/isoexpress/web/reports/pricing/-/tree/lmps-rt-five-min-final,2026-09-25T20:08:21Z,
isone:.Z.WCMASS,lmp_rtm_15m_mean,2026-09-23T10:45:00Z,35.77,USD/MWh,PT15M,"US-CT,US-MA,US-ME,US-NH,US-RI,US-VT",isone_rtm,.Z.WCMASS,isone:rt_lmp_5min,https://www.iso-ne.com/isoexpress/web/reports/pricing/-/tree/lmps-rt-five-min-final,2026-09-25T20:08:21Z,
isone:.Z.WCMASS,lmp_rtm_15m_mean,2026-09-23T11:00:00Z,27.61,USD/MWh,PT15M,"US-CT,US-MA,US-ME,US-NH,US-RI,US-VT",isone_rtm,.Z.WCMASS,isone:rt_lmp_5min,https://www.iso-ne.com/isoexpress/web/reports/pricing/-/tree/lmps-rt-five-min-final,2026-09-25T20:08:21Z,
isone:.Z.WCMASS,lmp_rtm_15m_mean,2026-09-23T11:15:00Z,24.24,USD/MWh,PT15M,"US-CT,US-MA,US-ME,US-NH,US-RI,US-VT",isone_rtm,.Z.WCMASS,isone:rt_lmp_5min,https://www.iso-ne.com/isoexpress/web/reports/pricing/-/tree/lmps-rt-five-min-final,2026-09-25T20:08:21Z,
isone:.Z.WCMASS,lmp_rtm_15m_mean,2026-09-23T11:30:00Z,23.7267,USD/MWh,PT15M,"US-CT,US-MA,US-ME,US-NH,US-RI,US-VT",isone_rtm,.Z.WCMASS,isone:rt_lmp_5min,https://www.iso-ne.com/isoexpress/web/reports/pricing/-/tree/lmps-rt-five-min-final,2026-09-25T20:08:21Z,
isone:.Z.WCMASS,lmp_rtm_15m_mean,2026-09-23T11:45:00Z,23.3533,USD/MWh,PT15M,"US-CT,US-MA,US-ME,US-NH,US-RI,US-VT",isone_rtm,.Z.WCMASS,isone:rt_lmp_5min,https://www.iso-ne.com/isoexpress/web/reports/pricing/-/tree/lmps-rt-five-min-final,2026-09-25T20:08:21Z,
isone:.Z.WCMASS,lmp_rtm_15m_mean,2026-09-23T12:00:00Z,32.4867,USD/MWh,PT15M,"US-CT,US-MA,US-ME,US-NH,US-RI,US-VT",isone_rtm,.Z.WCMASS,isone:rt_lmp_5min,https://www.iso-ne.com/isoexpress/web/reports/pricing/-/tree/lmps-rt-five-min-final,2026-09-25T20:08:21Z,
isone:.Z.WCMASS,lmp_rtm_15m_mean,2026-09-23T12:15:00Z,26.8333,USD/MWh,PT15M,"US-CT,US-MA,US-ME,US-NH,US-RI,US-VT",isone_rtm,.Z.WCMASS,isone:rt_lmp_5min,https://www.iso-ne.com/isoexpress/web/reports/pricing/-/tree/lmps-rt-five-min-final,2026-09-25T20:08:21Z,
isone:.Z.WCMASS,lmp_rtm_15m_mean,2026-09-23T12:30:00Z,22.4867,USD/MWh,PT15M,"US-CT,US-MA,US-ME,US-NH,US-RI,US-VT",isone_rtm,.Z.WCMASS,isone:rt_lmp_5min,https://www.iso-ne.com/isoexpress/web/reports/pricing/-/tree/lmps-rt-five-min-final,2026-09-25T20:08:21Z,
isone:.Z.WCMASS,lmp_rtm_15m_mean,2026-09-23T12:45:00Z,14.2133,USD/MWh,PT15M,"US-CT,US-MA,US-ME,US-NH,US-RI,US-VT",isone_rtm,.Z.WCMASS,isone:rt_lmp_5min,https://www.iso-ne.com/isoexpress/web/reports/pricing/-/tree/lmps-rt-five-min-final,2026-09-25T20:08:21Z,
isone:.Z.WCMASS,lmp_rtm_15m_mean,2026-09-23T13:00:00Z,15.0567,USD/MWh,PT15M,"US-CT,US-MA,US-ME,US-NH,US-RI,US-VT",isone_rtm,.Z.WCMASS,isone:rt_lmp_5min,https://www.iso-ne.com/isoexpress/web/reports/pricing/-/tree/lmps-rt-five-min-final,2026-09-25T20:08:21Z,
isone:.Z.WCMASS,lmp_rtm_15m_mean,2026-09-23T13:15:00Z,17.57,USD/MWh,PT15M,"US-CT,US-MA,US-ME,US-NH,US-RI,US-VT",isone_rtm,.Z.WCMASS,isone:rt_lmp_5min,https://www.iso-ne.com/isoexpress/web/reports/pricing/-/tree/lmps-rt-five-min-final,2026-09-25T20:08:21Z,
isone:.Z.WCMASS,lmp_rtm_15m_mean,2026-09-23T13:30:00Z,15.0867,USD/MWh,PT15M,"US-CT,US-MA,US-ME,US-NH,US-RI,US-VT",isone_rtm,.Z.WCMASS,isone:rt_lmp_5min,https://www.iso-ne.com/isoexpress/web/reports/pricing/-/tree/lmps-rt-five-min-final,2026-09-25T20:08:21Z,
isone:.Z.WCMASS,lmp_rtm_15m_mean,2026-09-23T13:45:00Z,0.0467,USD/MWh,PT15M,"US-CT,US-MA,US-ME,US-NH,US-RI,US-VT",isone_rtm,.Z.WCMASS,isone:rt_lmp_5min,https://www.iso-ne.com/isoexpress/web/reports/pricing/-/tree/lmps-rt-five-min-final,2026-09-25T20:08:21Z,
isone:.Z.WCMASS,lmp_rtm_15m_mean,2026-09-23T14:00:00Z,15.1733,USD/MWh,PT15M,"US-CT,US-MA,US-ME,US-NH,US-RI,US-VT",isone_rtm,.Z.WCMASS,isone:rt_lmp_5min,https://www.iso-ne.com/isoexpress/web/reports/pricing/-/tree/lmps-rt-five-min-final,2026-09-25T20:08:21Z,
isone:.Z.WCMASS,lmp_rtm_15m_mean,2026-09-23T14:15:00Z,22.88,USD/MWh,PT15M,"US-CT,US-MA,US-ME,US-NH,US-RI,US-VT",isone_rtm,.Z.WCMASS,isone:rt_lmp_5min,https://www.iso-ne.com/isoexpress/web/reports/pricing/-/tree/lmps-rt-five-min-final,2026-09-25T20:08:21Z,
isone:.Z.WCMASS,lmp_rtm_15m_mean,2026-09-23T14:30:00Z,3.6667,USD/MWh,PT15M,"US-CT,US-MA,US-ME,US-NH,US-RI,US-VT",isone_rtm,.Z.WCMASS,isone:rt_lmp_5min,https://www.iso-ne.com/isoexpress/web/reports/pricing/-/tree/lmps-rt-five-min-final,2026-09-25T20:08:21Z,
isone:.Z.WCMASS,lmp_rtm_15m_mean,2026-09-23T14:45:00Z,-33.9267,USD/MWh,PT15M,"US-CT,US-MA,US-ME,US-NH,US-RI,US-VT",isone_rtm,.Z.WCMASS,isone:rt_lmp_5min,https://www.iso-ne.com/isoexpress/web/reports/pricing/-/tree/lmps-rt-five-min-final,2026-09-25T20:08:21Z,
isone:.Z.WCMASS,lmp_rtm_15m_mean,2026-09-23T15:00:00Z,-36.0933,USD/MWh,PT15M,"US-CT,US-MA,US-ME,US-NH,US-RI,US-VT",isone_rtm,.Z.WCMASS,isone:rt_lmp_5min,https://www.iso-ne.com/isoexpress/web/reports/pricing/-/tree/lmps-rt-five-min-final,2026-09-25T20:08:21Z,
isone:.Z.WCMASS,lmp_rtm_15m_mean,2026-09-23T15:15:00Z,-0.8967,USD/MWh,PT15M,"US-CT,US-MA,US-ME,US-NH,US-RI,US-VT",isone_rtm,.Z.WCMASS,isone:rt_lmp_5min,https://www.iso-ne.com/isoexpress/web/reports/pricing/-/tree/lmps-rt-five-min-final,2026-09-25T20:08:21Z,
isone:.Z.WCMASS,lmp_rtm_15m_mean,2026-09-23T15:30:00Z,10.09,USD/MWh,PT15M,"US-CT,US-MA,US-ME,US-NH,US-RI,US-VT",isone_rtm,.Z.WCMASS,isone:rt_lmp_5min,https://www.iso-ne.com/isoexpress/web/reports/pricing/-/tree/lmps-rt-five-min-final,2026-09-25T20:08:21Z,
isone:.Z.WCMASS,lmp_rtm_15m_mean,2026-09-23T15:45:00Z,3.36,USD/MWh,PT15M,"US-CT,US-MA,US-ME,US-NH,US-RI,US-VT",isone_rtm,.Z.WCMASS,isone:rt_lmp_5min,https://www.iso-ne.com/isoexpress/web/reports/pricing/-/tree/lmps-rt-five-min-final,2026-09-25T20:08:21Z,
isone:.Z.WCMASS,lmp_rtm_15m_mean,2026-09-23T16:00:00Z,1.4233,USD/MWh,PT15M,"US-CT,US-MA,US-ME,US-NH,US-RI,US-VT",isone_rtm,.Z.WCMASS,isone:rt_lmp_5min,https://www.iso-ne.com/isoexpress/web/reports/pricing/-/tree/lmps-rt-five-min-final,2026-09-25T20:08:21Z,
isone:.Z.WCMASS,lmp_rtm_15m_mean,2026-09-23T16:15:00Z,21.7067,USD/MWh,PT15M,"US-CT,US-MA,US-ME,US-NH,US-RI,US-VT",isone_rtm,.Z.WCMASS,isone:rt_lmp_5min,https://www.iso-ne.com/isoexpress/web/reports/pricing/-/tree/lmps-rt-five-min-final,2026-09-25T20:08:21Z,
isone:.Z.WCMASS,lmp_rtm_15m_mean,2026-09-23T16:30:00Z,13.1567,USD/MWh,PT15M,"US-CT,US-MA,US-ME,US-NH,US-RI,US-VT",isone_rtm,.Z.WCMASS,isone:rt_lmp_5min,https://www.iso-ne.com/isoexpress/web/reports/pricing/-/tree/lmps-rt-five-min-final,2026-09-25T20:08:21Z,
isone:.Z.WCMASS,lmp_rtm_15m_mean,2026-09-23T16:45:00Z,19.81,USD/MWh,PT15M,"US-CT,US-MA,US-ME,US-NH,US-RI,US-VT",isone_rtm,.Z.WCMASS,isone:rt_lmp_5min,https://www.iso-ne.com/isoexpress/web/reports/pricing/-/tree/lmps-rt-five-min-final,2026-09-25T20:08:21Z,
isone:.Z.WCMASS,lmp_rtm_15m_mean,2026-09-23T17:00:00Z,22.0333,USD/MWh,PT15M,"US-CT,US-MA,US-ME,US-NH,US-RI,US-VT",isone_rtm,.Z.WCMASS,isone:rt_lmp_5min,https://www.iso-ne.com/isoexpress/web/reports/pricing/-/tree/lmps-rt-five-min-final,2026-09-25T20:08:21Z,
isone:.Z.WCMASS,lmp_rtm_15m_mean,2026-09-23T17:15:00Z,20.2267,USD/MWh,PT15M,"US-CT,US-MA,US-ME,US-NH,US-RI,US-VT",isone_rtm,.Z.WCMASS,isone:rt_lmp_5min,https://www.iso-ne.com/isoexpress/web/reports/pricing/-/tree/lmps-rt-five-min-final,2026-09-25T20:08:21Z,
isone:.Z.WCMASS,lmp_rtm_15m_mean,2026-09-23T17:30:00Z,21.8233,USD/MWh,PT15M,"US-CT,US-MA,US-ME,US-NH,US-RI,US-VT",isone_rtm,.Z.WCMASS,isone:rt_lmp_5min,https://www.iso-ne.com/isoexpress/web/reports/pricing/-/tree/lmps-rt-five-min-final,2026-09-25T20:08:21Z,
isone:.Z.WCMASS,lmp_rtm_15m_mean,2026-09-23T17:45:00Z,22.5167,USD/MWh,PT15M,"US-CT,US-MA,US-ME,US-NH,US-RI,US-VT",isone_rtm,.Z.WCMASS,isone:rt_lmp_5min,https://www.iso-ne.com/isoexpress/web/reports/pricing/-/tree/lmps-rt-five-min-final,2026-09-25T20:08:21Z,
isone:.Z.WCMASS,lmp_rtm_15m_mean,2026-09-23T18:00:00Z,22.77,USD/MWh,PT15M,"US-CT,US-MA,US-ME,US-NH,US-RI,US-VT",isone_rtm,.Z.WCMASS,isone:rt_lmp_5min,https://www.iso-ne.com/isoexpress/web/reports/pricing/-/tree/lmps-rt-five-min-final,2026-09-25T20:08:21Z,
isone:.Z.WCMASS,lmp_rtm_15m_mean,2026-09-23T18:15:00Z,22.12,USD/MWh,PT15M,"US-CT,US-MA,US-ME,US-NH,US-RI,US-VT",isone_rtm,.Z.WCMASS,isone:rt_lmp_5min,https://www.iso-ne.com/isoexpress/web/reports/pricing/-/tree/lmps-rt-five-min-final,2026-09-25T20:08:21Z,
isone:.Z.WCMASS,lmp_rtm_15m_mean,2026-09-23T18:30:00Z,22.1467,USD/MWh,PT15M,"US-CT,US-MA,US-ME,US-NH,US-RI,US-VT",isone_rtm,.Z.WCMASS,isone:rt_lmp_5min,https://www.iso-ne.com/isoexpress/web/reports/pricing/-/tree/lmps-rt-five-min-final,2026-09-25T20:08:21Z,
isone:.Z.WCMASS,lmp_rtm_15m_mean,2026-09-23T18:45:00Z,22.5167,USD/MWh,PT15M,"US-CT,US-MA,US-ME,US-NH,US-RI,US-VT",isone_rtm,.Z.WCMASS,isone:rt_lmp_5min,https://www.iso-ne.com/isoexpress/web/reports/pricing/-/tree/lmps-rt-five-min-final,2026-09-25T20:08:21Z,
isone:.Z.WCMASS,lmp_rtm_15m_mean,2026-09-23T19:00:00Z,5.0233,USD/MWh,PT15M,"US-CT,US-MA,US-ME,US-NH,US-RI,US-VT",isone_rtm,.Z.WCMASS,isone:rt_lmp_5min,https://www.iso-ne.com/isoexpress/web/reports/pricing/-/tree/lmps-rt-five-min-final,2026-09-25T20:08:21Z,
isone:.Z.WCMASS,lmp_rtm_15m_mean,2026-09-23T19:15:00Z,21.5767,USD/MWh,PT15M,"US-CT,US-MA,US-ME,US-NH,US-RI,US-VT",isone_rtm,.Z.WCMASS,isone:rt_lmp_5min,https://www.iso-ne.com/isoexpress/web/reports/pricing/-/tree/lmps-rt-five-min-final,2026-09-25T20:08:21Z,
isone:.Z.WCMASS,lmp_rtm_15m_mean,2026-09-23T19:30:00Z,23.9533,USD/MWh,PT15M,"US-CT,US-MA,US-ME,US-NH,US-RI,US-VT",isone_rtm,.Z.WCMASS,isone:rt_lmp_5min,https://www.iso-ne.com/isoexpress/web/reports/pricing/-/tree/lmps-rt-five-min-final,2026-09-25T20:08:21Z,
isone:.Z.WCMASS,lmp_rtm_15m_mean,2026-09-23T19:45:00Z,25.6467,USD/MWh,PT15M,"US-CT,US-MA,US-ME,US-NH,US-RI,US-VT",isone_rtm,.Z.WCMASS,isone:rt_lmp_5min,https://www.iso-ne.com/isoexpress/web/reports/pricing/-/tree/lmps-rt-five-min-final,2026-09-25T20:08:21Z,
isone:.Z.WCMASS,lmp_rtm_15m_mean,2026-09-23T20:00:00Z,-5.2967,USD/MWh,PT15M,"US-CT,US-MA,US-ME,US-NH,US-RI,US-VT",isone_rtm,.Z.WCMASS,isone:rt_lmp_5min,https://www.iso-ne.com/isoexpress/web/reports/pricing/-/tree/lmps-rt-five-min-final,2026-09-25T20:08:21Z,
isone:.Z.WCMASS,lmp_rtm_15m_mean,2026-09-23T20:15:00Z,-5.4833,USD/MWh,PT15M,"US-CT,US-MA,US-ME,US-NH,US-RI,US-VT",isone_rtm,.Z.WCMASS,isone:rt_lmp_5min,https://www.iso-ne.com/isoexpress/web/reports/pricing/-/tree/lmps-rt-five-min-final,2026-09-25T20:08:21Z,
isone:.Z.WCMASS,lmp_rtm_15m_mean,2026-09-23T20:30:00Z,25.77,USD/MWh,PT15M,"US-CT,US-MA,US-ME,US-NH,US-RI,US-VT",isone_rtm,.Z.WCMASS,isone:rt_lmp_5min,https://www.iso-ne.com/isoexpress/web/reports/pricing/-/tree/lmps-rt-five-min-final,2026-09-25T20:08:21Z,
isone:.Z.WCMASS,lmp_rtm_15m_mean,2026-09-23T20:45:00Z,29.0633,USD/MWh,PT15M,"US-CT,US-MA,US-ME,US-NH,US-RI,US-VT",isone_rtm,.Z.WCMASS,isone:rt_lmp_5min,https://www.iso-ne.com/isoexpress/web/reports/pricing/-/tree/lmps-rt-five-min-final,2026-09-25T20:08:21Z,
isone:.Z.WCMASS,lmp_rtm_15m_mean,2026-09-23T21:00:00Z,23.97,USD/MWh,PT15M,"US-CT,US-MA,US-ME,US-NH,US-RI,US-VT",isone_rtm,.Z.WCMASS,isone:rt_lmp_5min,https://www.iso-ne.com/isoexpress/web/reports/pricing/-/tree/lmps-rt-five-min-final,2026-09-25T20:08:21Z,
isone:.Z.WCMASS,lmp_rtm_15m_mean,2026-09-23T21:15:00Z,25.1867,USD/MWh,PT15M,"US-CT,US-MA,US-ME,US-NH,US-RI,US-VT",isone_rtm,.Z.WCMASS,isone:rt_lmp_5min,https://www.iso-ne.com/isoexpress/web/reports/pricing/-/tree/lmps-rt-five-min-final,2026-09-25T20:08:21Z,
isone:.Z.WCMASS,lmp_rtm_15m_mean,2026-09-23T21:30:00Z,30.2267,USD/MWh,PT15M,"US-CT,US-MA,US-ME,US-NH,US-RI,US-VT",isone_rtm,.Z.WCMASS,isone:rt_lmp_5min,https://www.iso-ne.com/isoexpress/web/reports/pricing/-/tree/lmps-rt-five-min-final,2026-09-25T20:08:21Z,
isone:.Z.WCMASS,lmp_rtm_15m_mean,2026-09-23T21:45:00Z,35.81,USD/MWh,PT15M,"US-CT,US-MA,US-ME,US-NH,US-RI,US-VT",isone_rtm,.Z.WCMASS,isone:rt_lmp_5min,https://www.iso-ne.com/isoexpress/web/reports/pricing/-/tree/lmps-rt-five-min-final,2026-09-25T20:08:21Z,
isone:.Z.WCMASS,lmp_rtm_15m_mean,2026-09-23T22:00:00Z,34.96,USD/MWh,PT15M,"US-CT,US-MA,US-ME,US-NH,US-RI,US-VT",isone_rtm,.Z.WCMASS,isone:rt_lmp_5min,https://www.iso-ne.com/isoexpress/web/reports/pricing/-/tree/lmps-rt-five-min-final,2026-09-25T20:08:21Z,
isone:.Z.WCMASS,lmp_rtm_15m_mean,2026-09-23T22:15:00Z,43.6633,USD/MWh,PT15M,"US-CT,US-MA,US-ME,US-NH,US-RI,US-VT",isone_rtm,.Z.WCMASS,isone:rt_lmp_5min,https://www.iso-ne.com/isoexpress/web/reports/pricing/-/tree/lmps-rt-five-min-final,2026-09-25T20:08:21Z,
isone:.Z.WCMASS,lmp_rtm_15m_mean,2026-09-23T22:30:00Z,46.8367,USD/MWh,PT15M,"US-CT,US-MA,US-ME,US-NH,US-RI,US-VT",isone_rtm,.Z.WCMASS,isone:rt_lmp_5min,https://www.iso-ne.com/isoexpress/web/reports/pricing/-/tree/lmps-rt-five-min-final,2026-09-25T20:08:21Z,
isone:.Z.WCMASS,lmp_rtm_15m_mean,2026-09-23T22:45:00Z,48.2333,USD/MWh,PT15M,"US-CT,US-MA,US-ME,US-NH,US-RI,US-VT",isone_rtm,.Z.WCMASS,isone:rt_lmp_5min,https://www.iso-ne.com/isoexpress/web/reports/pricing/-/tree/lmps-rt-five-min-final,2026-09-25T20:08:21Z,
isone:.Z.WCMASS,lmp_rtm_15m_mean,2026-09-23T23:00:00Z,49.0267,USD/MWh,PT15M,"US-CT,US-MA,US-ME,US-NH,US-RI,US-VT",isone_rtm,.Z.WCMASS,isone:rt_lmp_5min,https://www.iso-ne.com/isoexpress/web/reports/pricing/-/tree/lmps-rt-five-min-final,2026-09-25T20:08:21Z,
isone:.Z.WCMASS,lmp_rtm_15m_mean,2026-09-23T23:15:00Z,42.42,USD/MWh,PT15M,"US-CT,US-MA,US-ME,US-NH,US-RI,US-VT",isone_rtm,.Z.WCMASS,isone:rt_lmp_5min,https://www.iso-ne.com/isoexpress/web/reports/pricing/-/tree/lmps-rt-five-min-final,2026-09-25T20:08:21Z,
isone:.Z.WCMASS,lmp_rtm_15m_mean,2026-09-23T23:30:00Z,44.8333,USD/MWh,PT15M,"US-CT,US-MA,US-ME,US-NH,US-RI,US-VT",isone_rtm,.Z.WCMASS,isone:rt_lmp_5min,https://www.iso-ne.com/isoexpress/web/reports/pricing/-/tree/lmps-rt-five-min-final,2026-09-25T20:08:21Z,
isone:.Z.WCMASS,lmp_rtm_15m_mean,2026-09-23T23:45:00Z,33.35,USD/MWh,PT15M,"US-CT,US-MA,US-ME,US-NH,US-RI,US-VT",isone_rtm,.Z.WCMASS,isone:rt_lmp_5min,https://www.iso-ne.com/isoexpress/web/reports/pricing/-/tree/lmps-rt-five-min-final,2026-09-25T20:08:21Z,
isone:.Z.WCMASS,lmp_rtm_15m_mean,2026-09-24T00:00:00Z,38.48,USD/MWh,PT15M,"US-CT,US-MA,US-ME,US-NH,US-RI,US-VT",isone_rtm,.Z.WCMASS,isone:rt_lmp_5min,https://www.iso-ne.com/isoexpress/web/reports/pricing/-/tree/lmps-rt-five-min-final,2026-09-25T20:08:21Z,
isone:.Z.WCMASS,lmp_rtm_15m_mean,2026-09-24T00:15:00Z,34.4433,USD/MWh,PT15M,"US-CT,US-MA,US-ME,US-NH,US-RI,US-VT",isone_rtm,.Z.WCMASS,isone:rt_lmp_5min,https://www.iso-ne.com/isoexpress/web/reports/pricing/-/tree/lmps-rt-five-min-final,2026-09-25T20:08:21Z,
isone:.Z.WCMASS,lmp_rtm_15m_mean,2026-09-24T00:30:00Z,32.04,USD/MWh,PT15M,"US-CT,US-MA,US-ME,US-NH,US-RI,US-VT",isone_rtm,.Z.WCMASS,isone:rt_lmp_5min,https://www.iso-ne.com/isoexpress/web/reports/pricing/-/tree/lmps-rt-five-min-final,2026-09-25T20:08:21Z,
isone:.Z.WCMASS,lmp_rtm_15m_mean,2026-09-24T00:45:00Z,29.67,USD/MWh,PT15M,"US-CT,US-MA,US-ME,US-NH,US-RI,US-VT",isone_rtm,.Z.WCMASS,isone:rt_lmp_5min,https://www.iso-ne.com/isoexpress/web/reports/pricing/-/tree/lmps-rt-five-min-final,2026-09-25T20:08:21Z,
isone:.Z.WCMASS,lmp_rtm_15m_mean,2026-09-24T01:00:00Z,43.6467,USD/MWh,PT15M,"US-CT,US-MA,US-ME,US-NH,US-RI,US-VT",isone_rtm,.Z.WCMASS,isone:rt_lmp_5min,https://www.iso-ne.com/isoexpress/web/reports/pricing/-/tree/lmps-rt-five-min-final,2026-09-25T20:08:21Z,
isone:.Z.WCMASS,lmp_rtm_15m_mean,2026-09-24T01:15:00Z,32.23,USD/MWh,PT15M,"US-CT,US-MA,US-ME,US-NH,US-RI,US-VT",isone_rtm,.Z.WCMASS,isone:rt_lmp_5min,https://www.iso-ne.com/isoexpress/web/reports/pricing/-/tree/lmps-rt-five-min-final,2026-09-25T20:08:21Z,
isone:.Z.WCMASS,lmp_rtm_15m_mean,2026-09-24T01:30:00Z,31.37,USD/MWh,PT15M,"US-CT,US-MA,US-ME,US-NH,US-RI,US-VT",isone_rtm,.Z.WCMASS,isone:rt_lmp_5min,https://www.iso-ne.com/isoexpress/web/reports/pricing/-/tree/lmps-rt-five-min-final,2026-09-25T20:08:21Z,
isone:.Z.WCMASS,lmp_rtm_15m_mean,2026-09-24T01:45:00Z,29.7,USD/MWh,PT15M,"US-CT,US-MA,US-ME,US-NH,US-RI,US-VT",isone_rtm,.Z.WCMASS,isone:rt_lmp_5min,https://www.iso-ne.com/isoexpress/web/reports/pricing/-/tree/lmps-rt-five-min-final,2026-09-25T20:08:21Z,
isone:.Z.WCMASS,lmp_rtm_15m_mean,2026-09-24T02:00:00Z,52.6833,USD/MWh,PT15M,"US-CT,US-MA,US-ME,US-NH,US-RI,US-VT",isone_rtm,.Z.WCMASS,isone:rt_lmp_5min,https://www.iso-ne.com/isoexpress/web/reports/pricing/-/tree/lmps-rt-five-min-final,2026-09-25T20:08:21Z,
isone:.Z.WCMASS,lmp_rtm_15m_mean,2026-09-24T02:15:00Z,38.5767,USD/MWh,PT15M,"US-CT,US-MA,US-ME,US-NH,US-RI,US-VT",isone_rtm,.Z.WCMASS,isone:rt_lmp_5min,https://www.iso-ne.com/isoexpress/web/reports/pricing/-/tree/lmps-rt-five-min-final,2026-09-25T20:08:21Z,
isone:.Z.WCMASS,lmp_rtm_15m_mean,2026-09-24T02:30:00Z,30.7567,USD/MWh,PT15M,"US-CT,US-MA,US-ME,US-NH,US-RI,US-VT",isone_rtm,.Z.WCMASS,isone:rt_lmp_5min,https://www.iso-ne.com/isoexpress/web/reports/pricing/-/tree/lmps-rt-five-min-final,2026-09-25T20:08:21Z,
isone:.Z.WCMASS,lmp_rtm_15m_mean,2026-09-24T02:45:00Z,29.38,USD/MWh,PT15M,"US-CT,US-MA,US-ME,US-NH,US-RI,US-VT",isone_rtm,.Z.WCMASS,isone:rt_lmp_5min,https://www.iso-ne.com/isoexpress/web/reports/pricing/-/tree/lmps-rt-five-min-final,2026-09-25T20:08:21Z,
isone:.Z.WCMASS,lmp_rtm_15m_mean,2026-09-24T03:00:00Z,30.2233,USD/MWh,PT15M,"US-CT,US-MA,US-ME,US-NH,US-RI,US-VT",isone_rtm,.Z.WCMASS,isone:rt_lmp_5min,https://www.iso-ne.com/isoexpress/web/reports/pricing/-/tree/lmps-rt-five-min-final,2026-09-25T20:08:21Z,
isone:.Z.WCMASS,lmp_rtm_15m_mean,2026-09-24T03:15:00Z,30.4733,USD/MWh,PT15M,"US-CT,US-MA,US-ME,US-NH,US-RI,US-VT",isone_rtm,.Z.WCMASS,isone:rt_lmp_5min,https://www.iso-ne.com/isoexpress/web/reports/pricing/-/tree/lmps-rt-five-min-final,2026-09-25T20:08:21Z,
isone:.Z.WCMASS,lmp_rtm_15m_mean,2026-09-24T03:30:00Z,27.5433,USD/MWh,PT15M,"US-CT,US-MA,US-ME,US-NH,US-RI,US-VT",isone_rtm,.Z.WCMASS,isone:rt_lmp_5min,https://www.iso-ne.com/isoexpress/web/reports/pricing/-/tree/lmps-rt-five-min-final,2026-09-25T20:08:21Z,
isone:.Z.WCMASS,lmp_rtm_15m_mean,2026-09-24T03:45:00Z,25.4567,USD/MWh,PT15M,"US-CT,US-MA,US-ME,US-NH,US-RI,US-VT",isone_rtm,.Z.WCMASS,isone:rt_lmp_5min,https://www.iso-ne.com/isoexpress/web/reports/pricing/-/tree/lmps-rt-five-min-final,2026-09-25T20:08:21Z,
isone:.Z.WCMASS,lmp_rtm_15m_mean,2026-09-24T04:00:00Z,26.9,USD/MWh,PT15M,"US-CT,US-MA,US-ME,US-NH,US-RI,US-VT",isone_rtm,.Z.WCMASS,isone:rt_lmp_5min,https://www.iso-ne.com/isoexpress/web/reports/pricing/-/tree/lmps-rt-five-min-final,2026-09-25T20:08:36Z,
isone:.Z.WCMASS,lmp_rtm_15m_mean,2026-09-24T04:15:00Z,27.2967,USD/MWh,PT15M,"US-CT,US-MA,US-ME,US-NH,US-RI,US-VT",isone_rtm,.Z.WCMASS,isone:rt_lmp_5min,https://www.iso-ne.com/isoexpress/web/reports/pricing/-/tree/lmps-rt-five-min-final,2026-09-25T20:08:36Z,
isone:.Z.WCMASS,lmp_rtm_15m_mean,2026-09-24T04:30:00Z,26.3233,USD/MWh,PT15M,"US-CT,US-MA,US-ME,US-NH,US-RI,US-VT",isone_rtm,.Z.WCMASS,isone:rt_lmp_5min,https://www.iso-ne.com/isoexpress/web/reports/pricing/-/tree/lmps-rt-five-min-final,2026-09-25T20:08:36Z,
isone:.Z.WCMASS,lmp_rtm_15m_mean,2026-09-24T04:45:00Z,25.4667,USD/MWh,PT15M,"US-CT,US-MA,US-ME,US-NH,US-RI,US-VT",isone_rtm,.Z.WCMASS,isone:rt_lmp_5min,https://www.iso-ne.com/isoexpress/web/reports/pricing/-/tree/lmps-rt-five-min-final,2026-09-25T20:08:36Z,
isone:.Z.WCMASS,lmp_rtm_15m_mean,2026-09-24T05:00:00Z,25.9267,USD/MWh,PT15M,"US-CT,US-MA,US-ME,US-NH,US-RI,US-VT",isone_rtm,.Z.WCMASS,isone:rt_lmp_5min,https://www.iso-ne.com/isoexpress/web/reports/pricing/-/tree/lmps-rt-five-min-final,2026-09-25T20:08:36Z,
isone:.Z.WCMASS,lmp_rtm_15m_mean,2026-09-24T05:15:00Z,27.0,USD/MWh,PT15M,"US-CT,US-MA,US-ME,US-NH,US-RI,US-VT",isone_rtm,.Z.WCMASS,isone:rt_lmp_5min,https://www.iso-ne.com/isoexpress/web/reports/pricing/-/tree/lmps-rt-five-min-final,2026-09-25T20:08:36Z,
isone:.Z.WCMASS,lmp_rtm_15m_mean,2026-09-24T05:30:00Z,25.53,USD/MWh,PT15M,"US-CT,US-MA,US-ME,US-NH,US-RI,US-VT",isone_rtm,.Z.WCMASS,isone:rt_lmp_5min,https://www.iso-ne.com/isoexpress/web/reports/pricing/-/tree/lmps-rt-five-min-final,2026-09-25T20:08:36Z,
isone:.Z.WCMASS,lmp_rtm_15m_mean,2026-09-24T05:45:00Z,25.38,USD/MWh,PT15M,"US-CT,US-MA,US-ME,US-NH,US-RI,US-VT",isone_rtm,.Z.WCMASS,isone:rt_lmp_5min,https://www.iso-ne.com/isoexpress/web/reports/pricing/-/tree/lmps-rt-five-min-final,2026-09-25T20:08:36Z,
isone:.Z.WCMASS,lmp_rtm_15m_mean,2026-09-24T06:00:00Z,25.1333,USD/MWh,PT15M,"US-CT,US-MA,US-ME,US-NH,US-RI,US-VT",isone_rtm,.Z.WCMASS,isone:rt_lmp_5min,https://www.iso-ne.com/isoexpress/web/reports/pricing/-/tree/lmps-rt-five-min-final,2026-09-25T20:08:36Z,
isone:.Z.WCMASS,lmp_rtm_15m_mean,2026-09-24T06:15:00Z,24.8067,USD/MWh,PT15M,"US-CT,US-MA,US-ME,US-NH,US-RI,US-VT",isone_rtm,.Z.WCMASS,isone:rt_lmp_5min,https://www.iso-ne.com/isoexpress/web/reports/pricing/-/tree/lmps-rt-five-min-final,2026-09-25T20:08:36Z,
isone:.Z.WCMASS,lmp_rtm_15m_mean,2026-09-24T06:30:00Z,25.0467,USD/MWh,PT15M,"US-CT,US-MA,US-ME,US-NH,US-RI,US-VT",isone_rtm,.Z.WCMASS,isone:rt_lmp_5min,https://www.iso-ne.com/isoexpress/web/reports/pricing/-/tree/lmps-rt-five-min-final,2026-09-25T20:08:36Z,
isone:.Z.WCMASS,lmp_rtm_15m_mean,2026-09-24T06:45:00Z,24.8233,USD/MWh,PT15M,"US-CT,US-MA,US-ME,US-NH,US-RI,US-VT",isone_rtm,.Z.WCMASS,isone:rt_lmp_5min,https://www.iso-ne.com/isoexpress/web/reports/pricing/-/tree/lmps-rt-five-min-final,2026-09-25T20:08:36Z,
isone:.Z.WCMASS,lmp_rtm_15m_mean,2026-09-24T07:00:00Z,24.74,USD/MWh,PT15M,"US-CT,US-MA,US-ME,US-NH,US-RI,US-VT",isone_rtm,.Z.WCMASS,isone:rt_lmp_5min,https://www.iso-ne.com/isoexpress/web/reports/pricing/-/tree/lmps-rt-five-min-final,2026-09-25T20:08:36Z,
isone:.Z.WCMASS,lmp_rtm_15m_mean,2026-09-24T07:15:00Z,25.11,USD/MWh,PT15M,"US-CT,US-MA,US-ME,US-NH,US-RI,US-VT",isone_rtm,.Z.WCMASS,isone:rt_lmp_5min,https://www.iso-ne.com/isoexpress/web/reports/pricing/-/tree/lmps-rt-five-min-final,2026-09-25T20:08:36Z,
isone:.Z.WCMASS,lmp_rtm_15m_mean,2026-09-24T07:30:00Z,25.2533,USD/MWh,PT15M,"US-CT,US-MA,US-ME,US-NH,US-RI,US-VT",isone_rtm,.Z.WCMASS,isone:rt_lmp_5min,https://www.iso-ne.com/isoexpress/web/reports/pricing/-/tree/lmps-rt-five-min-final,2026-09-25T20:08:36Z,
isone:.Z.WCMASS,lmp_rtm_15m_mean,2026-09-24T07:45:00Z,25.2333,USD/MWh,PT15M,"US-CT,US-MA,US-ME,US-NH,US-RI,US-VT",isone_rtm,.Z.WCMASS,isone:rt_lmp_5min,https://www.iso-ne.com/isoexpress/web/reports/pricing/-/tree/lmps-rt-five-min-final,2026-09-25T20:08:36Z,
isone:.Z.WCMASS,lmp_rtm_15m_mean,2026-09-24T08:00:00Z,24.2667,USD/MWh,PT15M,"US-CT,US-MA,US-ME,US-NH,US-RI,US-VT",isone_rtm,.Z.WCMASS,isone:rt_lmp_5min,https://www.iso-ne.com/isoexpress/web/reports/pricing/-/tree/lmps-rt-five-min-final,2026-09-25T20:08:36Z,
isone:.Z.WCMASS,lmp_rtm_15m_mean,2026-09-24T08:15:00Z,24.1767,USD/MWh,PT15M,"US-CT,US-MA,US-ME,US-NH,US-RI,US-VT",isone_rtm,.Z.WCMASS,isone:rt_lmp_5min,https://www.iso-ne.com/isoexpress/web/reports/pricing/-/tree/lmps-rt-five-min-final,2026-09-25T20:08:36Z,
isone:.Z.WCMASS,lmp_rtm_15m_mean,2026-09-24T08:30:00Z,24.34,USD/MWh,PT15M,"US-CT,US-MA,US-ME,US-NH,US-RI,US-VT",isone_rtm,.Z.WCMASS,isone:rt_lmp_5min,https://www.iso-ne.com/isoexpress/web/reports/pricing/-/tree/lmps-rt-five-min-final,2026-09-25T20:08:36Z,
isone:.Z.WCMASS,lmp_rtm_15m_mean,2026-09-24T08:45:00Z,24.95,USD/MWh,PT15M,"US-CT,US-MA,US-ME,US-NH,US-RI,US-VT",isone_rtm,.Z.WCMASS,isone:rt_lmp_5min,https://www.iso-ne.com/isoexpress/web/reports/pricing/-/tree/lmps-rt-five-min-final,2026-09-25T20:08:36Z,
isone:.Z.WCMASS,lmp_rtm_15m_mean,2026-09-24T09:00:00Z,27.0967,USD/MWh,PT15M,"US-CT,US-MA,US-ME,US-NH,US-RI,US-VT",isone_rtm,.Z.WCMASS,isone:rt_lmp_5min,https://www.iso-ne.com/isoexpress/web/reports/pricing/-/tree/lmps-rt-five-min-final,2026-09-25T20:08:36Z,
isone:.Z.WCMASS,lmp_rtm_15m_mean,2026-09-24T09:15:00Z,33.1433,USD/MWh,PT15M,"US-CT,US-MA,US-ME,US-NH,US-RI,US-VT",isone_rtm,.Z.WCMASS,isone:rt_lmp_5min,https://www.iso-ne.com/isoexpress/web/reports/pricing/-/tree/lmps-rt-five-min-final,2026-09-25T20:08:36Z,
isone:.Z.WCMASS,lmp_rtm_15m_mean,2026-09-24T09:30:00Z,33.1967,USD/MWh,PT15M,"US-CT,US-MA,US-ME,US-NH,US-RI,US-VT",isone_rtm,.Z.WCMASS,isone:rt_lmp_5min,https://www.iso-ne.com/isoexpress/web/reports/pricing/-/tree/lmps-rt-five-min-final,2026-09-25T20:08:36Z,
isone:.Z.WCMASS,lmp_rtm_15m_mean,2026-09-24T09:45:00Z,35.7333,USD/MWh,PT15M,"US-CT,US-MA,US-ME,US-NH,US-RI,US-VT",isone_rtm,.Z.WCMASS,isone:rt_lmp_5min,https://www.iso-ne.com/isoexpress/web/reports/pricing/-/tree/lmps-rt-five-min-final,2026-09-25T20:08:36Z,
isone:.Z.WCMASS,lmp_rtm_15m_mean,2026-09-24T10:00:00Z,26.61,USD/MWh,PT15M,"US-CT,US-MA,US-ME,US-NH,US-RI,US-VT",isone_rtm,.Z.WCMASS,isone:rt_lmp_5min,https://www.iso-ne.com/isoexpress/web/reports/pricing/-/tree/lmps-rt-five-min-final,2026-09-25T20:08:36Z,
isone:.Z.WCMASS,lmp_rtm_15m_mean,2026-09-24T10:15:00Z,25.92,USD/MWh,PT15M,"US-CT,US-MA,US-ME,US-NH,US-RI,US-VT",isone_rtm,.Z.WCMASS,isone:rt_lmp_5min,https://www.iso-ne.com/isoexpress/web/reports/pricing/-/tree/lmps-rt-five-min-final,2026-09-25T20:08:36Z,
isone:.Z.WCMASS,lmp_rtm_15m_mean,2026-09-24T10:30:00Z,30.5533,USD/MWh,PT15M,"US-CT,US-MA,US-ME,US-NH,US-RI,US-VT",isone_rtm,.Z.WCMASS,isone:rt_lmp_5min,https://www.iso-ne.com/isoexpress/web/reports/pricing/-/tree/lmps-rt-five-min-final,2026-09-25T20:08:36Z,
isone:.Z.WCMASS,lmp_rtm_15m_mean,2026-09-24T10:45:00Z,33.8467,USD/MWh,PT15M,"US-CT,US-MA,US-ME,US-NH,US-RI,US-VT",isone_rtm,.Z.WCMASS,isone:rt_lmp_5min,https://www.iso-ne.com/isoexpress/web/reports/pricing/-/tree/lmps-rt-five-min-final,2026-09-25T20:08:36Z,
isone:.Z.WCMASS,lmp_rtm_15m_mean,2026-09-24T11:00:00Z,31.2167,USD/MWh,PT15M,"US-CT,US-MA,US-ME,US-NH,US-RI,US-VT",isone_rtm,.Z.WCMASS,isone:rt_lmp_5min,https://www.iso-ne.com/isoexpress/web/reports/pricing/-/tree/lmps-rt-five-min-final,2026-09-25T20:08:36Z,
isone:.Z.WCMASS,lmp_rtm_15m_mean,2026-09-24T11:15:00Z,25.2667,USD/MWh,PT15M,"US-CT,US-MA,US-ME,US-NH,US-RI,US-VT",isone_rtm,.Z.WCMASS,isone:rt_lmp_5min,https://www.iso-ne.com/isoexpress/web/reports/pricing/-/tree/lmps-rt-five-min-final,2026-09-25T20:08:36Z,
isone:.Z.WCMASS,lmp_rtm_15m_mean,2026-09-24T11:30:00Z,25.2,USD/MWh,PT15M,"US-CT,US-MA,US-ME,US-NH,US-RI,US-VT",isone_rtm,.Z.WCMASS,isone:rt_lmp_5min,https://www.iso-ne.com/isoexpress/web/reports/pricing/-/tree/lmps-rt-five-min-final,2026-09-25T20:08:36Z,
isone:.Z.WCMASS,lmp_rtm_15m_mean,2026-09-24T11:45:00Z,24.7067,USD/MWh,PT15M,"US-CT,US-MA,US-ME,US-NH,US-RI,US-VT",isone_rtm,.Z.WCMASS,isone:rt_lmp_5min,https://www.iso-ne.com/isoexpress/web/reports/pricing/-/tree/lmps-rt-five-min-final,2026-09-25T20:08:36Z,
isone:.Z.WCMASS,lmp_rtm_15m_mean,2026-09-24T12:00:00Z,27.2167,USD/MWh,PT15M,"US-CT,US-MA,US-ME,US-NH,US-RI,US-VT",isone_rtm,.Z.WCMASS,isone:rt_lmp_5min,https://www.iso-ne.com/isoexpress/web/reports/pricing/-/tree/lmps-rt-five-min-final,2026-09-25T20:08:36Z,
isone:.Z.WCMASS,lmp_rtm_15m_mean,2026-09-24T12:15:00Z,32.75,USD/MWh,PT15M,"US-CT,US-MA,US-ME,US-NH,US-RI,US-VT",isone_rtm,.Z.WCMASS,isone:rt_lmp_5min,https://www.iso-ne.com/isoexpress/web/reports/pricing/-/tree/lmps-rt-five-min-final,2026-09-25T20:08:36Z,
isone:.Z.WCMASS,lmp_rtm_15m_mean,2026-09-24T12:30:00Z,26.4267,USD/MWh,PT15M,"US-CT,US-MA,US-ME,US-NH,US-RI,US-VT",isone_rtm,.Z.WCMASS,isone:rt_lmp_5min,https://www.iso-ne.com/isoexpress/web/reports/pricing/-/tree/lmps-rt-five-min-final,2026-09-25T20:08:36Z,
isone:.Z.WCMASS,lmp_rtm_15m_mean,2026-09-24T12:45:00Z,23.81,USD/MWh,PT15M,"US-CT,US-MA,US-ME,US-NH,US-RI,US-VT",isone_rtm,.Z.WCMASS,isone:rt_lmp_5min,https://www.iso-ne.com/isoexpress/web/reports/pricing/-/tree/lmps-rt-five-min-final,2026-09-25T20:08:36Z,
isone:.Z.WCMASS,lmp_rtm_15m_mean,2026-09-24T13:00:00Z,21.7833,USD/MWh,PT15M,"US-CT,US-MA,US-ME,US-NH,US-RI,US-VT",isone_rtm,.Z.WCMASS,isone:rt_lmp_5min,https://www.iso-ne.com/isoexpress/web/reports/pricing/-/tree/lmps-rt-five-min-final,2026-09-25T20:08:36Z,
isone:.Z.WCMASS,lmp_rtm_15m_mean,2026-09-24T13:15:00Z,22.1667,USD/MWh,PT15M,"US-CT,US-MA,US-ME,US-NH,US-RI,US-VT",isone_rtm,.Z.WCMASS,isone:rt_lmp_5min,https://www.iso-ne.com/isoexpress/web/reports/pricing/-/tree/lmps-rt-five-min-final,2026-09-25T20:08:36Z,
isone:.Z.WCMASS,lmp_rtm_15m_mean,2026-09-24T13:30:00Z,22.1,USD/MWh,PT15M,"US-CT,US-MA,US-ME,US-NH,US-RI,US-VT",isone_rtm,.Z.WCMASS,isone:rt_lmp_5min,https://www.iso-ne.com/isoexpress/web/reports/pricing/-/tree/lmps-rt-five-min-final,2026-09-25T20:08:36Z,
isone:.Z.WCMASS,lmp_rtm_15m_mean,2026-09-24T13:45:00Z,22.3733,USD/MWh,PT15M,"US-CT,US-MA,US-ME,US-NH,US-RI,US-VT",isone_rtm,.Z.WCMASS,isone:rt_lmp_5min,https://www.iso-ne.com/isoexpress/web/reports/pricing/-/tree/lmps-rt-five-min-final,2026-09-25T20:08:36Z,
isone:.Z.WCMASS,lmp_rtm_15m_mean,2026-09-24T14:00:00Z,25.1233,USD/MWh,PT15M,"US-CT,US-MA,US-ME,US-NH,US-RI,US-VT",isone_rtm,.Z.WCMASS,isone:rt_lmp_5min,https://www.iso-ne.com/isoexpress/web/reports/pricing/-/tree/lmps-rt-five-min-final,2026-09-25T20:08:36Z,
isone:.Z.WCMASS,lmp_rtm_15m_mean,2026-09-24T14:15:00Z,25.1033,USD/MWh,PT15M,"US-CT,US-MA,US-ME,US-NH,US-RI,US-VT",isone_rtm,.Z.WCMASS,isone:rt_lmp_5min,https://www.iso-ne.com/isoexpress/web/reports/pricing/-/tree/lmps-rt-five-min-final,2026-09-25T20:08:36Z,
isone:.Z.WCMASS,lmp_rtm_15m_mean,2026-09-24T14:30:00Z,24.99,USD/MWh,PT15M,"US-CT,US-MA,US-ME,US-NH,US-RI,US-VT",isone_rtm,.Z.WCMASS,isone:rt_lmp_5min,https://www.iso-ne.com/isoexpress/web/reports/pricing/-/tree/lmps-rt-five-min-final,2026-09-25T20:08:36Z,
isone:.Z.WCMASS,lmp_rtm_15m_mean,2026-09-24T14:45:00Z,24.6867,USD/MWh,PT15M,"US-CT,US-MA,US-ME,US-NH,US-RI,US-VT",isone_rtm,.Z.WCMASS,isone:rt_lmp_5min,https://www.iso-ne.com/isoexpress/web/reports/pricing/-/tree/lmps-rt-five-min-final,2026-09-25T20:08:36Z,
isone:.Z.WCMASS,lmp_rtm_15m_mean,2026-09-24T15:00:00Z,23.02,USD/MWh,PT15M,"US-CT,US-MA,US-ME,US-NH,US-RI,US-VT",isone_rtm,.Z.WCMASS,isone:rt_lmp_5min,https://www.iso-ne.com/isoexpress/web/reports/pricing/-/tree/lmps-rt-five-min-final,2026-09-25T20:08:36Z,
isone:.Z.WCMASS,lmp_rtm_15m_mean,2026-09-24T15:15:00Z,6.87,USD/MWh,PT15M,"US-CT,US-MA,US-ME,US-NH,US-RI,US-VT",isone_rtm,.Z.WCMASS,isone:rt_lmp_5min,https://www.iso-ne.com/isoexpress/web/reports/pricing/-/tree/lmps-rt-five-min-final,2026-09-25T20:08:36Z,
isone:.Z.WCMASS,lmp_rtm_15m_mean,2026-09-24T15:30:00Z,-4.5567,USD/MWh,PT15M,"US-CT,US-MA,US-ME,US-NH,US-RI,US-VT",isone_rtm,.Z.WCMASS,isone:rt_lmp_5min,https://www.iso-ne.com/isoexpress/web/reports/pricing/-/tree/lmps-rt-five-min-final,2026-09-25T20:08:36Z,
isone:.Z.WCMASS,lmp_rtm_15m_mean,2026-09-24T15:45:00Z,-4.5367,USD/MWh,PT15M,"US-CT,US-MA,US-ME,US-NH,US-RI,US-VT",isone_rtm,.Z.WCMASS,isone:rt_lmp_5min,https://www.iso-ne.com/isoexpress/web/reports/pricing/-/tree/lmps-rt-five-min-final,2026-09-25T20:08:36Z,
isone:.Z.WCMASS,lmp_rtm_15m_mean,2026-09-24T16:00:00Z,-5.89,USD/MWh,PT15M,"US-CT,US-MA,US-ME,US-NH,US-RI,US-VT",isone_rtm,.Z.WCMASS,isone:rt_lmp_5min,https://www.iso-ne.com/isoexpress/web/reports/pricing/-/tree/lmps-rt-five-min-final,2026-09-25T20:08:36Z,
isone:.Z.WCMASS,lmp_rtm_15m_mean,2026-09-24T16:15:00Z,-12.6767,USD/MWh,PT15M,"US-CT,US-MA,US-ME,US-NH,US-RI,US-VT",isone_rtm,.Z.WCMASS,isone:rt_lmp_5min,https://www.iso-ne.com/isoexpress/web/reports/pricing/-/tree/lmps-rt-five-min-final,2026-09-25T20:08:36Z,
isone:.Z.WCMASS,lmp_rtm_15m_mean,2026-09-24T16:30:00Z,-0.7567,USD/MWh,PT15M,"US-CT,US-MA,US-ME,US-NH,US-RI,US-VT",isone_rtm,.Z.WCMASS,isone:rt_lmp_5min,https://www.iso-ne.com/isoexpress/web/reports/pricing/-/tree/lmps-rt-five-min-final,2026-09-25T20:08:36Z,
isone:.Z.WCMASS,lmp_rtm_15m_mean,2026-09-24T16:45:00Z,20.6333,USD/MWh,PT15M,"US-CT,US-MA,US-ME,US-NH,US-RI,US-VT",isone_rtm,.Z.WCMASS,isone:rt_lmp_5min,https://www.iso-ne.com/isoexpress/web/reports/pricing/-/tree/lmps-rt-five-min-final,2026-09-25T20:08:36Z,
isone:.Z.WCMASS,lmp_rtm_15m_mean,2026-09-24T17:00:00Z,21.8267,USD/MWh,PT15M,"US-CT,US-MA,US-ME,US-NH,US-RI,US-VT",isone_rtm,.Z.WCMASS,isone:rt_lmp_5min,https://www.iso-ne.com/isoexpress/web/reports/pricing/-/tree/lmps-rt-five-min-final,2026-09-25T20:08:36Z,
isone:.Z.WCMASS,lmp_rtm_15m_mean,2026-09-24T17:15:00Z,19.2233,USD/MWh,PT15M,"US-CT,US-MA,US-ME,US-NH,US-RI,US-VT",isone_rtm,.Z.WCMASS,isone:rt_lmp_5min,https://www.iso-ne.com/isoexpress/web/reports/pricing/-/tree/lmps-rt-five-min-final,2026-09-25T20:08:36Z,
isone:.Z.WCMASS,lmp_rtm_15m_mean,2026-09-24T17:30:00Z,19.0367,USD/MWh,PT15M,"US-CT,US-MA,US-ME,US-NH,US-RI,US-VT",isone_rtm,.Z.WCMASS,isone:rt_lmp_5min,https://www.iso-ne.com/isoexpress/web/reports/pricing/-/tree/lmps-rt-five-min-final,2026-09-25T20:08:36Z,
isone:.Z.WCMASS,lmp_rtm_15m_mean,2026-09-24T17:45:00Z,13.1533,USD/MWh,PT15M,"US-CT,US-MA,US-ME,US-NH,US-RI,US-VT",isone_rtm,.Z.WCMASS,isone:rt_lmp_5min,https://www.iso-ne.com/isoexpress/web/reports/pricing/-/tree/lmps-rt-five-min-final,2026-09-25T20:08:36Z,
isone:.Z.WCMASS,lmp_rtm_15m_mean,2026-09-24T18:00:00Z,13.15,USD/MWh,PT15M,"US-CT,US-MA,US-ME,US-NH,US-RI,US-VT",isone_rtm,.Z.WCMASS,isone:rt_lmp_5min,https://www.iso-ne.com/isoexpress/web/reports/pricing/-/tree/lmps-rt-five-min-final,2026-09-25T20:08:36Z,
isone:.Z.WCMASS,lmp_rtm_15m_mean,2026-09-24T18:15:00Z,21.1533,USD/MWh,PT15M,"US-CT,US-MA,US-ME,US-NH,US-RI,US-VT",isone_rtm,.Z.WCMASS,isone:rt_lmp_5min,https://www.iso-ne.com/isoexpress/web/reports/pricing/-/tree/lmps-rt-five-min-final,2026-09-25T20:08:36Z,
isone:.Z.WCMASS,lmp_rtm_15m_mean,2026-09-24T18:30:00Z,21.9233,USD/MWh,PT15M,"US-CT,US-MA,US-ME,US-NH,US-RI,US-VT",isone_rtm,.Z.WCMASS,isone:rt_lmp_5min,https://www.iso-ne.com/isoexpress/web/reports/pricing/-/tree/lmps-rt-five-min-final,2026-09-25T20:08:36Z,
isone:.Z.WCMASS,lmp_rtm_15m_mean,2026-09-24T18:45:00Z,22.55,USD/MWh,PT15M,"US-CT,US-MA,US-ME,US-NH,US-RI,US-VT",isone_rtm,.Z.WCMASS,isone:rt_lmp_5min,https://www.iso-ne.com/isoexpress/web/reports/pricing/-/tree/lmps-rt-five-min-final,2026-09-25T20:08:36Z,
isone:.Z.WCMASS,lmp_rtm_15m_mean,2026-09-24T19:00:00Z,21.5667,USD/MWh,PT15M,"US-CT,US-MA,US-ME,US-NH,US-RI,US-VT",isone_rtm,.Z.WCMASS,isone:rt_lmp_5min,https://www.iso-ne.com/isoexpress/web/reports/pricing/-/tree/lmps-rt-five-min-final,2026-09-25T20:08:36Z,
isone:.Z.WCMASS,lmp_rtm_15m_mean,2026-09-24T19:15:00Z,21.1167,USD/MWh,PT15M,"US-CT,US-MA,US-ME,US-NH,US-RI,US-VT",isone_rtm,.Z.WCMASS,isone:rt_lmp_5min,https://www.iso-ne.com/isoexpress/web/reports/pricing/-/tree/lmps-rt-five-min-final,2026-09-25T20:08:36Z,
isone:.Z.WCMASS,lmp_rtm_15m_mean,2026-09-24T19:30:00Z,21.77,USD/MWh,PT15M,"US-CT,US-MA,US-ME,US-NH,US-RI,US-VT",isone_rtm,.Z.WCMASS,isone:rt_lmp_5min,https://www.iso-ne.com/isoexpress/web/reports/pricing/-/tree/lmps-rt-five-min-final,2026-09-25T20:08:36Z,
isone:.Z.WCMASS,lmp_rtm_15m_mean,2026-09-24T19:45:00Z,22.4767,USD/MWh,PT15M,"US-CT,US-MA,US-ME,US-NH,US-RI,US-VT",isone_rtm,.Z.WCMASS,isone:rt_lmp_5min,https://www.iso-ne.com/isoexpress/web/reports/pricing/-/tree/lmps-rt-five-min-final,2026-09-25T20:08:36Z,
isone:.Z.WCMASS,lmp_rtm_15m_mean,2026-09-24T20:00:00Z,21.9433,USD/MWh,PT15M,"US-CT,US-MA,US-ME,US-NH,US-RI,US-VT",isone_rtm,.Z.WCMASS,isone:rt_lmp_5min,https://www.iso-ne.com/isoexpress/web/reports/pricing/-/tree/lmps-rt-five-min-final,2026-09-25T20:08:36Z,
isone:.Z.WCMASS,lmp_rtm_15m_mean,2026-09-24T20:15:00Z,21.11,USD/MWh,PT15M,"US-CT,US-MA,US-ME,US-NH,US-RI,US-VT",isone_rtm,.Z.WCMASS,isone:rt_lmp_5min,https://www.iso-ne.com/isoexpress/web/reports/pricing/-/tree/lmps-rt-five-min-final,2026-09-25T20:08:36Z,
isone:.Z.WCMASS,lmp_rtm_15m_mean,2026-09-24T20:30:00Z,21.93,USD/MWh,PT15M,"US-CT,US-MA,US-ME,US-NH,US-RI,US-VT",isone_rtm,.Z.WCMASS,isone:rt_lmp_5min,https://www.iso-ne.com/isoexpress/web/reports/pricing/-/tree/lmps-rt-five-min-final,2026-09-25T20:08:36Z,
isone:.Z.WCMASS,lmp_rtm_15m_mean,2026-09-24T20:45:00Z,24.2167,USD/MWh,PT15M,"US-CT,US-MA,US-ME,US-NH,US-RI,US-VT",isone_rtm,.Z.WCMASS,isone:rt_lmp_5min,https://www.iso-ne.com/isoexpress/web/reports/pricing/-/tree/lmps-rt-five-min-final,2026-09-25T20:08:36Z,
isone:.Z.WCMASS,lmp_rtm_15m_mean,2026-09-24T21:00:00Z,22.7267,USD/MWh,PT15M,"US-CT,US-MA,US-ME,US-NH,US-RI,US-VT",isone_rtm,.Z.WCMASS,isone:rt_lmp_5min,https://www.iso-ne.com/isoexpress/web/reports/pricing/-/tree/lmps-rt-five-min-final,2026-09-25T20:08:36Z,
isone:.Z.WCMASS,lmp_rtm_15m_mean,2026-09-24T21:15:00Z,22.3867,USD/MWh,PT15M,"US-CT,US-MA,US-ME,US-NH,US-RI,US-VT",isone_rtm,.Z.WCMASS,isone:rt_lmp_5min,https://www.iso-ne.com/isoexpress/web/reports/pricing/-/tree/lmps-rt-five-min-final,2026-09-25T20:08:36Z,
isone:.Z.WCMASS,lmp_rtm_15m_mean,2026-09-24T21:30:00Z,29.36,USD/MWh,PT15M,"US-CT,US-MA,US-ME,US-NH,US-RI,US-VT",isone_rtm,.Z.WCMASS,isone:rt_lmp_5min,https://www.iso-ne.com/isoexpress/web/reports/pricing/-/tree/lmps-rt-five-min-final,2026-09-25T20:08:36Z,
isone:.Z.WCMASS,lmp_rtm_15m_mean,2026-09-24T21:45:00Z,38.0867,USD/MWh,PT15M,"US-CT,US-MA,US-ME,US-NH,US-RI,US-VT",isone_rtm,.Z.WCMASS,isone:rt_lmp_5min,https://www.iso-ne.com/isoexpress/web/reports/pricing/-/tree/lmps-rt-five-min-final,2026-09-25T20:08:36Z,
isone:.Z.WCMASS,lmp_rtm_15m_mean,2026-09-24T22:00:00Z,33.9433,USD/MWh,PT15M,"US-CT,US-MA,US-ME,US-NH,US-RI,US-VT",isone_rtm,.Z.WCMASS,isone:rt_lmp_5min,https://www.iso-ne.com/isoexpress/web/reports/pricing/-/tree/lmps-rt-five-min-final,2026-09-25T20:08:36Z,
isone:.Z.WCMASS,lmp_rtm_15m_mean,2026-09-24T22:15:00Z,33.88,USD/MWh,PT15M,"US-CT,US-MA,US-ME,US-NH,US-RI,US-VT",isone_rtm,.Z.WCMASS,isone:rt_lmp_5min,https://www.iso-ne.com/isoexpress/web/reports/pricing/-/tree/lmps-rt-five-min-final,2026-09-25T20:08:36Z,
isone:.Z.WCMASS,lmp_rtm_15m_mean,2026-09-24T22:30:00Z,46.4567,USD/MWh,PT15M,"US-CT,US-MA,US-ME,US-NH,US-RI,US-VT",isone_rtm,.Z.WCMASS,isone:rt_lmp_5min,https://www.iso-ne.com/isoexpress/web/reports/pricing/-/tree/lmps-rt-five-min-final,2026-09-25T20:08:36Z,
isone:.Z.WCMASS,lmp_rtm_15m_mean,2026-09-24T22:45:00Z,48.3,USD/MWh,PT15M,"US-CT,US-MA,US-ME,US-NH,US-RI,US-VT",isone_rtm,.Z.WCMASS,isone:rt_lmp_5min,https://www.iso-ne.com/isoexpress/web/reports/pricing/-/tree/lmps-rt-five-min-final,2026-09-25T20:08:36Z,
isone:.Z.WCMASS,lmp_rtm_15m_mean,2026-09-24T23:00:00Z,38.7867,USD/MWh,PT15M,"US-CT,US-MA,US-ME,US-NH,US-RI,US-VT",isone_rtm,.Z.WCMASS,isone:rt_lmp_5min,https://www.iso-ne.com/isoexpress/web/reports/pricing/-/tree/lmps-rt-five-min-final,2026-09-25T20:08:36Z,
isone:.Z.WCMASS,lmp_rtm_15m_mean,2026-09-24T23:15:00Z,37.83,USD/MWh,PT15M,"US-CT,US-MA,US-ME,US-NH,US-RI,US-VT",isone_rtm,.Z.WCMASS,isone:rt_lmp_5min,https://www.iso-ne.com/isoexpress/web/reports/pricing/-/tree/lmps-rt-five-min-final,2026-09-25T20:08:36Z,
isone:.Z.WCMASS,lmp_rtm_15m_mean,2026-09-24T23:30:00Z,37.4267,USD/MWh,PT15M,"US-CT,US-MA,US-ME,US-NH,US-RI,US-VT",isone_rtm,.Z.WCMASS,isone:rt_lmp_5min,https://www.iso-ne.com/isoexpress/web/reports/pricing/-/tree/lmps-rt-five-min-final,2026-09-25T20:08:36Z,
isone:.Z.WCMASS,lmp_rtm_15m_mean,2026-09-24T23:45:00Z,32.72,USD/MWh,PT15M,"US-CT,US-MA,US-ME,US-NH,US-RI,US-VT",isone_rtm,.Z.WCMASS,isone:rt_lmp_5min,https://www.iso-ne.com/isoexpress/web/reports/pricing/-/tree/lmps-rt-five-min-final,2026-09-25T20:08:36Z,
isone:.Z.WCMASS,lmp_rtm_15m_mean,2026-09-25T00:00:00Z,36.97,USD/MWh,PT15M,"US-CT,US-MA,US-ME,US-NH,US-RI,US-VT",isone_rtm,.Z.WCMASS,isone:rt_lmp_5min,https://www.iso-ne.com/isoexpress/web/reports/pricing/-/tree/lmps-rt-five-min-final,2026-09-25T20:08:36Z,
isone:.Z.WCMASS,lmp_rtm_15m_mean,2026-09-25T00:15:00Z,31.4867,USD/MWh,PT15M,"US-CT,US-MA,US-ME,US-NH,US-RI,US-VT",isone_rtm,.Z.WCMASS,isone:rt_lmp_5min,https://www.iso-ne.com/isoexpress/web/reports/pricing/-/tree/lmps-rt-five-min-final,2026-09-25T20:08:36Z,
isone:.Z.WCMASS,lmp_rtm_15m_mean,2026-09-25T00:30:00Z,30.3967,USD/MWh,PT15M,"US-CT,US-MA,US-ME,US-NH,US-RI,US-VT",isone_rtm,.Z.WCMASS,isone:rt_lmp_5min,https://www.iso-ne.com/isoexpress/web/reports/pricing/-/tree/lmps-rt-five-min-final,2026-09-25T20:08:36Z,
isone:.Z.WCMASS,lmp_rtm_15m_mean,2026-09-25T00:45:00Z,28.96,USD/MWh,PT15M,"US-CT,US-MA,US-ME,US-NH,US-RI,US-VT",isone_rtm,.Z.WCMASS,isone:rt_lmp_5min,https://www.iso-ne.com/isoexpress/web/reports/pricing/-/tree/lmps-rt-five-min-final,2026-09-25T20:08:36Z,
isone:.Z.WCMASS,lmp_rtm_15m_mean,2026-09-25T01:00:00Z,35.8567,USD/MWh,PT15M,"US-CT,US-MA,US-ME,US-NH,US-RI,US-VT",isone_rtm,.Z.WCMASS,isone:rt_lmp_5min,https://www.iso-ne.com/isoexpress/web/reports/pricing/-/tree/lmps-rt-five-min-final,2026-09-25T20:08:36Z,
isone:.Z.WCMASS,lmp_rtm_15m_mean,2026-09-25T01:15:00Z,29.58,USD/MWh,PT15M,"US-CT,US-MA,US-ME,US-NH,US-RI,US-VT",isone_rtm,.Z.WCMASS,isone:rt_lmp_5min,https://www.iso-ne.com/isoexpress/web/reports/pricing/-/tree/lmps-rt-five-min-final,2026-09-25T20:08:36Z,
isone:.Z.WCMASS,lmp_rtm_15m_mean,2026-09-25T01:30:00Z,28.43,USD/MWh,PT15M,"US-CT,US-MA,US-ME,US-NH,US-RI,US-VT",isone_rtm,.Z.WCMASS,isone:rt_lmp_5min,https://www.iso-ne.com/isoexpress/web/reports/pricing/-/tree/lmps-rt-five-min-final,2026-09-25T20:08:36Z,
isone:.Z.WCMASS,lmp_rtm_15m_mean,2026-09-25T01:45:00Z,27.5533,USD/MWh,PT15M,"US-CT,US-MA,US-ME,US-NH,US-RI,US-VT",isone_rtm,.Z.WCMASS,isone:rt_lmp_5min,https://www.iso-ne.com/isoexpress/web/reports/pricing/-/tree/lmps-rt-five-min-final,2026-09-25T20:08:36Z,
isone:.Z.WCMASS,lmp_rtm_15m_mean,2026-09-25T02:00:00Z,30.5233,USD/MWh,PT15M,"US-CT,US-MA,US-ME,US-NH,US-RI,US-VT",isone_rtm,.Z.WCMASS,isone:rt_lmp_5min,https://www.iso-ne.com/isoexpress/web/reports/pricing/-/tree/lmps-rt-five-min-final,2026-09-25T20:08:36Z,
isone:.Z.WCMASS,lmp_rtm_15m_mean,2026-09-25T02:15:00Z,27.11,USD/MWh,PT15M,"US-CT,US-MA,US-ME,US-NH,US-RI,US-VT",isone_rtm,.Z.WCMASS,isone:rt_lmp_5min,https://www.iso-ne.com/isoexpress/web/reports/pricing/-/tree/lmps-rt-five-min-final,2026-09-25T20:08:36Z,
isone:.Z.WCMASS,lmp_rtm_15m_mean,2026-09-25T02:30:00Z,26.39,USD/MWh,PT15M,"US-CT,US-MA,US-ME,US-NH,US-RI,US-VT",isone_rtm,.Z.WCMASS,isone:rt_lmp_5min,https://www.iso-ne.com/isoexpress/web/reports/pricing/-/tree/lmps-rt-five-min-final,2026-09-25T20:08:36Z,
isone:.Z.WCMASS,lmp_rtm_15m_mean,2026-09-25T02:45:00Z,26.3367,USD/MWh,PT15M,"US-CT,US-MA,US-ME,US-NH,US-RI,US-VT",isone_rtm,.Z.WCMASS,isone:rt_lmp_5min,https://www.iso-ne.com/isoexpress/web/reports/pricing/-/tree/lmps-rt-five-min-final,2026-09-25T20:08:36Z,
isone:.Z.WCMASS,lmp_rtm_15m_mean,2026-09-25T03:00:00Z,28.9933,USD/MWh,PT15M,"US-CT,US-MA,US-ME,US-NH,US-RI,US-VT",isone_rtm,.Z.WCMASS,isone:rt_lmp_5min,https://www.iso-ne.com/isoexpress/web/reports/pricing/-/tree/lmps-rt-five-min-final,2026-09-25T20:08:36Z,
isone:.Z.WCMASS,lmp_rtm_15m_mean,2026-09-25T03:15:00Z,25.58,USD/MWh,PT15M,"US-CT,US-MA,US-ME,US-NH,US-RI,US-VT",isone_rtm,.Z.WCMASS,isone:rt_lmp_5min,https://www.iso-ne.com/isoexpress/web/reports/pricing/-/tree/lmps-rt-five-min-final,2026-09-25T20:08:36Z,
isone:.Z.WCMASS,lmp_rtm_15m_mean,2026-09-25T03:30:00Z,24.8633,USD/MWh,PT15M,"US-CT,US-MA,US-ME,US-NH,US-RI,US-VT",isone_rtm,.Z.WCMASS,isone:rt_lmp_5min,https://www.iso-ne.com/isoexpress/web/reports/pricing/-/tree/lmps-rt-five-min-final,2026-09-25T20:08:36Z,
isone:.Z.WCMASS,lmp_rtm_15m_mean,2026-09-25T03:45:00Z,23.9,USD/MWh,PT15M,"US-CT,US-MA,US-ME,US-NH,US-RI,US-VT",isone_rtm,.Z.WCMASS,isone:rt_lmp_5min,https://www.iso-ne.com/isoexpress/web/reports/pricing/-/tree/lmps-rt-five-min-final,2026-09-25T20:08:36Z,
