# Energy Research Warehouse (ERW): SPP day-ahead market LMPs, trading hubs
# Shape: series (docs/datastandard.md v0). Units: USD/MWh. ts_utc is interval start, UTC.
# Window: SPP operating days 2026-09-23 to 2026-09-25 (America/Chicago), [2026-09-23T05:00:00Z, 2026-09-26T05:00:00Z)
# Forward DAM days also included (published before retrieval): 2026-09-26
# Retrieved: 20260926T173132Z (UTC) by warehouse/connectors/iso_prices.py via gridstatus 0.36.0
# Run log: warehouse/output/logs/spp_prices_20260926T173132Z.log (every source document, by name)
# Raw files: warehouse/raw/spp/20260926T173132Z/ (not in git; manifest.csv lists each file and URL)
# Source: spp:DA-LMP-SL Day-Ahead LMP by Settlement Location, https://portal.spp.org/pages/da-lmp-by-location
#   4 distinct file URL(s), publish time not given by source; per row: see source_url and vintage
# File holds 1536 rows, 2026-08-26T05:00:00Z to 2026-09-27T04:00:00Z. This run wrote 192 rows: 0 new, 192 replacing earlier rows with the same (entity, variable, ts_utc); 1344 rows are kept from earlier runs. Per row, source, source_url, retrieved_at and vintage say where it came from; earlier run logs are in warehouse/output/logs/.
entity,variable,ts_utc,value,unit,freq,geo,market,node,source,source_url,retrieved_at,vintage
spp:SPPNORTH_HUB,lmp_dam,2026-08-26T05:00:00Z,25.2612,USD/MWh,PT1H,"US-AR,US-IA,US-KS,US-LA,US-MN,US-MO,US-MT,US-NE,US-NM,US-ND,US-OK,US-SD,US-TX,US-WY",spp_dam,SPPNORTH_HUB,spp:DA-LMP-SL,https://portal.spp.org/file-browser-api/download/da-lmp-by-settlement-location?path=/2026/08/By_Day/DA-LMP-SL-202608260100.csv,2026-09-25T06:59:56Z,
spp:SPPNORTH_HUB,lmp_dam,2026-08-26T06:00:00Z,22.7256,USD/MWh,PT1H,"US-AR,US-IA,US-KS,US-LA,US-MN,US-MO,US-MT,US-NE,US-NM,US-ND,US-OK,US-SD,US-TX,US-WY",spp_dam,SPPNORTH_HUB,spp:DA-LMP-SL,https://portal.spp.org/file-browser-api/download/da-lmp-by-settlement-location?path=/2026/08/By_Day/DA-LMP-SL-202608260100.csv,2026-09-25T06:59:56Z,
spp:SPPNORTH_HUB,lmp_dam,2026-08-26T07:00:00Z,21.8402,USD/MWh,PT1H,"US-AR,US-IA,US-KS,US-LA,US-MN,US-MO,US-MT,US-NE,US-NM,US-ND,US-OK,US-SD,US-TX,US-WY",spp_dam,SPPNORTH_HUB,spp:DA-LMP-SL,https://portal.spp.org/file-browser-api/download/da-lmp-by-settlement-location?path=/2026/08/By_Day/DA-LMP-SL-202608260100.csv,2026-09-25T06:59:56Z,
spp:SPPNORTH_HUB,lmp_dam,2026-08-26T08:00:00Z,21.1016,USD/MWh,PT1H,"US-AR,US-IA,US-KS,US-LA,US-MN,US-MO,US-MT,US-NE,US-NM,US-ND,US-OK,US-SD,US-TX,US-WY",spp_dam,SPPNORTH_HUB,spp:DA-LMP-SL,https://portal.spp.org/file-browser-api/download/da-lmp-by-settlement-location?path=/2026/08/By_Day/DA-LMP-SL-202608260100.csv,2026-09-25T06:59:56Z,
spp:SPPNORTH_HUB,lmp_dam,2026-08-26T09:00:00Z,21.56,USD/MWh,PT1H,"US-AR,US-IA,US-KS,US-LA,US-MN,US-MO,US-MT,US-NE,US-NM,US-ND,US-OK,US-SD,US-TX,US-WY",spp_dam,SPPNORTH_HUB,spp:DA-LMP-SL,https://portal.spp.org/file-browser-api/download/da-lmp-by-settlement-location?path=/2026/08/By_Day/DA-LMP-SL-202608260100.csv,2026-09-25T06:59:56Z,
spp:SPPNORTH_HUB,lmp_dam,2026-08-26T10:00:00Z,24.6356,USD/MWh,PT1H,"US-AR,US-IA,US-KS,US-LA,US-MN,US-MO,US-MT,US-NE,US-NM,US-ND,US-OK,US-SD,US-TX,US-WY",spp_dam,SPPNORTH_HUB,spp:DA-LMP-SL,https://portal.spp.org/file-browser-api/download/da-lmp-by-settlement-location?path=/2026/08/By_Day/DA-LMP-SL-202608260100.csv,2026-09-25T06:59:56Z,
spp:SPPNORTH_HUB,lmp_dam,2026-08-26T11:00:00Z,26.3003,USD/MWh,PT1H,"US-AR,US-IA,US-KS,US-LA,US-MN,US-MO,US-MT,US-NE,US-NM,US-ND,US-OK,US-SD,US-TX,US-WY",spp_dam,SPPNORTH_HUB,spp:DA-LMP-SL,https://portal.spp.org/file-browser-api/download/da-lmp-by-settlement-location?path=/2026/08/By_Day/DA-LMP-SL-202608260100.csv,2026-09-25T06:59:56Z,
spp:SPPNORTH_HUB,lmp_dam,2026-08-26T12:00:00Z,26.5997,USD/MWh,PT1H,"US-AR,US-IA,US-KS,US-LA,US-MN,US-MO,US-MT,US-NE,US-NM,US-ND,US-OK,US-SD,US-TX,US-WY",spp_dam,SPPNORTH_HUB,spp:DA-LMP-SL,https://portal.spp.org/file-browser-api/download/da-lmp-by-settlement-location?path=/2026/08/By_Day/DA-LMP-SL-202608260100.csv,2026-09-25T06:59:56Z,
spp:SPPNORTH_HUB,lmp_dam,2026-08-26T13:00:00Z,31.0119,USD/MWh,PT1H,"US-AR,US-IA,US-KS,US-LA,US-MN,US-MO,US-MT,US-NE,US-NM,US-ND,US-OK,US-SD,US-TX,US-WY",spp_dam,SPPNORTH_HUB,spp:DA-LMP-SL,https://portal.spp.org/file-browser-api/download/da-lmp-by-settlement-location?path=/2026/08/By_Day/DA-LMP-SL-202608260100.csv,2026-09-25T06:59:56Z,
spp:SPPNORTH_HUB,lmp_dam,2026-08-26T14:00:00Z,31.076,USD/MWh,PT1H,"US-AR,US-IA,US-KS,US-LA,US-MN,US-MO,US-MT,US-NE,US-NM,US-ND,US-OK,US-SD,US-TX,US-WY",spp_dam,SPPNORTH_HUB,spp:DA-LMP-SL,https://portal.spp.org/file-browser-api/download/da-lmp-by-settlement-location?path=/2026/08/By_Day/DA-LMP-SL-202608260100.csv,2026-09-25T06:59:56Z,
spp:SPPNORTH_HUB,lmp_dam,2026-08-26T15:00:00Z,34.3431,USD/MWh,PT1H,"US-AR,US-IA,US-KS,US-LA,US-MN,US-MO,US-MT,US-NE,US-NM,US-ND,US-OK,US-SD,US-TX,US-WY",spp_dam,SPPNORTH_HUB,spp:DA-LMP-SL,https://portal.spp.org/file-browser-api/download/da-lmp-by-settlement-location?path=/2026/08/By_Day/DA-LMP-SL-202608260100.csv,2026-09-25T06:59:56Z,
spp:SPPNORTH_HUB,lmp_dam,2026-08-26T16:00:00Z,37.8578,USD/MWh,PT1H,"US-AR,US-IA,US-KS,US-LA,US-MN,US-MO,US-MT,US-NE,US-NM,US-ND,US-OK,US-SD,US-TX,US-WY",spp_dam,SPPNORTH_HUB,spp:DA-LMP-SL,https://portal.spp.org/file-browser-api/download/da-lmp-by-settlement-location?path=/2026/08/By_Day/DA-LMP-SL-202608260100.csv,2026-09-25T06:59:56Z,
spp:SPPNORTH_HUB,lmp_dam,2026-08-26T17:00:00Z,40.4466,USD/MWh,PT1H,"US-AR,US-IA,US-KS,US-LA,US-MN,US-MO,US-MT,US-NE,US-NM,US-ND,US-OK,US-SD,US-TX,US-WY",spp_dam,SPPNORTH_HUB,spp:DA-LMP-SL,https://portal.spp.org/file-browser-api/download/da-lmp-by-settlement-location?path=/2026/08/By_Day/DA-LMP-SL-202608260100.csv,2026-09-25T06:59:56Z,
spp:SPPNORTH_HUB,lmp_dam,2026-08-26T18:00:00Z,43.5294,USD/MWh,PT1H,"US-AR,US-IA,US-KS,US-LA,US-MN,US-MO,US-MT,US-NE,US-NM,US-ND,US-OK,US-SD,US-TX,US-WY",spp_dam,SPPNORTH_HUB,spp:DA-LMP-SL,https://portal.spp.org/file-browser-api/download/da-lmp-by-settlement-location?path=/2026/08/By_Day/DA-LMP-SL-202608260100.csv,2026-09-25T06:59:56Z,
spp:SPPNORTH_HUB,lmp_dam,2026-08-26T19:00:00Z,50.34,USD/MWh,PT1H,"US-AR,US-IA,US-KS,US-LA,US-MN,US-MO,US-MT,US-NE,US-NM,US-ND,US-OK,US-SD,US-TX,US-WY",spp_dam,SPPNORTH_HUB,spp:DA-LMP-SL,https://portal.spp.org/file-browser-api/download/da-lmp-by-settlement-location?path=/2026/08/By_Day/DA-LMP-SL-202608260100.csv,2026-09-25T06:59:56Z,
spp:SPPNORTH_HUB,lmp_dam,2026-08-26T20:00:00Z,55.5445,USD/MWh,PT1H,"US-AR,US-IA,US-KS,US-LA,US-MN,US-MO,US-MT,US-NE,US-NM,US-ND,US-OK,US-SD,US-TX,US-WY",spp_dam,SPPNORTH_HUB,spp:DA-LMP-SL,https://portal.spp.org/file-browser-api/download/da-lmp-by-settlement-location?path=/2026/08/By_Day/DA-LMP-SL-202608260100.csv,2026-09-25T06:59:56Z,
spp:SPPNORTH_HUB,lmp_dam,2026-08-26T21:00:00Z,63.112,USD/MWh,PT1H,"US-AR,US-IA,US-KS,US-LA,US-MN,US-MO,US-MT,US-NE,US-NM,US-ND,US-OK,US-SD,US-TX,US-WY",spp_dam,SPPNORTH_HUB,spp:DA-LMP-SL,https://portal.spp.org/file-browser-api/download/da-lmp-by-settlement-location?path=/2026/08/By_Day/DA-LMP-SL-202608260100.csv,2026-09-25T06:59:56Z,
spp:SPPNORTH_HUB,lmp_dam,2026-08-26T22:00:00Z,69.11,USD/MWh,PT1H,"US-AR,US-IA,US-KS,US-LA,US-MN,US-MO,US-MT,US-NE,US-NM,US-ND,US-OK,US-SD,US-TX,US-WY",spp_dam,SPPNORTH_HUB,spp:DA-LMP-SL,https://portal.spp.org/file-browser-api/download/da-lmp-by-settlement-location?path=/2026/08/By_Day/DA-LMP-SL-202608260100.csv,2026-09-25T06:59:56Z,
spp:SPPNORTH_HUB,lmp_dam,2026-08-26T23:00:00Z,70.9068,USD/MWh,PT1H,"US-AR,US-IA,US-KS,US-LA,US-MN,US-MO,US-MT,US-NE,US-NM,US-ND,US-OK,US-SD,US-TX,US-WY",spp_dam,SPPNORTH_HUB,spp:DA-LMP-SL,https://portal.spp.org/file-browser-api/download/da-lmp-by-settlement-location?path=/2026/08/By_Day/DA-LMP-SL-202608260100.csv,2026-09-25T06:59:56Z,
spp:SPPNORTH_HUB,lmp_dam,2026-08-27T00:00:00Z,65.0718,USD/MWh,PT1H,"US-AR,US-IA,US-KS,US-LA,US-MN,US-MO,US-MT,US-NE,US-NM,US-ND,US-OK,US-SD,US-TX,US-WY",spp_dam,SPPNORTH_HUB,spp:DA-LMP-SL,https://portal.spp.org/file-browser-api/download/da-lmp-by-settlement-location?path=/2026/08/By_Day/DA-LMP-SL-202608260100.csv,2026-09-25T06:59:56Z,
spp:SPPNORTH_HUB,lmp_dam,2026-08-27T01:00:00Z,48.5319,USD/MWh,PT1H,"US-AR,US-IA,US-KS,US-LA,US-MN,US-MO,US-MT,US-NE,US-NM,US-ND,US-OK,US-SD,US-TX,US-WY",spp_dam,SPPNORTH_HUB,spp:DA-LMP-SL,https://portal.spp.org/file-browser-api/download/da-lmp-by-settlement-location?path=/2026/08/By_Day/DA-LMP-SL-202608260100.csv,2026-09-25T06:59:56Z,
spp:SPPNORTH_HUB,lmp_dam,2026-08-27T02:00:00Z,40.0806,USD/MWh,PT1H,"US-AR,US-IA,US-KS,US-LA,US-MN,US-MO,US-MT,US-NE,US-NM,US-ND,US-OK,US-SD,US-TX,US-WY",spp_dam,SPPNORTH_HUB,spp:DA-LMP-SL,https://portal.spp.org/file-browser-api/download/da-lmp-by-settlement-location?path=/2026/08/By_Day/DA-LMP-SL-202608260100.csv,2026-09-25T06:59:56Z,
spp:SPPNORTH_HUB,lmp_dam,2026-08-27T03:00:00Z,33.8856,USD/MWh,PT1H,"US-AR,US-IA,US-KS,US-LA,US-MN,US-MO,US-MT,US-NE,US-NM,US-ND,US-OK,US-SD,US-TX,US-WY",spp_dam,SPPNORTH_HUB,spp:DA-LMP-SL,https://portal.spp.org/file-browser-api/download/da-lmp-by-settlement-location?path=/2026/08/By_Day/DA-LMP-SL-202608260100.csv,2026-09-25T06:59:56Z,
spp:SPPNORTH_HUB,lmp_dam,2026-08-27T04:00:00Z,28.2477,USD/MWh,PT1H,"US-AR,US-IA,US-KS,US-LA,US-MN,US-MO,US-MT,US-NE,US-NM,US-ND,US-OK,US-SD,US-TX,US-WY",spp_dam,SPPNORTH_HUB,spp:DA-LMP-SL,https://portal.spp.org/file-browser-api/download/da-lmp-by-settlement-location?path=/2026/08/By_Day/DA-LMP-SL-202608260100.csv,2026-09-25T06:59:56Z,
spp:SPPNORTH_HUB,lmp_dam,2026-08-27T05:00:00Z,26.1337,USD/MWh,PT1H,"US-AR,US-IA,US-KS,US-LA,US-MN,US-MO,US-MT,US-NE,US-NM,US-ND,US-OK,US-SD,US-TX,US-WY",spp_dam,SPPNORTH_HUB,spp:DA-LMP-SL,https://portal.spp.org/file-browser-api/download/da-lmp-by-settlement-location?path=/2026/08/By_Day/DA-LMP-SL-202608270100.csv,2026-09-25T06:59:58Z,
spp:SPPNORTH_HUB,lmp_dam,2026-08-27T06:00:00Z,23.9321,USD/MWh,PT1H,"US-AR,US-IA,US-KS,US-LA,US-MN,US-MO,US-MT,US-NE,US-NM,US-ND,US-OK,US-SD,US-TX,US-WY",spp_dam,SPPNORTH_HUB,spp:DA-LMP-SL,https://portal.spp.org/file-browser-api/download/da-lmp-by-settlement-location?path=/2026/08/By_Day/DA-LMP-SL-202608270100.csv,2026-09-25T06:59:58Z,
spp:SPPNORTH_HUB,lmp_dam,2026-08-27T07:00:00Z,23.1883,USD/MWh,PT1H,"US-AR,US-IA,US-KS,US-LA,US-MN,US-MO,US-MT,US-NE,US-NM,US-ND,US-OK,US-SD,US-TX,US-WY",spp_dam,SPPNORTH_HUB,spp:DA-LMP-SL,https://portal.spp.org/file-browser-api/download/da-lmp-by-settlement-location?path=/2026/08/By_Day/DA-LMP-SL-202608270100.csv,2026-09-25T06:59:58Z,
spp:SPPNORTH_HUB,lmp_dam,2026-08-27T08:00:00Z,22.4733,USD/MWh,PT1H,"US-AR,US-IA,US-KS,US-LA,US-MN,US-MO,US-MT,US-NE,US-NM,US-ND,US-OK,US-SD,US-TX,US-WY",spp_dam,SPPNORTH_HUB,spp:DA-LMP-SL,https://portal.spp.org/file-browser-api/download/da-lmp-by-settlement-location?path=/2026/08/By_Day/DA-LMP-SL-202608270100.csv,2026-09-25T06:59:58Z,
spp:SPPNORTH_HUB,lmp_dam,2026-08-27T09:00:00Z,22.6258,USD/MWh,PT1H,"US-AR,US-IA,US-KS,US-LA,US-MN,US-MO,US-MT,US-NE,US-NM,US-ND,US-OK,US-SD,US-TX,US-WY",spp_dam,SPPNORTH_HUB,spp:DA-LMP-SL,https://portal.spp.org/file-browser-api/download/da-lmp-by-settlement-location?path=/2026/08/By_Day/DA-LMP-SL-202608270100.csv,2026-09-25T06:59:58Z,
spp:SPPNORTH_HUB,lmp_dam,2026-08-27T10:00:00Z,24.3922,USD/MWh,PT1H,"US-AR,US-IA,US-KS,US-LA,US-MN,US-MO,US-MT,US-NE,US-NM,US-ND,US-OK,US-SD,US-TX,US-WY",spp_dam,SPPNORTH_HUB,spp:DA-LMP-SL,https://portal.spp.org/file-browser-api/download/da-lmp-by-settlement-location?path=/2026/08/By_Day/DA-LMP-SL-202608270100.csv,2026-09-25T06:59:58Z,
spp:SPPNORTH_HUB,lmp_dam,2026-08-27T11:00:00Z,26.564,USD/MWh,PT1H,"US-AR,US-IA,US-KS,US-LA,US-MN,US-MO,US-MT,US-NE,US-NM,US-ND,US-OK,US-SD,US-TX,US-WY",spp_dam,SPPNORTH_HUB,spp:DA-LMP-SL,https://portal.spp.org/file-browser-api/download/da-lmp-by-settlement-location?path=/2026/08/By_Day/DA-LMP-SL-202608270100.csv,2026-09-25T06:59:58Z,
spp:SPPNORTH_HUB,lmp_dam,2026-08-27T12:00:00Z,27.7526,USD/MWh,PT1H,"US-AR,US-IA,US-KS,US-LA,US-MN,US-MO,US-MT,US-NE,US-NM,US-ND,US-OK,US-SD,US-TX,US-WY",spp_dam,SPPNORTH_HUB,spp:DA-LMP-SL,https://portal.spp.org/file-browser-api/download/da-lmp-by-settlement-location?path=/2026/08/By_Day/DA-LMP-SL-202608270100.csv,2026-09-25T06:59:58Z,
spp:SPPNORTH_HUB,lmp_dam,2026-08-27T13:00:00Z,34.1106,USD/MWh,PT1H,"US-AR,US-IA,US-KS,US-LA,US-MN,US-MO,US-MT,US-NE,US-NM,US-ND,US-OK,US-SD,US-TX,US-WY",spp_dam,SPPNORTH_HUB,spp:DA-LMP-SL,https://portal.spp.org/file-browser-api/download/da-lmp-by-settlement-location?path=/2026/08/By_Day/DA-LMP-SL-202608270100.csv,2026-09-25T06:59:58Z,
spp:SPPNORTH_HUB,lmp_dam,2026-08-27T14:00:00Z,40.9969,USD/MWh,PT1H,"US-AR,US-IA,US-KS,US-LA,US-MN,US-MO,US-MT,US-NE,US-NM,US-ND,US-OK,US-SD,US-TX,US-WY",spp_dam,SPPNORTH_HUB,spp:DA-LMP-SL,https://portal.spp.org/file-browser-api/download/da-lmp-by-settlement-location?path=/2026/08/By_Day/DA-LMP-SL-202608270100.csv,2026-09-25T06:59:58Z,
spp:SPPNORTH_HUB,lmp_dam,2026-08-27T15:00:00Z,45.7658,USD/MWh,PT1H,"US-AR,US-IA,US-KS,US-LA,US-MN,US-MO,US-MT,US-NE,US-NM,US-ND,US-OK,US-SD,US-TX,US-WY",spp_dam,SPPNORTH_HUB,spp:DA-LMP-SL,https://portal.spp.org/file-browser-api/download/da-lmp-by-settlement-location?path=/2026/08/By_Day/DA-LMP-SL-202608270100.csv,2026-09-25T06:59:58Z,
spp:SPPNORTH_HUB,lmp_dam,2026-08-27T16:00:00Z,49.5218,USD/MWh,PT1H,"US-AR,US-IA,US-KS,US-LA,US-MN,US-MO,US-MT,US-NE,US-NM,US-ND,US-OK,US-SD,US-TX,US-WY",spp_dam,SPPNORTH_HUB,spp:DA-LMP-SL,https://portal.spp.org/file-browser-api/download/da-lmp-by-settlement-location?path=/2026/08/By_Day/DA-LMP-SL-202608270100.csv,2026-09-25T06:59:58Z,
spp:SPPNORTH_HUB,lmp_dam,2026-08-27T17:00:00Z,52.6624,USD/MWh,PT1H,"US-AR,US-IA,US-KS,US-LA,US-MN,US-MO,US-MT,US-NE,US-NM,US-ND,US-OK,US-SD,US-TX,US-WY",spp_dam,SPPNORTH_HUB,spp:DA-LMP-SL,https://portal.spp.org/file-browser-api/download/da-lmp-by-settlement-location?path=/2026/08/By_Day/DA-LMP-SL-202608270100.csv,2026-09-25T06:59:58Z,
spp:SPPNORTH_HUB,lmp_dam,2026-08-27T18:00:00Z,55.9172,USD/MWh,PT1H,"US-AR,US-IA,US-KS,US-LA,US-MN,US-MO,US-MT,US-NE,US-NM,US-ND,US-OK,US-SD,US-TX,US-WY",spp_dam,SPPNORTH_HUB,spp:DA-LMP-SL,https://portal.spp.org/file-browser-api/download/da-lmp-by-settlement-location?path=/2026/08/By_Day/DA-LMP-SL-202608270100.csv,2026-09-25T06:59:58Z,
spp:SPPNORTH_HUB,lmp_dam,2026-08-27T19:00:00Z,64.5906,USD/MWh,PT1H,"US-AR,US-IA,US-KS,US-LA,US-MN,US-MO,US-MT,US-NE,US-NM,US-ND,US-OK,US-SD,US-TX,US-WY",spp_dam,SPPNORTH_HUB,spp:DA-LMP-SL,https://portal.spp.org/file-browser-api/download/da-lmp-by-settlement-location?path=/2026/08/By_Day/DA-LMP-SL-202608270100.csv,2026-09-25T06:59:58Z,
spp:SPPNORTH_HUB,lmp_dam,2026-08-27T20:00:00Z,72.3397,USD/MWh,PT1H,"US-AR,US-IA,US-KS,US-LA,US-MN,US-MO,US-MT,US-NE,US-NM,US-ND,US-OK,US-SD,US-TX,US-WY",spp_dam,SPPNORTH_HUB,spp:DA-LMP-SL,https://portal.spp.org/file-browser-api/download/da-lmp-by-settlement-location?path=/2026/08/By_Day/DA-LMP-SL-202608270100.csv,2026-09-25T06:59:58Z,
spp:SPPNORTH_HUB,lmp_dam,2026-08-27T21:00:00Z,72.974,USD/MWh,PT1H,"US-AR,US-IA,US-KS,US-LA,US-MN,US-MO,US-MT,US-NE,US-NM,US-ND,US-OK,US-SD,US-TX,US-WY",spp_dam,SPPNORTH_HUB,spp:DA-LMP-SL,https://portal.spp.org/file-browser-api/download/da-lmp-by-settlement-location?path=/2026/08/By_Day/DA-LMP-SL-202608270100.csv,2026-09-25T06:59:58Z,
spp:SPPNORTH_HUB,lmp_dam,2026-08-27T22:00:00Z,78.1201,USD/MWh,PT1H,"US-AR,US-IA,US-KS,US-LA,US-MN,US-MO,US-MT,US-NE,US-NM,US-ND,US-OK,US-SD,US-TX,US-WY",spp_dam,SPPNORTH_HUB,spp:DA-LMP-SL,https://portal.spp.org/file-browser-api/download/da-lmp-by-settlement-location?path=/2026/08/By_Day/DA-LMP-SL-202608270100.csv,2026-09-25T06:59:58Z,
spp:SPPNORTH_HUB,lmp_dam,2026-08-27T23:00:00Z,80.0,USD/MWh,PT1H,"US-AR,US-IA,US-KS,US-LA,US-MN,US-MO,US-MT,US-NE,US-NM,US-ND,US-OK,US-SD,US-TX,US-WY",spp_dam,SPPNORTH_HUB,spp:DA-LMP-SL,https://portal.spp.org/file-browser-api/download/da-lmp-by-settlement-location?path=/2026/08/By_Day/DA-LMP-SL-202608270100.csv,2026-09-25T06:59:58Z,
spp:SPPNORTH_HUB,lmp_dam,2026-08-28T00:00:00Z,63.0859,USD/MWh,PT1H,"US-AR,US-IA,US-KS,US-LA,US-MN,US-MO,US-MT,US-NE,US-NM,US-ND,US-OK,US-SD,US-TX,US-WY",spp_dam,SPPNORTH_HUB,spp:DA-LMP-SL,https://portal.spp.org/file-browser-api/download/da-lmp-by-settlement-location?path=/2026/08/By_Day/DA-LMP-SL-202608270100.csv,2026-09-25T06:59:58Z,
spp:SPPNORTH_HUB,lmp_dam,2026-08-28T01:00:00Z,39.115,USD/MWh,PT1H,"US-AR,US-IA,US-KS,US-LA,US-MN,US-MO,US-MT,US-NE,US-NM,US-ND,US-OK,US-SD,US-TX,US-WY",spp_dam,SPPNORTH_HUB,spp:DA-LMP-SL,https://portal.spp.org/file-browser-api/download/da-lmp-by-settlement-location?path=/2026/08/By_Day/DA-LMP-SL-202608270100.csv,2026-09-25T06:59:58Z,
spp:SPPNORTH_HUB,lmp_dam,2026-08-28T02:00:00Z,31.7544,USD/MWh,PT1H,"US-AR,US-IA,US-KS,US-LA,US-MN,US-MO,US-MT,US-NE,US-NM,US-ND,US-OK,US-SD,US-TX,US-WY",spp_dam,SPPNORTH_HUB,spp:DA-LMP-SL,https://portal.spp.org/file-browser-api/download/da-lmp-by-settlement-location?path=/2026/08/By_Day/DA-LMP-SL-202608270100.csv,2026-09-25T06:59:58Z,
spp:SPPNORTH_HUB,lmp_dam,2026-08-28T03:00:00Z,25.6267,USD/MWh,PT1H,"US-AR,US-IA,US-KS,US-LA,US-MN,US-MO,US-MT,US-NE,US-NM,US-ND,US-OK,US-SD,US-TX,US-WY",spp_dam,SPPNORTH_HUB,spp:DA-LMP-SL,https://portal.spp.org/file-browser-api/download/da-lmp-by-settlement-location?path=/2026/08/By_Day/DA-LMP-SL-202608270100.csv,2026-09-25T06:59:58Z,
spp:SPPNORTH_HUB,lmp_dam,2026-08-28T04:00:00Z,22.3222,USD/MWh,PT1H,"US-AR,US-IA,US-KS,US-LA,US-MN,US-MO,US-MT,US-NE,US-NM,US-ND,US-OK,US-SD,US-TX,US-WY",spp_dam,SPPNORTH_HUB,spp:DA-LMP-SL,https://portal.spp.org/file-browser-api/download/da-lmp-by-settlement-location?path=/2026/08/By_Day/DA-LMP-SL-202608270100.csv,2026-09-25T06:59:58Z,
spp:SPPNORTH_HUB,lmp_dam,2026-08-28T05:00:00Z,20.9817,USD/MWh,PT1H,"US-AR,US-IA,US-KS,US-LA,US-MN,US-MO,US-MT,US-NE,US-NM,US-ND,US-OK,US-SD,US-TX,US-WY",spp_dam,SPPNORTH_HUB,spp:DA-LMP-SL,https://portal.spp.org/file-browser-api/download/da-lmp-by-settlement-location?path=/2026/08/By_Day/DA-LMP-SL-202608280100.csv,2026-09-25T06:59:54Z,
spp:SPPNORTH_HUB,lmp_dam,2026-08-28T06:00:00Z,19.3515,USD/MWh,PT1H,"US-AR,US-IA,US-KS,US-LA,US-MN,US-MO,US-MT,US-NE,US-NM,US-ND,US-OK,US-SD,US-TX,US-WY",spp_dam,SPPNORTH_HUB,spp:DA-LMP-SL,https://portal.spp.org/file-browser-api/download/da-lmp-by-settlement-location?path=/2026/08/By_Day/DA-LMP-SL-202608280100.csv,2026-09-25T06:59:54Z,
spp:SPPNORTH_HUB,lmp_dam,2026-08-28T07:00:00Z,18.4959,USD/MWh,PT1H,"US-AR,US-IA,US-KS,US-LA,US-MN,US-MO,US-MT,US-NE,US-NM,US-ND,US-OK,US-SD,US-TX,US-WY",spp_dam,SPPNORTH_HUB,spp:DA-LMP-SL,https://portal.spp.org/file-browser-api/download/da-lmp-by-settlement-location?path=/2026/08/By_Day/DA-LMP-SL-202608280100.csv,2026-09-25T06:59:54Z,
spp:SPPNORTH_HUB,lmp_dam,2026-08-28T08:00:00Z,18.041,USD/MWh,PT1H,"US-AR,US-IA,US-KS,US-LA,US-MN,US-MO,US-MT,US-NE,US-NM,US-ND,US-OK,US-SD,US-TX,US-WY",spp_dam,SPPNORTH_HUB,spp:DA-LMP-SL,https://portal.spp.org/file-browser-api/download/da-lmp-by-settlement-location?path=/2026/08/By_Day/DA-LMP-SL-202608280100.csv,2026-09-25T06:59:54Z,
spp:SPPNORTH_HUB,lmp_dam,2026-08-28T09:00:00Z,18.2948,USD/MWh,PT1H,"US-AR,US-IA,US-KS,US-LA,US-MN,US-MO,US-MT,US-NE,US-NM,US-ND,US-OK,US-SD,US-TX,US-WY",spp_dam,SPPNORTH_HUB,spp:DA-LMP-SL,https://portal.spp.org/file-browser-api/download/da-lmp-by-settlement-location?path=/2026/08/By_Day/DA-LMP-SL-202608280100.csv,2026-09-25T06:59:54Z,
spp:SPPNORTH_HUB,lmp_dam,2026-08-28T10:00:00Z,19.8915,USD/MWh,PT1H,"US-AR,US-IA,US-KS,US-LA,US-MN,US-MO,US-MT,US-NE,US-NM,US-ND,US-OK,US-SD,US-TX,US-WY",spp_dam,SPPNORTH_HUB,spp:DA-LMP-SL,https://portal.spp.org/file-browser-api/download/da-lmp-by-settlement-location?path=/2026/08/By_Day/DA-LMP-SL-202608280100.csv,2026-09-25T06:59:54Z,
spp:SPPNORTH_HUB,lmp_dam,2026-08-28T11:00:00Z,21.3286,USD/MWh,PT1H,"US-AR,US-IA,US-KS,US-LA,US-MN,US-MO,US-MT,US-NE,US-NM,US-ND,US-OK,US-SD,US-TX,US-WY",spp_dam,SPPNORTH_HUB,spp:DA-LMP-SL,https://portal.spp.org/file-browser-api/download/da-lmp-by-settlement-location?path=/2026/08/By_Day/DA-LMP-SL-202608280100.csv,2026-09-25T06:59:54Z,
spp:SPPNORTH_HUB,lmp_dam,2026-08-28T12:00:00Z,22.3509,USD/MWh,PT1H,"US-AR,US-IA,US-KS,US-LA,US-MN,US-MO,US-MT,US-NE,US-NM,US-ND,US-OK,US-SD,US-TX,US-WY",spp_dam,SPPNORTH_HUB,spp:DA-LMP-SL,https://portal.spp.org/file-browser-api/download/da-lmp-by-settlement-location?path=/2026/08/By_Day/DA-LMP-SL-202608280100.csv,2026-09-25T06:59:54Z,
spp:SPPNORTH_HUB,lmp_dam,2026-08-28T13:00:00Z,24.2451,USD/MWh,PT1H,"US-AR,US-IA,US-KS,US-LA,US-MN,US-MO,US-MT,US-NE,US-NM,US-ND,US-OK,US-SD,US-TX,US-WY",spp_dam,SPPNORTH_HUB,spp:DA-LMP-SL,https://portal.spp.org/file-browser-api/download/da-lmp-by-settlement-location?path=/2026/08/By_Day/DA-LMP-SL-202608280100.csv,2026-09-25T06:59:54Z,
spp:SPPNORTH_HUB,lmp_dam,2026-08-28T14:00:00Z,26.603,USD/MWh,PT1H,"US-AR,US-IA,US-KS,US-LA,US-MN,US-MO,US-MT,US-NE,US-NM,US-ND,US-OK,US-SD,US-TX,US-WY",spp_dam,SPPNORTH_HUB,spp:DA-LMP-SL,https://portal.spp.org/file-browser-api/download/da-lmp-by-settlement-location?path=/2026/08/By_Day/DA-LMP-SL-202608280100.csv,2026-09-25T06:59:54Z,
spp:SPPNORTH_HUB,lmp_dam,2026-08-28T15:00:00Z,28.3837,USD/MWh,PT1H,"US-AR,US-IA,US-KS,US-LA,US-MN,US-MO,US-MT,US-NE,US-NM,US-ND,US-OK,US-SD,US-TX,US-WY",spp_dam,SPPNORTH_HUB,spp:DA-LMP-SL,https://portal.spp.org/file-browser-api/download/da-lmp-by-settlement-location?path=/2026/08/By_Day/DA-LMP-SL-202608280100.csv,2026-09-25T06:59:54Z,
spp:SPPNORTH_HUB,lmp_dam,2026-08-28T16:00:00Z,31.3117,USD/MWh,PT1H,"US-AR,US-IA,US-KS,US-LA,US-MN,US-MO,US-MT,US-NE,US-NM,US-ND,US-OK,US-SD,US-TX,US-WY",spp_dam,SPPNORTH_HUB,spp:DA-LMP-SL,https://portal.spp.org/file-browser-api/download/da-lmp-by-settlement-location?path=/2026/08/By_Day/DA-LMP-SL-202608280100.csv,2026-09-25T06:59:54Z,
spp:SPPNORTH_HUB,lmp_dam,2026-08-28T17:00:00Z,34.4537,USD/MWh,PT1H,"US-AR,US-IA,US-KS,US-LA,US-MN,US-MO,US-MT,US-NE,US-NM,US-ND,US-OK,US-SD,US-TX,US-WY",spp_dam,SPPNORTH_HUB,spp:DA-LMP-SL,https://portal.spp.org/file-browser-api/download/da-lmp-by-settlement-location?path=/2026/08/By_Day/DA-LMP-SL-202608280100.csv,2026-09-25T06:59:54Z,
spp:SPPNORTH_HUB,lmp_dam,2026-08-28T18:00:00Z,38.2059,USD/MWh,PT1H,"US-AR,US-IA,US-KS,US-LA,US-MN,US-MO,US-MT,US-NE,US-NM,US-ND,US-OK,US-SD,US-TX,US-WY",spp_dam,SPPNORTH_HUB,spp:DA-LMP-SL,https://portal.spp.org/file-browser-api/download/da-lmp-by-settlement-location?path=/2026/08/By_Day/DA-LMP-SL-202608280100.csv,2026-09-25T06:59:54Z,
spp:SPPNORTH_HUB,lmp_dam,2026-08-28T19:00:00Z,39.9423,USD/MWh,PT1H,"US-AR,US-IA,US-KS,US-LA,US-MN,US-MO,US-MT,US-NE,US-NM,US-ND,US-OK,US-SD,US-TX,US-WY",spp_dam,SPPNORTH_HUB,spp:DA-LMP-SL,https://portal.spp.org/file-browser-api/download/da-lmp-by-settlement-location?path=/2026/08/By_Day/DA-LMP-SL-202608280100.csv,2026-09-25T06:59:54Z,
spp:SPPNORTH_HUB,lmp_dam,2026-08-28T20:00:00Z,45.1376,USD/MWh,PT1H,"US-AR,US-IA,US-KS,US-LA,US-MN,US-MO,US-MT,US-NE,US-NM,US-ND,US-OK,US-SD,US-TX,US-WY",spp_dam,SPPNORTH_HUB,spp:DA-LMP-SL,https://portal.spp.org/file-browser-api/download/da-lmp-by-settlement-location?path=/2026/08/By_Day/DA-LMP-SL-202608280100.csv,2026-09-25T06:59:54Z,
spp:SPPNORTH_HUB,lmp_dam,2026-08-28T21:00:00Z,46.928,USD/MWh,PT1H,"US-AR,US-IA,US-KS,US-LA,US-MN,US-MO,US-MT,US-NE,US-NM,US-ND,US-OK,US-SD,US-TX,US-WY",spp_dam,SPPNORTH_HUB,spp:DA-LMP-SL,https://portal.spp.org/file-browser-api/download/da-lmp-by-settlement-location?path=/2026/08/By_Day/DA-LMP-SL-202608280100.csv,2026-09-25T06:59:54Z,
spp:SPPNORTH_HUB,lmp_dam,2026-08-28T22:00:00Z,47.3092,USD/MWh,PT1H,"US-AR,US-IA,US-KS,US-LA,US-MN,US-MO,US-MT,US-NE,US-NM,US-ND,US-OK,US-SD,US-TX,US-WY",spp_dam,SPPNORTH_HUB,spp:DA-LMP-SL,https://portal.spp.org/file-browser-api/download/da-lmp-by-settlement-location?path=/2026/08/By_Day/DA-LMP-SL-202608280100.csv,2026-09-25T06:59:54Z,
spp:SPPNORTH_HUB,lmp_dam,2026-08-28T23:00:00Z,42.0312,USD/MWh,PT1H,"US-AR,US-IA,US-KS,US-LA,US-MN,US-MO,US-MT,US-NE,US-NM,US-ND,US-OK,US-SD,US-TX,US-WY",spp_dam,SPPNORTH_HUB,spp:DA-LMP-SL,https://portal.spp.org/file-browser-api/download/da-lmp-by-settlement-location?path=/2026/08/By_Day/DA-LMP-SL-202608280100.csv,2026-09-25T06:59:54Z,
spp:SPPNORTH_HUB,lmp_dam,2026-08-29T00:00:00Z,31.8557,USD/MWh,PT1H,"US-AR,US-IA,US-KS,US-LA,US-MN,US-MO,US-MT,US-NE,US-NM,US-ND,US-OK,US-SD,US-TX,US-WY",spp_dam,SPPNORTH_HUB,spp:DA-LMP-SL,https://portal.spp.org/file-browser-api/download/da-lmp-by-settlement-location?path=/2026/08/By_Day/DA-LMP-SL-202608280100.csv,2026-09-25T06:59:54Z,
spp:SPPNORTH_HUB,lmp_dam,2026-08-29T01:00:00Z,21.7029,USD/MWh,PT1H,"US-AR,US-IA,US-KS,US-LA,US-MN,US-MO,US-MT,US-NE,US-NM,US-ND,US-OK,US-SD,US-TX,US-WY",spp_dam,SPPNORTH_HUB,spp:DA-LMP-SL,https://portal.spp.org/file-browser-api/download/da-lmp-by-settlement-location?path=/2026/08/By_Day/DA-LMP-SL-202608280100.csv,2026-09-25T06:59:54Z,
spp:SPPNORTH_HUB,lmp_dam,2026-08-29T02:00:00Z,16.4896,USD/MWh,PT1H,"US-AR,US-IA,US-KS,US-LA,US-MN,US-MO,US-MT,US-NE,US-NM,US-ND,US-OK,US-SD,US-TX,US-WY",spp_dam,SPPNORTH_HUB,spp:DA-LMP-SL,https://portal.spp.org/file-browser-api/download/da-lmp-by-settlement-location?path=/2026/08/By_Day/DA-LMP-SL-202608280100.csv,2026-09-25T06:59:54Z,
spp:SPPNORTH_HUB,lmp_dam,2026-08-29T03:00:00Z,11.8675,USD/MWh,PT1H,"US-AR,US-IA,US-KS,US-LA,US-MN,US-MO,US-MT,US-NE,US-NM,US-ND,US-OK,US-SD,US-TX,US-WY",spp_dam,SPPNORTH_HUB,spp:DA-LMP-SL,https://portal.spp.org/file-browser-api/download/da-lmp-by-settlement-location?path=/2026/08/By_Day/DA-LMP-SL-202608280100.csv,2026-09-25T06:59:54Z,
spp:SPPNORTH_HUB,lmp_dam,2026-08-29T04:00:00Z,7.6949,USD/MWh,PT1H,"US-AR,US-IA,US-KS,US-LA,US-MN,US-MO,US-MT,US-NE,US-NM,US-ND,US-OK,US-SD,US-TX,US-WY",spp_dam,SPPNORTH_HUB,spp:DA-LMP-SL,https://portal.spp.org/file-browser-api/download/da-lmp-by-settlement-location?path=/2026/08/By_Day/DA-LMP-SL-202608280100.csv,2026-09-25T06:59:54Z,
spp:SPPNORTH_HUB,lmp_dam,2026-08-29T05:00:00Z,1.2035,USD/MWh,PT1H,"US-AR,US-IA,US-KS,US-LA,US-MN,US-MO,US-MT,US-NE,US-NM,US-ND,US-OK,US-SD,US-TX,US-WY",spp_dam,SPPNORTH_HUB,spp:DA-LMP-SL,https://portal.spp.org/file-browser-api/download/da-lmp-by-settlement-location?path=/2026/08/By_Day/DA-LMP-SL-202608290100.csv,2026-09-25T06:59:53Z,
spp:SPPNORTH_HUB,lmp_dam,2026-08-29T06:00:00Z,-2.7555,USD/MWh,PT1H,"US-AR,US-IA,US-KS,US-LA,US-MN,US-MO,US-MT,US-NE,US-NM,US-ND,US-OK,US-SD,US-TX,US-WY",spp_dam,SPPNORTH_HUB,spp:DA-LMP-SL,https://portal.spp.org/file-browser-api/download/da-lmp-by-settlement-location?path=/2026/08/By_Day/DA-LMP-SL-202608290100.csv,2026-09-25T06:59:53Z,
spp:SPPNORTH_HUB,lmp_dam,2026-08-29T07:00:00Z,-4.2818,USD/MWh,PT1H,"US-AR,US-IA,US-KS,US-LA,US-MN,US-MO,US-MT,US-NE,US-NM,US-ND,US-OK,US-SD,US-TX,US-WY",spp_dam,SPPNORTH_HUB,spp:DA-LMP-SL,https://portal.spp.org/file-browser-api/download/da-lmp-by-settlement-location?path=/2026/08/By_Day/DA-LMP-SL-202608290100.csv,2026-09-25T06:59:53Z,
spp:SPPNORTH_HUB,lmp_dam,2026-08-29T08:00:00Z,-6.0641,USD/MWh,PT1H,"US-AR,US-IA,US-KS,US-LA,US-MN,US-MO,US-MT,US-NE,US-NM,US-ND,US-OK,US-SD,US-TX,US-WY",spp_dam,SPPNORTH_HUB,spp:DA-LMP-SL,https://portal.spp.org/file-browser-api/download/da-lmp-by-settlement-location?path=/2026/08/By_Day/DA-LMP-SL-202608290100.csv,2026-09-25T06:59:53Z,
spp:SPPNORTH_HUB,lmp_dam,2026-08-29T09:00:00Z,-7.2775,USD/MWh,PT1H,"US-AR,US-IA,US-KS,US-LA,US-MN,US-MO,US-MT,US-NE,US-NM,US-ND,US-OK,US-SD,US-TX,US-WY",spp_dam,SPPNORTH_HUB,spp:DA-LMP-SL,https://portal.spp.org/file-browser-api/download/da-lmp-by-settlement-location?path=/2026/08/By_Day/DA-LMP-SL-202608290100.csv,2026-09-25T06:59:53Z,
spp:SPPNORTH_HUB,lmp_dam,2026-08-29T10:00:00Z,-6.1157,USD/MWh,PT1H,"US-AR,US-IA,US-KS,US-LA,US-MN,US-MO,US-MT,US-NE,US-NM,US-ND,US-OK,US-SD,US-TX,US-WY",spp_dam,SPPNORTH_HUB,spp:DA-LMP-SL,https://portal.spp.org/file-browser-api/download/da-lmp-by-settlement-location?path=/2026/08/By_Day/DA-LMP-SL-202608290100.csv,2026-09-25T06:59:53Z,
spp:SPPNORTH_HUB,lmp_dam,2026-08-29T11:00:00Z,-2.4985,USD/MWh,PT1H,"US-AR,US-IA,US-KS,US-LA,US-MN,US-MO,US-MT,US-NE,US-NM,US-ND,US-OK,US-SD,US-TX,US-WY",spp_dam,SPPNORTH_HUB,spp:DA-LMP-SL,https://portal.spp.org/file-browser-api/download/da-lmp-by-settlement-location?path=/2026/08/By_Day/DA-LMP-SL-202608290100.csv,2026-09-25T06:59:53Z,
spp:SPPNORTH_HUB,lmp_dam,2026-08-29T12:00:00Z,-0.7794,USD/MWh,PT1H,"US-AR,US-IA,US-KS,US-LA,US-MN,US-MO,US-MT,US-NE,US-NM,US-ND,US-OK,US-SD,US-TX,US-WY",spp_dam,SPPNORTH_HUB,spp:DA-LMP-SL,https://portal.spp.org/file-browser-api/download/da-lmp-by-settlement-location?path=/2026/08/By_Day/DA-LMP-SL-202608290100.csv,2026-09-25T06:59:53Z,
spp:SPPNORTH_HUB,lmp_dam,2026-08-29T13:00:00Z,9.2646,USD/MWh,PT1H,"US-AR,US-IA,US-KS,US-LA,US-MN,US-MO,US-MT,US-NE,US-NM,US-ND,US-OK,US-SD,US-TX,US-WY",spp_dam,SPPNORTH_HUB,spp:DA-LMP-SL,https://portal.spp.org/file-browser-api/download/da-lmp-by-settlement-location?path=/2026/08/By_Day/DA-LMP-SL-202608290100.csv,2026-09-25T06:59:53Z,
spp:SPPNORTH_HUB,lmp_dam,2026-08-29T14:00:00Z,17.0957,USD/MWh,PT1H,"US-AR,US-IA,US-KS,US-LA,US-MN,US-MO,US-MT,US-NE,US-NM,US-ND,US-OK,US-SD,US-TX,US-WY",spp_dam,SPPNORTH_HUB,spp:DA-LMP-SL,https://portal.spp.org/file-browser-api/download/da-lmp-by-settlement-location?path=/2026/08/By_Day/DA-LMP-SL-202608290100.csv,2026-09-25T06:59:53Z,
spp:SPPNORTH_HUB,lmp_dam,2026-08-29T15:00:00Z,20.7175,USD/MWh,PT1H,"US-AR,US-IA,US-KS,US-LA,US-MN,US-MO,US-MT,US-NE,US-NM,US-ND,US-OK,US-SD,US-TX,US-WY",spp_dam,SPPNORTH_HUB,spp:DA-LMP-SL,https://portal.spp.org/file-browser-api/download/da-lmp-by-settlement-location?path=/2026/08/By_Day/DA-LMP-SL-202608290100.csv,2026-09-25T06:59:53Z,
spp:SPPNORTH_HUB,lmp_dam,2026-08-29T16:00:00Z,22.0686,USD/MWh,PT1H,"US-AR,US-IA,US-KS,US-LA,US-MN,US-MO,US-MT,US-NE,US-NM,US-ND,US-OK,US-SD,US-TX,US-WY",spp_dam,SPPNORTH_HUB,spp:DA-LMP-SL,https://portal.spp.org/file-browser-api/download/da-lmp-by-settlement-location?path=/2026/08/By_Day/DA-LMP-SL-202608290100.csv,2026-09-25T06:59:53Z,
spp:SPPNORTH_HUB,lmp_dam,2026-08-29T17:00:00Z,27.5699,USD/MWh,PT1H,"US-AR,US-IA,US-KS,US-LA,US-MN,US-MO,US-MT,US-NE,US-NM,US-ND,US-OK,US-SD,US-TX,US-WY",spp_dam,SPPNORTH_HUB,spp:DA-LMP-SL,https://portal.spp.org/file-browser-api/download/da-lmp-by-settlement-location?path=/2026/08/By_Day/DA-LMP-SL-202608290100.csv,2026-09-25T06:59:53Z,
spp:SPPNORTH_HUB,lmp_dam,2026-08-29T18:00:00Z,32.5957,USD/MWh,PT1H,"US-AR,US-IA,US-KS,US-LA,US-MN,US-MO,US-MT,US-NE,US-NM,US-ND,US-OK,US-SD,US-TX,US-WY",spp_dam,SPPNORTH_HUB,spp:DA-LMP-SL,https://portal.spp.org/file-browser-api/download/da-lmp-by-settlement-location?path=/2026/08/By_Day/DA-LMP-SL-202608290100.csv,2026-09-25T06:59:53Z,
spp:SPPNORTH_HUB,lmp_dam,2026-08-29T19:00:00Z,37.8826,USD/MWh,PT1H,"US-AR,US-IA,US-KS,US-LA,US-MN,US-MO,US-MT,US-NE,US-NM,US-ND,US-OK,US-SD,US-TX,US-WY",spp_dam,SPPNORTH_HUB,spp:DA-LMP-SL,https://portal.spp.org/file-browser-api/download/da-lmp-by-settlement-location?path=/2026/08/By_Day/DA-LMP-SL-202608290100.csv,2026-09-25T06:59:53Z,
spp:SPPNORTH_HUB,lmp_dam,2026-08-29T20:00:00Z,53.4738,USD/MWh,PT1H,"US-AR,US-IA,US-KS,US-LA,US-MN,US-MO,US-MT,US-NE,US-NM,US-ND,US-OK,US-SD,US-TX,US-WY",spp_dam,SPPNORTH_HUB,spp:DA-LMP-SL,https://portal.spp.org/file-browser-api/download/da-lmp-by-settlement-location?path=/2026/08/By_Day/DA-LMP-SL-202608290100.csv,2026-09-25T06:59:53Z,
spp:SPPNORTH_HUB,lmp_dam,2026-08-29T21:00:00Z,66.9169,USD/MWh,PT1H,"US-AR,US-IA,US-KS,US-LA,US-MN,US-MO,US-MT,US-NE,US-NM,US-ND,US-OK,US-SD,US-TX,US-WY",spp_dam,SPPNORTH_HUB,spp:DA-LMP-SL,https://portal.spp.org/file-browser-api/download/da-lmp-by-settlement-location?path=/2026/08/By_Day/DA-LMP-SL-202608290100.csv,2026-09-25T06:59:53Z,
spp:SPPNORTH_HUB,lmp_dam,2026-08-29T22:00:00Z,65.3969,USD/MWh,PT1H,"US-AR,US-IA,US-KS,US-LA,US-MN,US-MO,US-MT,US-NE,US-NM,US-ND,US-OK,US-SD,US-TX,US-WY",spp_dam,SPPNORTH_HUB,spp:DA-LMP-SL,https://portal.spp.org/file-browser-api/download/da-lmp-by-settlement-location?path=/2026/08/By_Day/DA-LMP-SL-202608290100.csv,2026-09-25T06:59:53Z,
spp:SPPNORTH_HUB,lmp_dam,2026-08-29T23:00:00Z,65.8462,USD/MWh,PT1H,"US-AR,US-IA,US-KS,US-LA,US-MN,US-MO,US-MT,US-NE,US-NM,US-ND,US-OK,US-SD,US-TX,US-WY",spp_dam,SPPNORTH_HUB,spp:DA-LMP-SL,https://portal.spp.org/file-browser-api/download/da-lmp-by-settlement-location?path=/2026/08/By_Day/DA-LMP-SL-202608290100.csv,2026-09-25T06:59:53Z,
spp:SPPNORTH_HUB,lmp_dam,2026-08-30T00:00:00Z,51.9883,USD/MWh,PT1H,"US-AR,US-IA,US-KS,US-LA,US-MN,US-MO,US-MT,US-NE,US-NM,US-ND,US-OK,US-SD,US-TX,US-WY",spp_dam,SPPNORTH_HUB,spp:DA-LMP-SL,https://portal.spp.org/file-browser-api/download/da-lmp-by-settlement-location?path=/2026/08/By_Day/DA-LMP-SL-202608290100.csv,2026-09-25T06:59:53Z,
spp:SPPNORTH_HUB,lmp_dam,2026-08-30T01:00:00Z,31.7933,USD/MWh,PT1H,"US-AR,US-IA,US-KS,US-LA,US-MN,US-MO,US-MT,US-NE,US-NM,US-ND,US-OK,US-SD,US-TX,US-WY",spp_dam,SPPNORTH_HUB,spp:DA-LMP-SL,https://portal.spp.org/file-browser-api/download/da-lmp-by-settlement-location?path=/2026/08/By_Day/DA-LMP-SL-202608290100.csv,2026-09-25T06:59:53Z,
spp:SPPNORTH_HUB,lmp_dam,2026-08-30T02:00:00Z,24.5305,USD/MWh,PT1H,"US-AR,US-IA,US-KS,US-LA,US-MN,US-MO,US-MT,US-NE,US-NM,US-ND,US-OK,US-SD,US-TX,US-WY",spp_dam,SPPNORTH_HUB,spp:DA-LMP-SL,https://portal.spp.org/file-browser-api/download/da-lmp-by-settlement-location?path=/2026/08/By_Day/DA-LMP-SL-202608290100.csv,2026-09-25T06:59:53Z,
spp:SPPNORTH_HUB,lmp_dam,2026-08-30T03:00:00Z,16.4795,USD/MWh,PT1H,"US-AR,US-IA,US-KS,US-LA,US-MN,US-MO,US-MT,US-NE,US-NM,US-ND,US-OK,US-SD,US-TX,US-WY",spp_dam,SPPNORTH_HUB,spp:DA-LMP-SL,https://portal.spp.org/file-browser-api/download/da-lmp-by-settlement-location?path=/2026/08/By_Day/DA-LMP-SL-202608290100.csv,2026-09-25T06:59:53Z,
spp:SPPNORTH_HUB,lmp_dam,2026-08-30T04:00:00Z,12.317,USD/MWh,PT1H,"US-AR,US-IA,US-KS,US-LA,US-MN,US-MO,US-MT,US-NE,US-NM,US-ND,US-OK,US-SD,US-TX,US-WY",spp_dam,SPPNORTH_HUB,spp:DA-LMP-SL,https://portal.spp.org/file-browser-api/download/da-lmp-by-settlement-location?path=/2026/08/By_Day/DA-LMP-SL-202608290100.csv,2026-09-25T06:59:53Z,
spp:SPPNORTH_HUB,lmp_dam,2026-08-30T05:00:00Z,3.9336,USD/MWh,PT1H,"US-AR,US-IA,US-KS,US-LA,US-MN,US-MO,US-MT,US-NE,US-NM,US-ND,US-OK,US-SD,US-TX,US-WY",spp_dam,SPPNORTH_HUB,spp:DA-LMP-SL,https://portal.spp.org/file-browser-api/download/da-lmp-by-settlement-location?path=/2026/08/By_Day/DA-LMP-SL-202608300100.csv,2026-09-25T06:59:57Z,
spp:SPPNORTH_HUB,lmp_dam,2026-08-30T06:00:00Z,1.3546,USD/MWh,PT1H,"US-AR,US-IA,US-KS,US-LA,US-MN,US-MO,US-MT,US-NE,US-NM,US-ND,US-OK,US-SD,US-TX,US-WY",spp_dam,SPPNORTH_HUB,spp:DA-LMP-SL,https://portal.spp.org/file-browser-api/download/da-lmp-by-settlement-location?path=/2026/08/By_Day/DA-LMP-SL-202608300100.csv,2026-09-25T06:59:57Z,
spp:SPPNORTH_HUB,lmp_dam,2026-08-30T07:00:00Z,1.1641,USD/MWh,PT1H,"US-AR,US-IA,US-KS,US-LA,US-MN,US-MO,US-MT,US-NE,US-NM,US-ND,US-OK,US-SD,US-TX,US-WY",spp_dam,SPPNORTH_HUB,spp:DA-LMP-SL,https://portal.spp.org/file-browser-api/download/da-lmp-by-settlement-location?path=/2026/08/By_Day/DA-LMP-SL-202608300100.csv,2026-09-25T06:59:57Z,
spp:SPPNORTH_HUB,lmp_dam,2026-08-30T08:00:00Z,0.9122,USD/MWh,PT1H,"US-AR,US-IA,US-KS,US-LA,US-MN,US-MO,US-MT,US-NE,US-NM,US-ND,US-OK,US-SD,US-TX,US-WY",spp_dam,SPPNORTH_HUB,spp:DA-LMP-SL,https://portal.spp.org/file-browser-api/download/da-lmp-by-settlement-location?path=/2026/08/By_Day/DA-LMP-SL-202608300100.csv,2026-09-25T06:59:57Z,
spp:SPPNORTH_HUB,lmp_dam,2026-08-30T09:00:00Z,0.0436,USD/MWh,PT1H,"US-AR,US-IA,US-KS,US-LA,US-MN,US-MO,US-MT,US-NE,US-NM,US-ND,US-OK,US-SD,US-TX,US-WY",spp_dam,SPPNORTH_HUB,spp:DA-LMP-SL,https://portal.spp.org/file-browser-api/download/da-lmp-by-settlement-location?path=/2026/08/By_Day/DA-LMP-SL-202608300100.csv,2026-09-25T06:59:57Z,
spp:SPPNORTH_HUB,lmp_dam,2026-08-30T10:00:00Z,2.1913,USD/MWh,PT1H,"US-AR,US-IA,US-KS,US-LA,US-MN,US-MO,US-MT,US-NE,US-NM,US-ND,US-OK,US-SD,US-TX,US-WY",spp_dam,SPPNORTH_HUB,spp:DA-LMP-SL,https://portal.spp.org/file-browser-api/download/da-lmp-by-settlement-location?path=/2026/08/By_Day/DA-LMP-SL-202608300100.csv,2026-09-25T06:59:57Z,
spp:SPPNORTH_HUB,lmp_dam,2026-08-30T11:00:00Z,4.6624,USD/MWh,PT1H,"US-AR,US-IA,US-KS,US-LA,US-MN,US-MO,US-MT,US-NE,US-NM,US-ND,US-OK,US-SD,US-TX,US-WY",spp_dam,SPPNORTH_HUB,spp:DA-LMP-SL,https://portal.spp.org/file-browser-api/download/da-lmp-by-settlement-location?path=/2026/08/By_Day/DA-LMP-SL-202608300100.csv,2026-09-25T06:59:57Z,
spp:SPPNORTH_HUB,lmp_dam,2026-08-30T12:00:00Z,9.9843,USD/MWh,PT1H,"US-AR,US-IA,US-KS,US-LA,US-MN,US-MO,US-MT,US-NE,US-NM,US-ND,US-OK,US-SD,US-TX,US-WY",spp_dam,SPPNORTH_HUB,spp:DA-LMP-SL,https://portal.spp.org/file-browser-api/download/da-lmp-by-settlement-location?path=/2026/08/By_Day/DA-LMP-SL-202608300100.csv,2026-09-25T06:59:57Z,
spp:SPPNORTH_HUB,lmp_dam,2026-08-30T13:00:00Z,26.4867,USD/MWh,PT1H,"US-AR,US-IA,US-KS,US-LA,US-MN,US-MO,US-MT,US-NE,US-NM,US-ND,US-OK,US-SD,US-TX,US-WY",spp_dam,SPPNORTH_HUB,spp:DA-LMP-SL,https://portal.spp.org/file-browser-api/download/da-lmp-by-settlement-location?path=/2026/08/By_Day/DA-LMP-SL-202608300100.csv,2026-09-25T06:59:57Z,
spp:SPPNORTH_HUB,lmp_dam,2026-08-30T14:00:00Z,31.2176,USD/MWh,PT1H,"US-AR,US-IA,US-KS,US-LA,US-MN,US-MO,US-MT,US-NE,US-NM,US-ND,US-OK,US-SD,US-TX,US-WY",spp_dam,SPPNORTH_HUB,spp:DA-LMP-SL,https://portal.spp.org/file-browser-api/download/da-lmp-by-settlement-location?path=/2026/08/By_Day/DA-LMP-SL-202608300100.csv,2026-09-25T06:59:57Z,
spp:SPPNORTH_HUB,lmp_dam,2026-08-30T15:00:00Z,34.155,USD/MWh,PT1H,"US-AR,US-IA,US-KS,US-LA,US-MN,US-MO,US-MT,US-NE,US-NM,US-ND,US-OK,US-SD,US-TX,US-WY",spp_dam,SPPNORTH_HUB,spp:DA-LMP-SL,https://portal.spp.org/file-browser-api/download/da-lmp-by-settlement-location?path=/2026/08/By_Day/DA-LMP-SL-202608300100.csv,2026-09-25T06:59:57Z,
spp:SPPNORTH_HUB,lmp_dam,2026-08-30T16:00:00Z,41.3552,USD/MWh,PT1H,"US-AR,US-IA,US-KS,US-LA,US-MN,US-MO,US-MT,US-NE,US-NM,US-ND,US-OK,US-SD,US-TX,US-WY",spp_dam,SPPNORTH_HUB,spp:DA-LMP-SL,https://portal.spp.org/file-browser-api/download/da-lmp-by-settlement-location?path=/2026/08/By_Day/DA-LMP-SL-202608300100.csv,2026-09-25T06:59:57Z,
spp:SPPNORTH_HUB,lmp_dam,2026-08-30T17:00:00Z,50.75,USD/MWh,PT1H,"US-AR,US-IA,US-KS,US-LA,US-MN,US-MO,US-MT,US-NE,US-NM,US-ND,US-OK,US-SD,US-TX,US-WY",spp_dam,SPPNORTH_HUB,spp:DA-LMP-SL,https://portal.spp.org/file-browser-api/download/da-lmp-by-settlement-location?path=/2026/08/By_Day/DA-LMP-SL-202608300100.csv,2026-09-25T06:59:57Z,
spp:SPPNORTH_HUB,lmp_dam,2026-08-30T18:00:00Z,61.1554,USD/MWh,PT1H,"US-AR,US-IA,US-KS,US-LA,US-MN,US-MO,US-MT,US-NE,US-NM,US-ND,US-OK,US-SD,US-TX,US-WY",spp_dam,SPPNORTH_HUB,spp:DA-LMP-SL,https://portal.spp.org/file-browser-api/download/da-lmp-by-settlement-location?path=/2026/08/By_Day/DA-LMP-SL-202608300100.csv,2026-09-25T06:59:57Z,
spp:SPPNORTH_HUB,lmp_dam,2026-08-30T19:00:00Z,67.0197,USD/MWh,PT1H,"US-AR,US-IA,US-KS,US-LA,US-MN,US-MO,US-MT,US-NE,US-NM,US-ND,US-OK,US-SD,US-TX,US-WY",spp_dam,SPPNORTH_HUB,spp:DA-LMP-SL,https://portal.spp.org/file-browser-api/download/da-lmp-by-settlement-location?path=/2026/08/By_Day/DA-LMP-SL-202608300100.csv,2026-09-25T06:59:57Z,
spp:SPPNORTH_HUB,lmp_dam,2026-08-30T20:00:00Z,76.8027,USD/MWh,PT1H,"US-AR,US-IA,US-KS,US-LA,US-MN,US-MO,US-MT,US-NE,US-NM,US-ND,US-OK,US-SD,US-TX,US-WY",spp_dam,SPPNORTH_HUB,spp:DA-LMP-SL,https://portal.spp.org/file-browser-api/download/da-lmp-by-settlement-location?path=/2026/08/By_Day/DA-LMP-SL-202608300100.csv,2026-09-25T06:59:57Z,
spp:SPPNORTH_HUB,lmp_dam,2026-08-30T21:00:00Z,91.979,USD/MWh,PT1H,"US-AR,US-IA,US-KS,US-LA,US-MN,US-MO,US-MT,US-NE,US-NM,US-ND,US-OK,US-SD,US-TX,US-WY",spp_dam,SPPNORTH_HUB,spp:DA-LMP-SL,https://portal.spp.org/file-browser-api/download/da-lmp-by-settlement-location?path=/2026/08/By_Day/DA-LMP-SL-202608300100.csv,2026-09-25T06:59:57Z,
spp:SPPNORTH_HUB,lmp_dam,2026-08-30T22:00:00Z,99.83,USD/MWh,PT1H,"US-AR,US-IA,US-KS,US-LA,US-MN,US-MO,US-MT,US-NE,US-NM,US-ND,US-OK,US-SD,US-TX,US-WY",spp_dam,SPPNORTH_HUB,spp:DA-LMP-SL,https://portal.spp.org/file-browser-api/download/da-lmp-by-settlement-location?path=/2026/08/By_Day/DA-LMP-SL-202608300100.csv,2026-09-25T06:59:57Z,
spp:SPPNORTH_HUB,lmp_dam,2026-08-30T23:00:00Z,106.8647,USD/MWh,PT1H,"US-AR,US-IA,US-KS,US-LA,US-MN,US-MO,US-MT,US-NE,US-NM,US-ND,US-OK,US-SD,US-TX,US-WY",spp_dam,SPPNORTH_HUB,spp:DA-LMP-SL,https://portal.spp.org/file-browser-api/download/da-lmp-by-settlement-location?path=/2026/08/By_Day/DA-LMP-SL-202608300100.csv,2026-09-25T06:59:57Z,
spp:SPPNORTH_HUB,lmp_dam,2026-08-31T00:00:00Z,111.6422,USD/MWh,PT1H,"US-AR,US-IA,US-KS,US-LA,US-MN,US-MO,US-MT,US-NE,US-NM,US-ND,US-OK,US-SD,US-TX,US-WY",spp_dam,SPPNORTH_HUB,spp:DA-LMP-SL,https://portal.spp.org/file-browser-api/download/da-lmp-by-settlement-location?path=/2026/08/By_Day/DA-LMP-SL-202608300100.csv,2026-09-25T06:59:57Z,
spp:SPPNORTH_HUB,lmp_dam,2026-08-31T01:00:00Z,45.2768,USD/MWh,PT1H,"US-AR,US-IA,US-KS,US-LA,US-MN,US-MO,US-MT,US-NE,US-NM,US-ND,US-OK,US-SD,US-TX,US-WY",spp_dam,SPPNORTH_HUB,spp:DA-LMP-SL,https://portal.spp.org/file-browser-api/download/da-lmp-by-settlement-location?path=/2026/08/By_Day/DA-LMP-SL-202608300100.csv,2026-09-25T06:59:57Z,
spp:SPPNORTH_HUB,lmp_dam,2026-08-31T02:00:00Z,32.7723,USD/MWh,PT1H,"US-AR,US-IA,US-KS,US-LA,US-MN,US-MO,US-MT,US-NE,US-NM,US-ND,US-OK,US-SD,US-TX,US-WY",spp_dam,SPPNORTH_HUB,spp:DA-LMP-SL,https://portal.spp.org/file-browser-api/download/da-lmp-by-settlement-location?path=/2026/08/By_Day/DA-LMP-SL-202608300100.csv,2026-09-25T06:59:57Z,
spp:SPPNORTH_HUB,lmp_dam,2026-08-31T03:00:00Z,24.4115,USD/MWh,PT1H,"US-AR,US-IA,US-KS,US-LA,US-MN,US-MO,US-MT,US-NE,US-NM,US-ND,US-OK,US-SD,US-TX,US-WY",spp_dam,SPPNORTH_HUB,spp:DA-LMP-SL,https://portal.spp.org/file-browser-api/download/da-lmp-by-settlement-location?path=/2026/08/By_Day/DA-LMP-SL-202608300100.csv,2026-09-25T06:59:57Z,
spp:SPPNORTH_HUB,lmp_dam,2026-08-31T04:00:00Z,13.3657,USD/MWh,PT1H,"US-AR,US-IA,US-KS,US-LA,US-MN,US-MO,US-MT,US-NE,US-NM,US-ND,US-OK,US-SD,US-TX,US-WY",spp_dam,SPPNORTH_HUB,spp:DA-LMP-SL,https://portal.spp.org/file-browser-api/download/da-lmp-by-settlement-location?path=/2026/08/By_Day/DA-LMP-SL-202608300100.csv,2026-09-25T06:59:57Z,
spp:SPPNORTH_HUB,lmp_dam,2026-08-31T05:00:00Z,9.2579,USD/MWh,PT1H,"US-AR,US-IA,US-KS,US-LA,US-MN,US-MO,US-MT,US-NE,US-NM,US-ND,US-OK,US-SD,US-TX,US-WY",spp_dam,SPPNORTH_HUB,spp:DA-LMP-SL,https://portal.spp.org/file-browser-api/download/da-lmp-by-settlement-location?path=/2026/08/By_Day/DA-LMP-SL-202608310100.csv,2026-09-25T06:59:51Z,
spp:SPPNORTH_HUB,lmp_dam,2026-08-31T06:00:00Z,5.9491,USD/MWh,PT1H,"US-AR,US-IA,US-KS,US-LA,US-MN,US-MO,US-MT,US-NE,US-NM,US-ND,US-OK,US-SD,US-TX,US-WY",spp_dam,SPPNORTH_HUB,spp:DA-LMP-SL,https://portal.spp.org/file-browser-api/download/da-lmp-by-settlement-location?path=/2026/08/By_Day/DA-LMP-SL-202608310100.csv,2026-09-25T06:59:51Z,
spp:SPPNORTH_HUB,lmp_dam,2026-08-31T07:00:00Z,4.1595,USD/MWh,PT1H,"US-AR,US-IA,US-KS,US-LA,US-MN,US-MO,US-MT,US-NE,US-NM,US-ND,US-OK,US-SD,US-TX,US-WY",spp_dam,SPPNORTH_HUB,spp:DA-LMP-SL,https://portal.spp.org/file-browser-api/download/da-lmp-by-settlement-location?path=/2026/08/By_Day/DA-LMP-SL-202608310100.csv,2026-09-25T06:59:51Z,
spp:SPPNORTH_HUB,lmp_dam,2026-08-31T08:00:00Z,3.8234,USD/MWh,PT1H,"US-AR,US-IA,US-KS,US-LA,US-MN,US-MO,US-MT,US-NE,US-NM,US-ND,US-OK,US-SD,US-TX,US-WY",spp_dam,SPPNORTH_HUB,spp:DA-LMP-SL,https://portal.spp.org/file-browser-api/download/da-lmp-by-settlement-location?path=/2026/08/By_Day/DA-LMP-SL-202608310100.csv,2026-09-25T06:59:51Z,
spp:SPPNORTH_HUB,lmp_dam,2026-08-31T09:00:00Z,5.2782,USD/MWh,PT1H,"US-AR,US-IA,US-KS,US-LA,US-MN,US-MO,US-MT,US-NE,US-NM,US-ND,US-OK,US-SD,US-TX,US-WY",spp_dam,SPPNORTH_HUB,spp:DA-LMP-SL,https://portal.spp.org/file-browser-api/download/da-lmp-by-settlement-location?path=/2026/08/By_Day/DA-LMP-SL-202608310100.csv,2026-09-25T06:59:51Z,
spp:SPPNORTH_HUB,lmp_dam,2026-08-31T10:00:00Z,10.1773,USD/MWh,PT1H,"US-AR,US-IA,US-KS,US-LA,US-MN,US-MO,US-MT,US-NE,US-NM,US-ND,US-OK,US-SD,US-TX,US-WY",spp_dam,SPPNORTH_HUB,spp:DA-LMP-SL,https://portal.spp.org/file-browser-api/download/da-lmp-by-settlement-location?path=/2026/08/By_Day/DA-LMP-SL-202608310100.csv,2026-09-25T06:59:51Z,
spp:SPPNORTH_HUB,lmp_dam,2026-08-31T11:00:00Z,20.1655,USD/MWh,PT1H,"US-AR,US-IA,US-KS,US-LA,US-MN,US-MO,US-MT,US-NE,US-NM,US-ND,US-OK,US-SD,US-TX,US-WY",spp_dam,SPPNORTH_HUB,spp:DA-LMP-SL,https://portal.spp.org/file-browser-api/download/da-lmp-by-settlement-location?path=/2026/08/By_Day/DA-LMP-SL-202608310100.csv,2026-09-25T06:59:51Z,
spp:SPPNORTH_HUB,lmp_dam,2026-08-31T12:00:00Z,24.3977,USD/MWh,PT1H,"US-AR,US-IA,US-KS,US-LA,US-MN,US-MO,US-MT,US-NE,US-NM,US-ND,US-OK,US-SD,US-TX,US-WY",spp_dam,SPPNORTH_HUB,spp:DA-LMP-SL,https://portal.spp.org/file-browser-api/download/da-lmp-by-settlement-location?path=/2026/08/By_Day/DA-LMP-SL-202608310100.csv,2026-09-25T06:59:51Z,
spp:SPPNORTH_HUB,lmp_dam,2026-08-31T13:00:00Z,34.3287,USD/MWh,PT1H,"US-AR,US-IA,US-KS,US-LA,US-MN,US-MO,US-MT,US-NE,US-NM,US-ND,US-OK,US-SD,US-TX,US-WY",spp_dam,SPPNORTH_HUB,spp:DA-LMP-SL,https://portal.spp.org/file-browser-api/download/da-lmp-by-settlement-location?path=/2026/08/By_Day/DA-LMP-SL-202608310100.csv,2026-09-25T06:59:51Z,
spp:SPPNORTH_HUB,lmp_dam,2026-08-31T14:00:00Z,41.5152,USD/MWh,PT1H,"US-AR,US-IA,US-KS,US-LA,US-MN,US-MO,US-MT,US-NE,US-NM,US-ND,US-OK,US-SD,US-TX,US-WY",spp_dam,SPPNORTH_HUB,spp:DA-LMP-SL,https://portal.spp.org/file-browser-api/download/da-lmp-by-settlement-location?path=/2026/08/By_Day/DA-LMP-SL-202608310100.csv,2026-09-25T06:59:51Z,
spp:SPPNORTH_HUB,lmp_dam,2026-08-31T15:00:00Z,54.4577,USD/MWh,PT1H,"US-AR,US-IA,US-KS,US-LA,US-MN,US-MO,US-MT,US-NE,US-NM,US-ND,US-OK,US-SD,US-TX,US-WY",spp_dam,SPPNORTH_HUB,spp:DA-LMP-SL,https://portal.spp.org/file-browser-api/download/da-lmp-by-settlement-location?path=/2026/08/By_Day/DA-LMP-SL-202608310100.csv,2026-09-25T06:59:51Z,
spp:SPPNORTH_HUB,lmp_dam,2026-08-31T16:00:00Z,62.162,USD/MWh,PT1H,"US-AR,US-IA,US-KS,US-LA,US-MN,US-MO,US-MT,US-NE,US-NM,US-ND,US-OK,US-SD,US-TX,US-WY",spp_dam,SPPNORTH_HUB,spp:DA-LMP-SL,https://portal.spp.org/file-browser-api/download/da-lmp-by-settlement-location?path=/2026/08/By_Day/DA-LMP-SL-202608310100.csv,2026-09-25T06:59:51Z,
spp:SPPNORTH_HUB,lmp_dam,2026-08-31T17:00:00Z,69.3806,USD/MWh,PT1H,"US-AR,US-IA,US-KS,US-LA,US-MN,US-MO,US-MT,US-NE,US-NM,US-ND,US-OK,US-SD,US-TX,US-WY",spp_dam,SPPNORTH_HUB,spp:DA-LMP-SL,https://portal.spp.org/file-browser-api/download/da-lmp-by-settlement-location?path=/2026/08/By_Day/DA-LMP-SL-202608310100.csv,2026-09-25T06:59:51Z,
spp:SPPNORTH_HUB,lmp_dam,2026-08-31T18:00:00Z,105.411,USD/MWh,PT1H,"US-AR,US-IA,US-KS,US-LA,US-MN,US-MO,US-MT,US-NE,US-NM,US-ND,US-OK,US-SD,US-TX,US-WY",spp_dam,SPPNORTH_HUB,spp:DA-LMP-SL,https://portal.spp.org/file-browser-api/download/da-lmp-by-settlement-location?path=/2026/08/By_Day/DA-LMP-SL-202608310100.csv,2026-09-25T06:59:51Z,
spp:SPPNORTH_HUB,lmp_dam,2026-08-31T19:00:00Z,148.7564,USD/MWh,PT1H,"US-AR,US-IA,US-KS,US-LA,US-MN,US-MO,US-MT,US-NE,US-NM,US-ND,US-OK,US-SD,US-TX,US-WY",spp_dam,SPPNORTH_HUB,spp:DA-LMP-SL,https://portal.spp.org/file-browser-api/download/da-lmp-by-settlement-location?path=/2026/08/By_Day/DA-LMP-SL-202608310100.csv,2026-09-25T06:59:51Z,
spp:SPPNORTH_HUB,lmp_dam,2026-08-31T20:00:00Z,168.6419,USD/MWh,PT1H,"US-AR,US-IA,US-KS,US-LA,US-MN,US-MO,US-MT,US-NE,US-NM,US-ND,US-OK,US-SD,US-TX,US-WY",spp_dam,SPPNORTH_HUB,spp:DA-LMP-SL,https://portal.spp.org/file-browser-api/download/da-lmp-by-settlement-location?path=/2026/08/By_Day/DA-LMP-SL-202608310100.csv,2026-09-25T06:59:51Z,
spp:SPPNORTH_HUB,lmp_dam,2026-08-31T21:00:00Z,184.0943,USD/MWh,PT1H,"US-AR,US-IA,US-KS,US-LA,US-MN,US-MO,US-MT,US-NE,US-NM,US-ND,US-OK,US-SD,US-TX,US-WY",spp_dam,SPPNORTH_HUB,spp:DA-LMP-SL,https://portal.spp.org/file-browser-api/download/da-lmp-by-settlement-location?path=/2026/08/By_Day/DA-LMP-SL-202608310100.csv,2026-09-25T06:59:51Z,
spp:SPPNORTH_HUB,lmp_dam,2026-08-31T22:00:00Z,180.2882,USD/MWh,PT1H,"US-AR,US-IA,US-KS,US-LA,US-MN,US-MO,US-MT,US-NE,US-NM,US-ND,US-OK,US-SD,US-TX,US-WY",spp_dam,SPPNORTH_HUB,spp:DA-LMP-SL,https://portal.spp.org/file-browser-api/download/da-lmp-by-settlement-location?path=/2026/08/By_Day/DA-LMP-SL-202608310100.csv,2026-09-25T06:59:51Z,
spp:SPPNORTH_HUB,lmp_dam,2026-08-31T23:00:00Z,172.7207,USD/MWh,PT1H,"US-AR,US-IA,US-KS,US-LA,US-MN,US-MO,US-MT,US-NE,US-NM,US-ND,US-OK,US-SD,US-TX,US-WY",spp_dam,SPPNORTH_HUB,spp:DA-LMP-SL,https://portal.spp.org/file-browser-api/download/da-lmp-by-settlement-location?path=/2026/08/By_Day/DA-LMP-SL-202608310100.csv,2026-09-25T06:59:51Z,
spp:SPPNORTH_HUB,lmp_dam,2026-09-01T00:00:00Z,125.7493,USD/MWh,PT1H,"US-AR,US-IA,US-KS,US-LA,US-MN,US-MO,US-MT,US-NE,US-NM,US-ND,US-OK,US-SD,US-TX,US-WY",spp_dam,SPPNORTH_HUB,spp:DA-LMP-SL,https://portal.spp.org/file-browser-api/download/da-lmp-by-settlement-location?path=/2026/08/By_Day/DA-LMP-SL-202608310100.csv,2026-09-25T06:59:51Z,
spp:SPPNORTH_HUB,lmp_dam,2026-09-01T01:00:00Z,89.0432,USD/MWh,PT1H,"US-AR,US-IA,US-KS,US-LA,US-MN,US-MO,US-MT,US-NE,US-NM,US-ND,US-OK,US-SD,US-TX,US-WY",spp_dam,SPPNORTH_HUB,spp:DA-LMP-SL,https://portal.spp.org/file-browser-api/download/da-lmp-by-settlement-location?path=/2026/08/By_Day/DA-LMP-SL-202608310100.csv,2026-09-25T06:59:51Z,
spp:SPPNORTH_HUB,lmp_dam,2026-09-01T02:00:00Z,59.0515,USD/MWh,PT1H,"US-AR,US-IA,US-KS,US-LA,US-MN,US-MO,US-MT,US-NE,US-NM,US-ND,US-OK,US-SD,US-TX,US-WY",spp_dam,SPPNORTH_HUB,spp:DA-LMP-SL,https://portal.spp.org/file-browser-api/download/da-lmp-by-settlement-location?path=/2026/08/By_Day/DA-LMP-SL-202608310100.csv,2026-09-25T06:59:51Z,
spp:SPPNORTH_HUB,lmp_dam,2026-09-01T03:00:00Z,34.4786,USD/MWh,PT1H,"US-AR,US-IA,US-KS,US-LA,US-MN,US-MO,US-MT,US-NE,US-NM,US-ND,US-OK,US-SD,US-TX,US-WY",spp_dam,SPPNORTH_HUB,spp:DA-LMP-SL,https://portal.spp.org/file-browser-api/download/da-lmp-by-settlement-location?path=/2026/08/By_Day/DA-LMP-SL-202608310100.csv,2026-09-25T06:59:51Z,
spp:SPPNORTH_HUB,lmp_dam,2026-09-01T04:00:00Z,28.2655,USD/MWh,PT1H,"US-AR,US-IA,US-KS,US-LA,US-MN,US-MO,US-MT,US-NE,US-NM,US-ND,US-OK,US-SD,US-TX,US-WY",spp_dam,SPPNORTH_HUB,spp:DA-LMP-SL,https://portal.spp.org/file-browser-api/download/da-lmp-by-settlement-location?path=/2026/08/By_Day/DA-LMP-SL-202608310100.csv,2026-09-25T06:59:51Z,
spp:SPPNORTH_HUB,lmp_dam,2026-09-01T05:00:00Z,22.155,USD/MWh,PT1H,"US-AR,US-IA,US-KS,US-LA,US-MN,US-MO,US-MT,US-NE,US-NM,US-ND,US-OK,US-SD,US-TX,US-WY",spp_dam,SPPNORTH_HUB,spp:DA-LMP-SL,https://portal.spp.org/file-browser-api/download/da-lmp-by-settlement-location?path=/2026/09/By_Day/DA-LMP-SL-202609010100.csv,2026-09-25T07:00:29Z,
spp:SPPNORTH_HUB,lmp_dam,2026-09-01T06:00:00Z,19.8848,USD/MWh,PT1H,"US-AR,US-IA,US-KS,US-LA,US-MN,US-MO,US-MT,US-NE,US-NM,US-ND,US-OK,US-SD,US-TX,US-WY",spp_dam,SPPNORTH_HUB,spp:DA-LMP-SL,https://portal.spp.org/file-browser-api/download/da-lmp-by-settlement-location?path=/2026/09/By_Day/DA-LMP-SL-202609010100.csv,2026-09-25T07:00:29Z,
spp:SPPNORTH_HUB,lmp_dam,2026-09-01T07:00:00Z,16.7754,USD/MWh,PT1H,"US-AR,US-IA,US-KS,US-LA,US-MN,US-MO,US-MT,US-NE,US-NM,US-ND,US-OK,US-SD,US-TX,US-WY",spp_dam,SPPNORTH_HUB,spp:DA-LMP-SL,https://portal.spp.org/file-browser-api/download/da-lmp-by-settlement-location?path=/2026/09/By_Day/DA-LMP-SL-202609010100.csv,2026-09-25T07:00:29Z,
spp:SPPNORTH_HUB,lmp_dam,2026-09-01T08:00:00Z,16.2488,USD/MWh,PT1H,"US-AR,US-IA,US-KS,US-LA,US-MN,US-MO,US-MT,US-NE,US-NM,US-ND,US-OK,US-SD,US-TX,US-WY",spp_dam,SPPNORTH_HUB,spp:DA-LMP-SL,https://portal.spp.org/file-browser-api/download/da-lmp-by-settlement-location?path=/2026/09/By_Day/DA-LMP-SL-202609010100.csv,2026-09-25T07:00:29Z,
spp:SPPNORTH_HUB,lmp_dam,2026-09-01T09:00:00Z,17.1686,USD/MWh,PT1H,"US-AR,US-IA,US-KS,US-LA,US-MN,US-MO,US-MT,US-NE,US-NM,US-ND,US-OK,US-SD,US-TX,US-WY",spp_dam,SPPNORTH_HUB,spp:DA-LMP-SL,https://portal.spp.org/file-browser-api/download/da-lmp-by-settlement-location?path=/2026/09/By_Day/DA-LMP-SL-202609010100.csv,2026-09-25T07:00:29Z,
spp:SPPNORTH_HUB,lmp_dam,2026-09-01T10:00:00Z,25.0843,USD/MWh,PT1H,"US-AR,US-IA,US-KS,US-LA,US-MN,US-MO,US-MT,US-NE,US-NM,US-ND,US-OK,US-SD,US-TX,US-WY",spp_dam,SPPNORTH_HUB,spp:DA-LMP-SL,https://portal.spp.org/file-browser-api/download/da-lmp-by-settlement-location?path=/2026/09/By_Day/DA-LMP-SL-202609010100.csv,2026-09-25T07:00:29Z,
spp:SPPNORTH_HUB,lmp_dam,2026-09-01T11:00:00Z,31.441,USD/MWh,PT1H,"US-AR,US-IA,US-KS,US-LA,US-MN,US-MO,US-MT,US-NE,US-NM,US-ND,US-OK,US-SD,US-TX,US-WY",spp_dam,SPPNORTH_HUB,spp:DA-LMP-SL,https://portal.spp.org/file-browser-api/download/da-lmp-by-settlement-location?path=/2026/09/By_Day/DA-LMP-SL-202609010100.csv,2026-09-25T07:00:29Z,
spp:SPPNORTH_HUB,lmp_dam,2026-09-01T12:00:00Z,34.2604,USD/MWh,PT1H,"US-AR,US-IA,US-KS,US-LA,US-MN,US-MO,US-MT,US-NE,US-NM,US-ND,US-OK,US-SD,US-TX,US-WY",spp_dam,SPPNORTH_HUB,spp:DA-LMP-SL,https://portal.spp.org/file-browser-api/download/da-lmp-by-settlement-location?path=/2026/09/By_Day/DA-LMP-SL-202609010100.csv,2026-09-25T07:00:29Z,
spp:SPPNORTH_HUB,lmp_dam,2026-09-01T13:00:00Z,44.1226,USD/MWh,PT1H,"US-AR,US-IA,US-KS,US-LA,US-MN,US-MO,US-MT,US-NE,US-NM,US-ND,US-OK,US-SD,US-TX,US-WY",spp_dam,SPPNORTH_HUB,spp:DA-LMP-SL,https://portal.spp.org/file-browser-api/download/da-lmp-by-settlement-location?path=/2026/09/By_Day/DA-LMP-SL-202609010100.csv,2026-09-25T07:00:29Z,
spp:SPPNORTH_HUB,lmp_dam,2026-09-01T14:00:00Z,60.4289,USD/MWh,PT1H,"US-AR,US-IA,US-KS,US-LA,US-MN,US-MO,US-MT,US-NE,US-NM,US-ND,US-OK,US-SD,US-TX,US-WY",spp_dam,SPPNORTH_HUB,spp:DA-LMP-SL,https://portal.spp.org/file-browser-api/download/da-lmp-by-settlement-location?path=/2026/09/By_Day/DA-LMP-SL-202609010100.csv,2026-09-25T07:00:29Z,
spp:SPPNORTH_HUB,lmp_dam,2026-09-01T15:00:00Z,62.8431,USD/MWh,PT1H,"US-AR,US-IA,US-KS,US-LA,US-MN,US-MO,US-MT,US-NE,US-NM,US-ND,US-OK,US-SD,US-TX,US-WY",spp_dam,SPPNORTH_HUB,spp:DA-LMP-SL,https://portal.spp.org/file-browser-api/download/da-lmp-by-settlement-location?path=/2026/09/By_Day/DA-LMP-SL-202609010100.csv,2026-09-25T07:00:29Z,
spp:SPPNORTH_HUB,lmp_dam,2026-09-01T16:00:00Z,64.41,USD/MWh,PT1H,"US-AR,US-IA,US-KS,US-LA,US-MN,US-MO,US-MT,US-NE,US-NM,US-ND,US-OK,US-SD,US-TX,US-WY",spp_dam,SPPNORTH_HUB,spp:DA-LMP-SL,https://portal.spp.org/file-browser-api/download/da-lmp-by-settlement-location?path=/2026/09/By_Day/DA-LMP-SL-202609010100.csv,2026-09-25T07:00:29Z,
spp:SPPNORTH_HUB,lmp_dam,2026-09-01T17:00:00Z,79.77,USD/MWh,PT1H,"US-AR,US-IA,US-KS,US-LA,US-MN,US-MO,US-MT,US-NE,US-NM,US-ND,US-OK,US-SD,US-TX,US-WY",spp_dam,SPPNORTH_HUB,spp:DA-LMP-SL,https://portal.spp.org/file-browser-api/download/da-lmp-by-settlement-location?path=/2026/09/By_Day/DA-LMP-SL-202609010100.csv,2026-09-25T07:00:29Z,
spp:SPPNORTH_HUB,lmp_dam,2026-09-01T18:00:00Z,94.0236,USD/MWh,PT1H,"US-AR,US-IA,US-KS,US-LA,US-MN,US-MO,US-MT,US-NE,US-NM,US-ND,US-OK,US-SD,US-TX,US-WY",spp_dam,SPPNORTH_HUB,spp:DA-LMP-SL,https://portal.spp.org/file-browser-api/download/da-lmp-by-settlement-location?path=/2026/09/By_Day/DA-LMP-SL-202609010100.csv,2026-09-25T07:00:29Z,
spp:SPPNORTH_HUB,lmp_dam,2026-09-01T19:00:00Z,120.8345,USD/MWh,PT1H,"US-AR,US-IA,US-KS,US-LA,US-MN,US-MO,US-MT,US-NE,US-NM,US-ND,US-OK,US-SD,US-TX,US-WY",spp_dam,SPPNORTH_HUB,spp:DA-LMP-SL,https://portal.spp.org/file-browser-api/download/da-lmp-by-settlement-location?path=/2026/09/By_Day/DA-LMP-SL-202609010100.csv,2026-09-25T07:00:29Z,
spp:SPPNORTH_HUB,lmp_dam,2026-09-01T20:00:00Z,143.4415,USD/MWh,PT1H,"US-AR,US-IA,US-KS,US-LA,US-MN,US-MO,US-MT,US-NE,US-NM,US-ND,US-OK,US-SD,US-TX,US-WY",spp_dam,SPPNORTH_HUB,spp:DA-LMP-SL,https://portal.spp.org/file-browser-api/download/da-lmp-by-settlement-location?path=/2026/09/By_Day/DA-LMP-SL-202609010100.csv,2026-09-25T07:00:29Z,
spp:SPPNORTH_HUB,lmp_dam,2026-09-01T21:00:00Z,180.9881,USD/MWh,PT1H,"US-AR,US-IA,US-KS,US-LA,US-MN,US-MO,US-MT,US-NE,US-NM,US-ND,US-OK,US-SD,US-TX,US-WY",spp_dam,SPPNORTH_HUB,spp:DA-LMP-SL,https://portal.spp.org/file-browser-api/download/da-lmp-by-settlement-location?path=/2026/09/By_Day/DA-LMP-SL-202609010100.csv,2026-09-25T07:00:29Z,
spp:SPPNORTH_HUB,lmp_dam,2026-09-01T22:00:00Z,200.1556,USD/MWh,PT1H,"US-AR,US-IA,US-KS,US-LA,US-MN,US-MO,US-MT,US-NE,US-NM,US-ND,US-OK,US-SD,US-TX,US-WY",spp_dam,SPPNORTH_HUB,spp:DA-LMP-SL,https://portal.spp.org/file-browser-api/download/da-lmp-by-settlement-location?path=/2026/09/By_Day/DA-LMP-SL-202609010100.csv,2026-09-25T07:00:29Z,
spp:SPPNORTH_HUB,lmp_dam,2026-09-01T23:00:00Z,228.3147,USD/MWh,PT1H,"US-AR,US-IA,US-KS,US-LA,US-MN,US-MO,US-MT,US-NE,US-NM,US-ND,US-OK,US-SD,US-TX,US-WY",spp_dam,SPPNORTH_HUB,spp:DA-LMP-SL,https://portal.spp.org/file-browser-api/download/da-lmp-by-settlement-location?path=/2026/09/By_Day/DA-LMP-SL-202609010100.csv,2026-09-25T07:00:29Z,
spp:SPPNORTH_HUB,lmp_dam,2026-09-02T00:00:00Z,143.0366,USD/MWh,PT1H,"US-AR,US-IA,US-KS,US-LA,US-MN,US-MO,US-MT,US-NE,US-NM,US-ND,US-OK,US-SD,US-TX,US-WY",spp_dam,SPPNORTH_HUB,spp:DA-LMP-SL,https://portal.spp.org/file-browser-api/download/da-lmp-by-settlement-location?path=/2026/09/By_Day/DA-LMP-SL-202609010100.csv,2026-09-25T07:00:29Z,
spp:SPPNORTH_HUB,lmp_dam,2026-09-02T01:00:00Z,71.6015,USD/MWh,PT1H,"US-AR,US-IA,US-KS,US-LA,US-MN,US-MO,US-MT,US-NE,US-NM,US-ND,US-OK,US-SD,US-TX,US-WY",spp_dam,SPPNORTH_HUB,spp:DA-LMP-SL,https://portal.spp.org/file-browser-api/download/da-lmp-by-settlement-location?path=/2026/09/By_Day/DA-LMP-SL-202609010100.csv,2026-09-25T07:00:29Z,
spp:SPPNORTH_HUB,lmp_dam,2026-09-02T02:00:00Z,36.7893,USD/MWh,PT1H,"US-AR,US-IA,US-KS,US-LA,US-MN,US-MO,US-MT,US-NE,US-NM,US-ND,US-OK,US-SD,US-TX,US-WY",spp_dam,SPPNORTH_HUB,spp:DA-LMP-SL,https://portal.spp.org/file-browser-api/download/da-lmp-by-settlement-location?path=/2026/09/By_Day/DA-LMP-SL-202609010100.csv,2026-09-25T07:00:29Z,
spp:SPPNORTH_HUB,lmp_dam,2026-09-02T03:00:00Z,26.3024,USD/MWh,PT1H,"US-AR,US-IA,US-KS,US-LA,US-MN,US-MO,US-MT,US-NE,US-NM,US-ND,US-OK,US-SD,US-TX,US-WY",spp_dam,SPPNORTH_HUB,spp:DA-LMP-SL,https://portal.spp.org/file-browser-api/download/da-lmp-by-settlement-location?path=/2026/09/By_Day/DA-LMP-SL-202609010100.csv,2026-09-25T07:00:29Z,
spp:SPPNORTH_HUB,lmp_dam,2026-09-02T04:00:00Z,17.0201,USD/MWh,PT1H,"US-AR,US-IA,US-KS,US-LA,US-MN,US-MO,US-MT,US-NE,US-NM,US-ND,US-OK,US-SD,US-TX,US-WY",spp_dam,SPPNORTH_HUB,spp:DA-LMP-SL,https://portal.spp.org/file-browser-api/download/da-lmp-by-settlement-location?path=/2026/09/By_Day/DA-LMP-SL-202609010100.csv,2026-09-25T07:00:29Z,
spp:SPPNORTH_HUB,lmp_dam,2026-09-02T05:00:00Z,18.2138,USD/MWh,PT1H,"US-AR,US-IA,US-KS,US-LA,US-MN,US-MO,US-MT,US-NE,US-NM,US-ND,US-OK,US-SD,US-TX,US-WY",spp_dam,SPPNORTH_HUB,spp:DA-LMP-SL,https://portal.spp.org/file-browser-api/download/da-lmp-by-settlement-location?path=/2026/09/By_Day/DA-LMP-SL-202609020100.csv,2026-09-25T07:00:28Z,
spp:SPPNORTH_HUB,lmp_dam,2026-09-02T06:00:00Z,16.6461,USD/MWh,PT1H,"US-AR,US-IA,US-KS,US-LA,US-MN,US-MO,US-MT,US-NE,US-NM,US-ND,US-OK,US-SD,US-TX,US-WY",spp_dam,SPPNORTH_HUB,spp:DA-LMP-SL,https://portal.spp.org/file-browser-api/download/da-lmp-by-settlement-location?path=/2026/09/By_Day/DA-LMP-SL-202609020100.csv,2026-09-25T07:00:28Z,
spp:SPPNORTH_HUB,lmp_dam,2026-09-02T07:00:00Z,14.2384,USD/MWh,PT1H,"US-AR,US-IA,US-KS,US-LA,US-MN,US-MO,US-MT,US-NE,US-NM,US-ND,US-OK,US-SD,US-TX,US-WY",spp_dam,SPPNORTH_HUB,spp:DA-LMP-SL,https://portal.spp.org/file-browser-api/download/da-lmp-by-settlement-location?path=/2026/09/By_Day/DA-LMP-SL-202609020100.csv,2026-09-25T07:00:28Z,
spp:SPPNORTH_HUB,lmp_dam,2026-09-02T08:00:00Z,15.0652,USD/MWh,PT1H,"US-AR,US-IA,US-KS,US-LA,US-MN,US-MO,US-MT,US-NE,US-NM,US-ND,US-OK,US-SD,US-TX,US-WY",spp_dam,SPPNORTH_HUB,spp:DA-LMP-SL,https://portal.spp.org/file-browser-api/download/da-lmp-by-settlement-location?path=/2026/09/By_Day/DA-LMP-SL-202609020100.csv,2026-09-25T07:00:28Z,
spp:SPPNORTH_HUB,lmp_dam,2026-09-02T09:00:00Z,16.0551,USD/MWh,PT1H,"US-AR,US-IA,US-KS,US-LA,US-MN,US-MO,US-MT,US-NE,US-NM,US-ND,US-OK,US-SD,US-TX,US-WY",spp_dam,SPPNORTH_HUB,spp:DA-LMP-SL,https://portal.spp.org/file-browser-api/download/da-lmp-by-settlement-location?path=/2026/09/By_Day/DA-LMP-SL-202609020100.csv,2026-09-25T07:00:28Z,
spp:SPPNORTH_HUB,lmp_dam,2026-09-02T10:00:00Z,19.7283,USD/MWh,PT1H,"US-AR,US-IA,US-KS,US-LA,US-MN,US-MO,US-MT,US-NE,US-NM,US-ND,US-OK,US-SD,US-TX,US-WY",spp_dam,SPPNORTH_HUB,spp:DA-LMP-SL,https://portal.spp.org/file-browser-api/download/da-lmp-by-settlement-location?path=/2026/09/By_Day/DA-LMP-SL-202609020100.csv,2026-09-25T07:00:28Z,
spp:SPPNORTH_HUB,lmp_dam,2026-09-02T11:00:00Z,22.7855,USD/MWh,PT1H,"US-AR,US-IA,US-KS,US-LA,US-MN,US-MO,US-MT,US-NE,US-NM,US-ND,US-OK,US-SD,US-TX,US-WY",spp_dam,SPPNORTH_HUB,spp:DA-LMP-SL,https://portal.spp.org/file-browser-api/download/da-lmp-by-settlement-location?path=/2026/09/By_Day/DA-LMP-SL-202609020100.csv,2026-09-25T07:00:28Z,
spp:SPPNORTH_HUB,lmp_dam,2026-09-02T12:00:00Z,25.4079,USD/MWh,PT1H,"US-AR,US-IA,US-KS,US-LA,US-MN,US-MO,US-MT,US-NE,US-NM,US-ND,US-OK,US-SD,US-TX,US-WY",spp_dam,SPPNORTH_HUB,spp:DA-LMP-SL,https://portal.spp.org/file-browser-api/download/da-lmp-by-settlement-location?path=/2026/09/By_Day/DA-LMP-SL-202609020100.csv,2026-09-25T07:00:28Z,
spp:SPPNORTH_HUB,lmp_dam,2026-09-02T13:00:00Z,34.7491,USD/MWh,PT1H,"US-AR,US-IA,US-KS,US-LA,US-MN,US-MO,US-MT,US-NE,US-NM,US-ND,US-OK,US-SD,US-TX,US-WY",spp_dam,SPPNORTH_HUB,spp:DA-LMP-SL,https://portal.spp.org/file-browser-api/download/da-lmp-by-settlement-location?path=/2026/09/By_Day/DA-LMP-SL-202609020100.csv,2026-09-25T07:00:28Z,
spp:SPPNORTH_HUB,lmp_dam,2026-09-02T14:00:00Z,50.2487,USD/MWh,PT1H,"US-AR,US-IA,US-KS,US-LA,US-MN,US-MO,US-MT,US-NE,US-NM,US-ND,US-OK,US-SD,US-TX,US-WY",spp_dam,SPPNORTH_HUB,spp:DA-LMP-SL,https://portal.spp.org/file-browser-api/download/da-lmp-by-settlement-location?path=/2026/09/By_Day/DA-LMP-SL-202609020100.csv,2026-09-25T07:00:28Z,
spp:SPPNORTH_HUB,lmp_dam,2026-09-02T15:00:00Z,58.4474,USD/MWh,PT1H,"US-AR,US-IA,US-KS,US-LA,US-MN,US-MO,US-MT,US-NE,US-NM,US-ND,US-OK,US-SD,US-TX,US-WY",spp_dam,SPPNORTH_HUB,spp:DA-LMP-SL,https://portal.spp.org/file-browser-api/download/da-lmp-by-settlement-location?path=/2026/09/By_Day/DA-LMP-SL-202609020100.csv,2026-09-25T07:00:28Z,
spp:SPPNORTH_HUB,lmp_dam,2026-09-02T16:00:00Z,61.6581,USD/MWh,PT1H,"US-AR,US-IA,US-KS,US-LA,US-MN,US-MO,US-MT,US-NE,US-NM,US-ND,US-OK,US-SD,US-TX,US-WY",spp_dam,SPPNORTH_HUB,spp:DA-LMP-SL,https://portal.spp.org/file-browser-api/download/da-lmp-by-settlement-location?path=/2026/09/By_Day/DA-LMP-SL-202609020100.csv,2026-09-25T07:00:28Z,
spp:SPPNORTH_HUB,lmp_dam,2026-09-02T17:00:00Z,72.4191,USD/MWh,PT1H,"US-AR,US-IA,US-KS,US-LA,US-MN,US-MO,US-MT,US-NE,US-NM,US-ND,US-OK,US-SD,US-TX,US-WY",spp_dam,SPPNORTH_HUB,spp:DA-LMP-SL,https://portal.spp.org/file-browser-api/download/da-lmp-by-settlement-location?path=/2026/09/By_Day/DA-LMP-SL-202609020100.csv,2026-09-25T07:00:28Z,
spp:SPPNORTH_HUB,lmp_dam,2026-09-02T18:00:00Z,86.9694,USD/MWh,PT1H,"US-AR,US-IA,US-KS,US-LA,US-MN,US-MO,US-MT,US-NE,US-NM,US-ND,US-OK,US-SD,US-TX,US-WY",spp_dam,SPPNORTH_HUB,spp:DA-LMP-SL,https://portal.spp.org/file-browser-api/download/da-lmp-by-settlement-location?path=/2026/09/By_Day/DA-LMP-SL-202609020100.csv,2026-09-25T07:00:28Z,
spp:SPPNORTH_HUB,lmp_dam,2026-09-02T19:00:00Z,95.5994,USD/MWh,PT1H,"US-AR,US-IA,US-KS,US-LA,US-MN,US-MO,US-MT,US-NE,US-NM,US-ND,US-OK,US-SD,US-TX,US-WY",spp_dam,SPPNORTH_HUB,spp:DA-LMP-SL,https://portal.spp.org/file-browser-api/download/da-lmp-by-settlement-location?path=/2026/09/By_Day/DA-LMP-SL-202609020100.csv,2026-09-25T07:00:28Z,
spp:SPPNORTH_HUB,lmp_dam,2026-09-02T20:00:00Z,110.8106,USD/MWh,PT1H,"US-AR,US-IA,US-KS,US-LA,US-MN,US-MO,US-MT,US-NE,US-NM,US-ND,US-OK,US-SD,US-TX,US-WY",spp_dam,SPPNORTH_HUB,spp:DA-LMP-SL,https://portal.spp.org/file-browser-api/download/da-lmp-by-settlement-location?path=/2026/09/By_Day/DA-LMP-SL-202609020100.csv,2026-09-25T07:00:28Z,
spp:SPPNORTH_HUB,lmp_dam,2026-09-02T21:00:00Z,124.19,USD/MWh,PT1H,"US-AR,US-IA,US-KS,US-LA,US-MN,US-MO,US-MT,US-NE,US-NM,US-ND,US-OK,US-SD,US-TX,US-WY",spp_dam,SPPNORTH_HUB,spp:DA-LMP-SL,https://portal.spp.org/file-browser-api/download/da-lmp-by-settlement-location?path=/2026/09/By_Day/DA-LMP-SL-202609020100.csv,2026-09-25T07:00:28Z,
spp:SPPNORTH_HUB,lmp_dam,2026-09-02T22:00:00Z,162.5074,USD/MWh,PT1H,"US-AR,US-IA,US-KS,US-LA,US-MN,US-MO,US-MT,US-NE,US-NM,US-ND,US-OK,US-SD,US-TX,US-WY",spp_dam,SPPNORTH_HUB,spp:DA-LMP-SL,https://portal.spp.org/file-browser-api/download/da-lmp-by-settlement-location?path=/2026/09/By_Day/DA-LMP-SL-202609020100.csv,2026-09-25T07:00:28Z,
spp:SPPNORTH_HUB,lmp_dam,2026-09-02T23:00:00Z,175.128,USD/MWh,PT1H,"US-AR,US-IA,US-KS,US-LA,US-MN,US-MO,US-MT,US-NE,US-NM,US-ND,US-OK,US-SD,US-TX,US-WY",spp_dam,SPPNORTH_HUB,spp:DA-LMP-SL,https://portal.spp.org/file-browser-api/download/da-lmp-by-settlement-location?path=/2026/09/By_Day/DA-LMP-SL-202609020100.csv,2026-09-25T07:00:28Z,
spp:SPPNORTH_HUB,lmp_dam,2026-09-03T00:00:00Z,113.1701,USD/MWh,PT1H,"US-AR,US-IA,US-KS,US-LA,US-MN,US-MO,US-MT,US-NE,US-NM,US-ND,US-OK,US-SD,US-TX,US-WY",spp_dam,SPPNORTH_HUB,spp:DA-LMP-SL,https://portal.spp.org/file-browser-api/download/da-lmp-by-settlement-location?path=/2026/09/By_Day/DA-LMP-SL-202609020100.csv,2026-09-25T07:00:28Z,
spp:SPPNORTH_HUB,lmp_dam,2026-09-03T01:00:00Z,46.35,USD/MWh,PT1H,"US-AR,US-IA,US-KS,US-LA,US-MN,US-MO,US-MT,US-NE,US-NM,US-ND,US-OK,US-SD,US-TX,US-WY",spp_dam,SPPNORTH_HUB,spp:DA-LMP-SL,https://portal.spp.org/file-browser-api/download/da-lmp-by-settlement-location?path=/2026/09/By_Day/DA-LMP-SL-202609020100.csv,2026-09-25T07:00:28Z,
spp:SPPNORTH_HUB,lmp_dam,2026-09-03T02:00:00Z,29.8262,USD/MWh,PT1H,"US-AR,US-IA,US-KS,US-LA,US-MN,US-MO,US-MT,US-NE,US-NM,US-ND,US-OK,US-SD,US-TX,US-WY",spp_dam,SPPNORTH_HUB,spp:DA-LMP-SL,https://portal.spp.org/file-browser-api/download/da-lmp-by-settlement-location?path=/2026/09/By_Day/DA-LMP-SL-202609020100.csv,2026-09-25T07:00:28Z,
spp:SPPNORTH_HUB,lmp_dam,2026-09-03T03:00:00Z,18.4724,USD/MWh,PT1H,"US-AR,US-IA,US-KS,US-LA,US-MN,US-MO,US-MT,US-NE,US-NM,US-ND,US-OK,US-SD,US-TX,US-WY",spp_dam,SPPNORTH_HUB,spp:DA-LMP-SL,https://portal.spp.org/file-browser-api/download/da-lmp-by-settlement-location?path=/2026/09/By_Day/DA-LMP-SL-202609020100.csv,2026-09-25T07:00:28Z,
spp:SPPNORTH_HUB,lmp_dam,2026-09-03T04:00:00Z,16.8601,USD/MWh,PT1H,"US-AR,US-IA,US-KS,US-LA,US-MN,US-MO,US-MT,US-NE,US-NM,US-ND,US-OK,US-SD,US-TX,US-WY",spp_dam,SPPNORTH_HUB,spp:DA-LMP-SL,https://portal.spp.org/file-browser-api/download/da-lmp-by-settlement-location?path=/2026/09/By_Day/DA-LMP-SL-202609020100.csv,2026-09-25T07:00:28Z,
spp:SPPNORTH_HUB,lmp_dam,2026-09-03T05:00:00Z,11.5324,USD/MWh,PT1H,"US-AR,US-IA,US-KS,US-LA,US-MN,US-MO,US-MT,US-NE,US-NM,US-ND,US-OK,US-SD,US-TX,US-WY",spp_dam,SPPNORTH_HUB,spp:DA-LMP-SL,https://portal.spp.org/file-browser-api/download/da-lmp-by-settlement-location?path=/2026/09/By_Day/DA-LMP-SL-202609030100.csv,2026-09-25T07:00:27Z,
spp:SPPNORTH_HUB,lmp_dam,2026-09-03T06:00:00Z,7.5955,USD/MWh,PT1H,"US-AR,US-IA,US-KS,US-LA,US-MN,US-MO,US-MT,US-NE,US-NM,US-ND,US-OK,US-SD,US-TX,US-WY",spp_dam,SPPNORTH_HUB,spp:DA-LMP-SL,https://portal.spp.org/file-browser-api/download/da-lmp-by-settlement-location?path=/2026/09/By_Day/DA-LMP-SL-202609030100.csv,2026-09-25T07:00:27Z,
spp:SPPNORTH_HUB,lmp_dam,2026-09-03T07:00:00Z,6.2786,USD/MWh,PT1H,"US-AR,US-IA,US-KS,US-LA,US-MN,US-MO,US-MT,US-NE,US-NM,US-ND,US-OK,US-SD,US-TX,US-WY",spp_dam,SPPNORTH_HUB,spp:DA-LMP-SL,https://portal.spp.org/file-browser-api/download/da-lmp-by-settlement-location?path=/2026/09/By_Day/DA-LMP-SL-202609030100.csv,2026-09-25T07:00:27Z,
spp:SPPNORTH_HUB,lmp_dam,2026-09-03T08:00:00Z,3.7085,USD/MWh,PT1H,"US-AR,US-IA,US-KS,US-LA,US-MN,US-MO,US-MT,US-NE,US-NM,US-ND,US-OK,US-SD,US-TX,US-WY",spp_dam,SPPNORTH_HUB,spp:DA-LMP-SL,https://portal.spp.org/file-browser-api/download/da-lmp-by-settlement-location?path=/2026/09/By_Day/DA-LMP-SL-202609030100.csv,2026-09-25T07:00:27Z,
spp:SPPNORTH_HUB,lmp_dam,2026-09-03T09:00:00Z,6.9644,USD/MWh,PT1H,"US-AR,US-IA,US-KS,US-LA,US-MN,US-MO,US-MT,US-NE,US-NM,US-ND,US-OK,US-SD,US-TX,US-WY",spp_dam,SPPNORTH_HUB,spp:DA-LMP-SL,https://portal.spp.org/file-browser-api/download/da-lmp-by-settlement-location?path=/2026/09/By_Day/DA-LMP-SL-202609030100.csv,2026-09-25T07:00:27Z,
spp:SPPNORTH_HUB,lmp_dam,2026-09-03T10:00:00Z,13.2354,USD/MWh,PT1H,"US-AR,US-IA,US-KS,US-LA,US-MN,US-MO,US-MT,US-NE,US-NM,US-ND,US-OK,US-SD,US-TX,US-WY",spp_dam,SPPNORTH_HUB,spp:DA-LMP-SL,https://portal.spp.org/file-browser-api/download/da-lmp-by-settlement-location?path=/2026/09/By_Day/DA-LMP-SL-202609030100.csv,2026-09-25T07:00:27Z,
spp:SPPNORTH_HUB,lmp_dam,2026-09-03T11:00:00Z,18.7837,USD/MWh,PT1H,"US-AR,US-IA,US-KS,US-LA,US-MN,US-MO,US-MT,US-NE,US-NM,US-ND,US-OK,US-SD,US-TX,US-WY",spp_dam,SPPNORTH_HUB,spp:DA-LMP-SL,https://portal.spp.org/file-browser-api/download/da-lmp-by-settlement-location?path=/2026/09/By_Day/DA-LMP-SL-202609030100.csv,2026-09-25T07:00:27Z,
spp:SPPNORTH_HUB,lmp_dam,2026-09-03T12:00:00Z,20.3049,USD/MWh,PT1H,"US-AR,US-IA,US-KS,US-LA,US-MN,US-MO,US-MT,US-NE,US-NM,US-ND,US-OK,US-SD,US-TX,US-WY",spp_dam,SPPNORTH_HUB,spp:DA-LMP-SL,https://portal.spp.org/file-browser-api/download/da-lmp-by-settlement-location?path=/2026/09/By_Day/DA-LMP-SL-202609030100.csv,2026-09-25T07:00:27Z,
spp:SPPNORTH_HUB,lmp_dam,2026-09-03T13:00:00Z,28.8269,USD/MWh,PT1H,"US-AR,US-IA,US-KS,US-LA,US-MN,US-MO,US-MT,US-NE,US-NM,US-ND,US-OK,US-SD,US-TX,US-WY",spp_dam,SPPNORTH_HUB,spp:DA-LMP-SL,https://portal.spp.org/file-browser-api/download/da-lmp-by-settlement-location?path=/2026/09/By_Day/DA-LMP-SL-202609030100.csv,2026-09-25T07:00:27Z,
spp:SPPNORTH_HUB,lmp_dam,2026-09-03T14:00:00Z,33.9844,USD/MWh,PT1H,"US-AR,US-IA,US-KS,US-LA,US-MN,US-MO,US-MT,US-NE,US-NM,US-ND,US-OK,US-SD,US-TX,US-WY",spp_dam,SPPNORTH_HUB,spp:DA-LMP-SL,https://portal.spp.org/file-browser-api/download/da-lmp-by-settlement-location?path=/2026/09/By_Day/DA-LMP-SL-202609030100.csv,2026-09-25T07:00:27Z,
spp:SPPNORTH_HUB,lmp_dam,2026-09-03T15:00:00Z,37.1335,USD/MWh,PT1H,"US-AR,US-IA,US-KS,US-LA,US-MN,US-MO,US-MT,US-NE,US-NM,US-ND,US-OK,US-SD,US-TX,US-WY",spp_dam,SPPNORTH_HUB,spp:DA-LMP-SL,https://portal.spp.org/file-browser-api/download/da-lmp-by-settlement-location?path=/2026/09/By_Day/DA-LMP-SL-202609030100.csv,2026-09-25T07:00:27Z,
spp:SPPNORTH_HUB,lmp_dam,2026-09-03T16:00:00Z,42.0196,USD/MWh,PT1H,"US-AR,US-IA,US-KS,US-LA,US-MN,US-MO,US-MT,US-NE,US-NM,US-ND,US-OK,US-SD,US-TX,US-WY",spp_dam,SPPNORTH_HUB,spp:DA-LMP-SL,https://portal.spp.org/file-browser-api/download/da-lmp-by-settlement-location?path=/2026/09/By_Day/DA-LMP-SL-202609030100.csv,2026-09-25T07:00:27Z,
spp:SPPNORTH_HUB,lmp_dam,2026-09-03T17:00:00Z,64.2813,USD/MWh,PT1H,"US-AR,US-IA,US-KS,US-LA,US-MN,US-MO,US-MT,US-NE,US-NM,US-ND,US-OK,US-SD,US-TX,US-WY",spp_dam,SPPNORTH_HUB,spp:DA-LMP-SL,https://portal.spp.org/file-browser-api/download/da-lmp-by-settlement-location?path=/2026/09/By_Day/DA-LMP-SL-202609030100.csv,2026-09-25T07:00:27Z,
spp:SPPNORTH_HUB,lmp_dam,2026-09-03T18:00:00Z,83.89,USD/MWh,PT1H,"US-AR,US-IA,US-KS,US-LA,US-MN,US-MO,US-MT,US-NE,US-NM,US-ND,US-OK,US-SD,US-TX,US-WY",spp_dam,SPPNORTH_HUB,spp:DA-LMP-SL,https://portal.spp.org/file-browser-api/download/da-lmp-by-settlement-location?path=/2026/09/By_Day/DA-LMP-SL-202609030100.csv,2026-09-25T07:00:27Z,
spp:SPPNORTH_HUB,lmp_dam,2026-09-03T19:00:00Z,109.4826,USD/MWh,PT1H,"US-AR,US-IA,US-KS,US-LA,US-MN,US-MO,US-MT,US-NE,US-NM,US-ND,US-OK,US-SD,US-TX,US-WY",spp_dam,SPPNORTH_HUB,spp:DA-LMP-SL,https://portal.spp.org/file-browser-api/download/da-lmp-by-settlement-location?path=/2026/09/By_Day/DA-LMP-SL-202609030100.csv,2026-09-25T07:00:27Z,
spp:SPPNORTH_HUB,lmp_dam,2026-09-03T20:00:00Z,126.6855,USD/MWh,PT1H,"US-AR,US-IA,US-KS,US-LA,US-MN,US-MO,US-MT,US-NE,US-NM,US-ND,US-OK,US-SD,US-TX,US-WY",spp_dam,SPPNORTH_HUB,spp:DA-LMP-SL,https://portal.spp.org/file-browser-api/download/da-lmp-by-settlement-location?path=/2026/09/By_Day/DA-LMP-SL-202609030100.csv,2026-09-25T07:00:27Z,
spp:SPPNORTH_HUB,lmp_dam,2026-09-03T21:00:00Z,146.1927,USD/MWh,PT1H,"US-AR,US-IA,US-KS,US-LA,US-MN,US-MO,US-MT,US-NE,US-NM,US-ND,US-OK,US-SD,US-TX,US-WY",spp_dam,SPPNORTH_HUB,spp:DA-LMP-SL,https://portal.spp.org/file-browser-api/download/da-lmp-by-settlement-location?path=/2026/09/By_Day/DA-LMP-SL-202609030100.csv,2026-09-25T07:00:27Z,
spp:SPPNORTH_HUB,lmp_dam,2026-09-03T22:00:00Z,173.4751,USD/MWh,PT1H,"US-AR,US-IA,US-KS,US-LA,US-MN,US-MO,US-MT,US-NE,US-NM,US-ND,US-OK,US-SD,US-TX,US-WY",spp_dam,SPPNORTH_HUB,spp:DA-LMP-SL,https://portal.spp.org/file-browser-api/download/da-lmp-by-settlement-location?path=/2026/09/By_Day/DA-LMP-SL-202609030100.csv,2026-09-25T07:00:27Z,
spp:SPPNORTH_HUB,lmp_dam,2026-09-03T23:00:00Z,189.6565,USD/MWh,PT1H,"US-AR,US-IA,US-KS,US-LA,US-MN,US-MO,US-MT,US-NE,US-NM,US-ND,US-OK,US-SD,US-TX,US-WY",spp_dam,SPPNORTH_HUB,spp:DA-LMP-SL,https://portal.spp.org/file-browser-api/download/da-lmp-by-settlement-location?path=/2026/09/By_Day/DA-LMP-SL-202609030100.csv,2026-09-25T07:00:27Z,
spp:SPPNORTH_HUB,lmp_dam,2026-09-04T00:00:00Z,122.869,USD/MWh,PT1H,"US-AR,US-IA,US-KS,US-LA,US-MN,US-MO,US-MT,US-NE,US-NM,US-ND,US-OK,US-SD,US-TX,US-WY",spp_dam,SPPNORTH_HUB,spp:DA-LMP-SL,https://portal.spp.org/file-browser-api/download/da-lmp-by-settlement-location?path=/2026/09/By_Day/DA-LMP-SL-202609030100.csv,2026-09-25T07:00:27Z,
spp:SPPNORTH_HUB,lmp_dam,2026-09-04T01:00:00Z,57.8633,USD/MWh,PT1H,"US-AR,US-IA,US-KS,US-LA,US-MN,US-MO,US-MT,US-NE,US-NM,US-ND,US-OK,US-SD,US-TX,US-WY",spp_dam,SPPNORTH_HUB,spp:DA-LMP-SL,https://portal.spp.org/file-browser-api/download/da-lmp-by-settlement-location?path=/2026/09/By_Day/DA-LMP-SL-202609030100.csv,2026-09-25T07:00:27Z,
spp:SPPNORTH_HUB,lmp_dam,2026-09-04T02:00:00Z,37.4849,USD/MWh,PT1H,"US-AR,US-IA,US-KS,US-LA,US-MN,US-MO,US-MT,US-NE,US-NM,US-ND,US-OK,US-SD,US-TX,US-WY",spp_dam,SPPNORTH_HUB,spp:DA-LMP-SL,https://portal.spp.org/file-browser-api/download/da-lmp-by-settlement-location?path=/2026/09/By_Day/DA-LMP-SL-202609030100.csv,2026-09-25T07:00:27Z,
spp:SPPNORTH_HUB,lmp_dam,2026-09-04T03:00:00Z,29.6865,USD/MWh,PT1H,"US-AR,US-IA,US-KS,US-LA,US-MN,US-MO,US-MT,US-NE,US-NM,US-ND,US-OK,US-SD,US-TX,US-WY",spp_dam,SPPNORTH_HUB,spp:DA-LMP-SL,https://portal.spp.org/file-browser-api/download/da-lmp-by-settlement-location?path=/2026/09/By_Day/DA-LMP-SL-202609030100.csv,2026-09-25T07:00:27Z,
spp:SPPNORTH_HUB,lmp_dam,2026-09-04T04:00:00Z,18.11,USD/MWh,PT1H,"US-AR,US-IA,US-KS,US-LA,US-MN,US-MO,US-MT,US-NE,US-NM,US-ND,US-OK,US-SD,US-TX,US-WY",spp_dam,SPPNORTH_HUB,spp:DA-LMP-SL,https://portal.spp.org/file-browser-api/download/da-lmp-by-settlement-location?path=/2026/09/By_Day/DA-LMP-SL-202609030100.csv,2026-09-25T07:00:27Z,
spp:SPPNORTH_HUB,lmp_dam,2026-09-04T05:00:00Z,16.3712,USD/MWh,PT1H,"US-AR,US-IA,US-KS,US-LA,US-MN,US-MO,US-MT,US-NE,US-NM,US-ND,US-OK,US-SD,US-TX,US-WY",spp_dam,SPPNORTH_HUB,spp:DA-LMP-SL,https://portal.spp.org/file-browser-api/download/da-lmp-by-settlement-location?path=/2026/09/By_Day/DA-LMP-SL-202609040100.csv,2026-09-25T07:00:32Z,
spp:SPPNORTH_HUB,lmp_dam,2026-09-04T06:00:00Z,12.2981,USD/MWh,PT1H,"US-AR,US-IA,US-KS,US-LA,US-MN,US-MO,US-MT,US-NE,US-NM,US-ND,US-OK,US-SD,US-TX,US-WY",spp_dam,SPPNORTH_HUB,spp:DA-LMP-SL,https://portal.spp.org/file-browser-api/download/da-lmp-by-settlement-location?path=/2026/09/By_Day/DA-LMP-SL-202609040100.csv,2026-09-25T07:00:32Z,
spp:SPPNORTH_HUB,lmp_dam,2026-09-04T07:00:00Z,11.548,USD/MWh,PT1H,"US-AR,US-IA,US-KS,US-LA,US-MN,US-MO,US-MT,US-NE,US-NM,US-ND,US-OK,US-SD,US-TX,US-WY",spp_dam,SPPNORTH_HUB,spp:DA-LMP-SL,https://portal.spp.org/file-browser-api/download/da-lmp-by-settlement-location?path=/2026/09/By_Day/DA-LMP-SL-202609040100.csv,2026-09-25T07:00:32Z,
spp:SPPNORTH_HUB,lmp_dam,2026-09-04T08:00:00Z,11.8559,USD/MWh,PT1H,"US-AR,US-IA,US-KS,US-LA,US-MN,US-MO,US-MT,US-NE,US-NM,US-ND,US-OK,US-SD,US-TX,US-WY",spp_dam,SPPNORTH_HUB,spp:DA-LMP-SL,https://portal.spp.org/file-browser-api/download/da-lmp-by-settlement-location?path=/2026/09/By_Day/DA-LMP-SL-202609040100.csv,2026-09-25T07:00:32Z,
spp:SPPNORTH_HUB,lmp_dam,2026-09-04T09:00:00Z,15.4297,USD/MWh,PT1H,"US-AR,US-IA,US-KS,US-LA,US-MN,US-MO,US-MT,US-NE,US-NM,US-ND,US-OK,US-SD,US-TX,US-WY",spp_dam,SPPNORTH_HUB,spp:DA-LMP-SL,https://portal.spp.org/file-browser-api/download/da-lmp-by-settlement-location?path=/2026/09/By_Day/DA-LMP-SL-202609040100.csv,2026-09-25T07:00:32Z,
spp:SPPNORTH_HUB,lmp_dam,2026-09-04T10:00:00Z,20.84,USD/MWh,PT1H,"US-AR,US-IA,US-KS,US-LA,US-MN,US-MO,US-MT,US-NE,US-NM,US-ND,US-OK,US-SD,US-TX,US-WY",spp_dam,SPPNORTH_HUB,spp:DA-LMP-SL,https://portal.spp.org/file-browser-api/download/da-lmp-by-settlement-location?path=/2026/09/By_Day/DA-LMP-SL-202609040100.csv,2026-09-25T07:00:32Z,
spp:SPPNORTH_HUB,lmp_dam,2026-09-04T11:00:00Z,25.12,USD/MWh,PT1H,"US-AR,US-IA,US-KS,US-LA,US-MN,US-MO,US-MT,US-NE,US-NM,US-ND,US-OK,US-SD,US-TX,US-WY",spp_dam,SPPNORTH_HUB,spp:DA-LMP-SL,https://portal.spp.org/file-browser-api/download/da-lmp-by-settlement-location?path=/2026/09/By_Day/DA-LMP-SL-202609040100.csv,2026-09-25T07:00:32Z,
spp:SPPNORTH_HUB,lmp_dam,2026-09-04T12:00:00Z,26.5801,USD/MWh,PT1H,"US-AR,US-IA,US-KS,US-LA,US-MN,US-MO,US-MT,US-NE,US-NM,US-ND,US-OK,US-SD,US-TX,US-WY",spp_dam,SPPNORTH_HUB,spp:DA-LMP-SL,https://portal.spp.org/file-browser-api/download/da-lmp-by-settlement-location?path=/2026/09/By_Day/DA-LMP-SL-202609040100.csv,2026-09-25T07:00:32Z,
spp:SPPNORTH_HUB,lmp_dam,2026-09-04T13:00:00Z,35.9385,USD/MWh,PT1H,"US-AR,US-IA,US-KS,US-LA,US-MN,US-MO,US-MT,US-NE,US-NM,US-ND,US-OK,US-SD,US-TX,US-WY",spp_dam,SPPNORTH_HUB,spp:DA-LMP-SL,https://portal.spp.org/file-browser-api/download/da-lmp-by-settlement-location?path=/2026/09/By_Day/DA-LMP-SL-202609040100.csv,2026-09-25T07:00:32Z,
spp:SPPNORTH_HUB,lmp_dam,2026-09-04T14:00:00Z,44.7447,USD/MWh,PT1H,"US-AR,US-IA,US-KS,US-LA,US-MN,US-MO,US-MT,US-NE,US-NM,US-ND,US-OK,US-SD,US-TX,US-WY",spp_dam,SPPNORTH_HUB,spp:DA-LMP-SL,https://portal.spp.org/file-browser-api/download/da-lmp-by-settlement-location?path=/2026/09/By_Day/DA-LMP-SL-202609040100.csv,2026-09-25T07:00:32Z,
spp:SPPNORTH_HUB,lmp_dam,2026-09-04T15:00:00Z,49.5651,USD/MWh,PT1H,"US-AR,US-IA,US-KS,US-LA,US-MN,US-MO,US-MT,US-NE,US-NM,US-ND,US-OK,US-SD,US-TX,US-WY",spp_dam,SPPNORTH_HUB,spp:DA-LMP-SL,https://portal.spp.org/file-browser-api/download/da-lmp-by-settlement-location?path=/2026/09/By_Day/DA-LMP-SL-202609040100.csv,2026-09-25T07:00:32Z,
spp:SPPNORTH_HUB,lmp_dam,2026-09-04T16:00:00Z,60.0308,USD/MWh,PT1H,"US-AR,US-IA,US-KS,US-LA,US-MN,US-MO,US-MT,US-NE,US-NM,US-ND,US-OK,US-SD,US-TX,US-WY",spp_dam,SPPNORTH_HUB,spp:DA-LMP-SL,https://portal.spp.org/file-browser-api/download/da-lmp-by-settlement-location?path=/2026/09/By_Day/DA-LMP-SL-202609040100.csv,2026-09-25T07:00:32Z,
spp:SPPNORTH_HUB,lmp_dam,2026-09-04T17:00:00Z,74.9761,USD/MWh,PT1H,"US-AR,US-IA,US-KS,US-LA,US-MN,US-MO,US-MT,US-NE,US-NM,US-ND,US-OK,US-SD,US-TX,US-WY",spp_dam,SPPNORTH_HUB,spp:DA-LMP-SL,https://portal.spp.org/file-browser-api/download/da-lmp-by-settlement-location?path=/2026/09/By_Day/DA-LMP-SL-202609040100.csv,2026-09-25T07:00:32Z,
spp:SPPNORTH_HUB,lmp_dam,2026-09-04T18:00:00Z,99.3458,USD/MWh,PT1H,"US-AR,US-IA,US-KS,US-LA,US-MN,US-MO,US-MT,US-NE,US-NM,US-ND,US-OK,US-SD,US-TX,US-WY",spp_dam,SPPNORTH_HUB,spp:DA-LMP-SL,https://portal.spp.org/file-browser-api/download/da-lmp-by-settlement-location?path=/2026/09/By_Day/DA-LMP-SL-202609040100.csv,2026-09-25T07:00:32Z,
spp:SPPNORTH_HUB,lmp_dam,2026-09-04T19:00:00Z,101.0127,USD/MWh,PT1H,"US-AR,US-IA,US-KS,US-LA,US-MN,US-MO,US-MT,US-NE,US-NM,US-ND,US-OK,US-SD,US-TX,US-WY",spp_dam,SPPNORTH_HUB,spp:DA-LMP-SL,https://portal.spp.org/file-browser-api/download/da-lmp-by-settlement-location?path=/2026/09/By_Day/DA-LMP-SL-202609040100.csv,2026-09-25T07:00:32Z,
spp:SPPNORTH_HUB,lmp_dam,2026-09-04T20:00:00Z,106.6484,USD/MWh,PT1H,"US-AR,US-IA,US-KS,US-LA,US-MN,US-MO,US-MT,US-NE,US-NM,US-ND,US-OK,US-SD,US-TX,US-WY",spp_dam,SPPNORTH_HUB,spp:DA-LMP-SL,https://portal.spp.org/file-browser-api/download/da-lmp-by-settlement-location?path=/2026/09/By_Day/DA-LMP-SL-202609040100.csv,2026-09-25T07:00:32Z,
spp:SPPNORTH_HUB,lmp_dam,2026-09-04T21:00:00Z,116.92,USD/MWh,PT1H,"US-AR,US-IA,US-KS,US-LA,US-MN,US-MO,US-MT,US-NE,US-NM,US-ND,US-OK,US-SD,US-TX,US-WY",spp_dam,SPPNORTH_HUB,spp:DA-LMP-SL,https://portal.spp.org/file-browser-api/download/da-lmp-by-settlement-location?path=/2026/09/By_Day/DA-LMP-SL-202609040100.csv,2026-09-25T07:00:32Z,
spp:SPPNORTH_HUB,lmp_dam,2026-09-04T22:00:00Z,151.92,USD/MWh,PT1H,"US-AR,US-IA,US-KS,US-LA,US-MN,US-MO,US-MT,US-NE,US-NM,US-ND,US-OK,US-SD,US-TX,US-WY",spp_dam,SPPNORTH_HUB,spp:DA-LMP-SL,https://portal.spp.org/file-browser-api/download/da-lmp-by-settlement-location?path=/2026/09/By_Day/DA-LMP-SL-202609040100.csv,2026-09-25T07:00:32Z,
spp:SPPNORTH_HUB,lmp_dam,2026-09-04T23:00:00Z,164.2017,USD/MWh,PT1H,"US-AR,US-IA,US-KS,US-LA,US-MN,US-MO,US-MT,US-NE,US-NM,US-ND,US-OK,US-SD,US-TX,US-WY",spp_dam,SPPNORTH_HUB,spp:DA-LMP-SL,https://portal.spp.org/file-browser-api/download/da-lmp-by-settlement-location?path=/2026/09/By_Day/DA-LMP-SL-202609040100.csv,2026-09-25T07:00:32Z,
spp:SPPNORTH_HUB,lmp_dam,2026-09-05T00:00:00Z,99.5877,USD/MWh,PT1H,"US-AR,US-IA,US-KS,US-LA,US-MN,US-MO,US-MT,US-NE,US-NM,US-ND,US-OK,US-SD,US-TX,US-WY",spp_dam,SPPNORTH_HUB,spp:DA-LMP-SL,https://portal.spp.org/file-browser-api/download/da-lmp-by-settlement-location?path=/2026/09/By_Day/DA-LMP-SL-202609040100.csv,2026-09-25T07:00:32Z,
spp:SPPNORTH_HUB,lmp_dam,2026-09-05T01:00:00Z,53.9989,USD/MWh,PT1H,"US-AR,US-IA,US-KS,US-LA,US-MN,US-MO,US-MT,US-NE,US-NM,US-ND,US-OK,US-SD,US-TX,US-WY",spp_dam,SPPNORTH_HUB,spp:DA-LMP-SL,https://portal.spp.org/file-browser-api/download/da-lmp-by-settlement-location?path=/2026/09/By_Day/DA-LMP-SL-202609040100.csv,2026-09-25T07:00:32Z,
spp:SPPNORTH_HUB,lmp_dam,2026-09-05T02:00:00Z,32.8876,USD/MWh,PT1H,"US-AR,US-IA,US-KS,US-LA,US-MN,US-MO,US-MT,US-NE,US-NM,US-ND,US-OK,US-SD,US-TX,US-WY",spp_dam,SPPNORTH_HUB,spp:DA-LMP-SL,https://portal.spp.org/file-browser-api/download/da-lmp-by-settlement-location?path=/2026/09/By_Day/DA-LMP-SL-202609040100.csv,2026-09-25T07:00:32Z,
spp:SPPNORTH_HUB,lmp_dam,2026-09-05T03:00:00Z,23.6826,USD/MWh,PT1H,"US-AR,US-IA,US-KS,US-LA,US-MN,US-MO,US-MT,US-NE,US-NM,US-ND,US-OK,US-SD,US-TX,US-WY",spp_dam,SPPNORTH_HUB,spp:DA-LMP-SL,https://portal.spp.org/file-browser-api/download/da-lmp-by-settlement-location?path=/2026/09/By_Day/DA-LMP-SL-202609040100.csv,2026-09-25T07:00:32Z,
spp:SPPNORTH_HUB,lmp_dam,2026-09-05T04:00:00Z,19.4253,USD/MWh,PT1H,"US-AR,US-IA,US-KS,US-LA,US-MN,US-MO,US-MT,US-NE,US-NM,US-ND,US-OK,US-SD,US-TX,US-WY",spp_dam,SPPNORTH_HUB,spp:DA-LMP-SL,https://portal.spp.org/file-browser-api/download/da-lmp-by-settlement-location?path=/2026/09/By_Day/DA-LMP-SL-202609040100.csv,2026-09-25T07:00:32Z,
spp:SPPNORTH_HUB,lmp_dam,2026-09-05T05:00:00Z,18.2094,USD/MWh,PT1H,"US-AR,US-IA,US-KS,US-LA,US-MN,US-MO,US-MT,US-NE,US-NM,US-ND,US-OK,US-SD,US-TX,US-WY",spp_dam,SPPNORTH_HUB,spp:DA-LMP-SL,https://portal.spp.org/file-browser-api/download/da-lmp-by-settlement-location?path=/2026/09/By_Day/DA-LMP-SL-202609050100.csv,2026-09-25T07:00:32Z,
spp:SPPNORTH_HUB,lmp_dam,2026-09-05T06:00:00Z,16.0307,USD/MWh,PT1H,"US-AR,US-IA,US-KS,US-LA,US-MN,US-MO,US-MT,US-NE,US-NM,US-ND,US-OK,US-SD,US-TX,US-WY",spp_dam,SPPNORTH_HUB,spp:DA-LMP-SL,https://portal.spp.org/file-browser-api/download/da-lmp-by-settlement-location?path=/2026/09/By_Day/DA-LMP-SL-202609050100.csv,2026-09-25T07:00:32Z,
spp:SPPNORTH_HUB,lmp_dam,2026-09-05T07:00:00Z,15.2491,USD/MWh,PT1H,"US-AR,US-IA,US-KS,US-LA,US-MN,US-MO,US-MT,US-NE,US-NM,US-ND,US-OK,US-SD,US-TX,US-WY",spp_dam,SPPNORTH_HUB,spp:DA-LMP-SL,https://portal.spp.org/file-browser-api/download/da-lmp-by-settlement-location?path=/2026/09/By_Day/DA-LMP-SL-202609050100.csv,2026-09-25T07:00:32Z,
spp:SPPNORTH_HUB,lmp_dam,2026-09-05T08:00:00Z,16.2225,USD/MWh,PT1H,"US-AR,US-IA,US-KS,US-LA,US-MN,US-MO,US-MT,US-NE,US-NM,US-ND,US-OK,US-SD,US-TX,US-WY",spp_dam,SPPNORTH_HUB,spp:DA-LMP-SL,https://portal.spp.org/file-browser-api/download/da-lmp-by-settlement-location?path=/2026/09/By_Day/DA-LMP-SL-202609050100.csv,2026-09-25T07:00:32Z,
spp:SPPNORTH_HUB,lmp_dam,2026-09-05T09:00:00Z,18.8524,USD/MWh,PT1H,"US-AR,US-IA,US-KS,US-LA,US-MN,US-MO,US-MT,US-NE,US-NM,US-ND,US-OK,US-SD,US-TX,US-WY",spp_dam,SPPNORTH_HUB,spp:DA-LMP-SL,https://portal.spp.org/file-browser-api/download/da-lmp-by-settlement-location?path=/2026/09/By_Day/DA-LMP-SL-202609050100.csv,2026-09-25T07:00:32Z,
spp:SPPNORTH_HUB,lmp_dam,2026-09-05T10:00:00Z,20.5458,USD/MWh,PT1H,"US-AR,US-IA,US-KS,US-LA,US-MN,US-MO,US-MT,US-NE,US-NM,US-ND,US-OK,US-SD,US-TX,US-WY",spp_dam,SPPNORTH_HUB,spp:DA-LMP-SL,https://portal.spp.org/file-browser-api/download/da-lmp-by-settlement-location?path=/2026/09/By_Day/DA-LMP-SL-202609050100.csv,2026-09-25T07:00:32Z,
spp:SPPNORTH_HUB,lmp_dam,2026-09-05T11:00:00Z,22.1328,USD/MWh,PT1H,"US-AR,US-IA,US-KS,US-LA,US-MN,US-MO,US-MT,US-NE,US-NM,US-ND,US-OK,US-SD,US-TX,US-WY",spp_dam,SPPNORTH_HUB,spp:DA-LMP-SL,https://portal.spp.org/file-browser-api/download/da-lmp-by-settlement-location?path=/2026/09/By_Day/DA-LMP-SL-202609050100.csv,2026-09-25T07:00:32Z,
spp:SPPNORTH_HUB,lmp_dam,2026-09-05T12:00:00Z,25.3693,USD/MWh,PT1H,"US-AR,US-IA,US-KS,US-LA,US-MN,US-MO,US-MT,US-NE,US-NM,US-ND,US-OK,US-SD,US-TX,US-WY",spp_dam,SPPNORTH_HUB,spp:DA-LMP-SL,https://portal.spp.org/file-browser-api/download/da-lmp-by-settlement-location?path=/2026/09/By_Day/DA-LMP-SL-202609050100.csv,2026-09-25T07:00:32Z,
spp:SPPNORTH_HUB,lmp_dam,2026-09-05T13:00:00Z,31.4254,USD/MWh,PT1H,"US-AR,US-IA,US-KS,US-LA,US-MN,US-MO,US-MT,US-NE,US-NM,US-ND,US-OK,US-SD,US-TX,US-WY",spp_dam,SPPNORTH_HUB,spp:DA-LMP-SL,https://portal.spp.org/file-browser-api/download/da-lmp-by-settlement-location?path=/2026/09/By_Day/DA-LMP-SL-202609050100.csv,2026-09-25T07:00:32Z,
spp:SPPNORTH_HUB,lmp_dam,2026-09-05T14:00:00Z,36.4221,USD/MWh,PT1H,"US-AR,US-IA,US-KS,US-LA,US-MN,US-MO,US-MT,US-NE,US-NM,US-ND,US-OK,US-SD,US-TX,US-WY",spp_dam,SPPNORTH_HUB,spp:DA-LMP-SL,https://portal.spp.org/file-browser-api/download/da-lmp-by-settlement-location?path=/2026/09/By_Day/DA-LMP-SL-202609050100.csv,2026-09-25T07:00:32Z,
spp:SPPNORTH_HUB,lmp_dam,2026-09-05T15:00:00Z,40.1348,USD/MWh,PT1H,"US-AR,US-IA,US-KS,US-LA,US-MN,US-MO,US-MT,US-NE,US-NM,US-ND,US-OK,US-SD,US-TX,US-WY",spp_dam,SPPNORTH_HUB,spp:DA-LMP-SL,https://portal.spp.org/file-browser-api/download/da-lmp-by-settlement-location?path=/2026/09/By_Day/DA-LMP-SL-202609050100.csv,2026-09-25T07:00:32Z,
spp:SPPNORTH_HUB,lmp_dam,2026-09-05T16:00:00Z,47.3182,USD/MWh,PT1H,"US-AR,US-IA,US-KS,US-LA,US-MN,US-MO,US-MT,US-NE,US-NM,US-ND,US-OK,US-SD,US-TX,US-WY",spp_dam,SPPNORTH_HUB,spp:DA-LMP-SL,https://portal.spp.org/file-browser-api/download/da-lmp-by-settlement-location?path=/2026/09/By_Day/DA-LMP-SL-202609050100.csv,2026-09-25T07:00:32Z,
spp:SPPNORTH_HUB,lmp_dam,2026-09-05T17:00:00Z,60.2874,USD/MWh,PT1H,"US-AR,US-IA,US-KS,US-LA,US-MN,US-MO,US-MT,US-NE,US-NM,US-ND,US-OK,US-SD,US-TX,US-WY",spp_dam,SPPNORTH_HUB,spp:DA-LMP-SL,https://portal.spp.org/file-browser-api/download/da-lmp-by-settlement-location?path=/2026/09/By_Day/DA-LMP-SL-202609050100.csv,2026-09-25T07:00:32Z,
spp:SPPNORTH_HUB,lmp_dam,2026-09-05T18:00:00Z,68.3913,USD/MWh,PT1H,"US-AR,US-IA,US-KS,US-LA,US-MN,US-MO,US-MT,US-NE,US-NM,US-ND,US-OK,US-SD,US-TX,US-WY",spp_dam,SPPNORTH_HUB,spp:DA-LMP-SL,https://portal.spp.org/file-browser-api/download/da-lmp-by-settlement-location?path=/2026/09/By_Day/DA-LMP-SL-202609050100.csv,2026-09-25T07:00:32Z,
spp:SPPNORTH_HUB,lmp_dam,2026-09-05T19:00:00Z,70.1192,USD/MWh,PT1H,"US-AR,US-IA,US-KS,US-LA,US-MN,US-MO,US-MT,US-NE,US-NM,US-ND,US-OK,US-SD,US-TX,US-WY",spp_dam,SPPNORTH_HUB,spp:DA-LMP-SL,https://portal.spp.org/file-browser-api/download/da-lmp-by-settlement-location?path=/2026/09/By_Day/DA-LMP-SL-202609050100.csv,2026-09-25T07:00:32Z,
spp:SPPNORTH_HUB,lmp_dam,2026-09-05T20:00:00Z,75.011,USD/MWh,PT1H,"US-AR,US-IA,US-KS,US-LA,US-MN,US-MO,US-MT,US-NE,US-NM,US-ND,US-OK,US-SD,US-TX,US-WY",spp_dam,SPPNORTH_HUB,spp:DA-LMP-SL,https://portal.spp.org/file-browser-api/download/da-lmp-by-settlement-location?path=/2026/09/By_Day/DA-LMP-SL-202609050100.csv,2026-09-25T07:00:32Z,
spp:SPPNORTH_HUB,lmp_dam,2026-09-05T21:00:00Z,94.1801,USD/MWh,PT1H,"US-AR,US-IA,US-KS,US-LA,US-MN,US-MO,US-MT,US-NE,US-NM,US-ND,US-OK,US-SD,US-TX,US-WY",spp_dam,SPPNORTH_HUB,spp:DA-LMP-SL,https://portal.spp.org/file-browser-api/download/da-lmp-by-settlement-location?path=/2026/09/By_Day/DA-LMP-SL-202609050100.csv,2026-09-25T07:00:32Z,
spp:SPPNORTH_HUB,lmp_dam,2026-09-05T22:00:00Z,111.312,USD/MWh,PT1H,"US-AR,US-IA,US-KS,US-LA,US-MN,US-MO,US-MT,US-NE,US-NM,US-ND,US-OK,US-SD,US-TX,US-WY",spp_dam,SPPNORTH_HUB,spp:DA-LMP-SL,https://portal.spp.org/file-browser-api/download/da-lmp-by-settlement-location?path=/2026/09/By_Day/DA-LMP-SL-202609050100.csv,2026-09-25T07:00:32Z,
spp:SPPNORTH_HUB,lmp_dam,2026-09-05T23:00:00Z,124.6863,USD/MWh,PT1H,"US-AR,US-IA,US-KS,US-LA,US-MN,US-MO,US-MT,US-NE,US-NM,US-ND,US-OK,US-SD,US-TX,US-WY",spp_dam,SPPNORTH_HUB,spp:DA-LMP-SL,https://portal.spp.org/file-browser-api/download/da-lmp-by-settlement-location?path=/2026/09/By_Day/DA-LMP-SL-202609050100.csv,2026-09-25T07:00:32Z,
spp:SPPNORTH_HUB,lmp_dam,2026-09-06T00:00:00Z,75.9367,USD/MWh,PT1H,"US-AR,US-IA,US-KS,US-LA,US-MN,US-MO,US-MT,US-NE,US-NM,US-ND,US-OK,US-SD,US-TX,US-WY",spp_dam,SPPNORTH_HUB,spp:DA-LMP-SL,https://portal.spp.org/file-browser-api/download/da-lmp-by-settlement-location?path=/2026/09/By_Day/DA-LMP-SL-202609050100.csv,2026-09-25T07:00:32Z,
spp:SPPNORTH_HUB,lmp_dam,2026-09-06T01:00:00Z,50.1199,USD/MWh,PT1H,"US-AR,US-IA,US-KS,US-LA,US-MN,US-MO,US-MT,US-NE,US-NM,US-ND,US-OK,US-SD,US-TX,US-WY",spp_dam,SPPNORTH_HUB,spp:DA-LMP-SL,https://portal.spp.org/file-browser-api/download/da-lmp-by-settlement-location?path=/2026/09/By_Day/DA-LMP-SL-202609050100.csv,2026-09-25T07:00:32Z,
spp:SPPNORTH_HUB,lmp_dam,2026-09-06T02:00:00Z,33.9387,USD/MWh,PT1H,"US-AR,US-IA,US-KS,US-LA,US-MN,US-MO,US-MT,US-NE,US-NM,US-ND,US-OK,US-SD,US-TX,US-WY",spp_dam,SPPNORTH_HUB,spp:DA-LMP-SL,https://portal.spp.org/file-browser-api/download/da-lmp-by-settlement-location?path=/2026/09/By_Day/DA-LMP-SL-202609050100.csv,2026-09-25T07:00:32Z,
spp:SPPNORTH_HUB,lmp_dam,2026-09-06T03:00:00Z,25.7973,USD/MWh,PT1H,"US-AR,US-IA,US-KS,US-LA,US-MN,US-MO,US-MT,US-NE,US-NM,US-ND,US-OK,US-SD,US-TX,US-WY",spp_dam,SPPNORTH_HUB,spp:DA-LMP-SL,https://portal.spp.org/file-browser-api/download/da-lmp-by-settlement-location?path=/2026/09/By_Day/DA-LMP-SL-202609050100.csv,2026-09-25T07:00:32Z,
spp:SPPNORTH_HUB,lmp_dam,2026-09-06T04:00:00Z,22.5016,USD/MWh,PT1H,"US-AR,US-IA,US-KS,US-LA,US-MN,US-MO,US-MT,US-NE,US-NM,US-ND,US-OK,US-SD,US-TX,US-WY",spp_dam,SPPNORTH_HUB,spp:DA-LMP-SL,https://portal.spp.org/file-browser-api/download/da-lmp-by-settlement-location?path=/2026/09/By_Day/DA-LMP-SL-202609050100.csv,2026-09-25T07:00:32Z,
spp:SPPNORTH_HUB,lmp_dam,2026-09-06T05:00:00Z,18.4777,USD/MWh,PT1H,"US-AR,US-IA,US-KS,US-LA,US-MN,US-MO,US-MT,US-NE,US-NM,US-ND,US-OK,US-SD,US-TX,US-WY",spp_dam,SPPNORTH_HUB,spp:DA-LMP-SL,https://portal.spp.org/file-browser-api/download/da-lmp-by-settlement-location?path=/2026/09/By_Day/DA-LMP-SL-202609060100.csv,2026-09-25T07:00:31Z,
spp:SPPNORTH_HUB,lmp_dam,2026-09-06T06:00:00Z,18.4163,USD/MWh,PT1H,"US-AR,US-IA,US-KS,US-LA,US-MN,US-MO,US-MT,US-NE,US-NM,US-ND,US-OK,US-SD,US-TX,US-WY",spp_dam,SPPNORTH_HUB,spp:DA-LMP-SL,https://portal.spp.org/file-browser-api/download/da-lmp-by-settlement-location?path=/2026/09/By_Day/DA-LMP-SL-202609060100.csv,2026-09-25T07:00:31Z,
spp:SPPNORTH_HUB,lmp_dam,2026-09-06T07:00:00Z,18.6376,USD/MWh,PT1H,"US-AR,US-IA,US-KS,US-LA,US-MN,US-MO,US-MT,US-NE,US-NM,US-ND,US-OK,US-SD,US-TX,US-WY",spp_dam,SPPNORTH_HUB,spp:DA-LMP-SL,https://portal.spp.org/file-browser-api/download/da-lmp-by-settlement-location?path=/2026/09/By_Day/DA-LMP-SL-202609060100.csv,2026-09-25T07:00:31Z,
spp:SPPNORTH_HUB,lmp_dam,2026-09-06T08:00:00Z,19.1224,USD/MWh,PT1H,"US-AR,US-IA,US-KS,US-LA,US-MN,US-MO,US-MT,US-NE,US-NM,US-ND,US-OK,US-SD,US-TX,US-WY",spp_dam,SPPNORTH_HUB,spp:DA-LMP-SL,https://portal.spp.org/file-browser-api/download/da-lmp-by-settlement-location?path=/2026/09/By_Day/DA-LMP-SL-202609060100.csv,2026-09-25T07:00:31Z,
spp:SPPNORTH_HUB,lmp_dam,2026-09-06T09:00:00Z,19.5346,USD/MWh,PT1H,"US-AR,US-IA,US-KS,US-LA,US-MN,US-MO,US-MT,US-NE,US-NM,US-ND,US-OK,US-SD,US-TX,US-WY",spp_dam,SPPNORTH_HUB,spp:DA-LMP-SL,https://portal.spp.org/file-browser-api/download/da-lmp-by-settlement-location?path=/2026/09/By_Day/DA-LMP-SL-202609060100.csv,2026-09-25T07:00:31Z,
spp:SPPNORTH_HUB,lmp_dam,2026-09-06T10:00:00Z,21.0889,USD/MWh,PT1H,"US-AR,US-IA,US-KS,US-LA,US-MN,US-MO,US-MT,US-NE,US-NM,US-ND,US-OK,US-SD,US-TX,US-WY",spp_dam,SPPNORTH_HUB,spp:DA-LMP-SL,https://portal.spp.org/file-browser-api/download/da-lmp-by-settlement-location?path=/2026/09/By_Day/DA-LMP-SL-202609060100.csv,2026-09-25T07:00:31Z,
spp:SPPNORTH_HUB,lmp_dam,2026-09-06T11:00:00Z,23.0173,USD/MWh,PT1H,"US-AR,US-IA,US-KS,US-LA,US-MN,US-MO,US-MT,US-NE,US-NM,US-ND,US-OK,US-SD,US-TX,US-WY",spp_dam,SPPNORTH_HUB,spp:DA-LMP-SL,https://portal.spp.org/file-browser-api/download/da-lmp-by-settlement-location?path=/2026/09/By_Day/DA-LMP-SL-202609060100.csv,2026-09-25T07:00:31Z,
spp:SPPNORTH_HUB,lmp_dam,2026-09-06T12:00:00Z,24.3687,USD/MWh,PT1H,"US-AR,US-IA,US-KS,US-LA,US-MN,US-MO,US-MT,US-NE,US-NM,US-ND,US-OK,US-SD,US-TX,US-WY",spp_dam,SPPNORTH_HUB,spp:DA-LMP-SL,https://portal.spp.org/file-browser-api/download/da-lmp-by-settlement-location?path=/2026/09/By_Day/DA-LMP-SL-202609060100.csv,2026-09-25T07:00:31Z,
spp:SPPNORTH_HUB,lmp_dam,2026-09-06T13:00:00Z,29.2021,USD/MWh,PT1H,"US-AR,US-IA,US-KS,US-LA,US-MN,US-MO,US-MT,US-NE,US-NM,US-ND,US-OK,US-SD,US-TX,US-WY",spp_dam,SPPNORTH_HUB,spp:DA-LMP-SL,https://portal.spp.org/file-browser-api/download/da-lmp-by-settlement-location?path=/2026/09/By_Day/DA-LMP-SL-202609060100.csv,2026-09-25T07:00:31Z,
spp:SPPNORTH_HUB,lmp_dam,2026-09-06T14:00:00Z,38.5283,USD/MWh,PT1H,"US-AR,US-IA,US-KS,US-LA,US-MN,US-MO,US-MT,US-NE,US-NM,US-ND,US-OK,US-SD,US-TX,US-WY",spp_dam,SPPNORTH_HUB,spp:DA-LMP-SL,https://portal.spp.org/file-browser-api/download/da-lmp-by-settlement-location?path=/2026/09/By_Day/DA-LMP-SL-202609060100.csv,2026-09-25T07:00:31Z,
spp:SPPNORTH_HUB,lmp_dam,2026-09-06T15:00:00Z,41.8177,USD/MWh,PT1H,"US-AR,US-IA,US-KS,US-LA,US-MN,US-MO,US-MT,US-NE,US-NM,US-ND,US-OK,US-SD,US-TX,US-WY",spp_dam,SPPNORTH_HUB,spp:DA-LMP-SL,https://portal.spp.org/file-browser-api/download/da-lmp-by-settlement-location?path=/2026/09/By_Day/DA-LMP-SL-202609060100.csv,2026-09-25T07:00:31Z,
spp:SPPNORTH_HUB,lmp_dam,2026-09-06T16:00:00Z,46.2853,USD/MWh,PT1H,"US-AR,US-IA,US-KS,US-LA,US-MN,US-MO,US-MT,US-NE,US-NM,US-ND,US-OK,US-SD,US-TX,US-WY",spp_dam,SPPNORTH_HUB,spp:DA-LMP-SL,https://portal.spp.org/file-browser-api/download/da-lmp-by-settlement-location?path=/2026/09/By_Day/DA-LMP-SL-202609060100.csv,2026-09-25T07:00:31Z,
spp:SPPNORTH_HUB,lmp_dam,2026-09-06T17:00:00Z,45.9076,USD/MWh,PT1H,"US-AR,US-IA,US-KS,US-LA,US-MN,US-MO,US-MT,US-NE,US-NM,US-ND,US-OK,US-SD,US-TX,US-WY",spp_dam,SPPNORTH_HUB,spp:DA-LMP-SL,https://portal.spp.org/file-browser-api/download/da-lmp-by-settlement-location?path=/2026/09/By_Day/DA-LMP-SL-202609060100.csv,2026-09-25T07:00:31Z,
spp:SPPNORTH_HUB,lmp_dam,2026-09-06T18:00:00Z,53.3901,USD/MWh,PT1H,"US-AR,US-IA,US-KS,US-LA,US-MN,US-MO,US-MT,US-NE,US-NM,US-ND,US-OK,US-SD,US-TX,US-WY",spp_dam,SPPNORTH_HUB,spp:DA-LMP-SL,https://portal.spp.org/file-browser-api/download/da-lmp-by-settlement-location?path=/2026/09/By_Day/DA-LMP-SL-202609060100.csv,2026-09-25T07:00:31Z,
spp:SPPNORTH_HUB,lmp_dam,2026-09-06T19:00:00Z,49.7471,USD/MWh,PT1H,"US-AR,US-IA,US-KS,US-LA,US-MN,US-MO,US-MT,US-NE,US-NM,US-ND,US-OK,US-SD,US-TX,US-WY",spp_dam,SPPNORTH_HUB,spp:DA-LMP-SL,https://portal.spp.org/file-browser-api/download/da-lmp-by-settlement-location?path=/2026/09/By_Day/DA-LMP-SL-202609060100.csv,2026-09-25T07:00:31Z,
spp:SPPNORTH_HUB,lmp_dam,2026-09-06T20:00:00Z,48.6117,USD/MWh,PT1H,"US-AR,US-IA,US-KS,US-LA,US-MN,US-MO,US-MT,US-NE,US-NM,US-ND,US-OK,US-SD,US-TX,US-WY",spp_dam,SPPNORTH_HUB,spp:DA-LMP-SL,https://portal.spp.org/file-browser-api/download/da-lmp-by-settlement-location?path=/2026/09/By_Day/DA-LMP-SL-202609060100.csv,2026-09-25T07:00:31Z,
spp:SPPNORTH_HUB,lmp_dam,2026-09-06T21:00:00Z,47.022,USD/MWh,PT1H,"US-AR,US-IA,US-KS,US-LA,US-MN,US-MO,US-MT,US-NE,US-NM,US-ND,US-OK,US-SD,US-TX,US-WY",spp_dam,SPPNORTH_HUB,spp:DA-LMP-SL,https://portal.spp.org/file-browser-api/download/da-lmp-by-settlement-location?path=/2026/09/By_Day/DA-LMP-SL-202609060100.csv,2026-09-25T07:00:31Z,
spp:SPPNORTH_HUB,lmp_dam,2026-09-06T22:00:00Z,50.8434,USD/MWh,PT1H,"US-AR,US-IA,US-KS,US-LA,US-MN,US-MO,US-MT,US-NE,US-NM,US-ND,US-OK,US-SD,US-TX,US-WY",spp_dam,SPPNORTH_HUB,spp:DA-LMP-SL,https://portal.spp.org/file-browser-api/download/da-lmp-by-settlement-location?path=/2026/09/By_Day/DA-LMP-SL-202609060100.csv,2026-09-25T07:00:31Z,
spp:SPPNORTH_HUB,lmp_dam,2026-09-06T23:00:00Z,52.858,USD/MWh,PT1H,"US-AR,US-IA,US-KS,US-LA,US-MN,US-MO,US-MT,US-NE,US-NM,US-ND,US-OK,US-SD,US-TX,US-WY",spp_dam,SPPNORTH_HUB,spp:DA-LMP-SL,https://portal.spp.org/file-browser-api/download/da-lmp-by-settlement-location?path=/2026/09/By_Day/DA-LMP-SL-202609060100.csv,2026-09-25T07:00:31Z,
spp:SPPNORTH_HUB,lmp_dam,2026-09-07T00:00:00Z,39.0125,USD/MWh,PT1H,"US-AR,US-IA,US-KS,US-LA,US-MN,US-MO,US-MT,US-NE,US-NM,US-ND,US-OK,US-SD,US-TX,US-WY",spp_dam,SPPNORTH_HUB,spp:DA-LMP-SL,https://portal.spp.org/file-browser-api/download/da-lmp-by-settlement-location?path=/2026/09/By_Day/DA-LMP-SL-202609060100.csv,2026-09-25T07:00:31Z,
spp:SPPNORTH_HUB,lmp_dam,2026-09-07T01:00:00Z,27.1059,USD/MWh,PT1H,"US-AR,US-IA,US-KS,US-LA,US-MN,US-MO,US-MT,US-NE,US-NM,US-ND,US-OK,US-SD,US-TX,US-WY",spp_dam,SPPNORTH_HUB,spp:DA-LMP-SL,https://portal.spp.org/file-browser-api/download/da-lmp-by-settlement-location?path=/2026/09/By_Day/DA-LMP-SL-202609060100.csv,2026-09-25T07:00:31Z,
spp:SPPNORTH_HUB,lmp_dam,2026-09-07T02:00:00Z,17.5338,USD/MWh,PT1H,"US-AR,US-IA,US-KS,US-LA,US-MN,US-MO,US-MT,US-NE,US-NM,US-ND,US-OK,US-SD,US-TX,US-WY",spp_dam,SPPNORTH_HUB,spp:DA-LMP-SL,https://portal.spp.org/file-browser-api/download/da-lmp-by-settlement-location?path=/2026/09/By_Day/DA-LMP-SL-202609060100.csv,2026-09-25T07:00:31Z,
spp:SPPNORTH_HUB,lmp_dam,2026-09-07T03:00:00Z,16.233,USD/MWh,PT1H,"US-AR,US-IA,US-KS,US-LA,US-MN,US-MO,US-MT,US-NE,US-NM,US-ND,US-OK,US-SD,US-TX,US-WY",spp_dam,SPPNORTH_HUB,spp:DA-LMP-SL,https://portal.spp.org/file-browser-api/download/da-lmp-by-settlement-location?path=/2026/09/By_Day/DA-LMP-SL-202609060100.csv,2026-09-25T07:00:31Z,
spp:SPPNORTH_HUB,lmp_dam,2026-09-07T04:00:00Z,12.5715,USD/MWh,PT1H,"US-AR,US-IA,US-KS,US-LA,US-MN,US-MO,US-MT,US-NE,US-NM,US-ND,US-OK,US-SD,US-TX,US-WY",spp_dam,SPPNORTH_HUB,spp:DA-LMP-SL,https://portal.spp.org/file-browser-api/download/da-lmp-by-settlement-location?path=/2026/09/By_Day/DA-LMP-SL-202609060100.csv,2026-09-25T07:00:31Z,
spp:SPPNORTH_HUB,lmp_dam,2026-09-07T05:00:00Z,17.8537,USD/MWh,PT1H,"US-AR,US-IA,US-KS,US-LA,US-MN,US-MO,US-MT,US-NE,US-NM,US-ND,US-OK,US-SD,US-TX,US-WY",spp_dam,SPPNORTH_HUB,spp:DA-LMP-SL,https://portal.spp.org/file-browser-api/download/da-lmp-by-settlement-location?path=/2026/09/By_Day/DA-LMP-SL-202609070100.csv,2026-09-25T07:01:08Z,
spp:SPPNORTH_HUB,lmp_dam,2026-09-07T06:00:00Z,15.3306,USD/MWh,PT1H,"US-AR,US-IA,US-KS,US-LA,US-MN,US-MO,US-MT,US-NE,US-NM,US-ND,US-OK,US-SD,US-TX,US-WY",spp_dam,SPPNORTH_HUB,spp:DA-LMP-SL,https://portal.spp.org/file-browser-api/download/da-lmp-by-settlement-location?path=/2026/09/By_Day/DA-LMP-SL-202609070100.csv,2026-09-25T07:01:08Z,
spp:SPPNORTH_HUB,lmp_dam,2026-09-07T07:00:00Z,14.7327,USD/MWh,PT1H,"US-AR,US-IA,US-KS,US-LA,US-MN,US-MO,US-MT,US-NE,US-NM,US-ND,US-OK,US-SD,US-TX,US-WY",spp_dam,SPPNORTH_HUB,spp:DA-LMP-SL,https://portal.spp.org/file-browser-api/download/da-lmp-by-settlement-location?path=/2026/09/By_Day/DA-LMP-SL-202609070100.csv,2026-09-25T07:01:08Z,
spp:SPPNORTH_HUB,lmp_dam,2026-09-07T08:00:00Z,14.3526,USD/MWh,PT1H,"US-AR,US-IA,US-KS,US-LA,US-MN,US-MO,US-MT,US-NE,US-NM,US-ND,US-OK,US-SD,US-TX,US-WY",spp_dam,SPPNORTH_HUB,spp:DA-LMP-SL,https://portal.spp.org/file-browser-api/download/da-lmp-by-settlement-location?path=/2026/09/By_Day/DA-LMP-SL-202609070100.csv,2026-09-25T07:01:08Z,
spp:SPPNORTH_HUB,lmp_dam,2026-09-07T09:00:00Z,14.1243,USD/MWh,PT1H,"US-AR,US-IA,US-KS,US-LA,US-MN,US-MO,US-MT,US-NE,US-NM,US-ND,US-OK,US-SD,US-TX,US-WY",spp_dam,SPPNORTH_HUB,spp:DA-LMP-SL,https://portal.spp.org/file-browser-api/download/da-lmp-by-settlement-location?path=/2026/09/By_Day/DA-LMP-SL-202609070100.csv,2026-09-25T07:01:08Z,
spp:SPPNORTH_HUB,lmp_dam,2026-09-07T10:00:00Z,14.6595,USD/MWh,PT1H,"US-AR,US-IA,US-KS,US-LA,US-MN,US-MO,US-MT,US-NE,US-NM,US-ND,US-OK,US-SD,US-TX,US-WY",spp_dam,SPPNORTH_HUB,spp:DA-LMP-SL,https://portal.spp.org/file-browser-api/download/da-lmp-by-settlement-location?path=/2026/09/By_Day/DA-LMP-SL-202609070100.csv,2026-09-25T07:01:08Z,
spp:SPPNORTH_HUB,lmp_dam,2026-09-07T11:00:00Z,19.7076,USD/MWh,PT1H,"US-AR,US-IA,US-KS,US-LA,US-MN,US-MO,US-MT,US-NE,US-NM,US-ND,US-OK,US-SD,US-TX,US-WY",spp_dam,SPPNORTH_HUB,spp:DA-LMP-SL,https://portal.spp.org/file-browser-api/download/da-lmp-by-settlement-location?path=/2026/09/By_Day/DA-LMP-SL-202609070100.csv,2026-09-25T07:01:08Z,
spp:SPPNORTH_HUB,lmp_dam,2026-09-07T12:00:00Z,18.8143,USD/MWh,PT1H,"US-AR,US-IA,US-KS,US-LA,US-MN,US-MO,US-MT,US-NE,US-NM,US-ND,US-OK,US-SD,US-TX,US-WY",spp_dam,SPPNORTH_HUB,spp:DA-LMP-SL,https://portal.spp.org/file-browser-api/download/da-lmp-by-settlement-location?path=/2026/09/By_Day/DA-LMP-SL-202609070100.csv,2026-09-25T07:01:08Z,
spp:SPPNORTH_HUB,lmp_dam,2026-09-07T13:00:00Z,20.6996,USD/MWh,PT1H,"US-AR,US-IA,US-KS,US-LA,US-MN,US-MO,US-MT,US-NE,US-NM,US-ND,US-OK,US-SD,US-TX,US-WY",spp_dam,SPPNORTH_HUB,spp:DA-LMP-SL,https://portal.spp.org/file-browser-api/download/da-lmp-by-settlement-location?path=/2026/09/By_Day/DA-LMP-SL-202609070100.csv,2026-09-25T07:01:08Z,
spp:SPPNORTH_HUB,lmp_dam,2026-09-07T14:00:00Z,26.9405,USD/MWh,PT1H,"US-AR,US-IA,US-KS,US-LA,US-MN,US-MO,US-MT,US-NE,US-NM,US-ND,US-OK,US-SD,US-TX,US-WY",spp_dam,SPPNORTH_HUB,spp:DA-LMP-SL,https://portal.spp.org/file-browser-api/download/da-lmp-by-settlement-location?path=/2026/09/By_Day/DA-LMP-SL-202609070100.csv,2026-09-25T07:01:08Z,
spp:SPPNORTH_HUB,lmp_dam,2026-09-07T15:00:00Z,27.8523,USD/MWh,PT1H,"US-AR,US-IA,US-KS,US-LA,US-MN,US-MO,US-MT,US-NE,US-NM,US-ND,US-OK,US-SD,US-TX,US-WY",spp_dam,SPPNORTH_HUB,spp:DA-LMP-SL,https://portal.spp.org/file-browser-api/download/da-lmp-by-settlement-location?path=/2026/09/By_Day/DA-LMP-SL-202609070100.csv,2026-09-25T07:01:08Z,
spp:SPPNORTH_HUB,lmp_dam,2026-09-07T16:00:00Z,26.668,USD/MWh,PT1H,"US-AR,US-IA,US-KS,US-LA,US-MN,US-MO,US-MT,US-NE,US-NM,US-ND,US-OK,US-SD,US-TX,US-WY",spp_dam,SPPNORTH_HUB,spp:DA-LMP-SL,https://portal.spp.org/file-browser-api/download/da-lmp-by-settlement-location?path=/2026/09/By_Day/DA-LMP-SL-202609070100.csv,2026-09-25T07:01:08Z,
spp:SPPNORTH_HUB,lmp_dam,2026-09-07T17:00:00Z,26.5984,USD/MWh,PT1H,"US-AR,US-IA,US-KS,US-LA,US-MN,US-MO,US-MT,US-NE,US-NM,US-ND,US-OK,US-SD,US-TX,US-WY",spp_dam,SPPNORTH_HUB,spp:DA-LMP-SL,https://portal.spp.org/file-browser-api/download/da-lmp-by-settlement-location?path=/2026/09/By_Day/DA-LMP-SL-202609070100.csv,2026-09-25T07:01:08Z,
spp:SPPNORTH_HUB,lmp_dam,2026-09-07T18:00:00Z,28.3947,USD/MWh,PT1H,"US-AR,US-IA,US-KS,US-LA,US-MN,US-MO,US-MT,US-NE,US-NM,US-ND,US-OK,US-SD,US-TX,US-WY",spp_dam,SPPNORTH_HUB,spp:DA-LMP-SL,https://portal.spp.org/file-browser-api/download/da-lmp-by-settlement-location?path=/2026/09/By_Day/DA-LMP-SL-202609070100.csv,2026-09-25T07:01:08Z,
spp:SPPNORTH_HUB,lmp_dam,2026-09-07T19:00:00Z,30.1507,USD/MWh,PT1H,"US-AR,US-IA,US-KS,US-LA,US-MN,US-MO,US-MT,US-NE,US-NM,US-ND,US-OK,US-SD,US-TX,US-WY",spp_dam,SPPNORTH_HUB,spp:DA-LMP-SL,https://portal.spp.org/file-browser-api/download/da-lmp-by-settlement-location?path=/2026/09/By_Day/DA-LMP-SL-202609070100.csv,2026-09-25T07:01:08Z,
spp:SPPNORTH_HUB,lmp_dam,2026-09-07T20:00:00Z,29.8049,USD/MWh,PT1H,"US-AR,US-IA,US-KS,US-LA,US-MN,US-MO,US-MT,US-NE,US-NM,US-ND,US-OK,US-SD,US-TX,US-WY",spp_dam,SPPNORTH_HUB,spp:DA-LMP-SL,https://portal.spp.org/file-browser-api/download/da-lmp-by-settlement-location?path=/2026/09/By_Day/DA-LMP-SL-202609070100.csv,2026-09-25T07:01:08Z,
spp:SPPNORTH_HUB,lmp_dam,2026-09-07T21:00:00Z,30.5383,USD/MWh,PT1H,"US-AR,US-IA,US-KS,US-LA,US-MN,US-MO,US-MT,US-NE,US-NM,US-ND,US-OK,US-SD,US-TX,US-WY",spp_dam,SPPNORTH_HUB,spp:DA-LMP-SL,https://portal.spp.org/file-browser-api/download/da-lmp-by-settlement-location?path=/2026/09/By_Day/DA-LMP-SL-202609070100.csv,2026-09-25T07:01:08Z,
spp:SPPNORTH_HUB,lmp_dam,2026-09-07T22:00:00Z,35.0309,USD/MWh,PT1H,"US-AR,US-IA,US-KS,US-LA,US-MN,US-MO,US-MT,US-NE,US-NM,US-ND,US-OK,US-SD,US-TX,US-WY",spp_dam,SPPNORTH_HUB,spp:DA-LMP-SL,https://portal.spp.org/file-browser-api/download/da-lmp-by-settlement-location?path=/2026/09/By_Day/DA-LMP-SL-202609070100.csv,2026-09-25T07:01:08Z,
spp:SPPNORTH_HUB,lmp_dam,2026-09-07T23:00:00Z,34.0379,USD/MWh,PT1H,"US-AR,US-IA,US-KS,US-LA,US-MN,US-MO,US-MT,US-NE,US-NM,US-ND,US-OK,US-SD,US-TX,US-WY",spp_dam,SPPNORTH_HUB,spp:DA-LMP-SL,https://portal.spp.org/file-browser-api/download/da-lmp-by-settlement-location?path=/2026/09/By_Day/DA-LMP-SL-202609070100.csv,2026-09-25T07:01:08Z,
spp:SPPNORTH_HUB,lmp_dam,2026-09-08T00:00:00Z,28.0976,USD/MWh,PT1H,"US-AR,US-IA,US-KS,US-LA,US-MN,US-MO,US-MT,US-NE,US-NM,US-ND,US-OK,US-SD,US-TX,US-WY",spp_dam,SPPNORTH_HUB,spp:DA-LMP-SL,https://portal.spp.org/file-browser-api/download/da-lmp-by-settlement-location?path=/2026/09/By_Day/DA-LMP-SL-202609070100.csv,2026-09-25T07:01:08Z,
spp:SPPNORTH_HUB,lmp_dam,2026-09-08T01:00:00Z,23.5332,USD/MWh,PT1H,"US-AR,US-IA,US-KS,US-LA,US-MN,US-MO,US-MT,US-NE,US-NM,US-ND,US-OK,US-SD,US-TX,US-WY",spp_dam,SPPNORTH_HUB,spp:DA-LMP-SL,https://portal.spp.org/file-browser-api/download/da-lmp-by-settlement-location?path=/2026/09/By_Day/DA-LMP-SL-202609070100.csv,2026-09-25T07:01:08Z,
spp:SPPNORTH_HUB,lmp_dam,2026-09-08T02:00:00Z,15.9523,USD/MWh,PT1H,"US-AR,US-IA,US-KS,US-LA,US-MN,US-MO,US-MT,US-NE,US-NM,US-ND,US-OK,US-SD,US-TX,US-WY",spp_dam,SPPNORTH_HUB,spp:DA-LMP-SL,https://portal.spp.org/file-browser-api/download/da-lmp-by-settlement-location?path=/2026/09/By_Day/DA-LMP-SL-202609070100.csv,2026-09-25T07:01:08Z,
spp:SPPNORTH_HUB,lmp_dam,2026-09-08T03:00:00Z,13.6736,USD/MWh,PT1H,"US-AR,US-IA,US-KS,US-LA,US-MN,US-MO,US-MT,US-NE,US-NM,US-ND,US-OK,US-SD,US-TX,US-WY",spp_dam,SPPNORTH_HUB,spp:DA-LMP-SL,https://portal.spp.org/file-browser-api/download/da-lmp-by-settlement-location?path=/2026/09/By_Day/DA-LMP-SL-202609070100.csv,2026-09-25T07:01:08Z,
spp:SPPNORTH_HUB,lmp_dam,2026-09-08T04:00:00Z,9.3065,USD/MWh,PT1H,"US-AR,US-IA,US-KS,US-LA,US-MN,US-MO,US-MT,US-NE,US-NM,US-ND,US-OK,US-SD,US-TX,US-WY",spp_dam,SPPNORTH_HUB,spp:DA-LMP-SL,https://portal.spp.org/file-browser-api/download/da-lmp-by-settlement-location?path=/2026/09/By_Day/DA-LMP-SL-202609070100.csv,2026-09-25T07:01:08Z,
spp:SPPNORTH_HUB,lmp_dam,2026-09-08T05:00:00Z,8.2598,USD/MWh,PT1H,"US-AR,US-IA,US-KS,US-LA,US-MN,US-MO,US-MT,US-NE,US-NM,US-ND,US-OK,US-SD,US-TX,US-WY",spp_dam,SPPNORTH_HUB,spp:DA-LMP-SL,https://portal.spp.org/file-browser-api/download/da-lmp-by-settlement-location?path=/2026/09/By_Day/DA-LMP-SL-202609080100.csv,2026-09-25T07:01:11Z,
spp:SPPNORTH_HUB,lmp_dam,2026-09-08T06:00:00Z,5.582,USD/MWh,PT1H,"US-AR,US-IA,US-KS,US-LA,US-MN,US-MO,US-MT,US-NE,US-NM,US-ND,US-OK,US-SD,US-TX,US-WY",spp_dam,SPPNORTH_HUB,spp:DA-LMP-SL,https://portal.spp.org/file-browser-api/download/da-lmp-by-settlement-location?path=/2026/09/By_Day/DA-LMP-SL-202609080100.csv,2026-09-25T07:01:11Z,
spp:SPPNORTH_HUB,lmp_dam,2026-09-08T07:00:00Z,0.2,USD/MWh,PT1H,"US-AR,US-IA,US-KS,US-LA,US-MN,US-MO,US-MT,US-NE,US-NM,US-ND,US-OK,US-SD,US-TX,US-WY",spp_dam,SPPNORTH_HUB,spp:DA-LMP-SL,https://portal.spp.org/file-browser-api/download/da-lmp-by-settlement-location?path=/2026/09/By_Day/DA-LMP-SL-202609080100.csv,2026-09-25T07:01:11Z,
spp:SPPNORTH_HUB,lmp_dam,2026-09-08T08:00:00Z,-0.3302,USD/MWh,PT1H,"US-AR,US-IA,US-KS,US-LA,US-MN,US-MO,US-MT,US-NE,US-NM,US-ND,US-OK,US-SD,US-TX,US-WY",spp_dam,SPPNORTH_HUB,spp:DA-LMP-SL,https://portal.spp.org/file-browser-api/download/da-lmp-by-settlement-location?path=/2026/09/By_Day/DA-LMP-SL-202609080100.csv,2026-09-25T07:01:11Z,
spp:SPPNORTH_HUB,lmp_dam,2026-09-08T09:00:00Z,1.7444,USD/MWh,PT1H,"US-AR,US-IA,US-KS,US-LA,US-MN,US-MO,US-MT,US-NE,US-NM,US-ND,US-OK,US-SD,US-TX,US-WY",spp_dam,SPPNORTH_HUB,spp:DA-LMP-SL,https://portal.spp.org/file-browser-api/download/da-lmp-by-settlement-location?path=/2026/09/By_Day/DA-LMP-SL-202609080100.csv,2026-09-25T07:01:11Z,
spp:SPPNORTH_HUB,lmp_dam,2026-09-08T10:00:00Z,7.0616,USD/MWh,PT1H,"US-AR,US-IA,US-KS,US-LA,US-MN,US-MO,US-MT,US-NE,US-NM,US-ND,US-OK,US-SD,US-TX,US-WY",spp_dam,SPPNORTH_HUB,spp:DA-LMP-SL,https://portal.spp.org/file-browser-api/download/da-lmp-by-settlement-location?path=/2026/09/By_Day/DA-LMP-SL-202609080100.csv,2026-09-25T07:01:11Z,
spp:SPPNORTH_HUB,lmp_dam,2026-09-08T11:00:00Z,14.3914,USD/MWh,PT1H,"US-AR,US-IA,US-KS,US-LA,US-MN,US-MO,US-MT,US-NE,US-NM,US-ND,US-OK,US-SD,US-TX,US-WY",spp_dam,SPPNORTH_HUB,spp:DA-LMP-SL,https://portal.spp.org/file-browser-api/download/da-lmp-by-settlement-location?path=/2026/09/By_Day/DA-LMP-SL-202609080100.csv,2026-09-25T07:01:11Z,
spp:SPPNORTH_HUB,lmp_dam,2026-09-08T12:00:00Z,17.2245,USD/MWh,PT1H,"US-AR,US-IA,US-KS,US-LA,US-MN,US-MO,US-MT,US-NE,US-NM,US-ND,US-OK,US-SD,US-TX,US-WY",spp_dam,SPPNORTH_HUB,spp:DA-LMP-SL,https://portal.spp.org/file-browser-api/download/da-lmp-by-settlement-location?path=/2026/09/By_Day/DA-LMP-SL-202609080100.csv,2026-09-25T07:01:11Z,
spp:SPPNORTH_HUB,lmp_dam,2026-09-08T13:00:00Z,20.8577,USD/MWh,PT1H,"US-AR,US-IA,US-KS,US-LA,US-MN,US-MO,US-MT,US-NE,US-NM,US-ND,US-OK,US-SD,US-TX,US-WY",spp_dam,SPPNORTH_HUB,spp:DA-LMP-SL,https://portal.spp.org/file-browser-api/download/da-lmp-by-settlement-location?path=/2026/09/By_Day/DA-LMP-SL-202609080100.csv,2026-09-25T07:01:11Z,
spp:SPPNORTH_HUB,lmp_dam,2026-09-08T14:00:00Z,23.774,USD/MWh,PT1H,"US-AR,US-IA,US-KS,US-LA,US-MN,US-MO,US-MT,US-NE,US-NM,US-ND,US-OK,US-SD,US-TX,US-WY",spp_dam,SPPNORTH_HUB,spp:DA-LMP-SL,https://portal.spp.org/file-browser-api/download/da-lmp-by-settlement-location?path=/2026/09/By_Day/DA-LMP-SL-202609080100.csv,2026-09-25T07:01:11Z,
spp:SPPNORTH_HUB,lmp_dam,2026-09-08T15:00:00Z,24.9332,USD/MWh,PT1H,"US-AR,US-IA,US-KS,US-LA,US-MN,US-MO,US-MT,US-NE,US-NM,US-ND,US-OK,US-SD,US-TX,US-WY",spp_dam,SPPNORTH_HUB,spp:DA-LMP-SL,https://portal.spp.org/file-browser-api/download/da-lmp-by-settlement-location?path=/2026/09/By_Day/DA-LMP-SL-202609080100.csv,2026-09-25T07:01:11Z,
spp:SPPNORTH_HUB,lmp_dam,2026-09-08T16:00:00Z,30.7764,USD/MWh,PT1H,"US-AR,US-IA,US-KS,US-LA,US-MN,US-MO,US-MT,US-NE,US-NM,US-ND,US-OK,US-SD,US-TX,US-WY",spp_dam,SPPNORTH_HUB,spp:DA-LMP-SL,https://portal.spp.org/file-browser-api/download/da-lmp-by-settlement-location?path=/2026/09/By_Day/DA-LMP-SL-202609080100.csv,2026-09-25T07:01:11Z,
spp:SPPNORTH_HUB,lmp_dam,2026-09-08T17:00:00Z,37.7915,USD/MWh,PT1H,"US-AR,US-IA,US-KS,US-LA,US-MN,US-MO,US-MT,US-NE,US-NM,US-ND,US-OK,US-SD,US-TX,US-WY",spp_dam,SPPNORTH_HUB,spp:DA-LMP-SL,https://portal.spp.org/file-browser-api/download/da-lmp-by-settlement-location?path=/2026/09/By_Day/DA-LMP-SL-202609080100.csv,2026-09-25T07:01:11Z,
spp:SPPNORTH_HUB,lmp_dam,2026-09-08T18:00:00Z,49.2019,USD/MWh,PT1H,"US-AR,US-IA,US-KS,US-LA,US-MN,US-MO,US-MT,US-NE,US-NM,US-ND,US-OK,US-SD,US-TX,US-WY",spp_dam,SPPNORTH_HUB,spp:DA-LMP-SL,https://portal.spp.org/file-browser-api/download/da-lmp-by-settlement-location?path=/2026/09/By_Day/DA-LMP-SL-202609080100.csv,2026-09-25T07:01:11Z,
spp:SPPNORTH_HUB,lmp_dam,2026-09-08T19:00:00Z,53.4478,USD/MWh,PT1H,"US-AR,US-IA,US-KS,US-LA,US-MN,US-MO,US-MT,US-NE,US-NM,US-ND,US-OK,US-SD,US-TX,US-WY",spp_dam,SPPNORTH_HUB,spp:DA-LMP-SL,https://portal.spp.org/file-browser-api/download/da-lmp-by-settlement-location?path=/2026/09/By_Day/DA-LMP-SL-202609080100.csv,2026-09-25T07:01:11Z,
spp:SPPNORTH_HUB,lmp_dam,2026-09-08T20:00:00Z,57.3564,USD/MWh,PT1H,"US-AR,US-IA,US-KS,US-LA,US-MN,US-MO,US-MT,US-NE,US-NM,US-ND,US-OK,US-SD,US-TX,US-WY",spp_dam,SPPNORTH_HUB,spp:DA-LMP-SL,https://portal.spp.org/file-browser-api/download/da-lmp-by-settlement-location?path=/2026/09/By_Day/DA-LMP-SL-202609080100.csv,2026-09-25T07:01:11Z,
spp:SPPNORTH_HUB,lmp_dam,2026-09-08T21:00:00Z,70.2697,USD/MWh,PT1H,"US-AR,US-IA,US-KS,US-LA,US-MN,US-MO,US-MT,US-NE,US-NM,US-ND,US-OK,US-SD,US-TX,US-WY",spp_dam,SPPNORTH_HUB,spp:DA-LMP-SL,https://portal.spp.org/file-browser-api/download/da-lmp-by-settlement-location?path=/2026/09/By_Day/DA-LMP-SL-202609080100.csv,2026-09-25T07:01:11Z,
spp:SPPNORTH_HUB,lmp_dam,2026-09-08T22:00:00Z,86.1372,USD/MWh,PT1H,"US-AR,US-IA,US-KS,US-LA,US-MN,US-MO,US-MT,US-NE,US-NM,US-ND,US-OK,US-SD,US-TX,US-WY",spp_dam,SPPNORTH_HUB,spp:DA-LMP-SL,https://portal.spp.org/file-browser-api/download/da-lmp-by-settlement-location?path=/2026/09/By_Day/DA-LMP-SL-202609080100.csv,2026-09-25T07:01:11Z,
spp:SPPNORTH_HUB,lmp_dam,2026-09-08T23:00:00Z,94.02,USD/MWh,PT1H,"US-AR,US-IA,US-KS,US-LA,US-MN,US-MO,US-MT,US-NE,US-NM,US-ND,US-OK,US-SD,US-TX,US-WY",spp_dam,SPPNORTH_HUB,spp:DA-LMP-SL,https://portal.spp.org/file-browser-api/download/da-lmp-by-settlement-location?path=/2026/09/By_Day/DA-LMP-SL-202609080100.csv,2026-09-25T07:01:11Z,
spp:SPPNORTH_HUB,lmp_dam,2026-09-09T00:00:00Z,67.112,USD/MWh,PT1H,"US-AR,US-IA,US-KS,US-LA,US-MN,US-MO,US-MT,US-NE,US-NM,US-ND,US-OK,US-SD,US-TX,US-WY",spp_dam,SPPNORTH_HUB,spp:DA-LMP-SL,https://portal.spp.org/file-browser-api/download/da-lmp-by-settlement-location?path=/2026/09/By_Day/DA-LMP-SL-202609080100.csv,2026-09-25T07:01:11Z,
spp:SPPNORTH_HUB,lmp_dam,2026-09-09T01:00:00Z,43.7533,USD/MWh,PT1H,"US-AR,US-IA,US-KS,US-LA,US-MN,US-MO,US-MT,US-NE,US-NM,US-ND,US-OK,US-SD,US-TX,US-WY",spp_dam,SPPNORTH_HUB,spp:DA-LMP-SL,https://portal.spp.org/file-browser-api/download/da-lmp-by-settlement-location?path=/2026/09/By_Day/DA-LMP-SL-202609080100.csv,2026-09-25T07:01:11Z,
spp:SPPNORTH_HUB,lmp_dam,2026-09-09T02:00:00Z,36.6575,USD/MWh,PT1H,"US-AR,US-IA,US-KS,US-LA,US-MN,US-MO,US-MT,US-NE,US-NM,US-ND,US-OK,US-SD,US-TX,US-WY",spp_dam,SPPNORTH_HUB,spp:DA-LMP-SL,https://portal.spp.org/file-browser-api/download/da-lmp-by-settlement-location?path=/2026/09/By_Day/DA-LMP-SL-202609080100.csv,2026-09-25T07:01:11Z,
spp:SPPNORTH_HUB,lmp_dam,2026-09-09T03:00:00Z,22.9039,USD/MWh,PT1H,"US-AR,US-IA,US-KS,US-LA,US-MN,US-MO,US-MT,US-NE,US-NM,US-ND,US-OK,US-SD,US-TX,US-WY",spp_dam,SPPNORTH_HUB,spp:DA-LMP-SL,https://portal.spp.org/file-browser-api/download/da-lmp-by-settlement-location?path=/2026/09/By_Day/DA-LMP-SL-202609080100.csv,2026-09-25T07:01:11Z,
spp:SPPNORTH_HUB,lmp_dam,2026-09-09T04:00:00Z,19.4229,USD/MWh,PT1H,"US-AR,US-IA,US-KS,US-LA,US-MN,US-MO,US-MT,US-NE,US-NM,US-ND,US-OK,US-SD,US-TX,US-WY",spp_dam,SPPNORTH_HUB,spp:DA-LMP-SL,https://portal.spp.org/file-browser-api/download/da-lmp-by-settlement-location?path=/2026/09/By_Day/DA-LMP-SL-202609080100.csv,2026-09-25T07:01:11Z,
spp:SPPNORTH_HUB,lmp_dam,2026-09-09T05:00:00Z,18.1877,USD/MWh,PT1H,"US-AR,US-IA,US-KS,US-LA,US-MN,US-MO,US-MT,US-NE,US-NM,US-ND,US-OK,US-SD,US-TX,US-WY",spp_dam,SPPNORTH_HUB,spp:DA-LMP-SL,https://portal.spp.org/file-browser-api/download/da-lmp-by-settlement-location?path=/2026/09/By_Day/DA-LMP-SL-202609090100.csv,2026-09-25T07:01:11Z,
spp:SPPNORTH_HUB,lmp_dam,2026-09-09T06:00:00Z,17.4206,USD/MWh,PT1H,"US-AR,US-IA,US-KS,US-LA,US-MN,US-MO,US-MT,US-NE,US-NM,US-ND,US-OK,US-SD,US-TX,US-WY",spp_dam,SPPNORTH_HUB,spp:DA-LMP-SL,https://portal.spp.org/file-browser-api/download/da-lmp-by-settlement-location?path=/2026/09/By_Day/DA-LMP-SL-202609090100.csv,2026-09-25T07:01:11Z,
spp:SPPNORTH_HUB,lmp_dam,2026-09-09T07:00:00Z,17.3397,USD/MWh,PT1H,"US-AR,US-IA,US-KS,US-LA,US-MN,US-MO,US-MT,US-NE,US-NM,US-ND,US-OK,US-SD,US-TX,US-WY",spp_dam,SPPNORTH_HUB,spp:DA-LMP-SL,https://portal.spp.org/file-browser-api/download/da-lmp-by-settlement-location?path=/2026/09/By_Day/DA-LMP-SL-202609090100.csv,2026-09-25T07:01:11Z,
spp:SPPNORTH_HUB,lmp_dam,2026-09-09T08:00:00Z,17.8246,USD/MWh,PT1H,"US-AR,US-IA,US-KS,US-LA,US-MN,US-MO,US-MT,US-NE,US-NM,US-ND,US-OK,US-SD,US-TX,US-WY",spp_dam,SPPNORTH_HUB,spp:DA-LMP-SL,https://portal.spp.org/file-browser-api/download/da-lmp-by-settlement-location?path=/2026/09/By_Day/DA-LMP-SL-202609090100.csv,2026-09-25T07:01:11Z,
spp:SPPNORTH_HUB,lmp_dam,2026-09-09T09:00:00Z,18.9914,USD/MWh,PT1H,"US-AR,US-IA,US-KS,US-LA,US-MN,US-MO,US-MT,US-NE,US-NM,US-ND,US-OK,US-SD,US-TX,US-WY",spp_dam,SPPNORTH_HUB,spp:DA-LMP-SL,https://portal.spp.org/file-browser-api/download/da-lmp-by-settlement-location?path=/2026/09/By_Day/DA-LMP-SL-202609090100.csv,2026-09-25T07:01:11Z,
spp:SPPNORTH_HUB,lmp_dam,2026-09-09T10:00:00Z,21.7744,USD/MWh,PT1H,"US-AR,US-IA,US-KS,US-LA,US-MN,US-MO,US-MT,US-NE,US-NM,US-ND,US-OK,US-SD,US-TX,US-WY",spp_dam,SPPNORTH_HUB,spp:DA-LMP-SL,https://portal.spp.org/file-browser-api/download/da-lmp-by-settlement-location?path=/2026/09/By_Day/DA-LMP-SL-202609090100.csv,2026-09-25T07:01:11Z,
spp:SPPNORTH_HUB,lmp_dam,2026-09-09T11:00:00Z,24.2391,USD/MWh,PT1H,"US-AR,US-IA,US-KS,US-LA,US-MN,US-MO,US-MT,US-NE,US-NM,US-ND,US-OK,US-SD,US-TX,US-WY",spp_dam,SPPNORTH_HUB,spp:DA-LMP-SL,https://portal.spp.org/file-browser-api/download/da-lmp-by-settlement-location?path=/2026/09/By_Day/DA-LMP-SL-202609090100.csv,2026-09-25T07:01:11Z,
spp:SPPNORTH_HUB,lmp_dam,2026-09-09T12:00:00Z,29.033,USD/MWh,PT1H,"US-AR,US-IA,US-KS,US-LA,US-MN,US-MO,US-MT,US-NE,US-NM,US-ND,US-OK,US-SD,US-TX,US-WY",spp_dam,SPPNORTH_HUB,spp:DA-LMP-SL,https://portal.spp.org/file-browser-api/download/da-lmp-by-settlement-location?path=/2026/09/By_Day/DA-LMP-SL-202609090100.csv,2026-09-25T07:01:11Z,
spp:SPPNORTH_HUB,lmp_dam,2026-09-09T13:00:00Z,33.992,USD/MWh,PT1H,"US-AR,US-IA,US-KS,US-LA,US-MN,US-MO,US-MT,US-NE,US-NM,US-ND,US-OK,US-SD,US-TX,US-WY",spp_dam,SPPNORTH_HUB,spp:DA-LMP-SL,https://portal.spp.org/file-browser-api/download/da-lmp-by-settlement-location?path=/2026/09/By_Day/DA-LMP-SL-202609090100.csv,2026-09-25T07:01:11Z,
spp:SPPNORTH_HUB,lmp_dam,2026-09-09T14:00:00Z,40.6971,USD/MWh,PT1H,"US-AR,US-IA,US-KS,US-LA,US-MN,US-MO,US-MT,US-NE,US-NM,US-ND,US-OK,US-SD,US-TX,US-WY",spp_dam,SPPNORTH_HUB,spp:DA-LMP-SL,https://portal.spp.org/file-browser-api/download/da-lmp-by-settlement-location?path=/2026/09/By_Day/DA-LMP-SL-202609090100.csv,2026-09-25T07:01:11Z,
spp:SPPNORTH_HUB,lmp_dam,2026-09-09T15:00:00Z,43.1678,USD/MWh,PT1H,"US-AR,US-IA,US-KS,US-LA,US-MN,US-MO,US-MT,US-NE,US-NM,US-ND,US-OK,US-SD,US-TX,US-WY",spp_dam,SPPNORTH_HUB,spp:DA-LMP-SL,https://portal.spp.org/file-browser-api/download/da-lmp-by-settlement-location?path=/2026/09/By_Day/DA-LMP-SL-202609090100.csv,2026-09-25T07:01:11Z,
spp:SPPNORTH_HUB,lmp_dam,2026-09-09T16:00:00Z,48.6535,USD/MWh,PT1H,"US-AR,US-IA,US-KS,US-LA,US-MN,US-MO,US-MT,US-NE,US-NM,US-ND,US-OK,US-SD,US-TX,US-WY",spp_dam,SPPNORTH_HUB,spp:DA-LMP-SL,https://portal.spp.org/file-browser-api/download/da-lmp-by-settlement-location?path=/2026/09/By_Day/DA-LMP-SL-202609090100.csv,2026-09-25T07:01:11Z,
spp:SPPNORTH_HUB,lmp_dam,2026-09-09T17:00:00Z,68.1744,USD/MWh,PT1H,"US-AR,US-IA,US-KS,US-LA,US-MN,US-MO,US-MT,US-NE,US-NM,US-ND,US-OK,US-SD,US-TX,US-WY",spp_dam,SPPNORTH_HUB,spp:DA-LMP-SL,https://portal.spp.org/file-browser-api/download/da-lmp-by-settlement-location?path=/2026/09/By_Day/DA-LMP-SL-202609090100.csv,2026-09-25T07:01:11Z,
spp:SPPNORTH_HUB,lmp_dam,2026-09-09T18:00:00Z,83.1079,USD/MWh,PT1H,"US-AR,US-IA,US-KS,US-LA,US-MN,US-MO,US-MT,US-NE,US-NM,US-ND,US-OK,US-SD,US-TX,US-WY",spp_dam,SPPNORTH_HUB,spp:DA-LMP-SL,https://portal.spp.org/file-browser-api/download/da-lmp-by-settlement-location?path=/2026/09/By_Day/DA-LMP-SL-202609090100.csv,2026-09-25T07:01:11Z,
spp:SPPNORTH_HUB,lmp_dam,2026-09-09T19:00:00Z,85.6439,USD/MWh,PT1H,"US-AR,US-IA,US-KS,US-LA,US-MN,US-MO,US-MT,US-NE,US-NM,US-ND,US-OK,US-SD,US-TX,US-WY",spp_dam,SPPNORTH_HUB,spp:DA-LMP-SL,https://portal.spp.org/file-browser-api/download/da-lmp-by-settlement-location?path=/2026/09/By_Day/DA-LMP-SL-202609090100.csv,2026-09-25T07:01:11Z,
spp:SPPNORTH_HUB,lmp_dam,2026-09-09T20:00:00Z,90.8268,USD/MWh,PT1H,"US-AR,US-IA,US-KS,US-LA,US-MN,US-MO,US-MT,US-NE,US-NM,US-ND,US-OK,US-SD,US-TX,US-WY",spp_dam,SPPNORTH_HUB,spp:DA-LMP-SL,https://portal.spp.org/file-browser-api/download/da-lmp-by-settlement-location?path=/2026/09/By_Day/DA-LMP-SL-202609090100.csv,2026-09-25T07:01:11Z,
spp:SPPNORTH_HUB,lmp_dam,2026-09-09T21:00:00Z,96.1926,USD/MWh,PT1H,"US-AR,US-IA,US-KS,US-LA,US-MN,US-MO,US-MT,US-NE,US-NM,US-ND,US-OK,US-SD,US-TX,US-WY",spp_dam,SPPNORTH_HUB,spp:DA-LMP-SL,https://portal.spp.org/file-browser-api/download/da-lmp-by-settlement-location?path=/2026/09/By_Day/DA-LMP-SL-202609090100.csv,2026-09-25T07:01:11Z,
spp:SPPNORTH_HUB,lmp_dam,2026-09-09T22:00:00Z,107.0451,USD/MWh,PT1H,"US-AR,US-IA,US-KS,US-LA,US-MN,US-MO,US-MT,US-NE,US-NM,US-ND,US-OK,US-SD,US-TX,US-WY",spp_dam,SPPNORTH_HUB,spp:DA-LMP-SL,https://portal.spp.org/file-browser-api/download/da-lmp-by-settlement-location?path=/2026/09/By_Day/DA-LMP-SL-202609090100.csv,2026-09-25T07:01:11Z,
spp:SPPNORTH_HUB,lmp_dam,2026-09-09T23:00:00Z,119.3329,USD/MWh,PT1H,"US-AR,US-IA,US-KS,US-LA,US-MN,US-MO,US-MT,US-NE,US-NM,US-ND,US-OK,US-SD,US-TX,US-WY",spp_dam,SPPNORTH_HUB,spp:DA-LMP-SL,https://portal.spp.org/file-browser-api/download/da-lmp-by-settlement-location?path=/2026/09/By_Day/DA-LMP-SL-202609090100.csv,2026-09-25T07:01:11Z,
spp:SPPNORTH_HUB,lmp_dam,2026-09-10T00:00:00Z,100.0,USD/MWh,PT1H,"US-AR,US-IA,US-KS,US-LA,US-MN,US-MO,US-MT,US-NE,US-NM,US-ND,US-OK,US-SD,US-TX,US-WY",spp_dam,SPPNORTH_HUB,spp:DA-LMP-SL,https://portal.spp.org/file-browser-api/download/da-lmp-by-settlement-location?path=/2026/09/By_Day/DA-LMP-SL-202609090100.csv,2026-09-25T07:01:11Z,
spp:SPPNORTH_HUB,lmp_dam,2026-09-10T01:00:00Z,63.6395,USD/MWh,PT1H,"US-AR,US-IA,US-KS,US-LA,US-MN,US-MO,US-MT,US-NE,US-NM,US-ND,US-OK,US-SD,US-TX,US-WY",spp_dam,SPPNORTH_HUB,spp:DA-LMP-SL,https://portal.spp.org/file-browser-api/download/da-lmp-by-settlement-location?path=/2026/09/By_Day/DA-LMP-SL-202609090100.csv,2026-09-25T07:01:11Z,
spp:SPPNORTH_HUB,lmp_dam,2026-09-10T02:00:00Z,58.5858,USD/MWh,PT1H,"US-AR,US-IA,US-KS,US-LA,US-MN,US-MO,US-MT,US-NE,US-NM,US-ND,US-OK,US-SD,US-TX,US-WY",spp_dam,SPPNORTH_HUB,spp:DA-LMP-SL,https://portal.spp.org/file-browser-api/download/da-lmp-by-settlement-location?path=/2026/09/By_Day/DA-LMP-SL-202609090100.csv,2026-09-25T07:01:11Z,
spp:SPPNORTH_HUB,lmp_dam,2026-09-10T03:00:00Z,47.7447,USD/MWh,PT1H,"US-AR,US-IA,US-KS,US-LA,US-MN,US-MO,US-MT,US-NE,US-NM,US-ND,US-OK,US-SD,US-TX,US-WY",spp_dam,SPPNORTH_HUB,spp:DA-LMP-SL,https://portal.spp.org/file-browser-api/download/da-lmp-by-settlement-location?path=/2026/09/By_Day/DA-LMP-SL-202609090100.csv,2026-09-25T07:01:11Z,
spp:SPPNORTH_HUB,lmp_dam,2026-09-10T04:00:00Z,37.8858,USD/MWh,PT1H,"US-AR,US-IA,US-KS,US-LA,US-MN,US-MO,US-MT,US-NE,US-NM,US-ND,US-OK,US-SD,US-TX,US-WY",spp_dam,SPPNORTH_HUB,spp:DA-LMP-SL,https://portal.spp.org/file-browser-api/download/da-lmp-by-settlement-location?path=/2026/09/By_Day/DA-LMP-SL-202609090100.csv,2026-09-25T07:01:11Z,
spp:SPPNORTH_HUB,lmp_dam,2026-09-10T05:00:00Z,25.71,USD/MWh,PT1H,"US-AR,US-IA,US-KS,US-LA,US-MN,US-MO,US-MT,US-NE,US-NM,US-ND,US-OK,US-SD,US-TX,US-WY",spp_dam,SPPNORTH_HUB,spp:DA-LMP-SL,https://portal.spp.org/file-browser-api/download/da-lmp-by-settlement-location?path=/2026/09/By_Day/DA-LMP-SL-202609100100.csv,2026-09-25T07:01:12Z,
spp:SPPNORTH_HUB,lmp_dam,2026-09-10T06:00:00Z,23.0694,USD/MWh,PT1H,"US-AR,US-IA,US-KS,US-LA,US-MN,US-MO,US-MT,US-NE,US-NM,US-ND,US-OK,US-SD,US-TX,US-WY",spp_dam,SPPNORTH_HUB,spp:DA-LMP-SL,https://portal.spp.org/file-browser-api/download/da-lmp-by-settlement-location?path=/2026/09/By_Day/DA-LMP-SL-202609100100.csv,2026-09-25T07:01:12Z,
spp:SPPNORTH_HUB,lmp_dam,2026-09-10T07:00:00Z,22.7284,USD/MWh,PT1H,"US-AR,US-IA,US-KS,US-LA,US-MN,US-MO,US-MT,US-NE,US-NM,US-ND,US-OK,US-SD,US-TX,US-WY",spp_dam,SPPNORTH_HUB,spp:DA-LMP-SL,https://portal.spp.org/file-browser-api/download/da-lmp-by-settlement-location?path=/2026/09/By_Day/DA-LMP-SL-202609100100.csv,2026-09-25T07:01:12Z,
spp:SPPNORTH_HUB,lmp_dam,2026-09-10T08:00:00Z,22.5312,USD/MWh,PT1H,"US-AR,US-IA,US-KS,US-LA,US-MN,US-MO,US-MT,US-NE,US-NM,US-ND,US-OK,US-SD,US-TX,US-WY",spp_dam,SPPNORTH_HUB,spp:DA-LMP-SL,https://portal.spp.org/file-browser-api/download/da-lmp-by-settlement-location?path=/2026/09/By_Day/DA-LMP-SL-202609100100.csv,2026-09-25T07:01:12Z,
spp:SPPNORTH_HUB,lmp_dam,2026-09-10T09:00:00Z,22.4827,USD/MWh,PT1H,"US-AR,US-IA,US-KS,US-LA,US-MN,US-MO,US-MT,US-NE,US-NM,US-ND,US-OK,US-SD,US-TX,US-WY",spp_dam,SPPNORTH_HUB,spp:DA-LMP-SL,https://portal.spp.org/file-browser-api/download/da-lmp-by-settlement-location?path=/2026/09/By_Day/DA-LMP-SL-202609100100.csv,2026-09-25T07:01:12Z,
spp:SPPNORTH_HUB,lmp_dam,2026-09-10T10:00:00Z,25.4491,USD/MWh,PT1H,"US-AR,US-IA,US-KS,US-LA,US-MN,US-MO,US-MT,US-NE,US-NM,US-ND,US-OK,US-SD,US-TX,US-WY",spp_dam,SPPNORTH_HUB,spp:DA-LMP-SL,https://portal.spp.org/file-browser-api/download/da-lmp-by-settlement-location?path=/2026/09/By_Day/DA-LMP-SL-202609100100.csv,2026-09-25T07:01:12Z,
spp:SPPNORTH_HUB,lmp_dam,2026-09-10T11:00:00Z,27.95,USD/MWh,PT1H,"US-AR,US-IA,US-KS,US-LA,US-MN,US-MO,US-MT,US-NE,US-NM,US-ND,US-OK,US-SD,US-TX,US-WY",spp_dam,SPPNORTH_HUB,spp:DA-LMP-SL,https://portal.spp.org/file-browser-api/download/da-lmp-by-settlement-location?path=/2026/09/By_Day/DA-LMP-SL-202609100100.csv,2026-09-25T07:01:12Z,
spp:SPPNORTH_HUB,lmp_dam,2026-09-10T12:00:00Z,29.17,USD/MWh,PT1H,"US-AR,US-IA,US-KS,US-LA,US-MN,US-MO,US-MT,US-NE,US-NM,US-ND,US-OK,US-SD,US-TX,US-WY",spp_dam,SPPNORTH_HUB,spp:DA-LMP-SL,https://portal.spp.org/file-browser-api/download/da-lmp-by-settlement-location?path=/2026/09/By_Day/DA-LMP-SL-202609100100.csv,2026-09-25T07:01:12Z,
spp:SPPNORTH_HUB,lmp_dam,2026-09-10T13:00:00Z,32.9365,USD/MWh,PT1H,"US-AR,US-IA,US-KS,US-LA,US-MN,US-MO,US-MT,US-NE,US-NM,US-ND,US-OK,US-SD,US-TX,US-WY",spp_dam,SPPNORTH_HUB,spp:DA-LMP-SL,https://portal.spp.org/file-browser-api/download/da-lmp-by-settlement-location?path=/2026/09/By_Day/DA-LMP-SL-202609100100.csv,2026-09-25T07:01:12Z,
spp:SPPNORTH_HUB,lmp_dam,2026-09-10T14:00:00Z,35.1413,USD/MWh,PT1H,"US-AR,US-IA,US-KS,US-LA,US-MN,US-MO,US-MT,US-NE,US-NM,US-ND,US-OK,US-SD,US-TX,US-WY",spp_dam,SPPNORTH_HUB,spp:DA-LMP-SL,https://portal.spp.org/file-browser-api/download/da-lmp-by-settlement-location?path=/2026/09/By_Day/DA-LMP-SL-202609100100.csv,2026-09-25T07:01:12Z,
spp:SPPNORTH_HUB,lmp_dam,2026-09-10T15:00:00Z,35.192,USD/MWh,PT1H,"US-AR,US-IA,US-KS,US-LA,US-MN,US-MO,US-MT,US-NE,US-NM,US-ND,US-OK,US-SD,US-TX,US-WY",spp_dam,SPPNORTH_HUB,spp:DA-LMP-SL,https://portal.spp.org/file-browser-api/download/da-lmp-by-settlement-location?path=/2026/09/By_Day/DA-LMP-SL-202609100100.csv,2026-09-25T07:01:12Z,
spp:SPPNORTH_HUB,lmp_dam,2026-09-10T16:00:00Z,38.7426,USD/MWh,PT1H,"US-AR,US-IA,US-KS,US-LA,US-MN,US-MO,US-MT,US-NE,US-NM,US-ND,US-OK,US-SD,US-TX,US-WY",spp_dam,SPPNORTH_HUB,spp:DA-LMP-SL,https://portal.spp.org/file-browser-api/download/da-lmp-by-settlement-location?path=/2026/09/By_Day/DA-LMP-SL-202609100100.csv,2026-09-25T07:01:12Z,
spp:SPPNORTH_HUB,lmp_dam,2026-09-10T17:00:00Z,40.7031,USD/MWh,PT1H,"US-AR,US-IA,US-KS,US-LA,US-MN,US-MO,US-MT,US-NE,US-NM,US-ND,US-OK,US-SD,US-TX,US-WY",spp_dam,SPPNORTH_HUB,spp:DA-LMP-SL,https://portal.spp.org/file-browser-api/download/da-lmp-by-settlement-location?path=/2026/09/By_Day/DA-LMP-SL-202609100100.csv,2026-09-25T07:01:12Z,
spp:SPPNORTH_HUB,lmp_dam,2026-09-10T18:00:00Z,46.835,USD/MWh,PT1H,"US-AR,US-IA,US-KS,US-LA,US-MN,US-MO,US-MT,US-NE,US-NM,US-ND,US-OK,US-SD,US-TX,US-WY",spp_dam,SPPNORTH_HUB,spp:DA-LMP-SL,https://portal.spp.org/file-browser-api/download/da-lmp-by-settlement-location?path=/2026/09/By_Day/DA-LMP-SL-202609100100.csv,2026-09-25T07:01:12Z,
spp:SPPNORTH_HUB,lmp_dam,2026-09-10T19:00:00Z,45.2593,USD/MWh,PT1H,"US-AR,US-IA,US-KS,US-LA,US-MN,US-MO,US-MT,US-NE,US-NM,US-ND,US-OK,US-SD,US-TX,US-WY",spp_dam,SPPNORTH_HUB,spp:DA-LMP-SL,https://portal.spp.org/file-browser-api/download/da-lmp-by-settlement-location?path=/2026/09/By_Day/DA-LMP-SL-202609100100.csv,2026-09-25T07:01:12Z,
spp:SPPNORTH_HUB,lmp_dam,2026-09-10T20:00:00Z,43.7143,USD/MWh,PT1H,"US-AR,US-IA,US-KS,US-LA,US-MN,US-MO,US-MT,US-NE,US-NM,US-ND,US-OK,US-SD,US-TX,US-WY",spp_dam,SPPNORTH_HUB,spp:DA-LMP-SL,https://portal.spp.org/file-browser-api/download/da-lmp-by-settlement-location?path=/2026/09/By_Day/DA-LMP-SL-202609100100.csv,2026-09-25T07:01:12Z,
spp:SPPNORTH_HUB,lmp_dam,2026-09-10T21:00:00Z,45.5178,USD/MWh,PT1H,"US-AR,US-IA,US-KS,US-LA,US-MN,US-MO,US-MT,US-NE,US-NM,US-ND,US-OK,US-SD,US-TX,US-WY",spp_dam,SPPNORTH_HUB,spp:DA-LMP-SL,https://portal.spp.org/file-browser-api/download/da-lmp-by-settlement-location?path=/2026/09/By_Day/DA-LMP-SL-202609100100.csv,2026-09-25T07:01:12Z,
spp:SPPNORTH_HUB,lmp_dam,2026-09-10T22:00:00Z,54.8337,USD/MWh,PT1H,"US-AR,US-IA,US-KS,US-LA,US-MN,US-MO,US-MT,US-NE,US-NM,US-ND,US-OK,US-SD,US-TX,US-WY",spp_dam,SPPNORTH_HUB,spp:DA-LMP-SL,https://portal.spp.org/file-browser-api/download/da-lmp-by-settlement-location?path=/2026/09/By_Day/DA-LMP-SL-202609100100.csv,2026-09-25T07:01:12Z,
spp:SPPNORTH_HUB,lmp_dam,2026-09-10T23:00:00Z,60.3758,USD/MWh,PT1H,"US-AR,US-IA,US-KS,US-LA,US-MN,US-MO,US-MT,US-NE,US-NM,US-ND,US-OK,US-SD,US-TX,US-WY",spp_dam,SPPNORTH_HUB,spp:DA-LMP-SL,https://portal.spp.org/file-browser-api/download/da-lmp-by-settlement-location?path=/2026/09/By_Day/DA-LMP-SL-202609100100.csv,2026-09-25T07:01:12Z,
spp:SPPNORTH_HUB,lmp_dam,2026-09-11T00:00:00Z,44.6413,USD/MWh,PT1H,"US-AR,US-IA,US-KS,US-LA,US-MN,US-MO,US-MT,US-NE,US-NM,US-ND,US-OK,US-SD,US-TX,US-WY",spp_dam,SPPNORTH_HUB,spp:DA-LMP-SL,https://portal.spp.org/file-browser-api/download/da-lmp-by-settlement-location?path=/2026/09/By_Day/DA-LMP-SL-202609100100.csv,2026-09-25T07:01:12Z,
spp:SPPNORTH_HUB,lmp_dam,2026-09-11T01:00:00Z,31.8808,USD/MWh,PT1H,"US-AR,US-IA,US-KS,US-LA,US-MN,US-MO,US-MT,US-NE,US-NM,US-ND,US-OK,US-SD,US-TX,US-WY",spp_dam,SPPNORTH_HUB,spp:DA-LMP-SL,https://portal.spp.org/file-browser-api/download/da-lmp-by-settlement-location?path=/2026/09/By_Day/DA-LMP-SL-202609100100.csv,2026-09-25T07:01:12Z,
spp:SPPNORTH_HUB,lmp_dam,2026-09-11T02:00:00Z,21.7295,USD/MWh,PT1H,"US-AR,US-IA,US-KS,US-LA,US-MN,US-MO,US-MT,US-NE,US-NM,US-ND,US-OK,US-SD,US-TX,US-WY",spp_dam,SPPNORTH_HUB,spp:DA-LMP-SL,https://portal.spp.org/file-browser-api/download/da-lmp-by-settlement-location?path=/2026/09/By_Day/DA-LMP-SL-202609100100.csv,2026-09-25T07:01:12Z,
spp:SPPNORTH_HUB,lmp_dam,2026-09-11T03:00:00Z,17.5685,USD/MWh,PT1H,"US-AR,US-IA,US-KS,US-LA,US-MN,US-MO,US-MT,US-NE,US-NM,US-ND,US-OK,US-SD,US-TX,US-WY",spp_dam,SPPNORTH_HUB,spp:DA-LMP-SL,https://portal.spp.org/file-browser-api/download/da-lmp-by-settlement-location?path=/2026/09/By_Day/DA-LMP-SL-202609100100.csv,2026-09-25T07:01:12Z,
spp:SPPNORTH_HUB,lmp_dam,2026-09-11T04:00:00Z,14.8215,USD/MWh,PT1H,"US-AR,US-IA,US-KS,US-LA,US-MN,US-MO,US-MT,US-NE,US-NM,US-ND,US-OK,US-SD,US-TX,US-WY",spp_dam,SPPNORTH_HUB,spp:DA-LMP-SL,https://portal.spp.org/file-browser-api/download/da-lmp-by-settlement-location?path=/2026/09/By_Day/DA-LMP-SL-202609100100.csv,2026-09-25T07:01:12Z,
spp:SPPNORTH_HUB,lmp_dam,2026-09-11T05:00:00Z,16.4196,USD/MWh,PT1H,"US-AR,US-IA,US-KS,US-LA,US-MN,US-MO,US-MT,US-NE,US-NM,US-ND,US-OK,US-SD,US-TX,US-WY",spp_dam,SPPNORTH_HUB,spp:DA-LMP-SL,https://portal.spp.org/file-browser-api/download/da-lmp-by-settlement-location?path=/2026/09/By_Day/DA-LMP-SL-202609110100.csv,2026-09-25T07:01:18Z,
spp:SPPNORTH_HUB,lmp_dam,2026-09-11T06:00:00Z,16.2129,USD/MWh,PT1H,"US-AR,US-IA,US-KS,US-LA,US-MN,US-MO,US-MT,US-NE,US-NM,US-ND,US-OK,US-SD,US-TX,US-WY",spp_dam,SPPNORTH_HUB,spp:DA-LMP-SL,https://portal.spp.org/file-browser-api/download/da-lmp-by-settlement-location?path=/2026/09/By_Day/DA-LMP-SL-202609110100.csv,2026-09-25T07:01:18Z,
spp:SPPNORTH_HUB,lmp_dam,2026-09-11T07:00:00Z,16.0349,USD/MWh,PT1H,"US-AR,US-IA,US-KS,US-LA,US-MN,US-MO,US-MT,US-NE,US-NM,US-ND,US-OK,US-SD,US-TX,US-WY",spp_dam,SPPNORTH_HUB,spp:DA-LMP-SL,https://portal.spp.org/file-browser-api/download/da-lmp-by-settlement-location?path=/2026/09/By_Day/DA-LMP-SL-202609110100.csv,2026-09-25T07:01:18Z,
spp:SPPNORTH_HUB,lmp_dam,2026-09-11T08:00:00Z,16.2707,USD/MWh,PT1H,"US-AR,US-IA,US-KS,US-LA,US-MN,US-MO,US-MT,US-NE,US-NM,US-ND,US-OK,US-SD,US-TX,US-WY",spp_dam,SPPNORTH_HUB,spp:DA-LMP-SL,https://portal.spp.org/file-browser-api/download/da-lmp-by-settlement-location?path=/2026/09/By_Day/DA-LMP-SL-202609110100.csv,2026-09-25T07:01:18Z,
spp:SPPNORTH_HUB,lmp_dam,2026-09-11T09:00:00Z,16.2717,USD/MWh,PT1H,"US-AR,US-IA,US-KS,US-LA,US-MN,US-MO,US-MT,US-NE,US-NM,US-ND,US-OK,US-SD,US-TX,US-WY",spp_dam,SPPNORTH_HUB,spp:DA-LMP-SL,https://portal.spp.org/file-browser-api/download/da-lmp-by-settlement-location?path=/2026/09/By_Day/DA-LMP-SL-202609110100.csv,2026-09-25T07:01:18Z,
spp:SPPNORTH_HUB,lmp_dam,2026-09-11T10:00:00Z,17.5565,USD/MWh,PT1H,"US-AR,US-IA,US-KS,US-LA,US-MN,US-MO,US-MT,US-NE,US-NM,US-ND,US-OK,US-SD,US-TX,US-WY",spp_dam,SPPNORTH_HUB,spp:DA-LMP-SL,https://portal.spp.org/file-browser-api/download/da-lmp-by-settlement-location?path=/2026/09/By_Day/DA-LMP-SL-202609110100.csv,2026-09-25T07:01:18Z,
spp:SPPNORTH_HUB,lmp_dam,2026-09-11T11:00:00Z,18.5256,USD/MWh,PT1H,"US-AR,US-IA,US-KS,US-LA,US-MN,US-MO,US-MT,US-NE,US-NM,US-ND,US-OK,US-SD,US-TX,US-WY",spp_dam,SPPNORTH_HUB,spp:DA-LMP-SL,https://portal.spp.org/file-browser-api/download/da-lmp-by-settlement-location?path=/2026/09/By_Day/DA-LMP-SL-202609110100.csv,2026-09-25T07:01:18Z,
spp:SPPNORTH_HUB,lmp_dam,2026-09-11T12:00:00Z,20.7219,USD/MWh,PT1H,"US-AR,US-IA,US-KS,US-LA,US-MN,US-MO,US-MT,US-NE,US-NM,US-ND,US-OK,US-SD,US-TX,US-WY",spp_dam,SPPNORTH_HUB,spp:DA-LMP-SL,https://portal.spp.org/file-browser-api/download/da-lmp-by-settlement-location?path=/2026/09/By_Day/DA-LMP-SL-202609110100.csv,2026-09-25T07:01:18Z,
spp:SPPNORTH_HUB,lmp_dam,2026-09-11T13:00:00Z,25.9776,USD/MWh,PT1H,"US-AR,US-IA,US-KS,US-LA,US-MN,US-MO,US-MT,US-NE,US-NM,US-ND,US-OK,US-SD,US-TX,US-WY",spp_dam,SPPNORTH_HUB,spp:DA-LMP-SL,https://portal.spp.org/file-browser-api/download/da-lmp-by-settlement-location?path=/2026/09/By_Day/DA-LMP-SL-202609110100.csv,2026-09-25T07:01:18Z,
spp:SPPNORTH_HUB,lmp_dam,2026-09-11T14:00:00Z,28.8355,USD/MWh,PT1H,"US-AR,US-IA,US-KS,US-LA,US-MN,US-MO,US-MT,US-NE,US-NM,US-ND,US-OK,US-SD,US-TX,US-WY",spp_dam,SPPNORTH_HUB,spp:DA-LMP-SL,https://portal.spp.org/file-browser-api/download/da-lmp-by-settlement-location?path=/2026/09/By_Day/DA-LMP-SL-202609110100.csv,2026-09-25T07:01:18Z,
spp:SPPNORTH_HUB,lmp_dam,2026-09-11T15:00:00Z,27.3745,USD/MWh,PT1H,"US-AR,US-IA,US-KS,US-LA,US-MN,US-MO,US-MT,US-NE,US-NM,US-ND,US-OK,US-SD,US-TX,US-WY",spp_dam,SPPNORTH_HUB,spp:DA-LMP-SL,https://portal.spp.org/file-browser-api/download/da-lmp-by-settlement-location?path=/2026/09/By_Day/DA-LMP-SL-202609110100.csv,2026-09-25T07:01:18Z,
spp:SPPNORTH_HUB,lmp_dam,2026-09-11T16:00:00Z,27.1181,USD/MWh,PT1H,"US-AR,US-IA,US-KS,US-LA,US-MN,US-MO,US-MT,US-NE,US-NM,US-ND,US-OK,US-SD,US-TX,US-WY",spp_dam,SPPNORTH_HUB,spp:DA-LMP-SL,https://portal.spp.org/file-browser-api/download/da-lmp-by-settlement-location?path=/2026/09/By_Day/DA-LMP-SL-202609110100.csv,2026-09-25T07:01:18Z,
spp:SPPNORTH_HUB,lmp_dam,2026-09-11T17:00:00Z,29.4017,USD/MWh,PT1H,"US-AR,US-IA,US-KS,US-LA,US-MN,US-MO,US-MT,US-NE,US-NM,US-ND,US-OK,US-SD,US-TX,US-WY",spp_dam,SPPNORTH_HUB,spp:DA-LMP-SL,https://portal.spp.org/file-browser-api/download/da-lmp-by-settlement-location?path=/2026/09/By_Day/DA-LMP-SL-202609110100.csv,2026-09-25T07:01:18Z,
spp:SPPNORTH_HUB,lmp_dam,2026-09-11T18:00:00Z,32.3261,USD/MWh,PT1H,"US-AR,US-IA,US-KS,US-LA,US-MN,US-MO,US-MT,US-NE,US-NM,US-ND,US-OK,US-SD,US-TX,US-WY",spp_dam,SPPNORTH_HUB,spp:DA-LMP-SL,https://portal.spp.org/file-browser-api/download/da-lmp-by-settlement-location?path=/2026/09/By_Day/DA-LMP-SL-202609110100.csv,2026-09-25T07:01:18Z,
spp:SPPNORTH_HUB,lmp_dam,2026-09-11T19:00:00Z,31.9779,USD/MWh,PT1H,"US-AR,US-IA,US-KS,US-LA,US-MN,US-MO,US-MT,US-NE,US-NM,US-ND,US-OK,US-SD,US-TX,US-WY",spp_dam,SPPNORTH_HUB,spp:DA-LMP-SL,https://portal.spp.org/file-browser-api/download/da-lmp-by-settlement-location?path=/2026/09/By_Day/DA-LMP-SL-202609110100.csv,2026-09-25T07:01:18Z,
spp:SPPNORTH_HUB,lmp_dam,2026-09-11T20:00:00Z,31.3801,USD/MWh,PT1H,"US-AR,US-IA,US-KS,US-LA,US-MN,US-MO,US-MT,US-NE,US-NM,US-ND,US-OK,US-SD,US-TX,US-WY",spp_dam,SPPNORTH_HUB,spp:DA-LMP-SL,https://portal.spp.org/file-browser-api/download/da-lmp-by-settlement-location?path=/2026/09/By_Day/DA-LMP-SL-202609110100.csv,2026-09-25T07:01:18Z,
spp:SPPNORTH_HUB,lmp_dam,2026-09-11T21:00:00Z,30.7591,USD/MWh,PT1H,"US-AR,US-IA,US-KS,US-LA,US-MN,US-MO,US-MT,US-NE,US-NM,US-ND,US-OK,US-SD,US-TX,US-WY",spp_dam,SPPNORTH_HUB,spp:DA-LMP-SL,https://portal.spp.org/file-browser-api/download/da-lmp-by-settlement-location?path=/2026/09/By_Day/DA-LMP-SL-202609110100.csv,2026-09-25T07:01:18Z,
spp:SPPNORTH_HUB,lmp_dam,2026-09-11T22:00:00Z,31.2273,USD/MWh,PT1H,"US-AR,US-IA,US-KS,US-LA,US-MN,US-MO,US-MT,US-NE,US-NM,US-ND,US-OK,US-SD,US-TX,US-WY",spp_dam,SPPNORTH_HUB,spp:DA-LMP-SL,https://portal.spp.org/file-browser-api/download/da-lmp-by-settlement-location?path=/2026/09/By_Day/DA-LMP-SL-202609110100.csv,2026-09-25T07:01:18Z,
spp:SPPNORTH_HUB,lmp_dam,2026-09-11T23:00:00Z,36.671,USD/MWh,PT1H,"US-AR,US-IA,US-KS,US-LA,US-MN,US-MO,US-MT,US-NE,US-NM,US-ND,US-OK,US-SD,US-TX,US-WY",spp_dam,SPPNORTH_HUB,spp:DA-LMP-SL,https://portal.spp.org/file-browser-api/download/da-lmp-by-settlement-location?path=/2026/09/By_Day/DA-LMP-SL-202609110100.csv,2026-09-25T07:01:18Z,
spp:SPPNORTH_HUB,lmp_dam,2026-09-12T00:00:00Z,30.1068,USD/MWh,PT1H,"US-AR,US-IA,US-KS,US-LA,US-MN,US-MO,US-MT,US-NE,US-NM,US-ND,US-OK,US-SD,US-TX,US-WY",spp_dam,SPPNORTH_HUB,spp:DA-LMP-SL,https://portal.spp.org/file-browser-api/download/da-lmp-by-settlement-location?path=/2026/09/By_Day/DA-LMP-SL-202609110100.csv,2026-09-25T07:01:18Z,
spp:SPPNORTH_HUB,lmp_dam,2026-09-12T01:00:00Z,18.1706,USD/MWh,PT1H,"US-AR,US-IA,US-KS,US-LA,US-MN,US-MO,US-MT,US-NE,US-NM,US-ND,US-OK,US-SD,US-TX,US-WY",spp_dam,SPPNORTH_HUB,spp:DA-LMP-SL,https://portal.spp.org/file-browser-api/download/da-lmp-by-settlement-location?path=/2026/09/By_Day/DA-LMP-SL-202609110100.csv,2026-09-25T07:01:18Z,
spp:SPPNORTH_HUB,lmp_dam,2026-09-12T02:00:00Z,16.6265,USD/MWh,PT1H,"US-AR,US-IA,US-KS,US-LA,US-MN,US-MO,US-MT,US-NE,US-NM,US-ND,US-OK,US-SD,US-TX,US-WY",spp_dam,SPPNORTH_HUB,spp:DA-LMP-SL,https://portal.spp.org/file-browser-api/download/da-lmp-by-settlement-location?path=/2026/09/By_Day/DA-LMP-SL-202609110100.csv,2026-09-25T07:01:18Z,
spp:SPPNORTH_HUB,lmp_dam,2026-09-12T03:00:00Z,13.6373,USD/MWh,PT1H,"US-AR,US-IA,US-KS,US-LA,US-MN,US-MO,US-MT,US-NE,US-NM,US-ND,US-OK,US-SD,US-TX,US-WY",spp_dam,SPPNORTH_HUB,spp:DA-LMP-SL,https://portal.spp.org/file-browser-api/download/da-lmp-by-settlement-location?path=/2026/09/By_Day/DA-LMP-SL-202609110100.csv,2026-09-25T07:01:18Z,
spp:SPPNORTH_HUB,lmp_dam,2026-09-12T04:00:00Z,11.2835,USD/MWh,PT1H,"US-AR,US-IA,US-KS,US-LA,US-MN,US-MO,US-MT,US-NE,US-NM,US-ND,US-OK,US-SD,US-TX,US-WY",spp_dam,SPPNORTH_HUB,spp:DA-LMP-SL,https://portal.spp.org/file-browser-api/download/da-lmp-by-settlement-location?path=/2026/09/By_Day/DA-LMP-SL-202609110100.csv,2026-09-25T07:01:18Z,
spp:SPPNORTH_HUB,lmp_dam,2026-09-12T05:00:00Z,6.5086,USD/MWh,PT1H,"US-AR,US-IA,US-KS,US-LA,US-MN,US-MO,US-MT,US-NE,US-NM,US-ND,US-OK,US-SD,US-TX,US-WY",spp_dam,SPPNORTH_HUB,spp:DA-LMP-SL,https://portal.spp.org/file-browser-api/download/da-lmp-by-settlement-location?path=/2026/09/By_Day/DA-LMP-SL-202609120100.csv,2026-09-25T07:01:22Z,
spp:SPPNORTH_HUB,lmp_dam,2026-09-12T06:00:00Z,2.2921,USD/MWh,PT1H,"US-AR,US-IA,US-KS,US-LA,US-MN,US-MO,US-MT,US-NE,US-NM,US-ND,US-OK,US-SD,US-TX,US-WY",spp_dam,SPPNORTH_HUB,spp:DA-LMP-SL,https://portal.spp.org/file-browser-api/download/da-lmp-by-settlement-location?path=/2026/09/By_Day/DA-LMP-SL-202609120100.csv,2026-09-25T07:01:22Z,
spp:SPPNORTH_HUB,lmp_dam,2026-09-12T07:00:00Z,1.4577,USD/MWh,PT1H,"US-AR,US-IA,US-KS,US-LA,US-MN,US-MO,US-MT,US-NE,US-NM,US-ND,US-OK,US-SD,US-TX,US-WY",spp_dam,SPPNORTH_HUB,spp:DA-LMP-SL,https://portal.spp.org/file-browser-api/download/da-lmp-by-settlement-location?path=/2026/09/By_Day/DA-LMP-SL-202609120100.csv,2026-09-25T07:01:22Z,
spp:SPPNORTH_HUB,lmp_dam,2026-09-12T08:00:00Z,2.4158,USD/MWh,PT1H,"US-AR,US-IA,US-KS,US-LA,US-MN,US-MO,US-MT,US-NE,US-NM,US-ND,US-OK,US-SD,US-TX,US-WY",spp_dam,SPPNORTH_HUB,spp:DA-LMP-SL,https://portal.spp.org/file-browser-api/download/da-lmp-by-settlement-location?path=/2026/09/By_Day/DA-LMP-SL-202609120100.csv,2026-09-25T07:01:22Z,
spp:SPPNORTH_HUB,lmp_dam,2026-09-12T09:00:00Z,6.8445,USD/MWh,PT1H,"US-AR,US-IA,US-KS,US-LA,US-MN,US-MO,US-MT,US-NE,US-NM,US-ND,US-OK,US-SD,US-TX,US-WY",spp_dam,SPPNORTH_HUB,spp:DA-LMP-SL,https://portal.spp.org/file-browser-api/download/da-lmp-by-settlement-location?path=/2026/09/By_Day/DA-LMP-SL-202609120100.csv,2026-09-25T07:01:22Z,
spp:SPPNORTH_HUB,lmp_dam,2026-09-12T10:00:00Z,14.2561,USD/MWh,PT1H,"US-AR,US-IA,US-KS,US-LA,US-MN,US-MO,US-MT,US-NE,US-NM,US-ND,US-OK,US-SD,US-TX,US-WY",spp_dam,SPPNORTH_HUB,spp:DA-LMP-SL,https://portal.spp.org/file-browser-api/download/da-lmp-by-settlement-location?path=/2026/09/By_Day/DA-LMP-SL-202609120100.csv,2026-09-25T07:01:22Z,
spp:SPPNORTH_HUB,lmp_dam,2026-09-12T11:00:00Z,16.5507,USD/MWh,PT1H,"US-AR,US-IA,US-KS,US-LA,US-MN,US-MO,US-MT,US-NE,US-NM,US-ND,US-OK,US-SD,US-TX,US-WY",spp_dam,SPPNORTH_HUB,spp:DA-LMP-SL,https://portal.spp.org/file-browser-api/download/da-lmp-by-settlement-location?path=/2026/09/By_Day/DA-LMP-SL-202609120100.csv,2026-09-25T07:01:22Z,
spp:SPPNORTH_HUB,lmp_dam,2026-09-12T12:00:00Z,18.6926,USD/MWh,PT1H,"US-AR,US-IA,US-KS,US-LA,US-MN,US-MO,US-MT,US-NE,US-NM,US-ND,US-OK,US-SD,US-TX,US-WY",spp_dam,SPPNORTH_HUB,spp:DA-LMP-SL,https://portal.spp.org/file-browser-api/download/da-lmp-by-settlement-location?path=/2026/09/By_Day/DA-LMP-SL-202609120100.csv,2026-09-25T07:01:22Z,
spp:SPPNORTH_HUB,lmp_dam,2026-09-12T13:00:00Z,23.6137,USD/MWh,PT1H,"US-AR,US-IA,US-KS,US-LA,US-MN,US-MO,US-MT,US-NE,US-NM,US-ND,US-OK,US-SD,US-TX,US-WY",spp_dam,SPPNORTH_HUB,spp:DA-LMP-SL,https://portal.spp.org/file-browser-api/download/da-lmp-by-settlement-location?path=/2026/09/By_Day/DA-LMP-SL-202609120100.csv,2026-09-25T07:01:22Z,
spp:SPPNORTH_HUB,lmp_dam,2026-09-12T14:00:00Z,24.9581,USD/MWh,PT1H,"US-AR,US-IA,US-KS,US-LA,US-MN,US-MO,US-MT,US-NE,US-NM,US-ND,US-OK,US-SD,US-TX,US-WY",spp_dam,SPPNORTH_HUB,spp:DA-LMP-SL,https://portal.spp.org/file-browser-api/download/da-lmp-by-settlement-location?path=/2026/09/By_Day/DA-LMP-SL-202609120100.csv,2026-09-25T07:01:22Z,
spp:SPPNORTH_HUB,lmp_dam,2026-09-12T15:00:00Z,29.032,USD/MWh,PT1H,"US-AR,US-IA,US-KS,US-LA,US-MN,US-MO,US-MT,US-NE,US-NM,US-ND,US-OK,US-SD,US-TX,US-WY",spp_dam,SPPNORTH_HUB,spp:DA-LMP-SL,https://portal.spp.org/file-browser-api/download/da-lmp-by-settlement-location?path=/2026/09/By_Day/DA-LMP-SL-202609120100.csv,2026-09-25T07:01:22Z,
spp:SPPNORTH_HUB,lmp_dam,2026-09-12T16:00:00Z,32.7612,USD/MWh,PT1H,"US-AR,US-IA,US-KS,US-LA,US-MN,US-MO,US-MT,US-NE,US-NM,US-ND,US-OK,US-SD,US-TX,US-WY",spp_dam,SPPNORTH_HUB,spp:DA-LMP-SL,https://portal.spp.org/file-browser-api/download/da-lmp-by-settlement-location?path=/2026/09/By_Day/DA-LMP-SL-202609120100.csv,2026-09-25T07:01:22Z,
spp:SPPNORTH_HUB,lmp_dam,2026-09-12T17:00:00Z,37.9742,USD/MWh,PT1H,"US-AR,US-IA,US-KS,US-LA,US-MN,US-MO,US-MT,US-NE,US-NM,US-ND,US-OK,US-SD,US-TX,US-WY",spp_dam,SPPNORTH_HUB,spp:DA-LMP-SL,https://portal.spp.org/file-browser-api/download/da-lmp-by-settlement-location?path=/2026/09/By_Day/DA-LMP-SL-202609120100.csv,2026-09-25T07:01:22Z,
spp:SPPNORTH_HUB,lmp_dam,2026-09-12T18:00:00Z,41.7933,USD/MWh,PT1H,"US-AR,US-IA,US-KS,US-LA,US-MN,US-MO,US-MT,US-NE,US-NM,US-ND,US-OK,US-SD,US-TX,US-WY",spp_dam,SPPNORTH_HUB,spp:DA-LMP-SL,https://portal.spp.org/file-browser-api/download/da-lmp-by-settlement-location?path=/2026/09/By_Day/DA-LMP-SL-202609120100.csv,2026-09-25T07:01:22Z,
spp:SPPNORTH_HUB,lmp_dam,2026-09-12T19:00:00Z,40.9943,USD/MWh,PT1H,"US-AR,US-IA,US-KS,US-LA,US-MN,US-MO,US-MT,US-NE,US-NM,US-ND,US-OK,US-SD,US-TX,US-WY",spp_dam,SPPNORTH_HUB,spp:DA-LMP-SL,https://portal.spp.org/file-browser-api/download/da-lmp-by-settlement-location?path=/2026/09/By_Day/DA-LMP-SL-202609120100.csv,2026-09-25T07:01:22Z,
spp:SPPNORTH_HUB,lmp_dam,2026-09-12T20:00:00Z,43.409,USD/MWh,PT1H,"US-AR,US-IA,US-KS,US-LA,US-MN,US-MO,US-MT,US-NE,US-NM,US-ND,US-OK,US-SD,US-TX,US-WY",spp_dam,SPPNORTH_HUB,spp:DA-LMP-SL,https://portal.spp.org/file-browser-api/download/da-lmp-by-settlement-location?path=/2026/09/By_Day/DA-LMP-SL-202609120100.csv,2026-09-25T07:01:22Z,
spp:SPPNORTH_HUB,lmp_dam,2026-09-12T21:00:00Z,49.1423,USD/MWh,PT1H,"US-AR,US-IA,US-KS,US-LA,US-MN,US-MO,US-MT,US-NE,US-NM,US-ND,US-OK,US-SD,US-TX,US-WY",spp_dam,SPPNORTH_HUB,spp:DA-LMP-SL,https://portal.spp.org/file-browser-api/download/da-lmp-by-settlement-location?path=/2026/09/By_Day/DA-LMP-SL-202609120100.csv,2026-09-25T07:01:22Z,
spp:SPPNORTH_HUB,lmp_dam,2026-09-12T22:00:00Z,51.8144,USD/MWh,PT1H,"US-AR,US-IA,US-KS,US-LA,US-MN,US-MO,US-MT,US-NE,US-NM,US-ND,US-OK,US-SD,US-TX,US-WY",spp_dam,SPPNORTH_HUB,spp:DA-LMP-SL,https://portal.spp.org/file-browser-api/download/da-lmp-by-settlement-location?path=/2026/09/By_Day/DA-LMP-SL-202609120100.csv,2026-09-25T07:01:22Z,
spp:SPPNORTH_HUB,lmp_dam,2026-09-12T23:00:00Z,52.6578,USD/MWh,PT1H,"US-AR,US-IA,US-KS,US-LA,US-MN,US-MO,US-MT,US-NE,US-NM,US-ND,US-OK,US-SD,US-TX,US-WY",spp_dam,SPPNORTH_HUB,spp:DA-LMP-SL,https://portal.spp.org/file-browser-api/download/da-lmp-by-settlement-location?path=/2026/09/By_Day/DA-LMP-SL-202609120100.csv,2026-09-25T07:01:22Z,
spp:SPPNORTH_HUB,lmp_dam,2026-09-13T00:00:00Z,46.8132,USD/MWh,PT1H,"US-AR,US-IA,US-KS,US-LA,US-MN,US-MO,US-MT,US-NE,US-NM,US-ND,US-OK,US-SD,US-TX,US-WY",spp_dam,SPPNORTH_HUB,spp:DA-LMP-SL,https://portal.spp.org/file-browser-api/download/da-lmp-by-settlement-location?path=/2026/09/By_Day/DA-LMP-SL-202609120100.csv,2026-09-25T07:01:22Z,
spp:SPPNORTH_HUB,lmp_dam,2026-09-13T01:00:00Z,39.1713,USD/MWh,PT1H,"US-AR,US-IA,US-KS,US-LA,US-MN,US-MO,US-MT,US-NE,US-NM,US-ND,US-OK,US-SD,US-TX,US-WY",spp_dam,SPPNORTH_HUB,spp:DA-LMP-SL,https://portal.spp.org/file-browser-api/download/da-lmp-by-settlement-location?path=/2026/09/By_Day/DA-LMP-SL-202609120100.csv,2026-09-25T07:01:22Z,
spp:SPPNORTH_HUB,lmp_dam,2026-09-13T02:00:00Z,32.5973,USD/MWh,PT1H,"US-AR,US-IA,US-KS,US-LA,US-MN,US-MO,US-MT,US-NE,US-NM,US-ND,US-OK,US-SD,US-TX,US-WY",spp_dam,SPPNORTH_HUB,spp:DA-LMP-SL,https://portal.spp.org/file-browser-api/download/da-lmp-by-settlement-location?path=/2026/09/By_Day/DA-LMP-SL-202609120100.csv,2026-09-25T07:01:22Z,
spp:SPPNORTH_HUB,lmp_dam,2026-09-13T03:00:00Z,30.459,USD/MWh,PT1H,"US-AR,US-IA,US-KS,US-LA,US-MN,US-MO,US-MT,US-NE,US-NM,US-ND,US-OK,US-SD,US-TX,US-WY",spp_dam,SPPNORTH_HUB,spp:DA-LMP-SL,https://portal.spp.org/file-browser-api/download/da-lmp-by-settlement-location?path=/2026/09/By_Day/DA-LMP-SL-202609120100.csv,2026-09-25T07:01:22Z,
spp:SPPNORTH_HUB,lmp_dam,2026-09-13T04:00:00Z,23.0561,USD/MWh,PT1H,"US-AR,US-IA,US-KS,US-LA,US-MN,US-MO,US-MT,US-NE,US-NM,US-ND,US-OK,US-SD,US-TX,US-WY",spp_dam,SPPNORTH_HUB,spp:DA-LMP-SL,https://portal.spp.org/file-browser-api/download/da-lmp-by-settlement-location?path=/2026/09/By_Day/DA-LMP-SL-202609120100.csv,2026-09-25T07:01:22Z,
spp:SPPNORTH_HUB,lmp_dam,2026-09-13T05:00:00Z,23.4686,USD/MWh,PT1H,"US-AR,US-IA,US-KS,US-LA,US-MN,US-MO,US-MT,US-NE,US-NM,US-ND,US-OK,US-SD,US-TX,US-WY",spp_dam,SPPNORTH_HUB,spp:DA-LMP-SL,https://portal.spp.org/file-browser-api/download/da-lmp-by-settlement-location?path=/2026/09/By_Day/DA-LMP-SL-202609130100.csv,2026-09-25T07:01:41Z,
spp:SPPNORTH_HUB,lmp_dam,2026-09-13T06:00:00Z,21.8976,USD/MWh,PT1H,"US-AR,US-IA,US-KS,US-LA,US-MN,US-MO,US-MT,US-NE,US-NM,US-ND,US-OK,US-SD,US-TX,US-WY",spp_dam,SPPNORTH_HUB,spp:DA-LMP-SL,https://portal.spp.org/file-browser-api/download/da-lmp-by-settlement-location?path=/2026/09/By_Day/DA-LMP-SL-202609130100.csv,2026-09-25T07:01:41Z,
spp:SPPNORTH_HUB,lmp_dam,2026-09-13T07:00:00Z,21.3201,USD/MWh,PT1H,"US-AR,US-IA,US-KS,US-LA,US-MN,US-MO,US-MT,US-NE,US-NM,US-ND,US-OK,US-SD,US-TX,US-WY",spp_dam,SPPNORTH_HUB,spp:DA-LMP-SL,https://portal.spp.org/file-browser-api/download/da-lmp-by-settlement-location?path=/2026/09/By_Day/DA-LMP-SL-202609130100.csv,2026-09-25T07:01:41Z,
spp:SPPNORTH_HUB,lmp_dam,2026-09-13T08:00:00Z,20.2264,USD/MWh,PT1H,"US-AR,US-IA,US-KS,US-LA,US-MN,US-MO,US-MT,US-NE,US-NM,US-ND,US-OK,US-SD,US-TX,US-WY",spp_dam,SPPNORTH_HUB,spp:DA-LMP-SL,https://portal.spp.org/file-browser-api/download/da-lmp-by-settlement-location?path=/2026/09/By_Day/DA-LMP-SL-202609130100.csv,2026-09-25T07:01:41Z,
spp:SPPNORTH_HUB,lmp_dam,2026-09-13T09:00:00Z,20.1902,USD/MWh,PT1H,"US-AR,US-IA,US-KS,US-LA,US-MN,US-MO,US-MT,US-NE,US-NM,US-ND,US-OK,US-SD,US-TX,US-WY",spp_dam,SPPNORTH_HUB,spp:DA-LMP-SL,https://portal.spp.org/file-browser-api/download/da-lmp-by-settlement-location?path=/2026/09/By_Day/DA-LMP-SL-202609130100.csv,2026-09-25T07:01:41Z,
spp:SPPNORTH_HUB,lmp_dam,2026-09-13T10:00:00Z,21.1267,USD/MWh,PT1H,"US-AR,US-IA,US-KS,US-LA,US-MN,US-MO,US-MT,US-NE,US-NM,US-ND,US-OK,US-SD,US-TX,US-WY",spp_dam,SPPNORTH_HUB,spp:DA-LMP-SL,https://portal.spp.org/file-browser-api/download/da-lmp-by-settlement-location?path=/2026/09/By_Day/DA-LMP-SL-202609130100.csv,2026-09-25T07:01:41Z,
spp:SPPNORTH_HUB,lmp_dam,2026-09-13T11:00:00Z,22.105,USD/MWh,PT1H,"US-AR,US-IA,US-KS,US-LA,US-MN,US-MO,US-MT,US-NE,US-NM,US-ND,US-OK,US-SD,US-TX,US-WY",spp_dam,SPPNORTH_HUB,spp:DA-LMP-SL,https://portal.spp.org/file-browser-api/download/da-lmp-by-settlement-location?path=/2026/09/By_Day/DA-LMP-SL-202609130100.csv,2026-09-25T07:01:41Z,
spp:SPPNORTH_HUB,lmp_dam,2026-09-13T12:00:00Z,20.8266,USD/MWh,PT1H,"US-AR,US-IA,US-KS,US-LA,US-MN,US-MO,US-MT,US-NE,US-NM,US-ND,US-OK,US-SD,US-TX,US-WY",spp_dam,SPPNORTH_HUB,spp:DA-LMP-SL,https://portal.spp.org/file-browser-api/download/da-lmp-by-settlement-location?path=/2026/09/By_Day/DA-LMP-SL-202609130100.csv,2026-09-25T07:01:41Z,
spp:SPPNORTH_HUB,lmp_dam,2026-09-13T13:00:00Z,23.4661,USD/MWh,PT1H,"US-AR,US-IA,US-KS,US-LA,US-MN,US-MO,US-MT,US-NE,US-NM,US-ND,US-OK,US-SD,US-TX,US-WY",spp_dam,SPPNORTH_HUB,spp:DA-LMP-SL,https://portal.spp.org/file-browser-api/download/da-lmp-by-settlement-location?path=/2026/09/By_Day/DA-LMP-SL-202609130100.csv,2026-09-25T07:01:41Z,
spp:SPPNORTH_HUB,lmp_dam,2026-09-13T14:00:00Z,28.7079,USD/MWh,PT1H,"US-AR,US-IA,US-KS,US-LA,US-MN,US-MO,US-MT,US-NE,US-NM,US-ND,US-OK,US-SD,US-TX,US-WY",spp_dam,SPPNORTH_HUB,spp:DA-LMP-SL,https://portal.spp.org/file-browser-api/download/da-lmp-by-settlement-location?path=/2026/09/By_Day/DA-LMP-SL-202609130100.csv,2026-09-25T07:01:41Z,
spp:SPPNORTH_HUB,lmp_dam,2026-09-13T15:00:00Z,29.356,USD/MWh,PT1H,"US-AR,US-IA,US-KS,US-LA,US-MN,US-MO,US-MT,US-NE,US-NM,US-ND,US-OK,US-SD,US-TX,US-WY",spp_dam,SPPNORTH_HUB,spp:DA-LMP-SL,https://portal.spp.org/file-browser-api/download/da-lmp-by-settlement-location?path=/2026/09/By_Day/DA-LMP-SL-202609130100.csv,2026-09-25T07:01:41Z,
spp:SPPNORTH_HUB,lmp_dam,2026-09-13T16:00:00Z,29.2479,USD/MWh,PT1H,"US-AR,US-IA,US-KS,US-LA,US-MN,US-MO,US-MT,US-NE,US-NM,US-ND,US-OK,US-SD,US-TX,US-WY",spp_dam,SPPNORTH_HUB,spp:DA-LMP-SL,https://portal.spp.org/file-browser-api/download/da-lmp-by-settlement-location?path=/2026/09/By_Day/DA-LMP-SL-202609130100.csv,2026-09-25T07:01:41Z,
spp:SPPNORTH_HUB,lmp_dam,2026-09-13T17:00:00Z,28.1153,USD/MWh,PT1H,"US-AR,US-IA,US-KS,US-LA,US-MN,US-MO,US-MT,US-NE,US-NM,US-ND,US-OK,US-SD,US-TX,US-WY",spp_dam,SPPNORTH_HUB,spp:DA-LMP-SL,https://portal.spp.org/file-browser-api/download/da-lmp-by-settlement-location?path=/2026/09/By_Day/DA-LMP-SL-202609130100.csv,2026-09-25T07:01:41Z,
spp:SPPNORTH_HUB,lmp_dam,2026-09-13T18:00:00Z,26.9441,USD/MWh,PT1H,"US-AR,US-IA,US-KS,US-LA,US-MN,US-MO,US-MT,US-NE,US-NM,US-ND,US-OK,US-SD,US-TX,US-WY",spp_dam,SPPNORTH_HUB,spp:DA-LMP-SL,https://portal.spp.org/file-browser-api/download/da-lmp-by-settlement-location?path=/2026/09/By_Day/DA-LMP-SL-202609130100.csv,2026-09-25T07:01:41Z,
spp:SPPNORTH_HUB,lmp_dam,2026-09-13T19:00:00Z,23.4798,USD/MWh,PT1H,"US-AR,US-IA,US-KS,US-LA,US-MN,US-MO,US-MT,US-NE,US-NM,US-ND,US-OK,US-SD,US-TX,US-WY",spp_dam,SPPNORTH_HUB,spp:DA-LMP-SL,https://portal.spp.org/file-browser-api/download/da-lmp-by-settlement-location?path=/2026/09/By_Day/DA-LMP-SL-202609130100.csv,2026-09-25T07:01:41Z,
spp:SPPNORTH_HUB,lmp_dam,2026-09-13T20:00:00Z,25.9945,USD/MWh,PT1H,"US-AR,US-IA,US-KS,US-LA,US-MN,US-MO,US-MT,US-NE,US-NM,US-ND,US-OK,US-SD,US-TX,US-WY",spp_dam,SPPNORTH_HUB,spp:DA-LMP-SL,https://portal.spp.org/file-browser-api/download/da-lmp-by-settlement-location?path=/2026/09/By_Day/DA-LMP-SL-202609130100.csv,2026-09-25T07:01:41Z,
spp:SPPNORTH_HUB,lmp_dam,2026-09-13T21:00:00Z,26.6014,USD/MWh,PT1H,"US-AR,US-IA,US-KS,US-LA,US-MN,US-MO,US-MT,US-NE,US-NM,US-ND,US-OK,US-SD,US-TX,US-WY",spp_dam,SPPNORTH_HUB,spp:DA-LMP-SL,https://portal.spp.org/file-browser-api/download/da-lmp-by-settlement-location?path=/2026/09/By_Day/DA-LMP-SL-202609130100.csv,2026-09-25T07:01:41Z,
spp:SPPNORTH_HUB,lmp_dam,2026-09-13T22:00:00Z,25.2746,USD/MWh,PT1H,"US-AR,US-IA,US-KS,US-LA,US-MN,US-MO,US-MT,US-NE,US-NM,US-ND,US-OK,US-SD,US-TX,US-WY",spp_dam,SPPNORTH_HUB,spp:DA-LMP-SL,https://portal.spp.org/file-browser-api/download/da-lmp-by-settlement-location?path=/2026/09/By_Day/DA-LMP-SL-202609130100.csv,2026-09-25T07:01:41Z,
spp:SPPNORTH_HUB,lmp_dam,2026-09-13T23:00:00Z,22.9247,USD/MWh,PT1H,"US-AR,US-IA,US-KS,US-LA,US-MN,US-MO,US-MT,US-NE,US-NM,US-ND,US-OK,US-SD,US-TX,US-WY",spp_dam,SPPNORTH_HUB,spp:DA-LMP-SL,https://portal.spp.org/file-browser-api/download/da-lmp-by-settlement-location?path=/2026/09/By_Day/DA-LMP-SL-202609130100.csv,2026-09-25T07:01:41Z,
spp:SPPNORTH_HUB,lmp_dam,2026-09-14T00:00:00Z,20.7782,USD/MWh,PT1H,"US-AR,US-IA,US-KS,US-LA,US-MN,US-MO,US-MT,US-NE,US-NM,US-ND,US-OK,US-SD,US-TX,US-WY",spp_dam,SPPNORTH_HUB,spp:DA-LMP-SL,https://portal.spp.org/file-browser-api/download/da-lmp-by-settlement-location?path=/2026/09/By_Day/DA-LMP-SL-202609130100.csv,2026-09-25T07:01:41Z,
spp:SPPNORTH_HUB,lmp_dam,2026-09-14T01:00:00Z,14.2323,USD/MWh,PT1H,"US-AR,US-IA,US-KS,US-LA,US-MN,US-MO,US-MT,US-NE,US-NM,US-ND,US-OK,US-SD,US-TX,US-WY",spp_dam,SPPNORTH_HUB,spp:DA-LMP-SL,https://portal.spp.org/file-browser-api/download/da-lmp-by-settlement-location?path=/2026/09/By_Day/DA-LMP-SL-202609130100.csv,2026-09-25T07:01:41Z,
spp:SPPNORTH_HUB,lmp_dam,2026-09-14T02:00:00Z,12.3771,USD/MWh,PT1H,"US-AR,US-IA,US-KS,US-LA,US-MN,US-MO,US-MT,US-NE,US-NM,US-ND,US-OK,US-SD,US-TX,US-WY",spp_dam,SPPNORTH_HUB,spp:DA-LMP-SL,https://portal.spp.org/file-browser-api/download/da-lmp-by-settlement-location?path=/2026/09/By_Day/DA-LMP-SL-202609130100.csv,2026-09-25T07:01:41Z,
spp:SPPNORTH_HUB,lmp_dam,2026-09-14T03:00:00Z,7.8903,USD/MWh,PT1H,"US-AR,US-IA,US-KS,US-LA,US-MN,US-MO,US-MT,US-NE,US-NM,US-ND,US-OK,US-SD,US-TX,US-WY",spp_dam,SPPNORTH_HUB,spp:DA-LMP-SL,https://portal.spp.org/file-browser-api/download/da-lmp-by-settlement-location?path=/2026/09/By_Day/DA-LMP-SL-202609130100.csv,2026-09-25T07:01:41Z,
spp:SPPNORTH_HUB,lmp_dam,2026-09-14T04:00:00Z,2.0363,USD/MWh,PT1H,"US-AR,US-IA,US-KS,US-LA,US-MN,US-MO,US-MT,US-NE,US-NM,US-ND,US-OK,US-SD,US-TX,US-WY",spp_dam,SPPNORTH_HUB,spp:DA-LMP-SL,https://portal.spp.org/file-browser-api/download/da-lmp-by-settlement-location?path=/2026/09/By_Day/DA-LMP-SL-202609130100.csv,2026-09-25T07:01:41Z,
spp:SPPNORTH_HUB,lmp_dam,2026-09-14T05:00:00Z,1.7363,USD/MWh,PT1H,"US-AR,US-IA,US-KS,US-LA,US-MN,US-MO,US-MT,US-NE,US-NM,US-ND,US-OK,US-SD,US-TX,US-WY",spp_dam,SPPNORTH_HUB,spp:DA-LMP-SL,https://portal.spp.org/file-browser-api/download/da-lmp-by-settlement-location?path=/2026/09/By_Day/DA-LMP-SL-202609140100.csv,2026-09-25T07:01:48Z,
spp:SPPNORTH_HUB,lmp_dam,2026-09-14T06:00:00Z,-1.8062,USD/MWh,PT1H,"US-AR,US-IA,US-KS,US-LA,US-MN,US-MO,US-MT,US-NE,US-NM,US-ND,US-OK,US-SD,US-TX,US-WY",spp_dam,SPPNORTH_HUB,spp:DA-LMP-SL,https://portal.spp.org/file-browser-api/download/da-lmp-by-settlement-location?path=/2026/09/By_Day/DA-LMP-SL-202609140100.csv,2026-09-25T07:01:48Z,
spp:SPPNORTH_HUB,lmp_dam,2026-09-14T07:00:00Z,-5.2035,USD/MWh,PT1H,"US-AR,US-IA,US-KS,US-LA,US-MN,US-MO,US-MT,US-NE,US-NM,US-ND,US-OK,US-SD,US-TX,US-WY",spp_dam,SPPNORTH_HUB,spp:DA-LMP-SL,https://portal.spp.org/file-browser-api/download/da-lmp-by-settlement-location?path=/2026/09/By_Day/DA-LMP-SL-202609140100.csv,2026-09-25T07:01:48Z,
spp:SPPNORTH_HUB,lmp_dam,2026-09-14T08:00:00Z,-7.6066,USD/MWh,PT1H,"US-AR,US-IA,US-KS,US-LA,US-MN,US-MO,US-MT,US-NE,US-NM,US-ND,US-OK,US-SD,US-TX,US-WY",spp_dam,SPPNORTH_HUB,spp:DA-LMP-SL,https://portal.spp.org/file-browser-api/download/da-lmp-by-settlement-location?path=/2026/09/By_Day/DA-LMP-SL-202609140100.csv,2026-09-25T07:01:48Z,
spp:SPPNORTH_HUB,lmp_dam,2026-09-14T09:00:00Z,-7.8348,USD/MWh,PT1H,"US-AR,US-IA,US-KS,US-LA,US-MN,US-MO,US-MT,US-NE,US-NM,US-ND,US-OK,US-SD,US-TX,US-WY",spp_dam,SPPNORTH_HUB,spp:DA-LMP-SL,https://portal.spp.org/file-browser-api/download/da-lmp-by-settlement-location?path=/2026/09/By_Day/DA-LMP-SL-202609140100.csv,2026-09-25T07:01:48Z,
spp:SPPNORTH_HUB,lmp_dam,2026-09-14T10:00:00Z,-5.2449,USD/MWh,PT1H,"US-AR,US-IA,US-KS,US-LA,US-MN,US-MO,US-MT,US-NE,US-NM,US-ND,US-OK,US-SD,US-TX,US-WY",spp_dam,SPPNORTH_HUB,spp:DA-LMP-SL,https://portal.spp.org/file-browser-api/download/da-lmp-by-settlement-location?path=/2026/09/By_Day/DA-LMP-SL-202609140100.csv,2026-09-25T07:01:48Z,
spp:SPPNORTH_HUB,lmp_dam,2026-09-14T11:00:00Z,-2.5504,USD/MWh,PT1H,"US-AR,US-IA,US-KS,US-LA,US-MN,US-MO,US-MT,US-NE,US-NM,US-ND,US-OK,US-SD,US-TX,US-WY",spp_dam,SPPNORTH_HUB,spp:DA-LMP-SL,https://portal.spp.org/file-browser-api/download/da-lmp-by-settlement-location?path=/2026/09/By_Day/DA-LMP-SL-202609140100.csv,2026-09-25T07:01:48Z,
spp:SPPNORTH_HUB,lmp_dam,2026-09-14T12:00:00Z,2.1913,USD/MWh,PT1H,"US-AR,US-IA,US-KS,US-LA,US-MN,US-MO,US-MT,US-NE,US-NM,US-ND,US-OK,US-SD,US-TX,US-WY",spp_dam,SPPNORTH_HUB,spp:DA-LMP-SL,https://portal.spp.org/file-browser-api/download/da-lmp-by-settlement-location?path=/2026/09/By_Day/DA-LMP-SL-202609140100.csv,2026-09-25T07:01:48Z,
spp:SPPNORTH_HUB,lmp_dam,2026-09-14T13:00:00Z,10.8074,USD/MWh,PT1H,"US-AR,US-IA,US-KS,US-LA,US-MN,US-MO,US-MT,US-NE,US-NM,US-ND,US-OK,US-SD,US-TX,US-WY",spp_dam,SPPNORTH_HUB,spp:DA-LMP-SL,https://portal.spp.org/file-browser-api/download/da-lmp-by-settlement-location?path=/2026/09/By_Day/DA-LMP-SL-202609140100.csv,2026-09-25T07:01:48Z,
spp:SPPNORTH_HUB,lmp_dam,2026-09-14T14:00:00Z,15.5891,USD/MWh,PT1H,"US-AR,US-IA,US-KS,US-LA,US-MN,US-MO,US-MT,US-NE,US-NM,US-ND,US-OK,US-SD,US-TX,US-WY",spp_dam,SPPNORTH_HUB,spp:DA-LMP-SL,https://portal.spp.org/file-browser-api/download/da-lmp-by-settlement-location?path=/2026/09/By_Day/DA-LMP-SL-202609140100.csv,2026-09-25T07:01:48Z,
spp:SPPNORTH_HUB,lmp_dam,2026-09-14T15:00:00Z,18.8898,USD/MWh,PT1H,"US-AR,US-IA,US-KS,US-LA,US-MN,US-MO,US-MT,US-NE,US-NM,US-ND,US-OK,US-SD,US-TX,US-WY",spp_dam,SPPNORTH_HUB,spp:DA-LMP-SL,https://portal.spp.org/file-browser-api/download/da-lmp-by-settlement-location?path=/2026/09/By_Day/DA-LMP-SL-202609140100.csv,2026-09-25T07:01:48Z,
spp:SPPNORTH_HUB,lmp_dam,2026-09-14T16:00:00Z,17.99,USD/MWh,PT1H,"US-AR,US-IA,US-KS,US-LA,US-MN,US-MO,US-MT,US-NE,US-NM,US-ND,US-OK,US-SD,US-TX,US-WY",spp_dam,SPPNORTH_HUB,spp:DA-LMP-SL,https://portal.spp.org/file-browser-api/download/da-lmp-by-settlement-location?path=/2026/09/By_Day/DA-LMP-SL-202609140100.csv,2026-09-25T07:01:48Z,
spp:SPPNORTH_HUB,lmp_dam,2026-09-14T17:00:00Z,18.18,USD/MWh,PT1H,"US-AR,US-IA,US-KS,US-LA,US-MN,US-MO,US-MT,US-NE,US-NM,US-ND,US-OK,US-SD,US-TX,US-WY",spp_dam,SPPNORTH_HUB,spp:DA-LMP-SL,https://portal.spp.org/file-browser-api/download/da-lmp-by-settlement-location?path=/2026/09/By_Day/DA-LMP-SL-202609140100.csv,2026-09-25T07:01:48Z,
spp:SPPNORTH_HUB,lmp_dam,2026-09-14T18:00:00Z,18.89,USD/MWh,PT1H,"US-AR,US-IA,US-KS,US-LA,US-MN,US-MO,US-MT,US-NE,US-NM,US-ND,US-OK,US-SD,US-TX,US-WY",spp_dam,SPPNORTH_HUB,spp:DA-LMP-SL,https://portal.spp.org/file-browser-api/download/da-lmp-by-settlement-location?path=/2026/09/By_Day/DA-LMP-SL-202609140100.csv,2026-09-25T07:01:48Z,
spp:SPPNORTH_HUB,lmp_dam,2026-09-14T19:00:00Z,19.7668,USD/MWh,PT1H,"US-AR,US-IA,US-KS,US-LA,US-MN,US-MO,US-MT,US-NE,US-NM,US-ND,US-OK,US-SD,US-TX,US-WY",spp_dam,SPPNORTH_HUB,spp:DA-LMP-SL,https://portal.spp.org/file-browser-api/download/da-lmp-by-settlement-location?path=/2026/09/By_Day/DA-LMP-SL-202609140100.csv,2026-09-25T07:01:48Z,
spp:SPPNORTH_HUB,lmp_dam,2026-09-14T20:00:00Z,19.7133,USD/MWh,PT1H,"US-AR,US-IA,US-KS,US-LA,US-MN,US-MO,US-MT,US-NE,US-NM,US-ND,US-OK,US-SD,US-TX,US-WY",spp_dam,SPPNORTH_HUB,spp:DA-LMP-SL,https://portal.spp.org/file-browser-api/download/da-lmp-by-settlement-location?path=/2026/09/By_Day/DA-LMP-SL-202609140100.csv,2026-09-25T07:01:48Z,
spp:SPPNORTH_HUB,lmp_dam,2026-09-14T21:00:00Z,21.3176,USD/MWh,PT1H,"US-AR,US-IA,US-KS,US-LA,US-MN,US-MO,US-MT,US-NE,US-NM,US-ND,US-OK,US-SD,US-TX,US-WY",spp_dam,SPPNORTH_HUB,spp:DA-LMP-SL,https://portal.spp.org/file-browser-api/download/da-lmp-by-settlement-location?path=/2026/09/By_Day/DA-LMP-SL-202609140100.csv,2026-09-25T07:01:48Z,
spp:SPPNORTH_HUB,lmp_dam,2026-09-14T22:00:00Z,26.71,USD/MWh,PT1H,"US-AR,US-IA,US-KS,US-LA,US-MN,US-MO,US-MT,US-NE,US-NM,US-ND,US-OK,US-SD,US-TX,US-WY",spp_dam,SPPNORTH_HUB,spp:DA-LMP-SL,https://portal.spp.org/file-browser-api/download/da-lmp-by-settlement-location?path=/2026/09/By_Day/DA-LMP-SL-202609140100.csv,2026-09-25T07:01:48Z,
spp:SPPNORTH_HUB,lmp_dam,2026-09-14T23:00:00Z,35.7108,USD/MWh,PT1H,"US-AR,US-IA,US-KS,US-LA,US-MN,US-MO,US-MT,US-NE,US-NM,US-ND,US-OK,US-SD,US-TX,US-WY",spp_dam,SPPNORTH_HUB,spp:DA-LMP-SL,https://portal.spp.org/file-browser-api/download/da-lmp-by-settlement-location?path=/2026/09/By_Day/DA-LMP-SL-202609140100.csv,2026-09-25T07:01:48Z,
spp:SPPNORTH_HUB,lmp_dam,2026-09-15T00:00:00Z,31.5075,USD/MWh,PT1H,"US-AR,US-IA,US-KS,US-LA,US-MN,US-MO,US-MT,US-NE,US-NM,US-ND,US-OK,US-SD,US-TX,US-WY",spp_dam,SPPNORTH_HUB,spp:DA-LMP-SL,https://portal.spp.org/file-browser-api/download/da-lmp-by-settlement-location?path=/2026/09/By_Day/DA-LMP-SL-202609140100.csv,2026-09-25T07:01:48Z,
spp:SPPNORTH_HUB,lmp_dam,2026-09-15T01:00:00Z,18.7566,USD/MWh,PT1H,"US-AR,US-IA,US-KS,US-LA,US-MN,US-MO,US-MT,US-NE,US-NM,US-ND,US-OK,US-SD,US-TX,US-WY",spp_dam,SPPNORTH_HUB,spp:DA-LMP-SL,https://portal.spp.org/file-browser-api/download/da-lmp-by-settlement-location?path=/2026/09/By_Day/DA-LMP-SL-202609140100.csv,2026-09-25T07:01:48Z,
spp:SPPNORTH_HUB,lmp_dam,2026-09-15T02:00:00Z,15.7503,USD/MWh,PT1H,"US-AR,US-IA,US-KS,US-LA,US-MN,US-MO,US-MT,US-NE,US-NM,US-ND,US-OK,US-SD,US-TX,US-WY",spp_dam,SPPNORTH_HUB,spp:DA-LMP-SL,https://portal.spp.org/file-browser-api/download/da-lmp-by-settlement-location?path=/2026/09/By_Day/DA-LMP-SL-202609140100.csv,2026-09-25T07:01:48Z,
spp:SPPNORTH_HUB,lmp_dam,2026-09-15T03:00:00Z,14.1666,USD/MWh,PT1H,"US-AR,US-IA,US-KS,US-LA,US-MN,US-MO,US-MT,US-NE,US-NM,US-ND,US-OK,US-SD,US-TX,US-WY",spp_dam,SPPNORTH_HUB,spp:DA-LMP-SL,https://portal.spp.org/file-browser-api/download/da-lmp-by-settlement-location?path=/2026/09/By_Day/DA-LMP-SL-202609140100.csv,2026-09-25T07:01:48Z,
spp:SPPNORTH_HUB,lmp_dam,2026-09-15T04:00:00Z,12.1251,USD/MWh,PT1H,"US-AR,US-IA,US-KS,US-LA,US-MN,US-MO,US-MT,US-NE,US-NM,US-ND,US-OK,US-SD,US-TX,US-WY",spp_dam,SPPNORTH_HUB,spp:DA-LMP-SL,https://portal.spp.org/file-browser-api/download/da-lmp-by-settlement-location?path=/2026/09/By_Day/DA-LMP-SL-202609140100.csv,2026-09-25T07:01:48Z,
spp:SPPNORTH_HUB,lmp_dam,2026-09-15T05:00:00Z,8.4429,USD/MWh,PT1H,"US-AR,US-IA,US-KS,US-LA,US-MN,US-MO,US-MT,US-NE,US-NM,US-ND,US-OK,US-SD,US-TX,US-WY",spp_dam,SPPNORTH_HUB,spp:DA-LMP-SL,https://portal.spp.org/file-browser-api/download/da-lmp-by-settlement-location?path=/2026/09/By_Day/DA-LMP-SL-202609150100.csv,2026-09-25T07:01:45Z,
spp:SPPNORTH_HUB,lmp_dam,2026-09-15T06:00:00Z,7.5206,USD/MWh,PT1H,"US-AR,US-IA,US-KS,US-LA,US-MN,US-MO,US-MT,US-NE,US-NM,US-ND,US-OK,US-SD,US-TX,US-WY",spp_dam,SPPNORTH_HUB,spp:DA-LMP-SL,https://portal.spp.org/file-browser-api/download/da-lmp-by-settlement-location?path=/2026/09/By_Day/DA-LMP-SL-202609150100.csv,2026-09-25T07:01:45Z,
spp:SPPNORTH_HUB,lmp_dam,2026-09-15T07:00:00Z,3.6304,USD/MWh,PT1H,"US-AR,US-IA,US-KS,US-LA,US-MN,US-MO,US-MT,US-NE,US-NM,US-ND,US-OK,US-SD,US-TX,US-WY",spp_dam,SPPNORTH_HUB,spp:DA-LMP-SL,https://portal.spp.org/file-browser-api/download/da-lmp-by-settlement-location?path=/2026/09/By_Day/DA-LMP-SL-202609150100.csv,2026-09-25T07:01:45Z,
spp:SPPNORTH_HUB,lmp_dam,2026-09-15T08:00:00Z,4.5157,USD/MWh,PT1H,"US-AR,US-IA,US-KS,US-LA,US-MN,US-MO,US-MT,US-NE,US-NM,US-ND,US-OK,US-SD,US-TX,US-WY",spp_dam,SPPNORTH_HUB,spp:DA-LMP-SL,https://portal.spp.org/file-browser-api/download/da-lmp-by-settlement-location?path=/2026/09/By_Day/DA-LMP-SL-202609150100.csv,2026-09-25T07:01:45Z,
spp:SPPNORTH_HUB,lmp_dam,2026-09-15T09:00:00Z,5.6934,USD/MWh,PT1H,"US-AR,US-IA,US-KS,US-LA,US-MN,US-MO,US-MT,US-NE,US-NM,US-ND,US-OK,US-SD,US-TX,US-WY",spp_dam,SPPNORTH_HUB,spp:DA-LMP-SL,https://portal.spp.org/file-browser-api/download/da-lmp-by-settlement-location?path=/2026/09/By_Day/DA-LMP-SL-202609150100.csv,2026-09-25T07:01:45Z,
spp:SPPNORTH_HUB,lmp_dam,2026-09-15T10:00:00Z,11.4475,USD/MWh,PT1H,"US-AR,US-IA,US-KS,US-LA,US-MN,US-MO,US-MT,US-NE,US-NM,US-ND,US-OK,US-SD,US-TX,US-WY",spp_dam,SPPNORTH_HUB,spp:DA-LMP-SL,https://portal.spp.org/file-browser-api/download/da-lmp-by-settlement-location?path=/2026/09/By_Day/DA-LMP-SL-202609150100.csv,2026-09-25T07:01:45Z,
spp:SPPNORTH_HUB,lmp_dam,2026-09-15T11:00:00Z,13.59,USD/MWh,PT1H,"US-AR,US-IA,US-KS,US-LA,US-MN,US-MO,US-MT,US-NE,US-NM,US-ND,US-OK,US-SD,US-TX,US-WY",spp_dam,SPPNORTH_HUB,spp:DA-LMP-SL,https://portal.spp.org/file-browser-api/download/da-lmp-by-settlement-location?path=/2026/09/By_Day/DA-LMP-SL-202609150100.csv,2026-09-25T07:01:45Z,
spp:SPPNORTH_HUB,lmp_dam,2026-09-15T12:00:00Z,16.5501,USD/MWh,PT1H,"US-AR,US-IA,US-KS,US-LA,US-MN,US-MO,US-MT,US-NE,US-NM,US-ND,US-OK,US-SD,US-TX,US-WY",spp_dam,SPPNORTH_HUB,spp:DA-LMP-SL,https://portal.spp.org/file-browser-api/download/da-lmp-by-settlement-location?path=/2026/09/By_Day/DA-LMP-SL-202609150100.csv,2026-09-25T07:01:45Z,
spp:SPPNORTH_HUB,lmp_dam,2026-09-15T13:00:00Z,19.7889,USD/MWh,PT1H,"US-AR,US-IA,US-KS,US-LA,US-MN,US-MO,US-MT,US-NE,US-NM,US-ND,US-OK,US-SD,US-TX,US-WY",spp_dam,SPPNORTH_HUB,spp:DA-LMP-SL,https://portal.spp.org/file-browser-api/download/da-lmp-by-settlement-location?path=/2026/09/By_Day/DA-LMP-SL-202609150100.csv,2026-09-25T07:01:45Z,
spp:SPPNORTH_HUB,lmp_dam,2026-09-15T14:00:00Z,25.9967,USD/MWh,PT1H,"US-AR,US-IA,US-KS,US-LA,US-MN,US-MO,US-MT,US-NE,US-NM,US-ND,US-OK,US-SD,US-TX,US-WY",spp_dam,SPPNORTH_HUB,spp:DA-LMP-SL,https://portal.spp.org/file-browser-api/download/da-lmp-by-settlement-location?path=/2026/09/By_Day/DA-LMP-SL-202609150100.csv,2026-09-25T07:01:45Z,
spp:SPPNORTH_HUB,lmp_dam,2026-09-15T15:00:00Z,26.7972,USD/MWh,PT1H,"US-AR,US-IA,US-KS,US-LA,US-MN,US-MO,US-MT,US-NE,US-NM,US-ND,US-OK,US-SD,US-TX,US-WY",spp_dam,SPPNORTH_HUB,spp:DA-LMP-SL,https://portal.spp.org/file-browser-api/download/da-lmp-by-settlement-location?path=/2026/09/By_Day/DA-LMP-SL-202609150100.csv,2026-09-25T07:01:45Z,
spp:SPPNORTH_HUB,lmp_dam,2026-09-15T16:00:00Z,33.0638,USD/MWh,PT1H,"US-AR,US-IA,US-KS,US-LA,US-MN,US-MO,US-MT,US-NE,US-NM,US-ND,US-OK,US-SD,US-TX,US-WY",spp_dam,SPPNORTH_HUB,spp:DA-LMP-SL,https://portal.spp.org/file-browser-api/download/da-lmp-by-settlement-location?path=/2026/09/By_Day/DA-LMP-SL-202609150100.csv,2026-09-25T07:01:45Z,
spp:SPPNORTH_HUB,lmp_dam,2026-09-15T17:00:00Z,37.0805,USD/MWh,PT1H,"US-AR,US-IA,US-KS,US-LA,US-MN,US-MO,US-MT,US-NE,US-NM,US-ND,US-OK,US-SD,US-TX,US-WY",spp_dam,SPPNORTH_HUB,spp:DA-LMP-SL,https://portal.spp.org/file-browser-api/download/da-lmp-by-settlement-location?path=/2026/09/By_Day/DA-LMP-SL-202609150100.csv,2026-09-25T07:01:45Z,
spp:SPPNORTH_HUB,lmp_dam,2026-09-15T18:00:00Z,46.7197,USD/MWh,PT1H,"US-AR,US-IA,US-KS,US-LA,US-MN,US-MO,US-MT,US-NE,US-NM,US-ND,US-OK,US-SD,US-TX,US-WY",spp_dam,SPPNORTH_HUB,spp:DA-LMP-SL,https://portal.spp.org/file-browser-api/download/da-lmp-by-settlement-location?path=/2026/09/By_Day/DA-LMP-SL-202609150100.csv,2026-09-25T07:01:45Z,
spp:SPPNORTH_HUB,lmp_dam,2026-09-15T19:00:00Z,48.7523,USD/MWh,PT1H,"US-AR,US-IA,US-KS,US-LA,US-MN,US-MO,US-MT,US-NE,US-NM,US-ND,US-OK,US-SD,US-TX,US-WY",spp_dam,SPPNORTH_HUB,spp:DA-LMP-SL,https://portal.spp.org/file-browser-api/download/da-lmp-by-settlement-location?path=/2026/09/By_Day/DA-LMP-SL-202609150100.csv,2026-09-25T07:01:45Z,
spp:SPPNORTH_HUB,lmp_dam,2026-09-15T20:00:00Z,49.1103,USD/MWh,PT1H,"US-AR,US-IA,US-KS,US-LA,US-MN,US-MO,US-MT,US-NE,US-NM,US-ND,US-OK,US-SD,US-TX,US-WY",spp_dam,SPPNORTH_HUB,spp:DA-LMP-SL,https://portal.spp.org/file-browser-api/download/da-lmp-by-settlement-location?path=/2026/09/By_Day/DA-LMP-SL-202609150100.csv,2026-09-25T07:01:45Z,
spp:SPPNORTH_HUB,lmp_dam,2026-09-15T21:00:00Z,51.811,USD/MWh,PT1H,"US-AR,US-IA,US-KS,US-LA,US-MN,US-MO,US-MT,US-NE,US-NM,US-ND,US-OK,US-SD,US-TX,US-WY",spp_dam,SPPNORTH_HUB,spp:DA-LMP-SL,https://portal.spp.org/file-browser-api/download/da-lmp-by-settlement-location?path=/2026/09/By_Day/DA-LMP-SL-202609150100.csv,2026-09-25T07:01:45Z,
spp:SPPNORTH_HUB,lmp_dam,2026-09-15T22:00:00Z,61.3992,USD/MWh,PT1H,"US-AR,US-IA,US-KS,US-LA,US-MN,US-MO,US-MT,US-NE,US-NM,US-ND,US-OK,US-SD,US-TX,US-WY",spp_dam,SPPNORTH_HUB,spp:DA-LMP-SL,https://portal.spp.org/file-browser-api/download/da-lmp-by-settlement-location?path=/2026/09/By_Day/DA-LMP-SL-202609150100.csv,2026-09-25T07:01:45Z,
spp:SPPNORTH_HUB,lmp_dam,2026-09-15T23:00:00Z,69.2626,USD/MWh,PT1H,"US-AR,US-IA,US-KS,US-LA,US-MN,US-MO,US-MT,US-NE,US-NM,US-ND,US-OK,US-SD,US-TX,US-WY",spp_dam,SPPNORTH_HUB,spp:DA-LMP-SL,https://portal.spp.org/file-browser-api/download/da-lmp-by-settlement-location?path=/2026/09/By_Day/DA-LMP-SL-202609150100.csv,2026-09-25T07:01:45Z,
spp:SPPNORTH_HUB,lmp_dam,2026-09-16T00:00:00Z,60.6768,USD/MWh,PT1H,"US-AR,US-IA,US-KS,US-LA,US-MN,US-MO,US-MT,US-NE,US-NM,US-ND,US-OK,US-SD,US-TX,US-WY",spp_dam,SPPNORTH_HUB,spp:DA-LMP-SL,https://portal.spp.org/file-browser-api/download/da-lmp-by-settlement-location?path=/2026/09/By_Day/DA-LMP-SL-202609150100.csv,2026-09-25T07:01:45Z,
spp:SPPNORTH_HUB,lmp_dam,2026-09-16T01:00:00Z,42.6709,USD/MWh,PT1H,"US-AR,US-IA,US-KS,US-LA,US-MN,US-MO,US-MT,US-NE,US-NM,US-ND,US-OK,US-SD,US-TX,US-WY",spp_dam,SPPNORTH_HUB,spp:DA-LMP-SL,https://portal.spp.org/file-browser-api/download/da-lmp-by-settlement-location?path=/2026/09/By_Day/DA-LMP-SL-202609150100.csv,2026-09-25T07:01:45Z,
spp:SPPNORTH_HUB,lmp_dam,2026-09-16T02:00:00Z,34.5129,USD/MWh,PT1H,"US-AR,US-IA,US-KS,US-LA,US-MN,US-MO,US-MT,US-NE,US-NM,US-ND,US-OK,US-SD,US-TX,US-WY",spp_dam,SPPNORTH_HUB,spp:DA-LMP-SL,https://portal.spp.org/file-browser-api/download/da-lmp-by-settlement-location?path=/2026/09/By_Day/DA-LMP-SL-202609150100.csv,2026-09-25T07:01:45Z,
spp:SPPNORTH_HUB,lmp_dam,2026-09-16T03:00:00Z,28.7909,USD/MWh,PT1H,"US-AR,US-IA,US-KS,US-LA,US-MN,US-MO,US-MT,US-NE,US-NM,US-ND,US-OK,US-SD,US-TX,US-WY",spp_dam,SPPNORTH_HUB,spp:DA-LMP-SL,https://portal.spp.org/file-browser-api/download/da-lmp-by-settlement-location?path=/2026/09/By_Day/DA-LMP-SL-202609150100.csv,2026-09-25T07:01:45Z,
spp:SPPNORTH_HUB,lmp_dam,2026-09-16T04:00:00Z,25.4773,USD/MWh,PT1H,"US-AR,US-IA,US-KS,US-LA,US-MN,US-MO,US-MT,US-NE,US-NM,US-ND,US-OK,US-SD,US-TX,US-WY",spp_dam,SPPNORTH_HUB,spp:DA-LMP-SL,https://portal.spp.org/file-browser-api/download/da-lmp-by-settlement-location?path=/2026/09/By_Day/DA-LMP-SL-202609150100.csv,2026-09-25T07:01:45Z,
spp:SPPNORTH_HUB,lmp_dam,2026-09-16T05:00:00Z,32.3113,USD/MWh,PT1H,"US-AR,US-IA,US-KS,US-LA,US-MN,US-MO,US-MT,US-NE,US-NM,US-ND,US-OK,US-SD,US-TX,US-WY",spp_dam,SPPNORTH_HUB,spp:DA-LMP-SL,https://portal.spp.org/file-browser-api/download/da-lmp-by-settlement-location?path=/2026/09/By_Day/DA-LMP-SL-202609160100.csv,2026-09-25T07:01:48Z,
spp:SPPNORTH_HUB,lmp_dam,2026-09-16T06:00:00Z,27.4309,USD/MWh,PT1H,"US-AR,US-IA,US-KS,US-LA,US-MN,US-MO,US-MT,US-NE,US-NM,US-ND,US-OK,US-SD,US-TX,US-WY",spp_dam,SPPNORTH_HUB,spp:DA-LMP-SL,https://portal.spp.org/file-browser-api/download/da-lmp-by-settlement-location?path=/2026/09/By_Day/DA-LMP-SL-202609160100.csv,2026-09-25T07:01:48Z,
spp:SPPNORTH_HUB,lmp_dam,2026-09-16T07:00:00Z,25.3014,USD/MWh,PT1H,"US-AR,US-IA,US-KS,US-LA,US-MN,US-MO,US-MT,US-NE,US-NM,US-ND,US-OK,US-SD,US-TX,US-WY",spp_dam,SPPNORTH_HUB,spp:DA-LMP-SL,https://portal.spp.org/file-browser-api/download/da-lmp-by-settlement-location?path=/2026/09/By_Day/DA-LMP-SL-202609160100.csv,2026-09-25T07:01:48Z,
spp:SPPNORTH_HUB,lmp_dam,2026-09-16T08:00:00Z,24.4177,USD/MWh,PT1H,"US-AR,US-IA,US-KS,US-LA,US-MN,US-MO,US-MT,US-NE,US-NM,US-ND,US-OK,US-SD,US-TX,US-WY",spp_dam,SPPNORTH_HUB,spp:DA-LMP-SL,https://portal.spp.org/file-browser-api/download/da-lmp-by-settlement-location?path=/2026/09/By_Day/DA-LMP-SL-202609160100.csv,2026-09-25T07:01:48Z,
spp:SPPNORTH_HUB,lmp_dam,2026-09-16T09:00:00Z,24.0238,USD/MWh,PT1H,"US-AR,US-IA,US-KS,US-LA,US-MN,US-MO,US-MT,US-NE,US-NM,US-ND,US-OK,US-SD,US-TX,US-WY",spp_dam,SPPNORTH_HUB,spp:DA-LMP-SL,https://portal.spp.org/file-browser-api/download/da-lmp-by-settlement-location?path=/2026/09/By_Day/DA-LMP-SL-202609160100.csv,2026-09-25T07:01:48Z,
spp:SPPNORTH_HUB,lmp_dam,2026-09-16T10:00:00Z,26.9238,USD/MWh,PT1H,"US-AR,US-IA,US-KS,US-LA,US-MN,US-MO,US-MT,US-NE,US-NM,US-ND,US-OK,US-SD,US-TX,US-WY",spp_dam,SPPNORTH_HUB,spp:DA-LMP-SL,https://portal.spp.org/file-browser-api/download/da-lmp-by-settlement-location?path=/2026/09/By_Day/DA-LMP-SL-202609160100.csv,2026-09-25T07:01:48Z,
spp:SPPNORTH_HUB,lmp_dam,2026-09-16T11:00:00Z,30.0354,USD/MWh,PT1H,"US-AR,US-IA,US-KS,US-LA,US-MN,US-MO,US-MT,US-NE,US-NM,US-ND,US-OK,US-SD,US-TX,US-WY",spp_dam,SPPNORTH_HUB,spp:DA-LMP-SL,https://portal.spp.org/file-browser-api/download/da-lmp-by-settlement-location?path=/2026/09/By_Day/DA-LMP-SL-202609160100.csv,2026-09-25T07:01:48Z,
spp:SPPNORTH_HUB,lmp_dam,2026-09-16T12:00:00Z,28.3597,USD/MWh,PT1H,"US-AR,US-IA,US-KS,US-LA,US-MN,US-MO,US-MT,US-NE,US-NM,US-ND,US-OK,US-SD,US-TX,US-WY",spp_dam,SPPNORTH_HUB,spp:DA-LMP-SL,https://portal.spp.org/file-browser-api/download/da-lmp-by-settlement-location?path=/2026/09/By_Day/DA-LMP-SL-202609160100.csv,2026-09-25T07:01:48Z,
spp:SPPNORTH_HUB,lmp_dam,2026-09-16T13:00:00Z,31.2628,USD/MWh,PT1H,"US-AR,US-IA,US-KS,US-LA,US-MN,US-MO,US-MT,US-NE,US-NM,US-ND,US-OK,US-SD,US-TX,US-WY",spp_dam,SPPNORTH_HUB,spp:DA-LMP-SL,https://portal.spp.org/file-browser-api/download/da-lmp-by-settlement-location?path=/2026/09/By_Day/DA-LMP-SL-202609160100.csv,2026-09-25T07:01:48Z,
spp:SPPNORTH_HUB,lmp_dam,2026-09-16T14:00:00Z,37.3215,USD/MWh,PT1H,"US-AR,US-IA,US-KS,US-LA,US-MN,US-MO,US-MT,US-NE,US-NM,US-ND,US-OK,US-SD,US-TX,US-WY",spp_dam,SPPNORTH_HUB,spp:DA-LMP-SL,https://portal.spp.org/file-browser-api/download/da-lmp-by-settlement-location?path=/2026/09/By_Day/DA-LMP-SL-202609160100.csv,2026-09-25T07:01:48Z,
spp:SPPNORTH_HUB,lmp_dam,2026-09-16T15:00:00Z,39.905,USD/MWh,PT1H,"US-AR,US-IA,US-KS,US-LA,US-MN,US-MO,US-MT,US-NE,US-NM,US-ND,US-OK,US-SD,US-TX,US-WY",spp_dam,SPPNORTH_HUB,spp:DA-LMP-SL,https://portal.spp.org/file-browser-api/download/da-lmp-by-settlement-location?path=/2026/09/By_Day/DA-LMP-SL-202609160100.csv,2026-09-25T07:01:48Z,
spp:SPPNORTH_HUB,lmp_dam,2026-09-16T16:00:00Z,41.9414,USD/MWh,PT1H,"US-AR,US-IA,US-KS,US-LA,US-MN,US-MO,US-MT,US-NE,US-NM,US-ND,US-OK,US-SD,US-TX,US-WY",spp_dam,SPPNORTH_HUB,spp:DA-LMP-SL,https://portal.spp.org/file-browser-api/download/da-lmp-by-settlement-location?path=/2026/09/By_Day/DA-LMP-SL-202609160100.csv,2026-09-25T07:01:48Z,
spp:SPPNORTH_HUB,lmp_dam,2026-09-16T17:00:00Z,43.9477,USD/MWh,PT1H,"US-AR,US-IA,US-KS,US-LA,US-MN,US-MO,US-MT,US-NE,US-NM,US-ND,US-OK,US-SD,US-TX,US-WY",spp_dam,SPPNORTH_HUB,spp:DA-LMP-SL,https://portal.spp.org/file-browser-api/download/da-lmp-by-settlement-location?path=/2026/09/By_Day/DA-LMP-SL-202609160100.csv,2026-09-25T07:01:48Z,
spp:SPPNORTH_HUB,lmp_dam,2026-09-16T18:00:00Z,48.4406,USD/MWh,PT1H,"US-AR,US-IA,US-KS,US-LA,US-MN,US-MO,US-MT,US-NE,US-NM,US-ND,US-OK,US-SD,US-TX,US-WY",spp_dam,SPPNORTH_HUB,spp:DA-LMP-SL,https://portal.spp.org/file-browser-api/download/da-lmp-by-settlement-location?path=/2026/09/By_Day/DA-LMP-SL-202609160100.csv,2026-09-25T07:01:48Z,
spp:SPPNORTH_HUB,lmp_dam,2026-09-16T19:00:00Z,46.7947,USD/MWh,PT1H,"US-AR,US-IA,US-KS,US-LA,US-MN,US-MO,US-MT,US-NE,US-NM,US-ND,US-OK,US-SD,US-TX,US-WY",spp_dam,SPPNORTH_HUB,spp:DA-LMP-SL,https://portal.spp.org/file-browser-api/download/da-lmp-by-settlement-location?path=/2026/09/By_Day/DA-LMP-SL-202609160100.csv,2026-09-25T07:01:48Z,
spp:SPPNORTH_HUB,lmp_dam,2026-09-16T20:00:00Z,50.856,USD/MWh,PT1H,"US-AR,US-IA,US-KS,US-LA,US-MN,US-MO,US-MT,US-NE,US-NM,US-ND,US-OK,US-SD,US-TX,US-WY",spp_dam,SPPNORTH_HUB,spp:DA-LMP-SL,https://portal.spp.org/file-browser-api/download/da-lmp-by-settlement-location?path=/2026/09/By_Day/DA-LMP-SL-202609160100.csv,2026-09-25T07:01:48Z,
spp:SPPNORTH_HUB,lmp_dam,2026-09-16T21:00:00Z,57.3631,USD/MWh,PT1H,"US-AR,US-IA,US-KS,US-LA,US-MN,US-MO,US-MT,US-NE,US-NM,US-ND,US-OK,US-SD,US-TX,US-WY",spp_dam,SPPNORTH_HUB,spp:DA-LMP-SL,https://portal.spp.org/file-browser-api/download/da-lmp-by-settlement-location?path=/2026/09/By_Day/DA-LMP-SL-202609160100.csv,2026-09-25T07:01:48Z,
spp:SPPNORTH_HUB,lmp_dam,2026-09-16T22:00:00Z,70.9187,USD/MWh,PT1H,"US-AR,US-IA,US-KS,US-LA,US-MN,US-MO,US-MT,US-NE,US-NM,US-ND,US-OK,US-SD,US-TX,US-WY",spp_dam,SPPNORTH_HUB,spp:DA-LMP-SL,https://portal.spp.org/file-browser-api/download/da-lmp-by-settlement-location?path=/2026/09/By_Day/DA-LMP-SL-202609160100.csv,2026-09-25T07:01:48Z,
spp:SPPNORTH_HUB,lmp_dam,2026-09-16T23:00:00Z,84.4074,USD/MWh,PT1H,"US-AR,US-IA,US-KS,US-LA,US-MN,US-MO,US-MT,US-NE,US-NM,US-ND,US-OK,US-SD,US-TX,US-WY",spp_dam,SPPNORTH_HUB,spp:DA-LMP-SL,https://portal.spp.org/file-browser-api/download/da-lmp-by-settlement-location?path=/2026/09/By_Day/DA-LMP-SL-202609160100.csv,2026-09-25T07:01:48Z,
spp:SPPNORTH_HUB,lmp_dam,2026-09-17T00:00:00Z,65.5435,USD/MWh,PT1H,"US-AR,US-IA,US-KS,US-LA,US-MN,US-MO,US-MT,US-NE,US-NM,US-ND,US-OK,US-SD,US-TX,US-WY",spp_dam,SPPNORTH_HUB,spp:DA-LMP-SL,https://portal.spp.org/file-browser-api/download/da-lmp-by-settlement-location?path=/2026/09/By_Day/DA-LMP-SL-202609160100.csv,2026-09-25T07:01:48Z,
spp:SPPNORTH_HUB,lmp_dam,2026-09-17T01:00:00Z,43.9965,USD/MWh,PT1H,"US-AR,US-IA,US-KS,US-LA,US-MN,US-MO,US-MT,US-NE,US-NM,US-ND,US-OK,US-SD,US-TX,US-WY",spp_dam,SPPNORTH_HUB,spp:DA-LMP-SL,https://portal.spp.org/file-browser-api/download/da-lmp-by-settlement-location?path=/2026/09/By_Day/DA-LMP-SL-202609160100.csv,2026-09-25T07:01:48Z,
spp:SPPNORTH_HUB,lmp_dam,2026-09-17T02:00:00Z,32.5868,USD/MWh,PT1H,"US-AR,US-IA,US-KS,US-LA,US-MN,US-MO,US-MT,US-NE,US-NM,US-ND,US-OK,US-SD,US-TX,US-WY",spp_dam,SPPNORTH_HUB,spp:DA-LMP-SL,https://portal.spp.org/file-browser-api/download/da-lmp-by-settlement-location?path=/2026/09/By_Day/DA-LMP-SL-202609160100.csv,2026-09-25T07:01:48Z,
spp:SPPNORTH_HUB,lmp_dam,2026-09-17T03:00:00Z,26.6206,USD/MWh,PT1H,"US-AR,US-IA,US-KS,US-LA,US-MN,US-MO,US-MT,US-NE,US-NM,US-ND,US-OK,US-SD,US-TX,US-WY",spp_dam,SPPNORTH_HUB,spp:DA-LMP-SL,https://portal.spp.org/file-browser-api/download/da-lmp-by-settlement-location?path=/2026/09/By_Day/DA-LMP-SL-202609160100.csv,2026-09-25T07:01:48Z,
spp:SPPNORTH_HUB,lmp_dam,2026-09-17T04:00:00Z,21.0628,USD/MWh,PT1H,"US-AR,US-IA,US-KS,US-LA,US-MN,US-MO,US-MT,US-NE,US-NM,US-ND,US-OK,US-SD,US-TX,US-WY",spp_dam,SPPNORTH_HUB,spp:DA-LMP-SL,https://portal.spp.org/file-browser-api/download/da-lmp-by-settlement-location?path=/2026/09/By_Day/DA-LMP-SL-202609160100.csv,2026-09-25T07:01:48Z,
spp:SPPNORTH_HUB,lmp_dam,2026-09-17T05:00:00Z,27.0885,USD/MWh,PT1H,"US-AR,US-IA,US-KS,US-LA,US-MN,US-MO,US-MT,US-NE,US-NM,US-ND,US-OK,US-SD,US-TX,US-WY",spp_dam,SPPNORTH_HUB,spp:DA-LMP-SL,https://portal.spp.org/file-browser-api/download/da-lmp-by-settlement-location?path=/2026/09/By_Day/DA-LMP-SL-202609170100.csv,2026-09-25T07:01:53Z,
spp:SPPNORTH_HUB,lmp_dam,2026-09-17T06:00:00Z,22.9132,USD/MWh,PT1H,"US-AR,US-IA,US-KS,US-LA,US-MN,US-MO,US-MT,US-NE,US-NM,US-ND,US-OK,US-SD,US-TX,US-WY",spp_dam,SPPNORTH_HUB,spp:DA-LMP-SL,https://portal.spp.org/file-browser-api/download/da-lmp-by-settlement-location?path=/2026/09/By_Day/DA-LMP-SL-202609170100.csv,2026-09-25T07:01:53Z,
spp:SPPNORTH_HUB,lmp_dam,2026-09-17T07:00:00Z,22.8452,USD/MWh,PT1H,"US-AR,US-IA,US-KS,US-LA,US-MN,US-MO,US-MT,US-NE,US-NM,US-ND,US-OK,US-SD,US-TX,US-WY",spp_dam,SPPNORTH_HUB,spp:DA-LMP-SL,https://portal.spp.org/file-browser-api/download/da-lmp-by-settlement-location?path=/2026/09/By_Day/DA-LMP-SL-202609170100.csv,2026-09-25T07:01:53Z,
spp:SPPNORTH_HUB,lmp_dam,2026-09-17T08:00:00Z,23.0329,USD/MWh,PT1H,"US-AR,US-IA,US-KS,US-LA,US-MN,US-MO,US-MT,US-NE,US-NM,US-ND,US-OK,US-SD,US-TX,US-WY",spp_dam,SPPNORTH_HUB,spp:DA-LMP-SL,https://portal.spp.org/file-browser-api/download/da-lmp-by-settlement-location?path=/2026/09/By_Day/DA-LMP-SL-202609170100.csv,2026-09-25T07:01:53Z,
spp:SPPNORTH_HUB,lmp_dam,2026-09-17T09:00:00Z,24.0827,USD/MWh,PT1H,"US-AR,US-IA,US-KS,US-LA,US-MN,US-MO,US-MT,US-NE,US-NM,US-ND,US-OK,US-SD,US-TX,US-WY",spp_dam,SPPNORTH_HUB,spp:DA-LMP-SL,https://portal.spp.org/file-browser-api/download/da-lmp-by-settlement-location?path=/2026/09/By_Day/DA-LMP-SL-202609170100.csv,2026-09-25T07:01:53Z,
spp:SPPNORTH_HUB,lmp_dam,2026-09-17T10:00:00Z,29.7976,USD/MWh,PT1H,"US-AR,US-IA,US-KS,US-LA,US-MN,US-MO,US-MT,US-NE,US-NM,US-ND,US-OK,US-SD,US-TX,US-WY",spp_dam,SPPNORTH_HUB,spp:DA-LMP-SL,https://portal.spp.org/file-browser-api/download/da-lmp-by-settlement-location?path=/2026/09/By_Day/DA-LMP-SL-202609170100.csv,2026-09-25T07:01:53Z,
spp:SPPNORTH_HUB,lmp_dam,2026-09-17T11:00:00Z,34.9192,USD/MWh,PT1H,"US-AR,US-IA,US-KS,US-LA,US-MN,US-MO,US-MT,US-NE,US-NM,US-ND,US-OK,US-SD,US-TX,US-WY",spp_dam,SPPNORTH_HUB,spp:DA-LMP-SL,https://portal.spp.org/file-browser-api/download/da-lmp-by-settlement-location?path=/2026/09/By_Day/DA-LMP-SL-202609170100.csv,2026-09-25T07:01:53Z,
spp:SPPNORTH_HUB,lmp_dam,2026-09-17T12:00:00Z,37.2264,USD/MWh,PT1H,"US-AR,US-IA,US-KS,US-LA,US-MN,US-MO,US-MT,US-NE,US-NM,US-ND,US-OK,US-SD,US-TX,US-WY",spp_dam,SPPNORTH_HUB,spp:DA-LMP-SL,https://portal.spp.org/file-browser-api/download/da-lmp-by-settlement-location?path=/2026/09/By_Day/DA-LMP-SL-202609170100.csv,2026-09-25T07:01:53Z,
spp:SPPNORTH_HUB,lmp_dam,2026-09-17T13:00:00Z,35.7747,USD/MWh,PT1H,"US-AR,US-IA,US-KS,US-LA,US-MN,US-MO,US-MT,US-NE,US-NM,US-ND,US-OK,US-SD,US-TX,US-WY",spp_dam,SPPNORTH_HUB,spp:DA-LMP-SL,https://portal.spp.org/file-browser-api/download/da-lmp-by-settlement-location?path=/2026/09/By_Day/DA-LMP-SL-202609170100.csv,2026-09-25T07:01:53Z,
spp:SPPNORTH_HUB,lmp_dam,2026-09-17T14:00:00Z,38.5135,USD/MWh,PT1H,"US-AR,US-IA,US-KS,US-LA,US-MN,US-MO,US-MT,US-NE,US-NM,US-ND,US-OK,US-SD,US-TX,US-WY",spp_dam,SPPNORTH_HUB,spp:DA-LMP-SL,https://portal.spp.org/file-browser-api/download/da-lmp-by-settlement-location?path=/2026/09/By_Day/DA-LMP-SL-202609170100.csv,2026-09-25T07:01:53Z,
spp:SPPNORTH_HUB,lmp_dam,2026-09-17T15:00:00Z,42.6571,USD/MWh,PT1H,"US-AR,US-IA,US-KS,US-LA,US-MN,US-MO,US-MT,US-NE,US-NM,US-ND,US-OK,US-SD,US-TX,US-WY",spp_dam,SPPNORTH_HUB,spp:DA-LMP-SL,https://portal.spp.org/file-browser-api/download/da-lmp-by-settlement-location?path=/2026/09/By_Day/DA-LMP-SL-202609170100.csv,2026-09-25T07:01:53Z,
spp:SPPNORTH_HUB,lmp_dam,2026-09-17T16:00:00Z,49.3842,USD/MWh,PT1H,"US-AR,US-IA,US-KS,US-LA,US-MN,US-MO,US-MT,US-NE,US-NM,US-ND,US-OK,US-SD,US-TX,US-WY",spp_dam,SPPNORTH_HUB,spp:DA-LMP-SL,https://portal.spp.org/file-browser-api/download/da-lmp-by-settlement-location?path=/2026/09/By_Day/DA-LMP-SL-202609170100.csv,2026-09-25T07:01:53Z,
spp:SPPNORTH_HUB,lmp_dam,2026-09-17T17:00:00Z,62.6131,USD/MWh,PT1H,"US-AR,US-IA,US-KS,US-LA,US-MN,US-MO,US-MT,US-NE,US-NM,US-ND,US-OK,US-SD,US-TX,US-WY",spp_dam,SPPNORTH_HUB,spp:DA-LMP-SL,https://portal.spp.org/file-browser-api/download/da-lmp-by-settlement-location?path=/2026/09/By_Day/DA-LMP-SL-202609170100.csv,2026-09-25T07:01:53Z,
spp:SPPNORTH_HUB,lmp_dam,2026-09-17T18:00:00Z,74.6866,USD/MWh,PT1H,"US-AR,US-IA,US-KS,US-LA,US-MN,US-MO,US-MT,US-NE,US-NM,US-ND,US-OK,US-SD,US-TX,US-WY",spp_dam,SPPNORTH_HUB,spp:DA-LMP-SL,https://portal.spp.org/file-browser-api/download/da-lmp-by-settlement-location?path=/2026/09/By_Day/DA-LMP-SL-202609170100.csv,2026-09-25T07:01:53Z,
spp:SPPNORTH_HUB,lmp_dam,2026-09-17T19:00:00Z,77.2743,USD/MWh,PT1H,"US-AR,US-IA,US-KS,US-LA,US-MN,US-MO,US-MT,US-NE,US-NM,US-ND,US-OK,US-SD,US-TX,US-WY",spp_dam,SPPNORTH_HUB,spp:DA-LMP-SL,https://portal.spp.org/file-browser-api/download/da-lmp-by-settlement-location?path=/2026/09/By_Day/DA-LMP-SL-202609170100.csv,2026-09-25T07:01:53Z,
spp:SPPNORTH_HUB,lmp_dam,2026-09-17T20:00:00Z,76.8517,USD/MWh,PT1H,"US-AR,US-IA,US-KS,US-LA,US-MN,US-MO,US-MT,US-NE,US-NM,US-ND,US-OK,US-SD,US-TX,US-WY",spp_dam,SPPNORTH_HUB,spp:DA-LMP-SL,https://portal.spp.org/file-browser-api/download/da-lmp-by-settlement-location?path=/2026/09/By_Day/DA-LMP-SL-202609170100.csv,2026-09-25T07:01:53Z,
spp:SPPNORTH_HUB,lmp_dam,2026-09-17T21:00:00Z,80.4932,USD/MWh,PT1H,"US-AR,US-IA,US-KS,US-LA,US-MN,US-MO,US-MT,US-NE,US-NM,US-ND,US-OK,US-SD,US-TX,US-WY",spp_dam,SPPNORTH_HUB,spp:DA-LMP-SL,https://portal.spp.org/file-browser-api/download/da-lmp-by-settlement-location?path=/2026/09/By_Day/DA-LMP-SL-202609170100.csv,2026-09-25T07:01:53Z,
spp:SPPNORTH_HUB,lmp_dam,2026-09-17T22:00:00Z,85.2302,USD/MWh,PT1H,"US-AR,US-IA,US-KS,US-LA,US-MN,US-MO,US-MT,US-NE,US-NM,US-ND,US-OK,US-SD,US-TX,US-WY",spp_dam,SPPNORTH_HUB,spp:DA-LMP-SL,https://portal.spp.org/file-browser-api/download/da-lmp-by-settlement-location?path=/2026/09/By_Day/DA-LMP-SL-202609170100.csv,2026-09-25T07:01:53Z,
spp:SPPNORTH_HUB,lmp_dam,2026-09-17T23:00:00Z,87.1508,USD/MWh,PT1H,"US-AR,US-IA,US-KS,US-LA,US-MN,US-MO,US-MT,US-NE,US-NM,US-ND,US-OK,US-SD,US-TX,US-WY",spp_dam,SPPNORTH_HUB,spp:DA-LMP-SL,https://portal.spp.org/file-browser-api/download/da-lmp-by-settlement-location?path=/2026/09/By_Day/DA-LMP-SL-202609170100.csv,2026-09-25T07:01:53Z,
spp:SPPNORTH_HUB,lmp_dam,2026-09-18T00:00:00Z,65.0023,USD/MWh,PT1H,"US-AR,US-IA,US-KS,US-LA,US-MN,US-MO,US-MT,US-NE,US-NM,US-ND,US-OK,US-SD,US-TX,US-WY",spp_dam,SPPNORTH_HUB,spp:DA-LMP-SL,https://portal.spp.org/file-browser-api/download/da-lmp-by-settlement-location?path=/2026/09/By_Day/DA-LMP-SL-202609170100.csv,2026-09-25T07:01:53Z,
spp:SPPNORTH_HUB,lmp_dam,2026-09-18T01:00:00Z,37.8818,USD/MWh,PT1H,"US-AR,US-IA,US-KS,US-LA,US-MN,US-MO,US-MT,US-NE,US-NM,US-ND,US-OK,US-SD,US-TX,US-WY",spp_dam,SPPNORTH_HUB,spp:DA-LMP-SL,https://portal.spp.org/file-browser-api/download/da-lmp-by-settlement-location?path=/2026/09/By_Day/DA-LMP-SL-202609170100.csv,2026-09-25T07:01:53Z,
spp:SPPNORTH_HUB,lmp_dam,2026-09-18T02:00:00Z,24.2322,USD/MWh,PT1H,"US-AR,US-IA,US-KS,US-LA,US-MN,US-MO,US-MT,US-NE,US-NM,US-ND,US-OK,US-SD,US-TX,US-WY",spp_dam,SPPNORTH_HUB,spp:DA-LMP-SL,https://portal.spp.org/file-browser-api/download/da-lmp-by-settlement-location?path=/2026/09/By_Day/DA-LMP-SL-202609170100.csv,2026-09-25T07:01:53Z,
spp:SPPNORTH_HUB,lmp_dam,2026-09-18T03:00:00Z,18.0353,USD/MWh,PT1H,"US-AR,US-IA,US-KS,US-LA,US-MN,US-MO,US-MT,US-NE,US-NM,US-ND,US-OK,US-SD,US-TX,US-WY",spp_dam,SPPNORTH_HUB,spp:DA-LMP-SL,https://portal.spp.org/file-browser-api/download/da-lmp-by-settlement-location?path=/2026/09/By_Day/DA-LMP-SL-202609170100.csv,2026-09-25T07:01:53Z,
spp:SPPNORTH_HUB,lmp_dam,2026-09-18T04:00:00Z,12.1017,USD/MWh,PT1H,"US-AR,US-IA,US-KS,US-LA,US-MN,US-MO,US-MT,US-NE,US-NM,US-ND,US-OK,US-SD,US-TX,US-WY",spp_dam,SPPNORTH_HUB,spp:DA-LMP-SL,https://portal.spp.org/file-browser-api/download/da-lmp-by-settlement-location?path=/2026/09/By_Day/DA-LMP-SL-202609170100.csv,2026-09-25T07:01:53Z,
spp:SPPNORTH_HUB,lmp_dam,2026-09-18T05:00:00Z,21.084,USD/MWh,PT1H,"US-AR,US-IA,US-KS,US-LA,US-MN,US-MO,US-MT,US-NE,US-NM,US-ND,US-OK,US-SD,US-TX,US-WY",spp_dam,SPPNORTH_HUB,spp:DA-LMP-SL,https://portal.spp.org/file-browser-api/download/da-lmp-by-settlement-location?path=/2026/09/By_Day/DA-LMP-SL-202609180100.csv,2026-09-25T07:01:54Z,
spp:SPPNORTH_HUB,lmp_dam,2026-09-18T06:00:00Z,16.8876,USD/MWh,PT1H,"US-AR,US-IA,US-KS,US-LA,US-MN,US-MO,US-MT,US-NE,US-NM,US-ND,US-OK,US-SD,US-TX,US-WY",spp_dam,SPPNORTH_HUB,spp:DA-LMP-SL,https://portal.spp.org/file-browser-api/download/da-lmp-by-settlement-location?path=/2026/09/By_Day/DA-LMP-SL-202609180100.csv,2026-09-25T07:01:54Z,
spp:SPPNORTH_HUB,lmp_dam,2026-09-18T07:00:00Z,15.3825,USD/MWh,PT1H,"US-AR,US-IA,US-KS,US-LA,US-MN,US-MO,US-MT,US-NE,US-NM,US-ND,US-OK,US-SD,US-TX,US-WY",spp_dam,SPPNORTH_HUB,spp:DA-LMP-SL,https://portal.spp.org/file-browser-api/download/da-lmp-by-settlement-location?path=/2026/09/By_Day/DA-LMP-SL-202609180100.csv,2026-09-25T07:01:54Z,
spp:SPPNORTH_HUB,lmp_dam,2026-09-18T08:00:00Z,17.1971,USD/MWh,PT1H,"US-AR,US-IA,US-KS,US-LA,US-MN,US-MO,US-MT,US-NE,US-NM,US-ND,US-OK,US-SD,US-TX,US-WY",spp_dam,SPPNORTH_HUB,spp:DA-LMP-SL,https://portal.spp.org/file-browser-api/download/da-lmp-by-settlement-location?path=/2026/09/By_Day/DA-LMP-SL-202609180100.csv,2026-09-25T07:01:54Z,
spp:SPPNORTH_HUB,lmp_dam,2026-09-18T09:00:00Z,16.5824,USD/MWh,PT1H,"US-AR,US-IA,US-KS,US-LA,US-MN,US-MO,US-MT,US-NE,US-NM,US-ND,US-OK,US-SD,US-TX,US-WY",spp_dam,SPPNORTH_HUB,spp:DA-LMP-SL,https://portal.spp.org/file-browser-api/download/da-lmp-by-settlement-location?path=/2026/09/By_Day/DA-LMP-SL-202609180100.csv,2026-09-25T07:01:54Z,
spp:SPPNORTH_HUB,lmp_dam,2026-09-18T10:00:00Z,19.0933,USD/MWh,PT1H,"US-AR,US-IA,US-KS,US-LA,US-MN,US-MO,US-MT,US-NE,US-NM,US-ND,US-OK,US-SD,US-TX,US-WY",spp_dam,SPPNORTH_HUB,spp:DA-LMP-SL,https://portal.spp.org/file-browser-api/download/da-lmp-by-settlement-location?path=/2026/09/By_Day/DA-LMP-SL-202609180100.csv,2026-09-25T07:01:54Z,
spp:SPPNORTH_HUB,lmp_dam,2026-09-18T11:00:00Z,25.5589,USD/MWh,PT1H,"US-AR,US-IA,US-KS,US-LA,US-MN,US-MO,US-MT,US-NE,US-NM,US-ND,US-OK,US-SD,US-TX,US-WY",spp_dam,SPPNORTH_HUB,spp:DA-LMP-SL,https://portal.spp.org/file-browser-api/download/da-lmp-by-settlement-location?path=/2026/09/By_Day/DA-LMP-SL-202609180100.csv,2026-09-25T07:01:54Z,
spp:SPPNORTH_HUB,lmp_dam,2026-09-18T12:00:00Z,25.4359,USD/MWh,PT1H,"US-AR,US-IA,US-KS,US-LA,US-MN,US-MO,US-MT,US-NE,US-NM,US-ND,US-OK,US-SD,US-TX,US-WY",spp_dam,SPPNORTH_HUB,spp:DA-LMP-SL,https://portal.spp.org/file-browser-api/download/da-lmp-by-settlement-location?path=/2026/09/By_Day/DA-LMP-SL-202609180100.csv,2026-09-25T07:01:54Z,
spp:SPPNORTH_HUB,lmp_dam,2026-09-18T13:00:00Z,28.1317,USD/MWh,PT1H,"US-AR,US-IA,US-KS,US-LA,US-MN,US-MO,US-MT,US-NE,US-NM,US-ND,US-OK,US-SD,US-TX,US-WY",spp_dam,SPPNORTH_HUB,spp:DA-LMP-SL,https://portal.spp.org/file-browser-api/download/da-lmp-by-settlement-location?path=/2026/09/By_Day/DA-LMP-SL-202609180100.csv,2026-09-25T07:01:54Z,
spp:SPPNORTH_HUB,lmp_dam,2026-09-18T14:00:00Z,31.4712,USD/MWh,PT1H,"US-AR,US-IA,US-KS,US-LA,US-MN,US-MO,US-MT,US-NE,US-NM,US-ND,US-OK,US-SD,US-TX,US-WY",spp_dam,SPPNORTH_HUB,spp:DA-LMP-SL,https://portal.spp.org/file-browser-api/download/da-lmp-by-settlement-location?path=/2026/09/By_Day/DA-LMP-SL-202609180100.csv,2026-09-25T07:01:54Z,
spp:SPPNORTH_HUB,lmp_dam,2026-09-18T15:00:00Z,38.024,USD/MWh,PT1H,"US-AR,US-IA,US-KS,US-LA,US-MN,US-MO,US-MT,US-NE,US-NM,US-ND,US-OK,US-SD,US-TX,US-WY",spp_dam,SPPNORTH_HUB,spp:DA-LMP-SL,https://portal.spp.org/file-browser-api/download/da-lmp-by-settlement-location?path=/2026/09/By_Day/DA-LMP-SL-202609180100.csv,2026-09-25T07:01:54Z,
spp:SPPNORTH_HUB,lmp_dam,2026-09-18T16:00:00Z,42.0219,USD/MWh,PT1H,"US-AR,US-IA,US-KS,US-LA,US-MN,US-MO,US-MT,US-NE,US-NM,US-ND,US-OK,US-SD,US-TX,US-WY",spp_dam,SPPNORTH_HUB,spp:DA-LMP-SL,https://portal.spp.org/file-browser-api/download/da-lmp-by-settlement-location?path=/2026/09/By_Day/DA-LMP-SL-202609180100.csv,2026-09-25T07:01:54Z,
spp:SPPNORTH_HUB,lmp_dam,2026-09-18T17:00:00Z,36.6857,USD/MWh,PT1H,"US-AR,US-IA,US-KS,US-LA,US-MN,US-MO,US-MT,US-NE,US-NM,US-ND,US-OK,US-SD,US-TX,US-WY",spp_dam,SPPNORTH_HUB,spp:DA-LMP-SL,https://portal.spp.org/file-browser-api/download/da-lmp-by-settlement-location?path=/2026/09/By_Day/DA-LMP-SL-202609180100.csv,2026-09-25T07:01:54Z,
spp:SPPNORTH_HUB,lmp_dam,2026-09-18T18:00:00Z,41.6064,USD/MWh,PT1H,"US-AR,US-IA,US-KS,US-LA,US-MN,US-MO,US-MT,US-NE,US-NM,US-ND,US-OK,US-SD,US-TX,US-WY",spp_dam,SPPNORTH_HUB,spp:DA-LMP-SL,https://portal.spp.org/file-browser-api/download/da-lmp-by-settlement-location?path=/2026/09/By_Day/DA-LMP-SL-202609180100.csv,2026-09-25T07:01:54Z,
spp:SPPNORTH_HUB,lmp_dam,2026-09-18T19:00:00Z,37.1954,USD/MWh,PT1H,"US-AR,US-IA,US-KS,US-LA,US-MN,US-MO,US-MT,US-NE,US-NM,US-ND,US-OK,US-SD,US-TX,US-WY",spp_dam,SPPNORTH_HUB,spp:DA-LMP-SL,https://portal.spp.org/file-browser-api/download/da-lmp-by-settlement-location?path=/2026/09/By_Day/DA-LMP-SL-202609180100.csv,2026-09-25T07:01:54Z,
spp:SPPNORTH_HUB,lmp_dam,2026-09-18T20:00:00Z,49.2021,USD/MWh,PT1H,"US-AR,US-IA,US-KS,US-LA,US-MN,US-MO,US-MT,US-NE,US-NM,US-ND,US-OK,US-SD,US-TX,US-WY",spp_dam,SPPNORTH_HUB,spp:DA-LMP-SL,https://portal.spp.org/file-browser-api/download/da-lmp-by-settlement-location?path=/2026/09/By_Day/DA-LMP-SL-202609180100.csv,2026-09-25T07:01:54Z,
spp:SPPNORTH_HUB,lmp_dam,2026-09-18T21:00:00Z,57.4444,USD/MWh,PT1H,"US-AR,US-IA,US-KS,US-LA,US-MN,US-MO,US-MT,US-NE,US-NM,US-ND,US-OK,US-SD,US-TX,US-WY",spp_dam,SPPNORTH_HUB,spp:DA-LMP-SL,https://portal.spp.org/file-browser-api/download/da-lmp-by-settlement-location?path=/2026/09/By_Day/DA-LMP-SL-202609180100.csv,2026-09-25T07:01:54Z,
spp:SPPNORTH_HUB,lmp_dam,2026-09-18T22:00:00Z,70.6169,USD/MWh,PT1H,"US-AR,US-IA,US-KS,US-LA,US-MN,US-MO,US-MT,US-NE,US-NM,US-ND,US-OK,US-SD,US-TX,US-WY",spp_dam,SPPNORTH_HUB,spp:DA-LMP-SL,https://portal.spp.org/file-browser-api/download/da-lmp-by-settlement-location?path=/2026/09/By_Day/DA-LMP-SL-202609180100.csv,2026-09-25T07:01:54Z,
spp:SPPNORTH_HUB,lmp_dam,2026-09-18T23:00:00Z,80.4297,USD/MWh,PT1H,"US-AR,US-IA,US-KS,US-LA,US-MN,US-MO,US-MT,US-NE,US-NM,US-ND,US-OK,US-SD,US-TX,US-WY",spp_dam,SPPNORTH_HUB,spp:DA-LMP-SL,https://portal.spp.org/file-browser-api/download/da-lmp-by-settlement-location?path=/2026/09/By_Day/DA-LMP-SL-202609180100.csv,2026-09-25T07:01:54Z,
spp:SPPNORTH_HUB,lmp_dam,2026-09-19T00:00:00Z,54.9095,USD/MWh,PT1H,"US-AR,US-IA,US-KS,US-LA,US-MN,US-MO,US-MT,US-NE,US-NM,US-ND,US-OK,US-SD,US-TX,US-WY",spp_dam,SPPNORTH_HUB,spp:DA-LMP-SL,https://portal.spp.org/file-browser-api/download/da-lmp-by-settlement-location?path=/2026/09/By_Day/DA-LMP-SL-202609180100.csv,2026-09-25T07:01:54Z,
spp:SPPNORTH_HUB,lmp_dam,2026-09-19T01:00:00Z,29.6197,USD/MWh,PT1H,"US-AR,US-IA,US-KS,US-LA,US-MN,US-MO,US-MT,US-NE,US-NM,US-ND,US-OK,US-SD,US-TX,US-WY",spp_dam,SPPNORTH_HUB,spp:DA-LMP-SL,https://portal.spp.org/file-browser-api/download/da-lmp-by-settlement-location?path=/2026/09/By_Day/DA-LMP-SL-202609180100.csv,2026-09-25T07:01:54Z,
spp:SPPNORTH_HUB,lmp_dam,2026-09-19T02:00:00Z,22.7319,USD/MWh,PT1H,"US-AR,US-IA,US-KS,US-LA,US-MN,US-MO,US-MT,US-NE,US-NM,US-ND,US-OK,US-SD,US-TX,US-WY",spp_dam,SPPNORTH_HUB,spp:DA-LMP-SL,https://portal.spp.org/file-browser-api/download/da-lmp-by-settlement-location?path=/2026/09/By_Day/DA-LMP-SL-202609180100.csv,2026-09-25T07:01:54Z,
spp:SPPNORTH_HUB,lmp_dam,2026-09-19T03:00:00Z,17.9028,USD/MWh,PT1H,"US-AR,US-IA,US-KS,US-LA,US-MN,US-MO,US-MT,US-NE,US-NM,US-ND,US-OK,US-SD,US-TX,US-WY",spp_dam,SPPNORTH_HUB,spp:DA-LMP-SL,https://portal.spp.org/file-browser-api/download/da-lmp-by-settlement-location?path=/2026/09/By_Day/DA-LMP-SL-202609180100.csv,2026-09-25T07:01:54Z,
spp:SPPNORTH_HUB,lmp_dam,2026-09-19T04:00:00Z,13.4166,USD/MWh,PT1H,"US-AR,US-IA,US-KS,US-LA,US-MN,US-MO,US-MT,US-NE,US-NM,US-ND,US-OK,US-SD,US-TX,US-WY",spp_dam,SPPNORTH_HUB,spp:DA-LMP-SL,https://portal.spp.org/file-browser-api/download/da-lmp-by-settlement-location?path=/2026/09/By_Day/DA-LMP-SL-202609180100.csv,2026-09-25T07:01:54Z,
spp:SPPNORTH_HUB,lmp_dam,2026-09-19T05:00:00Z,15.5177,USD/MWh,PT1H,"US-AR,US-IA,US-KS,US-LA,US-MN,US-MO,US-MT,US-NE,US-NM,US-ND,US-OK,US-SD,US-TX,US-WY",spp_dam,SPPNORTH_HUB,spp:DA-LMP-SL,https://portal.spp.org/file-browser-api/download/da-lmp-by-settlement-location?path=/2026/09/By_Day/DA-LMP-SL-202609190100.csv,2026-09-25T07:02:18Z,
spp:SPPNORTH_HUB,lmp_dam,2026-09-19T06:00:00Z,13.2996,USD/MWh,PT1H,"US-AR,US-IA,US-KS,US-LA,US-MN,US-MO,US-MT,US-NE,US-NM,US-ND,US-OK,US-SD,US-TX,US-WY",spp_dam,SPPNORTH_HUB,spp:DA-LMP-SL,https://portal.spp.org/file-browser-api/download/da-lmp-by-settlement-location?path=/2026/09/By_Day/DA-LMP-SL-202609190100.csv,2026-09-25T07:02:18Z,
spp:SPPNORTH_HUB,lmp_dam,2026-09-19T07:00:00Z,11.5917,USD/MWh,PT1H,"US-AR,US-IA,US-KS,US-LA,US-MN,US-MO,US-MT,US-NE,US-NM,US-ND,US-OK,US-SD,US-TX,US-WY",spp_dam,SPPNORTH_HUB,spp:DA-LMP-SL,https://portal.spp.org/file-browser-api/download/da-lmp-by-settlement-location?path=/2026/09/By_Day/DA-LMP-SL-202609190100.csv,2026-09-25T07:02:18Z,
spp:SPPNORTH_HUB,lmp_dam,2026-09-19T08:00:00Z,12.663,USD/MWh,PT1H,"US-AR,US-IA,US-KS,US-LA,US-MN,US-MO,US-MT,US-NE,US-NM,US-ND,US-OK,US-SD,US-TX,US-WY",spp_dam,SPPNORTH_HUB,spp:DA-LMP-SL,https://portal.spp.org/file-browser-api/download/da-lmp-by-settlement-location?path=/2026/09/By_Day/DA-LMP-SL-202609190100.csv,2026-09-25T07:02:18Z,
spp:SPPNORTH_HUB,lmp_dam,2026-09-19T09:00:00Z,13.8021,USD/MWh,PT1H,"US-AR,US-IA,US-KS,US-LA,US-MN,US-MO,US-MT,US-NE,US-NM,US-ND,US-OK,US-SD,US-TX,US-WY",spp_dam,SPPNORTH_HUB,spp:DA-LMP-SL,https://portal.spp.org/file-browser-api/download/da-lmp-by-settlement-location?path=/2026/09/By_Day/DA-LMP-SL-202609190100.csv,2026-09-25T07:02:18Z,
spp:SPPNORTH_HUB,lmp_dam,2026-09-19T10:00:00Z,15.3079,USD/MWh,PT1H,"US-AR,US-IA,US-KS,US-LA,US-MN,US-MO,US-MT,US-NE,US-NM,US-ND,US-OK,US-SD,US-TX,US-WY",spp_dam,SPPNORTH_HUB,spp:DA-LMP-SL,https://portal.spp.org/file-browser-api/download/da-lmp-by-settlement-location?path=/2026/09/By_Day/DA-LMP-SL-202609190100.csv,2026-09-25T07:02:18Z,
spp:SPPNORTH_HUB,lmp_dam,2026-09-19T11:00:00Z,17.6351,USD/MWh,PT1H,"US-AR,US-IA,US-KS,US-LA,US-MN,US-MO,US-MT,US-NE,US-NM,US-ND,US-OK,US-SD,US-TX,US-WY",spp_dam,SPPNORTH_HUB,spp:DA-LMP-SL,https://portal.spp.org/file-browser-api/download/da-lmp-by-settlement-location?path=/2026/09/By_Day/DA-LMP-SL-202609190100.csv,2026-09-25T07:02:18Z,
spp:SPPNORTH_HUB,lmp_dam,2026-09-19T12:00:00Z,20.534,USD/MWh,PT1H,"US-AR,US-IA,US-KS,US-LA,US-MN,US-MO,US-MT,US-NE,US-NM,US-ND,US-OK,US-SD,US-TX,US-WY",spp_dam,SPPNORTH_HUB,spp:DA-LMP-SL,https://portal.spp.org/file-browser-api/download/da-lmp-by-settlement-location?path=/2026/09/By_Day/DA-LMP-SL-202609190100.csv,2026-09-25T07:02:18Z,
spp:SPPNORTH_HUB,lmp_dam,2026-09-19T13:00:00Z,25.4189,USD/MWh,PT1H,"US-AR,US-IA,US-KS,US-LA,US-MN,US-MO,US-MT,US-NE,US-NM,US-ND,US-OK,US-SD,US-TX,US-WY",spp_dam,SPPNORTH_HUB,spp:DA-LMP-SL,https://portal.spp.org/file-browser-api/download/da-lmp-by-settlement-location?path=/2026/09/By_Day/DA-LMP-SL-202609190100.csv,2026-09-25T07:02:18Z,
spp:SPPNORTH_HUB,lmp_dam,2026-09-19T14:00:00Z,32.2742,USD/MWh,PT1H,"US-AR,US-IA,US-KS,US-LA,US-MN,US-MO,US-MT,US-NE,US-NM,US-ND,US-OK,US-SD,US-TX,US-WY",spp_dam,SPPNORTH_HUB,spp:DA-LMP-SL,https://portal.spp.org/file-browser-api/download/da-lmp-by-settlement-location?path=/2026/09/By_Day/DA-LMP-SL-202609190100.csv,2026-09-25T07:02:18Z,
spp:SPPNORTH_HUB,lmp_dam,2026-09-19T15:00:00Z,31.5555,USD/MWh,PT1H,"US-AR,US-IA,US-KS,US-LA,US-MN,US-MO,US-MT,US-NE,US-NM,US-ND,US-OK,US-SD,US-TX,US-WY",spp_dam,SPPNORTH_HUB,spp:DA-LMP-SL,https://portal.spp.org/file-browser-api/download/da-lmp-by-settlement-location?path=/2026/09/By_Day/DA-LMP-SL-202609190100.csv,2026-09-25T07:02:18Z,
spp:SPPNORTH_HUB,lmp_dam,2026-09-19T16:00:00Z,33.4856,USD/MWh,PT1H,"US-AR,US-IA,US-KS,US-LA,US-MN,US-MO,US-MT,US-NE,US-NM,US-ND,US-OK,US-SD,US-TX,US-WY",spp_dam,SPPNORTH_HUB,spp:DA-LMP-SL,https://portal.spp.org/file-browser-api/download/da-lmp-by-settlement-location?path=/2026/09/By_Day/DA-LMP-SL-202609190100.csv,2026-09-25T07:02:18Z,
spp:SPPNORTH_HUB,lmp_dam,2026-09-19T17:00:00Z,41.8806,USD/MWh,PT1H,"US-AR,US-IA,US-KS,US-LA,US-MN,US-MO,US-MT,US-NE,US-NM,US-ND,US-OK,US-SD,US-TX,US-WY",spp_dam,SPPNORTH_HUB,spp:DA-LMP-SL,https://portal.spp.org/file-browser-api/download/da-lmp-by-settlement-location?path=/2026/09/By_Day/DA-LMP-SL-202609190100.csv,2026-09-25T07:02:18Z,
spp:SPPNORTH_HUB,lmp_dam,2026-09-19T18:00:00Z,51.5069,USD/MWh,PT1H,"US-AR,US-IA,US-KS,US-LA,US-MN,US-MO,US-MT,US-NE,US-NM,US-ND,US-OK,US-SD,US-TX,US-WY",spp_dam,SPPNORTH_HUB,spp:DA-LMP-SL,https://portal.spp.org/file-browser-api/download/da-lmp-by-settlement-location?path=/2026/09/By_Day/DA-LMP-SL-202609190100.csv,2026-09-25T07:02:18Z,
spp:SPPNORTH_HUB,lmp_dam,2026-09-19T19:00:00Z,59.776,USD/MWh,PT1H,"US-AR,US-IA,US-KS,US-LA,US-MN,US-MO,US-MT,US-NE,US-NM,US-ND,US-OK,US-SD,US-TX,US-WY",spp_dam,SPPNORTH_HUB,spp:DA-LMP-SL,https://portal.spp.org/file-browser-api/download/da-lmp-by-settlement-location?path=/2026/09/By_Day/DA-LMP-SL-202609190100.csv,2026-09-25T07:02:18Z,
spp:SPPNORTH_HUB,lmp_dam,2026-09-19T20:00:00Z,65.3957,USD/MWh,PT1H,"US-AR,US-IA,US-KS,US-LA,US-MN,US-MO,US-MT,US-NE,US-NM,US-ND,US-OK,US-SD,US-TX,US-WY",spp_dam,SPPNORTH_HUB,spp:DA-LMP-SL,https://portal.spp.org/file-browser-api/download/da-lmp-by-settlement-location?path=/2026/09/By_Day/DA-LMP-SL-202609190100.csv,2026-09-25T07:02:18Z,
spp:SPPNORTH_HUB,lmp_dam,2026-09-19T21:00:00Z,68.4819,USD/MWh,PT1H,"US-AR,US-IA,US-KS,US-LA,US-MN,US-MO,US-MT,US-NE,US-NM,US-ND,US-OK,US-SD,US-TX,US-WY",spp_dam,SPPNORTH_HUB,spp:DA-LMP-SL,https://portal.spp.org/file-browser-api/download/da-lmp-by-settlement-location?path=/2026/09/By_Day/DA-LMP-SL-202609190100.csv,2026-09-25T07:02:18Z,
spp:SPPNORTH_HUB,lmp_dam,2026-09-19T22:00:00Z,77.2145,USD/MWh,PT1H,"US-AR,US-IA,US-KS,US-LA,US-MN,US-MO,US-MT,US-NE,US-NM,US-ND,US-OK,US-SD,US-TX,US-WY",spp_dam,SPPNORTH_HUB,spp:DA-LMP-SL,https://portal.spp.org/file-browser-api/download/da-lmp-by-settlement-location?path=/2026/09/By_Day/DA-LMP-SL-202609190100.csv,2026-09-25T07:02:18Z,
spp:SPPNORTH_HUB,lmp_dam,2026-09-19T23:00:00Z,65.6271,USD/MWh,PT1H,"US-AR,US-IA,US-KS,US-LA,US-MN,US-MO,US-MT,US-NE,US-NM,US-ND,US-OK,US-SD,US-TX,US-WY",spp_dam,SPPNORTH_HUB,spp:DA-LMP-SL,https://portal.spp.org/file-browser-api/download/da-lmp-by-settlement-location?path=/2026/09/By_Day/DA-LMP-SL-202609190100.csv,2026-09-25T07:02:18Z,
spp:SPPNORTH_HUB,lmp_dam,2026-09-20T00:00:00Z,49.731,USD/MWh,PT1H,"US-AR,US-IA,US-KS,US-LA,US-MN,US-MO,US-MT,US-NE,US-NM,US-ND,US-OK,US-SD,US-TX,US-WY",spp_dam,SPPNORTH_HUB,spp:DA-LMP-SL,https://portal.spp.org/file-browser-api/download/da-lmp-by-settlement-location?path=/2026/09/By_Day/DA-LMP-SL-202609190100.csv,2026-09-25T07:02:18Z,
spp:SPPNORTH_HUB,lmp_dam,2026-09-20T01:00:00Z,34.5769,USD/MWh,PT1H,"US-AR,US-IA,US-KS,US-LA,US-MN,US-MO,US-MT,US-NE,US-NM,US-ND,US-OK,US-SD,US-TX,US-WY",spp_dam,SPPNORTH_HUB,spp:DA-LMP-SL,https://portal.spp.org/file-browser-api/download/da-lmp-by-settlement-location?path=/2026/09/By_Day/DA-LMP-SL-202609190100.csv,2026-09-25T07:02:18Z,
spp:SPPNORTH_HUB,lmp_dam,2026-09-20T02:00:00Z,27.5414,USD/MWh,PT1H,"US-AR,US-IA,US-KS,US-LA,US-MN,US-MO,US-MT,US-NE,US-NM,US-ND,US-OK,US-SD,US-TX,US-WY",spp_dam,SPPNORTH_HUB,spp:DA-LMP-SL,https://portal.spp.org/file-browser-api/download/da-lmp-by-settlement-location?path=/2026/09/By_Day/DA-LMP-SL-202609190100.csv,2026-09-25T07:02:18Z,
spp:SPPNORTH_HUB,lmp_dam,2026-09-20T03:00:00Z,23.6171,USD/MWh,PT1H,"US-AR,US-IA,US-KS,US-LA,US-MN,US-MO,US-MT,US-NE,US-NM,US-ND,US-OK,US-SD,US-TX,US-WY",spp_dam,SPPNORTH_HUB,spp:DA-LMP-SL,https://portal.spp.org/file-browser-api/download/da-lmp-by-settlement-location?path=/2026/09/By_Day/DA-LMP-SL-202609190100.csv,2026-09-25T07:02:18Z,
spp:SPPNORTH_HUB,lmp_dam,2026-09-20T04:00:00Z,19.5514,USD/MWh,PT1H,"US-AR,US-IA,US-KS,US-LA,US-MN,US-MO,US-MT,US-NE,US-NM,US-ND,US-OK,US-SD,US-TX,US-WY",spp_dam,SPPNORTH_HUB,spp:DA-LMP-SL,https://portal.spp.org/file-browser-api/download/da-lmp-by-settlement-location?path=/2026/09/By_Day/DA-LMP-SL-202609190100.csv,2026-09-25T07:02:18Z,
spp:SPPNORTH_HUB,lmp_dam,2026-09-20T05:00:00Z,18.6169,USD/MWh,PT1H,"US-AR,US-IA,US-KS,US-LA,US-MN,US-MO,US-MT,US-NE,US-NM,US-ND,US-OK,US-SD,US-TX,US-WY",spp_dam,SPPNORTH_HUB,spp:DA-LMP-SL,https://portal.spp.org/file-browser-api/download/da-lmp-by-settlement-location?path=/2026/09/By_Day/DA-LMP-SL-202609200100.csv,2026-09-25T07:02:22Z,
spp:SPPNORTH_HUB,lmp_dam,2026-09-20T06:00:00Z,17.1125,USD/MWh,PT1H,"US-AR,US-IA,US-KS,US-LA,US-MN,US-MO,US-MT,US-NE,US-NM,US-ND,US-OK,US-SD,US-TX,US-WY",spp_dam,SPPNORTH_HUB,spp:DA-LMP-SL,https://portal.spp.org/file-browser-api/download/da-lmp-by-settlement-location?path=/2026/09/By_Day/DA-LMP-SL-202609200100.csv,2026-09-25T07:02:22Z,
spp:SPPNORTH_HUB,lmp_dam,2026-09-20T07:00:00Z,18.1574,USD/MWh,PT1H,"US-AR,US-IA,US-KS,US-LA,US-MN,US-MO,US-MT,US-NE,US-NM,US-ND,US-OK,US-SD,US-TX,US-WY",spp_dam,SPPNORTH_HUB,spp:DA-LMP-SL,https://portal.spp.org/file-browser-api/download/da-lmp-by-settlement-location?path=/2026/09/By_Day/DA-LMP-SL-202609200100.csv,2026-09-25T07:02:22Z,
spp:SPPNORTH_HUB,lmp_dam,2026-09-20T08:00:00Z,17.7771,USD/MWh,PT1H,"US-AR,US-IA,US-KS,US-LA,US-MN,US-MO,US-MT,US-NE,US-NM,US-ND,US-OK,US-SD,US-TX,US-WY",spp_dam,SPPNORTH_HUB,spp:DA-LMP-SL,https://portal.spp.org/file-browser-api/download/da-lmp-by-settlement-location?path=/2026/09/By_Day/DA-LMP-SL-202609200100.csv,2026-09-25T07:02:22Z,
spp:SPPNORTH_HUB,lmp_dam,2026-09-20T09:00:00Z,17.8638,USD/MWh,PT1H,"US-AR,US-IA,US-KS,US-LA,US-MN,US-MO,US-MT,US-NE,US-NM,US-ND,US-OK,US-SD,US-TX,US-WY",spp_dam,SPPNORTH_HUB,spp:DA-LMP-SL,https://portal.spp.org/file-browser-api/download/da-lmp-by-settlement-location?path=/2026/09/By_Day/DA-LMP-SL-202609200100.csv,2026-09-25T07:02:22Z,
spp:SPPNORTH_HUB,lmp_dam,2026-09-20T10:00:00Z,19.126,USD/MWh,PT1H,"US-AR,US-IA,US-KS,US-LA,US-MN,US-MO,US-MT,US-NE,US-NM,US-ND,US-OK,US-SD,US-TX,US-WY",spp_dam,SPPNORTH_HUB,spp:DA-LMP-SL,https://portal.spp.org/file-browser-api/download/da-lmp-by-settlement-location?path=/2026/09/By_Day/DA-LMP-SL-202609200100.csv,2026-09-25T07:02:22Z,
spp:SPPNORTH_HUB,lmp_dam,2026-09-20T11:00:00Z,19.8943,USD/MWh,PT1H,"US-AR,US-IA,US-KS,US-LA,US-MN,US-MO,US-MT,US-NE,US-NM,US-ND,US-OK,US-SD,US-TX,US-WY",spp_dam,SPPNORTH_HUB,spp:DA-LMP-SL,https://portal.spp.org/file-browser-api/download/da-lmp-by-settlement-location?path=/2026/09/By_Day/DA-LMP-SL-202609200100.csv,2026-09-25T07:02:22Z,
spp:SPPNORTH_HUB,lmp_dam,2026-09-20T12:00:00Z,21.2665,USD/MWh,PT1H,"US-AR,US-IA,US-KS,US-LA,US-MN,US-MO,US-MT,US-NE,US-NM,US-ND,US-OK,US-SD,US-TX,US-WY",spp_dam,SPPNORTH_HUB,spp:DA-LMP-SL,https://portal.spp.org/file-browser-api/download/da-lmp-by-settlement-location?path=/2026/09/By_Day/DA-LMP-SL-202609200100.csv,2026-09-25T07:02:22Z,
spp:SPPNORTH_HUB,lmp_dam,2026-09-20T13:00:00Z,22.4623,USD/MWh,PT1H,"US-AR,US-IA,US-KS,US-LA,US-MN,US-MO,US-MT,US-NE,US-NM,US-ND,US-OK,US-SD,US-TX,US-WY",spp_dam,SPPNORTH_HUB,spp:DA-LMP-SL,https://portal.spp.org/file-browser-api/download/da-lmp-by-settlement-location?path=/2026/09/By_Day/DA-LMP-SL-202609200100.csv,2026-09-25T07:02:22Z,
spp:SPPNORTH_HUB,lmp_dam,2026-09-20T14:00:00Z,26.2438,USD/MWh,PT1H,"US-AR,US-IA,US-KS,US-LA,US-MN,US-MO,US-MT,US-NE,US-NM,US-ND,US-OK,US-SD,US-TX,US-WY",spp_dam,SPPNORTH_HUB,spp:DA-LMP-SL,https://portal.spp.org/file-browser-api/download/da-lmp-by-settlement-location?path=/2026/09/By_Day/DA-LMP-SL-202609200100.csv,2026-09-25T07:02:22Z,
spp:SPPNORTH_HUB,lmp_dam,2026-09-20T15:00:00Z,26.5009,USD/MWh,PT1H,"US-AR,US-IA,US-KS,US-LA,US-MN,US-MO,US-MT,US-NE,US-NM,US-ND,US-OK,US-SD,US-TX,US-WY",spp_dam,SPPNORTH_HUB,spp:DA-LMP-SL,https://portal.spp.org/file-browser-api/download/da-lmp-by-settlement-location?path=/2026/09/By_Day/DA-LMP-SL-202609200100.csv,2026-09-25T07:02:22Z,
spp:SPPNORTH_HUB,lmp_dam,2026-09-20T16:00:00Z,29.7578,USD/MWh,PT1H,"US-AR,US-IA,US-KS,US-LA,US-MN,US-MO,US-MT,US-NE,US-NM,US-ND,US-OK,US-SD,US-TX,US-WY",spp_dam,SPPNORTH_HUB,spp:DA-LMP-SL,https://portal.spp.org/file-browser-api/download/da-lmp-by-settlement-location?path=/2026/09/By_Day/DA-LMP-SL-202609200100.csv,2026-09-25T07:02:22Z,
spp:SPPNORTH_HUB,lmp_dam,2026-09-20T17:00:00Z,31.8009,USD/MWh,PT1H,"US-AR,US-IA,US-KS,US-LA,US-MN,US-MO,US-MT,US-NE,US-NM,US-ND,US-OK,US-SD,US-TX,US-WY",spp_dam,SPPNORTH_HUB,spp:DA-LMP-SL,https://portal.spp.org/file-browser-api/download/da-lmp-by-settlement-location?path=/2026/09/By_Day/DA-LMP-SL-202609200100.csv,2026-09-25T07:02:22Z,
spp:SPPNORTH_HUB,lmp_dam,2026-09-20T18:00:00Z,37.87,USD/MWh,PT1H,"US-AR,US-IA,US-KS,US-LA,US-MN,US-MO,US-MT,US-NE,US-NM,US-ND,US-OK,US-SD,US-TX,US-WY",spp_dam,SPPNORTH_HUB,spp:DA-LMP-SL,https://portal.spp.org/file-browser-api/download/da-lmp-by-settlement-location?path=/2026/09/By_Day/DA-LMP-SL-202609200100.csv,2026-09-25T07:02:22Z,
spp:SPPNORTH_HUB,lmp_dam,2026-09-20T19:00:00Z,34.9583,USD/MWh,PT1H,"US-AR,US-IA,US-KS,US-LA,US-MN,US-MO,US-MT,US-NE,US-NM,US-ND,US-OK,US-SD,US-TX,US-WY",spp_dam,SPPNORTH_HUB,spp:DA-LMP-SL,https://portal.spp.org/file-browser-api/download/da-lmp-by-settlement-location?path=/2026/09/By_Day/DA-LMP-SL-202609200100.csv,2026-09-25T07:02:22Z,
spp:SPPNORTH_HUB,lmp_dam,2026-09-20T20:00:00Z,41.375,USD/MWh,PT1H,"US-AR,US-IA,US-KS,US-LA,US-MN,US-MO,US-MT,US-NE,US-NM,US-ND,US-OK,US-SD,US-TX,US-WY",spp_dam,SPPNORTH_HUB,spp:DA-LMP-SL,https://portal.spp.org/file-browser-api/download/da-lmp-by-settlement-location?path=/2026/09/By_Day/DA-LMP-SL-202609200100.csv,2026-09-25T07:02:22Z,
spp:SPPNORTH_HUB,lmp_dam,2026-09-20T21:00:00Z,49.0909,USD/MWh,PT1H,"US-AR,US-IA,US-KS,US-LA,US-MN,US-MO,US-MT,US-NE,US-NM,US-ND,US-OK,US-SD,US-TX,US-WY",spp_dam,SPPNORTH_HUB,spp:DA-LMP-SL,https://portal.spp.org/file-browser-api/download/da-lmp-by-settlement-location?path=/2026/09/By_Day/DA-LMP-SL-202609200100.csv,2026-09-25T07:02:22Z,
spp:SPPNORTH_HUB,lmp_dam,2026-09-20T22:00:00Z,59.9558,USD/MWh,PT1H,"US-AR,US-IA,US-KS,US-LA,US-MN,US-MO,US-MT,US-NE,US-NM,US-ND,US-OK,US-SD,US-TX,US-WY",spp_dam,SPPNORTH_HUB,spp:DA-LMP-SL,https://portal.spp.org/file-browser-api/download/da-lmp-by-settlement-location?path=/2026/09/By_Day/DA-LMP-SL-202609200100.csv,2026-09-25T07:02:22Z,
spp:SPPNORTH_HUB,lmp_dam,2026-09-20T23:00:00Z,57.8785,USD/MWh,PT1H,"US-AR,US-IA,US-KS,US-LA,US-MN,US-MO,US-MT,US-NE,US-NM,US-ND,US-OK,US-SD,US-TX,US-WY",spp_dam,SPPNORTH_HUB,spp:DA-LMP-SL,https://portal.spp.org/file-browser-api/download/da-lmp-by-settlement-location?path=/2026/09/By_Day/DA-LMP-SL-202609200100.csv,2026-09-25T07:02:22Z,
spp:SPPNORTH_HUB,lmp_dam,2026-09-21T00:00:00Z,43.1077,USD/MWh,PT1H,"US-AR,US-IA,US-KS,US-LA,US-MN,US-MO,US-MT,US-NE,US-NM,US-ND,US-OK,US-SD,US-TX,US-WY",spp_dam,SPPNORTH_HUB,spp:DA-LMP-SL,https://portal.spp.org/file-browser-api/download/da-lmp-by-settlement-location?path=/2026/09/By_Day/DA-LMP-SL-202609200100.csv,2026-09-25T07:02:22Z,
spp:SPPNORTH_HUB,lmp_dam,2026-09-21T01:00:00Z,29.8047,USD/MWh,PT1H,"US-AR,US-IA,US-KS,US-LA,US-MN,US-MO,US-MT,US-NE,US-NM,US-ND,US-OK,US-SD,US-TX,US-WY",spp_dam,SPPNORTH_HUB,spp:DA-LMP-SL,https://portal.spp.org/file-browser-api/download/da-lmp-by-settlement-location?path=/2026/09/By_Day/DA-LMP-SL-202609200100.csv,2026-09-25T07:02:22Z,
spp:SPPNORTH_HUB,lmp_dam,2026-09-21T02:00:00Z,25.823,USD/MWh,PT1H,"US-AR,US-IA,US-KS,US-LA,US-MN,US-MO,US-MT,US-NE,US-NM,US-ND,US-OK,US-SD,US-TX,US-WY",spp_dam,SPPNORTH_HUB,spp:DA-LMP-SL,https://portal.spp.org/file-browser-api/download/da-lmp-by-settlement-location?path=/2026/09/By_Day/DA-LMP-SL-202609200100.csv,2026-09-25T07:02:22Z,
spp:SPPNORTH_HUB,lmp_dam,2026-09-21T03:00:00Z,24.257,USD/MWh,PT1H,"US-AR,US-IA,US-KS,US-LA,US-MN,US-MO,US-MT,US-NE,US-NM,US-ND,US-OK,US-SD,US-TX,US-WY",spp_dam,SPPNORTH_HUB,spp:DA-LMP-SL,https://portal.spp.org/file-browser-api/download/da-lmp-by-settlement-location?path=/2026/09/By_Day/DA-LMP-SL-202609200100.csv,2026-09-25T07:02:22Z,
spp:SPPNORTH_HUB,lmp_dam,2026-09-21T04:00:00Z,21.8951,USD/MWh,PT1H,"US-AR,US-IA,US-KS,US-LA,US-MN,US-MO,US-MT,US-NE,US-NM,US-ND,US-OK,US-SD,US-TX,US-WY",spp_dam,SPPNORTH_HUB,spp:DA-LMP-SL,https://portal.spp.org/file-browser-api/download/da-lmp-by-settlement-location?path=/2026/09/By_Day/DA-LMP-SL-202609200100.csv,2026-09-25T07:02:22Z,
spp:SPPNORTH_HUB,lmp_dam,2026-09-21T05:00:00Z,22.8452,USD/MWh,PT1H,"US-AR,US-IA,US-KS,US-LA,US-MN,US-MO,US-MT,US-NE,US-NM,US-ND,US-OK,US-SD,US-TX,US-WY",spp_dam,SPPNORTH_HUB,spp:DA-LMP-SL,https://portal.spp.org/file-browser-api/download/da-lmp-by-settlement-location?path=/2026/09/By_Day/DA-LMP-SL-202609210100.csv,2026-09-25T07:02:26Z,
spp:SPPNORTH_HUB,lmp_dam,2026-09-21T06:00:00Z,22.369,USD/MWh,PT1H,"US-AR,US-IA,US-KS,US-LA,US-MN,US-MO,US-MT,US-NE,US-NM,US-ND,US-OK,US-SD,US-TX,US-WY",spp_dam,SPPNORTH_HUB,spp:DA-LMP-SL,https://portal.spp.org/file-browser-api/download/da-lmp-by-settlement-location?path=/2026/09/By_Day/DA-LMP-SL-202609210100.csv,2026-09-25T07:02:26Z,
spp:SPPNORTH_HUB,lmp_dam,2026-09-21T07:00:00Z,22.6092,USD/MWh,PT1H,"US-AR,US-IA,US-KS,US-LA,US-MN,US-MO,US-MT,US-NE,US-NM,US-ND,US-OK,US-SD,US-TX,US-WY",spp_dam,SPPNORTH_HUB,spp:DA-LMP-SL,https://portal.spp.org/file-browser-api/download/da-lmp-by-settlement-location?path=/2026/09/By_Day/DA-LMP-SL-202609210100.csv,2026-09-25T07:02:26Z,
spp:SPPNORTH_HUB,lmp_dam,2026-09-21T08:00:00Z,22.8948,USD/MWh,PT1H,"US-AR,US-IA,US-KS,US-LA,US-MN,US-MO,US-MT,US-NE,US-NM,US-ND,US-OK,US-SD,US-TX,US-WY",spp_dam,SPPNORTH_HUB,spp:DA-LMP-SL,https://portal.spp.org/file-browser-api/download/da-lmp-by-settlement-location?path=/2026/09/By_Day/DA-LMP-SL-202609210100.csv,2026-09-25T07:02:26Z,
spp:SPPNORTH_HUB,lmp_dam,2026-09-21T09:00:00Z,23.6621,USD/MWh,PT1H,"US-AR,US-IA,US-KS,US-LA,US-MN,US-MO,US-MT,US-NE,US-NM,US-ND,US-OK,US-SD,US-TX,US-WY",spp_dam,SPPNORTH_HUB,spp:DA-LMP-SL,https://portal.spp.org/file-browser-api/download/da-lmp-by-settlement-location?path=/2026/09/By_Day/DA-LMP-SL-202609210100.csv,2026-09-25T07:02:26Z,
spp:SPPNORTH_HUB,lmp_dam,2026-09-21T10:00:00Z,27.7406,USD/MWh,PT1H,"US-AR,US-IA,US-KS,US-LA,US-MN,US-MO,US-MT,US-NE,US-NM,US-ND,US-OK,US-SD,US-TX,US-WY",spp_dam,SPPNORTH_HUB,spp:DA-LMP-SL,https://portal.spp.org/file-browser-api/download/da-lmp-by-settlement-location?path=/2026/09/By_Day/DA-LMP-SL-202609210100.csv,2026-09-25T07:02:26Z,
spp:SPPNORTH_HUB,lmp_dam,2026-09-21T11:00:00Z,28.7015,USD/MWh,PT1H,"US-AR,US-IA,US-KS,US-LA,US-MN,US-MO,US-MT,US-NE,US-NM,US-ND,US-OK,US-SD,US-TX,US-WY",spp_dam,SPPNORTH_HUB,spp:DA-LMP-SL,https://portal.spp.org/file-browser-api/download/da-lmp-by-settlement-location?path=/2026/09/By_Day/DA-LMP-SL-202609210100.csv,2026-09-25T07:02:26Z,
spp:SPPNORTH_HUB,lmp_dam,2026-09-21T12:00:00Z,28.9392,USD/MWh,PT1H,"US-AR,US-IA,US-KS,US-LA,US-MN,US-MO,US-MT,US-NE,US-NM,US-ND,US-OK,US-SD,US-TX,US-WY",spp_dam,SPPNORTH_HUB,spp:DA-LMP-SL,https://portal.spp.org/file-browser-api/download/da-lmp-by-settlement-location?path=/2026/09/By_Day/DA-LMP-SL-202609210100.csv,2026-09-25T07:02:26Z,
spp:SPPNORTH_HUB,lmp_dam,2026-09-21T13:00:00Z,29.6983,USD/MWh,PT1H,"US-AR,US-IA,US-KS,US-LA,US-MN,US-MO,US-MT,US-NE,US-NM,US-ND,US-OK,US-SD,US-TX,US-WY",spp_dam,SPPNORTH_HUB,spp:DA-LMP-SL,https://portal.spp.org/file-browser-api/download/da-lmp-by-settlement-location?path=/2026/09/By_Day/DA-LMP-SL-202609210100.csv,2026-09-25T07:02:26Z,
spp:SPPNORTH_HUB,lmp_dam,2026-09-21T14:00:00Z,31.4099,USD/MWh,PT1H,"US-AR,US-IA,US-KS,US-LA,US-MN,US-MO,US-MT,US-NE,US-NM,US-ND,US-OK,US-SD,US-TX,US-WY",spp_dam,SPPNORTH_HUB,spp:DA-LMP-SL,https://portal.spp.org/file-browser-api/download/da-lmp-by-settlement-location?path=/2026/09/By_Day/DA-LMP-SL-202609210100.csv,2026-09-25T07:02:26Z,
spp:SPPNORTH_HUB,lmp_dam,2026-09-21T15:00:00Z,32.0431,USD/MWh,PT1H,"US-AR,US-IA,US-KS,US-LA,US-MN,US-MO,US-MT,US-NE,US-NM,US-ND,US-OK,US-SD,US-TX,US-WY",spp_dam,SPPNORTH_HUB,spp:DA-LMP-SL,https://portal.spp.org/file-browser-api/download/da-lmp-by-settlement-location?path=/2026/09/By_Day/DA-LMP-SL-202609210100.csv,2026-09-25T07:02:26Z,
spp:SPPNORTH_HUB,lmp_dam,2026-09-21T16:00:00Z,33.6811,USD/MWh,PT1H,"US-AR,US-IA,US-KS,US-LA,US-MN,US-MO,US-MT,US-NE,US-NM,US-ND,US-OK,US-SD,US-TX,US-WY",spp_dam,SPPNORTH_HUB,spp:DA-LMP-SL,https://portal.spp.org/file-browser-api/download/da-lmp-by-settlement-location?path=/2026/09/By_Day/DA-LMP-SL-202609210100.csv,2026-09-25T07:02:26Z,
spp:SPPNORTH_HUB,lmp_dam,2026-09-21T17:00:00Z,36.5144,USD/MWh,PT1H,"US-AR,US-IA,US-KS,US-LA,US-MN,US-MO,US-MT,US-NE,US-NM,US-ND,US-OK,US-SD,US-TX,US-WY",spp_dam,SPPNORTH_HUB,spp:DA-LMP-SL,https://portal.spp.org/file-browser-api/download/da-lmp-by-settlement-location?path=/2026/09/By_Day/DA-LMP-SL-202609210100.csv,2026-09-25T07:02:26Z,
spp:SPPNORTH_HUB,lmp_dam,2026-09-21T18:00:00Z,40.6054,USD/MWh,PT1H,"US-AR,US-IA,US-KS,US-LA,US-MN,US-MO,US-MT,US-NE,US-NM,US-ND,US-OK,US-SD,US-TX,US-WY",spp_dam,SPPNORTH_HUB,spp:DA-LMP-SL,https://portal.spp.org/file-browser-api/download/da-lmp-by-settlement-location?path=/2026/09/By_Day/DA-LMP-SL-202609210100.csv,2026-09-25T07:02:26Z,
spp:SPPNORTH_HUB,lmp_dam,2026-09-21T19:00:00Z,40.4786,USD/MWh,PT1H,"US-AR,US-IA,US-KS,US-LA,US-MN,US-MO,US-MT,US-NE,US-NM,US-ND,US-OK,US-SD,US-TX,US-WY",spp_dam,SPPNORTH_HUB,spp:DA-LMP-SL,https://portal.spp.org/file-browser-api/download/da-lmp-by-settlement-location?path=/2026/09/By_Day/DA-LMP-SL-202609210100.csv,2026-09-25T07:02:26Z,
spp:SPPNORTH_HUB,lmp_dam,2026-09-21T20:00:00Z,46.1737,USD/MWh,PT1H,"US-AR,US-IA,US-KS,US-LA,US-MN,US-MO,US-MT,US-NE,US-NM,US-ND,US-OK,US-SD,US-TX,US-WY",spp_dam,SPPNORTH_HUB,spp:DA-LMP-SL,https://portal.spp.org/file-browser-api/download/da-lmp-by-settlement-location?path=/2026/09/By_Day/DA-LMP-SL-202609210100.csv,2026-09-25T07:02:26Z,
spp:SPPNORTH_HUB,lmp_dam,2026-09-21T21:00:00Z,52.1173,USD/MWh,PT1H,"US-AR,US-IA,US-KS,US-LA,US-MN,US-MO,US-MT,US-NE,US-NM,US-ND,US-OK,US-SD,US-TX,US-WY",spp_dam,SPPNORTH_HUB,spp:DA-LMP-SL,https://portal.spp.org/file-browser-api/download/da-lmp-by-settlement-location?path=/2026/09/By_Day/DA-LMP-SL-202609210100.csv,2026-09-25T07:02:26Z,
spp:SPPNORTH_HUB,lmp_dam,2026-09-21T22:00:00Z,63.8655,USD/MWh,PT1H,"US-AR,US-IA,US-KS,US-LA,US-MN,US-MO,US-MT,US-NE,US-NM,US-ND,US-OK,US-SD,US-TX,US-WY",spp_dam,SPPNORTH_HUB,spp:DA-LMP-SL,https://portal.spp.org/file-browser-api/download/da-lmp-by-settlement-location?path=/2026/09/By_Day/DA-LMP-SL-202609210100.csv,2026-09-25T07:02:26Z,
spp:SPPNORTH_HUB,lmp_dam,2026-09-21T23:00:00Z,80.4422,USD/MWh,PT1H,"US-AR,US-IA,US-KS,US-LA,US-MN,US-MO,US-MT,US-NE,US-NM,US-ND,US-OK,US-SD,US-TX,US-WY",spp_dam,SPPNORTH_HUB,spp:DA-LMP-SL,https://portal.spp.org/file-browser-api/download/da-lmp-by-settlement-location?path=/2026/09/By_Day/DA-LMP-SL-202609210100.csv,2026-09-25T07:02:26Z,
spp:SPPNORTH_HUB,lmp_dam,2026-09-22T00:00:00Z,59.7131,USD/MWh,PT1H,"US-AR,US-IA,US-KS,US-LA,US-MN,US-MO,US-MT,US-NE,US-NM,US-ND,US-OK,US-SD,US-TX,US-WY",spp_dam,SPPNORTH_HUB,spp:DA-LMP-SL,https://portal.spp.org/file-browser-api/download/da-lmp-by-settlement-location?path=/2026/09/By_Day/DA-LMP-SL-202609210100.csv,2026-09-25T07:02:26Z,
spp:SPPNORTH_HUB,lmp_dam,2026-09-22T01:00:00Z,42.286,USD/MWh,PT1H,"US-AR,US-IA,US-KS,US-LA,US-MN,US-MO,US-MT,US-NE,US-NM,US-ND,US-OK,US-SD,US-TX,US-WY",spp_dam,SPPNORTH_HUB,spp:DA-LMP-SL,https://portal.spp.org/file-browser-api/download/da-lmp-by-settlement-location?path=/2026/09/By_Day/DA-LMP-SL-202609210100.csv,2026-09-25T07:02:26Z,
spp:SPPNORTH_HUB,lmp_dam,2026-09-22T02:00:00Z,32.1537,USD/MWh,PT1H,"US-AR,US-IA,US-KS,US-LA,US-MN,US-MO,US-MT,US-NE,US-NM,US-ND,US-OK,US-SD,US-TX,US-WY",spp_dam,SPPNORTH_HUB,spp:DA-LMP-SL,https://portal.spp.org/file-browser-api/download/da-lmp-by-settlement-location?path=/2026/09/By_Day/DA-LMP-SL-202609210100.csv,2026-09-25T07:02:26Z,
spp:SPPNORTH_HUB,lmp_dam,2026-09-22T03:00:00Z,30.27,USD/MWh,PT1H,"US-AR,US-IA,US-KS,US-LA,US-MN,US-MO,US-MT,US-NE,US-NM,US-ND,US-OK,US-SD,US-TX,US-WY",spp_dam,SPPNORTH_HUB,spp:DA-LMP-SL,https://portal.spp.org/file-browser-api/download/da-lmp-by-settlement-location?path=/2026/09/By_Day/DA-LMP-SL-202609210100.csv,2026-09-25T07:02:26Z,
spp:SPPNORTH_HUB,lmp_dam,2026-09-22T04:00:00Z,26.729,USD/MWh,PT1H,"US-AR,US-IA,US-KS,US-LA,US-MN,US-MO,US-MT,US-NE,US-NM,US-ND,US-OK,US-SD,US-TX,US-WY",spp_dam,SPPNORTH_HUB,spp:DA-LMP-SL,https://portal.spp.org/file-browser-api/download/da-lmp-by-settlement-location?path=/2026/09/By_Day/DA-LMP-SL-202609210100.csv,2026-09-25T07:02:26Z,
spp:SPPNORTH_HUB,lmp_dam,2026-09-22T05:00:00Z,22.6314,USD/MWh,PT1H,"US-AR,US-IA,US-KS,US-LA,US-MN,US-MO,US-MT,US-NE,US-NM,US-ND,US-OK,US-SD,US-TX,US-WY",spp_dam,SPPNORTH_HUB,spp:DA-LMP-SL,https://portal.spp.org/file-browser-api/download/da-lmp-by-settlement-location?path=/2026/09/By_Day/DA-LMP-SL-202609220100.csv,2026-09-25T19:56:41Z,
spp:SPPNORTH_HUB,lmp_dam,2026-09-22T06:00:00Z,21.8929,USD/MWh,PT1H,"US-AR,US-IA,US-KS,US-LA,US-MN,US-MO,US-MT,US-NE,US-NM,US-ND,US-OK,US-SD,US-TX,US-WY",spp_dam,SPPNORTH_HUB,spp:DA-LMP-SL,https://portal.spp.org/file-browser-api/download/da-lmp-by-settlement-location?path=/2026/09/By_Day/DA-LMP-SL-202609220100.csv,2026-09-25T19:56:41Z,
spp:SPPNORTH_HUB,lmp_dam,2026-09-22T07:00:00Z,21.9476,USD/MWh,PT1H,"US-AR,US-IA,US-KS,US-LA,US-MN,US-MO,US-MT,US-NE,US-NM,US-ND,US-OK,US-SD,US-TX,US-WY",spp_dam,SPPNORTH_HUB,spp:DA-LMP-SL,https://portal.spp.org/file-browser-api/download/da-lmp-by-settlement-location?path=/2026/09/By_Day/DA-LMP-SL-202609220100.csv,2026-09-25T19:56:41Z,
spp:SPPNORTH_HUB,lmp_dam,2026-09-22T08:00:00Z,22.112,USD/MWh,PT1H,"US-AR,US-IA,US-KS,US-LA,US-MN,US-MO,US-MT,US-NE,US-NM,US-ND,US-OK,US-SD,US-TX,US-WY",spp_dam,SPPNORTH_HUB,spp:DA-LMP-SL,https://portal.spp.org/file-browser-api/download/da-lmp-by-settlement-location?path=/2026/09/By_Day/DA-LMP-SL-202609220100.csv,2026-09-25T19:56:41Z,
spp:SPPNORTH_HUB,lmp_dam,2026-09-22T09:00:00Z,22.8886,USD/MWh,PT1H,"US-AR,US-IA,US-KS,US-LA,US-MN,US-MO,US-MT,US-NE,US-NM,US-ND,US-OK,US-SD,US-TX,US-WY",spp_dam,SPPNORTH_HUB,spp:DA-LMP-SL,https://portal.spp.org/file-browser-api/download/da-lmp-by-settlement-location?path=/2026/09/By_Day/DA-LMP-SL-202609220100.csv,2026-09-25T19:56:41Z,
spp:SPPNORTH_HUB,lmp_dam,2026-09-22T10:00:00Z,26.5599,USD/MWh,PT1H,"US-AR,US-IA,US-KS,US-LA,US-MN,US-MO,US-MT,US-NE,US-NM,US-ND,US-OK,US-SD,US-TX,US-WY",spp_dam,SPPNORTH_HUB,spp:DA-LMP-SL,https://portal.spp.org/file-browser-api/download/da-lmp-by-settlement-location?path=/2026/09/By_Day/DA-LMP-SL-202609220100.csv,2026-09-25T19:56:41Z,
spp:SPPNORTH_HUB,lmp_dam,2026-09-22T11:00:00Z,31.4387,USD/MWh,PT1H,"US-AR,US-IA,US-KS,US-LA,US-MN,US-MO,US-MT,US-NE,US-NM,US-ND,US-OK,US-SD,US-TX,US-WY",spp_dam,SPPNORTH_HUB,spp:DA-LMP-SL,https://portal.spp.org/file-browser-api/download/da-lmp-by-settlement-location?path=/2026/09/By_Day/DA-LMP-SL-202609220100.csv,2026-09-25T19:56:41Z,
spp:SPPNORTH_HUB,lmp_dam,2026-09-22T12:00:00Z,29.9016,USD/MWh,PT1H,"US-AR,US-IA,US-KS,US-LA,US-MN,US-MO,US-MT,US-NE,US-NM,US-ND,US-OK,US-SD,US-TX,US-WY",spp_dam,SPPNORTH_HUB,spp:DA-LMP-SL,https://portal.spp.org/file-browser-api/download/da-lmp-by-settlement-location?path=/2026/09/By_Day/DA-LMP-SL-202609220100.csv,2026-09-25T19:56:41Z,
spp:SPPNORTH_HUB,lmp_dam,2026-09-22T13:00:00Z,30.2007,USD/MWh,PT1H,"US-AR,US-IA,US-KS,US-LA,US-MN,US-MO,US-MT,US-NE,US-NM,US-ND,US-OK,US-SD,US-TX,US-WY",spp_dam,SPPNORTH_HUB,spp:DA-LMP-SL,https://portal.spp.org/file-browser-api/download/da-lmp-by-settlement-location?path=/2026/09/By_Day/DA-LMP-SL-202609220100.csv,2026-09-25T19:56:41Z,
spp:SPPNORTH_HUB,lmp_dam,2026-09-22T14:00:00Z,31.7534,USD/MWh,PT1H,"US-AR,US-IA,US-KS,US-LA,US-MN,US-MO,US-MT,US-NE,US-NM,US-ND,US-OK,US-SD,US-TX,US-WY",spp_dam,SPPNORTH_HUB,spp:DA-LMP-SL,https://portal.spp.org/file-browser-api/download/da-lmp-by-settlement-location?path=/2026/09/By_Day/DA-LMP-SL-202609220100.csv,2026-09-25T19:56:41Z,
spp:SPPNORTH_HUB,lmp_dam,2026-09-22T15:00:00Z,30.8002,USD/MWh,PT1H,"US-AR,US-IA,US-KS,US-LA,US-MN,US-MO,US-MT,US-NE,US-NM,US-ND,US-OK,US-SD,US-TX,US-WY",spp_dam,SPPNORTH_HUB,spp:DA-LMP-SL,https://portal.spp.org/file-browser-api/download/da-lmp-by-settlement-location?path=/2026/09/By_Day/DA-LMP-SL-202609220100.csv,2026-09-25T19:56:41Z,
spp:SPPNORTH_HUB,lmp_dam,2026-09-22T16:00:00Z,32.0392,USD/MWh,PT1H,"US-AR,US-IA,US-KS,US-LA,US-MN,US-MO,US-MT,US-NE,US-NM,US-ND,US-OK,US-SD,US-TX,US-WY",spp_dam,SPPNORTH_HUB,spp:DA-LMP-SL,https://portal.spp.org/file-browser-api/download/da-lmp-by-settlement-location?path=/2026/09/By_Day/DA-LMP-SL-202609220100.csv,2026-09-25T19:56:41Z,
spp:SPPNORTH_HUB,lmp_dam,2026-09-22T17:00:00Z,34.8674,USD/MWh,PT1H,"US-AR,US-IA,US-KS,US-LA,US-MN,US-MO,US-MT,US-NE,US-NM,US-ND,US-OK,US-SD,US-TX,US-WY",spp_dam,SPPNORTH_HUB,spp:DA-LMP-SL,https://portal.spp.org/file-browser-api/download/da-lmp-by-settlement-location?path=/2026/09/By_Day/DA-LMP-SL-202609220100.csv,2026-09-25T19:56:41Z,
spp:SPPNORTH_HUB,lmp_dam,2026-09-22T18:00:00Z,38.8644,USD/MWh,PT1H,"US-AR,US-IA,US-KS,US-LA,US-MN,US-MO,US-MT,US-NE,US-NM,US-ND,US-OK,US-SD,US-TX,US-WY",spp_dam,SPPNORTH_HUB,spp:DA-LMP-SL,https://portal.spp.org/file-browser-api/download/da-lmp-by-settlement-location?path=/2026/09/By_Day/DA-LMP-SL-202609220100.csv,2026-09-25T19:56:41Z,
spp:SPPNORTH_HUB,lmp_dam,2026-09-22T19:00:00Z,36.865,USD/MWh,PT1H,"US-AR,US-IA,US-KS,US-LA,US-MN,US-MO,US-MT,US-NE,US-NM,US-ND,US-OK,US-SD,US-TX,US-WY",spp_dam,SPPNORTH_HUB,spp:DA-LMP-SL,https://portal.spp.org/file-browser-api/download/da-lmp-by-settlement-location?path=/2026/09/By_Day/DA-LMP-SL-202609220100.csv,2026-09-25T19:56:41Z,
spp:SPPNORTH_HUB,lmp_dam,2026-09-22T20:00:00Z,37.9528,USD/MWh,PT1H,"US-AR,US-IA,US-KS,US-LA,US-MN,US-MO,US-MT,US-NE,US-NM,US-ND,US-OK,US-SD,US-TX,US-WY",spp_dam,SPPNORTH_HUB,spp:DA-LMP-SL,https://portal.spp.org/file-browser-api/download/da-lmp-by-settlement-location?path=/2026/09/By_Day/DA-LMP-SL-202609220100.csv,2026-09-25T19:56:41Z,
spp:SPPNORTH_HUB,lmp_dam,2026-09-22T21:00:00Z,35.1936,USD/MWh,PT1H,"US-AR,US-IA,US-KS,US-LA,US-MN,US-MO,US-MT,US-NE,US-NM,US-ND,US-OK,US-SD,US-TX,US-WY",spp_dam,SPPNORTH_HUB,spp:DA-LMP-SL,https://portal.spp.org/file-browser-api/download/da-lmp-by-settlement-location?path=/2026/09/By_Day/DA-LMP-SL-202609220100.csv,2026-09-25T19:56:41Z,
spp:SPPNORTH_HUB,lmp_dam,2026-09-22T22:00:00Z,42.2031,USD/MWh,PT1H,"US-AR,US-IA,US-KS,US-LA,US-MN,US-MO,US-MT,US-NE,US-NM,US-ND,US-OK,US-SD,US-TX,US-WY",spp_dam,SPPNORTH_HUB,spp:DA-LMP-SL,https://portal.spp.org/file-browser-api/download/da-lmp-by-settlement-location?path=/2026/09/By_Day/DA-LMP-SL-202609220100.csv,2026-09-25T19:56:41Z,
spp:SPPNORTH_HUB,lmp_dam,2026-09-22T23:00:00Z,40.4953,USD/MWh,PT1H,"US-AR,US-IA,US-KS,US-LA,US-MN,US-MO,US-MT,US-NE,US-NM,US-ND,US-OK,US-SD,US-TX,US-WY",spp_dam,SPPNORTH_HUB,spp:DA-LMP-SL,https://portal.spp.org/file-browser-api/download/da-lmp-by-settlement-location?path=/2026/09/By_Day/DA-LMP-SL-202609220100.csv,2026-09-25T19:56:41Z,
spp:SPPNORTH_HUB,lmp_dam,2026-09-23T00:00:00Z,28.9387,USD/MWh,PT1H,"US-AR,US-IA,US-KS,US-LA,US-MN,US-MO,US-MT,US-NE,US-NM,US-ND,US-OK,US-SD,US-TX,US-WY",spp_dam,SPPNORTH_HUB,spp:DA-LMP-SL,https://portal.spp.org/file-browser-api/download/da-lmp-by-settlement-location?path=/2026/09/By_Day/DA-LMP-SL-202609220100.csv,2026-09-25T19:56:41Z,
spp:SPPNORTH_HUB,lmp_dam,2026-09-23T01:00:00Z,24.9788,USD/MWh,PT1H,"US-AR,US-IA,US-KS,US-LA,US-MN,US-MO,US-MT,US-NE,US-NM,US-ND,US-OK,US-SD,US-TX,US-WY",spp_dam,SPPNORTH_HUB,spp:DA-LMP-SL,https://portal.spp.org/file-browser-api/download/da-lmp-by-settlement-location?path=/2026/09/By_Day/DA-LMP-SL-202609220100.csv,2026-09-25T19:56:41Z,
spp:SPPNORTH_HUB,lmp_dam,2026-09-23T02:00:00Z,21.1502,USD/MWh,PT1H,"US-AR,US-IA,US-KS,US-LA,US-MN,US-MO,US-MT,US-NE,US-NM,US-ND,US-OK,US-SD,US-TX,US-WY",spp_dam,SPPNORTH_HUB,spp:DA-LMP-SL,https://portal.spp.org/file-browser-api/download/da-lmp-by-settlement-location?path=/2026/09/By_Day/DA-LMP-SL-202609220100.csv,2026-09-25T19:56:41Z,
spp:SPPNORTH_HUB,lmp_dam,2026-09-23T03:00:00Z,17.8913,USD/MWh,PT1H,"US-AR,US-IA,US-KS,US-LA,US-MN,US-MO,US-MT,US-NE,US-NM,US-ND,US-OK,US-SD,US-TX,US-WY",spp_dam,SPPNORTH_HUB,spp:DA-LMP-SL,https://portal.spp.org/file-browser-api/download/da-lmp-by-settlement-location?path=/2026/09/By_Day/DA-LMP-SL-202609220100.csv,2026-09-25T19:56:41Z,
spp:SPPNORTH_HUB,lmp_dam,2026-09-23T04:00:00Z,15.484,USD/MWh,PT1H,"US-AR,US-IA,US-KS,US-LA,US-MN,US-MO,US-MT,US-NE,US-NM,US-ND,US-OK,US-SD,US-TX,US-WY",spp_dam,SPPNORTH_HUB,spp:DA-LMP-SL,https://portal.spp.org/file-browser-api/download/da-lmp-by-settlement-location?path=/2026/09/By_Day/DA-LMP-SL-202609220100.csv,2026-09-25T19:56:41Z,
spp:SPPNORTH_HUB,lmp_dam,2026-09-23T05:00:00Z,15.8983,USD/MWh,PT1H,"US-AR,US-IA,US-KS,US-LA,US-MN,US-MO,US-MT,US-NE,US-NM,US-ND,US-OK,US-SD,US-TX,US-WY",spp_dam,SPPNORTH_HUB,spp:DA-LMP-SL,https://portal.spp.org/file-browser-api/download/da-lmp-by-settlement-location?path=/2026/09/By_Day/DA-LMP-SL-202609230100.csv,2026-09-26T17:31:38Z,
spp:SPPNORTH_HUB,lmp_dam,2026-09-23T06:00:00Z,13.5433,USD/MWh,PT1H,"US-AR,US-IA,US-KS,US-LA,US-MN,US-MO,US-MT,US-NE,US-NM,US-ND,US-OK,US-SD,US-TX,US-WY",spp_dam,SPPNORTH_HUB,spp:DA-LMP-SL,https://portal.spp.org/file-browser-api/download/da-lmp-by-settlement-location?path=/2026/09/By_Day/DA-LMP-SL-202609230100.csv,2026-09-26T17:31:38Z,
spp:SPPNORTH_HUB,lmp_dam,2026-09-23T07:00:00Z,13.8274,USD/MWh,PT1H,"US-AR,US-IA,US-KS,US-LA,US-MN,US-MO,US-MT,US-NE,US-NM,US-ND,US-OK,US-SD,US-TX,US-WY",spp_dam,SPPNORTH_HUB,spp:DA-LMP-SL,https://portal.spp.org/file-browser-api/download/da-lmp-by-settlement-location?path=/2026/09/By_Day/DA-LMP-SL-202609230100.csv,2026-09-26T17:31:38Z,
spp:SPPNORTH_HUB,lmp_dam,2026-09-23T08:00:00Z,15.258,USD/MWh,PT1H,"US-AR,US-IA,US-KS,US-LA,US-MN,US-MO,US-MT,US-NE,US-NM,US-ND,US-OK,US-SD,US-TX,US-WY",spp_dam,SPPNORTH_HUB,spp:DA-LMP-SL,https://portal.spp.org/file-browser-api/download/da-lmp-by-settlement-location?path=/2026/09/By_Day/DA-LMP-SL-202609230100.csv,2026-09-26T17:31:38Z,
spp:SPPNORTH_HUB,lmp_dam,2026-09-23T09:00:00Z,16.9453,USD/MWh,PT1H,"US-AR,US-IA,US-KS,US-LA,US-MN,US-MO,US-MT,US-NE,US-NM,US-ND,US-OK,US-SD,US-TX,US-WY",spp_dam,SPPNORTH_HUB,spp:DA-LMP-SL,https://portal.spp.org/file-browser-api/download/da-lmp-by-settlement-location?path=/2026/09/By_Day/DA-LMP-SL-202609230100.csv,2026-09-26T17:31:38Z,
spp:SPPNORTH_HUB,lmp_dam,2026-09-23T10:00:00Z,19.5997,USD/MWh,PT1H,"US-AR,US-IA,US-KS,US-LA,US-MN,US-MO,US-MT,US-NE,US-NM,US-ND,US-OK,US-SD,US-TX,US-WY",spp_dam,SPPNORTH_HUB,spp:DA-LMP-SL,https://portal.spp.org/file-browser-api/download/da-lmp-by-settlement-location?path=/2026/09/By_Day/DA-LMP-SL-202609230100.csv,2026-09-26T17:31:38Z,
spp:SPPNORTH_HUB,lmp_dam,2026-09-23T11:00:00Z,23.5816,USD/MWh,PT1H,"US-AR,US-IA,US-KS,US-LA,US-MN,US-MO,US-MT,US-NE,US-NM,US-ND,US-OK,US-SD,US-TX,US-WY",spp_dam,SPPNORTH_HUB,spp:DA-LMP-SL,https://portal.spp.org/file-browser-api/download/da-lmp-by-settlement-location?path=/2026/09/By_Day/DA-LMP-SL-202609230100.csv,2026-09-26T17:31:38Z,
spp:SPPNORTH_HUB,lmp_dam,2026-09-23T12:00:00Z,23.6122,USD/MWh,PT1H,"US-AR,US-IA,US-KS,US-LA,US-MN,US-MO,US-MT,US-NE,US-NM,US-ND,US-OK,US-SD,US-TX,US-WY",spp_dam,SPPNORTH_HUB,spp:DA-LMP-SL,https://portal.spp.org/file-browser-api/download/da-lmp-by-settlement-location?path=/2026/09/By_Day/DA-LMP-SL-202609230100.csv,2026-09-26T17:31:38Z,
spp:SPPNORTH_HUB,lmp_dam,2026-09-23T13:00:00Z,25.2447,USD/MWh,PT1H,"US-AR,US-IA,US-KS,US-LA,US-MN,US-MO,US-MT,US-NE,US-NM,US-ND,US-OK,US-SD,US-TX,US-WY",spp_dam,SPPNORTH_HUB,spp:DA-LMP-SL,https://portal.spp.org/file-browser-api/download/da-lmp-by-settlement-location?path=/2026/09/By_Day/DA-LMP-SL-202609230100.csv,2026-09-26T17:31:38Z,
spp:SPPNORTH_HUB,lmp_dam,2026-09-23T14:00:00Z,26.3726,USD/MWh,PT1H,"US-AR,US-IA,US-KS,US-LA,US-MN,US-MO,US-MT,US-NE,US-NM,US-ND,US-OK,US-SD,US-TX,US-WY",spp_dam,SPPNORTH_HUB,spp:DA-LMP-SL,https://portal.spp.org/file-browser-api/download/da-lmp-by-settlement-location?path=/2026/09/By_Day/DA-LMP-SL-202609230100.csv,2026-09-26T17:31:38Z,
spp:SPPNORTH_HUB,lmp_dam,2026-09-23T15:00:00Z,26.2462,USD/MWh,PT1H,"US-AR,US-IA,US-KS,US-LA,US-MN,US-MO,US-MT,US-NE,US-NM,US-ND,US-OK,US-SD,US-TX,US-WY",spp_dam,SPPNORTH_HUB,spp:DA-LMP-SL,https://portal.spp.org/file-browser-api/download/da-lmp-by-settlement-location?path=/2026/09/By_Day/DA-LMP-SL-202609230100.csv,2026-09-26T17:31:38Z,
spp:SPPNORTH_HUB,lmp_dam,2026-09-23T16:00:00Z,28.3874,USD/MWh,PT1H,"US-AR,US-IA,US-KS,US-LA,US-MN,US-MO,US-MT,US-NE,US-NM,US-ND,US-OK,US-SD,US-TX,US-WY",spp_dam,SPPNORTH_HUB,spp:DA-LMP-SL,https://portal.spp.org/file-browser-api/download/da-lmp-by-settlement-location?path=/2026/09/By_Day/DA-LMP-SL-202609230100.csv,2026-09-26T17:31:38Z,
spp:SPPNORTH_HUB,lmp_dam,2026-09-23T17:00:00Z,29.5809,USD/MWh,PT1H,"US-AR,US-IA,US-KS,US-LA,US-MN,US-MO,US-MT,US-NE,US-NM,US-ND,US-OK,US-SD,US-TX,US-WY",spp_dam,SPPNORTH_HUB,spp:DA-LMP-SL,https://portal.spp.org/file-browser-api/download/da-lmp-by-settlement-location?path=/2026/09/By_Day/DA-LMP-SL-202609230100.csv,2026-09-26T17:31:38Z,
spp:SPPNORTH_HUB,lmp_dam,2026-09-23T18:00:00Z,34.9642,USD/MWh,PT1H,"US-AR,US-IA,US-KS,US-LA,US-MN,US-MO,US-MT,US-NE,US-NM,US-ND,US-OK,US-SD,US-TX,US-WY",spp_dam,SPPNORTH_HUB,spp:DA-LMP-SL,https://portal.spp.org/file-browser-api/download/da-lmp-by-settlement-location?path=/2026/09/By_Day/DA-LMP-SL-202609230100.csv,2026-09-26T17:31:38Z,
spp:SPPNORTH_HUB,lmp_dam,2026-09-23T19:00:00Z,31.5027,USD/MWh,PT1H,"US-AR,US-IA,US-KS,US-LA,US-MN,US-MO,US-MT,US-NE,US-NM,US-ND,US-OK,US-SD,US-TX,US-WY",spp_dam,SPPNORTH_HUB,spp:DA-LMP-SL,https://portal.spp.org/file-browser-api/download/da-lmp-by-settlement-location?path=/2026/09/By_Day/DA-LMP-SL-202609230100.csv,2026-09-26T17:31:38Z,
spp:SPPNORTH_HUB,lmp_dam,2026-09-23T20:00:00Z,30.4677,USD/MWh,PT1H,"US-AR,US-IA,US-KS,US-LA,US-MN,US-MO,US-MT,US-NE,US-NM,US-ND,US-OK,US-SD,US-TX,US-WY",spp_dam,SPPNORTH_HUB,spp:DA-LMP-SL,https://portal.spp.org/file-browser-api/download/da-lmp-by-settlement-location?path=/2026/09/By_Day/DA-LMP-SL-202609230100.csv,2026-09-26T17:31:38Z,
spp:SPPNORTH_HUB,lmp_dam,2026-09-23T21:00:00Z,28.912,USD/MWh,PT1H,"US-AR,US-IA,US-KS,US-LA,US-MN,US-MO,US-MT,US-NE,US-NM,US-ND,US-OK,US-SD,US-TX,US-WY",spp_dam,SPPNORTH_HUB,spp:DA-LMP-SL,https://portal.spp.org/file-browser-api/download/da-lmp-by-settlement-location?path=/2026/09/By_Day/DA-LMP-SL-202609230100.csv,2026-09-26T17:31:38Z,
spp:SPPNORTH_HUB,lmp_dam,2026-09-23T22:00:00Z,35.8304,USD/MWh,PT1H,"US-AR,US-IA,US-KS,US-LA,US-MN,US-MO,US-MT,US-NE,US-NM,US-ND,US-OK,US-SD,US-TX,US-WY",spp_dam,SPPNORTH_HUB,spp:DA-LMP-SL,https://portal.spp.org/file-browser-api/download/da-lmp-by-settlement-location?path=/2026/09/By_Day/DA-LMP-SL-202609230100.csv,2026-09-26T17:31:38Z,
spp:SPPNORTH_HUB,lmp_dam,2026-09-23T23:00:00Z,36.9692,USD/MWh,PT1H,"US-AR,US-IA,US-KS,US-LA,US-MN,US-MO,US-MT,US-NE,US-NM,US-ND,US-OK,US-SD,US-TX,US-WY",spp_dam,SPPNORTH_HUB,spp:DA-LMP-SL,https://portal.spp.org/file-browser-api/download/da-lmp-by-settlement-location?path=/2026/09/By_Day/DA-LMP-SL-202609230100.csv,2026-09-26T17:31:38Z,
spp:SPPNORTH_HUB,lmp_dam,2026-09-24T00:00:00Z,28.6221,USD/MWh,PT1H,"US-AR,US-IA,US-KS,US-LA,US-MN,US-MO,US-MT,US-NE,US-NM,US-ND,US-OK,US-SD,US-TX,US-WY",spp_dam,SPPNORTH_HUB,spp:DA-LMP-SL,https://portal.spp.org/file-browser-api/download/da-lmp-by-settlement-location?path=/2026/09/By_Day/DA-LMP-SL-202609230100.csv,2026-09-26T17:31:38Z,
spp:SPPNORTH_HUB,lmp_dam,2026-09-24T01:00:00Z,20.8241,USD/MWh,PT1H,"US-AR,US-IA,US-KS,US-LA,US-MN,US-MO,US-MT,US-NE,US-NM,US-ND,US-OK,US-SD,US-TX,US-WY",spp_dam,SPPNORTH_HUB,spp:DA-LMP-SL,https://portal.spp.org/file-browser-api/download/da-lmp-by-settlement-location?path=/2026/09/By_Day/DA-LMP-SL-202609230100.csv,2026-09-26T17:31:38Z,
spp:SPPNORTH_HUB,lmp_dam,2026-09-24T02:00:00Z,18.8345,USD/MWh,PT1H,"US-AR,US-IA,US-KS,US-LA,US-MN,US-MO,US-MT,US-NE,US-NM,US-ND,US-OK,US-SD,US-TX,US-WY",spp_dam,SPPNORTH_HUB,spp:DA-LMP-SL,https://portal.spp.org/file-browser-api/download/da-lmp-by-settlement-location?path=/2026/09/By_Day/DA-LMP-SL-202609230100.csv,2026-09-26T17:31:38Z,
spp:SPPNORTH_HUB,lmp_dam,2026-09-24T03:00:00Z,17.6547,USD/MWh,PT1H,"US-AR,US-IA,US-KS,US-LA,US-MN,US-MO,US-MT,US-NE,US-NM,US-ND,US-OK,US-SD,US-TX,US-WY",spp_dam,SPPNORTH_HUB,spp:DA-LMP-SL,https://portal.spp.org/file-browser-api/download/da-lmp-by-settlement-location?path=/2026/09/By_Day/DA-LMP-SL-202609230100.csv,2026-09-26T17:31:38Z,
spp:SPPNORTH_HUB,lmp_dam,2026-09-24T04:00:00Z,12.9471,USD/MWh,PT1H,"US-AR,US-IA,US-KS,US-LA,US-MN,US-MO,US-MT,US-NE,US-NM,US-ND,US-OK,US-SD,US-TX,US-WY",spp_dam,SPPNORTH_HUB,spp:DA-LMP-SL,https://portal.spp.org/file-browser-api/download/da-lmp-by-settlement-location?path=/2026/09/By_Day/DA-LMP-SL-202609230100.csv,2026-09-26T17:31:38Z,
spp:SPPNORTH_HUB,lmp_dam,2026-09-24T05:00:00Z,5.8865,USD/MWh,PT1H,"US-AR,US-IA,US-KS,US-LA,US-MN,US-MO,US-MT,US-NE,US-NM,US-ND,US-OK,US-SD,US-TX,US-WY",spp_dam,SPPNORTH_HUB,spp:DA-LMP-SL,https://portal.spp.org/file-browser-api/download/da-lmp-by-settlement-location?path=/2026/09/By_Day/DA-LMP-SL-202609240100.csv,2026-09-26T17:31:38Z,
spp:SPPNORTH_HUB,lmp_dam,2026-09-24T06:00:00Z,5.9157,USD/MWh,PT1H,"US-AR,US-IA,US-KS,US-LA,US-MN,US-MO,US-MT,US-NE,US-NM,US-ND,US-OK,US-SD,US-TX,US-WY",spp_dam,SPPNORTH_HUB,spp:DA-LMP-SL,https://portal.spp.org/file-browser-api/download/da-lmp-by-settlement-location?path=/2026/09/By_Day/DA-LMP-SL-202609240100.csv,2026-09-26T17:31:38Z,
spp:SPPNORTH_HUB,lmp_dam,2026-09-24T07:00:00Z,6.6546,USD/MWh,PT1H,"US-AR,US-IA,US-KS,US-LA,US-MN,US-MO,US-MT,US-NE,US-NM,US-ND,US-OK,US-SD,US-TX,US-WY",spp_dam,SPPNORTH_HUB,spp:DA-LMP-SL,https://portal.spp.org/file-browser-api/download/da-lmp-by-settlement-location?path=/2026/09/By_Day/DA-LMP-SL-202609240100.csv,2026-09-26T17:31:38Z,
spp:SPPNORTH_HUB,lmp_dam,2026-09-24T08:00:00Z,7.563,USD/MWh,PT1H,"US-AR,US-IA,US-KS,US-LA,US-MN,US-MO,US-MT,US-NE,US-NM,US-ND,US-OK,US-SD,US-TX,US-WY",spp_dam,SPPNORTH_HUB,spp:DA-LMP-SL,https://portal.spp.org/file-browser-api/download/da-lmp-by-settlement-location?path=/2026/09/By_Day/DA-LMP-SL-202609240100.csv,2026-09-26T17:31:38Z,
spp:SPPNORTH_HUB,lmp_dam,2026-09-24T09:00:00Z,11.8716,USD/MWh,PT1H,"US-AR,US-IA,US-KS,US-LA,US-MN,US-MO,US-MT,US-NE,US-NM,US-ND,US-OK,US-SD,US-TX,US-WY",spp_dam,SPPNORTH_HUB,spp:DA-LMP-SL,https://portal.spp.org/file-browser-api/download/da-lmp-by-settlement-location?path=/2026/09/By_Day/DA-LMP-SL-202609240100.csv,2026-09-26T17:31:38Z,
spp:SPPNORTH_HUB,lmp_dam,2026-09-24T10:00:00Z,18.0628,USD/MWh,PT1H,"US-AR,US-IA,US-KS,US-LA,US-MN,US-MO,US-MT,US-NE,US-NM,US-ND,US-OK,US-SD,US-TX,US-WY",spp_dam,SPPNORTH_HUB,spp:DA-LMP-SL,https://portal.spp.org/file-browser-api/download/da-lmp-by-settlement-location?path=/2026/09/By_Day/DA-LMP-SL-202609240100.csv,2026-09-26T17:31:38Z,
spp:SPPNORTH_HUB,lmp_dam,2026-09-24T11:00:00Z,20.1423,USD/MWh,PT1H,"US-AR,US-IA,US-KS,US-LA,US-MN,US-MO,US-MT,US-NE,US-NM,US-ND,US-OK,US-SD,US-TX,US-WY",spp_dam,SPPNORTH_HUB,spp:DA-LMP-SL,https://portal.spp.org/file-browser-api/download/da-lmp-by-settlement-location?path=/2026/09/By_Day/DA-LMP-SL-202609240100.csv,2026-09-26T17:31:38Z,
spp:SPPNORTH_HUB,lmp_dam,2026-09-24T12:00:00Z,23.2021,USD/MWh,PT1H,"US-AR,US-IA,US-KS,US-LA,US-MN,US-MO,US-MT,US-NE,US-NM,US-ND,US-OK,US-SD,US-TX,US-WY",spp_dam,SPPNORTH_HUB,spp:DA-LMP-SL,https://portal.spp.org/file-browser-api/download/da-lmp-by-settlement-location?path=/2026/09/By_Day/DA-LMP-SL-202609240100.csv,2026-09-26T17:31:38Z,
spp:SPPNORTH_HUB,lmp_dam,2026-09-24T13:00:00Z,25.3555,USD/MWh,PT1H,"US-AR,US-IA,US-KS,US-LA,US-MN,US-MO,US-MT,US-NE,US-NM,US-ND,US-OK,US-SD,US-TX,US-WY",spp_dam,SPPNORTH_HUB,spp:DA-LMP-SL,https://portal.spp.org/file-browser-api/download/da-lmp-by-settlement-location?path=/2026/09/By_Day/DA-LMP-SL-202609240100.csv,2026-09-26T17:31:38Z,
spp:SPPNORTH_HUB,lmp_dam,2026-09-24T14:00:00Z,27.1029,USD/MWh,PT1H,"US-AR,US-IA,US-KS,US-LA,US-MN,US-MO,US-MT,US-NE,US-NM,US-ND,US-OK,US-SD,US-TX,US-WY",spp_dam,SPPNORTH_HUB,spp:DA-LMP-SL,https://portal.spp.org/file-browser-api/download/da-lmp-by-settlement-location?path=/2026/09/By_Day/DA-LMP-SL-202609240100.csv,2026-09-26T17:31:38Z,
spp:SPPNORTH_HUB,lmp_dam,2026-09-24T15:00:00Z,26.1597,USD/MWh,PT1H,"US-AR,US-IA,US-KS,US-LA,US-MN,US-MO,US-MT,US-NE,US-NM,US-ND,US-OK,US-SD,US-TX,US-WY",spp_dam,SPPNORTH_HUB,spp:DA-LMP-SL,https://portal.spp.org/file-browser-api/download/da-lmp-by-settlement-location?path=/2026/09/By_Day/DA-LMP-SL-202609240100.csv,2026-09-26T17:31:38Z,
spp:SPPNORTH_HUB,lmp_dam,2026-09-24T16:00:00Z,28.5304,USD/MWh,PT1H,"US-AR,US-IA,US-KS,US-LA,US-MN,US-MO,US-MT,US-NE,US-NM,US-ND,US-OK,US-SD,US-TX,US-WY",spp_dam,SPPNORTH_HUB,spp:DA-LMP-SL,https://portal.spp.org/file-browser-api/download/da-lmp-by-settlement-location?path=/2026/09/By_Day/DA-LMP-SL-202609240100.csv,2026-09-26T17:31:38Z,
spp:SPPNORTH_HUB,lmp_dam,2026-09-24T17:00:00Z,33.6493,USD/MWh,PT1H,"US-AR,US-IA,US-KS,US-LA,US-MN,US-MO,US-MT,US-NE,US-NM,US-ND,US-OK,US-SD,US-TX,US-WY",spp_dam,SPPNORTH_HUB,spp:DA-LMP-SL,https://portal.spp.org/file-browser-api/download/da-lmp-by-settlement-location?path=/2026/09/By_Day/DA-LMP-SL-202609240100.csv,2026-09-26T17:31:38Z,
spp:SPPNORTH_HUB,lmp_dam,2026-09-24T18:00:00Z,39.7718,USD/MWh,PT1H,"US-AR,US-IA,US-KS,US-LA,US-MN,US-MO,US-MT,US-NE,US-NM,US-ND,US-OK,US-SD,US-TX,US-WY",spp_dam,SPPNORTH_HUB,spp:DA-LMP-SL,https://portal.spp.org/file-browser-api/download/da-lmp-by-settlement-location?path=/2026/09/By_Day/DA-LMP-SL-202609240100.csv,2026-09-26T17:31:38Z,
spp:SPPNORTH_HUB,lmp_dam,2026-09-24T19:00:00Z,42.3115,USD/MWh,PT1H,"US-AR,US-IA,US-KS,US-LA,US-MN,US-MO,US-MT,US-NE,US-NM,US-ND,US-OK,US-SD,US-TX,US-WY",spp_dam,SPPNORTH_HUB,spp:DA-LMP-SL,https://portal.spp.org/file-browser-api/download/da-lmp-by-settlement-location?path=/2026/09/By_Day/DA-LMP-SL-202609240100.csv,2026-09-26T17:31:38Z,
spp:SPPNORTH_HUB,lmp_dam,2026-09-24T20:00:00Z,46.4623,USD/MWh,PT1H,"US-AR,US-IA,US-KS,US-LA,US-MN,US-MO,US-MT,US-NE,US-NM,US-ND,US-OK,US-SD,US-TX,US-WY",spp_dam,SPPNORTH_HUB,spp:DA-LMP-SL,https://portal.spp.org/file-browser-api/download/da-lmp-by-settlement-location?path=/2026/09/By_Day/DA-LMP-SL-202609240100.csv,2026-09-26T17:31:38Z,
spp:SPPNORTH_HUB,lmp_dam,2026-09-24T21:00:00Z,52.9497,USD/MWh,PT1H,"US-AR,US-IA,US-KS,US-LA,US-MN,US-MO,US-MT,US-NE,US-NM,US-ND,US-OK,US-SD,US-TX,US-WY",spp_dam,SPPNORTH_HUB,spp:DA-LMP-SL,https://portal.spp.org/file-browser-api/download/da-lmp-by-settlement-location?path=/2026/09/By_Day/DA-LMP-SL-202609240100.csv,2026-09-26T17:31:38Z,
spp:SPPNORTH_HUB,lmp_dam,2026-09-24T22:00:00Z,60.0627,USD/MWh,PT1H,"US-AR,US-IA,US-KS,US-LA,US-MN,US-MO,US-MT,US-NE,US-NM,US-ND,US-OK,US-SD,US-TX,US-WY",spp_dam,SPPNORTH_HUB,spp:DA-LMP-SL,https://portal.spp.org/file-browser-api/download/da-lmp-by-settlement-location?path=/2026/09/By_Day/DA-LMP-SL-202609240100.csv,2026-09-26T17:31:38Z,
spp:SPPNORTH_HUB,lmp_dam,2026-09-24T23:00:00Z,74.4909,USD/MWh,PT1H,"US-AR,US-IA,US-KS,US-LA,US-MN,US-MO,US-MT,US-NE,US-NM,US-ND,US-OK,US-SD,US-TX,US-WY",spp_dam,SPPNORTH_HUB,spp:DA-LMP-SL,https://portal.spp.org/file-browser-api/download/da-lmp-by-settlement-location?path=/2026/09/By_Day/DA-LMP-SL-202609240100.csv,2026-09-26T17:31:38Z,
spp:SPPNORTH_HUB,lmp_dam,2026-09-25T00:00:00Z,62.7845,USD/MWh,PT1H,"US-AR,US-IA,US-KS,US-LA,US-MN,US-MO,US-MT,US-NE,US-NM,US-ND,US-OK,US-SD,US-TX,US-WY",spp_dam,SPPNORTH_HUB,spp:DA-LMP-SL,https://portal.spp.org/file-browser-api/download/da-lmp-by-settlement-location?path=/2026/09/By_Day/DA-LMP-SL-202609240100.csv,2026-09-26T17:31:38Z,
spp:SPPNORTH_HUB,lmp_dam,2026-09-25T01:00:00Z,42.1235,USD/MWh,PT1H,"US-AR,US-IA,US-KS,US-LA,US-MN,US-MO,US-MT,US-NE,US-NM,US-ND,US-OK,US-SD,US-TX,US-WY",spp_dam,SPPNORTH_HUB,spp:DA-LMP-SL,https://portal.spp.org/file-browser-api/download/da-lmp-by-settlement-location?path=/2026/09/By_Day/DA-LMP-SL-202609240100.csv,2026-09-26T17:31:38Z,
spp:SPPNORTH_HUB,lmp_dam,2026-09-25T02:00:00Z,33.0355,USD/MWh,PT1H,"US-AR,US-IA,US-KS,US-LA,US-MN,US-MO,US-MT,US-NE,US-NM,US-ND,US-OK,US-SD,US-TX,US-WY",spp_dam,SPPNORTH_HUB,spp:DA-LMP-SL,https://portal.spp.org/file-browser-api/download/da-lmp-by-settlement-location?path=/2026/09/By_Day/DA-LMP-SL-202609240100.csv,2026-09-26T17:31:38Z,
spp:SPPNORTH_HUB,lmp_dam,2026-09-25T03:00:00Z,29.2639,USD/MWh,PT1H,"US-AR,US-IA,US-KS,US-LA,US-MN,US-MO,US-MT,US-NE,US-NM,US-ND,US-OK,US-SD,US-TX,US-WY",spp_dam,SPPNORTH_HUB,spp:DA-LMP-SL,https://portal.spp.org/file-browser-api/download/da-lmp-by-settlement-location?path=/2026/09/By_Day/DA-LMP-SL-202609240100.csv,2026-09-26T17:31:38Z,
spp:SPPNORTH_HUB,lmp_dam,2026-09-25T04:00:00Z,25.1099,USD/MWh,PT1H,"US-AR,US-IA,US-KS,US-LA,US-MN,US-MO,US-MT,US-NE,US-NM,US-ND,US-OK,US-SD,US-TX,US-WY",spp_dam,SPPNORTH_HUB,spp:DA-LMP-SL,https://portal.spp.org/file-browser-api/download/da-lmp-by-settlement-location?path=/2026/09/By_Day/DA-LMP-SL-202609240100.csv,2026-09-26T17:31:38Z,
spp:SPPNORTH_HUB,lmp_dam,2026-09-25T05:00:00Z,23.7995,USD/MWh,PT1H,"US-AR,US-IA,US-KS,US-LA,US-MN,US-MO,US-MT,US-NE,US-NM,US-ND,US-OK,US-SD,US-TX,US-WY",spp_dam,SPPNORTH_HUB,spp:DA-LMP-SL,https://portal.spp.org/file-browser-api/download/da-lmp-by-settlement-location?path=/2026/09/By_Day/DA-LMP-SL-202609250100.csv,2026-09-26T17:31:38Z,
spp:SPPNORTH_HUB,lmp_dam,2026-09-25T06:00:00Z,23.673,USD/MWh,PT1H,"US-AR,US-IA,US-KS,US-LA,US-MN,US-MO,US-MT,US-NE,US-NM,US-ND,US-OK,US-SD,US-TX,US-WY",spp_dam,SPPNORTH_HUB,spp:DA-LMP-SL,https://portal.spp.org/file-browser-api/download/da-lmp-by-settlement-location?path=/2026/09/By_Day/DA-LMP-SL-202609250100.csv,2026-09-26T17:31:38Z,
spp:SPPNORTH_HUB,lmp_dam,2026-09-25T07:00:00Z,23.7271,USD/MWh,PT1H,"US-AR,US-IA,US-KS,US-LA,US-MN,US-MO,US-MT,US-NE,US-NM,US-ND,US-OK,US-SD,US-TX,US-WY",spp_dam,SPPNORTH_HUB,spp:DA-LMP-SL,https://portal.spp.org/file-browser-api/download/da-lmp-by-settlement-location?path=/2026/09/By_Day/DA-LMP-SL-202609250100.csv,2026-09-26T17:31:38Z,
spp:SPPNORTH_HUB,lmp_dam,2026-09-25T08:00:00Z,23.5386,USD/MWh,PT1H,"US-AR,US-IA,US-KS,US-LA,US-MN,US-MO,US-MT,US-NE,US-NM,US-ND,US-OK,US-SD,US-TX,US-WY",spp_dam,SPPNORTH_HUB,spp:DA-LMP-SL,https://portal.spp.org/file-browser-api/download/da-lmp-by-settlement-location?path=/2026/09/By_Day/DA-LMP-SL-202609250100.csv,2026-09-26T17:31:38Z,
spp:SPPNORTH_HUB,lmp_dam,2026-09-25T09:00:00Z,23.863,USD/MWh,PT1H,"US-AR,US-IA,US-KS,US-LA,US-MN,US-MO,US-MT,US-NE,US-NM,US-ND,US-OK,US-SD,US-TX,US-WY",spp_dam,SPPNORTH_HUB,spp:DA-LMP-SL,https://portal.spp.org/file-browser-api/download/da-lmp-by-settlement-location?path=/2026/09/By_Day/DA-LMP-SL-202609250100.csv,2026-09-26T17:31:38Z,
spp:SPPNORTH_HUB,lmp_dam,2026-09-25T10:00:00Z,27.2452,USD/MWh,PT1H,"US-AR,US-IA,US-KS,US-LA,US-MN,US-MO,US-MT,US-NE,US-NM,US-ND,US-OK,US-SD,US-TX,US-WY",spp_dam,SPPNORTH_HUB,spp:DA-LMP-SL,https://portal.spp.org/file-browser-api/download/da-lmp-by-settlement-location?path=/2026/09/By_Day/DA-LMP-SL-202609250100.csv,2026-09-26T17:31:38Z,
spp:SPPNORTH_HUB,lmp_dam,2026-09-25T11:00:00Z,32.8054,USD/MWh,PT1H,"US-AR,US-IA,US-KS,US-LA,US-MN,US-MO,US-MT,US-NE,US-NM,US-ND,US-OK,US-SD,US-TX,US-WY",spp_dam,SPPNORTH_HUB,spp:DA-LMP-SL,https://portal.spp.org/file-browser-api/download/da-lmp-by-settlement-location?path=/2026/09/By_Day/DA-LMP-SL-202609250100.csv,2026-09-26T17:31:38Z,
spp:SPPNORTH_HUB,lmp_dam,2026-09-25T12:00:00Z,33.9817,USD/MWh,PT1H,"US-AR,US-IA,US-KS,US-LA,US-MN,US-MO,US-MT,US-NE,US-NM,US-ND,US-OK,US-SD,US-TX,US-WY",spp_dam,SPPNORTH_HUB,spp:DA-LMP-SL,https://portal.spp.org/file-browser-api/download/da-lmp-by-settlement-location?path=/2026/09/By_Day/DA-LMP-SL-202609250100.csv,2026-09-26T17:31:38Z,
spp:SPPNORTH_HUB,lmp_dam,2026-09-25T13:00:00Z,33.6522,USD/MWh,PT1H,"US-AR,US-IA,US-KS,US-LA,US-MN,US-MO,US-MT,US-NE,US-NM,US-ND,US-OK,US-SD,US-TX,US-WY",spp_dam,SPPNORTH_HUB,spp:DA-LMP-SL,https://portal.spp.org/file-browser-api/download/da-lmp-by-settlement-location?path=/2026/09/By_Day/DA-LMP-SL-202609250100.csv,2026-09-26T17:31:38Z,
spp:SPPNORTH_HUB,lmp_dam,2026-09-25T14:00:00Z,34.4062,USD/MWh,PT1H,"US-AR,US-IA,US-KS,US-LA,US-MN,US-MO,US-MT,US-NE,US-NM,US-ND,US-OK,US-SD,US-TX,US-WY",spp_dam,SPPNORTH_HUB,spp:DA-LMP-SL,https://portal.spp.org/file-browser-api/download/da-lmp-by-settlement-location?path=/2026/09/By_Day/DA-LMP-SL-202609250100.csv,2026-09-26T17:31:38Z,
spp:SPPNORTH_HUB,lmp_dam,2026-09-25T15:00:00Z,32.9278,USD/MWh,PT1H,"US-AR,US-IA,US-KS,US-LA,US-MN,US-MO,US-MT,US-NE,US-NM,US-ND,US-OK,US-SD,US-TX,US-WY",spp_dam,SPPNORTH_HUB,spp:DA-LMP-SL,https://portal.spp.org/file-browser-api/download/da-lmp-by-settlement-location?path=/2026/09/By_Day/DA-LMP-SL-202609250100.csv,2026-09-26T17:31:38Z,
spp:SPPNORTH_HUB,lmp_dam,2026-09-25T16:00:00Z,28.5104,USD/MWh,PT1H,"US-AR,US-IA,US-KS,US-LA,US-MN,US-MO,US-MT,US-NE,US-NM,US-ND,US-OK,US-SD,US-TX,US-WY",spp_dam,SPPNORTH_HUB,spp:DA-LMP-SL,https://portal.spp.org/file-browser-api/download/da-lmp-by-settlement-location?path=/2026/09/By_Day/DA-LMP-SL-202609250100.csv,2026-09-26T17:31:38Z,
spp:SPPNORTH_HUB,lmp_dam,2026-09-25T17:00:00Z,32.3297,USD/MWh,PT1H,"US-AR,US-IA,US-KS,US-LA,US-MN,US-MO,US-MT,US-NE,US-NM,US-ND,US-OK,US-SD,US-TX,US-WY",spp_dam,SPPNORTH_HUB,spp:DA-LMP-SL,https://portal.spp.org/file-browser-api/download/da-lmp-by-settlement-location?path=/2026/09/By_Day/DA-LMP-SL-202609250100.csv,2026-09-26T17:31:38Z,
spp:SPPNORTH_HUB,lmp_dam,2026-09-25T18:00:00Z,35.3211,USD/MWh,PT1H,"US-AR,US-IA,US-KS,US-LA,US-MN,US-MO,US-MT,US-NE,US-NM,US-ND,US-OK,US-SD,US-TX,US-WY",spp_dam,SPPNORTH_HUB,spp:DA-LMP-SL,https://portal.spp.org/file-browser-api/download/da-lmp-by-settlement-location?path=/2026/09/By_Day/DA-LMP-SL-202609250100.csv,2026-09-26T17:31:38Z,
spp:SPPNORTH_HUB,lmp_dam,2026-09-25T19:00:00Z,37.2335,USD/MWh,PT1H,"US-AR,US-IA,US-KS,US-LA,US-MN,US-MO,US-MT,US-NE,US-NM,US-ND,US-OK,US-SD,US-TX,US-WY",spp_dam,SPPNORTH_HUB,spp:DA-LMP-SL,https://portal.spp.org/file-browser-api/download/da-lmp-by-settlement-location?path=/2026/09/By_Day/DA-LMP-SL-202609250100.csv,2026-09-26T17:31:38Z,
spp:SPPNORTH_HUB,lmp_dam,2026-09-25T20:00:00Z,40.8754,USD/MWh,PT1H,"US-AR,US-IA,US-KS,US-LA,US-MN,US-MO,US-MT,US-NE,US-NM,US-ND,US-OK,US-SD,US-TX,US-WY",spp_dam,SPPNORTH_HUB,spp:DA-LMP-SL,https://portal.spp.org/file-browser-api/download/da-lmp-by-settlement-location?path=/2026/09/By_Day/DA-LMP-SL-202609250100.csv,2026-09-26T17:31:38Z,
spp:SPPNORTH_HUB,lmp_dam,2026-09-25T21:00:00Z,43.3468,USD/MWh,PT1H,"US-AR,US-IA,US-KS,US-LA,US-MN,US-MO,US-MT,US-NE,US-NM,US-ND,US-OK,US-SD,US-TX,US-WY",spp_dam,SPPNORTH_HUB,spp:DA-LMP-SL,https://portal.spp.org/file-browser-api/download/da-lmp-by-settlement-location?path=/2026/09/By_Day/DA-LMP-SL-202609250100.csv,2026-09-26T17:31:38Z,
spp:SPPNORTH_HUB,lmp_dam,2026-09-25T22:00:00Z,49.0532,USD/MWh,PT1H,"US-AR,US-IA,US-KS,US-LA,US-MN,US-MO,US-MT,US-NE,US-NM,US-ND,US-OK,US-SD,US-TX,US-WY",spp_dam,SPPNORTH_HUB,spp:DA-LMP-SL,https://portal.spp.org/file-browser-api/download/da-lmp-by-settlement-location?path=/2026/09/By_Day/DA-LMP-SL-202609250100.csv,2026-09-26T17:31:38Z,
spp:SPPNORTH_HUB,lmp_dam,2026-09-25T23:00:00Z,50.0,USD/MWh,PT1H,"US-AR,US-IA,US-KS,US-LA,US-MN,US-MO,US-MT,US-NE,US-NM,US-ND,US-OK,US-SD,US-TX,US-WY",spp_dam,SPPNORTH_HUB,spp:DA-LMP-SL,https://portal.spp.org/file-browser-api/download/da-lmp-by-settlement-location?path=/2026/09/By_Day/DA-LMP-SL-202609250100.csv,2026-09-26T17:31:38Z,
spp:SPPNORTH_HUB,lmp_dam,2026-09-26T00:00:00Z,35.789,USD/MWh,PT1H,"US-AR,US-IA,US-KS,US-LA,US-MN,US-MO,US-MT,US-NE,US-NM,US-ND,US-OK,US-SD,US-TX,US-WY",spp_dam,SPPNORTH_HUB,spp:DA-LMP-SL,https://portal.spp.org/file-browser-api/download/da-lmp-by-settlement-location?path=/2026/09/By_Day/DA-LMP-SL-202609250100.csv,2026-09-26T17:31:38Z,
spp:SPPNORTH_HUB,lmp_dam,2026-09-26T01:00:00Z,28.7851,USD/MWh,PT1H,"US-AR,US-IA,US-KS,US-LA,US-MN,US-MO,US-MT,US-NE,US-NM,US-ND,US-OK,US-SD,US-TX,US-WY",spp_dam,SPPNORTH_HUB,spp:DA-LMP-SL,https://portal.spp.org/file-browser-api/download/da-lmp-by-settlement-location?path=/2026/09/By_Day/DA-LMP-SL-202609250100.csv,2026-09-26T17:31:38Z,
spp:SPPNORTH_HUB,lmp_dam,2026-09-26T02:00:00Z,21.8222,USD/MWh,PT1H,"US-AR,US-IA,US-KS,US-LA,US-MN,US-MO,US-MT,US-NE,US-NM,US-ND,US-OK,US-SD,US-TX,US-WY",spp_dam,SPPNORTH_HUB,spp:DA-LMP-SL,https://portal.spp.org/file-browser-api/download/da-lmp-by-settlement-location?path=/2026/09/By_Day/DA-LMP-SL-202609250100.csv,2026-09-26T17:31:38Z,
spp:SPPNORTH_HUB,lmp_dam,2026-09-26T03:00:00Z,15.3756,USD/MWh,PT1H,"US-AR,US-IA,US-KS,US-LA,US-MN,US-MO,US-MT,US-NE,US-NM,US-ND,US-OK,US-SD,US-TX,US-WY",spp_dam,SPPNORTH_HUB,spp:DA-LMP-SL,https://portal.spp.org/file-browser-api/download/da-lmp-by-settlement-location?path=/2026/09/By_Day/DA-LMP-SL-202609250100.csv,2026-09-26T17:31:38Z,
spp:SPPNORTH_HUB,lmp_dam,2026-09-26T04:00:00Z,10.1231,USD/MWh,PT1H,"US-AR,US-IA,US-KS,US-LA,US-MN,US-MO,US-MT,US-NE,US-NM,US-ND,US-OK,US-SD,US-TX,US-WY",spp_dam,SPPNORTH_HUB,spp:DA-LMP-SL,https://portal.spp.org/file-browser-api/download/da-lmp-by-settlement-location?path=/2026/09/By_Day/DA-LMP-SL-202609250100.csv,2026-09-26T17:31:38Z,
spp:SPPNORTH_HUB,lmp_dam,2026-09-26T05:00:00Z,10.849,USD/MWh,PT1H,"US-AR,US-IA,US-KS,US-LA,US-MN,US-MO,US-MT,US-NE,US-NM,US-ND,US-OK,US-SD,US-TX,US-WY",spp_dam,SPPNORTH_HUB,spp:DA-LMP-SL,https://portal.spp.org/file-browser-api/download/da-lmp-by-settlement-location?path=/2026/09/By_Day/DA-LMP-SL-202609260100.csv,2026-09-26T17:31:45Z,
spp:SPPNORTH_HUB,lmp_dam,2026-09-26T06:00:00Z,5.3834,USD/MWh,PT1H,"US-AR,US-IA,US-KS,US-LA,US-MN,US-MO,US-MT,US-NE,US-NM,US-ND,US-OK,US-SD,US-TX,US-WY",spp_dam,SPPNORTH_HUB,spp:DA-LMP-SL,https://portal.spp.org/file-browser-api/download/da-lmp-by-settlement-location?path=/2026/09/By_Day/DA-LMP-SL-202609260100.csv,2026-09-26T17:31:45Z,
spp:SPPNORTH_HUB,lmp_dam,2026-09-26T07:00:00Z,2.5041,USD/MWh,PT1H,"US-AR,US-IA,US-KS,US-LA,US-MN,US-MO,US-MT,US-NE,US-NM,US-ND,US-OK,US-SD,US-TX,US-WY",spp_dam,SPPNORTH_HUB,spp:DA-LMP-SL,https://portal.spp.org/file-browser-api/download/da-lmp-by-settlement-location?path=/2026/09/By_Day/DA-LMP-SL-202609260100.csv,2026-09-26T17:31:45Z,
spp:SPPNORTH_HUB,lmp_dam,2026-09-26T08:00:00Z,-2.4604,USD/MWh,PT1H,"US-AR,US-IA,US-KS,US-LA,US-MN,US-MO,US-MT,US-NE,US-NM,US-ND,US-OK,US-SD,US-TX,US-WY",spp_dam,SPPNORTH_HUB,spp:DA-LMP-SL,https://portal.spp.org/file-browser-api/download/da-lmp-by-settlement-location?path=/2026/09/By_Day/DA-LMP-SL-202609260100.csv,2026-09-26T17:31:45Z,
spp:SPPNORTH_HUB,lmp_dam,2026-09-26T09:00:00Z,0.01,USD/MWh,PT1H,"US-AR,US-IA,US-KS,US-LA,US-MN,US-MO,US-MT,US-NE,US-NM,US-ND,US-OK,US-SD,US-TX,US-WY",spp_dam,SPPNORTH_HUB,spp:DA-LMP-SL,https://portal.spp.org/file-browser-api/download/da-lmp-by-settlement-location?path=/2026/09/By_Day/DA-LMP-SL-202609260100.csv,2026-09-26T17:31:45Z,
spp:SPPNORTH_HUB,lmp_dam,2026-09-26T10:00:00Z,2.9774,USD/MWh,PT1H,"US-AR,US-IA,US-KS,US-LA,US-MN,US-MO,US-MT,US-NE,US-NM,US-ND,US-OK,US-SD,US-TX,US-WY",spp_dam,SPPNORTH_HUB,spp:DA-LMP-SL,https://portal.spp.org/file-browser-api/download/da-lmp-by-settlement-location?path=/2026/09/By_Day/DA-LMP-SL-202609260100.csv,2026-09-26T17:31:45Z,
spp:SPPNORTH_HUB,lmp_dam,2026-09-26T11:00:00Z,5.9431,USD/MWh,PT1H,"US-AR,US-IA,US-KS,US-LA,US-MN,US-MO,US-MT,US-NE,US-NM,US-ND,US-OK,US-SD,US-TX,US-WY",spp_dam,SPPNORTH_HUB,spp:DA-LMP-SL,https://portal.spp.org/file-browser-api/download/da-lmp-by-settlement-location?path=/2026/09/By_Day/DA-LMP-SL-202609260100.csv,2026-09-26T17:31:45Z,
spp:SPPNORTH_HUB,lmp_dam,2026-09-26T12:00:00Z,8.7119,USD/MWh,PT1H,"US-AR,US-IA,US-KS,US-LA,US-MN,US-MO,US-MT,US-NE,US-NM,US-ND,US-OK,US-SD,US-TX,US-WY",spp_dam,SPPNORTH_HUB,spp:DA-LMP-SL,https://portal.spp.org/file-browser-api/download/da-lmp-by-settlement-location?path=/2026/09/By_Day/DA-LMP-SL-202609260100.csv,2026-09-26T17:31:45Z,
spp:SPPNORTH_HUB,lmp_dam,2026-09-26T13:00:00Z,14.524,USD/MWh,PT1H,"US-AR,US-IA,US-KS,US-LA,US-MN,US-MO,US-MT,US-NE,US-NM,US-ND,US-OK,US-SD,US-TX,US-WY",spp_dam,SPPNORTH_HUB,spp:DA-LMP-SL,https://portal.spp.org/file-browser-api/download/da-lmp-by-settlement-location?path=/2026/09/By_Day/DA-LMP-SL-202609260100.csv,2026-09-26T17:31:45Z,
spp:SPPNORTH_HUB,lmp_dam,2026-09-26T14:00:00Z,18.8025,USD/MWh,PT1H,"US-AR,US-IA,US-KS,US-LA,US-MN,US-MO,US-MT,US-NE,US-NM,US-ND,US-OK,US-SD,US-TX,US-WY",spp_dam,SPPNORTH_HUB,spp:DA-LMP-SL,https://portal.spp.org/file-browser-api/download/da-lmp-by-settlement-location?path=/2026/09/By_Day/DA-LMP-SL-202609260100.csv,2026-09-26T17:31:45Z,
spp:SPPNORTH_HUB,lmp_dam,2026-09-26T15:00:00Z,19.6305,USD/MWh,PT1H,"US-AR,US-IA,US-KS,US-LA,US-MN,US-MO,US-MT,US-NE,US-NM,US-ND,US-OK,US-SD,US-TX,US-WY",spp_dam,SPPNORTH_HUB,spp:DA-LMP-SL,https://portal.spp.org/file-browser-api/download/da-lmp-by-settlement-location?path=/2026/09/By_Day/DA-LMP-SL-202609260100.csv,2026-09-26T17:31:45Z,
spp:SPPNORTH_HUB,lmp_dam,2026-09-26T16:00:00Z,20.4882,USD/MWh,PT1H,"US-AR,US-IA,US-KS,US-LA,US-MN,US-MO,US-MT,US-NE,US-NM,US-ND,US-OK,US-SD,US-TX,US-WY",spp_dam,SPPNORTH_HUB,spp:DA-LMP-SL,https://portal.spp.org/file-browser-api/download/da-lmp-by-settlement-location?path=/2026/09/By_Day/DA-LMP-SL-202609260100.csv,2026-09-26T17:31:45Z,
spp:SPPNORTH_HUB,lmp_dam,2026-09-26T17:00:00Z,23.8323,USD/MWh,PT1H,"US-AR,US-IA,US-KS,US-LA,US-MN,US-MO,US-MT,US-NE,US-NM,US-ND,US-OK,US-SD,US-TX,US-WY",spp_dam,SPPNORTH_HUB,spp:DA-LMP-SL,https://portal.spp.org/file-browser-api/download/da-lmp-by-settlement-location?path=/2026/09/By_Day/DA-LMP-SL-202609260100.csv,2026-09-26T17:31:45Z,
spp:SPPNORTH_HUB,lmp_dam,2026-09-26T18:00:00Z,27.7772,USD/MWh,PT1H,"US-AR,US-IA,US-KS,US-LA,US-MN,US-MO,US-MT,US-NE,US-NM,US-ND,US-OK,US-SD,US-TX,US-WY",spp_dam,SPPNORTH_HUB,spp:DA-LMP-SL,https://portal.spp.org/file-browser-api/download/da-lmp-by-settlement-location?path=/2026/09/By_Day/DA-LMP-SL-202609260100.csv,2026-09-26T17:31:45Z,
spp:SPPNORTH_HUB,lmp_dam,2026-09-26T19:00:00Z,28.1152,USD/MWh,PT1H,"US-AR,US-IA,US-KS,US-LA,US-MN,US-MO,US-MT,US-NE,US-NM,US-ND,US-OK,US-SD,US-TX,US-WY",spp_dam,SPPNORTH_HUB,spp:DA-LMP-SL,https://portal.spp.org/file-browser-api/download/da-lmp-by-settlement-location?path=/2026/09/By_Day/DA-LMP-SL-202609260100.csv,2026-09-26T17:31:45Z,
spp:SPPNORTH_HUB,lmp_dam,2026-09-26T20:00:00Z,34.7806,USD/MWh,PT1H,"US-AR,US-IA,US-KS,US-LA,US-MN,US-MO,US-MT,US-NE,US-NM,US-ND,US-OK,US-SD,US-TX,US-WY",spp_dam,SPPNORTH_HUB,spp:DA-LMP-SL,https://portal.spp.org/file-browser-api/download/da-lmp-by-settlement-location?path=/2026/09/By_Day/DA-LMP-SL-202609260100.csv,2026-09-26T17:31:45Z,
spp:SPPNORTH_HUB,lmp_dam,2026-09-26T21:00:00Z,39.0485,USD/MWh,PT1H,"US-AR,US-IA,US-KS,US-LA,US-MN,US-MO,US-MT,US-NE,US-NM,US-ND,US-OK,US-SD,US-TX,US-WY",spp_dam,SPPNORTH_HUB,spp:DA-LMP-SL,https://portal.spp.org/file-browser-api/download/da-lmp-by-settlement-location?path=/2026/09/By_Day/DA-LMP-SL-202609260100.csv,2026-09-26T17:31:45Z,
spp:SPPNORTH_HUB,lmp_dam,2026-09-26T22:00:00Z,54.3437,USD/MWh,PT1H,"US-AR,US-IA,US-KS,US-LA,US-MN,US-MO,US-MT,US-NE,US-NM,US-ND,US-OK,US-SD,US-TX,US-WY",spp_dam,SPPNORTH_HUB,spp:DA-LMP-SL,https://portal.spp.org/file-browser-api/download/da-lmp-by-settlement-location?path=/2026/09/By_Day/DA-LMP-SL-202609260100.csv,2026-09-26T17:31:45Z,
spp:SPPNORTH_HUB,lmp_dam,2026-09-26T23:00:00Z,66.5114,USD/MWh,PT1H,"US-AR,US-IA,US-KS,US-LA,US-MN,US-MO,US-MT,US-NE,US-NM,US-ND,US-OK,US-SD,US-TX,US-WY",spp_dam,SPPNORTH_HUB,spp:DA-LMP-SL,https://portal.spp.org/file-browser-api/download/da-lmp-by-settlement-location?path=/2026/09/By_Day/DA-LMP-SL-202609260100.csv,2026-09-26T17:31:45Z,
spp:SPPNORTH_HUB,lmp_dam,2026-09-27T00:00:00Z,49.6225,USD/MWh,PT1H,"US-AR,US-IA,US-KS,US-LA,US-MN,US-MO,US-MT,US-NE,US-NM,US-ND,US-OK,US-SD,US-TX,US-WY",spp_dam,SPPNORTH_HUB,spp:DA-LMP-SL,https://portal.spp.org/file-browser-api/download/da-lmp-by-settlement-location?path=/2026/09/By_Day/DA-LMP-SL-202609260100.csv,2026-09-26T17:31:45Z,
spp:SPPNORTH_HUB,lmp_dam,2026-09-27T01:00:00Z,34.7952,USD/MWh,PT1H,"US-AR,US-IA,US-KS,US-LA,US-MN,US-MO,US-MT,US-NE,US-NM,US-ND,US-OK,US-SD,US-TX,US-WY",spp_dam,SPPNORTH_HUB,spp:DA-LMP-SL,https://portal.spp.org/file-browser-api/download/da-lmp-by-settlement-location?path=/2026/09/By_Day/DA-LMP-SL-202609260100.csv,2026-09-26T17:31:45Z,
spp:SPPNORTH_HUB,lmp_dam,2026-09-27T02:00:00Z,27.6539,USD/MWh,PT1H,"US-AR,US-IA,US-KS,US-LA,US-MN,US-MO,US-MT,US-NE,US-NM,US-ND,US-OK,US-SD,US-TX,US-WY",spp_dam,SPPNORTH_HUB,spp:DA-LMP-SL,https://portal.spp.org/file-browser-api/download/da-lmp-by-settlement-location?path=/2026/09/By_Day/DA-LMP-SL-202609260100.csv,2026-09-26T17:31:45Z,
spp:SPPNORTH_HUB,lmp_dam,2026-09-27T03:00:00Z,24.6662,USD/MWh,PT1H,"US-AR,US-IA,US-KS,US-LA,US-MN,US-MO,US-MT,US-NE,US-NM,US-ND,US-OK,US-SD,US-TX,US-WY",spp_dam,SPPNORTH_HUB,spp:DA-LMP-SL,https://portal.spp.org/file-browser-api/download/da-lmp-by-settlement-location?path=/2026/09/By_Day/DA-LMP-SL-202609260100.csv,2026-09-26T17:31:45Z,
spp:SPPNORTH_HUB,lmp_dam,2026-09-27T04:00:00Z,23.1412,USD/MWh,PT1H,"US-AR,US-IA,US-KS,US-LA,US-MN,US-MO,US-MT,US-NE,US-NM,US-ND,US-OK,US-SD,US-TX,US-WY",spp_dam,SPPNORTH_HUB,spp:DA-LMP-SL,https://portal.spp.org/file-browser-api/download/da-lmp-by-settlement-location?path=/2026/09/By_Day/DA-LMP-SL-202609260100.csv,2026-09-26T17:31:45Z,
spp:SPPSOUTH_HUB,lmp_dam,2026-08-26T05:00:00Z,25.059,USD/MWh,PT1H,"US-AR,US-IA,US-KS,US-LA,US-MN,US-MO,US-MT,US-NE,US-NM,US-ND,US-OK,US-SD,US-TX,US-WY",spp_dam,SPPSOUTH_HUB,spp:DA-LMP-SL,https://portal.spp.org/file-browser-api/download/da-lmp-by-settlement-location?path=/2026/08/By_Day/DA-LMP-SL-202608260100.csv,2026-09-25T06:59:56Z,
spp:SPPSOUTH_HUB,lmp_dam,2026-08-26T06:00:00Z,23.3043,USD/MWh,PT1H,"US-AR,US-IA,US-KS,US-LA,US-MN,US-MO,US-MT,US-NE,US-NM,US-ND,US-OK,US-SD,US-TX,US-WY",spp_dam,SPPSOUTH_HUB,spp:DA-LMP-SL,https://portal.spp.org/file-browser-api/download/da-lmp-by-settlement-location?path=/2026/08/By_Day/DA-LMP-SL-202608260100.csv,2026-09-25T06:59:56Z,
spp:SPPSOUTH_HUB,lmp_dam,2026-08-26T07:00:00Z,22.9186,USD/MWh,PT1H,"US-AR,US-IA,US-KS,US-LA,US-MN,US-MO,US-MT,US-NE,US-NM,US-ND,US-OK,US-SD,US-TX,US-WY",spp_dam,SPPSOUTH_HUB,spp:DA-LMP-SL,https://portal.spp.org/file-browser-api/download/da-lmp-by-settlement-location?path=/2026/08/By_Day/DA-LMP-SL-202608260100.csv,2026-09-25T06:59:56Z,
spp:SPPSOUTH_HUB,lmp_dam,2026-08-26T08:00:00Z,22.6326,USD/MWh,PT1H,"US-AR,US-IA,US-KS,US-LA,US-MN,US-MO,US-MT,US-NE,US-NM,US-ND,US-OK,US-SD,US-TX,US-WY",spp_dam,SPPSOUTH_HUB,spp:DA-LMP-SL,https://portal.spp.org/file-browser-api/download/da-lmp-by-settlement-location?path=/2026/08/By_Day/DA-LMP-SL-202608260100.csv,2026-09-25T06:59:56Z,
spp:SPPSOUTH_HUB,lmp_dam,2026-08-26T09:00:00Z,22.7425,USD/MWh,PT1H,"US-AR,US-IA,US-KS,US-LA,US-MN,US-MO,US-MT,US-NE,US-NM,US-ND,US-OK,US-SD,US-TX,US-WY",spp_dam,SPPSOUTH_HUB,spp:DA-LMP-SL,https://portal.spp.org/file-browser-api/download/da-lmp-by-settlement-location?path=/2026/08/By_Day/DA-LMP-SL-202608260100.csv,2026-09-25T06:59:56Z,
spp:SPPSOUTH_HUB,lmp_dam,2026-08-26T10:00:00Z,25.2862,USD/MWh,PT1H,"US-AR,US-IA,US-KS,US-LA,US-MN,US-MO,US-MT,US-NE,US-NM,US-ND,US-OK,US-SD,US-TX,US-WY",spp_dam,SPPSOUTH_HUB,spp:DA-LMP-SL,https://portal.spp.org/file-browser-api/download/da-lmp-by-settlement-location?path=/2026/08/By_Day/DA-LMP-SL-202608260100.csv,2026-09-25T06:59:56Z,
spp:SPPSOUTH_HUB,lmp_dam,2026-08-26T11:00:00Z,27.1987,USD/MWh,PT1H,"US-AR,US-IA,US-KS,US-LA,US-MN,US-MO,US-MT,US-NE,US-NM,US-ND,US-OK,US-SD,US-TX,US-WY",spp_dam,SPPSOUTH_HUB,spp:DA-LMP-SL,https://portal.spp.org/file-browser-api/download/da-lmp-by-settlement-location?path=/2026/08/By_Day/DA-LMP-SL-202608260100.csv,2026-09-25T06:59:56Z,
spp:SPPSOUTH_HUB,lmp_dam,2026-08-26T12:00:00Z,26.067,USD/MWh,PT1H,"US-AR,US-IA,US-KS,US-LA,US-MN,US-MO,US-MT,US-NE,US-NM,US-ND,US-OK,US-SD,US-TX,US-WY",spp_dam,SPPSOUTH_HUB,spp:DA-LMP-SL,https://portal.spp.org/file-browser-api/download/da-lmp-by-settlement-location?path=/2026/08/By_Day/DA-LMP-SL-202608260100.csv,2026-09-25T06:59:56Z,
spp:SPPSOUTH_HUB,lmp_dam,2026-08-26T13:00:00Z,27.8233,USD/MWh,PT1H,"US-AR,US-IA,US-KS,US-LA,US-MN,US-MO,US-MT,US-NE,US-NM,US-ND,US-OK,US-SD,US-TX,US-WY",spp_dam,SPPSOUTH_HUB,spp:DA-LMP-SL,https://portal.spp.org/file-browser-api/download/da-lmp-by-settlement-location?path=/2026/08/By_Day/DA-LMP-SL-202608260100.csv,2026-09-25T06:59:56Z,
spp:SPPSOUTH_HUB,lmp_dam,2026-08-26T14:00:00Z,30.1903,USD/MWh,PT1H,"US-AR,US-IA,US-KS,US-LA,US-MN,US-MO,US-MT,US-NE,US-NM,US-ND,US-OK,US-SD,US-TX,US-WY",spp_dam,SPPSOUTH_HUB,spp:DA-LMP-SL,https://portal.spp.org/file-browser-api/download/da-lmp-by-settlement-location?path=/2026/08/By_Day/DA-LMP-SL-202608260100.csv,2026-09-25T06:59:56Z,
spp:SPPSOUTH_HUB,lmp_dam,2026-08-26T15:00:00Z,34.0554,USD/MWh,PT1H,"US-AR,US-IA,US-KS,US-LA,US-MN,US-MO,US-MT,US-NE,US-NM,US-ND,US-OK,US-SD,US-TX,US-WY",spp_dam,SPPSOUTH_HUB,spp:DA-LMP-SL,https://portal.spp.org/file-browser-api/download/da-lmp-by-settlement-location?path=/2026/08/By_Day/DA-LMP-SL-202608260100.csv,2026-09-25T06:59:56Z,
spp:SPPSOUTH_HUB,lmp_dam,2026-08-26T16:00:00Z,38.0251,USD/MWh,PT1H,"US-AR,US-IA,US-KS,US-LA,US-MN,US-MO,US-MT,US-NE,US-NM,US-ND,US-OK,US-SD,US-TX,US-WY",spp_dam,SPPSOUTH_HUB,spp:DA-LMP-SL,https://portal.spp.org/file-browser-api/download/da-lmp-by-settlement-location?path=/2026/08/By_Day/DA-LMP-SL-202608260100.csv,2026-09-25T06:59:56Z,
spp:SPPSOUTH_HUB,lmp_dam,2026-08-26T17:00:00Z,40.8056,USD/MWh,PT1H,"US-AR,US-IA,US-KS,US-LA,US-MN,US-MO,US-MT,US-NE,US-NM,US-ND,US-OK,US-SD,US-TX,US-WY",spp_dam,SPPSOUTH_HUB,spp:DA-LMP-SL,https://portal.spp.org/file-browser-api/download/da-lmp-by-settlement-location?path=/2026/08/By_Day/DA-LMP-SL-202608260100.csv,2026-09-25T06:59:56Z,
spp:SPPSOUTH_HUB,lmp_dam,2026-08-26T18:00:00Z,44.9104,USD/MWh,PT1H,"US-AR,US-IA,US-KS,US-LA,US-MN,US-MO,US-MT,US-NE,US-NM,US-ND,US-OK,US-SD,US-TX,US-WY",spp_dam,SPPSOUTH_HUB,spp:DA-LMP-SL,https://portal.spp.org/file-browser-api/download/da-lmp-by-settlement-location?path=/2026/08/By_Day/DA-LMP-SL-202608260100.csv,2026-09-25T06:59:56Z,
spp:SPPSOUTH_HUB,lmp_dam,2026-08-26T19:00:00Z,53.0254,USD/MWh,PT1H,"US-AR,US-IA,US-KS,US-LA,US-MN,US-MO,US-MT,US-NE,US-NM,US-ND,US-OK,US-SD,US-TX,US-WY",spp_dam,SPPSOUTH_HUB,spp:DA-LMP-SL,https://portal.spp.org/file-browser-api/download/da-lmp-by-settlement-location?path=/2026/08/By_Day/DA-LMP-SL-202608260100.csv,2026-09-25T06:59:56Z,
spp:SPPSOUTH_HUB,lmp_dam,2026-08-26T20:00:00Z,57.8957,USD/MWh,PT1H,"US-AR,US-IA,US-KS,US-LA,US-MN,US-MO,US-MT,US-NE,US-NM,US-ND,US-OK,US-SD,US-TX,US-WY",spp_dam,SPPSOUTH_HUB,spp:DA-LMP-SL,https://portal.spp.org/file-browser-api/download/da-lmp-by-settlement-location?path=/2026/08/By_Day/DA-LMP-SL-202608260100.csv,2026-09-25T06:59:56Z,
spp:SPPSOUTH_HUB,lmp_dam,2026-08-26T21:00:00Z,64.486,USD/MWh,PT1H,"US-AR,US-IA,US-KS,US-LA,US-MN,US-MO,US-MT,US-NE,US-NM,US-ND,US-OK,US-SD,US-TX,US-WY",spp_dam,SPPSOUTH_HUB,spp:DA-LMP-SL,https://portal.spp.org/file-browser-api/download/da-lmp-by-settlement-location?path=/2026/08/By_Day/DA-LMP-SL-202608260100.csv,2026-09-25T06:59:56Z,
spp:SPPSOUTH_HUB,lmp_dam,2026-08-26T22:00:00Z,70.3816,USD/MWh,PT1H,"US-AR,US-IA,US-KS,US-LA,US-MN,US-MO,US-MT,US-NE,US-NM,US-ND,US-OK,US-SD,US-TX,US-WY",spp_dam,SPPSOUTH_HUB,spp:DA-LMP-SL,https://portal.spp.org/file-browser-api/download/da-lmp-by-settlement-location?path=/2026/08/By_Day/DA-LMP-SL-202608260100.csv,2026-09-25T06:59:56Z,
spp:SPPSOUTH_HUB,lmp_dam,2026-08-26T23:00:00Z,71.9388,USD/MWh,PT1H,"US-AR,US-IA,US-KS,US-LA,US-MN,US-MO,US-MT,US-NE,US-NM,US-ND,US-OK,US-SD,US-TX,US-WY",spp_dam,SPPSOUTH_HUB,spp:DA-LMP-SL,https://portal.spp.org/file-browser-api/download/da-lmp-by-settlement-location?path=/2026/08/By_Day/DA-LMP-SL-202608260100.csv,2026-09-25T06:59:56Z,
spp:SPPSOUTH_HUB,lmp_dam,2026-08-27T00:00:00Z,66.6209,USD/MWh,PT1H,"US-AR,US-IA,US-KS,US-LA,US-MN,US-MO,US-MT,US-NE,US-NM,US-ND,US-OK,US-SD,US-TX,US-WY",spp_dam,SPPSOUTH_HUB,spp:DA-LMP-SL,https://portal.spp.org/file-browser-api/download/da-lmp-by-settlement-location?path=/2026/08/By_Day/DA-LMP-SL-202608260100.csv,2026-09-25T06:59:56Z,
spp:SPPSOUTH_HUB,lmp_dam,2026-08-27T01:00:00Z,48.8099,USD/MWh,PT1H,"US-AR,US-IA,US-KS,US-LA,US-MN,US-MO,US-MT,US-NE,US-NM,US-ND,US-OK,US-SD,US-TX,US-WY",spp_dam,SPPSOUTH_HUB,spp:DA-LMP-SL,https://portal.spp.org/file-browser-api/download/da-lmp-by-settlement-location?path=/2026/08/By_Day/DA-LMP-SL-202608260100.csv,2026-09-25T06:59:56Z,
spp:SPPSOUTH_HUB,lmp_dam,2026-08-27T02:00:00Z,39.5017,USD/MWh,PT1H,"US-AR,US-IA,US-KS,US-LA,US-MN,US-MO,US-MT,US-NE,US-NM,US-ND,US-OK,US-SD,US-TX,US-WY",spp_dam,SPPSOUTH_HUB,spp:DA-LMP-SL,https://portal.spp.org/file-browser-api/download/da-lmp-by-settlement-location?path=/2026/08/By_Day/DA-LMP-SL-202608260100.csv,2026-09-25T06:59:56Z,
spp:SPPSOUTH_HUB,lmp_dam,2026-08-27T03:00:00Z,33.593,USD/MWh,PT1H,"US-AR,US-IA,US-KS,US-LA,US-MN,US-MO,US-MT,US-NE,US-NM,US-ND,US-OK,US-SD,US-TX,US-WY",spp_dam,SPPSOUTH_HUB,spp:DA-LMP-SL,https://portal.spp.org/file-browser-api/download/da-lmp-by-settlement-location?path=/2026/08/By_Day/DA-LMP-SL-202608260100.csv,2026-09-25T06:59:56Z,
spp:SPPSOUTH_HUB,lmp_dam,2026-08-27T04:00:00Z,28.8845,USD/MWh,PT1H,"US-AR,US-IA,US-KS,US-LA,US-MN,US-MO,US-MT,US-NE,US-NM,US-ND,US-OK,US-SD,US-TX,US-WY",spp_dam,SPPSOUTH_HUB,spp:DA-LMP-SL,https://portal.spp.org/file-browser-api/download/da-lmp-by-settlement-location?path=/2026/08/By_Day/DA-LMP-SL-202608260100.csv,2026-09-25T06:59:56Z,
spp:SPPSOUTH_HUB,lmp_dam,2026-08-27T05:00:00Z,26.7788,USD/MWh,PT1H,"US-AR,US-IA,US-KS,US-LA,US-MN,US-MO,US-MT,US-NE,US-NM,US-ND,US-OK,US-SD,US-TX,US-WY",spp_dam,SPPSOUTH_HUB,spp:DA-LMP-SL,https://portal.spp.org/file-browser-api/download/da-lmp-by-settlement-location?path=/2026/08/By_Day/DA-LMP-SL-202608270100.csv,2026-09-25T06:59:58Z,
spp:SPPSOUTH_HUB,lmp_dam,2026-08-27T06:00:00Z,25.0791,USD/MWh,PT1H,"US-AR,US-IA,US-KS,US-LA,US-MN,US-MO,US-MT,US-NE,US-NM,US-ND,US-OK,US-SD,US-TX,US-WY",spp_dam,SPPSOUTH_HUB,spp:DA-LMP-SL,https://portal.spp.org/file-browser-api/download/da-lmp-by-settlement-location?path=/2026/08/By_Day/DA-LMP-SL-202608270100.csv,2026-09-25T06:59:58Z,
spp:SPPSOUTH_HUB,lmp_dam,2026-08-27T07:00:00Z,24.3304,USD/MWh,PT1H,"US-AR,US-IA,US-KS,US-LA,US-MN,US-MO,US-MT,US-NE,US-NM,US-ND,US-OK,US-SD,US-TX,US-WY",spp_dam,SPPSOUTH_HUB,spp:DA-LMP-SL,https://portal.spp.org/file-browser-api/download/da-lmp-by-settlement-location?path=/2026/08/By_Day/DA-LMP-SL-202608270100.csv,2026-09-25T06:59:58Z,
spp:SPPSOUTH_HUB,lmp_dam,2026-08-27T08:00:00Z,23.7274,USD/MWh,PT1H,"US-AR,US-IA,US-KS,US-LA,US-MN,US-MO,US-MT,US-NE,US-NM,US-ND,US-OK,US-SD,US-TX,US-WY",spp_dam,SPPSOUTH_HUB,spp:DA-LMP-SL,https://portal.spp.org/file-browser-api/download/da-lmp-by-settlement-location?path=/2026/08/By_Day/DA-LMP-SL-202608270100.csv,2026-09-25T06:59:58Z,
spp:SPPSOUTH_HUB,lmp_dam,2026-08-27T09:00:00Z,23.7029,USD/MWh,PT1H,"US-AR,US-IA,US-KS,US-LA,US-MN,US-MO,US-MT,US-NE,US-NM,US-ND,US-OK,US-SD,US-TX,US-WY",spp_dam,SPPSOUTH_HUB,spp:DA-LMP-SL,https://portal.spp.org/file-browser-api/download/da-lmp-by-settlement-location?path=/2026/08/By_Day/DA-LMP-SL-202608270100.csv,2026-09-25T06:59:58Z,
spp:SPPSOUTH_HUB,lmp_dam,2026-08-27T10:00:00Z,25.0255,USD/MWh,PT1H,"US-AR,US-IA,US-KS,US-LA,US-MN,US-MO,US-MT,US-NE,US-NM,US-ND,US-OK,US-SD,US-TX,US-WY",spp_dam,SPPSOUTH_HUB,spp:DA-LMP-SL,https://portal.spp.org/file-browser-api/download/da-lmp-by-settlement-location?path=/2026/08/By_Day/DA-LMP-SL-202608270100.csv,2026-09-25T06:59:58Z,
spp:SPPSOUTH_HUB,lmp_dam,2026-08-27T11:00:00Z,26.6172,USD/MWh,PT1H,"US-AR,US-IA,US-KS,US-LA,US-MN,US-MO,US-MT,US-NE,US-NM,US-ND,US-OK,US-SD,US-TX,US-WY",spp_dam,SPPSOUTH_HUB,spp:DA-LMP-SL,https://portal.spp.org/file-browser-api/download/da-lmp-by-settlement-location?path=/2026/08/By_Day/DA-LMP-SL-202608270100.csv,2026-09-25T06:59:58Z,
spp:SPPSOUTH_HUB,lmp_dam,2026-08-27T12:00:00Z,27.3401,USD/MWh,PT1H,"US-AR,US-IA,US-KS,US-LA,US-MN,US-MO,US-MT,US-NE,US-NM,US-ND,US-OK,US-SD,US-TX,US-WY",spp_dam,SPPSOUTH_HUB,spp:DA-LMP-SL,https://portal.spp.org/file-browser-api/download/da-lmp-by-settlement-location?path=/2026/08/By_Day/DA-LMP-SL-202608270100.csv,2026-09-25T06:59:58Z,
spp:SPPSOUTH_HUB,lmp_dam,2026-08-27T13:00:00Z,29.2614,USD/MWh,PT1H,"US-AR,US-IA,US-KS,US-LA,US-MN,US-MO,US-MT,US-NE,US-NM,US-ND,US-OK,US-SD,US-TX,US-WY",spp_dam,SPPSOUTH_HUB,spp:DA-LMP-SL,https://portal.spp.org/file-browser-api/download/da-lmp-by-settlement-location?path=/2026/08/By_Day/DA-LMP-SL-202608270100.csv,2026-09-25T06:59:58Z,
spp:SPPSOUTH_HUB,lmp_dam,2026-08-27T14:00:00Z,33.02,USD/MWh,PT1H,"US-AR,US-IA,US-KS,US-LA,US-MN,US-MO,US-MT,US-NE,US-NM,US-ND,US-OK,US-SD,US-TX,US-WY",spp_dam,SPPSOUTH_HUB,spp:DA-LMP-SL,https://portal.spp.org/file-browser-api/download/da-lmp-by-settlement-location?path=/2026/08/By_Day/DA-LMP-SL-202608270100.csv,2026-09-25T06:59:58Z,
spp:SPPSOUTH_HUB,lmp_dam,2026-08-27T15:00:00Z,36.6467,USD/MWh,PT1H,"US-AR,US-IA,US-KS,US-LA,US-MN,US-MO,US-MT,US-NE,US-NM,US-ND,US-OK,US-SD,US-TX,US-WY",spp_dam,SPPSOUTH_HUB,spp:DA-LMP-SL,https://portal.spp.org/file-browser-api/download/da-lmp-by-settlement-location?path=/2026/08/By_Day/DA-LMP-SL-202608270100.csv,2026-09-25T06:59:58Z,
spp:SPPSOUTH_HUB,lmp_dam,2026-08-27T16:00:00Z,39.7465,USD/MWh,PT1H,"US-AR,US-IA,US-KS,US-LA,US-MN,US-MO,US-MT,US-NE,US-NM,US-ND,US-OK,US-SD,US-TX,US-WY",spp_dam,SPPSOUTH_HUB,spp:DA-LMP-SL,https://portal.spp.org/file-browser-api/download/da-lmp-by-settlement-location?path=/2026/08/By_Day/DA-LMP-SL-202608270100.csv,2026-09-25T06:59:58Z,
spp:SPPSOUTH_HUB,lmp_dam,2026-08-27T17:00:00Z,43.7378,USD/MWh,PT1H,"US-AR,US-IA,US-KS,US-LA,US-MN,US-MO,US-MT,US-NE,US-NM,US-ND,US-OK,US-SD,US-TX,US-WY",spp_dam,SPPSOUTH_HUB,spp:DA-LMP-SL,https://portal.spp.org/file-browser-api/download/da-lmp-by-settlement-location?path=/2026/08/By_Day/DA-LMP-SL-202608270100.csv,2026-09-25T06:59:58Z,
spp:SPPSOUTH_HUB,lmp_dam,2026-08-27T18:00:00Z,47.2958,USD/MWh,PT1H,"US-AR,US-IA,US-KS,US-LA,US-MN,US-MO,US-MT,US-NE,US-NM,US-ND,US-OK,US-SD,US-TX,US-WY",spp_dam,SPPSOUTH_HUB,spp:DA-LMP-SL,https://portal.spp.org/file-browser-api/download/da-lmp-by-settlement-location?path=/2026/08/By_Day/DA-LMP-SL-202608270100.csv,2026-09-25T06:59:58Z,
spp:SPPSOUTH_HUB,lmp_dam,2026-08-27T19:00:00Z,52.2596,USD/MWh,PT1H,"US-AR,US-IA,US-KS,US-LA,US-MN,US-MO,US-MT,US-NE,US-NM,US-ND,US-OK,US-SD,US-TX,US-WY",spp_dam,SPPSOUTH_HUB,spp:DA-LMP-SL,https://portal.spp.org/file-browser-api/download/da-lmp-by-settlement-location?path=/2026/08/By_Day/DA-LMP-SL-202608270100.csv,2026-09-25T06:59:58Z,
spp:SPPSOUTH_HUB,lmp_dam,2026-08-27T20:00:00Z,57.0132,USD/MWh,PT1H,"US-AR,US-IA,US-KS,US-LA,US-MN,US-MO,US-MT,US-NE,US-NM,US-ND,US-OK,US-SD,US-TX,US-WY",spp_dam,SPPSOUTH_HUB,spp:DA-LMP-SL,https://portal.spp.org/file-browser-api/download/da-lmp-by-settlement-location?path=/2026/08/By_Day/DA-LMP-SL-202608270100.csv,2026-09-25T06:59:58Z,
spp:SPPSOUTH_HUB,lmp_dam,2026-08-27T21:00:00Z,63.7961,USD/MWh,PT1H,"US-AR,US-IA,US-KS,US-LA,US-MN,US-MO,US-MT,US-NE,US-NM,US-ND,US-OK,US-SD,US-TX,US-WY",spp_dam,SPPSOUTH_HUB,spp:DA-LMP-SL,https://portal.spp.org/file-browser-api/download/da-lmp-by-settlement-location?path=/2026/08/By_Day/DA-LMP-SL-202608270100.csv,2026-09-25T06:59:58Z,
spp:SPPSOUTH_HUB,lmp_dam,2026-08-27T22:00:00Z,66.3595,USD/MWh,PT1H,"US-AR,US-IA,US-KS,US-LA,US-MN,US-MO,US-MT,US-NE,US-NM,US-ND,US-OK,US-SD,US-TX,US-WY",spp_dam,SPPSOUTH_HUB,spp:DA-LMP-SL,https://portal.spp.org/file-browser-api/download/da-lmp-by-settlement-location?path=/2026/08/By_Day/DA-LMP-SL-202608270100.csv,2026-09-25T06:59:58Z,
spp:SPPSOUTH_HUB,lmp_dam,2026-08-27T23:00:00Z,76.5558,USD/MWh,PT1H,"US-AR,US-IA,US-KS,US-LA,US-MN,US-MO,US-MT,US-NE,US-NM,US-ND,US-OK,US-SD,US-TX,US-WY",spp_dam,SPPSOUTH_HUB,spp:DA-LMP-SL,https://portal.spp.org/file-browser-api/download/da-lmp-by-settlement-location?path=/2026/08/By_Day/DA-LMP-SL-202608270100.csv,2026-09-25T06:59:58Z,
spp:SPPSOUTH_HUB,lmp_dam,2026-08-28T00:00:00Z,59.0896,USD/MWh,PT1H,"US-AR,US-IA,US-KS,US-LA,US-MN,US-MO,US-MT,US-NE,US-NM,US-ND,US-OK,US-SD,US-TX,US-WY",spp_dam,SPPSOUTH_HUB,spp:DA-LMP-SL,https://portal.spp.org/file-browser-api/download/da-lmp-by-settlement-location?path=/2026/08/By_Day/DA-LMP-SL-202608270100.csv,2026-09-25T06:59:58Z,
spp:SPPSOUTH_HUB,lmp_dam,2026-08-28T01:00:00Z,40.0228,USD/MWh,PT1H,"US-AR,US-IA,US-KS,US-LA,US-MN,US-MO,US-MT,US-NE,US-NM,US-ND,US-OK,US-SD,US-TX,US-WY",spp_dam,SPPSOUTH_HUB,spp:DA-LMP-SL,https://portal.spp.org/file-browser-api/download/da-lmp-by-settlement-location?path=/2026/08/By_Day/DA-LMP-SL-202608270100.csv,2026-09-25T06:59:58Z,
spp:SPPSOUTH_HUB,lmp_dam,2026-08-28T02:00:00Z,32.2453,USD/MWh,PT1H,"US-AR,US-IA,US-KS,US-LA,US-MN,US-MO,US-MT,US-NE,US-NM,US-ND,US-OK,US-SD,US-TX,US-WY",spp_dam,SPPSOUTH_HUB,spp:DA-LMP-SL,https://portal.spp.org/file-browser-api/download/da-lmp-by-settlement-location?path=/2026/08/By_Day/DA-LMP-SL-202608270100.csv,2026-09-25T06:59:58Z,
spp:SPPSOUTH_HUB,lmp_dam,2026-08-28T03:00:00Z,26.6554,USD/MWh,PT1H,"US-AR,US-IA,US-KS,US-LA,US-MN,US-MO,US-MT,US-NE,US-NM,US-ND,US-OK,US-SD,US-TX,US-WY",spp_dam,SPPSOUTH_HUB,spp:DA-LMP-SL,https://portal.spp.org/file-browser-api/download/da-lmp-by-settlement-location?path=/2026/08/By_Day/DA-LMP-SL-202608270100.csv,2026-09-25T06:59:58Z,
spp:SPPSOUTH_HUB,lmp_dam,2026-08-28T04:00:00Z,25.1361,USD/MWh,PT1H,"US-AR,US-IA,US-KS,US-LA,US-MN,US-MO,US-MT,US-NE,US-NM,US-ND,US-OK,US-SD,US-TX,US-WY",spp_dam,SPPSOUTH_HUB,spp:DA-LMP-SL,https://portal.spp.org/file-browser-api/download/da-lmp-by-settlement-location?path=/2026/08/By_Day/DA-LMP-SL-202608270100.csv,2026-09-25T06:59:58Z,
spp:SPPSOUTH_HUB,lmp_dam,2026-08-28T05:00:00Z,22.9481,USD/MWh,PT1H,"US-AR,US-IA,US-KS,US-LA,US-MN,US-MO,US-MT,US-NE,US-NM,US-ND,US-OK,US-SD,US-TX,US-WY",spp_dam,SPPSOUTH_HUB,spp:DA-LMP-SL,https://portal.spp.org/file-browser-api/download/da-lmp-by-settlement-location?path=/2026/08/By_Day/DA-LMP-SL-202608280100.csv,2026-09-25T06:59:54Z,
spp:SPPSOUTH_HUB,lmp_dam,2026-08-28T06:00:00Z,21.3562,USD/MWh,PT1H,"US-AR,US-IA,US-KS,US-LA,US-MN,US-MO,US-MT,US-NE,US-NM,US-ND,US-OK,US-SD,US-TX,US-WY",spp_dam,SPPSOUTH_HUB,spp:DA-LMP-SL,https://portal.spp.org/file-browser-api/download/da-lmp-by-settlement-location?path=/2026/08/By_Day/DA-LMP-SL-202608280100.csv,2026-09-25T06:59:54Z,
spp:SPPSOUTH_HUB,lmp_dam,2026-08-28T07:00:00Z,20.5884,USD/MWh,PT1H,"US-AR,US-IA,US-KS,US-LA,US-MN,US-MO,US-MT,US-NE,US-NM,US-ND,US-OK,US-SD,US-TX,US-WY",spp_dam,SPPSOUTH_HUB,spp:DA-LMP-SL,https://portal.spp.org/file-browser-api/download/da-lmp-by-settlement-location?path=/2026/08/By_Day/DA-LMP-SL-202608280100.csv,2026-09-25T06:59:54Z,
spp:SPPSOUTH_HUB,lmp_dam,2026-08-28T08:00:00Z,20.3867,USD/MWh,PT1H,"US-AR,US-IA,US-KS,US-LA,US-MN,US-MO,US-MT,US-NE,US-NM,US-ND,US-OK,US-SD,US-TX,US-WY",spp_dam,SPPSOUTH_HUB,spp:DA-LMP-SL,https://portal.spp.org/file-browser-api/download/da-lmp-by-settlement-location?path=/2026/08/By_Day/DA-LMP-SL-202608280100.csv,2026-09-25T06:59:54Z,
spp:SPPSOUTH_HUB,lmp_dam,2026-08-28T09:00:00Z,20.5444,USD/MWh,PT1H,"US-AR,US-IA,US-KS,US-LA,US-MN,US-MO,US-MT,US-NE,US-NM,US-ND,US-OK,US-SD,US-TX,US-WY",spp_dam,SPPSOUTH_HUB,spp:DA-LMP-SL,https://portal.spp.org/file-browser-api/download/da-lmp-by-settlement-location?path=/2026/08/By_Day/DA-LMP-SL-202608280100.csv,2026-09-25T06:59:54Z,
spp:SPPSOUTH_HUB,lmp_dam,2026-08-28T10:00:00Z,21.9989,USD/MWh,PT1H,"US-AR,US-IA,US-KS,US-LA,US-MN,US-MO,US-MT,US-NE,US-NM,US-ND,US-OK,US-SD,US-TX,US-WY",spp_dam,SPPSOUTH_HUB,spp:DA-LMP-SL,https://portal.spp.org/file-browser-api/download/da-lmp-by-settlement-location?path=/2026/08/By_Day/DA-LMP-SL-202608280100.csv,2026-09-25T06:59:54Z,
spp:SPPSOUTH_HUB,lmp_dam,2026-08-28T11:00:00Z,23.3725,USD/MWh,PT1H,"US-AR,US-IA,US-KS,US-LA,US-MN,US-MO,US-MT,US-NE,US-NM,US-ND,US-OK,US-SD,US-TX,US-WY",spp_dam,SPPSOUTH_HUB,spp:DA-LMP-SL,https://portal.spp.org/file-browser-api/download/da-lmp-by-settlement-location?path=/2026/08/By_Day/DA-LMP-SL-202608280100.csv,2026-09-25T06:59:54Z,
spp:SPPSOUTH_HUB,lmp_dam,2026-08-28T12:00:00Z,24.2684,USD/MWh,PT1H,"US-AR,US-IA,US-KS,US-LA,US-MN,US-MO,US-MT,US-NE,US-NM,US-ND,US-OK,US-SD,US-TX,US-WY",spp_dam,SPPSOUTH_HUB,spp:DA-LMP-SL,https://portal.spp.org/file-browser-api/download/da-lmp-by-settlement-location?path=/2026/08/By_Day/DA-LMP-SL-202608280100.csv,2026-09-25T06:59:54Z,
spp:SPPSOUTH_HUB,lmp_dam,2026-08-28T13:00:00Z,25.7616,USD/MWh,PT1H,"US-AR,US-IA,US-KS,US-LA,US-MN,US-MO,US-MT,US-NE,US-NM,US-ND,US-OK,US-SD,US-TX,US-WY",spp_dam,SPPSOUTH_HUB,spp:DA-LMP-SL,https://portal.spp.org/file-browser-api/download/da-lmp-by-settlement-location?path=/2026/08/By_Day/DA-LMP-SL-202608280100.csv,2026-09-25T06:59:54Z,
spp:SPPSOUTH_HUB,lmp_dam,2026-08-28T14:00:00Z,28.0838,USD/MWh,PT1H,"US-AR,US-IA,US-KS,US-LA,US-MN,US-MO,US-MT,US-NE,US-NM,US-ND,US-OK,US-SD,US-TX,US-WY",spp_dam,SPPSOUTH_HUB,spp:DA-LMP-SL,https://portal.spp.org/file-browser-api/download/da-lmp-by-settlement-location?path=/2026/08/By_Day/DA-LMP-SL-202608280100.csv,2026-09-25T06:59:54Z,
spp:SPPSOUTH_HUB,lmp_dam,2026-08-28T15:00:00Z,29.242,USD/MWh,PT1H,"US-AR,US-IA,US-KS,US-LA,US-MN,US-MO,US-MT,US-NE,US-NM,US-ND,US-OK,US-SD,US-TX,US-WY",spp_dam,SPPSOUTH_HUB,spp:DA-LMP-SL,https://portal.spp.org/file-browser-api/download/da-lmp-by-settlement-location?path=/2026/08/By_Day/DA-LMP-SL-202608280100.csv,2026-09-25T06:59:54Z,
spp:SPPSOUTH_HUB,lmp_dam,2026-08-28T16:00:00Z,32.8511,USD/MWh,PT1H,"US-AR,US-IA,US-KS,US-LA,US-MN,US-MO,US-MT,US-NE,US-NM,US-ND,US-OK,US-SD,US-TX,US-WY",spp_dam,SPPSOUTH_HUB,spp:DA-LMP-SL,https://portal.spp.org/file-browser-api/download/da-lmp-by-settlement-location?path=/2026/08/By_Day/DA-LMP-SL-202608280100.csv,2026-09-25T06:59:54Z,
spp:SPPSOUTH_HUB,lmp_dam,2026-08-28T17:00:00Z,37.7663,USD/MWh,PT1H,"US-AR,US-IA,US-KS,US-LA,US-MN,US-MO,US-MT,US-NE,US-NM,US-ND,US-OK,US-SD,US-TX,US-WY",spp_dam,SPPSOUTH_HUB,spp:DA-LMP-SL,https://portal.spp.org/file-browser-api/download/da-lmp-by-settlement-location?path=/2026/08/By_Day/DA-LMP-SL-202608280100.csv,2026-09-25T06:59:54Z,
spp:SPPSOUTH_HUB,lmp_dam,2026-08-28T18:00:00Z,43.3634,USD/MWh,PT1H,"US-AR,US-IA,US-KS,US-LA,US-MN,US-MO,US-MT,US-NE,US-NM,US-ND,US-OK,US-SD,US-TX,US-WY",spp_dam,SPPSOUTH_HUB,spp:DA-LMP-SL,https://portal.spp.org/file-browser-api/download/da-lmp-by-settlement-location?path=/2026/08/By_Day/DA-LMP-SL-202608280100.csv,2026-09-25T06:59:54Z,
spp:SPPSOUTH_HUB,lmp_dam,2026-08-28T19:00:00Z,51.2047,USD/MWh,PT1H,"US-AR,US-IA,US-KS,US-LA,US-MN,US-MO,US-MT,US-NE,US-NM,US-ND,US-OK,US-SD,US-TX,US-WY",spp_dam,SPPSOUTH_HUB,spp:DA-LMP-SL,https://portal.spp.org/file-browser-api/download/da-lmp-by-settlement-location?path=/2026/08/By_Day/DA-LMP-SL-202608280100.csv,2026-09-25T06:59:54Z,
spp:SPPSOUTH_HUB,lmp_dam,2026-08-28T20:00:00Z,58.6988,USD/MWh,PT1H,"US-AR,US-IA,US-KS,US-LA,US-MN,US-MO,US-MT,US-NE,US-NM,US-ND,US-OK,US-SD,US-TX,US-WY",spp_dam,SPPSOUTH_HUB,spp:DA-LMP-SL,https://portal.spp.org/file-browser-api/download/da-lmp-by-settlement-location?path=/2026/08/By_Day/DA-LMP-SL-202608280100.csv,2026-09-25T06:59:54Z,
spp:SPPSOUTH_HUB,lmp_dam,2026-08-28T21:00:00Z,69.6118,USD/MWh,PT1H,"US-AR,US-IA,US-KS,US-LA,US-MN,US-MO,US-MT,US-NE,US-NM,US-ND,US-OK,US-SD,US-TX,US-WY",spp_dam,SPPSOUTH_HUB,spp:DA-LMP-SL,https://portal.spp.org/file-browser-api/download/da-lmp-by-settlement-location?path=/2026/08/By_Day/DA-LMP-SL-202608280100.csv,2026-09-25T06:59:54Z,
spp:SPPSOUTH_HUB,lmp_dam,2026-08-28T22:00:00Z,63.3817,USD/MWh,PT1H,"US-AR,US-IA,US-KS,US-LA,US-MN,US-MO,US-MT,US-NE,US-NM,US-ND,US-OK,US-SD,US-TX,US-WY",spp_dam,SPPSOUTH_HUB,spp:DA-LMP-SL,https://portal.spp.org/file-browser-api/download/da-lmp-by-settlement-location?path=/2026/08/By_Day/DA-LMP-SL-202608280100.csv,2026-09-25T06:59:54Z,
spp:SPPSOUTH_HUB,lmp_dam,2026-08-28T23:00:00Z,60.2718,USD/MWh,PT1H,"US-AR,US-IA,US-KS,US-LA,US-MN,US-MO,US-MT,US-NE,US-NM,US-ND,US-OK,US-SD,US-TX,US-WY",spp_dam,SPPSOUTH_HUB,spp:DA-LMP-SL,https://portal.spp.org/file-browser-api/download/da-lmp-by-settlement-location?path=/2026/08/By_Day/DA-LMP-SL-202608280100.csv,2026-09-25T06:59:54Z,
spp:SPPSOUTH_HUB,lmp_dam,2026-08-29T00:00:00Z,49.6368,USD/MWh,PT1H,"US-AR,US-IA,US-KS,US-LA,US-MN,US-MO,US-MT,US-NE,US-NM,US-ND,US-OK,US-SD,US-TX,US-WY",spp_dam,SPPSOUTH_HUB,spp:DA-LMP-SL,https://portal.spp.org/file-browser-api/download/da-lmp-by-settlement-location?path=/2026/08/By_Day/DA-LMP-SL-202608280100.csv,2026-09-25T06:59:54Z,
spp:SPPSOUTH_HUB,lmp_dam,2026-08-29T01:00:00Z,38.7095,USD/MWh,PT1H,"US-AR,US-IA,US-KS,US-LA,US-MN,US-MO,US-MT,US-NE,US-NM,US-ND,US-OK,US-SD,US-TX,US-WY",spp_dam,SPPSOUTH_HUB,spp:DA-LMP-SL,https://portal.spp.org/file-browser-api/download/da-lmp-by-settlement-location?path=/2026/08/By_Day/DA-LMP-SL-202608280100.csv,2026-09-25T06:59:54Z,
spp:SPPSOUTH_HUB,lmp_dam,2026-08-29T02:00:00Z,30.697,USD/MWh,PT1H,"US-AR,US-IA,US-KS,US-LA,US-MN,US-MO,US-MT,US-NE,US-NM,US-ND,US-OK,US-SD,US-TX,US-WY",spp_dam,SPPSOUTH_HUB,spp:DA-LMP-SL,https://portal.spp.org/file-browser-api/download/da-lmp-by-settlement-location?path=/2026/08/By_Day/DA-LMP-SL-202608280100.csv,2026-09-25T06:59:54Z,
spp:SPPSOUTH_HUB,lmp_dam,2026-08-29T03:00:00Z,24.7567,USD/MWh,PT1H,"US-AR,US-IA,US-KS,US-LA,US-MN,US-MO,US-MT,US-NE,US-NM,US-ND,US-OK,US-SD,US-TX,US-WY",spp_dam,SPPSOUTH_HUB,spp:DA-LMP-SL,https://portal.spp.org/file-browser-api/download/da-lmp-by-settlement-location?path=/2026/08/By_Day/DA-LMP-SL-202608280100.csv,2026-09-25T06:59:54Z,
spp:SPPSOUTH_HUB,lmp_dam,2026-08-29T04:00:00Z,13.0608,USD/MWh,PT1H,"US-AR,US-IA,US-KS,US-LA,US-MN,US-MO,US-MT,US-NE,US-NM,US-ND,US-OK,US-SD,US-TX,US-WY",spp_dam,SPPSOUTH_HUB,spp:DA-LMP-SL,https://portal.spp.org/file-browser-api/download/da-lmp-by-settlement-location?path=/2026/08/By_Day/DA-LMP-SL-202608280100.csv,2026-09-25T06:59:54Z,
spp:SPPSOUTH_HUB,lmp_dam,2026-08-29T05:00:00Z,7.7915,USD/MWh,PT1H,"US-AR,US-IA,US-KS,US-LA,US-MN,US-MO,US-MT,US-NE,US-NM,US-ND,US-OK,US-SD,US-TX,US-WY",spp_dam,SPPSOUTH_HUB,spp:DA-LMP-SL,https://portal.spp.org/file-browser-api/download/da-lmp-by-settlement-location?path=/2026/08/By_Day/DA-LMP-SL-202608290100.csv,2026-09-25T06:59:53Z,
spp:SPPSOUTH_HUB,lmp_dam,2026-08-29T06:00:00Z,2.9987,USD/MWh,PT1H,"US-AR,US-IA,US-KS,US-LA,US-MN,US-MO,US-MT,US-NE,US-NM,US-ND,US-OK,US-SD,US-TX,US-WY",spp_dam,SPPSOUTH_HUB,spp:DA-LMP-SL,https://portal.spp.org/file-browser-api/download/da-lmp-by-settlement-location?path=/2026/08/By_Day/DA-LMP-SL-202608290100.csv,2026-09-25T06:59:53Z,
spp:SPPSOUTH_HUB,lmp_dam,2026-08-29T07:00:00Z,0.2648,USD/MWh,PT1H,"US-AR,US-IA,US-KS,US-LA,US-MN,US-MO,US-MT,US-NE,US-NM,US-ND,US-OK,US-SD,US-TX,US-WY",spp_dam,SPPSOUTH_HUB,spp:DA-LMP-SL,https://portal.spp.org/file-browser-api/download/da-lmp-by-settlement-location?path=/2026/08/By_Day/DA-LMP-SL-202608290100.csv,2026-09-25T06:59:53Z,
spp:SPPSOUTH_HUB,lmp_dam,2026-08-29T08:00:00Z,-0.8438,USD/MWh,PT1H,"US-AR,US-IA,US-KS,US-LA,US-MN,US-MO,US-MT,US-NE,US-NM,US-ND,US-OK,US-SD,US-TX,US-WY",spp_dam,SPPSOUTH_HUB,spp:DA-LMP-SL,https://portal.spp.org/file-browser-api/download/da-lmp-by-settlement-location?path=/2026/08/By_Day/DA-LMP-SL-202608290100.csv,2026-09-25T06:59:53Z,
spp:SPPSOUTH_HUB,lmp_dam,2026-08-29T09:00:00Z,-1.6107,USD/MWh,PT1H,"US-AR,US-IA,US-KS,US-LA,US-MN,US-MO,US-MT,US-NE,US-NM,US-ND,US-OK,US-SD,US-TX,US-WY",spp_dam,SPPSOUTH_HUB,spp:DA-LMP-SL,https://portal.spp.org/file-browser-api/download/da-lmp-by-settlement-location?path=/2026/08/By_Day/DA-LMP-SL-202608290100.csv,2026-09-25T06:59:53Z,
spp:SPPSOUTH_HUB,lmp_dam,2026-08-29T10:00:00Z,0.5745,USD/MWh,PT1H,"US-AR,US-IA,US-KS,US-LA,US-MN,US-MO,US-MT,US-NE,US-NM,US-ND,US-OK,US-SD,US-TX,US-WY",spp_dam,SPPSOUTH_HUB,spp:DA-LMP-SL,https://portal.spp.org/file-browser-api/download/da-lmp-by-settlement-location?path=/2026/08/By_Day/DA-LMP-SL-202608290100.csv,2026-09-25T06:59:53Z,
spp:SPPSOUTH_HUB,lmp_dam,2026-08-29T11:00:00Z,1.9033,USD/MWh,PT1H,"US-AR,US-IA,US-KS,US-LA,US-MN,US-MO,US-MT,US-NE,US-NM,US-ND,US-OK,US-SD,US-TX,US-WY",spp_dam,SPPSOUTH_HUB,spp:DA-LMP-SL,https://portal.spp.org/file-browser-api/download/da-lmp-by-settlement-location?path=/2026/08/By_Day/DA-LMP-SL-202608290100.csv,2026-09-25T06:59:53Z,
spp:SPPSOUTH_HUB,lmp_dam,2026-08-29T12:00:00Z,4.052,USD/MWh,PT1H,"US-AR,US-IA,US-KS,US-LA,US-MN,US-MO,US-MT,US-NE,US-NM,US-ND,US-OK,US-SD,US-TX,US-WY",spp_dam,SPPSOUTH_HUB,spp:DA-LMP-SL,https://portal.spp.org/file-browser-api/download/da-lmp-by-settlement-location?path=/2026/08/By_Day/DA-LMP-SL-202608290100.csv,2026-09-25T06:59:53Z,
spp:SPPSOUTH_HUB,lmp_dam,2026-08-29T13:00:00Z,12.3507,USD/MWh,PT1H,"US-AR,US-IA,US-KS,US-LA,US-MN,US-MO,US-MT,US-NE,US-NM,US-ND,US-OK,US-SD,US-TX,US-WY",spp_dam,SPPSOUTH_HUB,spp:DA-LMP-SL,https://portal.spp.org/file-browser-api/download/da-lmp-by-settlement-location?path=/2026/08/By_Day/DA-LMP-SL-202608290100.csv,2026-09-25T06:59:53Z,
spp:SPPSOUTH_HUB,lmp_dam,2026-08-29T14:00:00Z,22.8686,USD/MWh,PT1H,"US-AR,US-IA,US-KS,US-LA,US-MN,US-MO,US-MT,US-NE,US-NM,US-ND,US-OK,US-SD,US-TX,US-WY",spp_dam,SPPSOUTH_HUB,spp:DA-LMP-SL,https://portal.spp.org/file-browser-api/download/da-lmp-by-settlement-location?path=/2026/08/By_Day/DA-LMP-SL-202608290100.csv,2026-09-25T06:59:53Z,
spp:SPPSOUTH_HUB,lmp_dam,2026-08-29T15:00:00Z,21.5769,USD/MWh,PT1H,"US-AR,US-IA,US-KS,US-LA,US-MN,US-MO,US-MT,US-NE,US-NM,US-ND,US-OK,US-SD,US-TX,US-WY",spp_dam,SPPSOUTH_HUB,spp:DA-LMP-SL,https://portal.spp.org/file-browser-api/download/da-lmp-by-settlement-location?path=/2026/08/By_Day/DA-LMP-SL-202608290100.csv,2026-09-25T06:59:53Z,
spp:SPPSOUTH_HUB,lmp_dam,2026-08-29T16:00:00Z,28.7176,USD/MWh,PT1H,"US-AR,US-IA,US-KS,US-LA,US-MN,US-MO,US-MT,US-NE,US-NM,US-ND,US-OK,US-SD,US-TX,US-WY",spp_dam,SPPSOUTH_HUB,spp:DA-LMP-SL,https://portal.spp.org/file-browser-api/download/da-lmp-by-settlement-location?path=/2026/08/By_Day/DA-LMP-SL-202608290100.csv,2026-09-25T06:59:53Z,
spp:SPPSOUTH_HUB,lmp_dam,2026-08-29T17:00:00Z,37.1594,USD/MWh,PT1H,"US-AR,US-IA,US-KS,US-LA,US-MN,US-MO,US-MT,US-NE,US-NM,US-ND,US-OK,US-SD,US-TX,US-WY",spp_dam,SPPSOUTH_HUB,spp:DA-LMP-SL,https://portal.spp.org/file-browser-api/download/da-lmp-by-settlement-location?path=/2026/08/By_Day/DA-LMP-SL-202608290100.csv,2026-09-25T06:59:53Z,
spp:SPPSOUTH_HUB,lmp_dam,2026-08-29T18:00:00Z,51.46,USD/MWh,PT1H,"US-AR,US-IA,US-KS,US-LA,US-MN,US-MO,US-MT,US-NE,US-NM,US-ND,US-OK,US-SD,US-TX,US-WY",spp_dam,SPPSOUTH_HUB,spp:DA-LMP-SL,https://portal.spp.org/file-browser-api/download/da-lmp-by-settlement-location?path=/2026/08/By_Day/DA-LMP-SL-202608290100.csv,2026-09-25T06:59:53Z,
spp:SPPSOUTH_HUB,lmp_dam,2026-08-29T19:00:00Z,75.2107,USD/MWh,PT1H,"US-AR,US-IA,US-KS,US-LA,US-MN,US-MO,US-MT,US-NE,US-NM,US-ND,US-OK,US-SD,US-TX,US-WY",spp_dam,SPPSOUTH_HUB,spp:DA-LMP-SL,https://portal.spp.org/file-browser-api/download/da-lmp-by-settlement-location?path=/2026/08/By_Day/DA-LMP-SL-202608290100.csv,2026-09-25T06:59:53Z,
spp:SPPSOUTH_HUB,lmp_dam,2026-08-29T20:00:00Z,95.23,USD/MWh,PT1H,"US-AR,US-IA,US-KS,US-LA,US-MN,US-MO,US-MT,US-NE,US-NM,US-ND,US-OK,US-SD,US-TX,US-WY",spp_dam,SPPSOUTH_HUB,spp:DA-LMP-SL,https://portal.spp.org/file-browser-api/download/da-lmp-by-settlement-location?path=/2026/08/By_Day/DA-LMP-SL-202608290100.csv,2026-09-25T06:59:53Z,
spp:SPPSOUTH_HUB,lmp_dam,2026-08-29T21:00:00Z,100.0,USD/MWh,PT1H,"US-AR,US-IA,US-KS,US-LA,US-MN,US-MO,US-MT,US-NE,US-NM,US-ND,US-OK,US-SD,US-TX,US-WY",spp_dam,SPPSOUTH_HUB,spp:DA-LMP-SL,https://portal.spp.org/file-browser-api/download/da-lmp-by-settlement-location?path=/2026/08/By_Day/DA-LMP-SL-202608290100.csv,2026-09-25T06:59:53Z,
spp:SPPSOUTH_HUB,lmp_dam,2026-08-29T22:00:00Z,100.0,USD/MWh,PT1H,"US-AR,US-IA,US-KS,US-LA,US-MN,US-MO,US-MT,US-NE,US-NM,US-ND,US-OK,US-SD,US-TX,US-WY",spp_dam,SPPSOUTH_HUB,spp:DA-LMP-SL,https://portal.spp.org/file-browser-api/download/da-lmp-by-settlement-location?path=/2026/08/By_Day/DA-LMP-SL-202608290100.csv,2026-09-25T06:59:53Z,
spp:SPPSOUTH_HUB,lmp_dam,2026-08-29T23:00:00Z,92.314,USD/MWh,PT1H,"US-AR,US-IA,US-KS,US-LA,US-MN,US-MO,US-MT,US-NE,US-NM,US-ND,US-OK,US-SD,US-TX,US-WY",spp_dam,SPPSOUTH_HUB,spp:DA-LMP-SL,https://portal.spp.org/file-browser-api/download/da-lmp-by-settlement-location?path=/2026/08/By_Day/DA-LMP-SL-202608290100.csv,2026-09-25T06:59:53Z,
spp:SPPSOUTH_HUB,lmp_dam,2026-08-30T00:00:00Z,64.5624,USD/MWh,PT1H,"US-AR,US-IA,US-KS,US-LA,US-MN,US-MO,US-MT,US-NE,US-NM,US-ND,US-OK,US-SD,US-TX,US-WY",spp_dam,SPPSOUTH_HUB,spp:DA-LMP-SL,https://portal.spp.org/file-browser-api/download/da-lmp-by-settlement-location?path=/2026/08/By_Day/DA-LMP-SL-202608290100.csv,2026-09-25T06:59:53Z,
spp:SPPSOUTH_HUB,lmp_dam,2026-08-30T01:00:00Z,38.2536,USD/MWh,PT1H,"US-AR,US-IA,US-KS,US-LA,US-MN,US-MO,US-MT,US-NE,US-NM,US-ND,US-OK,US-SD,US-TX,US-WY",spp_dam,SPPSOUTH_HUB,spp:DA-LMP-SL,https://portal.spp.org/file-browser-api/download/da-lmp-by-settlement-location?path=/2026/08/By_Day/DA-LMP-SL-202608290100.csv,2026-09-25T06:59:53Z,
spp:SPPSOUTH_HUB,lmp_dam,2026-08-30T02:00:00Z,30.6925,USD/MWh,PT1H,"US-AR,US-IA,US-KS,US-LA,US-MN,US-MO,US-MT,US-NE,US-NM,US-ND,US-OK,US-SD,US-TX,US-WY",spp_dam,SPPSOUTH_HUB,spp:DA-LMP-SL,https://portal.spp.org/file-browser-api/download/da-lmp-by-settlement-location?path=/2026/08/By_Day/DA-LMP-SL-202608290100.csv,2026-09-25T06:59:53Z,
spp:SPPSOUTH_HUB,lmp_dam,2026-08-30T03:00:00Z,20.8147,USD/MWh,PT1H,"US-AR,US-IA,US-KS,US-LA,US-MN,US-MO,US-MT,US-NE,US-NM,US-ND,US-OK,US-SD,US-TX,US-WY",spp_dam,SPPSOUTH_HUB,spp:DA-LMP-SL,https://portal.spp.org/file-browser-api/download/da-lmp-by-settlement-location?path=/2026/08/By_Day/DA-LMP-SL-202608290100.csv,2026-09-25T06:59:53Z,
spp:SPPSOUTH_HUB,lmp_dam,2026-08-30T04:00:00Z,11.0532,USD/MWh,PT1H,"US-AR,US-IA,US-KS,US-LA,US-MN,US-MO,US-MT,US-NE,US-NM,US-ND,US-OK,US-SD,US-TX,US-WY",spp_dam,SPPSOUTH_HUB,spp:DA-LMP-SL,https://portal.spp.org/file-browser-api/download/da-lmp-by-settlement-location?path=/2026/08/By_Day/DA-LMP-SL-202608290100.csv,2026-09-25T06:59:53Z,
spp:SPPSOUTH_HUB,lmp_dam,2026-08-30T05:00:00Z,3.1967,USD/MWh,PT1H,"US-AR,US-IA,US-KS,US-LA,US-MN,US-MO,US-MT,US-NE,US-NM,US-ND,US-OK,US-SD,US-TX,US-WY",spp_dam,SPPSOUTH_HUB,spp:DA-LMP-SL,https://portal.spp.org/file-browser-api/download/da-lmp-by-settlement-location?path=/2026/08/By_Day/DA-LMP-SL-202608300100.csv,2026-09-25T06:59:57Z,
spp:SPPSOUTH_HUB,lmp_dam,2026-08-30T06:00:00Z,0.3203,USD/MWh,PT1H,"US-AR,US-IA,US-KS,US-LA,US-MN,US-MO,US-MT,US-NE,US-NM,US-ND,US-OK,US-SD,US-TX,US-WY",spp_dam,SPPSOUTH_HUB,spp:DA-LMP-SL,https://portal.spp.org/file-browser-api/download/da-lmp-by-settlement-location?path=/2026/08/By_Day/DA-LMP-SL-202608300100.csv,2026-09-25T06:59:57Z,
spp:SPPSOUTH_HUB,lmp_dam,2026-08-30T07:00:00Z,-0.3389,USD/MWh,PT1H,"US-AR,US-IA,US-KS,US-LA,US-MN,US-MO,US-MT,US-NE,US-NM,US-ND,US-OK,US-SD,US-TX,US-WY",spp_dam,SPPSOUTH_HUB,spp:DA-LMP-SL,https://portal.spp.org/file-browser-api/download/da-lmp-by-settlement-location?path=/2026/08/By_Day/DA-LMP-SL-202608300100.csv,2026-09-25T06:59:57Z,
spp:SPPSOUTH_HUB,lmp_dam,2026-08-30T08:00:00Z,-0.4424,USD/MWh,PT1H,"US-AR,US-IA,US-KS,US-LA,US-MN,US-MO,US-MT,US-NE,US-NM,US-ND,US-OK,US-SD,US-TX,US-WY",spp_dam,SPPSOUTH_HUB,spp:DA-LMP-SL,https://portal.spp.org/file-browser-api/download/da-lmp-by-settlement-location?path=/2026/08/By_Day/DA-LMP-SL-202608300100.csv,2026-09-25T06:59:57Z,
spp:SPPSOUTH_HUB,lmp_dam,2026-08-30T09:00:00Z,-0.654,USD/MWh,PT1H,"US-AR,US-IA,US-KS,US-LA,US-MN,US-MO,US-MT,US-NE,US-NM,US-ND,US-OK,US-SD,US-TX,US-WY",spp_dam,SPPSOUTH_HUB,spp:DA-LMP-SL,https://portal.spp.org/file-browser-api/download/da-lmp-by-settlement-location?path=/2026/08/By_Day/DA-LMP-SL-202608300100.csv,2026-09-25T06:59:57Z,
spp:SPPSOUTH_HUB,lmp_dam,2026-08-30T10:00:00Z,1.0516,USD/MWh,PT1H,"US-AR,US-IA,US-KS,US-LA,US-MN,US-MO,US-MT,US-NE,US-NM,US-ND,US-OK,US-SD,US-TX,US-WY",spp_dam,SPPSOUTH_HUB,spp:DA-LMP-SL,https://portal.spp.org/file-browser-api/download/da-lmp-by-settlement-location?path=/2026/08/By_Day/DA-LMP-SL-202608300100.csv,2026-09-25T06:59:57Z,
spp:SPPSOUTH_HUB,lmp_dam,2026-08-30T11:00:00Z,3.6657,USD/MWh,PT1H,"US-AR,US-IA,US-KS,US-LA,US-MN,US-MO,US-MT,US-NE,US-NM,US-ND,US-OK,US-SD,US-TX,US-WY",spp_dam,SPPSOUTH_HUB,spp:DA-LMP-SL,https://portal.spp.org/file-browser-api/download/da-lmp-by-settlement-location?path=/2026/08/By_Day/DA-LMP-SL-202608300100.csv,2026-09-25T06:59:57Z,
spp:SPPSOUTH_HUB,lmp_dam,2026-08-30T12:00:00Z,5.2577,USD/MWh,PT1H,"US-AR,US-IA,US-KS,US-LA,US-MN,US-MO,US-MT,US-NE,US-NM,US-ND,US-OK,US-SD,US-TX,US-WY",spp_dam,SPPSOUTH_HUB,spp:DA-LMP-SL,https://portal.spp.org/file-browser-api/download/da-lmp-by-settlement-location?path=/2026/08/By_Day/DA-LMP-SL-202608300100.csv,2026-09-25T06:59:57Z,
spp:SPPSOUTH_HUB,lmp_dam,2026-08-30T13:00:00Z,12.7504,USD/MWh,PT1H,"US-AR,US-IA,US-KS,US-LA,US-MN,US-MO,US-MT,US-NE,US-NM,US-ND,US-OK,US-SD,US-TX,US-WY",spp_dam,SPPSOUTH_HUB,spp:DA-LMP-SL,https://portal.spp.org/file-browser-api/download/da-lmp-by-settlement-location?path=/2026/08/By_Day/DA-LMP-SL-202608300100.csv,2026-09-25T06:59:57Z,
spp:SPPSOUTH_HUB,lmp_dam,2026-08-30T14:00:00Z,20.8337,USD/MWh,PT1H,"US-AR,US-IA,US-KS,US-LA,US-MN,US-MO,US-MT,US-NE,US-NM,US-ND,US-OK,US-SD,US-TX,US-WY",spp_dam,SPPSOUTH_HUB,spp:DA-LMP-SL,https://portal.spp.org/file-browser-api/download/da-lmp-by-settlement-location?path=/2026/08/By_Day/DA-LMP-SL-202608300100.csv,2026-09-25T06:59:57Z,
spp:SPPSOUTH_HUB,lmp_dam,2026-08-30T15:00:00Z,22.9114,USD/MWh,PT1H,"US-AR,US-IA,US-KS,US-LA,US-MN,US-MO,US-MT,US-NE,US-NM,US-ND,US-OK,US-SD,US-TX,US-WY",spp_dam,SPPSOUTH_HUB,spp:DA-LMP-SL,https://portal.spp.org/file-browser-api/download/da-lmp-by-settlement-location?path=/2026/08/By_Day/DA-LMP-SL-202608300100.csv,2026-09-25T06:59:57Z,
spp:SPPSOUTH_HUB,lmp_dam,2026-08-30T16:00:00Z,25.9488,USD/MWh,PT1H,"US-AR,US-IA,US-KS,US-LA,US-MN,US-MO,US-MT,US-NE,US-NM,US-ND,US-OK,US-SD,US-TX,US-WY",spp_dam,SPPSOUTH_HUB,spp:DA-LMP-SL,https://portal.spp.org/file-browser-api/download/da-lmp-by-settlement-location?path=/2026/08/By_Day/DA-LMP-SL-202608300100.csv,2026-09-25T06:59:57Z,
spp:SPPSOUTH_HUB,lmp_dam,2026-08-30T17:00:00Z,40.8865,USD/MWh,PT1H,"US-AR,US-IA,US-KS,US-LA,US-MN,US-MO,US-MT,US-NE,US-NM,US-ND,US-OK,US-SD,US-TX,US-WY",spp_dam,SPPSOUTH_HUB,spp:DA-LMP-SL,https://portal.spp.org/file-browser-api/download/da-lmp-by-settlement-location?path=/2026/08/By_Day/DA-LMP-SL-202608300100.csv,2026-09-25T06:59:57Z,
spp:SPPSOUTH_HUB,lmp_dam,2026-08-30T18:00:00Z,57.33,USD/MWh,PT1H,"US-AR,US-IA,US-KS,US-LA,US-MN,US-MO,US-MT,US-NE,US-NM,US-ND,US-OK,US-SD,US-TX,US-WY",spp_dam,SPPSOUTH_HUB,spp:DA-LMP-SL,https://portal.spp.org/file-browser-api/download/da-lmp-by-settlement-location?path=/2026/08/By_Day/DA-LMP-SL-202608300100.csv,2026-09-25T06:59:57Z,
spp:SPPSOUTH_HUB,lmp_dam,2026-08-30T19:00:00Z,82.7722,USD/MWh,PT1H,"US-AR,US-IA,US-KS,US-LA,US-MN,US-MO,US-MT,US-NE,US-NM,US-ND,US-OK,US-SD,US-TX,US-WY",spp_dam,SPPSOUTH_HUB,spp:DA-LMP-SL,https://portal.spp.org/file-browser-api/download/da-lmp-by-settlement-location?path=/2026/08/By_Day/DA-LMP-SL-202608300100.csv,2026-09-25T06:59:57Z,
spp:SPPSOUTH_HUB,lmp_dam,2026-08-30T20:00:00Z,102.4506,USD/MWh,PT1H,"US-AR,US-IA,US-KS,US-LA,US-MN,US-MO,US-MT,US-NE,US-NM,US-ND,US-OK,US-SD,US-TX,US-WY",spp_dam,SPPSOUTH_HUB,spp:DA-LMP-SL,https://portal.spp.org/file-browser-api/download/da-lmp-by-settlement-location?path=/2026/08/By_Day/DA-LMP-SL-202608300100.csv,2026-09-25T06:59:57Z,
spp:SPPSOUTH_HUB,lmp_dam,2026-08-30T21:00:00Z,116.7897,USD/MWh,PT1H,"US-AR,US-IA,US-KS,US-LA,US-MN,US-MO,US-MT,US-NE,US-NM,US-ND,US-OK,US-SD,US-TX,US-WY",spp_dam,SPPSOUTH_HUB,spp:DA-LMP-SL,https://portal.spp.org/file-browser-api/download/da-lmp-by-settlement-location?path=/2026/08/By_Day/DA-LMP-SL-202608300100.csv,2026-09-25T06:59:57Z,
spp:SPPSOUTH_HUB,lmp_dam,2026-08-30T22:00:00Z,119.9,USD/MWh,PT1H,"US-AR,US-IA,US-KS,US-LA,US-MN,US-MO,US-MT,US-NE,US-NM,US-ND,US-OK,US-SD,US-TX,US-WY",spp_dam,SPPSOUTH_HUB,spp:DA-LMP-SL,https://portal.spp.org/file-browser-api/download/da-lmp-by-settlement-location?path=/2026/08/By_Day/DA-LMP-SL-202608300100.csv,2026-09-25T06:59:57Z,
spp:SPPSOUTH_HUB,lmp_dam,2026-08-30T23:00:00Z,118.3569,USD/MWh,PT1H,"US-AR,US-IA,US-KS,US-LA,US-MN,US-MO,US-MT,US-NE,US-NM,US-ND,US-OK,US-SD,US-TX,US-WY",spp_dam,SPPSOUTH_HUB,spp:DA-LMP-SL,https://portal.spp.org/file-browser-api/download/da-lmp-by-settlement-location?path=/2026/08/By_Day/DA-LMP-SL-202608300100.csv,2026-09-25T06:59:57Z,
spp:SPPSOUTH_HUB,lmp_dam,2026-08-31T00:00:00Z,80.9621,USD/MWh,PT1H,"US-AR,US-IA,US-KS,US-LA,US-MN,US-MO,US-MT,US-NE,US-NM,US-ND,US-OK,US-SD,US-TX,US-WY",spp_dam,SPPSOUTH_HUB,spp:DA-LMP-SL,https://portal.spp.org/file-browser-api/download/da-lmp-by-settlement-location?path=/2026/08/By_Day/DA-LMP-SL-202608300100.csv,2026-09-25T06:59:57Z,
spp:SPPSOUTH_HUB,lmp_dam,2026-08-31T01:00:00Z,52.0393,USD/MWh,PT1H,"US-AR,US-IA,US-KS,US-LA,US-MN,US-MO,US-MT,US-NE,US-NM,US-ND,US-OK,US-SD,US-TX,US-WY",spp_dam,SPPSOUTH_HUB,spp:DA-LMP-SL,https://portal.spp.org/file-browser-api/download/da-lmp-by-settlement-location?path=/2026/08/By_Day/DA-LMP-SL-202608300100.csv,2026-09-25T06:59:57Z,
spp:SPPSOUTH_HUB,lmp_dam,2026-08-31T02:00:00Z,33.5623,USD/MWh,PT1H,"US-AR,US-IA,US-KS,US-LA,US-MN,US-MO,US-MT,US-NE,US-NM,US-ND,US-OK,US-SD,US-TX,US-WY",spp_dam,SPPSOUTH_HUB,spp:DA-LMP-SL,https://portal.spp.org/file-browser-api/download/da-lmp-by-settlement-location?path=/2026/08/By_Day/DA-LMP-SL-202608300100.csv,2026-09-25T06:59:57Z,
spp:SPPSOUTH_HUB,lmp_dam,2026-08-31T03:00:00Z,17.3508,USD/MWh,PT1H,"US-AR,US-IA,US-KS,US-LA,US-MN,US-MO,US-MT,US-NE,US-NM,US-ND,US-OK,US-SD,US-TX,US-WY",spp_dam,SPPSOUTH_HUB,spp:DA-LMP-SL,https://portal.spp.org/file-browser-api/download/da-lmp-by-settlement-location?path=/2026/08/By_Day/DA-LMP-SL-202608300100.csv,2026-09-25T06:59:57Z,
spp:SPPSOUTH_HUB,lmp_dam,2026-08-31T04:00:00Z,13.8995,USD/MWh,PT1H,"US-AR,US-IA,US-KS,US-LA,US-MN,US-MO,US-MT,US-NE,US-NM,US-ND,US-OK,US-SD,US-TX,US-WY",spp_dam,SPPSOUTH_HUB,spp:DA-LMP-SL,https://portal.spp.org/file-browser-api/download/da-lmp-by-settlement-location?path=/2026/08/By_Day/DA-LMP-SL-202608300100.csv,2026-09-25T06:59:57Z,
spp:SPPSOUTH_HUB,lmp_dam,2026-08-31T05:00:00Z,7.8303,USD/MWh,PT1H,"US-AR,US-IA,US-KS,US-LA,US-MN,US-MO,US-MT,US-NE,US-NM,US-ND,US-OK,US-SD,US-TX,US-WY",spp_dam,SPPSOUTH_HUB,spp:DA-LMP-SL,https://portal.spp.org/file-browser-api/download/da-lmp-by-settlement-location?path=/2026/08/By_Day/DA-LMP-SL-202608310100.csv,2026-09-25T06:59:51Z,
spp:SPPSOUTH_HUB,lmp_dam,2026-08-31T06:00:00Z,4.8359,USD/MWh,PT1H,"US-AR,US-IA,US-KS,US-LA,US-MN,US-MO,US-MT,US-NE,US-NM,US-ND,US-OK,US-SD,US-TX,US-WY",spp_dam,SPPSOUTH_HUB,spp:DA-LMP-SL,https://portal.spp.org/file-browser-api/download/da-lmp-by-settlement-location?path=/2026/08/By_Day/DA-LMP-SL-202608310100.csv,2026-09-25T06:59:51Z,
spp:SPPSOUTH_HUB,lmp_dam,2026-08-31T07:00:00Z,3.6756,USD/MWh,PT1H,"US-AR,US-IA,US-KS,US-LA,US-MN,US-MO,US-MT,US-NE,US-NM,US-ND,US-OK,US-SD,US-TX,US-WY",spp_dam,SPPSOUTH_HUB,spp:DA-LMP-SL,https://portal.spp.org/file-browser-api/download/da-lmp-by-settlement-location?path=/2026/08/By_Day/DA-LMP-SL-202608310100.csv,2026-09-25T06:59:51Z,
spp:SPPSOUTH_HUB,lmp_dam,2026-08-31T08:00:00Z,2.439,USD/MWh,PT1H,"US-AR,US-IA,US-KS,US-LA,US-MN,US-MO,US-MT,US-NE,US-NM,US-ND,US-OK,US-SD,US-TX,US-WY",spp_dam,SPPSOUTH_HUB,spp:DA-LMP-SL,https://portal.spp.org/file-browser-api/download/da-lmp-by-settlement-location?path=/2026/08/By_Day/DA-LMP-SL-202608310100.csv,2026-09-25T06:59:51Z,
spp:SPPSOUTH_HUB,lmp_dam,2026-08-31T09:00:00Z,4.0721,USD/MWh,PT1H,"US-AR,US-IA,US-KS,US-LA,US-MN,US-MO,US-MT,US-NE,US-NM,US-ND,US-OK,US-SD,US-TX,US-WY",spp_dam,SPPSOUTH_HUB,spp:DA-LMP-SL,https://portal.spp.org/file-browser-api/download/da-lmp-by-settlement-location?path=/2026/08/By_Day/DA-LMP-SL-202608310100.csv,2026-09-25T06:59:51Z,
spp:SPPSOUTH_HUB,lmp_dam,2026-08-31T10:00:00Z,9.9665,USD/MWh,PT1H,"US-AR,US-IA,US-KS,US-LA,US-MN,US-MO,US-MT,US-NE,US-NM,US-ND,US-OK,US-SD,US-TX,US-WY",spp_dam,SPPSOUTH_HUB,spp:DA-LMP-SL,https://portal.spp.org/file-browser-api/download/da-lmp-by-settlement-location?path=/2026/08/By_Day/DA-LMP-SL-202608310100.csv,2026-09-25T06:59:51Z,
spp:SPPSOUTH_HUB,lmp_dam,2026-08-31T11:00:00Z,19.1803,USD/MWh,PT1H,"US-AR,US-IA,US-KS,US-LA,US-MN,US-MO,US-MT,US-NE,US-NM,US-ND,US-OK,US-SD,US-TX,US-WY",spp_dam,SPPSOUTH_HUB,spp:DA-LMP-SL,https://portal.spp.org/file-browser-api/download/da-lmp-by-settlement-location?path=/2026/08/By_Day/DA-LMP-SL-202608310100.csv,2026-09-25T06:59:51Z,
spp:SPPSOUTH_HUB,lmp_dam,2026-08-31T12:00:00Z,19.9824,USD/MWh,PT1H,"US-AR,US-IA,US-KS,US-LA,US-MN,US-MO,US-MT,US-NE,US-NM,US-ND,US-OK,US-SD,US-TX,US-WY",spp_dam,SPPSOUTH_HUB,spp:DA-LMP-SL,https://portal.spp.org/file-browser-api/download/da-lmp-by-settlement-location?path=/2026/08/By_Day/DA-LMP-SL-202608310100.csv,2026-09-25T06:59:51Z,
spp:SPPSOUTH_HUB,lmp_dam,2026-08-31T13:00:00Z,23.76,USD/MWh,PT1H,"US-AR,US-IA,US-KS,US-LA,US-MN,US-MO,US-MT,US-NE,US-NM,US-ND,US-OK,US-SD,US-TX,US-WY",spp_dam,SPPSOUTH_HUB,spp:DA-LMP-SL,https://portal.spp.org/file-browser-api/download/da-lmp-by-settlement-location?path=/2026/08/By_Day/DA-LMP-SL-202608310100.csv,2026-09-25T06:59:51Z,
spp:SPPSOUTH_HUB,lmp_dam,2026-08-31T14:00:00Z,28.6944,USD/MWh,PT1H,"US-AR,US-IA,US-KS,US-LA,US-MN,US-MO,US-MT,US-NE,US-NM,US-ND,US-OK,US-SD,US-TX,US-WY",spp_dam,SPPSOUTH_HUB,spp:DA-LMP-SL,https://portal.spp.org/file-browser-api/download/da-lmp-by-settlement-location?path=/2026/08/By_Day/DA-LMP-SL-202608310100.csv,2026-09-25T06:59:51Z,
spp:SPPSOUTH_HUB,lmp_dam,2026-08-31T15:00:00Z,32.0772,USD/MWh,PT1H,"US-AR,US-IA,US-KS,US-LA,US-MN,US-MO,US-MT,US-NE,US-NM,US-ND,US-OK,US-SD,US-TX,US-WY",spp_dam,SPPSOUTH_HUB,spp:DA-LMP-SL,https://portal.spp.org/file-browser-api/download/da-lmp-by-settlement-location?path=/2026/08/By_Day/DA-LMP-SL-202608310100.csv,2026-09-25T06:59:51Z,
spp:SPPSOUTH_HUB,lmp_dam,2026-08-31T16:00:00Z,39.7321,USD/MWh,PT1H,"US-AR,US-IA,US-KS,US-LA,US-MN,US-MO,US-MT,US-NE,US-NM,US-ND,US-OK,US-SD,US-TX,US-WY",spp_dam,SPPSOUTH_HUB,spp:DA-LMP-SL,https://portal.spp.org/file-browser-api/download/da-lmp-by-settlement-location?path=/2026/08/By_Day/DA-LMP-SL-202608310100.csv,2026-09-25T06:59:51Z,
spp:SPPSOUTH_HUB,lmp_dam,2026-08-31T17:00:00Z,48.7303,USD/MWh,PT1H,"US-AR,US-IA,US-KS,US-LA,US-MN,US-MO,US-MT,US-NE,US-NM,US-ND,US-OK,US-SD,US-TX,US-WY",spp_dam,SPPSOUTH_HUB,spp:DA-LMP-SL,https://portal.spp.org/file-browser-api/download/da-lmp-by-settlement-location?path=/2026/08/By_Day/DA-LMP-SL-202608310100.csv,2026-09-25T06:59:51Z,
spp:SPPSOUTH_HUB,lmp_dam,2026-08-31T18:00:00Z,75.43,USD/MWh,PT1H,"US-AR,US-IA,US-KS,US-LA,US-MN,US-MO,US-MT,US-NE,US-NM,US-ND,US-OK,US-SD,US-TX,US-WY",spp_dam,SPPSOUTH_HUB,spp:DA-LMP-SL,https://portal.spp.org/file-browser-api/download/da-lmp-by-settlement-location?path=/2026/08/By_Day/DA-LMP-SL-202608310100.csv,2026-09-25T06:59:51Z,
spp:SPPSOUTH_HUB,lmp_dam,2026-08-31T19:00:00Z,97.8437,USD/MWh,PT1H,"US-AR,US-IA,US-KS,US-LA,US-MN,US-MO,US-MT,US-NE,US-NM,US-ND,US-OK,US-SD,US-TX,US-WY",spp_dam,SPPSOUTH_HUB,spp:DA-LMP-SL,https://portal.spp.org/file-browser-api/download/da-lmp-by-settlement-location?path=/2026/08/By_Day/DA-LMP-SL-202608310100.csv,2026-09-25T06:59:51Z,
spp:SPPSOUTH_HUB,lmp_dam,2026-08-31T20:00:00Z,121.7508,USD/MWh,PT1H,"US-AR,US-IA,US-KS,US-LA,US-MN,US-MO,US-MT,US-NE,US-NM,US-ND,US-OK,US-SD,US-TX,US-WY",spp_dam,SPPSOUTH_HUB,spp:DA-LMP-SL,https://portal.spp.org/file-browser-api/download/da-lmp-by-settlement-location?path=/2026/08/By_Day/DA-LMP-SL-202608310100.csv,2026-09-25T06:59:51Z,
spp:SPPSOUTH_HUB,lmp_dam,2026-08-31T21:00:00Z,135.29,USD/MWh,PT1H,"US-AR,US-IA,US-KS,US-LA,US-MN,US-MO,US-MT,US-NE,US-NM,US-ND,US-OK,US-SD,US-TX,US-WY",spp_dam,SPPSOUTH_HUB,spp:DA-LMP-SL,https://portal.spp.org/file-browser-api/download/da-lmp-by-settlement-location?path=/2026/08/By_Day/DA-LMP-SL-202608310100.csv,2026-09-25T06:59:51Z,
spp:SPPSOUTH_HUB,lmp_dam,2026-08-31T22:00:00Z,131.62,USD/MWh,PT1H,"US-AR,US-IA,US-KS,US-LA,US-MN,US-MO,US-MT,US-NE,US-NM,US-ND,US-OK,US-SD,US-TX,US-WY",spp_dam,SPPSOUTH_HUB,spp:DA-LMP-SL,https://portal.spp.org/file-browser-api/download/da-lmp-by-settlement-location?path=/2026/08/By_Day/DA-LMP-SL-202608310100.csv,2026-09-25T06:59:51Z,
spp:SPPSOUTH_HUB,lmp_dam,2026-08-31T23:00:00Z,124.6859,USD/MWh,PT1H,"US-AR,US-IA,US-KS,US-LA,US-MN,US-MO,US-MT,US-NE,US-NM,US-ND,US-OK,US-SD,US-TX,US-WY",spp_dam,SPPSOUTH_HUB,spp:DA-LMP-SL,https://portal.spp.org/file-browser-api/download/da-lmp-by-settlement-location?path=/2026/08/By_Day/DA-LMP-SL-202608310100.csv,2026-09-25T06:59:51Z,
spp:SPPSOUTH_HUB,lmp_dam,2026-09-01T00:00:00Z,100.51,USD/MWh,PT1H,"US-AR,US-IA,US-KS,US-LA,US-MN,US-MO,US-MT,US-NE,US-NM,US-ND,US-OK,US-SD,US-TX,US-WY",spp_dam,SPPSOUTH_HUB,spp:DA-LMP-SL,https://portal.spp.org/file-browser-api/download/da-lmp-by-settlement-location?path=/2026/08/By_Day/DA-LMP-SL-202608310100.csv,2026-09-25T06:59:51Z,
spp:SPPSOUTH_HUB,lmp_dam,2026-09-01T01:00:00Z,56.9276,USD/MWh,PT1H,"US-AR,US-IA,US-KS,US-LA,US-MN,US-MO,US-MT,US-NE,US-NM,US-ND,US-OK,US-SD,US-TX,US-WY",spp_dam,SPPSOUTH_HUB,spp:DA-LMP-SL,https://portal.spp.org/file-browser-api/download/da-lmp-by-settlement-location?path=/2026/08/By_Day/DA-LMP-SL-202608310100.csv,2026-09-25T06:59:51Z,
spp:SPPSOUTH_HUB,lmp_dam,2026-09-01T02:00:00Z,41.5721,USD/MWh,PT1H,"US-AR,US-IA,US-KS,US-LA,US-MN,US-MO,US-MT,US-NE,US-NM,US-ND,US-OK,US-SD,US-TX,US-WY",spp_dam,SPPSOUTH_HUB,spp:DA-LMP-SL,https://portal.spp.org/file-browser-api/download/da-lmp-by-settlement-location?path=/2026/08/By_Day/DA-LMP-SL-202608310100.csv,2026-09-25T06:59:51Z,
spp:SPPSOUTH_HUB,lmp_dam,2026-09-01T03:00:00Z,27.0235,USD/MWh,PT1H,"US-AR,US-IA,US-KS,US-LA,US-MN,US-MO,US-MT,US-NE,US-NM,US-ND,US-OK,US-SD,US-TX,US-WY",spp_dam,SPPSOUTH_HUB,spp:DA-LMP-SL,https://portal.spp.org/file-browser-api/download/da-lmp-by-settlement-location?path=/2026/08/By_Day/DA-LMP-SL-202608310100.csv,2026-09-25T06:59:51Z,
spp:SPPSOUTH_HUB,lmp_dam,2026-09-01T04:00:00Z,18.7925,USD/MWh,PT1H,"US-AR,US-IA,US-KS,US-LA,US-MN,US-MO,US-MT,US-NE,US-NM,US-ND,US-OK,US-SD,US-TX,US-WY",spp_dam,SPPSOUTH_HUB,spp:DA-LMP-SL,https://portal.spp.org/file-browser-api/download/da-lmp-by-settlement-location?path=/2026/08/By_Day/DA-LMP-SL-202608310100.csv,2026-09-25T06:59:51Z,
spp:SPPSOUTH_HUB,lmp_dam,2026-09-01T05:00:00Z,9.5845,USD/MWh,PT1H,"US-AR,US-IA,US-KS,US-LA,US-MN,US-MO,US-MT,US-NE,US-NM,US-ND,US-OK,US-SD,US-TX,US-WY",spp_dam,SPPSOUTH_HUB,spp:DA-LMP-SL,https://portal.spp.org/file-browser-api/download/da-lmp-by-settlement-location?path=/2026/09/By_Day/DA-LMP-SL-202609010100.csv,2026-09-25T07:00:29Z,
spp:SPPSOUTH_HUB,lmp_dam,2026-09-01T06:00:00Z,4.4802,USD/MWh,PT1H,"US-AR,US-IA,US-KS,US-LA,US-MN,US-MO,US-MT,US-NE,US-NM,US-ND,US-OK,US-SD,US-TX,US-WY",spp_dam,SPPSOUTH_HUB,spp:DA-LMP-SL,https://portal.spp.org/file-browser-api/download/da-lmp-by-settlement-location?path=/2026/09/By_Day/DA-LMP-SL-202609010100.csv,2026-09-25T07:00:29Z,
spp:SPPSOUTH_HUB,lmp_dam,2026-09-01T07:00:00Z,4.7036,USD/MWh,PT1H,"US-AR,US-IA,US-KS,US-LA,US-MN,US-MO,US-MT,US-NE,US-NM,US-ND,US-OK,US-SD,US-TX,US-WY",spp_dam,SPPSOUTH_HUB,spp:DA-LMP-SL,https://portal.spp.org/file-browser-api/download/da-lmp-by-settlement-location?path=/2026/09/By_Day/DA-LMP-SL-202609010100.csv,2026-09-25T07:00:29Z,
spp:SPPSOUTH_HUB,lmp_dam,2026-09-01T08:00:00Z,4.8316,USD/MWh,PT1H,"US-AR,US-IA,US-KS,US-LA,US-MN,US-MO,US-MT,US-NE,US-NM,US-ND,US-OK,US-SD,US-TX,US-WY",spp_dam,SPPSOUTH_HUB,spp:DA-LMP-SL,https://portal.spp.org/file-browser-api/download/da-lmp-by-settlement-location?path=/2026/09/By_Day/DA-LMP-SL-202609010100.csv,2026-09-25T07:00:29Z,
spp:SPPSOUTH_HUB,lmp_dam,2026-09-01T09:00:00Z,8.91,USD/MWh,PT1H,"US-AR,US-IA,US-KS,US-LA,US-MN,US-MO,US-MT,US-NE,US-NM,US-ND,US-OK,US-SD,US-TX,US-WY",spp_dam,SPPSOUTH_HUB,spp:DA-LMP-SL,https://portal.spp.org/file-browser-api/download/da-lmp-by-settlement-location?path=/2026/09/By_Day/DA-LMP-SL-202609010100.csv,2026-09-25T07:00:29Z,
spp:SPPSOUTH_HUB,lmp_dam,2026-09-01T10:00:00Z,17.1806,USD/MWh,PT1H,"US-AR,US-IA,US-KS,US-LA,US-MN,US-MO,US-MT,US-NE,US-NM,US-ND,US-OK,US-SD,US-TX,US-WY",spp_dam,SPPSOUTH_HUB,spp:DA-LMP-SL,https://portal.spp.org/file-browser-api/download/da-lmp-by-settlement-location?path=/2026/09/By_Day/DA-LMP-SL-202609010100.csv,2026-09-25T07:00:29Z,
spp:SPPSOUTH_HUB,lmp_dam,2026-09-01T11:00:00Z,23.1358,USD/MWh,PT1H,"US-AR,US-IA,US-KS,US-LA,US-MN,US-MO,US-MT,US-NE,US-NM,US-ND,US-OK,US-SD,US-TX,US-WY",spp_dam,SPPSOUTH_HUB,spp:DA-LMP-SL,https://portal.spp.org/file-browser-api/download/da-lmp-by-settlement-location?path=/2026/09/By_Day/DA-LMP-SL-202609010100.csv,2026-09-25T07:00:29Z,
spp:SPPSOUTH_HUB,lmp_dam,2026-09-01T12:00:00Z,24.213,USD/MWh,PT1H,"US-AR,US-IA,US-KS,US-LA,US-MN,US-MO,US-MT,US-NE,US-NM,US-ND,US-OK,US-SD,US-TX,US-WY",spp_dam,SPPSOUTH_HUB,spp:DA-LMP-SL,https://portal.spp.org/file-browser-api/download/da-lmp-by-settlement-location?path=/2026/09/By_Day/DA-LMP-SL-202609010100.csv,2026-09-25T07:00:29Z,
spp:SPPSOUTH_HUB,lmp_dam,2026-09-01T13:00:00Z,26.1337,USD/MWh,PT1H,"US-AR,US-IA,US-KS,US-LA,US-MN,US-MO,US-MT,US-NE,US-NM,US-ND,US-OK,US-SD,US-TX,US-WY",spp_dam,SPPSOUTH_HUB,spp:DA-LMP-SL,https://portal.spp.org/file-browser-api/download/da-lmp-by-settlement-location?path=/2026/09/By_Day/DA-LMP-SL-202609010100.csv,2026-09-25T07:00:29Z,
spp:SPPSOUTH_HUB,lmp_dam,2026-09-01T14:00:00Z,32.2809,USD/MWh,PT1H,"US-AR,US-IA,US-KS,US-LA,US-MN,US-MO,US-MT,US-NE,US-NM,US-ND,US-OK,US-SD,US-TX,US-WY",spp_dam,SPPSOUTH_HUB,spp:DA-LMP-SL,https://portal.spp.org/file-browser-api/download/da-lmp-by-settlement-location?path=/2026/09/By_Day/DA-LMP-SL-202609010100.csv,2026-09-25T07:00:29Z,
spp:SPPSOUTH_HUB,lmp_dam,2026-09-01T15:00:00Z,34.0507,USD/MWh,PT1H,"US-AR,US-IA,US-KS,US-LA,US-MN,US-MO,US-MT,US-NE,US-NM,US-ND,US-OK,US-SD,US-TX,US-WY",spp_dam,SPPSOUTH_HUB,spp:DA-LMP-SL,https://portal.spp.org/file-browser-api/download/da-lmp-by-settlement-location?path=/2026/09/By_Day/DA-LMP-SL-202609010100.csv,2026-09-25T07:00:29Z,
spp:SPPSOUTH_HUB,lmp_dam,2026-09-01T16:00:00Z,40.2424,USD/MWh,PT1H,"US-AR,US-IA,US-KS,US-LA,US-MN,US-MO,US-MT,US-NE,US-NM,US-ND,US-OK,US-SD,US-TX,US-WY",spp_dam,SPPSOUTH_HUB,spp:DA-LMP-SL,https://portal.spp.org/file-browser-api/download/da-lmp-by-settlement-location?path=/2026/09/By_Day/DA-LMP-SL-202609010100.csv,2026-09-25T07:00:29Z,
spp:SPPSOUTH_HUB,lmp_dam,2026-09-01T17:00:00Z,51.9539,USD/MWh,PT1H,"US-AR,US-IA,US-KS,US-LA,US-MN,US-MO,US-MT,US-NE,US-NM,US-ND,US-OK,US-SD,US-TX,US-WY",spp_dam,SPPSOUTH_HUB,spp:DA-LMP-SL,https://portal.spp.org/file-browser-api/download/da-lmp-by-settlement-location?path=/2026/09/By_Day/DA-LMP-SL-202609010100.csv,2026-09-25T07:00:29Z,
spp:SPPSOUTH_HUB,lmp_dam,2026-09-01T18:00:00Z,69.6773,USD/MWh,PT1H,"US-AR,US-IA,US-KS,US-LA,US-MN,US-MO,US-MT,US-NE,US-NM,US-ND,US-OK,US-SD,US-TX,US-WY",spp_dam,SPPSOUTH_HUB,spp:DA-LMP-SL,https://portal.spp.org/file-browser-api/download/da-lmp-by-settlement-location?path=/2026/09/By_Day/DA-LMP-SL-202609010100.csv,2026-09-25T07:00:29Z,
spp:SPPSOUTH_HUB,lmp_dam,2026-09-01T19:00:00Z,78.86,USD/MWh,PT1H,"US-AR,US-IA,US-KS,US-LA,US-MN,US-MO,US-MT,US-NE,US-NM,US-ND,US-OK,US-SD,US-TX,US-WY",spp_dam,SPPSOUTH_HUB,spp:DA-LMP-SL,https://portal.spp.org/file-browser-api/download/da-lmp-by-settlement-location?path=/2026/09/By_Day/DA-LMP-SL-202609010100.csv,2026-09-25T07:00:29Z,
spp:SPPSOUTH_HUB,lmp_dam,2026-09-01T20:00:00Z,95.506,USD/MWh,PT1H,"US-AR,US-IA,US-KS,US-LA,US-MN,US-MO,US-MT,US-NE,US-NM,US-ND,US-OK,US-SD,US-TX,US-WY",spp_dam,SPPSOUTH_HUB,spp:DA-LMP-SL,https://portal.spp.org/file-browser-api/download/da-lmp-by-settlement-location?path=/2026/09/By_Day/DA-LMP-SL-202609010100.csv,2026-09-25T07:00:29Z,
spp:SPPSOUTH_HUB,lmp_dam,2026-09-01T21:00:00Z,109.7801,USD/MWh,PT1H,"US-AR,US-IA,US-KS,US-LA,US-MN,US-MO,US-MT,US-NE,US-NM,US-ND,US-OK,US-SD,US-TX,US-WY",spp_dam,SPPSOUTH_HUB,spp:DA-LMP-SL,https://portal.spp.org/file-browser-api/download/da-lmp-by-settlement-location?path=/2026/09/By_Day/DA-LMP-SL-202609010100.csv,2026-09-25T07:00:29Z,
spp:SPPSOUTH_HUB,lmp_dam,2026-09-01T22:00:00Z,101.846,USD/MWh,PT1H,"US-AR,US-IA,US-KS,US-LA,US-MN,US-MO,US-MT,US-NE,US-NM,US-ND,US-OK,US-SD,US-TX,US-WY",spp_dam,SPPSOUTH_HUB,spp:DA-LMP-SL,https://portal.spp.org/file-browser-api/download/da-lmp-by-settlement-location?path=/2026/09/By_Day/DA-LMP-SL-202609010100.csv,2026-09-25T07:00:29Z,
spp:SPPSOUTH_HUB,lmp_dam,2026-09-01T23:00:00Z,91.1227,USD/MWh,PT1H,"US-AR,US-IA,US-KS,US-LA,US-MN,US-MO,US-MT,US-NE,US-NM,US-ND,US-OK,US-SD,US-TX,US-WY",spp_dam,SPPSOUTH_HUB,spp:DA-LMP-SL,https://portal.spp.org/file-browser-api/download/da-lmp-by-settlement-location?path=/2026/09/By_Day/DA-LMP-SL-202609010100.csv,2026-09-25T07:00:29Z,
spp:SPPSOUTH_HUB,lmp_dam,2026-09-02T00:00:00Z,65.8807,USD/MWh,PT1H,"US-AR,US-IA,US-KS,US-LA,US-MN,US-MO,US-MT,US-NE,US-NM,US-ND,US-OK,US-SD,US-TX,US-WY",spp_dam,SPPSOUTH_HUB,spp:DA-LMP-SL,https://portal.spp.org/file-browser-api/download/da-lmp-by-settlement-location?path=/2026/09/By_Day/DA-LMP-SL-202609010100.csv,2026-09-25T07:00:29Z,
spp:SPPSOUTH_HUB,lmp_dam,2026-09-02T01:00:00Z,46.4145,USD/MWh,PT1H,"US-AR,US-IA,US-KS,US-LA,US-MN,US-MO,US-MT,US-NE,US-NM,US-ND,US-OK,US-SD,US-TX,US-WY",spp_dam,SPPSOUTH_HUB,spp:DA-LMP-SL,https://portal.spp.org/file-browser-api/download/da-lmp-by-settlement-location?path=/2026/09/By_Day/DA-LMP-SL-202609010100.csv,2026-09-25T07:00:29Z,
spp:SPPSOUTH_HUB,lmp_dam,2026-09-02T02:00:00Z,37.05,USD/MWh,PT1H,"US-AR,US-IA,US-KS,US-LA,US-MN,US-MO,US-MT,US-NE,US-NM,US-ND,US-OK,US-SD,US-TX,US-WY",spp_dam,SPPSOUTH_HUB,spp:DA-LMP-SL,https://portal.spp.org/file-browser-api/download/da-lmp-by-settlement-location?path=/2026/09/By_Day/DA-LMP-SL-202609010100.csv,2026-09-25T07:00:29Z,
spp:SPPSOUTH_HUB,lmp_dam,2026-09-02T03:00:00Z,28.3429,USD/MWh,PT1H,"US-AR,US-IA,US-KS,US-LA,US-MN,US-MO,US-MT,US-NE,US-NM,US-ND,US-OK,US-SD,US-TX,US-WY",spp_dam,SPPSOUTH_HUB,spp:DA-LMP-SL,https://portal.spp.org/file-browser-api/download/da-lmp-by-settlement-location?path=/2026/09/By_Day/DA-LMP-SL-202609010100.csv,2026-09-25T07:00:29Z,
spp:SPPSOUTH_HUB,lmp_dam,2026-09-02T04:00:00Z,23.9398,USD/MWh,PT1H,"US-AR,US-IA,US-KS,US-LA,US-MN,US-MO,US-MT,US-NE,US-NM,US-ND,US-OK,US-SD,US-TX,US-WY",spp_dam,SPPSOUTH_HUB,spp:DA-LMP-SL,https://portal.spp.org/file-browser-api/download/da-lmp-by-settlement-location?path=/2026/09/By_Day/DA-LMP-SL-202609010100.csv,2026-09-25T07:00:29Z,
spp:SPPSOUTH_HUB,lmp_dam,2026-09-02T05:00:00Z,19.3286,USD/MWh,PT1H,"US-AR,US-IA,US-KS,US-LA,US-MN,US-MO,US-MT,US-NE,US-NM,US-ND,US-OK,US-SD,US-TX,US-WY",spp_dam,SPPSOUTH_HUB,spp:DA-LMP-SL,https://portal.spp.org/file-browser-api/download/da-lmp-by-settlement-location?path=/2026/09/By_Day/DA-LMP-SL-202609020100.csv,2026-09-25T07:00:28Z,
spp:SPPSOUTH_HUB,lmp_dam,2026-09-02T06:00:00Z,13.9938,USD/MWh,PT1H,"US-AR,US-IA,US-KS,US-LA,US-MN,US-MO,US-MT,US-NE,US-NM,US-ND,US-OK,US-SD,US-TX,US-WY",spp_dam,SPPSOUTH_HUB,spp:DA-LMP-SL,https://portal.spp.org/file-browser-api/download/da-lmp-by-settlement-location?path=/2026/09/By_Day/DA-LMP-SL-202609020100.csv,2026-09-25T07:00:28Z,
spp:SPPSOUTH_HUB,lmp_dam,2026-09-02T07:00:00Z,9.263,USD/MWh,PT1H,"US-AR,US-IA,US-KS,US-LA,US-MN,US-MO,US-MT,US-NE,US-NM,US-ND,US-OK,US-SD,US-TX,US-WY",spp_dam,SPPSOUTH_HUB,spp:DA-LMP-SL,https://portal.spp.org/file-browser-api/download/da-lmp-by-settlement-location?path=/2026/09/By_Day/DA-LMP-SL-202609020100.csv,2026-09-25T07:00:28Z,
spp:SPPSOUTH_HUB,lmp_dam,2026-09-02T08:00:00Z,8.9868,USD/MWh,PT1H,"US-AR,US-IA,US-KS,US-LA,US-MN,US-MO,US-MT,US-NE,US-NM,US-ND,US-OK,US-SD,US-TX,US-WY",spp_dam,SPPSOUTH_HUB,spp:DA-LMP-SL,https://portal.spp.org/file-browser-api/download/da-lmp-by-settlement-location?path=/2026/09/By_Day/DA-LMP-SL-202609020100.csv,2026-09-25T07:00:28Z,
spp:SPPSOUTH_HUB,lmp_dam,2026-09-02T09:00:00Z,8.7603,USD/MWh,PT1H,"US-AR,US-IA,US-KS,US-LA,US-MN,US-MO,US-MT,US-NE,US-NM,US-ND,US-OK,US-SD,US-TX,US-WY",spp_dam,SPPSOUTH_HUB,spp:DA-LMP-SL,https://portal.spp.org/file-browser-api/download/da-lmp-by-settlement-location?path=/2026/09/By_Day/DA-LMP-SL-202609020100.csv,2026-09-25T07:00:28Z,
spp:SPPSOUTH_HUB,lmp_dam,2026-09-02T10:00:00Z,15.1312,USD/MWh,PT1H,"US-AR,US-IA,US-KS,US-LA,US-MN,US-MO,US-MT,US-NE,US-NM,US-ND,US-OK,US-SD,US-TX,US-WY",spp_dam,SPPSOUTH_HUB,spp:DA-LMP-SL,https://portal.spp.org/file-browser-api/download/da-lmp-by-settlement-location?path=/2026/09/By_Day/DA-LMP-SL-202609020100.csv,2026-09-25T07:00:28Z,
spp:SPPSOUTH_HUB,lmp_dam,2026-09-02T11:00:00Z,22.2314,USD/MWh,PT1H,"US-AR,US-IA,US-KS,US-LA,US-MN,US-MO,US-MT,US-NE,US-NM,US-ND,US-OK,US-SD,US-TX,US-WY",spp_dam,SPPSOUTH_HUB,spp:DA-LMP-SL,https://portal.spp.org/file-browser-api/download/da-lmp-by-settlement-location?path=/2026/09/By_Day/DA-LMP-SL-202609020100.csv,2026-09-25T07:00:28Z,
spp:SPPSOUTH_HUB,lmp_dam,2026-09-02T12:00:00Z,20.1904,USD/MWh,PT1H,"US-AR,US-IA,US-KS,US-LA,US-MN,US-MO,US-MT,US-NE,US-NM,US-ND,US-OK,US-SD,US-TX,US-WY",spp_dam,SPPSOUTH_HUB,spp:DA-LMP-SL,https://portal.spp.org/file-browser-api/download/da-lmp-by-settlement-location?path=/2026/09/By_Day/DA-LMP-SL-202609020100.csv,2026-09-25T07:00:28Z,
spp:SPPSOUTH_HUB,lmp_dam,2026-09-02T13:00:00Z,27.5154,USD/MWh,PT1H,"US-AR,US-IA,US-KS,US-LA,US-MN,US-MO,US-MT,US-NE,US-NM,US-ND,US-OK,US-SD,US-TX,US-WY",spp_dam,SPPSOUTH_HUB,spp:DA-LMP-SL,https://portal.spp.org/file-browser-api/download/da-lmp-by-settlement-location?path=/2026/09/By_Day/DA-LMP-SL-202609020100.csv,2026-09-25T07:00:28Z,
spp:SPPSOUTH_HUB,lmp_dam,2026-09-02T14:00:00Z,29.304,USD/MWh,PT1H,"US-AR,US-IA,US-KS,US-LA,US-MN,US-MO,US-MT,US-NE,US-NM,US-ND,US-OK,US-SD,US-TX,US-WY",spp_dam,SPPSOUTH_HUB,spp:DA-LMP-SL,https://portal.spp.org/file-browser-api/download/da-lmp-by-settlement-location?path=/2026/09/By_Day/DA-LMP-SL-202609020100.csv,2026-09-25T07:00:28Z,
spp:SPPSOUTH_HUB,lmp_dam,2026-09-02T15:00:00Z,35.5466,USD/MWh,PT1H,"US-AR,US-IA,US-KS,US-LA,US-MN,US-MO,US-MT,US-NE,US-NM,US-ND,US-OK,US-SD,US-TX,US-WY",spp_dam,SPPSOUTH_HUB,spp:DA-LMP-SL,https://portal.spp.org/file-browser-api/download/da-lmp-by-settlement-location?path=/2026/09/By_Day/DA-LMP-SL-202609020100.csv,2026-09-25T07:00:28Z,
spp:SPPSOUTH_HUB,lmp_dam,2026-09-02T16:00:00Z,44.5685,USD/MWh,PT1H,"US-AR,US-IA,US-KS,US-LA,US-MN,US-MO,US-MT,US-NE,US-NM,US-ND,US-OK,US-SD,US-TX,US-WY",spp_dam,SPPSOUTH_HUB,spp:DA-LMP-SL,https://portal.spp.org/file-browser-api/download/da-lmp-by-settlement-location?path=/2026/09/By_Day/DA-LMP-SL-202609020100.csv,2026-09-25T07:00:28Z,
spp:SPPSOUTH_HUB,lmp_dam,2026-09-02T17:00:00Z,53.0177,USD/MWh,PT1H,"US-AR,US-IA,US-KS,US-LA,US-MN,US-MO,US-MT,US-NE,US-NM,US-ND,US-OK,US-SD,US-TX,US-WY",spp_dam,SPPSOUTH_HUB,spp:DA-LMP-SL,https://portal.spp.org/file-browser-api/download/da-lmp-by-settlement-location?path=/2026/09/By_Day/DA-LMP-SL-202609020100.csv,2026-09-25T07:00:28Z,
spp:SPPSOUTH_HUB,lmp_dam,2026-09-02T18:00:00Z,62.75,USD/MWh,PT1H,"US-AR,US-IA,US-KS,US-LA,US-MN,US-MO,US-MT,US-NE,US-NM,US-ND,US-OK,US-SD,US-TX,US-WY",spp_dam,SPPSOUTH_HUB,spp:DA-LMP-SL,https://portal.spp.org/file-browser-api/download/da-lmp-by-settlement-location?path=/2026/09/By_Day/DA-LMP-SL-202609020100.csv,2026-09-25T07:00:28Z,
spp:SPPSOUTH_HUB,lmp_dam,2026-09-02T19:00:00Z,76.6317,USD/MWh,PT1H,"US-AR,US-IA,US-KS,US-LA,US-MN,US-MO,US-MT,US-NE,US-NM,US-ND,US-OK,US-SD,US-TX,US-WY",spp_dam,SPPSOUTH_HUB,spp:DA-LMP-SL,https://portal.spp.org/file-browser-api/download/da-lmp-by-settlement-location?path=/2026/09/By_Day/DA-LMP-SL-202609020100.csv,2026-09-25T07:00:28Z,
spp:SPPSOUTH_HUB,lmp_dam,2026-09-02T20:00:00Z,83.9201,USD/MWh,PT1H,"US-AR,US-IA,US-KS,US-LA,US-MN,US-MO,US-MT,US-NE,US-NM,US-ND,US-OK,US-SD,US-TX,US-WY",spp_dam,SPPSOUTH_HUB,spp:DA-LMP-SL,https://portal.spp.org/file-browser-api/download/da-lmp-by-settlement-location?path=/2026/09/By_Day/DA-LMP-SL-202609020100.csv,2026-09-25T07:00:28Z,
spp:SPPSOUTH_HUB,lmp_dam,2026-09-02T21:00:00Z,96.1087,USD/MWh,PT1H,"US-AR,US-IA,US-KS,US-LA,US-MN,US-MO,US-MT,US-NE,US-NM,US-ND,US-OK,US-SD,US-TX,US-WY",spp_dam,SPPSOUTH_HUB,spp:DA-LMP-SL,https://portal.spp.org/file-browser-api/download/da-lmp-by-settlement-location?path=/2026/09/By_Day/DA-LMP-SL-202609020100.csv,2026-09-25T07:00:28Z,
spp:SPPSOUTH_HUB,lmp_dam,2026-09-02T22:00:00Z,98.5365,USD/MWh,PT1H,"US-AR,US-IA,US-KS,US-LA,US-MN,US-MO,US-MT,US-NE,US-NM,US-ND,US-OK,US-SD,US-TX,US-WY",spp_dam,SPPSOUTH_HUB,spp:DA-LMP-SL,https://portal.spp.org/file-browser-api/download/da-lmp-by-settlement-location?path=/2026/09/By_Day/DA-LMP-SL-202609020100.csv,2026-09-25T07:00:28Z,
spp:SPPSOUTH_HUB,lmp_dam,2026-09-02T23:00:00Z,86.8736,USD/MWh,PT1H,"US-AR,US-IA,US-KS,US-LA,US-MN,US-MO,US-MT,US-NE,US-NM,US-ND,US-OK,US-SD,US-TX,US-WY",spp_dam,SPPSOUTH_HUB,spp:DA-LMP-SL,https://portal.spp.org/file-browser-api/download/da-lmp-by-settlement-location?path=/2026/09/By_Day/DA-LMP-SL-202609020100.csv,2026-09-25T07:00:28Z,
spp:SPPSOUTH_HUB,lmp_dam,2026-09-03T00:00:00Z,66.4311,USD/MWh,PT1H,"US-AR,US-IA,US-KS,US-LA,US-MN,US-MO,US-MT,US-NE,US-NM,US-ND,US-OK,US-SD,US-TX,US-WY",spp_dam,SPPSOUTH_HUB,spp:DA-LMP-SL,https://portal.spp.org/file-browser-api/download/da-lmp-by-settlement-location?path=/2026/09/By_Day/DA-LMP-SL-202609020100.csv,2026-09-25T07:00:28Z,
spp:SPPSOUTH_HUB,lmp_dam,2026-09-03T01:00:00Z,45.5397,USD/MWh,PT1H,"US-AR,US-IA,US-KS,US-LA,US-MN,US-MO,US-MT,US-NE,US-NM,US-ND,US-OK,US-SD,US-TX,US-WY",spp_dam,SPPSOUTH_HUB,spp:DA-LMP-SL,https://portal.spp.org/file-browser-api/download/da-lmp-by-settlement-location?path=/2026/09/By_Day/DA-LMP-SL-202609020100.csv,2026-09-25T07:00:28Z,
spp:SPPSOUTH_HUB,lmp_dam,2026-09-03T02:00:00Z,32.5282,USD/MWh,PT1H,"US-AR,US-IA,US-KS,US-LA,US-MN,US-MO,US-MT,US-NE,US-NM,US-ND,US-OK,US-SD,US-TX,US-WY",spp_dam,SPPSOUTH_HUB,spp:DA-LMP-SL,https://portal.spp.org/file-browser-api/download/da-lmp-by-settlement-location?path=/2026/09/By_Day/DA-LMP-SL-202609020100.csv,2026-09-25T07:00:28Z,
spp:SPPSOUTH_HUB,lmp_dam,2026-09-03T03:00:00Z,24.3565,USD/MWh,PT1H,"US-AR,US-IA,US-KS,US-LA,US-MN,US-MO,US-MT,US-NE,US-NM,US-ND,US-OK,US-SD,US-TX,US-WY",spp_dam,SPPSOUTH_HUB,spp:DA-LMP-SL,https://portal.spp.org/file-browser-api/download/da-lmp-by-settlement-location?path=/2026/09/By_Day/DA-LMP-SL-202609020100.csv,2026-09-25T07:00:28Z,
spp:SPPSOUTH_HUB,lmp_dam,2026-09-03T04:00:00Z,16.0202,USD/MWh,PT1H,"US-AR,US-IA,US-KS,US-LA,US-MN,US-MO,US-MT,US-NE,US-NM,US-ND,US-OK,US-SD,US-TX,US-WY",spp_dam,SPPSOUTH_HUB,spp:DA-LMP-SL,https://portal.spp.org/file-browser-api/download/da-lmp-by-settlement-location?path=/2026/09/By_Day/DA-LMP-SL-202609020100.csv,2026-09-25T07:00:28Z,
spp:SPPSOUTH_HUB,lmp_dam,2026-09-03T05:00:00Z,11.636,USD/MWh,PT1H,"US-AR,US-IA,US-KS,US-LA,US-MN,US-MO,US-MT,US-NE,US-NM,US-ND,US-OK,US-SD,US-TX,US-WY",spp_dam,SPPSOUTH_HUB,spp:DA-LMP-SL,https://portal.spp.org/file-browser-api/download/da-lmp-by-settlement-location?path=/2026/09/By_Day/DA-LMP-SL-202609030100.csv,2026-09-25T07:00:27Z,
spp:SPPSOUTH_HUB,lmp_dam,2026-09-03T06:00:00Z,4.8319,USD/MWh,PT1H,"US-AR,US-IA,US-KS,US-LA,US-MN,US-MO,US-MT,US-NE,US-NM,US-ND,US-OK,US-SD,US-TX,US-WY",spp_dam,SPPSOUTH_HUB,spp:DA-LMP-SL,https://portal.spp.org/file-browser-api/download/da-lmp-by-settlement-location?path=/2026/09/By_Day/DA-LMP-SL-202609030100.csv,2026-09-25T07:00:27Z,
spp:SPPSOUTH_HUB,lmp_dam,2026-09-03T07:00:00Z,2.7536,USD/MWh,PT1H,"US-AR,US-IA,US-KS,US-LA,US-MN,US-MO,US-MT,US-NE,US-NM,US-ND,US-OK,US-SD,US-TX,US-WY",spp_dam,SPPSOUTH_HUB,spp:DA-LMP-SL,https://portal.spp.org/file-browser-api/download/da-lmp-by-settlement-location?path=/2026/09/By_Day/DA-LMP-SL-202609030100.csv,2026-09-25T07:00:27Z,
spp:SPPSOUTH_HUB,lmp_dam,2026-09-03T08:00:00Z,1.8979,USD/MWh,PT1H,"US-AR,US-IA,US-KS,US-LA,US-MN,US-MO,US-MT,US-NE,US-NM,US-ND,US-OK,US-SD,US-TX,US-WY",spp_dam,SPPSOUTH_HUB,spp:DA-LMP-SL,https://portal.spp.org/file-browser-api/download/da-lmp-by-settlement-location?path=/2026/09/By_Day/DA-LMP-SL-202609030100.csv,2026-09-25T07:00:27Z,
spp:SPPSOUTH_HUB,lmp_dam,2026-09-03T09:00:00Z,4.1944,USD/MWh,PT1H,"US-AR,US-IA,US-KS,US-LA,US-MN,US-MO,US-MT,US-NE,US-NM,US-ND,US-OK,US-SD,US-TX,US-WY",spp_dam,SPPSOUTH_HUB,spp:DA-LMP-SL,https://portal.spp.org/file-browser-api/download/da-lmp-by-settlement-location?path=/2026/09/By_Day/DA-LMP-SL-202609030100.csv,2026-09-25T07:00:27Z,
spp:SPPSOUTH_HUB,lmp_dam,2026-09-03T10:00:00Z,12.5618,USD/MWh,PT1H,"US-AR,US-IA,US-KS,US-LA,US-MN,US-MO,US-MT,US-NE,US-NM,US-ND,US-OK,US-SD,US-TX,US-WY",spp_dam,SPPSOUTH_HUB,spp:DA-LMP-SL,https://portal.spp.org/file-browser-api/download/da-lmp-by-settlement-location?path=/2026/09/By_Day/DA-LMP-SL-202609030100.csv,2026-09-25T07:00:27Z,
spp:SPPSOUTH_HUB,lmp_dam,2026-09-03T11:00:00Z,18.5023,USD/MWh,PT1H,"US-AR,US-IA,US-KS,US-LA,US-MN,US-MO,US-MT,US-NE,US-NM,US-ND,US-OK,US-SD,US-TX,US-WY",spp_dam,SPPSOUTH_HUB,spp:DA-LMP-SL,https://portal.spp.org/file-browser-api/download/da-lmp-by-settlement-location?path=/2026/09/By_Day/DA-LMP-SL-202609030100.csv,2026-09-25T07:00:27Z,
spp:SPPSOUTH_HUB,lmp_dam,2026-09-03T12:00:00Z,19.0626,USD/MWh,PT1H,"US-AR,US-IA,US-KS,US-LA,US-MN,US-MO,US-MT,US-NE,US-NM,US-ND,US-OK,US-SD,US-TX,US-WY",spp_dam,SPPSOUTH_HUB,spp:DA-LMP-SL,https://portal.spp.org/file-browser-api/download/da-lmp-by-settlement-location?path=/2026/09/By_Day/DA-LMP-SL-202609030100.csv,2026-09-25T07:00:27Z,
spp:SPPSOUTH_HUB,lmp_dam,2026-09-03T13:00:00Z,23.988,USD/MWh,PT1H,"US-AR,US-IA,US-KS,US-LA,US-MN,US-MO,US-MT,US-NE,US-NM,US-ND,US-OK,US-SD,US-TX,US-WY",spp_dam,SPPSOUTH_HUB,spp:DA-LMP-SL,https://portal.spp.org/file-browser-api/download/da-lmp-by-settlement-location?path=/2026/09/By_Day/DA-LMP-SL-202609030100.csv,2026-09-25T07:00:27Z,
spp:SPPSOUTH_HUB,lmp_dam,2026-09-03T14:00:00Z,26.4931,USD/MWh,PT1H,"US-AR,US-IA,US-KS,US-LA,US-MN,US-MO,US-MT,US-NE,US-NM,US-ND,US-OK,US-SD,US-TX,US-WY",spp_dam,SPPSOUTH_HUB,spp:DA-LMP-SL,https://portal.spp.org/file-browser-api/download/da-lmp-by-settlement-location?path=/2026/09/By_Day/DA-LMP-SL-202609030100.csv,2026-09-25T07:00:27Z,
spp:SPPSOUTH_HUB,lmp_dam,2026-09-03T15:00:00Z,29.9116,USD/MWh,PT1H,"US-AR,US-IA,US-KS,US-LA,US-MN,US-MO,US-MT,US-NE,US-NM,US-ND,US-OK,US-SD,US-TX,US-WY",spp_dam,SPPSOUTH_HUB,spp:DA-LMP-SL,https://portal.spp.org/file-browser-api/download/da-lmp-by-settlement-location?path=/2026/09/By_Day/DA-LMP-SL-202609030100.csv,2026-09-25T07:00:27Z,
spp:SPPSOUTH_HUB,lmp_dam,2026-09-03T16:00:00Z,34.683,USD/MWh,PT1H,"US-AR,US-IA,US-KS,US-LA,US-MN,US-MO,US-MT,US-NE,US-NM,US-ND,US-OK,US-SD,US-TX,US-WY",spp_dam,SPPSOUTH_HUB,spp:DA-LMP-SL,https://portal.spp.org/file-browser-api/download/da-lmp-by-settlement-location?path=/2026/09/By_Day/DA-LMP-SL-202609030100.csv,2026-09-25T07:00:27Z,
spp:SPPSOUTH_HUB,lmp_dam,2026-09-03T17:00:00Z,42.3283,USD/MWh,PT1H,"US-AR,US-IA,US-KS,US-LA,US-MN,US-MO,US-MT,US-NE,US-NM,US-ND,US-OK,US-SD,US-TX,US-WY",spp_dam,SPPSOUTH_HUB,spp:DA-LMP-SL,https://portal.spp.org/file-browser-api/download/da-lmp-by-settlement-location?path=/2026/09/By_Day/DA-LMP-SL-202609030100.csv,2026-09-25T07:00:27Z,
spp:SPPSOUTH_HUB,lmp_dam,2026-09-03T18:00:00Z,54.8424,USD/MWh,PT1H,"US-AR,US-IA,US-KS,US-LA,US-MN,US-MO,US-MT,US-NE,US-NM,US-ND,US-OK,US-SD,US-TX,US-WY",spp_dam,SPPSOUTH_HUB,spp:DA-LMP-SL,https://portal.spp.org/file-browser-api/download/da-lmp-by-settlement-location?path=/2026/09/By_Day/DA-LMP-SL-202609030100.csv,2026-09-25T07:00:27Z,
spp:SPPSOUTH_HUB,lmp_dam,2026-09-03T19:00:00Z,60.9055,USD/MWh,PT1H,"US-AR,US-IA,US-KS,US-LA,US-MN,US-MO,US-MT,US-NE,US-NM,US-ND,US-OK,US-SD,US-TX,US-WY",spp_dam,SPPSOUTH_HUB,spp:DA-LMP-SL,https://portal.spp.org/file-browser-api/download/da-lmp-by-settlement-location?path=/2026/09/By_Day/DA-LMP-SL-202609030100.csv,2026-09-25T07:00:27Z,
spp:SPPSOUTH_HUB,lmp_dam,2026-09-03T20:00:00Z,66.1949,USD/MWh,PT1H,"US-AR,US-IA,US-KS,US-LA,US-MN,US-MO,US-MT,US-NE,US-NM,US-ND,US-OK,US-SD,US-TX,US-WY",spp_dam,SPPSOUTH_HUB,spp:DA-LMP-SL,https://portal.spp.org/file-browser-api/download/da-lmp-by-settlement-location?path=/2026/09/By_Day/DA-LMP-SL-202609030100.csv,2026-09-25T07:00:27Z,
spp:SPPSOUTH_HUB,lmp_dam,2026-09-03T21:00:00Z,66.8346,USD/MWh,PT1H,"US-AR,US-IA,US-KS,US-LA,US-MN,US-MO,US-MT,US-NE,US-NM,US-ND,US-OK,US-SD,US-TX,US-WY",spp_dam,SPPSOUTH_HUB,spp:DA-LMP-SL,https://portal.spp.org/file-browser-api/download/da-lmp-by-settlement-location?path=/2026/09/By_Day/DA-LMP-SL-202609030100.csv,2026-09-25T07:00:27Z,
spp:SPPSOUTH_HUB,lmp_dam,2026-09-03T22:00:00Z,67.6078,USD/MWh,PT1H,"US-AR,US-IA,US-KS,US-LA,US-MN,US-MO,US-MT,US-NE,US-NM,US-ND,US-OK,US-SD,US-TX,US-WY",spp_dam,SPPSOUTH_HUB,spp:DA-LMP-SL,https://portal.spp.org/file-browser-api/download/da-lmp-by-settlement-location?path=/2026/09/By_Day/DA-LMP-SL-202609030100.csv,2026-09-25T07:00:27Z,
spp:SPPSOUTH_HUB,lmp_dam,2026-09-03T23:00:00Z,57.6915,USD/MWh,PT1H,"US-AR,US-IA,US-KS,US-LA,US-MN,US-MO,US-MT,US-NE,US-NM,US-ND,US-OK,US-SD,US-TX,US-WY",spp_dam,SPPSOUTH_HUB,spp:DA-LMP-SL,https://portal.spp.org/file-browser-api/download/da-lmp-by-settlement-location?path=/2026/09/By_Day/DA-LMP-SL-202609030100.csv,2026-09-25T07:00:27Z,
spp:SPPSOUTH_HUB,lmp_dam,2026-09-04T00:00:00Z,45.8835,USD/MWh,PT1H,"US-AR,US-IA,US-KS,US-LA,US-MN,US-MO,US-MT,US-NE,US-NM,US-ND,US-OK,US-SD,US-TX,US-WY",spp_dam,SPPSOUTH_HUB,spp:DA-LMP-SL,https://portal.spp.org/file-browser-api/download/da-lmp-by-settlement-location?path=/2026/09/By_Day/DA-LMP-SL-202609030100.csv,2026-09-25T07:00:27Z,
spp:SPPSOUTH_HUB,lmp_dam,2026-09-04T01:00:00Z,37.7288,USD/MWh,PT1H,"US-AR,US-IA,US-KS,US-LA,US-MN,US-MO,US-MT,US-NE,US-NM,US-ND,US-OK,US-SD,US-TX,US-WY",spp_dam,SPPSOUTH_HUB,spp:DA-LMP-SL,https://portal.spp.org/file-browser-api/download/da-lmp-by-settlement-location?path=/2026/09/By_Day/DA-LMP-SL-202609030100.csv,2026-09-25T07:00:27Z,
spp:SPPSOUTH_HUB,lmp_dam,2026-09-04T02:00:00Z,29.0374,USD/MWh,PT1H,"US-AR,US-IA,US-KS,US-LA,US-MN,US-MO,US-MT,US-NE,US-NM,US-ND,US-OK,US-SD,US-TX,US-WY",spp_dam,SPPSOUTH_HUB,spp:DA-LMP-SL,https://portal.spp.org/file-browser-api/download/da-lmp-by-settlement-location?path=/2026/09/By_Day/DA-LMP-SL-202609030100.csv,2026-09-25T07:00:27Z,
spp:SPPSOUTH_HUB,lmp_dam,2026-09-04T03:00:00Z,21.8297,USD/MWh,PT1H,"US-AR,US-IA,US-KS,US-LA,US-MN,US-MO,US-MT,US-NE,US-NM,US-ND,US-OK,US-SD,US-TX,US-WY",spp_dam,SPPSOUTH_HUB,spp:DA-LMP-SL,https://portal.spp.org/file-browser-api/download/da-lmp-by-settlement-location?path=/2026/09/By_Day/DA-LMP-SL-202609030100.csv,2026-09-25T07:00:27Z,
spp:SPPSOUTH_HUB,lmp_dam,2026-09-04T04:00:00Z,14.0666,USD/MWh,PT1H,"US-AR,US-IA,US-KS,US-LA,US-MN,US-MO,US-MT,US-NE,US-NM,US-ND,US-OK,US-SD,US-TX,US-WY",spp_dam,SPPSOUTH_HUB,spp:DA-LMP-SL,https://portal.spp.org/file-browser-api/download/da-lmp-by-settlement-location?path=/2026/09/By_Day/DA-LMP-SL-202609030100.csv,2026-09-25T07:00:27Z,
spp:SPPSOUTH_HUB,lmp_dam,2026-09-04T05:00:00Z,10.8711,USD/MWh,PT1H,"US-AR,US-IA,US-KS,US-LA,US-MN,US-MO,US-MT,US-NE,US-NM,US-ND,US-OK,US-SD,US-TX,US-WY",spp_dam,SPPSOUTH_HUB,spp:DA-LMP-SL,https://portal.spp.org/file-browser-api/download/da-lmp-by-settlement-location?path=/2026/09/By_Day/DA-LMP-SL-202609040100.csv,2026-09-25T07:00:32Z,
spp:SPPSOUTH_HUB,lmp_dam,2026-09-04T06:00:00Z,6.5164,USD/MWh,PT1H,"US-AR,US-IA,US-KS,US-LA,US-MN,US-MO,US-MT,US-NE,US-NM,US-ND,US-OK,US-SD,US-TX,US-WY",spp_dam,SPPSOUTH_HUB,spp:DA-LMP-SL,https://portal.spp.org/file-browser-api/download/da-lmp-by-settlement-location?path=/2026/09/By_Day/DA-LMP-SL-202609040100.csv,2026-09-25T07:00:32Z,
spp:SPPSOUTH_HUB,lmp_dam,2026-09-04T07:00:00Z,8.1354,USD/MWh,PT1H,"US-AR,US-IA,US-KS,US-LA,US-MN,US-MO,US-MT,US-NE,US-NM,US-ND,US-OK,US-SD,US-TX,US-WY",spp_dam,SPPSOUTH_HUB,spp:DA-LMP-SL,https://portal.spp.org/file-browser-api/download/da-lmp-by-settlement-location?path=/2026/09/By_Day/DA-LMP-SL-202609040100.csv,2026-09-25T07:00:32Z,
spp:SPPSOUTH_HUB,lmp_dam,2026-09-04T08:00:00Z,8.2406,USD/MWh,PT1H,"US-AR,US-IA,US-KS,US-LA,US-MN,US-MO,US-MT,US-NE,US-NM,US-ND,US-OK,US-SD,US-TX,US-WY",spp_dam,SPPSOUTH_HUB,spp:DA-LMP-SL,https://portal.spp.org/file-browser-api/download/da-lmp-by-settlement-location?path=/2026/09/By_Day/DA-LMP-SL-202609040100.csv,2026-09-25T07:00:32Z,
spp:SPPSOUTH_HUB,lmp_dam,2026-09-04T09:00:00Z,14.1394,USD/MWh,PT1H,"US-AR,US-IA,US-KS,US-LA,US-MN,US-MO,US-MT,US-NE,US-NM,US-ND,US-OK,US-SD,US-TX,US-WY",spp_dam,SPPSOUTH_HUB,spp:DA-LMP-SL,https://portal.spp.org/file-browser-api/download/da-lmp-by-settlement-location?path=/2026/09/By_Day/DA-LMP-SL-202609040100.csv,2026-09-25T07:00:32Z,
spp:SPPSOUTH_HUB,lmp_dam,2026-09-04T10:00:00Z,20.0365,USD/MWh,PT1H,"US-AR,US-IA,US-KS,US-LA,US-MN,US-MO,US-MT,US-NE,US-NM,US-ND,US-OK,US-SD,US-TX,US-WY",spp_dam,SPPSOUTH_HUB,spp:DA-LMP-SL,https://portal.spp.org/file-browser-api/download/da-lmp-by-settlement-location?path=/2026/09/By_Day/DA-LMP-SL-202609040100.csv,2026-09-25T07:00:32Z,
spp:SPPSOUTH_HUB,lmp_dam,2026-09-04T11:00:00Z,23.9055,USD/MWh,PT1H,"US-AR,US-IA,US-KS,US-LA,US-MN,US-MO,US-MT,US-NE,US-NM,US-ND,US-OK,US-SD,US-TX,US-WY",spp_dam,SPPSOUTH_HUB,spp:DA-LMP-SL,https://portal.spp.org/file-browser-api/download/da-lmp-by-settlement-location?path=/2026/09/By_Day/DA-LMP-SL-202609040100.csv,2026-09-25T07:00:32Z,
spp:SPPSOUTH_HUB,lmp_dam,2026-09-04T12:00:00Z,24.4626,USD/MWh,PT1H,"US-AR,US-IA,US-KS,US-LA,US-MN,US-MO,US-MT,US-NE,US-NM,US-ND,US-OK,US-SD,US-TX,US-WY",spp_dam,SPPSOUTH_HUB,spp:DA-LMP-SL,https://portal.spp.org/file-browser-api/download/da-lmp-by-settlement-location?path=/2026/09/By_Day/DA-LMP-SL-202609040100.csv,2026-09-25T07:00:32Z,
spp:SPPSOUTH_HUB,lmp_dam,2026-09-04T13:00:00Z,26.1382,USD/MWh,PT1H,"US-AR,US-IA,US-KS,US-LA,US-MN,US-MO,US-MT,US-NE,US-NM,US-ND,US-OK,US-SD,US-TX,US-WY",spp_dam,SPPSOUTH_HUB,spp:DA-LMP-SL,https://portal.spp.org/file-browser-api/download/da-lmp-by-settlement-location?path=/2026/09/By_Day/DA-LMP-SL-202609040100.csv,2026-09-25T07:00:32Z,
spp:SPPSOUTH_HUB,lmp_dam,2026-09-04T14:00:00Z,31.1238,USD/MWh,PT1H,"US-AR,US-IA,US-KS,US-LA,US-MN,US-MO,US-MT,US-NE,US-NM,US-ND,US-OK,US-SD,US-TX,US-WY",spp_dam,SPPSOUTH_HUB,spp:DA-LMP-SL,https://portal.spp.org/file-browser-api/download/da-lmp-by-settlement-location?path=/2026/09/By_Day/DA-LMP-SL-202609040100.csv,2026-09-25T07:00:32Z,
spp:SPPSOUTH_HUB,lmp_dam,2026-09-04T15:00:00Z,34.7882,USD/MWh,PT1H,"US-AR,US-IA,US-KS,US-LA,US-MN,US-MO,US-MT,US-NE,US-NM,US-ND,US-OK,US-SD,US-TX,US-WY",spp_dam,SPPSOUTH_HUB,spp:DA-LMP-SL,https://portal.spp.org/file-browser-api/download/da-lmp-by-settlement-location?path=/2026/09/By_Day/DA-LMP-SL-202609040100.csv,2026-09-25T07:00:32Z,
spp:SPPSOUTH_HUB,lmp_dam,2026-09-04T16:00:00Z,42.6141,USD/MWh,PT1H,"US-AR,US-IA,US-KS,US-LA,US-MN,US-MO,US-MT,US-NE,US-NM,US-ND,US-OK,US-SD,US-TX,US-WY",spp_dam,SPPSOUTH_HUB,spp:DA-LMP-SL,https://portal.spp.org/file-browser-api/download/da-lmp-by-settlement-location?path=/2026/09/By_Day/DA-LMP-SL-202609040100.csv,2026-09-25T07:00:32Z,
spp:SPPSOUTH_HUB,lmp_dam,2026-09-04T17:00:00Z,54.7494,USD/MWh,PT1H,"US-AR,US-IA,US-KS,US-LA,US-MN,US-MO,US-MT,US-NE,US-NM,US-ND,US-OK,US-SD,US-TX,US-WY",spp_dam,SPPSOUTH_HUB,spp:DA-LMP-SL,https://portal.spp.org/file-browser-api/download/da-lmp-by-settlement-location?path=/2026/09/By_Day/DA-LMP-SL-202609040100.csv,2026-09-25T07:00:32Z,
spp:SPPSOUTH_HUB,lmp_dam,2026-09-04T18:00:00Z,73.7553,USD/MWh,PT1H,"US-AR,US-IA,US-KS,US-LA,US-MN,US-MO,US-MT,US-NE,US-NM,US-ND,US-OK,US-SD,US-TX,US-WY",spp_dam,SPPSOUTH_HUB,spp:DA-LMP-SL,https://portal.spp.org/file-browser-api/download/da-lmp-by-settlement-location?path=/2026/09/By_Day/DA-LMP-SL-202609040100.csv,2026-09-25T07:00:32Z,
spp:SPPSOUTH_HUB,lmp_dam,2026-09-04T19:00:00Z,74.8799,USD/MWh,PT1H,"US-AR,US-IA,US-KS,US-LA,US-MN,US-MO,US-MT,US-NE,US-NM,US-ND,US-OK,US-SD,US-TX,US-WY",spp_dam,SPPSOUTH_HUB,spp:DA-LMP-SL,https://portal.spp.org/file-browser-api/download/da-lmp-by-settlement-location?path=/2026/09/By_Day/DA-LMP-SL-202609040100.csv,2026-09-25T07:00:32Z,
spp:SPPSOUTH_HUB,lmp_dam,2026-09-04T20:00:00Z,71.3615,USD/MWh,PT1H,"US-AR,US-IA,US-KS,US-LA,US-MN,US-MO,US-MT,US-NE,US-NM,US-ND,US-OK,US-SD,US-TX,US-WY",spp_dam,SPPSOUTH_HUB,spp:DA-LMP-SL,https://portal.spp.org/file-browser-api/download/da-lmp-by-settlement-location?path=/2026/09/By_Day/DA-LMP-SL-202609040100.csv,2026-09-25T07:00:32Z,
spp:SPPSOUTH_HUB,lmp_dam,2026-09-04T21:00:00Z,69.3099,USD/MWh,PT1H,"US-AR,US-IA,US-KS,US-LA,US-MN,US-MO,US-MT,US-NE,US-NM,US-ND,US-OK,US-SD,US-TX,US-WY",spp_dam,SPPSOUTH_HUB,spp:DA-LMP-SL,https://portal.spp.org/file-browser-api/download/da-lmp-by-settlement-location?path=/2026/09/By_Day/DA-LMP-SL-202609040100.csv,2026-09-25T07:00:32Z,
spp:SPPSOUTH_HUB,lmp_dam,2026-09-04T22:00:00Z,70.7726,USD/MWh,PT1H,"US-AR,US-IA,US-KS,US-LA,US-MN,US-MO,US-MT,US-NE,US-NM,US-ND,US-OK,US-SD,US-TX,US-WY",spp_dam,SPPSOUTH_HUB,spp:DA-LMP-SL,https://portal.spp.org/file-browser-api/download/da-lmp-by-settlement-location?path=/2026/09/By_Day/DA-LMP-SL-202609040100.csv,2026-09-25T07:00:32Z,
spp:SPPSOUTH_HUB,lmp_dam,2026-09-04T23:00:00Z,63.7443,USD/MWh,PT1H,"US-AR,US-IA,US-KS,US-LA,US-MN,US-MO,US-MT,US-NE,US-NM,US-ND,US-OK,US-SD,US-TX,US-WY",spp_dam,SPPSOUTH_HUB,spp:DA-LMP-SL,https://portal.spp.org/file-browser-api/download/da-lmp-by-settlement-location?path=/2026/09/By_Day/DA-LMP-SL-202609040100.csv,2026-09-25T07:00:32Z,
spp:SPPSOUTH_HUB,lmp_dam,2026-09-05T00:00:00Z,54.8535,USD/MWh,PT1H,"US-AR,US-IA,US-KS,US-LA,US-MN,US-MO,US-MT,US-NE,US-NM,US-ND,US-OK,US-SD,US-TX,US-WY",spp_dam,SPPSOUTH_HUB,spp:DA-LMP-SL,https://portal.spp.org/file-browser-api/download/da-lmp-by-settlement-location?path=/2026/09/By_Day/DA-LMP-SL-202609040100.csv,2026-09-25T07:00:32Z,
spp:SPPSOUTH_HUB,lmp_dam,2026-09-05T01:00:00Z,45.0783,USD/MWh,PT1H,"US-AR,US-IA,US-KS,US-LA,US-MN,US-MO,US-MT,US-NE,US-NM,US-ND,US-OK,US-SD,US-TX,US-WY",spp_dam,SPPSOUTH_HUB,spp:DA-LMP-SL,https://portal.spp.org/file-browser-api/download/da-lmp-by-settlement-location?path=/2026/09/By_Day/DA-LMP-SL-202609040100.csv,2026-09-25T07:00:32Z,
spp:SPPSOUTH_HUB,lmp_dam,2026-09-05T02:00:00Z,35.7631,USD/MWh,PT1H,"US-AR,US-IA,US-KS,US-LA,US-MN,US-MO,US-MT,US-NE,US-NM,US-ND,US-OK,US-SD,US-TX,US-WY",spp_dam,SPPSOUTH_HUB,spp:DA-LMP-SL,https://portal.spp.org/file-browser-api/download/da-lmp-by-settlement-location?path=/2026/09/By_Day/DA-LMP-SL-202609040100.csv,2026-09-25T07:00:32Z,
spp:SPPSOUTH_HUB,lmp_dam,2026-09-05T03:00:00Z,27.7929,USD/MWh,PT1H,"US-AR,US-IA,US-KS,US-LA,US-MN,US-MO,US-MT,US-NE,US-NM,US-ND,US-OK,US-SD,US-TX,US-WY",spp_dam,SPPSOUTH_HUB,spp:DA-LMP-SL,https://portal.spp.org/file-browser-api/download/da-lmp-by-settlement-location?path=/2026/09/By_Day/DA-LMP-SL-202609040100.csv,2026-09-25T07:00:32Z,
spp:SPPSOUTH_HUB,lmp_dam,2026-09-05T04:00:00Z,27.5714,USD/MWh,PT1H,"US-AR,US-IA,US-KS,US-LA,US-MN,US-MO,US-MT,US-NE,US-NM,US-ND,US-OK,US-SD,US-TX,US-WY",spp_dam,SPPSOUTH_HUB,spp:DA-LMP-SL,https://portal.spp.org/file-browser-api/download/da-lmp-by-settlement-location?path=/2026/09/By_Day/DA-LMP-SL-202609040100.csv,2026-09-25T07:00:32Z,
spp:SPPSOUTH_HUB,lmp_dam,2026-09-05T05:00:00Z,14.8237,USD/MWh,PT1H,"US-AR,US-IA,US-KS,US-LA,US-MN,US-MO,US-MT,US-NE,US-NM,US-ND,US-OK,US-SD,US-TX,US-WY",spp_dam,SPPSOUTH_HUB,spp:DA-LMP-SL,https://portal.spp.org/file-browser-api/download/da-lmp-by-settlement-location?path=/2026/09/By_Day/DA-LMP-SL-202609050100.csv,2026-09-25T07:00:32Z,
spp:SPPSOUTH_HUB,lmp_dam,2026-09-05T06:00:00Z,14.3013,USD/MWh,PT1H,"US-AR,US-IA,US-KS,US-LA,US-MN,US-MO,US-MT,US-NE,US-NM,US-ND,US-OK,US-SD,US-TX,US-WY",spp_dam,SPPSOUTH_HUB,spp:DA-LMP-SL,https://portal.spp.org/file-browser-api/download/da-lmp-by-settlement-location?path=/2026/09/By_Day/DA-LMP-SL-202609050100.csv,2026-09-25T07:00:32Z,
spp:SPPSOUTH_HUB,lmp_dam,2026-09-05T07:00:00Z,14.526,USD/MWh,PT1H,"US-AR,US-IA,US-KS,US-LA,US-MN,US-MO,US-MT,US-NE,US-NM,US-ND,US-OK,US-SD,US-TX,US-WY",spp_dam,SPPSOUTH_HUB,spp:DA-LMP-SL,https://portal.spp.org/file-browser-api/download/da-lmp-by-settlement-location?path=/2026/09/By_Day/DA-LMP-SL-202609050100.csv,2026-09-25T07:00:32Z,
spp:SPPSOUTH_HUB,lmp_dam,2026-09-05T08:00:00Z,15.9894,USD/MWh,PT1H,"US-AR,US-IA,US-KS,US-LA,US-MN,US-MO,US-MT,US-NE,US-NM,US-ND,US-OK,US-SD,US-TX,US-WY",spp_dam,SPPSOUTH_HUB,spp:DA-LMP-SL,https://portal.spp.org/file-browser-api/download/da-lmp-by-settlement-location?path=/2026/09/By_Day/DA-LMP-SL-202609050100.csv,2026-09-25T07:00:32Z,
spp:SPPSOUTH_HUB,lmp_dam,2026-09-05T09:00:00Z,18.7895,USD/MWh,PT1H,"US-AR,US-IA,US-KS,US-LA,US-MN,US-MO,US-MT,US-NE,US-NM,US-ND,US-OK,US-SD,US-TX,US-WY",spp_dam,SPPSOUTH_HUB,spp:DA-LMP-SL,https://portal.spp.org/file-browser-api/download/da-lmp-by-settlement-location?path=/2026/09/By_Day/DA-LMP-SL-202609050100.csv,2026-09-25T07:00:32Z,
spp:SPPSOUTH_HUB,lmp_dam,2026-09-05T10:00:00Z,20.7272,USD/MWh,PT1H,"US-AR,US-IA,US-KS,US-LA,US-MN,US-MO,US-MT,US-NE,US-NM,US-ND,US-OK,US-SD,US-TX,US-WY",spp_dam,SPPSOUTH_HUB,spp:DA-LMP-SL,https://portal.spp.org/file-browser-api/download/da-lmp-by-settlement-location?path=/2026/09/By_Day/DA-LMP-SL-202609050100.csv,2026-09-25T07:00:32Z,
spp:SPPSOUTH_HUB,lmp_dam,2026-09-05T11:00:00Z,22.2596,USD/MWh,PT1H,"US-AR,US-IA,US-KS,US-LA,US-MN,US-MO,US-MT,US-NE,US-NM,US-ND,US-OK,US-SD,US-TX,US-WY",spp_dam,SPPSOUTH_HUB,spp:DA-LMP-SL,https://portal.spp.org/file-browser-api/download/da-lmp-by-settlement-location?path=/2026/09/By_Day/DA-LMP-SL-202609050100.csv,2026-09-25T07:00:32Z,
spp:SPPSOUTH_HUB,lmp_dam,2026-09-05T12:00:00Z,23.3241,USD/MWh,PT1H,"US-AR,US-IA,US-KS,US-LA,US-MN,US-MO,US-MT,US-NE,US-NM,US-ND,US-OK,US-SD,US-TX,US-WY",spp_dam,SPPSOUTH_HUB,spp:DA-LMP-SL,https://portal.spp.org/file-browser-api/download/da-lmp-by-settlement-location?path=/2026/09/By_Day/DA-LMP-SL-202609050100.csv,2026-09-25T07:00:32Z,
spp:SPPSOUTH_HUB,lmp_dam,2026-09-05T13:00:00Z,26.4058,USD/MWh,PT1H,"US-AR,US-IA,US-KS,US-LA,US-MN,US-MO,US-MT,US-NE,US-NM,US-ND,US-OK,US-SD,US-TX,US-WY",spp_dam,SPPSOUTH_HUB,spp:DA-LMP-SL,https://portal.spp.org/file-browser-api/download/da-lmp-by-settlement-location?path=/2026/09/By_Day/DA-LMP-SL-202609050100.csv,2026-09-25T07:00:32Z,
spp:SPPSOUTH_HUB,lmp_dam,2026-09-05T14:00:00Z,31.7781,USD/MWh,PT1H,"US-AR,US-IA,US-KS,US-LA,US-MN,US-MO,US-MT,US-NE,US-NM,US-ND,US-OK,US-SD,US-TX,US-WY",spp_dam,SPPSOUTH_HUB,spp:DA-LMP-SL,https://portal.spp.org/file-browser-api/download/da-lmp-by-settlement-location?path=/2026/09/By_Day/DA-LMP-SL-202609050100.csv,2026-09-25T07:00:32Z,
spp:SPPSOUTH_HUB,lmp_dam,2026-09-05T15:00:00Z,36.0006,USD/MWh,PT1H,"US-AR,US-IA,US-KS,US-LA,US-MN,US-MO,US-MT,US-NE,US-NM,US-ND,US-OK,US-SD,US-TX,US-WY",spp_dam,SPPSOUTH_HUB,spp:DA-LMP-SL,https://portal.spp.org/file-browser-api/download/da-lmp-by-settlement-location?path=/2026/09/By_Day/DA-LMP-SL-202609050100.csv,2026-09-25T07:00:32Z,
spp:SPPSOUTH_HUB,lmp_dam,2026-09-05T16:00:00Z,42.9673,USD/MWh,PT1H,"US-AR,US-IA,US-KS,US-LA,US-MN,US-MO,US-MT,US-NE,US-NM,US-ND,US-OK,US-SD,US-TX,US-WY",spp_dam,SPPSOUTH_HUB,spp:DA-LMP-SL,https://portal.spp.org/file-browser-api/download/da-lmp-by-settlement-location?path=/2026/09/By_Day/DA-LMP-SL-202609050100.csv,2026-09-25T07:00:32Z,
spp:SPPSOUTH_HUB,lmp_dam,2026-09-05T17:00:00Z,55.0712,USD/MWh,PT1H,"US-AR,US-IA,US-KS,US-LA,US-MN,US-MO,US-MT,US-NE,US-NM,US-ND,US-OK,US-SD,US-TX,US-WY",spp_dam,SPPSOUTH_HUB,spp:DA-LMP-SL,https://portal.spp.org/file-browser-api/download/da-lmp-by-settlement-location?path=/2026/09/By_Day/DA-LMP-SL-202609050100.csv,2026-09-25T07:00:32Z,
spp:SPPSOUTH_HUB,lmp_dam,2026-09-05T18:00:00Z,65.5073,USD/MWh,PT1H,"US-AR,US-IA,US-KS,US-LA,US-MN,US-MO,US-MT,US-NE,US-NM,US-ND,US-OK,US-SD,US-TX,US-WY",spp_dam,SPPSOUTH_HUB,spp:DA-LMP-SL,https://portal.spp.org/file-browser-api/download/da-lmp-by-settlement-location?path=/2026/09/By_Day/DA-LMP-SL-202609050100.csv,2026-09-25T07:00:32Z,
spp:SPPSOUTH_HUB,lmp_dam,2026-09-05T19:00:00Z,67.9237,USD/MWh,PT1H,"US-AR,US-IA,US-KS,US-LA,US-MN,US-MO,US-MT,US-NE,US-NM,US-ND,US-OK,US-SD,US-TX,US-WY",spp_dam,SPPSOUTH_HUB,spp:DA-LMP-SL,https://portal.spp.org/file-browser-api/download/da-lmp-by-settlement-location?path=/2026/09/By_Day/DA-LMP-SL-202609050100.csv,2026-09-25T07:00:32Z,
spp:SPPSOUTH_HUB,lmp_dam,2026-09-05T20:00:00Z,71.3781,USD/MWh,PT1H,"US-AR,US-IA,US-KS,US-LA,US-MN,US-MO,US-MT,US-NE,US-NM,US-ND,US-OK,US-SD,US-TX,US-WY",spp_dam,SPPSOUTH_HUB,spp:DA-LMP-SL,https://portal.spp.org/file-browser-api/download/da-lmp-by-settlement-location?path=/2026/09/By_Day/DA-LMP-SL-202609050100.csv,2026-09-25T07:00:32Z,
spp:SPPSOUTH_HUB,lmp_dam,2026-09-05T21:00:00Z,75.4026,USD/MWh,PT1H,"US-AR,US-IA,US-KS,US-LA,US-MN,US-MO,US-MT,US-NE,US-NM,US-ND,US-OK,US-SD,US-TX,US-WY",spp_dam,SPPSOUTH_HUB,spp:DA-LMP-SL,https://portal.spp.org/file-browser-api/download/da-lmp-by-settlement-location?path=/2026/09/By_Day/DA-LMP-SL-202609050100.csv,2026-09-25T07:00:32Z,
spp:SPPSOUTH_HUB,lmp_dam,2026-09-05T22:00:00Z,82.415,USD/MWh,PT1H,"US-AR,US-IA,US-KS,US-LA,US-MN,US-MO,US-MT,US-NE,US-NM,US-ND,US-OK,US-SD,US-TX,US-WY",spp_dam,SPPSOUTH_HUB,spp:DA-LMP-SL,https://portal.spp.org/file-browser-api/download/da-lmp-by-settlement-location?path=/2026/09/By_Day/DA-LMP-SL-202609050100.csv,2026-09-25T07:00:32Z,
spp:SPPSOUTH_HUB,lmp_dam,2026-09-05T23:00:00Z,83.3449,USD/MWh,PT1H,"US-AR,US-IA,US-KS,US-LA,US-MN,US-MO,US-MT,US-NE,US-NM,US-ND,US-OK,US-SD,US-TX,US-WY",spp_dam,SPPSOUTH_HUB,spp:DA-LMP-SL,https://portal.spp.org/file-browser-api/download/da-lmp-by-settlement-location?path=/2026/09/By_Day/DA-LMP-SL-202609050100.csv,2026-09-25T07:00:32Z,
spp:SPPSOUTH_HUB,lmp_dam,2026-09-06T00:00:00Z,52.9778,USD/MWh,PT1H,"US-AR,US-IA,US-KS,US-LA,US-MN,US-MO,US-MT,US-NE,US-NM,US-ND,US-OK,US-SD,US-TX,US-WY",spp_dam,SPPSOUTH_HUB,spp:DA-LMP-SL,https://portal.spp.org/file-browser-api/download/da-lmp-by-settlement-location?path=/2026/09/By_Day/DA-LMP-SL-202609050100.csv,2026-09-25T07:00:32Z,
spp:SPPSOUTH_HUB,lmp_dam,2026-09-06T01:00:00Z,34.4216,USD/MWh,PT1H,"US-AR,US-IA,US-KS,US-LA,US-MN,US-MO,US-MT,US-NE,US-NM,US-ND,US-OK,US-SD,US-TX,US-WY",spp_dam,SPPSOUTH_HUB,spp:DA-LMP-SL,https://portal.spp.org/file-browser-api/download/da-lmp-by-settlement-location?path=/2026/09/By_Day/DA-LMP-SL-202609050100.csv,2026-09-25T07:00:32Z,
spp:SPPSOUTH_HUB,lmp_dam,2026-09-06T02:00:00Z,29.1899,USD/MWh,PT1H,"US-AR,US-IA,US-KS,US-LA,US-MN,US-MO,US-MT,US-NE,US-NM,US-ND,US-OK,US-SD,US-TX,US-WY",spp_dam,SPPSOUTH_HUB,spp:DA-LMP-SL,https://portal.spp.org/file-browser-api/download/da-lmp-by-settlement-location?path=/2026/09/By_Day/DA-LMP-SL-202609050100.csv,2026-09-25T07:00:32Z,
spp:SPPSOUTH_HUB,lmp_dam,2026-09-06T03:00:00Z,26.9349,USD/MWh,PT1H,"US-AR,US-IA,US-KS,US-LA,US-MN,US-MO,US-MT,US-NE,US-NM,US-ND,US-OK,US-SD,US-TX,US-WY",spp_dam,SPPSOUTH_HUB,spp:DA-LMP-SL,https://portal.spp.org/file-browser-api/download/da-lmp-by-settlement-location?path=/2026/09/By_Day/DA-LMP-SL-202609050100.csv,2026-09-25T07:00:32Z,
spp:SPPSOUTH_HUB,lmp_dam,2026-09-06T04:00:00Z,21.378,USD/MWh,PT1H,"US-AR,US-IA,US-KS,US-LA,US-MN,US-MO,US-MT,US-NE,US-NM,US-ND,US-OK,US-SD,US-TX,US-WY",spp_dam,SPPSOUTH_HUB,spp:DA-LMP-SL,https://portal.spp.org/file-browser-api/download/da-lmp-by-settlement-location?path=/2026/09/By_Day/DA-LMP-SL-202609050100.csv,2026-09-25T07:00:32Z,
spp:SPPSOUTH_HUB,lmp_dam,2026-09-06T05:00:00Z,21.0762,USD/MWh,PT1H,"US-AR,US-IA,US-KS,US-LA,US-MN,US-MO,US-MT,US-NE,US-NM,US-ND,US-OK,US-SD,US-TX,US-WY",spp_dam,SPPSOUTH_HUB,spp:DA-LMP-SL,https://portal.spp.org/file-browser-api/download/da-lmp-by-settlement-location?path=/2026/09/By_Day/DA-LMP-SL-202609060100.csv,2026-09-25T07:00:31Z,
spp:SPPSOUTH_HUB,lmp_dam,2026-09-06T06:00:00Z,21.0718,USD/MWh,PT1H,"US-AR,US-IA,US-KS,US-LA,US-MN,US-MO,US-MT,US-NE,US-NM,US-ND,US-OK,US-SD,US-TX,US-WY",spp_dam,SPPSOUTH_HUB,spp:DA-LMP-SL,https://portal.spp.org/file-browser-api/download/da-lmp-by-settlement-location?path=/2026/09/By_Day/DA-LMP-SL-202609060100.csv,2026-09-25T07:00:31Z,
spp:SPPSOUTH_HUB,lmp_dam,2026-09-06T07:00:00Z,21.0633,USD/MWh,PT1H,"US-AR,US-IA,US-KS,US-LA,US-MN,US-MO,US-MT,US-NE,US-NM,US-ND,US-OK,US-SD,US-TX,US-WY",spp_dam,SPPSOUTH_HUB,spp:DA-LMP-SL,https://portal.spp.org/file-browser-api/download/da-lmp-by-settlement-location?path=/2026/09/By_Day/DA-LMP-SL-202609060100.csv,2026-09-25T07:00:31Z,
spp:SPPSOUTH_HUB,lmp_dam,2026-09-06T08:00:00Z,21.7477,USD/MWh,PT1H,"US-AR,US-IA,US-KS,US-LA,US-MN,US-MO,US-MT,US-NE,US-NM,US-ND,US-OK,US-SD,US-TX,US-WY",spp_dam,SPPSOUTH_HUB,spp:DA-LMP-SL,https://portal.spp.org/file-browser-api/download/da-lmp-by-settlement-location?path=/2026/09/By_Day/DA-LMP-SL-202609060100.csv,2026-09-25T07:00:31Z,
spp:SPPSOUTH_HUB,lmp_dam,2026-09-06T09:00:00Z,22.4391,USD/MWh,PT1H,"US-AR,US-IA,US-KS,US-LA,US-MN,US-MO,US-MT,US-NE,US-NM,US-ND,US-OK,US-SD,US-TX,US-WY",spp_dam,SPPSOUTH_HUB,spp:DA-LMP-SL,https://portal.spp.org/file-browser-api/download/da-lmp-by-settlement-location?path=/2026/09/By_Day/DA-LMP-SL-202609060100.csv,2026-09-25T07:00:31Z,
spp:SPPSOUTH_HUB,lmp_dam,2026-09-06T10:00:00Z,23.0387,USD/MWh,PT1H,"US-AR,US-IA,US-KS,US-LA,US-MN,US-MO,US-MT,US-NE,US-NM,US-ND,US-OK,US-SD,US-TX,US-WY",spp_dam,SPPSOUTH_HUB,spp:DA-LMP-SL,https://portal.spp.org/file-browser-api/download/da-lmp-by-settlement-location?path=/2026/09/By_Day/DA-LMP-SL-202609060100.csv,2026-09-25T07:00:31Z,
spp:SPPSOUTH_HUB,lmp_dam,2026-09-06T11:00:00Z,24.0016,USD/MWh,PT1H,"US-AR,US-IA,US-KS,US-LA,US-MN,US-MO,US-MT,US-NE,US-NM,US-ND,US-OK,US-SD,US-TX,US-WY",spp_dam,SPPSOUTH_HUB,spp:DA-LMP-SL,https://portal.spp.org/file-browser-api/download/da-lmp-by-settlement-location?path=/2026/09/By_Day/DA-LMP-SL-202609060100.csv,2026-09-25T07:00:31Z,
spp:SPPSOUTH_HUB,lmp_dam,2026-09-06T12:00:00Z,24.9411,USD/MWh,PT1H,"US-AR,US-IA,US-KS,US-LA,US-MN,US-MO,US-MT,US-NE,US-NM,US-ND,US-OK,US-SD,US-TX,US-WY",spp_dam,SPPSOUTH_HUB,spp:DA-LMP-SL,https://portal.spp.org/file-browser-api/download/da-lmp-by-settlement-location?path=/2026/09/By_Day/DA-LMP-SL-202609060100.csv,2026-09-25T07:00:31Z,
spp:SPPSOUTH_HUB,lmp_dam,2026-09-06T13:00:00Z,28.7123,USD/MWh,PT1H,"US-AR,US-IA,US-KS,US-LA,US-MN,US-MO,US-MT,US-NE,US-NM,US-ND,US-OK,US-SD,US-TX,US-WY",spp_dam,SPPSOUTH_HUB,spp:DA-LMP-SL,https://portal.spp.org/file-browser-api/download/da-lmp-by-settlement-location?path=/2026/09/By_Day/DA-LMP-SL-202609060100.csv,2026-09-25T07:00:31Z,
spp:SPPSOUTH_HUB,lmp_dam,2026-09-06T14:00:00Z,38.1037,USD/MWh,PT1H,"US-AR,US-IA,US-KS,US-LA,US-MN,US-MO,US-MT,US-NE,US-NM,US-ND,US-OK,US-SD,US-TX,US-WY",spp_dam,SPPSOUTH_HUB,spp:DA-LMP-SL,https://portal.spp.org/file-browser-api/download/da-lmp-by-settlement-location?path=/2026/09/By_Day/DA-LMP-SL-202609060100.csv,2026-09-25T07:00:31Z,
spp:SPPSOUTH_HUB,lmp_dam,2026-09-06T15:00:00Z,40.9476,USD/MWh,PT1H,"US-AR,US-IA,US-KS,US-LA,US-MN,US-MO,US-MT,US-NE,US-NM,US-ND,US-OK,US-SD,US-TX,US-WY",spp_dam,SPPSOUTH_HUB,spp:DA-LMP-SL,https://portal.spp.org/file-browser-api/download/da-lmp-by-settlement-location?path=/2026/09/By_Day/DA-LMP-SL-202609060100.csv,2026-09-25T07:00:31Z,
spp:SPPSOUTH_HUB,lmp_dam,2026-09-06T16:00:00Z,46.9232,USD/MWh,PT1H,"US-AR,US-IA,US-KS,US-LA,US-MN,US-MO,US-MT,US-NE,US-NM,US-ND,US-OK,US-SD,US-TX,US-WY",spp_dam,SPPSOUTH_HUB,spp:DA-LMP-SL,https://portal.spp.org/file-browser-api/download/da-lmp-by-settlement-location?path=/2026/09/By_Day/DA-LMP-SL-202609060100.csv,2026-09-25T07:00:31Z,
spp:SPPSOUTH_HUB,lmp_dam,2026-09-06T17:00:00Z,48.7829,USD/MWh,PT1H,"US-AR,US-IA,US-KS,US-LA,US-MN,US-MO,US-MT,US-NE,US-NM,US-ND,US-OK,US-SD,US-TX,US-WY",spp_dam,SPPSOUTH_HUB,spp:DA-LMP-SL,https://portal.spp.org/file-browser-api/download/da-lmp-by-settlement-location?path=/2026/09/By_Day/DA-LMP-SL-202609060100.csv,2026-09-25T07:00:31Z,
spp:SPPSOUTH_HUB,lmp_dam,2026-09-06T18:00:00Z,58.1082,USD/MWh,PT1H,"US-AR,US-IA,US-KS,US-LA,US-MN,US-MO,US-MT,US-NE,US-NM,US-ND,US-OK,US-SD,US-TX,US-WY",spp_dam,SPPSOUTH_HUB,spp:DA-LMP-SL,https://portal.spp.org/file-browser-api/download/da-lmp-by-settlement-location?path=/2026/09/By_Day/DA-LMP-SL-202609060100.csv,2026-09-25T07:00:31Z,
spp:SPPSOUTH_HUB,lmp_dam,2026-09-06T19:00:00Z,60.9001,USD/MWh,PT1H,"US-AR,US-IA,US-KS,US-LA,US-MN,US-MO,US-MT,US-NE,US-NM,US-ND,US-OK,US-SD,US-TX,US-WY",spp_dam,SPPSOUTH_HUB,spp:DA-LMP-SL,https://portal.spp.org/file-browser-api/download/da-lmp-by-settlement-location?path=/2026/09/By_Day/DA-LMP-SL-202609060100.csv,2026-09-25T07:00:31Z,
spp:SPPSOUTH_HUB,lmp_dam,2026-09-06T20:00:00Z,62.7185,USD/MWh,PT1H,"US-AR,US-IA,US-KS,US-LA,US-MN,US-MO,US-MT,US-NE,US-NM,US-ND,US-OK,US-SD,US-TX,US-WY",spp_dam,SPPSOUTH_HUB,spp:DA-LMP-SL,https://portal.spp.org/file-browser-api/download/da-lmp-by-settlement-location?path=/2026/09/By_Day/DA-LMP-SL-202609060100.csv,2026-09-25T07:00:31Z,
spp:SPPSOUTH_HUB,lmp_dam,2026-09-06T21:00:00Z,67.8179,USD/MWh,PT1H,"US-AR,US-IA,US-KS,US-LA,US-MN,US-MO,US-MT,US-NE,US-NM,US-ND,US-OK,US-SD,US-TX,US-WY",spp_dam,SPPSOUTH_HUB,spp:DA-LMP-SL,https://portal.spp.org/file-browser-api/download/da-lmp-by-settlement-location?path=/2026/09/By_Day/DA-LMP-SL-202609060100.csv,2026-09-25T07:00:31Z,
spp:SPPSOUTH_HUB,lmp_dam,2026-09-06T22:00:00Z,74.9046,USD/MWh,PT1H,"US-AR,US-IA,US-KS,US-LA,US-MN,US-MO,US-MT,US-NE,US-NM,US-ND,US-OK,US-SD,US-TX,US-WY",spp_dam,SPPSOUTH_HUB,spp:DA-LMP-SL,https://portal.spp.org/file-browser-api/download/da-lmp-by-settlement-location?path=/2026/09/By_Day/DA-LMP-SL-202609060100.csv,2026-09-25T07:00:31Z,
spp:SPPSOUTH_HUB,lmp_dam,2026-09-06T23:00:00Z,64.3006,USD/MWh,PT1H,"US-AR,US-IA,US-KS,US-LA,US-MN,US-MO,US-MT,US-NE,US-NM,US-ND,US-OK,US-SD,US-TX,US-WY",spp_dam,SPPSOUTH_HUB,spp:DA-LMP-SL,https://portal.spp.org/file-browser-api/download/da-lmp-by-settlement-location?path=/2026/09/By_Day/DA-LMP-SL-202609060100.csv,2026-09-25T07:00:31Z,
spp:SPPSOUTH_HUB,lmp_dam,2026-09-07T00:00:00Z,51.1504,USD/MWh,PT1H,"US-AR,US-IA,US-KS,US-LA,US-MN,US-MO,US-MT,US-NE,US-NM,US-ND,US-OK,US-SD,US-TX,US-WY",spp_dam,SPPSOUTH_HUB,spp:DA-LMP-SL,https://portal.spp.org/file-browser-api/download/da-lmp-by-settlement-location?path=/2026/09/By_Day/DA-LMP-SL-202609060100.csv,2026-09-25T07:00:31Z,
spp:SPPSOUTH_HUB,lmp_dam,2026-09-07T01:00:00Z,39.0992,USD/MWh,PT1H,"US-AR,US-IA,US-KS,US-LA,US-MN,US-MO,US-MT,US-NE,US-NM,US-ND,US-OK,US-SD,US-TX,US-WY",spp_dam,SPPSOUTH_HUB,spp:DA-LMP-SL,https://portal.spp.org/file-browser-api/download/da-lmp-by-settlement-location?path=/2026/09/By_Day/DA-LMP-SL-202609060100.csv,2026-09-25T07:00:31Z,
spp:SPPSOUTH_HUB,lmp_dam,2026-09-07T02:00:00Z,33.9289,USD/MWh,PT1H,"US-AR,US-IA,US-KS,US-LA,US-MN,US-MO,US-MT,US-NE,US-NM,US-ND,US-OK,US-SD,US-TX,US-WY",spp_dam,SPPSOUTH_HUB,spp:DA-LMP-SL,https://portal.spp.org/file-browser-api/download/da-lmp-by-settlement-location?path=/2026/09/By_Day/DA-LMP-SL-202609060100.csv,2026-09-25T07:00:31Z,
spp:SPPSOUTH_HUB,lmp_dam,2026-09-07T03:00:00Z,29.101,USD/MWh,PT1H,"US-AR,US-IA,US-KS,US-LA,US-MN,US-MO,US-MT,US-NE,US-NM,US-ND,US-OK,US-SD,US-TX,US-WY",spp_dam,SPPSOUTH_HUB,spp:DA-LMP-SL,https://portal.spp.org/file-browser-api/download/da-lmp-by-settlement-location?path=/2026/09/By_Day/DA-LMP-SL-202609060100.csv,2026-09-25T07:00:31Z,
spp:SPPSOUTH_HUB,lmp_dam,2026-09-07T04:00:00Z,21.1,USD/MWh,PT1H,"US-AR,US-IA,US-KS,US-LA,US-MN,US-MO,US-MT,US-NE,US-NM,US-ND,US-OK,US-SD,US-TX,US-WY",spp_dam,SPPSOUTH_HUB,spp:DA-LMP-SL,https://portal.spp.org/file-browser-api/download/da-lmp-by-settlement-location?path=/2026/09/By_Day/DA-LMP-SL-202609060100.csv,2026-09-25T07:00:31Z,
spp:SPPSOUTH_HUB,lmp_dam,2026-09-07T05:00:00Z,19.7697,USD/MWh,PT1H,"US-AR,US-IA,US-KS,US-LA,US-MN,US-MO,US-MT,US-NE,US-NM,US-ND,US-OK,US-SD,US-TX,US-WY",spp_dam,SPPSOUTH_HUB,spp:DA-LMP-SL,https://portal.spp.org/file-browser-api/download/da-lmp-by-settlement-location?path=/2026/09/By_Day/DA-LMP-SL-202609070100.csv,2026-09-25T07:01:08Z,
spp:SPPSOUTH_HUB,lmp_dam,2026-09-07T06:00:00Z,16.9861,USD/MWh,PT1H,"US-AR,US-IA,US-KS,US-LA,US-MN,US-MO,US-MT,US-NE,US-NM,US-ND,US-OK,US-SD,US-TX,US-WY",spp_dam,SPPSOUTH_HUB,spp:DA-LMP-SL,https://portal.spp.org/file-browser-api/download/da-lmp-by-settlement-location?path=/2026/09/By_Day/DA-LMP-SL-202609070100.csv,2026-09-25T07:01:08Z,
spp:SPPSOUTH_HUB,lmp_dam,2026-09-07T07:00:00Z,16.1811,USD/MWh,PT1H,"US-AR,US-IA,US-KS,US-LA,US-MN,US-MO,US-MT,US-NE,US-NM,US-ND,US-OK,US-SD,US-TX,US-WY",spp_dam,SPPSOUTH_HUB,spp:DA-LMP-SL,https://portal.spp.org/file-browser-api/download/da-lmp-by-settlement-location?path=/2026/09/By_Day/DA-LMP-SL-202609070100.csv,2026-09-25T07:01:08Z,
spp:SPPSOUTH_HUB,lmp_dam,2026-09-07T08:00:00Z,15.6369,USD/MWh,PT1H,"US-AR,US-IA,US-KS,US-LA,US-MN,US-MO,US-MT,US-NE,US-NM,US-ND,US-OK,US-SD,US-TX,US-WY",spp_dam,SPPSOUTH_HUB,spp:DA-LMP-SL,https://portal.spp.org/file-browser-api/download/da-lmp-by-settlement-location?path=/2026/09/By_Day/DA-LMP-SL-202609070100.csv,2026-09-25T07:01:08Z,
spp:SPPSOUTH_HUB,lmp_dam,2026-09-07T09:00:00Z,15.901,USD/MWh,PT1H,"US-AR,US-IA,US-KS,US-LA,US-MN,US-MO,US-MT,US-NE,US-NM,US-ND,US-OK,US-SD,US-TX,US-WY",spp_dam,SPPSOUTH_HUB,spp:DA-LMP-SL,https://portal.spp.org/file-browser-api/download/da-lmp-by-settlement-location?path=/2026/09/By_Day/DA-LMP-SL-202609070100.csv,2026-09-25T07:01:08Z,
spp:SPPSOUTH_HUB,lmp_dam,2026-09-07T10:00:00Z,17.5644,USD/MWh,PT1H,"US-AR,US-IA,US-KS,US-LA,US-MN,US-MO,US-MT,US-NE,US-NM,US-ND,US-OK,US-SD,US-TX,US-WY",spp_dam,SPPSOUTH_HUB,spp:DA-LMP-SL,https://portal.spp.org/file-browser-api/download/da-lmp-by-settlement-location?path=/2026/09/By_Day/DA-LMP-SL-202609070100.csv,2026-09-25T07:01:08Z,
spp:SPPSOUTH_HUB,lmp_dam,2026-09-07T11:00:00Z,23.2726,USD/MWh,PT1H,"US-AR,US-IA,US-KS,US-LA,US-MN,US-MO,US-MT,US-NE,US-NM,US-ND,US-OK,US-SD,US-TX,US-WY",spp_dam,SPPSOUTH_HUB,spp:DA-LMP-SL,https://portal.spp.org/file-browser-api/download/da-lmp-by-settlement-location?path=/2026/09/By_Day/DA-LMP-SL-202609070100.csv,2026-09-25T07:01:08Z,
spp:SPPSOUTH_HUB,lmp_dam,2026-09-07T12:00:00Z,25.3056,USD/MWh,PT1H,"US-AR,US-IA,US-KS,US-LA,US-MN,US-MO,US-MT,US-NE,US-NM,US-ND,US-OK,US-SD,US-TX,US-WY",spp_dam,SPPSOUTH_HUB,spp:DA-LMP-SL,https://portal.spp.org/file-browser-api/download/da-lmp-by-settlement-location?path=/2026/09/By_Day/DA-LMP-SL-202609070100.csv,2026-09-25T07:01:08Z,
spp:SPPSOUTH_HUB,lmp_dam,2026-09-07T13:00:00Z,25.0123,USD/MWh,PT1H,"US-AR,US-IA,US-KS,US-LA,US-MN,US-MO,US-MT,US-NE,US-NM,US-ND,US-OK,US-SD,US-TX,US-WY",spp_dam,SPPSOUTH_HUB,spp:DA-LMP-SL,https://portal.spp.org/file-browser-api/download/da-lmp-by-settlement-location?path=/2026/09/By_Day/DA-LMP-SL-202609070100.csv,2026-09-25T07:01:08Z,
spp:SPPSOUTH_HUB,lmp_dam,2026-09-07T14:00:00Z,27.1455,USD/MWh,PT1H,"US-AR,US-IA,US-KS,US-LA,US-MN,US-MO,US-MT,US-NE,US-NM,US-ND,US-OK,US-SD,US-TX,US-WY",spp_dam,SPPSOUTH_HUB,spp:DA-LMP-SL,https://portal.spp.org/file-browser-api/download/da-lmp-by-settlement-location?path=/2026/09/By_Day/DA-LMP-SL-202609070100.csv,2026-09-25T07:01:08Z,
spp:SPPSOUTH_HUB,lmp_dam,2026-09-07T15:00:00Z,29.116,USD/MWh,PT1H,"US-AR,US-IA,US-KS,US-LA,US-MN,US-MO,US-MT,US-NE,US-NM,US-ND,US-OK,US-SD,US-TX,US-WY",spp_dam,SPPSOUTH_HUB,spp:DA-LMP-SL,https://portal.spp.org/file-browser-api/download/da-lmp-by-settlement-location?path=/2026/09/By_Day/DA-LMP-SL-202609070100.csv,2026-09-25T07:01:08Z,
spp:SPPSOUTH_HUB,lmp_dam,2026-09-07T16:00:00Z,35.4235,USD/MWh,PT1H,"US-AR,US-IA,US-KS,US-LA,US-MN,US-MO,US-MT,US-NE,US-NM,US-ND,US-OK,US-SD,US-TX,US-WY",spp_dam,SPPSOUTH_HUB,spp:DA-LMP-SL,https://portal.spp.org/file-browser-api/download/da-lmp-by-settlement-location?path=/2026/09/By_Day/DA-LMP-SL-202609070100.csv,2026-09-25T07:01:08Z,
spp:SPPSOUTH_HUB,lmp_dam,2026-09-07T17:00:00Z,41.0004,USD/MWh,PT1H,"US-AR,US-IA,US-KS,US-LA,US-MN,US-MO,US-MT,US-NE,US-NM,US-ND,US-OK,US-SD,US-TX,US-WY",spp_dam,SPPSOUTH_HUB,spp:DA-LMP-SL,https://portal.spp.org/file-browser-api/download/da-lmp-by-settlement-location?path=/2026/09/By_Day/DA-LMP-SL-202609070100.csv,2026-09-25T07:01:08Z,
spp:SPPSOUTH_HUB,lmp_dam,2026-09-07T18:00:00Z,55.7745,USD/MWh,PT1H,"US-AR,US-IA,US-KS,US-LA,US-MN,US-MO,US-MT,US-NE,US-NM,US-ND,US-OK,US-SD,US-TX,US-WY",spp_dam,SPPSOUTH_HUB,spp:DA-LMP-SL,https://portal.spp.org/file-browser-api/download/da-lmp-by-settlement-location?path=/2026/09/By_Day/DA-LMP-SL-202609070100.csv,2026-09-25T07:01:08Z,
spp:SPPSOUTH_HUB,lmp_dam,2026-09-07T19:00:00Z,62.8268,USD/MWh,PT1H,"US-AR,US-IA,US-KS,US-LA,US-MN,US-MO,US-MT,US-NE,US-NM,US-ND,US-OK,US-SD,US-TX,US-WY",spp_dam,SPPSOUTH_HUB,spp:DA-LMP-SL,https://portal.spp.org/file-browser-api/download/da-lmp-by-settlement-location?path=/2026/09/By_Day/DA-LMP-SL-202609070100.csv,2026-09-25T07:01:08Z,
spp:SPPSOUTH_HUB,lmp_dam,2026-09-07T20:00:00Z,71.9502,USD/MWh,PT1H,"US-AR,US-IA,US-KS,US-LA,US-MN,US-MO,US-MT,US-NE,US-NM,US-ND,US-OK,US-SD,US-TX,US-WY",spp_dam,SPPSOUTH_HUB,spp:DA-LMP-SL,https://portal.spp.org/file-browser-api/download/da-lmp-by-settlement-location?path=/2026/09/By_Day/DA-LMP-SL-202609070100.csv,2026-09-25T07:01:08Z,
spp:SPPSOUTH_HUB,lmp_dam,2026-09-07T21:00:00Z,81.163,USD/MWh,PT1H,"US-AR,US-IA,US-KS,US-LA,US-MN,US-MO,US-MT,US-NE,US-NM,US-ND,US-OK,US-SD,US-TX,US-WY",spp_dam,SPPSOUTH_HUB,spp:DA-LMP-SL,https://portal.spp.org/file-browser-api/download/da-lmp-by-settlement-location?path=/2026/09/By_Day/DA-LMP-SL-202609070100.csv,2026-09-25T07:01:08Z,
spp:SPPSOUTH_HUB,lmp_dam,2026-09-07T22:00:00Z,79.5367,USD/MWh,PT1H,"US-AR,US-IA,US-KS,US-LA,US-MN,US-MO,US-MT,US-NE,US-NM,US-ND,US-OK,US-SD,US-TX,US-WY",spp_dam,SPPSOUTH_HUB,spp:DA-LMP-SL,https://portal.spp.org/file-browser-api/download/da-lmp-by-settlement-location?path=/2026/09/By_Day/DA-LMP-SL-202609070100.csv,2026-09-25T07:01:08Z,
spp:SPPSOUTH_HUB,lmp_dam,2026-09-07T23:00:00Z,76.0491,USD/MWh,PT1H,"US-AR,US-IA,US-KS,US-LA,US-MN,US-MO,US-MT,US-NE,US-NM,US-ND,US-OK,US-SD,US-TX,US-WY",spp_dam,SPPSOUTH_HUB,spp:DA-LMP-SL,https://portal.spp.org/file-browser-api/download/da-lmp-by-settlement-location?path=/2026/09/By_Day/DA-LMP-SL-202609070100.csv,2026-09-25T07:01:08Z,
spp:SPPSOUTH_HUB,lmp_dam,2026-09-08T00:00:00Z,56.8624,USD/MWh,PT1H,"US-AR,US-IA,US-KS,US-LA,US-MN,US-MO,US-MT,US-NE,US-NM,US-ND,US-OK,US-SD,US-TX,US-WY",spp_dam,SPPSOUTH_HUB,spp:DA-LMP-SL,https://portal.spp.org/file-browser-api/download/da-lmp-by-settlement-location?path=/2026/09/By_Day/DA-LMP-SL-202609070100.csv,2026-09-25T07:01:08Z,
spp:SPPSOUTH_HUB,lmp_dam,2026-09-08T01:00:00Z,40.0051,USD/MWh,PT1H,"US-AR,US-IA,US-KS,US-LA,US-MN,US-MO,US-MT,US-NE,US-NM,US-ND,US-OK,US-SD,US-TX,US-WY",spp_dam,SPPSOUTH_HUB,spp:DA-LMP-SL,https://portal.spp.org/file-browser-api/download/da-lmp-by-settlement-location?path=/2026/09/By_Day/DA-LMP-SL-202609070100.csv,2026-09-25T07:01:08Z,
spp:SPPSOUTH_HUB,lmp_dam,2026-09-08T02:00:00Z,29.3232,USD/MWh,PT1H,"US-AR,US-IA,US-KS,US-LA,US-MN,US-MO,US-MT,US-NE,US-NM,US-ND,US-OK,US-SD,US-TX,US-WY",spp_dam,SPPSOUTH_HUB,spp:DA-LMP-SL,https://portal.spp.org/file-browser-api/download/da-lmp-by-settlement-location?path=/2026/09/By_Day/DA-LMP-SL-202609070100.csv,2026-09-25T07:01:08Z,
spp:SPPSOUTH_HUB,lmp_dam,2026-09-08T03:00:00Z,24.8,USD/MWh,PT1H,"US-AR,US-IA,US-KS,US-LA,US-MN,US-MO,US-MT,US-NE,US-NM,US-ND,US-OK,US-SD,US-TX,US-WY",spp_dam,SPPSOUTH_HUB,spp:DA-LMP-SL,https://portal.spp.org/file-browser-api/download/da-lmp-by-settlement-location?path=/2026/09/By_Day/DA-LMP-SL-202609070100.csv,2026-09-25T07:01:08Z,
spp:SPPSOUTH_HUB,lmp_dam,2026-09-08T04:00:00Z,19.2297,USD/MWh,PT1H,"US-AR,US-IA,US-KS,US-LA,US-MN,US-MO,US-MT,US-NE,US-NM,US-ND,US-OK,US-SD,US-TX,US-WY",spp_dam,SPPSOUTH_HUB,spp:DA-LMP-SL,https://portal.spp.org/file-browser-api/download/da-lmp-by-settlement-location?path=/2026/09/By_Day/DA-LMP-SL-202609070100.csv,2026-09-25T07:01:08Z,
spp:SPPSOUTH_HUB,lmp_dam,2026-09-08T05:00:00Z,5.9764,USD/MWh,PT1H,"US-AR,US-IA,US-KS,US-LA,US-MN,US-MO,US-MT,US-NE,US-NM,US-ND,US-OK,US-SD,US-TX,US-WY",spp_dam,SPPSOUTH_HUB,spp:DA-LMP-SL,https://portal.spp.org/file-browser-api/download/da-lmp-by-settlement-location?path=/2026/09/By_Day/DA-LMP-SL-202609080100.csv,2026-09-25T07:01:11Z,
spp:SPPSOUTH_HUB,lmp_dam,2026-09-08T06:00:00Z,0.7372,USD/MWh,PT1H,"US-AR,US-IA,US-KS,US-LA,US-MN,US-MO,US-MT,US-NE,US-NM,US-ND,US-OK,US-SD,US-TX,US-WY",spp_dam,SPPSOUTH_HUB,spp:DA-LMP-SL,https://portal.spp.org/file-browser-api/download/da-lmp-by-settlement-location?path=/2026/09/By_Day/DA-LMP-SL-202609080100.csv,2026-09-25T07:01:11Z,
spp:SPPSOUTH_HUB,lmp_dam,2026-09-08T07:00:00Z,-0.9514,USD/MWh,PT1H,"US-AR,US-IA,US-KS,US-LA,US-MN,US-MO,US-MT,US-NE,US-NM,US-ND,US-OK,US-SD,US-TX,US-WY",spp_dam,SPPSOUTH_HUB,spp:DA-LMP-SL,https://portal.spp.org/file-browser-api/download/da-lmp-by-settlement-location?path=/2026/09/By_Day/DA-LMP-SL-202609080100.csv,2026-09-25T07:01:11Z,
spp:SPPSOUTH_HUB,lmp_dam,2026-09-08T08:00:00Z,-1.0378,USD/MWh,PT1H,"US-AR,US-IA,US-KS,US-LA,US-MN,US-MO,US-MT,US-NE,US-NM,US-ND,US-OK,US-SD,US-TX,US-WY",spp_dam,SPPSOUTH_HUB,spp:DA-LMP-SL,https://portal.spp.org/file-browser-api/download/da-lmp-by-settlement-location?path=/2026/09/By_Day/DA-LMP-SL-202609080100.csv,2026-09-25T07:01:11Z,
spp:SPPSOUTH_HUB,lmp_dam,2026-09-08T09:00:00Z,1.6795,USD/MWh,PT1H,"US-AR,US-IA,US-KS,US-LA,US-MN,US-MO,US-MT,US-NE,US-NM,US-ND,US-OK,US-SD,US-TX,US-WY",spp_dam,SPPSOUTH_HUB,spp:DA-LMP-SL,https://portal.spp.org/file-browser-api/download/da-lmp-by-settlement-location?path=/2026/09/By_Day/DA-LMP-SL-202609080100.csv,2026-09-25T07:01:11Z,
spp:SPPSOUTH_HUB,lmp_dam,2026-09-08T10:00:00Z,6.939,USD/MWh,PT1H,"US-AR,US-IA,US-KS,US-LA,US-MN,US-MO,US-MT,US-NE,US-NM,US-ND,US-OK,US-SD,US-TX,US-WY",spp_dam,SPPSOUTH_HUB,spp:DA-LMP-SL,https://portal.spp.org/file-browser-api/download/da-lmp-by-settlement-location?path=/2026/09/By_Day/DA-LMP-SL-202609080100.csv,2026-09-25T07:01:11Z,
spp:SPPSOUTH_HUB,lmp_dam,2026-09-08T11:00:00Z,17.4377,USD/MWh,PT1H,"US-AR,US-IA,US-KS,US-LA,US-MN,US-MO,US-MT,US-NE,US-NM,US-ND,US-OK,US-SD,US-TX,US-WY",spp_dam,SPPSOUTH_HUB,spp:DA-LMP-SL,https://portal.spp.org/file-browser-api/download/da-lmp-by-settlement-location?path=/2026/09/By_Day/DA-LMP-SL-202609080100.csv,2026-09-25T07:01:11Z,
spp:SPPSOUTH_HUB,lmp_dam,2026-09-08T12:00:00Z,18.1131,USD/MWh,PT1H,"US-AR,US-IA,US-KS,US-LA,US-MN,US-MO,US-MT,US-NE,US-NM,US-ND,US-OK,US-SD,US-TX,US-WY",spp_dam,SPPSOUTH_HUB,spp:DA-LMP-SL,https://portal.spp.org/file-browser-api/download/da-lmp-by-settlement-location?path=/2026/09/By_Day/DA-LMP-SL-202609080100.csv,2026-09-25T07:01:11Z,
spp:SPPSOUTH_HUB,lmp_dam,2026-09-08T13:00:00Z,23.4093,USD/MWh,PT1H,"US-AR,US-IA,US-KS,US-LA,US-MN,US-MO,US-MT,US-NE,US-NM,US-ND,US-OK,US-SD,US-TX,US-WY",spp_dam,SPPSOUTH_HUB,spp:DA-LMP-SL,https://portal.spp.org/file-browser-api/download/da-lmp-by-settlement-location?path=/2026/09/By_Day/DA-LMP-SL-202609080100.csv,2026-09-25T07:01:11Z,
spp:SPPSOUTH_HUB,lmp_dam,2026-09-08T14:00:00Z,27.9768,USD/MWh,PT1H,"US-AR,US-IA,US-KS,US-LA,US-MN,US-MO,US-MT,US-NE,US-NM,US-ND,US-OK,US-SD,US-TX,US-WY",spp_dam,SPPSOUTH_HUB,spp:DA-LMP-SL,https://portal.spp.org/file-browser-api/download/da-lmp-by-settlement-location?path=/2026/09/By_Day/DA-LMP-SL-202609080100.csv,2026-09-25T07:01:11Z,
spp:SPPSOUTH_HUB,lmp_dam,2026-09-08T15:00:00Z,32.0014,USD/MWh,PT1H,"US-AR,US-IA,US-KS,US-LA,US-MN,US-MO,US-MT,US-NE,US-NM,US-ND,US-OK,US-SD,US-TX,US-WY",spp_dam,SPPSOUTH_HUB,spp:DA-LMP-SL,https://portal.spp.org/file-browser-api/download/da-lmp-by-settlement-location?path=/2026/09/By_Day/DA-LMP-SL-202609080100.csv,2026-09-25T07:01:11Z,
spp:SPPSOUTH_HUB,lmp_dam,2026-09-08T16:00:00Z,40.1257,USD/MWh,PT1H,"US-AR,US-IA,US-KS,US-LA,US-MN,US-MO,US-MT,US-NE,US-NM,US-ND,US-OK,US-SD,US-TX,US-WY",spp_dam,SPPSOUTH_HUB,spp:DA-LMP-SL,https://portal.spp.org/file-browser-api/download/da-lmp-by-settlement-location?path=/2026/09/By_Day/DA-LMP-SL-202609080100.csv,2026-09-25T07:01:11Z,
spp:SPPSOUTH_HUB,lmp_dam,2026-09-08T17:00:00Z,54.4127,USD/MWh,PT1H,"US-AR,US-IA,US-KS,US-LA,US-MN,US-MO,US-MT,US-NE,US-NM,US-ND,US-OK,US-SD,US-TX,US-WY",spp_dam,SPPSOUTH_HUB,spp:DA-LMP-SL,https://portal.spp.org/file-browser-api/download/da-lmp-by-settlement-location?path=/2026/09/By_Day/DA-LMP-SL-202609080100.csv,2026-09-25T07:01:11Z,
spp:SPPSOUTH_HUB,lmp_dam,2026-09-08T18:00:00Z,74.57,USD/MWh,PT1H,"US-AR,US-IA,US-KS,US-LA,US-MN,US-MO,US-MT,US-NE,US-NM,US-ND,US-OK,US-SD,US-TX,US-WY",spp_dam,SPPSOUTH_HUB,spp:DA-LMP-SL,https://portal.spp.org/file-browser-api/download/da-lmp-by-settlement-location?path=/2026/09/By_Day/DA-LMP-SL-202609080100.csv,2026-09-25T07:01:11Z,
spp:SPPSOUTH_HUB,lmp_dam,2026-09-08T19:00:00Z,93.9626,USD/MWh,PT1H,"US-AR,US-IA,US-KS,US-LA,US-MN,US-MO,US-MT,US-NE,US-NM,US-ND,US-OK,US-SD,US-TX,US-WY",spp_dam,SPPSOUTH_HUB,spp:DA-LMP-SL,https://portal.spp.org/file-browser-api/download/da-lmp-by-settlement-location?path=/2026/09/By_Day/DA-LMP-SL-202609080100.csv,2026-09-25T07:01:11Z,
spp:SPPSOUTH_HUB,lmp_dam,2026-09-08T20:00:00Z,94.02,USD/MWh,PT1H,"US-AR,US-IA,US-KS,US-LA,US-MN,US-MO,US-MT,US-NE,US-NM,US-ND,US-OK,US-SD,US-TX,US-WY",spp_dam,SPPSOUTH_HUB,spp:DA-LMP-SL,https://portal.spp.org/file-browser-api/download/da-lmp-by-settlement-location?path=/2026/09/By_Day/DA-LMP-SL-202609080100.csv,2026-09-25T07:01:11Z,
spp:SPPSOUTH_HUB,lmp_dam,2026-09-08T21:00:00Z,97.7007,USD/MWh,PT1H,"US-AR,US-IA,US-KS,US-LA,US-MN,US-MO,US-MT,US-NE,US-NM,US-ND,US-OK,US-SD,US-TX,US-WY",spp_dam,SPPSOUTH_HUB,spp:DA-LMP-SL,https://portal.spp.org/file-browser-api/download/da-lmp-by-settlement-location?path=/2026/09/By_Day/DA-LMP-SL-202609080100.csv,2026-09-25T07:01:11Z,
spp:SPPSOUTH_HUB,lmp_dam,2026-09-08T22:00:00Z,85.9403,USD/MWh,PT1H,"US-AR,US-IA,US-KS,US-LA,US-MN,US-MO,US-MT,US-NE,US-NM,US-ND,US-OK,US-SD,US-TX,US-WY",spp_dam,SPPSOUTH_HUB,spp:DA-LMP-SL,https://portal.spp.org/file-browser-api/download/da-lmp-by-settlement-location?path=/2026/09/By_Day/DA-LMP-SL-202609080100.csv,2026-09-25T07:01:11Z,
spp:SPPSOUTH_HUB,lmp_dam,2026-09-08T23:00:00Z,66.9059,USD/MWh,PT1H,"US-AR,US-IA,US-KS,US-LA,US-MN,US-MO,US-MT,US-NE,US-NM,US-ND,US-OK,US-SD,US-TX,US-WY",spp_dam,SPPSOUTH_HUB,spp:DA-LMP-SL,https://portal.spp.org/file-browser-api/download/da-lmp-by-settlement-location?path=/2026/09/By_Day/DA-LMP-SL-202609080100.csv,2026-09-25T07:01:11Z,
spp:SPPSOUTH_HUB,lmp_dam,2026-09-09T00:00:00Z,55.2754,USD/MWh,PT1H,"US-AR,US-IA,US-KS,US-LA,US-MN,US-MO,US-MT,US-NE,US-NM,US-ND,US-OK,US-SD,US-TX,US-WY",spp_dam,SPPSOUTH_HUB,spp:DA-LMP-SL,https://portal.spp.org/file-browser-api/download/da-lmp-by-settlement-location?path=/2026/09/By_Day/DA-LMP-SL-202609080100.csv,2026-09-25T07:01:11Z,
spp:SPPSOUTH_HUB,lmp_dam,2026-09-09T01:00:00Z,41.0238,USD/MWh,PT1H,"US-AR,US-IA,US-KS,US-LA,US-MN,US-MO,US-MT,US-NE,US-NM,US-ND,US-OK,US-SD,US-TX,US-WY",spp_dam,SPPSOUTH_HUB,spp:DA-LMP-SL,https://portal.spp.org/file-browser-api/download/da-lmp-by-settlement-location?path=/2026/09/By_Day/DA-LMP-SL-202609080100.csv,2026-09-25T07:01:11Z,
spp:SPPSOUTH_HUB,lmp_dam,2026-09-09T02:00:00Z,30.8343,USD/MWh,PT1H,"US-AR,US-IA,US-KS,US-LA,US-MN,US-MO,US-MT,US-NE,US-NM,US-ND,US-OK,US-SD,US-TX,US-WY",spp_dam,SPPSOUTH_HUB,spp:DA-LMP-SL,https://portal.spp.org/file-browser-api/download/da-lmp-by-settlement-location?path=/2026/09/By_Day/DA-LMP-SL-202609080100.csv,2026-09-25T07:01:11Z,
spp:SPPSOUTH_HUB,lmp_dam,2026-09-09T03:00:00Z,26.3365,USD/MWh,PT1H,"US-AR,US-IA,US-KS,US-LA,US-MN,US-MO,US-MT,US-NE,US-NM,US-ND,US-OK,US-SD,US-TX,US-WY",spp_dam,SPPSOUTH_HUB,spp:DA-LMP-SL,https://portal.spp.org/file-browser-api/download/da-lmp-by-settlement-location?path=/2026/09/By_Day/DA-LMP-SL-202609080100.csv,2026-09-25T07:01:11Z,
spp:SPPSOUTH_HUB,lmp_dam,2026-09-09T04:00:00Z,17.4005,USD/MWh,PT1H,"US-AR,US-IA,US-KS,US-LA,US-MN,US-MO,US-MT,US-NE,US-NM,US-ND,US-OK,US-SD,US-TX,US-WY",spp_dam,SPPSOUTH_HUB,spp:DA-LMP-SL,https://portal.spp.org/file-browser-api/download/da-lmp-by-settlement-location?path=/2026/09/By_Day/DA-LMP-SL-202609080100.csv,2026-09-25T07:01:11Z,
spp:SPPSOUTH_HUB,lmp_dam,2026-09-09T05:00:00Z,19.1656,USD/MWh,PT1H,"US-AR,US-IA,US-KS,US-LA,US-MN,US-MO,US-MT,US-NE,US-NM,US-ND,US-OK,US-SD,US-TX,US-WY",spp_dam,SPPSOUTH_HUB,spp:DA-LMP-SL,https://portal.spp.org/file-browser-api/download/da-lmp-by-settlement-location?path=/2026/09/By_Day/DA-LMP-SL-202609090100.csv,2026-09-25T07:01:11Z,
spp:SPPSOUTH_HUB,lmp_dam,2026-09-09T06:00:00Z,13.2839,USD/MWh,PT1H,"US-AR,US-IA,US-KS,US-LA,US-MN,US-MO,US-MT,US-NE,US-NM,US-ND,US-OK,US-SD,US-TX,US-WY",spp_dam,SPPSOUTH_HUB,spp:DA-LMP-SL,https://portal.spp.org/file-browser-api/download/da-lmp-by-settlement-location?path=/2026/09/By_Day/DA-LMP-SL-202609090100.csv,2026-09-25T07:01:11Z,
spp:SPPSOUTH_HUB,lmp_dam,2026-09-09T07:00:00Z,13.5714,USD/MWh,PT1H,"US-AR,US-IA,US-KS,US-LA,US-MN,US-MO,US-MT,US-NE,US-NM,US-ND,US-OK,US-SD,US-TX,US-WY",spp_dam,SPPSOUTH_HUB,spp:DA-LMP-SL,https://portal.spp.org/file-browser-api/download/da-lmp-by-settlement-location?path=/2026/09/By_Day/DA-LMP-SL-202609090100.csv,2026-09-25T07:01:11Z,
spp:SPPSOUTH_HUB,lmp_dam,2026-09-09T08:00:00Z,12.8031,USD/MWh,PT1H,"US-AR,US-IA,US-KS,US-LA,US-MN,US-MO,US-MT,US-NE,US-NM,US-ND,US-OK,US-SD,US-TX,US-WY",spp_dam,SPPSOUTH_HUB,spp:DA-LMP-SL,https://portal.spp.org/file-browser-api/download/da-lmp-by-settlement-location?path=/2026/09/By_Day/DA-LMP-SL-202609090100.csv,2026-09-25T07:01:11Z,
spp:SPPSOUTH_HUB,lmp_dam,2026-09-09T09:00:00Z,16.2858,USD/MWh,PT1H,"US-AR,US-IA,US-KS,US-LA,US-MN,US-MO,US-MT,US-NE,US-NM,US-ND,US-OK,US-SD,US-TX,US-WY",spp_dam,SPPSOUTH_HUB,spp:DA-LMP-SL,https://portal.spp.org/file-browser-api/download/da-lmp-by-settlement-location?path=/2026/09/By_Day/DA-LMP-SL-202609090100.csv,2026-09-25T07:01:11Z,
spp:SPPSOUTH_HUB,lmp_dam,2026-09-09T10:00:00Z,20.0695,USD/MWh,PT1H,"US-AR,US-IA,US-KS,US-LA,US-MN,US-MO,US-MT,US-NE,US-NM,US-ND,US-OK,US-SD,US-TX,US-WY",spp_dam,SPPSOUTH_HUB,spp:DA-LMP-SL,https://portal.spp.org/file-browser-api/download/da-lmp-by-settlement-location?path=/2026/09/By_Day/DA-LMP-SL-202609090100.csv,2026-09-25T07:01:11Z,
spp:SPPSOUTH_HUB,lmp_dam,2026-09-09T11:00:00Z,24.1966,USD/MWh,PT1H,"US-AR,US-IA,US-KS,US-LA,US-MN,US-MO,US-MT,US-NE,US-NM,US-ND,US-OK,US-SD,US-TX,US-WY",spp_dam,SPPSOUTH_HUB,spp:DA-LMP-SL,https://portal.spp.org/file-browser-api/download/da-lmp-by-settlement-location?path=/2026/09/By_Day/DA-LMP-SL-202609090100.csv,2026-09-25T07:01:11Z,
spp:SPPSOUTH_HUB,lmp_dam,2026-09-09T12:00:00Z,24.9155,USD/MWh,PT1H,"US-AR,US-IA,US-KS,US-LA,US-MN,US-MO,US-MT,US-NE,US-NM,US-ND,US-OK,US-SD,US-TX,US-WY",spp_dam,SPPSOUTH_HUB,spp:DA-LMP-SL,https://portal.spp.org/file-browser-api/download/da-lmp-by-settlement-location?path=/2026/09/By_Day/DA-LMP-SL-202609090100.csv,2026-09-25T07:01:11Z,
spp:SPPSOUTH_HUB,lmp_dam,2026-09-09T13:00:00Z,26.9756,USD/MWh,PT1H,"US-AR,US-IA,US-KS,US-LA,US-MN,US-MO,US-MT,US-NE,US-NM,US-ND,US-OK,US-SD,US-TX,US-WY",spp_dam,SPPSOUTH_HUB,spp:DA-LMP-SL,https://portal.spp.org/file-browser-api/download/da-lmp-by-settlement-location?path=/2026/09/By_Day/DA-LMP-SL-202609090100.csv,2026-09-25T07:01:11Z,
spp:SPPSOUTH_HUB,lmp_dam,2026-09-09T14:00:00Z,31.8545,USD/MWh,PT1H,"US-AR,US-IA,US-KS,US-LA,US-MN,US-MO,US-MT,US-NE,US-NM,US-ND,US-OK,US-SD,US-TX,US-WY",spp_dam,SPPSOUTH_HUB,spp:DA-LMP-SL,https://portal.spp.org/file-browser-api/download/da-lmp-by-settlement-location?path=/2026/09/By_Day/DA-LMP-SL-202609090100.csv,2026-09-25T07:01:11Z,
spp:SPPSOUTH_HUB,lmp_dam,2026-09-09T15:00:00Z,36.4758,USD/MWh,PT1H,"US-AR,US-IA,US-KS,US-LA,US-MN,US-MO,US-MT,US-NE,US-NM,US-ND,US-OK,US-SD,US-TX,US-WY",spp_dam,SPPSOUTH_HUB,spp:DA-LMP-SL,https://portal.spp.org/file-browser-api/download/da-lmp-by-settlement-location?path=/2026/09/By_Day/DA-LMP-SL-202609090100.csv,2026-09-25T07:01:11Z,
spp:SPPSOUTH_HUB,lmp_dam,2026-09-09T16:00:00Z,46.0832,USD/MWh,PT1H,"US-AR,US-IA,US-KS,US-LA,US-MN,US-MO,US-MT,US-NE,US-NM,US-ND,US-OK,US-SD,US-TX,US-WY",spp_dam,SPPSOUTH_HUB,spp:DA-LMP-SL,https://portal.spp.org/file-browser-api/download/da-lmp-by-settlement-location?path=/2026/09/By_Day/DA-LMP-SL-202609090100.csv,2026-09-25T07:01:11Z,
spp:SPPSOUTH_HUB,lmp_dam,2026-09-09T17:00:00Z,63.6659,USD/MWh,PT1H,"US-AR,US-IA,US-KS,US-LA,US-MN,US-MO,US-MT,US-NE,US-NM,US-ND,US-OK,US-SD,US-TX,US-WY",spp_dam,SPPSOUTH_HUB,spp:DA-LMP-SL,https://portal.spp.org/file-browser-api/download/da-lmp-by-settlement-location?path=/2026/09/By_Day/DA-LMP-SL-202609090100.csv,2026-09-25T07:01:11Z,
spp:SPPSOUTH_HUB,lmp_dam,2026-09-09T18:00:00Z,81.6666,USD/MWh,PT1H,"US-AR,US-IA,US-KS,US-LA,US-MN,US-MO,US-MT,US-NE,US-NM,US-ND,US-OK,US-SD,US-TX,US-WY",spp_dam,SPPSOUTH_HUB,spp:DA-LMP-SL,https://portal.spp.org/file-browser-api/download/da-lmp-by-settlement-location?path=/2026/09/By_Day/DA-LMP-SL-202609090100.csv,2026-09-25T07:01:11Z,
spp:SPPSOUTH_HUB,lmp_dam,2026-09-09T19:00:00Z,84.7952,USD/MWh,PT1H,"US-AR,US-IA,US-KS,US-LA,US-MN,US-MO,US-MT,US-NE,US-NM,US-ND,US-OK,US-SD,US-TX,US-WY",spp_dam,SPPSOUTH_HUB,spp:DA-LMP-SL,https://portal.spp.org/file-browser-api/download/da-lmp-by-settlement-location?path=/2026/09/By_Day/DA-LMP-SL-202609090100.csv,2026-09-25T07:01:11Z,
spp:SPPSOUTH_HUB,lmp_dam,2026-09-09T20:00:00Z,92.0433,USD/MWh,PT1H,"US-AR,US-IA,US-KS,US-LA,US-MN,US-MO,US-MT,US-NE,US-NM,US-ND,US-OK,US-SD,US-TX,US-WY",spp_dam,SPPSOUTH_HUB,spp:DA-LMP-SL,https://portal.spp.org/file-browser-api/download/da-lmp-by-settlement-location?path=/2026/09/By_Day/DA-LMP-SL-202609090100.csv,2026-09-25T07:01:11Z,
spp:SPPSOUTH_HUB,lmp_dam,2026-09-09T21:00:00Z,96.7314,USD/MWh,PT1H,"US-AR,US-IA,US-KS,US-LA,US-MN,US-MO,US-MT,US-NE,US-NM,US-ND,US-OK,US-SD,US-TX,US-WY",spp_dam,SPPSOUTH_HUB,spp:DA-LMP-SL,https://portal.spp.org/file-browser-api/download/da-lmp-by-settlement-location?path=/2026/09/By_Day/DA-LMP-SL-202609090100.csv,2026-09-25T07:01:11Z,
spp:SPPSOUTH_HUB,lmp_dam,2026-09-09T22:00:00Z,99.9135,USD/MWh,PT1H,"US-AR,US-IA,US-KS,US-LA,US-MN,US-MO,US-MT,US-NE,US-NM,US-ND,US-OK,US-SD,US-TX,US-WY",spp_dam,SPPSOUTH_HUB,spp:DA-LMP-SL,https://portal.spp.org/file-browser-api/download/da-lmp-by-settlement-location?path=/2026/09/By_Day/DA-LMP-SL-202609090100.csv,2026-09-25T07:01:11Z,
spp:SPPSOUTH_HUB,lmp_dam,2026-09-09T23:00:00Z,99.8817,USD/MWh,PT1H,"US-AR,US-IA,US-KS,US-LA,US-MN,US-MO,US-MT,US-NE,US-NM,US-ND,US-OK,US-SD,US-TX,US-WY",spp_dam,SPPSOUTH_HUB,spp:DA-LMP-SL,https://portal.spp.org/file-browser-api/download/da-lmp-by-settlement-location?path=/2026/09/By_Day/DA-LMP-SL-202609090100.csv,2026-09-25T07:01:11Z,
spp:SPPSOUTH_HUB,lmp_dam,2026-09-10T00:00:00Z,73.552,USD/MWh,PT1H,"US-AR,US-IA,US-KS,US-LA,US-MN,US-MO,US-MT,US-NE,US-NM,US-ND,US-OK,US-SD,US-TX,US-WY",spp_dam,SPPSOUTH_HUB,spp:DA-LMP-SL,https://portal.spp.org/file-browser-api/download/da-lmp-by-settlement-location?path=/2026/09/By_Day/DA-LMP-SL-202609090100.csv,2026-09-25T07:01:11Z,
spp:SPPSOUTH_HUB,lmp_dam,2026-09-10T01:00:00Z,47.3311,USD/MWh,PT1H,"US-AR,US-IA,US-KS,US-LA,US-MN,US-MO,US-MT,US-NE,US-NM,US-ND,US-OK,US-SD,US-TX,US-WY",spp_dam,SPPSOUTH_HUB,spp:DA-LMP-SL,https://portal.spp.org/file-browser-api/download/da-lmp-by-settlement-location?path=/2026/09/By_Day/DA-LMP-SL-202609090100.csv,2026-09-25T07:01:11Z,
spp:SPPSOUTH_HUB,lmp_dam,2026-09-10T02:00:00Z,42.7809,USD/MWh,PT1H,"US-AR,US-IA,US-KS,US-LA,US-MN,US-MO,US-MT,US-NE,US-NM,US-ND,US-OK,US-SD,US-TX,US-WY",spp_dam,SPPSOUTH_HUB,spp:DA-LMP-SL,https://portal.spp.org/file-browser-api/download/da-lmp-by-settlement-location?path=/2026/09/By_Day/DA-LMP-SL-202609090100.csv,2026-09-25T07:01:11Z,
spp:SPPSOUTH_HUB,lmp_dam,2026-09-10T03:00:00Z,34.6336,USD/MWh,PT1H,"US-AR,US-IA,US-KS,US-LA,US-MN,US-MO,US-MT,US-NE,US-NM,US-ND,US-OK,US-SD,US-TX,US-WY",spp_dam,SPPSOUTH_HUB,spp:DA-LMP-SL,https://portal.spp.org/file-browser-api/download/da-lmp-by-settlement-location?path=/2026/09/By_Day/DA-LMP-SL-202609090100.csv,2026-09-25T07:01:11Z,
spp:SPPSOUTH_HUB,lmp_dam,2026-09-10T04:00:00Z,28.9241,USD/MWh,PT1H,"US-AR,US-IA,US-KS,US-LA,US-MN,US-MO,US-MT,US-NE,US-NM,US-ND,US-OK,US-SD,US-TX,US-WY",spp_dam,SPPSOUTH_HUB,spp:DA-LMP-SL,https://portal.spp.org/file-browser-api/download/da-lmp-by-settlement-location?path=/2026/09/By_Day/DA-LMP-SL-202609090100.csv,2026-09-25T07:01:11Z,
spp:SPPSOUTH_HUB,lmp_dam,2026-09-10T05:00:00Z,25.5203,USD/MWh,PT1H,"US-AR,US-IA,US-KS,US-LA,US-MN,US-MO,US-MT,US-NE,US-NM,US-ND,US-OK,US-SD,US-TX,US-WY",spp_dam,SPPSOUTH_HUB,spp:DA-LMP-SL,https://portal.spp.org/file-browser-api/download/da-lmp-by-settlement-location?path=/2026/09/By_Day/DA-LMP-SL-202609100100.csv,2026-09-25T07:01:12Z,
spp:SPPSOUTH_HUB,lmp_dam,2026-09-10T06:00:00Z,23.7584,USD/MWh,PT1H,"US-AR,US-IA,US-KS,US-LA,US-MN,US-MO,US-MT,US-NE,US-NM,US-ND,US-OK,US-SD,US-TX,US-WY",spp_dam,SPPSOUTH_HUB,spp:DA-LMP-SL,https://portal.spp.org/file-browser-api/download/da-lmp-by-settlement-location?path=/2026/09/By_Day/DA-LMP-SL-202609100100.csv,2026-09-25T07:01:12Z,
spp:SPPSOUTH_HUB,lmp_dam,2026-09-10T07:00:00Z,23.9091,USD/MWh,PT1H,"US-AR,US-IA,US-KS,US-LA,US-MN,US-MO,US-MT,US-NE,US-NM,US-ND,US-OK,US-SD,US-TX,US-WY",spp_dam,SPPSOUTH_HUB,spp:DA-LMP-SL,https://portal.spp.org/file-browser-api/download/da-lmp-by-settlement-location?path=/2026/09/By_Day/DA-LMP-SL-202609100100.csv,2026-09-25T07:01:12Z,
spp:SPPSOUTH_HUB,lmp_dam,2026-09-10T08:00:00Z,23.7251,USD/MWh,PT1H,"US-AR,US-IA,US-KS,US-LA,US-MN,US-MO,US-MT,US-NE,US-NM,US-ND,US-OK,US-SD,US-TX,US-WY",spp_dam,SPPSOUTH_HUB,spp:DA-LMP-SL,https://portal.spp.org/file-browser-api/download/da-lmp-by-settlement-location?path=/2026/09/By_Day/DA-LMP-SL-202609100100.csv,2026-09-25T07:01:12Z,
spp:SPPSOUTH_HUB,lmp_dam,2026-09-10T09:00:00Z,23.7943,USD/MWh,PT1H,"US-AR,US-IA,US-KS,US-LA,US-MN,US-MO,US-MT,US-NE,US-NM,US-ND,US-OK,US-SD,US-TX,US-WY",spp_dam,SPPSOUTH_HUB,spp:DA-LMP-SL,https://portal.spp.org/file-browser-api/download/da-lmp-by-settlement-location?path=/2026/09/By_Day/DA-LMP-SL-202609100100.csv,2026-09-25T07:01:12Z,
spp:SPPSOUTH_HUB,lmp_dam,2026-09-10T10:00:00Z,26.5674,USD/MWh,PT1H,"US-AR,US-IA,US-KS,US-LA,US-MN,US-MO,US-MT,US-NE,US-NM,US-ND,US-OK,US-SD,US-TX,US-WY",spp_dam,SPPSOUTH_HUB,spp:DA-LMP-SL,https://portal.spp.org/file-browser-api/download/da-lmp-by-settlement-location?path=/2026/09/By_Day/DA-LMP-SL-202609100100.csv,2026-09-25T07:01:12Z,
spp:SPPSOUTH_HUB,lmp_dam,2026-09-10T11:00:00Z,29.0297,USD/MWh,PT1H,"US-AR,US-IA,US-KS,US-LA,US-MN,US-MO,US-MT,US-NE,US-NM,US-ND,US-OK,US-SD,US-TX,US-WY",spp_dam,SPPSOUTH_HUB,spp:DA-LMP-SL,https://portal.spp.org/file-browser-api/download/da-lmp-by-settlement-location?path=/2026/09/By_Day/DA-LMP-SL-202609100100.csv,2026-09-25T07:01:12Z,
spp:SPPSOUTH_HUB,lmp_dam,2026-09-10T12:00:00Z,29.0672,USD/MWh,PT1H,"US-AR,US-IA,US-KS,US-LA,US-MN,US-MO,US-MT,US-NE,US-NM,US-ND,US-OK,US-SD,US-TX,US-WY",spp_dam,SPPSOUTH_HUB,spp:DA-LMP-SL,https://portal.spp.org/file-browser-api/download/da-lmp-by-settlement-location?path=/2026/09/By_Day/DA-LMP-SL-202609100100.csv,2026-09-25T07:01:12Z,
spp:SPPSOUTH_HUB,lmp_dam,2026-09-10T13:00:00Z,29.5084,USD/MWh,PT1H,"US-AR,US-IA,US-KS,US-LA,US-MN,US-MO,US-MT,US-NE,US-NM,US-ND,US-OK,US-SD,US-TX,US-WY",spp_dam,SPPSOUTH_HUB,spp:DA-LMP-SL,https://portal.spp.org/file-browser-api/download/da-lmp-by-settlement-location?path=/2026/09/By_Day/DA-LMP-SL-202609100100.csv,2026-09-25T07:01:12Z,
spp:SPPSOUTH_HUB,lmp_dam,2026-09-10T14:00:00Z,31.9451,USD/MWh,PT1H,"US-AR,US-IA,US-KS,US-LA,US-MN,US-MO,US-MT,US-NE,US-NM,US-ND,US-OK,US-SD,US-TX,US-WY",spp_dam,SPPSOUTH_HUB,spp:DA-LMP-SL,https://portal.spp.org/file-browser-api/download/da-lmp-by-settlement-location?path=/2026/09/By_Day/DA-LMP-SL-202609100100.csv,2026-09-25T07:01:12Z,
spp:SPPSOUTH_HUB,lmp_dam,2026-09-10T15:00:00Z,32.9544,USD/MWh,PT1H,"US-AR,US-IA,US-KS,US-LA,US-MN,US-MO,US-MT,US-NE,US-NM,US-ND,US-OK,US-SD,US-TX,US-WY",spp_dam,SPPSOUTH_HUB,spp:DA-LMP-SL,https://portal.spp.org/file-browser-api/download/da-lmp-by-settlement-location?path=/2026/09/By_Day/DA-LMP-SL-202609100100.csv,2026-09-25T07:01:12Z,
spp:SPPSOUTH_HUB,lmp_dam,2026-09-10T16:00:00Z,36.3078,USD/MWh,PT1H,"US-AR,US-IA,US-KS,US-LA,US-MN,US-MO,US-MT,US-NE,US-NM,US-ND,US-OK,US-SD,US-TX,US-WY",spp_dam,SPPSOUTH_HUB,spp:DA-LMP-SL,https://portal.spp.org/file-browser-api/download/da-lmp-by-settlement-location?path=/2026/09/By_Day/DA-LMP-SL-202609100100.csv,2026-09-25T07:01:12Z,
spp:SPPSOUTH_HUB,lmp_dam,2026-09-10T17:00:00Z,39.7518,USD/MWh,PT1H,"US-AR,US-IA,US-KS,US-LA,US-MN,US-MO,US-MT,US-NE,US-NM,US-ND,US-OK,US-SD,US-TX,US-WY",spp_dam,SPPSOUTH_HUB,spp:DA-LMP-SL,https://portal.spp.org/file-browser-api/download/da-lmp-by-settlement-location?path=/2026/09/By_Day/DA-LMP-SL-202609100100.csv,2026-09-25T07:01:12Z,
spp:SPPSOUTH_HUB,lmp_dam,2026-09-10T18:00:00Z,43.2971,USD/MWh,PT1H,"US-AR,US-IA,US-KS,US-LA,US-MN,US-MO,US-MT,US-NE,US-NM,US-ND,US-OK,US-SD,US-TX,US-WY",spp_dam,SPPSOUTH_HUB,spp:DA-LMP-SL,https://portal.spp.org/file-browser-api/download/da-lmp-by-settlement-location?path=/2026/09/By_Day/DA-LMP-SL-202609100100.csv,2026-09-25T07:01:12Z,
spp:SPPSOUTH_HUB,lmp_dam,2026-09-10T19:00:00Z,44.9339,USD/MWh,PT1H,"US-AR,US-IA,US-KS,US-LA,US-MN,US-MO,US-MT,US-NE,US-NM,US-ND,US-OK,US-SD,US-TX,US-WY",spp_dam,SPPSOUTH_HUB,spp:DA-LMP-SL,https://portal.spp.org/file-browser-api/download/da-lmp-by-settlement-location?path=/2026/09/By_Day/DA-LMP-SL-202609100100.csv,2026-09-25T07:01:12Z,
spp:SPPSOUTH_HUB,lmp_dam,2026-09-10T20:00:00Z,45.5754,USD/MWh,PT1H,"US-AR,US-IA,US-KS,US-LA,US-MN,US-MO,US-MT,US-NE,US-NM,US-ND,US-OK,US-SD,US-TX,US-WY",spp_dam,SPPSOUTH_HUB,spp:DA-LMP-SL,https://portal.spp.org/file-browser-api/download/da-lmp-by-settlement-location?path=/2026/09/By_Day/DA-LMP-SL-202609100100.csv,2026-09-25T07:01:12Z,
spp:SPPSOUTH_HUB,lmp_dam,2026-09-10T21:00:00Z,49.235,USD/MWh,PT1H,"US-AR,US-IA,US-KS,US-LA,US-MN,US-MO,US-MT,US-NE,US-NM,US-ND,US-OK,US-SD,US-TX,US-WY",spp_dam,SPPSOUTH_HUB,spp:DA-LMP-SL,https://portal.spp.org/file-browser-api/download/da-lmp-by-settlement-location?path=/2026/09/By_Day/DA-LMP-SL-202609100100.csv,2026-09-25T07:01:12Z,
spp:SPPSOUTH_HUB,lmp_dam,2026-09-10T22:00:00Z,56.9036,USD/MWh,PT1H,"US-AR,US-IA,US-KS,US-LA,US-MN,US-MO,US-MT,US-NE,US-NM,US-ND,US-OK,US-SD,US-TX,US-WY",spp_dam,SPPSOUTH_HUB,spp:DA-LMP-SL,https://portal.spp.org/file-browser-api/download/da-lmp-by-settlement-location?path=/2026/09/By_Day/DA-LMP-SL-202609100100.csv,2026-09-25T07:01:12Z,
spp:SPPSOUTH_HUB,lmp_dam,2026-09-10T23:00:00Z,64.3058,USD/MWh,PT1H,"US-AR,US-IA,US-KS,US-LA,US-MN,US-MO,US-MT,US-NE,US-NM,US-ND,US-OK,US-SD,US-TX,US-WY",spp_dam,SPPSOUTH_HUB,spp:DA-LMP-SL,https://portal.spp.org/file-browser-api/download/da-lmp-by-settlement-location?path=/2026/09/By_Day/DA-LMP-SL-202609100100.csv,2026-09-25T07:01:12Z,
spp:SPPSOUTH_HUB,lmp_dam,2026-09-11T00:00:00Z,49.4745,USD/MWh,PT1H,"US-AR,US-IA,US-KS,US-LA,US-MN,US-MO,US-MT,US-NE,US-NM,US-ND,US-OK,US-SD,US-TX,US-WY",spp_dam,SPPSOUTH_HUB,spp:DA-LMP-SL,https://portal.spp.org/file-browser-api/download/da-lmp-by-settlement-location?path=/2026/09/By_Day/DA-LMP-SL-202609100100.csv,2026-09-25T07:01:12Z,
spp:SPPSOUTH_HUB,lmp_dam,2026-09-11T01:00:00Z,39.6054,USD/MWh,PT1H,"US-AR,US-IA,US-KS,US-LA,US-MN,US-MO,US-MT,US-NE,US-NM,US-ND,US-OK,US-SD,US-TX,US-WY",spp_dam,SPPSOUTH_HUB,spp:DA-LMP-SL,https://portal.spp.org/file-browser-api/download/da-lmp-by-settlement-location?path=/2026/09/By_Day/DA-LMP-SL-202609100100.csv,2026-09-25T07:01:12Z,
spp:SPPSOUTH_HUB,lmp_dam,2026-09-11T02:00:00Z,33.9622,USD/MWh,PT1H,"US-AR,US-IA,US-KS,US-LA,US-MN,US-MO,US-MT,US-NE,US-NM,US-ND,US-OK,US-SD,US-TX,US-WY",spp_dam,SPPSOUTH_HUB,spp:DA-LMP-SL,https://portal.spp.org/file-browser-api/download/da-lmp-by-settlement-location?path=/2026/09/By_Day/DA-LMP-SL-202609100100.csv,2026-09-25T07:01:12Z,
spp:SPPSOUTH_HUB,lmp_dam,2026-09-11T03:00:00Z,28.7657,USD/MWh,PT1H,"US-AR,US-IA,US-KS,US-LA,US-MN,US-MO,US-MT,US-NE,US-NM,US-ND,US-OK,US-SD,US-TX,US-WY",spp_dam,SPPSOUTH_HUB,spp:DA-LMP-SL,https://portal.spp.org/file-browser-api/download/da-lmp-by-settlement-location?path=/2026/09/By_Day/DA-LMP-SL-202609100100.csv,2026-09-25T07:01:12Z,
spp:SPPSOUTH_HUB,lmp_dam,2026-09-11T04:00:00Z,25.2621,USD/MWh,PT1H,"US-AR,US-IA,US-KS,US-LA,US-MN,US-MO,US-MT,US-NE,US-NM,US-ND,US-OK,US-SD,US-TX,US-WY",spp_dam,SPPSOUTH_HUB,spp:DA-LMP-SL,https://portal.spp.org/file-browser-api/download/da-lmp-by-settlement-location?path=/2026/09/By_Day/DA-LMP-SL-202609100100.csv,2026-09-25T07:01:12Z,
spp:SPPSOUTH_HUB,lmp_dam,2026-09-11T05:00:00Z,23.7502,USD/MWh,PT1H,"US-AR,US-IA,US-KS,US-LA,US-MN,US-MO,US-MT,US-NE,US-NM,US-ND,US-OK,US-SD,US-TX,US-WY",spp_dam,SPPSOUTH_HUB,spp:DA-LMP-SL,https://portal.spp.org/file-browser-api/download/da-lmp-by-settlement-location?path=/2026/09/By_Day/DA-LMP-SL-202609110100.csv,2026-09-25T07:01:18Z,
spp:SPPSOUTH_HUB,lmp_dam,2026-09-11T06:00:00Z,22.2584,USD/MWh,PT1H,"US-AR,US-IA,US-KS,US-LA,US-MN,US-MO,US-MT,US-NE,US-NM,US-ND,US-OK,US-SD,US-TX,US-WY",spp_dam,SPPSOUTH_HUB,spp:DA-LMP-SL,https://portal.spp.org/file-browser-api/download/da-lmp-by-settlement-location?path=/2026/09/By_Day/DA-LMP-SL-202609110100.csv,2026-09-25T07:01:18Z,
spp:SPPSOUTH_HUB,lmp_dam,2026-09-11T07:00:00Z,22.4395,USD/MWh,PT1H,"US-AR,US-IA,US-KS,US-LA,US-MN,US-MO,US-MT,US-NE,US-NM,US-ND,US-OK,US-SD,US-TX,US-WY",spp_dam,SPPSOUTH_HUB,spp:DA-LMP-SL,https://portal.spp.org/file-browser-api/download/da-lmp-by-settlement-location?path=/2026/09/By_Day/DA-LMP-SL-202609110100.csv,2026-09-25T07:01:18Z,
spp:SPPSOUTH_HUB,lmp_dam,2026-09-11T08:00:00Z,22.857,USD/MWh,PT1H,"US-AR,US-IA,US-KS,US-LA,US-MN,US-MO,US-MT,US-NE,US-NM,US-ND,US-OK,US-SD,US-TX,US-WY",spp_dam,SPPSOUTH_HUB,spp:DA-LMP-SL,https://portal.spp.org/file-browser-api/download/da-lmp-by-settlement-location?path=/2026/09/By_Day/DA-LMP-SL-202609110100.csv,2026-09-25T07:01:18Z,
spp:SPPSOUTH_HUB,lmp_dam,2026-09-11T09:00:00Z,23.473,USD/MWh,PT1H,"US-AR,US-IA,US-KS,US-LA,US-MN,US-MO,US-MT,US-NE,US-NM,US-ND,US-OK,US-SD,US-TX,US-WY",spp_dam,SPPSOUTH_HUB,spp:DA-LMP-SL,https://portal.spp.org/file-browser-api/download/da-lmp-by-settlement-location?path=/2026/09/By_Day/DA-LMP-SL-202609110100.csv,2026-09-25T07:01:18Z,
spp:SPPSOUTH_HUB,lmp_dam,2026-09-11T10:00:00Z,26.9583,USD/MWh,PT1H,"US-AR,US-IA,US-KS,US-LA,US-MN,US-MO,US-MT,US-NE,US-NM,US-ND,US-OK,US-SD,US-TX,US-WY",spp_dam,SPPSOUTH_HUB,spp:DA-LMP-SL,https://portal.spp.org/file-browser-api/download/da-lmp-by-settlement-location?path=/2026/09/By_Day/DA-LMP-SL-202609110100.csv,2026-09-25T07:01:18Z,
spp:SPPSOUTH_HUB,lmp_dam,2026-09-11T11:00:00Z,26.4348,USD/MWh,PT1H,"US-AR,US-IA,US-KS,US-LA,US-MN,US-MO,US-MT,US-NE,US-NM,US-ND,US-OK,US-SD,US-TX,US-WY",spp_dam,SPPSOUTH_HUB,spp:DA-LMP-SL,https://portal.spp.org/file-browser-api/download/da-lmp-by-settlement-location?path=/2026/09/By_Day/DA-LMP-SL-202609110100.csv,2026-09-25T07:01:18Z,
spp:SPPSOUTH_HUB,lmp_dam,2026-09-11T12:00:00Z,25.7107,USD/MWh,PT1H,"US-AR,US-IA,US-KS,US-LA,US-MN,US-MO,US-MT,US-NE,US-NM,US-ND,US-OK,US-SD,US-TX,US-WY",spp_dam,SPPSOUTH_HUB,spp:DA-LMP-SL,https://portal.spp.org/file-browser-api/download/da-lmp-by-settlement-location?path=/2026/09/By_Day/DA-LMP-SL-202609110100.csv,2026-09-25T07:01:18Z,
spp:SPPSOUTH_HUB,lmp_dam,2026-09-11T13:00:00Z,27.1542,USD/MWh,PT1H,"US-AR,US-IA,US-KS,US-LA,US-MN,US-MO,US-MT,US-NE,US-NM,US-ND,US-OK,US-SD,US-TX,US-WY",spp_dam,SPPSOUTH_HUB,spp:DA-LMP-SL,https://portal.spp.org/file-browser-api/download/da-lmp-by-settlement-location?path=/2026/09/By_Day/DA-LMP-SL-202609110100.csv,2026-09-25T07:01:18Z,
spp:SPPSOUTH_HUB,lmp_dam,2026-09-11T14:00:00Z,28.1138,USD/MWh,PT1H,"US-AR,US-IA,US-KS,US-LA,US-MN,US-MO,US-MT,US-NE,US-NM,US-ND,US-OK,US-SD,US-TX,US-WY",spp_dam,SPPSOUTH_HUB,spp:DA-LMP-SL,https://portal.spp.org/file-browser-api/download/da-lmp-by-settlement-location?path=/2026/09/By_Day/DA-LMP-SL-202609110100.csv,2026-09-25T07:01:18Z,
spp:SPPSOUTH_HUB,lmp_dam,2026-09-11T15:00:00Z,29.54,USD/MWh,PT1H,"US-AR,US-IA,US-KS,US-LA,US-MN,US-MO,US-MT,US-NE,US-NM,US-ND,US-OK,US-SD,US-TX,US-WY",spp_dam,SPPSOUTH_HUB,spp:DA-LMP-SL,https://portal.spp.org/file-browser-api/download/da-lmp-by-settlement-location?path=/2026/09/By_Day/DA-LMP-SL-202609110100.csv,2026-09-25T07:01:18Z,
spp:SPPSOUTH_HUB,lmp_dam,2026-09-11T16:00:00Z,38.1616,USD/MWh,PT1H,"US-AR,US-IA,US-KS,US-LA,US-MN,US-MO,US-MT,US-NE,US-NM,US-ND,US-OK,US-SD,US-TX,US-WY",spp_dam,SPPSOUTH_HUB,spp:DA-LMP-SL,https://portal.spp.org/file-browser-api/download/da-lmp-by-settlement-location?path=/2026/09/By_Day/DA-LMP-SL-202609110100.csv,2026-09-25T07:01:18Z,
spp:SPPSOUTH_HUB,lmp_dam,2026-09-11T17:00:00Z,43.015,USD/MWh,PT1H,"US-AR,US-IA,US-KS,US-LA,US-MN,US-MO,US-MT,US-NE,US-NM,US-ND,US-OK,US-SD,US-TX,US-WY",spp_dam,SPPSOUTH_HUB,spp:DA-LMP-SL,https://portal.spp.org/file-browser-api/download/da-lmp-by-settlement-location?path=/2026/09/By_Day/DA-LMP-SL-202609110100.csv,2026-09-25T07:01:18Z,
spp:SPPSOUTH_HUB,lmp_dam,2026-09-11T18:00:00Z,51.246,USD/MWh,PT1H,"US-AR,US-IA,US-KS,US-LA,US-MN,US-MO,US-MT,US-NE,US-NM,US-ND,US-OK,US-SD,US-TX,US-WY",spp_dam,SPPSOUTH_HUB,spp:DA-LMP-SL,https://portal.spp.org/file-browser-api/download/da-lmp-by-settlement-location?path=/2026/09/By_Day/DA-LMP-SL-202609110100.csv,2026-09-25T07:01:18Z,
spp:SPPSOUTH_HUB,lmp_dam,2026-09-11T19:00:00Z,56.4803,USD/MWh,PT1H,"US-AR,US-IA,US-KS,US-LA,US-MN,US-MO,US-MT,US-NE,US-NM,US-ND,US-OK,US-SD,US-TX,US-WY",spp_dam,SPPSOUTH_HUB,spp:DA-LMP-SL,https://portal.spp.org/file-browser-api/download/da-lmp-by-settlement-location?path=/2026/09/By_Day/DA-LMP-SL-202609110100.csv,2026-09-25T07:01:18Z,
spp:SPPSOUTH_HUB,lmp_dam,2026-09-11T20:00:00Z,66.47,USD/MWh,PT1H,"US-AR,US-IA,US-KS,US-LA,US-MN,US-MO,US-MT,US-NE,US-NM,US-ND,US-OK,US-SD,US-TX,US-WY",spp_dam,SPPSOUTH_HUB,spp:DA-LMP-SL,https://portal.spp.org/file-browser-api/download/da-lmp-by-settlement-location?path=/2026/09/By_Day/DA-LMP-SL-202609110100.csv,2026-09-25T07:01:18Z,
spp:SPPSOUTH_HUB,lmp_dam,2026-09-11T21:00:00Z,71.1955,USD/MWh,PT1H,"US-AR,US-IA,US-KS,US-LA,US-MN,US-MO,US-MT,US-NE,US-NM,US-ND,US-OK,US-SD,US-TX,US-WY",spp_dam,SPPSOUTH_HUB,spp:DA-LMP-SL,https://portal.spp.org/file-browser-api/download/da-lmp-by-settlement-location?path=/2026/09/By_Day/DA-LMP-SL-202609110100.csv,2026-09-25T07:01:18Z,
spp:SPPSOUTH_HUB,lmp_dam,2026-09-11T22:00:00Z,69.11,USD/MWh,PT1H,"US-AR,US-IA,US-KS,US-LA,US-MN,US-MO,US-MT,US-NE,US-NM,US-ND,US-OK,US-SD,US-TX,US-WY",spp_dam,SPPSOUTH_HUB,spp:DA-LMP-SL,https://portal.spp.org/file-browser-api/download/da-lmp-by-settlement-location?path=/2026/09/By_Day/DA-LMP-SL-202609110100.csv,2026-09-25T07:01:18Z,
spp:SPPSOUTH_HUB,lmp_dam,2026-09-11T23:00:00Z,66.869,USD/MWh,PT1H,"US-AR,US-IA,US-KS,US-LA,US-MN,US-MO,US-MT,US-NE,US-NM,US-ND,US-OK,US-SD,US-TX,US-WY",spp_dam,SPPSOUTH_HUB,spp:DA-LMP-SL,https://portal.spp.org/file-browser-api/download/da-lmp-by-settlement-location?path=/2026/09/By_Day/DA-LMP-SL-202609110100.csv,2026-09-25T07:01:18Z,
spp:SPPSOUTH_HUB,lmp_dam,2026-09-12T00:00:00Z,52.0364,USD/MWh,PT1H,"US-AR,US-IA,US-KS,US-LA,US-MN,US-MO,US-MT,US-NE,US-NM,US-ND,US-OK,US-SD,US-TX,US-WY",spp_dam,SPPSOUTH_HUB,spp:DA-LMP-SL,https://portal.spp.org/file-browser-api/download/da-lmp-by-settlement-location?path=/2026/09/By_Day/DA-LMP-SL-202609110100.csv,2026-09-25T07:01:18Z,
spp:SPPSOUTH_HUB,lmp_dam,2026-09-12T01:00:00Z,36.8073,USD/MWh,PT1H,"US-AR,US-IA,US-KS,US-LA,US-MN,US-MO,US-MT,US-NE,US-NM,US-ND,US-OK,US-SD,US-TX,US-WY",spp_dam,SPPSOUTH_HUB,spp:DA-LMP-SL,https://portal.spp.org/file-browser-api/download/da-lmp-by-settlement-location?path=/2026/09/By_Day/DA-LMP-SL-202609110100.csv,2026-09-25T07:01:18Z,
spp:SPPSOUTH_HUB,lmp_dam,2026-09-12T02:00:00Z,29.1136,USD/MWh,PT1H,"US-AR,US-IA,US-KS,US-LA,US-MN,US-MO,US-MT,US-NE,US-NM,US-ND,US-OK,US-SD,US-TX,US-WY",spp_dam,SPPSOUTH_HUB,spp:DA-LMP-SL,https://portal.spp.org/file-browser-api/download/da-lmp-by-settlement-location?path=/2026/09/By_Day/DA-LMP-SL-202609110100.csv,2026-09-25T07:01:18Z,
spp:SPPSOUTH_HUB,lmp_dam,2026-09-12T03:00:00Z,21.9788,USD/MWh,PT1H,"US-AR,US-IA,US-KS,US-LA,US-MN,US-MO,US-MT,US-NE,US-NM,US-ND,US-OK,US-SD,US-TX,US-WY",spp_dam,SPPSOUTH_HUB,spp:DA-LMP-SL,https://portal.spp.org/file-browser-api/download/da-lmp-by-settlement-location?path=/2026/09/By_Day/DA-LMP-SL-202609110100.csv,2026-09-25T07:01:18Z,
spp:SPPSOUTH_HUB,lmp_dam,2026-09-12T04:00:00Z,18.992,USD/MWh,PT1H,"US-AR,US-IA,US-KS,US-LA,US-MN,US-MO,US-MT,US-NE,US-NM,US-ND,US-OK,US-SD,US-TX,US-WY",spp_dam,SPPSOUTH_HUB,spp:DA-LMP-SL,https://portal.spp.org/file-browser-api/download/da-lmp-by-settlement-location?path=/2026/09/By_Day/DA-LMP-SL-202609110100.csv,2026-09-25T07:01:18Z,
spp:SPPSOUTH_HUB,lmp_dam,2026-09-12T05:00:00Z,12.8268,USD/MWh,PT1H,"US-AR,US-IA,US-KS,US-LA,US-MN,US-MO,US-MT,US-NE,US-NM,US-ND,US-OK,US-SD,US-TX,US-WY",spp_dam,SPPSOUTH_HUB,spp:DA-LMP-SL,https://portal.spp.org/file-browser-api/download/da-lmp-by-settlement-location?path=/2026/09/By_Day/DA-LMP-SL-202609120100.csv,2026-09-25T07:01:22Z,
spp:SPPSOUTH_HUB,lmp_dam,2026-09-12T06:00:00Z,3.3769,USD/MWh,PT1H,"US-AR,US-IA,US-KS,US-LA,US-MN,US-MO,US-MT,US-NE,US-NM,US-ND,US-OK,US-SD,US-TX,US-WY",spp_dam,SPPSOUTH_HUB,spp:DA-LMP-SL,https://portal.spp.org/file-browser-api/download/da-lmp-by-settlement-location?path=/2026/09/By_Day/DA-LMP-SL-202609120100.csv,2026-09-25T07:01:22Z,
spp:SPPSOUTH_HUB,lmp_dam,2026-09-12T07:00:00Z,1.7031,USD/MWh,PT1H,"US-AR,US-IA,US-KS,US-LA,US-MN,US-MO,US-MT,US-NE,US-NM,US-ND,US-OK,US-SD,US-TX,US-WY",spp_dam,SPPSOUTH_HUB,spp:DA-LMP-SL,https://portal.spp.org/file-browser-api/download/da-lmp-by-settlement-location?path=/2026/09/By_Day/DA-LMP-SL-202609120100.csv,2026-09-25T07:01:22Z,
spp:SPPSOUTH_HUB,lmp_dam,2026-09-12T08:00:00Z,3.4573,USD/MWh,PT1H,"US-AR,US-IA,US-KS,US-LA,US-MN,US-MO,US-MT,US-NE,US-NM,US-ND,US-OK,US-SD,US-TX,US-WY",spp_dam,SPPSOUTH_HUB,spp:DA-LMP-SL,https://portal.spp.org/file-browser-api/download/da-lmp-by-settlement-location?path=/2026/09/By_Day/DA-LMP-SL-202609120100.csv,2026-09-25T07:01:22Z,
spp:SPPSOUTH_HUB,lmp_dam,2026-09-12T09:00:00Z,8.0877,USD/MWh,PT1H,"US-AR,US-IA,US-KS,US-LA,US-MN,US-MO,US-MT,US-NE,US-NM,US-ND,US-OK,US-SD,US-TX,US-WY",spp_dam,SPPSOUTH_HUB,spp:DA-LMP-SL,https://portal.spp.org/file-browser-api/download/da-lmp-by-settlement-location?path=/2026/09/By_Day/DA-LMP-SL-202609120100.csv,2026-09-25T07:01:22Z,
spp:SPPSOUTH_HUB,lmp_dam,2026-09-12T10:00:00Z,16.7047,USD/MWh,PT1H,"US-AR,US-IA,US-KS,US-LA,US-MN,US-MO,US-MT,US-NE,US-NM,US-ND,US-OK,US-SD,US-TX,US-WY",spp_dam,SPPSOUTH_HUB,spp:DA-LMP-SL,https://portal.spp.org/file-browser-api/download/da-lmp-by-settlement-location?path=/2026/09/By_Day/DA-LMP-SL-202609120100.csv,2026-09-25T07:01:22Z,
spp:SPPSOUTH_HUB,lmp_dam,2026-09-12T11:00:00Z,19.1893,USD/MWh,PT1H,"US-AR,US-IA,US-KS,US-LA,US-MN,US-MO,US-MT,US-NE,US-NM,US-ND,US-OK,US-SD,US-TX,US-WY",spp_dam,SPPSOUTH_HUB,spp:DA-LMP-SL,https://portal.spp.org/file-browser-api/download/da-lmp-by-settlement-location?path=/2026/09/By_Day/DA-LMP-SL-202609120100.csv,2026-09-25T07:01:22Z,
spp:SPPSOUTH_HUB,lmp_dam,2026-09-12T12:00:00Z,21.4371,USD/MWh,PT1H,"US-AR,US-IA,US-KS,US-LA,US-MN,US-MO,US-MT,US-NE,US-NM,US-ND,US-OK,US-SD,US-TX,US-WY",spp_dam,SPPSOUTH_HUB,spp:DA-LMP-SL,https://portal.spp.org/file-browser-api/download/da-lmp-by-settlement-location?path=/2026/09/By_Day/DA-LMP-SL-202609120100.csv,2026-09-25T07:01:22Z,
spp:SPPSOUTH_HUB,lmp_dam,2026-09-12T13:00:00Z,25.8354,USD/MWh,PT1H,"US-AR,US-IA,US-KS,US-LA,US-MN,US-MO,US-MT,US-NE,US-NM,US-ND,US-OK,US-SD,US-TX,US-WY",spp_dam,SPPSOUTH_HUB,spp:DA-LMP-SL,https://portal.spp.org/file-browser-api/download/da-lmp-by-settlement-location?path=/2026/09/By_Day/DA-LMP-SL-202609120100.csv,2026-09-25T07:01:22Z,
spp:SPPSOUTH_HUB,lmp_dam,2026-09-12T14:00:00Z,26.2778,USD/MWh,PT1H,"US-AR,US-IA,US-KS,US-LA,US-MN,US-MO,US-MT,US-NE,US-NM,US-ND,US-OK,US-SD,US-TX,US-WY",spp_dam,SPPSOUTH_HUB,spp:DA-LMP-SL,https://portal.spp.org/file-browser-api/download/da-lmp-by-settlement-location?path=/2026/09/By_Day/DA-LMP-SL-202609120100.csv,2026-09-25T07:01:22Z,
spp:SPPSOUTH_HUB,lmp_dam,2026-09-12T15:00:00Z,29.2026,USD/MWh,PT1H,"US-AR,US-IA,US-KS,US-LA,US-MN,US-MO,US-MT,US-NE,US-NM,US-ND,US-OK,US-SD,US-TX,US-WY",spp_dam,SPPSOUTH_HUB,spp:DA-LMP-SL,https://portal.spp.org/file-browser-api/download/da-lmp-by-settlement-location?path=/2026/09/By_Day/DA-LMP-SL-202609120100.csv,2026-09-25T07:01:22Z,
spp:SPPSOUTH_HUB,lmp_dam,2026-09-12T16:00:00Z,33.4273,USD/MWh,PT1H,"US-AR,US-IA,US-KS,US-LA,US-MN,US-MO,US-MT,US-NE,US-NM,US-ND,US-OK,US-SD,US-TX,US-WY",spp_dam,SPPSOUTH_HUB,spp:DA-LMP-SL,https://portal.spp.org/file-browser-api/download/da-lmp-by-settlement-location?path=/2026/09/By_Day/DA-LMP-SL-202609120100.csv,2026-09-25T07:01:22Z,
spp:SPPSOUTH_HUB,lmp_dam,2026-09-12T17:00:00Z,40.1524,USD/MWh,PT1H,"US-AR,US-IA,US-KS,US-LA,US-MN,US-MO,US-MT,US-NE,US-NM,US-ND,US-OK,US-SD,US-TX,US-WY",spp_dam,SPPSOUTH_HUB,spp:DA-LMP-SL,https://portal.spp.org/file-browser-api/download/da-lmp-by-settlement-location?path=/2026/09/By_Day/DA-LMP-SL-202609120100.csv,2026-09-25T07:01:22Z,
spp:SPPSOUTH_HUB,lmp_dam,2026-09-12T18:00:00Z,46.851,USD/MWh,PT1H,"US-AR,US-IA,US-KS,US-LA,US-MN,US-MO,US-MT,US-NE,US-NM,US-ND,US-OK,US-SD,US-TX,US-WY",spp_dam,SPPSOUTH_HUB,spp:DA-LMP-SL,https://portal.spp.org/file-browser-api/download/da-lmp-by-settlement-location?path=/2026/09/By_Day/DA-LMP-SL-202609120100.csv,2026-09-25T07:01:22Z,
spp:SPPSOUTH_HUB,lmp_dam,2026-09-12T19:00:00Z,51.9859,USD/MWh,PT1H,"US-AR,US-IA,US-KS,US-LA,US-MN,US-MO,US-MT,US-NE,US-NM,US-ND,US-OK,US-SD,US-TX,US-WY",spp_dam,SPPSOUTH_HUB,spp:DA-LMP-SL,https://portal.spp.org/file-browser-api/download/da-lmp-by-settlement-location?path=/2026/09/By_Day/DA-LMP-SL-202609120100.csv,2026-09-25T07:01:22Z,
spp:SPPSOUTH_HUB,lmp_dam,2026-09-12T20:00:00Z,65.6475,USD/MWh,PT1H,"US-AR,US-IA,US-KS,US-LA,US-MN,US-MO,US-MT,US-NE,US-NM,US-ND,US-OK,US-SD,US-TX,US-WY",spp_dam,SPPSOUTH_HUB,spp:DA-LMP-SL,https://portal.spp.org/file-browser-api/download/da-lmp-by-settlement-location?path=/2026/09/By_Day/DA-LMP-SL-202609120100.csv,2026-09-25T07:01:22Z,
spp:SPPSOUTH_HUB,lmp_dam,2026-09-12T21:00:00Z,66.9795,USD/MWh,PT1H,"US-AR,US-IA,US-KS,US-LA,US-MN,US-MO,US-MT,US-NE,US-NM,US-ND,US-OK,US-SD,US-TX,US-WY",spp_dam,SPPSOUTH_HUB,spp:DA-LMP-SL,https://portal.spp.org/file-browser-api/download/da-lmp-by-settlement-location?path=/2026/09/By_Day/DA-LMP-SL-202609120100.csv,2026-09-25T07:01:22Z,
spp:SPPSOUTH_HUB,lmp_dam,2026-09-12T22:00:00Z,68.1466,USD/MWh,PT1H,"US-AR,US-IA,US-KS,US-LA,US-MN,US-MO,US-MT,US-NE,US-NM,US-ND,US-OK,US-SD,US-TX,US-WY",spp_dam,SPPSOUTH_HUB,spp:DA-LMP-SL,https://portal.spp.org/file-browser-api/download/da-lmp-by-settlement-location?path=/2026/09/By_Day/DA-LMP-SL-202609120100.csv,2026-09-25T07:01:22Z,
spp:SPPSOUTH_HUB,lmp_dam,2026-09-12T23:00:00Z,61.4712,USD/MWh,PT1H,"US-AR,US-IA,US-KS,US-LA,US-MN,US-MO,US-MT,US-NE,US-NM,US-ND,US-OK,US-SD,US-TX,US-WY",spp_dam,SPPSOUTH_HUB,spp:DA-LMP-SL,https://portal.spp.org/file-browser-api/download/da-lmp-by-settlement-location?path=/2026/09/By_Day/DA-LMP-SL-202609120100.csv,2026-09-25T07:01:22Z,
spp:SPPSOUTH_HUB,lmp_dam,2026-09-13T00:00:00Z,41.6841,USD/MWh,PT1H,"US-AR,US-IA,US-KS,US-LA,US-MN,US-MO,US-MT,US-NE,US-NM,US-ND,US-OK,US-SD,US-TX,US-WY",spp_dam,SPPSOUTH_HUB,spp:DA-LMP-SL,https://portal.spp.org/file-browser-api/download/da-lmp-by-settlement-location?path=/2026/09/By_Day/DA-LMP-SL-202609120100.csv,2026-09-25T07:01:22Z,
spp:SPPSOUTH_HUB,lmp_dam,2026-09-13T01:00:00Z,33.4483,USD/MWh,PT1H,"US-AR,US-IA,US-KS,US-LA,US-MN,US-MO,US-MT,US-NE,US-NM,US-ND,US-OK,US-SD,US-TX,US-WY",spp_dam,SPPSOUTH_HUB,spp:DA-LMP-SL,https://portal.spp.org/file-browser-api/download/da-lmp-by-settlement-location?path=/2026/09/By_Day/DA-LMP-SL-202609120100.csv,2026-09-25T07:01:22Z,
spp:SPPSOUTH_HUB,lmp_dam,2026-09-13T02:00:00Z,24.5235,USD/MWh,PT1H,"US-AR,US-IA,US-KS,US-LA,US-MN,US-MO,US-MT,US-NE,US-NM,US-ND,US-OK,US-SD,US-TX,US-WY",spp_dam,SPPSOUTH_HUB,spp:DA-LMP-SL,https://portal.spp.org/file-browser-api/download/da-lmp-by-settlement-location?path=/2026/09/By_Day/DA-LMP-SL-202609120100.csv,2026-09-25T07:01:22Z,
spp:SPPSOUTH_HUB,lmp_dam,2026-09-13T03:00:00Z,23.2759,USD/MWh,PT1H,"US-AR,US-IA,US-KS,US-LA,US-MN,US-MO,US-MT,US-NE,US-NM,US-ND,US-OK,US-SD,US-TX,US-WY",spp_dam,SPPSOUTH_HUB,spp:DA-LMP-SL,https://portal.spp.org/file-browser-api/download/da-lmp-by-settlement-location?path=/2026/09/By_Day/DA-LMP-SL-202609120100.csv,2026-09-25T07:01:22Z,
spp:SPPSOUTH_HUB,lmp_dam,2026-09-13T04:00:00Z,20.0773,USD/MWh,PT1H,"US-AR,US-IA,US-KS,US-LA,US-MN,US-MO,US-MT,US-NE,US-NM,US-ND,US-OK,US-SD,US-TX,US-WY",spp_dam,SPPSOUTH_HUB,spp:DA-LMP-SL,https://portal.spp.org/file-browser-api/download/da-lmp-by-settlement-location?path=/2026/09/By_Day/DA-LMP-SL-202609120100.csv,2026-09-25T07:01:22Z,
spp:SPPSOUTH_HUB,lmp_dam,2026-09-13T05:00:00Z,22.7827,USD/MWh,PT1H,"US-AR,US-IA,US-KS,US-LA,US-MN,US-MO,US-MT,US-NE,US-NM,US-ND,US-OK,US-SD,US-TX,US-WY",spp_dam,SPPSOUTH_HUB,spp:DA-LMP-SL,https://portal.spp.org/file-browser-api/download/da-lmp-by-settlement-location?path=/2026/09/By_Day/DA-LMP-SL-202609130100.csv,2026-09-25T07:01:41Z,
spp:SPPSOUTH_HUB,lmp_dam,2026-09-13T06:00:00Z,21.4921,USD/MWh,PT1H,"US-AR,US-IA,US-KS,US-LA,US-MN,US-MO,US-MT,US-NE,US-NM,US-ND,US-OK,US-SD,US-TX,US-WY",spp_dam,SPPSOUTH_HUB,spp:DA-LMP-SL,https://portal.spp.org/file-browser-api/download/da-lmp-by-settlement-location?path=/2026/09/By_Day/DA-LMP-SL-202609130100.csv,2026-09-25T07:01:41Z,
spp:SPPSOUTH_HUB,lmp_dam,2026-09-13T07:00:00Z,20.9457,USD/MWh,PT1H,"US-AR,US-IA,US-KS,US-LA,US-MN,US-MO,US-MT,US-NE,US-NM,US-ND,US-OK,US-SD,US-TX,US-WY",spp_dam,SPPSOUTH_HUB,spp:DA-LMP-SL,https://portal.spp.org/file-browser-api/download/da-lmp-by-settlement-location?path=/2026/09/By_Day/DA-LMP-SL-202609130100.csv,2026-09-25T07:01:41Z,
spp:SPPSOUTH_HUB,lmp_dam,2026-09-13T08:00:00Z,20.1306,USD/MWh,PT1H,"US-AR,US-IA,US-KS,US-LA,US-MN,US-MO,US-MT,US-NE,US-NM,US-ND,US-OK,US-SD,US-TX,US-WY",spp_dam,SPPSOUTH_HUB,spp:DA-LMP-SL,https://portal.spp.org/file-browser-api/download/da-lmp-by-settlement-location?path=/2026/09/By_Day/DA-LMP-SL-202609130100.csv,2026-09-25T07:01:41Z,
spp:SPPSOUTH_HUB,lmp_dam,2026-09-13T09:00:00Z,20.2204,USD/MWh,PT1H,"US-AR,US-IA,US-KS,US-LA,US-MN,US-MO,US-MT,US-NE,US-NM,US-ND,US-OK,US-SD,US-TX,US-WY",spp_dam,SPPSOUTH_HUB,spp:DA-LMP-SL,https://portal.spp.org/file-browser-api/download/da-lmp-by-settlement-location?path=/2026/09/By_Day/DA-LMP-SL-202609130100.csv,2026-09-25T07:01:41Z,
spp:SPPSOUTH_HUB,lmp_dam,2026-09-13T10:00:00Z,21.2188,USD/MWh,PT1H,"US-AR,US-IA,US-KS,US-LA,US-MN,US-MO,US-MT,US-NE,US-NM,US-ND,US-OK,US-SD,US-TX,US-WY",spp_dam,SPPSOUTH_HUB,spp:DA-LMP-SL,https://portal.spp.org/file-browser-api/download/da-lmp-by-settlement-location?path=/2026/09/By_Day/DA-LMP-SL-202609130100.csv,2026-09-25T07:01:41Z,
spp:SPPSOUTH_HUB,lmp_dam,2026-09-13T11:00:00Z,22.4808,USD/MWh,PT1H,"US-AR,US-IA,US-KS,US-LA,US-MN,US-MO,US-MT,US-NE,US-NM,US-ND,US-OK,US-SD,US-TX,US-WY",spp_dam,SPPSOUTH_HUB,spp:DA-LMP-SL,https://portal.spp.org/file-browser-api/download/da-lmp-by-settlement-location?path=/2026/09/By_Day/DA-LMP-SL-202609130100.csv,2026-09-25T07:01:41Z,
spp:SPPSOUTH_HUB,lmp_dam,2026-09-13T12:00:00Z,21.6252,USD/MWh,PT1H,"US-AR,US-IA,US-KS,US-LA,US-MN,US-MO,US-MT,US-NE,US-NM,US-ND,US-OK,US-SD,US-TX,US-WY",spp_dam,SPPSOUTH_HUB,spp:DA-LMP-SL,https://portal.spp.org/file-browser-api/download/da-lmp-by-settlement-location?path=/2026/09/By_Day/DA-LMP-SL-202609130100.csv,2026-09-25T07:01:41Z,
spp:SPPSOUTH_HUB,lmp_dam,2026-09-13T13:00:00Z,24.0209,USD/MWh,PT1H,"US-AR,US-IA,US-KS,US-LA,US-MN,US-MO,US-MT,US-NE,US-NM,US-ND,US-OK,US-SD,US-TX,US-WY",spp_dam,SPPSOUTH_HUB,spp:DA-LMP-SL,https://portal.spp.org/file-browser-api/download/da-lmp-by-settlement-location?path=/2026/09/By_Day/DA-LMP-SL-202609130100.csv,2026-09-25T07:01:41Z,
spp:SPPSOUTH_HUB,lmp_dam,2026-09-13T14:00:00Z,28.9908,USD/MWh,PT1H,"US-AR,US-IA,US-KS,US-LA,US-MN,US-MO,US-MT,US-NE,US-NM,US-ND,US-OK,US-SD,US-TX,US-WY",spp_dam,SPPSOUTH_HUB,spp:DA-LMP-SL,https://portal.spp.org/file-browser-api/download/da-lmp-by-settlement-location?path=/2026/09/By_Day/DA-LMP-SL-202609130100.csv,2026-09-25T07:01:41Z,
spp:SPPSOUTH_HUB,lmp_dam,2026-09-13T15:00:00Z,29.7122,USD/MWh,PT1H,"US-AR,US-IA,US-KS,US-LA,US-MN,US-MO,US-MT,US-NE,US-NM,US-ND,US-OK,US-SD,US-TX,US-WY",spp_dam,SPPSOUTH_HUB,spp:DA-LMP-SL,https://portal.spp.org/file-browser-api/download/da-lmp-by-settlement-location?path=/2026/09/By_Day/DA-LMP-SL-202609130100.csv,2026-09-25T07:01:41Z,
spp:SPPSOUTH_HUB,lmp_dam,2026-09-13T16:00:00Z,36.3034,USD/MWh,PT1H,"US-AR,US-IA,US-KS,US-LA,US-MN,US-MO,US-MT,US-NE,US-NM,US-ND,US-OK,US-SD,US-TX,US-WY",spp_dam,SPPSOUTH_HUB,spp:DA-LMP-SL,https://portal.spp.org/file-browser-api/download/da-lmp-by-settlement-location?path=/2026/09/By_Day/DA-LMP-SL-202609130100.csv,2026-09-25T07:01:41Z,
spp:SPPSOUTH_HUB,lmp_dam,2026-09-13T17:00:00Z,40.2686,USD/MWh,PT1H,"US-AR,US-IA,US-KS,US-LA,US-MN,US-MO,US-MT,US-NE,US-NM,US-ND,US-OK,US-SD,US-TX,US-WY",spp_dam,SPPSOUTH_HUB,spp:DA-LMP-SL,https://portal.spp.org/file-browser-api/download/da-lmp-by-settlement-location?path=/2026/09/By_Day/DA-LMP-SL-202609130100.csv,2026-09-25T07:01:41Z,
spp:SPPSOUTH_HUB,lmp_dam,2026-09-13T18:00:00Z,53.8251,USD/MWh,PT1H,"US-AR,US-IA,US-KS,US-LA,US-MN,US-MO,US-MT,US-NE,US-NM,US-ND,US-OK,US-SD,US-TX,US-WY",spp_dam,SPPSOUTH_HUB,spp:DA-LMP-SL,https://portal.spp.org/file-browser-api/download/da-lmp-by-settlement-location?path=/2026/09/By_Day/DA-LMP-SL-202609130100.csv,2026-09-25T07:01:41Z,
spp:SPPSOUTH_HUB,lmp_dam,2026-09-13T19:00:00Z,72.0,USD/MWh,PT1H,"US-AR,US-IA,US-KS,US-LA,US-MN,US-MO,US-MT,US-NE,US-NM,US-ND,US-OK,US-SD,US-TX,US-WY",spp_dam,SPPSOUTH_HUB,spp:DA-LMP-SL,https://portal.spp.org/file-browser-api/download/da-lmp-by-settlement-location?path=/2026/09/By_Day/DA-LMP-SL-202609130100.csv,2026-09-25T07:01:41Z,
spp:SPPSOUTH_HUB,lmp_dam,2026-09-13T20:00:00Z,86.0847,USD/MWh,PT1H,"US-AR,US-IA,US-KS,US-LA,US-MN,US-MO,US-MT,US-NE,US-NM,US-ND,US-OK,US-SD,US-TX,US-WY",spp_dam,SPPSOUTH_HUB,spp:DA-LMP-SL,https://portal.spp.org/file-browser-api/download/da-lmp-by-settlement-location?path=/2026/09/By_Day/DA-LMP-SL-202609130100.csv,2026-09-25T07:01:41Z,
spp:SPPSOUTH_HUB,lmp_dam,2026-09-13T21:00:00Z,104.5372,USD/MWh,PT1H,"US-AR,US-IA,US-KS,US-LA,US-MN,US-MO,US-MT,US-NE,US-NM,US-ND,US-OK,US-SD,US-TX,US-WY",spp_dam,SPPSOUTH_HUB,spp:DA-LMP-SL,https://portal.spp.org/file-browser-api/download/da-lmp-by-settlement-location?path=/2026/09/By_Day/DA-LMP-SL-202609130100.csv,2026-09-25T07:01:41Z,
spp:SPPSOUTH_HUB,lmp_dam,2026-09-13T22:00:00Z,95.9322,USD/MWh,PT1H,"US-AR,US-IA,US-KS,US-LA,US-MN,US-MO,US-MT,US-NE,US-NM,US-ND,US-OK,US-SD,US-TX,US-WY",spp_dam,SPPSOUTH_HUB,spp:DA-LMP-SL,https://portal.spp.org/file-browser-api/download/da-lmp-by-settlement-location?path=/2026/09/By_Day/DA-LMP-SL-202609130100.csv,2026-09-25T07:01:41Z,
spp:SPPSOUTH_HUB,lmp_dam,2026-09-13T23:00:00Z,85.2303,USD/MWh,PT1H,"US-AR,US-IA,US-KS,US-LA,US-MN,US-MO,US-MT,US-NE,US-NM,US-ND,US-OK,US-SD,US-TX,US-WY",spp_dam,SPPSOUTH_HUB,spp:DA-LMP-SL,https://portal.spp.org/file-browser-api/download/da-lmp-by-settlement-location?path=/2026/09/By_Day/DA-LMP-SL-202609130100.csv,2026-09-25T07:01:41Z,
spp:SPPSOUTH_HUB,lmp_dam,2026-09-14T00:00:00Z,62.3612,USD/MWh,PT1H,"US-AR,US-IA,US-KS,US-LA,US-MN,US-MO,US-MT,US-NE,US-NM,US-ND,US-OK,US-SD,US-TX,US-WY",spp_dam,SPPSOUTH_HUB,spp:DA-LMP-SL,https://portal.spp.org/file-browser-api/download/da-lmp-by-settlement-location?path=/2026/09/By_Day/DA-LMP-SL-202609130100.csv,2026-09-25T07:01:41Z,
spp:SPPSOUTH_HUB,lmp_dam,2026-09-14T01:00:00Z,34.1233,USD/MWh,PT1H,"US-AR,US-IA,US-KS,US-LA,US-MN,US-MO,US-MT,US-NE,US-NM,US-ND,US-OK,US-SD,US-TX,US-WY",spp_dam,SPPSOUTH_HUB,spp:DA-LMP-SL,https://portal.spp.org/file-browser-api/download/da-lmp-by-settlement-location?path=/2026/09/By_Day/DA-LMP-SL-202609130100.csv,2026-09-25T07:01:41Z,
spp:SPPSOUTH_HUB,lmp_dam,2026-09-14T02:00:00Z,27.1256,USD/MWh,PT1H,"US-AR,US-IA,US-KS,US-LA,US-MN,US-MO,US-MT,US-NE,US-NM,US-ND,US-OK,US-SD,US-TX,US-WY",spp_dam,SPPSOUTH_HUB,spp:DA-LMP-SL,https://portal.spp.org/file-browser-api/download/da-lmp-by-settlement-location?path=/2026/09/By_Day/DA-LMP-SL-202609130100.csv,2026-09-25T07:01:41Z,
spp:SPPSOUTH_HUB,lmp_dam,2026-09-14T03:00:00Z,19.39,USD/MWh,PT1H,"US-AR,US-IA,US-KS,US-LA,US-MN,US-MO,US-MT,US-NE,US-NM,US-ND,US-OK,US-SD,US-TX,US-WY",spp_dam,SPPSOUTH_HUB,spp:DA-LMP-SL,https://portal.spp.org/file-browser-api/download/da-lmp-by-settlement-location?path=/2026/09/By_Day/DA-LMP-SL-202609130100.csv,2026-09-25T07:01:41Z,
spp:SPPSOUTH_HUB,lmp_dam,2026-09-14T04:00:00Z,12.6241,USD/MWh,PT1H,"US-AR,US-IA,US-KS,US-LA,US-MN,US-MO,US-MT,US-NE,US-NM,US-ND,US-OK,US-SD,US-TX,US-WY",spp_dam,SPPSOUTH_HUB,spp:DA-LMP-SL,https://portal.spp.org/file-browser-api/download/da-lmp-by-settlement-location?path=/2026/09/By_Day/DA-LMP-SL-202609130100.csv,2026-09-25T07:01:41Z,
spp:SPPSOUTH_HUB,lmp_dam,2026-09-14T05:00:00Z,10.9513,USD/MWh,PT1H,"US-AR,US-IA,US-KS,US-LA,US-MN,US-MO,US-MT,US-NE,US-NM,US-ND,US-OK,US-SD,US-TX,US-WY",spp_dam,SPPSOUTH_HUB,spp:DA-LMP-SL,https://portal.spp.org/file-browser-api/download/da-lmp-by-settlement-location?path=/2026/09/By_Day/DA-LMP-SL-202609140100.csv,2026-09-25T07:01:48Z,
spp:SPPSOUTH_HUB,lmp_dam,2026-09-14T06:00:00Z,3.8135,USD/MWh,PT1H,"US-AR,US-IA,US-KS,US-LA,US-MN,US-MO,US-MT,US-NE,US-NM,US-ND,US-OK,US-SD,US-TX,US-WY",spp_dam,SPPSOUTH_HUB,spp:DA-LMP-SL,https://portal.spp.org/file-browser-api/download/da-lmp-by-settlement-location?path=/2026/09/By_Day/DA-LMP-SL-202609140100.csv,2026-09-25T07:01:48Z,
spp:SPPSOUTH_HUB,lmp_dam,2026-09-14T07:00:00Z,-1.6875,USD/MWh,PT1H,"US-AR,US-IA,US-KS,US-LA,US-MN,US-MO,US-MT,US-NE,US-NM,US-ND,US-OK,US-SD,US-TX,US-WY",spp_dam,SPPSOUTH_HUB,spp:DA-LMP-SL,https://portal.spp.org/file-browser-api/download/da-lmp-by-settlement-location?path=/2026/09/By_Day/DA-LMP-SL-202609140100.csv,2026-09-25T07:01:48Z,
spp:SPPSOUTH_HUB,lmp_dam,2026-09-14T08:00:00Z,-6.6528,USD/MWh,PT1H,"US-AR,US-IA,US-KS,US-LA,US-MN,US-MO,US-MT,US-NE,US-NM,US-ND,US-OK,US-SD,US-TX,US-WY",spp_dam,SPPSOUTH_HUB,spp:DA-LMP-SL,https://portal.spp.org/file-browser-api/download/da-lmp-by-settlement-location?path=/2026/09/By_Day/DA-LMP-SL-202609140100.csv,2026-09-25T07:01:48Z,
spp:SPPSOUTH_HUB,lmp_dam,2026-09-14T09:00:00Z,-4.6751,USD/MWh,PT1H,"US-AR,US-IA,US-KS,US-LA,US-MN,US-MO,US-MT,US-NE,US-NM,US-ND,US-OK,US-SD,US-TX,US-WY",spp_dam,SPPSOUTH_HUB,spp:DA-LMP-SL,https://portal.spp.org/file-browser-api/download/da-lmp-by-settlement-location?path=/2026/09/By_Day/DA-LMP-SL-202609140100.csv,2026-09-25T07:01:48Z,
spp:SPPSOUTH_HUB,lmp_dam,2026-09-14T10:00:00Z,1.2481,USD/MWh,PT1H,"US-AR,US-IA,US-KS,US-LA,US-MN,US-MO,US-MT,US-NE,US-NM,US-ND,US-OK,US-SD,US-TX,US-WY",spp_dam,SPPSOUTH_HUB,spp:DA-LMP-SL,https://portal.spp.org/file-browser-api/download/da-lmp-by-settlement-location?path=/2026/09/By_Day/DA-LMP-SL-202609140100.csv,2026-09-25T07:01:48Z,
spp:SPPSOUTH_HUB,lmp_dam,2026-09-14T11:00:00Z,11.2718,USD/MWh,PT1H,"US-AR,US-IA,US-KS,US-LA,US-MN,US-MO,US-MT,US-NE,US-NM,US-ND,US-OK,US-SD,US-TX,US-WY",spp_dam,SPPSOUTH_HUB,spp:DA-LMP-SL,https://portal.spp.org/file-browser-api/download/da-lmp-by-settlement-location?path=/2026/09/By_Day/DA-LMP-SL-202609140100.csv,2026-09-25T07:01:48Z,
spp:SPPSOUTH_HUB,lmp_dam,2026-09-14T12:00:00Z,12.8955,USD/MWh,PT1H,"US-AR,US-IA,US-KS,US-LA,US-MN,US-MO,US-MT,US-NE,US-NM,US-ND,US-OK,US-SD,US-TX,US-WY",spp_dam,SPPSOUTH_HUB,spp:DA-LMP-SL,https://portal.spp.org/file-browser-api/download/da-lmp-by-settlement-location?path=/2026/09/By_Day/DA-LMP-SL-202609140100.csv,2026-09-25T07:01:48Z,
spp:SPPSOUTH_HUB,lmp_dam,2026-09-14T13:00:00Z,16.9168,USD/MWh,PT1H,"US-AR,US-IA,US-KS,US-LA,US-MN,US-MO,US-MT,US-NE,US-NM,US-ND,US-OK,US-SD,US-TX,US-WY",spp_dam,SPPSOUTH_HUB,spp:DA-LMP-SL,https://portal.spp.org/file-browser-api/download/da-lmp-by-settlement-location?path=/2026/09/By_Day/DA-LMP-SL-202609140100.csv,2026-09-25T07:01:48Z,
spp:SPPSOUTH_HUB,lmp_dam,2026-09-14T14:00:00Z,21.3788,USD/MWh,PT1H,"US-AR,US-IA,US-KS,US-LA,US-MN,US-MO,US-MT,US-NE,US-NM,US-ND,US-OK,US-SD,US-TX,US-WY",spp_dam,SPPSOUTH_HUB,spp:DA-LMP-SL,https://portal.spp.org/file-browser-api/download/da-lmp-by-settlement-location?path=/2026/09/By_Day/DA-LMP-SL-202609140100.csv,2026-09-25T07:01:48Z,
spp:SPPSOUTH_HUB,lmp_dam,2026-09-14T15:00:00Z,26.1963,USD/MWh,PT1H,"US-AR,US-IA,US-KS,US-LA,US-MN,US-MO,US-MT,US-NE,US-NM,US-ND,US-OK,US-SD,US-TX,US-WY",spp_dam,SPPSOUTH_HUB,spp:DA-LMP-SL,https://portal.spp.org/file-browser-api/download/da-lmp-by-settlement-location?path=/2026/09/By_Day/DA-LMP-SL-202609140100.csv,2026-09-25T07:01:48Z,
spp:SPPSOUTH_HUB,lmp_dam,2026-09-14T16:00:00Z,36.1791,USD/MWh,PT1H,"US-AR,US-IA,US-KS,US-LA,US-MN,US-MO,US-MT,US-NE,US-NM,US-ND,US-OK,US-SD,US-TX,US-WY",spp_dam,SPPSOUTH_HUB,spp:DA-LMP-SL,https://portal.spp.org/file-browser-api/download/da-lmp-by-settlement-location?path=/2026/09/By_Day/DA-LMP-SL-202609140100.csv,2026-09-25T07:01:48Z,
spp:SPPSOUTH_HUB,lmp_dam,2026-09-14T17:00:00Z,50.1937,USD/MWh,PT1H,"US-AR,US-IA,US-KS,US-LA,US-MN,US-MO,US-MT,US-NE,US-NM,US-ND,US-OK,US-SD,US-TX,US-WY",spp_dam,SPPSOUTH_HUB,spp:DA-LMP-SL,https://portal.spp.org/file-browser-api/download/da-lmp-by-settlement-location?path=/2026/09/By_Day/DA-LMP-SL-202609140100.csv,2026-09-25T07:01:48Z,
spp:SPPSOUTH_HUB,lmp_dam,2026-09-14T18:00:00Z,80.7716,USD/MWh,PT1H,"US-AR,US-IA,US-KS,US-LA,US-MN,US-MO,US-MT,US-NE,US-NM,US-ND,US-OK,US-SD,US-TX,US-WY",spp_dam,SPPSOUTH_HUB,spp:DA-LMP-SL,https://portal.spp.org/file-browser-api/download/da-lmp-by-settlement-location?path=/2026/09/By_Day/DA-LMP-SL-202609140100.csv,2026-09-25T07:01:48Z,
spp:SPPSOUTH_HUB,lmp_dam,2026-09-14T19:00:00Z,99.0,USD/MWh,PT1H,"US-AR,US-IA,US-KS,US-LA,US-MN,US-MO,US-MT,US-NE,US-NM,US-ND,US-OK,US-SD,US-TX,US-WY",spp_dam,SPPSOUTH_HUB,spp:DA-LMP-SL,https://portal.spp.org/file-browser-api/download/da-lmp-by-settlement-location?path=/2026/09/By_Day/DA-LMP-SL-202609140100.csv,2026-09-25T07:01:48Z,
spp:SPPSOUTH_HUB,lmp_dam,2026-09-14T20:00:00Z,133.8297,USD/MWh,PT1H,"US-AR,US-IA,US-KS,US-LA,US-MN,US-MO,US-MT,US-NE,US-NM,US-ND,US-OK,US-SD,US-TX,US-WY",spp_dam,SPPSOUTH_HUB,spp:DA-LMP-SL,https://portal.spp.org/file-browser-api/download/da-lmp-by-settlement-location?path=/2026/09/By_Day/DA-LMP-SL-202609140100.csv,2026-09-25T07:01:48Z,
spp:SPPSOUTH_HUB,lmp_dam,2026-09-14T21:00:00Z,135.1,USD/MWh,PT1H,"US-AR,US-IA,US-KS,US-LA,US-MN,US-MO,US-MT,US-NE,US-NM,US-ND,US-OK,US-SD,US-TX,US-WY",spp_dam,SPPSOUTH_HUB,spp:DA-LMP-SL,https://portal.spp.org/file-browser-api/download/da-lmp-by-settlement-location?path=/2026/09/By_Day/DA-LMP-SL-202609140100.csv,2026-09-25T07:01:48Z,
spp:SPPSOUTH_HUB,lmp_dam,2026-09-14T22:00:00Z,133.3288,USD/MWh,PT1H,"US-AR,US-IA,US-KS,US-LA,US-MN,US-MO,US-MT,US-NE,US-NM,US-ND,US-OK,US-SD,US-TX,US-WY",spp_dam,SPPSOUTH_HUB,spp:DA-LMP-SL,https://portal.spp.org/file-browser-api/download/da-lmp-by-settlement-location?path=/2026/09/By_Day/DA-LMP-SL-202609140100.csv,2026-09-25T07:01:48Z,
spp:SPPSOUTH_HUB,lmp_dam,2026-09-14T23:00:00Z,150.0,USD/MWh,PT1H,"US-AR,US-IA,US-KS,US-LA,US-MN,US-MO,US-MT,US-NE,US-NM,US-ND,US-OK,US-SD,US-TX,US-WY",spp_dam,SPPSOUTH_HUB,spp:DA-LMP-SL,https://portal.spp.org/file-browser-api/download/da-lmp-by-settlement-location?path=/2026/09/By_Day/DA-LMP-SL-202609140100.csv,2026-09-25T07:01:48Z,
spp:SPPSOUTH_HUB,lmp_dam,2026-09-15T00:00:00Z,84.1263,USD/MWh,PT1H,"US-AR,US-IA,US-KS,US-LA,US-MN,US-MO,US-MT,US-NE,US-NM,US-ND,US-OK,US-SD,US-TX,US-WY",spp_dam,SPPSOUTH_HUB,spp:DA-LMP-SL,https://portal.spp.org/file-browser-api/download/da-lmp-by-settlement-location?path=/2026/09/By_Day/DA-LMP-SL-202609140100.csv,2026-09-25T07:01:48Z,
spp:SPPSOUTH_HUB,lmp_dam,2026-09-15T01:00:00Z,39.7618,USD/MWh,PT1H,"US-AR,US-IA,US-KS,US-LA,US-MN,US-MO,US-MT,US-NE,US-NM,US-ND,US-OK,US-SD,US-TX,US-WY",spp_dam,SPPSOUTH_HUB,spp:DA-LMP-SL,https://portal.spp.org/file-browser-api/download/da-lmp-by-settlement-location?path=/2026/09/By_Day/DA-LMP-SL-202609140100.csv,2026-09-25T07:01:48Z,
spp:SPPSOUTH_HUB,lmp_dam,2026-09-15T02:00:00Z,26.1186,USD/MWh,PT1H,"US-AR,US-IA,US-KS,US-LA,US-MN,US-MO,US-MT,US-NE,US-NM,US-ND,US-OK,US-SD,US-TX,US-WY",spp_dam,SPPSOUTH_HUB,spp:DA-LMP-SL,https://portal.spp.org/file-browser-api/download/da-lmp-by-settlement-location?path=/2026/09/By_Day/DA-LMP-SL-202609140100.csv,2026-09-25T07:01:48Z,
spp:SPPSOUTH_HUB,lmp_dam,2026-09-15T03:00:00Z,22.7082,USD/MWh,PT1H,"US-AR,US-IA,US-KS,US-LA,US-MN,US-MO,US-MT,US-NE,US-NM,US-ND,US-OK,US-SD,US-TX,US-WY",spp_dam,SPPSOUTH_HUB,spp:DA-LMP-SL,https://portal.spp.org/file-browser-api/download/da-lmp-by-settlement-location?path=/2026/09/By_Day/DA-LMP-SL-202609140100.csv,2026-09-25T07:01:48Z,
spp:SPPSOUTH_HUB,lmp_dam,2026-09-15T04:00:00Z,17.3082,USD/MWh,PT1H,"US-AR,US-IA,US-KS,US-LA,US-MN,US-MO,US-MT,US-NE,US-NM,US-ND,US-OK,US-SD,US-TX,US-WY",spp_dam,SPPSOUTH_HUB,spp:DA-LMP-SL,https://portal.spp.org/file-browser-api/download/da-lmp-by-settlement-location?path=/2026/09/By_Day/DA-LMP-SL-202609140100.csv,2026-09-25T07:01:48Z,
spp:SPPSOUTH_HUB,lmp_dam,2026-09-15T05:00:00Z,10.1333,USD/MWh,PT1H,"US-AR,US-IA,US-KS,US-LA,US-MN,US-MO,US-MT,US-NE,US-NM,US-ND,US-OK,US-SD,US-TX,US-WY",spp_dam,SPPSOUTH_HUB,spp:DA-LMP-SL,https://portal.spp.org/file-browser-api/download/da-lmp-by-settlement-location?path=/2026/09/By_Day/DA-LMP-SL-202609150100.csv,2026-09-25T07:01:45Z,
spp:SPPSOUTH_HUB,lmp_dam,2026-09-15T06:00:00Z,7.7642,USD/MWh,PT1H,"US-AR,US-IA,US-KS,US-LA,US-MN,US-MO,US-MT,US-NE,US-NM,US-ND,US-OK,US-SD,US-TX,US-WY",spp_dam,SPPSOUTH_HUB,spp:DA-LMP-SL,https://portal.spp.org/file-browser-api/download/da-lmp-by-settlement-location?path=/2026/09/By_Day/DA-LMP-SL-202609150100.csv,2026-09-25T07:01:45Z,
spp:SPPSOUTH_HUB,lmp_dam,2026-09-15T07:00:00Z,4.6862,USD/MWh,PT1H,"US-AR,US-IA,US-KS,US-LA,US-MN,US-MO,US-MT,US-NE,US-NM,US-ND,US-OK,US-SD,US-TX,US-WY",spp_dam,SPPSOUTH_HUB,spp:DA-LMP-SL,https://portal.spp.org/file-browser-api/download/da-lmp-by-settlement-location?path=/2026/09/By_Day/DA-LMP-SL-202609150100.csv,2026-09-25T07:01:45Z,
spp:SPPSOUTH_HUB,lmp_dam,2026-09-15T08:00:00Z,2.5843,USD/MWh,PT1H,"US-AR,US-IA,US-KS,US-LA,US-MN,US-MO,US-MT,US-NE,US-NM,US-ND,US-OK,US-SD,US-TX,US-WY",spp_dam,SPPSOUTH_HUB,spp:DA-LMP-SL,https://portal.spp.org/file-browser-api/download/da-lmp-by-settlement-location?path=/2026/09/By_Day/DA-LMP-SL-202609150100.csv,2026-09-25T07:01:45Z,
spp:SPPSOUTH_HUB,lmp_dam,2026-09-15T09:00:00Z,4.3318,USD/MWh,PT1H,"US-AR,US-IA,US-KS,US-LA,US-MN,US-MO,US-MT,US-NE,US-NM,US-ND,US-OK,US-SD,US-TX,US-WY",spp_dam,SPPSOUTH_HUB,spp:DA-LMP-SL,https://portal.spp.org/file-browser-api/download/da-lmp-by-settlement-location?path=/2026/09/By_Day/DA-LMP-SL-202609150100.csv,2026-09-25T07:01:45Z,
spp:SPPSOUTH_HUB,lmp_dam,2026-09-15T10:00:00Z,6.6855,USD/MWh,PT1H,"US-AR,US-IA,US-KS,US-LA,US-MN,US-MO,US-MT,US-NE,US-NM,US-ND,US-OK,US-SD,US-TX,US-WY",spp_dam,SPPSOUTH_HUB,spp:DA-LMP-SL,https://portal.spp.org/file-browser-api/download/da-lmp-by-settlement-location?path=/2026/09/By_Day/DA-LMP-SL-202609150100.csv,2026-09-25T07:01:45Z,
spp:SPPSOUTH_HUB,lmp_dam,2026-09-15T11:00:00Z,11.7276,USD/MWh,PT1H,"US-AR,US-IA,US-KS,US-LA,US-MN,US-MO,US-MT,US-NE,US-NM,US-ND,US-OK,US-SD,US-TX,US-WY",spp_dam,SPPSOUTH_HUB,spp:DA-LMP-SL,https://portal.spp.org/file-browser-api/download/da-lmp-by-settlement-location?path=/2026/09/By_Day/DA-LMP-SL-202609150100.csv,2026-09-25T07:01:45Z,
spp:SPPSOUTH_HUB,lmp_dam,2026-09-15T12:00:00Z,9.7575,USD/MWh,PT1H,"US-AR,US-IA,US-KS,US-LA,US-MN,US-MO,US-MT,US-NE,US-NM,US-ND,US-OK,US-SD,US-TX,US-WY",spp_dam,SPPSOUTH_HUB,spp:DA-LMP-SL,https://portal.spp.org/file-browser-api/download/da-lmp-by-settlement-location?path=/2026/09/By_Day/DA-LMP-SL-202609150100.csv,2026-09-25T07:01:45Z,
spp:SPPSOUTH_HUB,lmp_dam,2026-09-15T13:00:00Z,16.4867,USD/MWh,PT1H,"US-AR,US-IA,US-KS,US-LA,US-MN,US-MO,US-MT,US-NE,US-NM,US-ND,US-OK,US-SD,US-TX,US-WY",spp_dam,SPPSOUTH_HUB,spp:DA-LMP-SL,https://portal.spp.org/file-browser-api/download/da-lmp-by-settlement-location?path=/2026/09/By_Day/DA-LMP-SL-202609150100.csv,2026-09-25T07:01:45Z,
spp:SPPSOUTH_HUB,lmp_dam,2026-09-15T14:00:00Z,18.8497,USD/MWh,PT1H,"US-AR,US-IA,US-KS,US-LA,US-MN,US-MO,US-MT,US-NE,US-NM,US-ND,US-OK,US-SD,US-TX,US-WY",spp_dam,SPPSOUTH_HUB,spp:DA-LMP-SL,https://portal.spp.org/file-browser-api/download/da-lmp-by-settlement-location?path=/2026/09/By_Day/DA-LMP-SL-202609150100.csv,2026-09-25T07:01:45Z,
spp:SPPSOUTH_HUB,lmp_dam,2026-09-15T15:00:00Z,29.8324,USD/MWh,PT1H,"US-AR,US-IA,US-KS,US-LA,US-MN,US-MO,US-MT,US-NE,US-NM,US-ND,US-OK,US-SD,US-TX,US-WY",spp_dam,SPPSOUTH_HUB,spp:DA-LMP-SL,https://portal.spp.org/file-browser-api/download/da-lmp-by-settlement-location?path=/2026/09/By_Day/DA-LMP-SL-202609150100.csv,2026-09-25T07:01:45Z,
spp:SPPSOUTH_HUB,lmp_dam,2026-09-15T16:00:00Z,40.6357,USD/MWh,PT1H,"US-AR,US-IA,US-KS,US-LA,US-MN,US-MO,US-MT,US-NE,US-NM,US-ND,US-OK,US-SD,US-TX,US-WY",spp_dam,SPPSOUTH_HUB,spp:DA-LMP-SL,https://portal.spp.org/file-browser-api/download/da-lmp-by-settlement-location?path=/2026/09/By_Day/DA-LMP-SL-202609150100.csv,2026-09-25T07:01:45Z,
spp:SPPSOUTH_HUB,lmp_dam,2026-09-15T17:00:00Z,54.6989,USD/MWh,PT1H,"US-AR,US-IA,US-KS,US-LA,US-MN,US-MO,US-MT,US-NE,US-NM,US-ND,US-OK,US-SD,US-TX,US-WY",spp_dam,SPPSOUTH_HUB,spp:DA-LMP-SL,https://portal.spp.org/file-browser-api/download/da-lmp-by-settlement-location?path=/2026/09/By_Day/DA-LMP-SL-202609150100.csv,2026-09-25T07:01:45Z,
spp:SPPSOUTH_HUB,lmp_dam,2026-09-15T18:00:00Z,78.6516,USD/MWh,PT1H,"US-AR,US-IA,US-KS,US-LA,US-MN,US-MO,US-MT,US-NE,US-NM,US-ND,US-OK,US-SD,US-TX,US-WY",spp_dam,SPPSOUTH_HUB,spp:DA-LMP-SL,https://portal.spp.org/file-browser-api/download/da-lmp-by-settlement-location?path=/2026/09/By_Day/DA-LMP-SL-202609150100.csv,2026-09-25T07:01:45Z,
spp:SPPSOUTH_HUB,lmp_dam,2026-09-15T19:00:00Z,84.7337,USD/MWh,PT1H,"US-AR,US-IA,US-KS,US-LA,US-MN,US-MO,US-MT,US-NE,US-NM,US-ND,US-OK,US-SD,US-TX,US-WY",spp_dam,SPPSOUTH_HUB,spp:DA-LMP-SL,https://portal.spp.org/file-browser-api/download/da-lmp-by-settlement-location?path=/2026/09/By_Day/DA-LMP-SL-202609150100.csv,2026-09-25T07:01:45Z,
spp:SPPSOUTH_HUB,lmp_dam,2026-09-15T20:00:00Z,95.9908,USD/MWh,PT1H,"US-AR,US-IA,US-KS,US-LA,US-MN,US-MO,US-MT,US-NE,US-NM,US-ND,US-OK,US-SD,US-TX,US-WY",spp_dam,SPPSOUTH_HUB,spp:DA-LMP-SL,https://portal.spp.org/file-browser-api/download/da-lmp-by-settlement-location?path=/2026/09/By_Day/DA-LMP-SL-202609150100.csv,2026-09-25T07:01:45Z,
spp:SPPSOUTH_HUB,lmp_dam,2026-09-15T21:00:00Z,102.8001,USD/MWh,PT1H,"US-AR,US-IA,US-KS,US-LA,US-MN,US-MO,US-MT,US-NE,US-NM,US-ND,US-OK,US-SD,US-TX,US-WY",spp_dam,SPPSOUTH_HUB,spp:DA-LMP-SL,https://portal.spp.org/file-browser-api/download/da-lmp-by-settlement-location?path=/2026/09/By_Day/DA-LMP-SL-202609150100.csv,2026-09-25T07:01:45Z,
spp:SPPSOUTH_HUB,lmp_dam,2026-09-15T22:00:00Z,97.553,USD/MWh,PT1H,"US-AR,US-IA,US-KS,US-LA,US-MN,US-MO,US-MT,US-NE,US-NM,US-ND,US-OK,US-SD,US-TX,US-WY",spp_dam,SPPSOUTH_HUB,spp:DA-LMP-SL,https://portal.spp.org/file-browser-api/download/da-lmp-by-settlement-location?path=/2026/09/By_Day/DA-LMP-SL-202609150100.csv,2026-09-25T07:01:45Z,
spp:SPPSOUTH_HUB,lmp_dam,2026-09-15T23:00:00Z,85.1,USD/MWh,PT1H,"US-AR,US-IA,US-KS,US-LA,US-MN,US-MO,US-MT,US-NE,US-NM,US-ND,US-OK,US-SD,US-TX,US-WY",spp_dam,SPPSOUTH_HUB,spp:DA-LMP-SL,https://portal.spp.org/file-browser-api/download/da-lmp-by-settlement-location?path=/2026/09/By_Day/DA-LMP-SL-202609150100.csv,2026-09-25T07:01:45Z,
spp:SPPSOUTH_HUB,lmp_dam,2026-09-16T00:00:00Z,62.1614,USD/MWh,PT1H,"US-AR,US-IA,US-KS,US-LA,US-MN,US-MO,US-MT,US-NE,US-NM,US-ND,US-OK,US-SD,US-TX,US-WY",spp_dam,SPPSOUTH_HUB,spp:DA-LMP-SL,https://portal.spp.org/file-browser-api/download/da-lmp-by-settlement-location?path=/2026/09/By_Day/DA-LMP-SL-202609150100.csv,2026-09-25T07:01:45Z,
spp:SPPSOUTH_HUB,lmp_dam,2026-09-16T01:00:00Z,38.4938,USD/MWh,PT1H,"US-AR,US-IA,US-KS,US-LA,US-MN,US-MO,US-MT,US-NE,US-NM,US-ND,US-OK,US-SD,US-TX,US-WY",spp_dam,SPPSOUTH_HUB,spp:DA-LMP-SL,https://portal.spp.org/file-browser-api/download/da-lmp-by-settlement-location?path=/2026/09/By_Day/DA-LMP-SL-202609150100.csv,2026-09-25T07:01:45Z,
spp:SPPSOUTH_HUB,lmp_dam,2026-09-16T02:00:00Z,32.8074,USD/MWh,PT1H,"US-AR,US-IA,US-KS,US-LA,US-MN,US-MO,US-MT,US-NE,US-NM,US-ND,US-OK,US-SD,US-TX,US-WY",spp_dam,SPPSOUTH_HUB,spp:DA-LMP-SL,https://portal.spp.org/file-browser-api/download/da-lmp-by-settlement-location?path=/2026/09/By_Day/DA-LMP-SL-202609150100.csv,2026-09-25T07:01:45Z,
spp:SPPSOUTH_HUB,lmp_dam,2026-09-16T03:00:00Z,25.2172,USD/MWh,PT1H,"US-AR,US-IA,US-KS,US-LA,US-MN,US-MO,US-MT,US-NE,US-NM,US-ND,US-OK,US-SD,US-TX,US-WY",spp_dam,SPPSOUTH_HUB,spp:DA-LMP-SL,https://portal.spp.org/file-browser-api/download/da-lmp-by-settlement-location?path=/2026/09/By_Day/DA-LMP-SL-202609150100.csv,2026-09-25T07:01:45Z,
spp:SPPSOUTH_HUB,lmp_dam,2026-09-16T04:00:00Z,23.5412,USD/MWh,PT1H,"US-AR,US-IA,US-KS,US-LA,US-MN,US-MO,US-MT,US-NE,US-NM,US-ND,US-OK,US-SD,US-TX,US-WY",spp_dam,SPPSOUTH_HUB,spp:DA-LMP-SL,https://portal.spp.org/file-browser-api/download/da-lmp-by-settlement-location?path=/2026/09/By_Day/DA-LMP-SL-202609150100.csv,2026-09-25T07:01:45Z,
spp:SPPSOUTH_HUB,lmp_dam,2026-09-16T05:00:00Z,27.7711,USD/MWh,PT1H,"US-AR,US-IA,US-KS,US-LA,US-MN,US-MO,US-MT,US-NE,US-NM,US-ND,US-OK,US-SD,US-TX,US-WY",spp_dam,SPPSOUTH_HUB,spp:DA-LMP-SL,https://portal.spp.org/file-browser-api/download/da-lmp-by-settlement-location?path=/2026/09/By_Day/DA-LMP-SL-202609160100.csv,2026-09-25T07:01:48Z,
spp:SPPSOUTH_HUB,lmp_dam,2026-09-16T06:00:00Z,25.0622,USD/MWh,PT1H,"US-AR,US-IA,US-KS,US-LA,US-MN,US-MO,US-MT,US-NE,US-NM,US-ND,US-OK,US-SD,US-TX,US-WY",spp_dam,SPPSOUTH_HUB,spp:DA-LMP-SL,https://portal.spp.org/file-browser-api/download/da-lmp-by-settlement-location?path=/2026/09/By_Day/DA-LMP-SL-202609160100.csv,2026-09-25T07:01:48Z,
spp:SPPSOUTH_HUB,lmp_dam,2026-09-16T07:00:00Z,24.442,USD/MWh,PT1H,"US-AR,US-IA,US-KS,US-LA,US-MN,US-MO,US-MT,US-NE,US-NM,US-ND,US-OK,US-SD,US-TX,US-WY",spp_dam,SPPSOUTH_HUB,spp:DA-LMP-SL,https://portal.spp.org/file-browser-api/download/da-lmp-by-settlement-location?path=/2026/09/By_Day/DA-LMP-SL-202609160100.csv,2026-09-25T07:01:48Z,
spp:SPPSOUTH_HUB,lmp_dam,2026-09-16T08:00:00Z,23.9753,USD/MWh,PT1H,"US-AR,US-IA,US-KS,US-LA,US-MN,US-MO,US-MT,US-NE,US-NM,US-ND,US-OK,US-SD,US-TX,US-WY",spp_dam,SPPSOUTH_HUB,spp:DA-LMP-SL,https://portal.spp.org/file-browser-api/download/da-lmp-by-settlement-location?path=/2026/09/By_Day/DA-LMP-SL-202609160100.csv,2026-09-25T07:01:48Z,
spp:SPPSOUTH_HUB,lmp_dam,2026-09-16T09:00:00Z,24.2368,USD/MWh,PT1H,"US-AR,US-IA,US-KS,US-LA,US-MN,US-MO,US-MT,US-NE,US-NM,US-ND,US-OK,US-SD,US-TX,US-WY",spp_dam,SPPSOUTH_HUB,spp:DA-LMP-SL,https://portal.spp.org/file-browser-api/download/da-lmp-by-settlement-location?path=/2026/09/By_Day/DA-LMP-SL-202609160100.csv,2026-09-25T07:01:48Z,
spp:SPPSOUTH_HUB,lmp_dam,2026-09-16T10:00:00Z,25.6727,USD/MWh,PT1H,"US-AR,US-IA,US-KS,US-LA,US-MN,US-MO,US-MT,US-NE,US-NM,US-ND,US-OK,US-SD,US-TX,US-WY",spp_dam,SPPSOUTH_HUB,spp:DA-LMP-SL,https://portal.spp.org/file-browser-api/download/da-lmp-by-settlement-location?path=/2026/09/By_Day/DA-LMP-SL-202609160100.csv,2026-09-25T07:01:48Z,
spp:SPPSOUTH_HUB,lmp_dam,2026-09-16T11:00:00Z,28.4294,USD/MWh,PT1H,"US-AR,US-IA,US-KS,US-LA,US-MN,US-MO,US-MT,US-NE,US-NM,US-ND,US-OK,US-SD,US-TX,US-WY",spp_dam,SPPSOUTH_HUB,spp:DA-LMP-SL,https://portal.spp.org/file-browser-api/download/da-lmp-by-settlement-location?path=/2026/09/By_Day/DA-LMP-SL-202609160100.csv,2026-09-25T07:01:48Z,
spp:SPPSOUTH_HUB,lmp_dam,2026-09-16T12:00:00Z,29.182,USD/MWh,PT1H,"US-AR,US-IA,US-KS,US-LA,US-MN,US-MO,US-MT,US-NE,US-NM,US-ND,US-OK,US-SD,US-TX,US-WY",spp_dam,SPPSOUTH_HUB,spp:DA-LMP-SL,https://portal.spp.org/file-browser-api/download/da-lmp-by-settlement-location?path=/2026/09/By_Day/DA-LMP-SL-202609160100.csv,2026-09-25T07:01:48Z,
spp:SPPSOUTH_HUB,lmp_dam,2026-09-16T13:00:00Z,31.2222,USD/MWh,PT1H,"US-AR,US-IA,US-KS,US-LA,US-MN,US-MO,US-MT,US-NE,US-NM,US-ND,US-OK,US-SD,US-TX,US-WY",spp_dam,SPPSOUTH_HUB,spp:DA-LMP-SL,https://portal.spp.org/file-browser-api/download/da-lmp-by-settlement-location?path=/2026/09/By_Day/DA-LMP-SL-202609160100.csv,2026-09-25T07:01:48Z,
spp:SPPSOUTH_HUB,lmp_dam,2026-09-16T14:00:00Z,35.7891,USD/MWh,PT1H,"US-AR,US-IA,US-KS,US-LA,US-MN,US-MO,US-MT,US-NE,US-NM,US-ND,US-OK,US-SD,US-TX,US-WY",spp_dam,SPPSOUTH_HUB,spp:DA-LMP-SL,https://portal.spp.org/file-browser-api/download/da-lmp-by-settlement-location?path=/2026/09/By_Day/DA-LMP-SL-202609160100.csv,2026-09-25T07:01:48Z,
spp:SPPSOUTH_HUB,lmp_dam,2026-09-16T15:00:00Z,39.0559,USD/MWh,PT1H,"US-AR,US-IA,US-KS,US-LA,US-MN,US-MO,US-MT,US-NE,US-NM,US-ND,US-OK,US-SD,US-TX,US-WY",spp_dam,SPPSOUTH_HUB,spp:DA-LMP-SL,https://portal.spp.org/file-browser-api/download/da-lmp-by-settlement-location?path=/2026/09/By_Day/DA-LMP-SL-202609160100.csv,2026-09-25T07:01:48Z,
spp:SPPSOUTH_HUB,lmp_dam,2026-09-16T16:00:00Z,44.0493,USD/MWh,PT1H,"US-AR,US-IA,US-KS,US-LA,US-MN,US-MO,US-MT,US-NE,US-NM,US-ND,US-OK,US-SD,US-TX,US-WY",spp_dam,SPPSOUTH_HUB,spp:DA-LMP-SL,https://portal.spp.org/file-browser-api/download/da-lmp-by-settlement-location?path=/2026/09/By_Day/DA-LMP-SL-202609160100.csv,2026-09-25T07:01:48Z,
spp:SPPSOUTH_HUB,lmp_dam,2026-09-16T17:00:00Z,59.5188,USD/MWh,PT1H,"US-AR,US-IA,US-KS,US-LA,US-MN,US-MO,US-MT,US-NE,US-NM,US-ND,US-OK,US-SD,US-TX,US-WY",spp_dam,SPPSOUTH_HUB,spp:DA-LMP-SL,https://portal.spp.org/file-browser-api/download/da-lmp-by-settlement-location?path=/2026/09/By_Day/DA-LMP-SL-202609160100.csv,2026-09-25T07:01:48Z,
spp:SPPSOUTH_HUB,lmp_dam,2026-09-16T18:00:00Z,75.5292,USD/MWh,PT1H,"US-AR,US-IA,US-KS,US-LA,US-MN,US-MO,US-MT,US-NE,US-NM,US-ND,US-OK,US-SD,US-TX,US-WY",spp_dam,SPPSOUTH_HUB,spp:DA-LMP-SL,https://portal.spp.org/file-browser-api/download/da-lmp-by-settlement-location?path=/2026/09/By_Day/DA-LMP-SL-202609160100.csv,2026-09-25T07:01:48Z,
spp:SPPSOUTH_HUB,lmp_dam,2026-09-16T19:00:00Z,83.625,USD/MWh,PT1H,"US-AR,US-IA,US-KS,US-LA,US-MN,US-MO,US-MT,US-NE,US-NM,US-ND,US-OK,US-SD,US-TX,US-WY",spp_dam,SPPSOUTH_HUB,spp:DA-LMP-SL,https://portal.spp.org/file-browser-api/download/da-lmp-by-settlement-location?path=/2026/09/By_Day/DA-LMP-SL-202609160100.csv,2026-09-25T07:01:48Z,
spp:SPPSOUTH_HUB,lmp_dam,2026-09-16T20:00:00Z,96.9995,USD/MWh,PT1H,"US-AR,US-IA,US-KS,US-LA,US-MN,US-MO,US-MT,US-NE,US-NM,US-ND,US-OK,US-SD,US-TX,US-WY",spp_dam,SPPSOUTH_HUB,spp:DA-LMP-SL,https://portal.spp.org/file-browser-api/download/da-lmp-by-settlement-location?path=/2026/09/By_Day/DA-LMP-SL-202609160100.csv,2026-09-25T07:01:48Z,
spp:SPPSOUTH_HUB,lmp_dam,2026-09-16T21:00:00Z,112.5801,USD/MWh,PT1H,"US-AR,US-IA,US-KS,US-LA,US-MN,US-MO,US-MT,US-NE,US-NM,US-ND,US-OK,US-SD,US-TX,US-WY",spp_dam,SPPSOUTH_HUB,spp:DA-LMP-SL,https://portal.spp.org/file-browser-api/download/da-lmp-by-settlement-location?path=/2026/09/By_Day/DA-LMP-SL-202609160100.csv,2026-09-25T07:01:48Z,
spp:SPPSOUTH_HUB,lmp_dam,2026-09-16T22:00:00Z,102.1761,USD/MWh,PT1H,"US-AR,US-IA,US-KS,US-LA,US-MN,US-MO,US-MT,US-NE,US-NM,US-ND,US-OK,US-SD,US-TX,US-WY",spp_dam,SPPSOUTH_HUB,spp:DA-LMP-SL,https://portal.spp.org/file-browser-api/download/da-lmp-by-settlement-location?path=/2026/09/By_Day/DA-LMP-SL-202609160100.csv,2026-09-25T07:01:48Z,
spp:SPPSOUTH_HUB,lmp_dam,2026-09-16T23:00:00Z,99.7729,USD/MWh,PT1H,"US-AR,US-IA,US-KS,US-LA,US-MN,US-MO,US-MT,US-NE,US-NM,US-ND,US-OK,US-SD,US-TX,US-WY",spp_dam,SPPSOUTH_HUB,spp:DA-LMP-SL,https://portal.spp.org/file-browser-api/download/da-lmp-by-settlement-location?path=/2026/09/By_Day/DA-LMP-SL-202609160100.csv,2026-09-25T07:01:48Z,
spp:SPPSOUTH_HUB,lmp_dam,2026-09-17T00:00:00Z,72.4213,USD/MWh,PT1H,"US-AR,US-IA,US-KS,US-LA,US-MN,US-MO,US-MT,US-NE,US-NM,US-ND,US-OK,US-SD,US-TX,US-WY",spp_dam,SPPSOUTH_HUB,spp:DA-LMP-SL,https://portal.spp.org/file-browser-api/download/da-lmp-by-settlement-location?path=/2026/09/By_Day/DA-LMP-SL-202609160100.csv,2026-09-25T07:01:48Z,
spp:SPPSOUTH_HUB,lmp_dam,2026-09-17T01:00:00Z,46.5152,USD/MWh,PT1H,"US-AR,US-IA,US-KS,US-LA,US-MN,US-MO,US-MT,US-NE,US-NM,US-ND,US-OK,US-SD,US-TX,US-WY",spp_dam,SPPSOUTH_HUB,spp:DA-LMP-SL,https://portal.spp.org/file-browser-api/download/da-lmp-by-settlement-location?path=/2026/09/By_Day/DA-LMP-SL-202609160100.csv,2026-09-25T07:01:48Z,
spp:SPPSOUTH_HUB,lmp_dam,2026-09-17T02:00:00Z,37.1978,USD/MWh,PT1H,"US-AR,US-IA,US-KS,US-LA,US-MN,US-MO,US-MT,US-NE,US-NM,US-ND,US-OK,US-SD,US-TX,US-WY",spp_dam,SPPSOUTH_HUB,spp:DA-LMP-SL,https://portal.spp.org/file-browser-api/download/da-lmp-by-settlement-location?path=/2026/09/By_Day/DA-LMP-SL-202609160100.csv,2026-09-25T07:01:48Z,
spp:SPPSOUTH_HUB,lmp_dam,2026-09-17T03:00:00Z,26.0359,USD/MWh,PT1H,"US-AR,US-IA,US-KS,US-LA,US-MN,US-MO,US-MT,US-NE,US-NM,US-ND,US-OK,US-SD,US-TX,US-WY",spp_dam,SPPSOUTH_HUB,spp:DA-LMP-SL,https://portal.spp.org/file-browser-api/download/da-lmp-by-settlement-location?path=/2026/09/By_Day/DA-LMP-SL-202609160100.csv,2026-09-25T07:01:48Z,
spp:SPPSOUTH_HUB,lmp_dam,2026-09-17T04:00:00Z,23.2438,USD/MWh,PT1H,"US-AR,US-IA,US-KS,US-LA,US-MN,US-MO,US-MT,US-NE,US-NM,US-ND,US-OK,US-SD,US-TX,US-WY",spp_dam,SPPSOUTH_HUB,spp:DA-LMP-SL,https://portal.spp.org/file-browser-api/download/da-lmp-by-settlement-location?path=/2026/09/By_Day/DA-LMP-SL-202609160100.csv,2026-09-25T07:01:48Z,
spp:SPPSOUTH_HUB,lmp_dam,2026-09-17T05:00:00Z,23.0845,USD/MWh,PT1H,"US-AR,US-IA,US-KS,US-LA,US-MN,US-MO,US-MT,US-NE,US-NM,US-ND,US-OK,US-SD,US-TX,US-WY",spp_dam,SPPSOUTH_HUB,spp:DA-LMP-SL,https://portal.spp.org/file-browser-api/download/da-lmp-by-settlement-location?path=/2026/09/By_Day/DA-LMP-SL-202609170100.csv,2026-09-25T07:01:53Z,
spp:SPPSOUTH_HUB,lmp_dam,2026-09-17T06:00:00Z,19.4461,USD/MWh,PT1H,"US-AR,US-IA,US-KS,US-LA,US-MN,US-MO,US-MT,US-NE,US-NM,US-ND,US-OK,US-SD,US-TX,US-WY",spp_dam,SPPSOUTH_HUB,spp:DA-LMP-SL,https://portal.spp.org/file-browser-api/download/da-lmp-by-settlement-location?path=/2026/09/By_Day/DA-LMP-SL-202609170100.csv,2026-09-25T07:01:53Z,
spp:SPPSOUTH_HUB,lmp_dam,2026-09-17T07:00:00Z,20.2397,USD/MWh,PT1H,"US-AR,US-IA,US-KS,US-LA,US-MN,US-MO,US-MT,US-NE,US-NM,US-ND,US-OK,US-SD,US-TX,US-WY",spp_dam,SPPSOUTH_HUB,spp:DA-LMP-SL,https://portal.spp.org/file-browser-api/download/da-lmp-by-settlement-location?path=/2026/09/By_Day/DA-LMP-SL-202609170100.csv,2026-09-25T07:01:53Z,
spp:SPPSOUTH_HUB,lmp_dam,2026-09-17T08:00:00Z,20.5515,USD/MWh,PT1H,"US-AR,US-IA,US-KS,US-LA,US-MN,US-MO,US-MT,US-NE,US-NM,US-ND,US-OK,US-SD,US-TX,US-WY",spp_dam,SPPSOUTH_HUB,spp:DA-LMP-SL,https://portal.spp.org/file-browser-api/download/da-lmp-by-settlement-location?path=/2026/09/By_Day/DA-LMP-SL-202609170100.csv,2026-09-25T07:01:53Z,
spp:SPPSOUTH_HUB,lmp_dam,2026-09-17T09:00:00Z,20.6803,USD/MWh,PT1H,"US-AR,US-IA,US-KS,US-LA,US-MN,US-MO,US-MT,US-NE,US-NM,US-ND,US-OK,US-SD,US-TX,US-WY",spp_dam,SPPSOUTH_HUB,spp:DA-LMP-SL,https://portal.spp.org/file-browser-api/download/da-lmp-by-settlement-location?path=/2026/09/By_Day/DA-LMP-SL-202609170100.csv,2026-09-25T07:01:53Z,
spp:SPPSOUTH_HUB,lmp_dam,2026-09-17T10:00:00Z,23.9123,USD/MWh,PT1H,"US-AR,US-IA,US-KS,US-LA,US-MN,US-MO,US-MT,US-NE,US-NM,US-ND,US-OK,US-SD,US-TX,US-WY",spp_dam,SPPSOUTH_HUB,spp:DA-LMP-SL,https://portal.spp.org/file-browser-api/download/da-lmp-by-settlement-location?path=/2026/09/By_Day/DA-LMP-SL-202609170100.csv,2026-09-25T07:01:53Z,
spp:SPPSOUTH_HUB,lmp_dam,2026-09-17T11:00:00Z,26.4801,USD/MWh,PT1H,"US-AR,US-IA,US-KS,US-LA,US-MN,US-MO,US-MT,US-NE,US-NM,US-ND,US-OK,US-SD,US-TX,US-WY",spp_dam,SPPSOUTH_HUB,spp:DA-LMP-SL,https://portal.spp.org/file-browser-api/download/da-lmp-by-settlement-location?path=/2026/09/By_Day/DA-LMP-SL-202609170100.csv,2026-09-25T07:01:53Z,
spp:SPPSOUTH_HUB,lmp_dam,2026-09-17T12:00:00Z,26.9725,USD/MWh,PT1H,"US-AR,US-IA,US-KS,US-LA,US-MN,US-MO,US-MT,US-NE,US-NM,US-ND,US-OK,US-SD,US-TX,US-WY",spp_dam,SPPSOUTH_HUB,spp:DA-LMP-SL,https://portal.spp.org/file-browser-api/download/da-lmp-by-settlement-location?path=/2026/09/By_Day/DA-LMP-SL-202609170100.csv,2026-09-25T07:01:53Z,
spp:SPPSOUTH_HUB,lmp_dam,2026-09-17T13:00:00Z,30.0526,USD/MWh,PT1H,"US-AR,US-IA,US-KS,US-LA,US-MN,US-MO,US-MT,US-NE,US-NM,US-ND,US-OK,US-SD,US-TX,US-WY",spp_dam,SPPSOUTH_HUB,spp:DA-LMP-SL,https://portal.spp.org/file-browser-api/download/da-lmp-by-settlement-location?path=/2026/09/By_Day/DA-LMP-SL-202609170100.csv,2026-09-25T07:01:53Z,
spp:SPPSOUTH_HUB,lmp_dam,2026-09-17T14:00:00Z,34.0511,USD/MWh,PT1H,"US-AR,US-IA,US-KS,US-LA,US-MN,US-MO,US-MT,US-NE,US-NM,US-ND,US-OK,US-SD,US-TX,US-WY",spp_dam,SPPSOUTH_HUB,spp:DA-LMP-SL,https://portal.spp.org/file-browser-api/download/da-lmp-by-settlement-location?path=/2026/09/By_Day/DA-LMP-SL-202609170100.csv,2026-09-25T07:01:53Z,
spp:SPPSOUTH_HUB,lmp_dam,2026-09-17T15:00:00Z,38.7386,USD/MWh,PT1H,"US-AR,US-IA,US-KS,US-LA,US-MN,US-MO,US-MT,US-NE,US-NM,US-ND,US-OK,US-SD,US-TX,US-WY",spp_dam,SPPSOUTH_HUB,spp:DA-LMP-SL,https://portal.spp.org/file-browser-api/download/da-lmp-by-settlement-location?path=/2026/09/By_Day/DA-LMP-SL-202609170100.csv,2026-09-25T07:01:53Z,
spp:SPPSOUTH_HUB,lmp_dam,2026-09-17T16:00:00Z,46.2361,USD/MWh,PT1H,"US-AR,US-IA,US-KS,US-LA,US-MN,US-MO,US-MT,US-NE,US-NM,US-ND,US-OK,US-SD,US-TX,US-WY",spp_dam,SPPSOUTH_HUB,spp:DA-LMP-SL,https://portal.spp.org/file-browser-api/download/da-lmp-by-settlement-location?path=/2026/09/By_Day/DA-LMP-SL-202609170100.csv,2026-09-25T07:01:53Z,
spp:SPPSOUTH_HUB,lmp_dam,2026-09-17T17:00:00Z,67.1401,USD/MWh,PT1H,"US-AR,US-IA,US-KS,US-LA,US-MN,US-MO,US-MT,US-NE,US-NM,US-ND,US-OK,US-SD,US-TX,US-WY",spp_dam,SPPSOUTH_HUB,spp:DA-LMP-SL,https://portal.spp.org/file-browser-api/download/da-lmp-by-settlement-location?path=/2026/09/By_Day/DA-LMP-SL-202609170100.csv,2026-09-25T07:01:53Z,
spp:SPPSOUTH_HUB,lmp_dam,2026-09-17T18:00:00Z,101.2905,USD/MWh,PT1H,"US-AR,US-IA,US-KS,US-LA,US-MN,US-MO,US-MT,US-NE,US-NM,US-ND,US-OK,US-SD,US-TX,US-WY",spp_dam,SPPSOUTH_HUB,spp:DA-LMP-SL,https://portal.spp.org/file-browser-api/download/da-lmp-by-settlement-location?path=/2026/09/By_Day/DA-LMP-SL-202609170100.csv,2026-09-25T07:01:53Z,
spp:SPPSOUTH_HUB,lmp_dam,2026-09-17T19:00:00Z,104.6596,USD/MWh,PT1H,"US-AR,US-IA,US-KS,US-LA,US-MN,US-MO,US-MT,US-NE,US-NM,US-ND,US-OK,US-SD,US-TX,US-WY",spp_dam,SPPSOUTH_HUB,spp:DA-LMP-SL,https://portal.spp.org/file-browser-api/download/da-lmp-by-settlement-location?path=/2026/09/By_Day/DA-LMP-SL-202609170100.csv,2026-09-25T07:01:53Z,
spp:SPPSOUTH_HUB,lmp_dam,2026-09-17T20:00:00Z,111.0248,USD/MWh,PT1H,"US-AR,US-IA,US-KS,US-LA,US-MN,US-MO,US-MT,US-NE,US-NM,US-ND,US-OK,US-SD,US-TX,US-WY",spp_dam,SPPSOUTH_HUB,spp:DA-LMP-SL,https://portal.spp.org/file-browser-api/download/da-lmp-by-settlement-location?path=/2026/09/By_Day/DA-LMP-SL-202609170100.csv,2026-09-25T07:01:53Z,
spp:SPPSOUTH_HUB,lmp_dam,2026-09-17T21:00:00Z,118.3812,USD/MWh,PT1H,"US-AR,US-IA,US-KS,US-LA,US-MN,US-MO,US-MT,US-NE,US-NM,US-ND,US-OK,US-SD,US-TX,US-WY",spp_dam,SPPSOUTH_HUB,spp:DA-LMP-SL,https://portal.spp.org/file-browser-api/download/da-lmp-by-settlement-location?path=/2026/09/By_Day/DA-LMP-SL-202609170100.csv,2026-09-25T07:01:53Z,
spp:SPPSOUTH_HUB,lmp_dam,2026-09-17T22:00:00Z,122.659,USD/MWh,PT1H,"US-AR,US-IA,US-KS,US-LA,US-MN,US-MO,US-MT,US-NE,US-NM,US-ND,US-OK,US-SD,US-TX,US-WY",spp_dam,SPPSOUTH_HUB,spp:DA-LMP-SL,https://portal.spp.org/file-browser-api/download/da-lmp-by-settlement-location?path=/2026/09/By_Day/DA-LMP-SL-202609170100.csv,2026-09-25T07:01:53Z,
spp:SPPSOUTH_HUB,lmp_dam,2026-09-17T23:00:00Z,115.6169,USD/MWh,PT1H,"US-AR,US-IA,US-KS,US-LA,US-MN,US-MO,US-MT,US-NE,US-NM,US-ND,US-OK,US-SD,US-TX,US-WY",spp_dam,SPPSOUTH_HUB,spp:DA-LMP-SL,https://portal.spp.org/file-browser-api/download/da-lmp-by-settlement-location?path=/2026/09/By_Day/DA-LMP-SL-202609170100.csv,2026-09-25T07:01:53Z,
spp:SPPSOUTH_HUB,lmp_dam,2026-09-18T00:00:00Z,76.2031,USD/MWh,PT1H,"US-AR,US-IA,US-KS,US-LA,US-MN,US-MO,US-MT,US-NE,US-NM,US-ND,US-OK,US-SD,US-TX,US-WY",spp_dam,SPPSOUTH_HUB,spp:DA-LMP-SL,https://portal.spp.org/file-browser-api/download/da-lmp-by-settlement-location?path=/2026/09/By_Day/DA-LMP-SL-202609170100.csv,2026-09-25T07:01:53Z,
spp:SPPSOUTH_HUB,lmp_dam,2026-09-18T01:00:00Z,42.5978,USD/MWh,PT1H,"US-AR,US-IA,US-KS,US-LA,US-MN,US-MO,US-MT,US-NE,US-NM,US-ND,US-OK,US-SD,US-TX,US-WY",spp_dam,SPPSOUTH_HUB,spp:DA-LMP-SL,https://portal.spp.org/file-browser-api/download/da-lmp-by-settlement-location?path=/2026/09/By_Day/DA-LMP-SL-202609170100.csv,2026-09-25T07:01:53Z,
spp:SPPSOUTH_HUB,lmp_dam,2026-09-18T02:00:00Z,35.8362,USD/MWh,PT1H,"US-AR,US-IA,US-KS,US-LA,US-MN,US-MO,US-MT,US-NE,US-NM,US-ND,US-OK,US-SD,US-TX,US-WY",spp_dam,SPPSOUTH_HUB,spp:DA-LMP-SL,https://portal.spp.org/file-browser-api/download/da-lmp-by-settlement-location?path=/2026/09/By_Day/DA-LMP-SL-202609170100.csv,2026-09-25T07:01:53Z,
spp:SPPSOUTH_HUB,lmp_dam,2026-09-18T03:00:00Z,22.094,USD/MWh,PT1H,"US-AR,US-IA,US-KS,US-LA,US-MN,US-MO,US-MT,US-NE,US-NM,US-ND,US-OK,US-SD,US-TX,US-WY",spp_dam,SPPSOUTH_HUB,spp:DA-LMP-SL,https://portal.spp.org/file-browser-api/download/da-lmp-by-settlement-location?path=/2026/09/By_Day/DA-LMP-SL-202609170100.csv,2026-09-25T07:01:53Z,
spp:SPPSOUTH_HUB,lmp_dam,2026-09-18T04:00:00Z,15.265,USD/MWh,PT1H,"US-AR,US-IA,US-KS,US-LA,US-MN,US-MO,US-MT,US-NE,US-NM,US-ND,US-OK,US-SD,US-TX,US-WY",spp_dam,SPPSOUTH_HUB,spp:DA-LMP-SL,https://portal.spp.org/file-browser-api/download/da-lmp-by-settlement-location?path=/2026/09/By_Day/DA-LMP-SL-202609170100.csv,2026-09-25T07:01:53Z,
spp:SPPSOUTH_HUB,lmp_dam,2026-09-18T05:00:00Z,15.8185,USD/MWh,PT1H,"US-AR,US-IA,US-KS,US-LA,US-MN,US-MO,US-MT,US-NE,US-NM,US-ND,US-OK,US-SD,US-TX,US-WY",spp_dam,SPPSOUTH_HUB,spp:DA-LMP-SL,https://portal.spp.org/file-browser-api/download/da-lmp-by-settlement-location?path=/2026/09/By_Day/DA-LMP-SL-202609180100.csv,2026-09-25T07:01:54Z,
spp:SPPSOUTH_HUB,lmp_dam,2026-09-18T06:00:00Z,11.2528,USD/MWh,PT1H,"US-AR,US-IA,US-KS,US-LA,US-MN,US-MO,US-MT,US-NE,US-NM,US-ND,US-OK,US-SD,US-TX,US-WY",spp_dam,SPPSOUTH_HUB,spp:DA-LMP-SL,https://portal.spp.org/file-browser-api/download/da-lmp-by-settlement-location?path=/2026/09/By_Day/DA-LMP-SL-202609180100.csv,2026-09-25T07:01:54Z,
spp:SPPSOUTH_HUB,lmp_dam,2026-09-18T07:00:00Z,10.7933,USD/MWh,PT1H,"US-AR,US-IA,US-KS,US-LA,US-MN,US-MO,US-MT,US-NE,US-NM,US-ND,US-OK,US-SD,US-TX,US-WY",spp_dam,SPPSOUTH_HUB,spp:DA-LMP-SL,https://portal.spp.org/file-browser-api/download/da-lmp-by-settlement-location?path=/2026/09/By_Day/DA-LMP-SL-202609180100.csv,2026-09-25T07:01:54Z,
spp:SPPSOUTH_HUB,lmp_dam,2026-09-18T08:00:00Z,9.1341,USD/MWh,PT1H,"US-AR,US-IA,US-KS,US-LA,US-MN,US-MO,US-MT,US-NE,US-NM,US-ND,US-OK,US-SD,US-TX,US-WY",spp_dam,SPPSOUTH_HUB,spp:DA-LMP-SL,https://portal.spp.org/file-browser-api/download/da-lmp-by-settlement-location?path=/2026/09/By_Day/DA-LMP-SL-202609180100.csv,2026-09-25T07:01:54Z,
spp:SPPSOUTH_HUB,lmp_dam,2026-09-18T09:00:00Z,9.4408,USD/MWh,PT1H,"US-AR,US-IA,US-KS,US-LA,US-MN,US-MO,US-MT,US-NE,US-NM,US-ND,US-OK,US-SD,US-TX,US-WY",spp_dam,SPPSOUTH_HUB,spp:DA-LMP-SL,https://portal.spp.org/file-browser-api/download/da-lmp-by-settlement-location?path=/2026/09/By_Day/DA-LMP-SL-202609180100.csv,2026-09-25T07:01:54Z,
spp:SPPSOUTH_HUB,lmp_dam,2026-09-18T10:00:00Z,14.0112,USD/MWh,PT1H,"US-AR,US-IA,US-KS,US-LA,US-MN,US-MO,US-MT,US-NE,US-NM,US-ND,US-OK,US-SD,US-TX,US-WY",spp_dam,SPPSOUTH_HUB,spp:DA-LMP-SL,https://portal.spp.org/file-browser-api/download/da-lmp-by-settlement-location?path=/2026/09/By_Day/DA-LMP-SL-202609180100.csv,2026-09-25T07:01:54Z,
spp:SPPSOUTH_HUB,lmp_dam,2026-09-18T11:00:00Z,19.6449,USD/MWh,PT1H,"US-AR,US-IA,US-KS,US-LA,US-MN,US-MO,US-MT,US-NE,US-NM,US-ND,US-OK,US-SD,US-TX,US-WY",spp_dam,SPPSOUTH_HUB,spp:DA-LMP-SL,https://portal.spp.org/file-browser-api/download/da-lmp-by-settlement-location?path=/2026/09/By_Day/DA-LMP-SL-202609180100.csv,2026-09-25T07:01:54Z,
spp:SPPSOUTH_HUB,lmp_dam,2026-09-18T12:00:00Z,21.5621,USD/MWh,PT1H,"US-AR,US-IA,US-KS,US-LA,US-MN,US-MO,US-MT,US-NE,US-NM,US-ND,US-OK,US-SD,US-TX,US-WY",spp_dam,SPPSOUTH_HUB,spp:DA-LMP-SL,https://portal.spp.org/file-browser-api/download/da-lmp-by-settlement-location?path=/2026/09/By_Day/DA-LMP-SL-202609180100.csv,2026-09-25T07:01:54Z,
spp:SPPSOUTH_HUB,lmp_dam,2026-09-18T13:00:00Z,26.5563,USD/MWh,PT1H,"US-AR,US-IA,US-KS,US-LA,US-MN,US-MO,US-MT,US-NE,US-NM,US-ND,US-OK,US-SD,US-TX,US-WY",spp_dam,SPPSOUTH_HUB,spp:DA-LMP-SL,https://portal.spp.org/file-browser-api/download/da-lmp-by-settlement-location?path=/2026/09/By_Day/DA-LMP-SL-202609180100.csv,2026-09-25T07:01:54Z,
spp:SPPSOUTH_HUB,lmp_dam,2026-09-18T14:00:00Z,30.0693,USD/MWh,PT1H,"US-AR,US-IA,US-KS,US-LA,US-MN,US-MO,US-MT,US-NE,US-NM,US-ND,US-OK,US-SD,US-TX,US-WY",spp_dam,SPPSOUTH_HUB,spp:DA-LMP-SL,https://portal.spp.org/file-browser-api/download/da-lmp-by-settlement-location?path=/2026/09/By_Day/DA-LMP-SL-202609180100.csv,2026-09-25T07:01:54Z,
spp:SPPSOUTH_HUB,lmp_dam,2026-09-18T15:00:00Z,35.9187,USD/MWh,PT1H,"US-AR,US-IA,US-KS,US-LA,US-MN,US-MO,US-MT,US-NE,US-NM,US-ND,US-OK,US-SD,US-TX,US-WY",spp_dam,SPPSOUTH_HUB,spp:DA-LMP-SL,https://portal.spp.org/file-browser-api/download/da-lmp-by-settlement-location?path=/2026/09/By_Day/DA-LMP-SL-202609180100.csv,2026-09-25T07:01:54Z,
spp:SPPSOUTH_HUB,lmp_dam,2026-09-18T16:00:00Z,46.109,USD/MWh,PT1H,"US-AR,US-IA,US-KS,US-LA,US-MN,US-MO,US-MT,US-NE,US-NM,US-ND,US-OK,US-SD,US-TX,US-WY",spp_dam,SPPSOUTH_HUB,spp:DA-LMP-SL,https://portal.spp.org/file-browser-api/download/da-lmp-by-settlement-location?path=/2026/09/By_Day/DA-LMP-SL-202609180100.csv,2026-09-25T07:01:54Z,
spp:SPPSOUTH_HUB,lmp_dam,2026-09-18T17:00:00Z,68.9477,USD/MWh,PT1H,"US-AR,US-IA,US-KS,US-LA,US-MN,US-MO,US-MT,US-NE,US-NM,US-ND,US-OK,US-SD,US-TX,US-WY",spp_dam,SPPSOUTH_HUB,spp:DA-LMP-SL,https://portal.spp.org/file-browser-api/download/da-lmp-by-settlement-location?path=/2026/09/By_Day/DA-LMP-SL-202609180100.csv,2026-09-25T07:01:54Z,
spp:SPPSOUTH_HUB,lmp_dam,2026-09-18T18:00:00Z,101.0276,USD/MWh,PT1H,"US-AR,US-IA,US-KS,US-LA,US-MN,US-MO,US-MT,US-NE,US-NM,US-ND,US-OK,US-SD,US-TX,US-WY",spp_dam,SPPSOUTH_HUB,spp:DA-LMP-SL,https://portal.spp.org/file-browser-api/download/da-lmp-by-settlement-location?path=/2026/09/By_Day/DA-LMP-SL-202609180100.csv,2026-09-25T07:01:54Z,
spp:SPPSOUTH_HUB,lmp_dam,2026-09-18T19:00:00Z,120.0,USD/MWh,PT1H,"US-AR,US-IA,US-KS,US-LA,US-MN,US-MO,US-MT,US-NE,US-NM,US-ND,US-OK,US-SD,US-TX,US-WY",spp_dam,SPPSOUTH_HUB,spp:DA-LMP-SL,https://portal.spp.org/file-browser-api/download/da-lmp-by-settlement-location?path=/2026/09/By_Day/DA-LMP-SL-202609180100.csv,2026-09-25T07:01:54Z,
spp:SPPSOUTH_HUB,lmp_dam,2026-09-18T20:00:00Z,123.3089,USD/MWh,PT1H,"US-AR,US-IA,US-KS,US-LA,US-MN,US-MO,US-MT,US-NE,US-NM,US-ND,US-OK,US-SD,US-TX,US-WY",spp_dam,SPPSOUTH_HUB,spp:DA-LMP-SL,https://portal.spp.org/file-browser-api/download/da-lmp-by-settlement-location?path=/2026/09/By_Day/DA-LMP-SL-202609180100.csv,2026-09-25T07:01:54Z,
spp:SPPSOUTH_HUB,lmp_dam,2026-09-18T21:00:00Z,145.0,USD/MWh,PT1H,"US-AR,US-IA,US-KS,US-LA,US-MN,US-MO,US-MT,US-NE,US-NM,US-ND,US-OK,US-SD,US-TX,US-WY",spp_dam,SPPSOUTH_HUB,spp:DA-LMP-SL,https://portal.spp.org/file-browser-api/download/da-lmp-by-settlement-location?path=/2026/09/By_Day/DA-LMP-SL-202609180100.csv,2026-09-25T07:01:54Z,
spp:SPPSOUTH_HUB,lmp_dam,2026-09-18T22:00:00Z,166.4197,USD/MWh,PT1H,"US-AR,US-IA,US-KS,US-LA,US-MN,US-MO,US-MT,US-NE,US-NM,US-ND,US-OK,US-SD,US-TX,US-WY",spp_dam,SPPSOUTH_HUB,spp:DA-LMP-SL,https://portal.spp.org/file-browser-api/download/da-lmp-by-settlement-location?path=/2026/09/By_Day/DA-LMP-SL-202609180100.csv,2026-09-25T07:01:54Z,
spp:SPPSOUTH_HUB,lmp_dam,2026-09-18T23:00:00Z,150.0,USD/MWh,PT1H,"US-AR,US-IA,US-KS,US-LA,US-MN,US-MO,US-MT,US-NE,US-NM,US-ND,US-OK,US-SD,US-TX,US-WY",spp_dam,SPPSOUTH_HUB,spp:DA-LMP-SL,https://portal.spp.org/file-browser-api/download/da-lmp-by-settlement-location?path=/2026/09/By_Day/DA-LMP-SL-202609180100.csv,2026-09-25T07:01:54Z,
spp:SPPSOUTH_HUB,lmp_dam,2026-09-19T00:00:00Z,93.3638,USD/MWh,PT1H,"US-AR,US-IA,US-KS,US-LA,US-MN,US-MO,US-MT,US-NE,US-NM,US-ND,US-OK,US-SD,US-TX,US-WY",spp_dam,SPPSOUTH_HUB,spp:DA-LMP-SL,https://portal.spp.org/file-browser-api/download/da-lmp-by-settlement-location?path=/2026/09/By_Day/DA-LMP-SL-202609180100.csv,2026-09-25T07:01:54Z,
spp:SPPSOUTH_HUB,lmp_dam,2026-09-19T01:00:00Z,44.7047,USD/MWh,PT1H,"US-AR,US-IA,US-KS,US-LA,US-MN,US-MO,US-MT,US-NE,US-NM,US-ND,US-OK,US-SD,US-TX,US-WY",spp_dam,SPPSOUTH_HUB,spp:DA-LMP-SL,https://portal.spp.org/file-browser-api/download/da-lmp-by-settlement-location?path=/2026/09/By_Day/DA-LMP-SL-202609180100.csv,2026-09-25T07:01:54Z,
spp:SPPSOUTH_HUB,lmp_dam,2026-09-19T02:00:00Z,34.3275,USD/MWh,PT1H,"US-AR,US-IA,US-KS,US-LA,US-MN,US-MO,US-MT,US-NE,US-NM,US-ND,US-OK,US-SD,US-TX,US-WY",spp_dam,SPPSOUTH_HUB,spp:DA-LMP-SL,https://portal.spp.org/file-browser-api/download/da-lmp-by-settlement-location?path=/2026/09/By_Day/DA-LMP-SL-202609180100.csv,2026-09-25T07:01:54Z,
spp:SPPSOUTH_HUB,lmp_dam,2026-09-19T03:00:00Z,27.8687,USD/MWh,PT1H,"US-AR,US-IA,US-KS,US-LA,US-MN,US-MO,US-MT,US-NE,US-NM,US-ND,US-OK,US-SD,US-TX,US-WY",spp_dam,SPPSOUTH_HUB,spp:DA-LMP-SL,https://portal.spp.org/file-browser-api/download/da-lmp-by-settlement-location?path=/2026/09/By_Day/DA-LMP-SL-202609180100.csv,2026-09-25T07:01:54Z,
spp:SPPSOUTH_HUB,lmp_dam,2026-09-19T04:00:00Z,19.5939,USD/MWh,PT1H,"US-AR,US-IA,US-KS,US-LA,US-MN,US-MO,US-MT,US-NE,US-NM,US-ND,US-OK,US-SD,US-TX,US-WY",spp_dam,SPPSOUTH_HUB,spp:DA-LMP-SL,https://portal.spp.org/file-browser-api/download/da-lmp-by-settlement-location?path=/2026/09/By_Day/DA-LMP-SL-202609180100.csv,2026-09-25T07:01:54Z,
spp:SPPSOUTH_HUB,lmp_dam,2026-09-19T05:00:00Z,15.554,USD/MWh,PT1H,"US-AR,US-IA,US-KS,US-LA,US-MN,US-MO,US-MT,US-NE,US-NM,US-ND,US-OK,US-SD,US-TX,US-WY",spp_dam,SPPSOUTH_HUB,spp:DA-LMP-SL,https://portal.spp.org/file-browser-api/download/da-lmp-by-settlement-location?path=/2026/09/By_Day/DA-LMP-SL-202609190100.csv,2026-09-25T07:02:18Z,
spp:SPPSOUTH_HUB,lmp_dam,2026-09-19T06:00:00Z,10.0134,USD/MWh,PT1H,"US-AR,US-IA,US-KS,US-LA,US-MN,US-MO,US-MT,US-NE,US-NM,US-ND,US-OK,US-SD,US-TX,US-WY",spp_dam,SPPSOUTH_HUB,spp:DA-LMP-SL,https://portal.spp.org/file-browser-api/download/da-lmp-by-settlement-location?path=/2026/09/By_Day/DA-LMP-SL-202609190100.csv,2026-09-25T07:02:18Z,
spp:SPPSOUTH_HUB,lmp_dam,2026-09-19T07:00:00Z,10.1575,USD/MWh,PT1H,"US-AR,US-IA,US-KS,US-LA,US-MN,US-MO,US-MT,US-NE,US-NM,US-ND,US-OK,US-SD,US-TX,US-WY",spp_dam,SPPSOUTH_HUB,spp:DA-LMP-SL,https://portal.spp.org/file-browser-api/download/da-lmp-by-settlement-location?path=/2026/09/By_Day/DA-LMP-SL-202609190100.csv,2026-09-25T07:02:18Z,
spp:SPPSOUTH_HUB,lmp_dam,2026-09-19T08:00:00Z,8.7409,USD/MWh,PT1H,"US-AR,US-IA,US-KS,US-LA,US-MN,US-MO,US-MT,US-NE,US-NM,US-ND,US-OK,US-SD,US-TX,US-WY",spp_dam,SPPSOUTH_HUB,spp:DA-LMP-SL,https://portal.spp.org/file-browser-api/download/da-lmp-by-settlement-location?path=/2026/09/By_Day/DA-LMP-SL-202609190100.csv,2026-09-25T07:02:18Z,
spp:SPPSOUTH_HUB,lmp_dam,2026-09-19T09:00:00Z,9.3625,USD/MWh,PT1H,"US-AR,US-IA,US-KS,US-LA,US-MN,US-MO,US-MT,US-NE,US-NM,US-ND,US-OK,US-SD,US-TX,US-WY",spp_dam,SPPSOUTH_HUB,spp:DA-LMP-SL,https://portal.spp.org/file-browser-api/download/da-lmp-by-settlement-location?path=/2026/09/By_Day/DA-LMP-SL-202609190100.csv,2026-09-25T07:02:18Z,
spp:SPPSOUTH_HUB,lmp_dam,2026-09-19T10:00:00Z,12.0542,USD/MWh,PT1H,"US-AR,US-IA,US-KS,US-LA,US-MN,US-MO,US-MT,US-NE,US-NM,US-ND,US-OK,US-SD,US-TX,US-WY",spp_dam,SPPSOUTH_HUB,spp:DA-LMP-SL,https://portal.spp.org/file-browser-api/download/da-lmp-by-settlement-location?path=/2026/09/By_Day/DA-LMP-SL-202609190100.csv,2026-09-25T07:02:18Z,
spp:SPPSOUTH_HUB,lmp_dam,2026-09-19T11:00:00Z,14.6217,USD/MWh,PT1H,"US-AR,US-IA,US-KS,US-LA,US-MN,US-MO,US-MT,US-NE,US-NM,US-ND,US-OK,US-SD,US-TX,US-WY",spp_dam,SPPSOUTH_HUB,spp:DA-LMP-SL,https://portal.spp.org/file-browser-api/download/da-lmp-by-settlement-location?path=/2026/09/By_Day/DA-LMP-SL-202609190100.csv,2026-09-25T07:02:18Z,
spp:SPPSOUTH_HUB,lmp_dam,2026-09-19T12:00:00Z,18.1765,USD/MWh,PT1H,"US-AR,US-IA,US-KS,US-LA,US-MN,US-MO,US-MT,US-NE,US-NM,US-ND,US-OK,US-SD,US-TX,US-WY",spp_dam,SPPSOUTH_HUB,spp:DA-LMP-SL,https://portal.spp.org/file-browser-api/download/da-lmp-by-settlement-location?path=/2026/09/By_Day/DA-LMP-SL-202609190100.csv,2026-09-25T07:02:18Z,
spp:SPPSOUTH_HUB,lmp_dam,2026-09-19T13:00:00Z,22.4565,USD/MWh,PT1H,"US-AR,US-IA,US-KS,US-LA,US-MN,US-MO,US-MT,US-NE,US-NM,US-ND,US-OK,US-SD,US-TX,US-WY",spp_dam,SPPSOUTH_HUB,spp:DA-LMP-SL,https://portal.spp.org/file-browser-api/download/da-lmp-by-settlement-location?path=/2026/09/By_Day/DA-LMP-SL-202609190100.csv,2026-09-25T07:02:18Z,
spp:SPPSOUTH_HUB,lmp_dam,2026-09-19T14:00:00Z,25.7191,USD/MWh,PT1H,"US-AR,US-IA,US-KS,US-LA,US-MN,US-MO,US-MT,US-NE,US-NM,US-ND,US-OK,US-SD,US-TX,US-WY",spp_dam,SPPSOUTH_HUB,spp:DA-LMP-SL,https://portal.spp.org/file-browser-api/download/da-lmp-by-settlement-location?path=/2026/09/By_Day/DA-LMP-SL-202609190100.csv,2026-09-25T07:02:18Z,
spp:SPPSOUTH_HUB,lmp_dam,2026-09-19T15:00:00Z,30.1751,USD/MWh,PT1H,"US-AR,US-IA,US-KS,US-LA,US-MN,US-MO,US-MT,US-NE,US-NM,US-ND,US-OK,US-SD,US-TX,US-WY",spp_dam,SPPSOUTH_HUB,spp:DA-LMP-SL,https://portal.spp.org/file-browser-api/download/da-lmp-by-settlement-location?path=/2026/09/By_Day/DA-LMP-SL-202609190100.csv,2026-09-25T07:02:18Z,
spp:SPPSOUTH_HUB,lmp_dam,2026-09-19T16:00:00Z,38.6254,USD/MWh,PT1H,"US-AR,US-IA,US-KS,US-LA,US-MN,US-MO,US-MT,US-NE,US-NM,US-ND,US-OK,US-SD,US-TX,US-WY",spp_dam,SPPSOUTH_HUB,spp:DA-LMP-SL,https://portal.spp.org/file-browser-api/download/da-lmp-by-settlement-location?path=/2026/09/By_Day/DA-LMP-SL-202609190100.csv,2026-09-25T07:02:18Z,
spp:SPPSOUTH_HUB,lmp_dam,2026-09-19T17:00:00Z,57.7184,USD/MWh,PT1H,"US-AR,US-IA,US-KS,US-LA,US-MN,US-MO,US-MT,US-NE,US-NM,US-ND,US-OK,US-SD,US-TX,US-WY",spp_dam,SPPSOUTH_HUB,spp:DA-LMP-SL,https://portal.spp.org/file-browser-api/download/da-lmp-by-settlement-location?path=/2026/09/By_Day/DA-LMP-SL-202609190100.csv,2026-09-25T07:02:18Z,
spp:SPPSOUTH_HUB,lmp_dam,2026-09-19T18:00:00Z,84.2681,USD/MWh,PT1H,"US-AR,US-IA,US-KS,US-LA,US-MN,US-MO,US-MT,US-NE,US-NM,US-ND,US-OK,US-SD,US-TX,US-WY",spp_dam,SPPSOUTH_HUB,spp:DA-LMP-SL,https://portal.spp.org/file-browser-api/download/da-lmp-by-settlement-location?path=/2026/09/By_Day/DA-LMP-SL-202609190100.csv,2026-09-25T07:02:18Z,
spp:SPPSOUTH_HUB,lmp_dam,2026-09-19T19:00:00Z,117.5577,USD/MWh,PT1H,"US-AR,US-IA,US-KS,US-LA,US-MN,US-MO,US-MT,US-NE,US-NM,US-ND,US-OK,US-SD,US-TX,US-WY",spp_dam,SPPSOUTH_HUB,spp:DA-LMP-SL,https://portal.spp.org/file-browser-api/download/da-lmp-by-settlement-location?path=/2026/09/By_Day/DA-LMP-SL-202609190100.csv,2026-09-25T07:02:18Z,
spp:SPPSOUTH_HUB,lmp_dam,2026-09-19T20:00:00Z,122.1933,USD/MWh,PT1H,"US-AR,US-IA,US-KS,US-LA,US-MN,US-MO,US-MT,US-NE,US-NM,US-ND,US-OK,US-SD,US-TX,US-WY",spp_dam,SPPSOUTH_HUB,spp:DA-LMP-SL,https://portal.spp.org/file-browser-api/download/da-lmp-by-settlement-location?path=/2026/09/By_Day/DA-LMP-SL-202609190100.csv,2026-09-25T07:02:18Z,
spp:SPPSOUTH_HUB,lmp_dam,2026-09-19T21:00:00Z,123.9521,USD/MWh,PT1H,"US-AR,US-IA,US-KS,US-LA,US-MN,US-MO,US-MT,US-NE,US-NM,US-ND,US-OK,US-SD,US-TX,US-WY",spp_dam,SPPSOUTH_HUB,spp:DA-LMP-SL,https://portal.spp.org/file-browser-api/download/da-lmp-by-settlement-location?path=/2026/09/By_Day/DA-LMP-SL-202609190100.csv,2026-09-25T07:02:18Z,
spp:SPPSOUTH_HUB,lmp_dam,2026-09-19T22:00:00Z,133.7101,USD/MWh,PT1H,"US-AR,US-IA,US-KS,US-LA,US-MN,US-MO,US-MT,US-NE,US-NM,US-ND,US-OK,US-SD,US-TX,US-WY",spp_dam,SPPSOUTH_HUB,spp:DA-LMP-SL,https://portal.spp.org/file-browser-api/download/da-lmp-by-settlement-location?path=/2026/09/By_Day/DA-LMP-SL-202609190100.csv,2026-09-25T07:02:18Z,
spp:SPPSOUTH_HUB,lmp_dam,2026-09-19T23:00:00Z,108.03,USD/MWh,PT1H,"US-AR,US-IA,US-KS,US-LA,US-MN,US-MO,US-MT,US-NE,US-NM,US-ND,US-OK,US-SD,US-TX,US-WY",spp_dam,SPPSOUTH_HUB,spp:DA-LMP-SL,https://portal.spp.org/file-browser-api/download/da-lmp-by-settlement-location?path=/2026/09/By_Day/DA-LMP-SL-202609190100.csv,2026-09-25T07:02:18Z,
spp:SPPSOUTH_HUB,lmp_dam,2026-09-20T00:00:00Z,68.3959,USD/MWh,PT1H,"US-AR,US-IA,US-KS,US-LA,US-MN,US-MO,US-MT,US-NE,US-NM,US-ND,US-OK,US-SD,US-TX,US-WY",spp_dam,SPPSOUTH_HUB,spp:DA-LMP-SL,https://portal.spp.org/file-browser-api/download/da-lmp-by-settlement-location?path=/2026/09/By_Day/DA-LMP-SL-202609190100.csv,2026-09-25T07:02:18Z,
spp:SPPSOUTH_HUB,lmp_dam,2026-09-20T01:00:00Z,38.6218,USD/MWh,PT1H,"US-AR,US-IA,US-KS,US-LA,US-MN,US-MO,US-MT,US-NE,US-NM,US-ND,US-OK,US-SD,US-TX,US-WY",spp_dam,SPPSOUTH_HUB,spp:DA-LMP-SL,https://portal.spp.org/file-browser-api/download/da-lmp-by-settlement-location?path=/2026/09/By_Day/DA-LMP-SL-202609190100.csv,2026-09-25T07:02:18Z,
spp:SPPSOUTH_HUB,lmp_dam,2026-09-20T02:00:00Z,31.04,USD/MWh,PT1H,"US-AR,US-IA,US-KS,US-LA,US-MN,US-MO,US-MT,US-NE,US-NM,US-ND,US-OK,US-SD,US-TX,US-WY",spp_dam,SPPSOUTH_HUB,spp:DA-LMP-SL,https://portal.spp.org/file-browser-api/download/da-lmp-by-settlement-location?path=/2026/09/By_Day/DA-LMP-SL-202609190100.csv,2026-09-25T07:02:18Z,
spp:SPPSOUTH_HUB,lmp_dam,2026-09-20T03:00:00Z,20.609,USD/MWh,PT1H,"US-AR,US-IA,US-KS,US-LA,US-MN,US-MO,US-MT,US-NE,US-NM,US-ND,US-OK,US-SD,US-TX,US-WY",spp_dam,SPPSOUTH_HUB,spp:DA-LMP-SL,https://portal.spp.org/file-browser-api/download/da-lmp-by-settlement-location?path=/2026/09/By_Day/DA-LMP-SL-202609190100.csv,2026-09-25T07:02:18Z,
spp:SPPSOUTH_HUB,lmp_dam,2026-09-20T04:00:00Z,18.3256,USD/MWh,PT1H,"US-AR,US-IA,US-KS,US-LA,US-MN,US-MO,US-MT,US-NE,US-NM,US-ND,US-OK,US-SD,US-TX,US-WY",spp_dam,SPPSOUTH_HUB,spp:DA-LMP-SL,https://portal.spp.org/file-browser-api/download/da-lmp-by-settlement-location?path=/2026/09/By_Day/DA-LMP-SL-202609190100.csv,2026-09-25T07:02:18Z,
spp:SPPSOUTH_HUB,lmp_dam,2026-09-20T05:00:00Z,15.3297,USD/MWh,PT1H,"US-AR,US-IA,US-KS,US-LA,US-MN,US-MO,US-MT,US-NE,US-NM,US-ND,US-OK,US-SD,US-TX,US-WY",spp_dam,SPPSOUTH_HUB,spp:DA-LMP-SL,https://portal.spp.org/file-browser-api/download/da-lmp-by-settlement-location?path=/2026/09/By_Day/DA-LMP-SL-202609200100.csv,2026-09-25T07:02:22Z,
spp:SPPSOUTH_HUB,lmp_dam,2026-09-20T06:00:00Z,13.3708,USD/MWh,PT1H,"US-AR,US-IA,US-KS,US-LA,US-MN,US-MO,US-MT,US-NE,US-NM,US-ND,US-OK,US-SD,US-TX,US-WY",spp_dam,SPPSOUTH_HUB,spp:DA-LMP-SL,https://portal.spp.org/file-browser-api/download/da-lmp-by-settlement-location?path=/2026/09/By_Day/DA-LMP-SL-202609200100.csv,2026-09-25T07:02:22Z,
spp:SPPSOUTH_HUB,lmp_dam,2026-09-20T07:00:00Z,14.1019,USD/MWh,PT1H,"US-AR,US-IA,US-KS,US-LA,US-MN,US-MO,US-MT,US-NE,US-NM,US-ND,US-OK,US-SD,US-TX,US-WY",spp_dam,SPPSOUTH_HUB,spp:DA-LMP-SL,https://portal.spp.org/file-browser-api/download/da-lmp-by-settlement-location?path=/2026/09/By_Day/DA-LMP-SL-202609200100.csv,2026-09-25T07:02:22Z,
spp:SPPSOUTH_HUB,lmp_dam,2026-09-20T08:00:00Z,14.9125,USD/MWh,PT1H,"US-AR,US-IA,US-KS,US-LA,US-MN,US-MO,US-MT,US-NE,US-NM,US-ND,US-OK,US-SD,US-TX,US-WY",spp_dam,SPPSOUTH_HUB,spp:DA-LMP-SL,https://portal.spp.org/file-browser-api/download/da-lmp-by-settlement-location?path=/2026/09/By_Day/DA-LMP-SL-202609200100.csv,2026-09-25T07:02:22Z,
spp:SPPSOUTH_HUB,lmp_dam,2026-09-20T09:00:00Z,17.2197,USD/MWh,PT1H,"US-AR,US-IA,US-KS,US-LA,US-MN,US-MO,US-MT,US-NE,US-NM,US-ND,US-OK,US-SD,US-TX,US-WY",spp_dam,SPPSOUTH_HUB,spp:DA-LMP-SL,https://portal.spp.org/file-browser-api/download/da-lmp-by-settlement-location?path=/2026/09/By_Day/DA-LMP-SL-202609200100.csv,2026-09-25T07:02:22Z,
spp:SPPSOUTH_HUB,lmp_dam,2026-09-20T10:00:00Z,19.5753,USD/MWh,PT1H,"US-AR,US-IA,US-KS,US-LA,US-MN,US-MO,US-MT,US-NE,US-NM,US-ND,US-OK,US-SD,US-TX,US-WY",spp_dam,SPPSOUTH_HUB,spp:DA-LMP-SL,https://portal.spp.org/file-browser-api/download/da-lmp-by-settlement-location?path=/2026/09/By_Day/DA-LMP-SL-202609200100.csv,2026-09-25T07:02:22Z,
spp:SPPSOUTH_HUB,lmp_dam,2026-09-20T11:00:00Z,21.2599,USD/MWh,PT1H,"US-AR,US-IA,US-KS,US-LA,US-MN,US-MO,US-MT,US-NE,US-NM,US-ND,US-OK,US-SD,US-TX,US-WY",spp_dam,SPPSOUTH_HUB,spp:DA-LMP-SL,https://portal.spp.org/file-browser-api/download/da-lmp-by-settlement-location?path=/2026/09/By_Day/DA-LMP-SL-202609200100.csv,2026-09-25T07:02:22Z,
spp:SPPSOUTH_HUB,lmp_dam,2026-09-20T12:00:00Z,22.3197,USD/MWh,PT1H,"US-AR,US-IA,US-KS,US-LA,US-MN,US-MO,US-MT,US-NE,US-NM,US-ND,US-OK,US-SD,US-TX,US-WY",spp_dam,SPPSOUTH_HUB,spp:DA-LMP-SL,https://portal.spp.org/file-browser-api/download/da-lmp-by-settlement-location?path=/2026/09/By_Day/DA-LMP-SL-202609200100.csv,2026-09-25T07:02:22Z,
spp:SPPSOUTH_HUB,lmp_dam,2026-09-20T13:00:00Z,24.4096,USD/MWh,PT1H,"US-AR,US-IA,US-KS,US-LA,US-MN,US-MO,US-MT,US-NE,US-NM,US-ND,US-OK,US-SD,US-TX,US-WY",spp_dam,SPPSOUTH_HUB,spp:DA-LMP-SL,https://portal.spp.org/file-browser-api/download/da-lmp-by-settlement-location?path=/2026/09/By_Day/DA-LMP-SL-202609200100.csv,2026-09-25T07:02:22Z,
spp:SPPSOUTH_HUB,lmp_dam,2026-09-20T14:00:00Z,27.7695,USD/MWh,PT1H,"US-AR,US-IA,US-KS,US-LA,US-MN,US-MO,US-MT,US-NE,US-NM,US-ND,US-OK,US-SD,US-TX,US-WY",spp_dam,SPPSOUTH_HUB,spp:DA-LMP-SL,https://portal.spp.org/file-browser-api/download/da-lmp-by-settlement-location?path=/2026/09/By_Day/DA-LMP-SL-202609200100.csv,2026-09-25T07:02:22Z,
spp:SPPSOUTH_HUB,lmp_dam,2026-09-20T15:00:00Z,29.5917,USD/MWh,PT1H,"US-AR,US-IA,US-KS,US-LA,US-MN,US-MO,US-MT,US-NE,US-NM,US-ND,US-OK,US-SD,US-TX,US-WY",spp_dam,SPPSOUTH_HUB,spp:DA-LMP-SL,https://portal.spp.org/file-browser-api/download/da-lmp-by-settlement-location?path=/2026/09/By_Day/DA-LMP-SL-202609200100.csv,2026-09-25T07:02:22Z,
spp:SPPSOUTH_HUB,lmp_dam,2026-09-20T16:00:00Z,34.4802,USD/MWh,PT1H,"US-AR,US-IA,US-KS,US-LA,US-MN,US-MO,US-MT,US-NE,US-NM,US-ND,US-OK,US-SD,US-TX,US-WY",spp_dam,SPPSOUTH_HUB,spp:DA-LMP-SL,https://portal.spp.org/file-browser-api/download/da-lmp-by-settlement-location?path=/2026/09/By_Day/DA-LMP-SL-202609200100.csv,2026-09-25T07:02:22Z,
spp:SPPSOUTH_HUB,lmp_dam,2026-09-20T17:00:00Z,40.8294,USD/MWh,PT1H,"US-AR,US-IA,US-KS,US-LA,US-MN,US-MO,US-MT,US-NE,US-NM,US-ND,US-OK,US-SD,US-TX,US-WY",spp_dam,SPPSOUTH_HUB,spp:DA-LMP-SL,https://portal.spp.org/file-browser-api/download/da-lmp-by-settlement-location?path=/2026/09/By_Day/DA-LMP-SL-202609200100.csv,2026-09-25T07:02:22Z,
spp:SPPSOUTH_HUB,lmp_dam,2026-09-20T18:00:00Z,45.5816,USD/MWh,PT1H,"US-AR,US-IA,US-KS,US-LA,US-MN,US-MO,US-MT,US-NE,US-NM,US-ND,US-OK,US-SD,US-TX,US-WY",spp_dam,SPPSOUTH_HUB,spp:DA-LMP-SL,https://portal.spp.org/file-browser-api/download/da-lmp-by-settlement-location?path=/2026/09/By_Day/DA-LMP-SL-202609200100.csv,2026-09-25T07:02:22Z,
spp:SPPSOUTH_HUB,lmp_dam,2026-09-20T19:00:00Z,52.5938,USD/MWh,PT1H,"US-AR,US-IA,US-KS,US-LA,US-MN,US-MO,US-MT,US-NE,US-NM,US-ND,US-OK,US-SD,US-TX,US-WY",spp_dam,SPPSOUTH_HUB,spp:DA-LMP-SL,https://portal.spp.org/file-browser-api/download/da-lmp-by-settlement-location?path=/2026/09/By_Day/DA-LMP-SL-202609200100.csv,2026-09-25T07:02:22Z,
spp:SPPSOUTH_HUB,lmp_dam,2026-09-20T20:00:00Z,57.6924,USD/MWh,PT1H,"US-AR,US-IA,US-KS,US-LA,US-MN,US-MO,US-MT,US-NE,US-NM,US-ND,US-OK,US-SD,US-TX,US-WY",spp_dam,SPPSOUTH_HUB,spp:DA-LMP-SL,https://portal.spp.org/file-browser-api/download/da-lmp-by-settlement-location?path=/2026/09/By_Day/DA-LMP-SL-202609200100.csv,2026-09-25T07:02:22Z,
spp:SPPSOUTH_HUB,lmp_dam,2026-09-20T21:00:00Z,61.9781,USD/MWh,PT1H,"US-AR,US-IA,US-KS,US-LA,US-MN,US-MO,US-MT,US-NE,US-NM,US-ND,US-OK,US-SD,US-TX,US-WY",spp_dam,SPPSOUTH_HUB,spp:DA-LMP-SL,https://portal.spp.org/file-browser-api/download/da-lmp-by-settlement-location?path=/2026/09/By_Day/DA-LMP-SL-202609200100.csv,2026-09-25T07:02:22Z,
spp:SPPSOUTH_HUB,lmp_dam,2026-09-20T22:00:00Z,73.0433,USD/MWh,PT1H,"US-AR,US-IA,US-KS,US-LA,US-MN,US-MO,US-MT,US-NE,US-NM,US-ND,US-OK,US-SD,US-TX,US-WY",spp_dam,SPPSOUTH_HUB,spp:DA-LMP-SL,https://portal.spp.org/file-browser-api/download/da-lmp-by-settlement-location?path=/2026/09/By_Day/DA-LMP-SL-202609200100.csv,2026-09-25T07:02:22Z,
spp:SPPSOUTH_HUB,lmp_dam,2026-09-20T23:00:00Z,66.8724,USD/MWh,PT1H,"US-AR,US-IA,US-KS,US-LA,US-MN,US-MO,US-MT,US-NE,US-NM,US-ND,US-OK,US-SD,US-TX,US-WY",spp_dam,SPPSOUTH_HUB,spp:DA-LMP-SL,https://portal.spp.org/file-browser-api/download/da-lmp-by-settlement-location?path=/2026/09/By_Day/DA-LMP-SL-202609200100.csv,2026-09-25T07:02:22Z,
spp:SPPSOUTH_HUB,lmp_dam,2026-09-21T00:00:00Z,46.922,USD/MWh,PT1H,"US-AR,US-IA,US-KS,US-LA,US-MN,US-MO,US-MT,US-NE,US-NM,US-ND,US-OK,US-SD,US-TX,US-WY",spp_dam,SPPSOUTH_HUB,spp:DA-LMP-SL,https://portal.spp.org/file-browser-api/download/da-lmp-by-settlement-location?path=/2026/09/By_Day/DA-LMP-SL-202609200100.csv,2026-09-25T07:02:22Z,
spp:SPPSOUTH_HUB,lmp_dam,2026-09-21T01:00:00Z,33.6244,USD/MWh,PT1H,"US-AR,US-IA,US-KS,US-LA,US-MN,US-MO,US-MT,US-NE,US-NM,US-ND,US-OK,US-SD,US-TX,US-WY",spp_dam,SPPSOUTH_HUB,spp:DA-LMP-SL,https://portal.spp.org/file-browser-api/download/da-lmp-by-settlement-location?path=/2026/09/By_Day/DA-LMP-SL-202609200100.csv,2026-09-25T07:02:22Z,
spp:SPPSOUTH_HUB,lmp_dam,2026-09-21T02:00:00Z,28.5719,USD/MWh,PT1H,"US-AR,US-IA,US-KS,US-LA,US-MN,US-MO,US-MT,US-NE,US-NM,US-ND,US-OK,US-SD,US-TX,US-WY",spp_dam,SPPSOUTH_HUB,spp:DA-LMP-SL,https://portal.spp.org/file-browser-api/download/da-lmp-by-settlement-location?path=/2026/09/By_Day/DA-LMP-SL-202609200100.csv,2026-09-25T07:02:22Z,
spp:SPPSOUTH_HUB,lmp_dam,2026-09-21T03:00:00Z,26.6082,USD/MWh,PT1H,"US-AR,US-IA,US-KS,US-LA,US-MN,US-MO,US-MT,US-NE,US-NM,US-ND,US-OK,US-SD,US-TX,US-WY",spp_dam,SPPSOUTH_HUB,spp:DA-LMP-SL,https://portal.spp.org/file-browser-api/download/da-lmp-by-settlement-location?path=/2026/09/By_Day/DA-LMP-SL-202609200100.csv,2026-09-25T07:02:22Z,
spp:SPPSOUTH_HUB,lmp_dam,2026-09-21T04:00:00Z,24.9183,USD/MWh,PT1H,"US-AR,US-IA,US-KS,US-LA,US-MN,US-MO,US-MT,US-NE,US-NM,US-ND,US-OK,US-SD,US-TX,US-WY",spp_dam,SPPSOUTH_HUB,spp:DA-LMP-SL,https://portal.spp.org/file-browser-api/download/da-lmp-by-settlement-location?path=/2026/09/By_Day/DA-LMP-SL-202609200100.csv,2026-09-25T07:02:22Z,
spp:SPPSOUTH_HUB,lmp_dam,2026-09-21T05:00:00Z,23.6683,USD/MWh,PT1H,"US-AR,US-IA,US-KS,US-LA,US-MN,US-MO,US-MT,US-NE,US-NM,US-ND,US-OK,US-SD,US-TX,US-WY",spp_dam,SPPSOUTH_HUB,spp:DA-LMP-SL,https://portal.spp.org/file-browser-api/download/da-lmp-by-settlement-location?path=/2026/09/By_Day/DA-LMP-SL-202609210100.csv,2026-09-25T07:02:26Z,
spp:SPPSOUTH_HUB,lmp_dam,2026-09-21T06:00:00Z,23.1504,USD/MWh,PT1H,"US-AR,US-IA,US-KS,US-LA,US-MN,US-MO,US-MT,US-NE,US-NM,US-ND,US-OK,US-SD,US-TX,US-WY",spp_dam,SPPSOUTH_HUB,spp:DA-LMP-SL,https://portal.spp.org/file-browser-api/download/da-lmp-by-settlement-location?path=/2026/09/By_Day/DA-LMP-SL-202609210100.csv,2026-09-25T07:02:26Z,
spp:SPPSOUTH_HUB,lmp_dam,2026-09-21T07:00:00Z,23.2986,USD/MWh,PT1H,"US-AR,US-IA,US-KS,US-LA,US-MN,US-MO,US-MT,US-NE,US-NM,US-ND,US-OK,US-SD,US-TX,US-WY",spp_dam,SPPSOUTH_HUB,spp:DA-LMP-SL,https://portal.spp.org/file-browser-api/download/da-lmp-by-settlement-location?path=/2026/09/By_Day/DA-LMP-SL-202609210100.csv,2026-09-25T07:02:26Z,
spp:SPPSOUTH_HUB,lmp_dam,2026-09-21T08:00:00Z,23.7758,USD/MWh,PT1H,"US-AR,US-IA,US-KS,US-LA,US-MN,US-MO,US-MT,US-NE,US-NM,US-ND,US-OK,US-SD,US-TX,US-WY",spp_dam,SPPSOUTH_HUB,spp:DA-LMP-SL,https://portal.spp.org/file-browser-api/download/da-lmp-by-settlement-location?path=/2026/09/By_Day/DA-LMP-SL-202609210100.csv,2026-09-25T07:02:26Z,
spp:SPPSOUTH_HUB,lmp_dam,2026-09-21T09:00:00Z,24.3555,USD/MWh,PT1H,"US-AR,US-IA,US-KS,US-LA,US-MN,US-MO,US-MT,US-NE,US-NM,US-ND,US-OK,US-SD,US-TX,US-WY",spp_dam,SPPSOUTH_HUB,spp:DA-LMP-SL,https://portal.spp.org/file-browser-api/download/da-lmp-by-settlement-location?path=/2026/09/By_Day/DA-LMP-SL-202609210100.csv,2026-09-25T07:02:26Z,
spp:SPPSOUTH_HUB,lmp_dam,2026-09-21T10:00:00Z,28.34,USD/MWh,PT1H,"US-AR,US-IA,US-KS,US-LA,US-MN,US-MO,US-MT,US-NE,US-NM,US-ND,US-OK,US-SD,US-TX,US-WY",spp_dam,SPPSOUTH_HUB,spp:DA-LMP-SL,https://portal.spp.org/file-browser-api/download/da-lmp-by-settlement-location?path=/2026/09/By_Day/DA-LMP-SL-202609210100.csv,2026-09-25T07:02:26Z,
spp:SPPSOUTH_HUB,lmp_dam,2026-09-21T11:00:00Z,29.1179,USD/MWh,PT1H,"US-AR,US-IA,US-KS,US-LA,US-MN,US-MO,US-MT,US-NE,US-NM,US-ND,US-OK,US-SD,US-TX,US-WY",spp_dam,SPPSOUTH_HUB,spp:DA-LMP-SL,https://portal.spp.org/file-browser-api/download/da-lmp-by-settlement-location?path=/2026/09/By_Day/DA-LMP-SL-202609210100.csv,2026-09-25T07:02:26Z,
spp:SPPSOUTH_HUB,lmp_dam,2026-09-21T12:00:00Z,28.02,USD/MWh,PT1H,"US-AR,US-IA,US-KS,US-LA,US-MN,US-MO,US-MT,US-NE,US-NM,US-ND,US-OK,US-SD,US-TX,US-WY",spp_dam,SPPSOUTH_HUB,spp:DA-LMP-SL,https://portal.spp.org/file-browser-api/download/da-lmp-by-settlement-location?path=/2026/09/By_Day/DA-LMP-SL-202609210100.csv,2026-09-25T07:02:26Z,
spp:SPPSOUTH_HUB,lmp_dam,2026-09-21T13:00:00Z,29.3211,USD/MWh,PT1H,"US-AR,US-IA,US-KS,US-LA,US-MN,US-MO,US-MT,US-NE,US-NM,US-ND,US-OK,US-SD,US-TX,US-WY",spp_dam,SPPSOUTH_HUB,spp:DA-LMP-SL,https://portal.spp.org/file-browser-api/download/da-lmp-by-settlement-location?path=/2026/09/By_Day/DA-LMP-SL-202609210100.csv,2026-09-25T07:02:26Z,
spp:SPPSOUTH_HUB,lmp_dam,2026-09-21T14:00:00Z,30.7046,USD/MWh,PT1H,"US-AR,US-IA,US-KS,US-LA,US-MN,US-MO,US-MT,US-NE,US-NM,US-ND,US-OK,US-SD,US-TX,US-WY",spp_dam,SPPSOUTH_HUB,spp:DA-LMP-SL,https://portal.spp.org/file-browser-api/download/da-lmp-by-settlement-location?path=/2026/09/By_Day/DA-LMP-SL-202609210100.csv,2026-09-25T07:02:26Z,
spp:SPPSOUTH_HUB,lmp_dam,2026-09-21T15:00:00Z,31.1333,USD/MWh,PT1H,"US-AR,US-IA,US-KS,US-LA,US-MN,US-MO,US-MT,US-NE,US-NM,US-ND,US-OK,US-SD,US-TX,US-WY",spp_dam,SPPSOUTH_HUB,spp:DA-LMP-SL,https://portal.spp.org/file-browser-api/download/da-lmp-by-settlement-location?path=/2026/09/By_Day/DA-LMP-SL-202609210100.csv,2026-09-25T07:02:26Z,
spp:SPPSOUTH_HUB,lmp_dam,2026-09-21T16:00:00Z,36.2991,USD/MWh,PT1H,"US-AR,US-IA,US-KS,US-LA,US-MN,US-MO,US-MT,US-NE,US-NM,US-ND,US-OK,US-SD,US-TX,US-WY",spp_dam,SPPSOUTH_HUB,spp:DA-LMP-SL,https://portal.spp.org/file-browser-api/download/da-lmp-by-settlement-location?path=/2026/09/By_Day/DA-LMP-SL-202609210100.csv,2026-09-25T07:02:26Z,
spp:SPPSOUTH_HUB,lmp_dam,2026-09-21T17:00:00Z,40.0618,USD/MWh,PT1H,"US-AR,US-IA,US-KS,US-LA,US-MN,US-MO,US-MT,US-NE,US-NM,US-ND,US-OK,US-SD,US-TX,US-WY",spp_dam,SPPSOUTH_HUB,spp:DA-LMP-SL,https://portal.spp.org/file-browser-api/download/da-lmp-by-settlement-location?path=/2026/09/By_Day/DA-LMP-SL-202609210100.csv,2026-09-25T07:02:26Z,
spp:SPPSOUTH_HUB,lmp_dam,2026-09-21T18:00:00Z,45.5277,USD/MWh,PT1H,"US-AR,US-IA,US-KS,US-LA,US-MN,US-MO,US-MT,US-NE,US-NM,US-ND,US-OK,US-SD,US-TX,US-WY",spp_dam,SPPSOUTH_HUB,spp:DA-LMP-SL,https://portal.spp.org/file-browser-api/download/da-lmp-by-settlement-location?path=/2026/09/By_Day/DA-LMP-SL-202609210100.csv,2026-09-25T07:02:26Z,
spp:SPPSOUTH_HUB,lmp_dam,2026-09-21T19:00:00Z,45.9453,USD/MWh,PT1H,"US-AR,US-IA,US-KS,US-LA,US-MN,US-MO,US-MT,US-NE,US-NM,US-ND,US-OK,US-SD,US-TX,US-WY",spp_dam,SPPSOUTH_HUB,spp:DA-LMP-SL,https://portal.spp.org/file-browser-api/download/da-lmp-by-settlement-location?path=/2026/09/By_Day/DA-LMP-SL-202609210100.csv,2026-09-25T07:02:26Z,
spp:SPPSOUTH_HUB,lmp_dam,2026-09-21T20:00:00Z,53.1489,USD/MWh,PT1H,"US-AR,US-IA,US-KS,US-LA,US-MN,US-MO,US-MT,US-NE,US-NM,US-ND,US-OK,US-SD,US-TX,US-WY",spp_dam,SPPSOUTH_HUB,spp:DA-LMP-SL,https://portal.spp.org/file-browser-api/download/da-lmp-by-settlement-location?path=/2026/09/By_Day/DA-LMP-SL-202609210100.csv,2026-09-25T07:02:26Z,
spp:SPPSOUTH_HUB,lmp_dam,2026-09-21T21:00:00Z,55.4772,USD/MWh,PT1H,"US-AR,US-IA,US-KS,US-LA,US-MN,US-MO,US-MT,US-NE,US-NM,US-ND,US-OK,US-SD,US-TX,US-WY",spp_dam,SPPSOUTH_HUB,spp:DA-LMP-SL,https://portal.spp.org/file-browser-api/download/da-lmp-by-settlement-location?path=/2026/09/By_Day/DA-LMP-SL-202609210100.csv,2026-09-25T07:02:26Z,
spp:SPPSOUTH_HUB,lmp_dam,2026-09-21T22:00:00Z,63.8525,USD/MWh,PT1H,"US-AR,US-IA,US-KS,US-LA,US-MN,US-MO,US-MT,US-NE,US-NM,US-ND,US-OK,US-SD,US-TX,US-WY",spp_dam,SPPSOUTH_HUB,spp:DA-LMP-SL,https://portal.spp.org/file-browser-api/download/da-lmp-by-settlement-location?path=/2026/09/By_Day/DA-LMP-SL-202609210100.csv,2026-09-25T07:02:26Z,
spp:SPPSOUTH_HUB,lmp_dam,2026-09-21T23:00:00Z,75.4189,USD/MWh,PT1H,"US-AR,US-IA,US-KS,US-LA,US-MN,US-MO,US-MT,US-NE,US-NM,US-ND,US-OK,US-SD,US-TX,US-WY",spp_dam,SPPSOUTH_HUB,spp:DA-LMP-SL,https://portal.spp.org/file-browser-api/download/da-lmp-by-settlement-location?path=/2026/09/By_Day/DA-LMP-SL-202609210100.csv,2026-09-25T07:02:26Z,
spp:SPPSOUTH_HUB,lmp_dam,2026-09-22T00:00:00Z,50.4213,USD/MWh,PT1H,"US-AR,US-IA,US-KS,US-LA,US-MN,US-MO,US-MT,US-NE,US-NM,US-ND,US-OK,US-SD,US-TX,US-WY",spp_dam,SPPSOUTH_HUB,spp:DA-LMP-SL,https://portal.spp.org/file-browser-api/download/da-lmp-by-settlement-location?path=/2026/09/By_Day/DA-LMP-SL-202609210100.csv,2026-09-25T07:02:26Z,
spp:SPPSOUTH_HUB,lmp_dam,2026-09-22T01:00:00Z,37.3319,USD/MWh,PT1H,"US-AR,US-IA,US-KS,US-LA,US-MN,US-MO,US-MT,US-NE,US-NM,US-ND,US-OK,US-SD,US-TX,US-WY",spp_dam,SPPSOUTH_HUB,spp:DA-LMP-SL,https://portal.spp.org/file-browser-api/download/da-lmp-by-settlement-location?path=/2026/09/By_Day/DA-LMP-SL-202609210100.csv,2026-09-25T07:02:26Z,
spp:SPPSOUTH_HUB,lmp_dam,2026-09-22T02:00:00Z,31.6169,USD/MWh,PT1H,"US-AR,US-IA,US-KS,US-LA,US-MN,US-MO,US-MT,US-NE,US-NM,US-ND,US-OK,US-SD,US-TX,US-WY",spp_dam,SPPSOUTH_HUB,spp:DA-LMP-SL,https://portal.spp.org/file-browser-api/download/da-lmp-by-settlement-location?path=/2026/09/By_Day/DA-LMP-SL-202609210100.csv,2026-09-25T07:02:26Z,
spp:SPPSOUTH_HUB,lmp_dam,2026-09-22T03:00:00Z,27.7833,USD/MWh,PT1H,"US-AR,US-IA,US-KS,US-LA,US-MN,US-MO,US-MT,US-NE,US-NM,US-ND,US-OK,US-SD,US-TX,US-WY",spp_dam,SPPSOUTH_HUB,spp:DA-LMP-SL,https://portal.spp.org/file-browser-api/download/da-lmp-by-settlement-location?path=/2026/09/By_Day/DA-LMP-SL-202609210100.csv,2026-09-25T07:02:26Z,
spp:SPPSOUTH_HUB,lmp_dam,2026-09-22T04:00:00Z,24.7698,USD/MWh,PT1H,"US-AR,US-IA,US-KS,US-LA,US-MN,US-MO,US-MT,US-NE,US-NM,US-ND,US-OK,US-SD,US-TX,US-WY",spp_dam,SPPSOUTH_HUB,spp:DA-LMP-SL,https://portal.spp.org/file-browser-api/download/da-lmp-by-settlement-location?path=/2026/09/By_Day/DA-LMP-SL-202609210100.csv,2026-09-25T07:02:26Z,
spp:SPPSOUTH_HUB,lmp_dam,2026-09-22T05:00:00Z,23.2146,USD/MWh,PT1H,"US-AR,US-IA,US-KS,US-LA,US-MN,US-MO,US-MT,US-NE,US-NM,US-ND,US-OK,US-SD,US-TX,US-WY",spp_dam,SPPSOUTH_HUB,spp:DA-LMP-SL,https://portal.spp.org/file-browser-api/download/da-lmp-by-settlement-location?path=/2026/09/By_Day/DA-LMP-SL-202609220100.csv,2026-09-25T19:56:41Z,
spp:SPPSOUTH_HUB,lmp_dam,2026-09-22T06:00:00Z,22.7885,USD/MWh,PT1H,"US-AR,US-IA,US-KS,US-LA,US-MN,US-MO,US-MT,US-NE,US-NM,US-ND,US-OK,US-SD,US-TX,US-WY",spp_dam,SPPSOUTH_HUB,spp:DA-LMP-SL,https://portal.spp.org/file-browser-api/download/da-lmp-by-settlement-location?path=/2026/09/By_Day/DA-LMP-SL-202609220100.csv,2026-09-25T19:56:41Z,
spp:SPPSOUTH_HUB,lmp_dam,2026-09-22T07:00:00Z,22.928,USD/MWh,PT1H,"US-AR,US-IA,US-KS,US-LA,US-MN,US-MO,US-MT,US-NE,US-NM,US-ND,US-OK,US-SD,US-TX,US-WY",spp_dam,SPPSOUTH_HUB,spp:DA-LMP-SL,https://portal.spp.org/file-browser-api/download/da-lmp-by-settlement-location?path=/2026/09/By_Day/DA-LMP-SL-202609220100.csv,2026-09-25T19:56:41Z,
spp:SPPSOUTH_HUB,lmp_dam,2026-09-22T08:00:00Z,23.0887,USD/MWh,PT1H,"US-AR,US-IA,US-KS,US-LA,US-MN,US-MO,US-MT,US-NE,US-NM,US-ND,US-OK,US-SD,US-TX,US-WY",spp_dam,SPPSOUTH_HUB,spp:DA-LMP-SL,https://portal.spp.org/file-browser-api/download/da-lmp-by-settlement-location?path=/2026/09/By_Day/DA-LMP-SL-202609220100.csv,2026-09-25T19:56:41Z,
spp:SPPSOUTH_HUB,lmp_dam,2026-09-22T09:00:00Z,23.6956,USD/MWh,PT1H,"US-AR,US-IA,US-KS,US-LA,US-MN,US-MO,US-MT,US-NE,US-NM,US-ND,US-OK,US-SD,US-TX,US-WY",spp_dam,SPPSOUTH_HUB,spp:DA-LMP-SL,https://portal.spp.org/file-browser-api/download/da-lmp-by-settlement-location?path=/2026/09/By_Day/DA-LMP-SL-202609220100.csv,2026-09-25T19:56:41Z,
spp:SPPSOUTH_HUB,lmp_dam,2026-09-22T10:00:00Z,27.3953,USD/MWh,PT1H,"US-AR,US-IA,US-KS,US-LA,US-MN,US-MO,US-MT,US-NE,US-NM,US-ND,US-OK,US-SD,US-TX,US-WY",spp_dam,SPPSOUTH_HUB,spp:DA-LMP-SL,https://portal.spp.org/file-browser-api/download/da-lmp-by-settlement-location?path=/2026/09/By_Day/DA-LMP-SL-202609220100.csv,2026-09-25T19:56:41Z,
spp:SPPSOUTH_HUB,lmp_dam,2026-09-22T11:00:00Z,31.829,USD/MWh,PT1H,"US-AR,US-IA,US-KS,US-LA,US-MN,US-MO,US-MT,US-NE,US-NM,US-ND,US-OK,US-SD,US-TX,US-WY",spp_dam,SPPSOUTH_HUB,spp:DA-LMP-SL,https://portal.spp.org/file-browser-api/download/da-lmp-by-settlement-location?path=/2026/09/By_Day/DA-LMP-SL-202609220100.csv,2026-09-25T19:56:41Z,
spp:SPPSOUTH_HUB,lmp_dam,2026-09-22T12:00:00Z,30.4714,USD/MWh,PT1H,"US-AR,US-IA,US-KS,US-LA,US-MN,US-MO,US-MT,US-NE,US-NM,US-ND,US-OK,US-SD,US-TX,US-WY",spp_dam,SPPSOUTH_HUB,spp:DA-LMP-SL,https://portal.spp.org/file-browser-api/download/da-lmp-by-settlement-location?path=/2026/09/By_Day/DA-LMP-SL-202609220100.csv,2026-09-25T19:56:41Z,
spp:SPPSOUTH_HUB,lmp_dam,2026-09-22T13:00:00Z,29.5952,USD/MWh,PT1H,"US-AR,US-IA,US-KS,US-LA,US-MN,US-MO,US-MT,US-NE,US-NM,US-ND,US-OK,US-SD,US-TX,US-WY",spp_dam,SPPSOUTH_HUB,spp:DA-LMP-SL,https://portal.spp.org/file-browser-api/download/da-lmp-by-settlement-location?path=/2026/09/By_Day/DA-LMP-SL-202609220100.csv,2026-09-25T19:56:41Z,
spp:SPPSOUTH_HUB,lmp_dam,2026-09-22T14:00:00Z,30.3874,USD/MWh,PT1H,"US-AR,US-IA,US-KS,US-LA,US-MN,US-MO,US-MT,US-NE,US-NM,US-ND,US-OK,US-SD,US-TX,US-WY",spp_dam,SPPSOUTH_HUB,spp:DA-LMP-SL,https://portal.spp.org/file-browser-api/download/da-lmp-by-settlement-location?path=/2026/09/By_Day/DA-LMP-SL-202609220100.csv,2026-09-25T19:56:41Z,
spp:SPPSOUTH_HUB,lmp_dam,2026-09-22T15:00:00Z,30.5433,USD/MWh,PT1H,"US-AR,US-IA,US-KS,US-LA,US-MN,US-MO,US-MT,US-NE,US-NM,US-ND,US-OK,US-SD,US-TX,US-WY",spp_dam,SPPSOUTH_HUB,spp:DA-LMP-SL,https://portal.spp.org/file-browser-api/download/da-lmp-by-settlement-location?path=/2026/09/By_Day/DA-LMP-SL-202609220100.csv,2026-09-25T19:56:41Z,
spp:SPPSOUTH_HUB,lmp_dam,2026-09-22T16:00:00Z,31.6761,USD/MWh,PT1H,"US-AR,US-IA,US-KS,US-LA,US-MN,US-MO,US-MT,US-NE,US-NM,US-ND,US-OK,US-SD,US-TX,US-WY",spp_dam,SPPSOUTH_HUB,spp:DA-LMP-SL,https://portal.spp.org/file-browser-api/download/da-lmp-by-settlement-location?path=/2026/09/By_Day/DA-LMP-SL-202609220100.csv,2026-09-25T19:56:41Z,
spp:SPPSOUTH_HUB,lmp_dam,2026-09-22T17:00:00Z,35.8247,USD/MWh,PT1H,"US-AR,US-IA,US-KS,US-LA,US-MN,US-MO,US-MT,US-NE,US-NM,US-ND,US-OK,US-SD,US-TX,US-WY",spp_dam,SPPSOUTH_HUB,spp:DA-LMP-SL,https://portal.spp.org/file-browser-api/download/da-lmp-by-settlement-location?path=/2026/09/By_Day/DA-LMP-SL-202609220100.csv,2026-09-25T19:56:41Z,
spp:SPPSOUTH_HUB,lmp_dam,2026-09-22T18:00:00Z,41.0384,USD/MWh,PT1H,"US-AR,US-IA,US-KS,US-LA,US-MN,US-MO,US-MT,US-NE,US-NM,US-ND,US-OK,US-SD,US-TX,US-WY",spp_dam,SPPSOUTH_HUB,spp:DA-LMP-SL,https://portal.spp.org/file-browser-api/download/da-lmp-by-settlement-location?path=/2026/09/By_Day/DA-LMP-SL-202609220100.csv,2026-09-25T19:56:41Z,
spp:SPPSOUTH_HUB,lmp_dam,2026-09-22T19:00:00Z,41.1782,USD/MWh,PT1H,"US-AR,US-IA,US-KS,US-LA,US-MN,US-MO,US-MT,US-NE,US-NM,US-ND,US-OK,US-SD,US-TX,US-WY",spp_dam,SPPSOUTH_HUB,spp:DA-LMP-SL,https://portal.spp.org/file-browser-api/download/da-lmp-by-settlement-location?path=/2026/09/By_Day/DA-LMP-SL-202609220100.csv,2026-09-25T19:56:41Z,
spp:SPPSOUTH_HUB,lmp_dam,2026-09-22T20:00:00Z,45.8818,USD/MWh,PT1H,"US-AR,US-IA,US-KS,US-LA,US-MN,US-MO,US-MT,US-NE,US-NM,US-ND,US-OK,US-SD,US-TX,US-WY",spp_dam,SPPSOUTH_HUB,spp:DA-LMP-SL,https://portal.spp.org/file-browser-api/download/da-lmp-by-settlement-location?path=/2026/09/By_Day/DA-LMP-SL-202609220100.csv,2026-09-25T19:56:41Z,
spp:SPPSOUTH_HUB,lmp_dam,2026-09-22T21:00:00Z,48.4256,USD/MWh,PT1H,"US-AR,US-IA,US-KS,US-LA,US-MN,US-MO,US-MT,US-NE,US-NM,US-ND,US-OK,US-SD,US-TX,US-WY",spp_dam,SPPSOUTH_HUB,spp:DA-LMP-SL,https://portal.spp.org/file-browser-api/download/da-lmp-by-settlement-location?path=/2026/09/By_Day/DA-LMP-SL-202609220100.csv,2026-09-25T19:56:41Z,
spp:SPPSOUTH_HUB,lmp_dam,2026-09-22T22:00:00Z,57.9327,USD/MWh,PT1H,"US-AR,US-IA,US-KS,US-LA,US-MN,US-MO,US-MT,US-NE,US-NM,US-ND,US-OK,US-SD,US-TX,US-WY",spp_dam,SPPSOUTH_HUB,spp:DA-LMP-SL,https://portal.spp.org/file-browser-api/download/da-lmp-by-settlement-location?path=/2026/09/By_Day/DA-LMP-SL-202609220100.csv,2026-09-25T19:56:41Z,
spp:SPPSOUTH_HUB,lmp_dam,2026-09-22T23:00:00Z,66.8692,USD/MWh,PT1H,"US-AR,US-IA,US-KS,US-LA,US-MN,US-MO,US-MT,US-NE,US-NM,US-ND,US-OK,US-SD,US-TX,US-WY",spp_dam,SPPSOUTH_HUB,spp:DA-LMP-SL,https://portal.spp.org/file-browser-api/download/da-lmp-by-settlement-location?path=/2026/09/By_Day/DA-LMP-SL-202609220100.csv,2026-09-25T19:56:41Z,
spp:SPPSOUTH_HUB,lmp_dam,2026-09-23T00:00:00Z,39.7483,USD/MWh,PT1H,"US-AR,US-IA,US-KS,US-LA,US-MN,US-MO,US-MT,US-NE,US-NM,US-ND,US-OK,US-SD,US-TX,US-WY",spp_dam,SPPSOUTH_HUB,spp:DA-LMP-SL,https://portal.spp.org/file-browser-api/download/da-lmp-by-settlement-location?path=/2026/09/By_Day/DA-LMP-SL-202609220100.csv,2026-09-25T19:56:41Z,
spp:SPPSOUTH_HUB,lmp_dam,2026-09-23T01:00:00Z,29.5324,USD/MWh,PT1H,"US-AR,US-IA,US-KS,US-LA,US-MN,US-MO,US-MT,US-NE,US-NM,US-ND,US-OK,US-SD,US-TX,US-WY",spp_dam,SPPSOUTH_HUB,spp:DA-LMP-SL,https://portal.spp.org/file-browser-api/download/da-lmp-by-settlement-location?path=/2026/09/By_Day/DA-LMP-SL-202609220100.csv,2026-09-25T19:56:41Z,
spp:SPPSOUTH_HUB,lmp_dam,2026-09-23T02:00:00Z,26.4878,USD/MWh,PT1H,"US-AR,US-IA,US-KS,US-LA,US-MN,US-MO,US-MT,US-NE,US-NM,US-ND,US-OK,US-SD,US-TX,US-WY",spp_dam,SPPSOUTH_HUB,spp:DA-LMP-SL,https://portal.spp.org/file-browser-api/download/da-lmp-by-settlement-location?path=/2026/09/By_Day/DA-LMP-SL-202609220100.csv,2026-09-25T19:56:41Z,
spp:SPPSOUTH_HUB,lmp_dam,2026-09-23T03:00:00Z,21.8171,USD/MWh,PT1H,"US-AR,US-IA,US-KS,US-LA,US-MN,US-MO,US-MT,US-NE,US-NM,US-ND,US-OK,US-SD,US-TX,US-WY",spp_dam,SPPSOUTH_HUB,spp:DA-LMP-SL,https://portal.spp.org/file-browser-api/download/da-lmp-by-settlement-location?path=/2026/09/By_Day/DA-LMP-SL-202609220100.csv,2026-09-25T19:56:41Z,
spp:SPPSOUTH_HUB,lmp_dam,2026-09-23T04:00:00Z,19.6444,USD/MWh,PT1H,"US-AR,US-IA,US-KS,US-LA,US-MN,US-MO,US-MT,US-NE,US-NM,US-ND,US-OK,US-SD,US-TX,US-WY",spp_dam,SPPSOUTH_HUB,spp:DA-LMP-SL,https://portal.spp.org/file-browser-api/download/da-lmp-by-settlement-location?path=/2026/09/By_Day/DA-LMP-SL-202609220100.csv,2026-09-25T19:56:41Z,
spp:SPPSOUTH_HUB,lmp_dam,2026-09-23T05:00:00Z,18.0349,USD/MWh,PT1H,"US-AR,US-IA,US-KS,US-LA,US-MN,US-MO,US-MT,US-NE,US-NM,US-ND,US-OK,US-SD,US-TX,US-WY",spp_dam,SPPSOUTH_HUB,spp:DA-LMP-SL,https://portal.spp.org/file-browser-api/download/da-lmp-by-settlement-location?path=/2026/09/By_Day/DA-LMP-SL-202609230100.csv,2026-09-26T17:31:38Z,
spp:SPPSOUTH_HUB,lmp_dam,2026-09-23T06:00:00Z,16.8695,USD/MWh,PT1H,"US-AR,US-IA,US-KS,US-LA,US-MN,US-MO,US-MT,US-NE,US-NM,US-ND,US-OK,US-SD,US-TX,US-WY",spp_dam,SPPSOUTH_HUB,spp:DA-LMP-SL,https://portal.spp.org/file-browser-api/download/da-lmp-by-settlement-location?path=/2026/09/By_Day/DA-LMP-SL-202609230100.csv,2026-09-26T17:31:38Z,
spp:SPPSOUTH_HUB,lmp_dam,2026-09-23T07:00:00Z,17.2647,USD/MWh,PT1H,"US-AR,US-IA,US-KS,US-LA,US-MN,US-MO,US-MT,US-NE,US-NM,US-ND,US-OK,US-SD,US-TX,US-WY",spp_dam,SPPSOUTH_HUB,spp:DA-LMP-SL,https://portal.spp.org/file-browser-api/download/da-lmp-by-settlement-location?path=/2026/09/By_Day/DA-LMP-SL-202609230100.csv,2026-09-26T17:31:38Z,
spp:SPPSOUTH_HUB,lmp_dam,2026-09-23T08:00:00Z,17.757,USD/MWh,PT1H,"US-AR,US-IA,US-KS,US-LA,US-MN,US-MO,US-MT,US-NE,US-NM,US-ND,US-OK,US-SD,US-TX,US-WY",spp_dam,SPPSOUTH_HUB,spp:DA-LMP-SL,https://portal.spp.org/file-browser-api/download/da-lmp-by-settlement-location?path=/2026/09/By_Day/DA-LMP-SL-202609230100.csv,2026-09-26T17:31:38Z,
spp:SPPSOUTH_HUB,lmp_dam,2026-09-23T09:00:00Z,18.9298,USD/MWh,PT1H,"US-AR,US-IA,US-KS,US-LA,US-MN,US-MO,US-MT,US-NE,US-NM,US-ND,US-OK,US-SD,US-TX,US-WY",spp_dam,SPPSOUTH_HUB,spp:DA-LMP-SL,https://portal.spp.org/file-browser-api/download/da-lmp-by-settlement-location?path=/2026/09/By_Day/DA-LMP-SL-202609230100.csv,2026-09-26T17:31:38Z,
spp:SPPSOUTH_HUB,lmp_dam,2026-09-23T10:00:00Z,22.214,USD/MWh,PT1H,"US-AR,US-IA,US-KS,US-LA,US-MN,US-MO,US-MT,US-NE,US-NM,US-ND,US-OK,US-SD,US-TX,US-WY",spp_dam,SPPSOUTH_HUB,spp:DA-LMP-SL,https://portal.spp.org/file-browser-api/download/da-lmp-by-settlement-location?path=/2026/09/By_Day/DA-LMP-SL-202609230100.csv,2026-09-26T17:31:38Z,
spp:SPPSOUTH_HUB,lmp_dam,2026-09-23T11:00:00Z,24.4499,USD/MWh,PT1H,"US-AR,US-IA,US-KS,US-LA,US-MN,US-MO,US-MT,US-NE,US-NM,US-ND,US-OK,US-SD,US-TX,US-WY",spp_dam,SPPSOUTH_HUB,spp:DA-LMP-SL,https://portal.spp.org/file-browser-api/download/da-lmp-by-settlement-location?path=/2026/09/By_Day/DA-LMP-SL-202609230100.csv,2026-09-26T17:31:38Z,
spp:SPPSOUTH_HUB,lmp_dam,2026-09-23T12:00:00Z,24.0175,USD/MWh,PT1H,"US-AR,US-IA,US-KS,US-LA,US-MN,US-MO,US-MT,US-NE,US-NM,US-ND,US-OK,US-SD,US-TX,US-WY",spp_dam,SPPSOUTH_HUB,spp:DA-LMP-SL,https://portal.spp.org/file-browser-api/download/da-lmp-by-settlement-location?path=/2026/09/By_Day/DA-LMP-SL-202609230100.csv,2026-09-26T17:31:38Z,
spp:SPPSOUTH_HUB,lmp_dam,2026-09-23T13:00:00Z,25.1255,USD/MWh,PT1H,"US-AR,US-IA,US-KS,US-LA,US-MN,US-MO,US-MT,US-NE,US-NM,US-ND,US-OK,US-SD,US-TX,US-WY",spp_dam,SPPSOUTH_HUB,spp:DA-LMP-SL,https://portal.spp.org/file-browser-api/download/da-lmp-by-settlement-location?path=/2026/09/By_Day/DA-LMP-SL-202609230100.csv,2026-09-26T17:31:38Z,
spp:SPPSOUTH_HUB,lmp_dam,2026-09-23T14:00:00Z,26.8854,USD/MWh,PT1H,"US-AR,US-IA,US-KS,US-LA,US-MN,US-MO,US-MT,US-NE,US-NM,US-ND,US-OK,US-SD,US-TX,US-WY",spp_dam,SPPSOUTH_HUB,spp:DA-LMP-SL,https://portal.spp.org/file-browser-api/download/da-lmp-by-settlement-location?path=/2026/09/By_Day/DA-LMP-SL-202609230100.csv,2026-09-26T17:31:38Z,
spp:SPPSOUTH_HUB,lmp_dam,2026-09-23T15:00:00Z,28.2837,USD/MWh,PT1H,"US-AR,US-IA,US-KS,US-LA,US-MN,US-MO,US-MT,US-NE,US-NM,US-ND,US-OK,US-SD,US-TX,US-WY",spp_dam,SPPSOUTH_HUB,spp:DA-LMP-SL,https://portal.spp.org/file-browser-api/download/da-lmp-by-settlement-location?path=/2026/09/By_Day/DA-LMP-SL-202609230100.csv,2026-09-26T17:31:38Z,
spp:SPPSOUTH_HUB,lmp_dam,2026-09-23T16:00:00Z,30.2131,USD/MWh,PT1H,"US-AR,US-IA,US-KS,US-LA,US-MN,US-MO,US-MT,US-NE,US-NM,US-ND,US-OK,US-SD,US-TX,US-WY",spp_dam,SPPSOUTH_HUB,spp:DA-LMP-SL,https://portal.spp.org/file-browser-api/download/da-lmp-by-settlement-location?path=/2026/09/By_Day/DA-LMP-SL-202609230100.csv,2026-09-26T17:31:38Z,
spp:SPPSOUTH_HUB,lmp_dam,2026-09-23T17:00:00Z,32.0432,USD/MWh,PT1H,"US-AR,US-IA,US-KS,US-LA,US-MN,US-MO,US-MT,US-NE,US-NM,US-ND,US-OK,US-SD,US-TX,US-WY",spp_dam,SPPSOUTH_HUB,spp:DA-LMP-SL,https://portal.spp.org/file-browser-api/download/da-lmp-by-settlement-location?path=/2026/09/By_Day/DA-LMP-SL-202609230100.csv,2026-09-26T17:31:38Z,
spp:SPPSOUTH_HUB,lmp_dam,2026-09-23T18:00:00Z,41.4497,USD/MWh,PT1H,"US-AR,US-IA,US-KS,US-LA,US-MN,US-MO,US-MT,US-NE,US-NM,US-ND,US-OK,US-SD,US-TX,US-WY",spp_dam,SPPSOUTH_HUB,spp:DA-LMP-SL,https://portal.spp.org/file-browser-api/download/da-lmp-by-settlement-location?path=/2026/09/By_Day/DA-LMP-SL-202609230100.csv,2026-09-26T17:31:38Z,
spp:SPPSOUTH_HUB,lmp_dam,2026-09-23T19:00:00Z,49.7077,USD/MWh,PT1H,"US-AR,US-IA,US-KS,US-LA,US-MN,US-MO,US-MT,US-NE,US-NM,US-ND,US-OK,US-SD,US-TX,US-WY",spp_dam,SPPSOUTH_HUB,spp:DA-LMP-SL,https://portal.spp.org/file-browser-api/download/da-lmp-by-settlement-location?path=/2026/09/By_Day/DA-LMP-SL-202609230100.csv,2026-09-26T17:31:38Z,
spp:SPPSOUTH_HUB,lmp_dam,2026-09-23T20:00:00Z,54.3879,USD/MWh,PT1H,"US-AR,US-IA,US-KS,US-LA,US-MN,US-MO,US-MT,US-NE,US-NM,US-ND,US-OK,US-SD,US-TX,US-WY",spp_dam,SPPSOUTH_HUB,spp:DA-LMP-SL,https://portal.spp.org/file-browser-api/download/da-lmp-by-settlement-location?path=/2026/09/By_Day/DA-LMP-SL-202609230100.csv,2026-09-26T17:31:38Z,
spp:SPPSOUTH_HUB,lmp_dam,2026-09-23T21:00:00Z,70.4688,USD/MWh,PT1H,"US-AR,US-IA,US-KS,US-LA,US-MN,US-MO,US-MT,US-NE,US-NM,US-ND,US-OK,US-SD,US-TX,US-WY",spp_dam,SPPSOUTH_HUB,spp:DA-LMP-SL,https://portal.spp.org/file-browser-api/download/da-lmp-by-settlement-location?path=/2026/09/By_Day/DA-LMP-SL-202609230100.csv,2026-09-26T17:31:38Z,
spp:SPPSOUTH_HUB,lmp_dam,2026-09-23T22:00:00Z,70.0,USD/MWh,PT1H,"US-AR,US-IA,US-KS,US-LA,US-MN,US-MO,US-MT,US-NE,US-NM,US-ND,US-OK,US-SD,US-TX,US-WY",spp_dam,SPPSOUTH_HUB,spp:DA-LMP-SL,https://portal.spp.org/file-browser-api/download/da-lmp-by-settlement-location?path=/2026/09/By_Day/DA-LMP-SL-202609230100.csv,2026-09-26T17:31:38Z,
spp:SPPSOUTH_HUB,lmp_dam,2026-09-23T23:00:00Z,65.1779,USD/MWh,PT1H,"US-AR,US-IA,US-KS,US-LA,US-MN,US-MO,US-MT,US-NE,US-NM,US-ND,US-OK,US-SD,US-TX,US-WY",spp_dam,SPPSOUTH_HUB,spp:DA-LMP-SL,https://portal.spp.org/file-browser-api/download/da-lmp-by-settlement-location?path=/2026/09/By_Day/DA-LMP-SL-202609230100.csv,2026-09-26T17:31:38Z,
spp:SPPSOUTH_HUB,lmp_dam,2026-09-24T00:00:00Z,42.324,USD/MWh,PT1H,"US-AR,US-IA,US-KS,US-LA,US-MN,US-MO,US-MT,US-NE,US-NM,US-ND,US-OK,US-SD,US-TX,US-WY",spp_dam,SPPSOUTH_HUB,spp:DA-LMP-SL,https://portal.spp.org/file-browser-api/download/da-lmp-by-settlement-location?path=/2026/09/By_Day/DA-LMP-SL-202609230100.csv,2026-09-26T17:31:38Z,
spp:SPPSOUTH_HUB,lmp_dam,2026-09-24T01:00:00Z,30.3504,USD/MWh,PT1H,"US-AR,US-IA,US-KS,US-LA,US-MN,US-MO,US-MT,US-NE,US-NM,US-ND,US-OK,US-SD,US-TX,US-WY",spp_dam,SPPSOUTH_HUB,spp:DA-LMP-SL,https://portal.spp.org/file-browser-api/download/da-lmp-by-settlement-location?path=/2026/09/By_Day/DA-LMP-SL-202609230100.csv,2026-09-26T17:31:38Z,
spp:SPPSOUTH_HUB,lmp_dam,2026-09-24T02:00:00Z,27.6198,USD/MWh,PT1H,"US-AR,US-IA,US-KS,US-LA,US-MN,US-MO,US-MT,US-NE,US-NM,US-ND,US-OK,US-SD,US-TX,US-WY",spp_dam,SPPSOUTH_HUB,spp:DA-LMP-SL,https://portal.spp.org/file-browser-api/download/da-lmp-by-settlement-location?path=/2026/09/By_Day/DA-LMP-SL-202609230100.csv,2026-09-26T17:31:38Z,
spp:SPPSOUTH_HUB,lmp_dam,2026-09-24T03:00:00Z,20.01,USD/MWh,PT1H,"US-AR,US-IA,US-KS,US-LA,US-MN,US-MO,US-MT,US-NE,US-NM,US-ND,US-OK,US-SD,US-TX,US-WY",spp_dam,SPPSOUTH_HUB,spp:DA-LMP-SL,https://portal.spp.org/file-browser-api/download/da-lmp-by-settlement-location?path=/2026/09/By_Day/DA-LMP-SL-202609230100.csv,2026-09-26T17:31:38Z,
spp:SPPSOUTH_HUB,lmp_dam,2026-09-24T04:00:00Z,14.6492,USD/MWh,PT1H,"US-AR,US-IA,US-KS,US-LA,US-MN,US-MO,US-MT,US-NE,US-NM,US-ND,US-OK,US-SD,US-TX,US-WY",spp_dam,SPPSOUTH_HUB,spp:DA-LMP-SL,https://portal.spp.org/file-browser-api/download/da-lmp-by-settlement-location?path=/2026/09/By_Day/DA-LMP-SL-202609230100.csv,2026-09-26T17:31:38Z,
spp:SPPSOUTH_HUB,lmp_dam,2026-09-24T05:00:00Z,15.9333,USD/MWh,PT1H,"US-AR,US-IA,US-KS,US-LA,US-MN,US-MO,US-MT,US-NE,US-NM,US-ND,US-OK,US-SD,US-TX,US-WY",spp_dam,SPPSOUTH_HUB,spp:DA-LMP-SL,https://portal.spp.org/file-browser-api/download/da-lmp-by-settlement-location?path=/2026/09/By_Day/DA-LMP-SL-202609240100.csv,2026-09-26T17:31:38Z,
spp:SPPSOUTH_HUB,lmp_dam,2026-09-24T06:00:00Z,14.6397,USD/MWh,PT1H,"US-AR,US-IA,US-KS,US-LA,US-MN,US-MO,US-MT,US-NE,US-NM,US-ND,US-OK,US-SD,US-TX,US-WY",spp_dam,SPPSOUTH_HUB,spp:DA-LMP-SL,https://portal.spp.org/file-browser-api/download/da-lmp-by-settlement-location?path=/2026/09/By_Day/DA-LMP-SL-202609240100.csv,2026-09-26T17:31:38Z,
spp:SPPSOUTH_HUB,lmp_dam,2026-09-24T07:00:00Z,14.9109,USD/MWh,PT1H,"US-AR,US-IA,US-KS,US-LA,US-MN,US-MO,US-MT,US-NE,US-NM,US-ND,US-OK,US-SD,US-TX,US-WY",spp_dam,SPPSOUTH_HUB,spp:DA-LMP-SL,https://portal.spp.org/file-browser-api/download/da-lmp-by-settlement-location?path=/2026/09/By_Day/DA-LMP-SL-202609240100.csv,2026-09-26T17:31:38Z,
spp:SPPSOUTH_HUB,lmp_dam,2026-09-24T08:00:00Z,15.8161,USD/MWh,PT1H,"US-AR,US-IA,US-KS,US-LA,US-MN,US-MO,US-MT,US-NE,US-NM,US-ND,US-OK,US-SD,US-TX,US-WY",spp_dam,SPPSOUTH_HUB,spp:DA-LMP-SL,https://portal.spp.org/file-browser-api/download/da-lmp-by-settlement-location?path=/2026/09/By_Day/DA-LMP-SL-202609240100.csv,2026-09-26T17:31:38Z,
spp:SPPSOUTH_HUB,lmp_dam,2026-09-24T09:00:00Z,17.8701,USD/MWh,PT1H,"US-AR,US-IA,US-KS,US-LA,US-MN,US-MO,US-MT,US-NE,US-NM,US-ND,US-OK,US-SD,US-TX,US-WY",spp_dam,SPPSOUTH_HUB,spp:DA-LMP-SL,https://portal.spp.org/file-browser-api/download/da-lmp-by-settlement-location?path=/2026/09/By_Day/DA-LMP-SL-202609240100.csv,2026-09-26T17:31:38Z,
spp:SPPSOUTH_HUB,lmp_dam,2026-09-24T10:00:00Z,21.957,USD/MWh,PT1H,"US-AR,US-IA,US-KS,US-LA,US-MN,US-MO,US-MT,US-NE,US-NM,US-ND,US-OK,US-SD,US-TX,US-WY",spp_dam,SPPSOUTH_HUB,spp:DA-LMP-SL,https://portal.spp.org/file-browser-api/download/da-lmp-by-settlement-location?path=/2026/09/By_Day/DA-LMP-SL-202609240100.csv,2026-09-26T17:31:38Z,
spp:SPPSOUTH_HUB,lmp_dam,2026-09-24T11:00:00Z,24.5586,USD/MWh,PT1H,"US-AR,US-IA,US-KS,US-LA,US-MN,US-MO,US-MT,US-NE,US-NM,US-ND,US-OK,US-SD,US-TX,US-WY",spp_dam,SPPSOUTH_HUB,spp:DA-LMP-SL,https://portal.spp.org/file-browser-api/download/da-lmp-by-settlement-location?path=/2026/09/By_Day/DA-LMP-SL-202609240100.csv,2026-09-26T17:31:38Z,
spp:SPPSOUTH_HUB,lmp_dam,2026-09-24T12:00:00Z,24.3599,USD/MWh,PT1H,"US-AR,US-IA,US-KS,US-LA,US-MN,US-MO,US-MT,US-NE,US-NM,US-ND,US-OK,US-SD,US-TX,US-WY",spp_dam,SPPSOUTH_HUB,spp:DA-LMP-SL,https://portal.spp.org/file-browser-api/download/da-lmp-by-settlement-location?path=/2026/09/By_Day/DA-LMP-SL-202609240100.csv,2026-09-26T17:31:38Z,
spp:SPPSOUTH_HUB,lmp_dam,2026-09-24T13:00:00Z,24.6163,USD/MWh,PT1H,"US-AR,US-IA,US-KS,US-LA,US-MN,US-MO,US-MT,US-NE,US-NM,US-ND,US-OK,US-SD,US-TX,US-WY",spp_dam,SPPSOUTH_HUB,spp:DA-LMP-SL,https://portal.spp.org/file-browser-api/download/da-lmp-by-settlement-location?path=/2026/09/By_Day/DA-LMP-SL-202609240100.csv,2026-09-26T17:31:38Z,
spp:SPPSOUTH_HUB,lmp_dam,2026-09-24T14:00:00Z,26.1356,USD/MWh,PT1H,"US-AR,US-IA,US-KS,US-LA,US-MN,US-MO,US-MT,US-NE,US-NM,US-ND,US-OK,US-SD,US-TX,US-WY",spp_dam,SPPSOUTH_HUB,spp:DA-LMP-SL,https://portal.spp.org/file-browser-api/download/da-lmp-by-settlement-location?path=/2026/09/By_Day/DA-LMP-SL-202609240100.csv,2026-09-26T17:31:38Z,
spp:SPPSOUTH_HUB,lmp_dam,2026-09-24T15:00:00Z,25.8093,USD/MWh,PT1H,"US-AR,US-IA,US-KS,US-LA,US-MN,US-MO,US-MT,US-NE,US-NM,US-ND,US-OK,US-SD,US-TX,US-WY",spp_dam,SPPSOUTH_HUB,spp:DA-LMP-SL,https://portal.spp.org/file-browser-api/download/da-lmp-by-settlement-location?path=/2026/09/By_Day/DA-LMP-SL-202609240100.csv,2026-09-26T17:31:38Z,
spp:SPPSOUTH_HUB,lmp_dam,2026-09-24T16:00:00Z,28.3528,USD/MWh,PT1H,"US-AR,US-IA,US-KS,US-LA,US-MN,US-MO,US-MT,US-NE,US-NM,US-ND,US-OK,US-SD,US-TX,US-WY",spp_dam,SPPSOUTH_HUB,spp:DA-LMP-SL,https://portal.spp.org/file-browser-api/download/da-lmp-by-settlement-location?path=/2026/09/By_Day/DA-LMP-SL-202609240100.csv,2026-09-26T17:31:38Z,
spp:SPPSOUTH_HUB,lmp_dam,2026-09-24T17:00:00Z,34.7877,USD/MWh,PT1H,"US-AR,US-IA,US-KS,US-LA,US-MN,US-MO,US-MT,US-NE,US-NM,US-ND,US-OK,US-SD,US-TX,US-WY",spp_dam,SPPSOUTH_HUB,spp:DA-LMP-SL,https://portal.spp.org/file-browser-api/download/da-lmp-by-settlement-location?path=/2026/09/By_Day/DA-LMP-SL-202609240100.csv,2026-09-26T17:31:38Z,
spp:SPPSOUTH_HUB,lmp_dam,2026-09-24T18:00:00Z,43.2407,USD/MWh,PT1H,"US-AR,US-IA,US-KS,US-LA,US-MN,US-MO,US-MT,US-NE,US-NM,US-ND,US-OK,US-SD,US-TX,US-WY",spp_dam,SPPSOUTH_HUB,spp:DA-LMP-SL,https://portal.spp.org/file-browser-api/download/da-lmp-by-settlement-location?path=/2026/09/By_Day/DA-LMP-SL-202609240100.csv,2026-09-26T17:31:38Z,
spp:SPPSOUTH_HUB,lmp_dam,2026-09-24T19:00:00Z,59.58,USD/MWh,PT1H,"US-AR,US-IA,US-KS,US-LA,US-MN,US-MO,US-MT,US-NE,US-NM,US-ND,US-OK,US-SD,US-TX,US-WY",spp_dam,SPPSOUTH_HUB,spp:DA-LMP-SL,https://portal.spp.org/file-browser-api/download/da-lmp-by-settlement-location?path=/2026/09/By_Day/DA-LMP-SL-202609240100.csv,2026-09-26T17:31:38Z,
spp:SPPSOUTH_HUB,lmp_dam,2026-09-24T20:00:00Z,62.6612,USD/MWh,PT1H,"US-AR,US-IA,US-KS,US-LA,US-MN,US-MO,US-MT,US-NE,US-NM,US-ND,US-OK,US-SD,US-TX,US-WY",spp_dam,SPPSOUTH_HUB,spp:DA-LMP-SL,https://portal.spp.org/file-browser-api/download/da-lmp-by-settlement-location?path=/2026/09/By_Day/DA-LMP-SL-202609240100.csv,2026-09-26T17:31:38Z,
spp:SPPSOUTH_HUB,lmp_dam,2026-09-24T21:00:00Z,69.17,USD/MWh,PT1H,"US-AR,US-IA,US-KS,US-LA,US-MN,US-MO,US-MT,US-NE,US-NM,US-ND,US-OK,US-SD,US-TX,US-WY",spp_dam,SPPSOUTH_HUB,spp:DA-LMP-SL,https://portal.spp.org/file-browser-api/download/da-lmp-by-settlement-location?path=/2026/09/By_Day/DA-LMP-SL-202609240100.csv,2026-09-26T17:31:38Z,
spp:SPPSOUTH_HUB,lmp_dam,2026-09-24T22:00:00Z,66.4663,USD/MWh,PT1H,"US-AR,US-IA,US-KS,US-LA,US-MN,US-MO,US-MT,US-NE,US-NM,US-ND,US-OK,US-SD,US-TX,US-WY",spp_dam,SPPSOUTH_HUB,spp:DA-LMP-SL,https://portal.spp.org/file-browser-api/download/da-lmp-by-settlement-location?path=/2026/09/By_Day/DA-LMP-SL-202609240100.csv,2026-09-26T17:31:38Z,
spp:SPPSOUTH_HUB,lmp_dam,2026-09-24T23:00:00Z,61.9411,USD/MWh,PT1H,"US-AR,US-IA,US-KS,US-LA,US-MN,US-MO,US-MT,US-NE,US-NM,US-ND,US-OK,US-SD,US-TX,US-WY",spp_dam,SPPSOUTH_HUB,spp:DA-LMP-SL,https://portal.spp.org/file-browser-api/download/da-lmp-by-settlement-location?path=/2026/09/By_Day/DA-LMP-SL-202609240100.csv,2026-09-26T17:31:38Z,
spp:SPPSOUTH_HUB,lmp_dam,2026-09-25T00:00:00Z,46.3748,USD/MWh,PT1H,"US-AR,US-IA,US-KS,US-LA,US-MN,US-MO,US-MT,US-NE,US-NM,US-ND,US-OK,US-SD,US-TX,US-WY",spp_dam,SPPSOUTH_HUB,spp:DA-LMP-SL,https://portal.spp.org/file-browser-api/download/da-lmp-by-settlement-location?path=/2026/09/By_Day/DA-LMP-SL-202609240100.csv,2026-09-26T17:31:38Z,
spp:SPPSOUTH_HUB,lmp_dam,2026-09-25T01:00:00Z,33.4852,USD/MWh,PT1H,"US-AR,US-IA,US-KS,US-LA,US-MN,US-MO,US-MT,US-NE,US-NM,US-ND,US-OK,US-SD,US-TX,US-WY",spp_dam,SPPSOUTH_HUB,spp:DA-LMP-SL,https://portal.spp.org/file-browser-api/download/da-lmp-by-settlement-location?path=/2026/09/By_Day/DA-LMP-SL-202609240100.csv,2026-09-26T17:31:38Z,
spp:SPPSOUTH_HUB,lmp_dam,2026-09-25T02:00:00Z,29.262,USD/MWh,PT1H,"US-AR,US-IA,US-KS,US-LA,US-MN,US-MO,US-MT,US-NE,US-NM,US-ND,US-OK,US-SD,US-TX,US-WY",spp_dam,SPPSOUTH_HUB,spp:DA-LMP-SL,https://portal.spp.org/file-browser-api/download/da-lmp-by-settlement-location?path=/2026/09/By_Day/DA-LMP-SL-202609240100.csv,2026-09-26T17:31:38Z,
spp:SPPSOUTH_HUB,lmp_dam,2026-09-25T03:00:00Z,24.6116,USD/MWh,PT1H,"US-AR,US-IA,US-KS,US-LA,US-MN,US-MO,US-MT,US-NE,US-NM,US-ND,US-OK,US-SD,US-TX,US-WY",spp_dam,SPPSOUTH_HUB,spp:DA-LMP-SL,https://portal.spp.org/file-browser-api/download/da-lmp-by-settlement-location?path=/2026/09/By_Day/DA-LMP-SL-202609240100.csv,2026-09-26T17:31:38Z,
spp:SPPSOUTH_HUB,lmp_dam,2026-09-25T04:00:00Z,22.0339,USD/MWh,PT1H,"US-AR,US-IA,US-KS,US-LA,US-MN,US-MO,US-MT,US-NE,US-NM,US-ND,US-OK,US-SD,US-TX,US-WY",spp_dam,SPPSOUTH_HUB,spp:DA-LMP-SL,https://portal.spp.org/file-browser-api/download/da-lmp-by-settlement-location?path=/2026/09/By_Day/DA-LMP-SL-202609240100.csv,2026-09-26T17:31:38Z,
spp:SPPSOUTH_HUB,lmp_dam,2026-09-25T05:00:00Z,23.4141,USD/MWh,PT1H,"US-AR,US-IA,US-KS,US-LA,US-MN,US-MO,US-MT,US-NE,US-NM,US-ND,US-OK,US-SD,US-TX,US-WY",spp_dam,SPPSOUTH_HUB,spp:DA-LMP-SL,https://portal.spp.org/file-browser-api/download/da-lmp-by-settlement-location?path=/2026/09/By_Day/DA-LMP-SL-202609250100.csv,2026-09-26T17:31:38Z,
spp:SPPSOUTH_HUB,lmp_dam,2026-09-25T06:00:00Z,22.9083,USD/MWh,PT1H,"US-AR,US-IA,US-KS,US-LA,US-MN,US-MO,US-MT,US-NE,US-NM,US-ND,US-OK,US-SD,US-TX,US-WY",spp_dam,SPPSOUTH_HUB,spp:DA-LMP-SL,https://portal.spp.org/file-browser-api/download/da-lmp-by-settlement-location?path=/2026/09/By_Day/DA-LMP-SL-202609250100.csv,2026-09-26T17:31:38Z,
spp:SPPSOUTH_HUB,lmp_dam,2026-09-25T07:00:00Z,23.3192,USD/MWh,PT1H,"US-AR,US-IA,US-KS,US-LA,US-MN,US-MO,US-MT,US-NE,US-NM,US-ND,US-OK,US-SD,US-TX,US-WY",spp_dam,SPPSOUTH_HUB,spp:DA-LMP-SL,https://portal.spp.org/file-browser-api/download/da-lmp-by-settlement-location?path=/2026/09/By_Day/DA-LMP-SL-202609250100.csv,2026-09-26T17:31:38Z,
spp:SPPSOUTH_HUB,lmp_dam,2026-09-25T08:00:00Z,23.0101,USD/MWh,PT1H,"US-AR,US-IA,US-KS,US-LA,US-MN,US-MO,US-MT,US-NE,US-NM,US-ND,US-OK,US-SD,US-TX,US-WY",spp_dam,SPPSOUTH_HUB,spp:DA-LMP-SL,https://portal.spp.org/file-browser-api/download/da-lmp-by-settlement-location?path=/2026/09/By_Day/DA-LMP-SL-202609250100.csv,2026-09-26T17:31:38Z,
spp:SPPSOUTH_HUB,lmp_dam,2026-09-25T09:00:00Z,22.7679,USD/MWh,PT1H,"US-AR,US-IA,US-KS,US-LA,US-MN,US-MO,US-MT,US-NE,US-NM,US-ND,US-OK,US-SD,US-TX,US-WY",spp_dam,SPPSOUTH_HUB,spp:DA-LMP-SL,https://portal.spp.org/file-browser-api/download/da-lmp-by-settlement-location?path=/2026/09/By_Day/DA-LMP-SL-202609250100.csv,2026-09-26T17:31:38Z,
spp:SPPSOUTH_HUB,lmp_dam,2026-09-25T10:00:00Z,25.42,USD/MWh,PT1H,"US-AR,US-IA,US-KS,US-LA,US-MN,US-MO,US-MT,US-NE,US-NM,US-ND,US-OK,US-SD,US-TX,US-WY",spp_dam,SPPSOUTH_HUB,spp:DA-LMP-SL,https://portal.spp.org/file-browser-api/download/da-lmp-by-settlement-location?path=/2026/09/By_Day/DA-LMP-SL-202609250100.csv,2026-09-26T17:31:38Z,
spp:SPPSOUTH_HUB,lmp_dam,2026-09-25T11:00:00Z,27.5601,USD/MWh,PT1H,"US-AR,US-IA,US-KS,US-LA,US-MN,US-MO,US-MT,US-NE,US-NM,US-ND,US-OK,US-SD,US-TX,US-WY",spp_dam,SPPSOUTH_HUB,spp:DA-LMP-SL,https://portal.spp.org/file-browser-api/download/da-lmp-by-settlement-location?path=/2026/09/By_Day/DA-LMP-SL-202609250100.csv,2026-09-26T17:31:38Z,
spp:SPPSOUTH_HUB,lmp_dam,2026-09-25T12:00:00Z,26.9409,USD/MWh,PT1H,"US-AR,US-IA,US-KS,US-LA,US-MN,US-MO,US-MT,US-NE,US-NM,US-ND,US-OK,US-SD,US-TX,US-WY",spp_dam,SPPSOUTH_HUB,spp:DA-LMP-SL,https://portal.spp.org/file-browser-api/download/da-lmp-by-settlement-location?path=/2026/09/By_Day/DA-LMP-SL-202609250100.csv,2026-09-26T17:31:38Z,
spp:SPPSOUTH_HUB,lmp_dam,2026-09-25T13:00:00Z,26.4721,USD/MWh,PT1H,"US-AR,US-IA,US-KS,US-LA,US-MN,US-MO,US-MT,US-NE,US-NM,US-ND,US-OK,US-SD,US-TX,US-WY",spp_dam,SPPSOUTH_HUB,spp:DA-LMP-SL,https://portal.spp.org/file-browser-api/download/da-lmp-by-settlement-location?path=/2026/09/By_Day/DA-LMP-SL-202609250100.csv,2026-09-26T17:31:38Z,
spp:SPPSOUTH_HUB,lmp_dam,2026-09-25T14:00:00Z,29.8304,USD/MWh,PT1H,"US-AR,US-IA,US-KS,US-LA,US-MN,US-MO,US-MT,US-NE,US-NM,US-ND,US-OK,US-SD,US-TX,US-WY",spp_dam,SPPSOUTH_HUB,spp:DA-LMP-SL,https://portal.spp.org/file-browser-api/download/da-lmp-by-settlement-location?path=/2026/09/By_Day/DA-LMP-SL-202609250100.csv,2026-09-26T17:31:38Z,
spp:SPPSOUTH_HUB,lmp_dam,2026-09-25T15:00:00Z,29.0038,USD/MWh,PT1H,"US-AR,US-IA,US-KS,US-LA,US-MN,US-MO,US-MT,US-NE,US-NM,US-ND,US-OK,US-SD,US-TX,US-WY",spp_dam,SPPSOUTH_HUB,spp:DA-LMP-SL,https://portal.spp.org/file-browser-api/download/da-lmp-by-settlement-location?path=/2026/09/By_Day/DA-LMP-SL-202609250100.csv,2026-09-26T17:31:38Z,
spp:SPPSOUTH_HUB,lmp_dam,2026-09-25T16:00:00Z,29.0598,USD/MWh,PT1H,"US-AR,US-IA,US-KS,US-LA,US-MN,US-MO,US-MT,US-NE,US-NM,US-ND,US-OK,US-SD,US-TX,US-WY",spp_dam,SPPSOUTH_HUB,spp:DA-LMP-SL,https://portal.spp.org/file-browser-api/download/da-lmp-by-settlement-location?path=/2026/09/By_Day/DA-LMP-SL-202609250100.csv,2026-09-26T17:31:38Z,
spp:SPPSOUTH_HUB,lmp_dam,2026-09-25T17:00:00Z,33.2849,USD/MWh,PT1H,"US-AR,US-IA,US-KS,US-LA,US-MN,US-MO,US-MT,US-NE,US-NM,US-ND,US-OK,US-SD,US-TX,US-WY",spp_dam,SPPSOUTH_HUB,spp:DA-LMP-SL,https://portal.spp.org/file-browser-api/download/da-lmp-by-settlement-location?path=/2026/09/By_Day/DA-LMP-SL-202609250100.csv,2026-09-26T17:31:38Z,
spp:SPPSOUTH_HUB,lmp_dam,2026-09-25T18:00:00Z,40.4833,USD/MWh,PT1H,"US-AR,US-IA,US-KS,US-LA,US-MN,US-MO,US-MT,US-NE,US-NM,US-ND,US-OK,US-SD,US-TX,US-WY",spp_dam,SPPSOUTH_HUB,spp:DA-LMP-SL,https://portal.spp.org/file-browser-api/download/da-lmp-by-settlement-location?path=/2026/09/By_Day/DA-LMP-SL-202609250100.csv,2026-09-26T17:31:38Z,
spp:SPPSOUTH_HUB,lmp_dam,2026-09-25T19:00:00Z,45.6429,USD/MWh,PT1H,"US-AR,US-IA,US-KS,US-LA,US-MN,US-MO,US-MT,US-NE,US-NM,US-ND,US-OK,US-SD,US-TX,US-WY",spp_dam,SPPSOUTH_HUB,spp:DA-LMP-SL,https://portal.spp.org/file-browser-api/download/da-lmp-by-settlement-location?path=/2026/09/By_Day/DA-LMP-SL-202609250100.csv,2026-09-26T17:31:38Z,
spp:SPPSOUTH_HUB,lmp_dam,2026-09-25T20:00:00Z,53.9181,USD/MWh,PT1H,"US-AR,US-IA,US-KS,US-LA,US-MN,US-MO,US-MT,US-NE,US-NM,US-ND,US-OK,US-SD,US-TX,US-WY",spp_dam,SPPSOUTH_HUB,spp:DA-LMP-SL,https://portal.spp.org/file-browser-api/download/da-lmp-by-settlement-location?path=/2026/09/By_Day/DA-LMP-SL-202609250100.csv,2026-09-26T17:31:38Z,
spp:SPPSOUTH_HUB,lmp_dam,2026-09-25T21:00:00Z,67.6968,USD/MWh,PT1H,"US-AR,US-IA,US-KS,US-LA,US-MN,US-MO,US-MT,US-NE,US-NM,US-ND,US-OK,US-SD,US-TX,US-WY",spp_dam,SPPSOUTH_HUB,spp:DA-LMP-SL,https://portal.spp.org/file-browser-api/download/da-lmp-by-settlement-location?path=/2026/09/By_Day/DA-LMP-SL-202609250100.csv,2026-09-26T17:31:38Z,
spp:SPPSOUTH_HUB,lmp_dam,2026-09-25T22:00:00Z,70.3941,USD/MWh,PT1H,"US-AR,US-IA,US-KS,US-LA,US-MN,US-MO,US-MT,US-NE,US-NM,US-ND,US-OK,US-SD,US-TX,US-WY",spp_dam,SPPSOUTH_HUB,spp:DA-LMP-SL,https://portal.spp.org/file-browser-api/download/da-lmp-by-settlement-location?path=/2026/09/By_Day/DA-LMP-SL-202609250100.csv,2026-09-26T17:31:38Z,
spp:SPPSOUTH_HUB,lmp_dam,2026-09-25T23:00:00Z,64.8225,USD/MWh,PT1H,"US-AR,US-IA,US-KS,US-LA,US-MN,US-MO,US-MT,US-NE,US-NM,US-ND,US-OK,US-SD,US-TX,US-WY",spp_dam,SPPSOUTH_HUB,spp:DA-LMP-SL,https://portal.spp.org/file-browser-api/download/da-lmp-by-settlement-location?path=/2026/09/By_Day/DA-LMP-SL-202609250100.csv,2026-09-26T17:31:38Z,
spp:SPPSOUTH_HUB,lmp_dam,2026-09-26T00:00:00Z,47.2957,USD/MWh,PT1H,"US-AR,US-IA,US-KS,US-LA,US-MN,US-MO,US-MT,US-NE,US-NM,US-ND,US-OK,US-SD,US-TX,US-WY",spp_dam,SPPSOUTH_HUB,spp:DA-LMP-SL,https://portal.spp.org/file-browser-api/download/da-lmp-by-settlement-location?path=/2026/09/By_Day/DA-LMP-SL-202609250100.csv,2026-09-26T17:31:38Z,
spp:SPPSOUTH_HUB,lmp_dam,2026-09-26T01:00:00Z,33.7909,USD/MWh,PT1H,"US-AR,US-IA,US-KS,US-LA,US-MN,US-MO,US-MT,US-NE,US-NM,US-ND,US-OK,US-SD,US-TX,US-WY",spp_dam,SPPSOUTH_HUB,spp:DA-LMP-SL,https://portal.spp.org/file-browser-api/download/da-lmp-by-settlement-location?path=/2026/09/By_Day/DA-LMP-SL-202609250100.csv,2026-09-26T17:31:38Z,
spp:SPPSOUTH_HUB,lmp_dam,2026-09-26T02:00:00Z,31.5795,USD/MWh,PT1H,"US-AR,US-IA,US-KS,US-LA,US-MN,US-MO,US-MT,US-NE,US-NM,US-ND,US-OK,US-SD,US-TX,US-WY",spp_dam,SPPSOUTH_HUB,spp:DA-LMP-SL,https://portal.spp.org/file-browser-api/download/da-lmp-by-settlement-location?path=/2026/09/By_Day/DA-LMP-SL-202609250100.csv,2026-09-26T17:31:38Z,
spp:SPPSOUTH_HUB,lmp_dam,2026-09-26T03:00:00Z,22.9117,USD/MWh,PT1H,"US-AR,US-IA,US-KS,US-LA,US-MN,US-MO,US-MT,US-NE,US-NM,US-ND,US-OK,US-SD,US-TX,US-WY",spp_dam,SPPSOUTH_HUB,spp:DA-LMP-SL,https://portal.spp.org/file-browser-api/download/da-lmp-by-settlement-location?path=/2026/09/By_Day/DA-LMP-SL-202609250100.csv,2026-09-26T17:31:38Z,
spp:SPPSOUTH_HUB,lmp_dam,2026-09-26T04:00:00Z,19.6175,USD/MWh,PT1H,"US-AR,US-IA,US-KS,US-LA,US-MN,US-MO,US-MT,US-NE,US-NM,US-ND,US-OK,US-SD,US-TX,US-WY",spp_dam,SPPSOUTH_HUB,spp:DA-LMP-SL,https://portal.spp.org/file-browser-api/download/da-lmp-by-settlement-location?path=/2026/09/By_Day/DA-LMP-SL-202609250100.csv,2026-09-26T17:31:38Z,
spp:SPPSOUTH_HUB,lmp_dam,2026-09-26T05:00:00Z,12.3578,USD/MWh,PT1H,"US-AR,US-IA,US-KS,US-LA,US-MN,US-MO,US-MT,US-NE,US-NM,US-ND,US-OK,US-SD,US-TX,US-WY",spp_dam,SPPSOUTH_HUB,spp:DA-LMP-SL,https://portal.spp.org/file-browser-api/download/da-lmp-by-settlement-location?path=/2026/09/By_Day/DA-LMP-SL-202609260100.csv,2026-09-26T17:31:45Z,
spp:SPPSOUTH_HUB,lmp_dam,2026-09-26T06:00:00Z,6.0813,USD/MWh,PT1H,"US-AR,US-IA,US-KS,US-LA,US-MN,US-MO,US-MT,US-NE,US-NM,US-ND,US-OK,US-SD,US-TX,US-WY",spp_dam,SPPSOUTH_HUB,spp:DA-LMP-SL,https://portal.spp.org/file-browser-api/download/da-lmp-by-settlement-location?path=/2026/09/By_Day/DA-LMP-SL-202609260100.csv,2026-09-26T17:31:45Z,
spp:SPPSOUTH_HUB,lmp_dam,2026-09-26T07:00:00Z,3.1907,USD/MWh,PT1H,"US-AR,US-IA,US-KS,US-LA,US-MN,US-MO,US-MT,US-NE,US-NM,US-ND,US-OK,US-SD,US-TX,US-WY",spp_dam,SPPSOUTH_HUB,spp:DA-LMP-SL,https://portal.spp.org/file-browser-api/download/da-lmp-by-settlement-location?path=/2026/09/By_Day/DA-LMP-SL-202609260100.csv,2026-09-26T17:31:45Z,
spp:SPPSOUTH_HUB,lmp_dam,2026-09-26T08:00:00Z,1.4041,USD/MWh,PT1H,"US-AR,US-IA,US-KS,US-LA,US-MN,US-MO,US-MT,US-NE,US-NM,US-ND,US-OK,US-SD,US-TX,US-WY",spp_dam,SPPSOUTH_HUB,spp:DA-LMP-SL,https://portal.spp.org/file-browser-api/download/da-lmp-by-settlement-location?path=/2026/09/By_Day/DA-LMP-SL-202609260100.csv,2026-09-26T17:31:45Z,
spp:SPPSOUTH_HUB,lmp_dam,2026-09-26T09:00:00Z,1.0601,USD/MWh,PT1H,"US-AR,US-IA,US-KS,US-LA,US-MN,US-MO,US-MT,US-NE,US-NM,US-ND,US-OK,US-SD,US-TX,US-WY",spp_dam,SPPSOUTH_HUB,spp:DA-LMP-SL,https://portal.spp.org/file-browser-api/download/da-lmp-by-settlement-location?path=/2026/09/By_Day/DA-LMP-SL-202609260100.csv,2026-09-26T17:31:45Z,
spp:SPPSOUTH_HUB,lmp_dam,2026-09-26T10:00:00Z,3.1584,USD/MWh,PT1H,"US-AR,US-IA,US-KS,US-LA,US-MN,US-MO,US-MT,US-NE,US-NM,US-ND,US-OK,US-SD,US-TX,US-WY",spp_dam,SPPSOUTH_HUB,spp:DA-LMP-SL,https://portal.spp.org/file-browser-api/download/da-lmp-by-settlement-location?path=/2026/09/By_Day/DA-LMP-SL-202609260100.csv,2026-09-26T17:31:45Z,
spp:SPPSOUTH_HUB,lmp_dam,2026-09-26T11:00:00Z,5.6146,USD/MWh,PT1H,"US-AR,US-IA,US-KS,US-LA,US-MN,US-MO,US-MT,US-NE,US-NM,US-ND,US-OK,US-SD,US-TX,US-WY",spp_dam,SPPSOUTH_HUB,spp:DA-LMP-SL,https://portal.spp.org/file-browser-api/download/da-lmp-by-settlement-location?path=/2026/09/By_Day/DA-LMP-SL-202609260100.csv,2026-09-26T17:31:45Z,
spp:SPPSOUTH_HUB,lmp_dam,2026-09-26T12:00:00Z,10.0223,USD/MWh,PT1H,"US-AR,US-IA,US-KS,US-LA,US-MN,US-MO,US-MT,US-NE,US-NM,US-ND,US-OK,US-SD,US-TX,US-WY",spp_dam,SPPSOUTH_HUB,spp:DA-LMP-SL,https://portal.spp.org/file-browser-api/download/da-lmp-by-settlement-location?path=/2026/09/By_Day/DA-LMP-SL-202609260100.csv,2026-09-26T17:31:45Z,
spp:SPPSOUTH_HUB,lmp_dam,2026-09-26T13:00:00Z,17.3344,USD/MWh,PT1H,"US-AR,US-IA,US-KS,US-LA,US-MN,US-MO,US-MT,US-NE,US-NM,US-ND,US-OK,US-SD,US-TX,US-WY",spp_dam,SPPSOUTH_HUB,spp:DA-LMP-SL,https://portal.spp.org/file-browser-api/download/da-lmp-by-settlement-location?path=/2026/09/By_Day/DA-LMP-SL-202609260100.csv,2026-09-26T17:31:45Z,
spp:SPPSOUTH_HUB,lmp_dam,2026-09-26T14:00:00Z,21.3339,USD/MWh,PT1H,"US-AR,US-IA,US-KS,US-LA,US-MN,US-MO,US-MT,US-NE,US-NM,US-ND,US-OK,US-SD,US-TX,US-WY",spp_dam,SPPSOUTH_HUB,spp:DA-LMP-SL,https://portal.spp.org/file-browser-api/download/da-lmp-by-settlement-location?path=/2026/09/By_Day/DA-LMP-SL-202609260100.csv,2026-09-26T17:31:45Z,
spp:SPPSOUTH_HUB,lmp_dam,2026-09-26T15:00:00Z,28.4108,USD/MWh,PT1H,"US-AR,US-IA,US-KS,US-LA,US-MN,US-MO,US-MT,US-NE,US-NM,US-ND,US-OK,US-SD,US-TX,US-WY",spp_dam,SPPSOUTH_HUB,spp:DA-LMP-SL,https://portal.spp.org/file-browser-api/download/da-lmp-by-settlement-location?path=/2026/09/By_Day/DA-LMP-SL-202609260100.csv,2026-09-26T17:31:45Z,
spp:SPPSOUTH_HUB,lmp_dam,2026-09-26T16:00:00Z,34.2642,USD/MWh,PT1H,"US-AR,US-IA,US-KS,US-LA,US-MN,US-MO,US-MT,US-NE,US-NM,US-ND,US-OK,US-SD,US-TX,US-WY",spp_dam,SPPSOUTH_HUB,spp:DA-LMP-SL,https://portal.spp.org/file-browser-api/download/da-lmp-by-settlement-location?path=/2026/09/By_Day/DA-LMP-SL-202609260100.csv,2026-09-26T17:31:45Z,
spp:SPPSOUTH_HUB,lmp_dam,2026-09-26T17:00:00Z,36.2286,USD/MWh,PT1H,"US-AR,US-IA,US-KS,US-LA,US-MN,US-MO,US-MT,US-NE,US-NM,US-ND,US-OK,US-SD,US-TX,US-WY",spp_dam,SPPSOUTH_HUB,spp:DA-LMP-SL,https://portal.spp.org/file-browser-api/download/da-lmp-by-settlement-location?path=/2026/09/By_Day/DA-LMP-SL-202609260100.csv,2026-09-26T17:31:45Z,
spp:SPPSOUTH_HUB,lmp_dam,2026-09-26T18:00:00Z,47.2291,USD/MWh,PT1H,"US-AR,US-IA,US-KS,US-LA,US-MN,US-MO,US-MT,US-NE,US-NM,US-ND,US-OK,US-SD,US-TX,US-WY",spp_dam,SPPSOUTH_HUB,spp:DA-LMP-SL,https://portal.spp.org/file-browser-api/download/da-lmp-by-settlement-location?path=/2026/09/By_Day/DA-LMP-SL-202609260100.csv,2026-09-26T17:31:45Z,
spp:SPPSOUTH_HUB,lmp_dam,2026-09-26T19:00:00Z,49.8277,USD/MWh,PT1H,"US-AR,US-IA,US-KS,US-LA,US-MN,US-MO,US-MT,US-NE,US-NM,US-ND,US-OK,US-SD,US-TX,US-WY",spp_dam,SPPSOUTH_HUB,spp:DA-LMP-SL,https://portal.spp.org/file-browser-api/download/da-lmp-by-settlement-location?path=/2026/09/By_Day/DA-LMP-SL-202609260100.csv,2026-09-26T17:31:45Z,
spp:SPPSOUTH_HUB,lmp_dam,2026-09-26T20:00:00Z,61.5038,USD/MWh,PT1H,"US-AR,US-IA,US-KS,US-LA,US-MN,US-MO,US-MT,US-NE,US-NM,US-ND,US-OK,US-SD,US-TX,US-WY",spp_dam,SPPSOUTH_HUB,spp:DA-LMP-SL,https://portal.spp.org/file-browser-api/download/da-lmp-by-settlement-location?path=/2026/09/By_Day/DA-LMP-SL-202609260100.csv,2026-09-26T17:31:45Z,
spp:SPPSOUTH_HUB,lmp_dam,2026-09-26T21:00:00Z,53.2084,USD/MWh,PT1H,"US-AR,US-IA,US-KS,US-LA,US-MN,US-MO,US-MT,US-NE,US-NM,US-ND,US-OK,US-SD,US-TX,US-WY",spp_dam,SPPSOUTH_HUB,spp:DA-LMP-SL,https://portal.spp.org/file-browser-api/download/da-lmp-by-settlement-location?path=/2026/09/By_Day/DA-LMP-SL-202609260100.csv,2026-09-26T17:31:45Z,
spp:SPPSOUTH_HUB,lmp_dam,2026-09-26T22:00:00Z,63.6808,USD/MWh,PT1H,"US-AR,US-IA,US-KS,US-LA,US-MN,US-MO,US-MT,US-NE,US-NM,US-ND,US-OK,US-SD,US-TX,US-WY",spp_dam,SPPSOUTH_HUB,spp:DA-LMP-SL,https://portal.spp.org/file-browser-api/download/da-lmp-by-settlement-location?path=/2026/09/By_Day/DA-LMP-SL-202609260100.csv,2026-09-26T17:31:45Z,
spp:SPPSOUTH_HUB,lmp_dam,2026-09-26T23:00:00Z,69.5851,USD/MWh,PT1H,"US-AR,US-IA,US-KS,US-LA,US-MN,US-MO,US-MT,US-NE,US-NM,US-ND,US-OK,US-SD,US-TX,US-WY",spp_dam,SPPSOUTH_HUB,spp:DA-LMP-SL,https://portal.spp.org/file-browser-api/download/da-lmp-by-settlement-location?path=/2026/09/By_Day/DA-LMP-SL-202609260100.csv,2026-09-26T17:31:45Z,
spp:SPPSOUTH_HUB,lmp_dam,2026-09-27T00:00:00Z,45.1912,USD/MWh,PT1H,"US-AR,US-IA,US-KS,US-LA,US-MN,US-MO,US-MT,US-NE,US-NM,US-ND,US-OK,US-SD,US-TX,US-WY",spp_dam,SPPSOUTH_HUB,spp:DA-LMP-SL,https://portal.spp.org/file-browser-api/download/da-lmp-by-settlement-location?path=/2026/09/By_Day/DA-LMP-SL-202609260100.csv,2026-09-26T17:31:45Z,
spp:SPPSOUTH_HUB,lmp_dam,2026-09-27T01:00:00Z,29.8837,USD/MWh,PT1H,"US-AR,US-IA,US-KS,US-LA,US-MN,US-MO,US-MT,US-NE,US-NM,US-ND,US-OK,US-SD,US-TX,US-WY",spp_dam,SPPSOUTH_HUB,spp:DA-LMP-SL,https://portal.spp.org/file-browser-api/download/da-lmp-by-settlement-location?path=/2026/09/By_Day/DA-LMP-SL-202609260100.csv,2026-09-26T17:31:45Z,
spp:SPPSOUTH_HUB,lmp_dam,2026-09-27T02:00:00Z,26.0929,USD/MWh,PT1H,"US-AR,US-IA,US-KS,US-LA,US-MN,US-MO,US-MT,US-NE,US-NM,US-ND,US-OK,US-SD,US-TX,US-WY",spp_dam,SPPSOUTH_HUB,spp:DA-LMP-SL,https://portal.spp.org/file-browser-api/download/da-lmp-by-settlement-location?path=/2026/09/By_Day/DA-LMP-SL-202609260100.csv,2026-09-26T17:31:45Z,
spp:SPPSOUTH_HUB,lmp_dam,2026-09-27T03:00:00Z,24.0252,USD/MWh,PT1H,"US-AR,US-IA,US-KS,US-LA,US-MN,US-MO,US-MT,US-NE,US-NM,US-ND,US-OK,US-SD,US-TX,US-WY",spp_dam,SPPSOUTH_HUB,spp:DA-LMP-SL,https://portal.spp.org/file-browser-api/download/da-lmp-by-settlement-location?path=/2026/09/By_Day/DA-LMP-SL-202609260100.csv,2026-09-26T17:31:45Z,
spp:SPPSOUTH_HUB,lmp_dam,2026-09-27T04:00:00Z,22.8111,USD/MWh,PT1H,"US-AR,US-IA,US-KS,US-LA,US-MN,US-MO,US-MT,US-NE,US-NM,US-ND,US-OK,US-SD,US-TX,US-WY",spp_dam,SPPSOUTH_HUB,spp:DA-LMP-SL,https://portal.spp.org/file-browser-api/download/da-lmp-by-settlement-location?path=/2026/09/By_Day/DA-LMP-SL-202609260100.csv,2026-09-26T17:31:45Z,
