ERW ercot_prices run 20260925T063720Z
gridstatus 0.36.0, pandas 2.3.3, python 3.14.7
window: 30 operating days, 2026-08-26 00:00:00-05:00 to 2026-09-25 00:00:00-05:00 (exclusive), UTC [2026-08-26T05:00:00Z, 2026-09-25T05:00:00Z)
raw files: warehouse\raw\ercot\20260925T063720Z
DAM: ERCOT NP4-190-CD via Ercot.get_spp(market=DAY_AHEAD_HOURLY)
  documents read: 31; hub rows in window: 3600
  complete: 5 nodes x 720 intervals
  cross-check vs gridstatus return: 3600 keys, 0 absent from return, 0 with a different value
  forward DAM day 2026-09-25: complete, included (120 rows)
  cross-check vs gridstatus return: 120 keys, 0 absent from return, 0 with a different value
  source documents used: 31
    ercot:NP4-190-CD cdr.00012331.0000000000000000.20260825.124240444.DAMSPNP4190_csv.zip published 2026-08-25T17:42:39Z rows 120 https://www.ercot.com/misdownload/servlets/mirDownload?doclookupId=1266561949
    ercot:NP4-190-CD cdr.00012331.0000000000000000.20260826.124146450.DAMSPNP4190_csv.zip published 2026-08-26T17:41:45Z rows 120 https://www.ercot.com/misdownload/servlets/mirDownload?doclookupId=1266957722
    ercot:NP4-190-CD cdr.00012331.0000000000000000.20260827.132014399.DAMSPNP4190_csv.zip published 2026-08-27T18:20:13Z rows 120 https://www.ercot.com/misdownload/servlets/mirDownload?doclookupId=1267361150
    ercot:NP4-190-CD cdr.00012331.0000000000000000.20260828.123358511.DAMSPNP4190_csv.zip published 2026-08-28T17:33:57Z rows 120 https://www.ercot.com/misdownload/servlets/mirDownload?doclookupId=1267748284
    ercot:NP4-190-CD cdr.00012331.0000000000000000.20260829.125211717.DAMSPNP4190_csv.zip published 2026-08-29T17:52:11Z rows 120 https://www.ercot.com/misdownload/servlets/mirDownload?doclookupId=1268138600
    ercot:NP4-190-CD cdr.00012331.0000000000000000.20260830.130100790.DAMSPNP4190_csv.zip published 2026-08-30T18:00:59Z rows 120 https://www.ercot.com/misdownload/servlets/mirDownload?doclookupId=1268525450
    ercot:NP4-190-CD cdr.00012331.0000000000000000.20260831.123352469.DAMSPNP4190_csv.zip published 2026-08-31T17:33:51Z rows 120 https://www.ercot.com/misdownload/servlets/mirDownload?doclookupId=1268915317
    ercot:NP4-190-CD cdr.00012331.0000000000000000.20260901.124912898.DAMSPNP4190_csv.zip published 2026-09-01T17:49:12Z rows 120 https://www.ercot.com/misdownload/servlets/mirDownload?doclookupId=1269328607
    ercot:NP4-190-CD cdr.00012331.0000000000000000.20260902.123717637.DAMSPNP4190_csv.zip published 2026-09-02T17:37:16Z rows 120 https://www.ercot.com/misdownload/servlets/mirDownload?doclookupId=1269724005
    ercot:NP4-190-CD cdr.00012331.0000000000000000.20260903.123254637.DAMSPNP4190_csv.zip published 2026-09-03T17:32:53Z rows 120 https://www.ercot.com/misdownload/servlets/mirDownload?doclookupId=1270120604
    ercot:NP4-190-CD cdr.00012331.0000000000000000.20260904.123241619.DAMSPNP4190_csv.zip published 2026-09-04T17:32:40Z rows 120 https://www.ercot.com/misdownload/servlets/mirDownload?doclookupId=1270519007
    ercot:NP4-190-CD cdr.00012331.0000000000000000.20260905.123239636.DAMSPNP4190_csv.zip published 2026-09-05T17:32:38Z rows 120 https://www.ercot.com/misdownload/servlets/mirDownload?doclookupId=1270910083
    ercot:NP4-190-CD cdr.00012331.0000000000000000.20260906.123242511.DAMSPNP4190_csv.zip published 2026-09-06T17:32:41Z rows 120 https://www.ercot.com/misdownload/servlets/mirDownload?doclookupId=1271299081
    ercot:NP4-190-CD cdr.00012331.0000000000000000.20260907.123253456.DAMSPNP4190_csv.zip published 2026-09-07T17:32:52Z rows 120 https://www.ercot.com/misdownload/servlets/mirDownload?doclookupId=1271688868
    ercot:NP4-190-CD cdr.00012331.0000000000000000.20260908.123316421.DAMSPNP4190_csv.zip published 2026-09-08T17:33:15Z rows 120 https://www.ercot.com/misdownload/servlets/mirDownload?doclookupId=1272093341
    ercot:NP4-190-CD cdr.00012331.0000000000000000.20260909.125740474.DAMSPNP4190_csv.zip published 2026-09-09T17:57:39Z rows 120 https://www.ercot.com/misdownload/servlets/mirDownload?doclookupId=1272509790
    ercot:NP4-190-CD cdr.00012331.0000000000000000.20260910.123327623.DAMSPNP4190_csv.zip published 2026-09-10T17:33:26Z rows 120 https://www.ercot.com/misdownload/servlets/mirDownload?doclookupId=1272916697
    ercot:NP4-190-CD cdr.00012331.0000000000000000.20260911.130911021.DAMSPNP4190_csv.zip published 2026-09-11T18:09:10Z rows 120 https://www.ercot.com/misdownload/servlets/mirDownload?doclookupId=1273328216
    ercot:NP4-190-CD cdr.00012331.0000000000000000.20260912.124126394.DAMSPNP4190_csv.zip published 2026-09-12T17:41:25Z rows 120 https://www.ercot.com/misdownload/servlets/mirDownload?doclookupId=1273705666
    ercot:NP4-190-CD cdr.00012331.0000000000000000.20260913.125722358.DAMSPNP4190_csv.zip published 2026-09-13T17:57:21Z rows 120 https://www.ercot.com/misdownload/servlets/mirDownload?doclookupId=1274092364
    ercot:NP4-190-CD cdr.00012331.0000000000000000.20260914.130112447.DAMSPNP4190_csv.zip published 2026-09-14T18:01:11Z rows 120 https://www.ercot.com/misdownload/servlets/mirDownload?doclookupId=1274489923
    ercot:NP4-190-CD cdr.00012331.0000000000000000.20260915.135015174.DAMSPNP4190_csv.zip published 2026-09-15T18:50:14Z rows 120 https://www.ercot.com/misdownload/servlets/mirDownload?doclookupId=1274910529
    ercot:NP4-190-CD cdr.00012331.0000000000000000.20260916.123607281.DAMSPNP4190_csv.zip published 2026-09-16T17:36:06Z rows 120 https://www.ercot.com/misdownload/servlets/mirDownload?doclookupId=1275287943
    ercot:NP4-190-CD cdr.00012331.0000000000000000.20260917.123345183.DAMSPNP4190_csv.zip published 2026-09-17T17:33:44Z rows 120 https://www.ercot.com/misdownload/servlets/mirDownload?doclookupId=1275678653
    ercot:NP4-190-CD cdr.00012331.0000000000000000.20260918.123253500.DAMSPNP4190_csv.zip published 2026-09-18T17:32:52Z rows 120 https://www.ercot.com/misdownload/servlets/mirDownload?doclookupId=1276076285
    ercot:NP4-190-CD cdr.00012331.0000000000000000.20260919.123508286.DAMSPNP4190_csv.zip published 2026-09-19T17:35:07Z rows 120 https://www.ercot.com/misdownload/servlets/mirDownload?doclookupId=1276470243
    ercot:NP4-190-CD cdr.00012331.0000000000000000.20260920.130058234.DAMSPNP4190_csv.zip published 2026-09-20T18:00:57Z rows 120 https://www.ercot.com/misdownload/servlets/mirDownload?doclookupId=1276864315
    ercot:NP4-190-CD cdr.00012331.0000000000000000.20260921.123245623.DAMSPNP4190_csv.zip published 2026-09-21T17:32:44Z rows 120 https://www.ercot.com/misdownload/servlets/mirDownload?doclookupId=1277258060
    ercot:NP4-190-CD cdr.00012331.0000000000000000.20260922.124551202.DAMSPNP4190_csv.zip published 2026-09-22T17:45:50Z rows 120 https://www.ercot.com/misdownload/servlets/mirDownload?doclookupId=1277674202
    ercot:NP4-190-CD cdr.00012331.0000000000000000.20260923.131622164.DAMSPNP4190_csv.zip published 2026-09-23T18:16:21Z rows 120 https://www.ercot.com/misdownload/servlets/mirDownload?doclookupId=1278079530
    ercot:NP4-190-CD cdr.00012331.0000000000000000.20260924.125125260.DAMSPNP4190_csv.zip published 2026-09-24T17:51:24Z rows 120 https://www.ercot.com/misdownload/servlets/mirDownload?doclookupId=1278479653
  ercot_dam_hub_prices.csv: rows=3720 range=2026-08-26T05:00:00Z..2026-09-26T04:00:00Z nodes=HB_BUSAVG,HB_HOUSTON,HB_NORTH,HB_SOUTH,HB_WEST min=2.36 max=158.93 USD/MWh
RTM: ERCOT NP6-785-ER via Ercot.get_rtm_spp(year), then NP6-905-CD via Ercot.get_spp(market=REAL_TIME_15_MIN)
  NP6-785-ER 2026: rpt.00013061.0000000000000000.20260920.080732945.RTMLZHBSPP_2026.zip, published 2026-09-20T13:07:30Z, hub rows 125740, last interval 2026-09-20T04:45:00Z
  NP6-905-CD: documents read 578, hub rows in window 2885
  cross-check vs gridstatus return: 2885 keys, 0 absent from return, 0 with a different value
  overlap NP6-785-ER vs NP6-905-CD: 485 keys, 0 differ by more than 0.005, max abs diff 0.0000. Archive values kept in the overlap.
  complete: 5 nodes x 2880 intervals
  source documents used: 481
    ercot:NP6-905-CD cdr.00012301.0000000000000000.20260920.001702181.SPPHLZNP6905_20260920_0015_csv.zip published 2026-09-20T05:17:01Z rows 5 https://www.ercot.com/misdownload/servlets/mirDownload?doclookupId=1276653459
    ercot:NP6-905-CD cdr.00012301.0000000000000000.20260920.003202438.SPPHLZNP6905_20260920_0030_csv.zip published 2026-09-20T05:32:01Z rows 5 https://www.ercot.com/misdownload/servlets/mirDownload?doclookupId=1276657312
    ercot:NP6-905-CD cdr.00012301.0000000000000000.20260920.004702209.SPPHLZNP6905_20260920_0045_csv.zip published 2026-09-20T05:47:01Z rows 5 https://www.ercot.com/misdownload/servlets/mirDownload?doclookupId=1276661666
    ercot:NP6-905-CD cdr.00012301.0000000000000000.20260920.010202275.SPPHLZNP6905_20260920_0100_csv.zip published 2026-09-20T06:02:02Z rows 5 https://www.ercot.com/misdownload/servlets/mirDownload?doclookupId=1276665702
    ercot:NP6-905-CD cdr.00012301.0000000000000000.20260920.011702248.SPPHLZNP6905_20260920_0115_csv.zip published 2026-09-20T06:17:02Z rows 5 https://www.ercot.com/misdownload/servlets/mirDownload?doclookupId=1276669072
    ercot:NP6-905-CD cdr.00012301.0000000000000000.20260920.013202380.SPPHLZNP6905_20260920_0130_csv.zip published 2026-09-20T06:32:01Z rows 5 https://www.ercot.com/misdownload/servlets/mirDownload?doclookupId=1276673113
    ercot:NP6-905-CD cdr.00012301.0000000000000000.20260920.014702495.SPPHLZNP6905_20260920_0145_csv.zip published 2026-09-20T06:47:02Z rows 5 https://www.ercot.com/misdownload/servlets/mirDownload?doclookupId=1276676718
    ercot:NP6-905-CD cdr.00012301.0000000000000000.20260920.020202391.SPPHLZNP6905_20260920_0200_csv.zip published 2026-09-20T07:02:02Z rows 5 https://www.ercot.com/misdownload/servlets/mirDownload?doclookupId=1276680555
    ercot:NP6-905-CD cdr.00012301.0000000000000000.20260920.021702234.SPPHLZNP6905_20260920_0215_csv.zip published 2026-09-20T07:17:01Z rows 5 https://www.ercot.com/misdownload/servlets/mirDownload?doclookupId=1276684182
    ercot:NP6-905-CD cdr.00012301.0000000000000000.20260920.023205595.SPPHLZNP6905_20260920_0230_csv.zip published 2026-09-20T07:32:05Z rows 5 https://www.ercot.com/misdownload/servlets/mirDownload?doclookupId=1276688061
    ercot:NP6-905-CD cdr.00012301.0000000000000000.20260920.024702260.SPPHLZNP6905_20260920_0245_csv.zip published 2026-09-20T07:47:02Z rows 5 https://www.ercot.com/misdownload/servlets/mirDownload?doclookupId=1276691637
    ercot:NP6-905-CD cdr.00012301.0000000000000000.20260920.030202451.SPPHLZNP6905_20260920_0300_csv.zip published 2026-09-20T08:02:01Z rows 5 https://www.ercot.com/misdownload/servlets/mirDownload?doclookupId=1276695474
    ercot:NP6-905-CD cdr.00012301.0000000000000000.20260920.031702263.SPPHLZNP6905_20260920_0315_csv.zip published 2026-09-20T08:17:02Z rows 5 https://www.ercot.com/misdownload/servlets/mirDownload?doclookupId=1276699131
    ercot:NP6-905-CD cdr.00012301.0000000000000000.20260920.033202284.SPPHLZNP6905_20260920_0330_csv.zip published 2026-09-20T08:32:02Z rows 5 https://www.ercot.com/misdownload/servlets/mirDownload?doclookupId=1276702891
    ercot:NP6-905-CD cdr.00012301.0000000000000000.20260920.034702198.SPPHLZNP6905_20260920_0345_csv.zip published 2026-09-20T08:47:01Z rows 5 https://www.ercot.com/misdownload/servlets/mirDownload?doclookupId=1276706468
    ercot:NP6-905-CD cdr.00012301.0000000000000000.20260920.040202322.SPPHLZNP6905_20260920_0400_csv.zip published 2026-09-20T09:02:01Z rows 5 https://www.ercot.com/misdownload/servlets/mirDownload?doclookupId=1276710514
    ercot:NP6-905-CD cdr.00012301.0000000000000000.20260920.041702265.SPPHLZNP6905_20260920_0415_csv.zip published 2026-09-20T09:17:01Z rows 5 https://www.ercot.com/misdownload/servlets/mirDownload?doclookupId=1276714158
    ercot:NP6-905-CD cdr.00012301.0000000000000000.20260920.043202141.SPPHLZNP6905_20260920_0430_csv.zip published 2026-09-20T09:32:01Z rows 5 https://www.ercot.com/misdownload/servlets/mirDownload?doclookupId=1276717715
    ercot:NP6-905-CD cdr.00012301.0000000000000000.20260920.044702285.SPPHLZNP6905_20260920_0445_csv.zip published 2026-09-20T09:47:01Z rows 5 https://www.ercot.com/misdownload/servlets/mirDownload?doclookupId=1276721533
    ercot:NP6-905-CD cdr.00012301.0000000000000000.20260920.050202288.SPPHLZNP6905_20260920_0500_csv.zip published 2026-09-20T10:02:02Z rows 5 https://www.ercot.com/misdownload/servlets/mirDownload?doclookupId=1276725335
    ercot:NP6-905-CD cdr.00012301.0000000000000000.20260920.051702036.SPPHLZNP6905_20260920_0515_csv.zip published 2026-09-20T10:17:01Z rows 5 https://www.ercot.com/misdownload/servlets/mirDownload?doclookupId=1276732156
    ercot:NP6-905-CD cdr.00012301.0000000000000000.20260920.053202319.SPPHLZNP6905_20260920_0530_csv.zip published 2026-09-20T10:32:02Z rows 5 https://www.ercot.com/misdownload/servlets/mirDownload?doclookupId=1276736127
    ercot:NP6-905-CD cdr.00012301.0000000000000000.20260920.054702239.SPPHLZNP6905_20260920_0545_csv.zip published 2026-09-20T10:47:02Z rows 5 https://www.ercot.com/misdownload/servlets/mirDownload?doclookupId=1276736366
    ercot:NP6-905-CD cdr.00012301.0000000000000000.20260920.060206071.SPPHLZNP6905_20260920_0600_csv.zip published 2026-09-20T11:02:04Z rows 5 https://www.ercot.com/misdownload/servlets/mirDownload?doclookupId=1276744544
    ercot:NP6-905-CD cdr.00012301.0000000000000000.20260920.061702331.SPPHLZNP6905_20260920_0615_csv.zip published 2026-09-20T11:17:02Z rows 5 https://www.ercot.com/misdownload/servlets/mirDownload?doclookupId=1276749763
    ercot:NP6-905-CD cdr.00012301.0000000000000000.20260920.063202572.SPPHLZNP6905_20260920_0630_csv.zip published 2026-09-20T11:32:01Z rows 5 https://www.ercot.com/misdownload/servlets/mirDownload?doclookupId=1276755239
    ercot:NP6-905-CD cdr.00012301.0000000000000000.20260920.064702385.SPPHLZNP6905_20260920_0645_csv.zip published 2026-09-20T11:47:01Z rows 5 https://www.ercot.com/misdownload/servlets/mirDownload?doclookupId=1276758780
    ercot:NP6-905-CD cdr.00012301.0000000000000000.20260920.070202439.SPPHLZNP6905_20260920_0700_csv.zip published 2026-09-20T12:02:02Z rows 5 https://www.ercot.com/misdownload/servlets/mirDownload?doclookupId=1276763221
    ercot:NP6-905-CD cdr.00012301.0000000000000000.20260920.071702195.SPPHLZNP6905_20260920_0715_csv.zip published 2026-09-20T12:17:01Z rows 5 https://www.ercot.com/misdownload/servlets/mirDownload?doclookupId=1276767161
    ercot:NP6-905-CD cdr.00012301.0000000000000000.20260920.073202267.SPPHLZNP6905_20260920_0730_csv.zip published 2026-09-20T12:32:01Z rows 5 https://www.ercot.com/misdownload/servlets/mirDownload?doclookupId=1276770823
    ercot:NP6-905-CD cdr.00012301.0000000000000000.20260920.074702229.SPPHLZNP6905_20260920_0745_csv.zip published 2026-09-20T12:47:01Z rows 5 https://www.ercot.com/misdownload/servlets/mirDownload?doclookupId=1276774672
    ercot:NP6-905-CD cdr.00012301.0000000000000000.20260920.080202269.SPPHLZNP6905_20260920_0800_csv.zip published 2026-09-20T13:02:01Z rows 5 https://www.ercot.com/misdownload/servlets/mirDownload?doclookupId=1276779114
    ercot:NP6-785-ER rpt.00013061.0000000000000000.20260920.080732945.RTMLZHBSPP_2026.zip published 2026-09-20T13:07:30Z rows 12000 https://www.ercot.com/misdownload/servlets/mirDownload?doclookupId=1276781176
    ercot:NP6-905-CD cdr.00012301.0000000000000000.20260920.081702173.SPPHLZNP6905_20260920_0815_csv.zip published 2026-09-20T13:17:01Z rows 5 https://www.ercot.com/misdownload/servlets/mirDownload?doclookupId=1276784028
    ercot:NP6-905-CD cdr.00012301.0000000000000000.20260920.083202563.SPPHLZNP6905_20260920_0830_csv.zip published 2026-09-20T13:32:02Z rows 5 https://www.ercot.com/misdownload/servlets/mirDownload?doclookupId=1276789017
    ercot:NP6-905-CD cdr.00012301.0000000000000000.20260920.084702252.SPPHLZNP6905_20260920_0845_csv.zip published 2026-09-20T13:47:01Z rows 5 https://www.ercot.com/misdownload/servlets/mirDownload?doclookupId=1276793910
    ercot:NP6-905-CD cdr.00012301.0000000000000000.20260920.090202204.SPPHLZNP6905_20260920_0900_csv.zip published 2026-09-20T14:02:01Z rows 5 https://www.ercot.com/misdownload/servlets/mirDownload?doclookupId=1276799219
    ercot:NP6-905-CD cdr.00012301.0000000000000000.20260920.091702295.SPPHLZNP6905_20260920_0915_csv.zip published 2026-09-20T14:17:01Z rows 5 https://www.ercot.com/misdownload/servlets/mirDownload?doclookupId=1276804591
    ercot:NP6-905-CD cdr.00012301.0000000000000000.20260920.093202250.SPPHLZNP6905_20260920_0930_csv.zip published 2026-09-20T14:32:02Z rows 5 https://www.ercot.com/misdownload/servlets/mirDownload?doclookupId=1276809433
    ercot:NP6-905-CD cdr.00012301.0000000000000000.20260920.094702216.SPPHLZNP6905_20260920_0945_csv.zip published 2026-09-20T14:47:01Z rows 5 https://www.ercot.com/misdownload/servlets/mirDownload?doclookupId=1276815324
    ercot:NP6-905-CD cdr.00012301.0000000000000000.20260920.100202438.SPPHLZNP6905_20260920_1000_csv.zip published 2026-09-20T15:02:02Z rows 5 https://www.ercot.com/misdownload/servlets/mirDownload?doclookupId=1276819278
    ercot:NP6-905-CD cdr.00012301.0000000000000000.20260920.101702248.SPPHLZNP6905_20260920_1015_csv.zip published 2026-09-20T15:17:01Z rows 5 https://www.ercot.com/misdownload/servlets/mirDownload?doclookupId=1276822786
    ercot:NP6-905-CD cdr.00012301.0000000000000000.20260920.103202296.SPPHLZNP6905_20260920_1030_csv.zip published 2026-09-20T15:32:01Z rows 5 https://www.ercot.com/misdownload/servlets/mirDownload?doclookupId=1276826757
    ercot:NP6-905-CD cdr.00012301.0000000000000000.20260920.104702179.SPPHLZNP6905_20260920_1045_csv.zip published 2026-09-20T15:47:01Z rows 5 https://www.ercot.com/misdownload/servlets/mirDownload?doclookupId=1276830290
    ercot:NP6-905-CD cdr.00012301.0000000000000000.20260920.110202195.SPPHLZNP6905_20260920_1100_csv.zip published 2026-09-20T16:02:01Z rows 5 https://www.ercot.com/misdownload/servlets/mirDownload?doclookupId=1276834449
    ercot:NP6-905-CD cdr.00012301.0000000000000000.20260920.111702248.SPPHLZNP6905_20260920_1115_csv.zip published 2026-09-20T16:17:01Z rows 5 https://www.ercot.com/misdownload/servlets/mirDownload?doclookupId=1276838099
    ercot:NP6-905-CD cdr.00012301.0000000000000000.20260920.113202343.SPPHLZNP6905_20260920_1130_csv.zip published 2026-09-20T16:32:01Z rows 5 https://www.ercot.com/misdownload/servlets/mirDownload?doclookupId=1276841760
    ercot:NP6-905-CD cdr.00012301.0000000000000000.20260920.114702070.SPPHLZNP6905_20260920_1145_csv.zip published 2026-09-20T16:47:01Z rows 5 https://www.ercot.com/misdownload/servlets/mirDownload?doclookupId=1276845431
    ercot:NP6-905-CD cdr.00012301.0000000000000000.20260920.120202432.SPPHLZNP6905_20260920_1200_csv.zip published 2026-09-20T17:02:01Z rows 5 https://www.ercot.com/misdownload/servlets/mirDownload?doclookupId=1276849114
    ercot:NP6-905-CD cdr.00012301.0000000000000000.20260920.121702666.SPPHLZNP6905_20260920_1215_csv.zip published 2026-09-20T17:17:01Z rows 5 https://www.ercot.com/misdownload/servlets/mirDownload?doclookupId=1276852923
    ercot:NP6-905-CD cdr.00012301.0000000000000000.20260920.123202538.SPPHLZNP6905_20260920_1230_csv.zip published 2026-09-20T17:32:02Z rows 5 https://www.ercot.com/misdownload/servlets/mirDownload?doclookupId=1276856677
    ercot:NP6-905-CD cdr.00012301.0000000000000000.20260920.124702305.SPPHLZNP6905_20260920_1245_csv.zip published 2026-09-20T17:47:02Z rows 5 https://www.ercot.com/misdownload/servlets/mirDownload?doclookupId=1276860426
    ercot:NP6-905-CD cdr.00012301.0000000000000000.20260920.130202721.SPPHLZNP6905_20260920_1300_csv.zip published 2026-09-20T18:02:02Z rows 5 https://www.ercot.com/misdownload/servlets/mirDownload?doclookupId=1276864500
    ercot:NP6-905-CD cdr.00012301.0000000000000000.20260920.131702304.SPPHLZNP6905_20260920_1315_csv.zip published 2026-09-20T18:17:01Z rows 5 https://www.ercot.com/misdownload/servlets/mirDownload?doclookupId=1276869072
    ercot:NP6-905-CD cdr.00012301.0000000000000000.20260920.133202568.SPPHLZNP6905_20260920_1330_csv.zip published 2026-09-20T18:32:01Z rows 5 https://www.ercot.com/misdownload/servlets/mirDownload?doclookupId=1276872765
    ercot:NP6-905-CD cdr.00012301.0000000000000000.20260920.134702349.SPPHLZNP6905_20260920_1345_csv.zip published 2026-09-20T18:47:01Z rows 5 https://www.ercot.com/misdownload/servlets/mirDownload?doclookupId=1276876348
    ercot:NP6-905-CD cdr.00012301.0000000000000000.20260920.140202642.SPPHLZNP6905_20260920_1400_csv.zip published 2026-09-20T19:02:01Z rows 5 https://www.ercot.com/misdownload/servlets/mirDownload?doclookupId=1276880422
    ercot:NP6-905-CD cdr.00012301.0000000000000000.20260920.141702266.SPPHLZNP6905_20260920_1415_csv.zip published 2026-09-20T19:17:01Z rows 5 https://www.ercot.com/misdownload/servlets/mirDownload?doclookupId=1276883946
    ercot:NP6-905-CD cdr.00012301.0000000000000000.20260920.143202381.SPPHLZNP6905_20260920_1430_csv.zip published 2026-09-20T19:32:01Z rows 5 https://www.ercot.com/misdownload/servlets/mirDownload?doclookupId=1276889975
    ercot:NP6-905-CD cdr.00012301.0000000000000000.20260920.144702274.SPPHLZNP6905_20260920_1445_csv.zip published 2026-09-20T19:47:01Z rows 5 https://www.ercot.com/misdownload/servlets/mirDownload?doclookupId=1276892462
    ercot:NP6-905-CD cdr.00012301.0000000000000000.20260920.150202365.SPPHLZNP6905_20260920_1500_csv.zip published 2026-09-20T20:02:01Z rows 5 https://www.ercot.com/misdownload/servlets/mirDownload?doclookupId=1276897988
    ercot:NP6-905-CD cdr.00012301.0000000000000000.20260920.151702278.SPPHLZNP6905_20260920_1515_csv.zip published 2026-09-20T20:17:01Z rows 5 https://www.ercot.com/misdownload/servlets/mirDownload?doclookupId=1276901688
    ercot:NP6-905-CD cdr.00012301.0000000000000000.20260920.153202285.SPPHLZNP6905_20260920_1530_csv.zip published 2026-09-20T20:32:02Z rows 5 https://www.ercot.com/misdownload/servlets/mirDownload?doclookupId=1276905373
    ercot:NP6-905-CD cdr.00012301.0000000000000000.20260920.154702275.SPPHLZNP6905_20260920_1545_csv.zip published 2026-09-20T20:47:02Z rows 5 https://www.ercot.com/misdownload/servlets/mirDownload?doclookupId=1276909270
    ercot:NP6-905-CD cdr.00012301.0000000000000000.20260920.160202341.SPPHLZNP6905_20260920_1600_csv.zip published 2026-09-20T21:02:01Z rows 5 https://www.ercot.com/misdownload/servlets/mirDownload?doclookupId=1276913193
    ercot:NP6-905-CD cdr.00012301.0000000000000000.20260920.161702194.SPPHLZNP6905_20260920_1615_csv.zip published 2026-09-20T21:17:01Z rows 5 https://www.ercot.com/misdownload/servlets/mirDownload?doclookupId=1276917065
    ercot:NP6-905-CD cdr.00012301.0000000000000000.20260920.163202330.SPPHLZNP6905_20260920_1630_csv.zip published 2026-09-20T21:32:01Z rows 5 https://www.ercot.com/misdownload/servlets/mirDownload?doclookupId=1276913403
    ercot:NP6-905-CD cdr.00012301.0000000000000000.20260920.164702185.SPPHLZNP6905_20260920_1645_csv.zip published 2026-09-20T21:47:01Z rows 5 https://www.ercot.com/misdownload/servlets/mirDownload?doclookupId=1276924231
    ercot:NP6-905-CD cdr.00012301.0000000000000000.20260920.170202252.SPPHLZNP6905_20260920_1700_csv.zip published 2026-09-20T22:02:01Z rows 5 https://www.ercot.com/misdownload/servlets/mirDownload?doclookupId=1276928541
    ercot:NP6-905-CD cdr.00012301.0000000000000000.20260920.171702328.SPPHLZNP6905_20260920_1715_csv.zip published 2026-09-20T22:17:02Z rows 5 https://www.ercot.com/misdownload/servlets/mirDownload?doclookupId=1276932195
    ercot:NP6-905-CD cdr.00012301.0000000000000000.20260920.173202172.SPPHLZNP6905_20260920_1730_csv.zip published 2026-09-20T22:32:01Z rows 5 https://www.ercot.com/misdownload/servlets/mirDownload?doclookupId=1276936199
    ercot:NP6-905-CD cdr.00012301.0000000000000000.20260920.174702143.SPPHLZNP6905_20260920_1745_csv.zip published 2026-09-20T22:47:01Z rows 5 https://www.ercot.com/misdownload/servlets/mirDownload?doclookupId=1276939936
    ercot:NP6-905-CD cdr.00012301.0000000000000000.20260920.180202444.SPPHLZNP6905_20260920_1800_csv.zip published 2026-09-20T23:02:02Z rows 5 https://www.ercot.com/misdownload/servlets/mirDownload?doclookupId=1276943894
    ercot:NP6-905-CD cdr.00012301.0000000000000000.20260920.181702333.SPPHLZNP6905_20260920_1815_csv.zip published 2026-09-20T23:17:02Z rows 5 https://www.ercot.com/misdownload/servlets/mirDownload?doclookupId=1276947698
    ercot:NP6-905-CD cdr.00012301.0000000000000000.20260920.183202378.SPPHLZNP6905_20260920_1830_csv.zip published 2026-09-20T23:32:01Z rows 5 https://www.ercot.com/misdownload/servlets/mirDownload?doclookupId=1276951553
    ercot:NP6-905-CD cdr.00012301.0000000000000000.20260920.184702180.SPPHLZNP6905_20260920_1845_csv.zip published 2026-09-20T23:47:01Z rows 5 https://www.ercot.com/misdownload/servlets/mirDownload?doclookupId=1276955195
    ercot:NP6-905-CD cdr.00012301.0000000000000000.20260920.190202411.SPPHLZNP6905_20260920_1900_csv.zip published 2026-09-21T00:02:01Z rows 5 https://www.ercot.com/misdownload/servlets/mirDownload?doclookupId=1276959484
    ercot:NP6-905-CD cdr.00012301.0000000000000000.20260920.191702352.SPPHLZNP6905_20260920_1915_csv.zip published 2026-09-21T00:17:01Z rows 5 https://www.ercot.com/misdownload/servlets/mirDownload?doclookupId=1276963772
    ercot:NP6-905-CD cdr.00012301.0000000000000000.20260920.193202354.SPPHLZNP6905_20260920_1930_csv.zip published 2026-09-21T00:32:02Z rows 5 https://www.ercot.com/misdownload/servlets/mirDownload?doclookupId=1276967604
    ercot:NP6-905-CD cdr.00012301.0000000000000000.20260920.194702241.SPPHLZNP6905_20260920_1945_csv.zip published 2026-09-21T00:47:01Z rows 5 https://www.ercot.com/misdownload/servlets/mirDownload?doclookupId=1276971164
    ercot:NP6-905-CD cdr.00012301.0000000000000000.20260920.200202496.SPPHLZNP6905_20260920_2000_csv.zip published 2026-09-21T01:02:01Z rows 5 https://www.ercot.com/misdownload/servlets/mirDownload?doclookupId=1276975325
    ercot:NP6-905-CD cdr.00012301.0000000000000000.20260920.201702239.SPPHLZNP6905_20260920_2015_csv.zip published 2026-09-21T01:17:01Z rows 5 https://www.ercot.com/misdownload/servlets/mirDownload?doclookupId=1276979133
    ercot:NP6-905-CD cdr.00012301.0000000000000000.20260920.203202256.SPPHLZNP6905_20260920_2030_csv.zip published 2026-09-21T01:32:01Z rows 5 https://www.ercot.com/misdownload/servlets/mirDownload?doclookupId=1276982912
    ercot:NP6-905-CD cdr.00012301.0000000000000000.20260920.204702223.SPPHLZNP6905_20260920_2045_csv.zip published 2026-09-21T01:47:02Z rows 5 https://www.ercot.com/misdownload/servlets/mirDownload?doclookupId=1276986462
    ercot:NP6-905-CD cdr.00012301.0000000000000000.20260920.210202336.SPPHLZNP6905_20260920_2100_csv.zip published 2026-09-21T02:02:01Z rows 5 https://www.ercot.com/misdownload/servlets/mirDownload?doclookupId=1276990662
    ercot:NP6-905-CD cdr.00012301.0000000000000000.20260920.211702154.SPPHLZNP6905_20260920_2115_csv.zip published 2026-09-21T02:17:02Z rows 5 https://www.ercot.com/misdownload/servlets/mirDownload?doclookupId=1276994302
    ercot:NP6-905-CD cdr.00012301.0000000000000000.20260920.213202246.SPPHLZNP6905_20260920_2130_csv.zip published 2026-09-21T02:32:02Z rows 5 https://www.ercot.com/misdownload/servlets/mirDownload?doclookupId=1276998122
    ercot:NP6-905-CD cdr.00012301.0000000000000000.20260920.214702209.SPPHLZNP6905_20260920_2145_csv.zip published 2026-09-21T02:47:02Z rows 5 https://www.ercot.com/misdownload/servlets/mirDownload?doclookupId=1277001643
    ercot:NP6-905-CD cdr.00012301.0000000000000000.20260920.220203599.SPPHLZNP6905_20260920_2200_csv.zip published 2026-09-21T03:02:02Z rows 5 https://www.ercot.com/misdownload/servlets/mirDownload?doclookupId=1277005947
    ercot:NP6-905-CD cdr.00012301.0000000000000000.20260920.221702287.SPPHLZNP6905_20260920_2215_csv.zip published 2026-09-21T03:17:01Z rows 5 https://www.ercot.com/misdownload/servlets/mirDownload?doclookupId=1277010741
    ercot:NP6-905-CD cdr.00012301.0000000000000000.20260920.223202345.SPPHLZNP6905_20260920_2230_csv.zip published 2026-09-21T03:32:02Z rows 5 https://www.ercot.com/misdownload/servlets/mirDownload?doclookupId=1277014637
    ercot:NP6-905-CD cdr.00012301.0000000000000000.20260920.224702145.SPPHLZNP6905_20260920_2245_csv.zip published 2026-09-21T03:47:01Z rows 5 https://www.ercot.com/misdownload/servlets/mirDownload?doclookupId=1277018302
    ercot:NP6-905-CD cdr.00012301.0000000000000000.20260920.230202255.SPPHLZNP6905_20260920_2300_csv.zip published 2026-09-21T04:02:02Z rows 5 https://www.ercot.com/misdownload/servlets/mirDownload?doclookupId=1277022194
    ercot:NP6-905-CD cdr.00012301.0000000000000000.20260920.231702278.SPPHLZNP6905_20260920_2315_csv.zip published 2026-09-21T04:17:01Z rows 5 https://www.ercot.com/misdownload/servlets/mirDownload?doclookupId=1277025945
    ercot:NP6-905-CD cdr.00012301.0000000000000000.20260920.233202181.SPPHLZNP6905_20260920_2330_csv.zip published 2026-09-21T04:32:01Z rows 5 https://www.ercot.com/misdownload/servlets/mirDownload?doclookupId=1277029084
    ercot:NP6-905-CD cdr.00012301.0000000000000000.20260920.234702253.SPPHLZNP6905_20260920_2345_csv.zip published 2026-09-21T04:47:01Z rows 5 https://www.ercot.com/misdownload/servlets/mirDownload?doclookupId=1277033365
    ercot:NP6-905-CD cdr.00012301.0000000000000000.20260921.000202206.SPPHLZNP6905_20260921_0000_csv.zip published 2026-09-21T05:02:01Z rows 5 https://www.ercot.com/misdownload/servlets/mirDownload?doclookupId=1277037420
    ercot:NP6-905-CD cdr.00012301.0000000000000000.20260921.001702229.SPPHLZNP6905_20260921_0015_csv.zip published 2026-09-21T05:17:01Z rows 5 https://www.ercot.com/misdownload/servlets/mirDownload?doclookupId=1277041506
    ercot:NP6-905-CD cdr.00012301.0000000000000000.20260921.003202189.SPPHLZNP6905_20260921_0030_csv.zip published 2026-09-21T05:32:02Z rows 5 https://www.ercot.com/misdownload/servlets/mirDownload?doclookupId=1277045046
    ercot:NP6-905-CD cdr.00012301.0000000000000000.20260921.004702224.SPPHLZNP6905_20260921_0045_csv.zip published 2026-09-21T05:47:01Z rows 5 https://www.ercot.com/misdownload/servlets/mirDownload?doclookupId=1277049545
    ercot:NP6-905-CD cdr.00012301.0000000000000000.20260921.010202266.SPPHLZNP6905_20260921_0100_csv.zip published 2026-09-21T06:02:02Z rows 5 https://www.ercot.com/misdownload/servlets/mirDownload?doclookupId=1277053637
    ercot:NP6-905-CD cdr.00012301.0000000000000000.20260921.011702388.SPPHLZNP6905_20260921_0115_csv.zip published 2026-09-21T06:17:02Z rows 5 https://www.ercot.com/misdownload/servlets/mirDownload?doclookupId=1277057810
    ercot:NP6-905-CD cdr.00012301.0000000000000000.20260921.013202467.SPPHLZNP6905_20260921_0130_csv.zip published 2026-09-21T06:32:02Z rows 5 https://www.ercot.com/misdownload/servlets/mirDownload?doclookupId=1277061472
    ercot:NP6-905-CD cdr.00012301.0000000000000000.20260921.014702195.SPPHLZNP6905_20260921_0145_csv.zip published 2026-09-21T06:47:02Z rows 5 https://www.ercot.com/misdownload/servlets/mirDownload?doclookupId=1277065069
    ercot:NP6-905-CD cdr.00012301.0000000000000000.20260921.020202318.SPPHLZNP6905_20260921_0200_csv.zip published 2026-09-21T07:02:02Z rows 5 https://www.ercot.com/misdownload/servlets/mirDownload?doclookupId=1277068900
    ercot:NP6-905-CD cdr.00012301.0000000000000000.20260921.021702345.SPPHLZNP6905_20260921_0215_csv.zip published 2026-09-21T07:17:02Z rows 5 https://www.ercot.com/misdownload/servlets/mirDownload?doclookupId=1277072903
    ercot:NP6-905-CD cdr.00012301.0000000000000000.20260921.023202384.SPPHLZNP6905_20260921_0230_csv.zip published 2026-09-21T07:32:02Z rows 5 https://www.ercot.com/misdownload/servlets/mirDownload?doclookupId=1277076567
    ercot:NP6-905-CD cdr.00012301.0000000000000000.20260921.024702351.SPPHLZNP6905_20260921_0245_csv.zip published 2026-09-21T07:47:02Z rows 5 https://www.ercot.com/misdownload/servlets/mirDownload?doclookupId=1277080167
    ercot:NP6-905-CD cdr.00012301.0000000000000000.20260921.030202289.SPPHLZNP6905_20260921_0300_csv.zip published 2026-09-21T08:02:02Z rows 5 https://www.ercot.com/misdownload/servlets/mirDownload?doclookupId=1277084034
    ercot:NP6-905-CD cdr.00012301.0000000000000000.20260921.031702233.SPPHLZNP6905_20260921_0315_csv.zip published 2026-09-21T08:17:02Z rows 5 https://www.ercot.com/misdownload/servlets/mirDownload?doclookupId=1277088165
    ercot:NP6-905-CD cdr.00012301.0000000000000000.20260921.033202257.SPPHLZNP6905_20260921_0330_csv.zip published 2026-09-21T08:32:01Z rows 5 https://www.ercot.com/misdownload/servlets/mirDownload?doclookupId=1277092036
    ercot:NP6-905-CD cdr.00012301.0000000000000000.20260921.034702257.SPPHLZNP6905_20260921_0345_csv.zip published 2026-09-21T08:47:02Z rows 5 https://www.ercot.com/misdownload/servlets/mirDownload?doclookupId=1277095537
    ercot:NP6-905-CD cdr.00012301.0000000000000000.20260921.040202309.SPPHLZNP6905_20260921_0400_csv.zip published 2026-09-21T09:02:01Z rows 5 https://www.ercot.com/misdownload/servlets/mirDownload?doclookupId=1277099237
    ercot:NP6-905-CD cdr.00012301.0000000000000000.20260921.041702172.SPPHLZNP6905_20260921_0415_csv.zip published 2026-09-21T09:17:02Z rows 5 https://www.ercot.com/misdownload/servlets/mirDownload?doclookupId=1277103556
    ercot:NP6-905-CD cdr.00012301.0000000000000000.20260921.043202157.SPPHLZNP6905_20260921_0430_csv.zip published 2026-09-21T09:32:01Z rows 5 https://www.ercot.com/misdownload/servlets/mirDownload?doclookupId=1277107261
    ercot:NP6-905-CD cdr.00012301.0000000000000000.20260921.044702056.SPPHLZNP6905_20260921_0445_csv.zip published 2026-09-21T09:47:01Z rows 5 https://www.ercot.com/misdownload/servlets/mirDownload?doclookupId=1277110862
    ercot:NP6-905-CD cdr.00012301.0000000000000000.20260921.050202249.SPPHLZNP6905_20260921_0500_csv.zip published 2026-09-21T10:02:02Z rows 5 https://www.ercot.com/misdownload/servlets/mirDownload?doclookupId=1277114822
    ercot:NP6-905-CD cdr.00012301.0000000000000000.20260921.051702445.SPPHLZNP6905_20260921_0515_csv.zip published 2026-09-21T10:17:01Z rows 5 https://www.ercot.com/misdownload/servlets/mirDownload?doclookupId=1277122026
    ercot:NP6-905-CD cdr.00012301.0000000000000000.20260921.053202440.SPPHLZNP6905_20260921_0530_csv.zip published 2026-09-21T10:32:01Z rows 5 https://www.ercot.com/misdownload/servlets/mirDownload?doclookupId=1277125882
    ercot:NP6-905-CD cdr.00012301.0000000000000000.20260921.054702183.SPPHLZNP6905_20260921_0545_csv.zip published 2026-09-21T10:47:01Z rows 5 https://www.ercot.com/misdownload/servlets/mirDownload?doclookupId=1277129575
    ercot:NP6-905-CD cdr.00012301.0000000000000000.20260921.060202132.SPPHLZNP6905_20260921_0600_csv.zip published 2026-09-21T11:02:01Z rows 5 https://www.ercot.com/misdownload/servlets/mirDownload?doclookupId=1277135314
    ercot:NP6-905-CD cdr.00012301.0000000000000000.20260921.061702275.SPPHLZNP6905_20260921_0615_csv.zip published 2026-09-21T11:17:01Z rows 5 https://www.ercot.com/misdownload/servlets/mirDownload?doclookupId=1277140053
    ercot:NP6-905-CD cdr.00012301.0000000000000000.20260921.063202360.SPPHLZNP6905_20260921_0630_csv.zip published 2026-09-21T11:32:02Z rows 5 https://www.ercot.com/misdownload/servlets/mirDownload?doclookupId=1277146360
    ercot:NP6-905-CD cdr.00012301.0000000000000000.20260921.064702291.SPPHLZNP6905_20260921_0645_csv.zip published 2026-09-21T11:47:01Z rows 5 https://www.ercot.com/misdownload/servlets/mirDownload?doclookupId=1277149642
    ercot:NP6-905-CD cdr.00012301.0000000000000000.20260921.070202562.SPPHLZNP6905_20260921_0700_csv.zip published 2026-09-21T12:02:01Z rows 5 https://www.ercot.com/misdownload/servlets/mirDownload?doclookupId=1277153948
    ercot:NP6-905-CD cdr.00012301.0000000000000000.20260921.071702151.SPPHLZNP6905_20260921_0715_csv.zip published 2026-09-21T12:17:01Z rows 5 https://www.ercot.com/misdownload/servlets/mirDownload?doclookupId=1277158059
    ercot:NP6-905-CD cdr.00012301.0000000000000000.20260921.073202258.SPPHLZNP6905_20260921_0730_csv.zip published 2026-09-21T12:32:02Z rows 5 https://www.ercot.com/misdownload/servlets/mirDownload?doclookupId=1277161705
    ercot:NP6-905-CD cdr.00012301.0000000000000000.20260921.074702352.SPPHLZNP6905_20260921_0745_csv.zip published 2026-09-21T12:47:02Z rows 5 https://www.ercot.com/misdownload/servlets/mirDownload?doclookupId=1277165690
    ercot:NP6-905-CD cdr.00012301.0000000000000000.20260921.080202228.SPPHLZNP6905_20260921_0800_csv.zip published 2026-09-21T13:02:01Z rows 5 https://www.ercot.com/misdownload/servlets/mirDownload?doclookupId=1277170469
    ercot:NP6-905-CD cdr.00012301.0000000000000000.20260921.081702318.SPPHLZNP6905_20260921_0815_csv.zip published 2026-09-21T13:17:02Z rows 5 https://www.ercot.com/misdownload/servlets/mirDownload?doclookupId=1277169428
    ercot:NP6-905-CD cdr.00012301.0000000000000000.20260921.083202210.SPPHLZNP6905_20260921_0830_csv.zip published 2026-09-21T13:32:01Z rows 5 https://www.ercot.com/misdownload/servlets/mirDownload?doclookupId=1277180850
    ercot:NP6-905-CD cdr.00012301.0000000000000000.20260921.084702221.SPPHLZNP6905_20260921_0845_csv.zip published 2026-09-21T13:47:01Z rows 5 https://www.ercot.com/misdownload/servlets/mirDownload?doclookupId=1277185407
    ercot:NP6-905-CD cdr.00012301.0000000000000000.20260921.090202226.SPPHLZNP6905_20260921_0900_csv.zip published 2026-09-21T14:02:01Z rows 5 https://www.ercot.com/misdownload/servlets/mirDownload?doclookupId=1277191027
    ercot:NP6-905-CD cdr.00012301.0000000000000000.20260921.091702530.SPPHLZNP6905_20260921_0915_csv.zip published 2026-09-21T14:17:02Z rows 5 https://www.ercot.com/misdownload/servlets/mirDownload?doclookupId=1277196658
    ercot:NP6-905-CD cdr.00012301.0000000000000000.20260921.093202255.SPPHLZNP6905_20260921_0930_csv.zip published 2026-09-21T14:32:01Z rows 5 https://www.ercot.com/misdownload/servlets/mirDownload?doclookupId=1277202153
    ercot:NP6-905-CD cdr.00012301.0000000000000000.20260921.094702066.SPPHLZNP6905_20260921_0945_csv.zip published 2026-09-21T14:47:01Z rows 5 https://www.ercot.com/misdownload/servlets/mirDownload?doclookupId=1277207556
    ercot:NP6-905-CD cdr.00012301.0000000000000000.20260921.100202320.SPPHLZNP6905_20260921_1000_csv.zip published 2026-09-21T15:02:02Z rows 5 https://www.ercot.com/misdownload/servlets/mirDownload?doclookupId=1277213461
    ercot:NP6-905-CD cdr.00012301.0000000000000000.20260921.101702396.SPPHLZNP6905_20260921_1015_csv.zip published 2026-09-21T15:17:02Z rows 5 https://www.ercot.com/misdownload/servlets/mirDownload?doclookupId=1277219010
    ercot:NP6-905-CD cdr.00012301.0000000000000000.20260921.103202255.SPPHLZNP6905_20260921_1030_csv.zip published 2026-09-21T15:32:01Z rows 5 https://www.ercot.com/misdownload/servlets/mirDownload?doclookupId=1277225145
    ercot:NP6-905-CD cdr.00012301.0000000000000000.20260921.104702171.SPPHLZNP6905_20260921_1045_csv.zip published 2026-09-21T15:47:01Z rows 5 https://www.ercot.com/misdownload/servlets/mirDownload?doclookupId=1277229174
    ercot:NP6-905-CD cdr.00012301.0000000000000000.20260921.110202592.SPPHLZNP6905_20260921_1100_csv.zip published 2026-09-21T16:02:01Z rows 5 https://www.ercot.com/misdownload/servlets/mirDownload?doclookupId=1277233740
    ercot:NP6-905-CD cdr.00012301.0000000000000000.20260921.111702340.SPPHLZNP6905_20260921_1115_csv.zip published 2026-09-21T16:17:02Z rows 5 https://www.ercot.com/misdownload/servlets/mirDownload?doclookupId=1277237792
    ercot:NP6-905-CD cdr.00012301.0000000000000000.20260921.113202395.SPPHLZNP6905_20260921_1130_csv.zip published 2026-09-21T16:32:01Z rows 5 https://www.ercot.com/misdownload/servlets/mirDownload?doclookupId=1277241463
    ercot:NP6-905-CD cdr.00012301.0000000000000000.20260921.114702345.SPPHLZNP6905_20260921_1145_csv.zip published 2026-09-21T16:47:02Z rows 5 https://www.ercot.com/misdownload/servlets/mirDownload?doclookupId=1277244666
    ercot:NP6-905-CD cdr.00012301.0000000000000000.20260921.120202351.SPPHLZNP6905_20260921_1200_csv.zip published 2026-09-21T17:02:01Z rows 5 https://www.ercot.com/misdownload/servlets/mirDownload?doclookupId=1277250430
    ercot:NP6-905-CD cdr.00012301.0000000000000000.20260921.121702328.SPPHLZNP6905_20260921_1215_csv.zip published 2026-09-21T17:17:01Z rows 5 https://www.ercot.com/misdownload/servlets/mirDownload?doclookupId=1277254333
    ercot:NP6-905-CD cdr.00012301.0000000000000000.20260921.123202474.SPPHLZNP6905_20260921_1230_csv.zip published 2026-09-21T17:32:01Z rows 5 https://www.ercot.com/misdownload/servlets/mirDownload?doclookupId=1277257999
    ercot:NP6-905-CD cdr.00012301.0000000000000000.20260921.124702101.SPPHLZNP6905_20260921_1245_csv.zip published 2026-09-21T17:47:01Z rows 5 https://www.ercot.com/misdownload/servlets/mirDownload?doclookupId=1277262697
    ercot:NP6-905-CD cdr.00012301.0000000000000000.20260921.130202340.SPPHLZNP6905_20260921_1300_csv.zip published 2026-09-21T18:02:01Z rows 5 https://www.ercot.com/misdownload/servlets/mirDownload?doclookupId=1277266796
    ercot:NP6-905-CD cdr.00012301.0000000000000000.20260921.131702309.SPPHLZNP6905_20260921_1315_csv.zip published 2026-09-21T18:17:01Z rows 5 https://www.ercot.com/misdownload/servlets/mirDownload?doclookupId=1277270540
    ercot:NP6-905-CD cdr.00012301.0000000000000000.20260921.133202376.SPPHLZNP6905_20260921_1330_csv.zip published 2026-09-21T18:32:01Z rows 5 https://www.ercot.com/misdownload/servlets/mirDownload?doclookupId=1277274323
    ercot:NP6-905-CD cdr.00012301.0000000000000000.20260921.134702164.SPPHLZNP6905_20260921_1345_csv.zip published 2026-09-21T18:47:01Z rows 5 https://www.ercot.com/misdownload/servlets/mirDownload?doclookupId=1277277927
    ercot:NP6-905-CD cdr.00012301.0000000000000000.20260921.140202348.SPPHLZNP6905_20260921_1400_csv.zip published 2026-09-21T19:02:01Z rows 5 https://www.ercot.com/misdownload/servlets/mirDownload?doclookupId=1277281845
    ercot:NP6-905-CD cdr.00012301.0000000000000000.20260921.141702276.SPPHLZNP6905_20260921_1415_csv.zip published 2026-09-21T19:17:02Z rows 5 https://www.ercot.com/misdownload/servlets/mirDownload?doclookupId=1277285680
    ercot:NP6-905-CD cdr.00012301.0000000000000000.20260921.143202331.SPPHLZNP6905_20260921_1430_csv.zip published 2026-09-21T19:32:01Z rows 5 https://www.ercot.com/misdownload/servlets/mirDownload?doclookupId=1277291718
    ercot:NP6-905-CD cdr.00012301.0000000000000000.20260921.144702202.SPPHLZNP6905_20260921_1445_csv.zip published 2026-09-21T19:47:01Z rows 5 https://www.ercot.com/misdownload/servlets/mirDownload?doclookupId=1277295315
    ercot:NP6-905-CD cdr.00012301.0000000000000000.20260921.150202270.SPPHLZNP6905_20260921_1500_csv.zip published 2026-09-21T20:02:01Z rows 5 https://www.ercot.com/misdownload/servlets/mirDownload?doclookupId=1277299409
    ercot:NP6-905-CD cdr.00012301.0000000000000000.20260921.151702400.SPPHLZNP6905_20260921_1515_csv.zip published 2026-09-21T20:17:01Z rows 5 https://www.ercot.com/misdownload/servlets/mirDownload?doclookupId=1277304116
    ercot:NP6-905-CD cdr.00012301.0000000000000000.20260921.153202388.SPPHLZNP6905_20260921_1530_csv.zip published 2026-09-21T20:32:02Z rows 5 https://www.ercot.com/misdownload/servlets/mirDownload?doclookupId=1277307836
    ercot:NP6-905-CD cdr.00012301.0000000000000000.20260921.154702213.SPPHLZNP6905_20260921_1545_csv.zip published 2026-09-21T20:47:01Z rows 5 https://www.ercot.com/misdownload/servlets/mirDownload?doclookupId=1277314245
    ercot:NP6-905-CD cdr.00012301.0000000000000000.20260921.160202307.SPPHLZNP6905_20260921_1600_csv.zip published 2026-09-21T21:02:01Z rows 5 https://www.ercot.com/misdownload/servlets/mirDownload?doclookupId=1277318675
    ercot:NP6-905-CD cdr.00012301.0000000000000000.20260921.161702232.SPPHLZNP6905_20260921_1615_csv.zip published 2026-09-21T21:17:02Z rows 5 https://www.ercot.com/misdownload/servlets/mirDownload?doclookupId=1277322123
    ercot:NP6-905-CD cdr.00012301.0000000000000000.20260921.163202203.SPPHLZNP6905_20260921_1630_csv.zip published 2026-09-21T21:32:01Z rows 5 https://www.ercot.com/misdownload/servlets/mirDownload?doclookupId=1277326066
    ercot:NP6-905-CD cdr.00012301.0000000000000000.20260921.164702280.SPPHLZNP6905_20260921_1645_csv.zip published 2026-09-21T21:47:01Z rows 5 https://www.ercot.com/misdownload/servlets/mirDownload?doclookupId=1277329918
    ercot:NP6-905-CD cdr.00012301.0000000000000000.20260921.170202183.SPPHLZNP6905_20260921_1700_csv.zip published 2026-09-21T22:02:01Z rows 5 https://www.ercot.com/misdownload/servlets/mirDownload?doclookupId=1277334131
    ercot:NP6-905-CD cdr.00012301.0000000000000000.20260921.171702322.SPPHLZNP6905_20260921_1715_csv.zip published 2026-09-21T22:17:01Z rows 5 https://www.ercot.com/misdownload/servlets/mirDownload?doclookupId=1277337896
    ercot:NP6-905-CD cdr.00012301.0000000000000000.20260921.173202433.SPPHLZNP6905_20260921_1730_csv.zip published 2026-09-21T22:32:01Z rows 5 https://www.ercot.com/misdownload/servlets/mirDownload?doclookupId=1277341953
    ercot:NP6-905-CD cdr.00012301.0000000000000000.20260921.174701986.SPPHLZNP6905_20260921_1745_csv.zip published 2026-09-21T22:47:01Z rows 5 https://www.ercot.com/misdownload/servlets/mirDownload?doclookupId=1277345631
    ercot:NP6-905-CD cdr.00012301.0000000000000000.20260921.180202531.SPPHLZNP6905_20260921_1800_csv.zip published 2026-09-21T23:02:02Z rows 5 https://www.ercot.com/misdownload/servlets/mirDownload?doclookupId=1277349422
    ercot:NP6-905-CD cdr.00012301.0000000000000000.20260921.181702337.SPPHLZNP6905_20260921_1815_csv.zip published 2026-09-21T23:17:01Z rows 5 https://www.ercot.com/misdownload/servlets/mirDownload?doclookupId=1277353185
    ercot:NP6-905-CD cdr.00012301.0000000000000000.20260921.183202346.SPPHLZNP6905_20260921_1830_csv.zip published 2026-09-21T23:32:01Z rows 5 https://www.ercot.com/misdownload/servlets/mirDownload?doclookupId=1277358218
    ercot:NP6-905-CD cdr.00012301.0000000000000000.20260921.184702018.SPPHLZNP6905_20260921_1845_csv.zip published 2026-09-21T23:47:01Z rows 5 https://www.ercot.com/misdownload/servlets/mirDownload?doclookupId=1277358047
    ercot:NP6-905-CD cdr.00012301.0000000000000000.20260921.190202398.SPPHLZNP6905_20260921_1900_csv.zip published 2026-09-22T00:02:01Z rows 5 https://www.ercot.com/misdownload/servlets/mirDownload?doclookupId=1277366962
    ercot:NP6-905-CD cdr.00012301.0000000000000000.20260921.191702208.SPPHLZNP6905_20260921_1915_csv.zip published 2026-09-22T00:17:01Z rows 5 https://www.ercot.com/misdownload/servlets/mirDownload?doclookupId=1277371220
    ercot:NP6-905-CD cdr.00012301.0000000000000000.20260921.193202270.SPPHLZNP6905_20260921_1930_csv.zip published 2026-09-22T00:32:02Z rows 5 https://www.ercot.com/misdownload/servlets/mirDownload?doclookupId=1277375147
    ercot:NP6-905-CD cdr.00012301.0000000000000000.20260921.194702204.SPPHLZNP6905_20260921_1945_csv.zip published 2026-09-22T00:47:01Z rows 5 https://www.ercot.com/misdownload/servlets/mirDownload?doclookupId=1277378969
    ercot:NP6-905-CD cdr.00012301.0000000000000000.20260921.200202512.SPPHLZNP6905_20260921_2000_csv.zip published 2026-09-22T01:02:01Z rows 5 https://www.ercot.com/misdownload/servlets/mirDownload?doclookupId=1277383038
    ercot:NP6-905-CD cdr.00012301.0000000000000000.20260921.201702385.SPPHLZNP6905_20260921_2015_csv.zip published 2026-09-22T01:17:01Z rows 5 https://www.ercot.com/misdownload/servlets/mirDownload?doclookupId=1277386887
    ercot:NP6-905-CD cdr.00012301.0000000000000000.20260921.203202359.SPPHLZNP6905_20260921_2030_csv.zip published 2026-09-22T01:32:01Z rows 5 https://www.ercot.com/misdownload/servlets/mirDownload?doclookupId=1277390765
    ercot:NP6-905-CD cdr.00012301.0000000000000000.20260921.204702170.SPPHLZNP6905_20260921_2045_csv.zip published 2026-09-22T01:47:01Z rows 5 https://www.ercot.com/misdownload/servlets/mirDownload?doclookupId=1277394426
    ercot:NP6-905-CD cdr.00012301.0000000000000000.20260921.210202583.SPPHLZNP6905_20260921_2100_csv.zip published 2026-09-22T02:02:01Z rows 5 https://www.ercot.com/misdownload/servlets/mirDownload?doclookupId=1277400904
    ercot:NP6-905-CD cdr.00012301.0000000000000000.20260921.211702252.SPPHLZNP6905_20260921_2115_csv.zip published 2026-09-22T02:17:01Z rows 5 https://www.ercot.com/misdownload/servlets/mirDownload?doclookupId=1277404800
    ercot:NP6-905-CD cdr.00012301.0000000000000000.20260921.213202374.SPPHLZNP6905_20260921_2130_csv.zip published 2026-09-22T02:32:02Z rows 5 https://www.ercot.com/misdownload/servlets/mirDownload?doclookupId=1277408616
    ercot:NP6-905-CD cdr.00012301.0000000000000000.20260921.214702208.SPPHLZNP6905_20260921_2145_csv.zip published 2026-09-22T02:47:01Z rows 5 https://www.ercot.com/misdownload/servlets/mirDownload?doclookupId=1277412345
    ercot:NP6-905-CD cdr.00012301.0000000000000000.20260921.220203303.SPPHLZNP6905_20260921_2200_csv.zip published 2026-09-22T03:02:01Z rows 5 https://www.ercot.com/misdownload/servlets/mirDownload?doclookupId=1277415934
    ercot:NP6-905-CD cdr.00012301.0000000000000000.20260921.221703624.SPPHLZNP6905_20260921_2215_csv.zip published 2026-09-22T03:17:03Z rows 5 https://www.ercot.com/misdownload/servlets/mirDownload?doclookupId=1277420082
    ercot:NP6-905-CD cdr.00012301.0000000000000000.20260921.223202084.SPPHLZNP6905_20260921_2230_csv.zip published 2026-09-22T03:32:01Z rows 5 https://www.ercot.com/misdownload/servlets/mirDownload?doclookupId=1277426008
    ercot:NP6-905-CD cdr.00012301.0000000000000000.20260921.224702347.SPPHLZNP6905_20260921_2245_csv.zip published 2026-09-22T03:47:01Z rows 5 https://www.ercot.com/misdownload/servlets/mirDownload?doclookupId=1277430717
    ercot:NP6-905-CD cdr.00012301.0000000000000000.20260921.230202554.SPPHLZNP6905_20260921_2300_csv.zip published 2026-09-22T04:02:01Z rows 5 https://www.ercot.com/misdownload/servlets/mirDownload?doclookupId=1277434892
    ercot:NP6-905-CD cdr.00012301.0000000000000000.20260921.231702106.SPPHLZNP6905_20260921_2315_csv.zip published 2026-09-22T04:17:01Z rows 5 https://www.ercot.com/misdownload/servlets/mirDownload?doclookupId=1277438659
    ercot:NP6-905-CD cdr.00012301.0000000000000000.20260921.233202258.SPPHLZNP6905_20260921_2330_csv.zip published 2026-09-22T04:32:01Z rows 5 https://www.ercot.com/misdownload/servlets/mirDownload?doclookupId=1277442489
    ercot:NP6-905-CD cdr.00012301.0000000000000000.20260921.234702248.SPPHLZNP6905_20260921_2345_csv.zip published 2026-09-22T04:47:01Z rows 5 https://www.ercot.com/misdownload/servlets/mirDownload?doclookupId=1277442276
    ercot:NP6-905-CD cdr.00012301.0000000000000000.20260922.000202486.SPPHLZNP6905_20260922_0000_csv.zip published 2026-09-22T05:02:01Z rows 5 https://www.ercot.com/misdownload/servlets/mirDownload?doclookupId=1277451861
    ercot:NP6-905-CD cdr.00012301.0000000000000000.20260922.001702318.SPPHLZNP6905_20260922_0015_csv.zip published 2026-09-22T05:17:01Z rows 5 https://www.ercot.com/misdownload/servlets/mirDownload?doclookupId=1277455744
    ercot:NP6-905-CD cdr.00012301.0000000000000000.20260922.003202114.SPPHLZNP6905_20260922_0030_csv.zip published 2026-09-22T05:32:01Z rows 5 https://www.ercot.com/misdownload/servlets/mirDownload?doclookupId=1277459479
    ercot:NP6-905-CD cdr.00012301.0000000000000000.20260922.004702288.SPPHLZNP6905_20260922_0045_csv.zip published 2026-09-22T05:47:01Z rows 5 https://www.ercot.com/misdownload/servlets/mirDownload?doclookupId=1277463121
    ercot:NP6-905-CD cdr.00012301.0000000000000000.20260922.010202300.SPPHLZNP6905_20260922_0100_csv.zip published 2026-09-22T06:02:01Z rows 5 https://www.ercot.com/misdownload/servlets/mirDownload?doclookupId=1277467992
    ercot:NP6-905-CD cdr.00012301.0000000000000000.20260922.011702345.SPPHLZNP6905_20260922_0115_csv.zip published 2026-09-22T06:17:02Z rows 5 https://www.ercot.com/misdownload/servlets/mirDownload?doclookupId=1277471949
    ercot:NP6-905-CD cdr.00012301.0000000000000000.20260922.013202916.SPPHLZNP6905_20260922_0130_csv.zip published 2026-09-22T06:32:02Z rows 5 https://www.ercot.com/misdownload/servlets/mirDownload?doclookupId=1277475748
    ercot:NP6-905-CD cdr.00012301.0000000000000000.20260922.014702275.SPPHLZNP6905_20260922_0145_csv.zip published 2026-09-22T06:47:02Z rows 5 https://www.ercot.com/misdownload/servlets/mirDownload?doclookupId=1277479272
    ercot:NP6-905-CD cdr.00012301.0000000000000000.20260922.020202346.SPPHLZNP6905_20260922_0200_csv.zip published 2026-09-22T07:02:02Z rows 5 https://www.ercot.com/misdownload/servlets/mirDownload?doclookupId=1277483436
    ercot:NP6-905-CD cdr.00012301.0000000000000000.20260922.021702420.SPPHLZNP6905_20260922_0215_csv.zip published 2026-09-22T07:17:02Z rows 5 https://www.ercot.com/misdownload/servlets/mirDownload?doclookupId=1277487246
    ercot:NP6-905-CD cdr.00012301.0000000000000000.20260922.023206117.SPPHLZNP6905_20260922_0230_csv.zip published 2026-09-22T07:32:05Z rows 5 https://www.ercot.com/misdownload/servlets/mirDownload?doclookupId=1277490835
    ercot:NP6-905-CD cdr.00012301.0000000000000000.20260922.024702201.SPPHLZNP6905_20260922_0245_csv.zip published 2026-09-22T07:47:02Z rows 5 https://www.ercot.com/misdownload/servlets/mirDownload?doclookupId=1277494873
    ercot:NP6-905-CD cdr.00012301.0000000000000000.20260922.030202258.SPPHLZNP6905_20260922_0300_csv.zip published 2026-09-22T08:02:01Z rows 5 https://www.ercot.com/misdownload/servlets/mirDownload?doclookupId=1277498824
    ercot:NP6-905-CD cdr.00012301.0000000000000000.20260922.031702288.SPPHLZNP6905_20260922_0315_csv.zip published 2026-09-22T08:17:02Z rows 5 https://www.ercot.com/misdownload/servlets/mirDownload?doclookupId=1277502734
    ercot:NP6-905-CD cdr.00012301.0000000000000000.20260922.033202267.SPPHLZNP6905_20260922_0330_csv.zip published 2026-09-22T08:32:02Z rows 5 https://www.ercot.com/misdownload/servlets/mirDownload?doclookupId=1277506466
    ercot:NP6-905-CD cdr.00012301.0000000000000000.20260922.034702156.SPPHLZNP6905_20260922_0345_csv.zip published 2026-09-22T08:47:01Z rows 5 https://www.ercot.com/misdownload/servlets/mirDownload?doclookupId=1277510195
    ercot:NP6-905-CD cdr.00012301.0000000000000000.20260922.040204411.SPPHLZNP6905_20260922_0400_csv.zip published 2026-09-22T09:02:04Z rows 5 https://www.ercot.com/misdownload/servlets/mirDownload?doclookupId=1277514183
    ercot:NP6-905-CD cdr.00012301.0000000000000000.20260922.041702162.SPPHLZNP6905_20260922_0415_csv.zip published 2026-09-22T09:17:01Z rows 5 https://www.ercot.com/misdownload/servlets/mirDownload?doclookupId=1277508858
    ercot:NP6-905-CD cdr.00012301.0000000000000000.20260922.043202359.SPPHLZNP6905_20260922_0430_csv.zip published 2026-09-22T09:32:01Z rows 5 https://www.ercot.com/misdownload/servlets/mirDownload?doclookupId=1277521720
    ercot:NP6-905-CD cdr.00012301.0000000000000000.20260922.044702210.SPPHLZNP6905_20260922_0445_csv.zip published 2026-09-22T09:47:02Z rows 5 https://www.ercot.com/misdownload/servlets/mirDownload?doclookupId=1277525543
    ercot:NP6-905-CD cdr.00012301.0000000000000000.20260922.050202320.SPPHLZNP6905_20260922_0500_csv.zip published 2026-09-22T10:02:02Z rows 5 https://www.ercot.com/misdownload/servlets/mirDownload?doclookupId=1277529022
    ercot:NP6-905-CD cdr.00012301.0000000000000000.20260922.051702182.SPPHLZNP6905_20260922_0515_csv.zip published 2026-09-22T10:17:02Z rows 5 https://www.ercot.com/misdownload/servlets/mirDownload?doclookupId=1277536731
    ercot:NP6-905-CD cdr.00012301.0000000000000000.20260922.053202203.SPPHLZNP6905_20260922_0530_csv.zip published 2026-09-22T10:32:01Z rows 5 https://www.ercot.com/misdownload/servlets/mirDownload?doclookupId=1277540450
    ercot:NP6-905-CD cdr.00012301.0000000000000000.20260922.054702230.SPPHLZNP6905_20260922_0545_csv.zip published 2026-09-22T10:47:01Z rows 5 https://www.ercot.com/misdownload/servlets/mirDownload?doclookupId=1277544316
    ercot:NP6-905-CD cdr.00012301.0000000000000000.20260922.060202477.SPPHLZNP6905_20260922_0600_csv.zip published 2026-09-22T11:02:01Z rows 5 https://www.ercot.com/misdownload/servlets/mirDownload?doclookupId=1277549900
    ercot:NP6-905-CD cdr.00012301.0000000000000000.20260922.061702276.SPPHLZNP6905_20260922_0615_csv.zip published 2026-09-22T11:17:02Z rows 5 https://www.ercot.com/misdownload/servlets/mirDownload?doclookupId=1277554323
    ercot:NP6-905-CD cdr.00012301.0000000000000000.20260922.063202247.SPPHLZNP6905_20260922_0630_csv.zip published 2026-09-22T11:32:01Z rows 5 https://www.ercot.com/misdownload/servlets/mirDownload?doclookupId=1277560602
    ercot:NP6-905-CD cdr.00012301.0000000000000000.20260922.064702205.SPPHLZNP6905_20260922_0645_csv.zip published 2026-09-22T11:47:01Z rows 5 https://www.ercot.com/misdownload/servlets/mirDownload?doclookupId=1277564161
    ercot:NP6-905-CD cdr.00012301.0000000000000000.20260922.070202489.SPPHLZNP6905_20260922_0700_csv.zip published 2026-09-22T12:02:02Z rows 5 https://www.ercot.com/misdownload/servlets/mirDownload?doclookupId=1277565682
    ercot:NP6-905-CD cdr.00012301.0000000000000000.20260922.071702340.SPPHLZNP6905_20260922_0715_csv.zip published 2026-09-22T12:17:02Z rows 5 https://www.ercot.com/misdownload/servlets/mirDownload?doclookupId=1277572169
    ercot:NP6-905-CD cdr.00012301.0000000000000000.20260922.073202328.SPPHLZNP6905_20260922_0730_csv.zip published 2026-09-22T12:32:01Z rows 5 https://www.ercot.com/misdownload/servlets/mirDownload?doclookupId=1277576051
    ercot:NP6-905-CD cdr.00012301.0000000000000000.20260922.074702212.SPPHLZNP6905_20260922_0745_csv.zip published 2026-09-22T12:47:01Z rows 5 https://www.ercot.com/misdownload/servlets/mirDownload?doclookupId=1277579720
    ercot:NP6-905-CD cdr.00012301.0000000000000000.20260922.080202315.SPPHLZNP6905_20260922_0800_csv.zip published 2026-09-22T13:02:01Z rows 5 https://www.ercot.com/misdownload/servlets/mirDownload?doclookupId=1277584703
    ercot:NP6-905-CD cdr.00012301.0000000000000000.20260922.081702246.SPPHLZNP6905_20260922_0815_csv.zip published 2026-09-22T13:17:01Z rows 5 https://www.ercot.com/misdownload/servlets/mirDownload?doclookupId=1277590268
    ercot:NP6-905-CD cdr.00012301.0000000000000000.20260922.083202262.SPPHLZNP6905_20260922_0830_csv.zip published 2026-09-22T13:32:02Z rows 5 https://www.ercot.com/misdownload/servlets/mirDownload?doclookupId=1277595541
    ercot:NP6-905-CD cdr.00012301.0000000000000000.20260922.084702306.SPPHLZNP6905_20260922_0845_csv.zip published 2026-09-22T13:47:01Z rows 5 https://www.ercot.com/misdownload/servlets/mirDownload?doclookupId=1277600593
    ercot:NP6-905-CD cdr.00012301.0000000000000000.20260922.090202482.SPPHLZNP6905_20260922_0900_csv.zip published 2026-09-22T14:02:01Z rows 5 https://www.ercot.com/misdownload/servlets/mirDownload?doclookupId=1277605776
    ercot:NP6-905-CD cdr.00012301.0000000000000000.20260922.091702330.SPPHLZNP6905_20260922_0915_csv.zip published 2026-09-22T14:17:02Z rows 5 https://www.ercot.com/misdownload/servlets/mirDownload?doclookupId=1277611674
    ercot:NP6-905-CD cdr.00012301.0000000000000000.20260922.093202186.SPPHLZNP6905_20260922_0930_csv.zip published 2026-09-22T14:32:01Z rows 5 https://www.ercot.com/misdownload/servlets/mirDownload?doclookupId=1277615962
    ercot:NP6-905-CD cdr.00012301.0000000000000000.20260922.094702232.SPPHLZNP6905_20260922_0945_csv.zip published 2026-09-22T14:47:02Z rows 5 https://www.ercot.com/misdownload/servlets/mirDownload?doclookupId=1277623562
    ercot:NP6-905-CD cdr.00012301.0000000000000000.20260922.100202384.SPPHLZNP6905_20260922_1000_csv.zip published 2026-09-22T15:02:01Z rows 5 https://www.ercot.com/misdownload/servlets/mirDownload?doclookupId=1277627612
    ercot:NP6-905-CD cdr.00012301.0000000000000000.20260922.101702349.SPPHLZNP6905_20260922_1015_csv.zip published 2026-09-22T15:17:01Z rows 5 https://www.ercot.com/misdownload/servlets/mirDownload?doclookupId=1277634377
    ercot:NP6-905-CD cdr.00012301.0000000000000000.20260922.103202187.SPPHLZNP6905_20260922_1030_csv.zip published 2026-09-22T15:32:01Z rows 5 https://www.ercot.com/misdownload/servlets/mirDownload?doclookupId=1277637936
    ercot:NP6-905-CD cdr.00012301.0000000000000000.20260922.104702201.SPPHLZNP6905_20260922_1045_csv.zip published 2026-09-22T15:47:01Z rows 5 https://www.ercot.com/misdownload/servlets/mirDownload?doclookupId=1277643263
    ercot:NP6-905-CD cdr.00012301.0000000000000000.20260922.110202330.SPPHLZNP6905_20260922_1100_csv.zip published 2026-09-22T16:02:02Z rows 5 https://www.ercot.com/misdownload/servlets/mirDownload?doclookupId=1277647222
    ercot:NP6-905-CD cdr.00012301.0000000000000000.20260922.111702242.SPPHLZNP6905_20260922_1115_csv.zip published 2026-09-22T16:17:01Z rows 5 https://www.ercot.com/misdownload/servlets/mirDownload?doclookupId=1277651013
    ercot:NP6-905-CD cdr.00012301.0000000000000000.20260922.113202268.SPPHLZNP6905_20260922_1130_csv.zip published 2026-09-22T16:32:02Z rows 5 https://www.ercot.com/misdownload/servlets/mirDownload?doclookupId=1277654531
    ercot:NP6-905-CD cdr.00012301.0000000000000000.20260922.114702172.SPPHLZNP6905_20260922_1145_csv.zip published 2026-09-22T16:47:01Z rows 5 https://www.ercot.com/misdownload/servlets/mirDownload?doclookupId=1277658189
    ercot:NP6-905-CD cdr.00012301.0000000000000000.20260922.120202175.SPPHLZNP6905_20260922_1200_csv.zip published 2026-09-22T17:02:01Z rows 5 https://www.ercot.com/misdownload/servlets/mirDownload?doclookupId=1277662176
    ercot:NP6-905-CD cdr.00012301.0000000000000000.20260922.121702291.SPPHLZNP6905_20260922_1215_csv.zip published 2026-09-22T17:17:02Z rows 5 https://www.ercot.com/misdownload/servlets/mirDownload?doclookupId=1277666897
    ercot:NP6-905-CD cdr.00012301.0000000000000000.20260922.123202370.SPPHLZNP6905_20260922_1230_csv.zip published 2026-09-22T17:32:01Z rows 5 https://www.ercot.com/misdownload/servlets/mirDownload?doclookupId=1277670759
    ercot:NP6-905-CD cdr.00012301.0000000000000000.20260922.124702289.SPPHLZNP6905_20260922_1245_csv.zip published 2026-09-22T17:47:01Z rows 5 https://www.ercot.com/misdownload/servlets/mirDownload?doclookupId=1277671299
    ercot:NP6-905-CD cdr.00012301.0000000000000000.20260922.130202384.SPPHLZNP6905_20260922_1300_csv.zip published 2026-09-22T18:02:01Z rows 5 https://www.ercot.com/misdownload/servlets/mirDownload?doclookupId=1277679242
    ercot:NP6-905-CD cdr.00012301.0000000000000000.20260922.131702244.SPPHLZNP6905_20260922_1315_csv.zip published 2026-09-22T18:17:02Z rows 5 https://www.ercot.com/misdownload/servlets/mirDownload?doclookupId=1277683111
    ercot:NP6-905-CD cdr.00012301.0000000000000000.20260922.133202237.SPPHLZNP6905_20260922_1330_csv.zip published 2026-09-22T18:32:01Z rows 5 https://www.ercot.com/misdownload/servlets/mirDownload?doclookupId=1277687061
    ercot:NP6-905-CD cdr.00012301.0000000000000000.20260922.134702250.SPPHLZNP6905_20260922_1345_csv.zip published 2026-09-22T18:47:02Z rows 5 https://www.ercot.com/misdownload/servlets/mirDownload?doclookupId=1277690603
    ercot:NP6-905-CD cdr.00012301.0000000000000000.20260922.140202344.SPPHLZNP6905_20260922_1400_csv.zip published 2026-09-22T19:02:01Z rows 5 https://www.ercot.com/misdownload/servlets/mirDownload?doclookupId=1277694653
    ercot:NP6-905-CD cdr.00012301.0000000000000000.20260922.141702349.SPPHLZNP6905_20260922_1415_csv.zip published 2026-09-22T19:17:02Z rows 5 https://www.ercot.com/misdownload/servlets/mirDownload?doclookupId=1277698597
    ercot:NP6-905-CD cdr.00012301.0000000000000000.20260922.143202277.SPPHLZNP6905_20260922_1430_csv.zip published 2026-09-22T19:32:01Z rows 5 https://www.ercot.com/misdownload/servlets/mirDownload?doclookupId=1277704661
    ercot:NP6-905-CD cdr.00012301.0000000000000000.20260922.144702220.SPPHLZNP6905_20260922_1445_csv.zip published 2026-09-22T19:47:01Z rows 5 https://www.ercot.com/misdownload/servlets/mirDownload?doclookupId=1277709947
    ercot:NP6-905-CD cdr.00012301.0000000000000000.20260922.150202408.SPPHLZNP6905_20260922_1500_csv.zip published 2026-09-22T20:02:02Z rows 5 https://www.ercot.com/misdownload/servlets/mirDownload?doclookupId=1277715135
    ercot:NP6-905-CD cdr.00012301.0000000000000000.20260922.151702268.SPPHLZNP6905_20260922_1515_csv.zip published 2026-09-22T20:17:02Z rows 5 https://www.ercot.com/misdownload/servlets/mirDownload?doclookupId=1277718944
    ercot:NP6-905-CD cdr.00012301.0000000000000000.20260922.153202232.SPPHLZNP6905_20260922_1530_csv.zip published 2026-09-22T20:32:01Z rows 5 https://www.ercot.com/misdownload/servlets/mirDownload?doclookupId=1277722666
    ercot:NP6-905-CD cdr.00012301.0000000000000000.20260922.154702238.SPPHLZNP6905_20260922_1545_csv.zip published 2026-09-22T20:47:01Z rows 5 https://www.ercot.com/misdownload/servlets/mirDownload?doclookupId=1277726923
    ercot:NP6-905-CD cdr.00012301.0000000000000000.20260922.160202477.SPPHLZNP6905_20260922_1600_csv.zip published 2026-09-22T21:02:01Z rows 5 https://www.ercot.com/misdownload/servlets/mirDownload?doclookupId=1277731220
    ercot:NP6-905-CD cdr.00012301.0000000000000000.20260922.161702303.SPPHLZNP6905_20260922_1615_csv.zip published 2026-09-22T21:17:01Z rows 5 https://www.ercot.com/misdownload/servlets/mirDownload?doclookupId=1277735105
    ercot:NP6-905-CD cdr.00012301.0000000000000000.20260922.163202304.SPPHLZNP6905_20260922_1630_csv.zip published 2026-09-22T21:32:01Z rows 5 https://www.ercot.com/misdownload/servlets/mirDownload?doclookupId=1277738786
    ercot:NP6-905-CD cdr.00012301.0000000000000000.20260922.164702246.SPPHLZNP6905_20260922_1645_csv.zip published 2026-09-22T21:47:01Z rows 5 https://www.ercot.com/misdownload/servlets/mirDownload?doclookupId=1277742049
    ercot:NP6-905-CD cdr.00012301.0000000000000000.20260922.170202484.SPPHLZNP6905_20260922_1700_csv.zip published 2026-09-22T22:02:01Z rows 5 https://www.ercot.com/misdownload/servlets/mirDownload?doclookupId=1277746235
    ercot:NP6-905-CD cdr.00012301.0000000000000000.20260922.171702318.SPPHLZNP6905_20260922_1715_csv.zip published 2026-09-22T22:17:01Z rows 5 https://www.ercot.com/misdownload/servlets/mirDownload?doclookupId=1277750185
    ercot:NP6-905-CD cdr.00012301.0000000000000000.20260922.173202268.SPPHLZNP6905_20260922_1730_csv.zip published 2026-09-22T22:32:02Z rows 5 https://www.ercot.com/misdownload/servlets/mirDownload?doclookupId=1277754135
    ercot:NP6-905-CD cdr.00012301.0000000000000000.20260922.174702318.SPPHLZNP6905_20260922_1745_csv.zip published 2026-09-22T22:47:01Z rows 5 https://www.ercot.com/misdownload/servlets/mirDownload?doclookupId=1277757459
    ercot:NP6-905-CD cdr.00012301.0000000000000000.20260922.180202467.SPPHLZNP6905_20260922_1800_csv.zip published 2026-09-22T23:02:01Z rows 5 https://www.ercot.com/misdownload/servlets/mirDownload?doclookupId=1277761962
    ercot:NP6-905-CD cdr.00012301.0000000000000000.20260922.181702244.SPPHLZNP6905_20260922_1815_csv.zip published 2026-09-22T23:17:01Z rows 5 https://www.ercot.com/misdownload/servlets/mirDownload?doclookupId=1277766457
    ercot:NP6-905-CD cdr.00012301.0000000000000000.20260922.183202374.SPPHLZNP6905_20260922_1830_csv.zip published 2026-09-22T23:32:02Z rows 5 https://www.ercot.com/misdownload/servlets/mirDownload?doclookupId=1277771321
    ercot:NP6-905-CD cdr.00012301.0000000000000000.20260922.184702454.SPPHLZNP6905_20260922_1845_csv.zip published 2026-09-22T23:47:01Z rows 5 https://www.ercot.com/misdownload/servlets/mirDownload?doclookupId=1277775148
    ercot:NP6-905-CD cdr.00012301.0000000000000000.20260922.190202581.SPPHLZNP6905_20260922_1900_csv.zip published 2026-09-23T00:02:01Z rows 5 https://www.ercot.com/misdownload/servlets/mirDownload?doclookupId=1277778861
    ercot:NP6-905-CD cdr.00012301.0000000000000000.20260922.191702113.SPPHLZNP6905_20260922_1915_csv.zip published 2026-09-23T00:17:01Z rows 5 https://www.ercot.com/misdownload/servlets/mirDownload?doclookupId=1277783662
    ercot:NP6-905-CD cdr.00012301.0000000000000000.20260922.193202308.SPPHLZNP6905_20260922_1930_csv.zip published 2026-09-23T00:32:01Z rows 5 https://www.ercot.com/misdownload/servlets/mirDownload?doclookupId=1277787513
    ercot:NP6-905-CD cdr.00012301.0000000000000000.20260922.194702277.SPPHLZNP6905_20260922_1945_csv.zip published 2026-09-23T00:47:01Z rows 5 https://www.ercot.com/misdownload/servlets/mirDownload?doclookupId=1277791261
    ercot:NP6-905-CD cdr.00012301.0000000000000000.20260922.200202454.SPPHLZNP6905_20260922_2000_csv.zip published 2026-09-23T01:02:01Z rows 5 https://www.ercot.com/misdownload/servlets/mirDownload?doclookupId=1277795336
    ercot:NP6-905-CD cdr.00012301.0000000000000000.20260922.201702271.SPPHLZNP6905_20260922_2015_csv.zip published 2026-09-23T01:17:02Z rows 5 https://www.ercot.com/misdownload/servlets/mirDownload?doclookupId=1277798787
    ercot:NP6-905-CD cdr.00012301.0000000000000000.20260922.203202208.SPPHLZNP6905_20260922_2030_csv.zip published 2026-09-23T01:32:01Z rows 5 https://www.ercot.com/misdownload/servlets/mirDownload?doclookupId=1277802756
    ercot:NP6-905-CD cdr.00012301.0000000000000000.20260922.204702256.SPPHLZNP6905_20260922_2045_csv.zip published 2026-09-23T01:47:01Z rows 5 https://www.ercot.com/misdownload/servlets/mirDownload?doclookupId=1277806778
    ercot:NP6-905-CD cdr.00012301.0000000000000000.20260922.210202371.SPPHLZNP6905_20260922_2100_csv.zip published 2026-09-23T02:02:01Z rows 5 https://www.ercot.com/misdownload/servlets/mirDownload?doclookupId=1277810714
    ercot:NP6-905-CD cdr.00012301.0000000000000000.20260922.211702204.SPPHLZNP6905_20260922_2115_csv.zip published 2026-09-23T02:17:01Z rows 5 https://www.ercot.com/misdownload/servlets/mirDownload?doclookupId=1277814308
    ercot:NP6-905-CD cdr.00012301.0000000000000000.20260922.213202285.SPPHLZNP6905_20260922_2130_csv.zip published 2026-09-23T02:32:01Z rows 5 https://www.ercot.com/misdownload/servlets/mirDownload?doclookupId=1277818058
    ercot:NP6-905-CD cdr.00012301.0000000000000000.20260922.214702319.SPPHLZNP6905_20260922_2145_csv.zip published 2026-09-23T02:47:01Z rows 5 https://www.ercot.com/misdownload/servlets/mirDownload?doclookupId=1277821495
    ercot:NP6-905-CD cdr.00012301.0000000000000000.20260922.220203119.SPPHLZNP6905_20260922_2200_csv.zip published 2026-09-23T03:02:02Z rows 5 https://www.ercot.com/misdownload/servlets/mirDownload?doclookupId=1277825679
    ercot:NP6-905-CD cdr.00012301.0000000000000000.20260922.221702354.SPPHLZNP6905_20260922_2215_csv.zip published 2026-09-23T03:17:02Z rows 5 https://www.ercot.com/misdownload/servlets/mirDownload?doclookupId=1277829436
    ercot:NP6-905-CD cdr.00012301.0000000000000000.20260922.223202275.SPPHLZNP6905_20260922_2230_csv.zip published 2026-09-23T03:32:01Z rows 5 https://www.ercot.com/misdownload/servlets/mirDownload?doclookupId=1277834433
    ercot:NP6-905-CD cdr.00012301.0000000000000000.20260922.224702456.SPPHLZNP6905_20260922_2245_csv.zip published 2026-09-23T03:47:01Z rows 5 https://www.ercot.com/misdownload/servlets/mirDownload?doclookupId=1277838018
    ercot:NP6-905-CD cdr.00012301.0000000000000000.20260922.230202439.SPPHLZNP6905_20260922_2300_csv.zip published 2026-09-23T04:02:02Z rows 5 https://www.ercot.com/misdownload/servlets/mirDownload?doclookupId=1277842152
    ercot:NP6-905-CD cdr.00012301.0000000000000000.20260922.231702268.SPPHLZNP6905_20260922_2315_csv.zip published 2026-09-23T04:17:01Z rows 5 https://www.ercot.com/misdownload/servlets/mirDownload?doclookupId=1277845731
    ercot:NP6-905-CD cdr.00012301.0000000000000000.20260922.233202378.SPPHLZNP6905_20260922_2330_csv.zip published 2026-09-23T04:32:01Z rows 5 https://www.ercot.com/misdownload/servlets/mirDownload?doclookupId=1277849545
    ercot:NP6-905-CD cdr.00012301.0000000000000000.20260922.234702331.SPPHLZNP6905_20260922_2345_csv.zip published 2026-09-23T04:47:01Z rows 5 https://www.ercot.com/misdownload/servlets/mirDownload?doclookupId=1277853204
    ercot:NP6-905-CD cdr.00012301.0000000000000000.20260923.000202391.SPPHLZNP6905_20260923_0000_csv.zip published 2026-09-23T05:02:02Z rows 5 https://www.ercot.com/misdownload/servlets/mirDownload?doclookupId=1277857061
    ercot:NP6-905-CD cdr.00012301.0000000000000000.20260923.001702191.SPPHLZNP6905_20260923_0015_csv.zip published 2026-09-23T05:17:01Z rows 5 https://www.ercot.com/misdownload/servlets/mirDownload?doclookupId=1277860653
    ercot:NP6-905-CD cdr.00012301.0000000000000000.20260923.003202204.SPPHLZNP6905_20260923_0030_csv.zip published 2026-09-23T05:32:01Z rows 5 https://www.ercot.com/misdownload/servlets/mirDownload?doclookupId=1277864852
    ercot:NP6-905-CD cdr.00012301.0000000000000000.20260923.004702211.SPPHLZNP6905_20260923_0045_csv.zip published 2026-09-23T05:47:02Z rows 5 https://www.ercot.com/misdownload/servlets/mirDownload?doclookupId=1277869494
    ercot:NP6-905-CD cdr.00012301.0000000000000000.20260923.010202266.SPPHLZNP6905_20260923_0100_csv.zip published 2026-09-23T06:02:01Z rows 5 https://www.ercot.com/misdownload/servlets/mirDownload?doclookupId=1277873344
    ercot:NP6-905-CD cdr.00012301.0000000000000000.20260923.011702224.SPPHLZNP6905_20260923_0115_csv.zip published 2026-09-23T06:17:02Z rows 5 https://www.ercot.com/misdownload/servlets/mirDownload?doclookupId=1277877441
    ercot:NP6-905-CD cdr.00012301.0000000000000000.20260923.013202358.SPPHLZNP6905_20260923_0130_csv.zip published 2026-09-23T06:32:02Z rows 5 https://www.ercot.com/misdownload/servlets/mirDownload?doclookupId=1277881123
    ercot:NP6-905-CD cdr.00012301.0000000000000000.20260923.014702207.SPPHLZNP6905_20260923_0145_csv.zip published 2026-09-23T06:47:02Z rows 5 https://www.ercot.com/misdownload/servlets/mirDownload?doclookupId=1277884550
    ercot:NP6-905-CD cdr.00012301.0000000000000000.20260923.020202321.SPPHLZNP6905_20260923_0200_csv.zip published 2026-09-23T07:02:02Z rows 5 https://www.ercot.com/misdownload/servlets/mirDownload?doclookupId=1277888645
    ercot:NP6-905-CD cdr.00012301.0000000000000000.20260923.021702394.SPPHLZNP6905_20260923_0215_csv.zip published 2026-09-23T07:17:01Z rows 5 https://www.ercot.com/misdownload/servlets/mirDownload?doclookupId=1277892414
    ercot:NP6-905-CD cdr.00012301.0000000000000000.20260923.023202320.SPPHLZNP6905_20260923_0230_csv.zip published 2026-09-23T07:32:02Z rows 5 https://www.ercot.com/misdownload/servlets/mirDownload?doclookupId=1277896213
    ercot:NP6-905-CD cdr.00012301.0000000000000000.20260923.024702210.SPPHLZNP6905_20260923_0245_csv.zip published 2026-09-23T07:47:01Z rows 5 https://www.ercot.com/misdownload/servlets/mirDownload?doclookupId=1277899580
    ercot:NP6-905-CD cdr.00012301.0000000000000000.20260923.030202316.SPPHLZNP6905_20260923_0300_csv.zip published 2026-09-23T08:02:02Z rows 5 https://www.ercot.com/misdownload/servlets/mirDownload?doclookupId=1277900795
    ercot:NP6-905-CD cdr.00012301.0000000000000000.20260923.031702147.SPPHLZNP6905_20260923_0315_csv.zip published 2026-09-23T08:17:02Z rows 5 https://www.ercot.com/misdownload/servlets/mirDownload?doclookupId=1277907846
    ercot:NP6-905-CD cdr.00012301.0000000000000000.20260923.033202443.SPPHLZNP6905_20260923_0330_csv.zip published 2026-09-23T08:32:01Z rows 5 https://www.ercot.com/misdownload/servlets/mirDownload?doclookupId=1277911471
    ercot:NP6-905-CD cdr.00012301.0000000000000000.20260923.034702181.SPPHLZNP6905_20260923_0345_csv.zip published 2026-09-23T08:47:01Z rows 5 https://www.ercot.com/misdownload/servlets/mirDownload?doclookupId=1277915213
    ercot:NP6-905-CD cdr.00012301.0000000000000000.20260923.040202418.SPPHLZNP6905_20260923_0400_csv.zip published 2026-09-23T09:02:01Z rows 5 https://www.ercot.com/misdownload/servlets/mirDownload?doclookupId=1277919223
    ercot:NP6-905-CD cdr.00012301.0000000000000000.20260923.041705287.SPPHLZNP6905_20260923_0415_csv.zip published 2026-09-23T09:17:05Z rows 5 https://www.ercot.com/misdownload/servlets/mirDownload?doclookupId=1277923028
    ercot:NP6-905-CD cdr.00012301.0000000000000000.20260923.043202364.SPPHLZNP6905_20260923_0430_csv.zip published 2026-09-23T09:32:01Z rows 5 https://www.ercot.com/misdownload/servlets/mirDownload?doclookupId=1277926668
    ercot:NP6-905-CD cdr.00012301.0000000000000000.20260923.044702220.SPPHLZNP6905_20260923_0445_csv.zip published 2026-09-23T09:47:01Z rows 5 https://www.ercot.com/misdownload/servlets/mirDownload?doclookupId=1277930406
    ercot:NP6-905-CD cdr.00012301.0000000000000000.20260923.050202347.SPPHLZNP6905_20260923_0500_csv.zip published 2026-09-23T10:02:02Z rows 5 https://www.ercot.com/misdownload/servlets/mirDownload?doclookupId=1277934337
    ercot:NP6-905-CD cdr.00012301.0000000000000000.20260923.051702135.SPPHLZNP6905_20260923_0515_csv.zip published 2026-09-23T10:17:01Z rows 5 https://www.ercot.com/misdownload/servlets/mirDownload?doclookupId=1277941417
    ercot:NP6-905-CD cdr.00012301.0000000000000000.20260923.053202340.SPPHLZNP6905_20260923_0530_csv.zip published 2026-09-23T10:32:01Z rows 5 https://www.ercot.com/misdownload/servlets/mirDownload?doclookupId=1277945155
    ercot:NP6-905-CD cdr.00012301.0000000000000000.20260923.054702245.SPPHLZNP6905_20260923_0545_csv.zip published 2026-09-23T10:47:02Z rows 5 https://www.ercot.com/misdownload/servlets/mirDownload?doclookupId=1277948943
    ercot:NP6-905-CD cdr.00012301.0000000000000000.20260923.060202337.SPPHLZNP6905_20260923_0600_csv.zip published 2026-09-23T11:02:01Z rows 5 https://www.ercot.com/misdownload/servlets/mirDownload?doclookupId=1277953522
    ercot:NP6-905-CD cdr.00012301.0000000000000000.20260923.061702316.SPPHLZNP6905_20260923_0615_csv.zip published 2026-09-23T11:17:02Z rows 5 https://www.ercot.com/misdownload/servlets/mirDownload?doclookupId=1277959345
    ercot:NP6-905-CD cdr.00012301.0000000000000000.20260923.063202274.SPPHLZNP6905_20260923_0630_csv.zip published 2026-09-23T11:32:01Z rows 5 https://www.ercot.com/misdownload/servlets/mirDownload?doclookupId=1277965263
    ercot:NP6-905-CD cdr.00012301.0000000000000000.20260923.064702259.SPPHLZNP6905_20260923_0645_csv.zip published 2026-09-23T11:47:01Z rows 5 https://www.ercot.com/misdownload/servlets/mirDownload?doclookupId=1277969094
    ercot:NP6-905-CD cdr.00012301.0000000000000000.20260923.070202337.SPPHLZNP6905_20260923_0700_csv.zip published 2026-09-23T12:02:01Z rows 5 https://www.ercot.com/misdownload/servlets/mirDownload?doclookupId=1277972665
    ercot:NP6-905-CD cdr.00012301.0000000000000000.20260923.071702379.SPPHLZNP6905_20260923_0715_csv.zip published 2026-09-23T12:17:01Z rows 5 https://www.ercot.com/misdownload/servlets/mirDownload?doclookupId=1277976802
    ercot:NP6-905-CD cdr.00012301.0000000000000000.20260923.073202275.SPPHLZNP6905_20260923_0730_csv.zip published 2026-09-23T12:32:01Z rows 5 https://www.ercot.com/misdownload/servlets/mirDownload?doclookupId=1277980776
    ercot:NP6-905-CD cdr.00012301.0000000000000000.20260923.074702206.SPPHLZNP6905_20260923_0745_csv.zip published 2026-09-23T12:47:01Z rows 5 https://www.ercot.com/misdownload/servlets/mirDownload?doclookupId=1277984378
    ercot:NP6-905-CD cdr.00012301.0000000000000000.20260923.080202295.SPPHLZNP6905_20260923_0800_csv.zip published 2026-09-23T13:02:01Z rows 5 https://www.ercot.com/misdownload/servlets/mirDownload?doclookupId=1277989266
    ercot:NP6-905-CD cdr.00012301.0000000000000000.20260923.081702414.SPPHLZNP6905_20260923_0815_csv.zip published 2026-09-23T13:17:01Z rows 5 https://www.ercot.com/misdownload/servlets/mirDownload?doclookupId=1277994753
    ercot:NP6-905-CD cdr.00012301.0000000000000000.20260923.083202215.SPPHLZNP6905_20260923_0830_csv.zip published 2026-09-23T13:32:01Z rows 5 https://www.ercot.com/misdownload/servlets/mirDownload?doclookupId=1277999685
    ercot:NP6-905-CD cdr.00012301.0000000000000000.20260923.084702185.SPPHLZNP6905_20260923_0845_csv.zip published 2026-09-23T13:47:01Z rows 5 https://www.ercot.com/misdownload/servlets/mirDownload?doclookupId=1278002253
    ercot:NP6-905-CD cdr.00012301.0000000000000000.20260923.090202400.SPPHLZNP6905_20260923_0900_csv.zip published 2026-09-23T14:02:01Z rows 5 https://www.ercot.com/misdownload/servlets/mirDownload?doclookupId=1278010050
    ercot:NP6-905-CD cdr.00012301.0000000000000000.20260923.091702295.SPPHLZNP6905_20260923_0915_csv.zip published 2026-09-23T14:17:01Z rows 5 https://www.ercot.com/misdownload/servlets/mirDownload?doclookupId=1278016225
    ercot:NP6-905-CD cdr.00012301.0000000000000000.20260923.093202290.SPPHLZNP6905_20260923_0930_csv.zip published 2026-09-23T14:32:01Z rows 5 https://www.ercot.com/misdownload/servlets/mirDownload?doclookupId=1278020870
    ercot:NP6-905-CD cdr.00012301.0000000000000000.20260923.094701992.SPPHLZNP6905_20260923_0945_csv.zip published 2026-09-23T14:47:01Z rows 5 https://www.ercot.com/misdownload/servlets/mirDownload?doclookupId=1278025699
    ercot:NP6-905-CD cdr.00012301.0000000000000000.20260923.100202254.SPPHLZNP6905_20260923_1000_csv.zip published 2026-09-23T15:02:02Z rows 5 https://www.ercot.com/misdownload/servlets/mirDownload?doclookupId=1278029981
    ercot:NP6-905-CD cdr.00012301.0000000000000000.20260923.101702200.SPPHLZNP6905_20260923_1015_csv.zip published 2026-09-23T15:17:01Z rows 5 https://www.ercot.com/misdownload/servlets/mirDownload?doclookupId=1278033903
    ercot:NP6-905-CD cdr.00012301.0000000000000000.20260923.103202265.SPPHLZNP6905_20260923_1030_csv.zip published 2026-09-23T15:32:01Z rows 5 https://www.ercot.com/misdownload/servlets/mirDownload?doclookupId=1278037513
    ercot:NP6-905-CD cdr.00012301.0000000000000000.20260923.104702191.SPPHLZNP6905_20260923_1045_csv.zip published 2026-09-23T15:47:01Z rows 5 https://www.ercot.com/misdownload/servlets/mirDownload?doclookupId=1278041001
    ercot:NP6-905-CD cdr.00012301.0000000000000000.20260923.110202336.SPPHLZNP6905_20260923_1100_csv.zip published 2026-09-23T16:02:01Z rows 5 https://www.ercot.com/misdownload/servlets/mirDownload?doclookupId=1278044590
    ercot:NP6-905-CD cdr.00012301.0000000000000000.20260923.111701957.SPPHLZNP6905_20260923_1115_csv.zip published 2026-09-23T16:17:01Z rows 5 https://www.ercot.com/misdownload/servlets/mirDownload?doclookupId=1278049096
    ercot:NP6-905-CD cdr.00012301.0000000000000000.20260923.113202232.SPPHLZNP6905_20260923_1130_csv.zip published 2026-09-23T16:32:02Z rows 5 https://www.ercot.com/misdownload/servlets/mirDownload?doclookupId=1278052868
    ercot:NP6-905-CD cdr.00012301.0000000000000000.20260923.114702233.SPPHLZNP6905_20260923_1145_csv.zip published 2026-09-23T16:47:01Z rows 5 https://www.ercot.com/misdownload/servlets/mirDownload?doclookupId=1278056427
    ercot:NP6-905-CD cdr.00012301.0000000000000000.20260923.120202391.SPPHLZNP6905_20260923_1200_csv.zip published 2026-09-23T17:02:02Z rows 5 https://www.ercot.com/misdownload/servlets/mirDownload?doclookupId=1278060468
    ercot:NP6-905-CD cdr.00012301.0000000000000000.20260923.121702398.SPPHLZNP6905_20260923_1215_csv.zip published 2026-09-23T17:17:01Z rows 5 https://www.ercot.com/misdownload/servlets/mirDownload?doclookupId=1278064208
    ercot:NP6-905-CD cdr.00012301.0000000000000000.20260923.123203296.SPPHLZNP6905_20260923_1230_csv.zip published 2026-09-23T17:32:02Z rows 5 https://www.ercot.com/misdownload/servlets/mirDownload?doclookupId=1278067826
    ercot:NP6-905-CD cdr.00012301.0000000000000000.20260923.124702316.SPPHLZNP6905_20260923_1245_csv.zip published 2026-09-23T17:47:01Z rows 5 https://www.ercot.com/misdownload/servlets/mirDownload?doclookupId=1278071697
    ercot:NP6-905-CD cdr.00012301.0000000000000000.20260923.130202422.SPPHLZNP6905_20260923_1300_csv.zip published 2026-09-23T18:02:02Z rows 5 https://www.ercot.com/misdownload/servlets/mirDownload?doclookupId=1278075929
    ercot:NP6-905-CD cdr.00012301.0000000000000000.20260923.131702343.SPPHLZNP6905_20260923_1315_csv.zip published 2026-09-23T18:17:02Z rows 5 https://www.ercot.com/misdownload/servlets/mirDownload?doclookupId=1278079980
    ercot:NP6-905-CD cdr.00012301.0000000000000000.20260923.133202235.SPPHLZNP6905_20260923_1330_csv.zip published 2026-09-23T18:32:01Z rows 5 https://www.ercot.com/misdownload/servlets/mirDownload?doclookupId=1278084450
    ercot:NP6-905-CD cdr.00012301.0000000000000000.20260923.134702331.SPPHLZNP6905_20260923_1345_csv.zip published 2026-09-23T18:47:01Z rows 5 https://www.ercot.com/misdownload/servlets/mirDownload?doclookupId=1278087935
    ercot:NP6-905-CD cdr.00012301.0000000000000000.20260923.140202466.SPPHLZNP6905_20260923_1400_csv.zip published 2026-09-23T19:02:01Z rows 5 https://www.ercot.com/misdownload/servlets/mirDownload?doclookupId=1278092177
    ercot:NP6-905-CD cdr.00012301.0000000000000000.20260923.141702230.SPPHLZNP6905_20260923_1415_csv.zip published 2026-09-23T19:17:02Z rows 5 https://www.ercot.com/misdownload/servlets/mirDownload?doclookupId=1278096406
    ercot:NP6-905-CD cdr.00012301.0000000000000000.20260923.143202385.SPPHLZNP6905_20260923_1430_csv.zip published 2026-09-23T19:32:02Z rows 5 https://www.ercot.com/misdownload/servlets/mirDownload?doclookupId=1278102954
    ercot:NP6-905-CD cdr.00012301.0000000000000000.20260923.144702248.SPPHLZNP6905_20260923_1445_csv.zip published 2026-09-23T19:47:01Z rows 5 https://www.ercot.com/misdownload/servlets/mirDownload?doclookupId=1278108360
    ercot:NP6-905-CD cdr.00012301.0000000000000000.20260923.150202413.SPPHLZNP6905_20260923_1500_csv.zip published 2026-09-23T20:02:01Z rows 5 https://www.ercot.com/misdownload/servlets/mirDownload?doclookupId=1278114646
    ercot:NP6-905-CD cdr.00012301.0000000000000000.20260923.151702386.SPPHLZNP6905_20260923_1515_csv.zip published 2026-09-23T20:17:02Z rows 5 https://www.ercot.com/misdownload/servlets/mirDownload?doclookupId=1278119013
    ercot:NP6-905-CD cdr.00012301.0000000000000000.20260923.153202382.SPPHLZNP6905_20260923_1530_csv.zip published 2026-09-23T20:32:01Z rows 5 https://www.ercot.com/misdownload/servlets/mirDownload?doclookupId=1278122615
    ercot:NP6-905-CD cdr.00012301.0000000000000000.20260923.154702376.SPPHLZNP6905_20260923_1545_csv.zip published 2026-09-23T20:47:01Z rows 5 https://www.ercot.com/misdownload/servlets/mirDownload?doclookupId=1278126187
    ercot:NP6-905-CD cdr.00012301.0000000000000000.20260923.160202878.SPPHLZNP6905_20260923_1600_csv.zip published 2026-09-23T21:02:01Z rows 5 https://www.ercot.com/misdownload/servlets/mirDownload?doclookupId=1278130020
    ercot:NP6-905-CD cdr.00012301.0000000000000000.20260923.161702381.SPPHLZNP6905_20260923_1615_csv.zip published 2026-09-23T21:17:01Z rows 5 https://www.ercot.com/misdownload/servlets/mirDownload?doclookupId=1278133703
    ercot:NP6-905-CD cdr.00012301.0000000000000000.20260923.163202396.SPPHLZNP6905_20260923_1630_csv.zip published 2026-09-23T21:32:01Z rows 5 https://www.ercot.com/misdownload/servlets/mirDownload?doclookupId=1278137600
    ercot:NP6-905-CD cdr.00012301.0000000000000000.20260923.164702265.SPPHLZNP6905_20260923_1645_csv.zip published 2026-09-23T21:47:01Z rows 5 https://www.ercot.com/misdownload/servlets/mirDownload?doclookupId=1278141087
    ercot:NP6-905-CD cdr.00012301.0000000000000000.20260923.170202420.SPPHLZNP6905_20260923_1700_csv.zip published 2026-09-23T22:02:01Z rows 5 https://www.ercot.com/misdownload/servlets/mirDownload?doclookupId=1278145603
    ercot:NP6-905-CD cdr.00012301.0000000000000000.20260923.171702389.SPPHLZNP6905_20260923_1715_csv.zip published 2026-09-23T22:17:01Z rows 5 https://www.ercot.com/misdownload/servlets/mirDownload?doclookupId=1278149206
    ercot:NP6-905-CD cdr.00012301.0000000000000000.20260923.173202334.SPPHLZNP6905_20260923_1730_csv.zip published 2026-09-23T22:32:02Z rows 5 https://www.ercot.com/misdownload/servlets/mirDownload?doclookupId=1278153856
    ercot:NP6-905-CD cdr.00012301.0000000000000000.20260923.174702254.SPPHLZNP6905_20260923_1745_csv.zip published 2026-09-23T22:47:01Z rows 5 https://www.ercot.com/misdownload/servlets/mirDownload?doclookupId=1278157470
    ercot:NP6-905-CD cdr.00012301.0000000000000000.20260923.180202321.SPPHLZNP6905_20260923_1800_csv.zip published 2026-09-23T23:02:01Z rows 5 https://www.ercot.com/misdownload/servlets/mirDownload?doclookupId=1278161758
    ercot:NP6-905-CD cdr.00012301.0000000000000000.20260923.181702212.SPPHLZNP6905_20260923_1815_csv.zip published 2026-09-23T23:17:01Z rows 5 https://www.ercot.com/misdownload/servlets/mirDownload?doclookupId=1278166743
    ercot:NP6-905-CD cdr.00012301.0000000000000000.20260923.183202347.SPPHLZNP6905_20260923_1830_csv.zip published 2026-09-23T23:32:01Z rows 5 https://www.ercot.com/misdownload/servlets/mirDownload?doclookupId=1278171963
    ercot:NP6-905-CD cdr.00012301.0000000000000000.20260923.184702172.SPPHLZNP6905_20260923_1845_csv.zip published 2026-09-23T23:47:01Z rows 5 https://www.ercot.com/misdownload/servlets/mirDownload?doclookupId=1278175503
    ercot:NP6-905-CD cdr.00012301.0000000000000000.20260923.190202348.SPPHLZNP6905_20260923_1900_csv.zip published 2026-09-24T00:02:01Z rows 5 https://www.ercot.com/misdownload/servlets/mirDownload?doclookupId=1278179435
    ercot:NP6-905-CD cdr.00012301.0000000000000000.20260923.191702259.SPPHLZNP6905_20260923_1915_csv.zip published 2026-09-24T00:17:01Z rows 5 https://www.ercot.com/misdownload/servlets/mirDownload?doclookupId=1278183709
    ercot:NP6-905-CD cdr.00012301.0000000000000000.20260923.193202350.SPPHLZNP6905_20260923_1930_csv.zip published 2026-09-24T00:32:01Z rows 5 https://www.ercot.com/misdownload/servlets/mirDownload?doclookupId=1278187915
    ercot:NP6-905-CD cdr.00012301.0000000000000000.20260923.194702306.SPPHLZNP6905_20260923_1945_csv.zip published 2026-09-24T00:47:01Z rows 5 https://www.ercot.com/misdownload/servlets/mirDownload?doclookupId=1278192479
    ercot:NP6-905-CD cdr.00012301.0000000000000000.20260923.200202413.SPPHLZNP6905_20260923_2000_csv.zip published 2026-09-24T01:02:01Z rows 5 https://www.ercot.com/misdownload/servlets/mirDownload?doclookupId=1278196563
    ercot:NP6-905-CD cdr.00012301.0000000000000000.20260923.201702249.SPPHLZNP6905_20260923_2015_csv.zip published 2026-09-24T01:17:01Z rows 5 https://www.ercot.com/misdownload/servlets/mirDownload?doclookupId=1278200322
    ercot:NP6-905-CD cdr.00012301.0000000000000000.20260923.203202540.SPPHLZNP6905_20260923_2030_csv.zip published 2026-09-24T01:32:01Z rows 5 https://www.ercot.com/misdownload/servlets/mirDownload?doclookupId=1278204242
    ercot:NP6-905-CD cdr.00012301.0000000000000000.20260923.204702352.SPPHLZNP6905_20260923_2045_csv.zip published 2026-09-24T01:47:01Z rows 5 https://www.ercot.com/misdownload/servlets/mirDownload?doclookupId=1278208050
    ercot:NP6-905-CD cdr.00012301.0000000000000000.20260923.210202371.SPPHLZNP6905_20260923_2100_csv.zip published 2026-09-24T02:02:01Z rows 5 https://www.ercot.com/misdownload/servlets/mirDownload?doclookupId=1278212030
    ercot:NP6-905-CD cdr.00012301.0000000000000000.20260923.211702242.SPPHLZNP6905_20260923_2115_csv.zip published 2026-09-24T02:17:01Z rows 5 https://www.ercot.com/misdownload/servlets/mirDownload?doclookupId=1278215490
    ercot:NP6-905-CD cdr.00012301.0000000000000000.20260923.213202249.SPPHLZNP6905_20260923_2130_csv.zip published 2026-09-24T02:32:01Z rows 5 https://www.ercot.com/misdownload/servlets/mirDownload?doclookupId=1278219434
    ercot:NP6-905-CD cdr.00012301.0000000000000000.20260923.214702236.SPPHLZNP6905_20260923_2145_csv.zip published 2026-09-24T02:47:01Z rows 5 https://www.ercot.com/misdownload/servlets/mirDownload?doclookupId=1278223097
    ercot:NP6-905-CD cdr.00012301.0000000000000000.20260923.220206675.SPPHLZNP6905_20260923_2200_csv.zip published 2026-09-24T03:02:06Z rows 5 https://www.ercot.com/misdownload/servlets/mirDownload?doclookupId=1278217595
    ercot:NP6-905-CD cdr.00012301.0000000000000000.20260923.221702274.SPPHLZNP6905_20260923_2215_csv.zip published 2026-09-24T03:17:01Z rows 5 https://www.ercot.com/misdownload/servlets/mirDownload?doclookupId=1278231142
    ercot:NP6-905-CD cdr.00012301.0000000000000000.20260923.223204300.SPPHLZNP6905_20260923_2230_csv.zip published 2026-09-24T03:32:03Z rows 5 https://www.ercot.com/misdownload/servlets/mirDownload?doclookupId=1278235930
    ercot:NP6-905-CD cdr.00012301.0000000000000000.20260923.224702411.SPPHLZNP6905_20260923_2245_csv.zip published 2026-09-24T03:47:01Z rows 5 https://www.ercot.com/misdownload/servlets/mirDownload?doclookupId=1278239683
    ercot:NP6-905-CD cdr.00012301.0000000000000000.20260923.230202426.SPPHLZNP6905_20260923_2300_csv.zip published 2026-09-24T04:02:01Z rows 5 https://www.ercot.com/misdownload/servlets/mirDownload?doclookupId=1278243547
    ercot:NP6-905-CD cdr.00012301.0000000000000000.20260923.231702176.SPPHLZNP6905_20260923_2315_csv.zip published 2026-09-24T04:17:01Z rows 5 https://www.ercot.com/misdownload/servlets/mirDownload?doclookupId=1278247301
    ercot:NP6-905-CD cdr.00012301.0000000000000000.20260923.233201992.SPPHLZNP6905_20260923_2330_csv.zip published 2026-09-24T04:32:01Z rows 5 https://www.ercot.com/misdownload/servlets/mirDownload?doclookupId=1278251079
    ercot:NP6-905-CD cdr.00012301.0000000000000000.20260923.234702304.SPPHLZNP6905_20260923_2345_csv.zip published 2026-09-24T04:47:01Z rows 5 https://www.ercot.com/misdownload/servlets/mirDownload?doclookupId=1278254673
    ercot:NP6-905-CD cdr.00012301.0000000000000000.20260924.000202444.SPPHLZNP6905_20260924_0000_csv.zip published 2026-09-24T05:02:02Z rows 5 https://www.ercot.com/misdownload/servlets/mirDownload?doclookupId=1278258900
    ercot:NP6-905-CD cdr.00012301.0000000000000000.20260924.001702240.SPPHLZNP6905_20260924_0015_csv.zip published 2026-09-24T05:17:01Z rows 5 https://www.ercot.com/misdownload/servlets/mirDownload?doclookupId=1278262745
    ercot:NP6-905-CD cdr.00012301.0000000000000000.20260924.003202410.SPPHLZNP6905_20260924_0030_csv.zip published 2026-09-24T05:32:01Z rows 5 https://www.ercot.com/misdownload/servlets/mirDownload?doclookupId=1278267259
    ercot:NP6-905-CD cdr.00012301.0000000000000000.20260924.004702130.SPPHLZNP6905_20260924_0045_csv.zip published 2026-09-24T05:47:01Z rows 5 https://www.ercot.com/misdownload/servlets/mirDownload?doclookupId=1278270700
    ercot:NP6-905-CD cdr.00012301.0000000000000000.20260924.010202371.SPPHLZNP6905_20260924_0100_csv.zip published 2026-09-24T06:02:02Z rows 5 https://www.ercot.com/misdownload/servlets/mirDownload?doclookupId=1278274832
    ercot:NP6-905-CD cdr.00012301.0000000000000000.20260924.011702312.SPPHLZNP6905_20260924_0115_csv.zip published 2026-09-24T06:17:02Z rows 5 https://www.ercot.com/misdownload/servlets/mirDownload?doclookupId=1278278641
    ercot:NP6-905-CD cdr.00012301.0000000000000000.20260924.013202409.SPPHLZNP6905_20260924_0130_csv.zip published 2026-09-24T06:32:02Z rows 5 https://www.ercot.com/misdownload/servlets/mirDownload?doclookupId=1278282011
    ercot:NP6-905-CD cdr.00012301.0000000000000000.20260924.014702293.SPPHLZNP6905_20260924_0145_csv.zip published 2026-09-24T06:47:02Z rows 5 https://www.ercot.com/misdownload/servlets/mirDownload?doclookupId=1278286011
    ercot:NP6-905-CD cdr.00012301.0000000000000000.20260924.020202379.SPPHLZNP6905_20260924_0200_csv.zip published 2026-09-24T07:02:02Z rows 5 https://www.ercot.com/misdownload/servlets/mirDownload?doclookupId=1278289882
    ercot:NP6-905-CD cdr.00012301.0000000000000000.20260924.021702215.SPPHLZNP6905_20260924_0215_csv.zip published 2026-09-24T07:17:02Z rows 5 https://www.ercot.com/misdownload/servlets/mirDownload?doclookupId=1278289459
    ercot:NP6-905-CD cdr.00012301.0000000000000000.20260924.023202355.SPPHLZNP6905_20260924_0230_csv.zip published 2026-09-24T07:32:01Z rows 5 https://www.ercot.com/misdownload/servlets/mirDownload?doclookupId=1278297165
    ercot:NP6-905-CD cdr.00012301.0000000000000000.20260924.024702263.SPPHLZNP6905_20260924_0245_csv.zip published 2026-09-24T07:47:02Z rows 5 https://www.ercot.com/misdownload/servlets/mirDownload?doclookupId=1278300902
    ercot:NP6-905-CD cdr.00012301.0000000000000000.20260924.030202400.SPPHLZNP6905_20260924_0300_csv.zip published 2026-09-24T08:02:02Z rows 5 https://www.ercot.com/misdownload/servlets/mirDownload?doclookupId=1278300815
    ercot:NP6-905-CD cdr.00012301.0000000000000000.20260924.031702127.SPPHLZNP6905_20260924_0315_csv.zip published 2026-09-24T08:17:01Z rows 5 https://www.ercot.com/misdownload/servlets/mirDownload?doclookupId=1278308771
    ercot:NP6-905-CD cdr.00012301.0000000000000000.20260924.033202273.SPPHLZNP6905_20260924_0330_csv.zip published 2026-09-24T08:32:02Z rows 5 https://www.ercot.com/misdownload/servlets/mirDownload?doclookupId=1278312352
    ercot:NP6-905-CD cdr.00012301.0000000000000000.20260924.034702216.SPPHLZNP6905_20260924_0345_csv.zip published 2026-09-24T08:47:02Z rows 5 https://www.ercot.com/misdownload/servlets/mirDownload?doclookupId=1278315874
    ercot:NP6-905-CD cdr.00012301.0000000000000000.20260924.040202527.SPPHLZNP6905_20260924_0400_csv.zip published 2026-09-24T09:02:02Z rows 5 https://www.ercot.com/misdownload/servlets/mirDownload?doclookupId=1278319653
    ercot:NP6-905-CD cdr.00012301.0000000000000000.20260924.041702136.SPPHLZNP6905_20260924_0415_csv.zip published 2026-09-24T09:17:01Z rows 5 https://www.ercot.com/misdownload/servlets/mirDownload?doclookupId=1278323803
    ercot:NP6-905-CD cdr.00012301.0000000000000000.20260924.043202212.SPPHLZNP6905_20260924_0430_csv.zip published 2026-09-24T09:32:01Z rows 5 https://www.ercot.com/misdownload/servlets/mirDownload?doclookupId=1278327272
    ercot:NP6-905-CD cdr.00012301.0000000000000000.20260924.044702218.SPPHLZNP6905_20260924_0445_csv.zip published 2026-09-24T09:47:02Z rows 5 https://www.ercot.com/misdownload/servlets/mirDownload?doclookupId=1278330826
    ercot:NP6-905-CD cdr.00012301.0000000000000000.20260924.050202231.SPPHLZNP6905_20260924_0500_csv.zip published 2026-09-24T10:02:01Z rows 5 https://www.ercot.com/misdownload/servlets/mirDownload?doclookupId=1278334808
    ercot:NP6-905-CD cdr.00012301.0000000000000000.20260924.051702028.SPPHLZNP6905_20260924_0515_csv.zip published 2026-09-24T10:17:01Z rows 5 https://www.ercot.com/misdownload/servlets/mirDownload?doclookupId=1278342163
    ercot:NP6-905-CD cdr.00012301.0000000000000000.20260924.053202316.SPPHLZNP6905_20260924_0530_csv.zip published 2026-09-24T10:32:02Z rows 5 https://www.ercot.com/misdownload/servlets/mirDownload?doclookupId=1278345881
    ercot:NP6-905-CD cdr.00012301.0000000000000000.20260924.054702266.SPPHLZNP6905_20260924_0545_csv.zip published 2026-09-24T10:47:02Z rows 5 https://www.ercot.com/misdownload/servlets/mirDownload?doclookupId=1278349763
    ercot:NP6-905-CD cdr.00012301.0000000000000000.20260924.060202565.SPPHLZNP6905_20260924_0600_csv.zip published 2026-09-24T11:02:01Z rows 5 https://www.ercot.com/misdownload/servlets/mirDownload?doclookupId=1278354947
    ercot:NP6-905-CD cdr.00012301.0000000000000000.20260924.061702353.SPPHLZNP6905_20260924_0615_csv.zip published 2026-09-24T11:17:01Z rows 5 https://www.ercot.com/misdownload/servlets/mirDownload?doclookupId=1278359587
    ercot:NP6-905-CD cdr.00012301.0000000000000000.20260924.063202285.SPPHLZNP6905_20260924_0630_csv.zip published 2026-09-24T11:32:01Z rows 5 https://www.ercot.com/misdownload/servlets/mirDownload?doclookupId=1278365430
    ercot:NP6-905-CD cdr.00012301.0000000000000000.20260924.064702206.SPPHLZNP6905_20260924_0645_csv.zip published 2026-09-24T11:47:01Z rows 5 https://www.ercot.com/misdownload/servlets/mirDownload?doclookupId=1278369495
    ercot:NP6-905-CD cdr.00012301.0000000000000000.20260924.070202252.SPPHLZNP6905_20260924_0700_csv.zip published 2026-09-24T12:02:02Z rows 5 https://www.ercot.com/misdownload/servlets/mirDownload?doclookupId=1278368230
    ercot:NP6-905-CD cdr.00012301.0000000000000000.20260924.071702260.SPPHLZNP6905_20260924_0715_csv.zip published 2026-09-24T12:17:01Z rows 5 https://www.ercot.com/misdownload/servlets/mirDownload?doclookupId=1278377373
    ercot:NP6-905-CD cdr.00012301.0000000000000000.20260924.073202181.SPPHLZNP6905_20260924_0730_csv.zip published 2026-09-24T12:32:01Z rows 5 https://www.ercot.com/misdownload/servlets/mirDownload?doclookupId=1278381341
    ercot:NP6-905-CD cdr.00012301.0000000000000000.20260924.074702217.SPPHLZNP6905_20260924_0745_csv.zip published 2026-09-24T12:47:01Z rows 5 https://www.ercot.com/misdownload/servlets/mirDownload?doclookupId=1278385021
    ercot:NP6-905-CD cdr.00012301.0000000000000000.20260924.080202280.SPPHLZNP6905_20260924_0800_csv.zip published 2026-09-24T13:02:01Z rows 5 https://www.ercot.com/misdownload/servlets/mirDownload?doclookupId=1278389936
    ercot:NP6-905-CD cdr.00012301.0000000000000000.20260924.081702311.SPPHLZNP6905_20260924_0815_csv.zip published 2026-09-24T13:17:01Z rows 5 https://www.ercot.com/misdownload/servlets/mirDownload?doclookupId=1278395234
    ercot:NP6-905-CD cdr.00012301.0000000000000000.20260924.083202393.SPPHLZNP6905_20260924_0830_csv.zip published 2026-09-24T13:32:01Z rows 5 https://www.ercot.com/misdownload/servlets/mirDownload?doclookupId=1278400380
    ercot:NP6-905-CD cdr.00012301.0000000000000000.20260924.084702417.SPPHLZNP6905_20260924_0845_csv.zip published 2026-09-24T13:47:01Z rows 5 https://www.ercot.com/misdownload/servlets/mirDownload?doclookupId=1278405317
    ercot:NP6-905-CD cdr.00012301.0000000000000000.20260924.090202501.SPPHLZNP6905_20260924_0900_csv.zip published 2026-09-24T14:02:01Z rows 5 https://www.ercot.com/misdownload/servlets/mirDownload?doclookupId=1278410435
    ercot:NP6-905-CD cdr.00012301.0000000000000000.20260924.091702205.SPPHLZNP6905_20260924_0915_csv.zip published 2026-09-24T14:17:02Z rows 5 https://www.ercot.com/misdownload/servlets/mirDownload?doclookupId=1278416561
    ercot:NP6-905-CD cdr.00012301.0000000000000000.20260924.093202094.SPPHLZNP6905_20260924_0930_csv.zip published 2026-09-24T14:32:01Z rows 5 https://www.ercot.com/misdownload/servlets/mirDownload?doclookupId=1278421593
    ercot:NP6-905-CD cdr.00012301.0000000000000000.20260924.094702323.SPPHLZNP6905_20260924_0945_csv.zip published 2026-09-24T14:47:02Z rows 5 https://www.ercot.com/misdownload/servlets/mirDownload?doclookupId=1278429763
    ercot:NP6-905-CD cdr.00012301.0000000000000000.20260924.100202321.SPPHLZNP6905_20260924_1000_csv.zip published 2026-09-24T15:02:01Z rows 5 https://www.ercot.com/misdownload/servlets/mirDownload?doclookupId=1278433798
    ercot:NP6-905-CD cdr.00012301.0000000000000000.20260924.101702016.SPPHLZNP6905_20260924_1015_csv.zip published 2026-09-24T15:17:01Z rows 5 https://www.ercot.com/misdownload/servlets/mirDownload?doclookupId=1278439103
    ercot:NP6-905-CD cdr.00012301.0000000000000000.20260924.103202202.SPPHLZNP6905_20260924_1030_csv.zip published 2026-09-24T15:32:01Z rows 5 https://www.ercot.com/misdownload/servlets/mirDownload?doclookupId=1278443703
    ercot:NP6-905-CD cdr.00012301.0000000000000000.20260924.104702230.SPPHLZNP6905_20260924_1045_csv.zip published 2026-09-24T15:47:01Z rows 5 https://www.ercot.com/misdownload/servlets/mirDownload?doclookupId=1278446996
    ercot:NP6-905-CD cdr.00012301.0000000000000000.20260924.110202481.SPPHLZNP6905_20260924_1100_csv.zip published 2026-09-24T16:02:01Z rows 5 https://www.ercot.com/misdownload/servlets/mirDownload?doclookupId=1278451464
    ercot:NP6-905-CD cdr.00012301.0000000000000000.20260924.111702288.SPPHLZNP6905_20260924_1115_csv.zip published 2026-09-24T16:17:01Z rows 5 https://www.ercot.com/misdownload/servlets/mirDownload?doclookupId=1278455140
    ercot:NP6-905-CD cdr.00012301.0000000000000000.20260924.113202116.SPPHLZNP6905_20260924_1130_csv.zip published 2026-09-24T16:32:02Z rows 5 https://www.ercot.com/misdownload/servlets/mirDownload?doclookupId=1278458786
    ercot:NP6-905-CD cdr.00012301.0000000000000000.20260924.114702240.SPPHLZNP6905_20260924_1145_csv.zip published 2026-09-24T16:47:01Z rows 5 https://www.ercot.com/misdownload/servlets/mirDownload?doclookupId=1278463142
    ercot:NP6-905-CD cdr.00012301.0000000000000000.20260924.120202371.SPPHLZNP6905_20260924_1200_csv.zip published 2026-09-24T17:02:02Z rows 5 https://www.ercot.com/misdownload/servlets/mirDownload?doclookupId=1278467032
    ercot:NP6-905-CD cdr.00012301.0000000000000000.20260924.121702443.SPPHLZNP6905_20260924_1215_csv.zip published 2026-09-24T17:17:02Z rows 5 https://www.ercot.com/misdownload/servlets/mirDownload?doclookupId=1278470674
    ercot:NP6-905-CD cdr.00012301.0000000000000000.20260924.123202479.SPPHLZNP6905_20260924_1230_csv.zip published 2026-09-24T17:32:01Z rows 5 https://www.ercot.com/misdownload/servlets/mirDownload?doclookupId=1278474635
    ercot:NP6-905-CD cdr.00012301.0000000000000000.20260924.124702406.SPPHLZNP6905_20260924_1245_csv.zip published 2026-09-24T17:47:01Z rows 5 https://www.ercot.com/misdownload/servlets/mirDownload?doclookupId=1278478259
    ercot:NP6-905-CD cdr.00012301.0000000000000000.20260924.130202515.SPPHLZNP6905_20260924_1300_csv.zip published 2026-09-24T18:02:02Z rows 5 https://www.ercot.com/misdownload/servlets/mirDownload?doclookupId=1278483585
    ercot:NP6-905-CD cdr.00012301.0000000000000000.20260924.131703190.SPPHLZNP6905_20260924_1315_csv.zip published 2026-09-24T18:17:02Z rows 5 https://www.ercot.com/misdownload/servlets/mirDownload?doclookupId=1278487282
    ercot:NP6-905-CD cdr.00012301.0000000000000000.20260924.133202313.SPPHLZNP6905_20260924_1330_csv.zip published 2026-09-24T18:32:02Z rows 5 https://www.ercot.com/misdownload/servlets/mirDownload?doclookupId=1278493387
    ercot:NP6-905-CD cdr.00012301.0000000000000000.20260924.134702236.SPPHLZNP6905_20260924_1345_csv.zip published 2026-09-24T18:47:01Z rows 5 https://www.ercot.com/misdownload/servlets/mirDownload?doclookupId=1278497602
    ercot:NP6-905-CD cdr.00012301.0000000000000000.20260924.140202282.SPPHLZNP6905_20260924_1400_csv.zip published 2026-09-24T19:02:01Z rows 5 https://www.ercot.com/misdownload/servlets/mirDownload?doclookupId=1278501684
    ercot:NP6-905-CD cdr.00012301.0000000000000000.20260924.141702280.SPPHLZNP6905_20260924_1415_csv.zip published 2026-09-24T19:17:02Z rows 5 https://www.ercot.com/misdownload/servlets/mirDownload?doclookupId=1278505434
    ercot:NP6-905-CD cdr.00012301.0000000000000000.20260924.143202475.SPPHLZNP6905_20260924_1430_csv.zip published 2026-09-24T19:32:01Z rows 5 https://www.ercot.com/misdownload/servlets/mirDownload?doclookupId=1278511117
    ercot:NP6-905-CD cdr.00012301.0000000000000000.20260924.144702278.SPPHLZNP6905_20260924_1445_csv.zip published 2026-09-24T19:47:01Z rows 5 https://www.ercot.com/misdownload/servlets/mirDownload?doclookupId=1278515419
    ercot:NP6-905-CD cdr.00012301.0000000000000000.20260924.150202346.SPPHLZNP6905_20260924_1500_csv.zip published 2026-09-24T20:02:02Z rows 5 https://www.ercot.com/misdownload/servlets/mirDownload?doclookupId=1278519465
    ercot:NP6-905-CD cdr.00012301.0000000000000000.20260924.151702350.SPPHLZNP6905_20260924_1515_csv.zip published 2026-09-24T20:17:01Z rows 5 https://www.ercot.com/misdownload/servlets/mirDownload?doclookupId=1278523529
    ercot:NP6-905-CD cdr.00012301.0000000000000000.20260924.153202456.SPPHLZNP6905_20260924_1530_csv.zip published 2026-09-24T20:32:02Z rows 5 https://www.ercot.com/misdownload/servlets/mirDownload?doclookupId=1278527186
    ercot:NP6-905-CD cdr.00012301.0000000000000000.20260924.154702387.SPPHLZNP6905_20260924_1545_csv.zip published 2026-09-24T20:47:01Z rows 5 https://www.ercot.com/misdownload/servlets/mirDownload?doclookupId=1278530953
    ercot:NP6-905-CD cdr.00012301.0000000000000000.20260924.160202304.SPPHLZNP6905_20260924_1600_csv.zip published 2026-09-24T21:02:01Z rows 5 https://www.ercot.com/misdownload/servlets/mirDownload?doclookupId=1278535149
    ercot:NP6-905-CD cdr.00012301.0000000000000000.20260924.161702240.SPPHLZNP6905_20260924_1615_csv.zip published 2026-09-24T21:17:01Z rows 5 https://www.ercot.com/misdownload/servlets/mirDownload?doclookupId=1278538852
    ercot:NP6-905-CD cdr.00012301.0000000000000000.20260924.163202557.SPPHLZNP6905_20260924_1630_csv.zip published 2026-09-24T21:32:01Z rows 5 https://www.ercot.com/misdownload/servlets/mirDownload?doclookupId=1278534922
    ercot:NP6-905-CD cdr.00012301.0000000000000000.20260924.164702248.SPPHLZNP6905_20260924_1645_csv.zip published 2026-09-24T21:47:01Z rows 5 https://www.ercot.com/misdownload/servlets/mirDownload?doclookupId=1278545997
    ercot:NP6-905-CD cdr.00012301.0000000000000000.20260924.170202263.SPPHLZNP6905_20260924_1700_csv.zip published 2026-09-24T22:02:01Z rows 5 https://www.ercot.com/misdownload/servlets/mirDownload?doclookupId=1278551472
    ercot:NP6-905-CD cdr.00012301.0000000000000000.20260924.171702225.SPPHLZNP6905_20260924_1715_csv.zip published 2026-09-24T22:17:01Z rows 5 https://www.ercot.com/misdownload/servlets/mirDownload?doclookupId=1278552989
    ercot:NP6-905-CD cdr.00012301.0000000000000000.20260924.173202235.SPPHLZNP6905_20260924_1730_csv.zip published 2026-09-24T22:32:01Z rows 5 https://www.ercot.com/misdownload/servlets/mirDownload?doclookupId=1278559277
    ercot:NP6-905-CD cdr.00012301.0000000000000000.20260924.174702279.SPPHLZNP6905_20260924_1745_csv.zip published 2026-09-24T22:47:01Z rows 5 https://www.ercot.com/misdownload/servlets/mirDownload?doclookupId=1278563004
    ercot:NP6-905-CD cdr.00012301.0000000000000000.20260924.180202673.SPPHLZNP6905_20260924_1800_csv.zip published 2026-09-24T23:02:01Z rows 5 https://www.ercot.com/misdownload/servlets/mirDownload?doclookupId=1278567146
    ercot:NP6-905-CD cdr.00012301.0000000000000000.20260924.181702232.SPPHLZNP6905_20260924_1815_csv.zip published 2026-09-24T23:17:01Z rows 5 https://www.ercot.com/misdownload/servlets/mirDownload?doclookupId=1278570708
    ercot:NP6-905-CD cdr.00012301.0000000000000000.20260924.183202430.SPPHLZNP6905_20260924_1830_csv.zip published 2026-09-24T23:32:01Z rows 5 https://www.ercot.com/misdownload/servlets/mirDownload?doclookupId=1278574726
    ercot:NP6-905-CD cdr.00012301.0000000000000000.20260924.184702254.SPPHLZNP6905_20260924_1845_csv.zip published 2026-09-24T23:47:01Z rows 5 https://www.ercot.com/misdownload/servlets/mirDownload?doclookupId=1278578250
    ercot:NP6-905-CD cdr.00012301.0000000000000000.20260924.190202441.SPPHLZNP6905_20260924_1900_csv.zip published 2026-09-25T00:02:01Z rows 5 https://www.ercot.com/misdownload/servlets/mirDownload?doclookupId=1278582419
    ercot:NP6-905-CD cdr.00012301.0000000000000000.20260924.191702210.SPPHLZNP6905_20260924_1915_csv.zip published 2026-09-25T00:17:01Z rows 5 https://www.ercot.com/misdownload/servlets/mirDownload?doclookupId=1278586999
    ercot:NP6-905-CD cdr.00012301.0000000000000000.20260924.193202297.SPPHLZNP6905_20260924_1930_csv.zip published 2026-09-25T00:32:02Z rows 5 https://www.ercot.com/misdownload/servlets/mirDownload?doclookupId=1278590711
    ercot:NP6-905-CD cdr.00012301.0000000000000000.20260924.194702340.SPPHLZNP6905_20260924_1945_csv.zip published 2026-09-25T00:47:01Z rows 5 https://www.ercot.com/misdownload/servlets/mirDownload?doclookupId=1278594614
    ercot:NP6-905-CD cdr.00012301.0000000000000000.20260924.200202228.SPPHLZNP6905_20260924_2000_csv.zip published 2026-09-25T01:02:01Z rows 5 https://www.ercot.com/misdownload/servlets/mirDownload?doclookupId=1278598876
    ercot:NP6-905-CD cdr.00012301.0000000000000000.20260924.201702252.SPPHLZNP6905_20260924_2015_csv.zip published 2026-09-25T01:17:01Z rows 5 https://www.ercot.com/misdownload/servlets/mirDownload?doclookupId=1278603183
    ercot:NP6-905-CD cdr.00012301.0000000000000000.20260924.203202564.SPPHLZNP6905_20260924_2030_csv.zip published 2026-09-25T01:32:01Z rows 5 https://www.ercot.com/misdownload/servlets/mirDownload?doclookupId=1278607280
    ercot:NP6-905-CD cdr.00012301.0000000000000000.20260924.204702199.SPPHLZNP6905_20260924_2045_csv.zip published 2026-09-25T01:47:01Z rows 5 https://www.ercot.com/misdownload/servlets/mirDownload?doclookupId=1278611173
    ercot:NP6-905-CD cdr.00012301.0000000000000000.20260924.210202346.SPPHLZNP6905_20260924_2100_csv.zip published 2026-09-25T02:02:01Z rows 5 https://www.ercot.com/misdownload/servlets/mirDownload?doclookupId=1278607575
    ercot:NP6-905-CD cdr.00012301.0000000000000000.20260924.211702213.SPPHLZNP6905_20260924_2115_csv.zip published 2026-09-25T02:17:01Z rows 5 https://www.ercot.com/misdownload/servlets/mirDownload?doclookupId=1278618919
    ercot:NP6-905-CD cdr.00012301.0000000000000000.20260924.213202371.SPPHLZNP6905_20260924_2130_csv.zip published 2026-09-25T02:32:01Z rows 5 https://www.ercot.com/misdownload/servlets/mirDownload?doclookupId=1278622564
    ercot:NP6-905-CD cdr.00012301.0000000000000000.20260924.214701992.SPPHLZNP6905_20260924_2145_csv.zip published 2026-09-25T02:47:01Z rows 5 https://www.ercot.com/misdownload/servlets/mirDownload?doclookupId=1278626369
    ercot:NP6-905-CD cdr.00012301.0000000000000000.20260924.220203349.SPPHLZNP6905_20260924_2200_csv.zip published 2026-09-25T03:02:03Z rows 5 https://www.ercot.com/misdownload/servlets/mirDownload?doclookupId=1278630267
    ercot:NP6-905-CD cdr.00012301.0000000000000000.20260924.221702207.SPPHLZNP6905_20260924_2215_csv.zip published 2026-09-25T03:17:02Z rows 5 https://www.ercot.com/misdownload/servlets/mirDownload?doclookupId=1278634329
    ercot:NP6-905-CD cdr.00012301.0000000000000000.20260924.223202308.SPPHLZNP6905_20260924_2230_csv.zip published 2026-09-25T03:32:02Z rows 5 https://www.ercot.com/misdownload/servlets/mirDownload?doclookupId=1278638915
    ercot:NP6-905-CD cdr.00012301.0000000000000000.20260924.224702261.SPPHLZNP6905_20260924_2245_csv.zip published 2026-09-25T03:47:01Z rows 5 https://www.ercot.com/misdownload/servlets/mirDownload?doclookupId=1278642717
    ercot:NP6-905-CD cdr.00012301.0000000000000000.20260924.230202337.SPPHLZNP6905_20260924_2300_csv.zip published 2026-09-25T04:02:02Z rows 5 https://www.ercot.com/misdownload/servlets/mirDownload?doclookupId=1278647016
    ercot:NP6-905-CD cdr.00012301.0000000000000000.20260924.231702287.SPPHLZNP6905_20260924_2315_csv.zip published 2026-09-25T04:17:01Z rows 5 https://www.ercot.com/misdownload/servlets/mirDownload?doclookupId=1278650752
    ercot:NP6-905-CD cdr.00012301.0000000000000000.20260924.233202025.SPPHLZNP6905_20260924_2330_csv.zip published 2026-09-25T04:32:01Z rows 5 https://www.ercot.com/misdownload/servlets/mirDownload?doclookupId=1278654165
    ercot:NP6-905-CD cdr.00012301.0000000000000000.20260924.234702241.SPPHLZNP6905_20260924_2345_csv.zip published 2026-09-25T04:47:02Z rows 5 https://www.ercot.com/misdownload/servlets/mirDownload?doclookupId=1278658211
    ercot:NP6-905-CD cdr.00012301.0000000000000000.20260925.000202398.SPPHLZNP6905_20260925_0000_csv.zip published 2026-09-25T05:02:02Z rows 5 https://www.ercot.com/misdownload/servlets/mirDownload?doclookupId=1278662263
  ercot_rtm_hub_prices.csv: rows=14400 range=2026-08-26T05:00:00Z..2026-09-25T04:45:00Z nodes=HB_BUSAVG,HB_HOUSTON,HB_NORTH,HB_SOUTH,HB_WEST min=-72.18 max=795.33 USD/MWh
done, failures=0
